0,1,2,3,4,5,6,7,8,9,10,11,12,13,14,15,16,17
2024,Bihar,ARARIA - BR38( 30-JAN-2018 ),1,AGRICULTURAL TRACTOR,6,6,6,8,,,,,,,,,26
2024,Bihar,ARARIA - BR38( 30-JAN-2018 ),2,BUS,0,1,2,2,,,,,,,,,5
2024,Bihar,ARARIA - BR38( 30-JAN-2018 ),3,E-RICKSHAW(P),175,168,189,100,,,,,,,,,632
2024,Bihar,ARARIA - BR38( 30-JAN-2018 ),4,E-RICKSHAW WITH CART (G),0,0,2,1,,,,,,,,,3
2024,Bihar,ARARIA - BR38( 30-JAN-2018 ),5,GOODS CARRIER,21,13,17,9,,,,,,,,,60
2024,Bihar,ARARIA - BR38( 30-JAN-2018 ),6,MAXI CAB,2,3,2,3,,,,,,,,,10
2024,Bihar,ARARIA - BR38( 30-JAN-2018 ),7,M-CYCLE/SCOOTER,"2,474","2,786","3,231","1,526",,,,,,,,,"10,017"
2024,Bihar,ARARIA - BR38( 30-JAN-2018 ),8,M-CYCLE/SCOOTER-WITH SIDE CAR,3,1,1,1,,,,,,,,,6
2024,Bihar,ARARIA - BR38( 30-JAN-2018 ),9,MOPED,1,0,0,0,,,,,,,,,1
2024,Bihar,ARARIA - BR38( 30-JAN-2018 ),10,MOTOR CAB,0,2,4,1,,,,,,,,,7
2024,Bihar,ARARIA - BR38( 30-JAN-2018 ),11,MOTOR CAR,100,75,96,53,,,,,,,,,324
2024,Bihar,ARARIA - BR38( 30-JAN-2018 ),12,OMNI BUS (PRIVATE USE),1,0,0,0,,,,,,,,,1
2024,Bihar,ARARIA - BR38( 30-JAN-2018 ),13,THREE WHEELER (GOODS),3,3,10,5,,,,,,,,,21
2024,Bihar,ARARIA - BR38( 30-JAN-2018 ),14,THREE WHEELER (PASSENGER),35,24,42,19,,,,,,,,,120
2024,Bihar,ARARIA - BR38( 30-JAN-2018 ),15,TRACTOR (COMMERCIAL),65,33,54,16,,,,,,,,,168
2024,Bihar,ARAWAL - BR56( 22-MAY-2017 ),1,AGRICULTURAL TRACTOR,17,11,8,3,,,,,,,,,39
2024,Bihar,ARAWAL - BR56( 22-MAY-2017 ),2,CONSTRUCTION EQUIPMENT VEHICLE,1,1,3,0,,,,,,,,,5
2024,Bihar,ARAWAL - BR56( 22-MAY-2017 ),3,E-RICKSHAW(P),4,4,3,3,,,,,,,,,14
2024,Bihar,ARAWAL - BR56( 22-MAY-2017 ),4,GOODS CARRIER,4,2,3,0,,,,,,,,,9
2024,Bihar,ARAWAL - BR56( 22-MAY-2017 ),5,M-CYCLE/SCOOTER,213,289,422,251,,,,,,,,,"1,175"
2024,Bihar,ARAWAL - BR56( 22-MAY-2017 ),6,M-CYCLE/SCOOTER-WITH SIDE CAR,0,0,0,2,,,,,,,,,2
2024,Bihar,ARAWAL - BR56( 22-MAY-2017 ),7,MOPED,60,57,44,27,,,,,,,,,188
2024,Bihar,ARAWAL - BR56( 22-MAY-2017 ),8,MOTOR CAR,9,7,3,3,,,,,,,,,22
2024,Bihar,ARAWAL - BR56( 22-MAY-2017 ),9,OMNI BUS,0,1,0,0,,,,,,,,,1
2024,Bihar,ARAWAL - BR56( 22-MAY-2017 ),10,THREE WHEELER (GOODS),3,6,2,1,,,,,,,,,12
2024,Bihar,ARAWAL - BR56( 22-MAY-2017 ),11,THREE WHEELER (PASSENGER),4,6,6,1,,,,,,,,,17
2024,Bihar,ARAWAL - BR56( 22-MAY-2017 ),12,TRACTOR (COMMERCIAL),5,12,8,6,,,,,,,,,31
2024,Bihar,ARAWAL - BR56( 22-MAY-2017 ),13,TRAILER (AGRICULTURAL),1,0,0,0,,,,,,,,,1
2024,Bihar,ARAWAL - BR56( 22-MAY-2017 ),14,TRAILER (COMMERCIAL),18,6,7,9,,,,,,,,,40
2024,Bihar,AURANGABAD - BR26( 13-JUN-2017 ),1,AGRICULTURAL TRACTOR,78,45,56,23,,,,,,,,,202
2024,Bihar,AURANGABAD - BR26( 13-JUN-2017 ),2,ARTICULATED VEHICLE,1,0,0,0,,,,,,,,,1
2024,Bihar,AURANGABAD - BR26( 13-JUN-2017 ),3,BUS,0,7,5,2,,,,,,,,,14
2024,Bihar,AURANGABAD - BR26( 13-JUN-2017 ),4,CONSTRUCTION EQUIPMENT VEHICLE,0,2,3,0,,,,,,,,,5
2024,Bihar,AURANGABAD - BR26( 13-JUN-2017 ),5,E-RICKSHAW(P),99,89,114,65,,,,,,,,,367
2024,Bihar,AURANGABAD - BR26( 13-JUN-2017 ),6,E-RICKSHAW WITH CART (G),0,0,5,1,,,,,,,,,6
2024,Bihar,AURANGABAD - BR26( 13-JUN-2017 ),7,GOODS CARRIER,70,57,60,26,,,,,,,,,213
2024,Bihar,AURANGABAD - BR26( 13-JUN-2017 ),8,HARVESTER,0,1,0,2,,,,,,,,,3
2024,Bihar,AURANGABAD - BR26( 13-JUN-2017 ),9,MAXI CAB,2,0,4,1,,,,,,,,,7
2024,Bihar,AURANGABAD - BR26( 13-JUN-2017 ),10,M-CYCLE/SCOOTER,"1,126","1,400","2,091","1,842",,,,,,,,,"6,459"
2024,Bihar,AURANGABAD - BR26( 13-JUN-2017 ),11,M-CYCLE/SCOOTER-WITH SIDE CAR,0,1,0,2,,,,,,,,,3
2024,Bihar,AURANGABAD - BR26( 13-JUN-2017 ),12,MOPED,87,63,85,43,,,,,,,,,278
2024,Bihar,AURANGABAD - BR26( 13-JUN-2017 ),13,MOTOR CAB,3,6,3,2,,,,,,,,,14
2024,Bihar,AURANGABAD - BR26( 13-JUN-2017 ),14,MOTOR CAR,73,102,105,61,,,,,,,,,341
2024,Bihar,AURANGABAD - BR26( 13-JUN-2017 ),15,THREE WHEELER (GOODS),3,9,12,3,,,,,,,,,27
2024,Bihar,AURANGABAD - BR26( 13-JUN-2017 ),16,THREE WHEELER (PASSENGER),42,45,42,21,,,,,,,,,150
2024,Bihar,AURANGABAD - BR26( 13-JUN-2017 ),17,TRACTOR (COMMERCIAL),27,28,27,18,,,,,,,,,100
2024,Bihar,AURANGABAD - BR26( 13-JUN-2017 ),18,TRAILER (COMMERCIAL),7,21,6,1,,,,,,,,,35
2024,Bihar,BANKA - BR51( 06-FEB-2018 ),1,AGRICULTURAL TRACTOR,0,0,4,1,,,,,,,,,5
2024,Bihar,BANKA - BR51( 06-FEB-2018 ),2,BUS,0,1,2,1,,,,,,,,,4
2024,Bihar,BANKA - BR51( 06-FEB-2018 ),3,CONSTRUCTION EQUIPMENT VEHICLE,0,0,1,0,,,,,,,,,1
2024,Bihar,BANKA - BR51( 06-FEB-2018 ),4,E-RICKSHAW(P),97,87,85,38,,,,,,,,,307
2024,Bihar,BANKA - BR51( 06-FEB-2018 ),5,GOODS CARRIER,20,16,19,19,,,,,,,,,74
2024,Bihar,BANKA - BR51( 06-FEB-2018 ),6,HARVESTER,0,0,0,1,,,,,,,,,1
2024,Bihar,BANKA - BR51( 06-FEB-2018 ),7,MAXI CAB,0,0,0,1,,,,,,,,,1
2024,Bihar,BANKA - BR51( 06-FEB-2018 ),8,M-CYCLE/SCOOTER,761,773,922,965,,,,,,,,,"3,421"
2024,Bihar,BANKA - BR51( 06-FEB-2018 ),9,M-CYCLE/SCOOTER-WITH SIDE CAR,1,1,0,0,,,,,,,,,2
2024,Bihar,BANKA - BR51( 06-FEB-2018 ),10,MOPED,9,6,10,4,,,,,,,,,29
2024,Bihar,BANKA - BR51( 06-FEB-2018 ),11,MOTOR CAB,2,1,0,0,,,,,,,,,3
2024,Bihar,BANKA - BR51( 06-FEB-2018 ),12,MOTOR CAR,20,21,21,16,,,,,,,,,78
2024,Bihar,BANKA - BR51( 06-FEB-2018 ),13,THREE WHEELER (GOODS),3,4,3,0,,,,,,,,,10
2024,Bihar,BANKA - BR51( 06-FEB-2018 ),14,THREE WHEELER (PASSENGER),6,9,5,2,,,,,,,,,22
2024,Bihar,BANKA - BR51( 06-FEB-2018 ),15,TRACTOR (COMMERCIAL),24,18,35,7,,,,,,,,,84
2024,Bihar,BANKA - BR51( 06-FEB-2018 ),16,TRAILER (COMMERCIAL),10,12,10,22,,,,,,,,,54
2024,Bihar,BEGUSARAI - BR9( 23-JAN-2018 ),1,AGRICULTURAL TRACTOR,14,32,26,27,,,,,,,,,99
2024,Bihar,BEGUSARAI - BR9( 23-JAN-2018 ),2,AMBULANCE,1,0,0,0,,,,,,,,,1
2024,Bihar,BEGUSARAI - BR9( 23-JAN-2018 ),3,BUS,2,4,5,0,,,,,,,,,11
2024,Bihar,BEGUSARAI - BR9( 23-JAN-2018 ),4,CONSTRUCTION EQUIPMENT VEHICLE,7,6,9,4,,,,,,,,,26
2024,Bihar,BEGUSARAI - BR9( 23-JAN-2018 ),5,E-RICKSHAW(P),177,177,154,125,,,,,,,,,633
2024,Bihar,BEGUSARAI - BR9( 23-JAN-2018 ),6,E-RICKSHAW WITH CART (G),0,2,3,0,,,,,,,,,5
2024,Bihar,BEGUSARAI - BR9( 23-JAN-2018 ),7,GOODS CARRIER,79,54,77,66,,,,,,,,,276
2024,Bihar,BEGUSARAI - BR9( 23-JAN-2018 ),8,MAXI CAB,0,0,4,0,,,,,,,,,4
2024,Bihar,BEGUSARAI - BR9( 23-JAN-2018 ),9,M-CYCLE/SCOOTER,"1,471","1,911","2,443","2,124",,,,,,,,,"7,949"
2024,Bihar,BEGUSARAI - BR9( 23-JAN-2018 ),10,M-CYCLE/SCOOTER-WITH SIDE CAR,1,1,2,3,,,,,,,,,7
2024,Bihar,BEGUSARAI - BR9( 23-JAN-2018 ),11,MOTOR CAB,4,9,2,2,,,,,,,,,17
2024,Bihar,BEGUSARAI - BR9( 23-JAN-2018 ),12,MOTOR CAR,181,193,202,141,,,,,,,,,717
2024,Bihar,BEGUSARAI - BR9( 23-JAN-2018 ),13,OMNI BUS,0,0,1,0,,,,,,,,,1
2024,Bihar,BEGUSARAI - BR9( 23-JAN-2018 ),14,OMNI BUS (PRIVATE USE),1,0,0,0,,,,,,,,,1
2024,Bihar,BEGUSARAI - BR9( 23-JAN-2018 ),15,THREE WHEELER (GOODS),6,3,13,6,,,,,,,,,28
2024,Bihar,BEGUSARAI - BR9( 23-JAN-2018 ),16,THREE WHEELER (PASSENGER),47,48,37,21,,,,,,,,,153
2024,Bihar,BEGUSARAI - BR9( 23-JAN-2018 ),17,TRACTOR (COMMERCIAL),21,30,36,13,,,,,,,,,100
2024,Bihar,BEGUSARAI - BR9( 23-JAN-2018 ),18,TRAILER (AGRICULTURAL),26,6,16,0,,,,,,,,,48
2024,Bihar,BEGUSARAI - BR9( 23-JAN-2018 ),19,TRAILER (COMMERCIAL),54,15,31,2,,,,,,,,,102
2024,Bihar,BETTIAH - BR22( 22-SEP-2017 ),1,ADAPTED VEHICLE,0,0,1,0,,,,,,,,,1
2024,Bihar,BETTIAH - BR22( 22-SEP-2017 ),2,AGRICULTURAL TRACTOR,135,85,92,59,,,,,,,,,371
2024,Bihar,BETTIAH - BR22( 22-SEP-2017 ),3,BUS,1,3,0,1,,,,,,,,,5
2024,Bihar,BETTIAH - BR22( 22-SEP-2017 ),4,CONSTRUCTION EQUIPMENT VEHICLE,1,2,6,2,,,,,,,,,11
2024,Bihar,BETTIAH - BR22( 22-SEP-2017 ),5,E-RICKSHAW(P),221,132,128,83,,,,,,,,,564
2024,Bihar,BETTIAH - BR22( 22-SEP-2017 ),6,E-RICKSHAW WITH CART (G),3,2,0,2,,,,,,,,,7
2024,Bihar,BETTIAH - BR22( 22-SEP-2017 ),7,GOODS CARRIER,28,23,30,10,,,,,,,,,91
2024,Bihar,BETTIAH - BR22( 22-SEP-2017 ),8,HARVESTER,0,0,2,0,,,,,,,,,2
2024,Bihar,BETTIAH - BR22( 22-SEP-2017 ),9,MAXI CAB,2,0,0,0,,,,,,,,,2
2024,Bihar,BETTIAH - BR22( 22-SEP-2017 ),10,M-CYCLE/SCOOTER,"3,401","3,617","4,428","2,751",,,,,,,,,"14,197"
2024,Bihar,BETTIAH - BR22( 22-SEP-2017 ),11,M-CYCLE/SCOOTER-WITH SIDE CAR,3,1,2,3,,,,,,,,,9
2024,Bihar,BETTIAH - BR22( 22-SEP-2017 ),12,MOPED,23,34,46,13,,,,,,,,,116
2024,Bihar,BETTIAH - BR22( 22-SEP-2017 ),13,MOTOR CAB,1,3,2,0,,,,,,,,,6
2024,Bihar,BETTIAH - BR22( 22-SEP-2017 ),14,MOTOR CAR,145,140,161,68,,,,,,,,,514
2024,Bihar,BETTIAH - BR22( 22-SEP-2017 ),15,OMNI BUS,0,0,0,1,,,,,,,,,1
2024,Bihar,BETTIAH - BR22( 22-SEP-2017 ),16,OMNI BUS (PRIVATE USE),1,0,0,0,,,,,,,,,1
2024,Bihar,BETTIAH - BR22( 22-SEP-2017 ),17,THREE WHEELER (GOODS),1,1,4,0,,,,,,,,,6
2024,Bihar,BETTIAH - BR22( 22-SEP-2017 ),18,THREE WHEELER (PASSENGER),31,29,38,8,,,,,,,,,106
2024,Bihar,BETTIAH - BR22( 22-SEP-2017 ),19,TRACTOR (COMMERCIAL),20,15,20,13,,,,,,,,,68
2024,Bihar,BETTIAH - BR22( 22-SEP-2017 ),20,TRAILER (AGRICULTURAL),0,1,0,0,,,,,,,,,1
2024,Bihar,BETTIAH - BR22( 22-SEP-2017 ),21,TRAILER (COMMERCIAL),4,6,1,2,,,,,,,,,13
2024,Bihar,BHABHUA - BR45( 23-JAN-2018 ),1,AGRICULTURAL TRACTOR,54,46,40,20,,,,,,,,,160
2024,Bihar,BHABHUA - BR45( 23-JAN-2018 ),2,ARTICULATED VEHICLE,1,0,0,0,,,,,,,,,1
2024,Bihar,BHABHUA - BR45( 23-JAN-2018 ),3,BUS,3,6,3,4,,,,,,,,,16
2024,Bihar,BHABHUA - BR45( 23-JAN-2018 ),4,CONSTRUCTION EQUIPMENT VEHICLE,3,2,0,1,,,,,,,,,6
2024,Bihar,BHABHUA - BR45( 23-JAN-2018 ),5,E-RICKSHAW(P),61,61,92,43,,,,,,,,,257
2024,Bihar,BHABHUA - BR45( 23-JAN-2018 ),6,GOODS CARRIER,76,71,32,19,,,,,,,,,198
2024,Bihar,BHABHUA - BR45( 23-JAN-2018 ),7,HARVESTER,0,1,3,3,,,,,,,,,7
2024,Bihar,BHABHUA - BR45( 23-JAN-2018 ),8,MAXI CAB,1,1,1,1,,,,,,,,,4
2024,Bihar,BHABHUA - BR45( 23-JAN-2018 ),9,M-CYCLE/SCOOTER,731,736,974,690,,,,,,,,,"3,131"
2024,Bihar,BHABHUA - BR45( 23-JAN-2018 ),10,M-CYCLE/SCOOTER-WITH SIDE CAR,0,1,2,0,,,,,,,,,3
2024,Bihar,BHABHUA - BR45( 23-JAN-2018 ),11,MOPED,56,39,39,24,,,,,,,,,158
2024,Bihar,BHABHUA - BR45( 23-JAN-2018 ),12,MOTOR CAB,0,0,2,0,,,,,,,,,2
2024,Bihar,BHABHUA - BR45( 23-JAN-2018 ),13,MOTOR CAR,27,46,27,29,,,,,,,,,129
2024,Bihar,BHABHUA - BR45( 23-JAN-2018 ),14,OMNI BUS,0,0,1,3,,,,,,,,,4
2024,Bihar,BHABHUA - BR45( 23-JAN-2018 ),15,THREE WHEELER (GOODS),0,1,4,3,,,,,,,,,8
2024,Bihar,BHABHUA - BR45( 23-JAN-2018 ),16,THREE WHEELER (PASSENGER),55,30,30,26,,,,,,,,,141
2024,Bihar,BHABHUA - BR45( 23-JAN-2018 ),17,TRACTOR (COMMERCIAL),6,1,5,2,,,,,,,,,14
2024,Bihar,BHAGALPUR - BR10( 07-FEB-2018 ),1,AGRICULTURAL TRACTOR,6,9,13,4,,,,,,,,,32
2024,Bihar,BHAGALPUR - BR10( 07-FEB-2018 ),2,AMBULANCE,0,1,0,0,,,,,,,,,1
2024,Bihar,BHAGALPUR - BR10( 07-FEB-2018 ),3,BUS,2,0,5,4,,,,,,,,,11
2024,Bihar,BHAGALPUR - BR10( 07-FEB-2018 ),4,CONSTRUCTION EQUIPMENT VEHICLE,0,5,1,2,,,,,,,,,8
2024,Bihar,BHAGALPUR - BR10( 07-FEB-2018 ),5,DUMPER,0,10,0,0,,,,,,,,,10
2024,Bihar,BHAGALPUR - BR10( 07-FEB-2018 ),6,E-RICKSHAW(P),292,261,244,186,,,,,,,,,983
2024,Bihar,BHAGALPUR - BR10( 07-FEB-2018 ),7,E-RICKSHAW WITH CART (G),0,5,4,12,,,,,,,,,21
2024,Bihar,BHAGALPUR - BR10( 07-FEB-2018 ),8,GOODS CARRIER,59,82,39,51,,,,,,,,,231
2024,Bihar,BHAGALPUR - BR10( 07-FEB-2018 ),9,MAXI CAB,1,5,2,0,,,,,,,,,8
2024,Bihar,BHAGALPUR - BR10( 07-FEB-2018 ),10,M-CYCLE/SCOOTER,"1,826","1,761","2,163","1,610",,,,,,,,,"7,360"
2024,Bihar,BHAGALPUR - BR10( 07-FEB-2018 ),11,M-CYCLE/SCOOTER-WITH SIDE CAR,0,0,3,1,,,,,,,,,4
2024,Bihar,BHAGALPUR - BR10( 07-FEB-2018 ),12,MOPED,0,2,10,3,,,,,,,,,15
2024,Bihar,BHAGALPUR - BR10( 07-FEB-2018 ),13,MOTOR CAB,4,1,7,0,,,,,,,,,12
2024,Bihar,BHAGALPUR - BR10( 07-FEB-2018 ),14,MOTOR CAR,223,225,232,139,,,,,,,,,819
2024,Bihar,BHAGALPUR - BR10( 07-FEB-2018 ),15,MOTORISED CYCLE (CC > 25CC),0,1,0,0,,,,,,,,,1
2024,Bihar,BHAGALPUR - BR10( 07-FEB-2018 ),16,THREE WHEELER (GOODS),13,11,11,6,,,,,,,,,41
2024,Bihar,BHAGALPUR - BR10( 07-FEB-2018 ),17,THREE WHEELER (PASSENGER),99,103,121,57,,,,,,,,,380
2024,Bihar,BHAGALPUR - BR10( 07-FEB-2018 ),18,TRACTOR (COMMERCIAL),49,54,49,13,,,,,,,,,165
2024,Bihar,BHAGALPUR - BR10( 07-FEB-2018 ),19,TRAILER (COMMERCIAL),11,4,9,0,,,,,,,,,24
2024,Bihar,BHOJPUR - BR3( 15-FEB-2018 ),1,AGRICULTURAL TRACTOR,43,24,27,14,,,,,,,,,108
2024,Bihar,BHOJPUR - BR3( 15-FEB-2018 ),2,BUS,3,4,11,13,,,,,,,,,31
2024,Bihar,BHOJPUR - BR3( 15-FEB-2018 ),3,CONSTRUCTION EQUIPMENT VEHICLE,1,1,2,2,,,,,,,,,6
2024,Bihar,BHOJPUR - BR3( 15-FEB-2018 ),4,E-RICKSHAW(P),32,31,23,30,,,,,,,,,116
2024,Bihar,BHOJPUR - BR3( 15-FEB-2018 ),5,E-RICKSHAW WITH CART (G),2,1,3,0,,,,,,,,,6
2024,Bihar,BHOJPUR - BR3( 15-FEB-2018 ),6,GOODS CARRIER,106,122,150,110,,,,,,,,,488
2024,Bihar,BHOJPUR - BR3( 15-FEB-2018 ),7,MAXI CAB,1,1,0,0,,,,,,,,,2
2024,Bihar,BHOJPUR - BR3( 15-FEB-2018 ),8,M-CYCLE/SCOOTER,"1,555","2,037","2,105","1,954",,,,,,,,,"7,651"
2024,Bihar,BHOJPUR - BR3( 15-FEB-2018 ),9,M-CYCLE/SCOOTER-WITH SIDE CAR,3,2,0,1,,,,,,,,,6
2024,Bihar,BHOJPUR - BR3( 15-FEB-2018 ),10,MOPED,15,11,22,3,,,,,,,,,51
2024,Bihar,BHOJPUR - BR3( 15-FEB-2018 ),11,MOTOR CAB,0,2,4,5,,,,,,,,,11
2024,Bihar,BHOJPUR - BR3( 15-FEB-2018 ),12,MOTOR CAR,79,58,71,48,,,,,,,,,256
2024,Bihar,BHOJPUR - BR3( 15-FEB-2018 ),13,OMNI BUS,0,0,0,1,,,,,,,,,1
2024,Bihar,BHOJPUR - BR3( 15-FEB-2018 ),14,THREE WHEELER (GOODS),9,4,4,6,,,,,,,,,23
2024,Bihar,BHOJPUR - BR3( 15-FEB-2018 ),15,THREE WHEELER (PASSENGER),67,58,47,12,,,,,,,,,184
2024,Bihar,BHOJPUR - BR3( 15-FEB-2018 ),16,TRACTOR (COMMERCIAL),51,53,35,13,,,,,,,,,152
2024,Bihar,BHOJPUR - BR3( 15-FEB-2018 ),17,TRAILER (COMMERCIAL),3,2,8,2,,,,,,,,,15
2024,Bihar,BUXUR - BR44( 01-FEB-2018 ),1,AGRICULTURAL TRACTOR,57,52,34,26,,,,,,,,,169
2024,Bihar,BUXUR - BR44( 01-FEB-2018 ),2,BUS,6,0,11,9,,,,,,,,,26
2024,Bihar,BUXUR - BR44( 01-FEB-2018 ),3,CONSTRUCTION EQUIPMENT VEHICLE,1,4,2,2,,,,,,,,,9
2024,Bihar,BUXUR - BR44( 01-FEB-2018 ),4,E-RICKSHAW(P),116,63,156,46,,,,,,,,,381
2024,Bihar,BUXUR - BR44( 01-FEB-2018 ),5,E-RICKSHAW WITH CART (G),2,1,0,0,,,,,,,,,3
2024,Bihar,BUXUR - BR44( 01-FEB-2018 ),6,GOODS CARRIER,68,62,31,5,,,,,,,,,166
2024,Bihar,BUXUR - BR44( 01-FEB-2018 ),7,HARVESTER,3,3,10,4,,,,,,,,,20
2024,Bihar,BUXUR - BR44( 01-FEB-2018 ),8,MAXI CAB,0,2,3,1,,,,,,,,,6
2024,Bihar,BUXUR - BR44( 01-FEB-2018 ),9,M-CYCLE/SCOOTER,973,"1,042","1,261","1,024",,,,,,,,,"4,300"
2024,Bihar,BUXUR - BR44( 01-FEB-2018 ),10,M-CYCLE/SCOOTER-WITH SIDE CAR,0,0,1,1,,,,,,,,,2
2024,Bihar,BUXUR - BR44( 01-FEB-2018 ),11,MOPED,7,5,6,4,,,,,,,,,22
2024,Bihar,BUXUR - BR44( 01-FEB-2018 ),12,MOTOR CAB,0,0,1,0,,,,,,,,,1
2024,Bihar,BUXUR - BR44( 01-FEB-2018 ),13,MOTOR CAR,62,48,68,37,,,,,,,,,215
2024,Bihar,BUXUR - BR44( 01-FEB-2018 ),14,OMNI BUS,0,1,0,0,,,,,,,,,1
2024,Bihar,BUXUR - BR44( 01-FEB-2018 ),15,THREE WHEELER (GOODS),5,0,1,2,,,,,,,,,8
2024,Bihar,BUXUR - BR44( 01-FEB-2018 ),16,THREE WHEELER (PASSENGER),14,9,9,16,,,,,,,,,48
2024,Bihar,BUXUR - BR44( 01-FEB-2018 ),17,TRACTOR (COMMERCIAL),4,7,6,5,,,,,,,,,22
2024,Bihar,BUXUR - BR44( 01-FEB-2018 ),18,TRAILER (COMMERCIAL),1,3,3,0,,,,,,,,,7
2024,Bihar,CHAPARA - BR4( 29-JAN-2018 ),1,AGRICULTURAL TRACTOR,52,43,49,23,,,,,,,,,167
2024,Bihar,CHAPARA - BR4( 29-JAN-2018 ),2,BUS,4,3,4,4,,,,,,,,,15
2024,Bihar,CHAPARA - BR4( 29-JAN-2018 ),3,CONSTRUCTION EQUIPMENT VEHICLE,2,3,4,2,,,,,,,,,11
2024,Bihar,CHAPARA - BR4( 29-JAN-2018 ),4,E-RICKSHAW(P),256,219,187,114,,,,,,,,,776
2024,Bihar,CHAPARA - BR4( 29-JAN-2018 ),5,E-RICKSHAW WITH CART (G),6,8,14,13,,,,,,,,,41
2024,Bihar,CHAPARA - BR4( 29-JAN-2018 ),6,GOODS CARRIER,24,18,31,23,,,,,,,,,96
2024,Bihar,CHAPARA - BR4( 29-JAN-2018 ),7,MAXI CAB,1,1,3,2,,,,,,,,,7
2024,Bihar,CHAPARA - BR4( 29-JAN-2018 ),8,M-CYCLE/SCOOTER,"1,835","2,538","2,460","2,958",,,,,,,,,"9,791"
2024,Bihar,CHAPARA - BR4( 29-JAN-2018 ),9,M-CYCLE/SCOOTER-WITH SIDE CAR,0,3,3,0,,,,,,,,,6
2024,Bihar,CHAPARA - BR4( 29-JAN-2018 ),10,MOPED,92,55,67,29,,,,,,,,,243
2024,Bihar,CHAPARA - BR4( 29-JAN-2018 ),11,MOTOR CAB,1,0,0,0,,,,,,,,,1
2024,Bihar,CHAPARA - BR4( 29-JAN-2018 ),12,MOTOR CAR,80,76,80,55,,,,,,,,,291
2024,Bihar,CHAPARA - BR4( 29-JAN-2018 ),13,OMNI BUS,0,0,1,3,,,,,,,,,4
2024,Bihar,CHAPARA - BR4( 29-JAN-2018 ),14,THREE WHEELER (GOODS),4,5,6,3,,,,,,,,,18
2024,Bihar,CHAPARA - BR4( 29-JAN-2018 ),15,THREE WHEELER (PASSENGER),75,57,61,27,,,,,,,,,220
2024,Bihar,CHAPARA - BR4( 29-JAN-2018 ),16,TRACTOR (COMMERCIAL),32,12,25,12,,,,,,,,,81
2024,Bihar,CHAPARA - BR4( 29-JAN-2018 ),17,TRAILER (COMMERCIAL),9,4,1,1,,,,,,,,,15
2024,Bihar,DARBHANGA - BR7( 30-JAN-2018 ),1,AGRICULTURAL TRACTOR,67,45,52,40,,,,,,,,,204
2024,Bihar,DARBHANGA - BR7( 30-JAN-2018 ),2,AMBULANCE,2,1,0,0,,,,,,,,,3
2024,Bihar,DARBHANGA - BR7( 30-JAN-2018 ),3,BUS,5,5,13,5,,,,,,,,,28
2024,Bihar,DARBHANGA - BR7( 30-JAN-2018 ),4,CONSTRUCTION EQUIPMENT VEHICLE,6,6,15,4,,,,,,,,,31
2024,Bihar,DARBHANGA - BR7( 30-JAN-2018 ),5,E-RICKSHAW(P),139,109,88,70,,,,,,,,,406
2024,Bihar,DARBHANGA - BR7( 30-JAN-2018 ),6,E-RICKSHAW WITH CART (G),1,3,2,1,,,,,,,,,7
2024,Bihar,DARBHANGA - BR7( 30-JAN-2018 ),7,FIRE FIGHTING VEHICLE,0,0,1,0,,,,,,,,,1
2024,Bihar,DARBHANGA - BR7( 30-JAN-2018 ),8,GOODS CARRIER,79,91,80,47,,,,,,,,,297
2024,Bihar,DARBHANGA - BR7( 30-JAN-2018 ),9,MAXI CAB,4,4,4,3,,,,,,,,,15
2024,Bihar,DARBHANGA - BR7( 30-JAN-2018 ),10,M-CYCLE/SCOOTER,"2,069","2,753","4,485","3,040",,,,,,,,,"12,347"
2024,Bihar,DARBHANGA - BR7( 30-JAN-2018 ),11,M-CYCLE/SCOOTER-WITH SIDE CAR,1,0,3,1,,,,,,,,,5
2024,Bihar,DARBHANGA - BR7( 30-JAN-2018 ),12,MOPED,21,11,33,16,,,,,,,,,81
2024,Bihar,DARBHANGA - BR7( 30-JAN-2018 ),13,MOTOR CAB,4,1,5,5,,,,,,,,,15
2024,Bihar,DARBHANGA - BR7( 30-JAN-2018 ),14,MOTOR CAR,199,191,227,118,,,,,,,,,735
2024,Bihar,DARBHANGA - BR7( 30-JAN-2018 ),15,THREE WHEELER (GOODS),23,18,36,17,,,,,,,,,94
2024,Bihar,DARBHANGA - BR7( 30-JAN-2018 ),16,THREE WHEELER (PASSENGER),232,145,193,98,,,,,,,,,668
2024,Bihar,DARBHANGA - BR7( 30-JAN-2018 ),17,TRACTOR (COMMERCIAL),21,28,27,10,,,,,,,,,86
2024,Bihar,DARBHANGA - BR7( 30-JAN-2018 ),18,TRAILER (COMMERCIAL),11,7,10,11,,,,,,,,,39
2024,Bihar,GAYA - BR2( 06-SEP-2017 ),1,AGRICULTURAL TRACTOR,56,61,58,25,,,,,,,,,200
2024,Bihar,GAYA - BR2( 06-SEP-2017 ),2,AMBULANCE,2,2,2,0,,,,,,,,,6
2024,Bihar,GAYA - BR2( 06-SEP-2017 ),3,BUS,10,15,16,5,,,,,,,,,46
2024,Bihar,GAYA - BR2( 06-SEP-2017 ),4,CONSTRUCTION EQUIPMENT VEHICLE,6,4,8,2,,,,,,,,,20
2024,Bihar,GAYA - BR2( 06-SEP-2017 ),5,E-RICKSHAW(P),383,354,363,168,,,,,,,,,"1,268"
2024,Bihar,GAYA - BR2( 06-SEP-2017 ),6,E-RICKSHAW WITH CART (G),3,7,2,0,,,,,,,,,12
2024,Bihar,GAYA - BR2( 06-SEP-2017 ),7,GOODS CARRIER,63,65,72,44,,,,,,,,,244
2024,Bihar,GAYA - BR2( 06-SEP-2017 ),8,HARVESTER,0,0,4,2,,,,,,,,,6
2024,Bihar,GAYA - BR2( 06-SEP-2017 ),9,MAXI CAB,4,1,5,3,,,,,,,,,13
2024,Bihar,GAYA - BR2( 06-SEP-2017 ),10,M-CYCLE/SCOOTER,"2,685","3,078","4,239","4,543",,,,,,,,,"14,545"
2024,Bihar,GAYA - BR2( 06-SEP-2017 ),11,M-CYCLE/SCOOTER-WITH SIDE CAR,1,5,2,8,,,,,,,,,16
2024,Bihar,GAYA - BR2( 06-SEP-2017 ),12,MOPED,125,123,105,67,,,,,,,,,420
2024,Bihar,GAYA - BR2( 06-SEP-2017 ),13,MOTOR CAB,8,8,5,2,,,,,,,,,23
2024,Bihar,GAYA - BR2( 06-SEP-2017 ),14,MOTOR CAR,345,371,319,208,,,,,,,,,"1,243"
2024,Bihar,GAYA - BR2( 06-SEP-2017 ),15,MOTORISED CYCLE (CC > 25CC),0,0,0,1,,,,,,,,,1
2024,Bihar,GAYA - BR2( 06-SEP-2017 ),16,OMNI BUS,0,0,2,0,,,,,,,,,2
2024,Bihar,GAYA - BR2( 06-SEP-2017 ),17,THREE WHEELER (GOODS),20,16,31,8,,,,,,,,,75
2024,Bihar,GAYA - BR2( 06-SEP-2017 ),18,THREE WHEELER (PASSENGER),61,97,113,37,,,,,,,,,308
2024,Bihar,GAYA - BR2( 06-SEP-2017 ),19,TRACTOR (COMMERCIAL),44,59,57,30,,,,,,,,,190
2024,Bihar,GAYA - BR2( 06-SEP-2017 ),20,TRAILER (AGRICULTURAL),11,3,5,1,,,,,,,,,20
2024,Bihar,GAYA - BR2( 06-SEP-2017 ),21,TRAILER (COMMERCIAL),51,23,33,8,,,,,,,,,115
2024,Bihar,GOPALGANJ - BR28( 08-JUN-2017 ),1,AGRICULTURAL TRACTOR,65,55,64,33,,,,,,,,,217
2024,Bihar,GOPALGANJ - BR28( 08-JUN-2017 ),2,AMBULANCE,1,0,0,0,,,,,,,,,1
2024,Bihar,GOPALGANJ - BR28( 08-JUN-2017 ),3,ARTICULATED VEHICLE,4,9,9,7,,,,,,,,,29
2024,Bihar,GOPALGANJ - BR28( 08-JUN-2017 ),4,BUS,9,17,21,7,,,,,,,,,54
2024,Bihar,GOPALGANJ - BR28( 08-JUN-2017 ),5,CONSTRUCTION EQUIPMENT VEHICLE,6,4,7,0,,,,,,,,,17
2024,Bihar,GOPALGANJ - BR28( 08-JUN-2017 ),6,E-RICKSHAW(P),169,142,156,103,,,,,,,,,570
2024,Bihar,GOPALGANJ - BR28( 08-JUN-2017 ),7,E-RICKSHAW WITH CART (G),4,1,3,2,,,,,,,,,10
2024,Bihar,GOPALGANJ - BR28( 08-JUN-2017 ),8,FIRE FIGHTING VEHICLE,0,0,2,0,,,,,,,,,2
2024,Bihar,GOPALGANJ - BR28( 08-JUN-2017 ),9,GOODS CARRIER,106,97,155,106,,,,,,,,,464
2024,Bihar,GOPALGANJ - BR28( 08-JUN-2017 ),10,HARVESTER,0,0,1,2,,,,,,,,,3
2024,Bihar,GOPALGANJ - BR28( 08-JUN-2017 ),11,MAXI CAB,2,1,1,1,,,,,,,,,5
2024,Bihar,GOPALGANJ - BR28( 08-JUN-2017 ),12,M-CYCLE/SCOOTER,"1,322","1,625","1,984","1,691",,,,,,,,,"6,622"
2024,Bihar,GOPALGANJ - BR28( 08-JUN-2017 ),13,M-CYCLE/SCOOTER-WITH SIDE CAR,0,1,0,0,,,,,,,,,1
2024,Bihar,GOPALGANJ - BR28( 08-JUN-2017 ),14,MOPED,29,16,39,17,,,,,,,,,101
2024,Bihar,GOPALGANJ - BR28( 08-JUN-2017 ),15,MOTOR CAB,2,1,0,0,,,,,,,,,3
2024,Bihar,GOPALGANJ - BR28( 08-JUN-2017 ),16,MOTOR CAR,113,132,98,69,,,,,,,,,412
2024,Bihar,GOPALGANJ - BR28( 08-JUN-2017 ),17,MOTORISED CYCLE (CC > 25CC),3,2,11,0,,,,,,,,,16
2024,Bihar,GOPALGANJ - BR28( 08-JUN-2017 ),18,OMNI BUS,0,0,1,0,,,,,,,,,1
2024,Bihar,GOPALGANJ - BR28( 08-JUN-2017 ),19,THREE WHEELER (GOODS),3,1,4,5,,,,,,,,,13
2024,Bihar,GOPALGANJ - BR28( 08-JUN-2017 ),20,THREE WHEELER (PASSENGER),20,14,15,15,,,,,,,,,64
2024,Bihar,GOPALGANJ - BR28( 08-JUN-2017 ),21,TRACTOR (COMMERCIAL),1,3,2,2,,,,,,,,,8
2024,Bihar,GOPALGANJ - BR28( 08-JUN-2017 ),22,TRAILER (COMMERCIAL),0,0,1,0,,,,,,,,,1
2024,Bihar,JAMUI - BR46( 07-JUN-2017 ),1,AGRICULTURAL TRACTOR,13,11,15,7,,,,,,,,,46
2024,Bihar,JAMUI - BR46( 07-JUN-2017 ),2,ARTICULATED VEHICLE,0,0,1,0,,,,,,,,,1
2024,Bihar,JAMUI - BR46( 07-JUN-2017 ),3,BUS,2,0,1,3,,,,,,,,,6
2024,Bihar,JAMUI - BR46( 07-JUN-2017 ),4,CONSTRUCTION EQUIPMENT VEHICLE,2,0,1,3,,,,,,,,,6
2024,Bihar,JAMUI - BR46( 07-JUN-2017 ),5,E-RICKSHAW(P),93,89,98,54,,,,,,,,,334
2024,Bihar,JAMUI - BR46( 07-JUN-2017 ),6,E-RICKSHAW WITH CART (G),1,0,1,0,,,,,,,,,2
2024,Bihar,JAMUI - BR46( 07-JUN-2017 ),7,GOODS CARRIER,16,14,22,20,,,,,,,,,72
2024,Bihar,JAMUI - BR46( 07-JUN-2017 ),8,MAXI CAB,4,0,1,5,,,,,,,,,10
2024,Bihar,JAMUI - BR46( 07-JUN-2017 ),9,M-CYCLE/SCOOTER,963,"1,133","1,830","1,157",,,,,,,,,"5,083"
2024,Bihar,JAMUI - BR46( 07-JUN-2017 ),10,M-CYCLE/SCOOTER-WITH SIDE CAR,1,1,3,0,,,,,,,,,5
2024,Bihar,JAMUI - BR46( 07-JUN-2017 ),11,MOPED,34,39,67,25,,,,,,,,,165
2024,Bihar,JAMUI - BR46( 07-JUN-2017 ),12,MOTOR CAB,0,1,2,0,,,,,,,,,3
2024,Bihar,JAMUI - BR46( 07-JUN-2017 ),13,MOTOR CAR,32,26,39,14,,,,,,,,,111
2024,Bihar,JAMUI - BR46( 07-JUN-2017 ),14,OMNI BUS,1,2,2,0,,,,,,,,,5
2024,Bihar,JAMUI - BR46( 07-JUN-2017 ),15,THREE WHEELER (GOODS),4,6,9,2,,,,,,,,,21
2024,Bihar,JAMUI - BR46( 07-JUN-2017 ),16,THREE WHEELER (PASSENGER),34,33,39,10,,,,,,,,,116
2024,Bihar,JAMUI - BR46( 07-JUN-2017 ),17,TRACTOR (COMMERCIAL),25,25,35,10,,,,,,,,,95
2024,Bihar,JAMUI - BR46( 07-JUN-2017 ),18,TRAILER (COMMERCIAL),13,19,18,10,,,,,,,,,60
2024,Bihar,JEHANABAD - BR25( 26-MAY-2017 ),1,AGRICULTURAL TRACTOR,3,9,3,5,,,,,,,,,20
2024,Bihar,JEHANABAD - BR25( 26-MAY-2017 ),2,BUS,0,1,2,0,,,,,,,,,3
2024,Bihar,JEHANABAD - BR25( 26-MAY-2017 ),3,CONSTRUCTION EQUIPMENT VEHICLE,2,0,2,1,,,,,,,,,5
2024,Bihar,JEHANABAD - BR25( 26-MAY-2017 ),4,DUMPER,1,0,0,0,,,,,,,,,1
2024,Bihar,JEHANABAD - BR25( 26-MAY-2017 ),5,E-RICKSHAW(P),20,18,11,8,,,,,,,,,57
2024,Bihar,JEHANABAD - BR25( 26-MAY-2017 ),6,GOODS CARRIER,4,1,6,6,,,,,,,,,17
2024,Bihar,JEHANABAD - BR25( 26-MAY-2017 ),7,M-CYCLE/SCOOTER,386,420,708,493,,,,,,,,,"2,007"
2024,Bihar,JEHANABAD - BR25( 26-MAY-2017 ),8,M-CYCLE/SCOOTER-WITH SIDE CAR,0,0,0,1,,,,,,,,,1
2024,Bihar,JEHANABAD - BR25( 26-MAY-2017 ),9,MOPED,13,13,20,7,,,,,,,,,53
2024,Bihar,JEHANABAD - BR25( 26-MAY-2017 ),10,MOTOR CAR,6,9,15,6,,,,,,,,,36
2024,Bihar,JEHANABAD - BR25( 26-MAY-2017 ),11,THREE WHEELER (GOODS),1,5,4,0,,,,,,,,,10
2024,Bihar,JEHANABAD - BR25( 26-MAY-2017 ),12,THREE WHEELER (PASSENGER),43,59,52,39,,,,,,,,,193
2024,Bihar,JEHANABAD - BR25( 26-MAY-2017 ),13,TRACTOR (COMMERCIAL),7,13,9,4,,,,,,,,,33
2024,Bihar,JEHANABAD - BR25( 26-MAY-2017 ),14,TRAILER (COMMERCIAL),33,11,17,0,,,,,,,,,61
2024,Bihar,KATIHAR - BR39( 23-JAN-2018 ),1,AGRICULTURAL TRACTOR,0,13,15,8,,,,,,,,,36
2024,Bihar,KATIHAR - BR39( 23-JAN-2018 ),2,AMBULANCE,0,1,0,0,,,,,,,,,1
2024,Bihar,KATIHAR - BR39( 23-JAN-2018 ),3,BUS,1,1,1,2,,,,,,,,,5
2024,Bihar,KATIHAR - BR39( 23-JAN-2018 ),4,CONSTRUCTION EQUIPMENT VEHICLE,0,1,0,0,,,,,,,,,1
2024,Bihar,KATIHAR - BR39( 23-JAN-2018 ),5,E-RICKSHAW(P),204,157,167,105,,,,,,,,,633
2024,Bihar,KATIHAR - BR39( 23-JAN-2018 ),6,E-RICKSHAW WITH CART (G),0,1,1,2,,,,,,,,,4
2024,Bihar,KATIHAR - BR39( 23-JAN-2018 ),7,FIRE FIGHTING VEHICLE,0,0,2,0,,,,,,,,,2
2024,Bihar,KATIHAR - BR39( 23-JAN-2018 ),8,GOODS CARRIER,5,3,4,6,,,,,,,,,18
2024,Bihar,KATIHAR - BR39( 23-JAN-2018 ),9,HARVESTER,0,1,6,1,,,,,,,,,8
2024,Bihar,KATIHAR - BR39( 23-JAN-2018 ),10,MAXI CAB,3,2,3,2,,,,,,,,,10
2024,Bihar,KATIHAR - BR39( 23-JAN-2018 ),11,M-CYCLE/SCOOTER,"2,526","2,951","2,904","2,059",,,,,,,,,"10,440"
2024,Bihar,KATIHAR - BR39( 23-JAN-2018 ),12,M-CYCLE/SCOOTER-WITH SIDE CAR,2,0,19,7,,,,,,,,,28
2024,Bihar,KATIHAR - BR39( 23-JAN-2018 ),13,MOPED,4,4,9,9,,,,,,,,,26
2024,Bihar,KATIHAR - BR39( 23-JAN-2018 ),14,MOTOR CAB,3,1,0,0,,,,,,,,,4
2024,Bihar,KATIHAR - BR39( 23-JAN-2018 ),15,MOTOR CAR,38,30,35,23,,,,,,,,,126
2024,Bihar,KATIHAR - BR39( 23-JAN-2018 ),16,THREE WHEELER (GOODS),4,3,10,2,,,,,,,,,19
2024,Bihar,KATIHAR - BR39( 23-JAN-2018 ),17,THREE WHEELER (PASSENGER),27,39,55,17,,,,,,,,,138
2024,Bihar,KATIHAR - BR39( 23-JAN-2018 ),18,TRACTOR (COMMERCIAL),55,61,61,26,,,,,,,,,203
2024,Bihar,KATIHAR - BR39( 23-JAN-2018 ),19,TRAILER (COMMERCIAL),11,8,5,16,,,,,,,,,40
2024,Bihar,KHAGARIA - BR34( 01-FEB-2018 ),1,AGRICULTURAL TRACTOR,14,13,16,4,,,,,,,,,47
2024,Bihar,KHAGARIA - BR34( 01-FEB-2018 ),2,BUS,0,1,3,0,,,,,,,,,4
2024,Bihar,KHAGARIA - BR34( 01-FEB-2018 ),3,E-RICKSHAW(P),80,72,50,32,,,,,,,,,234
2024,Bihar,KHAGARIA - BR34( 01-FEB-2018 ),4,E-RICKSHAW WITH CART (G),0,0,0,2,,,,,,,,,2
2024,Bihar,KHAGARIA - BR34( 01-FEB-2018 ),5,GOODS CARRIER,5,4,6,13,,,,,,,,,28
2024,Bihar,KHAGARIA - BR34( 01-FEB-2018 ),6,MAXI CAB,1,2,0,0,,,,,,,,,3
2024,Bihar,KHAGARIA - BR34( 01-FEB-2018 ),7,M-CYCLE/SCOOTER,876,"1,141","1,308",918,,,,,,,,,"4,243"
2024,Bihar,KHAGARIA - BR34( 01-FEB-2018 ),8,M-CYCLE/SCOOTER-WITH SIDE CAR,0,0,2,0,,,,,,,,,2
2024,Bihar,KHAGARIA - BR34( 01-FEB-2018 ),9,MOPED,1,4,24,16,,,,,,,,,45
2024,Bihar,KHAGARIA - BR34( 01-FEB-2018 ),10,MOTOR CAB,0,1,1,1,,,,,,,,,3
2024,Bihar,KHAGARIA - BR34( 01-FEB-2018 ),11,MOTOR CAR,13,12,18,10,,,,,,,,,53
2024,Bihar,KHAGARIA - BR34( 01-FEB-2018 ),12,THREE WHEELER (GOODS),0,1,2,0,,,,,,,,,3
2024,Bihar,KHAGARIA - BR34( 01-FEB-2018 ),13,THREE WHEELER (PASSENGER),27,24,23,6,,,,,,,,,80
2024,Bihar,KHAGARIA - BR34( 01-FEB-2018 ),14,TRACTOR (COMMERCIAL),15,18,25,13,,,,,,,,,71
2024,Bihar,KHAGARIA - BR34( 01-FEB-2018 ),15,TRAILER (COMMERCIAL),12,10,13,4,,,,,,,,,39
2024,Bihar,KISHANGANJ - BR37( 07-FEB-2018 ),1,AGRICULTURAL TRACTOR,0,1,0,1,,,,,,,,,2
2024,Bihar,KISHANGANJ - BR37( 07-FEB-2018 ),2,AMBULANCE,0,0,1,0,,,,,,,,,1
2024,Bihar,KISHANGANJ - BR37( 07-FEB-2018 ),3,BUS,2,2,0,0,,,,,,,,,4
2024,Bihar,KISHANGANJ - BR37( 07-FEB-2018 ),4,E-RICKSHAW(P),120,116,133,47,,,,,,,,,416
2024,Bihar,KISHANGANJ - BR37( 07-FEB-2018 ),5,E-RICKSHAW WITH CART (G),0,1,1,0,,,,,,,,,2
2024,Bihar,KISHANGANJ - BR37( 07-FEB-2018 ),6,FIRE FIGHTING VEHICLE,0,0,1,0,,,,,,,,,1
2024,Bihar,KISHANGANJ - BR37( 07-FEB-2018 ),7,GOODS CARRIER,8,5,7,6,,,,,,,,,26
2024,Bihar,KISHANGANJ - BR37( 07-FEB-2018 ),8,MAXI CAB,1,1,0,1,,,,,,,,,3
2024,Bihar,KISHANGANJ - BR37( 07-FEB-2018 ),9,M-CYCLE/SCOOTER,"1,946","2,967","2,783","1,671",,,,,,,,,"9,367"
2024,Bihar,KISHANGANJ - BR37( 07-FEB-2018 ),10,M-CYCLE/SCOOTER-WITH SIDE CAR,3,0,1,1,,,,,,,,,5
2024,Bihar,KISHANGANJ - BR37( 07-FEB-2018 ),11,MOPED,2,2,3,0,,,,,,,,,7
2024,Bihar,KISHANGANJ - BR37( 07-FEB-2018 ),12,MOTOR CAR,55,66,59,38,,,,,,,,,218
2024,Bihar,KISHANGANJ - BR37( 07-FEB-2018 ),13,OMNI BUS,0,0,0,2,,,,,,,,,2
2024,Bihar,KISHANGANJ - BR37( 07-FEB-2018 ),14,THREE WHEELER (GOODS),2,3,5,0,,,,,,,,,10
2024,Bihar,KISHANGANJ - BR37( 07-FEB-2018 ),15,THREE WHEELER (PASSENGER),54,31,58,13,,,,,,,,,156
2024,Bihar,KISHANGANJ - BR37( 07-FEB-2018 ),16,TRACTOR (COMMERCIAL),40,37,65,23,,,,,,,,,165
2024,Bihar,LAKHISARAI - BR53( 27-JAN-2017 ),1,ARTICULATED VEHICLE,0,0,1,0,,,,,,,,,1
2024,Bihar,LAKHISARAI - BR53( 27-JAN-2017 ),2,BUS,1,0,0,2,,,,,,,,,3
2024,Bihar,LAKHISARAI - BR53( 27-JAN-2017 ),3,CONSTRUCTION EQUIPMENT VEHICLE,0,1,0,0,,,,,,,,,1
2024,Bihar,LAKHISARAI - BR53( 27-JAN-2017 ),4,E-RICKSHAW(P),76,60,52,36,,,,,,,,,224
2024,Bihar,LAKHISARAI - BR53( 27-JAN-2017 ),5,E-RICKSHAW WITH CART (G),1,1,0,0,,,,,,,,,2
2024,Bihar,LAKHISARAI - BR53( 27-JAN-2017 ),6,GOODS CARRIER,12,14,8,16,,,,,,,,,50
2024,Bihar,LAKHISARAI - BR53( 27-JAN-2017 ),7,MAXI CAB,0,1,2,2,,,,,,,,,5
2024,Bihar,LAKHISARAI - BR53( 27-JAN-2017 ),8,M-CYCLE/SCOOTER,313,405,529,388,,,,,,,,,"1,635"
2024,Bihar,LAKHISARAI - BR53( 27-JAN-2017 ),9,M-CYCLE/SCOOTER-WITH SIDE CAR,0,1,0,1,,,,,,,,,2
2024,Bihar,LAKHISARAI - BR53( 27-JAN-2017 ),10,MOPED,10,11,14,9,,,,,,,,,44
2024,Bihar,LAKHISARAI - BR53( 27-JAN-2017 ),11,MOTOR CAB,1,0,0,0,,,,,,,,,1
2024,Bihar,LAKHISARAI - BR53( 27-JAN-2017 ),12,MOTOR CAR,21,34,16,20,,,,,,,,,91
2024,Bihar,LAKHISARAI - BR53( 27-JAN-2017 ),13,MOTORISED CYCLE (CC > 25CC),0,1,0,0,,,,,,,,,1
2024,Bihar,LAKHISARAI - BR53( 27-JAN-2017 ),14,OMNI BUS,0,0,0,2,,,,,,,,,2
2024,Bihar,LAKHISARAI - BR53( 27-JAN-2017 ),15,THREE WHEELER (GOODS),6,4,4,2,,,,,,,,,16
2024,Bihar,LAKHISARAI - BR53( 27-JAN-2017 ),16,THREE WHEELER (PASSENGER),14,12,13,5,,,,,,,,,44
2024,Bihar,LAKHISARAI - BR53( 27-JAN-2017 ),17,TRACTOR (COMMERCIAL),6,16,9,8,,,,,,,,,39
2024,Bihar,LAKHISARAI - BR53( 27-JAN-2017 ),18,TRAILER (COMMERCIAL),14,5,11,6,,,,,,,,,36
2024,Bihar,MADHEPURA - BR43( 02-JUN-2017 ),1,AGRICULTURAL TRACTOR,20,29,28,7,,,,,,,,,84
2024,Bihar,MADHEPURA - BR43( 02-JUN-2017 ),2,AMBULANCE,0,1,0,0,,,,,,,,,1
2024,Bihar,MADHEPURA - BR43( 02-JUN-2017 ),3,BUS,1,0,0,0,,,,,,,,,1
2024,Bihar,MADHEPURA - BR43( 02-JUN-2017 ),4,E-RICKSHAW(P),137,106,140,60,,,,,,,,,443
2024,Bihar,MADHEPURA - BR43( 02-JUN-2017 ),5,E-RICKSHAW WITH CART (G),2,1,0,0,,,,,,,,,3
2024,Bihar,MADHEPURA - BR43( 02-JUN-2017 ),6,GOODS CARRIER,16,4,19,6,,,,,,,,,45
2024,Bihar,MADHEPURA - BR43( 02-JUN-2017 ),7,M-CYCLE/SCOOTER,"1,893","2,134","2,404","1,280",,,,,,,,,"7,711"
2024,Bihar,MADHEPURA - BR43( 02-JUN-2017 ),8,M-CYCLE/SCOOTER-WITH SIDE CAR,0,0,1,2,,,,,,,,,3
2024,Bihar,MADHEPURA - BR43( 02-JUN-2017 ),9,MOPED,8,5,11,7,,,,,,,,,31
2024,Bihar,MADHEPURA - BR43( 02-JUN-2017 ),10,MOTOR CAB,2,3,4,0,,,,,,,,,9
2024,Bihar,MADHEPURA - BR43( 02-JUN-2017 ),11,MOTOR CAR,40,43,42,31,,,,,,,,,156
2024,Bihar,MADHEPURA - BR43( 02-JUN-2017 ),12,THREE WHEELER (GOODS),4,6,7,6,,,,,,,,,23
2024,Bihar,MADHEPURA - BR43( 02-JUN-2017 ),13,THREE WHEELER (PASSENGER),67,73,69,51,,,,,,,,,260
2024,Bihar,MADHEPURA - BR43( 02-JUN-2017 ),14,TRACTOR (COMMERCIAL),45,36,35,28,,,,,,,,,144
2024,Bihar,MADHEPURA - BR43( 02-JUN-2017 ),15,TRAILER (AGRICULTURAL),0,0,0,1,,,,,,,,,1
2024,Bihar,MADHEPURA - BR43( 02-JUN-2017 ),16,TRAILER (COMMERCIAL),0,8,3,2,,,,,,,,,13
2024,Bihar,MADHUBANI - BR32( 01-FEB-2018 ),1,AGRICULTURAL TRACTOR,39,42,45,24,,,,,,,,,150
2024,Bihar,MADHUBANI - BR32( 01-FEB-2018 ),2,AMBULANCE,1,0,1,0,,,,,,,,,2
2024,Bihar,MADHUBANI - BR32( 01-FEB-2018 ),3,BUS,7,2,9,6,,,,,,,,,24
2024,Bihar,MADHUBANI - BR32( 01-FEB-2018 ),4,CONSTRUCTION EQUIPMENT VEHICLE,5,4,0,1,,,,,,,,,10
2024,Bihar,MADHUBANI - BR32( 01-FEB-2018 ),5,DUMPER,3,0,0,0,,,,,,,,,3
2024,Bihar,MADHUBANI - BR32( 01-FEB-2018 ),6,E-RICKSHAW(P),130,76,127,48,,,,,,,,,381
2024,Bihar,MADHUBANI - BR32( 01-FEB-2018 ),7,E-RICKSHAW WITH CART (G),1,3,3,0,,,,,,,,,7
2024,Bihar,MADHUBANI - BR32( 01-FEB-2018 ),8,GOODS CARRIER,21,13,16,8,,,,,,,,,58
2024,Bihar,MADHUBANI - BR32( 01-FEB-2018 ),9,MAXI CAB,0,4,1,3,,,,,,,,,8
2024,Bihar,MADHUBANI - BR32( 01-FEB-2018 ),10,M-CYCLE/SCOOTER,"2,592","3,438","4,870","3,119",,,,,,,,,"14,019"
2024,Bihar,MADHUBANI - BR32( 01-FEB-2018 ),11,M-CYCLE/SCOOTER-WITH SIDE CAR,3,0,2,4,,,,,,,,,9
2024,Bihar,MADHUBANI - BR32( 01-FEB-2018 ),12,MOPED,15,24,12,5,,,,,,,,,56
2024,Bihar,MADHUBANI - BR32( 01-FEB-2018 ),13,MOTOR CAB,1,4,1,4,,,,,,,,,10
2024,Bihar,MADHUBANI - BR32( 01-FEB-2018 ),14,MOTOR CAR,50,77,56,54,,,,,,,,,237
2024,Bihar,MADHUBANI - BR32( 01-FEB-2018 ),15,MOTORISED CYCLE (CC > 25CC),0,1,1,0,,,,,,,,,2
2024,Bihar,MADHUBANI - BR32( 01-FEB-2018 ),16,OMNI BUS,0,0,0,1,,,,,,,,,1
2024,Bihar,MADHUBANI - BR32( 01-FEB-2018 ),17,THREE WHEELER (GOODS),5,6,4,2,,,,,,,,,17
2024,Bihar,MADHUBANI - BR32( 01-FEB-2018 ),18,THREE WHEELER (PASSENGER),47,31,26,16,,,,,,,,,120
2024,Bihar,MADHUBANI - BR32( 01-FEB-2018 ),19,TRACTOR (COMMERCIAL),64,58,41,18,,,,,,,,,181
2024,Bihar,MOTIHARI - BR5( 05-JUL-2017 ),1,ADAPTED VEHICLE,2,0,0,0,,,,,,,,,2
2024,Bihar,MOTIHARI - BR5( 05-JUL-2017 ),2,AGRICULTURAL TRACTOR,151,126,112,59,,,,,,,,,448
2024,Bihar,MOTIHARI - BR5( 05-JUL-2017 ),3,AMBULANCE,0,0,2,0,,,,,,,,,2
2024,Bihar,MOTIHARI - BR5( 05-JUL-2017 ),4,BUS,2,5,5,9,,,,,,,,,21
2024,Bihar,MOTIHARI - BR5( 05-JUL-2017 ),5,CONSTRUCTION EQUIPMENT VEHICLE,2,7,11,8,,,,,,,,,28
2024,Bihar,MOTIHARI - BR5( 05-JUL-2017 ),6,E-RICKSHAW(P),290,274,267,210,,,,,,,,,"1,041"
2024,Bihar,MOTIHARI - BR5( 05-JUL-2017 ),7,E-RICKSHAW WITH CART (G),4,7,8,8,,,,,,,,,27
2024,Bihar,MOTIHARI - BR5( 05-JUL-2017 ),8,GOODS CARRIER,28,32,57,19,,,,,,,,,136
2024,Bihar,MOTIHARI - BR5( 05-JUL-2017 ),9,MAXI CAB,2,0,3,0,,,,,,,,,5
2024,Bihar,MOTIHARI - BR5( 05-JUL-2017 ),10,M-CYCLE/SCOOTER,"4,203","4,073","5,172","4,288",,,,,,,,,"17,736"
2024,Bihar,MOTIHARI - BR5( 05-JUL-2017 ),11,M-CYCLE/SCOOTER-WITH SIDE CAR,3,2,1,4,,,,,,,,,10
2024,Bihar,MOTIHARI - BR5( 05-JUL-2017 ),12,MOPED,85,79,80,57,,,,,,,,,301
2024,Bihar,MOTIHARI - BR5( 05-JUL-2017 ),13,MOTOR CAB,1,2,1,0,,,,,,,,,4
2024,Bihar,MOTIHARI - BR5( 05-JUL-2017 ),14,MOTOR CAR,197,188,201,122,,,,,,,,,708
2024,Bihar,MOTIHARI - BR5( 05-JUL-2017 ),15,OMNI BUS,0,0,1,0,,,,,,,,,1
2024,Bihar,MOTIHARI - BR5( 05-JUL-2017 ),16,OMNI BUS (PRIVATE USE),0,1,0,0,,,,,,,,,1
2024,Bihar,MOTIHARI - BR5( 05-JUL-2017 ),17,THREE WHEELER (GOODS),5,8,8,7,,,,,,,,,28
2024,Bihar,MOTIHARI - BR5( 05-JUL-2017 ),18,THREE WHEELER (PASSENGER),36,67,58,32,,,,,,,,,193
2024,Bihar,MOTIHARI - BR5( 05-JUL-2017 ),19,TRACTOR (COMMERCIAL),23,28,20,6,,,,,,,,,77
2024,Bihar,MOTIHARI - BR5( 05-JUL-2017 ),20,TRAILER (COMMERCIAL),7,1,8,5,,,,,,,,,21
2024,Bihar,MUNGER - BR8( 06-FEB-2018 ),1,AGRICULTURAL TRACTOR,6,2,4,3,,,,,,,,,15
2024,Bihar,MUNGER - BR8( 06-FEB-2018 ),2,CONSTRUCTION EQUIPMENT VEHICLE,0,0,1,0,,,,,,,,,1
2024,Bihar,MUNGER - BR8( 06-FEB-2018 ),3,E-RICKSHAW(P),67,57,89,50,,,,,,,,,263
2024,Bihar,MUNGER - BR8( 06-FEB-2018 ),4,E-RICKSHAW WITH CART (G),1,0,1,0,,,,,,,,,2
2024,Bihar,MUNGER - BR8( 06-FEB-2018 ),5,FIRE FIGHTING VEHICLE,0,0,0,1,,,,,,,,,1
2024,Bihar,MUNGER - BR8( 06-FEB-2018 ),6,GOODS CARRIER,7,9,12,3,,,,,,,,,31
2024,Bihar,MUNGER - BR8( 06-FEB-2018 ),7,MAXI CAB,0,0,0,1,,,,,,,,,1
2024,Bihar,MUNGER - BR8( 06-FEB-2018 ),8,M-CYCLE/SCOOTER,524,602,837,694,,,,,,,,,"2,657"
2024,Bihar,MUNGER - BR8( 06-FEB-2018 ),9,MOPED,1,4,2,0,,,,,,,,,7
2024,Bihar,MUNGER - BR8( 06-FEB-2018 ),10,MOTOR CAB,0,0,0,1,,,,,,,,,1
2024,Bihar,MUNGER - BR8( 06-FEB-2018 ),11,MOTOR CAR,32,20,18,14,,,,,,,,,84
2024,Bihar,MUNGER - BR8( 06-FEB-2018 ),12,THREE WHEELER (GOODS),3,4,6,0,,,,,,,,,13
2024,Bihar,MUNGER - BR8( 06-FEB-2018 ),13,THREE WHEELER (PASSENGER),12,11,14,4,,,,,,,,,41
2024,Bihar,MUNGER - BR8( 06-FEB-2018 ),14,TRACTOR (COMMERCIAL),16,1,29,2,,,,,,,,,48
2024,Bihar,MUNGER - BR8( 06-FEB-2018 ),15,TRAILER (COMMERCIAL),3,1,0,1,,,,,,,,,5
2024,Bihar,MUZAFFARPUR - BR6( 01-FEB-2018 ),1,AGRICULTURAL TRACTOR,72,79,97,66,,,,,,,,,314
2024,Bihar,MUZAFFARPUR - BR6( 01-FEB-2018 ),2,ARTICULATED VEHICLE,0,4,0,0,,,,,,,,,4
2024,Bihar,MUZAFFARPUR - BR6( 01-FEB-2018 ),3,BUS,43,17,15,26,,,,,,,,,101
2024,Bihar,MUZAFFARPUR - BR6( 01-FEB-2018 ),4,CONSTRUCTION EQUIPMENT VEHICLE,4,13,10,4,,,,,,,,,31
2024,Bihar,MUZAFFARPUR - BR6( 01-FEB-2018 ),5,EARTH MOVING EQUIPMENT,0,0,2,0,,,,,,,,,2
2024,Bihar,MUZAFFARPUR - BR6( 01-FEB-2018 ),6,E-RICKSHAW(P),248,301,314,171,,,,,,,,,"1,034"
2024,Bihar,MUZAFFARPUR - BR6( 01-FEB-2018 ),7,E-RICKSHAW WITH CART (G),9,16,18,17,,,,,,,,,60
2024,Bihar,MUZAFFARPUR - BR6( 01-FEB-2018 ),8,FIRE FIGHTING VEHICLE,0,0,1,0,,,,,,,,,1
2024,Bihar,MUZAFFARPUR - BR6( 01-FEB-2018 ),9,GOODS CARRIER,197,245,329,248,,,,,,,,,"1,019"
2024,Bihar,MUZAFFARPUR - BR6( 01-FEB-2018 ),10,MAXI CAB,5,3,7,8,,,,,,,,,23
2024,Bihar,MUZAFFARPUR - BR6( 01-FEB-2018 ),11,M-CYCLE/SCOOTER,"4,884","5,585","6,996","5,541",,,,,,,,,"23,006"
2024,Bihar,MUZAFFARPUR - BR6( 01-FEB-2018 ),12,M-CYCLE/SCOOTER-WITH SIDE CAR,0,2,3,3,,,,,,,,,8
2024,Bihar,MUZAFFARPUR - BR6( 01-FEB-2018 ),13,MOPED,201,151,194,73,,,,,,,,,619
2024,Bihar,MUZAFFARPUR - BR6( 01-FEB-2018 ),14,MOTOR CAB,9,5,8,5,,,,,,,,,27
2024,Bihar,MUZAFFARPUR - BR6( 01-FEB-2018 ),15,MOTOR CAR,733,729,675,400,,,,,,,,,"2,537"
2024,Bihar,MUZAFFARPUR - BR6( 01-FEB-2018 ),16,MOTORISED CYCLE (CC > 25CC),0,0,3,0,,,,,,,,,3
2024,Bihar,MUZAFFARPUR - BR6( 01-FEB-2018 ),17,OMNI BUS,0,0,0,1,,,,,,,,,1
2024,Bihar,MUZAFFARPUR - BR6( 01-FEB-2018 ),18,OMNI BUS (PRIVATE USE),1,0,4,0,,,,,,,,,5
2024,Bihar,MUZAFFARPUR - BR6( 01-FEB-2018 ),19,THREE WHEELER (GOODS),95,201,121,98,,,,,,,,,515
2024,Bihar,MUZAFFARPUR - BR6( 01-FEB-2018 ),20,THREE WHEELER (PASSENGER),403,297,268,158,,,,,,,,,"1,126"
2024,Bihar,MUZAFFARPUR - BR6( 01-FEB-2018 ),21,TRACTOR (COMMERCIAL),27,37,28,20,,,,,,,,,112
2024,Bihar,MUZAFFARPUR - BR6( 01-FEB-2018 ),22,TRAILER (AGRICULTURAL),0,0,1,0,,,,,,,,,1
2024,Bihar,MUZAFFARPUR - BR6( 01-FEB-2018 ),23,TRAILER (COMMERCIAL),3,6,8,2,,,,,,,,,19
2024,Bihar,NALANDA - BR21( 01-FEB-2018 ),1,AGRICULTURAL TRACTOR,18,22,30,12,,,,,,,,,82
2024,Bihar,NALANDA - BR21( 01-FEB-2018 ),2,BUS,2,7,6,4,,,,,,,,,19
2024,Bihar,NALANDA - BR21( 01-FEB-2018 ),3,CONSTRUCTION EQUIPMENT VEHICLE,2,1,6,1,,,,,,,,,10
2024,Bihar,NALANDA - BR21( 01-FEB-2018 ),4,E-RICKSHAW(P),317,272,188,150,,,,,,,,,927
2024,Bihar,NALANDA - BR21( 01-FEB-2018 ),5,E-RICKSHAW WITH CART (G),2,0,3,0,,,,,,,,,5
2024,Bihar,NALANDA - BR21( 01-FEB-2018 ),6,GOODS CARRIER,16,14,16,12,,,,,,,,,58
2024,Bihar,NALANDA - BR21( 01-FEB-2018 ),7,HARVESTER,0,1,6,3,,,,,,,,,10
2024,Bihar,NALANDA - BR21( 01-FEB-2018 ),8,MAXI CAB,1,0,1,0,,,,,,,,,2
2024,Bihar,NALANDA - BR21( 01-FEB-2018 ),9,M-CYCLE/SCOOTER,"1,147","1,482","1,874","2,112",,,,,,,,,"6,615"
2024,Bihar,NALANDA - BR21( 01-FEB-2018 ),10,M-CYCLE/SCOOTER-WITH SIDE CAR,1,0,1,1,,,,,,,,,3
2024,Bihar,NALANDA - BR21( 01-FEB-2018 ),11,MOPED,67,70,72,33,,,,,,,,,242
2024,Bihar,NALANDA - BR21( 01-FEB-2018 ),12,MOTOR CAB,2,1,3,1,,,,,,,,,7
2024,Bihar,NALANDA - BR21( 01-FEB-2018 ),13,MOTOR CAR,59,53,44,36,,,,,,,,,192
2024,Bihar,NALANDA - BR21( 01-FEB-2018 ),14,THREE WHEELER (GOODS),3,8,16,2,,,,,,,,,29
2024,Bihar,NALANDA - BR21( 01-FEB-2018 ),15,THREE WHEELER (PASSENGER),54,24,38,13,,,,,,,,,129
2024,Bihar,NALANDA - BR21( 01-FEB-2018 ),16,TRACTOR (COMMERCIAL),48,54,68,25,,,,,,,,,195
2024,Bihar,NALANDA - BR21( 01-FEB-2018 ),17,TRAILER (AGRICULTURAL),2,0,0,0,,,,,,,,,2
2024,Bihar,NALANDA - BR21( 01-FEB-2018 ),18,TRAILER (COMMERCIAL),22,21,43,17,,,,,,,,,103
2024,Bihar,NAWADA - BR27( 30-JAN-2018 ),1,AGRICULTURAL TRACTOR,29,17,29,19,,,,,,,,,94
2024,Bihar,NAWADA - BR27( 30-JAN-2018 ),2,ARTICULATED VEHICLE,1,3,1,0,,,,,,,,,5
2024,Bihar,NAWADA - BR27( 30-JAN-2018 ),3,BUS,2,8,2,1,,,,,,,,,13
2024,Bihar,NAWADA - BR27( 30-JAN-2018 ),4,CONSTRUCTION EQUIPMENT VEHICLE,1,2,4,1,,,,,,,,,8
2024,Bihar,NAWADA - BR27( 30-JAN-2018 ),5,E-RICKSHAW(P),317,244,230,145,,,,,,,,,936
2024,Bihar,NAWADA - BR27( 30-JAN-2018 ),6,E-RICKSHAW WITH CART (G),1,1,0,0,,,,,,,,,2
2024,Bihar,NAWADA - BR27( 30-JAN-2018 ),7,GOODS CARRIER,45,31,37,32,,,,,,,,,145
2024,Bihar,NAWADA - BR27( 30-JAN-2018 ),8,HARVESTER,0,1,1,0,,,,,,,,,2
2024,Bihar,NAWADA - BR27( 30-JAN-2018 ),9,MAXI CAB,0,0,4,3,,,,,,,,,7
2024,Bihar,NAWADA - BR27( 30-JAN-2018 ),10,M-CYCLE/SCOOTER,762,"1,022","1,379","1,349",,,,,,,,,"4,512"
2024,Bihar,NAWADA - BR27( 30-JAN-2018 ),11,M-CYCLE/SCOOTER-WITH SIDE CAR,0,1,0,0,,,,,,,,,1
2024,Bihar,NAWADA - BR27( 30-JAN-2018 ),12,MOPED,32,32,27,8,,,,,,,,,99
2024,Bihar,NAWADA - BR27( 30-JAN-2018 ),13,MOTOR CAB,1,1,1,0,,,,,,,,,3
2024,Bihar,NAWADA - BR27( 30-JAN-2018 ),14,MOTOR CAR,40,42,46,31,,,,,,,,,159
2024,Bihar,NAWADA - BR27( 30-JAN-2018 ),15,MOTORISED CYCLE (CC > 25CC),61,72,138,250,,,,,,,,,521
2024,Bihar,NAWADA - BR27( 30-JAN-2018 ),16,THREE WHEELER (GOODS),1,5,2,1,,,,,,,,,9
2024,Bihar,NAWADA - BR27( 30-JAN-2018 ),17,THREE WHEELER (PASSENGER),20,13,12,11,,,,,,,,,56
2024,Bihar,NAWADA - BR27( 30-JAN-2018 ),18,TRACTOR (COMMERCIAL),35,41,41,28,,,,,,,,,145
2024,Bihar,NAWADA - BR27( 30-JAN-2018 ),19,TRAILER (COMMERCIAL),36,19,16,0,,,,,,,,,71
2024,Bihar,PATNA - BR1( 02-FEB-2018 ),1,AGRICULTURAL TRACTOR,34,26,21,10,,,,,,,,,91
2024,Bihar,PATNA - BR1( 02-FEB-2018 ),2,AMBULANCE,6,1,4,1,,,,,,,,,12
2024,Bihar,PATNA - BR1( 02-FEB-2018 ),3,BUS,35,32,24,32,,,,,,,,,123
2024,Bihar,PATNA - BR1( 02-FEB-2018 ),4,CONSTRUCTION EQUIPMENT VEHICLE,28,35,42,30,,,,,,,,,135
2024,Bihar,PATNA - BR1( 02-FEB-2018 ),5,EARTH MOVING EQUIPMENT,0,0,1,0,,,,,,,,,1
2024,Bihar,PATNA - BR1( 02-FEB-2018 ),6,E-RICKSHAW(P),515,505,453,414,,,,,,,,,"1,887"
2024,Bihar,PATNA - BR1( 02-FEB-2018 ),7,E-RICKSHAW WITH CART (G),36,25,53,19,,,,,,,,,133
2024,Bihar,PATNA - BR1( 02-FEB-2018 ),8,GOODS CARRIER,404,284,354,301,,,,,,,,,"1,343"
2024,Bihar,PATNA - BR1( 02-FEB-2018 ),9,HARVESTER,1,0,1,1,,,,,,,,,3
2024,Bihar,PATNA - BR1( 02-FEB-2018 ),10,MAXI CAB,14,11,10,8,,,,,,,,,43
2024,Bihar,PATNA - BR1( 02-FEB-2018 ),11,M-CYCLE/SCOOTER,"6,814","7,779","9,554","7,624",,,,,,,,,"31,771"
2024,Bihar,PATNA - BR1( 02-FEB-2018 ),12,M-CYCLE/SCOOTER-WITH SIDE CAR,45,56,44,45,,,,,,,,,190
2024,Bihar,PATNA - BR1( 02-FEB-2018 ),13,MOPED,130,127,130,81,,,,,,,,,468
2024,Bihar,PATNA - BR1( 02-FEB-2018 ),14,MOTOR CAB,115,114,99,92,,,,,,,,,420
2024,Bihar,PATNA - BR1( 02-FEB-2018 ),15,MOTOR CAR,"2,885","2,919","2,983","1,832",,,,,,,,,"10,619"
2024,Bihar,PATNA - BR1( 02-FEB-2018 ),16,MOTORISED CYCLE (CC > 25CC),0,1,3,0,,,,,,,,,4
2024,Bihar,PATNA - BR1( 02-FEB-2018 ),17,OMNI BUS,6,11,9,12,,,,,,,,,38
2024,Bihar,PATNA - BR1( 02-FEB-2018 ),18,OMNI BUS (PRIVATE USE),1,1,0,0,,,,,,,,,2
2024,Bihar,PATNA - BR1( 02-FEB-2018 ),19,ROAD ROLLER,0,6,0,0,,,,,,,,,6
2024,Bihar,PATNA - BR1( 02-FEB-2018 ),20,THREE WHEELER (GOODS),149,180,158,67,,,,,,,,,554
2024,Bihar,PATNA - BR1( 02-FEB-2018 ),21,THREE WHEELER (PASSENGER),442,351,436,196,,,,,,,,,"1,425"
2024,Bihar,PATNA - BR1( 02-FEB-2018 ),22,TRACTOR (COMMERCIAL),103,97,110,61,,,,,,,,,371
2024,Bihar,PATNA - BR1( 02-FEB-2018 ),23,TRAILER (COMMERCIAL),68,65,84,50,,,,,,,,,267
2024,Bihar,PURNEA - BR11( 23-JAN-2018 ),1,AGRICULTURAL TRACTOR,126,109,124,126,,,,,,,,,485
2024,Bihar,PURNEA - BR11( 23-JAN-2018 ),2,AMBULANCE,0,1,0,0,,,,,,,,,1
2024,Bihar,PURNEA - BR11( 23-JAN-2018 ),3,BUS,3,4,2,8,,,,,,,,,17
2024,Bihar,PURNEA - BR11( 23-JAN-2018 ),4,CONSTRUCTION EQUIPMENT VEHICLE,28,19,19,12,,,,,,,,,78
2024,Bihar,PURNEA - BR11( 23-JAN-2018 ),5,E-RICKSHAW(P),282,218,282,111,,,,,,,,,893
2024,Bihar,PURNEA - BR11( 23-JAN-2018 ),6,E-RICKSHAW WITH CART (G),4,0,2,1,,,,,,,,,7
2024,Bihar,PURNEA - BR11( 23-JAN-2018 ),7,FIRE FIGHTING VEHICLE,0,0,1,0,,,,,,,,,1
2024,Bihar,PURNEA - BR11( 23-JAN-2018 ),8,GOODS CARRIER,85,69,91,52,,,,,,,,,297
2024,Bihar,PURNEA - BR11( 23-JAN-2018 ),9,MAXI CAB,4,1,1,1,,,,,,,,,7
2024,Bihar,PURNEA - BR11( 23-JAN-2018 ),10,M-CYCLE/SCOOTER,"3,125","3,224","3,771","2,066",,,,,,,,,"12,186"
2024,Bihar,PURNEA - BR11( 23-JAN-2018 ),11,M-CYCLE/SCOOTER-WITH SIDE CAR,18,22,26,12,,,,,,,,,78
2024,Bihar,PURNEA - BR11( 23-JAN-2018 ),12,MOPED,28,17,60,32,,,,,,,,,137
2024,Bihar,PURNEA - BR11( 23-JAN-2018 ),13,MOTOR CAB,3,3,7,0,,,,,,,,,13
2024,Bihar,PURNEA - BR11( 23-JAN-2018 ),14,MOTOR CAR,445,371,373,224,,,,,,,,,"1,413"
2024,Bihar,PURNEA - BR11( 23-JAN-2018 ),15,MOTORISED CYCLE (CC > 25CC),0,1,0,0,,,,,,,,,1
2024,Bihar,PURNEA - BR11( 23-JAN-2018 ),16,OMNI BUS (PRIVATE USE),2,0,0,0,,,,,,,,,2
2024,Bihar,PURNEA - BR11( 23-JAN-2018 ),17,THREE WHEELER (GOODS),25,25,43,10,,,,,,,,,103
2024,Bihar,PURNEA - BR11( 23-JAN-2018 ),18,THREE WHEELER (PASSENGER),132,114,152,57,,,,,,,,,455
2024,Bihar,PURNEA - BR11( 23-JAN-2018 ),19,TRACTOR (COMMERCIAL),54,41,60,44,,,,,,,,,199
2024,Bihar,PURNEA - BR11( 23-JAN-2018 ),20,TRAILER (COMMERCIAL),0,0,0,7,,,,,,,,,7
2024,Bihar,ROHTAS - BR24( 09-FEB-2018 ),1,AGRICULTURAL TRACTOR,72,75,76,45,,,,,,,,,268
2024,Bihar,ROHTAS - BR24( 09-FEB-2018 ),2,ARTICULATED VEHICLE,0,3,8,0,,,,,,,,,11
2024,Bihar,ROHTAS - BR24( 09-FEB-2018 ),3,BUS,5,12,7,3,,,,,,,,,27
2024,Bihar,ROHTAS - BR24( 09-FEB-2018 ),4,CONSTRUCTION EQUIPMENT VEHICLE,5,5,5,3,,,,,,,,,18
2024,Bihar,ROHTAS - BR24( 09-FEB-2018 ),5,E-RICKSHAW(P),103,103,122,83,,,,,,,,,411
2024,Bihar,ROHTAS - BR24( 09-FEB-2018 ),6,E-RICKSHAW WITH CART (G),1,3,3,3,,,,,,,,,10
2024,Bihar,ROHTAS - BR24( 09-FEB-2018 ),7,GOODS CARRIER,90,146,214,185,,,,,,,,,635
2024,Bihar,ROHTAS - BR24( 09-FEB-2018 ),8,HARVESTER,3,5,39,16,,,,,,,,,63
2024,Bihar,ROHTAS - BR24( 09-FEB-2018 ),9,MAXI CAB,5,2,3,0,,,,,,,,,10
2024,Bihar,ROHTAS - BR24( 09-FEB-2018 ),10,M-CYCLE/SCOOTER,"1,761","2,219","2,274","1,942",,,,,,,,,"8,196"
2024,Bihar,ROHTAS - BR24( 09-FEB-2018 ),11,M-CYCLE/SCOOTER-WITH SIDE CAR,0,4,2,6,,,,,,,,,12
2024,Bihar,ROHTAS - BR24( 09-FEB-2018 ),12,MOPED,18,35,13,18,,,,,,,,,84
2024,Bihar,ROHTAS - BR24( 09-FEB-2018 ),13,MOTOR CAB,1,2,2,0,,,,,,,,,5
2024,Bihar,ROHTAS - BR24( 09-FEB-2018 ),14,MOTOR CAR,121,126,97,78,,,,,,,,,422
2024,Bihar,ROHTAS - BR24( 09-FEB-2018 ),15,OMNI BUS,2,0,0,0,,,,,,,,,2
2024,Bihar,ROHTAS - BR24( 09-FEB-2018 ),16,THREE WHEELER (GOODS),5,8,10,5,,,,,,,,,28
2024,Bihar,ROHTAS - BR24( 09-FEB-2018 ),17,THREE WHEELER (PASSENGER),110,111,114,48,,,,,,,,,383
2024,Bihar,ROHTAS - BR24( 09-FEB-2018 ),18,TRACTOR (COMMERCIAL),11,12,12,7,,,,,,,,,42
2024,Bihar,ROHTAS - BR24( 09-FEB-2018 ),19,TRAILER (COMMERCIAL),23,18,13,13,,,,,,,,,67
2024,Bihar,SAHARSA - BR19( 29-JAN-2018 ),1,AGRICULTURAL TRACTOR,28,18,20,5,,,,,,,,,71
2024,Bihar,SAHARSA - BR19( 29-JAN-2018 ),2,BUS,0,0,0,2,,,,,,,,,2
2024,Bihar,SAHARSA - BR19( 29-JAN-2018 ),3,CONSTRUCTION EQUIPMENT VEHICLE,1,1,0,0,,,,,,,,,2
2024,Bihar,SAHARSA - BR19( 29-JAN-2018 ),4,E-RICKSHAW(P),137,107,136,87,,,,,,,,,467
2024,Bihar,SAHARSA - BR19( 29-JAN-2018 ),5,E-RICKSHAW WITH CART (G),5,0,0,3,,,,,,,,,8
2024,Bihar,SAHARSA - BR19( 29-JAN-2018 ),6,GOODS CARRIER,20,12,10,12,,,,,,,,,54
2024,Bihar,SAHARSA - BR19( 29-JAN-2018 ),7,MAXI CAB,0,1,1,6,,,,,,,,,8
2024,Bihar,SAHARSA - BR19( 29-JAN-2018 ),8,M-CYCLE/SCOOTER,"1,143","1,198","1,447",955,,,,,,,,,"4,743"
2024,Bihar,SAHARSA - BR19( 29-JAN-2018 ),9,M-CYCLE/SCOOTER-WITH SIDE CAR,0,1,1,1,,,,,,,,,3
2024,Bihar,SAHARSA - BR19( 29-JAN-2018 ),10,MOPED,19,11,2,2,,,,,,,,,34
2024,Bihar,SAHARSA - BR19( 29-JAN-2018 ),11,MOTOR CAB,7,2,3,3,,,,,,,,,15
2024,Bihar,SAHARSA - BR19( 29-JAN-2018 ),12,MOTOR CAR,64,56,68,48,,,,,,,,,236
2024,Bihar,SAHARSA - BR19( 29-JAN-2018 ),13,THREE WHEELER (GOODS),1,2,3,0,,,,,,,,,6
2024,Bihar,SAHARSA - BR19( 29-JAN-2018 ),14,THREE WHEELER (PASSENGER),42,25,49,37,,,,,,,,,153
2024,Bihar,SAHARSA - BR19( 29-JAN-2018 ),15,TRACTOR (COMMERCIAL),31,36,31,11,,,,,,,,,109
2024,Bihar,SAHARSA - BR19( 29-JAN-2018 ),16,TRAILER (COMMERCIAL),1,5,0,6,,,,,,,,,12
2024,Bihar,SAMASTIPUR - BR33( 06-JUL-2017 ),1,AGRICULTURAL TRACTOR,73,78,75,44,,,,,,,,,270
2024,Bihar,SAMASTIPUR - BR33( 06-JUL-2017 ),2,AMBULANCE,0,1,0,0,,,,,,,,,1
2024,Bihar,SAMASTIPUR - BR33( 06-JUL-2017 ),3,BUS,0,5,12,7,,,,,,,,,24
2024,Bihar,SAMASTIPUR - BR33( 06-JUL-2017 ),4,CONSTRUCTION EQUIPMENT VEHICLE,4,4,1,1,,,,,,,,,10
2024,Bihar,SAMASTIPUR - BR33( 06-JUL-2017 ),5,E-RICKSHAW(P),316,309,310,267,,,,,,,,,"1,202"
2024,Bihar,SAMASTIPUR - BR33( 06-JUL-2017 ),6,E-RICKSHAW WITH CART (G),11,9,6,10,,,,,,,,,36
2024,Bihar,SAMASTIPUR - BR33( 06-JUL-2017 ),7,GOODS CARRIER,22,31,22,19,,,,,,,,,94
2024,Bihar,SAMASTIPUR - BR33( 06-JUL-2017 ),8,MAXI CAB,1,0,1,0,,,,,,,,,2
2024,Bihar,SAMASTIPUR - BR33( 06-JUL-2017 ),9,M-CYCLE/SCOOTER,"2,459","2,882","3,895","3,487",,,,,,,,,"12,723"
2024,Bihar,SAMASTIPUR - BR33( 06-JUL-2017 ),10,M-CYCLE/SCOOTER-WITH SIDE CAR,0,0,0,1,,,,,,,,,1
2024,Bihar,SAMASTIPUR - BR33( 06-JUL-2017 ),11,MOPED,64,36,50,18,,,,,,,,,168
2024,Bihar,SAMASTIPUR - BR33( 06-JUL-2017 ),12,MOTOR CAB,1,0,3,1,,,,,,,,,5
2024,Bihar,SAMASTIPUR - BR33( 06-JUL-2017 ),13,MOTOR CAR,73,62,47,35,,,,,,,,,217
2024,Bihar,SAMASTIPUR - BR33( 06-JUL-2017 ),14,OMNI BUS,0,1,0,1,,,,,,,,,2
2024,Bihar,SAMASTIPUR - BR33( 06-JUL-2017 ),15,THREE WHEELER (GOODS),16,15,22,4,,,,,,,,,57
2024,Bihar,SAMASTIPUR - BR33( 06-JUL-2017 ),16,THREE WHEELER (PASSENGER),69,53,80,38,,,,,,,,,240
2024,Bihar,SAMASTIPUR - BR33( 06-JUL-2017 ),17,TRACTOR (COMMERCIAL),14,19,26,13,,,,,,,,,72
2024,Bihar,SAMASTIPUR - BR33( 06-JUL-2017 ),18,TRAILER (AGRICULTURAL),2,0,0,0,,,,,,,,,2
2024,Bihar,SAMASTIPUR - BR33( 06-JUL-2017 ),19,TRAILER (COMMERCIAL),15,6,6,9,,,,,,,,,36
2024,Bihar,SHEIKHPURA - BR52( 17-JUL-2017 ),1,AGRICULTURAL TRACTOR,4,0,14,2,,,,,,,,,20
2024,Bihar,SHEIKHPURA - BR52( 17-JUL-2017 ),2,BUS,3,2,2,1,,,,,,,,,8
2024,Bihar,SHEIKHPURA - BR52( 17-JUL-2017 ),3,CONSTRUCTION EQUIPMENT VEHICLE,0,0,0,1,,,,,,,,,1
2024,Bihar,SHEIKHPURA - BR52( 17-JUL-2017 ),4,E-RICKSHAW(P),44,33,43,23,,,,,,,,,143
2024,Bihar,SHEIKHPURA - BR52( 17-JUL-2017 ),5,GOODS CARRIER,3,5,16,9,,,,,,,,,33
2024,Bihar,SHEIKHPURA - BR52( 17-JUL-2017 ),6,MAXI CAB,0,1,0,0,,,,,,,,,1
2024,Bihar,SHEIKHPURA - BR52( 17-JUL-2017 ),7,M-CYCLE/SCOOTER,236,294,390,398,,,,,,,,,"1,318"
2024,Bihar,SHEIKHPURA - BR52( 17-JUL-2017 ),8,M-CYCLE/SCOOTER-WITH SIDE CAR,0,1,0,1,,,,,,,,,2
2024,Bihar,SHEIKHPURA - BR52( 17-JUL-2017 ),9,MOPED,11,16,6,4,,,,,,,,,37
2024,Bihar,SHEIKHPURA - BR52( 17-JUL-2017 ),10,MOTOR CAB,0,2,0,0,,,,,,,,,2
2024,Bihar,SHEIKHPURA - BR52( 17-JUL-2017 ),11,MOTOR CAR,5,5,6,4,,,,,,,,,20
2024,Bihar,SHEIKHPURA - BR52( 17-JUL-2017 ),12,MOTORISED CYCLE (CC > 25CC),1,0,0,0,,,,,,,,,1
2024,Bihar,SHEIKHPURA - BR52( 17-JUL-2017 ),13,THREE WHEELER (GOODS),1,1,0,1,,,,,,,,,3
2024,Bihar,SHEIKHPURA - BR52( 17-JUL-2017 ),14,THREE WHEELER (PASSENGER),8,6,8,1,,,,,,,,,23
2024,Bihar,SHEIKHPURA - BR52( 17-JUL-2017 ),15,TRACTOR (COMMERCIAL),7,19,20,10,,,,,,,,,56
2024,Bihar,SHEIKHPURA - BR52( 17-JUL-2017 ),16,TRAILER (COMMERCIAL),16,12,47,5,,,,,,,,,80
2024,Bihar,SHEOHAR - BR55( 07-JUN-2017 ),1,AGRICULTURAL TRACTOR,4,5,6,2,,,,,,,,,17
2024,Bihar,SHEOHAR - BR55( 07-JUN-2017 ),2,CONSTRUCTION EQUIPMENT VEHICLE,0,1,0,0,,,,,,,,,1
2024,Bihar,SHEOHAR - BR55( 07-JUN-2017 ),3,E-RICKSHAW(P),8,8,6,24,,,,,,,,,46
2024,Bihar,SHEOHAR - BR55( 07-JUN-2017 ),4,GOODS CARRIER,1,0,1,0,,,,,,,,,2
2024,Bihar,SHEOHAR - BR55( 07-JUN-2017 ),5,MAXI CAB,0,0,3,1,,,,,,,,,4
2024,Bihar,SHEOHAR - BR55( 07-JUN-2017 ),6,M-CYCLE/SCOOTER,253,304,304,300,,,,,,,,,"1,161"
2024,Bihar,SHEOHAR - BR55( 07-JUN-2017 ),7,M-CYCLE/SCOOTER-WITH SIDE CAR,1,0,1,0,,,,,,,,,2
2024,Bihar,SHEOHAR - BR55( 07-JUN-2017 ),8,MOTOR CAR,3,4,5,5,,,,,,,,,17
2024,Bihar,SHEOHAR - BR55( 07-JUN-2017 ),9,THREE WHEELER (GOODS),2,1,2,0,,,,,,,,,5
2024,Bihar,SHEOHAR - BR55( 07-JUN-2017 ),10,TRACTOR (COMMERCIAL),3,5,3,2,,,,,,,,,13
2024,Bihar,SHEOHAR - BR55( 07-JUN-2017 ),11,TRAILER (COMMERCIAL),2,0,1,3,,,,,,,,,6
2024,Bihar,SITAMARHI - BR30( 29-JAN-2018 ),1,AGRICULTURAL TRACTOR,46,35,55,16,,,,,,,,,152
2024,Bihar,SITAMARHI - BR30( 29-JAN-2018 ),2,BUS,0,9,2,0,,,,,,,,,11
2024,Bihar,SITAMARHI - BR30( 29-JAN-2018 ),3,CONSTRUCTION EQUIPMENT VEHICLE,2,2,4,1,,,,,,,,,9
2024,Bihar,SITAMARHI - BR30( 29-JAN-2018 ),4,E-RICKSHAW(P),158,131,147,136,,,,,,,,,572
2024,Bihar,SITAMARHI - BR30( 29-JAN-2018 ),5,E-RICKSHAW WITH CART (G),1,0,5,0,,,,,,,,,6
2024,Bihar,SITAMARHI - BR30( 29-JAN-2018 ),6,GOODS CARRIER,4,11,7,9,,,,,,,,,31
2024,Bihar,SITAMARHI - BR30( 29-JAN-2018 ),7,M-CYCLE/SCOOTER,"1,604","2,330","2,930","1,771",,,,,,,,,"8,635"
2024,Bihar,SITAMARHI - BR30( 29-JAN-2018 ),8,M-CYCLE/SCOOTER-WITH SIDE CAR,118,99,152,74,,,,,,,,,443
2024,Bihar,SITAMARHI - BR30( 29-JAN-2018 ),9,MOPED,9,0,7,1,,,,,,,,,17
2024,Bihar,SITAMARHI - BR30( 29-JAN-2018 ),10,MOTOR CAB,0,0,0,2,,,,,,,,,2
2024,Bihar,SITAMARHI - BR30( 29-JAN-2018 ),11,MOTOR CAR,32,22,27,26,,,,,,,,,107
2024,Bihar,SITAMARHI - BR30( 29-JAN-2018 ),12,OMNI BUS,1,0,0,0,,,,,,,,,1
2024,Bihar,SITAMARHI - BR30( 29-JAN-2018 ),13,THREE WHEELER (GOODS),5,5,3,2,,,,,,,,,15
2024,Bihar,SITAMARHI - BR30( 29-JAN-2018 ),14,THREE WHEELER (PASSENGER),16,22,19,4,,,,,,,,,61
2024,Bihar,SITAMARHI - BR30( 29-JAN-2018 ),15,TRACTOR (COMMERCIAL),6,21,8,3,,,,,,,,,38
2024,Bihar,SITAMARHI - BR30( 29-JAN-2018 ),16,TRAILER (COMMERCIAL),4,15,5,5,,,,,,,,,29
2024,Bihar,SIWAN - BR29( 29-JAN-2018 ),1,AGRICULTURAL TRACTOR,90,74,100,63,,,,,,,,,327
2024,Bihar,SIWAN - BR29( 29-JAN-2018 ),2,AMBULANCE,1,0,0,0,,,,,,,,,1
2024,Bihar,SIWAN - BR29( 29-JAN-2018 ),3,ARTICULATED VEHICLE,0,0,1,0,,,,,,,,,1
2024,Bihar,SIWAN - BR29( 29-JAN-2018 ),4,BUS,0,6,2,6,,,,,,,,,14
2024,Bihar,SIWAN - BR29( 29-JAN-2018 ),5,CONSTRUCTION EQUIPMENT VEHICLE,2,5,2,1,,,,,,,,,10
2024,Bihar,SIWAN - BR29( 29-JAN-2018 ),6,E-RICKSHAW(P),126,160,170,94,,,,,,,,,550
2024,Bihar,SIWAN - BR29( 29-JAN-2018 ),7,E-RICKSHAW WITH CART (G),0,2,1,3,,,,,,,,,6
2024,Bihar,SIWAN - BR29( 29-JAN-2018 ),8,GOODS CARRIER,58,64,46,43,,,,,,,,,211
2024,Bihar,SIWAN - BR29( 29-JAN-2018 ),9,HARVESTER,0,0,4,1,,,,,,,,,5
2024,Bihar,SIWAN - BR29( 29-JAN-2018 ),10,MAXI CAB,0,0,17,2,,,,,,,,,19
2024,Bihar,SIWAN - BR29( 29-JAN-2018 ),11,M-CYCLE/SCOOTER,"2,181","2,762","3,149","2,797",,,,,,,,,"10,889"
2024,Bihar,SIWAN - BR29( 29-JAN-2018 ),12,M-CYCLE/SCOOTER-WITH SIDE CAR,1,2,1,1,,,,,,,,,5
2024,Bihar,SIWAN - BR29( 29-JAN-2018 ),13,MOPED,60,58,54,24,,,,,,,,,196
2024,Bihar,SIWAN - BR29( 29-JAN-2018 ),14,MOTOR CAB,1,0,0,1,,,,,,,,,2
2024,Bihar,SIWAN - BR29( 29-JAN-2018 ),15,MOTOR CAR,129,131,132,100,,,,,,,,,492
2024,Bihar,SIWAN - BR29( 29-JAN-2018 ),16,MOTORISED CYCLE (CC > 25CC),12,5,18,2,,,,,,,,,37
2024,Bihar,SIWAN - BR29( 29-JAN-2018 ),17,OMNI BUS,0,0,1,0,,,,,,,,,1
2024,Bihar,SIWAN - BR29( 29-JAN-2018 ),18,THREE WHEELER (GOODS),1,6,12,3,,,,,,,,,22
2024,Bihar,SIWAN - BR29( 29-JAN-2018 ),19,THREE WHEELER (PASSENGER),50,19,38,25,,,,,,,,,132
2024,Bihar,SIWAN - BR29( 29-JAN-2018 ),20,TRACTOR (COMMERCIAL),13,10,11,9,,,,,,,,,43
2024,Bihar,SIWAN - BR29( 29-JAN-2018 ),21,TRAILER (COMMERCIAL),11,5,1,5,,,,,,,,,22
2024,Bihar,SUPAUL - BR50( 29-JAN-2018 ),1,AGRICULTURAL TRACTOR,25,23,49,11,,,,,,,,,108
2024,Bihar,SUPAUL - BR50( 29-JAN-2018 ),2,BUS,0,1,0,0,,,,,,,,,1
2024,Bihar,SUPAUL - BR50( 29-JAN-2018 ),3,CONSTRUCTION EQUIPMENT VEHICLE,1,0,2,1,,,,,,,,,4
2024,Bihar,SUPAUL - BR50( 29-JAN-2018 ),4,E-RICKSHAW(P),167,105,146,66,,,,,,,,,484
2024,Bihar,SUPAUL - BR50( 29-JAN-2018 ),5,E-RICKSHAW WITH CART (G),0,0,7,1,,,,,,,,,8
2024,Bihar,SUPAUL - BR50( 29-JAN-2018 ),6,GOODS CARRIER,23,27,24,20,,,,,,,,,94
2024,Bihar,SUPAUL - BR50( 29-JAN-2018 ),7,MAXI CAB,4,1,2,0,,,,,,,,,7
2024,Bihar,SUPAUL - BR50( 29-JAN-2018 ),8,M-CYCLE/SCOOTER,"2,496","3,091","3,972","1,825",,,,,,,,,"11,384"
2024,Bihar,SUPAUL - BR50( 29-JAN-2018 ),9,M-CYCLE/SCOOTER-WITH SIDE CAR,1,2,2,0,,,,,,,,,5
2024,Bihar,SUPAUL - BR50( 29-JAN-2018 ),10,MOPED,8,10,11,9,,,,,,,,,38
2024,Bihar,SUPAUL - BR50( 29-JAN-2018 ),11,MOTOR CAB,3,1,3,0,,,,,,,,,7
2024,Bihar,SUPAUL - BR50( 29-JAN-2018 ),12,MOTOR CAR,61,58,58,47,,,,,,,,,224
2024,Bihar,SUPAUL - BR50( 29-JAN-2018 ),13,OMNI BUS,0,0,1,0,,,,,,,,,1
2024,Bihar,SUPAUL - BR50( 29-JAN-2018 ),14,THREE WHEELER (GOODS),9,9,17,4,,,,,,,,,39
2024,Bihar,SUPAUL - BR50( 29-JAN-2018 ),15,THREE WHEELER (PASSENGER),40,43,59,26,,,,,,,,,168
2024,Bihar,SUPAUL - BR50( 29-JAN-2018 ),16,TRACTOR (COMMERCIAL),33,42,31,27,,,,,,,,,133
2024,Bihar,SUPAUL - BR50( 29-JAN-2018 ),17,TRAILER (COMMERCIAL),0,0,1,0,,,,,,,,,1
2024,Bihar,VAISHALI - BR31( 13-FEB-2018 ),1,AGRICULTURAL TRACTOR,20,29,37,25,,,,,,,,,111
2024,Bihar,VAISHALI - BR31( 13-FEB-2018 ),2,BUS,8,0,8,9,,,,,,,,,25
2024,Bihar,VAISHALI - BR31( 13-FEB-2018 ),3,CONSTRUCTION EQUIPMENT VEHICLE,4,2,8,2,,,,,,,,,16
2024,Bihar,VAISHALI - BR31( 13-FEB-2018 ),4,E-RICKSHAW(P),199,264,194,126,,,,,,,,,783
2024,Bihar,VAISHALI - BR31( 13-FEB-2018 ),5,E-RICKSHAW WITH CART (G),7,6,7,3,,,,,,,,,23
2024,Bihar,VAISHALI - BR31( 13-FEB-2018 ),6,GOODS CARRIER,23,22,15,15,,,,,,,,,75
2024,Bihar,VAISHALI - BR31( 13-FEB-2018 ),7,MAXI CAB,3,2,2,3,,,,,,,,,10
2024,Bihar,VAISHALI - BR31( 13-FEB-2018 ),8,M-CYCLE/SCOOTER,"2,307","2,158","2,670","2,588",,,,,,,,,"9,723"
2024,Bihar,VAISHALI - BR31( 13-FEB-2018 ),9,M-CYCLE/SCOOTER-WITH SIDE CAR,3,2,0,0,,,,,,,,,5
2024,Bihar,VAISHALI - BR31( 13-FEB-2018 ),10,MOPED,53,60,69,49,,,,,,,,,231
2024,Bihar,VAISHALI - BR31( 13-FEB-2018 ),11,MOTOR CAB,2,5,2,2,,,,,,,,,11
2024,Bihar,VAISHALI - BR31( 13-FEB-2018 ),12,MOTOR CAR,92,90,80,57,,,,,,,,,319
2024,Bihar,VAISHALI - BR31( 13-FEB-2018 ),13,MOTORISED CYCLE (CC > 25CC),2,0,1,0,,,,,,,,,3
2024,Bihar,VAISHALI - BR31( 13-FEB-2018 ),14,OMNI BUS,0,1,1,0,,,,,,,,,2
2024,Bihar,VAISHALI - BR31( 13-FEB-2018 ),15,THREE WHEELER (GOODS),6,13,23,4,,,,,,,,,46
2024,Bihar,VAISHALI - BR31( 13-FEB-2018 ),16,THREE WHEELER (PASSENGER),82,94,102,25,,,,,,,,,303
2024,Bihar,VAISHALI - BR31( 13-FEB-2018 ),17,TRACTOR (COMMERCIAL),12,22,27,15,,,,,,,,,76
2024,Bihar,VAISHALI - BR31( 13-FEB-2018 ),18,TRAILER (COMMERCIAL),10,11,4,5,,,,,,,,,30
2023,Bihar,ARARIA - BR38( 30-JAN-2018 ),1,AGRICULTURAL TRACTOR,1,4,26,2,23,57,19,0,3,2,0,7,144
2023,Bihar,ARARIA - BR38( 30-JAN-2018 ),2,BUS,0,0,0,8,1,1,1,0,1,5,0,0,17
2023,Bihar,ARARIA - BR38( 30-JAN-2018 ),3,E-RICKSHAW(P),75,98,133,78,87,114,134,168,150,189,186,218,"1,630"
2023,Bihar,ARARIA - BR38( 30-JAN-2018 ),4,E-RICKSHAW WITH CART (G),1,2,0,0,0,1,0,0,0,0,0,2,6
2023,Bihar,ARARIA - BR38( 30-JAN-2018 ),5,GOODS CARRIER,11,16,20,15,19,18,16,10,16,18,21,16,196
2023,Bihar,ARARIA - BR38( 30-JAN-2018 ),6,HARVESTER,0,0,0,0,0,0,0,0,0,1,0,0,1
2023,Bihar,ARARIA - BR38( 30-JAN-2018 ),7,MAXI CAB,0,0,0,0,0,1,4,3,2,1,0,0,11
2023,Bihar,ARARIA - BR38( 30-JAN-2018 ),8,M-CYCLE/SCOOTER,"2,218","2,803","2,197","1,861","2,855","3,702","2,968","2,825","2,370","1,895","4,217","2,759","32,670"
2023,Bihar,ARARIA - BR38( 30-JAN-2018 ),9,M-CYCLE/SCOOTER-WITH SIDE CAR,2,7,3,1,1,1,2,1,0,3,2,0,23
2023,Bihar,ARARIA - BR38( 30-JAN-2018 ),10,MOPED,0,0,0,0,1,0,0,0,0,0,1,3,5
2023,Bihar,ARARIA - BR38( 30-JAN-2018 ),11,MOTOR CAB,1,0,3,1,4,1,0,0,4,0,0,1,15
2023,Bihar,ARARIA - BR38( 30-JAN-2018 ),12,MOTOR CAR,70,61,64,82,70,107,75,69,78,108,143,79,"1,006"
2023,Bihar,ARARIA - BR38( 30-JAN-2018 ),13,MOTORISED CYCLE (CC > 25CC),0,0,0,0,0,1,0,0,0,0,1,0,2
2023,Bihar,ARARIA - BR38( 30-JAN-2018 ),14,OMNI BUS,0,0,0,0,0,0,2,0,1,0,0,0,3
2023,Bihar,ARARIA - BR38( 30-JAN-2018 ),15,OMNI BUS (PRIVATE USE),0,0,0,0,0,2,0,0,2,0,0,1,5
2023,Bihar,ARARIA - BR38( 30-JAN-2018 ),16,THREE WHEELER (GOODS),14,6,9,5,9,5,10,4,9,14,12,9,106
2023,Bihar,ARARIA - BR38( 30-JAN-2018 ),17,THREE WHEELER (PASSENGER),12,12,14,6,18,22,21,17,20,22,26,34,224
2023,Bihar,ARARIA - BR38( 30-JAN-2018 ),18,TRACTOR (COMMERCIAL),54,44,61,69,93,121,105,44,56,87,122,91,947
2023,Bihar,ARAWAL - BR56( 22-MAY-2017 ),1,AGRICULTURAL TRACTOR,8,7,15,6,11,13,7,1,9,3,14,21,115
2023,Bihar,ARAWAL - BR56( 22-MAY-2017 ),2,BUS,0,0,0,0,0,1,0,1,0,0,0,0,2
2023,Bihar,ARAWAL - BR56( 22-MAY-2017 ),3,CONSTRUCTION EQUIPMENT VEHICLE,0,1,0,2,2,0,0,0,1,0,1,0,7
2023,Bihar,ARAWAL - BR56( 22-MAY-2017 ),4,E-RICKSHAW(P),0,1,0,4,5,1,0,1,7,8,8,3,38
2023,Bihar,ARAWAL - BR56( 22-MAY-2017 ),5,E-RICKSHAW WITH CART (G),0,0,0,0,0,0,0,1,0,0,0,0,1
2023,Bihar,ARAWAL - BR56( 22-MAY-2017 ),6,GOODS CARRIER,0,1,3,1,2,0,1,0,1,0,6,0,15
2023,Bihar,ARAWAL - BR56( 22-MAY-2017 ),7,M-CYCLE/SCOOTER,171,216,319,252,617,368,169,118,148,142,359,174,"3,053"
2023,Bihar,ARAWAL - BR56( 22-MAY-2017 ),8,M-CYCLE/SCOOTER-WITH SIDE CAR,1,0,0,0,1,1,0,0,0,1,0,0,4
2023,Bihar,ARAWAL - BR56( 22-MAY-2017 ),9,MOPED,69,65,39,82,47,45,32,39,44,52,86,29,629
2023,Bihar,ARAWAL - BR56( 22-MAY-2017 ),10,MOTOR CAB,0,1,0,1,0,1,0,0,0,0,0,0,3
2023,Bihar,ARAWAL - BR56( 22-MAY-2017 ),11,MOTOR CAR,2,4,1,3,7,6,7,4,9,3,5,4,55
2023,Bihar,ARAWAL - BR56( 22-MAY-2017 ),12,MOTORISED CYCLE (CC > 25CC),0,0,0,0,0,0,0,0,0,1,0,0,1
2023,Bihar,ARAWAL - BR56( 22-MAY-2017 ),13,OMNI BUS (PRIVATE USE),0,0,0,0,0,0,1,0,0,0,0,0,1
2023,Bihar,ARAWAL - BR56( 22-MAY-2017 ),14,THREE WHEELER (GOODS),0,3,3,3,0,0,1,2,5,0,3,0,20
2023,Bihar,ARAWAL - BR56( 22-MAY-2017 ),15,THREE WHEELER (PASSENGER),1,0,4,3,0,2,2,1,9,2,6,5,35
2023,Bihar,ARAWAL - BR56( 22-MAY-2017 ),16,TRACTOR (COMMERCIAL),16,14,15,16,18,20,25,5,6,7,6,14,162
2023,Bihar,ARAWAL - BR56( 22-MAY-2017 ),17,TRAILER (COMMERCIAL),6,18,9,4,20,0,15,11,4,0,7,0,94
2023,Bihar,AURANGABAD - BR26( 13-JUN-2017 ),1,AGRICULTURAL TRACTOR,70,79,64,67,55,86,124,51,37,67,43,97,840
2023,Bihar,AURANGABAD - BR26( 13-JUN-2017 ),2,AMBULANCE,0,0,0,0,0,0,0,0,0,1,0,0,1
2023,Bihar,AURANGABAD - BR26( 13-JUN-2017 ),3,BUS,4,4,6,5,4,4,3,2,2,1,2,4,41
2023,Bihar,AURANGABAD - BR26( 13-JUN-2017 ),4,CONSTRUCTION EQUIPMENT VEHICLE,5,2,4,5,3,3,7,2,3,0,4,4,42
2023,Bihar,AURANGABAD - BR26( 13-JUN-2017 ),5,E-RICKSHAW(P),49,77,60,93,58,58,67,57,78,104,102,73,876
2023,Bihar,AURANGABAD - BR26( 13-JUN-2017 ),6,E-RICKSHAW WITH CART (G),1,4,3,0,3,1,4,1,2,4,4,2,29
2023,Bihar,AURANGABAD - BR26( 13-JUN-2017 ),7,FIRE FIGHTING VEHICLE,0,1,0,0,0,0,0,0,0,0,0,0,1
2023,Bihar,AURANGABAD - BR26( 13-JUN-2017 ),8,GOODS CARRIER,58,35,34,45,28,30,17,25,47,41,60,47,467
2023,Bihar,AURANGABAD - BR26( 13-JUN-2017 ),9,HARVESTER,2,0,3,3,1,0,0,0,0,0,2,3,14
2023,Bihar,AURANGABAD - BR26( 13-JUN-2017 ),10,MAXI CAB,0,0,0,0,0,0,2,4,2,0,2,3,13
2023,Bihar,AURANGABAD - BR26( 13-JUN-2017 ),11,M-CYCLE/SCOOTER,"1,039","1,101","1,795","2,245","2,682","1,041",676,636,876,837,"2,337",927,"16,192"
2023,Bihar,AURANGABAD - BR26( 13-JUN-2017 ),12,M-CYCLE/SCOOTER-WITH SIDE CAR,0,0,2,1,10,0,0,0,0,2,4,1,20
2023,Bihar,AURANGABAD - BR26( 13-JUN-2017 ),13,MOPED,88,94,109,78,69,69,68,62,79,48,143,60,967
2023,Bihar,AURANGABAD - BR26( 13-JUN-2017 ),14,MOTOR CAB,1,3,12,10,4,3,12,2,3,2,5,1,58
2023,Bihar,AURANGABAD - BR26( 13-JUN-2017 ),15,MOTOR CAR,89,48,76,63,84,55,60,70,60,95,122,44,866
2023,Bihar,AURANGABAD - BR26( 13-JUN-2017 ),16,OMNI BUS,0,0,0,0,0,1,4,1,1,0,0,0,7
2023,Bihar,AURANGABAD - BR26( 13-JUN-2017 ),17,OMNI BUS (PRIVATE USE),0,0,0,0,0,5,2,0,0,0,0,0,7
2023,Bihar,AURANGABAD - BR26( 13-JUN-2017 ),18,THREE WHEELER (GOODS),5,8,6,8,2,5,6,5,3,5,8,6,67
2023,Bihar,AURANGABAD - BR26( 13-JUN-2017 ),19,THREE WHEELER (PASSENGER),26,40,27,33,47,36,29,42,60,64,54,36,494
2023,Bihar,AURANGABAD - BR26( 13-JUN-2017 ),20,TRACTOR (COMMERCIAL),34,39,41,35,25,31,50,28,24,25,23,31,386
2023,Bihar,AURANGABAD - BR26( 13-JUN-2017 ),21,TRAILER (COMMERCIAL),28,65,24,18,56,23,20,30,27,43,18,27,379
2023,Bihar,BANKA - BR51( 06-FEB-2018 ),1,BUS,2,0,2,0,2,2,3,1,1,3,0,1,17
2023,Bihar,BANKA - BR51( 06-FEB-2018 ),2,CONSTRUCTION EQUIPMENT VEHICLE,0,1,0,0,0,0,1,0,1,0,1,1,5
2023,Bihar,BANKA - BR51( 06-FEB-2018 ),3,E-RICKSHAW(P),85,91,92,63,113,101,111,71,98,168,97,126,"1,216"
2023,Bihar,BANKA - BR51( 06-FEB-2018 ),4,E-RICKSHAW WITH CART (G),0,0,0,0,0,0,0,1,0,0,0,0,1
2023,Bihar,BANKA - BR51( 06-FEB-2018 ),5,GOODS CARRIER,20,24,18,19,10,22,14,13,12,15,22,14,203
2023,Bihar,BANKA - BR51( 06-FEB-2018 ),6,HARVESTER,1,0,3,0,0,0,0,0,0,0,0,0,4
2023,Bihar,BANKA - BR51( 06-FEB-2018 ),7,MAXI CAB,0,0,0,0,2,0,0,2,0,0,0,0,4
2023,Bihar,BANKA - BR51( 06-FEB-2018 ),8,M-CYCLE/SCOOTER,731,691,"1,018",813,"1,542",972,762,441,609,654,"1,756",802,"10,791"
2023,Bihar,BANKA - BR51( 06-FEB-2018 ),9,M-CYCLE/SCOOTER-WITH SIDE CAR,0,0,0,0,0,0,1,0,1,0,0,1,3
2023,Bihar,BANKA - BR51( 06-FEB-2018 ),10,MOPED,9,2,4,3,4,7,14,3,10,7,16,10,89
2023,Bihar,BANKA - BR51( 06-FEB-2018 ),11,MOTOR CAB,0,0,3,1,0,2,0,1,2,0,1,0,10
2023,Bihar,BANKA - BR51( 06-FEB-2018 ),12,MOTOR CAR,20,20,16,20,15,10,11,13,14,11,37,10,197
2023,Bihar,BANKA - BR51( 06-FEB-2018 ),13,OMNI BUS (PRIVATE USE),0,0,0,0,0,0,0,0,0,0,0,1,1
2023,Bihar,BANKA - BR51( 06-FEB-2018 ),14,THREE WHEELER (GOODS),0,2,0,0,0,1,2,0,2,0,2,3,12
2023,Bihar,BANKA - BR51( 06-FEB-2018 ),15,THREE WHEELER (PASSENGER),0,2,2,2,3,11,12,6,5,6,8,6,63
2023,Bihar,BANKA - BR51( 06-FEB-2018 ),16,TRACTOR (COMMERCIAL),25,29,38,34,31,67,80,48,13,15,34,41,455
2023,Bihar,BANKA - BR51( 06-FEB-2018 ),17,TRAILER (COMMERCIAL),88,51,13,28,28,55,73,30,13,7,10,38,434
2023,Bihar,BEGUSARAI - BR9( 23-JAN-2018 ),1,ADAPTED VEHICLE,0,0,0,0,1,0,0,0,0,1,0,0,2
2023,Bihar,BEGUSARAI - BR9( 23-JAN-2018 ),2,AGRICULTURAL TRACTOR,29,27,29,31,31,43,26,19,53,44,35,28,395
2023,Bihar,BEGUSARAI - BR9( 23-JAN-2018 ),3,AMBULANCE,0,1,1,0,0,0,0,0,2,0,0,0,4
2023,Bihar,BEGUSARAI - BR9( 23-JAN-2018 ),4,BUS,2,2,3,16,3,3,7,2,14,1,4,1,58
2023,Bihar,BEGUSARAI - BR9( 23-JAN-2018 ),5,CONSTRUCTION EQUIPMENT VEHICLE,7,10,5,7,5,7,4,5,12,4,6,7,79
2023,Bihar,BEGUSARAI - BR9( 23-JAN-2018 ),6,EARTH MOVING EQUIPMENT,0,0,0,0,0,0,0,0,0,3,0,0,3
2023,Bihar,BEGUSARAI - BR9( 23-JAN-2018 ),7,E-RICKSHAW(P),110,102,94,88,163,318,266,225,310,262,210,271,"2,419"
2023,Bihar,BEGUSARAI - BR9( 23-JAN-2018 ),8,E-RICKSHAW WITH CART (G),1,5,2,2,1,1,3,1,2,0,3,1,22
2023,Bihar,BEGUSARAI - BR9( 23-JAN-2018 ),9,GOODS CARRIER,142,176,96,79,45,59,73,59,57,49,68,69,972
2023,Bihar,BEGUSARAI - BR9( 23-JAN-2018 ),10,MAXI CAB,0,0,0,0,0,0,1,2,0,0,3,3,9
2023,Bihar,BEGUSARAI - BR9( 23-JAN-2018 ),11,M-CYCLE/SCOOTER,"1,283","1,890","1,971","2,392","3,213","2,552","2,087","1,437","1,806","1,853","5,063","2,419","27,966"
2023,Bihar,BEGUSARAI - BR9( 23-JAN-2018 ),12,M-CYCLE/SCOOTER-WITH SIDE CAR,0,1,4,0,9,5,1,0,1,1,1,2,25
2023,Bihar,BEGUSARAI - BR9( 23-JAN-2018 ),13,MOPED,1,7,5,3,2,0,4,4,2,4,5,4,41
2023,Bihar,BEGUSARAI - BR9( 23-JAN-2018 ),14,MOTOR CAB,8,7,2,4,4,3,4,6,2,5,1,2,48
2023,Bihar,BEGUSARAI - BR9( 23-JAN-2018 ),15,MOTOR CAR,191,188,183,162,211,187,162,160,170,160,288,214,"2,276"
2023,Bihar,BEGUSARAI - BR9( 23-JAN-2018 ),16,MOTORISED CYCLE (CC > 25CC),0,0,0,0,0,0,0,3,8,4,4,3,22
2023,Bihar,BEGUSARAI - BR9( 23-JAN-2018 ),17,OMNI BUS,1,0,0,0,0,0,1,0,0,1,0,0,3
2023,Bihar,BEGUSARAI - BR9( 23-JAN-2018 ),18,THREE WHEELER (GOODS),10,9,12,6,7,3,4,15,4,4,11,9,94
2023,Bihar,BEGUSARAI - BR9( 23-JAN-2018 ),19,THREE WHEELER (PASSENGER),59,20,49,32,44,39,51,67,100,108,65,46,680
2023,Bihar,BEGUSARAI - BR9( 23-JAN-2018 ),20,TRACTOR (COMMERCIAL),38,39,42,39,44,46,35,26,57,41,47,35,489
2023,Bihar,BEGUSARAI - BR9( 23-JAN-2018 ),21,TRAILER (AGRICULTURAL),5,17,18,19,8,23,12,9,6,0,38,9,164
2023,Bihar,BEGUSARAI - BR9( 23-JAN-2018 ),22,TRAILER (COMMERCIAL),26,81,26,67,41,56,33,27,30,19,30,16,452
2023,Bihar,BETTIAH - BR22( 22-SEP-2017 ),1,ADAPTED VEHICLE,0,1,0,0,1,0,0,0,0,0,0,2,4
2023,Bihar,BETTIAH - BR22( 22-SEP-2017 ),2,AGRICULTURAL TRACTOR,122,124,115,108,95,124,135,52,123,132,128,164,"1,422"
2023,Bihar,BETTIAH - BR22( 22-SEP-2017 ),3,AMBULANCE,0,0,0,1,0,0,0,0,0,0,0,0,1
2023,Bihar,BETTIAH - BR22( 22-SEP-2017 ),4,BUS,1,0,0,5,0,1,6,6,7,1,2,2,31
2023,Bihar,BETTIAH - BR22( 22-SEP-2017 ),5,CONSTRUCTION EQUIPMENT VEHICLE,0,5,2,2,2,2,1,2,4,3,3,3,29
2023,Bihar,BETTIAH - BR22( 22-SEP-2017 ),6,E-RICKSHAW(P),88,99,135,98,102,116,127,154,185,180,124,179,"1,587"
2023,Bihar,BETTIAH - BR22( 22-SEP-2017 ),7,E-RICKSHAW WITH CART (G),0,3,2,3,2,3,1,2,3,2,0,2,23
2023,Bihar,BETTIAH - BR22( 22-SEP-2017 ),8,GOODS CARRIER,35,23,31,31,21,36,23,36,28,28,28,30,350
2023,Bihar,BETTIAH - BR22( 22-SEP-2017 ),9,HARVESTER,0,0,4,0,0,1,0,0,0,0,0,0,5
2023,Bihar,BETTIAH - BR22( 22-SEP-2017 ),10,MAXI CAB,1,0,1,2,0,0,0,0,0,0,2,0,6
2023,Bihar,BETTIAH - BR22( 22-SEP-2017 ),11,M-CYCLE/SCOOTER,"3,118","3,238","3,750","3,483","4,374","3,019","2,333","2,355","2,519","3,122","9,780","4,360","45,451"
2023,Bihar,BETTIAH - BR22( 22-SEP-2017 ),12,M-CYCLE/SCOOTER-WITH SIDE CAR,14,71,166,6,12,2,1,2,1,3,5,1,284
2023,Bihar,BETTIAH - BR22( 22-SEP-2017 ),13,MOPED,34,43,66,14,60,45,35,37,39,40,131,34,578
2023,Bihar,BETTIAH - BR22( 22-SEP-2017 ),14,MOTOR CAB,2,1,0,1,1,1,3,0,4,0,0,1,14
2023,Bihar,BETTIAH - BR22( 22-SEP-2017 ),15,MOTOR CAR,124,113,125,101,128,95,81,103,88,98,188,86,"1,330"
2023,Bihar,BETTIAH - BR22( 22-SEP-2017 ),16,MOTORISED CYCLE (CC > 25CC),0,0,0,0,0,0,0,0,0,1,0,1,2
2023,Bihar,BETTIAH - BR22( 22-SEP-2017 ),17,OMNI BUS,0,0,0,0,0,1,0,0,0,0,0,0,1
2023,Bihar,BETTIAH - BR22( 22-SEP-2017 ),18,OMNI BUS (PRIVATE USE),0,0,0,0,0,3,0,0,0,0,0,0,3
2023,Bihar,BETTIAH - BR22( 22-SEP-2017 ),19,THREE WHEELER (GOODS),0,0,0,1,0,0,5,1,1,2,0,0,10
2023,Bihar,BETTIAH - BR22( 22-SEP-2017 ),20,THREE WHEELER (PASSENGER),1,7,1,1,14,17,15,27,37,34,27,27,208
2023,Bihar,BETTIAH - BR22( 22-SEP-2017 ),21,TRACTOR (COMMERCIAL),29,25,17,18,18,22,21,23,24,33,39,40,309
2023,Bihar,BETTIAH - BR22( 22-SEP-2017 ),22,TRAILER (AGRICULTURAL),0,0,0,0,0,0,0,0,0,1,0,0,1
2023,Bihar,BETTIAH - BR22( 22-SEP-2017 ),23,TRAILER (COMMERCIAL),5,3,4,0,9,6,7,15,3,5,2,5,64
2023,Bihar,BHABHUA - BR45( 23-JAN-2018 ),1,AGRICULTURAL TRACTOR,55,74,65,71,84,120,71,40,36,46,60,58,780
2023,Bihar,BHABHUA - BR45( 23-JAN-2018 ),2,AMBULANCE,0,0,0,1,0,0,0,0,0,0,0,0,1
2023,Bihar,BHABHUA - BR45( 23-JAN-2018 ),3,ARTICULATED VEHICLE,0,0,1,2,9,0,2,4,2,0,0,0,20
2023,Bihar,BHABHUA - BR45( 23-JAN-2018 ),4,BUS,3,3,2,10,4,8,1,5,1,1,1,5,44
2023,Bihar,BHABHUA - BR45( 23-JAN-2018 ),5,CONSTRUCTION EQUIPMENT VEHICLE,0,3,2,2,0,1,0,0,1,4,1,1,15
2023,Bihar,BHABHUA - BR45( 23-JAN-2018 ),6,E-RICKSHAW(P),48,77,59,57,80,64,101,58,89,50,53,64,800
2023,Bihar,BHABHUA - BR45( 23-JAN-2018 ),7,E-RICKSHAW WITH CART (G),0,0,0,0,0,0,0,0,0,0,0,1,1
2023,Bihar,BHABHUA - BR45( 23-JAN-2018 ),8,GOODS CARRIER,17,14,16,9,53,54,59,71,109,61,86,68,617
2023,Bihar,BHABHUA - BR45( 23-JAN-2018 ),9,HARVESTER,12,6,28,6,6,13,3,0,0,1,2,1,78
2023,Bihar,BHABHUA - BR45( 23-JAN-2018 ),10,MAXI CAB,1,0,0,0,0,0,1,2,1,1,1,0,7
2023,Bihar,BHABHUA - BR45( 23-JAN-2018 ),11,M-CYCLE/SCOOTER,"1,051",721,946,802,"1,312",942,711,698,636,556,"1,261",646,"10,282"
2023,Bihar,BHABHUA - BR45( 23-JAN-2018 ),12,M-CYCLE/SCOOTER-WITH SIDE CAR,2,1,5,0,3,0,0,0,2,0,6,1,20
2023,Bihar,BHABHUA - BR45( 23-JAN-2018 ),13,MOPED,55,75,55,45,37,37,22,36,41,42,105,24,574
2023,Bihar,BHABHUA - BR45( 23-JAN-2018 ),14,MOTOR CAB,2,3,2,3,0,0,0,0,1,2,0,0,13
2023,Bihar,BHABHUA - BR45( 23-JAN-2018 ),15,MOTOR CAR,40,38,33,30,38,22,27,32,43,34,47,25,409
2023,Bihar,BHABHUA - BR45( 23-JAN-2018 ),16,MOTORISED CYCLE (CC > 25CC),0,0,0,0,1,1,0,0,0,0,0,0,2
2023,Bihar,BHABHUA - BR45( 23-JAN-2018 ),17,OMNI BUS (PRIVATE USE),0,0,0,0,0,2,0,0,0,0,0,0,2
2023,Bihar,BHABHUA - BR45( 23-JAN-2018 ),18,THREE WHEELER (GOODS),2,4,4,2,5,2,4,1,3,1,3,1,32
2023,Bihar,BHABHUA - BR45( 23-JAN-2018 ),19,THREE WHEELER (PASSENGER),73,38,36,67,65,41,30,72,74,57,72,34,659
2023,Bihar,BHABHUA - BR45( 23-JAN-2018 ),20,TRACTOR (COMMERCIAL),2,9,5,7,3,4,2,3,1,2,6,6,50
2023,Bihar,BHABHUA - BR45( 23-JAN-2018 ),21,TRAILER (AGRICULTURAL),21,57,23,2,19,18,0,0,0,0,0,0,140
2023,Bihar,BHABHUA - BR45( 23-JAN-2018 ),22,TRAILER (COMMERCIAL),3,15,3,2,3,3,0,0,1,0,0,0,30
2023,Bihar,BHAGALPUR - BR10( 07-FEB-2018 ),1,AGRICULTURAL TRACTOR,18,3,13,7,15,1,12,7,8,8,7,7,106
2023,Bihar,BHAGALPUR - BR10( 07-FEB-2018 ),2,BUS,0,1,10,21,3,11,7,2,7,3,7,4,76
2023,Bihar,BHAGALPUR - BR10( 07-FEB-2018 ),3,CONSTRUCTION EQUIPMENT VEHICLE,0,0,0,0,1,0,0,2,1,0,1,1,6
2023,Bihar,BHAGALPUR - BR10( 07-FEB-2018 ),4,E-RICKSHAW(P),248,289,397,309,323,309,462,413,445,479,376,318,"4,368"
2023,Bihar,BHAGALPUR - BR10( 07-FEB-2018 ),5,E-RICKSHAW WITH CART (G),1,1,5,5,3,1,3,7,3,4,1,2,36
2023,Bihar,BHAGALPUR - BR10( 07-FEB-2018 ),6,GOODS CARRIER,35,38,108,89,54,38,48,37,61,52,72,48,680
2023,Bihar,BHAGALPUR - BR10( 07-FEB-2018 ),7,MAXI CAB,0,0,0,1,1,2,2,1,3,0,2,2,14
2023,Bihar,BHAGALPUR - BR10( 07-FEB-2018 ),8,M-CYCLE/SCOOTER,861,660,"2,397","2,423","2,474","2,294","1,785","1,574","1,666","1,683","2,818","2,899","23,534"
2023,Bihar,BHAGALPUR - BR10( 07-FEB-2018 ),9,M-CYCLE/SCOOTER-WITH SIDE CAR,0,1,2,4,1,4,3,1,0,1,1,2,20
2023,Bihar,BHAGALPUR - BR10( 07-FEB-2018 ),10,MOPED,2,0,2,11,0,2,0,0,2,2,3,1,25
2023,Bihar,BHAGALPUR - BR10( 07-FEB-2018 ),11,MOTOR CAB,2,4,8,6,7,2,5,5,1,4,2,4,50
2023,Bihar,BHAGALPUR - BR10( 07-FEB-2018 ),12,MOTOR CAR,185,230,206,261,222,187,176,183,182,239,287,204,"2,562"
2023,Bihar,BHAGALPUR - BR10( 07-FEB-2018 ),13,MOTORISED CYCLE (CC > 25CC),0,0,0,0,0,0,0,0,0,0,1,0,1
2023,Bihar,BHAGALPUR - BR10( 07-FEB-2018 ),14,OMNI BUS,1,0,1,0,0,0,0,0,0,0,0,0,2
2023,Bihar,BHAGALPUR - BR10( 07-FEB-2018 ),15,OMNI BUS (PRIVATE USE),0,0,0,0,0,1,0,1,0,1,2,0,5
2023,Bihar,BHAGALPUR - BR10( 07-FEB-2018 ),16,THREE WHEELER (GOODS),7,14,13,6,18,11,4,10,14,8,23,21,149
2023,Bihar,BHAGALPUR - BR10( 07-FEB-2018 ),17,THREE WHEELER (PASSENGER),3,19,37,18,30,52,68,68,90,124,91,87,687
2023,Bihar,BHAGALPUR - BR10( 07-FEB-2018 ),18,TRACTOR (COMMERCIAL),58,33,82,95,110,77,94,50,36,64,56,63,818
2023,Bihar,BHAGALPUR - BR10( 07-FEB-2018 ),19,TRAILER (COMMERCIAL),0,0,6,5,2,2,0,7,4,1,0,0,27
2023,Bihar,BHOJPUR - BR3( 15-FEB-2018 ),1,ADAPTED VEHICLE,0,0,0,0,0,0,1,0,0,0,0,0,1
2023,Bihar,BHOJPUR - BR3( 15-FEB-2018 ),2,AGRICULTURAL TRACTOR,29,23,30,30,38,70,46,34,40,47,42,38,467
2023,Bihar,BHOJPUR - BR3( 15-FEB-2018 ),3,ARTICULATED VEHICLE,0,0,0,0,0,2,0,0,0,7,4,2,15
2023,Bihar,BHOJPUR - BR3( 15-FEB-2018 ),4,BUS,2,4,1,3,4,4,7,5,5,4,2,2,43
2023,Bihar,BHOJPUR - BR3( 15-FEB-2018 ),5,CONSTRUCTION EQUIPMENT VEHICLE,2,3,3,2,1,1,1,0,1,2,2,0,18
2023,Bihar,BHOJPUR - BR3( 15-FEB-2018 ),6,E-RICKSHAW(P),12,20,30,13,35,21,29,18,29,42,21,43,313
2023,Bihar,BHOJPUR - BR3( 15-FEB-2018 ),7,E-RICKSHAW WITH CART (G),1,2,3,3,1,2,1,2,1,0,1,0,17
2023,Bihar,BHOJPUR - BR3( 15-FEB-2018 ),8,GOODS CARRIER,48,18,36,31,30,20,28,25,109,86,117,120,668
2023,Bihar,BHOJPUR - BR3( 15-FEB-2018 ),9,MAXI CAB,0,0,0,0,0,2,1,2,1,0,0,1,7
2023,Bihar,BHOJPUR - BR3( 15-FEB-2018 ),10,M-CYCLE/SCOOTER,"1,541","1,616","1,852","1,953","3,396","1,754","1,343","1,101","1,365","1,333","3,557","1,882","22,693"
2023,Bihar,BHOJPUR - BR3( 15-FEB-2018 ),11,M-CYCLE/SCOOTER-WITH SIDE CAR,2,1,2,2,4,3,2,2,0,0,3,2,23
2023,Bihar,BHOJPUR - BR3( 15-FEB-2018 ),12,MOPED,20,15,4,10,5,15,3,4,9,9,7,12,113
2023,Bihar,BHOJPUR - BR3( 15-FEB-2018 ),13,MOTOR CAB,0,3,4,3,2,1,0,6,2,2,0,4,27
2023,Bihar,BHOJPUR - BR3( 15-FEB-2018 ),14,MOTOR CAR,62,77,50,70,69,61,52,49,69,54,89,52,754
2023,Bihar,BHOJPUR - BR3( 15-FEB-2018 ),15,MOTORISED CYCLE (CC > 25CC),1,0,0,0,0,1,0,0,0,0,0,0,2
2023,Bihar,BHOJPUR - BR3( 15-FEB-2018 ),16,OMNI BUS,1,0,1,0,1,1,0,0,0,1,0,0,5
2023,Bihar,BHOJPUR - BR3( 15-FEB-2018 ),17,OMNI BUS (PRIVATE USE),0,0,0,0,0,1,0,0,0,0,0,0,1
2023,Bihar,BHOJPUR - BR3( 15-FEB-2018 ),18,THREE WHEELER (GOODS),8,7,3,3,7,9,1,6,6,8,5,4,67
2023,Bihar,BHOJPUR - BR3( 15-FEB-2018 ),19,THREE WHEELER (PASSENGER),80,50,54,58,50,72,56,90,95,76,91,53,825
2023,Bihar,BHOJPUR - BR3( 15-FEB-2018 ),20,TRACTOR (COMMERCIAL),65,62,67,66,54,71,75,27,53,53,52,60,705
2023,Bihar,BHOJPUR - BR3( 15-FEB-2018 ),21,TRAILER (COMMERCIAL),14,18,7,13,7,12,7,1,3,9,3,11,105
2023,Bihar,BUXUR - BR44( 01-FEB-2018 ),1,AGRICULTURAL TRACTOR,39,53,51,49,46,81,61,17,32,31,47,58,565
2023,Bihar,BUXUR - BR44( 01-FEB-2018 ),2,ARTICULATED VEHICLE,0,0,0,0,1,0,0,0,0,0,0,0,1
2023,Bihar,BUXUR - BR44( 01-FEB-2018 ),3,BUS,5,0,0,9,2,9,2,2,4,3,1,0,37
2023,Bihar,BUXUR - BR44( 01-FEB-2018 ),4,CONSTRUCTION EQUIPMENT VEHICLE,1,2,2,2,2,0,2,0,1,2,1,2,17
2023,Bihar,BUXUR - BR44( 01-FEB-2018 ),5,E-RICKSHAW(P),58,68,73,105,76,83,90,132,105,101,83,115,"1,089"
2023,Bihar,BUXUR - BR44( 01-FEB-2018 ),6,E-RICKSHAW WITH CART (G),0,0,0,0,0,2,0,1,0,1,1,0,5
2023,Bihar,BUXUR - BR44( 01-FEB-2018 ),7,GOODS CARRIER,24,31,18,28,13,23,27,45,29,19,22,27,306
2023,Bihar,BUXUR - BR44( 01-FEB-2018 ),8,HARVESTER,4,12,10,5,3,6,0,0,0,0,4,2,46
2023,Bihar,BUXUR - BR44( 01-FEB-2018 ),9,MAXI CAB,0,0,0,0,0,0,1,0,1,1,0,0,3
2023,Bihar,BUXUR - BR44( 01-FEB-2018 ),10,M-CYCLE/SCOOTER,893,988,"1,323",919,"1,853","1,074",821,636,777,748,"1,713","1,378","13,123"
2023,Bihar,BUXUR - BR44( 01-FEB-2018 ),11,M-CYCLE/SCOOTER-WITH SIDE CAR,1,0,0,3,1,0,1,0,1,0,0,0,7
2023,Bihar,BUXUR - BR44( 01-FEB-2018 ),12,MOPED,5,4,0,2,0,0,0,3,3,4,6,7,34
2023,Bihar,BUXUR - BR44( 01-FEB-2018 ),13,MOTOR CAB,2,3,5,6,3,1,0,1,1,2,1,0,25
2023,Bihar,BUXUR - BR44( 01-FEB-2018 ),14,MOTOR CAR,64,48,31,36,36,41,41,32,50,54,39,35,507
2023,Bihar,BUXUR - BR44( 01-FEB-2018 ),15,OMNI BUS,0,0,0,0,0,0,0,1,0,0,0,0,1
2023,Bihar,BUXUR - BR44( 01-FEB-2018 ),16,THREE WHEELER (GOODS),3,3,2,3,2,2,2,1,2,3,2,6,31
2023,Bihar,BUXUR - BR44( 01-FEB-2018 ),17,THREE WHEELER (PASSENGER),14,5,9,7,1,7,6,10,9,8,9,10,95
2023,Bihar,BUXUR - BR44( 01-FEB-2018 ),18,TRACTOR (COMMERCIAL),8,13,14,11,9,9,7,5,3,4,13,10,106
2023,Bihar,BUXUR - BR44( 01-FEB-2018 ),19,TRAILER (COMMERCIAL),12,10,10,3,7,8,1,5,7,5,1,6,75
2023,Bihar,CHAPARA - BR4( 29-JAN-2018 ),1,AGRICULTURAL TRACTOR,42,53,71,48,71,83,60,37,40,55,63,41,664
2023,Bihar,CHAPARA - BR4( 29-JAN-2018 ),2,BUS,2,2,5,8,6,6,3,1,2,1,0,1,37
2023,Bihar,CHAPARA - BR4( 29-JAN-2018 ),3,CONSTRUCTION EQUIPMENT VEHICLE,2,6,6,3,4,1,4,1,8,4,4,4,47
2023,Bihar,CHAPARA - BR4( 29-JAN-2018 ),4,E-RICKSHAW(P),129,183,183,130,171,158,229,208,287,257,253,272,"2,460"
2023,Bihar,CHAPARA - BR4( 29-JAN-2018 ),5,E-RICKSHAW WITH CART (G),2,6,6,4,6,3,2,0,3,3,2,11,48
2023,Bihar,CHAPARA - BR4( 29-JAN-2018 ),6,GOODS CARRIER,34,24,31,33,23,14,31,20,26,22,22,19,299
2023,Bihar,CHAPARA - BR4( 29-JAN-2018 ),7,HARVESTER,0,0,0,0,0,1,0,0,0,0,0,0,1
2023,Bihar,CHAPARA - BR4( 29-JAN-2018 ),8,MAXI CAB,0,2,0,0,0,1,6,0,0,2,1,1,13
2023,Bihar,CHAPARA - BR4( 29-JAN-2018 ),9,M-CYCLE/SCOOTER,"1,603","2,170","2,129","2,405","4,493","2,893","1,327","1,283","1,361","1,415","3,827","3,027","27,933"
2023,Bihar,CHAPARA - BR4( 29-JAN-2018 ),10,M-CYCLE/SCOOTER-WITH SIDE CAR,3,4,3,1,10,4,0,1,1,3,2,3,35
2023,Bihar,CHAPARA - BR4( 29-JAN-2018 ),11,MOPED,86,54,52,26,50,41,24,46,44,47,107,56,633
2023,Bihar,CHAPARA - BR4( 29-JAN-2018 ),12,MOTOR CAB,1,1,2,2,1,5,1,3,5,0,6,0,27
2023,Bihar,CHAPARA - BR4( 29-JAN-2018 ),13,MOTOR CAR,91,88,96,67,95,74,54,54,41,58,92,57,867
2023,Bihar,CHAPARA - BR4( 29-JAN-2018 ),14,MOTORISED CYCLE (CC > 25CC),0,0,0,0,1,0,0,0,0,0,0,0,1
2023,Bihar,CHAPARA - BR4( 29-JAN-2018 ),15,OMNI BUS,0,0,0,0,1,0,0,1,0,0,0,0,2
2023,Bihar,CHAPARA - BR4( 29-JAN-2018 ),16,OMNI BUS (PRIVATE USE),0,0,0,0,0,3,0,0,0,0,0,0,3
2023,Bihar,CHAPARA - BR4( 29-JAN-2018 ),17,THREE WHEELER (GOODS),0,1,3,0,1,2,0,2,3,3,7,3,25
2023,Bihar,CHAPARA - BR4( 29-JAN-2018 ),18,THREE WHEELER (PASSENGER),5,12,7,15,11,15,32,47,83,68,83,56,434
2023,Bihar,CHAPARA - BR4( 29-JAN-2018 ),19,TRACTOR (COMMERCIAL),73,73,70,71,62,64,53,37,58,46,49,39,695
2023,Bihar,CHAPARA - BR4( 29-JAN-2018 ),20,TRAILER (COMMERCIAL),15,18,7,11,8,10,0,15,12,14,5,5,120
2023,Bihar,DARBHANGA - BR7( 30-JAN-2018 ),1,AGRICULTURAL TRACTOR,49,41,96,51,62,81,75,35,57,84,88,93,812
2023,Bihar,DARBHANGA - BR7( 30-JAN-2018 ),2,AMBULANCE,1,1,1,0,1,0,1,0,0,2,1,1,9
2023,Bihar,DARBHANGA - BR7( 30-JAN-2018 ),3,BUS,3,5,10,18,2,4,9,5,4,4,3,9,76
2023,Bihar,DARBHANGA - BR7( 30-JAN-2018 ),4,CONSTRUCTION EQUIPMENT VEHICLE,2,3,3,5,10,3,1,0,5,3,2,5,42
2023,Bihar,DARBHANGA - BR7( 30-JAN-2018 ),5,DUMPER,1,0,0,0,0,0,0,0,0,0,0,0,1
2023,Bihar,DARBHANGA - BR7( 30-JAN-2018 ),6,EARTH MOVING EQUIPMENT,0,1,0,0,0,0,0,0,0,0,0,0,1
2023,Bihar,DARBHANGA - BR7( 30-JAN-2018 ),7,E-RICKSHAW(P),65,112,99,103,103,119,154,142,171,188,122,147,"1,525"
2023,Bihar,DARBHANGA - BR7( 30-JAN-2018 ),8,E-RICKSHAW WITH CART (G),0,3,6,0,0,1,0,0,2,3,3,1,19
2023,Bihar,DARBHANGA - BR7( 30-JAN-2018 ),9,GOODS CARRIER,102,88,78,71,69,60,45,56,86,51,117,83,906
2023,Bihar,DARBHANGA - BR7( 30-JAN-2018 ),10,MAXI CAB,0,0,2,0,1,1,6,1,3,1,1,2,18
2023,Bihar,DARBHANGA - BR7( 30-JAN-2018 ),11,M-CYCLE/SCOOTER,"2,149","3,184","4,121","3,185","5,731","3,382","3,065","2,134","2,268","2,619","5,431","3,574","40,843"
2023,Bihar,DARBHANGA - BR7( 30-JAN-2018 ),12,M-CYCLE/SCOOTER-WITH SIDE CAR,1,3,8,2,3,6,0,3,1,0,9,2,38
2023,Bihar,DARBHANGA - BR7( 30-JAN-2018 ),13,MOPED,19,21,24,17,29,19,16,12,15,25,43,42,282
2023,Bihar,DARBHANGA - BR7( 30-JAN-2018 ),14,MOTOR CAB,5,12,10,11,9,4,5,11,9,8,10,9,103
2023,Bihar,DARBHANGA - BR7( 30-JAN-2018 ),15,MOTOR CAR,164,193,210,191,216,178,135,166,168,200,328,140,"2,289"
2023,Bihar,DARBHANGA - BR7( 30-JAN-2018 ),16,OMNI BUS,0,0,0,0,0,0,1,0,2,1,0,0,4
2023,Bihar,DARBHANGA - BR7( 30-JAN-2018 ),17,OMNI BUS (PRIVATE USE),0,0,0,0,0,2,0,0,0,0,0,0,2
2023,Bihar,DARBHANGA - BR7( 30-JAN-2018 ),18,THREE WHEELER (GOODS),35,19,25,16,19,15,18,14,12,24,26,36,259
2023,Bihar,DARBHANGA - BR7( 30-JAN-2018 ),19,THREE WHEELER (PASSENGER),48,83,85,60,97,155,184,259,316,384,358,285,"2,314"
2023,Bihar,DARBHANGA - BR7( 30-JAN-2018 ),20,TRACTOR (COMMERCIAL),56,34,25,35,18,25,16,26,27,34,31,34,361
2023,Bihar,DARBHANGA - BR7( 30-JAN-2018 ),21,TRAILER (COMMERCIAL),4,6,5,9,1,9,9,1,3,2,1,6,56
2023,Bihar,GAYA - BR2( 06-SEP-2017 ),1,AGRICULTURAL TRACTOR,75,75,68,78,77,119,167,105,75,60,59,99,"1,057"
2023,Bihar,GAYA - BR2( 06-SEP-2017 ),2,AMBULANCE,1,0,3,1,1,0,0,2,0,2,4,2,16
2023,Bihar,GAYA - BR2( 06-SEP-2017 ),3,BUS,9,10,17,24,22,7,16,11,19,4,11,12,162
2023,Bihar,GAYA - BR2( 06-SEP-2017 ),4,CONSTRUCTION EQUIPMENT VEHICLE,3,4,6,4,6,6,3,5,12,4,7,2,62
2023,Bihar,GAYA - BR2( 06-SEP-2017 ),5,DUMPER,0,0,0,0,0,0,0,0,0,0,0,4,4
2023,Bihar,GAYA - BR2( 06-SEP-2017 ),6,EARTH MOVING EQUIPMENT,1,0,1,0,0,0,0,0,0,0,0,0,2
2023,Bihar,GAYA - BR2( 06-SEP-2017 ),7,E-RICKSHAW(P),243,264,303,221,227,310,306,327,526,380,338,369,"3,814"
2023,Bihar,GAYA - BR2( 06-SEP-2017 ),8,E-RICKSHAW WITH CART (G),2,6,5,4,4,1,0,1,4,1,2,2,32
2023,Bihar,GAYA - BR2( 06-SEP-2017 ),9,GOODS CARRIER,101,112,78,82,59,46,73,64,129,94,59,52,949
2023,Bihar,GAYA - BR2( 06-SEP-2017 ),10,HARVESTER,1,1,2,0,5,15,0,0,0,2,1,0,27
2023,Bihar,GAYA - BR2( 06-SEP-2017 ),11,MAXI CAB,0,0,0,0,0,1,2,3,4,1,2,2,15
2023,Bihar,GAYA - BR2( 06-SEP-2017 ),12,M-CYCLE/SCOOTER,"2,748","3,258","3,829","4,676","5,521","3,434","1,962","1,670","2,381","1,924","4,928","2,400","38,731"
2023,Bihar,GAYA - BR2( 06-SEP-2017 ),13,M-CYCLE/SCOOTER-WITH SIDE CAR,4,3,2,4,2,5,1,0,1,2,2,2,28
2023,Bihar,GAYA - BR2( 06-SEP-2017 ),14,MOPED,93,132,141,128,97,102,108,78,117,89,190,104,"1,379"
2023,Bihar,GAYA - BR2( 06-SEP-2017 ),15,MOTOR CAB,9,9,6,10,1,5,5,4,9,3,13,2,76
2023,Bihar,GAYA - BR2( 06-SEP-2017 ),16,MOTOR CAR,408,301,333,279,358,309,251,253,271,314,507,247,"3,831"
2023,Bihar,GAYA - BR2( 06-SEP-2017 ),17,MOTORISED CYCLE (CC > 25CC),0,0,1,0,1,0,0,0,1,0,0,0,3
2023,Bihar,GAYA - BR2( 06-SEP-2017 ),18,OMNI BUS,0,2,1,0,0,1,2,2,4,1,0,0,13
2023,Bihar,GAYA - BR2( 06-SEP-2017 ),19,OMNI BUS (PRIVATE USE),0,0,0,0,0,2,0,0,0,0,0,0,2
2023,Bihar,GAYA - BR2( 06-SEP-2017 ),20,THREE WHEELER (GOODS),22,22,38,31,18,17,19,18,36,78,22,17,338
2023,Bihar,GAYA - BR2( 06-SEP-2017 ),21,THREE WHEELER (PASSENGER),102,88,75,68,86,147,131,139,221,147,152,126,"1,482"
2023,Bihar,GAYA - BR2( 06-SEP-2017 ),22,TRACTOR (COMMERCIAL),72,74,74,84,58,69,77,77,57,47,88,79,856
2023,Bihar,GAYA - BR2( 06-SEP-2017 ),23,TRAILER (AGRICULTURAL),9,19,2,4,6,9,4,7,5,6,6,6,83
2023,Bihar,GAYA - BR2( 06-SEP-2017 ),24,TRAILER (COMMERCIAL),33,44,22,26,35,17,24,32,22,16,13,47,331
2023,Bihar,GOPALGANJ - BR28( 08-JUN-2017 ),1,AGRICULTURAL TRACTOR,53,106,98,70,87,84,78,68,90,90,88,88,"1,000"
2023,Bihar,GOPALGANJ - BR28( 08-JUN-2017 ),2,AMBULANCE,0,1,0,0,0,0,0,0,0,0,1,0,2
2023,Bihar,GOPALGANJ - BR28( 08-JUN-2017 ),3,ARTICULATED VEHICLE,0,0,0,0,0,0,0,2,0,15,3,6,26
2023,Bihar,GOPALGANJ - BR28( 08-JUN-2017 ),4,BUS,2,1,2,2,12,6,7,12,11,20,10,14,99
2023,Bihar,GOPALGANJ - BR28( 08-JUN-2017 ),5,CONSTRUCTION EQUIPMENT VEHICLE,2,3,6,1,4,0,3,3,2,10,2,1,37
2023,Bihar,GOPALGANJ - BR28( 08-JUN-2017 ),6,E-RICKSHAW(P),88,226,225,137,99,149,128,158,204,208,161,319,"2,102"
2023,Bihar,GOPALGANJ - BR28( 08-JUN-2017 ),7,E-RICKSHAW WITH CART (G),0,6,5,0,3,1,2,2,1,3,3,2,28
2023,Bihar,GOPALGANJ - BR28( 08-JUN-2017 ),8,GOODS CARRIER,56,48,25,28,66,114,75,88,129,103,88,94,914
2023,Bihar,GOPALGANJ - BR28( 08-JUN-2017 ),9,HARVESTER,1,4,3,2,2,4,1,0,0,0,1,0,18
2023,Bihar,GOPALGANJ - BR28( 08-JUN-2017 ),10,MAXI CAB,0,0,0,0,3,0,0,0,1,2,0,0,6
2023,Bihar,GOPALGANJ - BR28( 08-JUN-2017 ),11,M-CYCLE/SCOOTER,"1,235","1,195","1,447","1,372","2,257","1,966","1,091",979,925,"1,185","1,943","2,391","17,986"
2023,Bihar,GOPALGANJ - BR28( 08-JUN-2017 ),12,M-CYCLE/SCOOTER-WITH SIDE CAR,0,0,2,0,1,0,2,2,1,1,1,2,12
2023,Bihar,GOPALGANJ - BR28( 08-JUN-2017 ),13,MOPED,41,14,36,11,34,22,26,26,25,27,26,48,336
2023,Bihar,GOPALGANJ - BR28( 08-JUN-2017 ),14,MOTOR CAB,1,0,1,2,0,0,0,0,1,2,1,0,8
2023,Bihar,GOPALGANJ - BR28( 08-JUN-2017 ),15,MOTOR CAR,104,112,106,96,107,69,57,86,69,83,129,69,"1,087"
2023,Bihar,GOPALGANJ - BR28( 08-JUN-2017 ),16,MOTORISED CYCLE (CC > 25CC),0,0,2,0,16,5,2,1,3,1,2,10,42
2023,Bihar,GOPALGANJ - BR28( 08-JUN-2017 ),17,OMNI BUS,1,0,0,0,0,0,0,0,0,0,0,1,2
2023,Bihar,GOPALGANJ - BR28( 08-JUN-2017 ),18,THREE WHEELER (GOODS),0,1,1,0,3,1,2,1,1,0,1,5,16
2023,Bihar,GOPALGANJ - BR28( 08-JUN-2017 ),19,THREE WHEELER (PASSENGER),0,5,13,1,4,2,5,6,7,33,23,17,116
2023,Bihar,GOPALGANJ - BR28( 08-JUN-2017 ),20,TRACTOR (COMMERCIAL),1,3,6,3,3,2,4,2,3,1,4,4,36
2023,Bihar,GOPALGANJ - BR28( 08-JUN-2017 ),21,TRAILER (COMMERCIAL),0,1,2,0,2,2,3,1,2,1,0,10,24
2023,Bihar,JAMUI - BR46( 07-JUN-2017 ),1,ADAPTED VEHICLE,0,0,0,0,0,1,0,0,0,0,0,0,1
2023,Bihar,JAMUI - BR46( 07-JUN-2017 ),2,AGRICULTURAL TRACTOR,0,3,14,3,33,3,19,17,4,13,13,23,145
2023,Bihar,JAMUI - BR46( 07-JUN-2017 ),3,BUS,0,1,3,0,0,1,1,1,2,1,0,0,10
2023,Bihar,JAMUI - BR46( 07-JUN-2017 ),4,CONSTRUCTION EQUIPMENT VEHICLE,1,0,0,1,0,0,1,0,0,0,0,0,3
2023,Bihar,JAMUI - BR46( 07-JUN-2017 ),5,E-RICKSHAW(P),50,71,82,82,116,145,107,130,129,114,93,114,"1,233"
2023,Bihar,JAMUI - BR46( 07-JUN-2017 ),6,E-RICKSHAW WITH CART (G),0,2,0,0,1,0,1,0,0,0,1,1,6
2023,Bihar,JAMUI - BR46( 07-JUN-2017 ),7,GOODS CARRIER,11,6,18,13,10,9,10,11,12,10,20,14,144
2023,Bihar,JAMUI - BR46( 07-JUN-2017 ),8,MAXI CAB,0,0,0,0,0,0,1,0,1,0,0,0,2
2023,Bihar,JAMUI - BR46( 07-JUN-2017 ),9,M-CYCLE/SCOOTER,792,"1,085","1,615","1,310","1,760","1,433","1,179",687,826,800,"1,510","1,783","14,780"
2023,Bihar,JAMUI - BR46( 07-JUN-2017 ),10,M-CYCLE/SCOOTER-WITH SIDE CAR,1,0,1,2,1,1,4,0,0,0,2,0,12
2023,Bihar,JAMUI - BR46( 07-JUN-2017 ),11,MOPED,22,17,24,27,39,31,32,33,43,29,52,74,423
2023,Bihar,JAMUI - BR46( 07-JUN-2017 ),12,MOTOR CAB,0,2,4,0,2,2,3,0,0,2,0,1,16
2023,Bihar,JAMUI - BR46( 07-JUN-2017 ),13,MOTOR CAR,25,25,37,31,18,21,15,22,23,26,40,32,315
2023,Bihar,JAMUI - BR46( 07-JUN-2017 ),14,OMNI BUS,0,0,1,0,0,1,0,0,0,0,0,0,2
2023,Bihar,JAMUI - BR46( 07-JUN-2017 ),15,THREE WHEELER (GOODS),1,1,2,2,2,2,3,3,6,3,5,2,32
2023,Bihar,JAMUI - BR46( 07-JUN-2017 ),16,THREE WHEELER (PASSENGER),17,15,11,15,19,16,14,36,34,58,34,35,304
2023,Bihar,JAMUI - BR46( 07-JUN-2017 ),17,TRACTOR (COMMERCIAL),29,26,24,24,22,34,49,30,24,12,6,12,292
2023,Bihar,JEHANABAD - BR25( 26-MAY-2017 ),1,AGRICULTURAL TRACTOR,2,0,5,1,1,4,11,8,6,7,6,2,53
2023,Bihar,JEHANABAD - BR25( 26-MAY-2017 ),2,BUS,1,1,10,2,1,4,1,2,4,2,0,4,32
2023,Bihar,JEHANABAD - BR25( 26-MAY-2017 ),3,CONSTRUCTION EQUIPMENT VEHICLE,2,1,1,1,1,0,2,1,0,1,3,1,14
2023,Bihar,JEHANABAD - BR25( 26-MAY-2017 ),4,E-RICKSHAW(P),15,12,6,9,7,3,10,9,17,22,23,17,150
2023,Bihar,JEHANABAD - BR25( 26-MAY-2017 ),5,E-RICKSHAW WITH CART (G),0,0,0,0,1,0,1,0,0,0,0,0,2
2023,Bihar,JEHANABAD - BR25( 26-MAY-2017 ),6,GOODS CARRIER,9,8,11,9,7,9,13,8,5,7,5,2,93
2023,Bihar,JEHANABAD - BR25( 26-MAY-2017 ),7,MAXI CAB,0,0,0,0,0,0,2,0,0,0,0,1,3
2023,Bihar,JEHANABAD - BR25( 26-MAY-2017 ),8,M-CYCLE/SCOOTER,346,531,688,703,872,588,354,260,346,265,660,270,"5,883"
2023,Bihar,JEHANABAD - BR25( 26-MAY-2017 ),9,M-CYCLE/SCOOTER-WITH SIDE CAR,0,1,0,0,0,0,0,0,1,0,0,0,2
2023,Bihar,JEHANABAD - BR25( 26-MAY-2017 ),10,MOPED,8,8,8,13,12,6,7,5,7,4,7,12,97
2023,Bihar,JEHANABAD - BR25( 26-MAY-2017 ),11,MOTOR CAB,0,1,0,0,2,1,0,0,0,0,1,0,5
2023,Bihar,JEHANABAD - BR25( 26-MAY-2017 ),12,MOTOR CAR,5,4,6,8,6,9,0,1,3,3,8,1,54
2023,Bihar,JEHANABAD - BR25( 26-MAY-2017 ),13,MOTORISED CYCLE (CC > 25CC),0,0,0,0,0,0,0,2,0,0,0,0,2
2023,Bihar,JEHANABAD - BR25( 26-MAY-2017 ),14,OMNI BUS,1,1,0,0,0,0,0,1,0,0,0,0,3
2023,Bihar,JEHANABAD - BR25( 26-MAY-2017 ),15,THREE WHEELER (GOODS),4,1,5,3,4,3,0,3,4,2,5,5,39
2023,Bihar,JEHANABAD - BR25( 26-MAY-2017 ),16,THREE WHEELER (PASSENGER),51,45,48,32,42,52,51,54,102,89,77,44,687
2023,Bihar,JEHANABAD - BR25( 26-MAY-2017 ),17,TRACTOR (COMMERCIAL),19,18,14,6,14,20,15,11,10,8,15,16,166
2023,Bihar,JEHANABAD - BR25( 26-MAY-2017 ),18,TRAILER (COMMERCIAL),34,10,30,4,11,5,21,13,2,10,0,0,140
2023,Bihar,KATIHAR - BR39( 23-JAN-2018 ),1,AGRICULTURAL TRACTOR,0,0,0,0,0,0,0,0,4,6,2,6,18
2023,Bihar,KATIHAR - BR39( 23-JAN-2018 ),2,AMBULANCE,0,0,0,0,1,0,0,0,0,0,0,0,1
2023,Bihar,KATIHAR - BR39( 23-JAN-2018 ),3,BUS,0,0,4,1,1,1,1,1,15,0,0,1,25
2023,Bihar,KATIHAR - BR39( 23-JAN-2018 ),4,CONSTRUCTION EQUIPMENT VEHICLE,1,0,1,0,0,0,0,0,0,0,0,0,2
2023,Bihar,KATIHAR - BR39( 23-JAN-2018 ),5,E-RICKSHAW(P),63,108,112,76,121,124,151,132,239,363,278,193,"1,960"
2023,Bihar,KATIHAR - BR39( 23-JAN-2018 ),6,E-RICKSHAW WITH CART (G),1,1,2,2,4,2,3,0,1,0,2,4,22
2023,Bihar,KATIHAR - BR39( 23-JAN-2018 ),7,GOODS CARRIER,5,15,14,5,5,3,2,4,18,5,22,8,106
2023,Bihar,KATIHAR - BR39( 23-JAN-2018 ),8,HARVESTER,1,0,11,0,0,0,0,0,0,4,0,2,18
2023,Bihar,KATIHAR - BR39( 23-JAN-2018 ),9,MAXI CAB,0,0,2,0,0,1,0,0,0,2,7,0,12
2023,Bihar,KATIHAR - BR39( 23-JAN-2018 ),10,M-CYCLE/SCOOTER,"1,795","2,700","2,358","2,931","3,306","3,171","3,413","2,466","2,241","2,405","5,118","2,634","34,538"
2023,Bihar,KATIHAR - BR39( 23-JAN-2018 ),11,M-CYCLE/SCOOTER-WITH SIDE CAR,4,2,2,4,2,1,1,5,2,2,4,2,31
2023,Bihar,KATIHAR - BR39( 23-JAN-2018 ),12,MOPED,0,1,1,6,6,4,6,5,1,5,12,4,51
2023,Bihar,KATIHAR - BR39( 23-JAN-2018 ),13,MOTOR CAB,0,1,3,1,0,1,1,0,2,0,0,1,10
2023,Bihar,KATIHAR - BR39( 23-JAN-2018 ),14,MOTOR CAR,23,38,38,25,54,68,24,33,38,40,63,36,480
2023,Bihar,KATIHAR - BR39( 23-JAN-2018 ),15,OMNI BUS,0,0,0,0,0,0,0,0,1,0,0,0,1
2023,Bihar,KATIHAR - BR39( 23-JAN-2018 ),16,OMNI BUS (PRIVATE USE),0,0,0,0,0,2,0,0,0,0,1,0,3
2023,Bihar,KATIHAR - BR39( 23-JAN-2018 ),17,THREE WHEELER (GOODS),1,0,0,3,6,2,4,0,2,5,7,2,32
2023,Bihar,KATIHAR - BR39( 23-JAN-2018 ),18,THREE WHEELER (PASSENGER),1,1,0,0,12,7,12,17,17,34,46,28,175
2023,Bihar,KATIHAR - BR39( 23-JAN-2018 ),19,TRACTOR (COMMERCIAL),58,44,53,74,69,93,98,48,59,109,87,95,887
2023,Bihar,KATIHAR - BR39( 23-JAN-2018 ),20,TRAILER (COMMERCIAL),7,11,14,11,7,15,7,15,5,4,7,3,106
2023,Bihar,KHAGARIA - BR34( 01-FEB-2018 ),1,AGRICULTURAL TRACTOR,7,24,27,68,42,70,36,13,65,55,38,31,476
2023,Bihar,KHAGARIA - BR34( 01-FEB-2018 ),2,BUS,0,4,0,1,1,1,1,3,3,1,1,0,16
2023,Bihar,KHAGARIA - BR34( 01-FEB-2018 ),3,CONSTRUCTION EQUIPMENT VEHICLE,0,1,0,0,1,0,0,1,0,0,0,0,3
2023,Bihar,KHAGARIA - BR34( 01-FEB-2018 ),4,E-RICKSHAW(P),26,47,42,35,37,32,45,96,123,186,93,110,872
2023,Bihar,KHAGARIA - BR34( 01-FEB-2018 ),5,E-RICKSHAW WITH CART (G),0,0,0,3,2,0,0,0,0,1,0,0,6
2023,Bihar,KHAGARIA - BR34( 01-FEB-2018 ),6,GOODS CARRIER,12,5,6,4,6,3,4,3,2,8,7,3,63
2023,Bihar,KHAGARIA - BR34( 01-FEB-2018 ),7,MAXI CAB,0,0,0,0,1,1,0,0,0,1,1,1,5
2023,Bihar,KHAGARIA - BR34( 01-FEB-2018 ),8,M-CYCLE/SCOOTER,739,"1,029","1,150","1,200","1,488","1,645","1,080",785,"1,037","1,005","2,782","1,175","15,115"
2023,Bihar,KHAGARIA - BR34( 01-FEB-2018 ),9,M-CYCLE/SCOOTER-WITH SIDE CAR,0,2,0,2,2,1,1,0,0,0,1,0,9
2023,Bihar,KHAGARIA - BR34( 01-FEB-2018 ),10,MOPED,4,7,6,4,7,8,3,3,8,3,10,8,71
2023,Bihar,KHAGARIA - BR34( 01-FEB-2018 ),11,MOTOR CAB,0,1,1,0,2,1,0,0,2,0,0,0,7
2023,Bihar,KHAGARIA - BR34( 01-FEB-2018 ),12,MOTOR CAR,19,16,24,15,23,21,15,16,20,19,24,9,221
2023,Bihar,KHAGARIA - BR34( 01-FEB-2018 ),13,MOTORISED CYCLE (CC > 25CC),0,0,0,1,0,0,0,0,0,0,0,0,1
2023,Bihar,KHAGARIA - BR34( 01-FEB-2018 ),14,THREE WHEELER (GOODS),0,2,0,0,2,3,1,1,1,2,0,5,17
2023,Bihar,KHAGARIA - BR34( 01-FEB-2018 ),15,THREE WHEELER (PASSENGER),4,13,8,0,16,19,26,28,34,44,26,16,234
2023,Bihar,KHAGARIA - BR34( 01-FEB-2018 ),16,TRACTOR (COMMERCIAL),14,37,35,39,45,31,25,18,19,20,41,12,336
2023,Bihar,KHAGARIA - BR34( 01-FEB-2018 ),17,TRAILER (COMMERCIAL),18,13,11,8,26,16,11,7,3,7,0,15,135
2023,Bihar,KISHANGANJ - BR37( 07-FEB-2018 ),1,AGRICULTURAL TRACTOR,0,0,1,0,1,1,0,1,0,0,1,0,5
2023,Bihar,KISHANGANJ - BR37( 07-FEB-2018 ),2,BUS,0,2,0,1,1,0,0,2,0,1,0,1,8
2023,Bihar,KISHANGANJ - BR37( 07-FEB-2018 ),3,CONSTRUCTION EQUIPMENT VEHICLE,0,0,0,0,0,0,0,0,0,0,2,1,3
2023,Bihar,KISHANGANJ - BR37( 07-FEB-2018 ),4,DUMPER,0,0,0,0,0,0,0,0,1,0,1,0,2
2023,Bihar,KISHANGANJ - BR37( 07-FEB-2018 ),5,E-RICKSHAW(P),38,44,28,38,28,61,77,140,180,140,97,96,967
2023,Bihar,KISHANGANJ - BR37( 07-FEB-2018 ),6,E-RICKSHAW WITH CART (G),1,2,1,4,0,1,0,1,1,0,1,0,12
2023,Bihar,KISHANGANJ - BR37( 07-FEB-2018 ),7,GOODS CARRIER,15,16,9,13,13,8,4,8,8,12,15,12,133
2023,Bihar,KISHANGANJ - BR37( 07-FEB-2018 ),8,HARVESTER,0,0,0,0,0,0,0,0,0,0,0,1,1
2023,Bihar,KISHANGANJ - BR37( 07-FEB-2018 ),9,MAXI CAB,0,0,0,0,1,1,0,0,1,0,1,0,4
2023,Bihar,KISHANGANJ - BR37( 07-FEB-2018 ),10,M-CYCLE/SCOOTER,"1,700","2,665","2,952","1,710","2,942","2,476","1,719","1,560","1,197","1,248","2,067","1,902","24,138"
2023,Bihar,KISHANGANJ - BR37( 07-FEB-2018 ),11,M-CYCLE/SCOOTER-WITH SIDE CAR,0,3,4,0,1,2,3,0,0,1,1,1,16
2023,Bihar,KISHANGANJ - BR37( 07-FEB-2018 ),12,MOPED,7,2,1,4,4,0,1,3,3,0,4,5,34
2023,Bihar,KISHANGANJ - BR37( 07-FEB-2018 ),13,MOTOR CAB,0,1,1,2,2,1,0,0,1,0,0,0,8
2023,Bihar,KISHANGANJ - BR37( 07-FEB-2018 ),14,MOTOR CAR,35,67,55,47,52,49,44,32,36,67,80,44,608
2023,Bihar,KISHANGANJ - BR37( 07-FEB-2018 ),15,OMNI BUS,0,0,0,0,0,1,0,0,0,0,0,0,1
2023,Bihar,KISHANGANJ - BR37( 07-FEB-2018 ),16,OMNI BUS (PRIVATE USE),0,0,0,0,0,3,1,0,0,1,0,0,5
2023,Bihar,KISHANGANJ - BR37( 07-FEB-2018 ),17,THREE WHEELER (GOODS),1,2,2,1,3,2,1,5,3,3,2,1,26
2023,Bihar,KISHANGANJ - BR37( 07-FEB-2018 ),18,THREE WHEELER (PASSENGER),2,0,2,1,10,19,25,36,38,50,45,29,257
2023,Bihar,KISHANGANJ - BR37( 07-FEB-2018 ),19,TRACTOR (COMMERCIAL),52,47,54,34,65,68,91,53,30,45,69,61,669
2023,Bihar,LAKHISARAI - BR53( 27-JAN-2017 ),1,ADAPTED VEHICLE,0,0,0,0,0,1,0,0,1,0,0,0,2
2023,Bihar,LAKHISARAI - BR53( 27-JAN-2017 ),2,AGRICULTURAL TRACTOR,0,0,0,0,1,0,0,0,0,0,0,0,1
2023,Bihar,LAKHISARAI - BR53( 27-JAN-2017 ),3,BUS,1,1,0,3,1,1,1,0,1,0,0,0,9
2023,Bihar,LAKHISARAI - BR53( 27-JAN-2017 ),4,CONSTRUCTION EQUIPMENT VEHICLE,0,0,0,0,1,0,0,0,1,0,0,0,2
2023,Bihar,LAKHISARAI - BR53( 27-JAN-2017 ),5,E-RICKSHAW(P),48,38,55,63,51,72,58,70,118,157,106,79,915
2023,Bihar,LAKHISARAI - BR53( 27-JAN-2017 ),6,E-RICKSHAW WITH CART (G),1,0,0,0,0,0,0,2,0,2,0,0,5
2023,Bihar,LAKHISARAI - BR53( 27-JAN-2017 ),7,GOODS CARRIER,12,7,6,4,14,5,7,8,9,5,16,7,100
2023,Bihar,LAKHISARAI - BR53( 27-JAN-2017 ),8,MAXI CAB,0,0,0,0,0,1,2,1,2,0,1,0,7
2023,Bihar,LAKHISARAI - BR53( 27-JAN-2017 ),9,M-CYCLE/SCOOTER,257,368,393,492,588,352,194,230,284,297,725,531,"4,711"
2023,Bihar,LAKHISARAI - BR53( 27-JAN-2017 ),10,M-CYCLE/SCOOTER-WITH SIDE CAR,1,0,1,3,0,1,0,1,1,0,0,0,8
2023,Bihar,LAKHISARAI - BR53( 27-JAN-2017 ),11,MOPED,18,19,35,18,16,20,13,18,7,19,13,21,217
2023,Bihar,LAKHISARAI - BR53( 27-JAN-2017 ),12,MOTOR CAB,1,0,0,3,3,1,1,2,5,2,3,2,23
2023,Bihar,LAKHISARAI - BR53( 27-JAN-2017 ),13,MOTOR CAR,14,18,14,17,11,13,12,15,19,18,33,12,196
2023,Bihar,LAKHISARAI - BR53( 27-JAN-2017 ),14,OMNI BUS,2,0,0,0,0,0,0,0,0,0,0,0,2
2023,Bihar,LAKHISARAI - BR53( 27-JAN-2017 ),15,THREE WHEELER (GOODS),1,3,4,2,3,3,1,4,1,2,5,3,32
2023,Bihar,LAKHISARAI - BR53( 27-JAN-2017 ),16,THREE WHEELER (PASSENGER),4,10,8,5,11,6,33,27,35,33,19,13,204
2023,Bihar,LAKHISARAI - BR53( 27-JAN-2017 ),17,TRACTOR (COMMERCIAL),6,11,12,7,15,15,19,15,22,13,18,11,164
2023,Bihar,LAKHISARAI - BR53( 27-JAN-2017 ),18,TRAILER (COMMERCIAL),0,0,21,15,6,4,5,20,10,14,5,18,118
2023,Bihar,MADHEPURA - BR43( 02-JUN-2017 ),1,AGRICULTURAL TRACTOR,54,45,46,58,50,49,94,29,40,49,44,30,588
2023,Bihar,MADHEPURA - BR43( 02-JUN-2017 ),2,BUS,0,4,2,3,2,1,2,0,2,3,0,1,20
2023,Bihar,MADHEPURA - BR43( 02-JUN-2017 ),3,CONSTRUCTION EQUIPMENT VEHICLE,0,0,1,0,0,0,0,0,1,0,0,0,2
2023,Bihar,MADHEPURA - BR43( 02-JUN-2017 ),4,E-RICKSHAW(P),100,102,128,47,95,72,86,88,104,127,185,156,"1,290"
2023,Bihar,MADHEPURA - BR43( 02-JUN-2017 ),5,E-RICKSHAW WITH CART (G),0,4,1,0,2,0,0,1,0,1,1,1,11
2023,Bihar,MADHEPURA - BR43( 02-JUN-2017 ),6,GOODS CARRIER,23,9,21,13,15,20,13,14,22,6,26,17,199
2023,Bihar,MADHEPURA - BR43( 02-JUN-2017 ),7,MAXI CAB,0,0,3,1,2,0,0,1,0,0,0,0,7
2023,Bihar,MADHEPURA - BR43( 02-JUN-2017 ),8,M-CYCLE/SCOOTER,"1,660","2,163","1,926","1,625","2,346","2,533","1,920","1,786","1,887","1,261","3,696","2,876","25,679"
2023,Bihar,MADHEPURA - BR43( 02-JUN-2017 ),9,M-CYCLE/SCOOTER-WITH SIDE CAR,1,0,3,0,1,0,1,0,0,0,3,0,9
2023,Bihar,MADHEPURA - BR43( 02-JUN-2017 ),10,MOPED,9,12,10,21,35,20,18,19,12,12,43,18,229
2023,Bihar,MADHEPURA - BR43( 02-JUN-2017 ),11,MOTOR CAB,1,3,1,1,1,1,2,1,0,4,2,1,18
2023,Bihar,MADHEPURA - BR43( 02-JUN-2017 ),12,MOTOR CAR,30,37,34,30,46,47,21,37,45,44,68,43,482
2023,Bihar,MADHEPURA - BR43( 02-JUN-2017 ),13,THREE WHEELER (GOODS),7,8,8,5,4,7,5,7,5,3,11,6,76
2023,Bihar,MADHEPURA - BR43( 02-JUN-2017 ),14,THREE WHEELER (PASSENGER),15,8,10,10,13,23,40,47,77,79,80,85,487
2023,Bihar,MADHEPURA - BR43( 02-JUN-2017 ),15,TRACTOR (COMMERCIAL),40,51,34,69,63,90,58,30,57,49,54,59,654
2023,Bihar,MADHEPURA - BR43( 02-JUN-2017 ),16,TRAILER (AGRICULTURAL),0,0,1,0,0,0,0,0,0,0,0,0,1
2023,Bihar,MADHEPURA - BR43( 02-JUN-2017 ),17,TRAILER (COMMERCIAL),5,2,2,4,9,10,2,0,3,0,0,3,40
2023,Bihar,MADHUBANI - BR32( 01-FEB-2018 ),1,AGRICULTURAL TRACTOR,2,10,41,17,38,34,56,15,18,34,61,85,411
2023,Bihar,MADHUBANI - BR32( 01-FEB-2018 ),2,AMBULANCE,0,0,0,0,0,1,0,0,0,1,1,1,4
2023,Bihar,MADHUBANI - BR32( 01-FEB-2018 ),3,BUS,2,0,6,16,7,1,7,1,4,1,0,1,46
2023,Bihar,MADHUBANI - BR32( 01-FEB-2018 ),4,CONSTRUCTION EQUIPMENT VEHICLE,0,0,0,1,1,2,2,0,7,4,1,3,21
2023,Bihar,MADHUBANI - BR32( 01-FEB-2018 ),5,E-RICKSHAW(P),53,46,91,50,84,83,111,87,71,125,93,124,"1,018"
2023,Bihar,MADHUBANI - BR32( 01-FEB-2018 ),6,E-RICKSHAW WITH CART (G),0,1,1,0,3,1,2,1,0,0,2,4,15
2023,Bihar,MADHUBANI - BR32( 01-FEB-2018 ),7,GOODS CARRIER,12,29,13,10,13,6,6,4,15,6,11,22,147
2023,Bihar,MADHUBANI - BR32( 01-FEB-2018 ),8,MAXI CAB,1,0,1,1,1,4,0,0,3,1,0,0,12
2023,Bihar,MADHUBANI - BR32( 01-FEB-2018 ),9,M-CYCLE/SCOOTER,"2,256","3,244","4,400","3,310","5,045","3,060","2,541","1,766","2,180","2,600","5,767","3,304","39,473"
2023,Bihar,MADHUBANI - BR32( 01-FEB-2018 ),10,M-CYCLE/SCOOTER-WITH SIDE CAR,23,35,11,4,2,2,2,0,0,2,4,2,87
2023,Bihar,MADHUBANI - BR32( 01-FEB-2018 ),11,MOPED,9,9,7,6,13,6,2,6,4,3,19,7,91
2023,Bihar,MADHUBANI - BR32( 01-FEB-2018 ),12,MOTOR CAB,2,3,7,2,4,2,3,0,2,2,4,2,33
2023,Bihar,MADHUBANI - BR32( 01-FEB-2018 ),13,MOTOR CAR,37,53,56,40,53,42,30,33,41,62,97,63,607
2023,Bihar,MADHUBANI - BR32( 01-FEB-2018 ),14,MOTORISED CYCLE (CC > 25CC),0,0,0,0,0,0,0,0,0,0,1,0,1
2023,Bihar,MADHUBANI - BR32( 01-FEB-2018 ),15,OMNI BUS,0,0,0,1,0,0,1,0,0,0,0,1,3
2023,Bihar,MADHUBANI - BR32( 01-FEB-2018 ),16,THREE WHEELER (GOODS),3,4,7,1,6,9,4,1,7,2,3,6,53
2023,Bihar,MADHUBANI - BR32( 01-FEB-2018 ),17,THREE WHEELER (PASSENGER),5,12,9,8,13,18,27,20,35,40,32,21,240
2023,Bihar,MADHUBANI - BR32( 01-FEB-2018 ),18,TRACTOR (COMMERCIAL),101,77,88,79,90,97,72,44,60,59,82,102,951
2023,Bihar,MOTIHARI - BR5( 05-JUL-2017 ),1,ADAPTED VEHICLE,0,5,0,0,0,0,0,0,2,0,0,0,7
2023,Bihar,MOTIHARI - BR5( 05-JUL-2017 ),2,AGRICULTURAL TRACTOR,174,205,181,154,179,190,189,106,129,171,160,157,"1,995"
2023,Bihar,MOTIHARI - BR5( 05-JUL-2017 ),3,AMBULANCE,0,2,0,0,0,1,0,1,0,1,0,0,5
2023,Bihar,MOTIHARI - BR5( 05-JUL-2017 ),4,BUS,1,3,4,1,2,7,3,2,2,6,0,0,31
2023,Bihar,MOTIHARI - BR5( 05-JUL-2017 ),5,CONSTRUCTION EQUIPMENT VEHICLE,2,10,3,8,6,1,2,1,7,10,9,11,70
2023,Bihar,MOTIHARI - BR5( 05-JUL-2017 ),6,E-RICKSHAW(P),145,191,207,225,230,290,319,282,307,378,297,322,"3,193"
2023,Bihar,MOTIHARI - BR5( 05-JUL-2017 ),7,E-RICKSHAW WITH CART (G),2,2,3,2,3,1,1,4,1,3,5,4,31
2023,Bihar,MOTIHARI - BR5( 05-JUL-2017 ),8,GOODS CARRIER,32,19,50,27,26,26,32,28,28,45,45,26,384
2023,Bihar,MOTIHARI - BR5( 05-JUL-2017 ),9,MAXI CAB,0,0,3,3,11,4,7,0,8,7,0,0,43
2023,Bihar,MOTIHARI - BR5( 05-JUL-2017 ),10,M-CYCLE/SCOOTER,"3,153","3,549","5,414","4,224","5,706","3,795","3,369","2,704","2,883","3,223","7,443","5,794","51,257"
2023,Bihar,MOTIHARI - BR5( 05-JUL-2017 ),11,M-CYCLE/SCOOTER-WITH SIDE CAR,2,0,3,5,4,0,1,2,4,3,3,2,29
2023,Bihar,MOTIHARI - BR5( 05-JUL-2017 ),12,MOPED,78,83,89,79,91,85,84,72,83,90,160,63,"1,057"
2023,Bihar,MOTIHARI - BR5( 05-JUL-2017 ),13,MOTOR CAB,2,2,6,2,6,0,3,1,4,2,0,3,31
2023,Bihar,MOTIHARI - BR5( 05-JUL-2017 ),14,MOTOR CAR,188,171,218,165,190,151,144,125,140,174,271,105,"2,042"
2023,Bihar,MOTIHARI - BR5( 05-JUL-2017 ),15,MOTORISED CYCLE (CC > 25CC),4,6,12,19,27,9,3,12,0,0,0,0,92
2023,Bihar,MOTIHARI - BR5( 05-JUL-2017 ),16,OMNI BUS,0,0,0,0,0,1,0,0,0,1,0,0,2
2023,Bihar,MOTIHARI - BR5( 05-JUL-2017 ),17,OMNI BUS (PRIVATE USE),0,0,0,0,0,4,1,1,0,0,0,0,6
2023,Bihar,MOTIHARI - BR5( 05-JUL-2017 ),18,THREE WHEELER (GOODS),3,4,9,3,10,5,9,10,10,8,11,7,89
2023,Bihar,MOTIHARI - BR5( 05-JUL-2017 ),19,THREE WHEELER (PASSENGER),22,8,15,22,27,32,41,60,65,85,71,49,497
2023,Bihar,MOTIHARI - BR5( 05-JUL-2017 ),20,TRACTOR (COMMERCIAL),7,18,17,12,15,9,12,25,20,28,21,24,208
2023,Bihar,MOTIHARI - BR5( 05-JUL-2017 ),21,TRAILER (AGRICULTURAL),0,2,0,0,0,0,0,0,0,0,0,0,2
2023,Bihar,MOTIHARI - BR5( 05-JUL-2017 ),22,TRAILER (COMMERCIAL),2,1,2,10,4,0,2,4,5,7,5,0,42
2023,Bihar,MUNGER - BR8( 06-FEB-2018 ),1,AGRICULTURAL TRACTOR,0,0,0,0,1,0,3,0,2,0,5,16,27
2023,Bihar,MUNGER - BR8( 06-FEB-2018 ),2,BUS,0,0,0,0,1,0,0,0,0,0,0,3,4
2023,Bihar,MUNGER - BR8( 06-FEB-2018 ),3,CONSTRUCTION EQUIPMENT VEHICLE,0,1,0,0,0,0,0,0,0,0,0,0,1
2023,Bihar,MUNGER - BR8( 06-FEB-2018 ),4,EARTH MOVING EQUIPMENT,0,0,0,0,1,0,0,0,0,0,0,0,1
2023,Bihar,MUNGER - BR8( 06-FEB-2018 ),5,E-RICKSHAW(P),87,50,67,44,121,78,107,86,98,99,95,66,998
2023,Bihar,MUNGER - BR8( 06-FEB-2018 ),6,E-RICKSHAW WITH CART (G),0,0,0,1,1,0,1,0,0,0,0,0,3
2023,Bihar,MUNGER - BR8( 06-FEB-2018 ),7,GOODS CARRIER,7,12,12,9,6,15,12,18,5,1,7,9,113
2023,Bihar,MUNGER - BR8( 06-FEB-2018 ),8,MAXI CAB,0,0,0,0,0,0,0,0,0,1,0,0,1
2023,Bihar,MUNGER - BR8( 06-FEB-2018 ),9,M-CYCLE/SCOOTER,435,581,703,756,998,832,551,425,554,637,"1,393",856,"8,721"
2023,Bihar,MUNGER - BR8( 06-FEB-2018 ),10,M-CYCLE/SCOOTER-WITH SIDE CAR,0,0,0,2,0,0,0,0,0,0,0,0,2
2023,Bihar,MUNGER - BR8( 06-FEB-2018 ),11,MOPED,3,4,0,2,2,0,2,0,4,3,1,2,23
2023,Bihar,MUNGER - BR8( 06-FEB-2018 ),12,MOTOR CAB,0,1,1,3,0,0,1,1,2,1,1,2,13
2023,Bihar,MUNGER - BR8( 06-FEB-2018 ),13,MOTOR CAR,17,25,21,20,21,27,22,20,24,34,45,28,304
2023,Bihar,MUNGER - BR8( 06-FEB-2018 ),14,OMNI BUS,0,0,0,0,0,0,0,1,0,0,0,0,1
2023,Bihar,MUNGER - BR8( 06-FEB-2018 ),15,THREE WHEELER (GOODS),0,2,0,2,0,2,0,3,1,2,1,6,19
2023,Bihar,MUNGER - BR8( 06-FEB-2018 ),16,THREE WHEELER (PASSENGER),1,6,6,3,12,6,16,13,16,31,16,17,143
2023,Bihar,MUNGER - BR8( 06-FEB-2018 ),17,TRACTOR (COMMERCIAL),16,20,20,22,22,29,36,25,11,16,15,21,253
2023,Bihar,MUNGER - BR8( 06-FEB-2018 ),18,TRAILER (COMMERCIAL),1,0,4,2,1,0,0,0,0,1,2,0,11
2023,Bihar,MUZAFFARPUR - BR6( 01-FEB-2018 ),1,ADAPTED VEHICLE,0,1,0,0,1,0,0,0,2,1,1,0,6
2023,Bihar,MUZAFFARPUR - BR6( 01-FEB-2018 ),2,AGRICULTURAL TRACTOR,88,115,154,101,120,113,105,53,115,138,175,113,"1,390"
2023,Bihar,MUZAFFARPUR - BR6( 01-FEB-2018 ),3,AMBULANCE,0,0,1,1,0,0,0,0,0,0,0,1,3
2023,Bihar,MUZAFFARPUR - BR6( 01-FEB-2018 ),4,BUS,14,20,35,25,13,14,19,10,41,14,17,8,230
2023,Bihar,MUZAFFARPUR - BR6( 01-FEB-2018 ),5,CONSTRUCTION EQUIPMENT VEHICLE,8,9,8,11,5,7,3,1,12,9,11,2,86
2023,Bihar,MUZAFFARPUR - BR6( 01-FEB-2018 ),6,EARTH MOVING EQUIPMENT,1,0,0,0,0,0,1,0,0,0,0,0,2
2023,Bihar,MUZAFFARPUR - BR6( 01-FEB-2018 ),7,E-RICKSHAW(P),177,222,245,204,212,306,324,330,389,355,379,331,"3,474"
2023,Bihar,MUZAFFARPUR - BR6( 01-FEB-2018 ),8,E-RICKSHAW WITH CART (G),7,9,9,6,7,6,11,8,10,6,9,7,95
2023,Bihar,MUZAFFARPUR - BR6( 01-FEB-2018 ),9,GOODS CARRIER,207,172,183,154,171,140,151,145,210,150,167,169,"2,019"
2023,Bihar,MUZAFFARPUR - BR6( 01-FEB-2018 ),10,MAXI CAB,16,6,6,14,15,4,8,8,6,11,9,2,105
2023,Bihar,MUZAFFARPUR - BR6( 01-FEB-2018 ),11,M-CYCLE/SCOOTER,"4,326","4,442","6,680","6,116","9,226","6,403","4,843","3,939","4,667","5,324","10,078","6,562","72,606"
2023,Bihar,MUZAFFARPUR - BR6( 01-FEB-2018 ),12,M-CYCLE/SCOOTER-WITH SIDE CAR,0,0,6,4,99,15,4,2,3,3,3,6,145
2023,Bihar,MUZAFFARPUR - BR6( 01-FEB-2018 ),13,MOPED,156,124,237,125,171,143,136,123,174,158,213,203,"1,963"
2023,Bihar,MUZAFFARPUR - BR6( 01-FEB-2018 ),14,MOTOR CAB,13,5,10,7,3,2,2,9,8,6,7,9,81
2023,Bihar,MUZAFFARPUR - BR6( 01-FEB-2018 ),15,MOTOR CAR,783,604,742,622,780,690,490,496,535,638,951,457,"7,788"
2023,Bihar,MUZAFFARPUR - BR6( 01-FEB-2018 ),16,MOTORISED CYCLE (CC > 25CC),0,0,1,0,3,0,0,1,0,0,1,0,6
2023,Bihar,MUZAFFARPUR - BR6( 01-FEB-2018 ),17,OMNI BUS,0,0,0,0,0,2,0,0,1,0,0,0,3
2023,Bihar,MUZAFFARPUR - BR6( 01-FEB-2018 ),18,OMNI BUS (PRIVATE USE),0,0,0,0,0,7,1,2,1,0,1,0,12
2023,Bihar,MUZAFFARPUR - BR6( 01-FEB-2018 ),19,THREE WHEELER (GOODS),39,44,69,46,56,55,36,64,84,298,182,139,"1,112"
2023,Bihar,MUZAFFARPUR - BR6( 01-FEB-2018 ),20,THREE WHEELER (PASSENGER),207,256,314,235,312,362,426,538,618,793,556,354,"4,971"
2023,Bihar,MUZAFFARPUR - BR6( 01-FEB-2018 ),21,TRACTOR (COMMERCIAL),41,44,42,36,38,36,48,31,44,34,44,51,489
2023,Bihar,MUZAFFARPUR - BR6( 01-FEB-2018 ),22,TRAILER (AGRICULTURAL),0,0,0,0,0,0,1,0,0,0,0,0,1
2023,Bihar,MUZAFFARPUR - BR6( 01-FEB-2018 ),23,TRAILER (COMMERCIAL),7,8,5,4,14,9,5,4,8,1,10,5,80
2023,Bihar,NALANDA - BR21( 01-FEB-2018 ),1,AGRICULTURAL TRACTOR,8,12,19,17,11,19,15,18,20,10,13,19,181
2023,Bihar,NALANDA - BR21( 01-FEB-2018 ),2,BUS,6,5,5,11,7,19,6,5,11,2,4,3,84
2023,Bihar,NALANDA - BR21( 01-FEB-2018 ),3,CONSTRUCTION EQUIPMENT VEHICLE,3,3,5,1,4,2,1,2,5,1,1,0,28
2023,Bihar,NALANDA - BR21( 01-FEB-2018 ),4,E-RICKSHAW(P),192,151,162,151,171,151,301,236,285,288,255,451,"2,794"
2023,Bihar,NALANDA - BR21( 01-FEB-2018 ),5,E-RICKSHAW WITH CART (G),3,1,2,2,2,2,2,1,0,2,2,2,21
2023,Bihar,NALANDA - BR21( 01-FEB-2018 ),6,GOODS CARRIER,39,22,28,24,12,14,16,10,20,7,18,12,222
2023,Bihar,NALANDA - BR21( 01-FEB-2018 ),7,HARVESTER,6,3,6,3,0,12,1,2,0,2,4,1,40
2023,Bihar,NALANDA - BR21( 01-FEB-2018 ),8,MAXI CAB,0,0,0,0,1,1,1,2,2,1,0,2,10
2023,Bihar,NALANDA - BR21( 01-FEB-2018 ),9,M-CYCLE/SCOOTER,"1,351","1,758","1,493","1,493","2,643","1,867",963,813,"1,330","1,027","2,447","1,141","18,326"
2023,Bihar,NALANDA - BR21( 01-FEB-2018 ),10,M-CYCLE/SCOOTER-WITH SIDE CAR,3,2,2,0,0,1,0,0,0,2,3,0,13
2023,Bihar,NALANDA - BR21( 01-FEB-2018 ),11,MOPED,57,67,56,51,48,48,48,46,86,38,113,79,737
2023,Bihar,NALANDA - BR21( 01-FEB-2018 ),12,MOTOR CAB,4,1,4,3,1,3,1,1,1,0,1,1,21
2023,Bihar,NALANDA - BR21( 01-FEB-2018 ),13,MOTOR CAR,55,48,49,29,45,37,38,27,39,50,75,27,519
2023,Bihar,NALANDA - BR21( 01-FEB-2018 ),14,OMNI BUS,0,2,0,3,0,0,0,2,1,1,0,0,9
2023,Bihar,NALANDA - BR21( 01-FEB-2018 ),15,THREE WHEELER (GOODS),8,9,7,6,9,4,7,7,7,9,5,5,83
2023,Bihar,NALANDA - BR21( 01-FEB-2018 ),16,THREE WHEELER (PASSENGER),39,35,35,26,38,36,52,42,63,78,46,45,535
2023,Bihar,NALANDA - BR21( 01-FEB-2018 ),17,TRACTOR (COMMERCIAL),84,77,82,66,67,82,88,60,73,60,68,68,875
2023,Bihar,NALANDA - BR21( 01-FEB-2018 ),18,TRAILER (AGRICULTURAL),0,0,0,0,0,0,0,0,0,0,1,0,1
2023,Bihar,NALANDA - BR21( 01-FEB-2018 ),19,TRAILER (COMMERCIAL),52,41,34,21,32,9,6,15,28,19,9,34,300
2023,Bihar,NAWADA - BR27( 30-JAN-2018 ),1,AGRICULTURAL TRACTOR,36,29,34,33,37,47,86,35,43,33,42,29,484
2023,Bihar,NAWADA - BR27( 30-JAN-2018 ),2,AMBULANCE,0,0,0,1,0,0,0,0,0,0,0,0,1
2023,Bihar,NAWADA - BR27( 30-JAN-2018 ),3,ARTICULATED VEHICLE,1,0,0,0,3,1,1,0,0,0,0,0,6
2023,Bihar,NAWADA - BR27( 30-JAN-2018 ),4,BUS,0,3,6,2,5,2,4,2,1,2,2,6,35
2023,Bihar,NAWADA - BR27( 30-JAN-2018 ),5,CONSTRUCTION EQUIPMENT VEHICLE,8,3,4,6,3,0,3,3,8,0,7,1,46
2023,Bihar,NAWADA - BR27( 30-JAN-2018 ),6,E-RICKSHAW(P),120,167,75,102,179,154,171,143,287,341,193,298,"2,230"
2023,Bihar,NAWADA - BR27( 30-JAN-2018 ),7,E-RICKSHAW WITH CART (G),0,0,1,0,0,1,3,1,1,1,0,1,9
2023,Bihar,NAWADA - BR27( 30-JAN-2018 ),8,GOODS CARRIER,29,27,36,26,45,28,39,22,41,32,41,31,397
2023,Bihar,NAWADA - BR27( 30-JAN-2018 ),9,HARVESTER,0,0,0,0,0,3,1,0,0,0,0,1,5
2023,Bihar,NAWADA - BR27( 30-JAN-2018 ),10,MAXI CAB,0,0,0,1,2,0,2,3,0,2,0,0,10
2023,Bihar,NAWADA - BR27( 30-JAN-2018 ),11,M-CYCLE/SCOOTER,781,"1,185","1,097","1,163","1,695","1,518","1,060",601,844,660,"1,421",680,"12,705"
2023,Bihar,NAWADA - BR27( 30-JAN-2018 ),12,M-CYCLE/SCOOTER-WITH SIDE CAR,1,0,1,1,3,2,0,1,0,0,4,2,15
2023,Bihar,NAWADA - BR27( 30-JAN-2018 ),13,MOPED,29,24,23,25,21,30,36,32,27,25,37,23,332
2023,Bihar,NAWADA - BR27( 30-JAN-2018 ),14,MOTOR CAB,0,0,1,2,0,0,0,1,1,1,2,2,10
2023,Bihar,NAWADA - BR27( 30-JAN-2018 ),15,MOTOR CAR,48,46,42,35,35,41,30,35,48,35,62,40,497
2023,Bihar,NAWADA - BR27( 30-JAN-2018 ),16,MOTORISED CYCLE (CC > 25CC),53,97,86,136,212,98,60,43,58,76,137,57,"1,113"
2023,Bihar,NAWADA - BR27( 30-JAN-2018 ),17,OMNI BUS,1,0,1,0,0,0,0,0,0,0,0,0,2
2023,Bihar,NAWADA - BR27( 30-JAN-2018 ),18,OMNI BUS (PRIVATE USE),0,0,0,0,0,0,0,1,0,0,1,0,2
2023,Bihar,NAWADA - BR27( 30-JAN-2018 ),19,THREE WHEELER (GOODS),1,2,5,2,4,4,1,1,2,2,5,2,31
2023,Bihar,NAWADA - BR27( 30-JAN-2018 ),20,THREE WHEELER (PASSENGER),7,6,6,4,5,10,15,13,20,23,20,11,140
2023,Bihar,NAWADA - BR27( 30-JAN-2018 ),21,TRACTOR (COMMERCIAL),76,77,68,84,50,57,84,49,56,39,55,50,745
2023,Bihar,NAWADA - BR27( 30-JAN-2018 ),22,TRAILER (AGRICULTURAL),0,0,0,1,0,1,0,0,0,0,0,0,2
2023,Bihar,NAWADA - BR27( 30-JAN-2018 ),23,TRAILER (COMMERCIAL),25,25,22,8,5,27,16,21,13,1,1,15,179
2023,Bihar,PATNA - BR1( 02-FEB-2018 ),1,ADAPTED VEHICLE,0,1,4,0,0,2,0,0,1,1,0,1,10
2023,Bihar,PATNA - BR1( 02-FEB-2018 ),2,AGRICULTURAL TRACTOR,9,7,15,12,8,9,7,17,31,26,40,24,205
2023,Bihar,PATNA - BR1( 02-FEB-2018 ),3,AMBULANCE,5,3,29,4,7,3,9,3,2,6,4,2,77
2023,Bihar,PATNA - BR1( 02-FEB-2018 ),4,BUS,60,26,63,28,18,18,12,9,21,25,18,18,316
2023,Bihar,PATNA - BR1( 02-FEB-2018 ),5,CONSTRUCTION EQUIPMENT VEHICLE,21,29,37,24,45,34,18,19,31,38,38,38,372
2023,Bihar,PATNA - BR1( 02-FEB-2018 ),6,E-RICKSHAW(P),563,530,482,484,445,496,656,668,747,666,629,594,"6,960"
2023,Bihar,PATNA - BR1( 02-FEB-2018 ),7,E-RICKSHAW WITH CART (G),22,23,28,38,9,8,29,29,12,20,15,12,245
2023,Bihar,PATNA - BR1( 02-FEB-2018 ),8,GOODS CARRIER,379,309,399,379,337,281,273,264,333,397,398,270,"4,019"
2023,Bihar,PATNA - BR1( 02-FEB-2018 ),9,HARVESTER,2,7,10,4,0,12,0,0,0,0,2,0,37
2023,Bihar,PATNA - BR1( 02-FEB-2018 ),10,MAXI CAB,2,2,0,2,6,11,12,5,14,11,11,7,83
2023,Bihar,PATNA - BR1( 02-FEB-2018 ),11,M-CYCLE/SCOOTER,"6,516","7,072","7,979","8,029","11,311","7,826","6,235","5,917","7,234","7,345","14,165","6,580","96,209"
2023,Bihar,PATNA - BR1( 02-FEB-2018 ),12,M-CYCLE/SCOOTER-WITH SIDE CAR,23,36,33,32,43,42,28,23,37,34,132,45,508
2023,Bihar,PATNA - BR1( 02-FEB-2018 ),13,MOPED,116,116,123,121,101,136,135,111,140,138,174,164,"1,575"
2023,Bihar,PATNA - BR1( 02-FEB-2018 ),14,MOTOR CAB,106,93,86,104,113,117,111,103,122,134,140,68,"1,297"
2023,Bihar,PATNA - BR1( 02-FEB-2018 ),15,MOTOR CAR,"2,565","2,394","2,360","2,304","2,656","2,546","2,246","2,328","2,042","2,446","3,620","1,810","29,317"
2023,Bihar,PATNA - BR1( 02-FEB-2018 ),16,MOTOR CYCLE/SCOOTER-USED FOR HIRE,0,0,0,0,0,0,0,0,0,0,0,5,5
2023,Bihar,PATNA - BR1( 02-FEB-2018 ),17,MOTORISED CYCLE (CC > 25CC),0,0,1,0,0,1,0,1,1,1,2,0,7
2023,Bihar,PATNA - BR1( 02-FEB-2018 ),18,OMNI BUS,1,5,7,3,4,4,5,8,4,3,4,4,52
2023,Bihar,PATNA - BR1( 02-FEB-2018 ),19,OMNI BUS (PRIVATE USE),0,0,0,0,0,50,15,5,1,2,0,1,74
2023,Bihar,PATNA - BR1( 02-FEB-2018 ),20,THREE WHEELER (GOODS),74,115,96,107,109,140,134,130,145,222,217,164,"1,653"
2023,Bihar,PATNA - BR1( 02-FEB-2018 ),21,THREE WHEELER (PASSENGER),643,650,717,563,476,712,866,850,"1,061",884,773,540,"8,735"
2023,Bihar,PATNA - BR1( 02-FEB-2018 ),22,TRACTOR (COMMERCIAL),135,130,175,125,149,158,141,95,173,152,203,129,"1,765"
2023,Bihar,PATNA - BR1( 02-FEB-2018 ),23,TRAILER (COMMERCIAL),118,103,104,102,110,117,87,99,72,141,105,162,"1,320"
2023,Bihar,PURNEA - BR11( 23-JAN-2018 ),1,AGRICULTURAL TRACTOR,28,59,89,71,115,153,142,76,87,140,179,208,"1,347"
2023,Bihar,PURNEA - BR11( 23-JAN-2018 ),2,AMBULANCE,0,1,0,0,0,0,0,0,0,0,0,1,2
2023,Bihar,PURNEA - BR11( 23-JAN-2018 ),3,BUS,2,10,10,7,7,5,6,6,6,4,4,4,71
2023,Bihar,PURNEA - BR11( 23-JAN-2018 ),4,CONSTRUCTION EQUIPMENT VEHICLE,28,21,17,21,23,34,10,9,27,24,28,18,260
2023,Bihar,PURNEA - BR11( 23-JAN-2018 ),5,E-RICKSHAW(P),153,205,281,175,143,178,301,355,376,326,234,298,"3,025"
2023,Bihar,PURNEA - BR11( 23-JAN-2018 ),6,E-RICKSHAW WITH CART (G),2,2,2,4,1,1,2,2,0,1,0,0,17
2023,Bihar,PURNEA - BR11( 23-JAN-2018 ),7,GOODS CARRIER,129,93,135,101,117,116,125,84,118,64,103,68,"1,253"
2023,Bihar,PURNEA - BR11( 23-JAN-2018 ),8,MAXI CAB,1,2,2,2,3,6,1,0,0,1,2,0,20
2023,Bihar,PURNEA - BR11( 23-JAN-2018 ),9,M-CYCLE/SCOOTER,"2,438","2,993","3,475","2,844","4,610","4,349","3,678","3,667","3,007","2,767","5,596","3,232","42,656"
2023,Bihar,PURNEA - BR11( 23-JAN-2018 ),10,M-CYCLE/SCOOTER-WITH SIDE CAR,11,17,19,18,22,21,15,14,27,9,26,24,223
2023,Bihar,PURNEA - BR11( 23-JAN-2018 ),11,MOPED,24,24,25,31,36,47,41,30,31,36,61,39,425
2023,Bihar,PURNEA - BR11( 23-JAN-2018 ),12,MOTOR CAB,6,5,6,12,7,2,2,6,14,9,6,5,80
2023,Bihar,PURNEA - BR11( 23-JAN-2018 ),13,MOTOR CAR,394,361,374,332,359,397,381,352,375,435,652,275,"4,687"
2023,Bihar,PURNEA - BR11( 23-JAN-2018 ),14,OMNI BUS,0,0,0,0,0,0,0,0,1,2,0,1,4
2023,Bihar,PURNEA - BR11( 23-JAN-2018 ),15,OMNI BUS (PRIVATE USE),0,0,0,0,0,8,3,4,2,3,6,1,27
2023,Bihar,PURNEA - BR11( 23-JAN-2018 ),16,THREE WHEELER (GOODS),16,12,22,19,20,11,12,27,20,21,15,27,222
2023,Bihar,PURNEA - BR11( 23-JAN-2018 ),17,THREE WHEELER (PASSENGER),39,35,29,16,34,52,113,126,162,184,170,142,"1,102"
2023,Bihar,PURNEA - BR11( 23-JAN-2018 ),18,TRACTOR (COMMERCIAL),109,59,135,122,135,149,137,103,79,110,79,102,"1,319"
2023,Bihar,PURNEA - BR11( 23-JAN-2018 ),19,TRAILER (COMMERCIAL),12,20,7,17,16,2,6,4,0,0,0,1,85
2023,Bihar,ROHTAS - BR24( 09-FEB-2018 ),1,AGRICULTURAL TRACTOR,66,71,91,95,91,144,91,58,64,48,72,85,976
2023,Bihar,ROHTAS - BR24( 09-FEB-2018 ),2,AMBULANCE,0,0,0,0,0,0,0,2,0,0,0,0,2
2023,Bihar,ROHTAS - BR24( 09-FEB-2018 ),3,ARTICULATED VEHICLE,0,0,1,0,0,0,0,0,2,0,2,1,6
2023,Bihar,ROHTAS - BR24( 09-FEB-2018 ),4,BUS,6,1,8,8,9,2,10,8,11,7,3,5,78
2023,Bihar,ROHTAS - BR24( 09-FEB-2018 ),5,CONSTRUCTION EQUIPMENT VEHICLE,2,0,4,2,2,3,1,2,4,1,1,5,27
2023,Bihar,ROHTAS - BR24( 09-FEB-2018 ),6,DUMPER,0,0,0,0,0,0,0,0,0,0,0,2,2
2023,Bihar,ROHTAS - BR24( 09-FEB-2018 ),7,E-RICKSHAW(P),63,106,110,78,160,97,136,124,152,161,123,137,"1,447"
2023,Bihar,ROHTAS - BR24( 09-FEB-2018 ),8,E-RICKSHAW WITH CART (G),0,1,0,2,1,3,0,3,2,4,0,0,16
2023,Bihar,ROHTAS - BR24( 09-FEB-2018 ),9,GOODS CARRIER,81,72,39,39,31,37,33,36,71,73,91,97,700
2023,Bihar,ROHTAS - BR24( 09-FEB-2018 ),10,HARVESTER,3,27,39,14,4,26,0,0,5,4,8,8,138
2023,Bihar,ROHTAS - BR24( 09-FEB-2018 ),11,MAXI CAB,0,0,0,0,0,0,1,2,1,2,2,3,11
2023,Bihar,ROHTAS - BR24( 09-FEB-2018 ),12,M-CYCLE/SCOOTER,"1,635","1,880","2,370","1,441","2,656","1,685","1,396","1,290","1,587","1,788","2,993","2,010","22,731"
2023,Bihar,ROHTAS - BR24( 09-FEB-2018 ),13,M-CYCLE/SCOOTER-WITH SIDE CAR,9,10,16,2,15,36,16,51,35,41,8,4,243
2023,Bihar,ROHTAS - BR24( 09-FEB-2018 ),14,MOPED,12,23,52,34,25,31,21,43,38,33,42,34,388
2023,Bihar,ROHTAS - BR24( 09-FEB-2018 ),15,MOTOR CAB,1,1,5,3,4,0,0,2,4,1,0,1,22
2023,Bihar,ROHTAS - BR24( 09-FEB-2018 ),16,MOTOR CAR,115,84,93,72,110,87,94,111,127,107,132,91,"1,223"
2023,Bihar,ROHTAS - BR24( 09-FEB-2018 ),17,OMNI BUS,0,1,0,0,2,0,0,1,0,0,0,0,4
2023,Bihar,ROHTAS - BR24( 09-FEB-2018 ),18,OMNI BUS (PRIVATE USE),0,0,0,0,0,2,2,0,0,0,0,0,4
2023,Bihar,ROHTAS - BR24( 09-FEB-2018 ),19,THREE WHEELER (GOODS),1,12,12,5,6,7,4,6,6,6,7,7,79
2023,Bihar,ROHTAS - BR24( 09-FEB-2018 ),20,THREE WHEELER (PASSENGER),46,56,70,74,74,111,82,119,165,151,123,110,"1,181"
2023,Bihar,ROHTAS - BR24( 09-FEB-2018 ),21,TRACTOR (COMMERCIAL),28,52,47,31,34,32,32,19,22,20,27,25,369
2023,Bihar,ROHTAS - BR24( 09-FEB-2018 ),22,TRAILER (COMMERCIAL),21,37,40,24,38,23,34,23,11,11,7,21,290
2023,Bihar,SAHARSA - BR19( 29-JAN-2018 ),1,AGRICULTURAL TRACTOR,4,10,7,3,4,10,31,24,17,10,15,40,175
2023,Bihar,SAHARSA - BR19( 29-JAN-2018 ),2,BUS,0,1,1,0,1,4,2,3,3,0,1,0,16
2023,Bihar,SAHARSA - BR19( 29-JAN-2018 ),3,CONSTRUCTION EQUIPMENT VEHICLE,0,0,1,1,0,2,0,0,0,0,0,0,4
2023,Bihar,SAHARSA - BR19( 29-JAN-2018 ),4,E-RICKSHAW(P),61,83,84,125,68,66,151,155,137,144,102,115,"1,291"
2023,Bihar,SAHARSA - BR19( 29-JAN-2018 ),5,E-RICKSHAW WITH CART (G),1,1,4,2,0,1,0,0,1,2,0,1,13
2023,Bihar,SAHARSA - BR19( 29-JAN-2018 ),6,GOODS CARRIER,12,9,15,18,7,21,13,13,12,13,24,16,173
2023,Bihar,SAHARSA - BR19( 29-JAN-2018 ),7,HARVESTER,1,0,0,0,0,0,0,0,0,0,0,0,1
2023,Bihar,SAHARSA - BR19( 29-JAN-2018 ),8,MAXI CAB,0,1,2,0,0,0,1,1,1,0,0,0,6
2023,Bihar,SAHARSA - BR19( 29-JAN-2018 ),9,M-CYCLE/SCOOTER,788,"1,234","1,340","1,128","1,355","1,269","1,099",875,955,779,"1,986","1,752","14,560"
2023,Bihar,SAHARSA - BR19( 29-JAN-2018 ),10,M-CYCLE/SCOOTER-WITH SIDE CAR,0,2,1,6,3,1,0,0,0,1,3,2,19
2023,Bihar,SAHARSA - BR19( 29-JAN-2018 ),11,MOPED,0,0,0,0,0,0,0,0,0,0,0,5,5
2023,Bihar,SAHARSA - BR19( 29-JAN-2018 ),12,MOTOR CAB,3,5,5,2,2,2,2,3,3,3,5,5,40
2023,Bihar,SAHARSA - BR19( 29-JAN-2018 ),13,MOTOR CAR,51,37,48,52,77,57,49,39,49,55,98,55,667
2023,Bihar,SAHARSA - BR19( 29-JAN-2018 ),14,MOTORISED CYCLE (CC > 25CC),0,0,0,0,0,0,0,0,1,0,0,0,1
2023,Bihar,SAHARSA - BR19( 29-JAN-2018 ),15,OMNI BUS,0,0,0,0,0,0,0,1,0,0,0,0,1
2023,Bihar,SAHARSA - BR19( 29-JAN-2018 ),16,OMNI BUS (PRIVATE USE),0,0,0,0,0,2,1,0,0,0,0,0,3
2023,Bihar,SAHARSA - BR19( 29-JAN-2018 ),17,THREE WHEELER (GOODS),9,4,9,5,1,4,5,1,6,5,5,4,58
2023,Bihar,SAHARSA - BR19( 29-JAN-2018 ),18,THREE WHEELER (PASSENGER),13,13,9,9,21,25,36,26,29,71,54,49,355
2023,Bihar,SAHARSA - BR19( 29-JAN-2018 ),19,TRACTOR (COMMERCIAL),12,35,36,39,38,52,60,45,26,46,26,53,468
2023,Bihar,SAHARSA - BR19( 29-JAN-2018 ),20,TRAILER (COMMERCIAL),0,4,4,4,0,10,2,6,5,8,0,4,47
2023,Bihar,SAMASTIPUR - BR33( 06-JUL-2017 ),1,AGRICULTURAL TRACTOR,46,88,128,67,77,68,110,75,97,105,163,76,"1,100"
2023,Bihar,SAMASTIPUR - BR33( 06-JUL-2017 ),2,BUS,1,2,8,5,2,6,5,0,1,5,8,1,44
2023,Bihar,SAMASTIPUR - BR33( 06-JUL-2017 ),3,CONSTRUCTION EQUIPMENT VEHICLE,1,0,2,1,0,1,0,0,3,0,1,2,11
2023,Bihar,SAMASTIPUR - BR33( 06-JUL-2017 ),4,E-RICKSHAW(P),157,224,244,173,258,242,282,321,404,482,322,341,"3,450"
2023,Bihar,SAMASTIPUR - BR33( 06-JUL-2017 ),5,E-RICKSHAW WITH CART (G),1,2,4,2,1,5,6,8,4,6,6,7,52
2023,Bihar,SAMASTIPUR - BR33( 06-JUL-2017 ),6,GOODS CARRIER,19,23,45,20,25,26,23,20,40,19,43,18,321
2023,Bihar,SAMASTIPUR - BR33( 06-JUL-2017 ),7,HARVESTER,0,1,0,0,0,0,0,0,0,0,0,0,1
2023,Bihar,SAMASTIPUR - BR33( 06-JUL-2017 ),8,MAXI CAB,0,0,0,0,0,1,0,0,0,2,1,0,4
2023,Bihar,SAMASTIPUR - BR33( 06-JUL-2017 ),9,M-CYCLE/SCOOTER,"2,366","2,739","3,510","3,500","5,827","4,169","3,250","1,880","3,032","2,734","7,792","5,366","46,165"
2023,Bihar,SAMASTIPUR - BR33( 06-JUL-2017 ),10,M-CYCLE/SCOOTER-WITH SIDE CAR,0,0,0,0,1,1,0,0,0,0,4,1,7
2023,Bihar,SAMASTIPUR - BR33( 06-JUL-2017 ),11,MOPED,14,15,18,14,10,30,13,11,20,15,47,64,271
2023,Bihar,SAMASTIPUR - BR33( 06-JUL-2017 ),12,MOTOR CAB,0,0,1,2,0,0,4,0,1,0,1,2,11
2023,Bihar,SAMASTIPUR - BR33( 06-JUL-2017 ),13,MOTOR CAR,38,52,48,47,67,57,46,37,35,44,89,42,602
2023,Bihar,SAMASTIPUR - BR33( 06-JUL-2017 ),14,OMNI BUS,0,0,0,1,0,0,2,0,0,0,0,0,3
2023,Bihar,SAMASTIPUR - BR33( 06-JUL-2017 ),15,OMNI BUS (PRIVATE USE),0,0,0,0,0,2,1,0,1,0,0,0,4
2023,Bihar,SAMASTIPUR - BR33( 06-JUL-2017 ),16,THREE WHEELER (GOODS),14,8,5,10,10,9,9,9,16,16,23,7,136
2023,Bihar,SAMASTIPUR - BR33( 06-JUL-2017 ),17,THREE WHEELER (PASSENGER),64,70,71,46,60,79,104,87,131,121,106,78,"1,017"
2023,Bihar,SAMASTIPUR - BR33( 06-JUL-2017 ),18,TRACTOR (COMMERCIAL),16,30,43,25,19,14,16,18,33,15,29,10,268
2023,Bihar,SAMASTIPUR - BR33( 06-JUL-2017 ),19,TRAILER (AGRICULTURAL),0,0,0,1,0,6,0,3,7,1,1,1,20
2023,Bihar,SAMASTIPUR - BR33( 06-JUL-2017 ),20,TRAILER (COMMERCIAL),0,13,18,28,13,19,4,10,7,11,12,12,147
2023,Bihar,SHEIKHPURA - BR52( 17-JUL-2017 ),1,AGRICULTURAL TRACTOR,0,7,6,6,6,14,7,7,5,9,5,11,83
2023,Bihar,SHEIKHPURA - BR52( 17-JUL-2017 ),2,ARTICULATED VEHICLE,0,2,0,5,0,0,0,0,2,1,0,0,10
2023,Bihar,SHEIKHPURA - BR52( 17-JUL-2017 ),3,BUS,0,1,0,3,0,0,2,1,1,0,0,0,8
2023,Bihar,SHEIKHPURA - BR52( 17-JUL-2017 ),4,CONSTRUCTION EQUIPMENT VEHICLE,2,1,0,1,0,2,0,0,2,1,0,1,10
2023,Bihar,SHEIKHPURA - BR52( 17-JUL-2017 ),5,E-RICKSHAW(P),31,31,35,23,70,21,84,121,57,58,37,34,602
2023,Bihar,SHEIKHPURA - BR52( 17-JUL-2017 ),6,E-RICKSHAW WITH CART (G),0,0,0,0,2,1,0,1,0,0,0,0,4
2023,Bihar,SHEIKHPURA - BR52( 17-JUL-2017 ),7,GOODS CARRIER,2,10,4,10,15,9,19,13,8,9,7,12,118
2023,Bihar,SHEIKHPURA - BR52( 17-JUL-2017 ),8,MAXI CAB,0,0,0,1,0,0,0,0,1,0,0,0,2
2023,Bihar,SHEIKHPURA - BR52( 17-JUL-2017 ),9,M-CYCLE/SCOOTER,142,229,298,239,479,336,224,132,234,168,418,261,"3,160"
2023,Bihar,SHEIKHPURA - BR52( 17-JUL-2017 ),10,M-CYCLE/SCOOTER-WITH SIDE CAR,0,2,1,0,0,0,1,0,0,0,0,0,4
2023,Bihar,SHEIKHPURA - BR52( 17-JUL-2017 ),11,MOPED,12,11,16,11,9,13,15,7,28,8,33,18,181
2023,Bihar,SHEIKHPURA - BR52( 17-JUL-2017 ),12,MOTOR CAB,1,0,0,1,3,2,2,0,0,0,0,0,9
2023,Bihar,SHEIKHPURA - BR52( 17-JUL-2017 ),13,MOTOR CAR,3,4,4,7,4,7,5,9,10,7,6,8,74
2023,Bihar,SHEIKHPURA - BR52( 17-JUL-2017 ),14,OMNI BUS,0,0,0,0,0,0,0,0,1,0,0,0,1
2023,Bihar,SHEIKHPURA - BR52( 17-JUL-2017 ),15,THREE WHEELER (GOODS),0,0,0,2,0,0,2,4,3,1,5,1,18
2023,Bihar,SHEIKHPURA - BR52( 17-JUL-2017 ),16,THREE WHEELER (PASSENGER),4,2,3,3,4,6,8,2,7,13,6,8,66
2023,Bihar,SHEIKHPURA - BR52( 17-JUL-2017 ),17,TRACTOR (COMMERCIAL),11,39,43,44,28,28,29,9,22,15,27,46,341
2023,Bihar,SHEIKHPURA - BR52( 17-JUL-2017 ),18,TRAILER (COMMERCIAL),1,47,24,20,19,17,18,17,16,17,0,17,213
2023,Bihar,SHEOHAR - BR55( 07-JUN-2017 ),1,AGRICULTURAL TRACTOR,7,5,14,8,9,11,11,6,5,6,10,15,107
2023,Bihar,SHEOHAR - BR55( 07-JUN-2017 ),2,AMBULANCE,1,0,0,0,0,0,0,0,0,0,0,0,1
2023,Bihar,SHEOHAR - BR55( 07-JUN-2017 ),3,CONSTRUCTION EQUIPMENT VEHICLE,1,0,1,1,0,0,0,0,0,0,1,0,4
2023,Bihar,SHEOHAR - BR55( 07-JUN-2017 ),4,E-RICKSHAW(P),1,3,1,0,30,9,5,5,35,18,12,13,132
2023,Bihar,SHEOHAR - BR55( 07-JUN-2017 ),5,GOODS CARRIER,0,0,0,0,0,1,0,1,0,2,0,0,4
2023,Bihar,SHEOHAR - BR55( 07-JUN-2017 ),6,M-CYCLE/SCOOTER,238,203,321,257,478,155,226,186,170,313,530,252,"3,329"
2023,Bihar,SHEOHAR - BR55( 07-JUN-2017 ),7,M-CYCLE/SCOOTER-WITH SIDE CAR,0,1,0,1,0,0,0,1,0,0,0,0,3
2023,Bihar,SHEOHAR - BR55( 07-JUN-2017 ),8,MOTOR CAB,1,0,2,0,1,0,1,0,0,0,0,0,5
2023,Bihar,SHEOHAR - BR55( 07-JUN-2017 ),9,MOTOR CAR,2,1,1,1,2,1,9,2,1,1,6,5,32
2023,Bihar,SHEOHAR - BR55( 07-JUN-2017 ),10,OMNI BUS (PRIVATE USE),0,0,0,0,0,1,0,0,0,0,0,0,1
2023,Bihar,SHEOHAR - BR55( 07-JUN-2017 ),11,THREE WHEELER (GOODS),0,0,0,0,0,0,0,0,0,0,0,1,1
2023,Bihar,SHEOHAR - BR55( 07-JUN-2017 ),12,THREE WHEELER (PASSENGER),0,1,1,0,0,0,0,0,0,1,0,1,4
2023,Bihar,SHEOHAR - BR55( 07-JUN-2017 ),13,TRACTOR (COMMERCIAL),2,5,5,4,7,2,5,4,6,4,10,3,57
2023,Bihar,SHEOHAR - BR55( 07-JUN-2017 ),14,TRAILER (COMMERCIAL),0,0,0,4,1,1,0,0,0,1,0,2,9
2023,Bihar,SITAMARHI - BR30( 29-JAN-2018 ),1,AGRICULTURAL TRACTOR,96,65,68,54,50,97,86,29,57,86,108,90,886
2023,Bihar,SITAMARHI - BR30( 29-JAN-2018 ),2,BUS,3,3,2,2,12,0,4,2,4,0,1,0,33
2023,Bihar,SITAMARHI - BR30( 29-JAN-2018 ),3,CONSTRUCTION EQUIPMENT VEHICLE,1,2,3,1,1,2,2,0,6,4,5,1,28
2023,Bihar,SITAMARHI - BR30( 29-JAN-2018 ),4,E-RICKSHAW(P),30,53,69,36,87,48,65,67,153,167,100,154,"1,029"
2023,Bihar,SITAMARHI - BR30( 29-JAN-2018 ),5,E-RICKSHAW WITH CART (G),1,0,23,4,36,4,20,8,2,4,0,4,106
2023,Bihar,SITAMARHI - BR30( 29-JAN-2018 ),6,GOODS CARRIER,4,2,8,2,12,2,5,19,7,3,5,9,78
2023,Bihar,SITAMARHI - BR30( 29-JAN-2018 ),7,MAXI CAB,0,0,0,2,1,2,0,1,1,0,1,0,8
2023,Bihar,SITAMARHI - BR30( 29-JAN-2018 ),8,M-CYCLE/SCOOTER,"1,895","2,509","2,762","2,298","3,498","1,990","1,942","1,720","1,454","1,920","4,227","2,550","28,765"
2023,Bihar,SITAMARHI - BR30( 29-JAN-2018 ),9,M-CYCLE/SCOOTER-WITH SIDE CAR,45,67,124,94,190,89,83,55,71,110,293,123,"1,344"
2023,Bihar,SITAMARHI - BR30( 29-JAN-2018 ),10,MOPED,6,4,5,4,1,3,4,4,3,10,11,11,66
2023,Bihar,SITAMARHI - BR30( 29-JAN-2018 ),11,MOTOR CAB,0,0,4,0,1,1,0,0,1,0,0,3,10
2023,Bihar,SITAMARHI - BR30( 29-JAN-2018 ),12,MOTOR CAR,30,27,23,32,40,24,25,25,17,29,51,25,348
2023,Bihar,SITAMARHI - BR30( 29-JAN-2018 ),13,OMNI BUS,0,0,0,0,0,0,0,1,1,0,0,0,2
2023,Bihar,SITAMARHI - BR30( 29-JAN-2018 ),14,THREE WHEELER (GOODS),4,6,2,5,8,8,4,6,7,4,4,7,65
2023,Bihar,SITAMARHI - BR30( 29-JAN-2018 ),15,THREE WHEELER (PASSENGER),13,13,19,17,10,18,15,23,26,28,28,19,229
2023,Bihar,SITAMARHI - BR30( 29-JAN-2018 ),16,TRACTOR (COMMERCIAL),13,20,8,8,11,16,16,8,8,9,15,10,142
2023,Bihar,SITAMARHI - BR30( 29-JAN-2018 ),17,TRAILER (COMMERCIAL),8,17,10,3,2,12,7,9,8,5,2,18,101
2023,Bihar,SIWAN - BR29( 29-JAN-2018 ),1,AGRICULTURAL TRACTOR,102,125,163,115,180,178,130,87,107,136,148,81,"1,552"
2023,Bihar,SIWAN - BR29( 29-JAN-2018 ),2,AMBULANCE,0,0,0,0,0,0,1,0,0,0,1,0,2
2023,Bihar,SIWAN - BR29( 29-JAN-2018 ),3,BUS,2,6,4,4,1,5,4,1,2,5,3,3,40
2023,Bihar,SIWAN - BR29( 29-JAN-2018 ),4,CONSTRUCTION EQUIPMENT VEHICLE,2,0,3,5,1,2,0,0,2,4,6,0,25
2023,Bihar,SIWAN - BR29( 29-JAN-2018 ),5,E-RICKSHAW(P),157,108,121,57,98,117,150,136,144,170,141,178,"1,577"
2023,Bihar,SIWAN - BR29( 29-JAN-2018 ),6,E-RICKSHAW WITH CART (G),6,2,4,4,2,3,2,1,1,3,3,2,33
2023,Bihar,SIWAN - BR29( 29-JAN-2018 ),7,GOODS CARRIER,32,24,39,30,21,28,28,30,32,51,46,47,408
2023,Bihar,SIWAN - BR29( 29-JAN-2018 ),8,HARVESTER,0,0,2,2,5,0,0,0,0,0,1,0,10
2023,Bihar,SIWAN - BR29( 29-JAN-2018 ),9,MAXI CAB,0,0,1,0,2,3,2,0,2,0,0,0,10
2023,Bihar,SIWAN - BR29( 29-JAN-2018 ),10,M-CYCLE/SCOOTER,"1,948","2,648","2,464","2,368","4,998","3,478","1,648","1,426","1,404","1,656","4,217","2,901","31,156"
2023,Bihar,SIWAN - BR29( 29-JAN-2018 ),11,M-CYCLE/SCOOTER-WITH SIDE CAR,1,0,2,1,2,3,1,1,0,1,3,4,19
2023,Bihar,SIWAN - BR29( 29-JAN-2018 ),12,MOPED,68,59,65,41,55,54,51,67,66,49,108,66,749
2023,Bihar,SIWAN - BR29( 29-JAN-2018 ),13,MOTOR CAB,2,5,3,4,6,2,1,2,0,0,0,1,26
2023,Bihar,SIWAN - BR29( 29-JAN-2018 ),14,MOTOR CAR,135,142,130,91,166,123,83,102,77,84,153,90,"1,376"
2023,Bihar,SIWAN - BR29( 29-JAN-2018 ),15,MOTORISED CYCLE (CC > 25CC),15,6,1,9,2,18,9,9,6,4,12,10,101
2023,Bihar,SIWAN - BR29( 29-JAN-2018 ),16,OMNI BUS,0,0,0,0,0,1,0,0,0,2,1,1,5
2023,Bihar,SIWAN - BR29( 29-JAN-2018 ),17,OMNI BUS (PRIVATE USE),0,0,0,0,0,1,0,0,0,0,0,0,1
2023,Bihar,SIWAN - BR29( 29-JAN-2018 ),18,THREE WHEELER (GOODS),4,2,0,2,2,5,1,1,1,1,5,2,26
2023,Bihar,SIWAN - BR29( 29-JAN-2018 ),19,THREE WHEELER (PASSENGER),7,7,8,4,11,28,17,5,32,16,16,38,189
2023,Bihar,SIWAN - BR29( 29-JAN-2018 ),20,TRACTOR (COMMERCIAL),25,15,17,7,9,14,12,8,14,10,12,18,161
2023,Bihar,SIWAN - BR29( 29-JAN-2018 ),21,TRAILER (AGRICULTURAL),0,0,0,0,0,0,0,1,0,0,0,0,1
2023,Bihar,SIWAN - BR29( 29-JAN-2018 ),22,TRAILER (COMMERCIAL),5,9,4,2,2,3,3,7,5,5,1,4,50
2023,Bihar,SUPAUL - BR50( 29-JAN-2018 ),1,AGRICULTURAL TRACTOR,20,20,52,35,33,66,29,8,15,38,47,42,405
2023,Bihar,SUPAUL - BR50( 29-JAN-2018 ),2,BUS,1,1,3,2,6,1,2,1,6,4,1,0,28
2023,Bihar,SUPAUL - BR50( 29-JAN-2018 ),3,CONSTRUCTION EQUIPMENT VEHICLE,0,0,2,0,0,0,0,0,1,1,0,1,5
2023,Bihar,SUPAUL - BR50( 29-JAN-2018 ),4,EARTH MOVING EQUIPMENT,0,1,0,0,0,0,0,0,0,0,0,0,1
2023,Bihar,SUPAUL - BR50( 29-JAN-2018 ),5,E-RICKSHAW(P),86,174,136,61,83,123,147,201,207,219,194,207,"1,838"
2023,Bihar,SUPAUL - BR50( 29-JAN-2018 ),6,E-RICKSHAW WITH CART (G),0,3,3,0,4,0,0,0,0,2,5,1,18
2023,Bihar,SUPAUL - BR50( 29-JAN-2018 ),7,GOODS CARRIER,41,35,35,22,20,36,20,22,29,24,46,18,348
2023,Bihar,SUPAUL - BR50( 29-JAN-2018 ),8,MAXI CAB,0,2,1,2,0,1,4,1,1,2,0,0,14
2023,Bihar,SUPAUL - BR50( 29-JAN-2018 ),9,M-CYCLE/SCOOTER,"2,237","3,387","3,473","2,265","3,165","2,274","2,235","2,389","2,315","1,376","5,285","2,924","33,325"
2023,Bihar,SUPAUL - BR50( 29-JAN-2018 ),10,M-CYCLE/SCOOTER-WITH SIDE CAR,2,3,2,0,1,4,1,1,4,0,2,1,21
2023,Bihar,SUPAUL - BR50( 29-JAN-2018 ),11,MOPED,1,1,6,7,3,4,5,9,4,3,23,10,76
2023,Bihar,SUPAUL - BR50( 29-JAN-2018 ),12,MOTOR CAB,0,4,4,3,1,0,7,2,4,1,3,2,31
2023,Bihar,SUPAUL - BR50( 29-JAN-2018 ),13,MOTOR CAR,58,50,67,60,66,68,56,50,61,59,108,56,759
2023,Bihar,SUPAUL - BR50( 29-JAN-2018 ),14,OMNI BUS,0,0,0,0,0,0,0,0,0,0,0,1,1
2023,Bihar,SUPAUL - BR50( 29-JAN-2018 ),15,OMNI BUS (PRIVATE USE),0,0,0,0,0,0,0,0,0,0,1,0,1
2023,Bihar,SUPAUL - BR50( 29-JAN-2018 ),16,THREE WHEELER (GOODS),14,9,8,11,20,14,15,8,11,14,20,16,160
2023,Bihar,SUPAUL - BR50( 29-JAN-2018 ),17,THREE WHEELER (PASSENGER),34,48,41,38,46,36,36,42,68,79,64,57,589
2023,Bihar,SUPAUL - BR50( 29-JAN-2018 ),18,TRACTOR (COMMERCIAL),58,34,46,44,37,50,59,39,30,49,34,87,567
2023,Bihar,SUPAUL - BR50( 29-JAN-2018 ),19,TRAILER (COMMERCIAL),0,1,0,0,8,8,1,0,1,0,0,0,19
2023,Bihar,VAISHALI - BR31( 13-FEB-2018 ),1,AGRICULTURAL TRACTOR,26,44,55,32,58,61,79,34,32,26,41,25,513
2023,Bihar,VAISHALI - BR31( 13-FEB-2018 ),2,BUS,1,0,1,7,2,3,4,9,1,0,3,3,34
2023,Bihar,VAISHALI - BR31( 13-FEB-2018 ),3,CONSTRUCTION EQUIPMENT VEHICLE,5,2,6,5,7,1,2,1,6,3,4,3,45
2023,Bihar,VAISHALI - BR31( 13-FEB-2018 ),4,E-RICKSHAW(P),187,215,176,184,201,207,320,302,318,311,258,270,"2,949"
2023,Bihar,VAISHALI - BR31( 13-FEB-2018 ),5,E-RICKSHAW WITH CART (G),1,7,9,5,6,2,4,5,4,4,2,15,64
2023,Bihar,VAISHALI - BR31( 13-FEB-2018 ),6,GOODS CARRIER,30,28,22,25,26,14,20,32,30,22,29,14,292
2023,Bihar,VAISHALI - BR31( 13-FEB-2018 ),7,MAXI CAB,0,3,6,1,2,2,1,2,5,0,1,0,23
2023,Bihar,VAISHALI - BR31( 13-FEB-2018 ),8,M-CYCLE/SCOOTER,"2,100","2,411","2,429","2,619","4,218","2,819","2,023","1,663","2,214","2,123","5,681","2,319","32,619"
2023,Bihar,VAISHALI - BR31( 13-FEB-2018 ),9,M-CYCLE/SCOOTER-WITH SIDE CAR,2,1,4,1,3,0,1,0,0,1,104,59,176
2023,Bihar,VAISHALI - BR31( 13-FEB-2018 ),10,MOPED,48,39,58,50,49,38,58,57,56,44,95,58,650
2023,Bihar,VAISHALI - BR31( 13-FEB-2018 ),11,MOTOR CAB,0,5,2,4,2,1,0,2,2,1,1,3,23
2023,Bihar,VAISHALI - BR31( 13-FEB-2018 ),12,MOTOR CAR,140,107,94,86,147,113,66,81,63,73,163,83,"1,216"
2023,Bihar,VAISHALI - BR31( 13-FEB-2018 ),13,MOTORISED CYCLE (CC > 25CC),4,7,12,24,40,14,28,24,27,30,31,2,243
2023,Bihar,VAISHALI - BR31( 13-FEB-2018 ),14,OMNI BUS,0,0,1,2,0,0,0,0,0,0,0,0,3
2023,Bihar,VAISHALI - BR31( 13-FEB-2018 ),15,THREE WHEELER (GOODS),8,12,8,7,8,13,11,9,9,16,8,7,116
2023,Bihar,VAISHALI - BR31( 13-FEB-2018 ),16,THREE WHEELER (PASSENGER),85,61,78,82,75,113,145,140,172,161,131,100,"1,343"
2023,Bihar,VAISHALI - BR31( 13-FEB-2018 ),17,TRACTOR (COMMERCIAL),35,41,54,36,37,22,25,11,34,28,28,22,373
2023,Bihar,VAISHALI - BR31( 13-FEB-2018 ),18,TRAILER (COMMERCIAL),22,42,27,18,14,13,7,14,8,4,21,8,198
2022,Bihar,ARARIA - BR38( 30-JAN-2018 ),1,AGRICULTURAL TRACTOR,0,14,17,18,15,100,52,24,2,22,9,3,276
2022,Bihar,ARARIA - BR38( 30-JAN-2018 ),2,AMBULANCE,0,0,1,0,0,0,0,0,0,0,0,0,1
2022,Bihar,ARARIA - BR38( 30-JAN-2018 ),3,BUS,0,2,4,0,0,1,0,2,0,0,0,0,9
2022,Bihar,ARARIA - BR38( 30-JAN-2018 ),4,CONSTRUCTION EQUIPMENT VEHICLE,0,1,0,0,0,0,0,0,0,0,0,0,1
2022,Bihar,ARARIA - BR38( 30-JAN-2018 ),5,CRANE MOUNTED VEHICLE,0,0,0,0,0,0,0,0,0,1,0,0,1
2022,Bihar,ARARIA - BR38( 30-JAN-2018 ),6,E-RICKSHAW(P),39,22,68,23,35,48,81,66,66,107,68,101,724
2022,Bihar,ARARIA - BR38( 30-JAN-2018 ),7,E-RICKSHAW WITH CART (G),0,2,0,0,0,0,0,1,0,1,0,0,4
2022,Bihar,ARARIA - BR38( 30-JAN-2018 ),8,GOODS CARRIER,13,16,19,11,15,27,24,14,17,32,15,10,213
2022,Bihar,ARARIA - BR38( 30-JAN-2018 ),9,MAXI CAB,0,0,1,0,0,0,1,0,0,0,0,0,2
2022,Bihar,ARARIA - BR38( 30-JAN-2018 ),10,M-CYCLE/SCOOTER,"1,735","2,082","2,579","1,684","2,704","2,729","2,832","2,704","1,833","2,634","2,632","1,765","27,913"
2022,Bihar,ARARIA - BR38( 30-JAN-2018 ),11,M-CYCLE/SCOOTER-WITH SIDE CAR,3,2,3,4,2,3,1,2,1,2,1,1,25
2022,Bihar,ARARIA - BR38( 30-JAN-2018 ),12,MOPED,0,0,0,0,0,0,0,1,0,0,0,1,2
2022,Bihar,ARARIA - BR38( 30-JAN-2018 ),13,MOTOR CAB,0,1,0,0,1,1,0,5,1,0,1,1,11
2022,Bihar,ARARIA - BR38( 30-JAN-2018 ),14,MOTOR CAR,60,67,58,38,58,45,83,52,67,112,78,66,784
2022,Bihar,ARARIA - BR38( 30-JAN-2018 ),15,THREE WHEELER (GOODS),16,19,17,20,21,9,15,7,16,12,9,8,169
2022,Bihar,ARARIA - BR38( 30-JAN-2018 ),16,THREE WHEELER (PASSENGER),11,21,13,7,7,6,13,14,16,23,11,20,162
2022,Bihar,ARARIA - BR38( 30-JAN-2018 ),17,TRACTOR (COMMERCIAL),70,59,71,51,51,118,105,55,75,102,90,75,922
2022,Bihar,ARAWAL - BR56( 22-MAY-2017 ),1,AGRICULTURAL TRACTOR,37,8,13,1,4,21,6,11,6,13,11,4,135
2022,Bihar,ARAWAL - BR56( 22-MAY-2017 ),2,AMBULANCE,0,0,0,1,0,0,0,0,0,0,0,0,1
2022,Bihar,ARAWAL - BR56( 22-MAY-2017 ),3,BUS,0,0,0,0,0,1,0,0,0,0,0,1,2
2022,Bihar,ARAWAL - BR56( 22-MAY-2017 ),4,CONSTRUCTION EQUIPMENT VEHICLE,0,0,0,0,0,0,1,0,1,0,1,1,4
2022,Bihar,ARAWAL - BR56( 22-MAY-2017 ),5,E-RICKSHAW(P),0,0,1,0,0,0,2,0,0,1,0,0,4
2022,Bihar,ARAWAL - BR56( 22-MAY-2017 ),6,GOODS CARRIER,3,2,1,2,2,3,3,0,2,4,1,3,26
2022,Bihar,ARAWAL - BR56( 22-MAY-2017 ),7,M-CYCLE/SCOOTER,91,98,221,173,312,272,157,77,87,85,199,105,"1,877"
2022,Bihar,ARAWAL - BR56( 22-MAY-2017 ),8,M-CYCLE/SCOOTER-WITH SIDE CAR,0,0,0,0,1,0,0,0,0,0,1,15,17
2022,Bihar,ARAWAL - BR56( 22-MAY-2017 ),9,MOPED,55,113,38,6,59,64,62,51,73,63,125,49,758
2022,Bihar,ARAWAL - BR56( 22-MAY-2017 ),10,MOTOR CAB,1,0,0,0,0,0,0,0,0,0,0,0,1
2022,Bihar,ARAWAL - BR56( 22-MAY-2017 ),11,MOTOR CAR,1,1,0,1,4,0,2,2,3,1,2,3,20
2022,Bihar,ARAWAL - BR56( 22-MAY-2017 ),12,THREE WHEELER (GOODS),1,2,2,1,2,3,1,1,2,0,1,0,16
2022,Bihar,ARAWAL - BR56( 22-MAY-2017 ),13,THREE WHEELER (PASSENGER),1,4,2,0,2,0,0,0,3,1,0,5,18
2022,Bihar,ARAWAL - BR56( 22-MAY-2017 ),14,TRACTOR (COMMERCIAL),32,20,31,2,12,25,21,13,16,13,27,13,225
2022,Bihar,ARAWAL - BR56( 22-MAY-2017 ),15,TRAILER (COMMERCIAL),19,14,14,10,8,13,10,10,6,2,8,2,116
2022,Bihar,AURANGABAD - BR26( 13-JUN-2017 ),1,AGRICULTURAL TRACTOR,23,107,52,52,65,47,153,105,100,46,113,75,938
2022,Bihar,AURANGABAD - BR26( 13-JUN-2017 ),2,BUS,2,0,4,2,1,1,0,4,1,1,2,1,19
2022,Bihar,AURANGABAD - BR26( 13-JUN-2017 ),3,CONSTRUCTION EQUIPMENT VEHICLE,11,8,4,3,2,4,2,2,4,6,0,3,49
2022,Bihar,AURANGABAD - BR26( 13-JUN-2017 ),4,E-RICKSHAW(P),35,24,39,21,34,27,29,26,58,38,48,59,438
2022,Bihar,AURANGABAD - BR26( 13-JUN-2017 ),5,E-RICKSHAW WITH CART (G),0,2,2,4,2,0,1,2,3,2,2,1,21
2022,Bihar,AURANGABAD - BR26( 13-JUN-2017 ),6,GOODS CARRIER,38,41,64,22,23,25,21,37,32,46,31,27,407
2022,Bihar,AURANGABAD - BR26( 13-JUN-2017 ),7,HARVESTER,0,1,0,0,0,1,0,0,0,0,1,9,12
2022,Bihar,AURANGABAD - BR26( 13-JUN-2017 ),8,M-CYCLE/SCOOTER,740,971,"1,411","1,953","2,119",938,612,636,727,"1,410","1,482",731,"13,730"
2022,Bihar,AURANGABAD - BR26( 13-JUN-2017 ),9,M-CYCLE/SCOOTER-WITH SIDE CAR,0,0,1,0,4,1,1,0,2,2,0,3,14
2022,Bihar,AURANGABAD - BR26( 13-JUN-2017 ),10,MOPED,53,90,121,49,80,60,63,67,70,110,128,68,959
2022,Bihar,AURANGABAD - BR26( 13-JUN-2017 ),11,MOTOR CAB,4,2,6,2,3,9,4,7,6,4,7,5,59
2022,Bihar,AURANGABAD - BR26( 13-JUN-2017 ),12,MOTOR CAR,48,45,63,65,64,50,59,50,69,84,54,52,703
2022,Bihar,AURANGABAD - BR26( 13-JUN-2017 ),13,MOTORISED CYCLE (CC > 25CC),0,1,0,0,0,1,0,0,0,0,0,0,2
2022,Bihar,AURANGABAD - BR26( 13-JUN-2017 ),14,OMNI BUS,0,0,0,0,1,0,0,0,1,1,1,0,4
2022,Bihar,AURANGABAD - BR26( 13-JUN-2017 ),15,THREE WHEELER (GOODS),10,14,18,3,10,8,5,10,6,7,7,6,104
2022,Bihar,AURANGABAD - BR26( 13-JUN-2017 ),16,THREE WHEELER (PASSENGER),27,27,33,27,20,17,16,25,43,42,44,32,353
2022,Bihar,AURANGABAD - BR26( 13-JUN-2017 ),17,TRACTOR (COMMERCIAL),31,56,53,40,43,28,32,25,35,32,42,43,460
2022,Bihar,AURANGABAD - BR26( 13-JUN-2017 ),18,TRAILER (AGRICULTURAL),0,0,0,0,0,0,1,0,0,0,0,0,1
2022,Bihar,AURANGABAD - BR26( 13-JUN-2017 ),19,TRAILER (COMMERCIAL),25,45,37,33,43,23,24,24,16,11,38,38,357
2022,Bihar,BANKA - BR51( 06-FEB-2018 ),1,AGRICULTURAL TRACTOR,0,0,1,1,2,0,0,0,0,0,0,0,4
2022,Bihar,BANKA - BR51( 06-FEB-2018 ),2,AMBULANCE,1,0,1,0,0,1,0,2,0,0,0,0,5
2022,Bihar,BANKA - BR51( 06-FEB-2018 ),3,BUS,0,1,1,5,2,2,2,2,1,0,0,0,16
2022,Bihar,BANKA - BR51( 06-FEB-2018 ),4,CONSTRUCTION EQUIPMENT VEHICLE,0,1,1,0,1,1,0,1,0,0,0,0,5
2022,Bihar,BANKA - BR51( 06-FEB-2018 ),5,E-RICKSHAW(P),29,48,42,23,29,47,55,54,78,69,68,74,616
2022,Bihar,BANKA - BR51( 06-FEB-2018 ),6,E-RICKSHAW WITH CART (G),0,0,0,0,0,0,1,0,0,0,0,0,1
2022,Bihar,BANKA - BR51( 06-FEB-2018 ),7,GOODS CARRIER,7,8,8,5,5,10,11,9,7,9,5,5,89
2022,Bihar,BANKA - BR51( 06-FEB-2018 ),8,MAXI CAB,0,0,0,0,0,0,1,1,0,0,0,0,2
2022,Bihar,BANKA - BR51( 06-FEB-2018 ),9,M-CYCLE/SCOOTER,419,500,829,871,"1,244",811,636,457,404,658,953,373,"8,155"
2022,Bihar,BANKA - BR51( 06-FEB-2018 ),10,M-CYCLE/SCOOTER-WITH SIDE CAR,2,0,0,2,4,0,1,0,1,2,0,1,13
2022,Bihar,BANKA - BR51( 06-FEB-2018 ),11,MOPED,7,1,4,7,8,8,5,2,3,7,3,2,57
2022,Bihar,BANKA - BR51( 06-FEB-2018 ),12,MOTOR CAB,0,0,2,0,0,1,2,2,1,0,0,0,8
2022,Bihar,BANKA - BR51( 06-FEB-2018 ),13,MOTOR CAR,12,15,19,22,17,13,27,21,15,17,19,8,205
2022,Bihar,BANKA - BR51( 06-FEB-2018 ),14,MOTORISED CYCLE (CC > 25CC),1,0,0,0,1,0,0,0,0,0,0,0,2
2022,Bihar,BANKA - BR51( 06-FEB-2018 ),15,THREE WHEELER (GOODS),2,5,2,0,0,0,2,0,2,4,2,1,20
2022,Bihar,BANKA - BR51( 06-FEB-2018 ),16,THREE WHEELER (PASSENGER),5,1,3,4,1,1,11,3,8,6,3,3,49
2022,Bihar,BANKA - BR51( 06-FEB-2018 ),17,TRACTOR (COMMERCIAL),41,30,45,27,21,90,88,60,14,39,53,28,536
2022,Bihar,BANKA - BR51( 06-FEB-2018 ),18,TRAILER (COMMERCIAL),57,19,76,0,83,103,95,71,24,0,0,0,528
2022,Bihar,BEGUSARAI - BR9( 23-JAN-2018 ),1,AGRICULTURAL TRACTOR,57,28,36,16,12,1,43,4,53,46,53,27,376
2022,Bihar,BEGUSARAI - BR9( 23-JAN-2018 ),2,AMBULANCE,0,2,0,1,1,1,1,0,1,0,0,0,7
2022,Bihar,BEGUSARAI - BR9( 23-JAN-2018 ),3,BUS,0,2,0,3,3,3,1,2,0,1,2,0,17
2022,Bihar,BEGUSARAI - BR9( 23-JAN-2018 ),4,CONSTRUCTION EQUIPMENT VEHICLE,8,2,5,2,6,4,4,2,9,8,7,4,61
2022,Bihar,BEGUSARAI - BR9( 23-JAN-2018 ),5,EARTH MOVING EQUIPMENT,0,0,0,0,1,0,0,0,0,0,0,0,1
2022,Bihar,BEGUSARAI - BR9( 23-JAN-2018 ),6,E-RICKSHAW(P),86,59,96,69,87,102,107,106,149,123,131,144,"1,259"
2022,Bihar,BEGUSARAI - BR9( 23-JAN-2018 ),7,E-RICKSHAW WITH CART (G),1,2,2,1,1,0,0,0,0,1,1,1,10
2022,Bihar,BEGUSARAI - BR9( 23-JAN-2018 ),8,GOODS CARRIER,60,49,63,73,61,73,64,62,72,50,59,78,764
2022,Bihar,BEGUSARAI - BR9( 23-JAN-2018 ),9,MAXI CAB,0,0,0,0,0,0,0,0,0,1,1,0,2
2022,Bihar,BEGUSARAI - BR9( 23-JAN-2018 ),10,M-CYCLE/SCOOTER,"1,137","1,460","1,841","2,400","3,377","2,458","2,182","1,487","1,485","2,948","3,005","1,432","25,212"
2022,Bihar,BEGUSARAI - BR9( 23-JAN-2018 ),11,M-CYCLE/SCOOTER-WITH SIDE CAR,0,0,3,4,1,0,0,0,1,1,1,1,12
2022,Bihar,BEGUSARAI - BR9( 23-JAN-2018 ),12,MOPED,0,2,8,8,2,2,6,8,1,7,1,2,47
2022,Bihar,BEGUSARAI - BR9( 23-JAN-2018 ),13,MOTOR CAB,3,5,4,4,5,5,8,19,6,1,2,5,67
2022,Bihar,BEGUSARAI - BR9( 23-JAN-2018 ),14,MOTOR CAR,166,180,172,152,211,159,156,145,168,251,176,155,"2,091"
2022,Bihar,BEGUSARAI - BR9( 23-JAN-2018 ),15,MOTORISED CYCLE (CC > 25CC),0,0,1,0,0,0,0,0,0,0,0,0,1
2022,Bihar,BEGUSARAI - BR9( 23-JAN-2018 ),16,OMNI BUS,0,0,0,0,0,1,0,0,0,0,0,0,1
2022,Bihar,BEGUSARAI - BR9( 23-JAN-2018 ),17,THREE WHEELER (GOODS),7,8,10,12,17,5,19,7,12,8,3,7,115
2022,Bihar,BEGUSARAI - BR9( 23-JAN-2018 ),18,THREE WHEELER (PASSENGER),57,30,53,28,43,29,59,78,100,84,57,61,679
2022,Bihar,BEGUSARAI - BR9( 23-JAN-2018 ),19,TRACTOR (COMMERCIAL),23,20,44,36,39,29,75,43,101,68,69,49,596
2022,Bihar,BEGUSARAI - BR9( 23-JAN-2018 ),20,TRAILER (AGRICULTURAL),24,7,11,0,6,15,9,13,0,1,28,47,161
2022,Bihar,BEGUSARAI - BR9( 23-JAN-2018 ),21,TRAILER (COMMERCIAL),6,38,54,6,48,48,45,59,43,32,57,71,507
2022,Bihar,BETTIAH - BR22( 22-SEP-2017 ),1,ADAPTED VEHICLE,0,0,0,0,1,0,0,1,0,0,1,2,5
2022,Bihar,BETTIAH - BR22( 22-SEP-2017 ),2,AGRICULTURAL TRACTOR,140,67,116,36,15,0,237,43,125,129,209,109,"1,226"
2022,Bihar,BETTIAH - BR22( 22-SEP-2017 ),3,AMBULANCE,0,0,1,0,0,0,0,0,0,0,0,0,1
2022,Bihar,BETTIAH - BR22( 22-SEP-2017 ),4,BUS,0,2,0,0,0,1,1,0,0,0,1,1,6
2022,Bihar,BETTIAH - BR22( 22-SEP-2017 ),5,CONSTRUCTION EQUIPMENT VEHICLE,1,2,4,4,0,3,3,0,5,7,6,2,37
2022,Bihar,BETTIAH - BR22( 22-SEP-2017 ),6,E-RICKSHAW(P),28,42,97,51,38,59,75,126,161,125,91,126,"1,019"
2022,Bihar,BETTIAH - BR22( 22-SEP-2017 ),7,E-RICKSHAW WITH CART (G),1,2,3,3,0,0,1,0,1,1,1,2,15
2022,Bihar,BETTIAH - BR22( 22-SEP-2017 ),8,GOODS CARRIER,19,8,33,35,18,20,21,15,29,32,34,10,274
2022,Bihar,BETTIAH - BR22( 22-SEP-2017 ),9,MAXI CAB,0,0,0,0,1,1,1,0,1,0,1,0,5
2022,Bihar,BETTIAH - BR22( 22-SEP-2017 ),10,M-CYCLE/SCOOTER,"2,578","2,400","3,844","3,279","3,738","2,268","2,177","2,115","2,161","5,959","5,451","2,787","38,757"
2022,Bihar,BETTIAH - BR22( 22-SEP-2017 ),11,M-CYCLE/SCOOTER-WITH SIDE CAR,22,21,14,28,24,25,36,28,24,30,93,55,400
2022,Bihar,BETTIAH - BR22( 22-SEP-2017 ),12,MOPED,46,36,61,42,33,33,46,36,42,46,95,68,584
2022,Bihar,BETTIAH - BR22( 22-SEP-2017 ),13,MOTOR CAB,0,0,1,3,1,0,2,1,1,2,0,0,11
2022,Bihar,BETTIAH - BR22( 22-SEP-2017 ),14,MOTOR CAR,89,98,109,94,113,86,81,95,95,147,116,73,"1,196"
2022,Bihar,BETTIAH - BR22( 22-SEP-2017 ),15,MOTORISED CYCLE (CC > 25CC),43,55,63,57,28,29,52,69,54,77,154,0,681
2022,Bihar,BETTIAH - BR22( 22-SEP-2017 ),16,THREE WHEELER (GOODS),1,4,9,3,5,1,0,2,1,1,0,0,27
2022,Bihar,BETTIAH - BR22( 22-SEP-2017 ),17,THREE WHEELER (PASSENGER),6,4,17,2,4,10,1,4,10,4,11,1,74
2022,Bihar,BETTIAH - BR22( 22-SEP-2017 ),18,TRACTOR (COMMERCIAL),67,45,63,28,23,35,43,15,28,32,52,28,459
2022,Bihar,BETTIAH - BR22( 22-SEP-2017 ),19,TRAILER (COMMERCIAL),6,8,7,6,5,0,3,4,5,4,4,7,59
2022,Bihar,BHABHUA - BR45( 23-JAN-2018 ),1,AGRICULTURAL TRACTOR,103,34,50,38,52,34,0,107,99,70,104,58,749
2022,Bihar,BHABHUA - BR45( 23-JAN-2018 ),2,AMBULANCE,0,0,0,0,1,0,0,0,0,0,0,0,1
2022,Bihar,BHABHUA - BR45( 23-JAN-2018 ),3,BUS,4,0,4,8,1,1,0,7,0,0,8,4,37
2022,Bihar,BHABHUA - BR45( 23-JAN-2018 ),4,CONSTRUCTION EQUIPMENT VEHICLE,0,3,2,6,1,0,0,4,2,1,2,1,22
2022,Bihar,BHABHUA - BR45( 23-JAN-2018 ),5,EARTH MOVING EQUIPMENT,0,0,0,0,0,0,0,2,0,0,0,0,2
2022,Bihar,BHABHUA - BR45( 23-JAN-2018 ),6,E-RICKSHAW(P),35,24,49,34,53,44,0,84,48,23,47,50,491
2022,Bihar,BHABHUA - BR45( 23-JAN-2018 ),7,E-RICKSHAW WITH CART (G),0,0,0,0,1,0,0,0,1,1,0,1,4
2022,Bihar,BHABHUA - BR45( 23-JAN-2018 ),8,GOODS CARRIER,32,8,23,12,13,12,0,18,32,17,23,12,202
2022,Bihar,BHABHUA - BR45( 23-JAN-2018 ),9,HARVESTER,0,0,2,3,2,1,0,4,38,1,26,15,92
2022,Bihar,BHABHUA - BR45( 23-JAN-2018 ),10,M-CYCLE/SCOOTER,543,617,892,676,795,730,0,844,774,581,"1,034",665,"8,151"
2022,Bihar,BHABHUA - BR45( 23-JAN-2018 ),11,M-CYCLE/SCOOTER-WITH SIDE CAR,0,2,1,1,1,0,0,2,2,1,1,2,13
2022,Bihar,BHABHUA - BR45( 23-JAN-2018 ),12,MOPED,27,25,73,33,37,23,0,75,59,90,86,31,559
2022,Bihar,BHABHUA - BR45( 23-JAN-2018 ),13,MOTOR CAB,0,0,1,4,1,0,0,0,2,1,2,0,11
2022,Bihar,BHABHUA - BR45( 23-JAN-2018 ),14,MOTOR CAR,27,38,26,32,28,23,0,51,37,27,36,30,355
2022,Bihar,BHABHUA - BR45( 23-JAN-2018 ),15,MOTORISED CYCLE (CC > 25CC),0,0,0,0,0,0,0,0,0,0,0,1,1
2022,Bihar,BHABHUA - BR45( 23-JAN-2018 ),16,THREE WHEELER (GOODS),1,5,2,4,1,1,0,3,2,2,3,3,27
2022,Bihar,BHABHUA - BR45( 23-JAN-2018 ),17,THREE WHEELER (PASSENGER),7,11,16,16,18,31,0,34,23,23,61,70,310
2022,Bihar,BHABHUA - BR45( 23-JAN-2018 ),18,TRACTOR (COMMERCIAL),19,8,16,13,4,6,0,8,5,1,13,4,97
2022,Bihar,BHABHUA - BR45( 23-JAN-2018 ),19,TRAILER (AGRICULTURAL),26,9,22,7,21,2,0,42,22,0,48,33,232
2022,Bihar,BHABHUA - BR45( 23-JAN-2018 ),20,TRAILER (COMMERCIAL),11,6,15,1,3,3,0,4,0,0,11,4,58
2022,Bihar,BHAGALPUR - BR10( 07-FEB-2018 ),1,AGRICULTURAL TRACTOR,4,9,12,0,5,0,9,0,15,8,16,7,85
2022,Bihar,BHAGALPUR - BR10( 07-FEB-2018 ),2,AMBULANCE,0,0,0,0,0,1,0,0,0,0,0,0,1
2022,Bihar,BHAGALPUR - BR10( 07-FEB-2018 ),3,ARTICULATED VEHICLE,5,0,0,0,0,0,0,0,0,0,0,0,5
2022,Bihar,BHAGALPUR - BR10( 07-FEB-2018 ),4,BUS,1,1,11,4,1,2,1,8,3,0,4,2,38
2022,Bihar,BHAGALPUR - BR10( 07-FEB-2018 ),5,CONSTRUCTION EQUIPMENT VEHICLE,2,0,0,0,1,1,0,0,2,0,0,0,6
2022,Bihar,BHAGALPUR - BR10( 07-FEB-2018 ),6,E-RICKSHAW(P),249,250,228,234,243,299,165,517,730,428,447,384,"4,174"
2022,Bihar,BHAGALPUR - BR10( 07-FEB-2018 ),7,E-RICKSHAW WITH CART (G),0,1,4,3,2,6,1,1,5,3,5,0,31
2022,Bihar,BHAGALPUR - BR10( 07-FEB-2018 ),8,GOODS CARRIER,121,112,85,112,107,109,49,101,69,66,58,47,"1,036"
2022,Bihar,BHAGALPUR - BR10( 07-FEB-2018 ),9,MAXI CAB,0,0,0,1,0,2,0,0,0,1,0,0,4
2022,Bihar,BHAGALPUR - BR10( 07-FEB-2018 ),10,M-CYCLE/SCOOTER,"1,123","1,580","1,738","1,944","2,416","2,241","1,115","2,476","1,493","2,410","2,850","1,449","22,835"
2022,Bihar,BHAGALPUR - BR10( 07-FEB-2018 ),11,M-CYCLE/SCOOTER-WITH SIDE CAR,0,1,0,3,5,3,9,4,3,2,1,0,31
2022,Bihar,BHAGALPUR - BR10( 07-FEB-2018 ),12,MOPED,0,1,15,3,1,2,0,2,0,0,4,4,32
2022,Bihar,BHAGALPUR - BR10( 07-FEB-2018 ),13,MOTOR CAB,2,3,6,4,7,11,3,11,5,12,3,4,71
2022,Bihar,BHAGALPUR - BR10( 07-FEB-2018 ),14,MOTOR CAR,164,206,191,176,220,212,87,278,196,299,227,157,"2,413"
2022,Bihar,BHAGALPUR - BR10( 07-FEB-2018 ),15,MOTORISED CYCLE (CC > 25CC),0,0,0,0,0,0,0,0,0,0,1,0,1
2022,Bihar,BHAGALPUR - BR10( 07-FEB-2018 ),16,OMNI BUS,0,0,0,0,0,0,0,0,0,1,0,0,1
2022,Bihar,BHAGALPUR - BR10( 07-FEB-2018 ),17,THREE WHEELER (GOODS),20,16,19,17,27,20,13,17,13,11,12,8,193
2022,Bihar,BHAGALPUR - BR10( 07-FEB-2018 ),18,THREE WHEELER (PASSENGER),19,24,27,16,22,20,10,60,39,26,19,24,306
2022,Bihar,BHAGALPUR - BR10( 07-FEB-2018 ),19,TRACTOR (COMMERCIAL),79,68,58,83,109,116,67,183,102,165,178,72,"1,280"
2022,Bihar,BHAGALPUR - BR10( 07-FEB-2018 ),20,TRAILER (COMMERCIAL),7,11,5,3,8,13,0,10,13,12,4,0,86
2022,Bihar,BHOJPUR - BR3( 15-FEB-2018 ),1,AGRICULTURAL TRACTOR,10,21,29,14,15,24,33,13,42,25,32,29,287
2022,Bihar,BHOJPUR - BR3( 15-FEB-2018 ),2,AMBULANCE,0,0,0,0,0,0,1,1,0,0,0,0,2
2022,Bihar,BHOJPUR - BR3( 15-FEB-2018 ),3,BUS,1,0,1,1,2,2,0,5,2,3,2,0,19
2022,Bihar,BHOJPUR - BR3( 15-FEB-2018 ),4,CONSTRUCTION EQUIPMENT VEHICLE,0,5,2,2,1,2,0,2,1,4,4,2,25
2022,Bihar,BHOJPUR - BR3( 15-FEB-2018 ),5,E-RICKSHAW(P),13,9,6,15,4,13,12,10,18,14,16,37,167
2022,Bihar,BHOJPUR - BR3( 15-FEB-2018 ),6,E-RICKSHAW WITH CART (G),3,1,1,0,1,0,4,0,3,1,2,0,16
2022,Bihar,BHOJPUR - BR3( 15-FEB-2018 ),7,GOODS CARRIER,30,23,33,34,25,20,32,31,21,52,33,31,365
2022,Bihar,BHOJPUR - BR3( 15-FEB-2018 ),8,M-CYCLE/SCOOTER,"1,157","1,517","1,791","1,743","2,753","1,845","1,375","1,097","1,189","1,680","2,765","1,439","20,351"
2022,Bihar,BHOJPUR - BR3( 15-FEB-2018 ),9,M-CYCLE/SCOOTER-WITH SIDE CAR,1,0,4,2,1,2,0,0,1,0,2,0,13
2022,Bihar,BHOJPUR - BR3( 15-FEB-2018 ),10,MOPED,4,16,39,7,15,11,16,15,25,11,14,18,191
2022,Bihar,BHOJPUR - BR3( 15-FEB-2018 ),11,MOTOR CAB,0,6,2,4,1,3,1,2,2,1,2,2,26
2022,Bihar,BHOJPUR - BR3( 15-FEB-2018 ),12,MOTOR CAR,42,49,61,35,60,40,49,44,62,76,84,38,640
2022,Bihar,BHOJPUR - BR3( 15-FEB-2018 ),13,MOTORISED CYCLE (CC > 25CC),0,0,1,0,0,0,0,0,0,0,0,0,1
2022,Bihar,BHOJPUR - BR3( 15-FEB-2018 ),14,OMNI BUS,0,0,0,1,0,0,1,1,0,0,0,0,3
2022,Bihar,BHOJPUR - BR3( 15-FEB-2018 ),15,THREE WHEELER (GOODS),3,3,12,9,7,11,7,1,3,1,6,3,66
2022,Bihar,BHOJPUR - BR3( 15-FEB-2018 ),16,THREE WHEELER (PASSENGER),14,20,27,12,33,26,22,18,62,41,75,54,404
2022,Bihar,BHOJPUR - BR3( 15-FEB-2018 ),17,TRACTOR (COMMERCIAL),81,97,99,34,63,77,71,80,131,129,164,50,"1,076"
2022,Bihar,BHOJPUR - BR3( 15-FEB-2018 ),18,TRAILER (COMMERCIAL),9,16,9,0,4,10,2,7,5,4,66,19,151
2022,Bihar,BUXUR - BR44( 01-FEB-2018 ),1,AGRICULTURAL TRACTOR,36,27,76,28,38,57,0,82,55,53,40,45,537
2022,Bihar,BUXUR - BR44( 01-FEB-2018 ),2,BUS,0,1,8,5,3,9,0,8,7,0,1,1,43
2022,Bihar,BUXUR - BR44( 01-FEB-2018 ),3,CONSTRUCTION EQUIPMENT VEHICLE,2,2,3,3,2,0,0,0,2,1,2,2,19
2022,Bihar,BUXUR - BR44( 01-FEB-2018 ),4,E-RICKSHAW(P),45,58,37,40,57,57,0,113,64,56,84,69,680
2022,Bihar,BUXUR - BR44( 01-FEB-2018 ),5,E-RICKSHAW WITH CART (G),0,1,69,1,0,0,0,2,1,1,1,0,76
2022,Bihar,BUXUR - BR44( 01-FEB-2018 ),6,GOODS CARRIER,14,17,21,21,18,11,0,28,29,16,15,10,200
2022,Bihar,BUXUR - BR44( 01-FEB-2018 ),7,HARVESTER,0,0,0,0,2,0,0,1,4,4,2,2,15
2022,Bihar,BUXUR - BR44( 01-FEB-2018 ),8,MAXI CAB,0,0,0,0,1,0,0,0,0,0,0,0,1
2022,Bihar,BUXUR - BR44( 01-FEB-2018 ),9,M-CYCLE/SCOOTER,664,973,892,832,"1,232",732,0,"1,269",740,829,"1,433",829,"10,425"
2022,Bihar,BUXUR - BR44( 01-FEB-2018 ),10,M-CYCLE/SCOOTER-WITH SIDE CAR,0,1,0,1,1,0,0,0,1,0,1,0,5
2022,Bihar,BUXUR - BR44( 01-FEB-2018 ),11,MOPED,11,0,7,3,0,2,0,14,18,0,15,11,81
2022,Bihar,BUXUR - BR44( 01-FEB-2018 ),12,MOTOR CAB,1,1,2,6,2,0,0,6,1,1,1,1,22
2022,Bihar,BUXUR - BR44( 01-FEB-2018 ),13,MOTOR CAR,33,37,43,34,45,28,0,48,40,43,40,36,427
2022,Bihar,BUXUR - BR44( 01-FEB-2018 ),14,MOTORISED CYCLE (CC > 25CC),0,0,0,0,0,1,0,0,0,0,0,0,1
2022,Bihar,BUXUR - BR44( 01-FEB-2018 ),15,OMNI BUS,0,0,0,0,0,0,0,2,0,2,0,0,4
2022,Bihar,BUXUR - BR44( 01-FEB-2018 ),16,THREE WHEELER (GOODS),3,7,0,2,4,4,0,1,0,0,0,0,21
2022,Bihar,BUXUR - BR44( 01-FEB-2018 ),17,THREE WHEELER (PASSENGER),7,5,7,7,3,12,1,11,6,11,4,6,80
2022,Bihar,BUXUR - BR44( 01-FEB-2018 ),18,TRACTOR (COMMERCIAL),8,14,13,7,16,8,0,8,8,7,3,7,99
2022,Bihar,BUXUR - BR44( 01-FEB-2018 ),19,TRAILER (AGRICULTURAL),2,0,2,0,0,0,0,0,0,0,0,0,4
2022,Bihar,BUXUR - BR44( 01-FEB-2018 ),20,TRAILER (COMMERCIAL),14,13,5,6,1,1,0,1,10,6,50,5,112
2022,Bihar,CHAPARA - BR4( 29-JAN-2018 ),1,AGRICULTURAL TRACTOR,36,8,34,16,30,44,39,24,54,39,84,44,452
2022,Bihar,CHAPARA - BR4( 29-JAN-2018 ),2,AMBULANCE,2,0,1,0,0,0,0,0,0,0,0,0,3
2022,Bihar,CHAPARA - BR4( 29-JAN-2018 ),3,BUS,2,0,2,0,5,4,3,5,3,4,6,4,38
2022,Bihar,CHAPARA - BR4( 29-JAN-2018 ),4,CONSTRUCTION EQUIPMENT VEHICLE,2,0,0,4,6,2,2,2,5,8,3,4,38
2022,Bihar,CHAPARA - BR4( 29-JAN-2018 ),5,E-RICKSHAW(P),104,37,131,78,100,90,147,169,224,196,158,158,"1,592"
2022,Bihar,CHAPARA - BR4( 29-JAN-2018 ),6,E-RICKSHAW WITH CART (G),6,0,3,2,4,0,7,3,2,2,2,2,33
2022,Bihar,CHAPARA - BR4( 29-JAN-2018 ),7,GOODS CARRIER,20,13,56,37,36,38,33,20,28,24,28,9,342
2022,Bihar,CHAPARA - BR4( 29-JAN-2018 ),8,MAXI CAB,0,0,0,0,0,0,0,1,0,0,0,0,1
2022,Bihar,CHAPARA - BR4( 29-JAN-2018 ),9,M-CYCLE/SCOOTER,"1,613",916,"3,319","2,609","3,979","3,247","1,536","1,163","1,158","2,787","3,102","1,540","26,969"
2022,Bihar,CHAPARA - BR4( 29-JAN-2018 ),10,M-CYCLE/SCOOTER-WITH SIDE CAR,1,1,9,6,9,2,2,4,2,4,2,1,43
2022,Bihar,CHAPARA - BR4( 29-JAN-2018 ),11,MOPED,42,17,52,44,70,71,94,66,78,125,127,58,844
2022,Bihar,CHAPARA - BR4( 29-JAN-2018 ),12,MOTOR CAB,1,2,1,3,1,2,4,2,0,2,3,1,22
2022,Bihar,CHAPARA - BR4( 29-JAN-2018 ),13,MOTOR CAR,72,46,137,76,91,77,72,52,72,121,89,74,979
2022,Bihar,CHAPARA - BR4( 29-JAN-2018 ),14,THREE WHEELER (GOODS),6,1,5,1,1,1,2,1,2,1,1,0,22
2022,Bihar,CHAPARA - BR4( 29-JAN-2018 ),15,THREE WHEELER (PASSENGER),7,4,25,3,3,2,1,3,11,6,4,8,77
2022,Bihar,CHAPARA - BR4( 29-JAN-2018 ),16,TRACTOR (COMMERCIAL),108,46,158,94,104,74,92,97,214,200,228,115,"1,530"
2022,Bihar,CHAPARA - BR4( 29-JAN-2018 ),17,TRAILER (COMMERCIAL),22,15,30,22,10,17,15,18,12,7,19,9,196
2022,Bihar,DARBHANGA - BR7( 30-JAN-2018 ),1,AGRICULTURAL TRACTOR,130,19,85,57,64,94,47,49,102,145,175,80,"1,047"
2022,Bihar,DARBHANGA - BR7( 30-JAN-2018 ),2,AMBULANCE,2,3,2,0,1,0,2,2,2,1,1,0,16
2022,Bihar,DARBHANGA - BR7( 30-JAN-2018 ),3,BUS,3,1,4,2,6,6,4,2,7,5,6,1,47
2022,Bihar,DARBHANGA - BR7( 30-JAN-2018 ),4,CONSTRUCTION EQUIPMENT VEHICLE,0,0,0,0,0,0,0,0,1,1,6,3,11
2022,Bihar,DARBHANGA - BR7( 30-JAN-2018 ),5,E-RICKSHAW(P),42,31,54,42,60,41,65,85,111,98,93,118,840
2022,Bihar,DARBHANGA - BR7( 30-JAN-2018 ),6,E-RICKSHAW WITH CART (G),5,0,2,0,1,1,2,3,0,0,3,0,17
2022,Bihar,DARBHANGA - BR7( 30-JAN-2018 ),7,GOODS CARRIER,66,71,109,81,85,77,100,65,100,90,87,81,"1,012"
2022,Bihar,DARBHANGA - BR7( 30-JAN-2018 ),8,MAXI CAB,0,0,0,0,0,0,0,1,0,0,0,0,1
2022,Bihar,DARBHANGA - BR7( 30-JAN-2018 ),9,M-CYCLE/SCOOTER,"1,784","2,364","3,024","3,384","5,301","3,058","2,462","2,158","1,922","2,460","4,921","2,066","34,904"
2022,Bihar,DARBHANGA - BR7( 30-JAN-2018 ),10,M-CYCLE/SCOOTER-WITH SIDE CAR,4,0,0,1,2,2,0,0,2,5,4,2,22
2022,Bihar,DARBHANGA - BR7( 30-JAN-2018 ),11,MOPED,23,22,29,14,14,5,22,19,15,13,35,22,233
2022,Bihar,DARBHANGA - BR7( 30-JAN-2018 ),12,MOTOR CAB,3,3,5,10,11,4,7,3,11,7,8,1,73
2022,Bihar,DARBHANGA - BR7( 30-JAN-2018 ),13,MOTOR CAR,129,158,184,137,164,137,174,167,152,273,189,157,"2,021"
2022,Bihar,DARBHANGA - BR7( 30-JAN-2018 ),14,OMNI BUS,0,0,0,0,0,0,1,2,0,0,0,0,3
2022,Bihar,DARBHANGA - BR7( 30-JAN-2018 ),15,THREE WHEELER (GOODS),32,52,71,24,34,31,25,22,33,37,42,31,434
2022,Bihar,DARBHANGA - BR7( 30-JAN-2018 ),16,THREE WHEELER (PASSENGER),57,75,87,36,56,57,65,84,117,112,74,107,927
2022,Bihar,DARBHANGA - BR7( 30-JAN-2018 ),17,TRACTOR (COMMERCIAL),34,52,45,54,38,12,22,35,48,55,60,52,507
2022,Bihar,DARBHANGA - BR7( 30-JAN-2018 ),18,TRAILER (COMMERCIAL),12,3,10,2,6,6,9,3,0,5,2,7,65
2022,Bihar,GAYA - BR2( 06-SEP-2017 ),1,AGRICULTURAL TRACTOR,202,109,92,111,73,92,166,201,161,133,182,128,"1,650"
2022,Bihar,GAYA - BR2( 06-SEP-2017 ),2,AMBULANCE,4,1,1,1,0,1,2,2,0,2,3,1,18
2022,Bihar,GAYA - BR2( 06-SEP-2017 ),3,ARTICULATED VEHICLE,0,0,1,0,0,0,0,0,0,0,0,0,1
2022,Bihar,GAYA - BR2( 06-SEP-2017 ),4,BUS,10,8,6,9,5,9,7,10,6,11,1,12,94
2022,Bihar,GAYA - BR2( 06-SEP-2017 ),5,CONSTRUCTION EQUIPMENT VEHICLE,6,1,3,4,4,12,6,3,10,8,7,4,68
2022,Bihar,GAYA - BR2( 06-SEP-2017 ),6,E-RICKSHAW(P),273,107,160,133,138,148,168,266,305,281,352,371,"2,702"
2022,Bihar,GAYA - BR2( 06-SEP-2017 ),7,E-RICKSHAW WITH CART (G),1,1,2,1,1,1,4,2,2,2,3,3,23
2022,Bihar,GAYA - BR2( 06-SEP-2017 ),8,GOODS CARRIER,71,57,89,80,63,68,97,53,85,59,81,63,866
2022,Bihar,GAYA - BR2( 06-SEP-2017 ),9,HARVESTER,0,0,0,0,1,0,0,0,0,2,1,2,6
2022,Bihar,GAYA - BR2( 06-SEP-2017 ),10,MAXI CAB,0,0,1,0,1,0,0,0,0,0,0,0,2
2022,Bihar,GAYA - BR2( 06-SEP-2017 ),11,M-CYCLE/SCOOTER,"2,027","2,320","3,229","4,952","5,462","2,795","2,414","1,776","2,146","3,774","3,190","1,954","36,039"
2022,Bihar,GAYA - BR2( 06-SEP-2017 ),12,M-CYCLE/SCOOTER-WITH SIDE CAR,3,0,0,2,4,1,2,1,1,0,4,1,19
2022,Bihar,GAYA - BR2( 06-SEP-2017 ),13,MOPED,147,118,109,119,123,98,77,89,115,132,86,109,"1,322"
2022,Bihar,GAYA - BR2( 06-SEP-2017 ),14,MOTOR CAB,1,1,4,8,3,9,9,5,8,6,6,4,64
2022,Bihar,GAYA - BR2( 06-SEP-2017 ),15,MOTOR CAR,336,386,348,359,344,276,287,225,278,449,320,245,"3,853"
2022,Bihar,GAYA - BR2( 06-SEP-2017 ),16,MOTORISED CYCLE (CC > 25CC),0,0,0,0,0,0,1,0,0,17,3,0,21
2022,Bihar,GAYA - BR2( 06-SEP-2017 ),17,OMNI BUS,0,0,0,1,1,0,0,0,0,0,0,0,2
2022,Bihar,GAYA - BR2( 06-SEP-2017 ),18,THREE WHEELER (GOODS),25,39,34,33,37,34,24,29,37,26,34,21,373
2022,Bihar,GAYA - BR2( 06-SEP-2017 ),19,THREE WHEELER (PASSENGER),81,77,110,81,81,87,93,124,160,111,107,83,"1,195"
2022,Bihar,GAYA - BR2( 06-SEP-2017 ),20,TRACTOR (COMMERCIAL),130,46,90,55,47,41,47,66,55,63,103,57,800
2022,Bihar,GAYA - BR2( 06-SEP-2017 ),21,TRAILER (AGRICULTURAL),3,45,20,14,1,16,18,9,31,26,11,39,233
2022,Bihar,GAYA - BR2( 06-SEP-2017 ),22,TRAILER (COMMERCIAL),19,60,36,27,9,18,31,37,50,32,28,55,402
2022,Bihar,GOPALGANJ - BR28( 08-JUN-2017 ),1,AGRICULTURAL TRACTOR,55,45,61,48,106,72,97,40,178,77,124,96,999
2022,Bihar,GOPALGANJ - BR28( 08-JUN-2017 ),2,AMBULANCE,0,0,0,0,0,1,0,0,1,0,0,0,2
2022,Bihar,GOPALGANJ - BR28( 08-JUN-2017 ),3,BUS,1,0,3,0,1,0,1,1,1,1,3,4,16
2022,Bihar,GOPALGANJ - BR28( 08-JUN-2017 ),4,CAMPER VAN / TRAILER (PRIVATE USE),0,0,1,0,0,0,0,0,0,0,0,0,1
2022,Bihar,GOPALGANJ - BR28( 08-JUN-2017 ),5,CONSTRUCTION EQUIPMENT VEHICLE,2,2,1,8,1,3,1,2,3,3,5,2,33
2022,Bihar,GOPALGANJ - BR28( 08-JUN-2017 ),6,E-RICKSHAW(P),53,22,95,50,56,76,89,70,146,91,84,94,926
2022,Bihar,GOPALGANJ - BR28( 08-JUN-2017 ),7,E-RICKSHAW WITH CART (G),0,0,1,0,0,0,1,1,1,1,1,0,6
2022,Bihar,GOPALGANJ - BR28( 08-JUN-2017 ),8,GOODS CARRIER,18,30,50,25,19,27,21,32,28,53,21,17,341
2022,Bihar,GOPALGANJ - BR28( 08-JUN-2017 ),9,HARVESTER,1,0,0,0,0,0,0,0,0,0,0,16,17
2022,Bihar,GOPALGANJ - BR28( 08-JUN-2017 ),10,MAXI CAB,0,0,0,0,0,0,0,0,0,0,1,0,1
2022,Bihar,GOPALGANJ - BR28( 08-JUN-2017 ),11,M-CYCLE/SCOOTER,998,627,"1,900","1,436","1,999","1,763",953,746,757,"1,197","2,058","1,450","15,884"
2022,Bihar,GOPALGANJ - BR28( 08-JUN-2017 ),12,M-CYCLE/SCOOTER-WITH SIDE CAR,0,0,1,0,0,1,2,1,1,2,1,1,10
2022,Bihar,GOPALGANJ - BR28( 08-JUN-2017 ),13,MOPED,13,11,35,20,28,29,13,17,10,18,18,31,243
2022,Bihar,GOPALGANJ - BR28( 08-JUN-2017 ),14,MOTOR CAB,0,0,2,0,5,2,2,2,0,2,1,1,17
2022,Bihar,GOPALGANJ - BR28( 08-JUN-2017 ),15,MOTOR CAR,81,67,145,103,107,66,79,73,57,100,112,54,"1,044"
2022,Bihar,GOPALGANJ - BR28( 08-JUN-2017 ),16,MOTORISED CYCLE (CC > 25CC),0,1,0,1,1,0,0,0,0,1,1,0,5
2022,Bihar,GOPALGANJ - BR28( 08-JUN-2017 ),17,THREE WHEELER (GOODS),1,2,2,2,0,1,1,2,0,1,3,3,18
2022,Bihar,GOPALGANJ - BR28( 08-JUN-2017 ),18,THREE WHEELER (PASSENGER),0,0,6,5,4,0,4,3,5,1,3,4,35
2022,Bihar,GOPALGANJ - BR28( 08-JUN-2017 ),19,TRACTOR (COMMERCIAL),4,0,5,4,4,9,2,3,5,2,0,2,40
2022,Bihar,GOPALGANJ - BR28( 08-JUN-2017 ),20,TRAILER (COMMERCIAL),1,0,5,0,0,4,2,2,1,0,0,1,16
2022,Bihar,JAMUI - BR46( 07-JUN-2017 ),1,AGRICULTURAL TRACTOR,10,0,3,3,4,0,6,4,1,1,0,0,32
2022,Bihar,JAMUI - BR46( 07-JUN-2017 ),2,AMBULANCE,0,0,0,1,0,0,0,0,0,0,0,0,1
2022,Bihar,JAMUI - BR46( 07-JUN-2017 ),3,BUS,0,0,0,2,1,0,0,1,0,0,0,0,4
2022,Bihar,JAMUI - BR46( 07-JUN-2017 ),4,CONSTRUCTION EQUIPMENT VEHICLE,5,0,4,0,0,1,1,0,0,1,0,0,12
2022,Bihar,JAMUI - BR46( 07-JUN-2017 ),5,E-RICKSHAW(P),68,34,92,41,52,51,91,76,79,111,69,83,847
2022,Bihar,JAMUI - BR46( 07-JUN-2017 ),6,E-RICKSHAW WITH CART (G),0,0,1,0,1,0,3,1,2,0,0,0,8
2022,Bihar,JAMUI - BR46( 07-JUN-2017 ),7,GOODS CARRIER,6,8,15,16,10,8,16,11,5,22,9,13,139
2022,Bihar,JAMUI - BR46( 07-JUN-2017 ),8,HARVESTER,0,2,0,0,0,0,0,0,0,0,0,0,2
2022,Bihar,JAMUI - BR46( 07-JUN-2017 ),9,M-CYCLE/SCOOTER,638,445,"1,347","1,136","1,874","1,088","1,102",848,647,895,"1,610",867,"12,497"
2022,Bihar,JAMUI - BR46( 07-JUN-2017 ),10,M-CYCLE/SCOOTER-WITH SIDE CAR,0,0,2,9,27,6,1,6,0,2,3,0,56
2022,Bihar,JAMUI - BR46( 07-JUN-2017 ),11,MOPED,17,21,52,45,30,29,29,38,29,30,35,20,375
2022,Bihar,JAMUI - BR46( 07-JUN-2017 ),12,MOTOR CAB,1,0,5,0,0,1,0,4,1,2,1,2,17
2022,Bihar,JAMUI - BR46( 07-JUN-2017 ),13,MOTOR CAR,28,13,37,24,28,25,22,23,16,24,24,9,273
2022,Bihar,JAMUI - BR46( 07-JUN-2017 ),14,MOTORISED CYCLE (CC > 25CC),0,0,0,0,0,0,0,0,0,1,0,0,1
2022,Bihar,JAMUI - BR46( 07-JUN-2017 ),15,OMNI BUS,0,0,0,0,1,1,1,2,0,0,0,0,5
2022,Bihar,JAMUI - BR46( 07-JUN-2017 ),16,THREE WHEELER (GOODS),5,2,10,3,2,4,4,3,3,2,0,1,39
2022,Bihar,JAMUI - BR46( 07-JUN-2017 ),17,THREE WHEELER (PASSENGER),12,9,24,5,10,7,17,20,25,13,14,7,163
2022,Bihar,JAMUI - BR46( 07-JUN-2017 ),18,TRACTOR (COMMERCIAL),51,19,41,14,45,20,41,87,49,45,72,23,507
2022,Bihar,JEHANABAD - BR25( 26-MAY-2017 ),1,AGRICULTURAL TRACTOR,3,0,2,1,3,2,0,1,8,12,4,0,36
2022,Bihar,JEHANABAD - BR25( 26-MAY-2017 ),2,BUS,0,1,2,0,1,0,1,0,0,0,3,1,9
2022,Bihar,JEHANABAD - BR25( 26-MAY-2017 ),3,CONSTRUCTION EQUIPMENT VEHICLE,0,3,1,1,1,2,1,0,1,2,2,1,15
2022,Bihar,JEHANABAD - BR25( 26-MAY-2017 ),4,E-RICKSHAW(P),2,5,8,6,1,4,2,15,12,2,12,5,74
2022,Bihar,JEHANABAD - BR25( 26-MAY-2017 ),5,E-RICKSHAW WITH CART (G),0,0,1,0,0,0,0,0,0,0,1,0,2
2022,Bihar,JEHANABAD - BR25( 26-MAY-2017 ),6,GOODS CARRIER,4,16,2,9,15,19,6,7,6,3,7,1,95
2022,Bihar,JEHANABAD - BR25( 26-MAY-2017 ),7,M-CYCLE/SCOOTER,273,401,508,851,"1,203",520,280,376,248,381,552,266,"5,859"
2022,Bihar,JEHANABAD - BR25( 26-MAY-2017 ),8,M-CYCLE/SCOOTER-WITH SIDE CAR,0,1,2,2,0,0,0,2,0,1,1,5,14
2022,Bihar,JEHANABAD - BR25( 26-MAY-2017 ),9,MOPED,5,13,14,4,11,11,6,10,18,21,7,12,132
2022,Bihar,JEHANABAD - BR25( 26-MAY-2017 ),10,MOTOR CAB,0,0,0,0,0,1,0,0,0,1,1,0,3
2022,Bihar,JEHANABAD - BR25( 26-MAY-2017 ),11,MOTOR CAR,3,4,5,2,5,4,0,4,3,2,5,1,38
2022,Bihar,JEHANABAD - BR25( 26-MAY-2017 ),12,OMNI BUS,0,0,0,0,1,0,0,1,0,1,0,0,3
2022,Bihar,JEHANABAD - BR25( 26-MAY-2017 ),13,THREE WHEELER (GOODS),1,2,7,5,4,3,0,4,5,1,4,0,36
2022,Bihar,JEHANABAD - BR25( 26-MAY-2017 ),14,THREE WHEELER (PASSENGER),38,36,41,35,15,32,35,53,93,49,71,45,543
2022,Bihar,JEHANABAD - BR25( 26-MAY-2017 ),15,TRACTOR (COMMERCIAL),33,17,19,11,12,14,4,43,43,27,22,11,256
2022,Bihar,JEHANABAD - BR25( 26-MAY-2017 ),16,TRAILER (COMMERCIAL),13,9,19,10,11,11,4,32,10,19,14,2,154
2022,Bihar,KATIHAR - BR39( 23-JAN-2018 ),1,AGRICULTURAL TRACTOR,0,0,1,0,21,1,2,0,0,0,1,0,26
2022,Bihar,KATIHAR - BR39( 23-JAN-2018 ),2,AMBULANCE,0,1,2,0,1,0,0,1,1,0,1,0,7
2022,Bihar,KATIHAR - BR39( 23-JAN-2018 ),3,BUS,0,0,1,0,0,1,0,0,0,1,0,0,3
2022,Bihar,KATIHAR - BR39( 23-JAN-2018 ),4,CONSTRUCTION EQUIPMENT VEHICLE,0,0,1,2,0,0,2,0,0,1,1,0,7
2022,Bihar,KATIHAR - BR39( 23-JAN-2018 ),5,E-RICKSHAW(P),49,62,68,44,58,64,73,71,73,125,75,100,862
2022,Bihar,KATIHAR - BR39( 23-JAN-2018 ),6,E-RICKSHAW WITH CART (G),0,1,0,0,1,1,1,2,3,5,2,0,16
2022,Bihar,KATIHAR - BR39( 23-JAN-2018 ),7,GOODS CARRIER,2,3,9,3,7,8,5,3,7,9,4,11,71
2022,Bihar,KATIHAR - BR39( 23-JAN-2018 ),8,M-CYCLE/SCOOTER,"1,510","1,906","2,797","1,603","2,693","2,683","2,849","2,356","1,654","2,573","2,647","1,881","27,152"
2022,Bihar,KATIHAR - BR39( 23-JAN-2018 ),9,M-CYCLE/SCOOTER-WITH SIDE CAR,1,2,1,3,2,1,2,1,1,2,3,0,19
2022,Bihar,KATIHAR - BR39( 23-JAN-2018 ),10,MOPED,5,6,5,2,8,3,4,5,4,2,2,1,47
2022,Bihar,KATIHAR - BR39( 23-JAN-2018 ),11,MOTOR CAB,0,0,1,0,0,0,1,0,1,0,3,0,6
2022,Bihar,KATIHAR - BR39( 23-JAN-2018 ),12,MOTOR CAR,17,23,23,15,21,25,28,24,18,34,29,22,279
2022,Bihar,KATIHAR - BR39( 23-JAN-2018 ),13,MOTORISED CYCLE (CC > 25CC),0,0,0,0,0,0,0,0,1,0,2,0,3
2022,Bihar,KATIHAR - BR39( 23-JAN-2018 ),14,THREE WHEELER (GOODS),11,11,6,2,4,1,3,3,3,3,2,1,50
2022,Bihar,KATIHAR - BR39( 23-JAN-2018 ),15,THREE WHEELER (PASSENGER),8,8,9,1,6,7,9,1,2,0,0,0,51
2022,Bihar,KATIHAR - BR39( 23-JAN-2018 ),16,TRACTOR (COMMERCIAL),48,47,85,32,60,83,88,36,63,48,87,50,727
2022,Bihar,KATIHAR - BR39( 23-JAN-2018 ),17,TRAILER (COMMERCIAL),12,6,27,16,16,9,16,9,10,2,10,8,141
2022,Bihar,KHAGARIA - BR34( 01-FEB-2018 ),1,AGRICULTURAL TRACTOR,17,11,26,47,53,110,19,22,53,52,59,48,517
2022,Bihar,KHAGARIA - BR34( 01-FEB-2018 ),2,AMBULANCE,0,1,0,0,0,0,0,0,0,0,0,0,1
2022,Bihar,KHAGARIA - BR34( 01-FEB-2018 ),3,BUS,0,0,0,0,6,0,1,0,0,0,1,1,9
2022,Bihar,KHAGARIA - BR34( 01-FEB-2018 ),4,CONSTRUCTION EQUIPMENT VEHICLE,0,0,1,0,0,0,0,0,0,0,0,0,1
2022,Bihar,KHAGARIA - BR34( 01-FEB-2018 ),5,E-RICKSHAW(P),30,2,17,9,10,31,35,31,42,43,32,55,337
2022,Bihar,KHAGARIA - BR34( 01-FEB-2018 ),6,GOODS CARRIER,1,2,8,3,5,6,8,2,6,5,4,5,55
2022,Bihar,KHAGARIA - BR34( 01-FEB-2018 ),7,M-CYCLE/SCOOTER,581,567,"1,176",913,"1,428","1,216","1,093",721,684,"1,497","1,332",764,"11,972"
2022,Bihar,KHAGARIA - BR34( 01-FEB-2018 ),8,M-CYCLE/SCOOTER-WITH SIDE CAR,0,0,0,0,3,1,2,1,0,1,2,0,10
2022,Bihar,KHAGARIA - BR34( 01-FEB-2018 ),9,MOPED,6,2,11,9,4,2,1,5,11,7,2,3,63
2022,Bihar,KHAGARIA - BR34( 01-FEB-2018 ),10,MOTOR CAB,0,0,0,2,0,1,2,0,4,0,2,0,11
2022,Bihar,KHAGARIA - BR34( 01-FEB-2018 ),11,MOTOR CAR,12,6,16,15,9,12,17,13,16,18,25,10,169
2022,Bihar,KHAGARIA - BR34( 01-FEB-2018 ),12,THREE WHEELER (GOODS),2,3,2,4,0,2,0,2,3,2,0,1,21
2022,Bihar,KHAGARIA - BR34( 01-FEB-2018 ),13,THREE WHEELER (PASSENGER),3,6,6,0,7,4,4,13,9,9,16,15,92
2022,Bihar,KHAGARIA - BR34( 01-FEB-2018 ),14,TRACTOR (COMMERCIAL),18,12,20,22,38,37,39,23,49,47,41,21,367
2022,Bihar,KHAGARIA - BR34( 01-FEB-2018 ),15,TRAILER (AGRICULTURAL),6,6,34,7,17,0,0,0,0,0,0,0,70
2022,Bihar,KHAGARIA - BR34( 01-FEB-2018 ),16,TRAILER (COMMERCIAL),26,10,5,4,12,33,13,16,7,7,15,24,172
2022,Bihar,KISHANGANJ - BR37( 07-FEB-2018 ),1,AGRICULTURAL TRACTOR,0,0,1,4,0,0,3,0,0,1,0,1,10
2022,Bihar,KISHANGANJ - BR37( 07-FEB-2018 ),2,AMBULANCE,1,0,0,0,0,0,0,0,0,0,0,0,1
2022,Bihar,KISHANGANJ - BR37( 07-FEB-2018 ),3,BUS,0,0,0,0,1,0,0,1,1,0,0,2,5
2022,Bihar,KISHANGANJ - BR37( 07-FEB-2018 ),4,CONSTRUCTION EQUIPMENT VEHICLE,0,0,0,0,0,1,0,0,0,0,0,0,1
2022,Bihar,KISHANGANJ - BR37( 07-FEB-2018 ),5,EARTH MOVING EQUIPMENT,0,0,2,0,0,0,0,0,0,0,0,0,2
2022,Bihar,KISHANGANJ - BR37( 07-FEB-2018 ),6,E-RICKSHAW(P),11,16,26,40,28,16,8,17,41,42,36,52,333
2022,Bihar,KISHANGANJ - BR37( 07-FEB-2018 ),7,E-RICKSHAW WITH CART (G),1,0,3,0,0,0,1,0,3,1,0,0,9
2022,Bihar,KISHANGANJ - BR37( 07-FEB-2018 ),8,GOODS CARRIER,10,5,30,29,9,6,5,9,18,3,16,12,152
2022,Bihar,KISHANGANJ - BR37( 07-FEB-2018 ),9,MAXI CAB,2,0,0,0,0,0,0,0,0,0,0,1,3
2022,Bihar,KISHANGANJ - BR37( 07-FEB-2018 ),10,M-CYCLE/SCOOTER,"1,391","2,147","4,145","1,419","2,570","1,770","1,935","1,443","1,010","1,460","1,498","1,361","22,149"
2022,Bihar,KISHANGANJ - BR37( 07-FEB-2018 ),11,M-CYCLE/SCOOTER-WITH SIDE CAR,0,0,2,1,3,0,0,0,0,1,0,7,14
2022,Bihar,KISHANGANJ - BR37( 07-FEB-2018 ),12,MOPED,2,2,2,2,2,0,2,5,3,1,3,3,27
2022,Bihar,KISHANGANJ - BR37( 07-FEB-2018 ),13,MOTOR CAB,0,0,1,0,2,3,0,1,0,0,0,1,8
2022,Bihar,KISHANGANJ - BR37( 07-FEB-2018 ),14,MOTOR CAR,33,59,64,37,56,34,45,26,19,33,50,45,501
2022,Bihar,KISHANGANJ - BR37( 07-FEB-2018 ),15,THREE WHEELER (GOODS),4,5,5,2,2,3,1,3,0,2,2,0,29
2022,Bihar,KISHANGANJ - BR37( 07-FEB-2018 ),16,THREE WHEELER (PASSENGER),12,8,10,1,1,9,0,1,1,1,0,1,45
2022,Bihar,KISHANGANJ - BR37( 07-FEB-2018 ),17,TRACTOR (COMMERCIAL),25,19,63,23,30,55,82,33,43,39,57,32,501
2022,Bihar,KISHANGANJ - BR37( 07-FEB-2018 ),18,TRAILER (COMMERCIAL),2,0,2,0,0,0,0,0,0,0,0,0,4
2022,Bihar,LAKHISARAI - BR53( 27-JAN-2017 ),1,AGRICULTURAL TRACTOR,0,0,0,0,0,0,0,0,1,3,0,0,4
2022,Bihar,LAKHISARAI - BR53( 27-JAN-2017 ),2,AMBULANCE,0,0,1,0,1,0,0,0,0,0,0,0,2
2022,Bihar,LAKHISARAI - BR53( 27-JAN-2017 ),3,BUS,0,0,0,0,0,0,0,0,0,0,1,1,2
2022,Bihar,LAKHISARAI - BR53( 27-JAN-2017 ),4,CONSTRUCTION EQUIPMENT VEHICLE,1,0,0,0,0,0,0,0,0,0,0,0,1
2022,Bihar,LAKHISARAI - BR53( 27-JAN-2017 ),5,E-RICKSHAW(P),44,46,74,38,50,27,59,57,64,44,53,76,632
2022,Bihar,LAKHISARAI - BR53( 27-JAN-2017 ),6,E-RICKSHAW WITH CART (G),1,1,2,0,0,1,0,0,0,0,0,1,6
2022,Bihar,LAKHISARAI - BR53( 27-JAN-2017 ),7,GOODS CARRIER,11,20,23,21,21,13,42,17,5,13,4,9,199
2022,Bihar,LAKHISARAI - BR53( 27-JAN-2017 ),8,M-CYCLE/SCOOTER,196,240,369,396,677,206,324,224,199,346,577,248,"4,002"
2022,Bihar,LAKHISARAI - BR53( 27-JAN-2017 ),9,M-CYCLE/SCOOTER-WITH SIDE CAR,0,1,0,1,4,1,0,2,0,0,0,0,9
2022,Bihar,LAKHISARAI - BR53( 27-JAN-2017 ),10,MOPED,11,31,46,13,17,19,14,15,27,28,40,27,288
2022,Bihar,LAKHISARAI - BR53( 27-JAN-2017 ),11,MOTOR CAB,4,2,2,1,1,0,1,1,0,1,2,1,16
2022,Bihar,LAKHISARAI - BR53( 27-JAN-2017 ),12,MOTOR CAR,18,17,23,23,22,17,15,8,16,16,19,6,200
2022,Bihar,LAKHISARAI - BR53( 27-JAN-2017 ),13,MOTORISED CYCLE (CC > 25CC),0,1,0,0,0,0,0,0,0,0,0,0,1
2022,Bihar,LAKHISARAI - BR53( 27-JAN-2017 ),14,THREE WHEELER (GOODS),3,4,6,0,3,0,1,0,2,2,3,4,28
2022,Bihar,LAKHISARAI - BR53( 27-JAN-2017 ),15,THREE WHEELER (PASSENGER),3,1,2,0,6,5,2,2,11,5,11,10,58
2022,Bihar,LAKHISARAI - BR53( 27-JAN-2017 ),16,TRACTOR (COMMERCIAL),20,19,22,11,7,6,13,17,12,11,8,4,150
2022,Bihar,LAKHISARAI - BR53( 27-JAN-2017 ),17,TRAILER (COMMERCIAL),11,27,11,13,5,6,4,11,4,10,8,0,110
2022,Bihar,MADHEPURA - BR43( 02-JUN-2017 ),1,AGRICULTURAL TRACTOR,0,0,0,34,64,96,82,71,128,98,168,58,799
2022,Bihar,MADHEPURA - BR43( 02-JUN-2017 ),2,AMBULANCE,0,0,0,0,0,0,0,1,0,0,0,0,1
2022,Bihar,MADHEPURA - BR43( 02-JUN-2017 ),3,BUS,2,1,2,1,0,1,1,3,2,1,2,0,16
2022,Bihar,MADHEPURA - BR43( 02-JUN-2017 ),4,CONSTRUCTION EQUIPMENT VEHICLE,0,0,0,1,0,0,0,0,1,0,1,0,3
2022,Bihar,MADHEPURA - BR43( 02-JUN-2017 ),5,EARTH MOVING EQUIPMENT,0,0,0,0,1,0,0,0,0,0,0,0,1
2022,Bihar,MADHEPURA - BR43( 02-JUN-2017 ),6,E-RICKSHAW(P),43,23,27,21,36,33,45,17,95,73,116,162,691
2022,Bihar,MADHEPURA - BR43( 02-JUN-2017 ),7,E-RICKSHAW WITH CART (G),2,0,2,1,1,0,1,0,2,1,8,0,18
2022,Bihar,MADHEPURA - BR43( 02-JUN-2017 ),8,GOODS CARRIER,18,12,13,6,16,24,10,12,13,15,6,14,159
2022,Bihar,MADHEPURA - BR43( 02-JUN-2017 ),9,MAXI CAB,0,1,0,0,0,0,0,0,0,0,0,0,1
2022,Bihar,MADHEPURA - BR43( 02-JUN-2017 ),10,M-CYCLE/SCOOTER,"1,506","1,339","2,175","1,391","2,061","2,285","2,023","1,868","1,382","1,537","3,895","1,476","22,938"
2022,Bihar,MADHEPURA - BR43( 02-JUN-2017 ),11,M-CYCLE/SCOOTER-WITH SIDE CAR,9,8,2,2,3,10,2,4,0,3,3,1,47
2022,Bihar,MADHEPURA - BR43( 02-JUN-2017 ),12,MOPED,28,22,43,20,21,26,26,25,24,26,55,17,333
2022,Bihar,MADHEPURA - BR43( 02-JUN-2017 ),13,MOTOR CAB,1,4,2,0,1,0,3,2,1,1,0,1,16
2022,Bihar,MADHEPURA - BR43( 02-JUN-2017 ),14,MOTOR CAR,27,34,30,18,34,29,28,30,31,53,35,30,379
2022,Bihar,MADHEPURA - BR43( 02-JUN-2017 ),15,MOTORISED CYCLE (CC > 25CC),0,0,0,0,0,1,0,0,0,0,0,0,1
2022,Bihar,MADHEPURA - BR43( 02-JUN-2017 ),16,THREE WHEELER (GOODS),10,14,18,6,9,10,6,8,6,9,22,15,133
2022,Bihar,MADHEPURA - BR43( 02-JUN-2017 ),17,THREE WHEELER (PASSENGER),11,7,15,4,0,5,5,7,33,7,17,12,123
2022,Bihar,MADHEPURA - BR43( 02-JUN-2017 ),18,TRACTOR (COMMERCIAL),38,50,37,22,50,114,108,56,102,71,59,48,755
2022,Bihar,MADHEPURA - BR43( 02-JUN-2017 ),19,TRAILER (AGRICULTURAL),0,0,0,0,1,0,0,0,0,0,0,0,1
2022,Bihar,MADHEPURA - BR43( 02-JUN-2017 ),20,TRAILER (COMMERCIAL),8,4,2,7,4,7,4,2,3,0,3,0,44
2022,Bihar,MADHUBANI - BR32( 01-FEB-2018 ),1,AGRICULTURAL TRACTOR,0,1,0,2,0,0,0,0,1,0,4,4,12
2022,Bihar,MADHUBANI - BR32( 01-FEB-2018 ),2,AMBULANCE,0,2,2,0,1,1,1,0,0,4,0,0,11
2022,Bihar,MADHUBANI - BR32( 01-FEB-2018 ),3,BUS,2,0,0,1,3,4,2,3,1,1,0,1,18
2022,Bihar,MADHUBANI - BR32( 01-FEB-2018 ),4,CONSTRUCTION EQUIPMENT VEHICLE,0,0,0,0,0,0,0,0,0,1,0,1,2
2022,Bihar,MADHUBANI - BR32( 01-FEB-2018 ),5,E-RICKSHAW(P),18,17,51,12,26,32,30,34,60,35,53,72,440
2022,Bihar,MADHUBANI - BR32( 01-FEB-2018 ),6,E-RICKSHAW WITH CART (G),0,0,1,0,1,0,1,0,4,1,1,12,21
2022,Bihar,MADHUBANI - BR32( 01-FEB-2018 ),7,GOODS CARRIER,15,16,32,27,22,21,18,14,18,15,14,13,225
2022,Bihar,MADHUBANI - BR32( 01-FEB-2018 ),8,MAXI CAB,0,0,0,0,0,0,0,0,1,0,0,0,1
2022,Bihar,MADHUBANI - BR32( 01-FEB-2018 ),9,M-CYCLE/SCOOTER,"1,715","2,535","2,541","3,634","4,326","2,747","2,060","2,233","1,741","2,836","3,610","2,281","32,259"
2022,Bihar,MADHUBANI - BR32( 01-FEB-2018 ),10,M-CYCLE/SCOOTER-WITH SIDE CAR,8,1,3,0,4,1,1,3,3,22,32,66,144
2022,Bihar,MADHUBANI - BR32( 01-FEB-2018 ),11,MOPED,6,6,10,20,5,9,5,6,12,14,14,8,115
2022,Bihar,MADHUBANI - BR32( 01-FEB-2018 ),12,MOTOR CAB,2,1,4,3,2,2,1,1,3,1,1,0,21
2022,Bihar,MADHUBANI - BR32( 01-FEB-2018 ),13,MOTOR CAR,35,41,31,37,24,41,32,22,35,44,29,38,409
2022,Bihar,MADHUBANI - BR32( 01-FEB-2018 ),14,MOTORISED CYCLE (CC > 25CC),0,0,0,0,1,0,0,0,0,5,3,0,9
2022,Bihar,MADHUBANI - BR32( 01-FEB-2018 ),15,OMNI BUS,0,1,0,0,0,0,0,0,0,0,0,0,1
2022,Bihar,MADHUBANI - BR32( 01-FEB-2018 ),16,THREE WHEELER (GOODS),12,19,19,5,15,9,9,11,10,5,6,7,127
2022,Bihar,MADHUBANI - BR32( 01-FEB-2018 ),17,THREE WHEELER (PASSENGER),8,20,14,10,6,4,5,3,14,5,7,6,102
2022,Bihar,MADHUBANI - BR32( 01-FEB-2018 ),18,TRACTOR (COMMERCIAL),84,55,129,51,52,88,97,73,101,96,162,131,"1,119"
2022,Bihar,MOTIHARI - BR5( 05-JUL-2017 ),1,ADAPTED VEHICLE,0,0,0,0,0,0,0,0,0,0,0,1,1
2022,Bihar,MOTIHARI - BR5( 05-JUL-2017 ),2,AGRICULTURAL TRACTOR,174,174,180,164,78,48,311,140,263,211,299,195,"2,237"
2022,Bihar,MOTIHARI - BR5( 05-JUL-2017 ),3,AMBULANCE,1,2,4,0,0,0,0,0,1,1,0,0,9
2022,Bihar,MOTIHARI - BR5( 05-JUL-2017 ),4,BUS,0,0,0,1,1,6,4,1,0,2,1,1,17
2022,Bihar,MOTIHARI - BR5( 05-JUL-2017 ),5,CONSTRUCTION EQUIPMENT VEHICLE,2,2,2,6,0,1,4,0,5,7,8,6,43
2022,Bihar,MOTIHARI - BR5( 05-JUL-2017 ),6,E-RICKSHAW(P),74,103,131,76,103,97,103,146,140,158,211,202,"1,544"
2022,Bihar,MOTIHARI - BR5( 05-JUL-2017 ),7,E-RICKSHAW WITH CART (G),0,0,3,3,0,0,1,1,0,1,1,3,13
2022,Bihar,MOTIHARI - BR5( 05-JUL-2017 ),8,GOODS CARRIER,24,16,37,40,29,21,25,22,26,54,42,23,359
2022,Bihar,MOTIHARI - BR5( 05-JUL-2017 ),9,MAXI CAB,0,0,0,0,1,3,2,0,1,1,1,2,11
2022,Bihar,MOTIHARI - BR5( 05-JUL-2017 ),10,M-CYCLE/SCOOTER,"2,620","3,065","3,664","4,397","4,848","3,866","3,249","2,684","2,521","3,345","7,235","4,181","45,675"
2022,Bihar,MOTIHARI - BR5( 05-JUL-2017 ),11,M-CYCLE/SCOOTER-WITH SIDE CAR,1,0,1,0,3,2,1,1,1,2,5,0,17
2022,Bihar,MOTIHARI - BR5( 05-JUL-2017 ),12,MOPED,57,91,129,122,106,125,89,102,124,107,223,68,"1,343"
2022,Bihar,MOTIHARI - BR5( 05-JUL-2017 ),13,MOTOR CAB,2,0,2,2,1,3,0,4,0,1,0,2,17
2022,Bihar,MOTIHARI - BR5( 05-JUL-2017 ),14,MOTOR CAR,124,192,160,115,117,105,120,112,121,214,188,115,"1,683"
2022,Bihar,MOTIHARI - BR5( 05-JUL-2017 ),15,MOTORISED CYCLE (CC > 25CC),0,0,0,1,0,0,0,0,1,0,0,6,8
2022,Bihar,MOTIHARI - BR5( 05-JUL-2017 ),16,OMNI BUS,0,0,0,0,0,1,0,0,0,0,0,0,1
2022,Bihar,MOTIHARI - BR5( 05-JUL-2017 ),17,THREE WHEELER (GOODS),11,17,14,12,20,9,5,3,3,6,10,6,116
2022,Bihar,MOTIHARI - BR5( 05-JUL-2017 ),18,THREE WHEELER (PASSENGER),21,20,25,12,9,10,12,25,16,38,21,10,219
2022,Bihar,MOTIHARI - BR5( 05-JUL-2017 ),19,TRACTOR (COMMERCIAL),14,15,26,4,7,3,19,11,33,20,13,17,182
2022,Bihar,MOTIHARI - BR5( 05-JUL-2017 ),20,TRAILER (AGRICULTURAL),0,5,0,0,3,2,0,0,0,0,0,0,10
2022,Bihar,MOTIHARI - BR5( 05-JUL-2017 ),21,TRAILER (COMMERCIAL),0,7,1,2,5,1,5,2,7,4,6,5,45
2022,Bihar,MUNGER - BR8( 06-FEB-2018 ),1,AGRICULTURAL TRACTOR,0,0,0,0,0,0,0,0,0,0,0,1,1
2022,Bihar,MUNGER - BR8( 06-FEB-2018 ),2,AMBULANCE,1,0,0,0,0,0,0,0,0,0,0,0,1
2022,Bihar,MUNGER - BR8( 06-FEB-2018 ),3,BUS,0,0,0,1,0,0,0,0,0,0,0,0,1
2022,Bihar,MUNGER - BR8( 06-FEB-2018 ),4,CONSTRUCTION EQUIPMENT VEHICLE,2,0,1,0,0,0,0,0,0,0,1,0,4
2022,Bihar,MUNGER - BR8( 06-FEB-2018 ),5,E-RICKSHAW(P),49,44,70,38,55,54,54,119,145,92,100,100,920
2022,Bihar,MUNGER - BR8( 06-FEB-2018 ),6,GOODS CARRIER,5,10,7,9,7,12,5,6,4,13,7,3,88
2022,Bihar,MUNGER - BR8( 06-FEB-2018 ),7,M-CYCLE/SCOOTER,410,460,691,704,632,742,729,563,431,835,990,563,"7,750"
2022,Bihar,MUNGER - BR8( 06-FEB-2018 ),8,M-CYCLE/SCOOTER-WITH SIDE CAR,0,0,1,0,0,1,1,0,0,1,1,0,5
2022,Bihar,MUNGER - BR8( 06-FEB-2018 ),9,MOPED,0,0,1,0,0,2,6,3,1,0,4,2,19
2022,Bihar,MUNGER - BR8( 06-FEB-2018 ),10,MOTOR CAB,0,0,2,0,3,0,1,0,4,1,1,0,12
2022,Bihar,MUNGER - BR8( 06-FEB-2018 ),11,MOTOR CAR,17,23,26,16,17,20,26,24,20,25,25,18,257
2022,Bihar,MUNGER - BR8( 06-FEB-2018 ),12,MOTORISED CYCLE (CC > 25CC),0,0,2,1,0,0,1,0,0,0,0,0,4
2022,Bihar,MUNGER - BR8( 06-FEB-2018 ),13,THREE WHEELER (GOODS),0,4,1,1,0,0,1,2,2,0,0,0,11
2022,Bihar,MUNGER - BR8( 06-FEB-2018 ),14,THREE WHEELER (PASSENGER),3,6,4,1,2,4,0,1,6,12,4,11,54
2022,Bihar,MUNGER - BR8( 06-FEB-2018 ),15,TRACTOR (COMMERCIAL),13,9,27,7,9,17,20,40,26,22,33,15,238
2022,Bihar,MUNGER - BR8( 06-FEB-2018 ),16,TRAILER (COMMERCIAL),1,3,2,1,4,11,0,13,0,0,9,1,45
2022,Bihar,MUZAFFARPUR - BR6( 01-FEB-2018 ),1,ADAPTED VEHICLE,0,0,1,0,0,0,2,0,0,0,0,0,3
2022,Bihar,MUZAFFARPUR - BR6( 01-FEB-2018 ),2,AGRICULTURAL TRACTOR,86,54,79,94,56,80,194,72,212,152,200,108,"1,387"
2022,Bihar,MUZAFFARPUR - BR6( 01-FEB-2018 ),3,AMBULANCE,0,1,0,4,0,1,0,0,0,0,2,0,8
2022,Bihar,MUZAFFARPUR - BR6( 01-FEB-2018 ),4,BUS,9,9,17,29,27,10,21,9,21,11,11,12,186
2022,Bihar,MUZAFFARPUR - BR6( 01-FEB-2018 ),5,CONSTRUCTION EQUIPMENT VEHICLE,8,6,1,2,8,3,7,1,16,14,12,4,82
2022,Bihar,MUZAFFARPUR - BR6( 01-FEB-2018 ),6,EARTH MOVING EQUIPMENT,0,0,0,0,0,0,0,0,0,0,1,0,1
2022,Bihar,MUZAFFARPUR - BR6( 01-FEB-2018 ),7,E-RICKSHAW(P),53,76,106,94,75,139,158,181,236,212,191,215,"1,736"
2022,Bihar,MUZAFFARPUR - BR6( 01-FEB-2018 ),8,E-RICKSHAW WITH CART (G),3,6,5,6,4,4,5,5,6,7,5,7,63
2022,Bihar,MUZAFFARPUR - BR6( 01-FEB-2018 ),9,GOODS CARRIER,143,147,193,191,163,171,150,147,209,198,150,184,"2,046"
2022,Bihar,MUZAFFARPUR - BR6( 01-FEB-2018 ),10,MAXI CAB,1,0,3,4,2,4,10,8,2,1,4,8,47
2022,Bihar,MUZAFFARPUR - BR6( 01-FEB-2018 ),11,M-CYCLE/SCOOTER,"3,296","4,477","5,212","6,038","8,356","5,095","4,585","3,831","3,820","6,780","7,831","3,484","62,805"
2022,Bihar,MUZAFFARPUR - BR6( 01-FEB-2018 ),12,M-CYCLE/SCOOTER-WITH SIDE CAR,18,26,28,22,44,16,9,3,1,4,20,3,194
2022,Bihar,MUZAFFARPUR - BR6( 01-FEB-2018 ),13,MOPED,97,162,244,182,201,189,139,182,174,243,304,122,"2,239"
2022,Bihar,MUZAFFARPUR - BR6( 01-FEB-2018 ),14,MOTOR CAB,6,9,9,22,7,14,15,11,9,4,10,9,125
2022,Bihar,MUZAFFARPUR - BR6( 01-FEB-2018 ),15,MOTOR CAR,667,776,803,773,787,656,589,514,551,866,756,512,"8,250"
2022,Bihar,MUZAFFARPUR - BR6( 01-FEB-2018 ),16,MOTORISED CYCLE (CC > 25CC),0,4,1,1,0,0,0,0,0,0,3,1,10
2022,Bihar,MUZAFFARPUR - BR6( 01-FEB-2018 ),17,OMNI BUS,0,0,1,0,0,0,0,0,0,0,0,0,1
2022,Bihar,MUZAFFARPUR - BR6( 01-FEB-2018 ),18,THREE WHEELER (GOODS),32,34,42,34,40,35,33,26,42,49,37,39,443
2022,Bihar,MUZAFFARPUR - BR6( 01-FEB-2018 ),19,THREE WHEELER (PASSENGER),27,57,82,84,113,71,154,172,224,261,175,171,"1,591"
2022,Bihar,MUZAFFARPUR - BR6( 01-FEB-2018 ),20,TRACTOR (COMMERCIAL),25,26,38,36,31,34,56,39,66,43,45,32,471
2022,Bihar,MUZAFFARPUR - BR6( 01-FEB-2018 ),21,TRAILER (COMMERCIAL),2,0,1,2,3,2,5,4,12,3,12,8,54
2022,Bihar,NALANDA - BR21( 01-FEB-2018 ),1,ADAPTED VEHICLE,0,0,0,0,0,0,0,0,0,0,0,1,1
2022,Bihar,NALANDA - BR21( 01-FEB-2018 ),2,AGRICULTURAL TRACTOR,1,1,12,8,0,2,3,3,3,6,9,5,53
2022,Bihar,NALANDA - BR21( 01-FEB-2018 ),3,AMBULANCE,0,2,0,1,0,0,0,0,0,0,0,0,3
2022,Bihar,NALANDA - BR21( 01-FEB-2018 ),4,BUS,1,5,4,8,2,4,5,14,2,0,4,4,53
2022,Bihar,NALANDA - BR21( 01-FEB-2018 ),5,CONSTRUCTION EQUIPMENT VEHICLE,4,4,1,0,1,8,4,0,4,2,5,0,33
2022,Bihar,NALANDA - BR21( 01-FEB-2018 ),6,E-RICKSHAW(P),98,116,197,102,121,141,217,175,234,174,173,205,"1,953"
2022,Bihar,NALANDA - BR21( 01-FEB-2018 ),7,E-RICKSHAW WITH CART (G),1,4,1,1,0,1,3,2,1,0,3,0,17
2022,Bihar,NALANDA - BR21( 01-FEB-2018 ),8,GOODS CARRIER,6,11,33,12,12,9,15,26,39,23,39,25,250
2022,Bihar,NALANDA - BR21( 01-FEB-2018 ),9,HARVESTER,0,1,0,1,0,0,0,0,1,0,4,15,22
2022,Bihar,NALANDA - BR21( 01-FEB-2018 ),10,M-CYCLE/SCOOTER,912,"1,172","1,494","2,229","3,073","1,453",974,984,"1,114","1,905","1,473",930,"17,713"
2022,Bihar,NALANDA - BR21( 01-FEB-2018 ),11,M-CYCLE/SCOOTER-WITH SIDE CAR,1,0,1,1,2,1,0,0,1,1,1,4,13
2022,Bihar,NALANDA - BR21( 01-FEB-2018 ),12,MOPED,60,52,79,64,64,52,50,65,72,90,75,57,780
2022,Bihar,NALANDA - BR21( 01-FEB-2018 ),13,MOTOR CAB,5,4,0,4,4,4,4,1,4,3,1,0,34
2022,Bihar,NALANDA - BR21( 01-FEB-2018 ),14,MOTOR CAR,48,77,79,43,79,53,63,40,58,66,46,30,682
2022,Bihar,NALANDA - BR21( 01-FEB-2018 ),15,MOTORISED CYCLE (CC > 25CC),0,0,0,0,0,1,0,0,0,0,0,0,1
2022,Bihar,NALANDA - BR21( 01-FEB-2018 ),16,OMNI BUS,0,1,3,0,2,0,0,1,2,0,1,0,10
2022,Bihar,NALANDA - BR21( 01-FEB-2018 ),17,THREE WHEELER (GOODS),14,9,11,4,7,3,7,8,8,1,9,6,87
2022,Bihar,NALANDA - BR21( 01-FEB-2018 ),18,THREE WHEELER (PASSENGER),43,49,33,14,26,18,29,24,43,21,43,24,367
2022,Bihar,NALANDA - BR21( 01-FEB-2018 ),19,TRACTOR (COMMERCIAL),76,86,80,71,78,72,93,69,98,76,117,85,"1,001"
2022,Bihar,NALANDA - BR21( 01-FEB-2018 ),20,TRAILER (COMMERCIAL),42,42,31,32,45,12,33,20,24,0,25,27,333
2022,Bihar,NAWADA - BR27( 30-JAN-2018 ),1,AGRICULTURAL TRACTOR,22,39,50,41,29,33,24,41,87,153,90,57,666
2022,Bihar,NAWADA - BR27( 30-JAN-2018 ),2,ARTICULATED VEHICLE,0,0,0,0,0,0,0,2,0,0,0,1,3
2022,Bihar,NAWADA - BR27( 30-JAN-2018 ),3,BUS,1,2,1,2,0,2,5,2,6,0,0,1,22
2022,Bihar,NAWADA - BR27( 30-JAN-2018 ),4,CONSTRUCTION EQUIPMENT VEHICLE,11,8,3,4,2,5,6,4,4,6,3,1,57
2022,Bihar,NAWADA - BR27( 30-JAN-2018 ),5,EARTH MOVING EQUIPMENT,0,0,0,0,0,0,0,1,0,0,0,0,1
2022,Bihar,NAWADA - BR27( 30-JAN-2018 ),6,E-RICKSHAW(P),98,49,115,47,86,76,94,143,127,157,165,188,"1,345"
2022,Bihar,NAWADA - BR27( 30-JAN-2018 ),7,E-RICKSHAW WITH CART (G),0,1,1,0,2,0,0,0,1,0,1,1,7
2022,Bihar,NAWADA - BR27( 30-JAN-2018 ),8,GOODS CARRIER,30,29,47,36,21,23,21,29,29,20,27,25,337
2022,Bihar,NAWADA - BR27( 30-JAN-2018 ),9,HARVESTER,0,0,1,0,0,1,0,1,0,0,0,2,5
2022,Bihar,NAWADA - BR27( 30-JAN-2018 ),10,MAXI CAB,0,0,0,0,0,1,0,0,0,0,0,0,1
2022,Bihar,NAWADA - BR27( 30-JAN-2018 ),11,M-CYCLE/SCOOTER,556,779,842,"1,467","1,887",958,"2,117",538,672,"1,215",856,581,"12,468"
2022,Bihar,NAWADA - BR27( 30-JAN-2018 ),12,M-CYCLE/SCOOTER-WITH SIDE CAR,1,0,1,2,1,0,2,1,0,2,2,0,12
2022,Bihar,NAWADA - BR27( 30-JAN-2018 ),13,MOPED,15,25,27,29,19,26,34,32,45,43,36,23,354
2022,Bihar,NAWADA - BR27( 30-JAN-2018 ),14,MOTOR CAB,0,0,2,2,4,4,5,2,3,2,3,2,29
2022,Bihar,NAWADA - BR27( 30-JAN-2018 ),15,MOTOR CAR,26,48,44,38,38,37,41,16,42,43,40,34,447
2022,Bihar,NAWADA - BR27( 30-JAN-2018 ),16,MOTORISED CYCLE (CC > 25CC),1,0,2,1,0,1,4,1,0,0,36,33,79
2022,Bihar,NAWADA - BR27( 30-JAN-2018 ),17,THREE WHEELER (GOODS),3,5,7,6,2,3,2,2,3,1,1,3,38
2022,Bihar,NAWADA - BR27( 30-JAN-2018 ),18,THREE WHEELER (PASSENGER),4,6,5,7,4,2,2,2,18,3,4,4,61
2022,Bihar,NAWADA - BR27( 30-JAN-2018 ),19,TRACTOR (COMMERCIAL),53,27,49,30,22,19,58,56,115,144,103,61,737
2022,Bihar,NAWADA - BR27( 30-JAN-2018 ),20,TRAILER (AGRICULTURAL),0,0,0,0,0,0,1,0,0,0,0,0,1
2022,Bihar,NAWADA - BR27( 30-JAN-2018 ),21,TRAILER (COMMERCIAL),13,18,20,27,6,14,11,11,21,14,26,27,208
2022,Bihar,PATNA - BR1( 02-FEB-2018 ),1,ADAPTED VEHICLE,2,0,0,0,2,3,1,0,1,2,0,1,12
2022,Bihar,PATNA - BR1( 02-FEB-2018 ),2,AGRICULTURAL TRACTOR,0,0,4,3,5,5,1,1,5,1,1,3,29
2022,Bihar,PATNA - BR1( 02-FEB-2018 ),3,AMBULANCE,4,3,5,3,21,292,203,451,85,2,12,3,"1,084"
2022,Bihar,PATNA - BR1( 02-FEB-2018 ),4,BUS,7,1,20,16,17,25,23,15,10,25,29,18,206
2022,Bihar,PATNA - BR1( 02-FEB-2018 ),5,CONSTRUCTION EQUIPMENT VEHICLE,32,34,22,24,22,34,27,27,37,19,31,16,325
2022,Bihar,PATNA - BR1( 02-FEB-2018 ),6,DUMPER,0,0,0,0,0,0,0,0,0,0,5,5,10
2022,Bihar,PATNA - BR1( 02-FEB-2018 ),7,EARTH MOVING EQUIPMENT,0,0,0,0,0,0,0,0,2,0,0,0,2
2022,Bihar,PATNA - BR1( 02-FEB-2018 ),8,E-RICKSHAW(P),278,242,391,293,371,457,521,589,785,664,612,628,"5,831"
2022,Bihar,PATNA - BR1( 02-FEB-2018 ),9,E-RICKSHAW WITH CART (G),17,164,22,13,24,22,26,7,19,6,21,78,419
2022,Bihar,PATNA - BR1( 02-FEB-2018 ),10,GOODS CARRIER,333,230,384,374,290,370,362,296,408,365,373,246,"4,031"
2022,Bihar,PATNA - BR1( 02-FEB-2018 ),11,HARVESTER,0,0,0,2,1,0,0,0,1,2,7,3,16
2022,Bihar,PATNA - BR1( 02-FEB-2018 ),12,MAXI CAB,1,0,0,1,2,0,0,0,0,0,2,5,11
2022,Bihar,PATNA - BR1( 02-FEB-2018 ),13,M-CYCLE/SCOOTER,"5,007","5,620","7,665","8,423","10,294","7,231","6,276","6,143","6,214","10,536","9,267","5,073","87,749"
2022,Bihar,PATNA - BR1( 02-FEB-2018 ),14,M-CYCLE/SCOOTER-WITH SIDE CAR,23,31,43,51,63,37,22,33,31,50,34,23,441
2022,Bihar,PATNA - BR1( 02-FEB-2018 ),15,MOPED,112,121,153,93,131,117,117,123,135,156,158,103,"1,519"
2022,Bihar,PATNA - BR1( 02-FEB-2018 ),16,MOTOR CAB,87,83,159,111,89,106,138,130,111,117,111,86,"1,328"
2022,Bihar,PATNA - BR1( 02-FEB-2018 ),17,MOTOR CAR,"2,286","1,958","2,515","2,593","2,589","2,227","2,010","1,824","2,010","3,011","2,241","1,741","27,005"
2022,Bihar,PATNA - BR1( 02-FEB-2018 ),18,MOTORISED CYCLE (CC > 25CC),39,30,1,0,1,1,0,0,1,1,0,0,74
2022,Bihar,PATNA - BR1( 02-FEB-2018 ),19,OMNI BUS,0,2,5,3,3,7,4,7,3,3,2,1,40
2022,Bihar,PATNA - BR1( 02-FEB-2018 ),20,THREE WHEELER (GOODS),50,62,66,59,96,75,58,75,95,89,93,75,893
2022,Bihar,PATNA - BR1( 02-FEB-2018 ),21,THREE WHEELER (PASSENGER),850,673,"1,016",856,754,727,995,"1,227","1,632","1,010",877,670,"11,287"
2022,Bihar,PATNA - BR1( 02-FEB-2018 ),22,TRACTOR (COMMERCIAL),135,133,205,174,151,181,219,141,300,264,240,145,"2,288"
2022,Bihar,PATNA - BR1( 02-FEB-2018 ),23,TRAILER (COMMERCIAL),139,126,136,130,116,110,150,113,97,135,235,113,"1,600"
2022,Bihar,PURNEA - BR11( 23-JAN-2018 ),1,AGRICULTURAL TRACTOR,226,101,79,70,57,16,6,0,97,40,5,32,729
2022,Bihar,PURNEA - BR11( 23-JAN-2018 ),2,BUS,3,2,0,3,2,3,1,4,4,0,4,5,31
2022,Bihar,PURNEA - BR11( 23-JAN-2018 ),3,CONSTRUCTION EQUIPMENT VEHICLE,30,21,16,15,21,19,17,9,29,24,33,26,260
2022,Bihar,PURNEA - BR11( 23-JAN-2018 ),4,E-RICKSHAW(P),111,46,107,108,107,157,206,193,384,239,175,250,"2,083"
2022,Bihar,PURNEA - BR11( 23-JAN-2018 ),5,E-RICKSHAW WITH CART (G),2,0,3,1,4,1,3,3,4,2,1,0,24
2022,Bihar,PURNEA - BR11( 23-JAN-2018 ),6,GOODS CARRIER,95,69,87,99,100,107,119,91,90,124,87,135,"1,203"
2022,Bihar,PURNEA - BR11( 23-JAN-2018 ),7,MAXI CAB,0,1,0,0,1,0,0,2,4,0,1,0,9
2022,Bihar,PURNEA - BR11( 23-JAN-2018 ),8,M-CYCLE/SCOOTER,"2,119","2,378","3,274","2,162","3,594","3,531","3,651","3,337","2,531","3,500","3,469","2,723","36,269"
2022,Bihar,PURNEA - BR11( 23-JAN-2018 ),9,M-CYCLE/SCOOTER-WITH SIDE CAR,5,19,29,12,1,25,29,25,11,6,22,17,201
2022,Bihar,PURNEA - BR11( 23-JAN-2018 ),10,MOPED,23,9,36,12,44,42,36,37,25,33,78,33,408
2022,Bihar,PURNEA - BR11( 23-JAN-2018 ),11,MOTOR CAB,4,3,5,7,5,6,9,7,6,7,1,8,68
2022,Bihar,PURNEA - BR11( 23-JAN-2018 ),12,MOTOR CAR,318,372,388,281,394,369,437,310,392,536,470,385,"4,652"
2022,Bihar,PURNEA - BR11( 23-JAN-2018 ),13,MOTORISED CYCLE (CC > 25CC),0,0,0,0,0,0,0,0,0,0,1,0,1
2022,Bihar,PURNEA - BR11( 23-JAN-2018 ),14,THREE WHEELER (GOODS),20,31,40,26,27,24,20,22,20,28,11,10,279
2022,Bihar,PURNEA - BR11( 23-JAN-2018 ),15,THREE WHEELER (PASSENGER),42,36,29,35,28,29,29,39,39,32,36,20,394
2022,Bihar,PURNEA - BR11( 23-JAN-2018 ),16,TRACTOR (COMMERCIAL),79,78,105,57,111,122,214,146,136,153,210,96,"1,507"
2022,Bihar,PURNEA - BR11( 23-JAN-2018 ),17,TRAILER (COMMERCIAL),7,20,13,1,13,16,24,11,15,15,9,10,154
2022,Bihar,ROHTAS - BR24( 09-FEB-2018 ),1,ADAPTED VEHICLE,0,0,0,0,0,1,0,0,0,0,0,0,1
2022,Bihar,ROHTAS - BR24( 09-FEB-2018 ),2,AGRICULTURAL TRACTOR,27,32,54,42,78,51,104,36,89,55,81,68,717
2022,Bihar,ROHTAS - BR24( 09-FEB-2018 ),3,AMBULANCE,0,1,0,0,1,0,0,0,0,0,0,0,2
2022,Bihar,ROHTAS - BR24( 09-FEB-2018 ),4,BUS,3,2,0,0,4,5,2,1,2,0,0,0,19
2022,Bihar,ROHTAS - BR24( 09-FEB-2018 ),5,CONSTRUCTION EQUIPMENT VEHICLE,4,2,1,2,3,2,3,0,0,2,2,1,22
2022,Bihar,ROHTAS - BR24( 09-FEB-2018 ),6,E-RICKSHAW(P),22,31,34,11,50,37,122,88,74,65,102,109,745
2022,Bihar,ROHTAS - BR24( 09-FEB-2018 ),7,E-RICKSHAW WITH CART (G),0,0,0,1,2,2,1,2,0,0,2,0,10
2022,Bihar,ROHTAS - BR24( 09-FEB-2018 ),8,GOODS CARRIER,26,47,64,29,28,20,18,21,26,21,44,19,363
2022,Bihar,ROHTAS - BR24( 09-FEB-2018 ),9,HARVESTER,0,0,0,6,0,0,22,3,10,16,23,33,113
2022,Bihar,ROHTAS - BR24( 09-FEB-2018 ),10,MAXI CAB,0,0,0,0,0,0,0,0,0,1,0,0,1
2022,Bihar,ROHTAS - BR24( 09-FEB-2018 ),11,M-CYCLE/SCOOTER,"1,398","1,740","1,931","1,508","3,721","1,634","1,419","1,178","1,128","2,287","2,629","1,512","22,085"
2022,Bihar,ROHTAS - BR24( 09-FEB-2018 ),12,M-CYCLE/SCOOTER-WITH SIDE CAR,1,2,2,1,0,3,1,2,1,1,2,5,21
2022,Bihar,ROHTAS - BR24( 09-FEB-2018 ),13,MOPED,0,0,1,0,1,16,3,14,7,0,5,11,58
2022,Bihar,ROHTAS - BR24( 09-FEB-2018 ),14,MOTOR CAB,2,2,1,0,1,0,1,1,4,4,3,4,23
2022,Bihar,ROHTAS - BR24( 09-FEB-2018 ),15,MOTOR CAR,104,120,155,64,125,90,96,76,94,142,98,86,"1,250"
2022,Bihar,ROHTAS - BR24( 09-FEB-2018 ),16,MOTORISED CYCLE (CC > 25CC),0,0,1,0,0,0,0,0,0,0,0,0,1
2022,Bihar,ROHTAS - BR24( 09-FEB-2018 ),17,OMNI BUS,0,1,0,0,1,0,1,0,0,0,0,0,3
2022,Bihar,ROHTAS - BR24( 09-FEB-2018 ),18,THREE WHEELER (GOODS),0,18,17,4,2,5,3,6,3,0,4,5,67
2022,Bihar,ROHTAS - BR24( 09-FEB-2018 ),19,THREE WHEELER (PASSENGER),19,37,47,21,43,40,58,49,70,52,75,58,569
2022,Bihar,ROHTAS - BR24( 09-FEB-2018 ),20,TRACTOR (COMMERCIAL),90,96,62,46,70,49,54,18,54,55,75,34,703
2022,Bihar,ROHTAS - BR24( 09-FEB-2018 ),21,TRAILER (COMMERCIAL),16,25,10,19,20,13,15,18,10,15,23,15,199
2022,Bihar,SAHARSA - BR19( 29-JAN-2018 ),1,AGRICULTURAL TRACTOR,17,8,14,29,19,58,0,1,0,15,24,10,195
2022,Bihar,SAHARSA - BR19( 29-JAN-2018 ),2,AMBULANCE,0,2,0,0,0,0,0,0,0,0,0,0,2
2022,Bihar,SAHARSA - BR19( 29-JAN-2018 ),3,BUS,0,2,2,0,2,0,0,1,4,1,3,2,17
2022,Bihar,SAHARSA - BR19( 29-JAN-2018 ),4,CONSTRUCTION EQUIPMENT VEHICLE,0,0,3,0,0,1,0,0,0,0,1,0,5
2022,Bihar,SAHARSA - BR19( 29-JAN-2018 ),5,E-RICKSHAW(P),59,53,60,41,48,29,0,45,131,72,87,119,744
2022,Bihar,SAHARSA - BR19( 29-JAN-2018 ),6,E-RICKSHAW WITH CART (G),1,3,1,0,0,0,0,2,3,1,0,0,11
2022,Bihar,SAHARSA - BR19( 29-JAN-2018 ),7,GOODS CARRIER,8,16,13,11,18,16,0,18,31,22,32,25,210
2022,Bihar,SAHARSA - BR19( 29-JAN-2018 ),8,MAXI CAB,0,0,0,0,2,0,0,0,0,0,0,0,2
2022,Bihar,SAHARSA - BR19( 29-JAN-2018 ),9,M-CYCLE/SCOOTER,760,979,"1,224","1,203","1,376","1,282",0,"1,665",947,873,"2,269",990,"13,568"
2022,Bihar,SAHARSA - BR19( 29-JAN-2018 ),10,M-CYCLE/SCOOTER-WITH SIDE CAR,0,0,0,1,1,0,0,3,2,0,1,2,10
2022,Bihar,SAHARSA - BR19( 29-JAN-2018 ),11,MOTOR CAB,7,5,6,4,7,4,0,13,15,7,4,3,75
2022,Bihar,SAHARSA - BR19( 29-JAN-2018 ),12,MOTOR CAR,30,51,42,48,42,55,0,77,55,75,72,59,606
2022,Bihar,SAHARSA - BR19( 29-JAN-2018 ),13,MOTORISED CYCLE (CC > 25CC),0,0,0,0,0,0,0,0,1,0,0,1,2
2022,Bihar,SAHARSA - BR19( 29-JAN-2018 ),14,OMNI BUS,0,0,0,0,1,0,0,0,0,0,0,0,1
2022,Bihar,SAHARSA - BR19( 29-JAN-2018 ),15,THREE WHEELER (GOODS),10,13,18,9,7,7,0,4,17,7,8,10,110
2022,Bihar,SAHARSA - BR19( 29-JAN-2018 ),16,THREE WHEELER (PASSENGER),10,2,13,0,3,12,0,4,9,12,7,14,86
2022,Bihar,SAHARSA - BR19( 29-JAN-2018 ),17,TRACTOR (COMMERCIAL),71,31,50,41,35,37,0,61,56,31,62,49,524
2022,Bihar,SAHARSA - BR19( 29-JAN-2018 ),18,TRAILER (COMMERCIAL),10,9,5,13,5,7,0,3,6,2,3,4,67
2022,Bihar,SAMASTIPUR - BR33( 06-JUL-2017 ),1,AGRICULTURAL TRACTOR,78,86,59,56,91,156,0,169,136,123,136,80,"1,170"
2022,Bihar,SAMASTIPUR - BR33( 06-JUL-2017 ),2,AMBULANCE,0,2,1,1,2,1,0,3,2,0,0,1,13
2022,Bihar,SAMASTIPUR - BR33( 06-JUL-2017 ),3,BUS,2,0,1,0,2,2,0,0,1,1,1,1,11
2022,Bihar,SAMASTIPUR - BR33( 06-JUL-2017 ),4,CONSTRUCTION EQUIPMENT VEHICLE,0,0,2,0,1,0,0,0,0,2,1,0,6
2022,Bihar,SAMASTIPUR - BR33( 06-JUL-2017 ),5,E-RICKSHAW(P),96,139,178,145,198,188,0,353,376,264,169,188,"2,294"
2022,Bihar,SAMASTIPUR - BR33( 06-JUL-2017 ),6,E-RICKSHAW WITH CART (G),3,0,2,1,4,1,0,6,0,3,1,0,21
2022,Bihar,SAMASTIPUR - BR33( 06-JUL-2017 ),7,GOODS CARRIER,35,16,38,21,34,45,0,51,36,18,28,16,338
2022,Bihar,SAMASTIPUR - BR33( 06-JUL-2017 ),8,MAXI CAB,3,0,0,0,0,0,0,1,0,0,0,0,4
2022,Bihar,SAMASTIPUR - BR33( 06-JUL-2017 ),9,M-CYCLE/SCOOTER,"2,028","1,987","3,171","3,469","5,214","3,429",0,"5,677","2,156","3,065","6,476","2,782","39,454"
2022,Bihar,SAMASTIPUR - BR33( 06-JUL-2017 ),10,M-CYCLE/SCOOTER-WITH SIDE CAR,1,0,2,1,2,0,0,2,9,3,0,0,20
2022,Bihar,SAMASTIPUR - BR33( 06-JUL-2017 ),11,MOPED,16,18,15,7,16,20,0,19,15,18,15,7,166
2022,Bihar,SAMASTIPUR - BR33( 06-JUL-2017 ),12,MOTOR CAB,0,1,0,3,1,2,0,2,2,1,0,1,13
2022,Bihar,SAMASTIPUR - BR33( 06-JUL-2017 ),13,MOTOR CAR,45,51,47,28,55,32,0,71,44,72,42,38,525
2022,Bihar,SAMASTIPUR - BR33( 06-JUL-2017 ),14,MOTORISED CYCLE (CC > 25CC),0,0,0,0,1,0,0,0,0,0,0,0,1
2022,Bihar,SAMASTIPUR - BR33( 06-JUL-2017 ),15,OMNI BUS,0,0,0,0,0,2,0,0,1,0,0,0,3
2022,Bihar,SAMASTIPUR - BR33( 06-JUL-2017 ),16,THREE WHEELER (GOODS),8,9,14,4,6,11,0,16,17,2,10,11,108
2022,Bihar,SAMASTIPUR - BR33( 06-JUL-2017 ),17,THREE WHEELER (PASSENGER),21,37,29,27,65,51,0,107,106,68,63,73,647
2022,Bihar,SAMASTIPUR - BR33( 06-JUL-2017 ),18,TRACTOR (COMMERCIAL),23,30,24,15,17,45,0,42,31,42,36,23,328
2022,Bihar,SAMASTIPUR - BR33( 06-JUL-2017 ),19,TRAILER (AGRICULTURAL),0,1,0,1,0,1,0,0,0,0,0,0,3
2022,Bihar,SAMASTIPUR - BR33( 06-JUL-2017 ),20,TRAILER (COMMERCIAL),15,17,15,1,16,28,0,13,12,15,20,15,167
2022,Bihar,SHEIKHPURA - BR52( 17-JUL-2017 ),1,AGRICULTURAL TRACTOR,1,2,5,16,4,2,0,8,2,4,2,1,47
2022,Bihar,SHEIKHPURA - BR52( 17-JUL-2017 ),2,AMBULANCE,0,0,1,0,0,0,0,1,0,0,0,0,2
2022,Bihar,SHEIKHPURA - BR52( 17-JUL-2017 ),3,BUS,0,0,1,0,1,1,0,1,0,0,3,0,7
2022,Bihar,SHEIKHPURA - BR52( 17-JUL-2017 ),4,CONSTRUCTION EQUIPMENT VEHICLE,1,0,0,2,0,0,0,1,1,2,1,1,9
2022,Bihar,SHEIKHPURA - BR52( 17-JUL-2017 ),5,E-RICKSHAW(P),14,12,48,27,38,49,21,55,90,45,48,17,464
2022,Bihar,SHEIKHPURA - BR52( 17-JUL-2017 ),6,E-RICKSHAW WITH CART (G),0,0,0,0,1,1,0,0,0,0,0,0,2
2022,Bihar,SHEIKHPURA - BR52( 17-JUL-2017 ),7,EXCAVATOR (COMMERCIAL),0,0,0,0,0,0,0,0,1,0,0,0,1
2022,Bihar,SHEIKHPURA - BR52( 17-JUL-2017 ),8,GOODS CARRIER,2,2,10,15,17,6,2,6,9,4,8,0,81
2022,Bihar,SHEIKHPURA - BR52( 17-JUL-2017 ),9,M-CYCLE/SCOOTER,120,182,276,306,474,262,61,243,178,191,324,161,"2,778"
2022,Bihar,SHEIKHPURA - BR52( 17-JUL-2017 ),10,M-CYCLE/SCOOTER-WITH SIDE CAR,14,36,0,1,0,1,0,3,0,0,1,0,56
2022,Bihar,SHEIKHPURA - BR52( 17-JUL-2017 ),11,MOPED,4,0,17,7,10,18,1,23,20,10,16,12,138
2022,Bihar,SHEIKHPURA - BR52( 17-JUL-2017 ),12,MOTOR CAB,0,0,0,1,1,2,3,0,1,3,0,0,11
2022,Bihar,SHEIKHPURA - BR52( 17-JUL-2017 ),13,MOTOR CAR,3,7,9,6,3,1,0,3,3,6,7,3,51
2022,Bihar,SHEIKHPURA - BR52( 17-JUL-2017 ),14,OMNI BUS,0,0,0,0,0,0,0,1,0,0,0,0,1
2022,Bihar,SHEIKHPURA - BR52( 17-JUL-2017 ),15,THREE WHEELER (GOODS),0,0,6,0,0,1,0,0,1,1,2,1,12
2022,Bihar,SHEIKHPURA - BR52( 17-JUL-2017 ),16,THREE WHEELER (PASSENGER),5,0,2,2,3,2,0,1,3,3,5,2,28
2022,Bihar,SHEIKHPURA - BR52( 17-JUL-2017 ),17,TRACTOR (COMMERCIAL),4,13,22,24,15,16,0,36,54,31,24,8,247
2022,Bihar,SHEIKHPURA - BR52( 17-JUL-2017 ),18,TRAILER (AGRICULTURAL),0,0,0,1,0,0,0,1,0,0,1,0,3
2022,Bihar,SHEIKHPURA - BR52( 17-JUL-2017 ),19,TRAILER (COMMERCIAL),4,7,28,23,15,17,5,16,23,7,14,0,159
2022,Bihar,SHEOHAR - BR55( 07-JUN-2017 ),1,AGRICULTURAL TRACTOR,4,3,7,5,6,10,2,12,5,1,10,21,86
2022,Bihar,SHEOHAR - BR55( 07-JUN-2017 ),2,AMBULANCE,2,0,1,0,0,0,0,0,0,0,0,0,3
2022,Bihar,SHEOHAR - BR55( 07-JUN-2017 ),3,CONSTRUCTION EQUIPMENT VEHICLE,0,0,0,0,0,1,0,0,0,0,0,0,1
2022,Bihar,SHEOHAR - BR55( 07-JUN-2017 ),4,E-RICKSHAW(P),0,0,2,0,2,0,3,0,5,2,4,1,19
2022,Bihar,SHEOHAR - BR55( 07-JUN-2017 ),5,GOODS CARRIER,1,1,0,0,0,0,0,0,0,0,0,0,2
2022,Bihar,SHEOHAR - BR55( 07-JUN-2017 ),6,M-CYCLE/SCOOTER,96,311,211,241,230,437,190,180,191,285,423,218,"3,013"
2022,Bihar,SHEOHAR - BR55( 07-JUN-2017 ),7,M-CYCLE/SCOOTER-WITH SIDE CAR,0,1,0,0,0,0,0,0,0,0,1,0,2
2022,Bihar,SHEOHAR - BR55( 07-JUN-2017 ),8,MOTOR CAB,0,0,1,0,0,0,0,0,0,0,0,0,1
2022,Bihar,SHEOHAR - BR55( 07-JUN-2017 ),9,MOTOR CAR,1,3,2,1,0,1,1,1,0,3,2,2,17
2022,Bihar,SHEOHAR - BR55( 07-JUN-2017 ),10,MOTORISED CYCLE (CC > 25CC),0,2,0,0,0,0,0,0,0,0,0,0,2
2022,Bihar,SHEOHAR - BR55( 07-JUN-2017 ),11,THREE WHEELER (GOODS),0,1,2,0,2,0,0,0,0,0,0,0,5
2022,Bihar,SHEOHAR - BR55( 07-JUN-2017 ),12,THREE WHEELER (PASSENGER),0,0,0,0,0,0,0,0,0,0,1,0,1
2022,Bihar,SHEOHAR - BR55( 07-JUN-2017 ),13,TRACTOR (COMMERCIAL),4,7,8,2,4,8,1,20,3,1,2,10,70
2022,Bihar,SHEOHAR - BR55( 07-JUN-2017 ),14,TRAILER (COMMERCIAL),0,2,3,2,3,0,0,0,0,0,0,0,10
2022,Bihar,SITAMARHI - BR30( 29-JAN-2018 ),1,AGRICULTURAL TRACTOR,37,53,242,32,22,42,37,81,87,98,173,93,997
2022,Bihar,SITAMARHI - BR30( 29-JAN-2018 ),2,AMBULANCE,2,2,1,1,0,0,0,1,1,0,0,0,8
2022,Bihar,SITAMARHI - BR30( 29-JAN-2018 ),3,BUS,2,0,2,0,2,2,0,0,0,2,0,0,10
2022,Bihar,SITAMARHI - BR30( 29-JAN-2018 ),4,CONSTRUCTION EQUIPMENT VEHICLE,0,5,3,4,1,2,0,1,1,7,1,3,28
2022,Bihar,SITAMARHI - BR30( 29-JAN-2018 ),5,E-RICKSHAW(P),44,34,35,19,25,24,40,46,54,49,31,105,506
2022,Bihar,SITAMARHI - BR30( 29-JAN-2018 ),6,E-RICKSHAW WITH CART (G),2,0,0,0,3,3,2,1,1,1,2,7,22
2022,Bihar,SITAMARHI - BR30( 29-JAN-2018 ),7,GOODS CARRIER,5,6,3,5,6,3,1,2,2,3,3,7,46
2022,Bihar,SITAMARHI - BR30( 29-JAN-2018 ),8,MAXI CAB,0,0,4,0,1,3,1,2,0,1,0,1,13
2022,Bihar,SITAMARHI - BR30( 29-JAN-2018 ),9,M-CYCLE/SCOOTER,"1,510","1,863","2,299","2,470","3,269","1,978","1,664","1,584","1,542","2,091","3,832","1,636","25,738"
2022,Bihar,SITAMARHI - BR30( 29-JAN-2018 ),10,M-CYCLE/SCOOTER-WITH SIDE CAR,27,97,74,74,157,90,54,79,51,142,134,45,"1,024"
2022,Bihar,SITAMARHI - BR30( 29-JAN-2018 ),11,MOPED,2,0,2,1,2,9,1,1,0,1,1,2,22
2022,Bihar,SITAMARHI - BR30( 29-JAN-2018 ),12,MOTOR CAB,0,0,0,0,1,0,1,0,0,1,0,0,3
2022,Bihar,SITAMARHI - BR30( 29-JAN-2018 ),13,MOTOR CAR,13,17,19,8,12,15,13,11,12,32,41,22,215
2022,Bihar,SITAMARHI - BR30( 29-JAN-2018 ),14,MOTORISED CYCLE (CC > 25CC),0,0,0,0,0,9,0,0,2,0,0,0,11
2022,Bihar,SITAMARHI - BR30( 29-JAN-2018 ),15,THREE WHEELER (GOODS),7,9,10,7,3,7,10,4,5,5,6,3,76
2022,Bihar,SITAMARHI - BR30( 29-JAN-2018 ),16,THREE WHEELER (PASSENGER),15,6,6,6,5,10,4,7,10,10,6,7,92
2022,Bihar,SITAMARHI - BR30( 29-JAN-2018 ),17,TRACTOR (COMMERCIAL),20,10,31,15,5,19,17,20,12,18,26,14,207
2022,Bihar,SITAMARHI - BR30( 29-JAN-2018 ),18,TRAILER (COMMERCIAL),8,8,12,6,6,4,4,11,6,6,7,5,83
2022,Bihar,SIWAN - BR29( 29-JAN-2018 ),1,AGRICULTURAL TRACTOR,137,73,178,24,64,118,157,90,126,126,186,113,"1,392"
2022,Bihar,SIWAN - BR29( 29-JAN-2018 ),2,AMBULANCE,2,4,1,0,1,0,0,0,0,1,0,0,9
2022,Bihar,SIWAN - BR29( 29-JAN-2018 ),3,BUS,0,0,1,1,2,0,6,2,3,5,2,1,23
2022,Bihar,SIWAN - BR29( 29-JAN-2018 ),4,CONSTRUCTION EQUIPMENT VEHICLE,2,4,7,4,2,4,0,2,1,6,4,1,37
2022,Bihar,SIWAN - BR29( 29-JAN-2018 ),5,E-RICKSHAW(P),73,32,81,62,46,38,86,62,177,99,131,127,"1,014"
2022,Bihar,SIWAN - BR29( 29-JAN-2018 ),6,E-RICKSHAW WITH CART (G),1,0,1,3,0,1,1,2,6,0,2,1,18
2022,Bihar,SIWAN - BR29( 29-JAN-2018 ),7,GOODS CARRIER,39,23,61,20,61,27,37,29,29,37,41,21,425
2022,Bihar,SIWAN - BR29( 29-JAN-2018 ),8,MAXI CAB,0,0,0,0,0,0,0,0,0,0,2,0,2
2022,Bihar,SIWAN - BR29( 29-JAN-2018 ),9,M-CYCLE/SCOOTER,"1,574","1,306","3,371","2,375","3,803","3,466","2,450","1,534","1,343","2,934","3,505","2,215","29,876"
2022,Bihar,SIWAN - BR29( 29-JAN-2018 ),10,M-CYCLE/SCOOTER-WITH SIDE CAR,0,2,2,2,0,0,3,2,1,11,9,5,37
2022,Bihar,SIWAN - BR29( 29-JAN-2018 ),11,MOPED,55,46,113,57,71,62,56,62,86,111,71,52,842
2022,Bihar,SIWAN - BR29( 29-JAN-2018 ),12,MOTOR CAB,3,0,7,2,5,2,2,3,0,4,5,2,35
2022,Bihar,SIWAN - BR29( 29-JAN-2018 ),13,MOTOR CAR,126,62,194,146,151,110,98,102,78,135,139,100,"1,441"
2022,Bihar,SIWAN - BR29( 29-JAN-2018 ),14,MOTORISED CYCLE (CC > 25CC),0,0,0,0,19,7,1,4,8,0,1,2,42
2022,Bihar,SIWAN - BR29( 29-JAN-2018 ),15,THREE WHEELER (GOODS),1,1,14,0,0,2,1,2,2,4,1,5,33
2022,Bihar,SIWAN - BR29( 29-JAN-2018 ),16,THREE WHEELER (PASSENGER),14,4,18,9,8,11,8,11,10,19,9,9,130
2022,Bihar,SIWAN - BR29( 29-JAN-2018 ),17,TRACTOR (COMMERCIAL),19,8,37,13,18,20,33,12,16,19,21,11,227
2022,Bihar,SIWAN - BR29( 29-JAN-2018 ),18,TRAILER (COMMERCIAL),13,1,14,1,4,0,10,3,8,3,13,2,72
2022,Bihar,SUPAUL - BR50( 29-JAN-2018 ),1,AGRICULTURAL TRACTOR,6,7,17,39,41,45,10,22,20,39,36,49,331
2022,Bihar,SUPAUL - BR50( 29-JAN-2018 ),2,AMBULANCE,0,1,0,1,1,2,0,0,0,0,1,0,6
2022,Bihar,SUPAUL - BR50( 29-JAN-2018 ),3,BUS,1,3,0,1,3,0,1,2,2,1,3,2,19
2022,Bihar,SUPAUL - BR50( 29-JAN-2018 ),4,CONSTRUCTION EQUIPMENT VEHICLE,1,1,0,0,0,1,1,0,0,0,0,0,4
2022,Bihar,SUPAUL - BR50( 29-JAN-2018 ),5,E-RICKSHAW(P),35,21,28,28,54,77,75,79,120,73,104,151,845
2022,Bihar,SUPAUL - BR50( 29-JAN-2018 ),6,E-RICKSHAW WITH CART (G),0,0,3,1,0,0,0,3,0,1,2,0,10
2022,Bihar,SUPAUL - BR50( 29-JAN-2018 ),7,GOODS CARRIER,21,21,42,34,26,40,55,36,55,42,39,35,446
2022,Bihar,SUPAUL - BR50( 29-JAN-2018 ),8,MAXI CAB,0,0,0,0,0,1,0,0,1,0,2,1,5
2022,Bihar,SUPAUL - BR50( 29-JAN-2018 ),9,M-CYCLE/SCOOTER,"1,629","2,195","3,096","2,161","2,767","2,034","1,843","1,963","1,743","2,536","3,098","2,471","27,536"
2022,Bihar,SUPAUL - BR50( 29-JAN-2018 ),10,M-CYCLE/SCOOTER-WITH SIDE CAR,9,2,0,0,0,0,3,0,3,2,1,3,23
2022,Bihar,SUPAUL - BR50( 29-JAN-2018 ),11,MOPED,1,3,0,0,0,1,0,1,5,30,5,2,48
2022,Bihar,SUPAUL - BR50( 29-JAN-2018 ),12,MOTOR CAB,0,0,2,3,1,3,4,1,3,2,2,1,22
2022,Bihar,SUPAUL - BR50( 29-JAN-2018 ),13,MOTOR CAR,36,36,29,25,38,54,42,37,51,80,43,77,548
2022,Bihar,SUPAUL - BR50( 29-JAN-2018 ),14,THREE WHEELER (GOODS),26,14,34,17,15,14,17,26,18,22,22,15,240
2022,Bihar,SUPAUL - BR50( 29-JAN-2018 ),15,THREE WHEELER (PASSENGER),27,12,16,9,22,44,31,34,69,41,56,47,408
2022,Bihar,SUPAUL - BR50( 29-JAN-2018 ),16,TRACTOR (COMMERCIAL),56,40,61,34,57,57,89,37,66,51,86,69,703
2022,Bihar,SUPAUL - BR50( 29-JAN-2018 ),17,TRAILER (COMMERCIAL),0,0,0,0,0,0,0,0,0,0,0,1,1
2022,Bihar,VAISHALI - BR31( 13-FEB-2018 ),1,AGRICULTURAL TRACTOR,34,14,35,22,31,35,51,39,70,46,85,30,492
2022,Bihar,VAISHALI - BR31( 13-FEB-2018 ),2,AMBULANCE,1,1,0,2,1,0,0,1,0,0,0,0,6
2022,Bihar,VAISHALI - BR31( 13-FEB-2018 ),3,BUS,0,0,0,3,2,4,0,3,1,2,0,2,17
2022,Bihar,VAISHALI - BR31( 13-FEB-2018 ),4,CASH VAN,0,0,0,1,0,0,0,0,0,0,0,0,1
2022,Bihar,VAISHALI - BR31( 13-FEB-2018 ),5,CONSTRUCTION EQUIPMENT VEHICLE,2,4,2,2,3,3,4,1,4,1,6,6,38
2022,Bihar,VAISHALI - BR31( 13-FEB-2018 ),6,E-RICKSHAW(P),119,103,158,123,138,178,178,174,192,192,255,183,"1,993"
2022,Bihar,VAISHALI - BR31( 13-FEB-2018 ),7,E-RICKSHAW WITH CART (G),3,2,5,5,4,7,7,5,4,4,5,4,55
2022,Bihar,VAISHALI - BR31( 13-FEB-2018 ),8,GOODS CARRIER,37,31,55,45,49,38,59,42,54,39,28,19,496
2022,Bihar,VAISHALI - BR31( 13-FEB-2018 ),9,MAXI CAB,1,0,1,0,1,1,3,2,0,0,0,1,10
2022,Bihar,VAISHALI - BR31( 13-FEB-2018 ),10,M-CYCLE/SCOOTER,"1,657","1,747","2,204","2,569","3,484","2,426","2,121","1,763","1,762","3,451","3,707","1,758","28,649"
2022,Bihar,VAISHALI - BR31( 13-FEB-2018 ),11,M-CYCLE/SCOOTER-WITH SIDE CAR,6,0,2,3,2,2,1,1,3,3,10,4,37
2022,Bihar,VAISHALI - BR31( 13-FEB-2018 ),12,MOPED,63,50,55,47,50,55,51,68,42,64,71,47,663
2022,Bihar,VAISHALI - BR31( 13-FEB-2018 ),13,MOTOR CAB,3,1,1,3,2,6,3,1,3,6,2,4,35
2022,Bihar,VAISHALI - BR31( 13-FEB-2018 ),14,MOTOR CAR,119,135,147,90,144,107,100,91,101,151,142,70,"1,397"
2022,Bihar,VAISHALI - BR31( 13-FEB-2018 ),15,MOTORISED CYCLE (CC > 25CC),17,9,24,23,32,14,9,34,15,61,22,5,265
2022,Bihar,VAISHALI - BR31( 13-FEB-2018 ),16,OMNI BUS,2,0,1,0,1,0,0,0,0,0,0,0,4
2022,Bihar,VAISHALI - BR31( 13-FEB-2018 ),17,THREE WHEELER (GOODS),9,6,10,3,5,3,7,4,5,6,5,4,67
2022,Bihar,VAISHALI - BR31( 13-FEB-2018 ),18,THREE WHEELER (PASSENGER),43,43,49,57,55,69,78,90,120,107,107,60,878
2022,Bihar,VAISHALI - BR31( 13-FEB-2018 ),19,TRACTOR (COMMERCIAL),64,33,73,47,39,42,50,55,93,75,72,43,686
2022,Bihar,VAISHALI - BR31( 13-FEB-2018 ),20,TRAILER (COMMERCIAL),30,21,49,42,24,19,16,28,17,23,45,23,337
2021,Bihar,ARARIA - BR38( 30-JAN-2018 ),1,AGRICULTURAL TRACTOR,0,0,0,0,0,0,1,0,0,0,0,0,1
2021,Bihar,ARARIA - BR38( 30-JAN-2018 ),2,AMBULANCE,0,0,0,0,0,0,2,2,5,1,0,1,11
2021,Bihar,ARARIA - BR38( 30-JAN-2018 ),3,BUS,4,0,0,0,0,0,0,0,0,0,0,0,4
2021,Bihar,ARARIA - BR38( 30-JAN-2018 ),4,CONSTRUCTION EQUIPMENT VEHICLE,0,0,1,0,0,0,0,0,0,0,0,0,1
2021,Bihar,ARARIA - BR38( 30-JAN-2018 ),5,E-RICKSHAW(P),37,31,21,12,9,12,12,34,43,22,45,38,316
2021,Bihar,ARARIA - BR38( 30-JAN-2018 ),6,E-RICKSHAW WITH CART (G),2,0,0,0,0,0,0,0,0,0,0,0,2
2021,Bihar,ARARIA - BR38( 30-JAN-2018 ),7,GOODS CARRIER,14,19,15,14,0,21,12,12,24,12,16,24,183
2021,Bihar,ARARIA - BR38( 30-JAN-2018 ),8,MAXI CAB,0,0,0,0,0,0,0,0,0,0,1,0,1
2021,Bihar,ARARIA - BR38( 30-JAN-2018 ),9,M-CYCLE/SCOOTER,"1,834","2,334","2,673","2,023","1,629","2,618","2,236","2,197","1,788","1,247","2,750","1,864","25,193"
2021,Bihar,ARARIA - BR38( 30-JAN-2018 ),10,M-CYCLE/SCOOTER-WITH SIDE CAR,0,2,3,2,0,0,2,1,2,1,3,5,21
2021,Bihar,ARARIA - BR38( 30-JAN-2018 ),11,MOTOR CAB,0,1,0,1,0,0,2,0,1,0,1,1,7
2021,Bihar,ARARIA - BR38( 30-JAN-2018 ),12,MOTOR CAR,50,58,70,56,27,54,41,62,53,49,71,43,634
2021,Bihar,ARARIA - BR38( 30-JAN-2018 ),13,MOTORISED CYCLE (CC > 25CC),0,0,0,0,0,2,1,0,0,0,0,0,3
2021,Bihar,ARARIA - BR38( 30-JAN-2018 ),14,THREE WHEELER (GOODS),11,4,13,8,1,6,7,7,8,8,18,12,103
2021,Bihar,ARARIA - BR38( 30-JAN-2018 ),15,THREE WHEELER (PASSENGER),115,20,18,10,1,4,67,29,27,14,22,13,340
2021,Bihar,ARARIA - BR38( 30-JAN-2018 ),16,TRACTOR (COMMERCIAL),115,78,87,61,42,81,150,74,96,123,99,117,"1,123"
2021,Bihar,ARARIA - BR38( 30-JAN-2018 ),17,TRAILER (COMMERCIAL),0,0,0,4,0,0,0,0,0,0,0,0,4
2021,Bihar,ARAWAL - BR56( 22-MAY-2017 ),1,AGRICULTURAL TRACTOR,0,0,0,2,0,6,3,9,4,0,11,8,43
2021,Bihar,ARAWAL - BR56( 22-MAY-2017 ),2,AMBULANCE,0,0,0,0,0,0,0,4,0,0,0,0,4
2021,Bihar,ARAWAL - BR56( 22-MAY-2017 ),3,CONSTRUCTION EQUIPMENT VEHICLE,2,2,2,3,0,2,0,3,1,0,3,0,18
2021,Bihar,ARAWAL - BR56( 22-MAY-2017 ),4,E-RICKSHAW(P),0,1,0,0,0,0,0,0,0,0,0,0,1
2021,Bihar,ARAWAL - BR56( 22-MAY-2017 ),5,GOODS CARRIER,5,3,4,3,0,1,0,0,2,0,1,2,21
2021,Bihar,ARAWAL - BR56( 22-MAY-2017 ),6,M-CYCLE/SCOOTER,69,102,101,111,93,470,288,112,100,36,229,96,"1,807"
2021,Bihar,ARAWAL - BR56( 22-MAY-2017 ),7,M-CYCLE/SCOOTER-WITH SIDE CAR,0,0,0,0,0,0,0,1,1,0,1,0,3
2021,Bihar,ARAWAL - BR56( 22-MAY-2017 ),8,MOPED,38,75,33,44,55,55,34,21,24,5,87,48,519
2021,Bihar,ARAWAL - BR56( 22-MAY-2017 ),9,MOTOR CAB,0,0,0,0,1,1,0,0,1,0,1,0,4
2021,Bihar,ARAWAL - BR56( 22-MAY-2017 ),10,MOTOR CAR,2,2,2,3,1,1,2,2,2,2,1,2,22
2021,Bihar,ARAWAL - BR56( 22-MAY-2017 ),11,OMNI BUS,0,0,0,0,0,0,0,0,1,0,0,0,1
2021,Bihar,ARAWAL - BR56( 22-MAY-2017 ),12,THREE WHEELER (GOODS),0,2,2,2,0,0,2,0,1,2,0,2,13
2021,Bihar,ARAWAL - BR56( 22-MAY-2017 ),13,THREE WHEELER (PASSENGER),4,19,8,4,0,4,0,2,3,4,1,3,52
2021,Bihar,ARAWAL - BR56( 22-MAY-2017 ),14,TRACTOR (COMMERCIAL),11,25,46,6,4,20,25,24,15,1,15,25,217
2021,Bihar,ARAWAL - BR56( 22-MAY-2017 ),15,TRAILER (COMMERCIAL),8,21,41,6,0,15,23,21,4,1,13,18,171
2021,Bihar,AURANGABAD - BR26( 13-JUN-2017 ),1,AGRICULTURAL TRACTOR,0,19,53,17,16,22,99,47,39,57,54,81,504
2021,Bihar,AURANGABAD - BR26( 13-JUN-2017 ),2,AMBULANCE,0,0,0,0,0,1,0,0,1,0,0,0,2
2021,Bihar,AURANGABAD - BR26( 13-JUN-2017 ),3,BUS,0,0,1,0,0,2,1,0,0,0,1,1,6
2021,Bihar,AURANGABAD - BR26( 13-JUN-2017 ),4,CONSTRUCTION EQUIPMENT VEHICLE,20,34,33,14,2,9,8,8,14,11,10,7,170
2021,Bihar,AURANGABAD - BR26( 13-JUN-2017 ),5,E-RICKSHAW(P),12,17,12,6,2,4,8,15,7,16,22,30,151
2021,Bihar,AURANGABAD - BR26( 13-JUN-2017 ),6,E-RICKSHAW WITH CART (G),1,1,0,0,0,0,1,0,1,0,0,0,4
2021,Bihar,AURANGABAD - BR26( 13-JUN-2017 ),7,GOODS CARRIER,36,44,63,35,9,22,31,30,30,16,22,30,368
2021,Bihar,AURANGABAD - BR26( 13-JUN-2017 ),8,M-CYCLE/SCOOTER,"1,014","1,133","1,400","2,408","2,099","1,500",703,603,692,619,"1,776",625,"14,572"
2021,Bihar,AURANGABAD - BR26( 13-JUN-2017 ),9,M-CYCLE/SCOOTER-WITH SIDE CAR,0,0,1,1,1,2,0,0,1,0,0,0,6
2021,Bihar,AURANGABAD - BR26( 13-JUN-2017 ),10,MOPED,59,80,70,39,23,52,52,56,67,58,121,119,796
2021,Bihar,AURANGABAD - BR26( 13-JUN-2017 ),11,MOTOR CAB,0,6,6,3,0,21,2,6,1,2,1,2,50
2021,Bihar,AURANGABAD - BR26( 13-JUN-2017 ),12,MOTOR CAR,28,48,43,26,29,28,45,38,34,36,57,33,445
2021,Bihar,AURANGABAD - BR26( 13-JUN-2017 ),13,MOTORISED CYCLE (CC > 25CC),0,0,0,0,0,0,0,1,0,0,0,1,2
2021,Bihar,AURANGABAD - BR26( 13-JUN-2017 ),14,THREE WHEELER (GOODS),11,12,18,15,2,5,10,4,11,2,12,8,110
2021,Bihar,AURANGABAD - BR26( 13-JUN-2017 ),15,THREE WHEELER (PASSENGER),136,71,51,31,2,7,45,36,30,27,34,32,502
2021,Bihar,AURANGABAD - BR26( 13-JUN-2017 ),16,TRACTOR (COMMERCIAL),109,157,119,63,23,28,61,42,58,32,41,57,790
2021,Bihar,AURANGABAD - BR26( 13-JUN-2017 ),17,TRAILER (COMMERCIAL),130,136,139,64,6,55,27,53,19,32,49,34,744
2021,Bihar,BANKA - BR51( 06-FEB-2018 ),1,AGRICULTURAL TRACTOR,0,0,0,0,0,1,1,0,0,0,0,0,2
2021,Bihar,BANKA - BR51( 06-FEB-2018 ),2,AMBULANCE,0,0,0,0,0,0,4,3,2,1,0,0,10
2021,Bihar,BANKA - BR51( 06-FEB-2018 ),3,BUS,0,0,1,3,0,1,1,1,1,1,0,1,10
2021,Bihar,BANKA - BR51( 06-FEB-2018 ),4,CONSTRUCTION EQUIPMENT VEHICLE,4,1,0,1,0,3,2,0,3,1,0,4,19
2021,Bihar,BANKA - BR51( 06-FEB-2018 ),5,E-RICKSHAW(P),11,2,19,13,1,9,16,11,16,20,34,35,187
2021,Bihar,BANKA - BR51( 06-FEB-2018 ),6,GOODS CARRIER,2,6,12,1,1,4,4,5,2,4,3,1,45
2021,Bihar,BANKA - BR51( 06-FEB-2018 ),7,M-CYCLE/SCOOTER,451,489,612,808,712,"1,017",880,439,443,423,973,520,"7,767"
2021,Bihar,BANKA - BR51( 06-FEB-2018 ),8,M-CYCLE/SCOOTER-WITH SIDE CAR,0,2,1,8,41,30,2,0,1,1,3,2,91
2021,Bihar,BANKA - BR51( 06-FEB-2018 ),9,MOPED,9,1,8,4,2,6,4,2,3,0,15,1,55
2021,Bihar,BANKA - BR51( 06-FEB-2018 ),10,MOTOR CAB,0,1,1,0,1,1,0,0,1,0,0,1,6
2021,Bihar,BANKA - BR51( 06-FEB-2018 ),11,MOTOR CAR,12,11,21,11,2,11,10,16,3,9,15,14,135
2021,Bihar,BANKA - BR51( 06-FEB-2018 ),12,OMNI BUS,0,0,0,0,0,2,0,0,0,0,0,0,2
2021,Bihar,BANKA - BR51( 06-FEB-2018 ),13,THREE WHEELER (GOODS),4,1,8,5,0,1,0,4,3,1,3,1,31
2021,Bihar,BANKA - BR51( 06-FEB-2018 ),14,THREE WHEELER (PASSENGER),8,10,17,13,0,2,0,3,0,3,8,4,68
2021,Bihar,BANKA - BR51( 06-FEB-2018 ),15,TRACTOR (COMMERCIAL),33,36,66,26,75,94,119,85,27,26,68,34,689
2021,Bihar,BANKA - BR51( 06-FEB-2018 ),16,TRAILER (COMMERCIAL),98,63,248,5,11,5,0,237,62,29,80,37,875
2021,Bihar,BEGUSARAI - BR9( 23-JAN-2018 ),1,AGRICULTURAL TRACTOR,14,0,11,3,1,13,1,16,16,1,0,0,76
2021,Bihar,BEGUSARAI - BR9( 23-JAN-2018 ),2,AMBULANCE,0,0,1,0,0,0,1,6,1,1,1,0,11
2021,Bihar,BEGUSARAI - BR9( 23-JAN-2018 ),3,BUS,1,5,1,10,0,12,2,1,7,2,3,2,46
2021,Bihar,BEGUSARAI - BR9( 23-JAN-2018 ),4,CONSTRUCTION EQUIPMENT VEHICLE,3,10,19,2,0,9,3,4,12,6,10,4,82
2021,Bihar,BEGUSARAI - BR9( 23-JAN-2018 ),5,E-RICKSHAW(P),122,57,53,45,10,30,46,100,102,114,89,92,860
2021,Bihar,BEGUSARAI - BR9( 23-JAN-2018 ),6,E-RICKSHAW WITH CART (G),0,0,0,1,0,0,0,1,0,2,0,1,5
2021,Bihar,BEGUSARAI - BR9( 23-JAN-2018 ),7,FIRE TENDERS,0,0,0,0,0,0,1,0,0,0,0,0,1
2021,Bihar,BEGUSARAI - BR9( 23-JAN-2018 ),8,GOODS CARRIER,39,69,50,43,9,45,14,39,78,45,45,62,538
2021,Bihar,BEGUSARAI - BR9( 23-JAN-2018 ),9,M-CYCLE/SCOOTER,"1,360","1,773","1,824","2,652","1,268","3,779","1,476","1,900","1,550","1,428","3,400","1,535","23,945"
2021,Bihar,BEGUSARAI - BR9( 23-JAN-2018 ),10,M-CYCLE/SCOOTER-WITH SIDE CAR,1,0,1,1,0,1,4,2,2,2,0,4,18
2021,Bihar,BEGUSARAI - BR9( 23-JAN-2018 ),11,MOPED,0,0,1,3,4,3,4,3,0,4,3,3,28
2021,Bihar,BEGUSARAI - BR9( 23-JAN-2018 ),12,MOTOR CAB,13,16,5,10,6,17,5,8,8,7,6,3,104
2021,Bihar,BEGUSARAI - BR9( 23-JAN-2018 ),13,MOTOR CAR,197,246,240,219,117,222,153,237,159,154,199,159,"2,302"
2021,Bihar,BEGUSARAI - BR9( 23-JAN-2018 ),14,MOTORISED CYCLE (CC > 25CC),0,0,0,0,0,1,0,0,0,0,0,0,1
2021,Bihar,BEGUSARAI - BR9( 23-JAN-2018 ),15,OMNI BUS,0,0,0,0,0,0,0,1,0,0,0,0,1
2021,Bihar,BEGUSARAI - BR9( 23-JAN-2018 ),16,THREE WHEELER (GOODS),21,28,25,15,1,10,7,17,14,13,9,10,170
2021,Bihar,BEGUSARAI - BR9( 23-JAN-2018 ),17,THREE WHEELER (PASSENGER),111,40,32,24,0,6,18,52,54,33,52,60,482
2021,Bihar,BEGUSARAI - BR9( 23-JAN-2018 ),18,TRACTOR (COMMERCIAL),75,44,103,48,6,112,90,87,29,64,60,49,767
2021,Bihar,BEGUSARAI - BR9( 23-JAN-2018 ),19,TRAILER (AGRICULTURAL),6,7,7,1,0,9,0,1,4,7,0,0,42
2021,Bihar,BEGUSARAI - BR9( 23-JAN-2018 ),20,TRAILER (COMMERCIAL),116,91,65,70,0,93,6,46,33,54,62,86,722
2021,Bihar,BETTIAH - BR22( 22-SEP-2017 ),1,ADAPTED VEHICLE,0,0,1,0,0,1,2,0,0,0,0,1,5
2021,Bihar,BETTIAH - BR22( 22-SEP-2017 ),2,AGRICULTURAL TRACTOR,36,41,100,18,3,32,59,72,72,59,20,42,554
2021,Bihar,BETTIAH - BR22( 22-SEP-2017 ),3,AMBULANCE,0,0,0,0,0,1,3,3,1,0,1,2,11
2021,Bihar,BETTIAH - BR22( 22-SEP-2017 ),4,BUS,0,4,0,2,1,0,0,0,1,0,2,2,12
2021,Bihar,BETTIAH - BR22( 22-SEP-2017 ),5,CONSTRUCTION EQUIPMENT VEHICLE,3,8,6,4,3,11,2,2,8,4,2,5,58
2021,Bihar,BETTIAH - BR22( 22-SEP-2017 ),6,E-RICKSHAW(P),20,37,39,39,8,6,8,31,29,41,41,52,351
2021,Bihar,BETTIAH - BR22( 22-SEP-2017 ),7,E-RICKSHAW WITH CART (G),0,0,1,0,0,0,0,0,0,1,0,1,3
2021,Bihar,BETTIAH - BR22( 22-SEP-2017 ),8,GOODS CARRIER,13,22,32,16,4,35,13,15,19,24,31,18,242
2021,Bihar,BETTIAH - BR22( 22-SEP-2017 ),9,MAXI CAB,0,1,1,0,0,0,0,0,1,0,0,0,3
2021,Bihar,BETTIAH - BR22( 22-SEP-2017 ),10,M-CYCLE/SCOOTER,"2,436","2,493","3,485","3,269","1,798","3,134","1,663","1,901","1,839","2,496","6,807","2,357","33,678"
2021,Bihar,BETTIAH - BR22( 22-SEP-2017 ),11,M-CYCLE/SCOOTER-WITH SIDE CAR,2,1,2,2,1,1,2,1,0,12,32,30,86
2021,Bihar,BETTIAH - BR22( 22-SEP-2017 ),12,MOPED,2,0,1,16,9,19,8,25,34,21,84,66,285
2021,Bihar,BETTIAH - BR22( 22-SEP-2017 ),13,MOTOR CAB,0,0,0,0,0,3,3,3,0,2,1,1,13
2021,Bihar,BETTIAH - BR22( 22-SEP-2017 ),14,MOTOR CAR,98,87,93,110,17,101,80,62,67,92,87,64,958
2021,Bihar,BETTIAH - BR22( 22-SEP-2017 ),15,MOTORISED CYCLE (CC > 25CC),0,0,0,0,0,1,0,1,1,18,81,60,162
2021,Bihar,BETTIAH - BR22( 22-SEP-2017 ),16,OMNI BUS,0,0,0,0,0,0,0,0,0,0,0,1,1
2021,Bihar,BETTIAH - BR22( 22-SEP-2017 ),17,THREE WHEELER (GOODS),12,8,8,7,2,8,5,8,7,6,5,6,82
2021,Bihar,BETTIAH - BR22( 22-SEP-2017 ),18,THREE WHEELER (PASSENGER),85,40,46,17,0,11,5,16,10,14,12,20,276
2021,Bihar,BETTIAH - BR22( 22-SEP-2017 ),19,TRACTOR (COMMERCIAL),118,186,218,61,5,9,39,137,94,47,36,84,"1,034"
2021,Bihar,BETTIAH - BR22( 22-SEP-2017 ),20,TRAILER (COMMERCIAL),13,57,35,13,0,3,11,12,15,13,11,21,204
2021,Bihar,BHABHUA - BR45( 23-JAN-2018 ),1,AGRICULTURAL TRACTOR,86,78,66,94,3,26,87,65,48,26,28,64,671
2021,Bihar,BHABHUA - BR45( 23-JAN-2018 ),2,AMBULANCE,0,0,0,0,0,0,8,1,1,0,0,0,10
2021,Bihar,BHABHUA - BR45( 23-JAN-2018 ),3,BUS,1,0,3,9,0,0,2,3,1,1,1,2,23
2021,Bihar,BHABHUA - BR45( 23-JAN-2018 ),4,CONSTRUCTION EQUIPMENT VEHICLE,2,3,8,1,1,2,2,0,1,2,1,0,23
2021,Bihar,BHABHUA - BR45( 23-JAN-2018 ),5,E-RICKSHAW(P),65,46,48,15,2,16,55,33,41,24,25,55,425
2021,Bihar,BHABHUA - BR45( 23-JAN-2018 ),6,E-RICKSHAW WITH CART (G),2,0,0,0,0,0,1,1,0,0,7,0,11
2021,Bihar,BHABHUA - BR45( 23-JAN-2018 ),7,GOODS CARRIER,6,3,9,7,2,3,0,4,3,3,10,11,61
2021,Bihar,BHABHUA - BR45( 23-JAN-2018 ),8,M-CYCLE/SCOOTER,617,767,920,515,415,"1,296","1,287",395,428,382,827,651,"8,500"
2021,Bihar,BHABHUA - BR45( 23-JAN-2018 ),9,M-CYCLE/SCOOTER-WITH SIDE CAR,0,0,2,0,0,1,1,0,1,0,1,0,6
2021,Bihar,BHABHUA - BR45( 23-JAN-2018 ),10,MOPED,34,59,62,31,24,33,57,19,38,15,71,26,469
2021,Bihar,BHABHUA - BR45( 23-JAN-2018 ),11,MOTOR CAB,4,2,0,3,1,0,11,4,0,0,0,1,26
2021,Bihar,BHABHUA - BR45( 23-JAN-2018 ),12,MOTOR CAR,21,36,30,22,6,26,22,28,24,33,29,27,304
2021,Bihar,BHABHUA - BR45( 23-JAN-2018 ),13,MOTORISED CYCLE (CC > 25CC),1,0,1,0,0,1,1,0,0,0,0,1,5
2021,Bihar,BHABHUA - BR45( 23-JAN-2018 ),14,THREE WHEELER (GOODS),7,4,5,0,0,2,2,5,1,2,4,7,39
2021,Bihar,BHABHUA - BR45( 23-JAN-2018 ),15,THREE WHEELER (PASSENGER),23,46,10,1,0,4,13,14,3,6,10,8,138
2021,Bihar,BHABHUA - BR45( 23-JAN-2018 ),16,TRACTOR (COMMERCIAL),18,18,19,23,1,6,21,3,2,1,2,3,117
2021,Bihar,BHABHUA - BR45( 23-JAN-2018 ),17,TRAILER (AGRICULTURAL),40,30,67,26,0,36,0,16,36,5,27,4,287
2021,Bihar,BHABHUA - BR45( 23-JAN-2018 ),18,TRAILER (COMMERCIAL),13,10,27,13,0,11,0,7,12,0,6,1,100
2021,Bihar,BHAGALPUR - BR10( 07-FEB-2018 ),1,AGRICULTURAL TRACTOR,0,1,7,0,0,0,0,0,1,0,11,16,36
2021,Bihar,BHAGALPUR - BR10( 07-FEB-2018 ),2,AMBULANCE,0,0,0,0,0,0,5,1,4,1,0,0,11
2021,Bihar,BHAGALPUR - BR10( 07-FEB-2018 ),3,BUS,0,0,3,2,1,1,1,2,1,2,3,1,17
2021,Bihar,BHAGALPUR - BR10( 07-FEB-2018 ),4,CONSTRUCTION EQUIPMENT VEHICLE,2,7,4,2,0,4,2,8,3,1,1,0,34
2021,Bihar,BHAGALPUR - BR10( 07-FEB-2018 ),5,E-RICKSHAW(P),142,153,170,58,17,65,169,156,234,256,237,286,"1,943"
2021,Bihar,BHAGALPUR - BR10( 07-FEB-2018 ),6,E-RICKSHAW WITH CART (G),1,1,1,2,0,0,2,1,1,0,0,2,11
2021,Bihar,BHAGALPUR - BR10( 07-FEB-2018 ),7,GOODS CARRIER,76,79,100,68,35,57,67,50,69,55,47,77,780
2021,Bihar,BHAGALPUR - BR10( 07-FEB-2018 ),8,MAXI CAB,0,0,1,0,0,0,0,0,1,0,0,0,2
2021,Bihar,BHAGALPUR - BR10( 07-FEB-2018 ),9,M-CYCLE/SCOOTER,"1,368","1,698","1,815","1,668","1,357","2,304","1,918","1,519","1,428","1,401","2,790","1,572","20,838"
2021,Bihar,BHAGALPUR - BR10( 07-FEB-2018 ),10,M-CYCLE/SCOOTER-WITH SIDE CAR,0,1,0,1,2,2,1,6,2,0,16,6,37
2021,Bihar,BHAGALPUR - BR10( 07-FEB-2018 ),11,MOPED,2,1,3,0,0,1,4,2,2,8,22,13,58
2021,Bihar,BHAGALPUR - BR10( 07-FEB-2018 ),12,MOTOR CAB,3,2,8,3,1,7,14,13,7,7,3,6,74
2021,Bihar,BHAGALPUR - BR10( 07-FEB-2018 ),13,MOTOR CAR,204,233,225,195,78,160,210,203,173,196,266,189,"2,332"
2021,Bihar,BHAGALPUR - BR10( 07-FEB-2018 ),14,MOTORISED CYCLE (CC > 25CC),0,0,1,0,0,16,20,4,2,3,1,1,48
2021,Bihar,BHAGALPUR - BR10( 07-FEB-2018 ),15,OMNI BUS,0,0,0,0,0,1,0,0,0,0,0,0,1
2021,Bihar,BHAGALPUR - BR10( 07-FEB-2018 ),16,THREE WHEELER (GOODS),31,26,43,23,7,28,24,30,27,16,18,26,299
2021,Bihar,BHAGALPUR - BR10( 07-FEB-2018 ),17,THREE WHEELER (PASSENGER),111,40,36,17,2,11,37,29,25,23,22,12,365
2021,Bihar,BHAGALPUR - BR10( 07-FEB-2018 ),18,TRACTOR (COMMERCIAL),72,150,136,68,81,137,128,57,36,72,88,87,"1,112"
2021,Bihar,BHAGALPUR - BR10( 07-FEB-2018 ),19,TRAILER (COMMERCIAL),0,1,0,0,0,3,0,1,0,1,2,5,13
2021,Bihar,BHOJPUR - BR3( 15-FEB-2018 ),1,AGRICULTURAL TRACTOR,0,1,14,1,3,15,7,14,3,15,9,23,105
2021,Bihar,BHOJPUR - BR3( 15-FEB-2018 ),2,AMBULANCE,0,0,0,0,0,2,8,4,0,0,0,3,17
2021,Bihar,BHOJPUR - BR3( 15-FEB-2018 ),3,BUS,3,2,4,4,0,0,0,2,0,2,2,1,20
2021,Bihar,BHOJPUR - BR3( 15-FEB-2018 ),4,CONSTRUCTION EQUIPMENT VEHICLE,6,6,18,2,0,0,0,2,5,0,1,0,40
2021,Bihar,BHOJPUR - BR3( 15-FEB-2018 ),5,E-RICKSHAW(P),15,11,4,2,0,3,5,13,5,11,7,11,87
2021,Bihar,BHOJPUR - BR3( 15-FEB-2018 ),6,E-RICKSHAW WITH CART (G),0,0,1,0,0,0,0,2,0,0,0,1,4
2021,Bihar,BHOJPUR - BR3( 15-FEB-2018 ),7,GOODS CARRIER,40,45,59,15,4,21,13,26,29,26,29,22,329
2021,Bihar,BHOJPUR - BR3( 15-FEB-2018 ),8,HARVESTER,0,0,0,0,0,1,0,0,0,0,1,0,2
2021,Bihar,BHOJPUR - BR3( 15-FEB-2018 ),9,M-CYCLE/SCOOTER,"1,644","1,460","1,948","1,821","1,741","2,576","1,314","1,064","1,136","1,336","2,698","1,848","20,586"
2021,Bihar,BHOJPUR - BR3( 15-FEB-2018 ),10,M-CYCLE/SCOOTER-WITH SIDE CAR,1,1,1,0,0,0,1,0,4,2,1,1,12
2021,Bihar,BHOJPUR - BR3( 15-FEB-2018 ),11,MOPED,2,2,1,0,0,0,0,6,1,4,3,19,38
2021,Bihar,BHOJPUR - BR3( 15-FEB-2018 ),12,MOTOR CAB,5,2,3,3,0,10,9,1,0,1,2,0,36
2021,Bihar,BHOJPUR - BR3( 15-FEB-2018 ),13,MOTOR CAR,75,61,78,44,8,63,40,73,49,59,62,71,683
2021,Bihar,BHOJPUR - BR3( 15-FEB-2018 ),14,MOTORISED CYCLE (CC > 25CC),0,0,0,0,0,0,0,1,0,0,0,0,1
2021,Bihar,BHOJPUR - BR3( 15-FEB-2018 ),15,OMNI BUS,0,1,1,0,0,0,0,0,0,0,0,0,2
2021,Bihar,BHOJPUR - BR3( 15-FEB-2018 ),16,THREE WHEELER (GOODS),5,15,13,6,0,11,7,7,5,8,9,12,98
2021,Bihar,BHOJPUR - BR3( 15-FEB-2018 ),17,THREE WHEELER (PASSENGER),73,95,59,18,1,6,18,15,31,14,11,19,360
2021,Bihar,BHOJPUR - BR3( 15-FEB-2018 ),18,TRACTOR (COMMERCIAL),145,237,254,92,130,202,49,89,29,73,54,77,"1,431"
2021,Bihar,BHOJPUR - BR3( 15-FEB-2018 ),19,TRAILER (COMMERCIAL),0,0,1,2,0,5,0,2,3,5,3,11,32
2021,Bihar,BUXUR - BR44( 01-FEB-2018 ),1,AGRICULTURAL TRACTOR,53,52,75,20,19,33,62,22,40,20,29,52,477
2021,Bihar,BUXUR - BR44( 01-FEB-2018 ),2,AMBULANCE,0,0,0,0,0,0,7,0,0,0,0,0,7
2021,Bihar,BUXUR - BR44( 01-FEB-2018 ),3,BUS,0,1,3,2,1,0,1,0,9,1,2,1,21
2021,Bihar,BUXUR - BR44( 01-FEB-2018 ),4,CONSTRUCTION EQUIPMENT VEHICLE,5,5,16,6,9,3,1,5,0,5,4,2,61
2021,Bihar,BUXUR - BR44( 01-FEB-2018 ),5,E-RICKSHAW(P),32,35,26,24,1,6,28,37,51,54,45,59,398
2021,Bihar,BUXUR - BR44( 01-FEB-2018 ),6,E-RICKSHAW WITH CART (G),0,0,0,0,0,0,1,1,0,0,0,1,3
2021,Bihar,BUXUR - BR44( 01-FEB-2018 ),7,GOODS CARRIER,20,11,21,26,2,15,11,15,13,7,9,13,163
2021,Bihar,BUXUR - BR44( 01-FEB-2018 ),8,M-CYCLE/SCOOTER,839,760,971,"1,091","1,088","1,052",823,697,681,567,"1,431",947,"10,947"
2021,Bihar,BUXUR - BR44( 01-FEB-2018 ),9,M-CYCLE/SCOOTER-WITH SIDE CAR,0,0,1,1,1,1,1,2,1,1,2,1,12
2021,Bihar,BUXUR - BR44( 01-FEB-2018 ),10,MOPED,5,0,0,2,0,0,0,0,0,0,4,7,18
2021,Bihar,BUXUR - BR44( 01-FEB-2018 ),11,MOTOR CAB,4,2,2,1,0,2,16,2,1,1,3,3,37
2021,Bihar,BUXUR - BR44( 01-FEB-2018 ),12,MOTOR CAR,43,27,39,38,21,31,30,40,32,24,48,37,410
2021,Bihar,BUXUR - BR44( 01-FEB-2018 ),13,MOTORISED CYCLE (CC > 25CC),0,0,0,1,0,0,0,0,0,0,0,0,1
2021,Bihar,BUXUR - BR44( 01-FEB-2018 ),14,THREE WHEELER (GOODS),2,0,6,2,3,0,3,1,3,0,5,2,27
2021,Bihar,BUXUR - BR44( 01-FEB-2018 ),15,THREE WHEELER (PASSENGER),70,38,34,12,1,2,18,18,19,2,9,7,230
2021,Bihar,BUXUR - BR44( 01-FEB-2018 ),16,TRACTOR (COMMERCIAL),26,35,23,4,10,47,29,10,14,4,7,7,216
2021,Bihar,BUXUR - BR44( 01-FEB-2018 ),17,TRAILER (AGRICULTURAL),0,5,2,0,0,0,1,0,0,0,0,0,8
2021,Bihar,BUXUR - BR44( 01-FEB-2018 ),18,TRAILER (COMMERCIAL),2,14,7,1,0,0,1,16,9,7,6,1,64
2021,Bihar,CHAPARA - BR4( 29-JAN-2018 ),1,AGRICULTURAL TRACTOR,1,3,38,54,17,12,28,12,32,35,13,29,274
2021,Bihar,CHAPARA - BR4( 29-JAN-2018 ),2,AMBULANCE,0,0,0,0,0,0,2,2,2,3,0,1,10
2021,Bihar,CHAPARA - BR4( 29-JAN-2018 ),3,BUS,0,2,2,4,0,1,1,2,2,1,0,3,18
2021,Bihar,CHAPARA - BR4( 29-JAN-2018 ),4,CONSTRUCTION EQUIPMENT VEHICLE,4,3,10,20,0,4,0,2,12,1,1,3,60
2021,Bihar,CHAPARA - BR4( 29-JAN-2018 ),5,E-RICKSHAW(P),67,40,66,33,11,13,85,64,84,65,94,103,725
2021,Bihar,CHAPARA - BR4( 29-JAN-2018 ),6,E-RICKSHAW WITH CART (G),0,2,0,0,0,0,1,1,1,3,0,2,10
2021,Bihar,CHAPARA - BR4( 29-JAN-2018 ),7,GOODS CARRIER,37,22,41,44,6,50,28,25,27,13,33,28,354
2021,Bihar,CHAPARA - BR4( 29-JAN-2018 ),8,MAXI CAB,0,1,1,0,0,0,0,0,0,0,0,0,2
2021,Bihar,CHAPARA - BR4( 29-JAN-2018 ),9,M-CYCLE/SCOOTER,"1,549","1,414","1,916","2,184","3,486","4,148","2,301","1,143","1,267","1,297","3,302","2,682","26,689"
2021,Bihar,CHAPARA - BR4( 29-JAN-2018 ),10,M-CYCLE/SCOOTER-WITH SIDE CAR,2,1,6,3,3,1,2,1,4,1,2,4,30
2021,Bihar,CHAPARA - BR4( 29-JAN-2018 ),11,MOPED,54,59,64,58,40,47,54,48,42,44,63,52,625
2021,Bihar,CHAPARA - BR4( 29-JAN-2018 ),12,MOTOR CAB,7,6,8,3,0,4,1,5,1,4,3,1,43
2021,Bihar,CHAPARA - BR4( 29-JAN-2018 ),13,MOTOR CAR,104,75,79,101,34,119,79,72,65,85,139,73,"1,025"
2021,Bihar,CHAPARA - BR4( 29-JAN-2018 ),14,MOTORISED CYCLE (CC > 25CC),1,0,0,0,2,1,1,1,1,0,0,1,8
2021,Bihar,CHAPARA - BR4( 29-JAN-2018 ),15,THREE WHEELER (GOODS),2,7,8,6,0,4,0,4,5,2,3,4,45
2021,Bihar,CHAPARA - BR4( 29-JAN-2018 ),16,THREE WHEELER (PASSENGER),33,32,58,21,0,16,11,14,6,16,14,14,235
2021,Bihar,CHAPARA - BR4( 29-JAN-2018 ),17,TRACTOR (COMMERCIAL),105,126,183,159,60,158,156,100,76,48,65,94,"1,330"
2021,Bihar,CHAPARA - BR4( 29-JAN-2018 ),18,TRAILER (COMMERCIAL),0,115,97,0,0,16,0,10,11,23,4,13,289
2021,Bihar,DARBHANGA - BR7( 30-JAN-2018 ),1,AGRICULTURAL TRACTOR,27,41,45,31,5,70,49,52,10,14,38,77,459
2021,Bihar,DARBHANGA - BR7( 30-JAN-2018 ),2,AMBULANCE,0,0,0,0,0,0,1,2,3,2,1,4,13
2021,Bihar,DARBHANGA - BR7( 30-JAN-2018 ),3,BUS,3,1,2,2,0,0,0,0,2,0,0,6,16
2021,Bihar,DARBHANGA - BR7( 30-JAN-2018 ),4,CONSTRUCTION EQUIPMENT VEHICLE,1,1,3,1,0,1,0,0,0,2,0,0,9
2021,Bihar,DARBHANGA - BR7( 30-JAN-2018 ),5,E-RICKSHAW(P),27,19,17,24,2,16,12,25,23,36,55,62,318
2021,Bihar,DARBHANGA - BR7( 30-JAN-2018 ),6,E-RICKSHAW WITH CART (G),0,0,0,0,0,0,3,1,1,0,1,0,6
2021,Bihar,DARBHANGA - BR7( 30-JAN-2018 ),7,GOODS CARRIER,79,88,91,66,5,55,62,50,70,59,56,53,734
2021,Bihar,DARBHANGA - BR7( 30-JAN-2018 ),8,MAXI CAB,5,8,4,1,0,1,0,0,0,0,0,0,19
2021,Bihar,DARBHANGA - BR7( 30-JAN-2018 ),9,M-CYCLE/SCOOTER,"2,143","2,864","2,738","3,575","1,668","3,903","2,449","1,684","1,668","1,825","3,906","2,078","30,501"
2021,Bihar,DARBHANGA - BR7( 30-JAN-2018 ),10,M-CYCLE/SCOOTER-WITH SIDE CAR,3,6,2,4,2,1,2,1,2,1,2,1,27
2021,Bihar,DARBHANGA - BR7( 30-JAN-2018 ),11,MOPED,18,15,18,12,7,10,12,17,20,21,38,33,221
2021,Bihar,DARBHANGA - BR7( 30-JAN-2018 ),12,MOTOR CAB,5,6,5,3,1,2,8,4,5,6,9,12,66
2021,Bihar,DARBHANGA - BR7( 30-JAN-2018 ),13,MOTOR CAR,83,203,199,156,36,117,120,120,112,137,206,147,"1,636"
2021,Bihar,DARBHANGA - BR7( 30-JAN-2018 ),14,MOTORISED CYCLE (CC > 25CC),0,0,0,0,1,0,0,0,0,0,0,0,1
2021,Bihar,DARBHANGA - BR7( 30-JAN-2018 ),15,THREE WHEELER (GOODS),25,43,64,36,2,40,26,47,62,49,43,45,482
2021,Bihar,DARBHANGA - BR7( 30-JAN-2018 ),16,THREE WHEELER (PASSENGER),146,110,124,60,0,79,73,77,87,110,112,100,"1,078"
2021,Bihar,DARBHANGA - BR7( 30-JAN-2018 ),17,TRACTOR (COMMERCIAL),69,74,62,43,8,61,60,50,19,7,34,57,544
2021,Bihar,DARBHANGA - BR7( 30-JAN-2018 ),18,TRAILER (COMMERCIAL),4,10,13,4,2,4,2,0,0,0,0,6,45
2021,Bihar,GAYA - BR2( 06-SEP-2017 ),1,AGRICULTURAL TRACTOR,48,61,77,65,27,94,121,119,48,46,13,67,786
2021,Bihar,GAYA - BR2( 06-SEP-2017 ),2,AMBULANCE,0,0,0,0,0,0,2,8,6,3,6,2,27
2021,Bihar,GAYA - BR2( 06-SEP-2017 ),3,BUS,5,7,20,10,2,0,1,11,5,8,4,15,88
2021,Bihar,GAYA - BR2( 06-SEP-2017 ),4,CONSTRUCTION EQUIPMENT VEHICLE,17,11,23,8,2,9,1,2,6,6,8,12,105
2021,Bihar,GAYA - BR2( 06-SEP-2017 ),5,E-RICKSHAW(P),73,85,87,41,11,41,57,109,108,122,165,146,"1,045"
2021,Bihar,GAYA - BR2( 06-SEP-2017 ),6,E-RICKSHAW WITH CART (G),1,1,2,0,0,0,0,5,6,2,5,1,23
2021,Bihar,GAYA - BR2( 06-SEP-2017 ),7,GOODS CARRIER,56,67,91,59,19,29,28,29,44,33,39,42,536
2021,Bihar,GAYA - BR2( 06-SEP-2017 ),8,HARVESTER,0,0,0,0,0,0,0,0,0,1,0,0,1
2021,Bihar,GAYA - BR2( 06-SEP-2017 ),9,M-CYCLE/SCOOTER,"2,060","2,180","3,471","5,350","3,948","3,547","2,151","1,776","1,730","1,822","3,692","1,724","33,451"
2021,Bihar,GAYA - BR2( 06-SEP-2017 ),10,M-CYCLE/SCOOTER-WITH SIDE CAR,0,2,4,2,2,4,1,5,4,3,7,2,36
2021,Bihar,GAYA - BR2( 06-SEP-2017 ),11,MOPED,137,104,126,80,35,80,74,108,132,80,170,109,"1,235"
2021,Bihar,GAYA - BR2( 06-SEP-2017 ),12,MOTOR CAB,5,4,10,3,4,5,7,8,5,7,6,3,67
2021,Bihar,GAYA - BR2( 06-SEP-2017 ),13,MOTOR CAR,305,299,343,289,146,259,295,289,217,298,447,249,"3,436"
2021,Bihar,GAYA - BR2( 06-SEP-2017 ),14,MOTORISED CYCLE (CC > 25CC),0,0,1,1,0,0,0,0,1,0,1,0,4
2021,Bihar,GAYA - BR2( 06-SEP-2017 ),15,OMNI BUS,0,1,1,1,0,1,0,0,0,3,0,0,7
2021,Bihar,GAYA - BR2( 06-SEP-2017 ),16,THREE WHEELER (GOODS),33,42,54,25,9,32,39,30,42,24,38,32,400
2021,Bihar,GAYA - BR2( 06-SEP-2017 ),17,THREE WHEELER (PASSENGER),113,88,89,44,12,29,63,39,65,62,109,72,785
2021,Bihar,GAYA - BR2( 06-SEP-2017 ),18,TRACTOR (COMMERCIAL),93,89,108,49,41,50,67,60,43,38,57,91,786
2021,Bihar,GAYA - BR2( 06-SEP-2017 ),19,TRAILER (AGRICULTURAL),8,7,34,9,0,3,3,0,10,7,6,0,87
2021,Bihar,GAYA - BR2( 06-SEP-2017 ),20,TRAILER (COMMERCIAL),57,33,46,23,0,8,17,7,17,29,23,4,264
2021,Bihar,GOPALGANJ - BR28( 08-JUN-2017 ),1,AGRICULTURAL TRACTOR,43,58,63,38,47,53,114,38,42,50,31,75,652
2021,Bihar,GOPALGANJ - BR28( 08-JUN-2017 ),2,AMBULANCE,0,0,0,0,0,0,7,6,5,1,1,1,21
2021,Bihar,GOPALGANJ - BR28( 08-JUN-2017 ),3,BUS,1,1,3,1,1,2,1,1,1,1,1,12,26
2021,Bihar,GOPALGANJ - BR28( 08-JUN-2017 ),4,CONSTRUCTION EQUIPMENT VEHICLE,7,6,4,8,5,4,3,1,9,8,2,3,60
2021,Bihar,GOPALGANJ - BR28( 08-JUN-2017 ),5,E-RICKSHAW(P),40,34,49,10,3,25,50,51,48,68,69,63,510
2021,Bihar,GOPALGANJ - BR28( 08-JUN-2017 ),6,E-RICKSHAW WITH CART (G),0,0,0,3,0,0,1,0,0,0,1,1,6
2021,Bihar,GOPALGANJ - BR28( 08-JUN-2017 ),7,GOODS CARRIER,42,26,29,29,9,31,24,27,29,24,15,26,311
2021,Bihar,GOPALGANJ - BR28( 08-JUN-2017 ),8,HARVESTER,0,0,1,0,1,1,0,0,0,0,0,0,3
2021,Bihar,GOPALGANJ - BR28( 08-JUN-2017 ),9,MAXI CAB,0,1,0,0,0,0,0,0,0,0,0,0,1
2021,Bihar,GOPALGANJ - BR28( 08-JUN-2017 ),10,M-CYCLE/SCOOTER,913,893,"1,079","1,293",887,"2,593","1,078",745,756,638,"1,904","1,200","13,979"
2021,Bihar,GOPALGANJ - BR28( 08-JUN-2017 ),11,M-CYCLE/SCOOTER-WITH SIDE CAR,1,0,0,4,7,2,0,0,0,0,2,0,16
2021,Bihar,GOPALGANJ - BR28( 08-JUN-2017 ),12,MOPED,12,22,14,3,1,15,8,11,21,4,21,20,152
2021,Bihar,GOPALGANJ - BR28( 08-JUN-2017 ),13,MOTOR CAB,3,1,3,2,0,1,3,0,2,2,2,1,20
2021,Bihar,GOPALGANJ - BR28( 08-JUN-2017 ),14,MOTOR CAR,89,87,97,96,50,107,74,88,54,74,127,65,"1,008"
2021,Bihar,GOPALGANJ - BR28( 08-JUN-2017 ),15,MOTORISED CYCLE (CC > 25CC),1,8,7,5,0,2,6,6,1,0,2,0,38
2021,Bihar,GOPALGANJ - BR28( 08-JUN-2017 ),16,THREE WHEELER (GOODS),4,0,7,3,1,2,4,0,1,1,0,6,29
2021,Bihar,GOPALGANJ - BR28( 08-JUN-2017 ),17,THREE WHEELER (PASSENGER),14,17,15,23,1,1,14,6,2,10,6,2,111
2021,Bihar,GOPALGANJ - BR28( 08-JUN-2017 ),18,TRACTOR (COMMERCIAL),5,2,6,7,4,3,7,0,2,4,0,3,43
2021,Bihar,GOPALGANJ - BR28( 08-JUN-2017 ),19,TRAILER (COMMERCIAL),0,5,1,4,0,0,1,0,0,0,0,0,11
2021,Bihar,JAMUI - BR46( 07-JUN-2017 ),1,AGRICULTURAL TRACTOR,0,0,0,0,0,0,0,0,0,0,0,1,1
2021,Bihar,JAMUI - BR46( 07-JUN-2017 ),2,AMBULANCE,0,0,0,0,0,0,9,2,0,0,0,0,11
2021,Bihar,JAMUI - BR46( 07-JUN-2017 ),3,BUS,0,0,4,0,0,0,0,0,0,1,0,0,5
2021,Bihar,JAMUI - BR46( 07-JUN-2017 ),4,CONSTRUCTION EQUIPMENT VEHICLE,4,5,12,5,0,5,3,10,7,5,10,3,69
2021,Bihar,JAMUI - BR46( 07-JUN-2017 ),5,E-RICKSHAW(P),17,54,50,13,12,30,34,63,83,54,59,61,530
2021,Bihar,JAMUI - BR46( 07-JUN-2017 ),6,E-RICKSHAW WITH CART (G),0,0,0,0,0,0,0,0,2,0,1,0,3
2021,Bihar,JAMUI - BR46( 07-JUN-2017 ),7,GOODS CARRIER,9,17,17,10,1,10,15,5,10,2,4,15,115
2021,Bihar,JAMUI - BR46( 07-JUN-2017 ),8,HARVESTER,0,0,0,0,0,0,0,0,0,0,1,0,1
2021,Bihar,JAMUI - BR46( 07-JUN-2017 ),9,MAXI CAB,0,0,0,0,0,0,1,0,0,0,0,1,2
2021,Bihar,JAMUI - BR46( 07-JUN-2017 ),10,M-CYCLE/SCOOTER,620,732,"1,151","1,051",966,"1,474","1,353",915,665,694,"1,290",816,"11,727"
2021,Bihar,JAMUI - BR46( 07-JUN-2017 ),11,M-CYCLE/SCOOTER-WITH SIDE CAR,1,0,1,1,1,0,4,0,0,0,0,1,9
2021,Bihar,JAMUI - BR46( 07-JUN-2017 ),12,MOPED,21,21,42,25,16,17,26,18,23,15,34,17,275
2021,Bihar,JAMUI - BR46( 07-JUN-2017 ),13,MOTOR CAB,2,1,1,3,1,1,3,3,1,0,0,0,16
2021,Bihar,JAMUI - BR46( 07-JUN-2017 ),14,MOTOR CAR,11,23,16,17,6,15,11,15,11,10,14,20,169
2021,Bihar,JAMUI - BR46( 07-JUN-2017 ),15,OMNI BUS,0,0,0,0,0,0,0,0,0,0,1,0,1
2021,Bihar,JAMUI - BR46( 07-JUN-2017 ),16,THREE WHEELER (GOODS),5,5,9,2,0,5,3,4,12,1,4,5,55
2021,Bihar,JAMUI - BR46( 07-JUN-2017 ),17,THREE WHEELER (PASSENGER),61,43,27,10,0,24,17,16,28,15,19,14,274
2021,Bihar,JAMUI - BR46( 07-JUN-2017 ),18,TRACTOR (COMMERCIAL),37,47,67,19,1,49,73,69,40,12,18,56,488
2021,Bihar,JAMUI - BR46( 07-JUN-2017 ),19,TRAILER (COMMERCIAL),0,1,1,0,0,0,0,0,0,0,0,0,2
2021,Bihar,JEHANABAD - BR25( 26-MAY-2017 ),1,AGRICULTURAL TRACTOR,2,9,3,2,0,0,5,1,7,0,1,3,33
2021,Bihar,JEHANABAD - BR25( 26-MAY-2017 ),2,AMBULANCE,0,0,0,0,0,0,1,1,0,0,0,0,2
2021,Bihar,JEHANABAD - BR25( 26-MAY-2017 ),3,BUS,0,0,12,3,0,1,1,0,0,0,0,0,17
2021,Bihar,JEHANABAD - BR25( 26-MAY-2017 ),4,CONSTRUCTION EQUIPMENT VEHICLE,6,4,7,4,0,1,1,4,1,0,0,4,32
2021,Bihar,JEHANABAD - BR25( 26-MAY-2017 ),5,E-RICKSHAW(P),6,7,3,0,0,6,2,7,1,2,1,7,42
2021,Bihar,JEHANABAD - BR25( 26-MAY-2017 ),6,E-RICKSHAW WITH CART (G),0,0,0,0,0,0,1,0,0,0,0,0,1
2021,Bihar,JEHANABAD - BR25( 26-MAY-2017 ),7,GOODS CARRIER,1,1,8,16,0,2,4,4,5,1,4,1,47
2021,Bihar,JEHANABAD - BR25( 26-MAY-2017 ),8,M-CYCLE/SCOOTER,316,395,478,685,251,"1,278",654,285,344,26,821,396,"5,929"
2021,Bihar,JEHANABAD - BR25( 26-MAY-2017 ),9,M-CYCLE/SCOOTER-WITH SIDE CAR,0,2,0,0,0,3,0,0,1,0,1,0,7
2021,Bihar,JEHANABAD - BR25( 26-MAY-2017 ),10,MOPED,6,9,12,19,1,23,12,7,14,0,30,11,144
2021,Bihar,JEHANABAD - BR25( 26-MAY-2017 ),11,MOTOR CAB,0,0,1,0,0,6,0,0,1,0,0,1,9
2021,Bihar,JEHANABAD - BR25( 26-MAY-2017 ),12,MOTOR CAR,2,3,2,7,0,5,3,5,5,1,9,5,47
2021,Bihar,JEHANABAD - BR25( 26-MAY-2017 ),13,MOTORISED CYCLE (CC > 25CC),0,1,0,0,0,0,0,0,0,0,0,0,1
2021,Bihar,JEHANABAD - BR25( 26-MAY-2017 ),14,THREE WHEELER (GOODS),4,4,8,7,0,4,2,2,3,0,5,2,41
2021,Bihar,JEHANABAD - BR25( 26-MAY-2017 ),15,THREE WHEELER (PASSENGER),72,55,64,25,0,11,37,20,52,7,48,42,433
2021,Bihar,JEHANABAD - BR25( 26-MAY-2017 ),16,TRACTOR (COMMERCIAL),46,19,22,22,0,0,70,32,31,0,12,55,309
2021,Bihar,JEHANABAD - BR25( 26-MAY-2017 ),17,TRAILER (COMMERCIAL),19,18,20,9,0,2,32,14,14,1,5,33,167
2021,Bihar,KATIHAR - BR39( 23-JAN-2018 ),1,AGRICULTURAL TRACTOR,0,0,2,1,0,0,0,1,0,0,0,0,4
2021,Bihar,KATIHAR - BR39( 23-JAN-2018 ),2,AMBULANCE,0,0,0,0,0,0,9,4,0,1,0,0,14
2021,Bihar,KATIHAR - BR39( 23-JAN-2018 ),3,CONSTRUCTION EQUIPMENT VEHICLE,1,1,0,0,0,2,1,6,7,3,1,1,23
2021,Bihar,KATIHAR - BR39( 23-JAN-2018 ),4,E-RICKSHAW(P),14,9,28,25,4,10,18,23,9,29,16,67,252
2021,Bihar,KATIHAR - BR39( 23-JAN-2018 ),5,E-RICKSHAW WITH CART (G),0,0,0,0,0,0,0,1,0,0,0,1,2
2021,Bihar,KATIHAR - BR39( 23-JAN-2018 ),6,GOODS CARRIER,1,0,4,1,0,1,0,2,2,0,1,2,14
2021,Bihar,KATIHAR - BR39( 23-JAN-2018 ),7,HARVESTER,0,0,0,0,0,0,0,3,0,0,0,0,3
2021,Bihar,KATIHAR - BR39( 23-JAN-2018 ),8,M-CYCLE/SCOOTER,"1,466","1,889","2,449","1,794",720,"2,948","2,419","2,003","1,477","1,698","2,967","1,969","23,799"
2021,Bihar,KATIHAR - BR39( 23-JAN-2018 ),9,M-CYCLE/SCOOTER-WITH SIDE CAR,3,0,0,3,0,5,8,1,2,1,2,1,26
2021,Bihar,KATIHAR - BR39( 23-JAN-2018 ),10,MOPED,6,7,7,13,0,21,12,6,11,3,14,7,107
2021,Bihar,KATIHAR - BR39( 23-JAN-2018 ),11,MOTOR CAB,0,1,0,0,0,1,7,0,0,0,2,1,12
2021,Bihar,KATIHAR - BR39( 23-JAN-2018 ),12,MOTOR CAR,15,14,16,8,3,25,16,19,18,18,24,24,200
2021,Bihar,KATIHAR - BR39( 23-JAN-2018 ),13,THREE WHEELER (GOODS),10,7,6,2,1,2,3,3,1,7,1,3,46
2021,Bihar,KATIHAR - BR39( 23-JAN-2018 ),14,THREE WHEELER (PASSENGER),129,47,30,20,1,4,56,20,8,6,2,5,328
2021,Bihar,KATIHAR - BR39( 23-JAN-2018 ),15,TRACTOR (COMMERCIAL),70,67,90,56,38,127,137,50,53,91,69,74,922
2021,Bihar,KATIHAR - BR39( 23-JAN-2018 ),16,TRACTOR-TROLLEY(COMMERCIAL),0,0,0,0,0,0,0,0,0,1,0,0,1
2021,Bihar,KATIHAR - BR39( 23-JAN-2018 ),17,TRAILER (COMMERCIAL),7,6,23,8,1,15,7,16,9,7,7,7,113
2021,Bihar,KHAGARIA - BR34( 01-FEB-2018 ),1,AGRICULTURAL TRACTOR,18,9,16,29,0,49,73,24,49,22,30,32,351
2021,Bihar,KHAGARIA - BR34( 01-FEB-2018 ),2,AMBULANCE,0,0,0,0,0,0,1,5,0,0,0,0,6
2021,Bihar,KHAGARIA - BR34( 01-FEB-2018 ),3,BUS,0,0,1,0,0,0,0,0,0,1,0,0,2
2021,Bihar,KHAGARIA - BR34( 01-FEB-2018 ),4,CONSTRUCTION EQUIPMENT VEHICLE,1,1,0,0,0,0,0,0,1,0,0,0,3
2021,Bihar,KHAGARIA - BR34( 01-FEB-2018 ),5,E-RICKSHAW(P),26,20,15,9,0,6,18,16,5,11,4,10,140
2021,Bihar,KHAGARIA - BR34( 01-FEB-2018 ),6,GOODS CARRIER,6,3,4,0,0,2,8,4,3,2,2,4,38
2021,Bihar,KHAGARIA - BR34( 01-FEB-2018 ),7,M-CYCLE/SCOOTER,623,978,"1,008","1,045",228,"1,581","1,079",654,618,653,"1,651",713,"10,831"
2021,Bihar,KHAGARIA - BR34( 01-FEB-2018 ),8,M-CYCLE/SCOOTER-WITH SIDE CAR,0,0,0,0,0,1,0,1,0,1,0,0,3
2021,Bihar,KHAGARIA - BR34( 01-FEB-2018 ),9,MOPED,3,7,4,5,0,5,5,3,3,4,4,4,47
2021,Bihar,KHAGARIA - BR34( 01-FEB-2018 ),10,MOTOR CAB,0,0,1,1,1,1,3,1,0,1,0,0,9
2021,Bihar,KHAGARIA - BR34( 01-FEB-2018 ),11,MOTOR CAR,6,14,8,8,5,14,10,14,14,5,17,9,124
2021,Bihar,KHAGARIA - BR34( 01-FEB-2018 ),12,MOTORISED CYCLE (CC > 25CC),0,0,0,0,0,1,0,0,0,0,0,0,1
2021,Bihar,KHAGARIA - BR34( 01-FEB-2018 ),13,THREE WHEELER (GOODS),5,9,7,2,0,8,3,1,4,2,7,4,52
2021,Bihar,KHAGARIA - BR34( 01-FEB-2018 ),14,THREE WHEELER (PASSENGER),104,20,28,7,1,15,6,17,9,11,5,4,227
2021,Bihar,KHAGARIA - BR34( 01-FEB-2018 ),15,TRACTOR (COMMERCIAL),11,24,44,23,5,49,55,17,52,33,39,17,369
2021,Bihar,KHAGARIA - BR34( 01-FEB-2018 ),16,TRAILER (AGRICULTURAL),0,0,9,1,4,13,19,15,0,3,0,15,79
2021,Bihar,KHAGARIA - BR34( 01-FEB-2018 ),17,TRAILER (COMMERCIAL),0,0,18,7,8,32,33,32,8,7,3,11,159
2021,Bihar,KISHANGANJ - BR37( 07-FEB-2018 ),1,AGRICULTURAL TRACTOR,0,0,0,0,0,0,0,1,0,0,0,0,1
2021,Bihar,KISHANGANJ - BR37( 07-FEB-2018 ),2,AMBULANCE,0,0,0,0,0,0,2,2,1,0,0,0,5
2021,Bihar,KISHANGANJ - BR37( 07-FEB-2018 ),3,BUS,0,0,0,0,0,0,0,0,0,0,1,1,2
2021,Bihar,KISHANGANJ - BR37( 07-FEB-2018 ),4,CONSTRUCTION EQUIPMENT VEHICLE,0,4,3,0,1,0,0,1,0,0,0,1,10
2021,Bihar,KISHANGANJ - BR37( 07-FEB-2018 ),5,E-RICKSHAW(P),49,35,23,11,5,7,7,17,25,12,22,30,243
2021,Bihar,KISHANGANJ - BR37( 07-FEB-2018 ),6,E-RICKSHAW WITH CART (G),0,0,0,1,0,0,0,0,1,1,2,0,5
2021,Bihar,KISHANGANJ - BR37( 07-FEB-2018 ),7,GOODS CARRIER,8,6,26,7,2,15,7,10,6,5,6,6,104
2021,Bihar,KISHANGANJ - BR37( 07-FEB-2018 ),8,M-CYCLE/SCOOTER,"1,129","2,118","3,480","2,044",673,"2,735","1,613","1,286",884,858,"1,699","1,170","19,689"
2021,Bihar,KISHANGANJ - BR37( 07-FEB-2018 ),9,M-CYCLE/SCOOTER-WITH SIDE CAR,0,0,2,1,0,1,0,3,0,1,0,2,10
2021,Bihar,KISHANGANJ - BR37( 07-FEB-2018 ),10,MOPED,1,9,4,4,3,2,0,2,2,0,9,1,37
2021,Bihar,KISHANGANJ - BR37( 07-FEB-2018 ),11,MOTOR CAB,1,1,0,0,0,0,1,0,0,0,0,0,3
2021,Bihar,KISHANGANJ - BR37( 07-FEB-2018 ),12,MOTOR CAR,27,52,55,48,22,38,39,42,27,28,44,39,461
2021,Bihar,KISHANGANJ - BR37( 07-FEB-2018 ),13,MOTORISED CYCLE (CC > 25CC),0,1,0,0,0,0,0,1,0,0,0,0,2
2021,Bihar,KISHANGANJ - BR37( 07-FEB-2018 ),14,THREE WHEELER (GOODS),5,11,9,7,1,2,3,3,1,6,2,1,51
2021,Bihar,KISHANGANJ - BR37( 07-FEB-2018 ),15,THREE WHEELER (PASSENGER),39,28,21,17,6,2,2,19,7,10,11,7,169
2021,Bihar,KISHANGANJ - BR37( 07-FEB-2018 ),16,TRACTOR (COMMERCIAL),35,78,49,38,31,91,58,35,27,41,60,47,590
2021,Bihar,KISHANGANJ - BR37( 07-FEB-2018 ),17,TRAILER (AGRICULTURAL),0,0,0,0,0,0,0,0,1,0,0,0,1
2021,Bihar,KISHANGANJ - BR37( 07-FEB-2018 ),18,TRAILER (COMMERCIAL),0,0,1,0,0,0,0,2,2,0,0,0,5
2021,Bihar,LAKHISARAI - BR53( 27-JAN-2017 ),1,AGRICULTURAL TRACTOR,0,0,0,0,1,0,0,0,0,0,0,0,1
2021,Bihar,LAKHISARAI - BR53( 27-JAN-2017 ),2,AMBULANCE,0,0,0,0,0,0,2,1,2,0,0,0,5
2021,Bihar,LAKHISARAI - BR53( 27-JAN-2017 ),3,BUS,0,0,1,2,0,0,0,0,0,0,0,1,4
2021,Bihar,LAKHISARAI - BR53( 27-JAN-2017 ),4,CONSTRUCTION EQUIPMENT VEHICLE,0,0,2,0,1,1,0,1,2,0,0,0,7
2021,Bihar,LAKHISARAI - BR53( 27-JAN-2017 ),5,E-RICKSHAW(P),56,15,46,5,3,2,36,29,17,64,15,50,338
2021,Bihar,LAKHISARAI - BR53( 27-JAN-2017 ),6,GOODS CARRIER,17,7,15,16,9,8,10,5,7,8,8,9,119
2021,Bihar,LAKHISARAI - BR53( 27-JAN-2017 ),7,MAXI CAB,0,1,0,0,0,0,1,0,0,0,0,0,2
2021,Bihar,LAKHISARAI - BR53( 27-JAN-2017 ),8,M-CYCLE/SCOOTER,235,261,389,311,311,434,466,211,173,205,538,354,"3,888"
2021,Bihar,LAKHISARAI - BR53( 27-JAN-2017 ),9,M-CYCLE/SCOOTER-WITH SIDE CAR,0,0,0,0,0,1,0,0,0,0,2,1,4
2021,Bihar,LAKHISARAI - BR53( 27-JAN-2017 ),10,MOPED,18,43,36,4,29,20,48,34,49,42,47,30,400
2021,Bihar,LAKHISARAI - BR53( 27-JAN-2017 ),11,MOTOR CAB,1,0,1,1,0,0,3,2,2,1,2,1,14
2021,Bihar,LAKHISARAI - BR53( 27-JAN-2017 ),12,MOTOR CAR,10,12,14,14,9,11,15,13,14,18,15,17,162
2021,Bihar,LAKHISARAI - BR53( 27-JAN-2017 ),13,MOTORISED CYCLE (CC > 25CC),0,0,0,0,0,0,0,0,0,1,0,0,1
2021,Bihar,LAKHISARAI - BR53( 27-JAN-2017 ),14,OMNI BUS,0,0,0,0,0,0,0,0,0,0,0,1,1
2021,Bihar,LAKHISARAI - BR53( 27-JAN-2017 ),15,THREE WHEELER (GOODS),5,5,6,4,0,1,6,2,4,3,4,3,43
2021,Bihar,LAKHISARAI - BR53( 27-JAN-2017 ),16,THREE WHEELER (PASSENGER),20,45,31,5,0,2,10,8,4,2,11,4,142
2021,Bihar,LAKHISARAI - BR53( 27-JAN-2017 ),17,TRACTOR (COMMERCIAL),27,11,38,14,5,18,25,27,0,11,3,7,186
2021,Bihar,LAKHISARAI - BR53( 27-JAN-2017 ),18,TRAILER (COMMERCIAL),0,16,76,2,9,14,0,17,6,10,9,9,168
2021,Bihar,MADHEPURA - BR43( 02-JUN-2017 ),1,AGRICULTURAL TRACTOR,30,2,76,14,0,30,40,41,1,41,0,0,275
2021,Bihar,MADHEPURA - BR43( 02-JUN-2017 ),2,AMBULANCE,0,0,0,0,0,0,2,1,0,0,0,1,4
2021,Bihar,MADHEPURA - BR43( 02-JUN-2017 ),3,BUS,0,0,0,1,0,0,0,2,0,2,0,0,5
2021,Bihar,MADHEPURA - BR43( 02-JUN-2017 ),4,CONSTRUCTION EQUIPMENT VEHICLE,0,0,0,0,2,1,0,0,1,0,0,0,4
2021,Bihar,MADHEPURA - BR43( 02-JUN-2017 ),5,E-RICKSHAW(P),1,29,11,24,0,0,14,23,22,15,47,51,237
2021,Bihar,MADHEPURA - BR43( 02-JUN-2017 ),6,E-RICKSHAW WITH CART (G),0,0,0,0,0,0,0,2,0,6,1,1,10
2021,Bihar,MADHEPURA - BR43( 02-JUN-2017 ),7,GOODS CARRIER,3,10,2,3,0,10,5,2,8,5,12,9,69
2021,Bihar,MADHEPURA - BR43( 02-JUN-2017 ),8,M-CYCLE/SCOOTER,"1,531","1,892","1,946","1,593",985,"1,692","1,930","1,689","1,466","1,005","2,495","1,617","19,841"
2021,Bihar,MADHEPURA - BR43( 02-JUN-2017 ),9,M-CYCLE/SCOOTER-WITH SIDE CAR,6,2,0,2,1,2,1,2,1,1,9,4,31
2021,Bihar,MADHEPURA - BR43( 02-JUN-2017 ),10,MOPED,26,10,16,11,3,16,26,31,27,12,40,25,243
2021,Bihar,MADHEPURA - BR43( 02-JUN-2017 ),11,MOTOR CAB,1,0,1,0,0,0,3,1,1,0,0,0,7
2021,Bihar,MADHEPURA - BR43( 02-JUN-2017 ),12,MOTOR CAR,8,22,21,13,7,15,18,29,24,21,33,31,242
2021,Bihar,MADHEPURA - BR43( 02-JUN-2017 ),13,OMNI BUS,0,0,1,0,0,0,0,0,0,0,0,0,1
2021,Bihar,MADHEPURA - BR43( 02-JUN-2017 ),14,THREE WHEELER (GOODS),29,15,14,9,0,15,8,14,6,13,20,13,156
2021,Bihar,MADHEPURA - BR43( 02-JUN-2017 ),15,THREE WHEELER (PASSENGER),98,67,36,19,0,18,29,16,7,11,5,2,308
2021,Bihar,MADHEPURA - BR43( 02-JUN-2017 ),16,TRACTOR (COMMERCIAL),83,38,86,37,16,68,118,112,32,47,50,32,719
2021,Bihar,MADHEPURA - BR43( 02-JUN-2017 ),17,TRAILER (COMMERCIAL),7,15,4,4,2,2,1,0,4,1,0,2,42
2021,Bihar,MADHUBANI - BR32( 01-FEB-2018 ),1,AMBULANCE,0,0,0,0,0,0,3,10,3,1,1,1,19
2021,Bihar,MADHUBANI - BR32( 01-FEB-2018 ),2,BUS,0,2,2,0,0,0,0,0,1,0,0,0,5
2021,Bihar,MADHUBANI - BR32( 01-FEB-2018 ),3,CONSTRUCTION EQUIPMENT VEHICLE,0,1,0,1,1,1,1,1,0,1,1,0,8
2021,Bihar,MADHUBANI - BR32( 01-FEB-2018 ),4,E-RICKSHAW(P),23,21,17,9,3,6,22,14,17,32,22,31,217
2021,Bihar,MADHUBANI - BR32( 01-FEB-2018 ),5,E-RICKSHAW WITH CART (G),0,0,0,0,0,0,1,0,1,0,0,1,3
2021,Bihar,MADHUBANI - BR32( 01-FEB-2018 ),6,GOODS CARRIER,15,14,30,23,5,22,14,15,16,13,23,24,214
2021,Bihar,MADHUBANI - BR32( 01-FEB-2018 ),7,M-CYCLE/SCOOTER,"1,713","3,476","2,454","3,121","1,813","3,411","2,291","1,874","1,441","1,602","3,354","2,252","28,802"
2021,Bihar,MADHUBANI - BR32( 01-FEB-2018 ),8,M-CYCLE/SCOOTER-WITH SIDE CAR,7,3,2,3,1,1,5,5,0,2,3,2,34
2021,Bihar,MADHUBANI - BR32( 01-FEB-2018 ),9,MOPED,20,11,8,12,2,0,4,2,10,3,11,7,90
2021,Bihar,MADHUBANI - BR32( 01-FEB-2018 ),10,MOTOR CAB,1,5,3,0,1,0,0,1,1,3,1,1,17
2021,Bihar,MADHUBANI - BR32( 01-FEB-2018 ),11,MOTOR CAR,27,24,45,26,7,27,30,32,34,32,56,32,372
2021,Bihar,MADHUBANI - BR32( 01-FEB-2018 ),12,MOTORISED CYCLE (CC > 25CC),0,0,0,0,0,1,0,0,0,1,0,1,3
2021,Bihar,MADHUBANI - BR32( 01-FEB-2018 ),13,THREE WHEELER (GOODS),8,14,13,10,0,9,8,12,34,7,16,24,155
2021,Bihar,MADHUBANI - BR32( 01-FEB-2018 ),14,THREE WHEELER (PASSENGER),120,87,51,18,1,9,10,36,32,31,22,21,438
2021,Bihar,MADHUBANI - BR32( 01-FEB-2018 ),15,TRACTOR (COMMERCIAL),147,110,107,80,4,23,69,117,35,92,68,90,942
2021,Bihar,MADHUBANI - BR32( 01-FEB-2018 ),16,TRAILER (COMMERCIAL),0,13,11,11,4,1,0,0,0,0,0,0,40
2021,Bihar,MOTIHARI - BR5( 05-JUL-2017 ),1,AGRICULTURAL TRACTOR,235,108,199,76,34,156,103,125,128,141,125,198,"1,628"
2021,Bihar,MOTIHARI - BR5( 05-JUL-2017 ),2,AMBULANCE,0,0,0,0,0,1,6,6,5,1,5,7,31
2021,Bihar,MOTIHARI - BR5( 05-JUL-2017 ),3,BUS,0,1,1,0,0,0,1,0,1,1,3,3,11
2021,Bihar,MOTIHARI - BR5( 05-JUL-2017 ),4,CONSTRUCTION EQUIPMENT VEHICLE,4,12,11,5,2,3,7,3,9,8,3,10,77
2021,Bihar,MOTIHARI - BR5( 05-JUL-2017 ),5,E-RICKSHAW(P),50,49,58,32,1,8,25,52,57,84,61,78,555
2021,Bihar,MOTIHARI - BR5( 05-JUL-2017 ),6,E-RICKSHAW WITH CART (G),0,1,1,2,0,0,4,1,1,2,0,1,13
2021,Bihar,MOTIHARI - BR5( 05-JUL-2017 ),7,GOODS CARRIER,38,43,43,34,4,31,25,31,28,26,38,33,374
2021,Bihar,MOTIHARI - BR5( 05-JUL-2017 ),8,MAXI CAB,0,0,0,1,0,1,0,1,0,0,0,0,3
2021,Bihar,MOTIHARI - BR5( 05-JUL-2017 ),9,M-CYCLE/SCOOTER,"2,722","3,214","3,919","2,939","2,821","4,160","4,324","2,213","2,109","2,301","4,356","5,395","40,473"
2021,Bihar,MOTIHARI - BR5( 05-JUL-2017 ),10,M-CYCLE/SCOOTER-WITH SIDE CAR,2,2,1,1,0,4,3,4,3,3,5,3,31
2021,Bihar,MOTIHARI - BR5( 05-JUL-2017 ),11,MOPED,113,135,95,63,81,109,84,64,80,72,131,115,"1,142"
2021,Bihar,MOTIHARI - BR5( 05-JUL-2017 ),12,MOTOR CAB,0,3,0,1,1,1,2,0,2,0,3,3,16
2021,Bihar,MOTIHARI - BR5( 05-JUL-2017 ),13,MOTOR CAR,86,94,119,75,35,107,112,97,74,99,132,84,"1,114"
2021,Bihar,MOTIHARI - BR5( 05-JUL-2017 ),14,MOTORISED CYCLE (CC > 25CC),3,20,1,1,0,0,0,0,0,0,1,1,27
2021,Bihar,MOTIHARI - BR5( 05-JUL-2017 ),15,THREE WHEELER (GOODS),14,36,36,24,5,15,20,19,11,19,10,18,227
2021,Bihar,MOTIHARI - BR5( 05-JUL-2017 ),16,THREE WHEELER (PASSENGER),97,128,81,55,1,11,19,45,22,25,23,32,539
2021,Bihar,MOTIHARI - BR5( 05-JUL-2017 ),17,TRACTOR (COMMERCIAL),40,33,67,29,5,23,22,25,12,11,8,26,301
2021,Bihar,MOTIHARI - BR5( 05-JUL-2017 ),18,TRAILER (AGRICULTURAL),0,0,0,2,0,9,0,0,0,0,0,0,11
2021,Bihar,MOTIHARI - BR5( 05-JUL-2017 ),19,TRAILER (COMMERCIAL),2,0,8,21,0,6,0,0,0,0,0,0,37
2021,Bihar,MUNGER - BR8( 06-FEB-2018 ),1,AMBULANCE,0,0,0,0,0,0,8,2,1,0,1,0,12
2021,Bihar,MUNGER - BR8( 06-FEB-2018 ),2,BUS,0,0,0,0,0,0,0,0,0,0,1,0,1
2021,Bihar,MUNGER - BR8( 06-FEB-2018 ),3,CONSTRUCTION EQUIPMENT VEHICLE,1,1,2,2,0,0,0,0,0,0,1,0,7
2021,Bihar,MUNGER - BR8( 06-FEB-2018 ),4,E-RICKSHAW(P),54,13,65,10,5,23,47,42,34,50,38,59,440
2021,Bihar,MUNGER - BR8( 06-FEB-2018 ),5,E-RICKSHAW WITH CART (G),0,0,1,0,1,0,0,0,0,0,0,0,2
2021,Bihar,MUNGER - BR8( 06-FEB-2018 ),6,GOODS CARRIER,17,7,12,4,2,1,7,5,4,15,3,6,83
2021,Bihar,MUNGER - BR8( 06-FEB-2018 ),7,M-CYCLE/SCOOTER,547,490,590,469,456,696,672,678,407,629,"1,048",709,"7,391"
2021,Bihar,MUNGER - BR8( 06-FEB-2018 ),8,M-CYCLE/SCOOTER-WITH SIDE CAR,0,0,1,1,0,2,0,0,1,1,1,4,11
2021,Bihar,MUNGER - BR8( 06-FEB-2018 ),9,MOPED,0,1,0,0,0,0,0,0,0,0,0,0,1
2021,Bihar,MUNGER - BR8( 06-FEB-2018 ),10,MOTOR CAB,0,0,0,0,0,0,1,3,1,2,0,1,8
2021,Bihar,MUNGER - BR8( 06-FEB-2018 ),11,MOTOR CAR,12,12,26,9,6,20,17,16,8,20,19,31,196
2021,Bihar,MUNGER - BR8( 06-FEB-2018 ),12,THREE WHEELER (GOODS),4,0,4,2,1,3,0,1,0,1,1,1,18
2021,Bihar,MUNGER - BR8( 06-FEB-2018 ),13,THREE WHEELER (PASSENGER),12,6,5,3,0,4,0,1,16,4,7,3,61
2021,Bihar,MUNGER - BR8( 06-FEB-2018 ),14,TRACTOR (COMMERCIAL),21,12,6,14,5,18,30,2,3,8,15,5,139
2021,Bihar,MUNGER - BR8( 06-FEB-2018 ),15,TRAILER (COMMERCIAL),6,0,2,0,6,9,0,0,5,8,1,0,37
2021,Bihar,MUZAFFARPUR - BR6( 01-FEB-2018 ),1,ADAPTED VEHICLE,0,0,0,0,0,0,0,0,0,2,0,0,2
2021,Bihar,MUZAFFARPUR - BR6( 01-FEB-2018 ),2,AGRICULTURAL TRACTOR,37,16,70,69,30,65,31,7,6,20,78,66,495
2021,Bihar,MUZAFFARPUR - BR6( 01-FEB-2018 ),3,AMBULANCE,0,0,0,0,0,0,5,8,1,3,0,2,19
2021,Bihar,MUZAFFARPUR - BR6( 01-FEB-2018 ),4,BUS,10,25,57,22,5,5,8,11,3,7,8,10,171
2021,Bihar,MUZAFFARPUR - BR6( 01-FEB-2018 ),5,CONSTRUCTION EQUIPMENT VEHICLE,12,12,17,9,3,2,0,5,6,6,6,6,84
2021,Bihar,MUZAFFARPUR - BR6( 01-FEB-2018 ),6,E-RICKSHAW(P),28,28,28,15,2,11,15,24,33,77,51,76,388
2021,Bihar,MUZAFFARPUR - BR6( 01-FEB-2018 ),7,E-RICKSHAW WITH CART (G),0,0,1,3,0,0,0,2,1,3,1,1,12
2021,Bihar,MUZAFFARPUR - BR6( 01-FEB-2018 ),8,GOODS CARRIER,205,162,228,148,57,111,99,121,118,134,113,121,"1,617"
2021,Bihar,MUZAFFARPUR - BR6( 01-FEB-2018 ),9,MAXI CAB,0,1,3,1,1,0,0,0,3,0,1,0,10
2021,Bihar,MUZAFFARPUR - BR6( 01-FEB-2018 ),10,M-CYCLE/SCOOTER,"3,968","4,002","4,893","5,434","3,047","7,246","3,920","3,520","2,259","4,493","7,361","4,079","54,222"
2021,Bihar,MUZAFFARPUR - BR6( 01-FEB-2018 ),11,M-CYCLE/SCOOTER-WITH SIDE CAR,26,28,22,28,26,36,14,6,5,19,40,16,266
2021,Bihar,MUZAFFARPUR - BR6( 01-FEB-2018 ),12,MOPED,152,151,250,192,50,156,109,147,68,205,216,185,"1,881"
2021,Bihar,MUZAFFARPUR - BR6( 01-FEB-2018 ),13,MOTOR CAB,9,7,20,11,5,6,9,4,8,12,6,4,101
2021,Bihar,MUZAFFARPUR - BR6( 01-FEB-2018 ),14,MOTOR CAR,836,926,947,879,278,851,665,613,466,794,941,591,"8,787"
2021,Bihar,MUZAFFARPUR - BR6( 01-FEB-2018 ),15,MOTORISED CYCLE (CC > 25CC),0,0,0,0,0,0,0,0,1,0,0,0,1
2021,Bihar,MUZAFFARPUR - BR6( 01-FEB-2018 ),16,OMNI BUS,0,0,1,0,0,0,0,0,0,0,0,0,1
2021,Bihar,MUZAFFARPUR - BR6( 01-FEB-2018 ),17,THREE WHEELER (GOODS),69,70,108,50,8,33,39,47,43,44,42,58,611
2021,Bihar,MUZAFFARPUR - BR6( 01-FEB-2018 ),18,THREE WHEELER (PASSENGER),138,46,86,47,13,13,21,54,40,57,47,62,624
2021,Bihar,MUZAFFARPUR - BR6( 01-FEB-2018 ),19,TRACTOR (COMMERCIAL),77,61,94,72,29,44,40,30,17,34,51,56,605
2021,Bihar,MUZAFFARPUR - BR6( 01-FEB-2018 ),20,TRAILER (COMMERCIAL),4,5,3,3,3,2,1,0,0,6,2,3,32
2021,Bihar,NALANDA - BR21( 01-FEB-2018 ),1,AGRICULTURAL TRACTOR,0,0,1,0,1,0,0,1,1,0,1,0,5
2021,Bihar,NALANDA - BR21( 01-FEB-2018 ),2,AMBULANCE,1,0,0,0,0,2,3,2,1,2,1,3,15
2021,Bihar,NALANDA - BR21( 01-FEB-2018 ),3,ARTICULATED VEHICLE,0,2,0,0,0,0,0,0,0,0,0,0,2
2021,Bihar,NALANDA - BR21( 01-FEB-2018 ),4,BUS,2,1,1,3,0,4,2,7,3,1,2,5,31
2021,Bihar,NALANDA - BR21( 01-FEB-2018 ),5,CONSTRUCTION EQUIPMENT VEHICLE,6,3,19,18,6,3,4,10,6,6,4,7,92
2021,Bihar,NALANDA - BR21( 01-FEB-2018 ),6,E-RICKSHAW(P),99,96,150,68,14,31,292,106,118,121,127,134,"1,356"
2021,Bihar,NALANDA - BR21( 01-FEB-2018 ),7,E-RICKSHAW WITH CART (G),1,0,0,2,1,0,1,2,4,1,0,1,13
2021,Bihar,NALANDA - BR21( 01-FEB-2018 ),8,GOODS CARRIER,27,19,38,18,6,14,16,11,12,11,20,9,201
2021,Bihar,NALANDA - BR21( 01-FEB-2018 ),9,MAXI CAB,0,0,0,0,0,1,0,0,0,0,0,0,1
2021,Bihar,NALANDA - BR21( 01-FEB-2018 ),10,M-CYCLE/SCOOTER,"1,084","1,407","1,675","2,478","2,823","2,415","1,395","1,092","1,093",950,"2,189",956,"19,557"
2021,Bihar,NALANDA - BR21( 01-FEB-2018 ),11,M-CYCLE/SCOOTER-WITH SIDE CAR,0,3,3,2,1,2,2,2,4,1,2,1,23
2021,Bihar,NALANDA - BR21( 01-FEB-2018 ),12,MOPED,76,72,80,63,25,69,70,72,83,50,111,75,846
2021,Bihar,NALANDA - BR21( 01-FEB-2018 ),13,MOTOR CAB,1,2,4,1,1,23,4,1,5,0,0,3,45
2021,Bihar,NALANDA - BR21( 01-FEB-2018 ),14,MOTOR CAR,53,77,54,53,13,55,55,59,59,70,48,53,649
2021,Bihar,NALANDA - BR21( 01-FEB-2018 ),15,MOTORISED CYCLE (CC > 25CC),0,0,1,0,0,0,0,1,0,0,0,0,2
2021,Bihar,NALANDA - BR21( 01-FEB-2018 ),16,OMNI BUS,0,6,4,0,0,0,0,0,0,5,0,0,15
2021,Bihar,NALANDA - BR21( 01-FEB-2018 ),17,THREE WHEELER (GOODS),6,16,7,6,1,10,2,11,3,6,4,10,82
2021,Bihar,NALANDA - BR21( 01-FEB-2018 ),18,THREE WHEELER (PASSENGER),98,83,56,15,5,22,21,48,65,49,32,36,530
2021,Bihar,NALANDA - BR21( 01-FEB-2018 ),19,TRACTOR (COMMERCIAL),92,73,110,62,35,100,100,98,75,87,87,104,"1,023"
2021,Bihar,NALANDA - BR21( 01-FEB-2018 ),20,TRAILER (COMMERCIAL),25,71,45,19,2,0,74,34,40,73,59,49,491
2021,Bihar,NAWADA - BR27( 30-JAN-2018 ),1,AGRICULTURAL TRACTOR,3,3,1,10,0,3,21,24,19,17,4,58,163
2021,Bihar,NAWADA - BR27( 30-JAN-2018 ),2,AMBULANCE,0,0,0,0,0,0,4,0,2,0,0,0,6
2021,Bihar,NAWADA - BR27( 30-JAN-2018 ),3,BUS,0,1,6,7,0,1,0,1,1,2,3,0,22
2021,Bihar,NAWADA - BR27( 30-JAN-2018 ),4,CONSTRUCTION EQUIPMENT VEHICLE,13,6,28,8,1,8,3,9,9,13,4,6,108
2021,Bihar,NAWADA - BR27( 30-JAN-2018 ),5,E-RICKSHAW(P),50,51,69,30,6,23,39,52,72,70,37,87,586
2021,Bihar,NAWADA - BR27( 30-JAN-2018 ),6,E-RICKSHAW WITH CART (G),0,0,0,0,0,0,0,0,0,0,0,2,2
2021,Bihar,NAWADA - BR27( 30-JAN-2018 ),7,GOODS CARRIER,14,23,17,28,9,34,32,22,15,14,12,12,232
2021,Bihar,NAWADA - BR27( 30-JAN-2018 ),8,HARVESTER,0,0,0,0,0,0,0,0,0,1,0,0,1
2021,Bihar,NAWADA - BR27( 30-JAN-2018 ),9,MAXI CAB,0,0,1,0,0,0,1,1,0,0,0,0,3
2021,Bihar,NAWADA - BR27( 30-JAN-2018 ),10,M-CYCLE/SCOOTER,539,758,956,"1,497","2,196","1,673","1,133",832,777,582,"1,101",711,"12,755"
2021,Bihar,NAWADA - BR27( 30-JAN-2018 ),11,M-CYCLE/SCOOTER-WITH SIDE CAR,1,1,2,1,3,1,0,3,1,0,0,1,14
2021,Bihar,NAWADA - BR27( 30-JAN-2018 ),12,MOPED,27,36,35,24,8,43,25,34,31,21,45,24,353
2021,Bihar,NAWADA - BR27( 30-JAN-2018 ),13,MOTOR CAB,10,0,1,3,3,6,11,2,3,3,2,1,45
2021,Bihar,NAWADA - BR27( 30-JAN-2018 ),14,MOTOR CAR,23,38,29,34,21,38,32,30,25,28,27,37,362
2021,Bihar,NAWADA - BR27( 30-JAN-2018 ),15,MOTORISED CYCLE (CC > 25CC),0,0,0,0,0,0,0,2,0,0,0,0,2
2021,Bihar,NAWADA - BR27( 30-JAN-2018 ),16,THREE WHEELER (GOODS),0,3,7,7,0,1,2,4,1,4,2,2,33
2021,Bihar,NAWADA - BR27( 30-JAN-2018 ),17,THREE WHEELER (PASSENGER),37,27,18,14,5,1,10,12,10,10,8,11,163
2021,Bihar,NAWADA - BR27( 30-JAN-2018 ),18,TRACTOR (COMMERCIAL),69,66,38,102,0,35,112,133,48,67,75,85,830
2021,Bihar,NAWADA - BR27( 30-JAN-2018 ),19,TRAILER (COMMERCIAL),17,46,11,24,1,0,8,27,28,14,9,26,211
2021,Bihar,PATNA - BR1( 02-FEB-2018 ),1,ADAPTED VEHICLE,0,2,0,1,0,1,2,0,0,0,0,0,6
2021,Bihar,PATNA - BR1( 02-FEB-2018 ),2,AGRICULTURAL TRACTOR,1,0,0,0,0,0,0,1,1,1,0,0,4
2021,Bihar,PATNA - BR1( 02-FEB-2018 ),3,AMBULANCE,0,0,0,0,0,0,13,13,16,6,2,5,55
2021,Bihar,PATNA - BR1( 02-FEB-2018 ),4,ARTICULATED VEHICLE,2,0,0,0,0,0,0,0,0,0,0,0,2
2021,Bihar,PATNA - BR1( 02-FEB-2018 ),5,BUS,102,21,31,38,2,57,2,11,9,5,16,17,311
2021,Bihar,PATNA - BR1( 02-FEB-2018 ),6,CONSTRUCTION EQUIPMENT VEHICLE,73,88,125,55,8,18,24,18,57,51,27,21,565
2021,Bihar,PATNA - BR1( 02-FEB-2018 ),7,DUMPER,0,0,0,0,1,0,0,0,0,0,0,0,1
2021,Bihar,PATNA - BR1( 02-FEB-2018 ),8,E-RICKSHAW(P),206,195,252,158,23,75,163,27,0,640,349,464,"2,552"
2021,Bihar,PATNA - BR1( 02-FEB-2018 ),9,E-RICKSHAW WITH CART (G),7,2,7,9,3,2,10,0,7,13,6,7,73
2021,Bihar,PATNA - BR1( 02-FEB-2018 ),10,GOODS CARRIER,380,286,400,288,54,190,223,231,235,179,253,167,"2,886"
2021,Bihar,PATNA - BR1( 02-FEB-2018 ),11,MAXI CAB,4,1,3,0,0,0,1,2,3,1,1,0,16
2021,Bihar,PATNA - BR1( 02-FEB-2018 ),12,M-CYCLE/SCOOTER,"5,836","6,152","7,540","7,779","3,172","7,553","6,337","6,213","5,648","6,499","9,952","4,954","77,635"
2021,Bihar,PATNA - BR1( 02-FEB-2018 ),13,M-CYCLE/SCOOTER-WITH SIDE CAR,27,27,36,64,27,28,21,22,28,21,43,22,366
2021,Bihar,PATNA - BR1( 02-FEB-2018 ),14,MOPED,167,169,183,126,47,136,160,189,149,137,201,143,"1,807"
2021,Bihar,PATNA - BR1( 02-FEB-2018 ),15,MOTOR CAB,70,62,76,78,53,63,115,79,73,85,75,100,929
2021,Bihar,PATNA - BR1( 02-FEB-2018 ),16,MOTOR CAR,"1,979","2,294","2,323","2,151",739,"2,030","2,068","2,273","1,724","2,478","2,507","1,886","24,452"
2021,Bihar,PATNA - BR1( 02-FEB-2018 ),17,MOTOR CYCLE/SCOOTER-SIDECAR(T),0,0,0,0,1,0,0,0,0,0,0,0,1
2021,Bihar,PATNA - BR1( 02-FEB-2018 ),18,MOTORISED CYCLE (CC > 25CC),1,0,0,0,0,0,0,4,2,0,21,49,77
2021,Bihar,PATNA - BR1( 02-FEB-2018 ),19,OMNI BUS,6,0,0,1,0,1,1,0,1,1,1,1,13
2021,Bihar,PATNA - BR1( 02-FEB-2018 ),20,THREE WHEELER (GOODS),76,89,84,43,7,35,58,52,55,52,63,52,666
2021,Bihar,PATNA - BR1( 02-FEB-2018 ),21,THREE WHEELER (PASSENGER),546,539,678,469,29,186,487,726,874,947,883,808,"7,172"
2021,Bihar,PATNA - BR1( 02-FEB-2018 ),22,TRACTOR (COMMERCIAL),205,206,203,183,83,146,185,123,155,155,136,171,"1,951"
2021,Bihar,PATNA - BR1( 02-FEB-2018 ),23,TRAILER (COMMERCIAL),192,208,225,154,12,137,67,99,80,135,126,116,"1,551"
2021,Bihar,PURNEA - BR11( 23-JAN-2018 ),1,AGRICULTURAL TRACTOR,11,15,1,1,0,41,48,71,87,125,68,188,656
2021,Bihar,PURNEA - BR11( 23-JAN-2018 ),2,AMBULANCE,0,0,0,0,0,0,1,4,3,0,0,0,8
2021,Bihar,PURNEA - BR11( 23-JAN-2018 ),3,BUS,1,0,11,2,1,1,1,2,2,5,3,4,33
2021,Bihar,PURNEA - BR11( 23-JAN-2018 ),4,CONSTRUCTION EQUIPMENT VEHICLE,89,70,80,41,16,22,23,19,28,26,25,19,458
2021,Bihar,PURNEA - BR11( 23-JAN-2018 ),5,E-RICKSHAW(P),47,35,78,49,5,33,45,78,89,80,117,101,757
2021,Bihar,PURNEA - BR11( 23-JAN-2018 ),6,E-RICKSHAW WITH CART (G),0,1,1,2,0,1,2,0,1,0,1,1,10
2021,Bihar,PURNEA - BR11( 23-JAN-2018 ),7,GOODS CARRIER,111,78,59,57,39,76,107,102,103,77,114,71,994
2021,Bihar,PURNEA - BR11( 23-JAN-2018 ),8,MAXI CAB,0,0,0,0,0,0,1,0,1,0,0,1,3
2021,Bihar,PURNEA - BR11( 23-JAN-2018 ),9,M-CYCLE/SCOOTER,"2,160","2,478","2,963","2,334",983,"3,872","3,285","2,976","2,438","1,755","3,360","2,767","31,371"
2021,Bihar,PURNEA - BR11( 23-JAN-2018 ),10,M-CYCLE/SCOOTER-WITH SIDE CAR,23,24,19,12,2,120,76,20,36,8,38,23,401
2021,Bihar,PURNEA - BR11( 23-JAN-2018 ),11,MOPED,20,26,34,19,15,12,37,32,34,24,54,32,339
2021,Bihar,PURNEA - BR11( 23-JAN-2018 ),12,MOTOR CAB,4,12,7,4,6,8,7,9,7,6,10,3,83
2021,Bihar,PURNEA - BR11( 23-JAN-2018 ),13,MOTOR CAR,470,514,426,387,262,389,450,460,317,380,581,388,"5,024"
2021,Bihar,PURNEA - BR11( 23-JAN-2018 ),14,THREE WHEELER (GOODS),47,45,95,67,13,32,38,51,40,37,67,44,576
2021,Bihar,PURNEA - BR11( 23-JAN-2018 ),15,THREE WHEELER (PASSENGER),128,71,97,57,9,23,53,47,32,37,96,52,702
2021,Bihar,PURNEA - BR11( 23-JAN-2018 ),16,TRACTOR (COMMERCIAL),212,208,225,92,73,213,287,15,177,127,68,131,"1,828"
2021,Bihar,PURNEA - BR11( 23-JAN-2018 ),17,TRAILER (AGRICULTURAL),0,0,0,0,0,0,0,0,0,1,0,0,1
2021,Bihar,PURNEA - BR11( 23-JAN-2018 ),18,TRAILER (COMMERCIAL),36,47,58,22,0,19,0,17,9,23,5,32,268
2021,Bihar,ROHTAS - BR24( 09-FEB-2018 ),1,AGRICULTURAL TRACTOR,0,0,1,0,2,3,10,9,5,4,5,31,70
2021,Bihar,ROHTAS - BR24( 09-FEB-2018 ),2,AMBULANCE,0,0,0,0,0,0,6,11,6,0,1,0,24
2021,Bihar,ROHTAS - BR24( 09-FEB-2018 ),3,BUS,2,4,7,5,0,2,2,0,0,0,1,1,24
2021,Bihar,ROHTAS - BR24( 09-FEB-2018 ),4,CONSTRUCTION EQUIPMENT VEHICLE,11,10,88,20,3,2,10,32,6,9,3,0,194
2021,Bihar,ROHTAS - BR24( 09-FEB-2018 ),5,CRANE MOUNTED VEHICLE,0,0,0,0,0,0,0,1,0,0,0,0,1
2021,Bihar,ROHTAS - BR24( 09-FEB-2018 ),6,E-RICKSHAW(P),8,23,13,1,2,6,2,24,22,13,25,26,165
2021,Bihar,ROHTAS - BR24( 09-FEB-2018 ),7,GOODS CARRIER,55,41,69,44,14,30,25,26,42,20,25,27,418
2021,Bihar,ROHTAS - BR24( 09-FEB-2018 ),8,M-CYCLE/SCOOTER,"1,684","1,926","2,011","1,744","1,527","2,803","1,413","1,362","1,155","1,366","2,373","1,673","21,037"
2021,Bihar,ROHTAS - BR24( 09-FEB-2018 ),9,M-CYCLE/SCOOTER-WITH SIDE CAR,1,3,5,0,0,3,2,6,1,1,3,2,27
2021,Bihar,ROHTAS - BR24( 09-FEB-2018 ),10,MOPED,0,0,1,2,0,0,0,0,0,0,1,0,4
2021,Bihar,ROHTAS - BR24( 09-FEB-2018 ),11,MOTOR CAB,5,5,6,1,2,6,3,1,2,0,5,2,38
2021,Bihar,ROHTAS - BR24( 09-FEB-2018 ),12,MOTOR CAR,109,121,125,88,46,109,69,137,63,84,130,87,"1,168"
2021,Bihar,ROHTAS - BR24( 09-FEB-2018 ),13,MOTORISED CYCLE (CC > 25CC),0,0,1,0,0,0,0,0,0,0,0,0,1
2021,Bihar,ROHTAS - BR24( 09-FEB-2018 ),14,OMNI BUS,0,1,0,0,0,0,0,0,1,0,0,0,2
2021,Bihar,ROHTAS - BR24( 09-FEB-2018 ),15,THREE WHEELER (GOODS),2,9,12,5,0,4,5,3,3,3,4,8,58
2021,Bihar,ROHTAS - BR24( 09-FEB-2018 ),16,THREE WHEELER (PASSENGER),97,88,37,17,0,6,18,54,34,34,35,46,466
2021,Bihar,ROHTAS - BR24( 09-FEB-2018 ),17,TRACTOR (COMMERCIAL),126,228,196,76,28,87,27,245,67,91,60,126,"1,357"
2021,Bihar,ROHTAS - BR24( 09-FEB-2018 ),18,TRAILER (COMMERCIAL),6,47,23,26,0,0,0,58,5,11,6,26,208
2021,Bihar,SAHARSA - BR19( 29-JAN-2018 ),1,AGRICULTURAL TRACTOR,13,2,0,0,19,23,39,0,36,31,4,4,171
2021,Bihar,SAHARSA - BR19( 29-JAN-2018 ),2,AMBULANCE,0,0,0,0,0,0,4,8,0,0,0,0,12
2021,Bihar,SAHARSA - BR19( 29-JAN-2018 ),3,BUS,0,3,1,0,0,1,0,2,9,3,1,5,25
2021,Bihar,SAHARSA - BR19( 29-JAN-2018 ),4,CONSTRUCTION EQUIPMENT VEHICLE,0,0,3,0,1,1,1,0,0,0,0,1,7
2021,Bihar,SAHARSA - BR19( 29-JAN-2018 ),5,E-RICKSHAW(P),37,25,26,7,6,17,30,23,39,33,29,66,338
2021,Bihar,SAHARSA - BR19( 29-JAN-2018 ),6,E-RICKSHAW WITH CART (G),0,0,0,0,0,0,0,1,0,0,0,0,1
2021,Bihar,SAHARSA - BR19( 29-JAN-2018 ),7,GOODS CARRIER,2,6,23,9,2,13,6,2,12,13,4,16,108
2021,Bihar,SAHARSA - BR19( 29-JAN-2018 ),8,MAXI CAB,0,0,0,0,0,0,0,0,0,2,0,1,3
2021,Bihar,SAHARSA - BR19( 29-JAN-2018 ),9,M-CYCLE/SCOOTER,863,"1,280","1,165","1,203",590,"1,294","1,058",778,745,634,"1,468",894,"11,972"
2021,Bihar,SAHARSA - BR19( 29-JAN-2018 ),10,M-CYCLE/SCOOTER-WITH SIDE CAR,0,0,0,2,1,2,2,3,0,3,1,0,14
2021,Bihar,SAHARSA - BR19( 29-JAN-2018 ),11,MOTOR CAB,1,1,1,1,0,1,7,5,6,3,2,7,35
2021,Bihar,SAHARSA - BR19( 29-JAN-2018 ),12,MOTOR CAR,25,27,31,35,18,23,26,43,37,31,44,52,392
2021,Bihar,SAHARSA - BR19( 29-JAN-2018 ),13,MOTORISED CYCLE (CC > 25CC),0,0,0,1,0,0,0,0,0,0,0,0,1
2021,Bihar,SAHARSA - BR19( 29-JAN-2018 ),14,THREE WHEELER (GOODS),9,5,28,7,2,7,8,13,4,10,9,10,112
2021,Bihar,SAHARSA - BR19( 29-JAN-2018 ),15,THREE WHEELER (PASSENGER),52,35,33,7,4,8,51,22,15,4,9,18,258
2021,Bihar,SAHARSA - BR19( 29-JAN-2018 ),16,TRACTOR (COMMERCIAL),51,56,81,30,26,42,56,40,6,33,46,58,525
2021,Bihar,SAHARSA - BR19( 29-JAN-2018 ),17,TRAILER (COMMERCIAL),8,20,16,4,0,19,0,6,11,4,9,7,104
2021,Bihar,SAMASTIPUR - BR33( 06-JUL-2017 ),1,AGRICULTURAL TRACTOR,96,90,47,57,27,57,72,71,53,47,77,99,793
2021,Bihar,SAMASTIPUR - BR33( 06-JUL-2017 ),2,AMBULANCE,0,0,0,0,0,0,6,3,0,0,1,1,11
2021,Bihar,SAMASTIPUR - BR33( 06-JUL-2017 ),3,BUS,0,1,0,0,0,0,1,0,0,0,1,0,3
2021,Bihar,SAMASTIPUR - BR33( 06-JUL-2017 ),4,CONSTRUCTION EQUIPMENT VEHICLE,2,3,3,3,2,1,3,1,0,0,0,1,19
2021,Bihar,SAMASTIPUR - BR33( 06-JUL-2017 ),5,E-RICKSHAW(P),52,54,81,37,19,27,63,138,146,124,127,130,998
2021,Bihar,SAMASTIPUR - BR33( 06-JUL-2017 ),6,E-RICKSHAW WITH CART (G),0,0,1,0,1,0,1,0,3,1,3,1,11
2021,Bihar,SAMASTIPUR - BR33( 06-JUL-2017 ),7,GOODS CARRIER,51,50,42,30,16,19,32,23,25,35,29,19,371
2021,Bihar,SAMASTIPUR - BR33( 06-JUL-2017 ),8,MAXI CAB,0,0,0,1,0,0,0,0,0,0,0,0,1
2021,Bihar,SAMASTIPUR - BR33( 06-JUL-2017 ),9,M-CYCLE/SCOOTER,"2,391","2,638","2,890","3,821","2,383","4,934","3,139","2,076","2,123","2,105","5,902","2,615","37,017"
2021,Bihar,SAMASTIPUR - BR33( 06-JUL-2017 ),10,M-CYCLE/SCOOTER-WITH SIDE CAR,2,1,2,2,2,3,1,1,3,0,7,1,25
2021,Bihar,SAMASTIPUR - BR33( 06-JUL-2017 ),11,MOPED,16,26,44,25,10,14,32,42,18,14,53,27,321
2021,Bihar,SAMASTIPUR - BR33( 06-JUL-2017 ),12,MOTOR CAB,1,1,2,6,1,1,3,0,1,3,0,1,20
2021,Bihar,SAMASTIPUR - BR33( 06-JUL-2017 ),13,MOTOR CAR,25,35,46,27,7,43,29,47,31,43,48,42,423
2021,Bihar,SAMASTIPUR - BR33( 06-JUL-2017 ),14,MOTORISED CYCLE (CC > 25CC),0,0,1,2,2,0,0,0,0,0,0,0,5
2021,Bihar,SAMASTIPUR - BR33( 06-JUL-2017 ),15,THREE WHEELER (GOODS),17,16,16,12,1,9,17,8,13,7,11,12,139
2021,Bihar,SAMASTIPUR - BR33( 06-JUL-2017 ),16,THREE WHEELER (PASSENGER),56,31,27,10,1,6,31,23,33,27,37,33,315
2021,Bihar,SAMASTIPUR - BR33( 06-JUL-2017 ),17,TRACTOR (COMMERCIAL),39,43,38,49,42,28,32,20,20,36,17,35,399
2021,Bihar,SAMASTIPUR - BR33( 06-JUL-2017 ),18,TRAILER (AGRICULTURAL),0,1,0,0,0,0,0,0,1,0,0,0,2
2021,Bihar,SAMASTIPUR - BR33( 06-JUL-2017 ),19,TRAILER (COMMERCIAL),15,35,22,8,0,43,23,5,20,14,6,26,217
2021,Bihar,SHEIKHPURA - BR52( 17-JUL-2017 ),1,AGRICULTURAL TRACTOR,2,5,6,0,0,5,3,19,0,3,4,4,51
2021,Bihar,SHEIKHPURA - BR52( 17-JUL-2017 ),2,AMBULANCE,0,0,0,0,0,0,0,1,0,0,0,1,2
2021,Bihar,SHEIKHPURA - BR52( 17-JUL-2017 ),3,BUS,0,0,0,1,0,1,0,0,0,0,0,1,3
2021,Bihar,SHEIKHPURA - BR52( 17-JUL-2017 ),4,CONSTRUCTION EQUIPMENT VEHICLE,5,3,5,0,0,9,0,3,2,0,1,0,28
2021,Bihar,SHEIKHPURA - BR52( 17-JUL-2017 ),5,E-RICKSHAW(P),65,28,15,4,1,28,16,25,34,28,25,37,306
2021,Bihar,SHEIKHPURA - BR52( 17-JUL-2017 ),6,GOODS CARRIER,14,38,15,15,1,5,6,4,9,4,6,3,120
2021,Bihar,SHEIKHPURA - BR52( 17-JUL-2017 ),7,M-CYCLE/SCOOTER,220,148,394,317,516,558,268,162,93,182,325,162,"3,345"
2021,Bihar,SHEIKHPURA - BR52( 17-JUL-2017 ),8,M-CYCLE/SCOOTER-WITH SIDE CAR,0,0,0,0,1,1,1,27,36,20,56,1,143
2021,Bihar,SHEIKHPURA - BR52( 17-JUL-2017 ),9,MOPED,0,0,0,1,0,0,0,0,0,0,0,0,1
2021,Bihar,SHEIKHPURA - BR52( 17-JUL-2017 ),10,MOTOR CAB,2,0,1,0,0,2,0,1,0,1,0,0,7
2021,Bihar,SHEIKHPURA - BR52( 17-JUL-2017 ),11,MOTOR CAR,8,8,8,8,2,7,3,4,4,10,5,1,68
2021,Bihar,SHEIKHPURA - BR52( 17-JUL-2017 ),12,THREE WHEELER (GOODS),1,1,3,1,0,0,1,3,0,0,0,1,11
2021,Bihar,SHEIKHPURA - BR52( 17-JUL-2017 ),13,THREE WHEELER (PASSENGER),6,4,6,0,0,2,3,5,2,0,5,3,36
2021,Bihar,SHEIKHPURA - BR52( 17-JUL-2017 ),14,TRACTOR (COMMERCIAL),14,25,29,14,0,32,29,70,16,4,12,24,269
2021,Bihar,SHEIKHPURA - BR52( 17-JUL-2017 ),15,TRAILER (AGRICULTURAL),0,0,1,0,0,0,0,0,0,0,0,0,1
2021,Bihar,SHEIKHPURA - BR52( 17-JUL-2017 ),16,TRAILER (COMMERCIAL),5,25,42,7,1,17,3,19,24,19,8,22,192
2021,Bihar,SHEOHAR - BR55( 07-JUN-2017 ),1,AGRICULTURAL TRACTOR,2,7,11,4,3,17,7,8,1,1,11,9,81
2021,Bihar,SHEOHAR - BR55( 07-JUN-2017 ),2,AMBULANCE,0,0,0,0,0,0,1,2,0,0,0,0,3
2021,Bihar,SHEOHAR - BR55( 07-JUN-2017 ),3,BUS,0,0,1,0,0,0,0,0,0,0,0,0,1
2021,Bihar,SHEOHAR - BR55( 07-JUN-2017 ),4,CONSTRUCTION EQUIPMENT VEHICLE,0,2,1,1,0,0,0,0,1,2,0,0,7
2021,Bihar,SHEOHAR - BR55( 07-JUN-2017 ),5,E-RICKSHAW(P),0,0,0,0,0,0,2,0,0,2,1,0,5
2021,Bihar,SHEOHAR - BR55( 07-JUN-2017 ),6,GOODS CARRIER,0,0,0,0,0,0,0,0,1,1,0,0,2
2021,Bihar,SHEOHAR - BR55( 07-JUN-2017 ),7,M-CYCLE/SCOOTER,132,154,194,187,176,343,75,105,143,109,289,139,"2,046"
2021,Bihar,SHEOHAR - BR55( 07-JUN-2017 ),8,M-CYCLE/SCOOTER-WITH SIDE CAR,0,0,0,1,0,0,0,0,0,0,1,0,2
2021,Bihar,SHEOHAR - BR55( 07-JUN-2017 ),9,MOPED,3,4,1,0,0,1,0,0,0,0,0,0,9
2021,Bihar,SHEOHAR - BR55( 07-JUN-2017 ),10,MOTOR CAR,1,1,0,0,0,3,1,2,0,0,0,3,11
2021,Bihar,SHEOHAR - BR55( 07-JUN-2017 ),11,THREE WHEELER (GOODS),0,0,0,0,1,2,1,0,0,0,1,0,5
2021,Bihar,SHEOHAR - BR55( 07-JUN-2017 ),12,THREE WHEELER (PASSENGER),4,6,1,1,0,1,2,1,0,2,0,0,18
2021,Bihar,SHEOHAR - BR55( 07-JUN-2017 ),13,TRACTOR (COMMERCIAL),3,7,6,5,1,2,0,2,0,2,8,7,43
2021,Bihar,SHEOHAR - BR55( 07-JUN-2017 ),14,TRAILER (AGRICULTURAL),0,0,1,0,0,0,0,0,0,0,0,0,1
2021,Bihar,SHEOHAR - BR55( 07-JUN-2017 ),15,TRAILER (COMMERCIAL),0,2,0,0,0,4,0,2,0,0,0,0,8
2021,Bihar,SITAMARHI - BR30( 29-JAN-2018 ),1,AGRICULTURAL TRACTOR,76,45,64,66,5,142,93,21,13,35,25,71,656
2021,Bihar,SITAMARHI - BR30( 29-JAN-2018 ),2,AMBULANCE,0,0,0,0,0,0,5,5,0,0,0,0,10
2021,Bihar,SITAMARHI - BR30( 29-JAN-2018 ),3,BUS,2,0,3,1,0,0,0,0,3,5,0,1,15
2021,Bihar,SITAMARHI - BR30( 29-JAN-2018 ),4,CONSTRUCTION EQUIPMENT VEHICLE,11,5,9,1,2,3,1,3,4,3,2,8,52
2021,Bihar,SITAMARHI - BR30( 29-JAN-2018 ),5,E-RICKSHAW(P),9,13,44,8,1,5,20,13,2,7,24,43,189
2021,Bihar,SITAMARHI - BR30( 29-JAN-2018 ),6,E-RICKSHAW WITH CART (G),0,0,0,0,0,0,0,1,0,0,1,0,2
2021,Bihar,SITAMARHI - BR30( 29-JAN-2018 ),7,GOODS CARRIER,2,2,0,0,0,2,2,6,3,1,0,1,19
2021,Bihar,SITAMARHI - BR30( 29-JAN-2018 ),8,MAXI CAB,0,0,0,0,0,0,0,0,1,4,0,0,5
2021,Bihar,SITAMARHI - BR30( 29-JAN-2018 ),9,M-CYCLE/SCOOTER,"1,780","2,076","2,149","2,062","1,815","2,767","1,577","1,137",917,"1,395","2,996","1,555","22,226"
2021,Bihar,SITAMARHI - BR30( 29-JAN-2018 ),10,M-CYCLE/SCOOTER-WITH SIDE CAR,33,32,48,26,42,19,31,19,4,15,41,123,433
2021,Bihar,SITAMARHI - BR30( 29-JAN-2018 ),11,MOPED,7,2,5,1,2,5,3,3,5,7,1,4,45
2021,Bihar,SITAMARHI - BR30( 29-JAN-2018 ),12,MOTOR CAB,0,0,0,0,0,1,2,2,0,0,0,0,5
2021,Bihar,SITAMARHI - BR30( 29-JAN-2018 ),13,MOTOR CAR,8,17,13,12,4,13,12,9,5,10,11,13,127
2021,Bihar,SITAMARHI - BR30( 29-JAN-2018 ),14,MOTORISED CYCLE (CC > 25CC),0,0,0,0,0,1,0,0,0,0,0,0,1
2021,Bihar,SITAMARHI - BR30( 29-JAN-2018 ),15,THREE WHEELER (GOODS),8,13,17,8,0,15,12,7,5,10,10,10,115
2021,Bihar,SITAMARHI - BR30( 29-JAN-2018 ),16,THREE WHEELER (PASSENGER),99,64,26,25,0,17,20,13,20,10,13,9,316
2021,Bihar,SITAMARHI - BR30( 29-JAN-2018 ),17,TRACTOR (COMMERCIAL),65,39,85,17,2,41,7,23,7,21,10,36,353
2021,Bihar,SITAMARHI - BR30( 29-JAN-2018 ),18,TRAILER (COMMERCIAL),0,0,40,16,1,12,3,13,4,6,4,12,111
2021,Bihar,SIWAN - BR29( 29-JAN-2018 ),1,AGRICULTURAL TRACTOR,78,206,267,85,19,136,187,176,134,64,121,100,"1,573"
2021,Bihar,SIWAN - BR29( 29-JAN-2018 ),2,AMBULANCE,0,0,0,0,0,1,1,1,1,1,0,2,7
2021,Bihar,SIWAN - BR29( 29-JAN-2018 ),3,BUS,1,4,0,5,0,0,0,1,1,3,0,0,15
2021,Bihar,SIWAN - BR29( 29-JAN-2018 ),4,CONSTRUCTION EQUIPMENT VEHICLE,1,2,9,2,2,6,12,7,9,5,1,2,58
2021,Bihar,SIWAN - BR29( 29-JAN-2018 ),5,E-RICKSHAW(P),14,49,62,31,13,17,48,67,65,64,62,88,580
2021,Bihar,SIWAN - BR29( 29-JAN-2018 ),6,E-RICKSHAW WITH CART (G),0,1,0,1,0,1,1,3,4,1,1,2,15
2021,Bihar,SIWAN - BR29( 29-JAN-2018 ),7,GOODS CARRIER,41,24,62,43,5,48,55,40,24,30,27,34,433
2021,Bihar,SIWAN - BR29( 29-JAN-2018 ),8,MAXI CAB,1,3,0,2,0,1,1,0,0,2,0,0,10
2021,Bihar,SIWAN - BR29( 29-JAN-2018 ),9,M-CYCLE/SCOOTER,"2,246","1,865","2,297","2,152","1,481","3,622","4,473","2,108","1,395","1,387","3,764","2,820","29,610"
2021,Bihar,SIWAN - BR29( 29-JAN-2018 ),10,M-CYCLE/SCOOTER-WITH SIDE CAR,1,1,1,0,0,0,0,1,0,1,4,4,13
2021,Bihar,SIWAN - BR29( 29-JAN-2018 ),11,MOPED,66,67,52,45,10,49,52,79,80,37,164,58,759
2021,Bihar,SIWAN - BR29( 29-JAN-2018 ),12,MOTOR CAB,2,6,6,2,0,4,3,4,1,7,1,1,37
2021,Bihar,SIWAN - BR29( 29-JAN-2018 ),13,MOTOR CAR,112,127,102,147,23,146,104,123,78,109,152,106,"1,329"
2021,Bihar,SIWAN - BR29( 29-JAN-2018 ),14,MOTORISED CYCLE (CC > 25CC),0,1,0,0,0,0,0,0,0,0,0,0,1
2021,Bihar,SIWAN - BR29( 29-JAN-2018 ),15,THREE WHEELER (GOODS),0,1,11,0,1,5,4,1,2,1,1,2,29
2021,Bihar,SIWAN - BR29( 29-JAN-2018 ),16,THREE WHEELER (PASSENGER),66,67,61,28,2,13,36,21,17,17,13,13,354
2021,Bihar,SIWAN - BR29( 29-JAN-2018 ),17,TRACTOR (COMMERCIAL),15,30,32,10,0,19,35,24,4,7,5,11,192
2021,Bihar,SIWAN - BR29( 29-JAN-2018 ),18,TRAILER (COMMERCIAL),7,37,25,11,1,13,0,0,2,5,4,4,109
2021,Bihar,SUPAUL - BR50( 29-JAN-2018 ),1,AGRICULTURAL TRACTOR,0,3,1,0,0,0,1,0,0,0,9,7,21
2021,Bihar,SUPAUL - BR50( 29-JAN-2018 ),2,AMBULANCE,0,0,0,0,0,0,3,2,0,0,2,0,7
2021,Bihar,SUPAUL - BR50( 29-JAN-2018 ),3,BUS,0,6,2,1,0,0,0,0,1,2,1,2,15
2021,Bihar,SUPAUL - BR50( 29-JAN-2018 ),4,CONSTRUCTION EQUIPMENT VEHICLE,1,3,1,1,0,0,0,0,0,3,1,0,10
2021,Bihar,SUPAUL - BR50( 29-JAN-2018 ),5,E-RICKSHAW(P),14,14,18,9,5,11,17,23,19,39,32,30,231
2021,Bihar,SUPAUL - BR50( 29-JAN-2018 ),6,E-RICKSHAW WITH CART (G),0,0,0,0,2,0,0,0,0,0,0,0,2
2021,Bihar,SUPAUL - BR50( 29-JAN-2018 ),7,GOODS CARRIER,25,15,19,31,3,29,31,22,29,16,26,26,272
2021,Bihar,SUPAUL - BR50( 29-JAN-2018 ),8,M-CYCLE/SCOOTER,"1,800","2,883","2,967","2,520","1,374","2,128","1,633","1,466","1,493","1,300","2,989","1,694","24,247"
2021,Bihar,SUPAUL - BR50( 29-JAN-2018 ),9,M-CYCLE/SCOOTER-WITH SIDE CAR,7,1,9,6,2,3,3,5,3,0,4,3,46
2021,Bihar,SUPAUL - BR50( 29-JAN-2018 ),10,MOPED,2,2,0,0,2,1,0,1,0,0,2,6,16
2021,Bihar,SUPAUL - BR50( 29-JAN-2018 ),11,MOTOR CAB,0,2,2,3,1,1,0,0,3,1,2,1,16
2021,Bihar,SUPAUL - BR50( 29-JAN-2018 ),12,MOTOR CAR,16,27,23,29,14,26,34,28,17,24,41,38,317
2021,Bihar,SUPAUL - BR50( 29-JAN-2018 ),13,THREE WHEELER (GOODS),37,23,38,31,8,20,17,18,17,19,57,24,309
2021,Bihar,SUPAUL - BR50( 29-JAN-2018 ),14,THREE WHEELER (PASSENGER),61,44,45,40,3,15,27,28,18,25,35,10,351
2021,Bihar,SUPAUL - BR50( 29-JAN-2018 ),15,TRACTOR (COMMERCIAL),17,35,76,63,9,87,68,85,77,40,43,124,724
2021,Bihar,VAISHALI - BR31( 13-FEB-2018 ),1,AGRICULTURAL TRACTOR,5,14,16,13,0,20,17,15,13,15,13,24,165
2021,Bihar,VAISHALI - BR31( 13-FEB-2018 ),2,AMBULANCE,0,0,0,0,0,0,1,5,5,2,0,0,13
2021,Bihar,VAISHALI - BR31( 13-FEB-2018 ),3,BUS,0,0,0,0,0,4,0,0,0,0,3,1,8
2021,Bihar,VAISHALI - BR31( 13-FEB-2018 ),4,CONSTRUCTION EQUIPMENT VEHICLE,6,4,3,4,0,8,2,1,5,2,1,1,37
2021,Bihar,VAISHALI - BR31( 13-FEB-2018 ),5,E-RICKSHAW(P),63,60,71,39,6,36,68,93,89,130,166,159,980
2021,Bihar,VAISHALI - BR31( 13-FEB-2018 ),6,E-RICKSHAW WITH CART (G),0,2,2,0,0,1,0,0,3,3,0,1,12
2021,Bihar,VAISHALI - BR31( 13-FEB-2018 ),7,GOODS CARRIER,46,48,115,38,20,48,24,34,31,38,32,27,501
2021,Bihar,VAISHALI - BR31( 13-FEB-2018 ),8,MAXI CAB,0,0,0,0,0,0,0,0,1,2,4,0,7
2021,Bihar,VAISHALI - BR31( 13-FEB-2018 ),9,M-CYCLE/SCOOTER,"1,892","1,633","1,999","2,470","1,048","3,761","2,177","1,484","1,350","1,624","3,979","1,627","25,044"
2021,Bihar,VAISHALI - BR31( 13-FEB-2018 ),10,M-CYCLE/SCOOTER-WITH SIDE CAR,5,1,5,2,0,2,1,0,1,0,12,1,30
2021,Bihar,VAISHALI - BR31( 13-FEB-2018 ),11,MOPED,108,65,91,65,26,72,56,51,58,48,97,40,777
2021,Bihar,VAISHALI - BR31( 13-FEB-2018 ),12,MOTOR CAB,12,6,4,5,0,6,5,2,0,2,5,0,47
2021,Bihar,VAISHALI - BR31( 13-FEB-2018 ),13,MOTOR CAR,175,171,150,138,57,176,151,112,85,109,184,103,"1,611"
2021,Bihar,VAISHALI - BR31( 13-FEB-2018 ),14,MOTORISED CYCLE (CC > 25CC),33,13,55,31,29,53,17,23,12,15,37,7,325
2021,Bihar,VAISHALI - BR31( 13-FEB-2018 ),15,THREE WHEELER (GOODS),12,12,18,4,0,4,11,14,5,5,14,3,102
2021,Bihar,VAISHALI - BR31( 13-FEB-2018 ),16,THREE WHEELER (PASSENGER),38,38,47,17,2,12,26,39,42,33,42,46,382
2021,Bihar,VAISHALI - BR31( 13-FEB-2018 ),17,TRACTOR (COMMERCIAL),160,119,136,92,7,125,76,43,24,41,44,55,922
2021,Bihar,VAISHALI - BR31( 13-FEB-2018 ),18,TRAILER (COMMERCIAL),88,82,103,45,2,33,24,27,12,8,25,39,488
2020,Bihar,ARARIA - BR38( 30-JAN-2018 ),1,AGRICULTURAL TRACTOR,0,0,0,0,0,0,40,3,3,16,4,2,68
2020,Bihar,ARARIA - BR38( 30-JAN-2018 ),2,BUS,1,4,2,0,0,0,0,0,1,0,0,0,8
2020,Bihar,ARARIA - BR38( 30-JAN-2018 ),3,CONSTRUCTION EQUIPMENT VEHICLE,0,0,0,0,0,1,0,0,0,0,0,0,1
2020,Bihar,ARARIA - BR38( 30-JAN-2018 ),4,E-RICKSHAW(P),9,24,47,0,0,5,10,8,14,6,18,10,151
2020,Bihar,ARARIA - BR38( 30-JAN-2018 ),5,E-RICKSHAW WITH CART (G),0,0,0,0,0,0,0,0,0,1,1,0,2
2020,Bihar,ARARIA - BR38( 30-JAN-2018 ),6,GOODS CARRIER,7,27,23,0,0,1,5,8,15,17,10,23,136
2020,Bihar,ARARIA - BR38( 30-JAN-2018 ),7,MAXI CAB,0,2,0,0,0,0,0,0,0,0,0,0,2
2020,Bihar,ARARIA - BR38( 30-JAN-2018 ),8,M-CYCLE/SCOOTER,"3,421","3,258","5,823",24,124,"1,744","1,884","2,299","2,204","1,550","2,081","2,021","26,433"
2020,Bihar,ARARIA - BR38( 30-JAN-2018 ),9,M-CYCLE/SCOOTER-WITH SIDE CAR,2,1,1,0,0,2,1,0,0,0,0,4,11
2020,Bihar,ARARIA - BR38( 30-JAN-2018 ),10,MOPED,0,0,1,0,0,0,0,0,0,1,0,0,2
2020,Bihar,ARARIA - BR38( 30-JAN-2018 ),11,MOTOR CAB,1,1,9,0,0,0,0,1,2,1,0,0,15
2020,Bihar,ARARIA - BR38( 30-JAN-2018 ),12,MOTOR CAR,56,64,51,0,3,32,33,36,42,60,66,47,490
2020,Bihar,ARARIA - BR38( 30-JAN-2018 ),13,MOTORISED CYCLE (CC > 25CC),0,0,0,0,0,1,0,0,0,0,0,0,1
2020,Bihar,ARARIA - BR38( 30-JAN-2018 ),14,THREE WHEELER (GOODS),20,20,21,0,4,4,9,17,15,19,22,17,168
2020,Bihar,ARARIA - BR38( 30-JAN-2018 ),15,THREE WHEELER (PASSENGER),109,78,91,0,0,6,38,38,52,30,22,81,545
2020,Bihar,ARARIA - BR38( 30-JAN-2018 ),16,TRACTOR (COMMERCIAL),113,192,77,1,11,170,184,103,114,147,113,202,"1,427"
2020,Bihar,ARARIA - BR38( 30-JAN-2018 ),17,TRAILER (COMMERCIAL),0,0,1,0,0,1,1,0,0,0,0,115,118
2020,Bihar,ARAWAL - BR56( 22-MAY-2017 ),1,AGRICULTURAL TRACTOR,0,6,0,0,0,1,0,0,0,0,0,0,7
2020,Bihar,ARAWAL - BR56( 22-MAY-2017 ),2,BUS,0,1,1,0,0,0,0,0,0,0,0,0,2
2020,Bihar,ARAWAL - BR56( 22-MAY-2017 ),3,CONSTRUCTION EQUIPMENT VEHICLE,0,0,0,0,0,2,1,0,1,2,0,2,8
2020,Bihar,ARAWAL - BR56( 22-MAY-2017 ),4,E-RICKSHAW(P),0,1,0,0,0,0,0,0,0,0,0,0,1
2020,Bihar,ARAWAL - BR56( 22-MAY-2017 ),5,GOODS CARRIER,5,7,3,0,0,0,1,0,0,1,2,1,20
2020,Bihar,ARAWAL - BR56( 22-MAY-2017 ),6,M-CYCLE/SCOOTER,123,110,477,3,0,93,76,123,126,92,158,120,"1,501"
2020,Bihar,ARAWAL - BR56( 22-MAY-2017 ),7,M-CYCLE/SCOOTER-WITH SIDE CAR,0,1,1,0,0,0,0,0,0,0,1,1,4
2020,Bihar,ARAWAL - BR56( 22-MAY-2017 ),8,MOPED,48,35,168,0,0,13,28,52,35,37,19,80,515
2020,Bihar,ARAWAL - BR56( 22-MAY-2017 ),9,MOTOR CAB,0,1,6,0,0,1,0,0,0,1,2,0,11
2020,Bihar,ARAWAL - BR56( 22-MAY-2017 ),10,MOTOR CAR,1,5,9,0,0,2,0,2,4,2,2,2,29
2020,Bihar,ARAWAL - BR56( 22-MAY-2017 ),11,THREE WHEELER (GOODS),2,3,7,0,0,2,0,0,1,0,2,1,18
2020,Bihar,ARAWAL - BR56( 22-MAY-2017 ),12,THREE WHEELER (PASSENGER),50,34,64,0,0,2,5,3,21,7,9,1,196
2020,Bihar,ARAWAL - BR56( 22-MAY-2017 ),13,TRACTOR (COMMERCIAL),13,14,22,0,0,29,14,1,42,23,12,22,192
2020,Bihar,ARAWAL - BR56( 22-MAY-2017 ),14,TRAILER (AGRICULTURAL),0,6,0,0,0,1,0,0,0,0,0,0,7
2020,Bihar,ARAWAL - BR56( 22-MAY-2017 ),15,TRAILER (COMMERCIAL),11,14,20,0,0,30,6,9,40,23,11,17,181
2020,Bihar,AURANGABAD - BR26( 13-JUN-2017 ),1,AGRICULTURAL TRACTOR,1,0,1,0,0,0,0,1,19,24,14,14,74
2020,Bihar,AURANGABAD - BR26( 13-JUN-2017 ),2,BUS,10,3,7,0,0,0,0,0,0,0,0,1,21
2020,Bihar,AURANGABAD - BR26( 13-JUN-2017 ),3,CONSTRUCTION EQUIPMENT VEHICLE,0,0,0,0,1,23,12,16,35,20,5,31,143
2020,Bihar,AURANGABAD - BR26( 13-JUN-2017 ),4,E-RICKSHAW(P),39,17,12,0,1,17,18,16,15,9,3,9,156
2020,Bihar,AURANGABAD - BR26( 13-JUN-2017 ),5,E-RICKSHAW WITH CART (G),0,0,2,0,0,1,0,0,0,1,0,0,4
2020,Bihar,AURANGABAD - BR26( 13-JUN-2017 ),6,GOODS CARRIER,98,66,116,0,0,2,14,25,38,26,51,41,477
2020,Bihar,AURANGABAD - BR26( 13-JUN-2017 ),7,MAXI CAB,12,13,28,0,0,0,0,0,0,0,0,0,53
2020,Bihar,AURANGABAD - BR26( 13-JUN-2017 ),8,M-CYCLE/SCOOTER,869,"1,189","1,558",0,337,"1,744",777,"1,212","1,319","1,096","2,459","1,019","13,579"
2020,Bihar,AURANGABAD - BR26( 13-JUN-2017 ),9,M-CYCLE/SCOOTER-WITH SIDE CAR,0,0,1,0,0,0,1,4,1,0,0,0,7
2020,Bihar,AURANGABAD - BR26( 13-JUN-2017 ),10,MOPED,83,89,126,0,0,84,56,111,103,46,106,109,913
2020,Bihar,AURANGABAD - BR26( 13-JUN-2017 ),11,MOTOR CAB,7,8,4,0,0,1,2,6,7,3,1,2,41
2020,Bihar,AURANGABAD - BR26( 13-JUN-2017 ),12,MOTOR CAR,52,45,39,0,0,15,18,33,43,35,67,55,402
2020,Bihar,AURANGABAD - BR26( 13-JUN-2017 ),13,MOTORISED CYCLE (CC > 25CC),0,0,0,0,0,0,0,1,0,1,0,0,2
2020,Bihar,AURANGABAD - BR26( 13-JUN-2017 ),14,THREE WHEELER (GOODS),10,23,23,0,5,7,8,7,11,4,9,11,118
2020,Bihar,AURANGABAD - BR26( 13-JUN-2017 ),15,THREE WHEELER (PASSENGER),256,156,148,0,0,13,70,91,40,36,35,54,899
2020,Bihar,AURANGABAD - BR26( 13-JUN-2017 ),16,TRACTOR (COMMERCIAL),184,160,81,0,0,98,206,145,295,78,164,100,"1,511"
2020,Bihar,AURANGABAD - BR26( 13-JUN-2017 ),17,TRAILER (AGRICULTURAL),0,0,1,0,0,0,0,0,0,0,0,0,1
2020,Bihar,AURANGABAD - BR26( 13-JUN-2017 ),18,TRAILER (COMMERCIAL),174,156,87,0,0,89,127,181,324,78,160,98,"1,474"
2020,Bihar,BANKA - BR51( 06-FEB-2018 ),1,AGRICULTURAL TRACTOR,0,1,0,0,0,0,0,0,0,0,0,0,1
2020,Bihar,BANKA - BR51( 06-FEB-2018 ),2,BUS,3,1,6,0,0,0,0,0,0,0,0,0,10
2020,Bihar,BANKA - BR51( 06-FEB-2018 ),3,CONSTRUCTION EQUIPMENT VEHICLE,0,0,0,0,0,0,0,0,1,0,1,1,3
2020,Bihar,BANKA - BR51( 06-FEB-2018 ),4,E-RICKSHAW(P),13,12,5,0,0,0,1,0,3,8,13,3,58
2020,Bihar,BANKA - BR51( 06-FEB-2018 ),5,FIRE FIGHTING VEHICLE,1,2,0,0,0,0,0,0,0,0,0,0,3
2020,Bihar,BANKA - BR51( 06-FEB-2018 ),6,FIRE TENDERS,1,0,0,0,0,0,0,0,0,0,0,0,1
2020,Bihar,BANKA - BR51( 06-FEB-2018 ),7,GOODS CARRIER,8,21,30,0,1,6,26,4,5,1,5,7,114
2020,Bihar,BANKA - BR51( 06-FEB-2018 ),8,MAXI CAB,1,0,0,0,0,0,0,0,0,0,0,0,1
2020,Bihar,BANKA - BR51( 06-FEB-2018 ),9,M-CYCLE/SCOOTER,814,954,"1,144",138,0,286,535,377,464,268,756,503,"6,239"
2020,Bihar,BANKA - BR51( 06-FEB-2018 ),10,M-CYCLE/SCOOTER-WITH SIDE CAR,2,1,3,0,0,1,0,0,0,1,4,0,12
2020,Bihar,BANKA - BR51( 06-FEB-2018 ),11,MOPED,11,12,36,0,0,12,3,5,6,7,5,9,106
2020,Bihar,BANKA - BR51( 06-FEB-2018 ),12,MOTOR CAB,6,4,7,0,0,0,1,0,1,0,0,1,20
2020,Bihar,BANKA - BR51( 06-FEB-2018 ),13,MOTOR CAR,29,15,51,0,0,0,3,12,11,7,6,17,151
2020,Bihar,BANKA - BR51( 06-FEB-2018 ),14,MOTORISED CYCLE (CC > 25CC),0,0,0,0,0,0,0,1,0,0,0,0,1
2020,Bihar,BANKA - BR51( 06-FEB-2018 ),15,OMNI BUS,1,0,0,0,0,0,0,0,0,0,0,0,1
2020,Bihar,BANKA - BR51( 06-FEB-2018 ),16,THREE WHEELER (GOODS),8,3,9,2,0,0,0,0,0,1,2,3,28
2020,Bihar,BANKA - BR51( 06-FEB-2018 ),17,THREE WHEELER (PASSENGER),117,35,59,7,0,0,3,5,10,14,15,7,272
2020,Bihar,BANKA - BR51( 06-FEB-2018 ),18,TRACTOR (COMMERCIAL),11,126,105,5,0,6,9,19,139,169,36,193,818
2020,Bihar,BANKA - BR51( 06-FEB-2018 ),19,TRACTOR-TROLLEY(COMMERCIAL),0,0,0,0,0,0,0,0,0,0,0,1,1
2020,Bihar,BANKA - BR51( 06-FEB-2018 ),20,TRAILER (COMMERCIAL),5,31,42,0,0,2,5,2,25,0,10,69,191
2020,Bihar,BEGUSARAI - BR9( 23-JAN-2018 ),1,AGRICULTURAL TRACTOR,0,12,13,0,0,11,10,18,32,25,4,14,139
2020,Bihar,BEGUSARAI - BR9( 23-JAN-2018 ),2,AMBULANCE,0,0,0,0,0,0,1,0,0,0,0,0,1
2020,Bihar,BEGUSARAI - BR9( 23-JAN-2018 ),3,BUS,6,10,10,2,0,0,0,0,3,3,0,4,38
2020,Bihar,BEGUSARAI - BR9( 23-JAN-2018 ),4,CONSTRUCTION EQUIPMENT VEHICLE,0,0,0,0,0,0,1,0,23,10,2,6,42
2020,Bihar,BEGUSARAI - BR9( 23-JAN-2018 ),5,E-RICKSHAW(P),26,24,21,0,0,20,9,10,52,65,51,102,380
2020,Bihar,BEGUSARAI - BR9( 23-JAN-2018 ),6,E-RICKSHAW WITH CART (G),0,0,1,0,0,0,0,0,1,1,0,0,3
2020,Bihar,BEGUSARAI - BR9( 23-JAN-2018 ),7,GOODS CARRIER,103,84,237,21,0,32,32,53,79,75,56,61,833
2020,Bihar,BEGUSARAI - BR9( 23-JAN-2018 ),8,MAXI CAB,0,0,1,0,0,0,0,0,0,0,0,0,1
2020,Bihar,BEGUSARAI - BR9( 23-JAN-2018 ),9,M-CYCLE/SCOOTER,"1,909","2,585","3,807",40,0,"2,598","1,759","2,553","2,241","1,739","3,518","1,953","24,702"
2020,Bihar,BEGUSARAI - BR9( 23-JAN-2018 ),10,M-CYCLE/SCOOTER-WITH SIDE CAR,0,1,3,0,0,5,0,3,0,0,1,1,14
2020,Bihar,BEGUSARAI - BR9( 23-JAN-2018 ),11,MOPED,0,1,0,0,0,0,0,0,1,0,2,0,4
2020,Bihar,BEGUSARAI - BR9( 23-JAN-2018 ),12,MOTOR CAB,12,18,35,4,0,2,10,9,12,10,9,3,124
2020,Bihar,BEGUSARAI - BR9( 23-JAN-2018 ),13,MOTOR CAR,158,183,189,3,0,200,154,223,248,222,332,231,"2,143"
2020,Bihar,BEGUSARAI - BR9( 23-JAN-2018 ),14,MOTORISED CYCLE (CC > 25CC),0,0,0,0,0,0,0,1,0,0,0,0,1
2020,Bihar,BEGUSARAI - BR9( 23-JAN-2018 ),15,OMNI BUS,0,0,0,0,0,0,0,0,1,0,0,0,1
2020,Bihar,BEGUSARAI - BR9( 23-JAN-2018 ),16,THREE WHEELER (GOODS),36,28,48,11,0,15,12,37,45,20,29,15,296
2020,Bihar,BEGUSARAI - BR9( 23-JAN-2018 ),17,THREE WHEELER (PASSENGER),93,120,305,40,0,24,4,79,95,24,35,77,896
2020,Bihar,BEGUSARAI - BR9( 23-JAN-2018 ),18,TRACTOR (COMMERCIAL),191,129,167,39,0,65,49,50,85,77,75,130,"1,057"
2020,Bihar,BEGUSARAI - BR9( 23-JAN-2018 ),19,TRAILER (AGRICULTURAL),0,12,24,0,0,16,7,21,10,18,24,12,144
2020,Bihar,BEGUSARAI - BR9( 23-JAN-2018 ),20,TRAILER (COMMERCIAL),42,106,169,0,0,136,68,27,119,43,70,115,895
2020,Bihar,BETTIAH - BR22( 22-SEP-2017 ),1,ADAPTED VEHICLE,1,0,0,0,0,0,0,0,0,1,0,0,2
2020,Bihar,BETTIAH - BR22( 22-SEP-2017 ),2,AGRICULTURAL TRACTOR,0,0,0,0,0,0,3,41,5,9,25,61,144
2020,Bihar,BETTIAH - BR22( 22-SEP-2017 ),3,AMBULANCE,0,0,2,0,0,0,0,1,0,0,0,0,3
2020,Bihar,BETTIAH - BR22( 22-SEP-2017 ),4,BUS,2,4,3,0,0,0,0,0,0,1,2,1,13
2020,Bihar,BETTIAH - BR22( 22-SEP-2017 ),5,CONSTRUCTION EQUIPMENT VEHICLE,15,4,18,0,0,1,12,4,6,3,9,3,75
2020,Bihar,BETTIAH - BR22( 22-SEP-2017 ),6,E-RICKSHAW(P),19,29,19,1,0,2,19,6,25,10,5,16,151
2020,Bihar,BETTIAH - BR22( 22-SEP-2017 ),7,E-RICKSHAW WITH CART (G),0,0,0,0,0,0,0,1,0,0,0,0,1
2020,Bihar,BETTIAH - BR22( 22-SEP-2017 ),8,FIRE FIGHTING VEHICLE,0,0,13,0,0,0,0,0,0,0,0,0,13
2020,Bihar,BETTIAH - BR22( 22-SEP-2017 ),9,GOODS CARRIER,14,62,95,0,0,11,12,37,35,25,34,32,357
2020,Bihar,BETTIAH - BR22( 22-SEP-2017 ),10,MAXI CAB,2,1,6,0,0,0,0,0,0,1,1,0,11
2020,Bihar,BETTIAH - BR22( 22-SEP-2017 ),11,M-CYCLE/SCOOTER,"3,040","3,676","6,003",21,271,"4,678","1,920","2,797","2,653","2,915","5,254","4,194","37,422"
2020,Bihar,BETTIAH - BR22( 22-SEP-2017 ),12,M-CYCLE/SCOOTER-WITH SIDE CAR,3,2,1,0,0,4,0,1,6,2,2,2,23
2020,Bihar,BETTIAH - BR22( 22-SEP-2017 ),13,MOPED,0,4,13,0,0,0,0,0,0,5,5,8,35
2020,Bihar,BETTIAH - BR22( 22-SEP-2017 ),14,MOTOR CAB,7,2,7,0,0,0,3,1,1,2,0,1,24
2020,Bihar,BETTIAH - BR22( 22-SEP-2017 ),15,MOTOR CAR,77,142,126,0,0,78,78,93,96,110,127,92,"1,019"
2020,Bihar,BETTIAH - BR22( 22-SEP-2017 ),16,MOTORISED CYCLE (CC > 25CC),0,0,2,0,0,0,0,0,0,0,0,0,2
2020,Bihar,BETTIAH - BR22( 22-SEP-2017 ),17,OMNI BUS,0,1,0,0,0,0,0,0,0,0,0,0,1
2020,Bihar,BETTIAH - BR22( 22-SEP-2017 ),18,THREE WHEELER (GOODS),4,5,34,0,0,6,4,3,9,7,9,16,97
2020,Bihar,BETTIAH - BR22( 22-SEP-2017 ),19,THREE WHEELER (PASSENGER),182,152,334,0,0,6,16,17,15,28,37,44,831
2020,Bihar,BETTIAH - BR22( 22-SEP-2017 ),20,TRACTOR (COMMERCIAL),446,386,256,0,0,306,180,170,214,187,165,236,"2,546"
2020,Bihar,BETTIAH - BR22( 22-SEP-2017 ),21,TRAILER (AGRICULTURAL),0,0,1,0,0,0,0,0,0,0,0,0,1
2020,Bihar,BETTIAH - BR22( 22-SEP-2017 ),22,TRAILER (COMMERCIAL),117,82,93,0,0,19,16,14,35,54,7,40,477
2020,Bihar,BHABHUA - BR45( 23-JAN-2018 ),1,AGRICULTURAL TRACTOR,2,37,76,0,5,22,115,73,91,44,51,57,573
2020,Bihar,BHABHUA - BR45( 23-JAN-2018 ),2,BUS,2,7,11,0,0,0,0,0,0,0,0,1,21
2020,Bihar,BHABHUA - BR45( 23-JAN-2018 ),3,CONSTRUCTION EQUIPMENT VEHICLE,0,1,0,0,0,4,1,3,14,6,1,5,35
2020,Bihar,BHABHUA - BR45( 23-JAN-2018 ),4,E-RICKSHAW(P),16,41,35,0,0,9,19,18,35,31,5,42,251
2020,Bihar,BHABHUA - BR45( 23-JAN-2018 ),5,E-RICKSHAW WITH CART (G),1,5,8,0,0,0,0,0,0,2,2,2,20
2020,Bihar,BHABHUA - BR45( 23-JAN-2018 ),6,GOODS CARRIER,9,24,16,0,0,4,0,4,3,2,8,7,77
2020,Bihar,BHABHUA - BR45( 23-JAN-2018 ),7,HARVESTER,0,0,0,0,0,0,0,0,2,0,0,0,2
2020,Bihar,BHABHUA - BR45( 23-JAN-2018 ),8,M-CYCLE/SCOOTER,742,784,"2,966",8,26,442,385,723,707,663,688,872,"9,006"
2020,Bihar,BHABHUA - BR45( 23-JAN-2018 ),9,M-CYCLE/SCOOTER-WITH SIDE CAR,124,39,257,0,0,31,2,145,3,3,1,0,605
2020,Bihar,BHABHUA - BR45( 23-JAN-2018 ),10,MOPED,50,33,88,0,6,22,38,33,46,52,41,87,496
2020,Bihar,BHABHUA - BR45( 23-JAN-2018 ),11,MOTOR CAB,1,2,2,0,0,0,0,4,6,4,5,3,27
2020,Bihar,BHABHUA - BR45( 23-JAN-2018 ),12,MOTOR CAR,10,13,25,0,0,14,10,9,28,25,32,34,200
2020,Bihar,BHABHUA - BR45( 23-JAN-2018 ),13,MOTORISED CYCLE (CC > 25CC),2,5,3,0,0,1,1,1,1,2,0,1,17
2020,Bihar,BHABHUA - BR45( 23-JAN-2018 ),14,OMNI BUS,1,0,1,0,0,0,0,0,0,0,0,0,2
2020,Bihar,BHABHUA - BR45( 23-JAN-2018 ),15,THREE WHEELER (GOODS),5,16,43,0,0,0,4,11,7,3,1,7,97
2020,Bihar,BHABHUA - BR45( 23-JAN-2018 ),16,THREE WHEELER (PASSENGER),81,72,166,0,0,0,20,55,21,11,1,21,448
2020,Bihar,BHABHUA - BR45( 23-JAN-2018 ),17,TRACTOR (COMMERCIAL),48,99,32,0,4,20,29,27,27,21,9,19,335
2020,Bihar,BHABHUA - BR45( 23-JAN-2018 ),18,TRAILER (AGRICULTURAL),26,1,17,0,0,33,27,35,11,37,19,44,250
2020,Bihar,BHABHUA - BR45( 23-JAN-2018 ),19,TRAILER (COMMERCIAL),34,30,10,0,0,44,27,15,10,39,12,22,243
2020,Bihar,BHAGALPUR - BR10( 07-FEB-2018 ),1,AGRICULTURAL TRACTOR,3,20,1,0,0,7,13,11,14,0,5,0,74
2020,Bihar,BHAGALPUR - BR10( 07-FEB-2018 ),2,BUS,1,8,7,0,0,0,0,0,0,0,0,0,16
2020,Bihar,BHAGALPUR - BR10( 07-FEB-2018 ),3,CONSTRUCTION EQUIPMENT VEHICLE,0,8,3,0,0,4,3,0,1,1,3,9,32
2020,Bihar,BHAGALPUR - BR10( 07-FEB-2018 ),4,E-RICKSHAW(P),82,156,128,1,1,118,80,86,151,119,76,151,"1,149"
2020,Bihar,BHAGALPUR - BR10( 07-FEB-2018 ),5,E-RICKSHAW WITH CART (G),1,0,0,0,0,1,1,1,1,0,0,0,5
2020,Bihar,BHAGALPUR - BR10( 07-FEB-2018 ),6,FIRE FIGHTING VEHICLE,4,0,0,0,0,0,0,0,0,0,0,0,4
2020,Bihar,BHAGALPUR - BR10( 07-FEB-2018 ),7,FIRE TENDERS,1,0,0,0,0,0,0,0,0,0,0,0,1
2020,Bihar,BHAGALPUR - BR10( 07-FEB-2018 ),8,GOODS CARRIER,107,273,254,8,0,38,34,59,106,81,83,105,"1,148"
2020,Bihar,BHAGALPUR - BR10( 07-FEB-2018 ),9,MAXI CAB,0,4,17,0,0,0,0,0,0,1,0,0,22
2020,Bihar,BHAGALPUR - BR10( 07-FEB-2018 ),10,M-CYCLE/SCOOTER,"1,352","1,969","2,830",151,141,"2,143","1,237","2,240","2,007","1,653","2,737","1,798","20,258"
2020,Bihar,BHAGALPUR - BR10( 07-FEB-2018 ),11,M-CYCLE/SCOOTER-WITH SIDE CAR,3,0,4,0,0,3,0,1,1,3,1,1,17
2020,Bihar,BHAGALPUR - BR10( 07-FEB-2018 ),12,MOPED,12,3,11,0,1,4,0,3,3,1,10,3,51
2020,Bihar,BHAGALPUR - BR10( 07-FEB-2018 ),13,MOTOR CAB,13,15,38,1,0,4,1,3,10,3,2,3,93
2020,Bihar,BHAGALPUR - BR10( 07-FEB-2018 ),14,MOTOR CAR,147,215,291,25,11,166,123,194,239,223,305,205,"2,144"
2020,Bihar,BHAGALPUR - BR10( 07-FEB-2018 ),15,MOTORISED CYCLE (CC > 25CC),0,0,0,0,0,1,0,0,0,1,0,0,2
2020,Bihar,BHAGALPUR - BR10( 07-FEB-2018 ),16,THREE WHEELER (GOODS),47,92,63,6,2,28,13,23,49,27,60,62,472
2020,Bihar,BHAGALPUR - BR10( 07-FEB-2018 ),17,THREE WHEELER (PASSENGER),211,129,231,17,0,26,48,46,83,64,43,65,963
2020,Bihar,BHAGALPUR - BR10( 07-FEB-2018 ),18,TRACTOR (COMMERCIAL),93,77,54,0,19,90,137,106,121,116,163,116,"1,092"
2020,Bihar,BHAGALPUR - BR10( 07-FEB-2018 ),19,TRAILER (AGRICULTURAL),2,2,1,0,0,0,0,0,0,1,0,1,7
2020,Bihar,BHAGALPUR - BR10( 07-FEB-2018 ),20,TRAILER (COMMERCIAL),21,18,15,0,0,3,7,3,19,6,7,3,102
2020,Bihar,BHOJPUR - BR3( 15-FEB-2018 ),1,BUS,4,12,34,0,0,0,0,0,0,0,0,0,50
2020,Bihar,BHOJPUR - BR3( 15-FEB-2018 ),2,CONSTRUCTION EQUIPMENT VEHICLE,0,0,0,0,0,9,4,10,5,4,2,4,38
2020,Bihar,BHOJPUR - BR3( 15-FEB-2018 ),3,E-RICKSHAW(P),11,15,31,0,0,3,3,9,20,2,8,13,115
2020,Bihar,BHOJPUR - BR3( 15-FEB-2018 ),4,E-RICKSHAW WITH CART (G),1,0,0,0,0,0,0,0,0,0,0,0,1
2020,Bihar,BHOJPUR - BR3( 15-FEB-2018 ),5,GOODS CARRIER,85,74,91,0,0,5,23,20,43,40,60,20,461
2020,Bihar,BHOJPUR - BR3( 15-FEB-2018 ),6,MAXI CAB,0,0,2,0,0,0,0,0,0,0,0,0,2
2020,Bihar,BHOJPUR - BR3( 15-FEB-2018 ),7,M-CYCLE/SCOOTER,"1,719","1,731","2,988",3,537,"2,879","1,028","1,978","2,117","1,663","2,791","3,453","22,887"
2020,Bihar,BHOJPUR - BR3( 15-FEB-2018 ),8,M-CYCLE/SCOOTER-WITH SIDE CAR,0,3,14,0,0,0,1,1,0,1,2,0,22
2020,Bihar,BHOJPUR - BR3( 15-FEB-2018 ),9,MOPED,7,0,2,0,0,0,0,15,1,1,9,0,35
2020,Bihar,BHOJPUR - BR3( 15-FEB-2018 ),10,MOTOR CAB,9,22,24,0,0,1,2,5,6,6,2,5,82
2020,Bihar,BHOJPUR - BR3( 15-FEB-2018 ),11,MOTOR CAR,82,87,74,0,3,27,36,61,92,56,111,66,695
2020,Bihar,BHOJPUR - BR3( 15-FEB-2018 ),12,MOTORISED CYCLE (CC > 25CC),0,1,0,0,0,0,0,1,0,0,0,0,2
2020,Bihar,BHOJPUR - BR3( 15-FEB-2018 ),13,THREE WHEELER (GOODS),11,18,53,3,0,7,3,9,10,6,7,8,135
2020,Bihar,BHOJPUR - BR3( 15-FEB-2018 ),14,THREE WHEELER (PASSENGER),137,159,360,42,0,1,13,31,47,11,26,26,853
2020,Bihar,BHOJPUR - BR3( 15-FEB-2018 ),15,TRACTOR (COMMERCIAL),93,103,199,1,26,201,138,102,217,139,152,205,"1,576"
2020,Bihar,BHOJPUR - BR3( 15-FEB-2018 ),16,TRAILER (COMMERCIAL),19,40,25,0,0,2,0,0,0,0,0,0,86
2020,Bihar,BUXUR - BR44( 01-FEB-2018 ),1,AGRICULTURAL TRACTOR,0,0,0,0,0,0,0,0,0,78,66,71,215
2020,Bihar,BUXUR - BR44( 01-FEB-2018 ),2,ARTICULATED VEHICLE,0,2,0,0,0,0,0,0,0,0,0,0,2
2020,Bihar,BUXUR - BR44( 01-FEB-2018 ),3,BUS,0,6,15,0,0,0,0,0,0,0,0,0,21
2020,Bihar,BUXUR - BR44( 01-FEB-2018 ),4,CONSTRUCTION EQUIPMENT VEHICLE,0,0,1,0,0,0,8,1,3,3,5,27,48
2020,Bihar,BUXUR - BR44( 01-FEB-2018 ),5,E-RICKSHAW(P),14,11,20,0,0,17,9,10,23,17,18,22,161
2020,Bihar,BUXUR - BR44( 01-FEB-2018 ),6,GOODS CARRIER,18,15,38,0,0,0,2,8,12,6,14,15,128
2020,Bihar,BUXUR - BR44( 01-FEB-2018 ),7,HARVESTER,0,0,0,0,0,0,0,0,0,0,0,1,1
2020,Bihar,BUXUR - BR44( 01-FEB-2018 ),8,M-CYCLE/SCOOTER,781,"1,472","2,319",290,0,93,537,964,911,880,"1,621","1,199","11,067"
2020,Bihar,BUXUR - BR44( 01-FEB-2018 ),9,M-CYCLE/SCOOTER-WITH SIDE CAR,4,41,46,0,0,0,5,3,2,0,0,2,103
2020,Bihar,BUXUR - BR44( 01-FEB-2018 ),10,MOPED,45,50,51,0,0,0,0,0,5,7,1,0,159
2020,Bihar,BUXUR - BR44( 01-FEB-2018 ),11,MOTOR CAB,7,3,6,0,0,1,1,0,1,10,3,1,33
2020,Bihar,BUXUR - BR44( 01-FEB-2018 ),12,MOTOR CAR,66,47,34,0,0,16,34,31,50,34,51,40,403
2020,Bihar,BUXUR - BR44( 01-FEB-2018 ),13,MOTORISED CYCLE (CC > 25CC),0,0,0,1,0,0,0,0,1,0,0,0,2
2020,Bihar,BUXUR - BR44( 01-FEB-2018 ),14,OMNI BUS,0,0,1,0,0,0,0,0,0,0,0,0,1
2020,Bihar,BUXUR - BR44( 01-FEB-2018 ),15,THREE WHEELER (GOODS),0,12,25,0,0,2,1,4,2,3,4,0,53
2020,Bihar,BUXUR - BR44( 01-FEB-2018 ),16,THREE WHEELER (PASSENGER),53,152,200,0,0,8,18,32,36,13,20,19,551
2020,Bihar,BUXUR - BR44( 01-FEB-2018 ),17,TRACTOR (COMMERCIAL),103,115,24,0,0,0,41,9,26,52,39,62,471
2020,Bihar,BUXUR - BR44( 01-FEB-2018 ),18,TRAILER (COMMERCIAL),57,69,28,0,0,0,0,0,0,5,0,3,162
2020,Bihar,CHAPARA - BR4( 29-JAN-2018 ),1,AGRICULTURAL TRACTOR,46,42,21,0,0,77,20,0,0,0,0,32,238
2020,Bihar,CHAPARA - BR4( 29-JAN-2018 ),2,BUS,2,13,12,0,0,0,0,0,1,1,0,0,29
2020,Bihar,CHAPARA - BR4( 29-JAN-2018 ),3,CONSTRUCTION EQUIPMENT VEHICLE,0,0,0,0,0,4,1,0,5,2,7,3,22
2020,Bihar,CHAPARA - BR4( 29-JAN-2018 ),4,E-RICKSHAW(P),17,40,12,1,4,27,9,25,57,53,50,23,318
2020,Bihar,CHAPARA - BR4( 29-JAN-2018 ),5,E-RICKSHAW WITH CART (G),0,0,1,0,0,0,0,0,0,1,0,0,2
2020,Bihar,CHAPARA - BR4( 29-JAN-2018 ),6,GOODS CARRIER,59,62,54,0,3,16,8,38,35,29,34,34,372
2020,Bihar,CHAPARA - BR4( 29-JAN-2018 ),7,MAXI CAB,2,0,5,0,0,1,0,0,0,1,0,0,9
2020,Bihar,CHAPARA - BR4( 29-JAN-2018 ),8,M-CYCLE/SCOOTER,"1,348","2,531","3,382",80,279,"2,265","1,116","1,372","1,565","1,417","3,731","4,220","23,306"
2020,Bihar,CHAPARA - BR4( 29-JAN-2018 ),9,M-CYCLE/SCOOTER-WITH SIDE CAR,5,4,3,0,0,3,0,4,1,0,2,4,26
2020,Bihar,CHAPARA - BR4( 29-JAN-2018 ),10,MOPED,49,74,114,16,6,79,47,41,74,75,101,50,726
2020,Bihar,CHAPARA - BR4( 29-JAN-2018 ),11,MOTOR CAB,16,20,5,0,0,4,6,3,3,6,0,3,66
2020,Bihar,CHAPARA - BR4( 29-JAN-2018 ),12,MOTOR CAR,63,117,67,0,16,70,41,67,74,70,146,78,809
2020,Bihar,CHAPARA - BR4( 29-JAN-2018 ),13,MOTORISED CYCLE (CC > 25CC),0,2,2,0,0,0,0,0,0,0,0,0,4
2020,Bihar,CHAPARA - BR4( 29-JAN-2018 ),14,THREE WHEELER (GOODS),3,8,8,0,0,0,2,0,2,2,1,2,28
2020,Bihar,CHAPARA - BR4( 29-JAN-2018 ),15,THREE WHEELER (PASSENGER),101,152,213,1,0,0,7,10,36,41,43,21,625
2020,Bihar,CHAPARA - BR4( 29-JAN-2018 ),16,TRACTOR (COMMERCIAL),115,166,102,12,50,155,124,134,231,182,244,48,"1,563"
2020,Bihar,CHAPARA - BR4( 29-JAN-2018 ),17,TRAILER (COMMERCIAL),31,48,23,0,0,33,15,0,0,0,1,0,151
2020,Bihar,DARBHANGA - BR7( 30-JAN-2018 ),1,ADAPTED VEHICLE,1,0,0,0,0,0,0,0,0,0,0,0,1
2020,Bihar,DARBHANGA - BR7( 30-JAN-2018 ),2,AGRICULTURAL TRACTOR,33,31,30,0,5,22,14,59,24,49,22,51,340
2020,Bihar,DARBHANGA - BR7( 30-JAN-2018 ),3,BUS,7,10,9,0,0,0,0,0,0,0,0,2,28
2020,Bihar,DARBHANGA - BR7( 30-JAN-2018 ),4,CONSTRUCTION EQUIPMENT VEHICLE,0,0,0,0,0,1,0,1,5,5,0,2,14
2020,Bihar,DARBHANGA - BR7( 30-JAN-2018 ),5,E-RICKSHAW(P),20,49,32,2,0,10,21,28,16,27,16,26,247
2020,Bihar,DARBHANGA - BR7( 30-JAN-2018 ),6,E-RICKSHAW WITH CART (G),0,0,0,0,0,0,0,0,0,1,0,0,1
2020,Bihar,DARBHANGA - BR7( 30-JAN-2018 ),7,FIRE FIGHTING VEHICLE,4,0,0,0,0,0,0,0,0,0,0,0,4
2020,Bihar,DARBHANGA - BR7( 30-JAN-2018 ),8,GOODS CARRIER,109,169,176,0,2,39,53,68,104,125,103,91,"1,039"
2020,Bihar,DARBHANGA - BR7( 30-JAN-2018 ),9,MAXI CAB,0,2,0,0,0,0,0,0,3,2,4,1,12
2020,Bihar,DARBHANGA - BR7( 30-JAN-2018 ),10,M-CYCLE/SCOOTER,"1,857","4,245","5,800",37,577,"3,308","1,951","2,230","2,419","2,149","3,716","3,332","31,621"
2020,Bihar,DARBHANGA - BR7( 30-JAN-2018 ),11,M-CYCLE/SCOOTER-WITH SIDE CAR,1,3,4,0,1,6,0,0,0,7,4,1,27
2020,Bihar,DARBHANGA - BR7( 30-JAN-2018 ),12,MOPED,21,30,68,0,0,13,13,12,24,12,14,28,235
2020,Bihar,DARBHANGA - BR7( 30-JAN-2018 ),13,MOTOR CAB,30,39,60,0,0,1,6,3,3,3,1,3,149
2020,Bihar,DARBHANGA - BR7( 30-JAN-2018 ),14,MOTOR CAR,173,234,193,1,20,124,98,119,139,137,197,140,"1,575"
2020,Bihar,DARBHANGA - BR7( 30-JAN-2018 ),15,MOTORISED CYCLE (CC > 25CC),0,0,0,0,0,1,0,0,2,0,0,0,3
2020,Bihar,DARBHANGA - BR7( 30-JAN-2018 ),16,THREE WHEELER (GOODS),49,83,66,0,2,27,19,49,51,54,22,69,491
2020,Bihar,DARBHANGA - BR7( 30-JAN-2018 ),17,THREE WHEELER (PASSENGER),274,358,362,0,0,26,105,98,196,130,65,209,"1,823"
2020,Bihar,DARBHANGA - BR7( 30-JAN-2018 ),18,TRACTOR (COMMERCIAL),65,117,98,10,11,63,101,97,130,66,63,103,924
2020,Bihar,DARBHANGA - BR7( 30-JAN-2018 ),19,TRAILER (COMMERCIAL),16,20,8,1,0,5,5,8,10,7,2,6,88
2020,Bihar,GAYA - BR2( 06-SEP-2017 ),1,AGRICULTURAL TRACTOR,62,47,84,6,0,60,146,128,69,87,59,99,847
2020,Bihar,GAYA - BR2( 06-SEP-2017 ),2,BUS,13,17,30,1,0,0,0,0,3,1,6,0,71
2020,Bihar,GAYA - BR2( 06-SEP-2017 ),3,CONSTRUCTION EQUIPMENT VEHICLE,0,0,0,0,0,17,12,4,16,9,6,10,74
2020,Bihar,GAYA - BR2( 06-SEP-2017 ),4,E-RICKSHAW(P),46,49,32,0,0,27,22,28,71,35,49,59,418
2020,Bihar,GAYA - BR2( 06-SEP-2017 ),5,E-RICKSHAW WITH CART (G),0,0,0,0,0,1,3,0,0,0,0,1,5
2020,Bihar,GAYA - BR2( 06-SEP-2017 ),6,GOODS CARRIER,104,125,122,0,0,33,27,55,75,45,53,50,689
2020,Bihar,GAYA - BR2( 06-SEP-2017 ),7,MAXI CAB,6,0,2,0,0,0,0,1,0,0,0,0,9
2020,Bihar,GAYA - BR2( 06-SEP-2017 ),8,M-CYCLE/SCOOTER,"2,138","3,529","5,063",177,622,"4,704","2,396","2,230","2,478","2,063","4,540","1,957","31,897"
2020,Bihar,GAYA - BR2( 06-SEP-2017 ),9,M-CYCLE/SCOOTER-WITH SIDE CAR,2,3,54,0,0,1,2,1,2,2,4,0,71
2020,Bihar,GAYA - BR2( 06-SEP-2017 ),10,MOPED,57,119,211,0,5,177,136,226,178,99,169,111,"1,488"
2020,Bihar,GAYA - BR2( 06-SEP-2017 ),11,MOTOR CAB,10,16,21,0,0,5,3,6,6,1,4,9,81
2020,Bihar,GAYA - BR2( 06-SEP-2017 ),12,MOTOR CAR,200,277,228,7,12,244,236,189,283,289,477,251,"2,693"
2020,Bihar,GAYA - BR2( 06-SEP-2017 ),13,MOTORISED CYCLE (CC > 25CC),0,0,0,0,0,0,0,0,0,0,1,0,1
2020,Bihar,GAYA - BR2( 06-SEP-2017 ),14,OMNI BUS,7,2,9,0,0,0,0,0,2,1,0,0,21
2020,Bihar,GAYA - BR2( 06-SEP-2017 ),15,THREE WHEELER (GOODS),80,75,63,0,0,38,30,36,65,45,60,57,549
2020,Bihar,GAYA - BR2( 06-SEP-2017 ),16,THREE WHEELER (PASSENGER),356,253,245,5,0,20,56,64,113,70,67,130,"1,379"
2020,Bihar,GAYA - BR2( 06-SEP-2017 ),17,TRACTOR (COMMERCIAL),56,69,51,7,0,50,99,107,134,108,103,132,916
2020,Bihar,GAYA - BR2( 06-SEP-2017 ),18,TRAILER (AGRICULTURAL),8,25,7,0,0,2,10,1,23,6,15,28,125
2020,Bihar,GAYA - BR2( 06-SEP-2017 ),19,TRAILER (COMMERCIAL),3,31,12,0,0,3,14,3,34,28,16,19,163
2020,Bihar,GOPALGANJ - BR28( 08-JUN-2017 ),1,AGRICULTURAL TRACTOR,53,36,198,0,0,98,64,17,23,88,79,162,818
2020,Bihar,GOPALGANJ - BR28( 08-JUN-2017 ),2,AMBULANCE,0,0,0,0,0,0,1,0,0,0,0,0,1
2020,Bihar,GOPALGANJ - BR28( 08-JUN-2017 ),3,BUS,7,11,28,5,0,0,0,0,0,0,0,2,53
2020,Bihar,GOPALGANJ - BR28( 08-JUN-2017 ),4,CONSTRUCTION EQUIPMENT VEHICLE,0,0,0,0,0,0,4,11,1,6,4,3,29
2020,Bihar,GOPALGANJ - BR28( 08-JUN-2017 ),5,E-RICKSHAW(P),21,54,12,0,0,17,35,50,37,35,12,43,316
2020,Bihar,GOPALGANJ - BR28( 08-JUN-2017 ),6,GOODS CARRIER,64,64,93,0,0,6,17,31,61,41,50,28,455
2020,Bihar,GOPALGANJ - BR28( 08-JUN-2017 ),7,MAXI CAB,3,1,8,0,0,0,0,0,0,0,0,0,12
2020,Bihar,GOPALGANJ - BR28( 08-JUN-2017 ),8,M-CYCLE/SCOOTER,738,"1,320","2,258",3,120,751,526,"1,000","1,103",907,"1,674","1,932","12,332"
2020,Bihar,GOPALGANJ - BR28( 08-JUN-2017 ),9,M-CYCLE/SCOOTER-WITH SIDE CAR,0,1,9,0,0,1,2,3,1,0,2,2,21
2020,Bihar,GOPALGANJ - BR28( 08-JUN-2017 ),10,MOPED,13,36,133,1,0,0,0,9,33,11,23,42,301
2020,Bihar,GOPALGANJ - BR28( 08-JUN-2017 ),11,MOTOR CAB,9,10,18,0,0,0,1,8,6,7,1,2,62
2020,Bihar,GOPALGANJ - BR28( 08-JUN-2017 ),12,MOTOR CAR,111,161,111,1,1,50,76,95,73,91,130,99,999
2020,Bihar,GOPALGANJ - BR28( 08-JUN-2017 ),13,MOTORISED CYCLE (CC > 25CC),0,0,1,0,0,0,0,0,2,5,2,8,18
2020,Bihar,GOPALGANJ - BR28( 08-JUN-2017 ),14,THREE WHEELER (GOODS),1,2,7,0,0,2,0,1,1,0,1,3,18
2020,Bihar,GOPALGANJ - BR28( 08-JUN-2017 ),15,THREE WHEELER (PASSENGER),32,47,127,0,0,3,11,5,24,15,5,11,280
2020,Bihar,GOPALGANJ - BR28( 08-JUN-2017 ),16,TRACTOR (COMMERCIAL),1,4,1,0,0,0,0,2,1,12,4,8,33
2020,Bihar,GOPALGANJ - BR28( 08-JUN-2017 ),17,TRAILER (COMMERCIAL),1,0,0,0,0,0,0,0,1,0,0,0,2
2020,Bihar,JAMUI - BR46( 07-JUN-2017 ),1,AGRICULTURAL TRACTOR,0,0,0,0,0,7,18,25,25,0,0,2,77
2020,Bihar,JAMUI - BR46( 07-JUN-2017 ),2,BUS,1,2,2,0,0,0,0,0,0,0,0,0,5
2020,Bihar,JAMUI - BR46( 07-JUN-2017 ),3,CONSTRUCTION EQUIPMENT VEHICLE,0,0,0,0,0,6,4,2,0,0,3,5,20
2020,Bihar,JAMUI - BR46( 07-JUN-2017 ),4,E-RICKSHAW(P),30,10,50,0,1,20,3,20,4,32,0,21,191
2020,Bihar,JAMUI - BR46( 07-JUN-2017 ),5,GOODS CARRIER,30,35,22,0,0,6,2,5,9,10,16,16,151
2020,Bihar,JAMUI - BR46( 07-JUN-2017 ),6,MAXI CAB,1,2,1,0,0,0,0,0,0,0,0,0,4
2020,Bihar,JAMUI - BR46( 07-JUN-2017 ),7,M-CYCLE/SCOOTER,971,873,"3,064",8,31,468,400,505,825,738,918,"1,124","9,925"
2020,Bihar,JAMUI - BR46( 07-JUN-2017 ),8,M-CYCLE/SCOOTER-WITH SIDE CAR,3,2,2,0,0,1,0,3,0,3,4,5,23
2020,Bihar,JAMUI - BR46( 07-JUN-2017 ),9,MOPED,12,21,40,0,2,19,19,43,34,46,38,33,307
2020,Bihar,JAMUI - BR46( 07-JUN-2017 ),10,MOTOR CAB,3,1,10,0,0,1,2,0,0,0,0,1,18
2020,Bihar,JAMUI - BR46( 07-JUN-2017 ),11,MOTOR CAR,26,16,30,0,0,6,12,19,14,9,20,19,171
2020,Bihar,JAMUI - BR46( 07-JUN-2017 ),12,MOTORISED CYCLE (CC > 25CC),0,0,0,0,0,0,0,0,0,1,2,1,4
2020,Bihar,JAMUI - BR46( 07-JUN-2017 ),13,THREE WHEELER (GOODS),15,9,31,0,1,8,5,5,10,10,3,7,104
2020,Bihar,JAMUI - BR46( 07-JUN-2017 ),14,THREE WHEELER (PASSENGER),53,86,112,0,2,13,10,21,35,34,16,34,416
2020,Bihar,JAMUI - BR46( 07-JUN-2017 ),15,TRACTOR (COMMERCIAL),54,59,46,0,11,76,65,67,43,31,32,74,558
2020,Bihar,JAMUI - BR46( 07-JUN-2017 ),16,TRAILER (AGRICULTURAL),0,0,0,0,0,0,3,1,0,1,0,0,5
2020,Bihar,JAMUI - BR46( 07-JUN-2017 ),17,TRAILER (COMMERCIAL),38,30,36,0,0,69,34,36,27,31,0,4,305
2020,Bihar,JEHANABAD - BR25( 26-MAY-2017 ),1,AGRICULTURAL TRACTOR,1,0,0,0,0,0,1,0,3,12,3,7,27
2020,Bihar,JEHANABAD - BR25( 26-MAY-2017 ),2,BUS,36,24,5,0,0,0,0,0,0,2,1,0,68
2020,Bihar,JEHANABAD - BR25( 26-MAY-2017 ),3,CONSTRUCTION EQUIPMENT VEHICLE,0,0,0,0,0,3,4,2,0,1,0,5,15
2020,Bihar,JEHANABAD - BR25( 26-MAY-2017 ),4,E-RICKSHAW(P),1,0,8,0,0,0,8,0,7,7,1,4,36
2020,Bihar,JEHANABAD - BR25( 26-MAY-2017 ),5,E-RICKSHAW WITH CART (G),0,1,0,0,0,0,1,0,0,0,0,0,2
2020,Bihar,JEHANABAD - BR25( 26-MAY-2017 ),6,GOODS CARRIER,33,20,20,0,0,0,0,1,2,7,2,5,90
2020,Bihar,JEHANABAD - BR25( 26-MAY-2017 ),7,MAXI CAB,0,1,4,0,0,0,0,0,0,0,0,0,5
2020,Bihar,JEHANABAD - BR25( 26-MAY-2017 ),8,M-CYCLE/SCOOTER,318,598,671,0,11,727,278,529,586,383,334,608,"5,043"
2020,Bihar,JEHANABAD - BR25( 26-MAY-2017 ),9,M-CYCLE/SCOOTER-WITH SIDE CAR,1,0,0,0,0,0,0,0,0,0,1,0,2
2020,Bihar,JEHANABAD - BR25( 26-MAY-2017 ),10,MOPED,8,12,10,0,7,26,13,28,27,10,31,9,181
2020,Bihar,JEHANABAD - BR25( 26-MAY-2017 ),11,MOTOR CAB,0,2,3,0,0,0,25,1,0,0,2,0,33
2020,Bihar,JEHANABAD - BR25( 26-MAY-2017 ),12,MOTOR CAR,5,6,8,0,0,4,0,5,6,3,6,10,53
2020,Bihar,JEHANABAD - BR25( 26-MAY-2017 ),13,OMNI BUS,0,0,1,0,0,0,0,0,0,1,0,0,2
2020,Bihar,JEHANABAD - BR25( 26-MAY-2017 ),14,THREE WHEELER (GOODS),7,15,18,0,1,4,5,7,9,5,9,9,89
2020,Bihar,JEHANABAD - BR25( 26-MAY-2017 ),15,THREE WHEELER (PASSENGER),119,58,142,0,0,21,32,52,67,45,44,44,624
2020,Bihar,JEHANABAD - BR25( 26-MAY-2017 ),16,TRACTOR (COMMERCIAL),51,75,37,1,0,15,69,42,20,48,26,62,446
2020,Bihar,JEHANABAD - BR25( 26-MAY-2017 ),17,TRAILER (AGRICULTURAL),0,0,0,0,0,0,0,0,0,2,0,0,2
2020,Bihar,JEHANABAD - BR25( 26-MAY-2017 ),18,TRAILER (COMMERCIAL),13,20,19,0,0,2,42,29,5,20,28,32,210
2020,Bihar,KATIHAR - BR39( 23-JAN-2018 ),1,AGRICULTURAL TRACTOR,0,0,0,0,0,0,0,0,0,3,0,1,4
2020,Bihar,KATIHAR - BR39( 23-JAN-2018 ),2,CONSTRUCTION EQUIPMENT VEHICLE,2,0,0,0,0,0,2,0,3,2,2,4,15
2020,Bihar,KATIHAR - BR39( 23-JAN-2018 ),3,E-RICKSHAW(P),59,13,36,4,0,21,8,12,31,8,12,34,238
2020,Bihar,KATIHAR - BR39( 23-JAN-2018 ),4,E-RICKSHAW WITH CART (G),0,0,0,0,0,0,0,0,0,1,0,0,1
2020,Bihar,KATIHAR - BR39( 23-JAN-2018 ),5,FIRE FIGHTING VEHICLE,0,5,0,0,0,0,0,0,0,0,0,0,5
2020,Bihar,KATIHAR - BR39( 23-JAN-2018 ),6,GOODS CARRIER,4,11,7,0,0,1,0,0,0,0,0,2,25
2020,Bihar,KATIHAR - BR39( 23-JAN-2018 ),7,MAXI CAB,1,0,0,0,0,0,0,0,0,0,0,0,1
2020,Bihar,KATIHAR - BR39( 23-JAN-2018 ),8,M-CYCLE/SCOOTER,"3,010","2,573","4,859",376,0,"2,367","1,110","2,421","2,076","1,516","2,171","1,682","24,161"
2020,Bihar,KATIHAR - BR39( 23-JAN-2018 ),9,M-CYCLE/SCOOTER-WITH SIDE CAR,0,2,1,0,0,3,0,2,2,8,0,3,21
2020,Bihar,KATIHAR - BR39( 23-JAN-2018 ),10,MOPED,11,21,21,0,0,11,1,8,8,4,17,9,111
2020,Bihar,KATIHAR - BR39( 23-JAN-2018 ),11,MOTOR CAB,0,0,1,0,0,0,0,1,0,0,0,0,2
2020,Bihar,KATIHAR - BR39( 23-JAN-2018 ),12,MOTOR CAR,36,24,34,0,0,14,9,15,20,14,11,15,192
2020,Bihar,KATIHAR - BR39( 23-JAN-2018 ),13,MOTORISED CYCLE (CC > 25CC),0,0,0,0,0,1,0,0,0,0,0,0,1
2020,Bihar,KATIHAR - BR39( 23-JAN-2018 ),14,OMNI BUS,0,0,1,0,0,0,0,0,0,0,0,0,1
2020,Bihar,KATIHAR - BR39( 23-JAN-2018 ),15,THREE WHEELER (GOODS),10,15,10,0,0,5,5,11,12,8,10,8,94
2020,Bihar,KATIHAR - BR39( 23-JAN-2018 ),16,THREE WHEELER (PASSENGER),137,88,83,0,0,5,26,18,40,16,28,47,488
2020,Bihar,KATIHAR - BR39( 23-JAN-2018 ),17,TRACTOR (COMMERCIAL),190,146,189,13,0,159,125,140,125,133,70,78,"1,368"
2020,Bihar,KATIHAR - BR39( 23-JAN-2018 ),18,TRAILER (COMMERCIAL),12,24,16,0,0,3,5,6,21,25,2,2,116
2020,Bihar,KHAGARIA - BR34( 01-FEB-2018 ),1,AGRICULTURAL TRACTOR,27,2,14,0,0,11,66,15,41,14,25,41,256
2020,Bihar,KHAGARIA - BR34( 01-FEB-2018 ),2,BUS,0,2,1,0,0,0,0,0,0,0,0,0,3
2020,Bihar,KHAGARIA - BR34( 01-FEB-2018 ),3,CONSTRUCTION EQUIPMENT VEHICLE,0,0,0,0,0,0,1,0,0,0,0,3,4
2020,Bihar,KHAGARIA - BR34( 01-FEB-2018 ),4,E-RICKSHAW(P),24,22,14,0,0,10,1,2,17,5,2,2,99
2020,Bihar,KHAGARIA - BR34( 01-FEB-2018 ),5,GOODS CARRIER,4,19,36,0,0,1,2,1,4,6,2,6,81
2020,Bihar,KHAGARIA - BR34( 01-FEB-2018 ),6,M-CYCLE/SCOOTER,798,"1,035","1,555",317,40,859,679,"1,238","1,031",806,"1,422",769,"10,549"
2020,Bihar,KHAGARIA - BR34( 01-FEB-2018 ),7,M-CYCLE/SCOOTER-WITH SIDE CAR,0,3,0,0,0,1,20,0,0,1,0,1,26
2020,Bihar,KHAGARIA - BR34( 01-FEB-2018 ),8,MOPED,8,2,15,3,0,3,8,12,4,8,10,9,82
2020,Bihar,KHAGARIA - BR34( 01-FEB-2018 ),9,MOTOR CAB,0,3,8,0,0,0,1,0,1,0,0,1,14
2020,Bihar,KHAGARIA - BR34( 01-FEB-2018 ),10,MOTOR CAR,8,20,15,0,0,4,2,9,14,12,10,13,107
2020,Bihar,KHAGARIA - BR34( 01-FEB-2018 ),11,THREE WHEELER (GOODS),2,10,15,0,0,3,11,5,8,7,5,10,76
2020,Bihar,KHAGARIA - BR34( 01-FEB-2018 ),12,THREE WHEELER (PASSENGER),35,74,115,0,0,0,24,24,56,14,16,29,387
2020,Bihar,KHAGARIA - BR34( 01-FEB-2018 ),13,TRACTOR (COMMERCIAL),22,39,21,0,0,14,86,22,65,60,26,43,398
2020,Bihar,KHAGARIA - BR34( 01-FEB-2018 ),14,TRAILER (AGRICULTURAL),7,4,4,0,0,1,12,0,41,3,7,21,100
2020,Bihar,KHAGARIA - BR34( 01-FEB-2018 ),15,TRAILER (COMMERCIAL),32,76,40,0,0,3,46,0,49,8,35,42,331
2020,Bihar,KISHANGANJ - BR37( 07-FEB-2018 ),1,AMBULANCE,0,1,0,0,0,0,0,0,0,0,0,0,1
2020,Bihar,KISHANGANJ - BR37( 07-FEB-2018 ),2,BUS,0,2,0,0,0,0,0,0,0,0,0,0,2
2020,Bihar,KISHANGANJ - BR37( 07-FEB-2018 ),3,CONSTRUCTION EQUIPMENT VEHICLE,0,0,0,0,0,1,0,0,0,1,0,0,2
2020,Bihar,KISHANGANJ - BR37( 07-FEB-2018 ),4,E-RICKSHAW(P),25,10,32,0,0,4,4,2,41,19,4,5,146
2020,Bihar,KISHANGANJ - BR37( 07-FEB-2018 ),5,GOODS CARRIER,20,11,20,1,0,1,1,13,14,6,2,33,122
2020,Bihar,KISHANGANJ - BR37( 07-FEB-2018 ),6,M-CYCLE/SCOOTER,"1,483","2,515","5,902",74,52,"1,881","1,778","1,878","1,418","1,242","1,585","1,167","20,975"
2020,Bihar,KISHANGANJ - BR37( 07-FEB-2018 ),7,M-CYCLE/SCOOTER-WITH SIDE CAR,2,0,4,0,0,0,1,2,0,2,0,0,11
2020,Bihar,KISHANGANJ - BR37( 07-FEB-2018 ),8,MOPED,3,20,30,0,0,1,9,4,7,6,9,10,99
2020,Bihar,KISHANGANJ - BR37( 07-FEB-2018 ),9,MOTOR CAB,5,0,6,0,0,0,0,0,2,0,0,0,13
2020,Bihar,KISHANGANJ - BR37( 07-FEB-2018 ),10,MOTOR CAR,40,60,67,0,0,25,24,29,45,37,53,40,420
2020,Bihar,KISHANGANJ - BR37( 07-FEB-2018 ),11,THREE WHEELER (GOODS),5,23,28,0,0,3,2,10,15,6,6,6,104
2020,Bihar,KISHANGANJ - BR37( 07-FEB-2018 ),12,THREE WHEELER (PASSENGER),132,114,111,0,0,3,5,37,37,33,8,63,543
2020,Bihar,KISHANGANJ - BR37( 07-FEB-2018 ),13,TRACTOR (COMMERCIAL),36,108,161,2,23,75,28,83,87,90,57,186,936
2020,Bihar,KISHANGANJ - BR37( 07-FEB-2018 ),14,TRAILER (COMMERCIAL),0,11,7,0,0,0,0,0,0,0,0,0,18
2020,Bihar,LAKHISARAI - BR53( 27-JAN-2017 ),1,AGRICULTURAL TRACTOR,0,0,2,0,0,0,0,0,0,0,0,0,2
2020,Bihar,LAKHISARAI - BR53( 27-JAN-2017 ),2,BUS,1,2,1,0,0,0,0,0,1,0,0,0,5
2020,Bihar,LAKHISARAI - BR53( 27-JAN-2017 ),3,CONSTRUCTION EQUIPMENT VEHICLE,0,0,0,0,0,0,1,0,0,0,0,0,1
2020,Bihar,LAKHISARAI - BR53( 27-JAN-2017 ),4,E-RICKSHAW(P),11,5,13,0,0,5,15,0,44,24,17,12,146
2020,Bihar,LAKHISARAI - BR53( 27-JAN-2017 ),5,E-RICKSHAW WITH CART (G),0,14,0,0,0,0,0,0,0,0,0,0,14
2020,Bihar,LAKHISARAI - BR53( 27-JAN-2017 ),6,GOODS CARRIER,21,33,37,2,0,6,12,15,16,13,25,20,200
2020,Bihar,LAKHISARAI - BR53( 27-JAN-2017 ),7,MAXI CAB,0,1,0,0,0,0,0,0,0,0,0,1,2
2020,Bihar,LAKHISARAI - BR53( 27-JAN-2017 ),8,M-CYCLE/SCOOTER,364,338,886,0,0,313,297,324,395,250,517,429,"4,113"
2020,Bihar,LAKHISARAI - BR53( 27-JAN-2017 ),9,M-CYCLE/SCOOTER-WITH SIDE CAR,0,0,0,0,0,0,0,0,0,0,1,2,3
2020,Bihar,LAKHISARAI - BR53( 27-JAN-2017 ),10,MOPED,3,22,79,0,0,30,32,36,48,19,24,39,332
2020,Bihar,LAKHISARAI - BR53( 27-JAN-2017 ),11,MOTOR CAB,5,7,2,0,0,0,0,0,1,0,0,2,17
2020,Bihar,LAKHISARAI - BR53( 27-JAN-2017 ),12,MOTOR CAR,27,60,19,0,0,11,11,12,11,11,5,20,187
2020,Bihar,LAKHISARAI - BR53( 27-JAN-2017 ),13,MOTORISED CYCLE (CC > 25CC),1,0,0,0,0,0,0,0,0,0,0,0,1
2020,Bihar,LAKHISARAI - BR53( 27-JAN-2017 ),14,THREE WHEELER (GOODS),3,4,1,0,0,0,0,2,5,2,12,21,50
2020,Bihar,LAKHISARAI - BR53( 27-JAN-2017 ),15,THREE WHEELER (PASSENGER),55,36,27,1,0,0,13,17,51,7,7,7,221
2020,Bihar,LAKHISARAI - BR53( 27-JAN-2017 ),16,TRACTOR (COMMERCIAL),36,53,18,0,0,11,13,0,4,18,3,16,172
2020,Bihar,LAKHISARAI - BR53( 27-JAN-2017 ),17,TRAILER (AGRICULTURAL),0,0,2,0,0,0,0,0,0,0,0,0,2
2020,Bihar,LAKHISARAI - BR53( 27-JAN-2017 ),18,TRAILER (COMMERCIAL),24,38,2,0,0,0,1,3,0,0,1,9,78
2020,Bihar,MADHEPURA - BR43( 02-JUN-2017 ),1,AGRICULTURAL TRACTOR,28,38,6,0,0,0,73,0,0,6,86,48,285
2020,Bihar,MADHEPURA - BR43( 02-JUN-2017 ),2,BUS,0,2,1,0,0,0,0,0,0,0,0,0,3
2020,Bihar,MADHEPURA - BR43( 02-JUN-2017 ),3,CONSTRUCTION EQUIPMENT VEHICLE,0,0,0,0,0,2,1,1,2,0,0,1,7
2020,Bihar,MADHEPURA - BR43( 02-JUN-2017 ),4,E-RICKSHAW(P),1,2,11,0,0,12,1,7,14,5,12,5,70
2020,Bihar,MADHEPURA - BR43( 02-JUN-2017 ),5,E-RICKSHAW WITH CART (G),0,0,0,0,0,0,0,0,0,1,0,0,1
2020,Bihar,MADHEPURA - BR43( 02-JUN-2017 ),6,FIRE TENDERS,3,0,0,0,0,0,0,0,0,0,0,0,3
2020,Bihar,MADHEPURA - BR43( 02-JUN-2017 ),7,GOODS CARRIER,9,9,7,0,0,0,0,8,5,5,2,1,46
2020,Bihar,MADHEPURA - BR43( 02-JUN-2017 ),8,M-CYCLE/SCOOTER,"2,579","2,980","3,464",10,180,"1,629","1,067","2,126","1,544","1,014","2,422","1,262","20,277"
2020,Bihar,MADHEPURA - BR43( 02-JUN-2017 ),9,M-CYCLE/SCOOTER-WITH SIDE CAR,0,2,5,0,1,1,2,0,0,0,3,15,29
2020,Bihar,MADHEPURA - BR43( 02-JUN-2017 ),10,MOPED,11,23,25,0,0,7,5,9,17,5,15,19,136
2020,Bihar,MADHEPURA - BR43( 02-JUN-2017 ),11,MOTOR CAB,3,4,5,0,0,0,0,0,2,1,0,0,15
2020,Bihar,MADHEPURA - BR43( 02-JUN-2017 ),12,MOTOR CAR,35,37,62,0,0,5,7,16,24,13,8,12,219
2020,Bihar,MADHEPURA - BR43( 02-JUN-2017 ),13,MOTORISED CYCLE (CC > 25CC),0,0,0,0,0,0,0,1,0,0,0,0,1
2020,Bihar,MADHEPURA - BR43( 02-JUN-2017 ),14,OMNI BUS,1,0,0,0,0,0,0,0,0,0,0,0,1
2020,Bihar,MADHEPURA - BR43( 02-JUN-2017 ),15,THREE WHEELER (GOODS),60,43,90,0,0,22,24,14,34,24,48,25,384
2020,Bihar,MADHEPURA - BR43( 02-JUN-2017 ),16,THREE WHEELER (PASSENGER),223,131,201,0,0,4,36,57,90,46,37,18,843
2020,Bihar,MADHEPURA - BR43( 02-JUN-2017 ),17,TRACTOR (COMMERCIAL),99,194,133,1,0,127,125,85,99,129,39,123,"1,154"
2020,Bihar,MADHEPURA - BR43( 02-JUN-2017 ),18,TRAILER (AGRICULTURAL),1,2,0,0,0,0,1,0,0,0,1,0,5
2020,Bihar,MADHEPURA - BR43( 02-JUN-2017 ),19,TRAILER (COMMERCIAL),15,23,28,0,0,14,3,12,18,21,5,22,161
2020,Bihar,MADHUBANI - BR32( 01-FEB-2018 ),1,AGRICULTURAL TRACTOR,1,0,0,0,0,1,25,0,9,1,0,0,37
2020,Bihar,MADHUBANI - BR32( 01-FEB-2018 ),2,BUS,2,5,1,0,0,0,0,0,0,0,0,0,8
2020,Bihar,MADHUBANI - BR32( 01-FEB-2018 ),3,CONSTRUCTION EQUIPMENT VEHICLE,0,0,0,0,0,2,4,0,2,0,0,0,8
2020,Bihar,MADHUBANI - BR32( 01-FEB-2018 ),4,E-RICKSHAW(P),37,17,43,6,0,1,3,2,12,12,9,22,164
2020,Bihar,MADHUBANI - BR32( 01-FEB-2018 ),5,FIRE FIGHTING VEHICLE,0,0,7,0,0,0,0,0,0,0,0,0,7
2020,Bihar,MADHUBANI - BR32( 01-FEB-2018 ),6,GOODS CARRIER,46,44,87,0,0,7,5,18,17,12,33,20,289
2020,Bihar,MADHUBANI - BR32( 01-FEB-2018 ),7,M-CYCLE/SCOOTER,"2,313","3,198","4,891",27,561,"2,522","1,656","1,869","2,119","1,780","2,869","3,424","27,229"
2020,Bihar,MADHUBANI - BR32( 01-FEB-2018 ),8,M-CYCLE/SCOOTER-WITH SIDE CAR,2,6,12,0,0,6,1,8,2,2,0,3,42
2020,Bihar,MADHUBANI - BR32( 01-FEB-2018 ),9,MOPED,10,18,25,0,1,6,5,6,9,7,16,14,117
2020,Bihar,MADHUBANI - BR32( 01-FEB-2018 ),10,MOTOR CAB,2,7,15,0,0,0,0,5,6,0,0,2,37
2020,Bihar,MADHUBANI - BR32( 01-FEB-2018 ),11,MOTOR CAR,37,36,46,0,0,5,16,25,9,47,56,55,332
2020,Bihar,MADHUBANI - BR32( 01-FEB-2018 ),12,MOTORISED CYCLE (CC > 25CC),0,0,0,1,0,0,30,2,0,0,0,0,33
2020,Bihar,MADHUBANI - BR32( 01-FEB-2018 ),13,THREE WHEELER (GOODS),20,15,24,0,0,9,6,15,11,15,8,15,138
2020,Bihar,MADHUBANI - BR32( 01-FEB-2018 ),14,THREE WHEELER (PASSENGER),162,88,123,0,0,4,45,66,70,63,23,50,694
2020,Bihar,MADHUBANI - BR32( 01-FEB-2018 ),15,TRACTOR (COMMERCIAL),241,158,102,0,0,201,187,120,114,109,123,212,"1,567"
2020,Bihar,MADHUBANI - BR32( 01-FEB-2018 ),16,TRAILER (COMMERCIAL),15,20,5,0,0,9,7,7,5,7,7,8,90
2020,Bihar,MOTIHARI - BR5( 05-JUL-2017 ),1,AGRICULTURAL TRACTOR,0,2,13,0,0,35,206,179,143,240,152,243,"1,213"
2020,Bihar,MOTIHARI - BR5( 05-JUL-2017 ),2,AMBULANCE,0,0,1,0,0,0,0,0,1,0,0,0,2
2020,Bihar,MOTIHARI - BR5( 05-JUL-2017 ),3,BUS,3,9,6,0,0,0,0,0,0,0,0,2,20
2020,Bihar,MOTIHARI - BR5( 05-JUL-2017 ),4,CONSTRUCTION EQUIPMENT VEHICLE,8,10,17,0,0,14,7,9,14,9,9,17,114
2020,Bihar,MOTIHARI - BR5( 05-JUL-2017 ),5,E-RICKSHAW(P),37,62,60,0,0,21,28,58,39,48,17,33,403
2020,Bihar,MOTIHARI - BR5( 05-JUL-2017 ),6,GOODS CARRIER,54,75,83,0,0,36,20,60,52,41,69,50,540
2020,Bihar,MOTIHARI - BR5( 05-JUL-2017 ),7,MAXI CAB,0,5,4,0,0,0,0,0,0,3,4,1,17
2020,Bihar,MOTIHARI - BR5( 05-JUL-2017 ),8,M-CYCLE/SCOOTER,"3,453","4,373","8,862",12,0,"3,937","1,313","2,612","3,202","2,703","2,927","6,330","39,724"
2020,Bihar,MOTIHARI - BR5( 05-JUL-2017 ),9,M-CYCLE/SCOOTER-WITH SIDE CAR,3,4,3,0,0,1,1,1,0,3,2,10,28
2020,Bihar,MOTIHARI - BR5( 05-JUL-2017 ),10,MOPED,115,107,162,0,0,240,46,104,110,112,112,160,"1,268"
2020,Bihar,MOTIHARI - BR5( 05-JUL-2017 ),11,MOTOR CAB,4,10,6,0,0,0,1,2,4,1,2,1,31
2020,Bihar,MOTIHARI - BR5( 05-JUL-2017 ),12,MOTOR CAR,79,150,158,0,0,76,63,68,106,74,114,124,"1,012"
2020,Bihar,MOTIHARI - BR5( 05-JUL-2017 ),13,MOTORISED CYCLE (CC > 25CC),0,0,50,0,0,1,1,2,7,3,2,29,95
2020,Bihar,MOTIHARI - BR5( 05-JUL-2017 ),14,THREE WHEELER (GOODS),19,45,79,0,0,18,9,35,24,24,18,25,296
2020,Bihar,MOTIHARI - BR5( 05-JUL-2017 ),15,THREE WHEELER (PASSENGER),331,410,553,0,0,8,38,95,98,69,51,103,"1,756"
2020,Bihar,MOTIHARI - BR5( 05-JUL-2017 ),16,TRACTOR (COMMERCIAL),251,445,107,0,0,66,52,216,133,56,37,62,"1,425"
2020,Bihar,MOTIHARI - BR5( 05-JUL-2017 ),17,TRAILER (AGRICULTURAL),0,0,0,0,0,0,0,0,1,3,3,9,16
2020,Bihar,MOTIHARI - BR5( 05-JUL-2017 ),18,TRAILER (COMMERCIAL),31,29,21,0,0,19,13,11,12,5,6,30,177
2020,Bihar,MUNGER - BR8( 06-FEB-2018 ),1,BUS,0,0,2,0,0,0,0,0,1,0,0,0,3
2020,Bihar,MUNGER - BR8( 06-FEB-2018 ),2,CONSTRUCTION EQUIPMENT VEHICLE,0,0,0,0,0,1,0,0,0,0,0,1,2
2020,Bihar,MUNGER - BR8( 06-FEB-2018 ),3,E-RICKSHAW(P),40,28,81,0,0,51,29,41,37,37,39,34,417
2020,Bihar,MUNGER - BR8( 06-FEB-2018 ),4,E-RICKSHAW WITH CART (G),0,0,1,0,0,0,0,0,1,0,1,0,3
2020,Bihar,MUNGER - BR8( 06-FEB-2018 ),5,GOODS CARRIER,14,14,42,0,0,1,4,4,3,3,7,11,103
2020,Bihar,MUNGER - BR8( 06-FEB-2018 ),6,MAXI CAB,0,0,0,0,0,0,0,0,0,0,0,1,1
2020,Bihar,MUNGER - BR8( 06-FEB-2018 ),7,M-CYCLE/SCOOTER,746,625,"1,923",2,5,338,337,591,601,383,"1,038",727,"7,316"
2020,Bihar,MUNGER - BR8( 06-FEB-2018 ),8,M-CYCLE/SCOOTER-WITH SIDE CAR,2,3,2,0,0,0,0,0,1,0,0,1,9
2020,Bihar,MUNGER - BR8( 06-FEB-2018 ),9,MOTOR CAB,8,2,5,0,0,0,0,1,1,0,0,1,18
2020,Bihar,MUNGER - BR8( 06-FEB-2018 ),10,MOTOR CAR,34,16,54,0,0,0,4,5,5,8,16,15,157
2020,Bihar,MUNGER - BR8( 06-FEB-2018 ),11,MOTORISED CYCLE (CC > 25CC),0,0,0,0,0,0,0,0,1,0,0,2,3
2020,Bihar,MUNGER - BR8( 06-FEB-2018 ),12,THREE WHEELER (GOODS),10,3,16,0,0,1,2,1,0,2,0,2,37
2020,Bihar,MUNGER - BR8( 06-FEB-2018 ),13,THREE WHEELER (PASSENGER),64,13,92,0,0,1,5,5,26,3,4,8,221
2020,Bihar,MUNGER - BR8( 06-FEB-2018 ),14,TRACTOR (COMMERCIAL),12,23,21,0,3,13,12,1,36,25,17,5,168
2020,Bihar,MUNGER - BR8( 06-FEB-2018 ),15,TRAILER (COMMERCIAL),19,0,7,0,0,11,2,0,16,1,4,5,65
2020,Bihar,MUZAFFARPUR - BR6( 01-FEB-2018 ),1,AGRICULTURAL TRACTOR,1,0,0,0,9,25,96,1,22,20,28,41,243
2020,Bihar,MUZAFFARPUR - BR6( 01-FEB-2018 ),2,BUS,27,67,75,2,0,0,0,0,1,1,7,2,182
2020,Bihar,MUZAFFARPUR - BR6( 01-FEB-2018 ),3,CONSTRUCTION EQUIPMENT VEHICLE,2,0,0,0,0,17,2,12,13,3,6,10,65
2020,Bihar,MUZAFFARPUR - BR6( 01-FEB-2018 ),4,E-RICKSHAW(P),72,73,56,0,3,17,31,20,39,26,24,20,381
2020,Bihar,MUZAFFARPUR - BR6( 01-FEB-2018 ),5,E-RICKSHAW WITH CART (G),0,1,2,0,0,3,0,0,0,0,2,0,8
2020,Bihar,MUZAFFARPUR - BR6( 01-FEB-2018 ),6,GOODS CARRIER,258,350,353,0,7,107,90,125,219,154,186,151,"2,000"
2020,Bihar,MUZAFFARPUR - BR6( 01-FEB-2018 ),7,MAXI CAB,0,1,2,0,0,0,0,0,0,1,0,2,6
2020,Bihar,MUZAFFARPUR - BR6( 01-FEB-2018 ),8,M-CYCLE/SCOOTER,"5,232","7,129","9,427",82,"1,431","6,712","3,382","4,171","4,996","4,742","8,044","4,970","60,318"
2020,Bihar,MUZAFFARPUR - BR6( 01-FEB-2018 ),9,M-CYCLE/SCOOTER-WITH SIDE CAR,37,105,217,11,2,13,21,36,51,55,36,54,638
2020,Bihar,MUZAFFARPUR - BR6( 01-FEB-2018 ),10,MOPED,337,559,876,9,168,452,219,351,422,356,511,336,"4,596"
2020,Bihar,MUZAFFARPUR - BR6( 01-FEB-2018 ),11,MOTOR CAB,45,43,56,0,2,5,9,15,20,9,5,8,217
2020,Bihar,MUZAFFARPUR - BR6( 01-FEB-2018 ),12,MOTOR CAR,771,924,770,1,181,637,460,551,771,886,"1,203",823,"7,978"
2020,Bihar,MUZAFFARPUR - BR6( 01-FEB-2018 ),13,MOTORISED CYCLE (CC > 25CC),0,4,1,0,0,0,0,2,1,1,0,0,9
2020,Bihar,MUZAFFARPUR - BR6( 01-FEB-2018 ),14,THREE WHEELER (GOODS),89,82,108,0,14,21,29,54,59,44,59,75,634
2020,Bihar,MUZAFFARPUR - BR6( 01-FEB-2018 ),15,THREE WHEELER (PASSENGER),389,362,382,0,2,22,110,92,127,86,56,98,"1,726"
2020,Bihar,MUZAFFARPUR - BR6( 01-FEB-2018 ),16,TRACTOR (COMMERCIAL),78,113,134,3,37,164,122,55,109,134,116,133,"1,198"
2020,Bihar,MUZAFFARPUR - BR6( 01-FEB-2018 ),17,TRAILER (COMMERCIAL),9,5,5,0,0,1,3,1,3,9,4,4,44
2020,Bihar,NALANDA - BR21( 01-FEB-2018 ),1,ADAPTED VEHICLE,3,1,1,0,0,0,0,1,1,0,0,0,7
2020,Bihar,NALANDA - BR21( 01-FEB-2018 ),2,AGRICULTURAL TRACTOR,0,0,1,0,0,0,0,0,0,0,0,0,1
2020,Bihar,NALANDA - BR21( 01-FEB-2018 ),3,BUS,6,8,23,0,0,0,0,0,0,0,2,0,39
2020,Bihar,NALANDA - BR21( 01-FEB-2018 ),4,CONSTRUCTION EQUIPMENT VEHICLE,0,0,0,0,0,4,4,0,14,8,8,11,49
2020,Bihar,NALANDA - BR21( 01-FEB-2018 ),5,E-RICKSHAW(P),55,71,129,0,0,52,43,135,141,80,77,240,"1,023"
2020,Bihar,NALANDA - BR21( 01-FEB-2018 ),6,E-RICKSHAW WITH CART (G),0,0,0,0,0,0,0,0,1,0,0,3,4
2020,Bihar,NALANDA - BR21( 01-FEB-2018 ),7,GOODS CARRIER,42,50,88,1,0,13,3,10,20,14,23,13,277
2020,Bihar,NALANDA - BR21( 01-FEB-2018 ),8,MAXI CAB,0,0,2,0,0,0,0,0,0,0,0,0,2
2020,Bihar,NALANDA - BR21( 01-FEB-2018 ),9,M-CYCLE/SCOOTER,"1,344","2,087","2,916",11,249,"3,005","1,488","1,630","2,022","1,616","3,014","1,337","20,719"
2020,Bihar,NALANDA - BR21( 01-FEB-2018 ),10,M-CYCLE/SCOOTER-WITH SIDE CAR,3,1,3,0,0,0,0,0,0,1,4,7,19
2020,Bihar,NALANDA - BR21( 01-FEB-2018 ),11,MOPED,99,67,91,0,34,152,42,124,149,117,138,105,"1,118"
2020,Bihar,NALANDA - BR21( 01-FEB-2018 ),12,MOTOR CAB,8,5,15,0,0,1,1,2,7,1,1,1,42
2020,Bihar,NALANDA - BR21( 01-FEB-2018 ),13,MOTOR CAR,52,97,114,0,0,60,31,43,67,83,89,56,692
2020,Bihar,NALANDA - BR21( 01-FEB-2018 ),14,MOTORISED CYCLE (CC > 25CC),0,0,1,0,0,0,0,0,0,0,0,0,1
2020,Bihar,NALANDA - BR21( 01-FEB-2018 ),15,OMNI BUS,0,0,1,0,0,0,0,0,2,1,2,0,6
2020,Bihar,NALANDA - BR21( 01-FEB-2018 ),16,THREE WHEELER (GOODS),13,6,29,0,0,7,3,15,8,2,10,14,107
2020,Bihar,NALANDA - BR21( 01-FEB-2018 ),17,THREE WHEELER (PASSENGER),152,68,104,0,0,17,38,53,61,23,22,63,601
2020,Bihar,NALANDA - BR21( 01-FEB-2018 ),18,TRACTOR (COMMERCIAL),162,102,222,0,0,171,141,103,200,112,82,169,"1,464"
2020,Bihar,NALANDA - BR21( 01-FEB-2018 ),19,TRAILER (COMMERCIAL),97,88,106,0,0,51,41,59,89,78,0,15,624
2020,Bihar,NAWADA - BR27( 30-JAN-2018 ),1,AGRICULTURAL TRACTOR,0,0,0,0,0,0,0,0,0,2,0,17,19
2020,Bihar,NAWADA - BR27( 30-JAN-2018 ),2,BUS,4,4,8,0,0,0,0,0,0,2,1,2,21
2020,Bihar,NAWADA - BR27( 30-JAN-2018 ),3,CONSTRUCTION EQUIPMENT VEHICLE,0,0,0,0,0,7,2,6,9,19,11,14,68
2020,Bihar,NAWADA - BR27( 30-JAN-2018 ),4,E-RICKSHAW(P),32,46,76,0,0,39,21,40,60,47,50,59,470
2020,Bihar,NAWADA - BR27( 30-JAN-2018 ),5,FIRE FIGHTING VEHICLE,0,0,5,0,0,0,0,0,0,0,0,0,5
2020,Bihar,NAWADA - BR27( 30-JAN-2018 ),6,GOODS CARRIER,44,43,89,0,0,9,13,19,27,17,18,20,299
2020,Bihar,NAWADA - BR27( 30-JAN-2018 ),7,MAXI CAB,7,0,6,0,0,0,0,0,0,0,0,0,13
2020,Bihar,NAWADA - BR27( 30-JAN-2018 ),8,M-CYCLE/SCOOTER,685,"1,288","2,413",57,104,"1,258","1,262","1,087",499,"1,365","1,584",932,"12,534"
2020,Bihar,NAWADA - BR27( 30-JAN-2018 ),9,M-CYCLE/SCOOTER-WITH SIDE CAR,1,1,3,0,0,4,0,2,1,3,4,0,19
2020,Bihar,NAWADA - BR27( 30-JAN-2018 ),10,MOPED,20,22,47,0,6,60,32,84,22,43,45,34,415
2020,Bihar,NAWADA - BR27( 30-JAN-2018 ),11,MOTOR CAB,5,7,14,0,0,0,1,4,5,2,0,1,39
2020,Bihar,NAWADA - BR27( 30-JAN-2018 ),12,MOTOR CAR,21,56,46,0,0,37,33,31,43,41,69,35,412
2020,Bihar,NAWADA - BR27( 30-JAN-2018 ),13,MOTORISED CYCLE (CC > 25CC),0,0,0,0,0,0,1,0,0,0,0,0,1
2020,Bihar,NAWADA - BR27( 30-JAN-2018 ),14,OMNI BUS,0,0,2,0,0,0,0,0,0,0,0,0,2
2020,Bihar,NAWADA - BR27( 30-JAN-2018 ),15,THREE WHEELER (GOODS),5,2,20,0,0,0,0,2,2,4,3,0,38
2020,Bihar,NAWADA - BR27( 30-JAN-2018 ),16,THREE WHEELER (PASSENGER),75,100,265,0,0,0,15,13,25,19,13,32,557
2020,Bihar,NAWADA - BR27( 30-JAN-2018 ),17,TRACTOR (COMMERCIAL),141,49,264,0,0,50,76,278,54,109,70,176,"1,267"
2020,Bihar,NAWADA - BR27( 30-JAN-2018 ),18,TRAILER (AGRICULTURAL),1,0,0,0,0,0,0,0,0,0,0,0,1
2020,Bihar,NAWADA - BR27( 30-JAN-2018 ),19,TRAILER (COMMERCIAL),77,36,137,0,0,24,20,127,55,51,42,29,598
2020,Bihar,PATNA - BR1( 02-FEB-2018 ),1,ADAPTED VEHICLE,0,0,0,0,0,0,0,0,1,0,0,0,1
2020,Bihar,PATNA - BR1( 02-FEB-2018 ),2,AGRICULTURAL TRACTOR,0,0,4,0,0,0,0,0,0,1,0,1,6
2020,Bihar,PATNA - BR1( 02-FEB-2018 ),3,AMBULANCE,0,0,15,0,0,0,0,0,1,0,0,1,17
2020,Bihar,PATNA - BR1( 02-FEB-2018 ),4,BUS,50,29,114,0,0,1,0,3,14,1,5,4,221
2020,Bihar,PATNA - BR1( 02-FEB-2018 ),5,CONSTRUCTION EQUIPMENT VEHICLE,0,0,1,0,3,39,35,37,55,40,47,69,326
2020,Bihar,PATNA - BR1( 02-FEB-2018 ),6,E-RICKSHAW(P),227,247,128,0,16,130,56,86,138,181,135,186,"1,530"
2020,Bihar,PATNA - BR1( 02-FEB-2018 ),7,E-RICKSHAW WITH CART (G),14,1,1,0,0,5,0,3,2,4,2,1,33
2020,Bihar,PATNA - BR1( 02-FEB-2018 ),8,GOODS CARRIER,393,470,825,1,0,94,82,214,321,224,273,265,"3,162"
2020,Bihar,PATNA - BR1( 02-FEB-2018 ),9,MAXI CAB,3,10,54,0,0,0,0,0,1,1,5,0,74
2020,Bihar,PATNA - BR1( 02-FEB-2018 ),10,M-CYCLE/SCOOTER,"5,368","6,693","7,909",49,"2,529","8,949","3,168","6,919","7,457","7,307","12,564","6,227","75,139"
2020,Bihar,PATNA - BR1( 02-FEB-2018 ),11,M-CYCLE/SCOOTER-WITH SIDE CAR,23,27,32,0,31,37,9,32,40,40,63,32,366
2020,Bihar,PATNA - BR1( 02-FEB-2018 ),12,MOPED,161,200,161,3,83,318,88,302,379,234,268,224,"2,421"
2020,Bihar,PATNA - BR1( 02-FEB-2018 ),13,MOTOR CAB,127,135,229,0,13,40,29,60,69,67,120,53,942
2020,Bihar,PATNA - BR1( 02-FEB-2018 ),14,MOTOR CAR,"1,685","1,694","1,346",55,388,"1,515",870,"1,669","2,019","2,330","3,085","1,905","18,561"
2020,Bihar,PATNA - BR1( 02-FEB-2018 ),15,MOTORISED CYCLE (CC > 25CC),1,2,1,0,0,0,0,1,0,1,0,2,8
2020,Bihar,PATNA - BR1( 02-FEB-2018 ),16,OMNI BUS,2,0,11,9,0,0,0,0,0,0,1,1,24
2020,Bihar,PATNA - BR1( 02-FEB-2018 ),17,THREE WHEELER (GOODS),84,97,97,0,0,34,38,58,77,57,81,65,688
2020,Bihar,PATNA - BR1( 02-FEB-2018 ),18,THREE WHEELER (PASSENGER),623,647,557,0,1,49,122,166,327,293,331,290,"3,406"
2020,Bihar,PATNA - BR1( 02-FEB-2018 ),19,TRACTOR (COMMERCIAL),186,235,207,0,22,152,180,223,265,163,168,249,"2,050"
2020,Bihar,PATNA - BR1( 02-FEB-2018 ),20,TRAILER (COMMERCIAL),186,160,120,0,43,158,94,138,223,186,107,181,"1,596"
2020,Bihar,PURNEA - BR11( 23-JAN-2018 ),1,AGRICULTURAL TRACTOR,1,0,0,0,0,5,16,0,36,2,0,6,66
2020,Bihar,PURNEA - BR11( 23-JAN-2018 ),2,BUS,9,7,17,0,0,0,0,0,0,2,0,0,35
2020,Bihar,PURNEA - BR11( 23-JAN-2018 ),3,CONSTRUCTION EQUIPMENT VEHICLE,0,0,0,0,0,89,32,41,70,55,53,65,405
2020,Bihar,PURNEA - BR11( 23-JAN-2018 ),4,E-RICKSHAW(P),41,59,61,0,6,42,24,51,47,45,40,60,476
2020,Bihar,PURNEA - BR11( 23-JAN-2018 ),5,E-RICKSHAW WITH CART (G),1,0,0,0,0,0,0,0,0,0,0,0,1
2020,Bihar,PURNEA - BR11( 23-JAN-2018 ),6,GOODS CARRIER,245,286,303,0,7,111,63,178,130,139,141,116,"1,719"
2020,Bihar,PURNEA - BR11( 23-JAN-2018 ),7,MAXI CAB,1,0,0,0,0,0,0,0,2,1,0,0,4
2020,Bihar,PURNEA - BR11( 23-JAN-2018 ),8,M-CYCLE/SCOOTER,"3,502","3,841","5,268",48,0,"2,988","1,987","3,310","3,265","1,942","3,276","2,295","31,722"
2020,Bihar,PURNEA - BR11( 23-JAN-2018 ),9,M-CYCLE/SCOOTER-WITH SIDE CAR,2,16,30,0,0,33,13,39,29,13,19,12,206
2020,Bihar,PURNEA - BR11( 23-JAN-2018 ),10,MOPED,29,49,40,0,0,38,17,53,48,21,41,46,382
2020,Bihar,PURNEA - BR11( 23-JAN-2018 ),11,MOTOR CAB,22,28,45,0,1,2,5,6,15,3,8,4,139
2020,Bihar,PURNEA - BR11( 23-JAN-2018 ),12,MOTOR CAR,423,492,617,4,1,453,385,423,492,505,789,387,"4,971"
2020,Bihar,PURNEA - BR11( 23-JAN-2018 ),13,MOTORISED CYCLE (CC > 25CC),0,0,1,0,0,1,0,2,0,0,0,0,4
2020,Bihar,PURNEA - BR11( 23-JAN-2018 ),14,THREE WHEELER (GOODS),166,168,165,1,0,149,55,51,79,51,91,78,"1,054"
2020,Bihar,PURNEA - BR11( 23-JAN-2018 ),15,THREE WHEELER (PASSENGER),343,451,854,0,0,92,95,130,166,98,104,184,"2,517"
2020,Bihar,PURNEA - BR11( 23-JAN-2018 ),16,TRACTOR (COMMERCIAL),269,383,294,0,0,328,299,344,329,376,236,301,"3,159"
2020,Bihar,PURNEA - BR11( 23-JAN-2018 ),17,TRAILER (COMMERCIAL),25,16,25,0,0,20,8,14,75,50,80,12,325
2020,Bihar,ROHTAS - BR24( 09-FEB-2018 ),1,AGRICULTURAL TRACTOR,0,0,0,0,0,0,0,0,0,0,0,1,1
2020,Bihar,ROHTAS - BR24( 09-FEB-2018 ),2,AMBULANCE,0,0,0,0,0,0,0,0,1,0,0,0,1
2020,Bihar,ROHTAS - BR24( 09-FEB-2018 ),3,ARTICULATED VEHICLE,0,0,1,0,0,0,0,0,0,0,0,0,1
2020,Bihar,ROHTAS - BR24( 09-FEB-2018 ),4,BUS,20,10,33,0,0,0,0,0,0,0,0,3,66
2020,Bihar,ROHTAS - BR24( 09-FEB-2018 ),5,CONSTRUCTION EQUIPMENT VEHICLE,0,0,0,0,0,15,6,0,17,18,23,11,90
2020,Bihar,ROHTAS - BR24( 09-FEB-2018 ),6,CRANE MOUNTED VEHICLE,0,0,0,0,0,0,0,0,0,0,0,1,1
2020,Bihar,ROHTAS - BR24( 09-FEB-2018 ),7,E-RICKSHAW(P),1,6,3,0,0,6,2,7,12,3,2,6,48
2020,Bihar,ROHTAS - BR24( 09-FEB-2018 ),8,E-RICKSHAW WITH CART (G),0,0,0,0,0,0,0,0,0,1,0,0,1
2020,Bihar,ROHTAS - BR24( 09-FEB-2018 ),9,GOODS CARRIER,95,29,216,0,0,4,24,30,56,32,51,54,591
2020,Bihar,ROHTAS - BR24( 09-FEB-2018 ),10,M-CYCLE/SCOOTER,"1,425","2,095","4,383",194,2,"1,656","2,020","2,003","2,382","1,506","2,285","3,171","23,122"
2020,Bihar,ROHTAS - BR24( 09-FEB-2018 ),11,M-CYCLE/SCOOTER-WITH SIDE CAR,141,113,436,0,0,11,2,5,5,2,1,1,717
2020,Bihar,ROHTAS - BR24( 09-FEB-2018 ),12,MOPED,0,0,4,0,0,0,1,0,0,0,0,3,8
2020,Bihar,ROHTAS - BR24( 09-FEB-2018 ),13,MOTOR CAB,26,11,74,0,0,1,3,0,1,1,3,2,122
2020,Bihar,ROHTAS - BR24( 09-FEB-2018 ),14,MOTOR CAR,142,131,169,0,0,68,102,82,126,126,146,84,"1,176"
2020,Bihar,ROHTAS - BR24( 09-FEB-2018 ),15,MOTORISED CYCLE (CC > 25CC),1,0,1,0,0,0,0,0,0,0,0,0,2
2020,Bihar,ROHTAS - BR24( 09-FEB-2018 ),16,OMNI BUS,1,2,2,0,0,0,0,0,0,0,0,0,5
2020,Bihar,ROHTAS - BR24( 09-FEB-2018 ),17,THREE WHEELER (GOODS),12,11,37,18,0,6,10,7,15,3,3,17,139
2020,Bihar,ROHTAS - BR24( 09-FEB-2018 ),18,THREE WHEELER (PASSENGER),141,175,229,55,0,5,30,94,94,9,26,52,910
2020,Bihar,ROHTAS - BR24( 09-FEB-2018 ),19,TRACTOR (COMMERCIAL),136,186,127,3,7,192,216,171,181,186,106,214,"1,725"
2020,Bihar,ROHTAS - BR24( 09-FEB-2018 ),20,TRAILER (COMMERCIAL),27,23,11,0,0,21,12,12,9,4,2,4,125
2020,Bihar,SAHARSA - BR19( 29-JAN-2018 ),1,AGRICULTURAL TRACTOR,16,0,6,0,0,0,0,0,0,94,3,35,154
2020,Bihar,SAHARSA - BR19( 29-JAN-2018 ),2,BUS,2,0,5,0,0,0,0,0,0,0,0,0,7
2020,Bihar,SAHARSA - BR19( 29-JAN-2018 ),3,CONSTRUCTION EQUIPMENT VEHICLE,0,0,0,0,0,0,1,3,2,1,1,2,10
2020,Bihar,SAHARSA - BR19( 29-JAN-2018 ),4,E-RICKSHAW(P),8,52,72,0,0,16,16,20,34,42,18,34,312
2020,Bihar,SAHARSA - BR19( 29-JAN-2018 ),5,GOODS CARRIER,13,21,63,0,0,0,3,9,22,11,5,2,149
2020,Bihar,SAHARSA - BR19( 29-JAN-2018 ),6,M-CYCLE/SCOOTER,"1,287","1,323","2,176",444,0,"1,194",715,"1,162",839,771,"1,322","1,006","12,239"
2020,Bihar,SAHARSA - BR19( 29-JAN-2018 ),7,M-CYCLE/SCOOTER-WITH SIDE CAR,2,1,2,2,0,1,0,0,0,1,1,2,12
2020,Bihar,SAHARSA - BR19( 29-JAN-2018 ),8,MOTOR CAB,3,2,19,0,0,0,3,4,3,1,1,1,37
2020,Bihar,SAHARSA - BR19( 29-JAN-2018 ),9,MOTOR CAR,54,45,68,0,0,12,19,28,24,34,22,21,327
2020,Bihar,SAHARSA - BR19( 29-JAN-2018 ),10,THREE WHEELER (GOODS),17,27,63,0,0,2,13,20,20,18,25,19,224
2020,Bihar,SAHARSA - BR19( 29-JAN-2018 ),11,THREE WHEELER (PASSENGER),131,80,316,0,0,2,32,51,43,19,27,49,750
2020,Bihar,SAHARSA - BR19( 29-JAN-2018 ),12,TRACTOR (COMMERCIAL),27,92,105,0,0,112,124,54,48,92,21,133,808
2020,Bihar,SAHARSA - BR19( 29-JAN-2018 ),13,TRAILER (COMMERCIAL),12,24,26,0,0,9,9,7,16,15,3,26,147
2020,Bihar,SAMASTIPUR - BR33( 06-JUL-2017 ),1,AGRICULTURAL TRACTOR,110,72,102,0,1,34,141,114,143,90,37,261,"1,105"
2020,Bihar,SAMASTIPUR - BR33( 06-JUL-2017 ),2,BUS,2,5,4,0,0,0,0,0,0,0,0,0,11
2020,Bihar,SAMASTIPUR - BR33( 06-JUL-2017 ),3,CONSTRUCTION EQUIPMENT VEHICLE,9,3,0,0,0,2,5,0,1,1,0,2,23
2020,Bihar,SAMASTIPUR - BR33( 06-JUL-2017 ),4,E-RICKSHAW(P),55,62,160,0,0,16,35,34,57,29,34,77,559
2020,Bihar,SAMASTIPUR - BR33( 06-JUL-2017 ),5,E-RICKSHAW WITH CART (G),1,0,0,0,0,0,0,1,0,3,0,1,6
2020,Bihar,SAMASTIPUR - BR33( 06-JUL-2017 ),6,GOODS CARRIER,48,46,113,0,0,0,14,37,33,31,32,34,388
2020,Bihar,SAMASTIPUR - BR33( 06-JUL-2017 ),7,M-CYCLE/SCOOTER,"2,977","3,449","5,431",49,330,"4,339","2,641","2,747","2,718","2,524","5,057","3,989","36,251"
2020,Bihar,SAMASTIPUR - BR33( 06-JUL-2017 ),8,M-CYCLE/SCOOTER-WITH SIDE CAR,2,2,6,0,1,73,155,43,6,3,2,1,294
2020,Bihar,SAMASTIPUR - BR33( 06-JUL-2017 ),9,MOPED,12,22,27,0,12,29,7,17,30,21,29,9,215
2020,Bihar,SAMASTIPUR - BR33( 06-JUL-2017 ),10,MOTOR CAB,4,1,24,0,0,0,0,0,1,2,1,0,33
2020,Bihar,SAMASTIPUR - BR33( 06-JUL-2017 ),11,MOTOR CAR,55,69,82,0,0,15,32,38,41,36,47,33,448
2020,Bihar,SAMASTIPUR - BR33( 06-JUL-2017 ),12,MOTORISED CYCLE (CC > 25CC),0,0,1,0,0,1,0,1,0,0,0,0,3
2020,Bihar,SAMASTIPUR - BR33( 06-JUL-2017 ),13,THREE WHEELER (GOODS),24,16,52,0,6,11,11,9,17,9,18,24,197
2020,Bihar,SAMASTIPUR - BR33( 06-JUL-2017 ),14,THREE WHEELER (PASSENGER),155,157,262,3,3,8,43,50,59,31,17,52,840
2020,Bihar,SAMASTIPUR - BR33( 06-JUL-2017 ),15,TRACTOR (COMMERCIAL),143,100,140,0,1,9,103,62,61,42,16,96,773
2020,Bihar,SAMASTIPUR - BR33( 06-JUL-2017 ),16,TRAILER (AGRICULTURAL),1,1,0,0,0,0,0,0,0,0,0,0,2
2020,Bihar,SAMASTIPUR - BR33( 06-JUL-2017 ),17,TRAILER (COMMERCIAL),25,37,60,0,0,0,23,15,25,10,2,21,218
2020,Bihar,SHEIKHPURA - BR52( 17-JUL-2017 ),1,AGRICULTURAL TRACTOR,2,1,1,0,0,0,1,7,0,4,2,3,21
2020,Bihar,SHEIKHPURA - BR52( 17-JUL-2017 ),2,BUS,2,1,5,0,0,0,0,0,0,0,0,0,8
2020,Bihar,SHEIKHPURA - BR52( 17-JUL-2017 ),3,CONSTRUCTION EQUIPMENT VEHICLE,0,0,0,0,0,0,2,0,0,1,5,1,9
2020,Bihar,SHEIKHPURA - BR52( 17-JUL-2017 ),4,E-RICKSHAW(P),12,3,4,0,1,6,2,2,30,28,27,9,124
2020,Bihar,SHEIKHPURA - BR52( 17-JUL-2017 ),5,E-RICKSHAW WITH CART (G),0,0,0,0,0,0,0,0,0,0,0,1,1
2020,Bihar,SHEIKHPURA - BR52( 17-JUL-2017 ),6,FIRE FIGHTING VEHICLE,2,0,0,0,0,0,0,0,0,0,0,0,2
2020,Bihar,SHEIKHPURA - BR52( 17-JUL-2017 ),7,GOODS CARRIER,14,14,22,0,0,1,0,7,17,11,10,6,102
2020,Bihar,SHEIKHPURA - BR52( 17-JUL-2017 ),8,MAXI CAB,0,1,2,0,0,0,0,0,0,0,0,0,3
2020,Bihar,SHEIKHPURA - BR52( 17-JUL-2017 ),9,M-CYCLE/SCOOTER,159,263,704,0,15,178,463,367,300,211,439,322,"3,421"
2020,Bihar,SHEIKHPURA - BR52( 17-JUL-2017 ),10,M-CYCLE/SCOOTER-WITH SIDE CAR,0,0,3,0,0,0,1,2,0,1,0,0,7
2020,Bihar,SHEIKHPURA - BR52( 17-JUL-2017 ),11,MOTOR CAB,3,2,8,0,0,0,1,2,0,2,2,0,20
2020,Bihar,SHEIKHPURA - BR52( 17-JUL-2017 ),12,MOTOR CAR,7,10,11,0,0,2,4,1,5,5,7,8,60
2020,Bihar,SHEIKHPURA - BR52( 17-JUL-2017 ),13,OMNI BUS,1,0,0,0,0,0,0,0,0,0,0,0,1
2020,Bihar,SHEIKHPURA - BR52( 17-JUL-2017 ),14,THREE WHEELER (GOODS),0,3,1,0,0,2,1,1,2,1,2,2,15
2020,Bihar,SHEIKHPURA - BR52( 17-JUL-2017 ),15,THREE WHEELER (PASSENGER),21,7,46,0,0,1,1,5,8,4,5,5,103
2020,Bihar,SHEIKHPURA - BR52( 17-JUL-2017 ),16,TRACTOR (COMMERCIAL),60,54,24,0,0,27,36,30,30,11,21,23,316
2020,Bihar,SHEIKHPURA - BR52( 17-JUL-2017 ),17,TRAILER (COMMERCIAL),33,8,31,0,0,3,7,13,34,11,1,7,148
2020,Bihar,SHEOHAR - BR55( 07-JUN-2017 ),1,AGRICULTURAL TRACTOR,0,0,0,0,0,0,0,1,0,0,0,0,1
2020,Bihar,SHEOHAR - BR55( 07-JUN-2017 ),2,BUS,0,1,0,0,0,0,0,0,0,0,0,0,1
2020,Bihar,SHEOHAR - BR55( 07-JUN-2017 ),3,CONSTRUCTION EQUIPMENT VEHICLE,0,0,0,0,0,0,3,0,1,1,0,1,6
2020,Bihar,SHEOHAR - BR55( 07-JUN-2017 ),4,GOODS CARRIER,7,4,1,0,0,0,0,0,0,0,0,0,12
2020,Bihar,SHEOHAR - BR55( 07-JUN-2017 ),5,M-CYCLE/SCOOTER,247,294,383,0,23,153,143,210,211,160,219,345,"2,388"
2020,Bihar,SHEOHAR - BR55( 07-JUN-2017 ),6,M-CYCLE/SCOOTER-WITH SIDE CAR,0,0,1,0,0,1,0,0,2,0,0,0,4
2020,Bihar,SHEOHAR - BR55( 07-JUN-2017 ),7,MOPED,0,9,0,0,0,0,0,5,4,2,4,0,24
2020,Bihar,SHEOHAR - BR55( 07-JUN-2017 ),8,MOTOR CAB,1,1,0,0,0,0,1,0,0,0,0,0,3
2020,Bihar,SHEOHAR - BR55( 07-JUN-2017 ),9,MOTOR CAR,4,2,4,0,0,1,1,0,1,2,1,1,17
2020,Bihar,SHEOHAR - BR55( 07-JUN-2017 ),10,THREE WHEELER (GOODS),1,0,0,0,0,0,0,0,0,0,0,0,1
2020,Bihar,SHEOHAR - BR55( 07-JUN-2017 ),11,THREE WHEELER (PASSENGER),59,9,22,0,0,0,3,13,5,0,0,0,111
2020,Bihar,SHEOHAR - BR55( 07-JUN-2017 ),12,TRACTOR (COMMERCIAL),28,24,17,0,0,35,24,25,22,9,27,17,228
2020,Bihar,SHEOHAR - BR55( 07-JUN-2017 ),13,TRAILER (COMMERCIAL),1,3,2,0,0,3,0,0,0,0,6,6,21
2020,Bihar,SITAMARHI - BR30( 29-JAN-2018 ),1,AGRICULTURAL TRACTOR,2,0,0,0,0,0,44,42,58,89,17,42,294
2020,Bihar,SITAMARHI - BR30( 29-JAN-2018 ),2,BUS,2,5,3,1,0,0,0,0,0,1,1,0,13
2020,Bihar,SITAMARHI - BR30( 29-JAN-2018 ),3,CONSTRUCTION EQUIPMENT VEHICLE,0,0,0,0,0,8,2,2,4,6,0,5,27
2020,Bihar,SITAMARHI - BR30( 29-JAN-2018 ),4,E-RICKSHAW(P),23,44,47,4,3,12,8,29,31,16,6,12,235
2020,Bihar,SITAMARHI - BR30( 29-JAN-2018 ),5,E-RICKSHAW WITH CART (G),5,0,1,0,0,0,0,0,1,0,0,0,7
2020,Bihar,SITAMARHI - BR30( 29-JAN-2018 ),6,GOODS CARRIER,8,23,15,0,0,0,0,1,5,3,2,3,60
2020,Bihar,SITAMARHI - BR30( 29-JAN-2018 ),7,MAXI CAB,2,4,0,0,0,0,0,0,0,0,0,0,6
2020,Bihar,SITAMARHI - BR30( 29-JAN-2018 ),8,M-CYCLE/SCOOTER,"2,152","2,931","6,023",1,5,"1,672","1,055","1,655","1,812","1,569","2,509","2,488","23,872"
2020,Bihar,SITAMARHI - BR30( 29-JAN-2018 ),9,M-CYCLE/SCOOTER-WITH SIDE CAR,83,102,130,0,0,56,38,22,20,7,2,30,490
2020,Bihar,SITAMARHI - BR30( 29-JAN-2018 ),10,MOPED,0,37,47,0,0,2,3,16,9,12,7,6,139
2020,Bihar,SITAMARHI - BR30( 29-JAN-2018 ),11,MOTOR CAB,3,7,2,0,0,0,0,0,0,0,1,0,13
2020,Bihar,SITAMARHI - BR30( 29-JAN-2018 ),12,MOTOR CAR,7,10,25,0,0,6,4,10,7,4,16,6,95
2020,Bihar,SITAMARHI - BR30( 29-JAN-2018 ),13,OMNI BUS (PRIVATE USE),1,0,0,0,0,0,0,0,0,0,0,0,1
2020,Bihar,SITAMARHI - BR30( 29-JAN-2018 ),14,THREE WHEELER (GOODS),18,13,33,0,0,22,11,11,24,18,7,8,165
2020,Bihar,SITAMARHI - BR30( 29-JAN-2018 ),15,THREE WHEELER (PASSENGER),260,142,138,0,2,10,84,70,83,26,22,89,926
2020,Bihar,SITAMARHI - BR30( 29-JAN-2018 ),16,TRACTOR (COMMERCIAL),84,197,102,2,30,83,181,49,56,98,81,112,"1,075"
2020,Bihar,SITAMARHI - BR30( 29-JAN-2018 ),17,TRAILER (COMMERCIAL),1,2,6,0,0,1,5,18,11,16,10,19,89
2020,Bihar,SIWAN - BR29( 29-JAN-2018 ),1,AGRICULTURAL TRACTOR,186,28,144,4,0,242,190,54,70,116,68,171,"1,273"
2020,Bihar,SIWAN - BR29( 29-JAN-2018 ),2,BUS,9,12,17,0,0,0,0,0,0,0,0,1,39
2020,Bihar,SIWAN - BR29( 29-JAN-2018 ),3,CONSTRUCTION EQUIPMENT VEHICLE,0,0,0,0,0,4,0,4,1,2,1,5,17
2020,Bihar,SIWAN - BR29( 29-JAN-2018 ),4,E-RICKSHAW(P),24,20,50,3,0,8,9,4,39,24,28,30,239
2020,Bihar,SIWAN - BR29( 29-JAN-2018 ),5,E-RICKSHAW WITH CART (G),0,0,0,0,0,1,0,0,0,0,0,0,1
2020,Bihar,SIWAN - BR29( 29-JAN-2018 ),6,FIRE FIGHTING VEHICLE,8,3,2,0,0,0,0,0,0,0,0,0,13
2020,Bihar,SIWAN - BR29( 29-JAN-2018 ),7,GOODS CARRIER,59,105,95,0,0,19,16,48,62,56,57,52,569
2020,Bihar,SIWAN - BR29( 29-JAN-2018 ),8,MAXI CAB,12,4,4,0,0,0,1,0,2,0,0,0,23
2020,Bihar,SIWAN - BR29( 29-JAN-2018 ),9,M-CYCLE/SCOOTER,"2,144","2,331","6,768",5,271,"1,443","1,673","2,005","2,317","2,317","3,314","5,251","29,839"
2020,Bihar,SIWAN - BR29( 29-JAN-2018 ),10,M-CYCLE/SCOOTER-WITH SIDE CAR,1,1,0,0,0,0,0,1,1,5,0,3,12
2020,Bihar,SIWAN - BR29( 29-JAN-2018 ),11,MOPED,105,107,99,0,33,71,38,56,84,64,102,38,797
2020,Bihar,SIWAN - BR29( 29-JAN-2018 ),12,MOTOR CAB,15,11,13,0,0,2,4,13,11,10,5,1,85
2020,Bihar,SIWAN - BR29( 29-JAN-2018 ),13,MOTOR CAR,145,150,134,2,19,85,86,124,152,123,189,123,"1,332"
2020,Bihar,SIWAN - BR29( 29-JAN-2018 ),14,THREE WHEELER (GOODS),2,7,16,0,0,0,1,1,0,0,3,3,33
2020,Bihar,SIWAN - BR29( 29-JAN-2018 ),15,THREE WHEELER (PASSENGER),114,141,179,0,0,0,11,33,39,54,32,37,640
2020,Bihar,SIWAN - BR29( 29-JAN-2018 ),16,TRACTOR (COMMERCIAL),11,6,24,0,0,43,45,30,29,37,13,17,255
2020,Bihar,SIWAN - BR29( 29-JAN-2018 ),17,TRAILER (COMMERCIAL),4,6,7,0,0,2,5,15,11,8,2,3,63
2020,Bihar,SUPAUL - BR50( 29-JAN-2018 ),1,AGRICULTURAL TRACTOR,2,7,6,0,1,9,4,2,0,0,0,12,43
2020,Bihar,SUPAUL - BR50( 29-JAN-2018 ),2,BUS,2,1,1,0,0,0,0,0,0,0,2,0,6
2020,Bihar,SUPAUL - BR50( 29-JAN-2018 ),3,CONSTRUCTION EQUIPMENT VEHICLE,0,0,0,0,0,1,0,3,1,0,0,3,8
2020,Bihar,SUPAUL - BR50( 29-JAN-2018 ),4,E-RICKSHAW(P),7,23,13,0,3,16,15,14,34,24,10,21,180
2020,Bihar,SUPAUL - BR50( 29-JAN-2018 ),5,E-RICKSHAW WITH CART (G),0,0,0,0,0,0,0,0,1,0,0,0,1
2020,Bihar,SUPAUL - BR50( 29-JAN-2018 ),6,GOODS CARRIER,26,49,72,0,0,5,8,16,34,16,14,36,276
2020,Bihar,SUPAUL - BR50( 29-JAN-2018 ),7,M-CYCLE/SCOOTER,"2,476","3,602","5,274",455,0,"2,535","1,254","1,931","1,739","1,260","2,689","1,640","24,855"
2020,Bihar,SUPAUL - BR50( 29-JAN-2018 ),8,M-CYCLE/SCOOTER-WITH SIDE CAR,12,17,21,10,0,3,2,14,16,13,15,5,128
2020,Bihar,SUPAUL - BR50( 29-JAN-2018 ),9,MOPED,3,9,14,0,0,2,1,1,2,8,6,5,51
2020,Bihar,SUPAUL - BR50( 29-JAN-2018 ),10,MOTOR CAB,6,7,16,0,0,0,0,6,3,0,1,1,40
2020,Bihar,SUPAUL - BR50( 29-JAN-2018 ),11,MOTOR CAR,26,66,57,1,0,15,15,25,26,38,33,25,327
2020,Bihar,SUPAUL - BR50( 29-JAN-2018 ),12,MOTORISED CYCLE (CC > 25CC),0,0,1,0,0,0,0,0,0,1,0,0,2
2020,Bihar,SUPAUL - BR50( 29-JAN-2018 ),13,THREE WHEELER (GOODS),29,36,35,0,4,31,36,70,71,47,45,52,456
2020,Bihar,SUPAUL - BR50( 29-JAN-2018 ),14,THREE WHEELER (PASSENGER),109,99,149,0,2,29,40,35,62,30,53,100,708
2020,Bihar,SUPAUL - BR50( 29-JAN-2018 ),15,TRACTOR (COMMERCIAL),97,124,91,1,3,122,178,141,173,113,76,292,"1,411"
2020,Bihar,SUPAUL - BR50( 29-JAN-2018 ),16,TRAILER (COMMERCIAL),33,19,21,0,4,5,1,13,13,6,0,5,120
2020,Bihar,VAISHALI - BR31( 13-FEB-2018 ),1,AGRICULTURAL TRACTOR,0,0,0,0,1,4,13,29,9,17,4,7,84
2020,Bihar,VAISHALI - BR31( 13-FEB-2018 ),2,BUS,9,14,15,0,0,0,0,0,0,0,0,0,38
2020,Bihar,VAISHALI - BR31( 13-FEB-2018 ),3,CONSTRUCTION EQUIPMENT VEHICLE,0,0,0,0,5,4,5,2,14,4,4,9,47
2020,Bihar,VAISHALI - BR31( 13-FEB-2018 ),4,E-RICKSHAW(P),83,67,36,0,7,24,31,24,53,52,52,66,495
2020,Bihar,VAISHALI - BR31( 13-FEB-2018 ),5,E-RICKSHAW WITH CART (G),0,0,2,0,0,0,0,0,1,0,0,0,3
2020,Bihar,VAISHALI - BR31( 13-FEB-2018 ),6,GOODS CARRIER,77,104,99,0,4,33,22,48,82,57,63,46,635
2020,Bihar,VAISHALI - BR31( 13-FEB-2018 ),7,MAXI CAB,1,2,5,0,0,0,0,0,0,0,0,0,8
2020,Bihar,VAISHALI - BR31( 13-FEB-2018 ),8,M-CYCLE/SCOOTER,"1,804","2,288","3,855",0,309,"2,688","1,561","1,789","1,923","1,973","3,665","3,129","24,984"
2020,Bihar,VAISHALI - BR31( 13-FEB-2018 ),9,M-CYCLE/SCOOTER-WITH SIDE CAR,4,4,0,0,1,6,4,2,1,2,2,5,31
2020,Bihar,VAISHALI - BR31( 13-FEB-2018 ),10,MOPED,79,177,208,0,26,86,53,78,80,66,83,88,"1,024"
2020,Bihar,VAISHALI - BR31( 13-FEB-2018 ),11,MOTOR CAB,31,22,17,0,1,5,10,8,6,6,2,1,109
2020,Bihar,VAISHALI - BR31( 13-FEB-2018 ),12,MOTOR CAR,181,239,201,0,68,155,114,136,198,184,273,170,"1,919"
2020,Bihar,VAISHALI - BR31( 13-FEB-2018 ),13,MOTORISED CYCLE (CC > 25CC),20,17,44,0,0,20,7,45,12,34,81,29,309
2020,Bihar,VAISHALI - BR31( 13-FEB-2018 ),14,THREE WHEELER (GOODS),24,21,28,0,0,14,2,5,5,5,24,9,137
2020,Bihar,VAISHALI - BR31( 13-FEB-2018 ),15,THREE WHEELER (PASSENGER),144,162,204,0,0,1,18,23,55,21,21,21,670
2020,Bihar,VAISHALI - BR31( 13-FEB-2018 ),16,TRACTOR (COMMERCIAL),160,109,107,1,34,134,138,94,121,162,121,103,"1,284"
2020,Bihar,VAISHALI - BR31( 13-FEB-2018 ),17,TRAILER (COMMERCIAL),95,61,24,0,1,60,8,63,66,54,75,70,577
2019,Bihar,ARARIA - BR38( 30-JAN-2018 ),1,AGRICULTURAL TRACTOR,0,0,0,0,1,4,13,29,9,17,4,7,84
2019,Bihar,ARARIA - BR38( 30-JAN-2018 ),2,BUS,9,14,15,0,0,0,0,0,0,0,0,0,38
2019,Bihar,ARARIA - BR38( 30-JAN-2018 ),3,CONSTRUCTION EQUIPMENT VEHICLE,0,0,0,0,5,4,5,2,14,4,4,9,47
2019,Bihar,ARARIA - BR38( 30-JAN-2018 ),4,E-RICKSHAW(P),83,67,36,0,7,24,31,24,53,52,52,66,495
2019,Bihar,ARARIA - BR38( 30-JAN-2018 ),5,E-RICKSHAW WITH CART (G),0,0,2,0,0,0,0,0,1,0,0,0,3
2019,Bihar,ARARIA - BR38( 30-JAN-2018 ),6,GOODS CARRIER,77,104,99,0,4,33,22,48,82,57,63,46,635
2019,Bihar,ARARIA - BR38( 30-JAN-2018 ),7,MAXI CAB,1,2,5,0,0,0,0,0,0,0,0,0,8
2019,Bihar,ARARIA - BR38( 30-JAN-2018 ),8,M-CYCLE/SCOOTER,"1,804","2,288","3,855",0,309,"2,688","1,561","1,789","1,923","1,973","3,665","3,129","24,984"
2019,Bihar,ARARIA - BR38( 30-JAN-2018 ),9,M-CYCLE/SCOOTER-WITH SIDE CAR,4,4,0,0,1,6,4,2,1,2,2,5,31
2019,Bihar,ARARIA - BR38( 30-JAN-2018 ),10,MOPED,79,177,208,0,26,86,53,78,80,66,83,88,"1,024"
2019,Bihar,ARARIA - BR38( 30-JAN-2018 ),11,MOTOR CAB,31,22,17,0,1,5,10,8,6,6,2,1,109
2019,Bihar,ARARIA - BR38( 30-JAN-2018 ),12,MOTOR CAR,181,239,201,0,68,155,114,136,198,184,273,170,"1,919"
2019,Bihar,ARARIA - BR38( 30-JAN-2018 ),13,MOTORISED CYCLE (CC > 25CC),20,17,44,0,0,20,7,45,12,34,81,29,309
2019,Bihar,ARARIA - BR38( 30-JAN-2018 ),14,THREE WHEELER (GOODS),24,21,28,0,0,14,2,5,5,5,24,9,137
2019,Bihar,ARARIA - BR38( 30-JAN-2018 ),15,THREE WHEELER (PASSENGER),144,162,204,0,0,1,18,23,55,21,21,21,670
2019,Bihar,ARARIA - BR38( 30-JAN-2018 ),16,TRACTOR (COMMERCIAL),160,109,107,1,34,134,138,94,121,162,121,103,"1,284"
2019,Bihar,ARARIA - BR38( 30-JAN-2018 ),17,TRAILER (COMMERCIAL),95,61,24,0,1,60,8,63,66,54,75,70,577
2019,Bihar,ARAWAL - BR56( 22-MAY-2017 ),1,BUS,0,1,1,0,5,0,0,0,1,0,2,0,10
2019,Bihar,ARAWAL - BR56( 22-MAY-2017 ),2,E-RICKSHAW(P),0,0,0,0,0,0,0,0,0,0,1,0,1
2019,Bihar,ARAWAL - BR56( 22-MAY-2017 ),3,GOODS CARRIER,4,5,7,10,1,7,2,3,1,1,6,3,50
2019,Bihar,ARAWAL - BR56( 22-MAY-2017 ),4,MAXI CAB,1,0,0,0,0,2,0,0,0,0,0,0,3
2019,Bihar,ARAWAL - BR56( 22-MAY-2017 ),5,M-CYCLE/SCOOTER,97,323,413,150,264,204,290,374,292,119,130,148,"2,804"
2019,Bihar,ARAWAL - BR56( 22-MAY-2017 ),6,M-CYCLE/SCOOTER-WITH SIDE CAR,0,0,1,1,1,0,0,0,0,0,0,1,4
2019,Bihar,ARAWAL - BR56( 22-MAY-2017 ),7,MOPED,6,7,0,0,0,0,0,0,5,34,41,73,166
2019,Bihar,ARAWAL - BR56( 22-MAY-2017 ),8,MOTOR CAB,2,2,0,2,6,1,3,0,2,0,0,1,19
2019,Bihar,ARAWAL - BR56( 22-MAY-2017 ),9,MOTOR CAR,4,5,5,7,5,1,3,1,1,7,4,7,50
2019,Bihar,ARAWAL - BR56( 22-MAY-2017 ),10,MOTORISED CYCLE (CC > 25CC),0,0,0,0,0,1,0,0,0,0,1,0,2
2019,Bihar,ARAWAL - BR56( 22-MAY-2017 ),11,OMNI BUS,0,0,0,1,0,0,0,0,0,0,1,0,2
2019,Bihar,ARAWAL - BR56( 22-MAY-2017 ),12,THREE WHEELER (GOODS),1,1,3,3,1,1,3,3,2,3,4,4,29
2019,Bihar,ARAWAL - BR56( 22-MAY-2017 ),13,THREE WHEELER (PASSENGER),2,17,18,17,19,9,21,18,27,26,17,20,211
2019,Bihar,ARAWAL - BR56( 22-MAY-2017 ),14,TRACTOR (COMMERCIAL),3,0,30,14,6,4,19,10,13,8,7,19,133
2019,Bihar,ARAWAL - BR56( 22-MAY-2017 ),15,TRAILER (COMMERCIAL),3,0,27,13,5,3,19,5,10,6,8,18,117
2019,Bihar,AURANGABAD - BR26( 13-JUN-2017 ),1,ARTICULATED VEHICLE,1,0,0,0,0,0,0,0,0,0,0,0,1
2019,Bihar,AURANGABAD - BR26( 13-JUN-2017 ),2,BUS,4,3,0,2,14,3,4,2,1,1,11,4,49
2019,Bihar,AURANGABAD - BR26( 13-JUN-2017 ),3,CONSTRUCTION EQUIPMENT VEHICLE,0,0,0,0,1,0,0,0,0,0,0,0,1
2019,Bihar,AURANGABAD - BR26( 13-JUN-2017 ),4,E-RICKSHAW(P),0,0,5,0,0,2,25,26,29,34,20,13,154
2019,Bihar,AURANGABAD - BR26( 13-JUN-2017 ),5,GOODS CARRIER,59,40,70,31,35,53,36,36,49,74,61,51,595
2019,Bihar,AURANGABAD - BR26( 13-JUN-2017 ),6,MAXI CAB,0,1,0,0,1,2,1,1,5,5,7,8,31
2019,Bihar,AURANGABAD - BR26( 13-JUN-2017 ),7,M-CYCLE/SCOOTER,869,"1,105","1,577","1,122","2,064","1,190","1,068",735,726,929,"1,730",615,"13,730"
2019,Bihar,AURANGABAD - BR26( 13-JUN-2017 ),8,M-CYCLE/SCOOTER-WITH SIDE CAR,1,0,1,0,2,3,8,0,48,2,0,5,70
2019,Bihar,AURANGABAD - BR26( 13-JUN-2017 ),9,MOPED,16,23,85,35,38,48,34,33,61,55,73,67,568
2019,Bihar,AURANGABAD - BR26( 13-JUN-2017 ),10,MOTOR CAB,9,13,13,2,11,5,17,13,2,14,12,8,119
2019,Bihar,AURANGABAD - BR26( 13-JUN-2017 ),11,MOTOR CAR,22,24,41,13,27,29,42,46,20,57,61,51,433
2019,Bihar,AURANGABAD - BR26( 13-JUN-2017 ),12,OMNI BUS,0,0,1,1,0,0,0,0,0,0,0,0,2
2019,Bihar,AURANGABAD - BR26( 13-JUN-2017 ),13,THREE WHEELER (GOODS),8,6,30,10,27,23,9,6,15,11,22,28,195
2019,Bihar,AURANGABAD - BR26( 13-JUN-2017 ),14,THREE WHEELER (PASSENGER),140,114,191,56,141,200,144,97,276,185,102,187,"1,833"
2019,Bihar,AURANGABAD - BR26( 13-JUN-2017 ),15,TRACTOR (COMMERCIAL),66,24,39,20,17,0,244,28,24,64,66,91,683
2019,Bihar,AURANGABAD - BR26( 13-JUN-2017 ),16,TRAILER (AGRICULTURAL),1,0,0,0,0,0,0,0,0,0,0,0,1
2019,Bihar,AURANGABAD - BR26( 13-JUN-2017 ),17,TRAILER (COMMERCIAL),151,34,103,20,8,0,261,100,25,64,67,59,892
2019,Bihar,BANKA - BR51( 06-FEB-2018 ),1,BUS,0,0,2,1,0,3,1,2,0,1,6,0,16
2019,Bihar,BANKA - BR51( 06-FEB-2018 ),2,CONSTRUCTION EQUIPMENT VEHICLE,0,0,0,0,0,0,0,0,0,0,0,1,1
2019,Bihar,BANKA - BR51( 06-FEB-2018 ),3,E-RICKSHAW(P),0,6,1,2,1,3,1,0,17,14,9,28,82
2019,Bihar,BANKA - BR51( 06-FEB-2018 ),4,FIRE FIGHTING VEHICLE,0,0,0,0,0,0,1,0,0,0,0,0,1
2019,Bihar,BANKA - BR51( 06-FEB-2018 ),5,GOODS CARRIER,15,8,20,9,15,16,8,21,8,9,11,15,155
2019,Bihar,BANKA - BR51( 06-FEB-2018 ),6,MAXI CAB,0,2,0,1,0,2,0,2,0,2,0,2,11
2019,Bihar,BANKA - BR51( 06-FEB-2018 ),7,M-CYCLE/SCOOTER,285,390,965,541,928,"1,375",990,648,485,630,942,"1,188","9,367"
2019,Bihar,BANKA - BR51( 06-FEB-2018 ),8,M-CYCLE/SCOOTER-WITH SIDE CAR,0,0,2,0,0,3,0,0,0,1,0,4,10
2019,Bihar,BANKA - BR51( 06-FEB-2018 ),9,MOPED,0,13,40,1,7,15,3,4,2,0,25,9,119
2019,Bihar,BANKA - BR51( 06-FEB-2018 ),10,MOTOR CAB,3,6,3,4,10,11,4,1,3,4,3,4,56
2019,Bihar,BANKA - BR51( 06-FEB-2018 ),11,MOTOR CAR,10,12,7,4,7,11,7,10,13,12,19,24,136
2019,Bihar,BANKA - BR51( 06-FEB-2018 ),12,MOTORISED CYCLE (CC > 25CC),1,0,0,0,0,0,0,0,0,0,0,0,1
2019,Bihar,BANKA - BR51( 06-FEB-2018 ),13,OMNI BUS,0,0,0,0,1,0,0,0,0,0,0,0,1
2019,Bihar,BANKA - BR51( 06-FEB-2018 ),14,THREE WHEELER (GOODS),0,3,2,1,2,2,3,1,0,3,0,10,27
2019,Bihar,BANKA - BR51( 06-FEB-2018 ),15,THREE WHEELER (PASSENGER),42,49,38,15,45,64,57,16,28,75,20,49,498
2019,Bihar,BANKA - BR51( 06-FEB-2018 ),16,TRACTOR (COMMERCIAL),18,36,58,12,29,11,55,25,89,8,7,128,476
2019,Bihar,BANKA - BR51( 06-FEB-2018 ),17,TRAILER (COMMERCIAL),8,7,50,42,4,6,48,115,14,1,20,0,315
2019,Bihar,BEGUSARAI - BR9( 23-JAN-2018 ),1,AGRICULTURAL TRACTOR,0,0,0,0,0,0,1,0,1,5,11,12,30
2019,Bihar,BEGUSARAI - BR9( 23-JAN-2018 ),2,AMBULANCE,0,1,0,0,0,0,0,0,0,0,0,0,1
2019,Bihar,BEGUSARAI - BR9( 23-JAN-2018 ),3,ARTICULATED VEHICLE,0,0,0,0,2,0,0,0,0,0,0,0,2
2019,Bihar,BEGUSARAI - BR9( 23-JAN-2018 ),4,BUS,5,10,3,6,4,8,7,11,2,1,3,2,62
2019,Bihar,BEGUSARAI - BR9( 23-JAN-2018 ),5,CONSTRUCTION EQUIPMENT VEHICLE,0,0,0,0,0,0,1,0,0,0,0,0,1
2019,Bihar,BEGUSARAI - BR9( 23-JAN-2018 ),6,E-RICKSHAW(P),19,21,23,11,11,4,5,1,2,22,5,8,132
2019,Bihar,BEGUSARAI - BR9( 23-JAN-2018 ),7,GOODS CARRIER,114,148,157,105,126,102,106,61,104,137,118,89,"1,367"
2019,Bihar,BEGUSARAI - BR9( 23-JAN-2018 ),8,MAXI CAB,0,0,1,0,1,0,0,0,1,0,0,1,4
2019,Bihar,BEGUSARAI - BR9( 23-JAN-2018 ),9,M-CYCLE/SCOOTER,"2,208","2,335","2,796","2,326","3,965","4,094","3,385","2,079","1,894","2,288","3,855","1,958","33,183"
2019,Bihar,BEGUSARAI - BR9( 23-JAN-2018 ),10,M-CYCLE/SCOOTER-WITH SIDE CAR,90,0,0,0,0,37,1,0,1,0,1,1,131
2019,Bihar,BEGUSARAI - BR9( 23-JAN-2018 ),11,MOPED,0,0,0,0,3,2,3,0,0,0,0,0,8
2019,Bihar,BEGUSARAI - BR9( 23-JAN-2018 ),12,MOTOR CAB,30,31,41,9,25,14,42,8,22,20,11,25,278
2019,Bihar,BEGUSARAI - BR9( 23-JAN-2018 ),13,MOTOR CAR,158,120,138,89,171,173,167,103,154,173,299,168,"1,913"
2019,Bihar,BEGUSARAI - BR9( 23-JAN-2018 ),14,OMNI BUS,0,0,0,0,0,0,0,0,1,0,0,0,1
2019,Bihar,BEGUSARAI - BR9( 23-JAN-2018 ),15,THREE WHEELER (GOODS),24,23,14,13,27,9,34,15,26,32,19,24,260
2019,Bihar,BEGUSARAI - BR9( 23-JAN-2018 ),16,THREE WHEELER (PASSENGER),92,72,50,45,68,27,109,49,99,149,61,42,863
2019,Bihar,BEGUSARAI - BR9( 23-JAN-2018 ),17,TRACTOR (COMMERCIAL),118,65,55,53,40,28,63,73,82,56,116,63,812
2019,Bihar,BEGUSARAI - BR9( 23-JAN-2018 ),18,TRAILER (AGRICULTURAL),0,0,0,0,0,0,0,0,0,0,4,0,4
2019,Bihar,BEGUSARAI - BR9( 23-JAN-2018 ),19,TRAILER (COMMERCIAL),96,39,46,21,42,31,7,60,22,44,34,115,557
2019,Bihar,BETTIAH - BR22( 22-SEP-2017 ),1,ADAPTED VEHICLE,0,0,1,0,0,0,0,0,0,0,0,3,4
2019,Bihar,BETTIAH - BR22( 22-SEP-2017 ),2,AGRICULTURAL TRACTOR,0,0,0,0,0,0,2,0,0,0,0,0,2
2019,Bihar,BETTIAH - BR22( 22-SEP-2017 ),3,BUS,1,2,0,1,4,0,2,2,1,3,1,1,18
2019,Bihar,BETTIAH - BR22( 22-SEP-2017 ),4,CONSTRUCTION EQUIPMENT VEHICLE,3,1,6,6,3,4,2,9,1,5,0,10,50
2019,Bihar,BETTIAH - BR22( 22-SEP-2017 ),5,E-RICKSHAW(P),7,24,9,12,8,5,8,16,20,25,12,30,176
2019,Bihar,BETTIAH - BR22( 22-SEP-2017 ),6,E-RICKSHAW WITH CART (G),0,0,0,0,0,0,0,0,0,1,0,0,1
2019,Bihar,BETTIAH - BR22( 22-SEP-2017 ),7,GOODS CARRIER,9,18,26,36,15,29,26,21,30,22,9,61,302
2019,Bihar,BETTIAH - BR22( 22-SEP-2017 ),8,MAXI CAB,0,1,0,11,0,1,0,3,0,0,1,0,17
2019,Bihar,BETTIAH - BR22( 22-SEP-2017 ),9,M-CYCLE/SCOOTER,"2,693","5,305","5,286","4,758","4,341","3,950","2,541","3,113","2,809","3,150","6,471","3,015","47,432"
2019,Bihar,BETTIAH - BR22( 22-SEP-2017 ),10,M-CYCLE/SCOOTER-WITH SIDE CAR,0,1,1,7,2,16,1,0,6,2,2,0,38
2019,Bihar,BETTIAH - BR22( 22-SEP-2017 ),11,MOPED,2,16,0,15,3,9,0,11,3,0,14,9,82
2019,Bihar,BETTIAH - BR22( 22-SEP-2017 ),12,MOTOR CAB,13,49,8,21,4,4,3,3,7,6,0,11,129
2019,Bihar,BETTIAH - BR22( 22-SEP-2017 ),13,MOTOR CAR,68,129,125,109,61,100,62,65,74,54,103,107,"1,057"
2019,Bihar,BETTIAH - BR22( 22-SEP-2017 ),14,MOTORISED CYCLE (CC > 25CC),0,0,0,0,0,0,0,0,0,1,0,0,1
2019,Bihar,BETTIAH - BR22( 22-SEP-2017 ),15,OMNI BUS,0,0,0,1,0,0,0,0,0,0,0,0,1
2019,Bihar,BETTIAH - BR22( 22-SEP-2017 ),16,THREE WHEELER (GOODS),6,2,5,3,0,7,10,11,8,10,8,16,86
2019,Bihar,BETTIAH - BR22( 22-SEP-2017 ),17,THREE WHEELER (PASSENGER),351,128,281,114,19,44,84,70,137,159,75,176,"1,638"
2019,Bihar,BETTIAH - BR22( 22-SEP-2017 ),18,TRACTOR (COMMERCIAL),240,147,361,136,45,87,105,150,106,204,122,413,"2,116"
2019,Bihar,BETTIAH - BR22( 22-SEP-2017 ),19,TRAILER (COMMERCIAL),12,18,51,17,6,14,7,19,92,69,44,85,434
2019,Bihar,BHABHUA - BR45( 23-JAN-2018 ),1,AGRICULTURAL TRACTOR,0,1,2,1,1,0,1,1,0,72,12,3,94
2019,Bihar,BHABHUA - BR45( 23-JAN-2018 ),2,ARTICULATED VEHICLE,2,0,0,0,0,0,0,0,0,0,0,0,2
2019,Bihar,BHABHUA - BR45( 23-JAN-2018 ),3,BUS,5,2,2,10,6,4,8,5,3,1,2,4,52
2019,Bihar,BHABHUA - BR45( 23-JAN-2018 ),4,CONSTRUCTION EQUIPMENT VEHICLE,0,1,0,0,0,0,0,1,0,2,0,0,4
2019,Bihar,BHABHUA - BR45( 23-JAN-2018 ),5,E-RICKSHAW(P),21,15,23,8,0,1,30,18,38,19,32,26,231
2019,Bihar,BHABHUA - BR45( 23-JAN-2018 ),6,E-RICKSHAW WITH CART (G),0,0,0,0,0,0,0,0,0,0,1,0,1
2019,Bihar,BHABHUA - BR45( 23-JAN-2018 ),7,FIRE FIGHTING VEHICLE,0,0,0,0,0,0,0,0,0,0,0,5,5
2019,Bihar,BHABHUA - BR45( 23-JAN-2018 ),8,GOODS CARRIER,17,22,16,15,13,17,13,8,10,3,15,15,164
2019,Bihar,BHABHUA - BR45( 23-JAN-2018 ),9,MAXI CAB,0,0,0,1,0,0,0,0,0,0,0,0,1
2019,Bihar,BHABHUA - BR45( 23-JAN-2018 ),10,M-CYCLE/SCOOTER,382,747,779,531,456,571,394,634,"1,015",554,796,705,"7,564"
2019,Bihar,BHABHUA - BR45( 23-JAN-2018 ),11,M-CYCLE/SCOOTER-WITH SIDE CAR,0,1,0,0,0,1,0,1,4,0,0,3,10
2019,Bihar,BHABHUA - BR45( 23-JAN-2018 ),12,MOPED,11,38,24,26,10,14,4,18,13,22,33,62,275
2019,Bihar,BHABHUA - BR45( 23-JAN-2018 ),13,MOTOR CAB,8,7,4,7,0,3,2,3,3,0,1,1,39
2019,Bihar,BHABHUA - BR45( 23-JAN-2018 ),14,MOTOR CAR,12,14,20,20,9,7,14,14,10,9,22,12,163
2019,Bihar,BHABHUA - BR45( 23-JAN-2018 ),15,MOTORISED CYCLE (CC > 25CC),2,1,0,1,0,2,2,6,3,2,1,2,22
2019,Bihar,BHABHUA - BR45( 23-JAN-2018 ),16,OMNI BUS,0,0,0,0,0,1,0,0,0,0,1,0,2
2019,Bihar,BHABHUA - BR45( 23-JAN-2018 ),17,THREE WHEELER (GOODS),8,1,4,7,0,0,0,1,0,8,3,3,35
2019,Bihar,BHABHUA - BR45( 23-JAN-2018 ),18,THREE WHEELER (PASSENGER),57,67,53,20,0,11,62,38,50,55,29,21,463
2019,Bihar,BHABHUA - BR45( 23-JAN-2018 ),19,TRACTOR (COMMERCIAL),88,78,57,33,1,4,10,20,17,36,39,24,407
2019,Bihar,BHABHUA - BR45( 23-JAN-2018 ),20,TRAILER (AGRICULTURAL),11,1,2,2,0,0,0,0,0,40,10,6,72
2019,Bihar,BHABHUA - BR45( 23-JAN-2018 ),21,TRAILER (COMMERCIAL),73,111,30,31,14,4,14,20,15,18,31,20,381
2019,Bihar,BHAGALPUR - BR10( 07-FEB-2018 ),1,AGRICULTURAL TRACTOR,55,27,37,35,18,29,55,77,17,14,30,13,407
2019,Bihar,BHAGALPUR - BR10( 07-FEB-2018 ),2,BUS,0,4,8,1,1,1,1,3,3,1,2,0,25
2019,Bihar,BHAGALPUR - BR10( 07-FEB-2018 ),3,CONSTRUCTION EQUIPMENT VEHICLE,0,0,1,8,5,0,1,3,1,1,11,2,33
2019,Bihar,BHAGALPUR - BR10( 07-FEB-2018 ),4,EARTH MOVING EQUIPMENT,0,0,0,0,1,0,0,0,0,0,0,0,1
2019,Bihar,BHAGALPUR - BR10( 07-FEB-2018 ),5,E-RICKSHAW(P),54,79,53,51,22,28,54,71,149,90,103,120,874
2019,Bihar,BHAGALPUR - BR10( 07-FEB-2018 ),6,E-RICKSHAW WITH CART (G),0,0,0,0,0,0,0,0,0,0,0,2,2
2019,Bihar,BHAGALPUR - BR10( 07-FEB-2018 ),7,FIRE TENDERS,0,0,0,0,0,0,0,0,0,0,7,0,7
2019,Bihar,BHAGALPUR - BR10( 07-FEB-2018 ),8,GOODS CARRIER,97,134,124,142,151,163,144,107,128,94,114,108,"1,506"
2019,Bihar,BHAGALPUR - BR10( 07-FEB-2018 ),9,HARVESTER,0,0,0,0,0,0,0,0,0,0,1,0,1
2019,Bihar,BHAGALPUR - BR10( 07-FEB-2018 ),10,MAXI CAB,0,0,0,0,0,1,4,1,3,1,2,0,12
2019,Bihar,BHAGALPUR - BR10( 07-FEB-2018 ),11,M-CYCLE/SCOOTER,"1,212","1,512","2,069","2,015","1,503","2,971","2,038","2,102","2,059","1,942","3,388","2,334","25,145"
2019,Bihar,BHAGALPUR - BR10( 07-FEB-2018 ),12,M-CYCLE/SCOOTER-WITH SIDE CAR,0,1,2,0,11,49,2,1,3,4,1,2,76
2019,Bihar,BHAGALPUR - BR10( 07-FEB-2018 ),13,MOPED,0,0,0,2,1,1,0,1,0,0,0,1,6
2019,Bihar,BHAGALPUR - BR10( 07-FEB-2018 ),14,MOTOR CAB,27,18,27,18,10,25,22,19,15,21,15,27,244
2019,Bihar,BHAGALPUR - BR10( 07-FEB-2018 ),15,MOTOR CAR,134,142,90,184,139,193,172,156,132,200,331,292,"2,165"
2019,Bihar,BHAGALPUR - BR10( 07-FEB-2018 ),16,MOTORISED CYCLE (CC > 25CC),0,1,0,3,0,0,0,0,0,0,0,0,4
2019,Bihar,BHAGALPUR - BR10( 07-FEB-2018 ),17,THREE WHEELER (GOODS),13,29,41,23,31,29,52,35,31,38,21,73,416
2019,Bihar,BHAGALPUR - BR10( 07-FEB-2018 ),18,THREE WHEELER (PASSENGER),277,92,98,58,49,86,217,116,105,110,93,189,"1,490"
2019,Bihar,BHAGALPUR - BR10( 07-FEB-2018 ),19,TRACTOR (COMMERCIAL),0,1,0,0,0,5,44,44,41,60,67,84,346
2019,Bihar,BHAGALPUR - BR10( 07-FEB-2018 ),20,TRAILER (AGRICULTURAL),16,16,3,7,10,0,4,1,0,0,3,0,60
2019,Bihar,BHAGALPUR - BR10( 07-FEB-2018 ),21,TRAILER (COMMERCIAL),3,6,3,2,0,0,24,0,0,21,16,6,81
2019,Bihar,BHOJPUR - BR3( 15-FEB-2018 ),1,ADAPTED VEHICLE,0,0,0,0,0,0,0,0,0,0,0,2,2
2019,Bihar,BHOJPUR - BR3( 15-FEB-2018 ),2,BUS,8,4,5,14,4,3,6,8,3,4,5,5,69
2019,Bihar,BHOJPUR - BR3( 15-FEB-2018 ),3,E-RICKSHAW(P),6,3,8,11,3,4,4,12,11,15,13,11,101
2019,Bihar,BHOJPUR - BR3( 15-FEB-2018 ),4,E-RICKSHAW WITH CART (G),0,0,0,0,0,0,0,0,0,0,1,0,1
2019,Bihar,BHOJPUR - BR3( 15-FEB-2018 ),5,GOODS CARRIER,49,63,73,79,19,61,55,52,72,45,71,35,674
2019,Bihar,BHOJPUR - BR3( 15-FEB-2018 ),6,MAXI CAB,0,1,0,1,0,4,0,0,1,0,0,0,7
2019,Bihar,BHOJPUR - BR3( 15-FEB-2018 ),7,M-CYCLE/SCOOTER,"1,546","2,009","2,363","2,776","2,102","2,357","1,992","2,048","1,793","1,819","2,998","2,024","25,827"
2019,Bihar,BHOJPUR - BR3( 15-FEB-2018 ),8,M-CYCLE/SCOOTER-WITH SIDE CAR,0,0,0,0,0,0,3,1,1,1,1,1,8
2019,Bihar,BHOJPUR - BR3( 15-FEB-2018 ),9,MOPED,0,0,2,1,0,2,1,2,1,2,7,7,25
2019,Bihar,BHOJPUR - BR3( 15-FEB-2018 ),10,MOTOR CAB,22,16,10,9,3,8,8,10,12,9,8,6,121
2019,Bihar,BHOJPUR - BR3( 15-FEB-2018 ),11,MOTOR CAR,86,74,78,75,29,75,77,56,71,82,128,78,909
2019,Bihar,BHOJPUR - BR3( 15-FEB-2018 ),12,MOTORISED CYCLE (CC > 25CC),0,0,1,0,0,0,0,0,0,0,0,0,1
2019,Bihar,BHOJPUR - BR3( 15-FEB-2018 ),13,OMNI BUS,1,0,0,0,0,0,0,0,0,0,0,0,1
2019,Bihar,BHOJPUR - BR3( 15-FEB-2018 ),14,THREE WHEELER (GOODS),18,18,11,19,0,3,6,12,11,15,9,12,134
2019,Bihar,BHOJPUR - BR3( 15-FEB-2018 ),15,THREE WHEELER (PASSENGER),128,108,67,87,8,26,123,139,114,151,107,186,"1,244"
2019,Bihar,BHOJPUR - BR3( 15-FEB-2018 ),16,TRACTOR (COMMERCIAL),92,95,92,53,24,53,50,62,75,64,115,117,892
2019,Bihar,BHOJPUR - BR3( 15-FEB-2018 ),17,TRAILER (COMMERCIAL),42,37,58,37,15,16,13,8,10,48,44,47,375
2019,Bihar,BUXUR - BR44( 01-FEB-2018 ),1,BUS,4,5,4,12,10,5,3,5,3,5,8,3,67
2019,Bihar,BUXUR - BR44( 01-FEB-2018 ),2,CONSTRUCTION EQUIPMENT VEHICLE,0,0,0,1,0,0,0,0,0,0,1,0,2
2019,Bihar,BUXUR - BR44( 01-FEB-2018 ),3,E-RICKSHAW(P),1,2,3,11,1,12,12,10,18,26,40,33,169
2019,Bihar,BUXUR - BR44( 01-FEB-2018 ),4,GOODS CARRIER,12,3,9,6,6,11,5,7,18,16,26,18,137
2019,Bihar,BUXUR - BR44( 01-FEB-2018 ),5,MAXI CAB,1,0,0,1,0,0,0,0,0,0,0,0,2
2019,Bihar,BUXUR - BR44( 01-FEB-2018 ),6,M-CYCLE/SCOOTER,154,313,"1,042","1,333","1,295","1,460","1,232","1,000","1,366","1,111","1,190","1,252","12,748"
2019,Bihar,BUXUR - BR44( 01-FEB-2018 ),7,M-CYCLE/SCOOTER-WITH SIDE CAR,0,0,0,0,0,0,0,0,2,1,0,0,3
2019,Bihar,BUXUR - BR44( 01-FEB-2018 ),8,MOPED,0,0,0,0,0,0,0,29,14,28,20,41,132
2019,Bihar,BUXUR - BR44( 01-FEB-2018 ),9,MOTOR CAB,4,5,2,3,4,1,1,6,1,2,0,0,29
2019,Bihar,BUXUR - BR44( 01-FEB-2018 ),10,MOTOR CAR,14,6,23,19,4,18,11,26,34,40,31,25,251
2019,Bihar,BUXUR - BR44( 01-FEB-2018 ),11,MOTORISED CYCLE (CC > 25CC),0,0,0,0,0,0,1,0,1,17,0,0,19
2019,Bihar,BUXUR - BR44( 01-FEB-2018 ),12,OMNI BUS,0,0,1,0,0,1,3,0,0,0,1,0,6
2019,Bihar,BUXUR - BR44( 01-FEB-2018 ),13,THREE WHEELER (GOODS),0,1,0,2,0,0,1,12,6,11,17,7,57
2019,Bihar,BUXUR - BR44( 01-FEB-2018 ),14,THREE WHEELER (PASSENGER),55,24,32,34,16,3,39,109,116,89,125,50,692
2019,Bihar,BUXUR - BR44( 01-FEB-2018 ),15,TRACTOR (COMMERCIAL),35,0,18,31,0,1,8,26,15,43,55,46,278
2019,Bihar,BUXUR - BR44( 01-FEB-2018 ),16,TRAILER (COMMERCIAL),29,0,61,25,0,0,9,23,11,3,70,50,281
2019,Bihar,CHAPARA - BR4( 29-JAN-2018 ),1,ADAPTED VEHICLE,0,0,0,0,0,0,0,0,0,0,0,1,1
2019,Bihar,CHAPARA - BR4( 29-JAN-2018 ),2,AGRICULTURAL TRACTOR,13,27,23,0,0,1,7,15,7,22,27,72,214
2019,Bihar,CHAPARA - BR4( 29-JAN-2018 ),3,AMBULANCE,0,14,0,0,0,0,0,0,0,0,0,0,14
2019,Bihar,CHAPARA - BR4( 29-JAN-2018 ),4,BUS,2,9,6,10,7,2,9,10,8,4,7,4,78
2019,Bihar,CHAPARA - BR4( 29-JAN-2018 ),5,E-RICKSHAW(P),0,20,14,10,2,5,5,13,24,14,18,20,145
2019,Bihar,CHAPARA - BR4( 29-JAN-2018 ),6,E-RICKSHAW WITH CART (G),0,1,0,0,0,0,1,1,1,0,0,1,5
2019,Bihar,CHAPARA - BR4( 29-JAN-2018 ),7,GOODS CARRIER,33,54,67,60,45,62,47,48,46,49,51,58,620
2019,Bihar,CHAPARA - BR4( 29-JAN-2018 ),8,MAXI CAB,2,32,6,8,4,2,3,0,2,0,1,1,61
2019,Bihar,CHAPARA - BR4( 29-JAN-2018 ),9,M-CYCLE/SCOOTER,"1,717","2,154","2,838","2,717","3,750","4,690","3,272","1,549","1,363","1,767","2,804","2,679","31,300"
2019,Bihar,CHAPARA - BR4( 29-JAN-2018 ),10,M-CYCLE/SCOOTER-WITH SIDE CAR,2,1,2,16,3,2,2,1,0,2,7,13,51
2019,Bihar,CHAPARA - BR4( 29-JAN-2018 ),11,MOPED,50,44,55,62,45,63,52,51,66,53,79,81,701
2019,Bihar,CHAPARA - BR4( 29-JAN-2018 ),12,MOTOR CAB,3,13,8,3,11,9,10,13,5,17,0,7,99
2019,Bihar,CHAPARA - BR4( 29-JAN-2018 ),13,MOTOR CAR,98,112,85,74,78,103,79,61,54,89,115,73,"1,021"
2019,Bihar,CHAPARA - BR4( 29-JAN-2018 ),14,MOTORISED CYCLE (CC > 25CC),0,0,1,0,0,0,7,64,50,10,5,8,145
2019,Bihar,CHAPARA - BR4( 29-JAN-2018 ),15,OMNI BUS,0,0,0,0,0,0,1,0,0,1,0,0,2
2019,Bihar,CHAPARA - BR4( 29-JAN-2018 ),16,THREE WHEELER (GOODS),4,10,3,7,4,7,13,6,9,5,7,9,84
2019,Bihar,CHAPARA - BR4( 29-JAN-2018 ),17,THREE WHEELER (PASSENGER),40,82,42,83,13,40,74,85,91,94,62,101,807
2019,Bihar,CHAPARA - BR4( 29-JAN-2018 ),18,TRACTOR (COMMERCIAL),15,127,131,34,50,119,80,55,62,85,78,160,996
2019,Bihar,CHAPARA - BR4( 29-JAN-2018 ),19,TRAILER (AGRICULTURAL),0,0,0,1,0,0,0,0,0,0,0,0,1
2019,Bihar,CHAPARA - BR4( 29-JAN-2018 ),20,TRAILER (COMMERCIAL),30,40,21,25,7,17,18,17,30,28,18,40,291
2019,Bihar,DARBHANGA - BR7( 30-JAN-2018 ),1,AGRICULTURAL TRACTOR,0,0,0,1,0,3,6,3,9,44,112,92,270
2019,Bihar,DARBHANGA - BR7( 30-JAN-2018 ),2,ARTICULATED VEHICLE,0,0,0,0,0,0,0,0,0,0,1,0,1
2019,Bihar,DARBHANGA - BR7( 30-JAN-2018 ),3,BUS,3,2,0,1,13,4,2,12,7,0,0,8,52
2019,Bihar,DARBHANGA - BR7( 30-JAN-2018 ),4,CONSTRUCTION EQUIPMENT VEHICLE,0,0,1,7,3,6,2,1,0,0,1,0,21
2019,Bihar,DARBHANGA - BR7( 30-JAN-2018 ),5,E-RICKSHAW(P),13,2,4,12,5,7,28,21,46,26,34,13,211
2019,Bihar,DARBHANGA - BR7( 30-JAN-2018 ),6,E-RICKSHAW WITH CART (G),3,0,0,0,0,0,1,0,0,0,1,0,5
2019,Bihar,DARBHANGA - BR7( 30-JAN-2018 ),7,FIRE FIGHTING VEHICLE,0,0,0,0,0,0,0,0,0,0,0,2,2
2019,Bihar,DARBHANGA - BR7( 30-JAN-2018 ),8,GOODS CARRIER,54,63,62,53,49,50,66,51,56,93,145,64,806
2019,Bihar,DARBHANGA - BR7( 30-JAN-2018 ),9,MAXI CAB,19,2,1,0,0,0,0,0,0,0,0,0,22
2019,Bihar,DARBHANGA - BR7( 30-JAN-2018 ),10,M-CYCLE/SCOOTER,"1,902","3,241","4,649","3,780","5,237","6,615","2,419","2,206","2,617","2,547","4,729","1,632","41,574"
2019,Bihar,DARBHANGA - BR7( 30-JAN-2018 ),11,M-CYCLE/SCOOTER-WITH SIDE CAR,1,6,4,1,0,2,0,0,3,1,1,1,20
2019,Bihar,DARBHANGA - BR7( 30-JAN-2018 ),12,MOPED,2,12,8,4,12,14,7,6,7,5,35,8,120
2019,Bihar,DARBHANGA - BR7( 30-JAN-2018 ),13,MOTOR CAB,1,27,25,9,6,17,15,20,18,22,24,6,190
2019,Bihar,DARBHANGA - BR7( 30-JAN-2018 ),14,MOTOR CAR,142,211,165,173,144,250,161,101,176,233,288,149,"2,193"
2019,Bihar,DARBHANGA - BR7( 30-JAN-2018 ),15,THREE WHEELER (GOODS),22,16,38,16,39,33,47,26,39,31,36,46,389
2019,Bihar,DARBHANGA - BR7( 30-JAN-2018 ),16,THREE WHEELER (PASSENGER),160,137,139,141,158,188,245,179,366,358,266,203,"2,540"
2019,Bihar,DARBHANGA - BR7( 30-JAN-2018 ),17,TRACTOR (COMMERCIAL),109,58,81,70,52,81,75,54,41,62,72,108,863
2019,Bihar,DARBHANGA - BR7( 30-JAN-2018 ),18,TRAILER (COMMERCIAL),24,19,20,14,3,0,5,1,8,24,14,7,139
2019,Bihar,GAYA - BR2( 06-SEP-2017 ),1,AGRICULTURAL TRACTOR,135,0,195,0,9,12,37,121,13,17,48,46,633
2019,Bihar,GAYA - BR2( 06-SEP-2017 ),2,AMBULANCE,2,0,0,0,1,0,0,0,5,0,0,0,8
2019,Bihar,GAYA - BR2( 06-SEP-2017 ),3,BUS,5,4,26,3,28,17,17,21,23,14,11,15,184
2019,Bihar,GAYA - BR2( 06-SEP-2017 ),4,CONSTRUCTION EQUIPMENT VEHICLE,0,0,0,0,0,1,0,0,0,0,0,0,1
2019,Bihar,GAYA - BR2( 06-SEP-2017 ),5,DUMPER,0,1,0,0,0,0,0,0,0,0,0,0,1
2019,Bihar,GAYA - BR2( 06-SEP-2017 ),6,E-RICKSHAW(P),10,7,52,1,42,18,21,45,59,65,55,122,497
2019,Bihar,GAYA - BR2( 06-SEP-2017 ),7,E-RICKSHAW WITH CART (G),0,0,0,0,0,1,0,0,1,0,0,0,2
2019,Bihar,GAYA - BR2( 06-SEP-2017 ),8,GOODS CARRIER,57,83,180,70,73,106,73,141,86,81,87,101,"1,138"
2019,Bihar,GAYA - BR2( 06-SEP-2017 ),9,MAXI CAB,1,5,8,5,2,1,11,2,2,1,1,5,44
2019,Bihar,GAYA - BR2( 06-SEP-2017 ),10,M-CYCLE/SCOOTER,"1,920","3,519","3,241","4,288","7,973","4,725","3,312","2,401","2,346","2,824","5,180","2,052","43,781"
2019,Bihar,GAYA - BR2( 06-SEP-2017 ),11,M-CYCLE/SCOOTER-WITH SIDE CAR,2,2,0,0,2,0,0,1,2,1,8,0,18
2019,Bihar,GAYA - BR2( 06-SEP-2017 ),12,MOPED,59,14,119,157,155,113,210,144,215,162,145,174,"1,667"
2019,Bihar,GAYA - BR2( 06-SEP-2017 ),13,MOTOR CAB,4,11,42,23,14,27,11,39,13,14,10,9,217
2019,Bihar,GAYA - BR2( 06-SEP-2017 ),14,MOTOR CAR,110,169,132,151,192,177,175,173,168,238,316,193,"2,194"
2019,Bihar,GAYA - BR2( 06-SEP-2017 ),15,MOTORISED CYCLE (CC > 25CC),0,1,0,0,0,0,0,0,1,0,0,0,2
2019,Bihar,GAYA - BR2( 06-SEP-2017 ),16,OMNI BUS,0,0,1,0,0,1,11,7,5,3,1,0,29
2019,Bihar,GAYA - BR2( 06-SEP-2017 ),17,THREE WHEELER (GOODS),33,39,52,27,87,66,36,51,44,44,79,69,627
2019,Bihar,GAYA - BR2( 06-SEP-2017 ),18,THREE WHEELER (PASSENGER),271,251,285,120,248,164,225,305,295,267,344,268,"3,043"
2019,Bihar,GAYA - BR2( 06-SEP-2017 ),19,TRACTOR (COMMERCIAL),53,52,140,7,80,30,96,94,37,48,92,121,850
2019,Bihar,GAYA - BR2( 06-SEP-2017 ),20,TRAILER (AGRICULTURAL),7,90,2,0,0,1,35,47,16,10,9,14,231
2019,Bihar,GAYA - BR2( 06-SEP-2017 ),21,TRAILER (COMMERCIAL),13,31,50,24,24,2,109,63,18,24,32,22,412
2019,Bihar,GOPALGANJ - BR28( 08-JUN-2017 ),1,AGRICULTURAL TRACTOR,74,66,160,58,36,110,67,16,33,30,26,48,724
2019,Bihar,GOPALGANJ - BR28( 08-JUN-2017 ),2,ARTICULATED VEHICLE,0,0,0,0,0,0,1,0,0,0,0,0,1
2019,Bihar,GOPALGANJ - BR28( 08-JUN-2017 ),3,BUS,6,7,1,3,1,3,9,6,4,5,10,6,61
2019,Bihar,GOPALGANJ - BR28( 08-JUN-2017 ),4,CONSTRUCTION EQUIPMENT VEHICLE,1,2,0,0,0,0,0,0,0,1,0,0,4
2019,Bihar,GOPALGANJ - BR28( 08-JUN-2017 ),5,E-RICKSHAW(P),14,11,10,7,10,13,11,4,13,21,15,32,161
2019,Bihar,GOPALGANJ - BR28( 08-JUN-2017 ),6,GOODS CARRIER,39,44,46,57,34,37,46,37,42,13,80,54,529
2019,Bihar,GOPALGANJ - BR28( 08-JUN-2017 ),7,MAXI CAB,7,9,11,5,3,10,4,5,6,2,4,0,66
2019,Bihar,GOPALGANJ - BR28( 08-JUN-2017 ),8,M-CYCLE/SCOOTER,"1,175","2,173","2,484","2,147","1,869","2,165","1,654","1,650",788,973,"1,418","1,705","20,201"
2019,Bihar,GOPALGANJ - BR28( 08-JUN-2017 ),9,M-CYCLE/SCOOTER-WITH SIDE CAR,1,5,4,4,0,4,1,1,0,0,1,2,23
2019,Bihar,GOPALGANJ - BR28( 08-JUN-2017 ),10,MOPED,0,0,11,14,9,0,1,46,3,1,20,22,127
2019,Bihar,GOPALGANJ - BR28( 08-JUN-2017 ),11,MOTOR CAB,3,4,2,1,1,4,2,1,4,3,3,1,29
2019,Bihar,GOPALGANJ - BR28( 08-JUN-2017 ),12,MOTOR CAR,75,123,104,76,80,116,65,59,79,76,144,72,"1,069"
2019,Bihar,GOPALGANJ - BR28( 08-JUN-2017 ),13,MOTORISED CYCLE (CC > 25CC),0,13,33,0,4,0,0,1,0,0,0,0,51
2019,Bihar,GOPALGANJ - BR28( 08-JUN-2017 ),14,OMNI BUS,1,0,0,0,0,0,0,0,1,0,0,0,2
2019,Bihar,GOPALGANJ - BR28( 08-JUN-2017 ),15,THREE WHEELER (GOODS),0,0,5,4,3,0,2,0,1,2,4,0,21
2019,Bihar,GOPALGANJ - BR28( 08-JUN-2017 ),16,THREE WHEELER (PASSENGER),33,21,41,11,12,8,29,38,30,20,46,10,299
2019,Bihar,GOPALGANJ - BR28( 08-JUN-2017 ),17,TRACTOR (COMMERCIAL),1,4,2,0,0,0,2,0,0,1,3,2,15
2019,Bihar,GOPALGANJ - BR28( 08-JUN-2017 ),18,TRAILER (COMMERCIAL),0,1,0,0,0,0,1,1,0,1,0,0,4
2019,Bihar,JAMUI - BR46( 07-JUN-2017 ),1,AGRICULTURAL TRACTOR,0,5,0,0,0,0,1,0,1,0,0,0,7
2019,Bihar,JAMUI - BR46( 07-JUN-2017 ),2,BUS,0,0,4,2,0,2,2,0,0,1,2,0,13
2019,Bihar,JAMUI - BR46( 07-JUN-2017 ),3,E-RICKSHAW(P),8,5,5,3,5,8,26,8,26,11,16,17,138
2019,Bihar,JAMUI - BR46( 07-JUN-2017 ),4,FIRE FIGHTING VEHICLE,3,0,0,0,0,0,0,0,0,0,0,0,3
2019,Bihar,JAMUI - BR46( 07-JUN-2017 ),5,GOODS CARRIER,19,10,13,28,19,20,19,13,12,19,31,26,229
2019,Bihar,JAMUI - BR46( 07-JUN-2017 ),6,MAXI CAB,0,0,0,0,0,1,0,0,0,0,0,0,1
2019,Bihar,JAMUI - BR46( 07-JUN-2017 ),7,M-CYCLE/SCOOTER,481,531,784,945,"1,244",993,919,638,830,726,"1,059",842,"9,992"
2019,Bihar,JAMUI - BR46( 07-JUN-2017 ),8,M-CYCLE/SCOOTER-WITH SIDE CAR,0,0,0,0,0,0,3,0,1,2,1,1,8
2019,Bihar,JAMUI - BR46( 07-JUN-2017 ),9,MOPED,32,17,19,18,28,21,27,27,13,16,17,8,243
2019,Bihar,JAMUI - BR46( 07-JUN-2017 ),10,MOTOR CAB,3,9,7,2,3,7,4,4,2,5,2,3,51
2019,Bihar,JAMUI - BR46( 07-JUN-2017 ),11,MOTOR CAR,6,9,11,12,7,6,11,6,22,8,27,17,142
2019,Bihar,JAMUI - BR46( 07-JUN-2017 ),12,MOTORISED CYCLE (CC > 25CC),1,0,0,0,0,0,0,0,0,0,0,0,1
2019,Bihar,JAMUI - BR46( 07-JUN-2017 ),13,THREE WHEELER (GOODS),7,7,4,4,7,12,4,9,3,6,7,13,83
2019,Bihar,JAMUI - BR46( 07-JUN-2017 ),14,THREE WHEELER (PASSENGER),174,79,48,39,86,113,44,119,98,103,44,188,"1,135"
2019,Bihar,JAMUI - BR46( 07-JUN-2017 ),15,TRACTOR (COMMERCIAL),45,34,28,7,2,12,72,7,50,33,55,54,399
2019,Bihar,JAMUI - BR46( 07-JUN-2017 ),16,TRAILER (COMMERCIAL),69,27,31,3,5,6,85,0,21,48,40,40,375
2019,Bihar,JEHANABAD - BR25( 26-MAY-2017 ),1,AGRICULTURAL TRACTOR,0,0,4,1,0,0,1,0,0,0,0,0,6
2019,Bihar,JEHANABAD - BR25( 26-MAY-2017 ),2,BUS,1,1,3,1,10,3,13,8,13,1,3,0,57
2019,Bihar,JEHANABAD - BR25( 26-MAY-2017 ),3,CONSTRUCTION EQUIPMENT VEHICLE,0,0,1,0,1,0,0,0,0,0,0,0,2
2019,Bihar,JEHANABAD - BR25( 26-MAY-2017 ),4,E-RICKSHAW(P),9,0,7,0,1,0,6,0,0,2,0,13,38
2019,Bihar,JEHANABAD - BR25( 26-MAY-2017 ),5,EXCAVATOR (COMMERCIAL),0,0,1,0,0,0,0,0,0,0,0,0,1
2019,Bihar,JEHANABAD - BR25( 26-MAY-2017 ),6,GOODS CARRIER,17,17,20,31,20,32,10,8,2,10,12,18,197
2019,Bihar,JEHANABAD - BR25( 26-MAY-2017 ),7,MAXI CAB,0,0,1,2,2,0,0,0,0,1,0,0,6
2019,Bihar,JEHANABAD - BR25( 26-MAY-2017 ),8,M-CYCLE/SCOOTER,275,356,804,774,"1,091",721,638,339,404,332,663,490,"6,887"
2019,Bihar,JEHANABAD - BR25( 26-MAY-2017 ),9,M-CYCLE/SCOOTER-WITH SIDE CAR,0,1,0,0,2,0,0,0,0,0,0,0,3
2019,Bihar,JEHANABAD - BR25( 26-MAY-2017 ),10,MOPED,35,13,14,20,12,11,18,7,12,3,21,6,172
2019,Bihar,JEHANABAD - BR25( 26-MAY-2017 ),11,MOTOR CAB,0,4,3,3,5,0,1,45,12,3,1,0,77
2019,Bihar,JEHANABAD - BR25( 26-MAY-2017 ),12,MOTOR CAR,7,6,13,3,1,7,8,6,3,2,5,4,65
2019,Bihar,JEHANABAD - BR25( 26-MAY-2017 ),13,MOTORISED CYCLE (CC > 25CC),0,0,0,1,0,0,1,0,0,0,0,0,2
2019,Bihar,JEHANABAD - BR25( 26-MAY-2017 ),14,THREE WHEELER (GOODS),9,7,6,1,2,4,15,1,5,12,5,21,88
2019,Bihar,JEHANABAD - BR25( 26-MAY-2017 ),15,THREE WHEELER (PASSENGER),95,77,72,12,43,33,66,61,76,40,88,162,825
2019,Bihar,JEHANABAD - BR25( 26-MAY-2017 ),16,TRACTOR (COMMERCIAL),19,38,31,19,20,19,14,41,32,21,17,74,345
2019,Bihar,JEHANABAD - BR25( 26-MAY-2017 ),17,TRAILER (COMMERCIAL),23,50,34,0,0,1,9,2,20,12,19,47,217
2019,Bihar,KATIHAR - BR39( 23-JAN-2018 ),1,AMBULANCE,0,0,0,0,0,0,0,0,0,2,1,0,3
2019,Bihar,KATIHAR - BR39( 23-JAN-2018 ),2,BUS,2,0,1,3,1,0,1,1,0,1,0,1,11
2019,Bihar,KATIHAR - BR39( 23-JAN-2018 ),3,CONSTRUCTION EQUIPMENT VEHICLE,0,1,0,0,1,0,0,2,0,1,0,0,5
2019,Bihar,KATIHAR - BR39( 23-JAN-2018 ),4,E-RICKSHAW(P),3,18,26,10,6,5,10,6,25,42,44,25,220
2019,Bihar,KATIHAR - BR39( 23-JAN-2018 ),5,GOODS CARRIER,4,8,11,3,11,8,11,16,7,3,10,5,97
2019,Bihar,KATIHAR - BR39( 23-JAN-2018 ),6,MAXI CAB,0,0,0,0,0,0,4,0,0,0,0,0,4
2019,Bihar,KATIHAR - BR39( 23-JAN-2018 ),7,M-CYCLE/SCOOTER,"1,376","2,139","2,718","1,808","2,785","3,793","3,911","3,092","2,423","2,080","3,555","2,811","32,491"
2019,Bihar,KATIHAR - BR39( 23-JAN-2018 ),8,M-CYCLE/SCOOTER-WITH SIDE CAR,1,1,0,1,5,5,3,1,0,2,5,5,29
2019,Bihar,KATIHAR - BR39( 23-JAN-2018 ),9,MOPED,4,6,22,28,3,35,30,27,31,14,23,5,228
2019,Bihar,KATIHAR - BR39( 23-JAN-2018 ),10,MOTOR CAB,5,5,4,0,5,3,2,2,1,1,5,2,35
2019,Bihar,KATIHAR - BR39( 23-JAN-2018 ),11,MOTOR CAR,17,29,17,25,28,23,22,12,30,27,34,25,289
2019,Bihar,KATIHAR - BR39( 23-JAN-2018 ),12,THREE WHEELER (GOODS),6,9,5,0,4,21,21,16,12,15,7,5,121
2019,Bihar,KATIHAR - BR39( 23-JAN-2018 ),13,THREE WHEELER (PASSENGER),175,44,203,33,80,96,141,104,95,114,45,13,"1,143"
2019,Bihar,KATIHAR - BR39( 23-JAN-2018 ),14,TRACTOR (COMMERCIAL),53,55,89,31,14,66,101,134,50,115,70,74,852
2019,Bihar,KATIHAR - BR39( 23-JAN-2018 ),15,TRAILER (COMMERCIAL),19,5,9,10,1,0,10,2,17,26,12,10,121
2019,Bihar,KHAGARIA - BR34( 01-FEB-2018 ),1,AGRICULTURAL TRACTOR,62,16,0,4,6,42,23,62,5,3,21,29,273
2019,Bihar,KHAGARIA - BR34( 01-FEB-2018 ),2,BUS,1,0,0,0,2,2,0,0,0,0,0,2,7
2019,Bihar,KHAGARIA - BR34( 01-FEB-2018 ),3,E-RICKSHAW(P),11,13,13,3,9,9,0,11,16,0,2,14,101
2019,Bihar,KHAGARIA - BR34( 01-FEB-2018 ),4,GOODS CARRIER,5,3,3,4,7,4,6,7,7,3,13,5,67
2019,Bihar,KHAGARIA - BR34( 01-FEB-2018 ),5,M-CYCLE/SCOOTER,571,884,"1,014",536,"1,354","1,269","1,384","1,168","1,004",522,"1,414","1,314","12,434"
2019,Bihar,KHAGARIA - BR34( 01-FEB-2018 ),6,M-CYCLE/SCOOTER-WITH SIDE CAR,0,0,0,0,0,2,2,2,0,1,1,0,8
2019,Bihar,KHAGARIA - BR34( 01-FEB-2018 ),7,MOPED,7,1,0,4,13,1,10,3,6,0,2,2,49
2019,Bihar,KHAGARIA - BR34( 01-FEB-2018 ),8,MOTOR CAB,2,2,8,3,1,1,3,3,3,0,5,1,32
2019,Bihar,KHAGARIA - BR34( 01-FEB-2018 ),9,MOTOR CAR,9,10,6,11,17,11,9,25,12,6,17,4,137
2019,Bihar,KHAGARIA - BR34( 01-FEB-2018 ),10,MOTORISED CYCLE (CC > 25CC),0,0,1,0,0,0,1,0,0,0,0,0,2
2019,Bihar,KHAGARIA - BR34( 01-FEB-2018 ),11,THREE WHEELER (GOODS),7,4,2,1,5,11,3,7,3,8,6,4,61
2019,Bihar,KHAGARIA - BR34( 01-FEB-2018 ),12,THREE WHEELER (PASSENGER),68,67,44,17,31,30,21,58,61,93,81,28,599
2019,Bihar,KHAGARIA - BR34( 01-FEB-2018 ),13,TRACTOR (COMMERCIAL),57,37,41,17,67,74,45,85,35,40,55,65,618
2019,Bihar,KHAGARIA - BR34( 01-FEB-2018 ),14,TRAILER (AGRICULTURAL),29,26,0,0,1,0,0,1,0,2,0,3,62
2019,Bihar,KHAGARIA - BR34( 01-FEB-2018 ),15,TRAILER (COMMERCIAL),46,35,24,8,64,48,24,64,33,5,106,21,478
2019,Bihar,KISHANGANJ - BR37( 07-FEB-2018 ),1,BUS,0,2,2,0,3,0,2,0,0,0,0,1,10
2019,Bihar,KISHANGANJ - BR37( 07-FEB-2018 ),2,E-RICKSHAW(P),0,2,2,2,2,0,31,9,0,0,0,0,48
2019,Bihar,KISHANGANJ - BR37( 07-FEB-2018 ),3,FIRE FIGHTING VEHICLE,0,0,0,0,0,0,0,0,7,0,0,0,7
2019,Bihar,KISHANGANJ - BR37( 07-FEB-2018 ),4,GOODS CARRIER,8,7,12,3,9,14,14,8,16,12,15,22,140
2019,Bihar,KISHANGANJ - BR37( 07-FEB-2018 ),5,M-CYCLE/SCOOTER,"1,423","2,308","3,981","2,916","3,000","2,205","2,140","2,418","1,886","1,488","2,313","1,211","27,289"
2019,Bihar,KISHANGANJ - BR37( 07-FEB-2018 ),6,M-CYCLE/SCOOTER-WITH SIDE CAR,17,24,4,4,4,2,3,1,2,0,1,2,64
2019,Bihar,KISHANGANJ - BR37( 07-FEB-2018 ),7,MOPED,16,19,12,3,7,6,6,13,10,6,5,10,113
2019,Bihar,KISHANGANJ - BR37( 07-FEB-2018 ),8,MOTOR CAB,4,11,6,1,1,1,2,0,4,0,0,4,34
2019,Bihar,KISHANGANJ - BR37( 07-FEB-2018 ),9,MOTOR CAR,23,92,59,54,96,49,33,33,36,44,60,50,629
2019,Bihar,KISHANGANJ - BR37( 07-FEB-2018 ),10,MOTORISED CYCLE (CC > 25CC),0,0,0,0,0,0,1,0,0,0,0,0,1
2019,Bihar,KISHANGANJ - BR37( 07-FEB-2018 ),11,THREE WHEELER (GOODS),4,4,4,0,5,3,19,6,12,8,9,2,76
2019,Bihar,KISHANGANJ - BR37( 07-FEB-2018 ),12,THREE WHEELER (PASSENGER),86,67,65,37,70,39,61,34,90,118,70,77,814
2019,Bihar,KISHANGANJ - BR37( 07-FEB-2018 ),13,TRACTOR (COMMERCIAL),50,31,34,0,45,55,125,133,74,61,130,124,862
2019,Bihar,KISHANGANJ - BR37( 07-FEB-2018 ),14,TRAILER (COMMERCIAL),4,1,0,1,0,1,5,1,0,0,2,0,15
2019,Bihar,LAKHISARAI - BR53( 27-JAN-2017 ),1,AGRICULTURAL TRACTOR,2,7,27,3,8,4,64,40,29,1,1,0,186
2019,Bihar,LAKHISARAI - BR53( 27-JAN-2017 ),2,BUS,1,0,0,0,0,1,3,0,1,0,0,0,6
2019,Bihar,LAKHISARAI - BR53( 27-JAN-2017 ),3,E-RICKSHAW(P),5,14,5,8,2,1,25,1,7,17,20,8,113
2019,Bihar,LAKHISARAI - BR53( 27-JAN-2017 ),4,E-RICKSHAW WITH CART (G),0,0,1,0,0,0,0,0,0,0,0,0,1
2019,Bihar,LAKHISARAI - BR53( 27-JAN-2017 ),5,FIRE FIGHTING VEHICLE,0,0,0,0,0,0,0,0,0,2,0,0,2
2019,Bihar,LAKHISARAI - BR53( 27-JAN-2017 ),6,GOODS CARRIER,32,53,50,38,38,28,27,14,24,22,16,27,369
2019,Bihar,LAKHISARAI - BR53( 27-JAN-2017 ),7,MAXI CAB,1,0,4,0,1,2,0,0,1,2,0,0,11
2019,Bihar,LAKHISARAI - BR53( 27-JAN-2017 ),8,M-CYCLE/SCOOTER,111,349,398,440,301,347,731,287,232,282,390,433,"4,301"
2019,Bihar,LAKHISARAI - BR53( 27-JAN-2017 ),9,M-CYCLE/SCOOTER-WITH SIDE CAR,0,0,2,0,0,0,0,0,0,0,0,0,2
2019,Bihar,LAKHISARAI - BR53( 27-JAN-2017 ),10,MOPED,0,0,0,0,0,0,0,5,8,11,19,27,70
2019,Bihar,LAKHISARAI - BR53( 27-JAN-2017 ),11,MOTOR CAB,3,4,6,1,2,3,2,0,2,4,1,6,34
2019,Bihar,LAKHISARAI - BR53( 27-JAN-2017 ),12,MOTOR CAR,19,15,21,15,8,9,37,12,10,29,23,15,213
2019,Bihar,LAKHISARAI - BR53( 27-JAN-2017 ),13,THREE WHEELER (GOODS),1,2,1,1,0,4,0,0,0,0,1,1,11
2019,Bihar,LAKHISARAI - BR53( 27-JAN-2017 ),14,THREE WHEELER (PASSENGER),23,33,35,2,3,10,6,4,4,18,17,10,165
2019,Bihar,LAKHISARAI - BR53( 27-JAN-2017 ),15,TRACTOR (COMMERCIAL),36,30,32,21,18,16,29,7,6,4,2,21,222
2019,Bihar,LAKHISARAI - BR53( 27-JAN-2017 ),16,TRAILER (AGRICULTURAL),0,2,0,8,6,0,0,0,0,0,0,0,16
2019,Bihar,LAKHISARAI - BR53( 27-JAN-2017 ),17,TRAILER (COMMERCIAL),14,26,16,16,7,2,21,3,0,10,14,11,140
2019,Bihar,MADHEPURA - BR43( 02-JUN-2017 ),1,AGRICULTURAL TRACTOR,223,46,1,0,0,0,0,44,37,6,9,24,390
2019,Bihar,MADHEPURA - BR43( 02-JUN-2017 ),2,BUS,0,0,0,0,1,2,1,0,0,0,0,1,5
2019,Bihar,MADHEPURA - BR43( 02-JUN-2017 ),3,E-RICKSHAW(P),9,22,1,2,1,1,0,0,2,6,6,2,52
2019,Bihar,MADHEPURA - BR43( 02-JUN-2017 ),4,FIRE FIGHTING VEHICLE,0,0,0,0,0,0,0,0,0,0,2,0,2
2019,Bihar,MADHEPURA - BR43( 02-JUN-2017 ),5,GOODS CARRIER,13,7,17,6,9,12,9,12,7,7,10,5,114
2019,Bihar,MADHEPURA - BR43( 02-JUN-2017 ),6,MAXI CAB,0,0,0,1,0,0,0,0,0,0,0,0,1
2019,Bihar,MADHEPURA - BR43( 02-JUN-2017 ),7,M-CYCLE/SCOOTER,"1,570","1,786","2,102","1,402","2,008","2,439","2,652","2,616","2,067","1,701","2,649","2,613","25,605"
2019,Bihar,MADHEPURA - BR43( 02-JUN-2017 ),8,M-CYCLE/SCOOTER-WITH SIDE CAR,0,2,3,1,2,11,4,0,37,1,11,6,78
2019,Bihar,MADHEPURA - BR43( 02-JUN-2017 ),9,MOPED,9,13,24,7,21,22,12,11,24,5,15,20,183
2019,Bihar,MADHEPURA - BR43( 02-JUN-2017 ),10,MOTOR CAB,6,8,7,1,1,4,2,2,4,2,3,3,43
2019,Bihar,MADHEPURA - BR43( 02-JUN-2017 ),11,MOTOR CAR,17,24,21,15,24,31,31,17,30,35,19,33,297
2019,Bihar,MADHEPURA - BR43( 02-JUN-2017 ),12,MOTORISED CYCLE (CC > 25CC),0,0,1,0,0,0,0,0,0,0,0,0,1
2019,Bihar,MADHEPURA - BR43( 02-JUN-2017 ),13,OMNI BUS,0,1,1,0,0,0,0,0,0,0,0,0,2
2019,Bihar,MADHEPURA - BR43( 02-JUN-2017 ),14,THREE WHEELER (GOODS),22,42,19,10,36,15,36,17,11,30,22,51,311
2019,Bihar,MADHEPURA - BR43( 02-JUN-2017 ),15,THREE WHEELER (PASSENGER),199,147,39,64,90,59,70,96,54,173,58,160,"1,209"
2019,Bihar,MADHEPURA - BR43( 02-JUN-2017 ),16,TRACTOR (COMMERCIAL),54,24,0,4,37,42,73,77,53,82,36,129,611
2019,Bihar,MADHEPURA - BR43( 02-JUN-2017 ),17,TRAILER (AGRICULTURAL),0,0,0,0,0,0,0,0,0,0,1,0,1
2019,Bihar,MADHEPURA - BR43( 02-JUN-2017 ),18,TRAILER (COMMERCIAL),4,1,0,0,1,2,3,0,19,9,6,2,47
2019,Bihar,MADHUBANI - BR32( 01-FEB-2018 ),1,BUS,0,0,0,1,5,2,2,1,4,0,2,2,19
2019,Bihar,MADHUBANI - BR32( 01-FEB-2018 ),2,E-RICKSHAW(P),29,29,22,8,1,0,25,6,39,8,48,33,248
2019,Bihar,MADHUBANI - BR32( 01-FEB-2018 ),3,E-RICKSHAW WITH CART (G),0,1,0,0,0,0,0,0,0,0,0,1,2
2019,Bihar,MADHUBANI - BR32( 01-FEB-2018 ),4,FIRE FIGHTING VEHICLE,0,0,0,2,0,0,0,0,0,0,0,0,2
2019,Bihar,MADHUBANI - BR32( 01-FEB-2018 ),5,GOODS CARRIER,28,31,17,14,28,38,44,27,55,26,24,17,349
2019,Bihar,MADHUBANI - BR32( 01-FEB-2018 ),6,MAXI CAB,0,0,0,0,0,0,1,0,1,0,0,0,2
2019,Bihar,MADHUBANI - BR32( 01-FEB-2018 ),7,M-CYCLE/SCOOTER,"2,074","2,865","4,112","4,260","4,571","4,094","2,912","1,994","2,263","2,751","3,767","2,153","37,816"
2019,Bihar,MADHUBANI - BR32( 01-FEB-2018 ),8,M-CYCLE/SCOOTER-WITH SIDE CAR,3,1,6,1,4,7,3,1,3,2,12,3,46
2019,Bihar,MADHUBANI - BR32( 01-FEB-2018 ),9,MOPED,0,0,0,9,5,1,2,4,5,6,21,13,66
2019,Bihar,MADHUBANI - BR32( 01-FEB-2018 ),10,MOTOR CAB,24,34,11,9,2,13,26,20,39,13,17,4,212
2019,Bihar,MADHUBANI - BR32( 01-FEB-2018 ),11,MOTOR CAR,48,63,73,55,30,22,45,34,29,25,58,35,517
2019,Bihar,MADHUBANI - BR32( 01-FEB-2018 ),12,MOTORISED CYCLE (CC > 25CC),0,0,0,1,0,0,0,0,0,0,0,0,1
2019,Bihar,MADHUBANI - BR32( 01-FEB-2018 ),13,OMNI BUS,0,0,1,0,0,0,0,0,0,0,0,0,1
2019,Bihar,MADHUBANI - BR32( 01-FEB-2018 ),14,THREE WHEELER (GOODS),5,9,12,13,5,12,13,9,11,3,18,12,122
2019,Bihar,MADHUBANI - BR32( 01-FEB-2018 ),15,THREE WHEELER (PASSENGER),179,213,69,43,18,84,227,172,230,86,235,130,"1,686"
2019,Bihar,MADHUBANI - BR32( 01-FEB-2018 ),16,TRACTOR (COMMERCIAL),100,136,122,71,38,80,132,98,70,94,162,137,"1,240"
2019,Bihar,MADHUBANI - BR32( 01-FEB-2018 ),17,TRAILER (COMMERCIAL),11,11,19,5,0,8,12,3,1,13,5,19,107
2019,Bihar,MOTIHARI - BR5( 05-JUL-2017 ),1,AGRICULTURAL TRACTOR,0,0,0,0,0,2,0,0,0,0,0,0,2
2019,Bihar,MOTIHARI - BR5( 05-JUL-2017 ),2,BUS,3,8,1,7,7,4,1,2,5,2,4,2,46
2019,Bihar,MOTIHARI - BR5( 05-JUL-2017 ),3,CONSTRUCTION EQUIPMENT VEHICLE,6,5,11,7,13,13,5,5,15,5,4,12,101
2019,Bihar,MOTIHARI - BR5( 05-JUL-2017 ),4,E-RICKSHAW(P),19,87,44,19,6,12,71,39,74,51,34,51,507
2019,Bihar,MOTIHARI - BR5( 05-JUL-2017 ),5,E-RICKSHAW WITH CART (G),0,0,0,0,0,0,0,1,2,0,0,1,4
2019,Bihar,MOTIHARI - BR5( 05-JUL-2017 ),6,FIRE FIGHTING VEHICLE,0,0,0,0,0,0,0,0,0,0,15,0,15
2019,Bihar,MOTIHARI - BR5( 05-JUL-2017 ),7,GOODS CARRIER,42,84,60,43,44,81,52,46,49,71,88,56,716
2019,Bihar,MOTIHARI - BR5( 05-JUL-2017 ),8,LUXURY CAB,0,1,0,0,0,0,0,0,0,0,0,0,1
2019,Bihar,MOTIHARI - BR5( 05-JUL-2017 ),9,MAXI CAB,6,7,0,1,6,0,1,3,0,1,1,4,30
2019,Bihar,MOTIHARI - BR5( 05-JUL-2017 ),10,M-CYCLE/SCOOTER,"2,735","3,734","5,390","3,884","3,778","4,057","3,355","3,097","4,642","3,183","4,311","3,865","46,031"
2019,Bihar,MOTIHARI - BR5( 05-JUL-2017 ),11,M-CYCLE/SCOOTER-WITH SIDE CAR,6,8,3,7,2,6,4,1,3,1,6,1,48
2019,Bihar,MOTIHARI - BR5( 05-JUL-2017 ),12,MOPED,48,114,173,55,107,137,63,66,82,90,69,122,"1,126"
2019,Bihar,MOTIHARI - BR5( 05-JUL-2017 ),13,MOTOR CAB,9,19,14,20,7,6,5,11,10,5,4,4,114
2019,Bihar,MOTIHARI - BR5( 05-JUL-2017 ),14,MOTOR CAR,106,126,222,103,71,134,88,90,89,86,149,95,"1,359"
2019,Bihar,MOTIHARI - BR5( 05-JUL-2017 ),15,MOTORISED CYCLE (CC > 25CC),0,36,15,4,7,14,1,9,11,0,16,0,113
2019,Bihar,MOTIHARI - BR5( 05-JUL-2017 ),16,OMNI BUS,1,0,0,0,0,0,0,0,0,0,0,0,1
2019,Bihar,MOTIHARI - BR5( 05-JUL-2017 ),17,THREE WHEELER (GOODS),3,14,13,14,12,22,13,24,20,6,26,28,195
2019,Bihar,MOTIHARI - BR5( 05-JUL-2017 ),18,THREE WHEELER (PASSENGER),106,157,185,71,44,75,157,150,262,157,233,174,"1,771"
2019,Bihar,MOTIHARI - BR5( 05-JUL-2017 ),19,TRACTOR (COMMERCIAL),127,71,343,63,40,85,49,116,224,102,191,390,"1,801"
2019,Bihar,MOTIHARI - BR5( 05-JUL-2017 ),20,TRAILER (AGRICULTURAL),0,0,1,0,0,0,0,0,0,0,0,0,1
2019,Bihar,MOTIHARI - BR5( 05-JUL-2017 ),21,TRAILER (COMMERCIAL),15,1,10,1,0,1,1,5,3,12,34,55,138
2019,Bihar,MUNGER - BR8( 06-FEB-2018 ),1,BUS,0,0,0,0,0,0,0,0,2,0,0,0,2
2019,Bihar,MUNGER - BR8( 06-FEB-2018 ),2,CONSTRUCTION EQUIPMENT VEHICLE,0,0,0,3,1,0,0,0,0,0,0,0,4
2019,Bihar,MUNGER - BR8( 06-FEB-2018 ),3,E-RICKSHAW(P),14,30,18,27,6,3,2,17,20,43,26,32,238
2019,Bihar,MUNGER - BR8( 06-FEB-2018 ),4,GOODS CARRIER,13,24,15,11,6,17,10,7,15,8,9,10,145
2019,Bihar,MUNGER - BR8( 06-FEB-2018 ),5,MAXI CAB,0,0,0,0,0,0,0,0,0,0,0,1,1
2019,Bihar,MUNGER - BR8( 06-FEB-2018 ),6,M-CYCLE/SCOOTER,238,689,"1,401",675,529,"1,031",879,508,"1,526",583,825,955,"9,839"
2019,Bihar,MUNGER - BR8( 06-FEB-2018 ),7,M-CYCLE/SCOOTER-WITH SIDE CAR,0,0,0,0,0,0,1,3,0,0,2,1,7
2019,Bihar,MUNGER - BR8( 06-FEB-2018 ),8,MOTOR CAB,2,8,5,4,1,1,1,2,6,7,2,3,42
2019,Bihar,MUNGER - BR8( 06-FEB-2018 ),9,MOTOR CAR,9,19,13,9,3,25,16,4,32,15,9,11,165
2019,Bihar,MUNGER - BR8( 06-FEB-2018 ),10,MOTORISED CYCLE (CC > 25CC),0,0,0,0,1,0,0,0,1,0,0,0,2
2019,Bihar,MUNGER - BR8( 06-FEB-2018 ),11,OMNI BUS,0,0,0,0,0,0,0,1,0,0,0,0,1
2019,Bihar,MUNGER - BR8( 06-FEB-2018 ),12,THREE WHEELER (GOODS),4,6,2,1,0,2,2,0,1,2,3,5,28
2019,Bihar,MUNGER - BR8( 06-FEB-2018 ),13,THREE WHEELER (PASSENGER),47,60,22,22,13,33,37,17,47,36,10,33,377
2019,Bihar,MUNGER - BR8( 06-FEB-2018 ),14,TRACTOR (COMMERCIAL),12,23,5,4,13,7,22,8,20,24,17,7,162
2019,Bihar,MUNGER - BR8( 06-FEB-2018 ),15,TRAILER (COMMERCIAL),17,24,9,5,1,0,2,0,0,1,9,22,90
2019,Bihar,MUZAFFARPUR - BR6( 01-FEB-2018 ),1,AGRICULTURAL TRACTOR,0,0,0,0,0,2,0,0,0,0,0,0,2
2019,Bihar,MUZAFFARPUR - BR6( 01-FEB-2018 ),2,AMBULANCE,0,1,0,0,0,0,0,0,0,0,0,0,1
2019,Bihar,MUZAFFARPUR - BR6( 01-FEB-2018 ),3,ARTICULATED VEHICLE,0,0,0,1,0,0,0,0,0,0,0,0,1
2019,Bihar,MUZAFFARPUR - BR6( 01-FEB-2018 ),4,BUS,19,51,35,37,53,63,50,42,47,45,35,28,505
2019,Bihar,MUZAFFARPUR - BR6( 01-FEB-2018 ),5,CONSTRUCTION EQUIPMENT VEHICLE,0,0,0,0,1,0,1,0,0,0,0,0,2
2019,Bihar,MUZAFFARPUR - BR6( 01-FEB-2018 ),6,E-RICKSHAW(P),48,42,39,40,51,50,51,11,52,56,76,67,583
2019,Bihar,MUZAFFARPUR - BR6( 01-FEB-2018 ),7,E-RICKSHAW WITH CART (G),1,2,0,3,1,1,0,1,0,1,0,4,14
2019,Bihar,MUZAFFARPUR - BR6( 01-FEB-2018 ),8,GOODS CARRIER,307,449,400,365,308,263,224,239,252,259,182,436,"3,684"
2019,Bihar,MUZAFFARPUR - BR6( 01-FEB-2018 ),9,MAXI CAB,4,7,13,14,7,10,6,4,4,1,1,0,71
2019,Bihar,MUZAFFARPUR - BR6( 01-FEB-2018 ),10,M-CYCLE/SCOOTER,"4,524","6,397","7,938","8,366","10,629","11,563","5,980","4,903","5,462","7,018","8,202","5,501","86,483"
2019,Bihar,MUZAFFARPUR - BR6( 01-FEB-2018 ),11,M-CYCLE/SCOOTER-WITH SIDE CAR,8,4,6,5,3,8,2,0,5,13,33,54,141
2019,Bihar,MUZAFFARPUR - BR6( 01-FEB-2018 ),12,MOPED,53,54,80,62,53,66,120,244,258,290,572,444,"2,296"
2019,Bihar,MUZAFFARPUR - BR6( 01-FEB-2018 ),13,MOTOR CAB,24,65,91,67,40,23,30,23,47,27,39,39,515
2019,Bihar,MUZAFFARPUR - BR6( 01-FEB-2018 ),14,MOTOR CAR,631,807,850,773,720,641,597,429,567,759,"1,126",621,"8,521"
2019,Bihar,MUZAFFARPUR - BR6( 01-FEB-2018 ),15,MOTORISED CYCLE (CC > 25CC),0,1,0,1,0,0,0,0,1,0,0,1,4
2019,Bihar,MUZAFFARPUR - BR6( 01-FEB-2018 ),16,THREE WHEELER (GOODS),63,93,87,103,91,113,81,52,78,105,57,148,"1,071"
2019,Bihar,MUZAFFARPUR - BR6( 01-FEB-2018 ),17,THREE WHEELER (PASSENGER),145,184,185,159,153,182,289,214,382,464,345,346,"3,048"
2019,Bihar,MUZAFFARPUR - BR6( 01-FEB-2018 ),18,TRACTOR (COMMERCIAL),140,89,110,96,84,105,105,43,118,100,104,210,"1,304"
2019,Bihar,MUZAFFARPUR - BR6( 01-FEB-2018 ),19,TRAILER (COMMERCIAL),7,19,16,2,4,11,5,1,4,6,2,15,92
2019,Bihar,NALANDA - BR21( 01-FEB-2018 ),1,ADAPTED VEHICLE,0,0,0,0,0,0,0,0,0,1,0,0,1
2019,Bihar,NALANDA - BR21( 01-FEB-2018 ),2,ARTICULATED VEHICLE,1,0,0,0,0,0,0,0,0,0,0,0,1
2019,Bihar,NALANDA - BR21( 01-FEB-2018 ),3,BUS,0,5,14,9,8,12,6,4,4,9,1,8,80
2019,Bihar,NALANDA - BR21( 01-FEB-2018 ),4,E-RICKSHAW(P),27,28,13,32,14,19,32,10,65,87,50,80,457
2019,Bihar,NALANDA - BR21( 01-FEB-2018 ),5,GOODS CARRIER,51,59,91,63,59,44,52,25,59,54,37,45,639
2019,Bihar,NALANDA - BR21( 01-FEB-2018 ),6,MAXI CAB,0,0,0,0,0,1,0,0,0,0,0,1,2
2019,Bihar,NALANDA - BR21( 01-FEB-2018 ),7,M-CYCLE/SCOOTER,"1,112","1,544","2,014","2,669","3,403","2,371","1,619",989,"1,543","1,738","2,366","1,212","22,580"
2019,Bihar,NALANDA - BR21( 01-FEB-2018 ),8,M-CYCLE/SCOOTER-WITH SIDE CAR,2,9,4,0,1,1,0,0,0,3,0,2,22
2019,Bihar,NALANDA - BR21( 01-FEB-2018 ),9,MOPED,59,74,56,52,58,85,66,64,84,73,99,59,829
2019,Bihar,NALANDA - BR21( 01-FEB-2018 ),10,MOTOR CAB,8,21,15,19,20,8,4,11,12,14,2,4,138
2019,Bihar,NALANDA - BR21( 01-FEB-2018 ),11,MOTOR CAR,65,83,70,75,57,81,77,50,70,74,88,95,885
2019,Bihar,NALANDA - BR21( 01-FEB-2018 ),12,OMNI BUS,0,0,0,0,1,0,0,0,1,0,1,0,3
2019,Bihar,NALANDA - BR21( 01-FEB-2018 ),13,THREE WHEELER (GOODS),6,11,9,7,12,9,10,6,12,11,6,6,105
2019,Bihar,NALANDA - BR21( 01-FEB-2018 ),14,THREE WHEELER (PASSENGER),67,111,88,72,35,41,43,113,148,113,63,157,"1,051"
2019,Bihar,NALANDA - BR21( 01-FEB-2018 ),15,TRACTOR (COMMERCIAL),70,82,51,64,63,36,63,26,115,98,33,132,833
2019,Bihar,NALANDA - BR21( 01-FEB-2018 ),16,TRAILER (COMMERCIAL),75,98,48,39,31,29,69,28,127,114,36,138,832
2019,Bihar,NAWADA - BR27( 30-JAN-2018 ),1,AGRICULTURAL TRACTOR,0,0,0,0,0,0,0,0,0,0,0,1,1
2019,Bihar,NAWADA - BR27( 30-JAN-2018 ),2,AMBULANCE,1,0,0,0,0,0,0,0,0,0,0,0,1
2019,Bihar,NAWADA - BR27( 30-JAN-2018 ),3,BUS,5,0,7,5,4,7,4,1,3,0,10,4,50
2019,Bihar,NAWADA - BR27( 30-JAN-2018 ),4,E-RICKSHAW(P),10,6,1,5,4,41,13,32,27,31,50,44,264
2019,Bihar,NAWADA - BR27( 30-JAN-2018 ),5,GOODS CARRIER,40,35,41,37,27,35,37,22,37,30,42,18,401
2019,Bihar,NAWADA - BR27( 30-JAN-2018 ),6,MAXI CAB,6,11,7,4,0,3,5,5,4,1,0,0,46
2019,Bihar,NAWADA - BR27( 30-JAN-2018 ),7,M-CYCLE/SCOOTER,682,"1,038","1,115",805,"1,696","1,191","2,044","1,490","1,280",655,"1,770",725,"14,491"
2019,Bihar,NAWADA - BR27( 30-JAN-2018 ),8,M-CYCLE/SCOOTER-WITH SIDE CAR,0,1,6,1,0,0,0,0,4,0,0,0,12
2019,Bihar,NAWADA - BR27( 30-JAN-2018 ),9,MOPED,37,32,18,16,17,18,28,32,36,32,38,13,317
2019,Bihar,NAWADA - BR27( 30-JAN-2018 ),10,MOTOR CAB,1,3,3,4,3,1,2,5,6,4,3,2,37
2019,Bihar,NAWADA - BR27( 30-JAN-2018 ),11,MOTOR CAR,10,42,13,25,52,46,36,24,30,22,50,43,393
2019,Bihar,NAWADA - BR27( 30-JAN-2018 ),12,OMNI BUS,0,0,0,1,0,0,0,0,0,0,0,0,1
2019,Bihar,NAWADA - BR27( 30-JAN-2018 ),13,THREE WHEELER (GOODS),3,2,0,1,14,6,7,2,7,3,4,1,50
2019,Bihar,NAWADA - BR27( 30-JAN-2018 ),14,THREE WHEELER (PASSENGER),43,52,36,8,10,23,56,51,63,61,40,78,521
2019,Bihar,NAWADA - BR27( 30-JAN-2018 ),15,TRACTOR (COMMERCIAL),30,69,38,25,34,37,45,48,69,24,10,54,483
2019,Bihar,NAWADA - BR27( 30-JAN-2018 ),16,TRAILER (COMMERCIAL),12,60,1,51,1,0,20,4,0,16,11,27,203
2019,Bihar,PATNA - BR1( 02-FEB-2018 ),1,AGRICULTURAL TRACTOR,0,0,0,0,0,0,0,0,0,0,0,1,1
2019,Bihar,PATNA - BR1( 02-FEB-2018 ),2,AMBULANCE,0,0,0,1,0,0,0,0,1,0,2,0,4
2019,Bihar,PATNA - BR1( 02-FEB-2018 ),3,ARTICULATED VEHICLE,0,0,0,0,1,0,0,0,0,0,0,0,1
2019,Bihar,PATNA - BR1( 02-FEB-2018 ),4,BUS,23,82,12,28,39,23,30,30,19,34,41,12,373
2019,Bihar,PATNA - BR1( 02-FEB-2018 ),5,CONSTRUCTION EQUIPMENT VEHICLE,1,0,0,0,0,0,0,1,0,0,5,0,7
2019,Bihar,PATNA - BR1( 02-FEB-2018 ),6,E-RICKSHAW(P),239,279,221,174,166,131,250,202,340,251,256,313,"2,822"
2019,Bihar,PATNA - BR1( 02-FEB-2018 ),7,E-RICKSHAW WITH CART (G),1,1,0,2,1,1,2,3,1,5,154,19,190
2019,Bihar,PATNA - BR1( 02-FEB-2018 ),8,GOODS CARRIER,284,387,488,448,355,331,360,326,336,307,992,358,"4,972"
2019,Bihar,PATNA - BR1( 02-FEB-2018 ),9,MAXI CAB,0,1,2,4,3,0,2,0,0,2,0,20,34
2019,Bihar,PATNA - BR1( 02-FEB-2018 ),10,M-CYCLE/SCOOTER,"6,463","7,213","7,432","9,430","9,180","9,894","7,334","6,377","6,295","10,301","8,469","4,946","93,334"
2019,Bihar,PATNA - BR1( 02-FEB-2018 ),11,M-CYCLE/SCOOTER-WITH SIDE CAR,2,5,3,8,9,82,20,37,27,53,22,21,289
2019,Bihar,PATNA - BR1( 02-FEB-2018 ),12,MOPED,157,150,149,205,199,192,185,192,135,165,210,149,"2,088"
2019,Bihar,PATNA - BR1( 02-FEB-2018 ),13,MOTOR CAB,34,74,91,96,72,52,96,91,108,128,111,117,"1,070"
2019,Bihar,PATNA - BR1( 02-FEB-2018 ),14,MOTOR CAR,"1,350","1,290","1,332","1,728","1,700","1,628","1,441","1,370","1,315","2,565","2,128","1,541","19,388"
2019,Bihar,PATNA - BR1( 02-FEB-2018 ),15,MOTOR CYCLE/SCOOTER-USED FOR HIRE,0,1,2,0,0,0,5,0,0,0,0,0,8
2019,Bihar,PATNA - BR1( 02-FEB-2018 ),16,MOTORISED CYCLE (CC > 25CC),0,0,0,48,216,95,106,20,7,6,1,2,501
2019,Bihar,PATNA - BR1( 02-FEB-2018 ),17,OMNI BUS,3,3,4,7,12,4,7,7,8,2,0,0,57
2019,Bihar,PATNA - BR1( 02-FEB-2018 ),18,THREE WHEELER (GOODS),71,88,87,64,114,78,98,77,93,61,107,84,"1,022"
2019,Bihar,PATNA - BR1( 02-FEB-2018 ),19,THREE WHEELER (PASSENGER),163,121,405,338,400,400,345,362,461,429,468,583,"4,475"
2019,Bihar,PATNA - BR1( 02-FEB-2018 ),20,TRACTOR (COMMERCIAL),192,115,143,66,101,76,150,96,97,146,271,266,"1,719"
2019,Bihar,PATNA - BR1( 02-FEB-2018 ),21,TRAILER (COMMERCIAL),219,123,124,55,76,61,124,102,134,183,185,275,"1,661"
2019,Bihar,PURNEA - BR11( 23-JAN-2018 ),1,ADAPTED VEHICLE,0,0,0,0,0,0,0,0,0,0,0,1,1
2019,Bihar,PURNEA - BR11( 23-JAN-2018 ),2,AGRICULTURAL TRACTOR,0,0,0,0,1,1,11,0,0,2,2,3,20
2019,Bihar,PURNEA - BR11( 23-JAN-2018 ),3,ARTICULATED VEHICLE,0,0,0,0,0,0,1,0,0,0,0,0,1
2019,Bihar,PURNEA - BR11( 23-JAN-2018 ),4,BUS,9,9,8,2,9,9,2,19,13,8,7,3,98
2019,Bihar,PURNEA - BR11( 23-JAN-2018 ),5,CONSTRUCTION EQUIPMENT VEHICLE,0,0,0,0,0,1,1,0,0,0,0,0,2
2019,Bihar,PURNEA - BR11( 23-JAN-2018 ),6,E-RICKSHAW(P),13,14,12,9,9,16,43,15,31,52,43,27,284
2019,Bihar,PURNEA - BR11( 23-JAN-2018 ),7,FIRE TENDERS,0,0,0,0,0,0,1,0,0,0,0,0,1
2019,Bihar,PURNEA - BR11( 23-JAN-2018 ),8,GOODS CARRIER,151,167,161,193,215,206,261,176,266,187,326,261,"2,570"
2019,Bihar,PURNEA - BR11( 23-JAN-2018 ),9,MAXI CAB,0,0,2,0,0,1,1,0,0,0,0,0,4
2019,Bihar,PURNEA - BR11( 23-JAN-2018 ),10,M-CYCLE/SCOOTER,"2,211","3,185","3,406","2,878","4,147","3,941","5,255","3,562","5,204","3,080","4,934","3,252","45,055"
2019,Bihar,PURNEA - BR11( 23-JAN-2018 ),11,M-CYCLE/SCOOTER-WITH SIDE CAR,7,9,15,24,66,22,3,4,4,1,3,1,159
2019,Bihar,PURNEA - BR11( 23-JAN-2018 ),12,MOPED,8,21,26,8,18,23,45,48,44,17,40,30,328
2019,Bihar,PURNEA - BR11( 23-JAN-2018 ),13,MOTOR CAB,17,20,21,22,21,17,16,17,27,16,17,15,226
2019,Bihar,PURNEA - BR11( 23-JAN-2018 ),14,MOTOR CAR,287,296,297,348,348,310,487,327,451,461,698,451,"4,761"
2019,Bihar,PURNEA - BR11( 23-JAN-2018 ),15,MOTORISED CYCLE (CC > 25CC),0,0,1,0,1,0,1,0,0,0,0,0,3
2019,Bihar,PURNEA - BR11( 23-JAN-2018 ),16,OMNI BUS,0,0,1,1,0,0,0,0,0,0,0,0,2
2019,Bihar,PURNEA - BR11( 23-JAN-2018 ),17,THREE WHEELER (GOODS),46,99,47,88,66,107,227,80,132,125,178,171,"1,366"
2019,Bihar,PURNEA - BR11( 23-JAN-2018 ),18,THREE WHEELER (PASSENGER),243,335,276,245,143,224,599,282,510,411,514,361,"4,143"
2019,Bihar,PURNEA - BR11( 23-JAN-2018 ),19,TRACTOR (COMMERCIAL),197,190,279,254,239,154,393,274,295,413,269,413,"3,370"
2019,Bihar,PURNEA - BR11( 23-JAN-2018 ),20,TRAILER (AGRICULTURAL),1,1,6,1,3,2,0,2,0,1,0,0,17
2019,Bihar,PURNEA - BR11( 23-JAN-2018 ),21,TRAILER (COMMERCIAL),14,35,74,44,67,50,42,39,33,37,25,20,480
2019,Bihar,ROHTAS - BR24( 09-FEB-2018 ),1,AGRICULTURAL TRACTOR,0,0,0,0,0,0,1,0,0,0,1,0,2
2019,Bihar,ROHTAS - BR24( 09-FEB-2018 ),2,ARTICULATED VEHICLE,3,1,3,0,0,1,0,0,0,1,0,0,9
2019,Bihar,ROHTAS - BR24( 09-FEB-2018 ),3,BUS,6,6,6,7,4,21,11,9,8,12,12,18,120
2019,Bihar,ROHTAS - BR24( 09-FEB-2018 ),4,E-RICKSHAW(P),3,2,3,1,2,0,0,1,0,2,5,6,25
2019,Bihar,ROHTAS - BR24( 09-FEB-2018 ),5,E-RICKSHAW WITH CART (G),0,0,0,0,0,0,0,0,0,4,0,0,4
2019,Bihar,ROHTAS - BR24( 09-FEB-2018 ),6,GOODS CARRIER,73,99,51,89,22,66,90,80,97,86,79,75,907
2019,Bihar,ROHTAS - BR24( 09-FEB-2018 ),7,MAXI CAB,0,0,2,1,1,0,1,0,0,0,0,0,5
2019,Bihar,ROHTAS - BR24( 09-FEB-2018 ),8,M-CYCLE/SCOOTER,"1,565","1,784","1,791","2,299","2,271","2,084","1,967","1,434","1,510","1,514","2,957","1,660","22,836"
2019,Bihar,ROHTAS - BR24( 09-FEB-2018 ),9,M-CYCLE/SCOOTER-WITH SIDE CAR,0,0,0,0,0,39,19,10,13,36,63,146,326
2019,Bihar,ROHTAS - BR24( 09-FEB-2018 ),10,MOPED,0,0,0,0,1,0,0,2,12,4,15,2,36
2019,Bihar,ROHTAS - BR24( 09-FEB-2018 ),11,MOTOR CAB,4,10,7,4,1,18,21,16,10,31,6,14,142
2019,Bihar,ROHTAS - BR24( 09-FEB-2018 ),12,MOTOR CAR,44,54,80,67,61,78,60,77,114,145,149,222,"1,151"
2019,Bihar,ROHTAS - BR24( 09-FEB-2018 ),13,MOTORISED CYCLE (CC > 25CC),0,0,0,0,1,0,0,0,0,0,2,1,4
2019,Bihar,ROHTAS - BR24( 09-FEB-2018 ),14,OMNI BUS,1,0,0,1,0,0,1,0,0,1,1,0,5
2019,Bihar,ROHTAS - BR24( 09-FEB-2018 ),15,THREE WHEELER (GOODS),7,15,16,10,3,18,6,9,31,13,21,3,152
2019,Bihar,ROHTAS - BR24( 09-FEB-2018 ),16,THREE WHEELER (PASSENGER),179,132,90,64,9,91,94,59,145,96,75,69,"1,103"
2019,Bihar,ROHTAS - BR24( 09-FEB-2018 ),17,TRACTOR (COMMERCIAL),106,180,151,118,34,26,71,111,77,93,179,160,"1,306"
2019,Bihar,ROHTAS - BR24( 09-FEB-2018 ),18,TRAILER (AGRICULTURAL),1,0,0,0,0,0,0,0,0,0,0,0,1
2019,Bihar,ROHTAS - BR24( 09-FEB-2018 ),19,TRAILER (COMMERCIAL),200,52,206,72,31,0,1,1,20,19,4,24,630
2019,Bihar,SAHARSA - BR19( 29-JAN-2018 ),1,ADAPTED VEHICLE,0,0,1,0,0,0,0,0,0,0,0,0,1
2019,Bihar,SAHARSA - BR19( 29-JAN-2018 ),2,AGRICULTURAL TRACTOR,0,1,0,0,2,5,0,0,13,0,0,0,21
2019,Bihar,SAHARSA - BR19( 29-JAN-2018 ),3,AMBULANCE,0,0,0,0,0,0,0,0,0,0,1,0,1
2019,Bihar,SAHARSA - BR19( 29-JAN-2018 ),4,AUXILIARY TRAILER,0,0,0,0,0,0,1,0,0,0,0,0,1
2019,Bihar,SAHARSA - BR19( 29-JAN-2018 ),5,BUS,5,3,13,2,0,4,2,4,3,0,1,4,41
2019,Bihar,SAHARSA - BR19( 29-JAN-2018 ),6,CONSTRUCTION EQUIPMENT VEHICLE,0,0,0,0,0,0,0,0,1,0,0,0,1
2019,Bihar,SAHARSA - BR19( 29-JAN-2018 ),7,E-RICKSHAW(P),18,3,3,6,14,6,18,22,36,34,43,61,264
2019,Bihar,SAHARSA - BR19( 29-JAN-2018 ),8,GOODS CARRIER,13,6,7,7,16,26,24,18,38,19,5,24,203
2019,Bihar,SAHARSA - BR19( 29-JAN-2018 ),9,MAXI CAB,0,0,0,0,1,0,2,0,1,0,0,1,5
2019,Bihar,SAHARSA - BR19( 29-JAN-2018 ),10,M-CYCLE/SCOOTER,683,985,"2,090","1,424","1,273","1,514","1,558","1,079","1,256",824,"1,474",772,"14,932"
2019,Bihar,SAHARSA - BR19( 29-JAN-2018 ),11,M-CYCLE/SCOOTER-WITH SIDE CAR,1,44,1,1,0,0,0,0,1,0,2,1,51
2019,Bihar,SAHARSA - BR19( 29-JAN-2018 ),12,MOTOR CAB,1,5,6,1,1,14,5,4,9,2,5,5,58
2019,Bihar,SAHARSA - BR19( 29-JAN-2018 ),13,MOTOR CAR,30,34,35,23,36,44,62,29,27,24,56,26,426
2019,Bihar,SAHARSA - BR19( 29-JAN-2018 ),14,THREE WHEELER (GOODS),4,7,5,7,17,9,6,13,14,12,14,29,137
2019,Bihar,SAHARSA - BR19( 29-JAN-2018 ),15,THREE WHEELER (PASSENGER),29,58,25,11,31,29,47,57,70,62,49,37,505
2019,Bihar,SAHARSA - BR19( 29-JAN-2018 ),16,TRACTOR (COMMERCIAL),95,41,26,0,60,4,33,59,93,53,78,90,632
2019,Bihar,SAHARSA - BR19( 29-JAN-2018 ),17,TRAILER (AGRICULTURAL),0,1,0,0,0,0,0,0,0,0,0,0,1
2019,Bihar,SAHARSA - BR19( 29-JAN-2018 ),18,TRAILER (COMMERCIAL),23,7,11,5,8,0,14,41,2,20,8,9,148
2019,Bihar,SAMASTIPUR - BR33( 06-JUL-2017 ),1,AGRICULTURAL TRACTOR,0,0,0,0,0,2,0,6,32,43,59,75,217
2019,Bihar,SAMASTIPUR - BR33( 06-JUL-2017 ),2,AMBULANCE,0,0,0,0,0,0,1,0,0,0,0,0,1
2019,Bihar,SAMASTIPUR - BR33( 06-JUL-2017 ),3,BUS,1,0,1,2,2,1,5,3,0,1,1,1,18
2019,Bihar,SAMASTIPUR - BR33( 06-JUL-2017 ),4,CONSTRUCTION EQUIPMENT VEHICLE,5,6,1,4,7,8,1,2,2,2,10,3,51
2019,Bihar,SAMASTIPUR - BR33( 06-JUL-2017 ),5,E-RICKSHAW(P),56,25,20,31,40,25,98,101,122,66,119,54,757
2019,Bihar,SAMASTIPUR - BR33( 06-JUL-2017 ),6,E-RICKSHAW WITH CART (G),2,2,0,0,1,0,1,2,0,0,0,0,8
2019,Bihar,SAMASTIPUR - BR33( 06-JUL-2017 ),7,GOODS CARRIER,21,15,57,19,33,25,33,22,29,22,41,36,353
2019,Bihar,SAMASTIPUR - BR33( 06-JUL-2017 ),8,MAXI CAB,0,2,0,0,0,0,0,0,0,0,0,0,2
2019,Bihar,SAMASTIPUR - BR33( 06-JUL-2017 ),9,M-CYCLE/SCOOTER,"2,922","3,167","3,750","2,155","6,713","5,992","4,250","2,862","2,980","2,849","6,450","2,465","46,555"
2019,Bihar,SAMASTIPUR - BR33( 06-JUL-2017 ),10,M-CYCLE/SCOOTER-WITH SIDE CAR,1,1,1,2,11,2,3,2,0,1,1,0,25
2019,Bihar,SAMASTIPUR - BR33( 06-JUL-2017 ),11,MOPED,1,0,0,0,0,0,1,5,1,11,13,11,43
2019,Bihar,SAMASTIPUR - BR33( 06-JUL-2017 ),12,MOTOR CAB,7,9,7,9,8,0,0,2,3,1,10,3,59
2019,Bihar,SAMASTIPUR - BR33( 06-JUL-2017 ),13,MOTOR CAR,66,69,39,24,28,25,21,16,25,13,39,67,432
2019,Bihar,SAMASTIPUR - BR33( 06-JUL-2017 ),14,MOTORISED CYCLE (CC > 25CC),0,0,0,0,0,0,0,0,1,0,0,0,1
2019,Bihar,SAMASTIPUR - BR33( 06-JUL-2017 ),15,OMNI BUS,1,0,1,0,0,0,0,0,0,0,0,2,4
2019,Bihar,SAMASTIPUR - BR33( 06-JUL-2017 ),16,THREE WHEELER (GOODS),25,17,13,23,15,24,24,15,26,9,33,22,246
2019,Bihar,SAMASTIPUR - BR33( 06-JUL-2017 ),17,THREE WHEELER (PASSENGER),126,77,44,7,117,63,80,60,104,70,120,71,939
2019,Bihar,SAMASTIPUR - BR33( 06-JUL-2017 ),18,TRACTOR (COMMERCIAL),122,79,53,28,73,7,57,83,46,40,85,37,710
2019,Bihar,SAMASTIPUR - BR33( 06-JUL-2017 ),19,TRAILER (COMMERCIAL),23,26,4,8,28,0,1,2,1,3,14,16,126
2019,Bihar,SHEIKHPURA - BR52( 17-JUL-2017 ),1,AGRICULTURAL TRACTOR,0,0,0,0,0,0,0,0,0,3,0,1,4
2019,Bihar,SHEIKHPURA - BR52( 17-JUL-2017 ),2,BUS,0,0,0,0,2,1,0,0,1,2,4,0,10
2019,Bihar,SHEIKHPURA - BR52( 17-JUL-2017 ),3,E-RICKSHAW(P),5,3,1,3,2,1,9,6,13,24,5,40,112
2019,Bihar,SHEIKHPURA - BR52( 17-JUL-2017 ),4,E-RICKSHAW WITH CART (G),0,0,0,0,0,0,0,1,0,0,0,0,1
2019,Bihar,SHEIKHPURA - BR52( 17-JUL-2017 ),5,GOODS CARRIER,27,33,29,15,24,19,23,6,16,12,5,12,221
2019,Bihar,SHEIKHPURA - BR52( 17-JUL-2017 ),6,MAXI CAB,0,0,1,0,0,1,2,0,0,1,0,0,5
2019,Bihar,SHEIKHPURA - BR52( 17-JUL-2017 ),7,M-CYCLE/SCOOTER,113,235,502,250,426,435,265,198,258,198,266,271,"3,417"
2019,Bihar,SHEIKHPURA - BR52( 17-JUL-2017 ),8,M-CYCLE/SCOOTER-WITH SIDE CAR,0,0,0,0,1,1,6,0,0,0,1,0,9
2019,Bihar,SHEIKHPURA - BR52( 17-JUL-2017 ),9,MOTOR CAB,4,3,4,1,1,0,2,0,2,0,4,2,23
2019,Bihar,SHEIKHPURA - BR52( 17-JUL-2017 ),10,MOTOR CAR,3,5,9,3,10,6,12,4,4,3,9,1,69
2019,Bihar,SHEIKHPURA - BR52( 17-JUL-2017 ),11,MOTORISED CYCLE (CC > 25CC),0,0,0,0,0,1,0,0,0,0,0,0,1
2019,Bihar,SHEIKHPURA - BR52( 17-JUL-2017 ),12,THREE WHEELER (GOODS),0,0,1,0,0,0,1,0,2,2,4,1,11
2019,Bihar,SHEIKHPURA - BR52( 17-JUL-2017 ),13,THREE WHEELER (PASSENGER),19,8,12,1,16,6,10,28,45,18,21,9,193
2019,Bihar,SHEIKHPURA - BR52( 17-JUL-2017 ),14,TRACTOR (COMMERCIAL),32,21,25,13,21,0,10,16,15,16,23,29,221
2019,Bihar,SHEIKHPURA - BR52( 17-JUL-2017 ),15,TRAILER (COMMERCIAL),10,13,12,0,4,0,0,0,1,0,2,15,57
2019,Bihar,SHEOHAR - BR55( 07-JUN-2017 ),1,AGRICULTURAL TRACTOR,0,0,0,0,0,1,0,0,0,0,0,0,1
2019,Bihar,SHEOHAR - BR55( 07-JUN-2017 ),2,BUS,0,0,0,0,0,2,0,0,0,0,0,0,2
2019,Bihar,SHEOHAR - BR55( 07-JUN-2017 ),3,E-RICKSHAW(P),0,0,0,0,0,0,0,0,0,0,1,0,1
2019,Bihar,SHEOHAR - BR55( 07-JUN-2017 ),4,GOODS CARRIER,3,0,2,0,2,3,1,2,1,2,4,3,23
2019,Bihar,SHEOHAR - BR55( 07-JUN-2017 ),5,MAXI CAB,1,0,0,0,1,0,0,1,0,0,0,0,3
2019,Bihar,SHEOHAR - BR55( 07-JUN-2017 ),6,M-CYCLE/SCOOTER,234,69,278,253,315,240,157,284,277,260,341,261,"2,969"
2019,Bihar,SHEOHAR - BR55( 07-JUN-2017 ),7,M-CYCLE/SCOOTER-WITH SIDE CAR,0,0,0,1,0,0,0,1,0,1,2,1,6
2019,Bihar,SHEOHAR - BR55( 07-JUN-2017 ),8,MOPED,0,1,1,7,4,7,7,3,4,1,13,0,48
2019,Bihar,SHEOHAR - BR55( 07-JUN-2017 ),9,MOTOR CAB,0,0,1,0,0,0,1,0,1,0,1,0,4
2019,Bihar,SHEOHAR - BR55( 07-JUN-2017 ),10,MOTOR CAR,1,1,1,3,3,0,2,8,3,1,2,4,29
2019,Bihar,SHEOHAR - BR55( 07-JUN-2017 ),11,PRIVATE SERVICE VEHICLE (INDIVIDUAL USE),0,1,0,0,0,0,0,0,0,0,0,0,1
2019,Bihar,SHEOHAR - BR55( 07-JUN-2017 ),12,THREE WHEELER (GOODS),0,0,0,0,1,0,0,0,1,1,0,0,3
2019,Bihar,SHEOHAR - BR55( 07-JUN-2017 ),13,THREE WHEELER (PASSENGER),0,7,12,0,3,5,2,7,18,10,13,11,88
2019,Bihar,SHEOHAR - BR55( 07-JUN-2017 ),14,TRACTOR (COMMERCIAL),0,0,1,1,1,0,16,22,6,27,13,49,136
2019,Bihar,SHEOHAR - BR55( 07-JUN-2017 ),15,TRAILER (COMMERCIAL),0,0,1,0,0,0,0,2,0,2,1,0,6
2019,Bihar,SITAMARHI - BR30( 29-JAN-2018 ),1,ADAPTED VEHICLE,0,0,0,0,0,0,0,0,0,0,0,1,1
2019,Bihar,SITAMARHI - BR30( 29-JAN-2018 ),2,ARTICULATED VEHICLE,0,0,0,0,0,0,2,0,0,0,0,0,2
2019,Bihar,SITAMARHI - BR30( 29-JAN-2018 ),3,BUS,1,2,2,1,5,6,2,4,4,1,7,0,35
2019,Bihar,SITAMARHI - BR30( 29-JAN-2018 ),4,CONSTRUCTION EQUIPMENT VEHICLE,0,0,0,0,0,0,0,0,0,0,1,0,1
2019,Bihar,SITAMARHI - BR30( 29-JAN-2018 ),5,E-RICKSHAW(P),2,8,16,8,5,11,10,40,7,19,18,47,191
2019,Bihar,SITAMARHI - BR30( 29-JAN-2018 ),6,E-RICKSHAW WITH CART (G),16,0,0,0,0,1,0,0,0,1,6,0,24
2019,Bihar,SITAMARHI - BR30( 29-JAN-2018 ),7,GOODS CARRIER,11,11,27,7,6,12,9,2,8,5,12,25,135
2019,Bihar,SITAMARHI - BR30( 29-JAN-2018 ),8,MAXI CAB,0,1,1,1,1,0,2,0,1,2,2,3,14
2019,Bihar,SITAMARHI - BR30( 29-JAN-2018 ),9,M-CYCLE/SCOOTER,"1,729","2,594","3,372","2,507","3,613","2,850","1,828","1,415","1,771","2,054","3,156","1,806","28,695"
2019,Bihar,SITAMARHI - BR30( 29-JAN-2018 ),10,M-CYCLE/SCOOTER-WITH SIDE CAR,1,1,4,23,42,46,49,51,51,18,55,50,391
2019,Bihar,SITAMARHI - BR30( 29-JAN-2018 ),11,MOPED,4,24,32,14,26,20,15,17,22,10,17,4,205
2019,Bihar,SITAMARHI - BR30( 29-JAN-2018 ),12,MOTOR CAB,0,2,2,1,2,0,0,0,2,0,0,1,10
2019,Bihar,SITAMARHI - BR30( 29-JAN-2018 ),13,MOTOR CAR,17,16,19,13,12,13,26,21,8,15,18,9,187
2019,Bihar,SITAMARHI - BR30( 29-JAN-2018 ),14,OMNI BUS,0,0,0,0,0,0,0,0,1,0,0,0,1
2019,Bihar,SITAMARHI - BR30( 29-JAN-2018 ),15,THREE WHEELER (GOODS),3,1,14,15,4,14,8,12,11,10,15,13,120
2019,Bihar,SITAMARHI - BR30( 29-JAN-2018 ),16,THREE WHEELER (PASSENGER),139,38,127,173,36,69,81,100,231,210,257,205,"1,666"
2019,Bihar,SITAMARHI - BR30( 29-JAN-2018 ),17,TRACTOR (COMMERCIAL),121,75,120,30,124,89,91,86,30,117,59,154,"1,096"
2019,Bihar,SITAMARHI - BR30( 29-JAN-2018 ),18,TRAILER (COMMERCIAL),19,14,10,13,56,24,31,0,11,32,6,1,217
2019,Bihar,SIWAN - BR29( 29-JAN-2018 ),1,ADAPTED VEHICLE,0,0,0,0,0,0,0,0,0,0,0,1,1
2019,Bihar,SIWAN - BR29( 29-JAN-2018 ),2,AGRICULTURAL TRACTOR,59,88,116,22,50,62,66,65,94,93,76,77,868
2019,Bihar,SIWAN - BR29( 29-JAN-2018 ),3,BUS,5,15,3,1,10,4,7,8,3,7,4,6,73
2019,Bihar,SIWAN - BR29( 29-JAN-2018 ),4,E-RICKSHAW(P),0,32,1,8,11,1,19,23,35,16,7,29,182
2019,Bihar,SIWAN - BR29( 29-JAN-2018 ),5,E-RICKSHAW WITH CART (G),0,0,0,0,0,0,1,0,0,0,0,0,1
2019,Bihar,SIWAN - BR29( 29-JAN-2018 ),6,GOODS CARRIER,66,80,74,53,60,51,63,38,45,64,99,65,758
2019,Bihar,SIWAN - BR29( 29-JAN-2018 ),7,MAXI CAB,34,25,33,17,12,8,18,3,4,15,8,9,186
2019,Bihar,SIWAN - BR29( 29-JAN-2018 ),8,M-CYCLE/SCOOTER,"1,917","3,010","3,016","3,739","4,805","5,033","2,045","2,316","1,788","2,179","3,918","2,436","36,202"
2019,Bihar,SIWAN - BR29( 29-JAN-2018 ),9,M-CYCLE/SCOOTER-WITH SIDE CAR,5,3,2,0,1,2,0,0,0,3,0,1,17
2019,Bihar,SIWAN - BR29( 29-JAN-2018 ),10,MOPED,63,56,55,85,59,80,62,73,35,135,48,58,809
2019,Bihar,SIWAN - BR29( 29-JAN-2018 ),11,MOTOR CAB,3,16,6,3,1,4,12,22,15,3,1,8,94
2019,Bihar,SIWAN - BR29( 29-JAN-2018 ),12,MOTOR CAR,132,151,150,99,125,173,115,72,77,96,200,98,"1,488"
2019,Bihar,SIWAN - BR29( 29-JAN-2018 ),13,MOTORISED CYCLE (CC > 25CC),0,0,0,0,1,1,0,0,1,0,0,0,3
2019,Bihar,SIWAN - BR29( 29-JAN-2018 ),14,OMNI BUS,0,0,0,0,0,0,1,0,0,1,0,0,2
2019,Bihar,SIWAN - BR29( 29-JAN-2018 ),15,THREE WHEELER (GOODS),3,5,3,9,0,4,3,4,2,4,3,3,43
2019,Bihar,SIWAN - BR29( 29-JAN-2018 ),16,THREE WHEELER (PASSENGER),87,76,85,53,18,49,101,110,103,109,83,74,948
2019,Bihar,SIWAN - BR29( 29-JAN-2018 ),17,TRACTOR (COMMERCIAL),6,9,5,3,2,3,6,4,2,11,9,6,66
2019,Bihar,SIWAN - BR29( 29-JAN-2018 ),18,TRAILER (COMMERCIAL),7,5,2,3,0,0,0,0,0,7,5,3,32
2019,Bihar,SUPAUL - BR50( 29-JAN-2018 ),1,AGRICULTURAL TRACTOR,0,0,0,0,0,0,0,0,0,4,3,0,7
2019,Bihar,SUPAUL - BR50( 29-JAN-2018 ),2,AMBULANCE,0,0,0,0,0,0,0,0,0,0,0,1,1
2019,Bihar,SUPAUL - BR50( 29-JAN-2018 ),3,BUS,3,0,0,0,1,6,3,4,5,2,2,8,34
2019,Bihar,SUPAUL - BR50( 29-JAN-2018 ),4,E-RICKSHAW(P),4,3,5,4,10,7,43,18,47,31,27,27,226
2019,Bihar,SUPAUL - BR50( 29-JAN-2018 ),5,E-RICKSHAW WITH CART (G),0,0,1,0,0,0,0,0,0,0,1,0,2
2019,Bihar,SUPAUL - BR50( 29-JAN-2018 ),6,FIRE FIGHTING VEHICLE,0,0,0,0,0,0,4,0,0,0,0,2,6
2019,Bihar,SUPAUL - BR50( 29-JAN-2018 ),7,GOODS CARRIER,34,19,33,21,19,15,32,21,21,22,42,34,313
2019,Bihar,SUPAUL - BR50( 29-JAN-2018 ),8,MAXI CAB,1,0,0,0,1,0,0,0,0,0,0,0,2
2019,Bihar,SUPAUL - BR50( 29-JAN-2018 ),9,M-CYCLE/SCOOTER,"1,752","2,183","3,700","1,709","2,618","2,138","1,877","2,093","2,073","1,667","3,547","1,996","27,353"
2019,Bihar,SUPAUL - BR50( 29-JAN-2018 ),10,M-CYCLE/SCOOTER-WITH SIDE CAR,3,0,4,2,6,1,1,5,0,5,14,16,57
2019,Bihar,SUPAUL - BR50( 29-JAN-2018 ),11,MOPED,27,13,11,2,5,3,3,5,0,0,4,6,79
2019,Bihar,SUPAUL - BR50( 29-JAN-2018 ),12,MOTOR CAB,17,18,9,7,2,8,9,4,8,8,3,7,100
2019,Bihar,SUPAUL - BR50( 29-JAN-2018 ),13,MOTOR CAR,33,35,40,31,32,29,43,19,22,36,40,53,413
2019,Bihar,SUPAUL - BR50( 29-JAN-2018 ),14,MOTORISED CYCLE (CC > 25CC),2,0,0,0,0,0,0,0,0,0,0,0,2
2019,Bihar,SUPAUL - BR50( 29-JAN-2018 ),15,THREE WHEELER (GOODS),13,15,28,19,25,29,31,22,32,37,56,43,350
2019,Bihar,SUPAUL - BR50( 29-JAN-2018 ),16,THREE WHEELER (PASSENGER),211,107,174,40,49,49,68,118,120,122,134,202,"1,394"
2019,Bihar,SUPAUL - BR50( 29-JAN-2018 ),17,TRACTOR (COMMERCIAL),40,41,62,36,41,95,80,81,70,118,107,107,878
2019,Bihar,SUPAUL - BR50( 29-JAN-2018 ),18,TRAILER (COMMERCIAL),6,10,3,11,6,0,13,0,1,9,7,8,74
2019,Bihar,VAISHALI - BR31( 13-FEB-2018 ),1,AGRICULTURAL TRACTOR,0,0,0,0,0,1,0,0,0,0,0,0,1
2019,Bihar,VAISHALI - BR31( 13-FEB-2018 ),2,BUS,4,2,1,2,7,9,6,10,1,4,14,6,66
2019,Bihar,VAISHALI - BR31( 13-FEB-2018 ),3,CONSTRUCTION EQUIPMENT VEHICLE,0,0,1,0,0,1,0,0,0,0,0,0,2
2019,Bihar,VAISHALI - BR31( 13-FEB-2018 ),4,E-RICKSHAW(P),37,20,25,18,9,7,35,34,77,47,40,37,386
2019,Bihar,VAISHALI - BR31( 13-FEB-2018 ),5,E-RICKSHAW WITH CART (G),2,1,0,0,0,0,0,1,3,0,0,0,7
2019,Bihar,VAISHALI - BR31( 13-FEB-2018 ),6,FIRE FIGHTING VEHICLE,0,0,0,0,0,0,0,0,3,0,0,0,3
2019,Bihar,VAISHALI - BR31( 13-FEB-2018 ),7,FIRE TENDERS,0,0,0,0,0,0,0,0,0,1,0,0,1
2019,Bihar,VAISHALI - BR31( 13-FEB-2018 ),8,GOODS CARRIER,48,65,61,57,51,51,58,49,42,80,91,70,723
2019,Bihar,VAISHALI - BR31( 13-FEB-2018 ),9,MAXI CAB,2,1,0,0,0,1,0,2,0,0,2,1,9
2019,Bihar,VAISHALI - BR31( 13-FEB-2018 ),10,M-CYCLE/SCOOTER,"2,148","2,176","2,442","2,667","4,118","3,898","2,676","1,966","1,991","2,074","4,501","2,104","32,761"
2019,Bihar,VAISHALI - BR31( 13-FEB-2018 ),11,M-CYCLE/SCOOTER-WITH SIDE CAR,0,2,1,2,3,2,2,1,1,1,1,3,19
2019,Bihar,VAISHALI - BR31( 13-FEB-2018 ),12,MOPED,49,63,102,76,71,144,85,87,109,57,137,61,"1,041"
2019,Bihar,VAISHALI - BR31( 13-FEB-2018 ),13,MOTOR CAB,20,13,10,13,6,7,9,4,5,25,10,19,141
2019,Bihar,VAISHALI - BR31( 13-FEB-2018 ),14,MOTOR CAR,162,197,181,153,258,177,191,118,135,301,302,152,"2,327"
2019,Bihar,VAISHALI - BR31( 13-FEB-2018 ),15,MOTORISED CYCLE (CC > 25CC),0,43,26,38,0,41,89,88,79,43,76,5,528
2019,Bihar,VAISHALI - BR31( 13-FEB-2018 ),16,THREE WHEELER (GOODS),16,12,13,15,6,23,23,18,14,28,17,20,205
2019,Bihar,VAISHALI - BR31( 13-FEB-2018 ),17,THREE WHEELER (PASSENGER),81,80,31,46,17,64,48,72,110,138,77,122,886
2019,Bihar,VAISHALI - BR31( 13-FEB-2018 ),18,TRACTOR (COMMERCIAL),82,54,48,33,50,44,127,76,66,81,99,125,885
2019,Bihar,VAISHALI - BR31( 13-FEB-2018 ),19,TRAILER (COMMERCIAL),85,42,14,20,52,16,56,17,1,26,57,58,444
2018,Bihar,ARARIA - BR38( 30-JAN-2018 ),1,BUS,0,0,2,0,0,0,0,4,0,1,0,1,8
2018,Bihar,ARARIA - BR38( 30-JAN-2018 ),2,E-RICKSHAW(P),0,5,0,7,3,2,4,6,1,10,9,8,55
2018,Bihar,ARARIA - BR38( 30-JAN-2018 ),3,GOODS CARRIER,6,1,10,4,2,2,11,2,5,6,11,14,74
2018,Bihar,ARARIA - BR38( 30-JAN-2018 ),4,MAXI CAB,0,0,0,0,0,1,0,0,0,0,0,0,1
2018,Bihar,ARARIA - BR38( 30-JAN-2018 ),5,M-CYCLE/SCOOTER,"2,119",951,"2,398","1,699","1,897","2,162","3,464","3,082","1,789","1,472","3,071","1,150","25,254"
2018,Bihar,ARARIA - BR38( 30-JAN-2018 ),6,M-CYCLE/SCOOTER-WITH SIDE CAR,0,0,0,0,1,0,4,0,0,1,3,0,9
2018,Bihar,ARARIA - BR38( 30-JAN-2018 ),7,MOPED,1,0,0,0,0,0,0,0,0,0,0,0,1
2018,Bihar,ARARIA - BR38( 30-JAN-2018 ),8,MOTOR CAB,0,1,0,2,2,0,3,1,3,2,0,1,15
2018,Bihar,ARARIA - BR38( 30-JAN-2018 ),9,MOTOR CAR,107,38,74,61,64,62,99,72,28,40,81,71,797
2018,Bihar,ARARIA - BR38( 30-JAN-2018 ),10,MOTORISED CYCLE (CC > 25CC),0,0,0,0,0,0,0,0,0,1,0,0,1
2018,Bihar,ARARIA - BR38( 30-JAN-2018 ),11,THREE WHEELER (GOODS),7,6,6,15,16,8,25,9,8,12,17,11,140
2018,Bihar,ARARIA - BR38( 30-JAN-2018 ),12,THREE WHEELER (PASSENGER),62,19,50,43,32,33,95,87,46,52,37,15,571
2018,Bihar,ARARIA - BR38( 30-JAN-2018 ),13,TRACTOR (COMMERCIAL),57,32,136,84,81,85,254,97,62,94,157,182,"1,321"
2018,Bihar,ARARIA - BR38( 30-JAN-2018 ),14,TRAILER (COMMERCIAL),40,4,11,94,59,49,53,63,44,42,63,128,650
2018,Bihar,ARAWAL - BR56( 22-MAY-2017 ),1,BUS,0,0,0,0,0,0,0,0,0,0,0,1,1
2018,Bihar,ARAWAL - BR56( 22-MAY-2017 ),2,E-RICKSHAW(P),0,0,0,0,0,0,0,0,1,0,0,0,1
2018,Bihar,ARAWAL - BR56( 22-MAY-2017 ),3,GOODS CARRIER,6,8,5,8,9,2,3,5,3,6,3,2,60
2018,Bihar,ARAWAL - BR56( 22-MAY-2017 ),4,M-CYCLE/SCOOTER,136,178,160,94,217,103,245,229,245,64,277,68,"2,016"
2018,Bihar,ARAWAL - BR56( 22-MAY-2017 ),5,M-CYCLE/SCOOTER-WITH SIDE CAR,0,0,0,1,0,1,0,1,0,0,0,0,3
2018,Bihar,ARAWAL - BR56( 22-MAY-2017 ),6,MOPED,0,9,28,72,38,43,59,66,111,1,40,0,467
2018,Bihar,ARAWAL - BR56( 22-MAY-2017 ),7,MOTOR CAB,1,1,3,2,2,0,5,5,0,1,2,0,22
2018,Bihar,ARAWAL - BR56( 22-MAY-2017 ),8,MOTOR CAR,1,4,9,4,9,2,2,5,0,2,6,9,53
2018,Bihar,ARAWAL - BR56( 22-MAY-2017 ),9,MOTORISED CYCLE (CC > 25CC),0,0,0,0,0,0,0,0,0,0,0,1,1
2018,Bihar,ARAWAL - BR56( 22-MAY-2017 ),10,OMNI BUS,0,0,0,0,1,0,0,0,0,0,0,0,1
2018,Bihar,ARAWAL - BR56( 22-MAY-2017 ),11,THREE WHEELER (GOODS),0,1,1,2,4,4,0,0,3,1,2,3,21
2018,Bihar,ARAWAL - BR56( 22-MAY-2017 ),12,THREE WHEELER (PASSENGER),8,7,11,9,13,11,4,13,7,17,4,18,122
2018,Bihar,ARAWAL - BR56( 22-MAY-2017 ),13,TRACTOR (COMMERCIAL),46,60,58,43,41,32,10,58,23,21,16,27,435
2018,Bihar,ARAWAL - BR56( 22-MAY-2017 ),14,TRAILER (COMMERCIAL),43,64,58,44,42,30,10,58,22,21,16,27,435
2018,Bihar,AURANGABAD - BR26( 13-JUN-2017 ),1,AGRICULTURAL TRACTOR,0,0,0,0,0,0,0,0,0,0,0,5,5
2018,Bihar,AURANGABAD - BR26( 13-JUN-2017 ),2,AMBULANCE,0,0,0,0,1,3,0,1,0,0,0,0,5
2018,Bihar,AURANGABAD - BR26( 13-JUN-2017 ),3,ARTICULATED VEHICLE,0,0,0,0,0,0,0,0,0,1,0,0,1
2018,Bihar,AURANGABAD - BR26( 13-JUN-2017 ),4,BUS,6,6,7,3,5,2,4,1,4,4,1,3,46
2018,Bihar,AURANGABAD - BR26( 13-JUN-2017 ),5,CONSTRUCTION EQUIPMENT VEHICLE,0,0,0,0,0,0,0,0,0,1,0,0,1
2018,Bihar,AURANGABAD - BR26( 13-JUN-2017 ),6,GOODS CARRIER,46,71,69,54,55,28,38,31,71,54,43,54,614
2018,Bihar,AURANGABAD - BR26( 13-JUN-2017 ),7,MAXI CAB,1,2,0,3,7,2,2,1,1,0,0,1,20
2018,Bihar,AURANGABAD - BR26( 13-JUN-2017 ),8,M-CYCLE/SCOOTER,"1,047","1,108","2,032","1,787","1,870",779,793,861,"1,227",517,"1,891",793,"14,705"
2018,Bihar,AURANGABAD - BR26( 13-JUN-2017 ),9,M-CYCLE/SCOOTER-WITH SIDE CAR,0,0,0,0,1,0,0,0,1,0,0,0,2
2018,Bihar,AURANGABAD - BR26( 13-JUN-2017 ),10,MOPED,0,0,0,0,0,0,0,10,71,6,29,22,138
2018,Bihar,AURANGABAD - BR26( 13-JUN-2017 ),11,MOTOR CAB,4,7,15,17,12,7,13,5,5,7,16,17,125
2018,Bihar,AURANGABAD - BR26( 13-JUN-2017 ),12,MOTOR CAR,63,85,84,77,82,73,57,54,36,12,43,24,690
2018,Bihar,AURANGABAD - BR26( 13-JUN-2017 ),13,OMNI BUS,1,0,1,0,0,0,0,1,0,0,2,0,5
2018,Bihar,AURANGABAD - BR26( 13-JUN-2017 ),14,THREE WHEELER (GOODS),13,13,8,15,17,13,12,8,12,7,6,17,141
2018,Bihar,AURANGABAD - BR26( 13-JUN-2017 ),15,THREE WHEELER (PASSENGER),142,136,172,111,108,63,106,113,139,114,112,128,"1,444"
2018,Bihar,AURANGABAD - BR26( 13-JUN-2017 ),16,TRACTOR (COMMERCIAL),153,117,191,233,129,221,196,123,145,116,61,284,"1,969"
2018,Bihar,AURANGABAD - BR26( 13-JUN-2017 ),17,TRAILER (AGRICULTURAL),0,2,0,0,2,0,0,0,2,0,0,0,6
2018,Bihar,AURANGABAD - BR26( 13-JUN-2017 ),18,TRAILER (COMMERCIAL),197,186,234,222,199,107,212,157,209,65,61,106,"1,955"
2018,Bihar,BANKA - BR51( 06-FEB-2018 ),1,AGRICULTURAL TRACTOR,0,0,0,2,1,6,0,0,0,0,0,0,9
2018,Bihar,BANKA - BR51( 06-FEB-2018 ),2,BUS,3,1,2,0,5,0,3,2,1,1,0,1,19
2018,Bihar,BANKA - BR51( 06-FEB-2018 ),3,E-RICKSHAW(P),0,0,0,0,0,0,0,0,0,0,6,1,7
2018,Bihar,BANKA - BR51( 06-FEB-2018 ),4,GOODS CARRIER,18,10,12,8,7,6,3,17,3,8,11,14,117
2018,Bihar,BANKA - BR51( 06-FEB-2018 ),5,MAXI CAB,0,0,1,0,0,0,0,0,0,0,1,1,3
2018,Bihar,BANKA - BR51( 06-FEB-2018 ),6,M-CYCLE/SCOOTER,"1,135",372,582,409,"1,042",990,676,604,283,399,657,547,"7,696"
2018,Bihar,BANKA - BR51( 06-FEB-2018 ),7,M-CYCLE/SCOOTER-WITH SIDE CAR,0,0,0,0,1,0,0,0,0,0,0,0,1
2018,Bihar,BANKA - BR51( 06-FEB-2018 ),8,MOPED,2,0,0,0,0,0,0,0,0,0,0,0,2
2018,Bihar,BANKA - BR51( 06-FEB-2018 ),9,MOTOR CAB,1,0,0,0,0,1,1,1,0,1,3,1,9
2018,Bihar,BANKA - BR51( 06-FEB-2018 ),10,MOTOR CAR,14,4,11,4,12,5,10,7,5,7,7,8,94
2018,Bihar,BANKA - BR51( 06-FEB-2018 ),11,MOTORISED CYCLE (CC > 25CC),0,0,0,0,0,0,0,0,1,1,0,0,2
2018,Bihar,BANKA - BR51( 06-FEB-2018 ),12,OMNI BUS,0,0,0,0,0,2,0,0,0,0,0,0,2
2018,Bihar,BANKA - BR51( 06-FEB-2018 ),13,OMNI BUS (PRIVATE USE),0,0,0,1,0,0,0,0,0,0,0,0,1
2018,Bihar,BANKA - BR51( 06-FEB-2018 ),14,THREE WHEELER (GOODS),4,0,4,1,0,0,0,0,1,0,2,1,13
2018,Bihar,BANKA - BR51( 06-FEB-2018 ),15,THREE WHEELER (PASSENGER),30,0,7,4,0,0,5,0,2,6,19,13,86
2018,Bihar,BANKA - BR51( 06-FEB-2018 ),16,TRACTOR (COMMERCIAL),75,1,27,42,49,59,60,65,76,28,34,54,570
2018,Bihar,BANKA - BR51( 06-FEB-2018 ),17,TRAILER (COMMERCIAL),76,0,10,1,15,70,10,17,18,50,46,8,321
2018,Bihar,BEGUSARAI - BR9( 23-JAN-2018 ),1,ADAPTED VEHICLE,0,0,0,0,0,0,0,0,1,0,0,0,1
2018,Bihar,BEGUSARAI - BR9( 23-JAN-2018 ),2,AGRICULTURAL TRACTOR,3,0,0,0,0,0,0,0,0,0,0,0,3
2018,Bihar,BEGUSARAI - BR9( 23-JAN-2018 ),3,AMBULANCE,0,0,0,0,0,0,0,0,0,0,0,1,1
2018,Bihar,BEGUSARAI - BR9( 23-JAN-2018 ),4,BUS,2,2,11,13,4,9,5,10,5,8,7,4,80
2018,Bihar,BEGUSARAI - BR9( 23-JAN-2018 ),5,E-RICKSHAW(P),16,3,14,16,12,8,10,14,29,28,17,33,200
2018,Bihar,BEGUSARAI - BR9( 23-JAN-2018 ),6,GOODS CARRIER,66,61,116,106,135,97,112,124,96,125,143,151,"1,332"
2018,Bihar,BEGUSARAI - BR9( 23-JAN-2018 ),7,MAXI CAB,0,0,1,0,1,1,2,0,0,1,0,0,6
2018,Bihar,BEGUSARAI - BR9( 23-JAN-2018 ),8,M-CYCLE/SCOOTER,697,"1,141","3,523","2,134","2,352","2,295","2,917","2,464","1,902","1,857","2,674","2,123","26,079"
2018,Bihar,BEGUSARAI - BR9( 23-JAN-2018 ),9,M-CYCLE/SCOOTER-WITH SIDE CAR,0,0,1,7,0,1,0,2,0,0,0,1,12
2018,Bihar,BEGUSARAI - BR9( 23-JAN-2018 ),10,MOPED,0,0,49,31,31,30,40,20,21,10,0,4,236
2018,Bihar,BEGUSARAI - BR9( 23-JAN-2018 ),11,MOTOR CAB,11,19,35,21,17,16,9,16,5,20,10,26,205
2018,Bihar,BEGUSARAI - BR9( 23-JAN-2018 ),12,MOTOR CAR,91,113,186,122,139,146,153,186,86,121,218,121,"1,682"
2018,Bihar,BEGUSARAI - BR9( 23-JAN-2018 ),13,MOTORISED CYCLE (CC > 25CC),0,0,0,1,0,0,0,0,0,0,0,0,1
2018,Bihar,BEGUSARAI - BR9( 23-JAN-2018 ),14,THREE WHEELER (GOODS),12,18,44,15,15,20,22,16,8,23,8,5,206
2018,Bihar,BEGUSARAI - BR9( 23-JAN-2018 ),15,THREE WHEELER (PASSENGER),33,39,64,25,31,54,38,46,42,48,24,50,494
2018,Bihar,BEGUSARAI - BR9( 23-JAN-2018 ),16,TRACTOR (COMMERCIAL),42,30,129,65,85,113,91,66,64,99,94,120,998
2018,Bihar,BEGUSARAI - BR9( 23-JAN-2018 ),17,TRAILER (COMMERCIAL),50,0,38,48,130,76,67,69,38,48,60,92,716
2018,Bihar,BETTIAH - BR22( 22-SEP-2017 ),1,ADAPTED VEHICLE,0,0,0,0,0,0,0,0,1,0,0,0,1
2018,Bihar,BETTIAH - BR22( 22-SEP-2017 ),2,AGRICULTURAL TRACTOR,1,0,0,0,0,0,0,0,0,0,0,0,1
2018,Bihar,BETTIAH - BR22( 22-SEP-2017 ),3,BUS,0,0,4,9,2,4,3,2,2,4,2,0,32
2018,Bihar,BETTIAH - BR22( 22-SEP-2017 ),4,CONSTRUCTION EQUIPMENT VEHICLE,0,0,0,0,0,0,0,0,0,1,2,0,3
2018,Bihar,BETTIAH - BR22( 22-SEP-2017 ),5,E-RICKSHAW(P),1,8,14,9,5,10,5,14,23,3,8,9,109
2018,Bihar,BETTIAH - BR22( 22-SEP-2017 ),6,E-RICKSHAW WITH CART (G),0,0,0,0,0,0,2,0,0,0,0,0,2
2018,Bihar,BETTIAH - BR22( 22-SEP-2017 ),7,GOODS CARRIER,19,15,9,11,11,9,7,4,10,8,12,8,123
2018,Bihar,BETTIAH - BR22( 22-SEP-2017 ),8,MAXI CAB,0,0,2,1,1,0,0,0,0,0,1,0,5
2018,Bihar,BETTIAH - BR22( 22-SEP-2017 ),9,M-CYCLE/SCOOTER,"1,407","2,352","16,210","6,048","6,167","3,434","1,538","3,517","4,359","2,719","6,240","2,953","56,944"
2018,Bihar,BETTIAH - BR22( 22-SEP-2017 ),10,M-CYCLE/SCOOTER-WITH SIDE CAR,0,0,1,0,0,0,0,0,1,2,2,0,6
2018,Bihar,BETTIAH - BR22( 22-SEP-2017 ),11,MOPED,0,0,0,0,0,0,0,0,57,26,61,17,161
2018,Bihar,BETTIAH - BR22( 22-SEP-2017 ),12,MOTOR CAB,1,0,2,3,6,4,1,1,2,2,6,2,30
2018,Bihar,BETTIAH - BR22( 22-SEP-2017 ),13,MOTOR CAR,63,42,190,101,140,60,40,66,99,48,63,86,998
2018,Bihar,BETTIAH - BR22( 22-SEP-2017 ),14,MOTORISED CYCLE (CC > 25CC),0,0,0,0,0,0,0,0,0,1,0,0,1
2018,Bihar,BETTIAH - BR22( 22-SEP-2017 ),15,OMNI BUS,0,0,0,0,0,3,0,0,0,0,0,0,3
2018,Bihar,BETTIAH - BR22( 22-SEP-2017 ),16,THREE WHEELER (GOODS),8,24,12,16,7,10,8,11,11,8,11,8,134
2018,Bihar,BETTIAH - BR22( 22-SEP-2017 ),17,THREE WHEELER (PASSENGER),20,0,272,50,36,71,46,73,126,88,72,67,921
2018,Bihar,BETTIAH - BR22( 22-SEP-2017 ),18,TRACTOR (COMMERCIAL),712,345,215,216,152,255,125,167,161,184,285,304,"3,121"
2018,Bihar,BETTIAH - BR22( 22-SEP-2017 ),19,TRAILER (COMMERCIAL),1,1,10,10,7,13,5,5,28,29,17,28,154
2018,Bihar,BHABHUA - BR45( 23-JAN-2018 ),1,AGRICULTURAL TRACTOR,259,104,294,17,2,0,2,0,0,0,0,0,678
2018,Bihar,BHABHUA - BR45( 23-JAN-2018 ),2,AMBULANCE,0,0,0,0,0,1,0,0,1,0,0,0,2
2018,Bihar,BHABHUA - BR45( 23-JAN-2018 ),3,ARTICULATED VEHICLE,0,0,0,0,1,0,1,0,0,0,0,0,2
2018,Bihar,BHABHUA - BR45( 23-JAN-2018 ),4,BUS,1,1,2,4,9,4,9,3,4,2,1,7,47
2018,Bihar,BHABHUA - BR45( 23-JAN-2018 ),5,E-RICKSHAW(P),28,0,23,12,28,13,17,15,23,31,22,9,221
2018,Bihar,BHABHUA - BR45( 23-JAN-2018 ),6,E-RICKSHAW WITH CART (G),0,0,0,0,0,0,0,0,0,0,1,0,1
2018,Bihar,BHABHUA - BR45( 23-JAN-2018 ),7,GOODS CARRIER,16,10,27,37,31,23,23,13,10,32,23,27,272
2018,Bihar,BHABHUA - BR45( 23-JAN-2018 ),8,MAXI CAB,0,1,5,1,3,3,2,1,3,0,0,0,19
2018,Bihar,BHABHUA - BR45( 23-JAN-2018 ),9,M-CYCLE/SCOOTER,"1,389",473,"1,635",869,"1,981","1,195",718,492,480,391,"1,136",780,"11,539"
2018,Bihar,BHABHUA - BR45( 23-JAN-2018 ),10,M-CYCLE/SCOOTER-WITH SIDE CAR,0,0,0,1,1,0,0,1,0,0,0,0,3
2018,Bihar,BHABHUA - BR45( 23-JAN-2018 ),11,MOPED,0,0,0,0,13,44,17,63,34,17,32,24,244
2018,Bihar,BHABHUA - BR45( 23-JAN-2018 ),12,MOTOR CAB,10,0,5,15,5,1,4,1,3,4,9,5,62
2018,Bihar,BHABHUA - BR45( 23-JAN-2018 ),13,MOTOR CAR,42,16,33,41,45,24,18,25,6,10,21,19,300
2018,Bihar,BHABHUA - BR45( 23-JAN-2018 ),14,MOTORISED CYCLE (CC > 25CC),0,0,0,0,0,0,4,0,0,1,0,0,5
2018,Bihar,BHABHUA - BR45( 23-JAN-2018 ),15,OMNI BUS,0,0,0,0,0,0,1,0,0,1,1,0,3
2018,Bihar,BHABHUA - BR45( 23-JAN-2018 ),16,THREE WHEELER (GOODS),9,3,2,5,1,0,2,11,0,5,8,5,51
2018,Bihar,BHABHUA - BR45( 23-JAN-2018 ),17,THREE WHEELER (PASSENGER),22,9,36,15,23,5,21,30,22,18,33,61,295
2018,Bihar,BHABHUA - BR45( 23-JAN-2018 ),18,TRACTOR (COMMERCIAL),14,3,48,121,97,97,143,95,84,88,138,122,"1,050"
2018,Bihar,BHABHUA - BR45( 23-JAN-2018 ),19,TRAILER (AGRICULTURAL),249,0,82,120,27,9,16,43,0,0,0,10,556
2018,Bihar,BHABHUA - BR45( 23-JAN-2018 ),20,TRAILER (COMMERCIAL),96,0,1,97,121,91,132,25,108,116,127,115,"1,029"
2018,Bihar,BHAGALPUR - BR10( 07-FEB-2018 ),1,AGRICULTURAL TRACTOR,71,12,76,58,67,66,45,78,46,67,66,121,773
2018,Bihar,BHAGALPUR - BR10( 07-FEB-2018 ),2,AMBULANCE,0,0,0,1,0,2,0,0,0,0,0,0,3
2018,Bihar,BHAGALPUR - BR10( 07-FEB-2018 ),3,ARTICULATED VEHICLE,0,0,0,0,0,0,0,0,0,0,0,1,1
2018,Bihar,BHAGALPUR - BR10( 07-FEB-2018 ),4,BUS,3,2,8,4,3,9,4,1,1,1,4,4,44
2018,Bihar,BHAGALPUR - BR10( 07-FEB-2018 ),5,CONSTRUCTION EQUIPMENT VEHICLE,1,0,1,0,0,0,0,0,1,1,0,0,4
2018,Bihar,BHAGALPUR - BR10( 07-FEB-2018 ),6,DUMPER,0,0,0,1,0,0,0,0,0,0,0,0,1
2018,Bihar,BHAGALPUR - BR10( 07-FEB-2018 ),7,E-RICKSHAW(P),37,15,45,21,42,40,60,52,73,50,74,100,609
2018,Bihar,BHAGALPUR - BR10( 07-FEB-2018 ),8,E-RICKSHAW WITH CART (G),0,0,0,0,1,0,0,0,0,0,0,8,9
2018,Bihar,BHAGALPUR - BR10( 07-FEB-2018 ),9,EXCAVATOR (COMMERCIAL),0,0,1,0,0,0,0,0,0,0,0,0,1
2018,Bihar,BHAGALPUR - BR10( 07-FEB-2018 ),10,GOODS CARRIER,73,73,130,133,143,126,154,140,130,134,135,139,"1,510"
2018,Bihar,BHAGALPUR - BR10( 07-FEB-2018 ),11,MAXI CAB,0,1,1,7,2,2,5,2,3,0,5,8,36
2018,Bihar,BHAGALPUR - BR10( 07-FEB-2018 ),12,M-CYCLE/SCOOTER,"1,136",537,"2,555","1,590","1,923","1,853","2,404","2,167","1,606","1,281","2,745","1,194","20,991"
2018,Bihar,BHAGALPUR - BR10( 07-FEB-2018 ),13,M-CYCLE/SCOOTER-WITH SIDE CAR,0,0,1,0,0,2,0,0,3,1,2,0,9
2018,Bihar,BHAGALPUR - BR10( 07-FEB-2018 ),14,MOTOR CAB,23,15,25,35,22,30,30,33,34,8,14,34,303
2018,Bihar,BHAGALPUR - BR10( 07-FEB-2018 ),15,MOTOR CAR,161,111,279,156,178,173,182,272,119,84,226,161,"2,102"
2018,Bihar,BHAGALPUR - BR10( 07-FEB-2018 ),16,MOTORISED CYCLE (CC > 25CC),0,0,0,0,0,0,0,0,0,0,0,1,1
2018,Bihar,BHAGALPUR - BR10( 07-FEB-2018 ),17,OMNI BUS,0,0,0,0,0,1,0,1,0,0,0,0,2
2018,Bihar,BHAGALPUR - BR10( 07-FEB-2018 ),18,THREE WHEELER (GOODS),32,15,51,28,27,31,28,30,43,29,37,35,386
2018,Bihar,BHAGALPUR - BR10( 07-FEB-2018 ),19,THREE WHEELER (PASSENGER),84,70,114,88,82,84,131,166,173,156,111,139,"1,398"
2018,Bihar,BHAGALPUR - BR10( 07-FEB-2018 ),20,TRACTOR (COMMERCIAL),12,0,8,0,5,6,6,0,1,3,4,2,47
2018,Bihar,BHAGALPUR - BR10( 07-FEB-2018 ),21,TRAILER (AGRICULTURAL),0,0,2,1,10,5,8,11,8,14,9,13,81
2018,Bihar,BHAGALPUR - BR10( 07-FEB-2018 ),22,TRAILER (COMMERCIAL),55,6,6,4,1,5,3,2,5,1,8,3,99
2018,Bihar,BHOJPUR - BR3( 15-FEB-2018 ),1,AGRICULTURAL TRACTOR,0,0,0,0,0,0,0,0,1,0,0,0,1
2018,Bihar,BHOJPUR - BR3( 15-FEB-2018 ),2,ARTICULATED VEHICLE,0,0,0,1,0,0,0,0,0,0,0,0,1
2018,Bihar,BHOJPUR - BR3( 15-FEB-2018 ),3,BUS,3,1,9,11,11,9,1,3,4,6,8,5,71
2018,Bihar,BHOJPUR - BR3( 15-FEB-2018 ),4,CONSTRUCTION EQUIPMENT VEHICLE,0,0,0,0,0,0,0,0,1,0,0,0,1
2018,Bihar,BHOJPUR - BR3( 15-FEB-2018 ),5,E-RICKSHAW(P),0,1,13,6,2,6,5,7,12,10,5,6,73
2018,Bihar,BHOJPUR - BR3( 15-FEB-2018 ),6,E-RICKSHAW WITH CART (G),0,0,0,0,0,0,0,0,0,1,0,0,1
2018,Bihar,BHOJPUR - BR3( 15-FEB-2018 ),7,GOODS CARRIER,54,55,92,65,47,41,53,42,57,80,56,68,710
2018,Bihar,BHOJPUR - BR3( 15-FEB-2018 ),8,MAXI CAB,0,0,1,0,0,1,1,0,0,0,0,0,3
2018,Bihar,BHOJPUR - BR3( 15-FEB-2018 ),9,M-CYCLE/SCOOTER,"1,216","2,535","2,873","2,818","3,150","2,734","2,018","1,977","1,446","1,620","3,516","2,512","28,415"
2018,Bihar,BHOJPUR - BR3( 15-FEB-2018 ),10,M-CYCLE/SCOOTER-WITH SIDE CAR,0,0,0,0,0,0,0,1,0,1,0,0,2
2018,Bihar,BHOJPUR - BR3( 15-FEB-2018 ),11,MOPED,83,150,0,0,0,0,1,5,0,0,0,0,239
2018,Bihar,BHOJPUR - BR3( 15-FEB-2018 ),12,MOTOR CAB,16,9,14,7,14,6,2,5,7,9,13,12,114
2018,Bihar,BHOJPUR - BR3( 15-FEB-2018 ),13,MOTOR CAR,86,51,119,91,65,62,63,54,34,44,67,37,773
2018,Bihar,BHOJPUR - BR3( 15-FEB-2018 ),14,MOTORISED CYCLE (CC > 25CC),1,0,0,0,0,0,5,2,0,0,0,0,8
2018,Bihar,BHOJPUR - BR3( 15-FEB-2018 ),15,OMNI BUS,0,0,0,0,0,0,0,0,2,3,0,3,8
2018,Bihar,BHOJPUR - BR3( 15-FEB-2018 ),16,THREE WHEELER (GOODS),8,17,11,6,21,17,7,7,12,16,12,7,141
2018,Bihar,BHOJPUR - BR3( 15-FEB-2018 ),17,THREE WHEELER (PASSENGER),69,104,69,39,81,91,81,83,79,62,73,70,901
2018,Bihar,BHOJPUR - BR3( 15-FEB-2018 ),18,TRACTOR (COMMERCIAL),84,71,99,123,119,113,129,169,69,118,152,172,"1,418"
2018,Bihar,BHOJPUR - BR3( 15-FEB-2018 ),19,TRAILER (COMMERCIAL),85,82,0,0,1,2,3,1,0,1,6,60,241
2018,Bihar,BUXUR - BR44( 01-FEB-2018 ),1,AMBULANCE,0,0,2,0,0,0,0,0,0,0,0,0,2
2018,Bihar,BUXUR - BR44( 01-FEB-2018 ),2,BUS,2,1,0,0,3,4,3,1,1,1,2,0,18
2018,Bihar,BUXUR - BR44( 01-FEB-2018 ),3,E-RICKSHAW(P),25,5,15,11,23,10,8,5,24,5,13,8,152
2018,Bihar,BUXUR - BR44( 01-FEB-2018 ),4,GOODS CARRIER,19,12,33,25,39,34,21,20,28,31,36,33,331
2018,Bihar,BUXUR - BR44( 01-FEB-2018 ),5,MAXI CAB,0,0,1,0,0,0,0,0,0,2,0,1,4
2018,Bihar,BUXUR - BR44( 01-FEB-2018 ),6,M-CYCLE/SCOOTER,"2,147",689,"1,459",666,"1,749",441,749,"1,014","1,193",256,"1,307",799,"12,469"
2018,Bihar,BUXUR - BR44( 01-FEB-2018 ),7,M-CYCLE/SCOOTER-WITH SIDE CAR,0,6,0,0,0,1,0,0,0,0,1,0,8
2018,Bihar,BUXUR - BR44( 01-FEB-2018 ),8,MOPED,1,1,0,0,0,0,0,1,0,0,0,0,3
2018,Bihar,BUXUR - BR44( 01-FEB-2018 ),9,MOTOR CAB,1,0,5,4,8,3,4,7,4,2,4,5,47
2018,Bihar,BUXUR - BR44( 01-FEB-2018 ),10,MOTOR CAR,52,44,75,19,68,34,25,30,35,22,24,40,468
2018,Bihar,BUXUR - BR44( 01-FEB-2018 ),11,MOTORISED CYCLE (CC > 25CC),0,0,0,0,0,0,0,1,0,0,0,0,1
2018,Bihar,BUXUR - BR44( 01-FEB-2018 ),12,OMNI BUS,0,0,1,0,0,0,0,0,3,1,1,0,6
2018,Bihar,BUXUR - BR44( 01-FEB-2018 ),13,PRIVATE SERVICE VEHICLE (INDIVIDUAL USE),0,2,0,0,0,0,0,0,0,0,0,0,2
2018,Bihar,BUXUR - BR44( 01-FEB-2018 ),14,THREE WHEELER (GOODS),1,3,0,2,2,2,2,0,0,1,0,3,16
2018,Bihar,BUXUR - BR44( 01-FEB-2018 ),15,THREE WHEELER (PASSENGER),54,11,28,31,29,46,46,49,52,44,32,65,487
2018,Bihar,BUXUR - BR44( 01-FEB-2018 ),16,TRACTOR (COMMERCIAL),87,0,0,1,29,63,79,34,69,30,30,202,624
2018,Bihar,BUXUR - BR44( 01-FEB-2018 ),17,TRACTOR-TROLLEY(COMMERCIAL),0,0,0,1,0,0,0,0,0,0,0,0,1
2018,Bihar,BUXUR - BR44( 01-FEB-2018 ),18,TRAILER (COMMERCIAL),87,0,0,0,26,47,60,31,52,13,1,141,458
2018,Bihar,CHAPARA - BR4( 29-JAN-2018 ),1,AGRICULTURAL TRACTOR,0,0,1,0,0,0,4,11,6,0,0,11,33
2018,Bihar,CHAPARA - BR4( 29-JAN-2018 ),2,AMBULANCE,0,0,0,0,0,0,0,0,2,0,0,0,2
2018,Bihar,CHAPARA - BR4( 29-JAN-2018 ),3,BUS,1,0,3,5,6,5,3,0,3,3,7,5,41
2018,Bihar,CHAPARA - BR4( 29-JAN-2018 ),4,CONSTRUCTION EQUIPMENT VEHICLE,0,0,0,0,0,0,1,0,3,0,0,0,4
2018,Bihar,CHAPARA - BR4( 29-JAN-2018 ),5,E-RICKSHAW(P),0,0,0,6,0,4,3,1,3,8,7,8,40
2018,Bihar,CHAPARA - BR4( 29-JAN-2018 ),6,GOODS CARRIER,51,84,66,93,115,57,76,44,69,86,96,66,903
2018,Bihar,CHAPARA - BR4( 29-JAN-2018 ),7,MAXI CAB,1,5,6,15,13,4,9,12,4,6,5,4,84
2018,Bihar,CHAPARA - BR4( 29-JAN-2018 ),8,M-CYCLE/SCOOTER,974,432,"4,769","2,534","5,553","4,661","2,399","2,151","1,470","1,422","2,712","1,974","31,051"
2018,Bihar,CHAPARA - BR4( 29-JAN-2018 ),9,M-CYCLE/SCOOTER-WITH SIDE CAR,0,0,38,1,0,0,2,1,0,0,3,2,47
2018,Bihar,CHAPARA - BR4( 29-JAN-2018 ),10,MOPED,15,0,0,49,94,61,61,73,63,62,45,32,555
2018,Bihar,CHAPARA - BR4( 29-JAN-2018 ),11,MOTOR CAB,8,13,2,6,6,5,3,3,3,2,2,2,55
2018,Bihar,CHAPARA - BR4( 29-JAN-2018 ),12,MOTOR CAR,127,75,138,65,150,70,116,85,52,52,110,90,"1,130"
2018,Bihar,CHAPARA - BR4( 29-JAN-2018 ),13,MOTORISED CYCLE (CC > 25CC),0,0,0,0,0,0,0,0,2,0,0,0,2
2018,Bihar,CHAPARA - BR4( 29-JAN-2018 ),14,OMNI BUS,0,1,1,0,0,0,0,0,0,0,0,0,2
2018,Bihar,CHAPARA - BR4( 29-JAN-2018 ),15,THREE WHEELER (GOODS),4,8,9,5,10,9,7,2,8,4,8,12,86
2018,Bihar,CHAPARA - BR4( 29-JAN-2018 ),16,THREE WHEELER (PASSENGER),58,31,73,25,58,51,61,43,54,63,68,61,646
2018,Bihar,CHAPARA - BR4( 29-JAN-2018 ),17,TRACTOR (COMMERCIAL),88,29,76,105,136,137,96,94,101,107,126,145,"1,240"
2018,Bihar,CHAPARA - BR4( 29-JAN-2018 ),18,TRACTOR-TROLLEY(COMMERCIAL),0,0,0,0,0,0,0,0,0,0,1,0,1
2018,Bihar,CHAPARA - BR4( 29-JAN-2018 ),19,TRAILER (AGRICULTURAL),0,0,1,0,0,0,0,0,0,0,0,0,1
2018,Bihar,CHAPARA - BR4( 29-JAN-2018 ),20,TRAILER (COMMERCIAL),31,23,38,29,45,44,28,27,33,38,51,64,451
2018,Bihar,DARBHANGA - BR7( 30-JAN-2018 ),1,AGRICULTURAL TRACTOR,120,0,0,0,0,0,0,0,0,0,0,0,120
2018,Bihar,DARBHANGA - BR7( 30-JAN-2018 ),2,AMBULANCE,0,0,0,0,1,0,0,3,0,0,0,0,4
2018,Bihar,DARBHANGA - BR7( 30-JAN-2018 ),3,BUS,3,1,1,1,4,3,1,2,4,0,6,2,28
2018,Bihar,DARBHANGA - BR7( 30-JAN-2018 ),4,CONSTRUCTION EQUIPMENT VEHICLE,0,0,0,0,0,0,0,0,2,0,0,0,2
2018,Bihar,DARBHANGA - BR7( 30-JAN-2018 ),5,E-RICKSHAW(P),5,0,0,0,2,0,4,8,2,9,4,7,41
2018,Bihar,DARBHANGA - BR7( 30-JAN-2018 ),6,E-RICKSHAW WITH CART (G),0,0,0,0,2,1,2,1,0,1,1,0,8
2018,Bihar,DARBHANGA - BR7( 30-JAN-2018 ),7,GOODS CARRIER,95,49,104,69,48,54,57,67,46,55,65,63,772
2018,Bihar,DARBHANGA - BR7( 30-JAN-2018 ),8,MAXI CAB,1,23,47,24,22,23,23,18,17,14,28,12,252
2018,Bihar,DARBHANGA - BR7( 30-JAN-2018 ),9,M-CYCLE/SCOOTER,"6,504","1,053","4,319","4,161","5,586","2,485","2,872","3,362","2,541","2,308","3,727","1,974","40,892"
2018,Bihar,DARBHANGA - BR7( 30-JAN-2018 ),10,M-CYCLE/SCOOTER-WITH SIDE CAR,0,47,2,1,0,0,1,0,0,3,3,0,57
2018,Bihar,DARBHANGA - BR7( 30-JAN-2018 ),11,MOPED,275,0,17,9,8,10,9,51,6,19,2,3,409
2018,Bihar,DARBHANGA - BR7( 30-JAN-2018 ),12,MOTOR CAB,29,2,1,2,5,1,6,3,2,2,5,1,59
2018,Bihar,DARBHANGA - BR7( 30-JAN-2018 ),13,MOTOR CAR,330,115,292,172,255,143,209,176,128,155,215,184,"2,374"
2018,Bihar,DARBHANGA - BR7( 30-JAN-2018 ),14,THREE WHEELER (GOODS),42,24,32,20,33,17,36,35,16,25,46,44,370
2018,Bihar,DARBHANGA - BR7( 30-JAN-2018 ),15,THREE WHEELER (PASSENGER),276,151,128,87,123,150,175,167,123,231,307,249,"2,167"
2018,Bihar,DARBHANGA - BR7( 30-JAN-2018 ),16,TRACTOR (COMMERCIAL),74,46,77,81,67,133,164,77,56,90,125,204,"1,194"
2018,Bihar,DARBHANGA - BR7( 30-JAN-2018 ),17,TRAILER (COMMERCIAL),6,0,1,3,2,5,16,2,9,10,5,28,87
2018,Bihar,GAYA - BR2( 06-SEP-2017 ),1,AGRICULTURAL TRACTOR,190,177,203,99,38,112,116,39,41,0,12,134,"1,161"
2018,Bihar,GAYA - BR2( 06-SEP-2017 ),2,AMBULANCE,0,0,0,0,0,0,1,0,0,0,0,1,2
2018,Bihar,GAYA - BR2( 06-SEP-2017 ),3,BUS,12,29,15,9,9,9,8,8,10,11,10,6,136
2018,Bihar,GAYA - BR2( 06-SEP-2017 ),4,DUMPER,0,0,0,1,0,0,0,0,0,0,1,0,2
2018,Bihar,GAYA - BR2( 06-SEP-2017 ),5,E-RICKSHAW(P),1,1,0,2,0,3,3,3,10,25,13,16,77
2018,Bihar,GAYA - BR2( 06-SEP-2017 ),6,E-RICKSHAW WITH CART (G),0,0,0,0,0,0,0,0,0,0,2,0,2
2018,Bihar,GAYA - BR2( 06-SEP-2017 ),7,GOODS CARRIER,100,125,128,149,126,122,97,122,119,121,126,127,"1,462"
2018,Bihar,GAYA - BR2( 06-SEP-2017 ),8,MAXI CAB,1,5,3,3,6,3,0,1,7,2,4,5,40
2018,Bihar,GAYA - BR2( 06-SEP-2017 ),9,M-CYCLE/SCOOTER,"1,887","4,715","5,112","4,710","7,513","3,657","3,445","2,909","2,786","2,384","4,935","2,594","46,647"
2018,Bihar,GAYA - BR2( 06-SEP-2017 ),10,M-CYCLE/SCOOTER-WITH SIDE CAR,0,0,1,1,3,2,1,0,1,0,4,0,13
2018,Bihar,GAYA - BR2( 06-SEP-2017 ),11,MOPED,0,0,0,0,0,0,0,0,7,0,0,0,7
2018,Bihar,GAYA - BR2( 06-SEP-2017 ),12,MOTOR CAB,20,24,30,24,19,28,18,28,16,36,25,10,278
2018,Bihar,GAYA - BR2( 06-SEP-2017 ),13,MOTOR CAR,113,257,271,152,205,256,167,156,160,85,184,122,"2,128"
2018,Bihar,GAYA - BR2( 06-SEP-2017 ),14,OMNI BUS,0,2,1,5,0,4,0,0,0,0,3,4,19
2018,Bihar,GAYA - BR2( 06-SEP-2017 ),15,THREE WHEELER (GOODS),44,76,62,50,38,54,34,47,62,40,45,79,631
2018,Bihar,GAYA - BR2( 06-SEP-2017 ),16,THREE WHEELER (PASSENGER),151,189,201,169,127,142,151,139,269,144,161,323,"2,166"
2018,Bihar,GAYA - BR2( 06-SEP-2017 ),17,TRACTOR (COMMERCIAL),6,1,13,28,67,63,84,137,59,84,78,126,746
2018,Bihar,GAYA - BR2( 06-SEP-2017 ),18,TRAILER (AGRICULTURAL),126,117,48,63,50,71,61,22,22,0,12,13,605
2018,Bihar,GAYA - BR2( 06-SEP-2017 ),19,TRAILER (COMMERCIAL),6,9,3,2,6,42,30,63,45,73,34,42,355
2018,Bihar,GOPALGANJ - BR28( 08-JUN-2017 ),1,ADAPTED VEHICLE,0,0,0,0,0,0,0,0,0,1,0,0,1
2018,Bihar,GOPALGANJ - BR28( 08-JUN-2017 ),2,AGRICULTURAL TRACTOR,86,115,54,72,41,61,61,75,85,36,56,160,902
2018,Bihar,GOPALGANJ - BR28( 08-JUN-2017 ),3,AMBULANCE,0,0,1,0,0,0,0,0,0,0,0,0,1
2018,Bihar,GOPALGANJ - BR28( 08-JUN-2017 ),4,BUS,2,5,5,7,4,10,2,5,5,10,3,6,64
2018,Bihar,GOPALGANJ - BR28( 08-JUN-2017 ),5,CONSTRUCTION EQUIPMENT VEHICLE,0,0,0,0,0,0,0,0,0,0,0,2,2
2018,Bihar,GOPALGANJ - BR28( 08-JUN-2017 ),6,E-RICKSHAW(P),11,10,6,12,6,11,1,10,21,5,13,54,160
2018,Bihar,GOPALGANJ - BR28( 08-JUN-2017 ),7,GOODS CARRIER,34,44,29,47,45,32,25,46,38,43,33,55,471
2018,Bihar,GOPALGANJ - BR28( 08-JUN-2017 ),8,MAXI CAB,4,1,2,0,0,0,0,2,5,1,2,1,18
2018,Bihar,GOPALGANJ - BR28( 08-JUN-2017 ),9,M-CYCLE/SCOOTER,"1,098","2,255","2,054","1,439","1,433","1,266","1,090","1,172","1,023","1,153","1,538","1,004","16,525"
2018,Bihar,GOPALGANJ - BR28( 08-JUN-2017 ),10,M-CYCLE/SCOOTER-WITH SIDE CAR,0,0,1,0,0,2,1,2,0,1,1,0,8
2018,Bihar,GOPALGANJ - BR28( 08-JUN-2017 ),11,MOPED,0,1,0,0,0,0,0,0,0,0,0,0,1
2018,Bihar,GOPALGANJ - BR28( 08-JUN-2017 ),12,MOTOR CAB,0,5,5,3,12,6,2,2,4,2,2,2,45
2018,Bihar,GOPALGANJ - BR28( 08-JUN-2017 ),13,MOTOR CAR,65,123,80,123,141,106,88,110,51,47,57,86,"1,077"
2018,Bihar,GOPALGANJ - BR28( 08-JUN-2017 ),14,MOTORISED CYCLE (CC > 25CC),0,0,0,0,0,0,0,2,0,0,0,0,2
2018,Bihar,GOPALGANJ - BR28( 08-JUN-2017 ),15,THREE WHEELER (GOODS),1,0,3,0,2,0,0,0,6,5,0,3,20
2018,Bihar,GOPALGANJ - BR28( 08-JUN-2017 ),16,THREE WHEELER (PASSENGER),6,3,18,3,11,1,4,4,31,21,5,32,139
2018,Bihar,GOPALGANJ - BR28( 08-JUN-2017 ),17,TRACTOR (COMMERCIAL),14,1,6,1,2,5,1,8,2,2,2,4,48
2018,Bihar,GOPALGANJ - BR28( 08-JUN-2017 ),18,TRACTOR-TROLLEY(COMMERCIAL),0,0,0,0,0,0,0,0,0,0,0,1,1
2018,Bihar,GOPALGANJ - BR28( 08-JUN-2017 ),19,TRAILER (COMMERCIAL),3,5,7,2,1,0,0,0,2,0,0,0,20
2018,Bihar,JAMUI - BR46( 07-JUN-2017 ),1,BUS,0,0,1,1,7,1,0,1,1,1,2,0,15
2018,Bihar,JAMUI - BR46( 07-JUN-2017 ),2,E-RICKSHAW(P),0,0,0,0,0,0,0,0,0,1,0,59,60
2018,Bihar,JAMUI - BR46( 07-JUN-2017 ),3,GOODS CARRIER,16,20,33,28,22,15,17,26,23,22,33,26,281
2018,Bihar,JAMUI - BR46( 07-JUN-2017 ),4,MAXI CAB,1,5,0,1,1,0,0,0,1,0,0,0,9
2018,Bihar,JAMUI - BR46( 07-JUN-2017 ),5,M-CYCLE/SCOOTER,322,878,"1,773",809,"1,447","1,004",939,897,762,441,900,590,"10,762"
2018,Bihar,JAMUI - BR46( 07-JUN-2017 ),6,M-CYCLE/SCOOTER-WITH SIDE CAR,0,0,0,0,1,0,0,4,0,1,0,0,6
2018,Bihar,JAMUI - BR46( 07-JUN-2017 ),7,MOPED,0,0,0,18,32,21,46,48,7,25,46,24,267
2018,Bihar,JAMUI - BR46( 07-JUN-2017 ),8,MOTOR CAB,0,0,7,6,4,4,2,1,9,1,0,4,38
2018,Bihar,JAMUI - BR46( 07-JUN-2017 ),9,MOTOR CAR,7,6,14,13,8,6,3,5,6,4,9,5,86
2018,Bihar,JAMUI - BR46( 07-JUN-2017 ),10,MOTORISED CYCLE (CC > 25CC),1,0,0,0,0,0,0,1,0,0,2,0,4
2018,Bihar,JAMUI - BR46( 07-JUN-2017 ),11,PRIVATE SERVICE VEHICLE (INDIVIDUAL USE),2,2,10,7,2,2,3,4,4,0,1,0,37
2018,Bihar,JAMUI - BR46( 07-JUN-2017 ),12,THREE WHEELER (GOODS),4,2,7,2,11,5,3,2,3,5,9,11,64
2018,Bihar,JAMUI - BR46( 07-JUN-2017 ),13,THREE WHEELER (PASSENGER),35,49,63,43,52,38,59,71,81,49,83,48,671
2018,Bihar,JAMUI - BR46( 07-JUN-2017 ),14,TRACTOR (COMMERCIAL),60,89,157,80,114,102,146,149,120,104,102,102,"1,325"
2018,Bihar,JAMUI - BR46( 07-JUN-2017 ),15,TRAILER (AGRICULTURAL),2,1,0,5,0,0,0,0,0,0,0,0,8
2018,Bihar,JAMUI - BR46( 07-JUN-2017 ),16,TRAILER (COMMERCIAL),55,92,152,84,113,103,65,182,116,113,105,153,"1,333"
2018,Bihar,JEHANABAD - BR25( 26-MAY-2017 ),1,AGRICULTURAL TRACTOR,0,0,2,1,0,1,0,0,0,0,0,1,5
2018,Bihar,JEHANABAD - BR25( 26-MAY-2017 ),2,AMBULANCE,0,0,0,0,0,85,0,0,0,0,1,0,86
2018,Bihar,JEHANABAD - BR25( 26-MAY-2017 ),3,BUS,4,9,11,6,4,2,2,3,2,0,5,7,55
2018,Bihar,JEHANABAD - BR25( 26-MAY-2017 ),4,CONSTRUCTION EQUIPMENT VEHICLE,0,0,0,0,0,0,0,0,1,0,0,0,1
2018,Bihar,JEHANABAD - BR25( 26-MAY-2017 ),5,E-RICKSHAW(P),0,0,0,0,7,0,4,2,5,6,7,7,38
2018,Bihar,JEHANABAD - BR25( 26-MAY-2017 ),6,GOODS CARRIER,27,26,43,46,51,30,33,20,33,39,35,25,408
2018,Bihar,JEHANABAD - BR25( 26-MAY-2017 ),7,MAXI CAB,4,11,4,1,0,3,1,0,0,0,0,0,24
2018,Bihar,JEHANABAD - BR25( 26-MAY-2017 ),8,M-CYCLE/SCOOTER,210,441,627,689,"1,066",675,793,753,292,242,503,287,"6,578"
2018,Bihar,JEHANABAD - BR25( 26-MAY-2017 ),9,M-CYCLE/SCOOTER-WITH SIDE CAR,0,0,0,0,0,0,0,0,0,0,1,0,1
2018,Bihar,JEHANABAD - BR25( 26-MAY-2017 ),10,MOTOR CAB,0,1,1,1,2,0,0,1,3,2,1,4,16
2018,Bihar,JEHANABAD - BR25( 26-MAY-2017 ),11,MOTOR CAR,1,5,14,16,11,12,11,8,7,3,5,13,106
2018,Bihar,JEHANABAD - BR25( 26-MAY-2017 ),12,MOTORISED CYCLE (CC > 25CC),0,0,0,0,0,0,2,0,0,0,0,0,2
2018,Bihar,JEHANABAD - BR25( 26-MAY-2017 ),13,OMNI BUS,0,0,0,0,0,0,0,0,0,1,0,0,1
2018,Bihar,JEHANABAD - BR25( 26-MAY-2017 ),14,THREE WHEELER (GOODS),4,14,8,10,11,2,6,5,7,10,7,12,96
2018,Bihar,JEHANABAD - BR25( 26-MAY-2017 ),15,THREE WHEELER (PASSENGER),27,43,41,40,41,25,48,22,69,80,58,76,570
2018,Bihar,JEHANABAD - BR25( 26-MAY-2017 ),16,TRACTOR (COMMERCIAL),107,157,124,129,74,96,109,73,46,123,68,156,"1,262"
2018,Bihar,JEHANABAD - BR25( 26-MAY-2017 ),17,TRAILER (COMMERCIAL),65,78,57,111,181,63,119,43,55,97,49,147,"1,065"
2018,Bihar,KATIHAR - BR39( 23-JAN-2018 ),1,AGRICULTURAL TRACTOR,0,0,5,4,0,2,1,0,0,0,6,2,20
2018,Bihar,KATIHAR - BR39( 23-JAN-2018 ),2,BUS,0,0,0,3,2,2,2,0,0,0,0,0,9
2018,Bihar,KATIHAR - BR39( 23-JAN-2018 ),3,CONSTRUCTION EQUIPMENT VEHICLE,0,0,0,0,0,0,0,0,0,0,1,2,3
2018,Bihar,KATIHAR - BR39( 23-JAN-2018 ),4,E-RICKSHAW(P),4,13,21,3,20,17,25,28,23,35,25,42,256
2018,Bihar,KATIHAR - BR39( 23-JAN-2018 ),5,GOODS CARRIER,5,2,12,11,11,8,12,7,9,5,7,13,102
2018,Bihar,KATIHAR - BR39( 23-JAN-2018 ),6,MAXI CAB,8,0,0,0,0,0,0,1,0,0,0,0,9
2018,Bihar,KATIHAR - BR39( 23-JAN-2018 ),7,M-CYCLE/SCOOTER,"2,055","1,691","2,957","2,358","2,858","2,605","3,228","2,617","2,019","1,802","2,785","1,747","28,722"
2018,Bihar,KATIHAR - BR39( 23-JAN-2018 ),8,M-CYCLE/SCOOTER-WITH SIDE CAR,0,0,1,0,0,0,1,1,0,1,1,0,5
2018,Bihar,KATIHAR - BR39( 23-JAN-2018 ),9,MOPED,0,0,4,7,13,25,16,9,7,11,9,4,105
2018,Bihar,KATIHAR - BR39( 23-JAN-2018 ),10,MOTOR CAB,0,0,3,1,0,2,1,1,0,1,0,0,9
2018,Bihar,KATIHAR - BR39( 23-JAN-2018 ),11,MOTOR CAR,39,24,42,28,20,30,32,35,16,18,48,35,367
2018,Bihar,KATIHAR - BR39( 23-JAN-2018 ),12,THREE WHEELER (GOODS),4,3,8,1,7,8,7,5,8,3,2,13,69
2018,Bihar,KATIHAR - BR39( 23-JAN-2018 ),13,THREE WHEELER (PASSENGER),27,24,33,22,15,28,57,47,36,57,41,54,441
2018,Bihar,KATIHAR - BR39( 23-JAN-2018 ),14,TRACTOR (COMMERCIAL),116,19,155,64,91,108,115,63,56,102,96,182,"1,167"
2018,Bihar,KATIHAR - BR39( 23-JAN-2018 ),15,TRAILER (COMMERCIAL),59,3,51,20,44,51,19,64,35,35,45,60,486
2018,Bihar,KHAGARIA - BR34( 01-FEB-2018 ),1,AGRICULTURAL TRACTOR,2,0,0,0,0,0,0,0,20,4,8,39,73
2018,Bihar,KHAGARIA - BR34( 01-FEB-2018 ),2,AMBULANCE,0,0,0,0,0,0,0,1,0,0,0,0,1
2018,Bihar,KHAGARIA - BR34( 01-FEB-2018 ),3,BUS,1,0,2,1,1,0,1,1,0,1,1,0,9
2018,Bihar,KHAGARIA - BR34( 01-FEB-2018 ),4,E-RICKSHAW(P),8,0,1,0,0,7,9,6,13,16,8,16,84
2018,Bihar,KHAGARIA - BR34( 01-FEB-2018 ),5,GOODS CARRIER,4,1,6,12,4,7,6,12,7,8,11,10,88
2018,Bihar,KHAGARIA - BR34( 01-FEB-2018 ),6,M-CYCLE/SCOOTER,624,241,929,926,894,"1,022","1,170","1,407",542,651,"1,328","1,257","10,991"
2018,Bihar,KHAGARIA - BR34( 01-FEB-2018 ),7,M-CYCLE/SCOOTER-WITH SIDE CAR,0,0,1,0,0,12,0,5,1,0,2,1,22
2018,Bihar,KHAGARIA - BR34( 01-FEB-2018 ),8,MOPED,0,0,29,28,12,24,20,20,11,14,6,2,166
2018,Bihar,KHAGARIA - BR34( 01-FEB-2018 ),9,MOTOR CAB,1,1,3,2,6,4,3,0,4,1,2,2,29
2018,Bihar,KHAGARIA - BR34( 01-FEB-2018 ),10,MOTOR CAR,20,6,17,8,14,21,8,16,4,5,4,14,137
2018,Bihar,KHAGARIA - BR34( 01-FEB-2018 ),11,OMNI BUS,0,0,0,0,0,0,0,0,0,0,0,1,1
2018,Bihar,KHAGARIA - BR34( 01-FEB-2018 ),12,PRIVATE SERVICE VEHICLE (INDIVIDUAL USE),0,1,0,0,0,0,0,0,0,0,0,0,1
2018,Bihar,KHAGARIA - BR34( 01-FEB-2018 ),13,THREE WHEELER (GOODS),6,4,3,4,6,4,6,9,3,6,5,8,64
2018,Bihar,KHAGARIA - BR34( 01-FEB-2018 ),14,THREE WHEELER (PASSENGER),35,23,15,20,8,11,25,42,52,59,42,65,397
2018,Bihar,KHAGARIA - BR34( 01-FEB-2018 ),15,TRACTOR (COMMERCIAL),47,13,34,49,60,72,67,59,41,82,79,73,676
2018,Bihar,KHAGARIA - BR34( 01-FEB-2018 ),16,TRAILER (AGRICULTURAL),0,0,0,0,0,1,0,0,0,0,0,8,9
2018,Bihar,KHAGARIA - BR34( 01-FEB-2018 ),17,TRAILER (COMMERCIAL),46,0,13,42,33,51,39,47,24,19,23,45,382
2018,Bihar,KISHANGANJ - BR37( 07-FEB-2018 ),1,AMBULANCE,0,0,0,0,0,1,0,0,0,0,0,0,1
2018,Bihar,KISHANGANJ - BR37( 07-FEB-2018 ),2,BUS,1,0,1,2,3,2,2,0,0,0,0,0,11
2018,Bihar,KISHANGANJ - BR37( 07-FEB-2018 ),3,CONSTRUCTION EQUIPMENT VEHICLE,0,0,0,0,0,0,0,0,1,0,1,0,2
2018,Bihar,KISHANGANJ - BR37( 07-FEB-2018 ),4,E-RICKSHAW(P),0,2,8,5,3,4,9,4,2,12,10,2,61
2018,Bihar,KISHANGANJ - BR37( 07-FEB-2018 ),5,E-RICKSHAW WITH CART (G),11,0,0,0,0,0,0,0,0,0,0,0,11
2018,Bihar,KISHANGANJ - BR37( 07-FEB-2018 ),6,GOODS CARRIER,10,5,11,16,11,11,7,9,13,4,11,8,116
2018,Bihar,KISHANGANJ - BR37( 07-FEB-2018 ),7,MAXI CAB,0,0,1,0,0,0,0,0,0,1,0,0,2
2018,Bihar,KISHANGANJ - BR37( 07-FEB-2018 ),8,M-CYCLE/SCOOTER,"2,452",329,"4,097","2,744","2,886","1,928","1,770","1,900","1,309","1,039","1,763","1,086","23,303"
2018,Bihar,KISHANGANJ - BR37( 07-FEB-2018 ),9,M-CYCLE/SCOOTER-WITH SIDE CAR,0,0,0,0,0,0,0,0,1,0,0,0,1
2018,Bihar,KISHANGANJ - BR37( 07-FEB-2018 ),10,MOPED,2,0,0,0,3,8,10,6,8,9,14,16,76
2018,Bihar,KISHANGANJ - BR37( 07-FEB-2018 ),11,MOTOR CAB,1,1,1,2,2,1,2,3,0,1,0,2,16
2018,Bihar,KISHANGANJ - BR37( 07-FEB-2018 ),12,MOTOR CAR,62,26,82,51,54,60,53,54,31,26,55,13,567
2018,Bihar,KISHANGANJ - BR37( 07-FEB-2018 ),13,THREE WHEELER (GOODS),14,5,16,9,6,6,22,15,3,9,11,5,121
2018,Bihar,KISHANGANJ - BR37( 07-FEB-2018 ),14,THREE WHEELER (PASSENGER),63,23,76,52,43,73,60,105,66,60,73,85,779
2018,Bihar,KISHANGANJ - BR37( 07-FEB-2018 ),15,TRACTOR (COMMERCIAL),64,16,69,73,73,80,110,74,45,58,97,94,853
2018,Bihar,KISHANGANJ - BR37( 07-FEB-2018 ),16,TRAILER (COMMERCIAL),5,8,3,1,11,4,3,2,0,1,3,3,44
2018,Bihar,LAKHISARAI - BR53( 27-JAN-2017 ),1,AMBULANCE,0,0,0,0,0,1,0,0,0,0,0,0,1
2018,Bihar,LAKHISARAI - BR53( 27-JAN-2017 ),2,BUS,1,0,1,2,3,2,2,0,0,0,0,0,11
2018,Bihar,LAKHISARAI - BR53( 27-JAN-2017 ),3,CONSTRUCTION EQUIPMENT VEHICLE,0,0,0,0,0,0,0,0,1,0,1,0,2
2018,Bihar,LAKHISARAI - BR53( 27-JAN-2017 ),4,E-RICKSHAW(P),0,2,8,5,3,4,9,4,2,12,10,2,61
2018,Bihar,LAKHISARAI - BR53( 27-JAN-2017 ),5,E-RICKSHAW WITH CART (G),11,0,0,0,0,0,0,0,0,0,0,0,11
2018,Bihar,LAKHISARAI - BR53( 27-JAN-2017 ),6,GOODS CARRIER,10,5,11,16,11,11,7,9,13,4,11,8,116
2018,Bihar,LAKHISARAI - BR53( 27-JAN-2017 ),7,MAXI CAB,0,0,1,0,0,0,0,0,0,1,0,0,2
2018,Bihar,LAKHISARAI - BR53( 27-JAN-2017 ),8,M-CYCLE/SCOOTER,"2,452",329,"4,097","2,744","2,886","1,928","1,770","1,900","1,309","1,039","1,763","1,086","23,303"
2018,Bihar,LAKHISARAI - BR53( 27-JAN-2017 ),9,M-CYCLE/SCOOTER-WITH SIDE CAR,0,0,0,0,0,0,0,0,1,0,0,0,1
2018,Bihar,LAKHISARAI - BR53( 27-JAN-2017 ),10,MOPED,2,0,0,0,3,8,10,6,8,9,14,16,76
2018,Bihar,LAKHISARAI - BR53( 27-JAN-2017 ),11,MOTOR CAB,1,1,1,2,2,1,2,3,0,1,0,2,16
2018,Bihar,LAKHISARAI - BR53( 27-JAN-2017 ),12,MOTOR CAR,62,26,82,51,54,60,53,54,31,26,55,13,567
2018,Bihar,LAKHISARAI - BR53( 27-JAN-2017 ),13,THREE WHEELER (GOODS),14,5,16,9,6,6,22,15,3,9,11,5,121
2018,Bihar,LAKHISARAI - BR53( 27-JAN-2017 ),14,THREE WHEELER (PASSENGER),63,23,76,52,43,73,60,105,66,60,73,85,779
2018,Bihar,LAKHISARAI - BR53( 27-JAN-2017 ),15,TRACTOR (COMMERCIAL),64,16,69,73,73,80,110,74,45,58,97,94,853
2018,Bihar,LAKHISARAI - BR53( 27-JAN-2017 ),16,TRAILER (COMMERCIAL),5,8,3,1,11,4,3,2,0,1,3,3,44
2018,Bihar,MADHEPURA - BR43( 02-JUN-2017 ),1,AGRICULTURAL TRACTOR,0,0,2,0,0,0,3,0,2,1,0,3,11
2018,Bihar,MADHEPURA - BR43( 02-JUN-2017 ),2,BUS,0,0,2,2,3,0,0,0,0,0,1,1,9
2018,Bihar,MADHEPURA - BR43( 02-JUN-2017 ),3,E-RICKSHAW(P),0,2,5,1,6,5,14,7,12,8,6,7,73
2018,Bihar,MADHEPURA - BR43( 02-JUN-2017 ),4,GOODS CARRIER,27,16,52,33,65,58,76,45,94,95,82,77,720
2018,Bihar,MADHEPURA - BR43( 02-JUN-2017 ),5,MAXI CAB,0,0,0,0,0,0,0,1,0,0,0,0,1
2018,Bihar,MADHEPURA - BR43( 02-JUN-2017 ),6,M-CYCLE/SCOOTER,282,172,437,508,699,368,346,319,311,150,243,380,"4,215"
2018,Bihar,MADHEPURA - BR43( 02-JUN-2017 ),7,MOPED,0,0,0,0,0,0,0,0,0,2,1,0,3
2018,Bihar,MADHEPURA - BR43( 02-JUN-2017 ),8,MOTOR CAB,3,2,12,3,9,3,7,6,3,1,0,4,53
2018,Bihar,MADHEPURA - BR43( 02-JUN-2017 ),9,MOTOR CAR,19,10,28,16,33,14,23,8,15,4,15,13,198
2018,Bihar,MADHEPURA - BR43( 02-JUN-2017 ),10,MOTORISED CYCLE (CC > 25CC),0,0,0,0,0,0,2,0,0,0,0,0,2
2018,Bihar,MADHEPURA - BR43( 02-JUN-2017 ),11,THREE WHEELER (GOODS),1,0,0,0,2,0,2,0,0,2,0,3,10
2018,Bihar,MADHEPURA - BR43( 02-JUN-2017 ),12,THREE WHEELER (PASSENGER),3,3,7,8,13,1,6,8,16,16,14,21,116
2018,Bihar,MADHEPURA - BR43( 02-JUN-2017 ),13,TRACTOR (COMMERCIAL),69,24,44,54,85,48,72,45,59,33,35,73,641
2018,Bihar,MADHEPURA - BR43( 02-JUN-2017 ),14,TRAILER (AGRICULTURAL),5,3,1,0,5,1,0,0,0,2,2,0,19
2018,Bihar,MADHEPURA - BR43( 02-JUN-2017 ),15,TRAILER (COMMERCIAL),26,23,31,20,62,39,41,33,30,24,33,33,395
2018,Bihar,MADHUBANI - BR32( 01-FEB-2018 ),1,BUS,0,1,2,3,10,0,1,2,1,0,1,1,22
2018,Bihar,MADHUBANI - BR32( 01-FEB-2018 ),2,E-RICKSHAW(P),14,10,13,16,19,73,39,35,29,29,11,35,323
2018,Bihar,MADHUBANI - BR32( 01-FEB-2018 ),3,GOODS CARRIER,18,18,34,20,22,22,24,20,28,27,32,26,291
2018,Bihar,MADHUBANI - BR32( 01-FEB-2018 ),4,MAXI CAB,0,2,12,5,7,4,0,0,0,0,1,0,31
2018,Bihar,MADHUBANI - BR32( 01-FEB-2018 ),5,M-CYCLE/SCOOTER,"1,586","2,014","4,720","3,923","4,637","2,754","2,275","2,202","1,870","2,276","3,800","2,077","34,134"
2018,Bihar,MADHUBANI - BR32( 01-FEB-2018 ),6,M-CYCLE/SCOOTER-WITH SIDE CAR,0,0,0,2,1,0,0,1,1,0,0,1,6
2018,Bihar,MADHUBANI - BR32( 01-FEB-2018 ),7,MOPED,0,0,0,0,4,0,0,0,0,0,0,7,11
2018,Bihar,MADHUBANI - BR32( 01-FEB-2018 ),8,MOTOR CAB,7,4,4,2,9,3,15,13,6,17,12,15,107
2018,Bihar,MADHUBANI - BR32( 01-FEB-2018 ),9,MOTOR CAR,42,58,43,38,39,29,30,30,28,39,61,52,489
2018,Bihar,MADHUBANI - BR32( 01-FEB-2018 ),10,OMNI BUS,0,0,0,1,1,0,0,0,0,0,0,0,2
2018,Bihar,MADHUBANI - BR32( 01-FEB-2018 ),11,PRIVATE SERVICE VEHICLE (INDIVIDUAL USE),0,10,18,0,0,0,0,0,0,0,0,0,28
2018,Bihar,MADHUBANI - BR32( 01-FEB-2018 ),12,THREE WHEELER (GOODS),4,7,12,6,11,6,12,12,11,7,21,3,112
2018,Bihar,MADHUBANI - BR32( 01-FEB-2018 ),13,THREE WHEELER (PASSENGER),28,25,55,25,52,54,63,63,84,80,90,50,669
2018,Bihar,MADHUBANI - BR32( 01-FEB-2018 ),14,TRACTOR (COMMERCIAL),99,78,168,91,156,169,171,122,99,149,149,287,"1,738"
2018,Bihar,MADHUBANI - BR32( 01-FEB-2018 ),15,TRAILER (COMMERCIAL),23,14,70,21,25,27,14,7,18,14,10,28,271
2018,Bihar,MOTIHARI - BR5( 05-JUL-2017 ),1,AGRICULTURAL TRACTOR,1,0,0,0,0,0,0,0,0,0,0,0,1
2018,Bihar,MOTIHARI - BR5( 05-JUL-2017 ),2,AMBULANCE,0,0,0,1,0,1,0,0,1,0,0,0,3
2018,Bihar,MOTIHARI - BR5( 05-JUL-2017 ),3,BUS,5,2,2,3,3,11,12,7,2,4,4,0,55
2018,Bihar,MOTIHARI - BR5( 05-JUL-2017 ),4,CONSTRUCTION EQUIPMENT VEHICLE,0,0,0,0,0,0,0,1,13,10,7,34,65
2018,Bihar,MOTIHARI - BR5( 05-JUL-2017 ),5,E-RICKSHAW(P),22,17,25,5,28,6,15,56,14,52,35,50,325
2018,Bihar,MOTIHARI - BR5( 05-JUL-2017 ),6,FIRE FIGHTING VEHICLE,0,0,0,0,0,0,0,0,0,2,8,0,10
2018,Bihar,MOTIHARI - BR5( 05-JUL-2017 ),7,GOODS CARRIER,55,71,87,63,103,75,72,47,70,57,92,45,837
2018,Bihar,MOTIHARI - BR5( 05-JUL-2017 ),8,MAXI CAB,0,3,5,1,3,0,4,0,0,3,0,0,19
2018,Bihar,MOTIHARI - BR5( 05-JUL-2017 ),9,M-CYCLE/SCOOTER,"2,984","5,453","6,319","1,108","3,646","3,519","4,670","3,464","3,751","1,834","3,294","2,439","42,481"
2018,Bihar,MOTIHARI - BR5( 05-JUL-2017 ),10,M-CYCLE/SCOOTER-WITH SIDE CAR,0,0,1,0,4,3,3,2,1,1,2,1,18
2018,Bihar,MOTIHARI - BR5( 05-JUL-2017 ),11,MOPED,7,4,0,0,0,0,0,1,0,0,0,23,35
2018,Bihar,MOTIHARI - BR5( 05-JUL-2017 ),12,MOTOR CAB,27,18,22,20,26,16,8,29,9,7,14,10,206
2018,Bihar,MOTIHARI - BR5( 05-JUL-2017 ),13,MOTOR CAR,117,173,289,119,199,114,159,133,132,78,166,69,"1,748"
2018,Bihar,MOTIHARI - BR5( 05-JUL-2017 ),14,PRIVATE SERVICE VEHICLE (INDIVIDUAL USE),0,1,1,0,0,0,0,0,0,0,0,0,2
2018,Bihar,MOTIHARI - BR5( 05-JUL-2017 ),15,THREE WHEELER (GOODS),9,7,9,9,15,14,12,11,16,7,6,9,124
2018,Bihar,MOTIHARI - BR5( 05-JUL-2017 ),16,THREE WHEELER (PASSENGER),102,103,115,69,90,94,115,131,150,135,131,136,"1,371"
2018,Bihar,MOTIHARI - BR5( 05-JUL-2017 ),17,TRACTOR (COMMERCIAL),357,602,138,63,187,313,192,139,144,99,189,313,"2,736"
2018,Bihar,MOTIHARI - BR5( 05-JUL-2017 ),18,TRAILER (COMMERCIAL),0,0,1,0,2,0,1,0,0,5,12,1,22
2018,Bihar,MUNGER - BR8( 06-FEB-2018 ),1,BUS,0,0,0,0,2,1,1,0,2,0,1,0,7
2018,Bihar,MUNGER - BR8( 06-FEB-2018 ),2,E-RICKSHAW(P),24,16,22,11,10,14,19,20,54,45,21,23,279
2018,Bihar,MUNGER - BR8( 06-FEB-2018 ),3,GOODS CARRIER,8,19,14,9,13,6,7,12,14,27,13,20,162
2018,Bihar,MUNGER - BR8( 06-FEB-2018 ),4,M-CYCLE/SCOOTER,"2,955",221,"1,217",707,819,528,629,470,"1,027",668,761,982,"10,984"
2018,Bihar,MUNGER - BR8( 06-FEB-2018 ),5,M-CYCLE/SCOOTER-WITH SIDE CAR,0,0,1,0,0,0,0,0,1,0,0,0,2
2018,Bihar,MUNGER - BR8( 06-FEB-2018 ),6,MOPED,25,0,0,0,0,0,0,0,0,1,0,0,26
2018,Bihar,MUNGER - BR8( 06-FEB-2018 ),7,MOTOR CAB,7,1,4,6,6,1,1,7,3,3,4,4,47
2018,Bihar,MUNGER - BR8( 06-FEB-2018 ),8,MOTOR CAR,39,8,16,14,27,10,9,5,17,7,14,10,176
2018,Bihar,MUNGER - BR8( 06-FEB-2018 ),9,OMNI BUS,0,0,0,0,0,0,0,0,0,0,1,0,1
2018,Bihar,MUNGER - BR8( 06-FEB-2018 ),10,PRIVATE SERVICE VEHICLE (INDIVIDUAL USE),0,2,0,0,0,0,0,0,0,0,0,0,2
2018,Bihar,MUNGER - BR8( 06-FEB-2018 ),11,THREE WHEELER (GOODS),7,1,3,3,1,3,1,3,7,2,4,0,35
2018,Bihar,MUNGER - BR8( 06-FEB-2018 ),12,THREE WHEELER (PASSENGER),31,9,28,14,23,8,8,8,45,22,31,19,246
2018,Bihar,MUNGER - BR8( 06-FEB-2018 ),13,TRACTOR (COMMERCIAL),11,20,33,22,30,20,18,12,30,24,45,25,290
2018,Bihar,MUNGER - BR8( 06-FEB-2018 ),14,TRAILER (AGRICULTURAL),1,0,0,0,0,0,0,0,0,0,0,0,1
2018,Bihar,MUNGER - BR8( 06-FEB-2018 ),15,TRAILER (COMMERCIAL),6,4,38,26,25,25,1,7,29,39,22,47,269
2018,Bihar,MUZAFFARPUR - BR6( 01-FEB-2018 ),1,AGRICULTURAL TRACTOR,0,0,0,0,0,0,0,0,0,1,0,0,1
2018,Bihar,MUZAFFARPUR - BR6( 01-FEB-2018 ),2,AMBULANCE,0,0,1,4,0,0,0,0,1,0,0,1,7
2018,Bihar,MUZAFFARPUR - BR6( 01-FEB-2018 ),3,BUS,12,34,41,41,34,40,24,35,20,35,16,22,354
2018,Bihar,MUZAFFARPUR - BR6( 01-FEB-2018 ),4,CONSTRUCTION EQUIPMENT VEHICLE,0,0,0,0,0,1,0,0,0,0,0,0,1
2018,Bihar,MUZAFFARPUR - BR6( 01-FEB-2018 ),5,E-RICKSHAW(P),0,2,9,19,13,17,25,26,18,45,31,31,236
2018,Bihar,MUZAFFARPUR - BR6( 01-FEB-2018 ),6,E-RICKSHAW WITH CART (G),0,0,0,0,0,0,1,1,0,0,1,0,3
2018,Bihar,MUZAFFARPUR - BR6( 01-FEB-2018 ),7,GOODS CARRIER,221,293,346,351,362,337,319,327,311,366,383,318,"3,934"
2018,Bihar,MUZAFFARPUR - BR6( 01-FEB-2018 ),8,MAXI CAB,0,14,25,12,18,3,1,12,14,9,5,14,127
2018,Bihar,MUZAFFARPUR - BR6( 01-FEB-2018 ),9,M-CYCLE/SCOOTER,"11,819",619,"9,796","9,426","10,345","8,262","7,516","7,095","5,440","6,586","9,574","4,848","91,326"
2018,Bihar,MUZAFFARPUR - BR6( 01-FEB-2018 ),10,M-CYCLE/SCOOTER-WITH SIDE CAR,0,0,7,1,1,2,2,2,0,3,1,10,29
2018,Bihar,MUZAFFARPUR - BR6( 01-FEB-2018 ),11,MOPED,11,1,0,36,60,41,94,78,67,58,68,59,573
2018,Bihar,MUZAFFARPUR - BR6( 01-FEB-2018 ),12,MOTOR CAB,26,32,40,33,28,24,39,33,35,24,25,31,370
2018,Bihar,MUZAFFARPUR - BR6( 01-FEB-2018 ),13,MOTOR CAR,672,398,"1,125",987,758,759,686,754,465,586,931,659,"8,780"
2018,Bihar,MUZAFFARPUR - BR6( 01-FEB-2018 ),14,MOTORISED CYCLE (CC > 25CC),0,0,0,0,0,0,0,0,2,1,0,0,3
2018,Bihar,MUZAFFARPUR - BR6( 01-FEB-2018 ),15,THREE WHEELER (GOODS),42,59,74,53,78,84,83,65,81,74,97,78,868
2018,Bihar,MUZAFFARPUR - BR6( 01-FEB-2018 ),16,THREE WHEELER (PASSENGER),139,101,148,142,119,173,221,257,249,258,239,231,"2,277"
2018,Bihar,MUZAFFARPUR - BR6( 01-FEB-2018 ),17,TRACTOR (COMMERCIAL),146,28,84,103,91,153,128,103,104,178,121,177,"1,416"
2018,Bihar,MUZAFFARPUR - BR6( 01-FEB-2018 ),18,TRAILER (COMMERCIAL),17,0,4,16,20,5,8,15,7,14,14,11,131
2018,Bihar,NALANDA - BR21( 01-FEB-2018 ),1,ADAPTED VEHICLE,0,0,0,0,0,0,0,0,2,0,0,0,2
2018,Bihar,NALANDA - BR21( 01-FEB-2018 ),2,BUS,12,3,21,9,3,6,6,8,3,8,7,6,92
2018,Bihar,NALANDA - BR21( 01-FEB-2018 ),3,E-RICKSHAW(P),44,0,24,7,14,27,29,39,52,30,47,38,351
2018,Bihar,NALANDA - BR21( 01-FEB-2018 ),4,E-RICKSHAW WITH CART (G),0,0,0,0,0,0,0,0,0,1,0,1,2
2018,Bihar,NALANDA - BR21( 01-FEB-2018 ),5,GOODS CARRIER,51,39,58,81,55,63,65,50,50,69,61,67,709
2018,Bihar,NALANDA - BR21( 01-FEB-2018 ),6,MAXI CAB,0,0,1,0,0,0,0,0,1,0,1,0,3
2018,Bihar,NALANDA - BR21( 01-FEB-2018 ),7,M-CYCLE/SCOOTER,"1,959",682,"2,783","3,180","2,579","1,987","1,542","1,341","1,468","1,296","2,857","1,184","22,858"
2018,Bihar,NALANDA - BR21( 01-FEB-2018 ),8,M-CYCLE/SCOOTER-WITH SIDE CAR,0,0,1,0,0,0,1,0,3,0,0,0,5
2018,Bihar,NALANDA - BR21( 01-FEB-2018 ),9,MOPED,96,2,50,45,87,66,55,54,75,49,88,58,725
2018,Bihar,NALANDA - BR21( 01-FEB-2018 ),10,MOTOR CAB,13,2,22,19,9,12,19,6,4,8,9,8,131
2018,Bihar,NALANDA - BR21( 01-FEB-2018 ),11,MOTOR CAR,109,31,81,67,75,45,65,103,44,52,85,21,778
2018,Bihar,NALANDA - BR21( 01-FEB-2018 ),12,MOTORISED CYCLE (CC > 25CC),0,0,0,0,0,0,0,0,0,0,0,1,1
2018,Bihar,NALANDA - BR21( 01-FEB-2018 ),13,OMNI BUS,0,0,1,0,0,1,0,1,0,0,0,0,3
2018,Bihar,NALANDA - BR21( 01-FEB-2018 ),14,THREE WHEELER (GOODS),13,1,20,8,5,10,15,8,7,12,7,10,116
2018,Bihar,NALANDA - BR21( 01-FEB-2018 ),15,THREE WHEELER (PASSENGER),72,11,65,34,56,58,59,54,61,57,59,92,678
2018,Bihar,NALANDA - BR21( 01-FEB-2018 ),16,TRACTOR (COMMERCIAL),205,87,149,134,132,191,227,161,109,125,155,133,"1,808"
2018,Bihar,NALANDA - BR21( 01-FEB-2018 ),17,TRAILER (COMMERCIAL),164,3,66,195,125,67,135,89,140,98,108,98,"1,288"
2018,Bihar,NAWADA - BR27( 30-JAN-2018 ),1,AMBULANCE,0,0,0,0,0,0,0,0,0,0,1,0,1
2018,Bihar,NAWADA - BR27( 30-JAN-2018 ),2,AUXILIARY TRAILER,0,0,0,0,1,0,0,0,0,0,0,0,1
2018,Bihar,NAWADA - BR27( 30-JAN-2018 ),3,BUS,1,1,6,7,2,4,6,4,1,6,5,5,48
2018,Bihar,NAWADA - BR27( 30-JAN-2018 ),4,E-RICKSHAW(P),17,1,19,24,18,5,10,28,46,27,24,20,239
2018,Bihar,NAWADA - BR27( 30-JAN-2018 ),5,EXCAVATOR (COMMERCIAL),0,0,0,1,0,0,0,0,0,0,0,0,1
2018,Bihar,NAWADA - BR27( 30-JAN-2018 ),6,GOODS CARRIER,19,22,35,46,37,44,49,34,40,59,56,45,486
2018,Bihar,NAWADA - BR27( 30-JAN-2018 ),7,MAXI CAB,0,4,3,1,0,2,3,2,4,3,3,7,32
2018,Bihar,NAWADA - BR27( 30-JAN-2018 ),8,M-CYCLE/SCOOTER,524,700,"1,067","1,750","1,743","1,276",597,813,698,"1,144","1,202",600,"12,114"
2018,Bihar,NAWADA - BR27( 30-JAN-2018 ),9,M-CYCLE/SCOOTER-WITH SIDE CAR,0,0,0,0,1,0,0,0,1,0,0,0,2
2018,Bihar,NAWADA - BR27( 30-JAN-2018 ),10,MOPED,41,0,0,2,4,1,3,0,0,0,0,5,56
2018,Bihar,NAWADA - BR27( 30-JAN-2018 ),11,MOTOR CAB,3,0,9,1,6,1,3,3,2,2,1,1,32
2018,Bihar,NAWADA - BR27( 30-JAN-2018 ),12,MOTOR CAR,27,22,57,45,31,32,43,40,20,24,23,27,391
2018,Bihar,NAWADA - BR27( 30-JAN-2018 ),13,OMNI BUS,0,0,0,0,0,0,0,0,0,0,1,0,1
2018,Bihar,NAWADA - BR27( 30-JAN-2018 ),14,THREE WHEELER (GOODS),6,3,7,8,5,1,8,4,5,5,9,7,68
2018,Bihar,NAWADA - BR27( 30-JAN-2018 ),15,THREE WHEELER (PASSENGER),20,11,27,30,9,27,32,41,35,47,48,39,366
2018,Bihar,NAWADA - BR27( 30-JAN-2018 ),16,TRACTOR (COMMERCIAL),88,42,90,62,63,127,138,99,145,89,51,155,"1,149"
2018,Bihar,NAWADA - BR27( 30-JAN-2018 ),17,TRAILER (COMMERCIAL),93,47,71,25,45,99,74,35,45,96,32,60,722
2018,Bihar,PATNA - BR1( 02-FEB-2018 ),1,ADAPTED VEHICLE,0,0,0,0,1,0,0,0,0,0,0,0,1
2018,Bihar,PATNA - BR1( 02-FEB-2018 ),2,AMBULANCE,0,0,0,0,1,14,10,0,0,0,0,0,25
2018,Bihar,PATNA - BR1( 02-FEB-2018 ),3,ARTICULATED VEHICLE,0,0,2,1,1,2,0,0,0,0,0,2,8
2018,Bihar,PATNA - BR1( 02-FEB-2018 ),4,BUS,19,4,33,40,63,11,24,31,15,17,24,26,307
2018,Bihar,PATNA - BR1( 02-FEB-2018 ),5,CAMPER VAN / TRAILER,0,0,0,0,1,0,0,0,0,0,0,0,1
2018,Bihar,PATNA - BR1( 02-FEB-2018 ),6,CONSTRUCTION EQUIPMENT VEHICLE,0,0,1,1,0,3,1,0,3,1,2,0,12
2018,Bihar,PATNA - BR1( 02-FEB-2018 ),7,DUMPER,2,0,0,0,0,0,0,0,0,0,0,0,2
2018,Bihar,PATNA - BR1( 02-FEB-2018 ),8,E-RICKSHAW(P),120,22,112,115,208,231,238,259,271,332,324,228,"2,460"
2018,Bihar,PATNA - BR1( 02-FEB-2018 ),9,E-RICKSHAW WITH CART (G),1,0,2,0,0,1,2,1,0,1,1,1,10
2018,Bihar,PATNA - BR1( 02-FEB-2018 ),10,EXCAVATOR (COMMERCIAL),0,0,0,0,0,0,0,0,0,0,0,1,1
2018,Bihar,PATNA - BR1( 02-FEB-2018 ),11,GOODS CARRIER,294,195,441,381,438,364,445,347,331,448,472,503,"4,659"
2018,Bihar,PATNA - BR1( 02-FEB-2018 ),12,MAXI CAB,1,16,13,7,5,3,7,0,1,4,0,1,58
2018,Bihar,PATNA - BR1( 02-FEB-2018 ),13,M-CYCLE/SCOOTER,"34,126",421,"11,529","13,056","11,471","8,352","8,555","8,820","6,278","9,541","13,067","7,925","1,33,141"
2018,Bihar,PATNA - BR1( 02-FEB-2018 ),14,M-CYCLE/SCOOTER-WITH SIDE CAR,31,0,7,7,18,11,4,9,2,7,8,9,113
2018,Bihar,PATNA - BR1( 02-FEB-2018 ),15,MOPED,391,0,140,100,161,105,140,130,94,69,164,176,"1,670"
2018,Bihar,PATNA - BR1( 02-FEB-2018 ),16,MOTOR CAB,160,53,131,74,94,97,104,73,62,54,67,61,"1,030"
2018,Bihar,PATNA - BR1( 02-FEB-2018 ),17,MOTOR CAR,"3,715",407,"3,093","2,332","2,101","1,578","1,874","2,012",918,"1,440","2,216","1,429","23,115"
2018,Bihar,PATNA - BR1( 02-FEB-2018 ),18,MOTOR CYCLE/SCOOTER-SIDECAR(T),1,0,0,0,0,1,0,0,0,1,0,0,3
2018,Bihar,PATNA - BR1( 02-FEB-2018 ),19,MOTOR CYCLE/SCOOTER-USED FOR HIRE,4,0,1,0,0,2,0,1,3,2,3,1,17
2018,Bihar,PATNA - BR1( 02-FEB-2018 ),20,MOTORISED CYCLE (CC > 25CC),1,0,0,1,0,1,0,0,0,1,0,0,4
2018,Bihar,PATNA - BR1( 02-FEB-2018 ),21,OMNI BUS,0,1,0,4,5,7,4,8,1,8,3,1,42
2018,Bihar,PATNA - BR1( 02-FEB-2018 ),22,THREE WHEELER (GOODS),44,71,76,98,101,72,75,96,74,86,134,101,"1,028"
2018,Bihar,PATNA - BR1( 02-FEB-2018 ),23,THREE WHEELER (PASSENGER),142,85,147,174,150,129,180,192,146,249,201,147,"1,942"
2018,Bihar,PATNA - BR1( 02-FEB-2018 ),24,TRACTOR (COMMERCIAL),78,42,131,168,183,135,255,188,180,242,280,344,"2,226"
2018,Bihar,PATNA - BR1( 02-FEB-2018 ),25,TRAILER (COMMERCIAL),55,0,7,57,235,97,121,163,89,237,227,273,"1,561"
2018,Bihar,PURNEA - BR11( 23-JAN-2018 ),1,ADAPTED VEHICLE,0,0,1,0,0,0,0,0,0,0,0,0,1
2018,Bihar,PURNEA - BR11( 23-JAN-2018 ),2,AGRICULTURAL TRACTOR,4,0,0,0,0,0,0,1,0,1,0,0,6
2018,Bihar,PURNEA - BR11( 23-JAN-2018 ),3,AMBULANCE,0,0,1,0,0,0,0,0,0,0,0,0,1
2018,Bihar,PURNEA - BR11( 23-JAN-2018 ),4,ARTICULATED VEHICLE,0,2,0,1,0,0,0,0,1,0,0,0,4
2018,Bihar,PURNEA - BR11( 23-JAN-2018 ),5,BUS,4,7,20,6,4,14,2,11,14,10,4,1,97
2018,Bihar,PURNEA - BR11( 23-JAN-2018 ),6,CAMPER VAN / TRAILER (PRIVATE USE),0,0,1,0,0,0,0,0,0,0,0,0,1
2018,Bihar,PURNEA - BR11( 23-JAN-2018 ),7,CONSTRUCTION EQUIPMENT VEHICLE,0,0,1,0,0,0,0,0,0,0,0,0,1
2018,Bihar,PURNEA - BR11( 23-JAN-2018 ),8,E-RICKSHAW(P),1,0,8,9,8,20,15,11,19,25,28,14,158
2018,Bihar,PURNEA - BR11( 23-JAN-2018 ),9,GOODS CARRIER,120,175,218,157,264,209,195,152,227,161,307,214,"2,399"
2018,Bihar,PURNEA - BR11( 23-JAN-2018 ),10,HEARSES,0,0,0,0,0,0,0,0,0,0,1,0,1
2018,Bihar,PURNEA - BR11( 23-JAN-2018 ),11,MAXI CAB,0,0,0,0,0,0,1,0,2,3,3,1,10
2018,Bihar,PURNEA - BR11( 23-JAN-2018 ),12,M-CYCLE/SCOOTER,"5,734","1,904","4,342","2,470","3,855","3,314","4,228","3,502","2,863","2,621","4,335","3,125","42,293"
2018,Bihar,PURNEA - BR11( 23-JAN-2018 ),13,M-CYCLE/SCOOTER-WITH SIDE CAR,0,1,2,0,1,0,0,0,0,0,4,8,16
2018,Bihar,PURNEA - BR11( 23-JAN-2018 ),14,MOPED,0,2,2,2,35,40,30,30,21,21,28,11,222
2018,Bihar,PURNEA - BR11( 23-JAN-2018 ),15,MOTOR CAB,22,16,36,25,44,18,27,18,23,18,26,32,305
2018,Bihar,PURNEA - BR11( 23-JAN-2018 ),16,MOTOR CAR,491,427,403,311,331,353,396,515,257,227,538,335,"4,584"
2018,Bihar,PURNEA - BR11( 23-JAN-2018 ),17,MOTORISED CYCLE (CC > 25CC),0,0,0,0,0,0,0,0,0,0,0,3,3
2018,Bihar,PURNEA - BR11( 23-JAN-2018 ),18,OMNI BUS,0,0,0,0,0,1,0,0,0,0,0,0,1
2018,Bihar,PURNEA - BR11( 23-JAN-2018 ),19,THREE WHEELER (GOODS),60,64,65,68,88,87,76,77,77,69,142,108,981
2018,Bihar,PURNEA - BR11( 23-JAN-2018 ),20,THREE WHEELER (PASSENGER),259,242,211,185,220,248,338,482,402,253,491,306,"3,637"
2018,Bihar,PURNEA - BR11( 23-JAN-2018 ),21,TRACTOR (COMMERCIAL),295,160,162,132,162,304,286,409,307,186,234,436,"3,073"
2018,Bihar,PURNEA - BR11( 23-JAN-2018 ),22,TRAILER (AGRICULTURAL),14,0,7,8,15,13,3,1,4,10,7,5,87
2018,Bihar,PURNEA - BR11( 23-JAN-2018 ),23,TRAILER (COMMERCIAL),66,10,95,31,42,89,42,51,62,63,59,44,654
2018,Bihar,ROHTAS - BR24( 09-FEB-2018 ),1,AGRICULTURAL TRACTOR,85,43,0,0,0,0,0,0,0,1,0,0,129
2018,Bihar,ROHTAS - BR24( 09-FEB-2018 ),2,ARTICULATED VEHICLE,0,1,1,0,0,0,0,0,0,2,1,0,5
2018,Bihar,ROHTAS - BR24( 09-FEB-2018 ),3,BUS,13,3,10,11,7,6,6,3,5,10,11,3,88
2018,Bihar,ROHTAS - BR24( 09-FEB-2018 ),4,E-RICKSHAW(P),0,0,0,0,0,1,0,0,0,0,0,0,1
2018,Bihar,ROHTAS - BR24( 09-FEB-2018 ),5,GOODS CARRIER,119,57,189,204,87,75,89,64,136,125,110,83,"1,338"
2018,Bihar,ROHTAS - BR24( 09-FEB-2018 ),6,MAXI CAB,0,0,0,0,2,1,0,1,0,3,0,1,8
2018,Bihar,ROHTAS - BR24( 09-FEB-2018 ),7,M-CYCLE/SCOOTER,"4,480","1,544","3,207","2,892","2,667","2,064","1,402","1,722","1,367","1,431","2,759","2,283","27,818"
2018,Bihar,ROHTAS - BR24( 09-FEB-2018 ),8,M-CYCLE/SCOOTER-WITH SIDE CAR,0,0,1,1,1,1,1,2,1,0,0,3,11
2018,Bihar,ROHTAS - BR24( 09-FEB-2018 ),9,MOPED,3,0,0,0,0,0,0,0,0,0,0,0,3
2018,Bihar,ROHTAS - BR24( 09-FEB-2018 ),10,MOTOR CAB,18,3,10,30,8,11,6,8,3,4,2,6,109
2018,Bihar,ROHTAS - BR24( 09-FEB-2018 ),11,MOTOR CAR,141,129,121,107,84,96,95,112,79,48,73,93,"1,178"
2018,Bihar,ROHTAS - BR24( 09-FEB-2018 ),12,MOTORISED CYCLE (CC > 25CC),0,0,0,0,0,0,0,0,0,0,0,1,1
2018,Bihar,ROHTAS - BR24( 09-FEB-2018 ),13,OMNI BUS,0,0,0,2,1,0,0,2,1,0,0,0,6
2018,Bihar,ROHTAS - BR24( 09-FEB-2018 ),14,THREE WHEELER (GOODS),13,6,31,24,23,9,5,17,10,15,10,15,178
2018,Bihar,ROHTAS - BR24( 09-FEB-2018 ),15,THREE WHEELER (PASSENGER),81,24,75,68,53,46,45,76,61,93,45,83,750
2018,Bihar,ROHTAS - BR24( 09-FEB-2018 ),16,TRACTOR (COMMERCIAL),49,96,116,188,116,227,119,130,106,173,144,198,"1,662"
2018,Bihar,ROHTAS - BR24( 09-FEB-2018 ),17,TRAILER (AGRICULTURAL),137,118,0,0,0,0,1,0,0,0,0,0,256
2018,Bihar,ROHTAS - BR24( 09-FEB-2018 ),18,TRAILER (COMMERCIAL),73,24,1,22,164,100,184,54,211,147,108,82,"1,170"
2018,Bihar,SAHARSA - BR19( 29-JAN-2018 ),1,AGRICULTURAL TRACTOR,0,0,0,0,0,0,0,0,0,0,0,2,2
2018,Bihar,SAHARSA - BR19( 29-JAN-2018 ),2,AMBULANCE,0,1,0,0,0,0,0,0,0,0,0,0,1
2018,Bihar,SAHARSA - BR19( 29-JAN-2018 ),3,BUS,2,6,1,0,9,2,5,1,0,1,1,1,29
2018,Bihar,SAHARSA - BR19( 29-JAN-2018 ),4,CONSTRUCTION EQUIPMENT VEHICLE,0,0,0,0,0,0,0,1,1,0,0,0,2
2018,Bihar,SAHARSA - BR19( 29-JAN-2018 ),5,E-RICKSHAW(P),63,22,10,10,18,26,23,23,12,27,16,26,276
2018,Bihar,SAHARSA - BR19( 29-JAN-2018 ),6,EXCAVATOR (COMMERCIAL),0,0,0,0,1,0,1,0,0,0,0,0,2
2018,Bihar,SAHARSA - BR19( 29-JAN-2018 ),7,GOODS CARRIER,9,5,4,7,21,15,19,8,19,18,19,20,164
2018,Bihar,SAHARSA - BR19( 29-JAN-2018 ),8,MAXI CAB,0,0,0,0,0,0,2,0,0,0,0,0,2
2018,Bihar,SAHARSA - BR19( 29-JAN-2018 ),9,M-CYCLE/SCOOTER,940,908,"1,533","1,335","1,381","1,431","1,396","1,350","1,103",711,"1,203",995,"14,286"
2018,Bihar,SAHARSA - BR19( 29-JAN-2018 ),10,M-CYCLE/SCOOTER-WITH SIDE CAR,0,2,0,0,0,0,0,0,0,0,0,0,2
2018,Bihar,SAHARSA - BR19( 29-JAN-2018 ),11,MOPED,0,0,1,0,0,0,0,0,0,0,0,0,1
2018,Bihar,SAHARSA - BR19( 29-JAN-2018 ),12,MOTOR CAB,5,2,3,3,2,7,0,5,3,2,2,11,45
2018,Bihar,SAHARSA - BR19( 29-JAN-2018 ),13,MOTOR CAR,47,24,32,27,33,32,24,31,53,19,22,38,382
2018,Bihar,SAHARSA - BR19( 29-JAN-2018 ),14,MOTORISED CYCLE (CC > 25CC),0,0,0,0,0,0,0,0,0,1,0,0,1
2018,Bihar,SAHARSA - BR19( 29-JAN-2018 ),15,THREE WHEELER (GOODS),6,5,2,7,4,8,10,4,6,6,5,8,71
2018,Bihar,SAHARSA - BR19( 29-JAN-2018 ),16,THREE WHEELER (PASSENGER),15,7,6,11,5,10,16,31,27,19,14,28,189
2018,Bihar,SAHARSA - BR19( 29-JAN-2018 ),17,TRACTOR (COMMERCIAL),68,45,37,46,43,75,38,53,40,21,27,82,575
2018,Bihar,SAHARSA - BR19( 29-JAN-2018 ),18,TRAILER (AGRICULTURAL),0,0,2,1,0,1,0,0,0,0,0,0,4
2018,Bihar,SAHARSA - BR19( 29-JAN-2018 ),19,TRAILER (COMMERCIAL),18,18,27,22,14,39,11,5,13,10,10,40,227
2018,Bihar,SAMASTIPUR - BR33( 06-JUL-2017 ),1,ADAPTED VEHICLE,0,0,0,0,0,0,0,0,0,0,0,1,1
2018,Bihar,SAMASTIPUR - BR33( 06-JUL-2017 ),2,AMBULANCE,0,0,0,0,0,0,0,0,0,1,0,0,1
2018,Bihar,SAMASTIPUR - BR33( 06-JUL-2017 ),3,BUS,0,2,3,6,0,2,3,3,2,2,1,5,29
2018,Bihar,SAMASTIPUR - BR33( 06-JUL-2017 ),4,CONSTRUCTION EQUIPMENT VEHICLE,0,0,0,0,0,0,1,0,0,5,1,7,14
2018,Bihar,SAMASTIPUR - BR33( 06-JUL-2017 ),5,E-RICKSHAW(P),33,36,14,17,20,26,30,43,61,41,45,50,416
2018,Bihar,SAMASTIPUR - BR33( 06-JUL-2017 ),6,E-RICKSHAW WITH CART (G),0,0,2,1,0,0,1,0,0,0,1,1,6
2018,Bihar,SAMASTIPUR - BR33( 06-JUL-2017 ),7,GOODS CARRIER,17,21,22,13,18,13,21,20,23,30,21,22,241
2018,Bihar,SAMASTIPUR - BR33( 06-JUL-2017 ),8,MAXI CAB,1,0,1,0,1,0,1,0,0,0,0,1,5
2018,Bihar,SAMASTIPUR - BR33( 06-JUL-2017 ),9,M-CYCLE/SCOOTER,"3,352","4,531","4,491","4,372","5,137","3,596","4,324","3,254","2,857","2,974","5,318","3,073","47,279"
2018,Bihar,SAMASTIPUR - BR33( 06-JUL-2017 ),10,M-CYCLE/SCOOTER-WITH SIDE CAR,2,1,0,0,0,0,1,1,2,2,6,0,15
2018,Bihar,SAMASTIPUR - BR33( 06-JUL-2017 ),11,MOPED,0,0,0,1,1,2,3,0,0,0,0,2,9
2018,Bihar,SAMASTIPUR - BR33( 06-JUL-2017 ),12,MOTOR CAB,3,1,3,3,3,2,1,3,1,7,1,2,30
2018,Bihar,SAMASTIPUR - BR33( 06-JUL-2017 ),13,MOTOR CAR,30,45,40,29,43,22,38,36,18,26,34,29,390
2018,Bihar,SAMASTIPUR - BR33( 06-JUL-2017 ),14,THREE WHEELER (GOODS),36,22,20,26,14,23,30,13,25,28,45,27,309
2018,Bihar,SAMASTIPUR - BR33( 06-JUL-2017 ),15,THREE WHEELER (PASSENGER),134,69,58,42,47,50,104,83,90,116,90,55,938
2018,Bihar,SAMASTIPUR - BR33( 06-JUL-2017 ),16,TRACTOR (COMMERCIAL),214,72,174,153,50,136,155,98,67,80,77,126,"1,402"
2018,Bihar,SAMASTIPUR - BR33( 06-JUL-2017 ),17,TRAILER (COMMERCIAL),48,23,86,68,26,24,41,24,13,15,19,29,416
2018,Bihar,SHEIKHPURA - BR52( 17-JUL-2017 ),1,AGRICULTURAL TRACTOR,0,4,1,6,1,0,5,0,0,0,0,0,17
2018,Bihar,SHEIKHPURA - BR52( 17-JUL-2017 ),2,BUS,1,2,0,1,2,1,0,0,0,1,4,2,14
2018,Bihar,SHEIKHPURA - BR52( 17-JUL-2017 ),3,E-RICKSHAW(P),0,1,2,14,2,1,5,2,9,1,5,1,43
2018,Bihar,SHEIKHPURA - BR52( 17-JUL-2017 ),4,GOODS CARRIER,12,22,27,29,22,33,45,13,29,34,49,34,349
2018,Bihar,SHEIKHPURA - BR52( 17-JUL-2017 ),5,MAXI CAB,3,2,1,0,0,1,0,0,0,0,0,0,7
2018,Bihar,SHEIKHPURA - BR52( 17-JUL-2017 ),6,M-CYCLE/SCOOTER,200,271,431,200,382,315,252,585,272,201,312,367,"3,788"
2018,Bihar,SHEIKHPURA - BR52( 17-JUL-2017 ),7,MOTOR CAB,0,0,4,4,1,2,4,0,3,1,2,0,21
2018,Bihar,SHEIKHPURA - BR52( 17-JUL-2017 ),8,MOTOR CAR,10,4,11,9,10,2,7,9,0,5,3,5,75
2018,Bihar,SHEIKHPURA - BR52( 17-JUL-2017 ),9,OMNI BUS,0,0,0,0,0,1,0,0,0,0,0,0,1
2018,Bihar,SHEIKHPURA - BR52( 17-JUL-2017 ),10,THREE WHEELER (GOODS),1,0,1,0,0,1,2,2,0,0,0,5,12
2018,Bihar,SHEIKHPURA - BR52( 17-JUL-2017 ),11,THREE WHEELER (PASSENGER),3,13,7,13,5,6,8,9,14,18,8,9,113
2018,Bihar,SHEIKHPURA - BR52( 17-JUL-2017 ),12,TRACTOR (COMMERCIAL),75,35,41,33,27,39,33,32,16,23,34,20,408
2018,Bihar,SHEIKHPURA - BR52( 17-JUL-2017 ),13,TRAILER (AGRICULTURAL),1,0,0,0,0,0,0,0,1,1,0,0,3
2018,Bihar,SHEIKHPURA - BR52( 17-JUL-2017 ),14,TRAILER (COMMERCIAL),60,20,42,29,12,26,23,10,11,10,13,14,270
2018,Bihar,SHEOHAR - BR55( 07-JUN-2017 ),1,GOODS CARRIER,0,1,0,1,1,1,0,0,3,1,0,4,12
2018,Bihar,SHEOHAR - BR55( 07-JUN-2017 ),2,MAXI CAB,1,0,0,0,0,0,0,0,0,0,0,1,2
2018,Bihar,SHEOHAR - BR55( 07-JUN-2017 ),3,M-CYCLE/SCOOTER,147,401,506,90,361,486,232,101,220,179,248,85,"3,056"
2018,Bihar,SHEOHAR - BR55( 07-JUN-2017 ),4,MOTOR CAB,0,2,1,1,0,0,0,0,0,0,0,0,4
2018,Bihar,SHEOHAR - BR55( 07-JUN-2017 ),5,MOTOR CAR,0,4,5,4,5,2,0,2,2,3,2,5,34
2018,Bihar,SHEOHAR - BR55( 07-JUN-2017 ),6,MOTORISED CYCLE (CC > 25CC),0,0,0,0,0,0,0,0,0,1,1,0,2
2018,Bihar,SHEOHAR - BR55( 07-JUN-2017 ),7,PRIVATE SERVICE VEHICLE (INDIVIDUAL USE),1,4,1,1,1,0,0,0,0,0,0,0,8
2018,Bihar,SHEOHAR - BR55( 07-JUN-2017 ),8,THREE WHEELER (GOODS),0,1,0,0,0,0,0,0,0,1,1,0,3
2018,Bihar,SHEOHAR - BR55( 07-JUN-2017 ),9,THREE WHEELER (PASSENGER),0,4,1,4,2,6,0,0,1,0,2,0,20
2018,Bihar,SHEOHAR - BR55( 07-JUN-2017 ),10,TRACTOR (COMMERCIAL),15,6,5,6,7,3,7,4,8,5,6,9,81
2018,Bihar,SHEOHAR - BR55( 07-JUN-2017 ),11,TRAILER (COMMERCIAL),0,4,1,4,1,2,2,2,0,3,0,0,19
2018,Bihar,SITAMARHI - BR30( 29-JAN-2018 ),1,ARTICULATED VEHICLE,0,0,1,0,0,0,0,0,0,0,0,0,1
2018,Bihar,SITAMARHI - BR30( 29-JAN-2018 ),2,BUS,3,3,2,2,3,2,1,3,6,2,4,0,31
2018,Bihar,SITAMARHI - BR30( 29-JAN-2018 ),3,E-RICKSHAW(P),0,0,0,0,0,0,0,0,0,2,2,3,7
2018,Bihar,SITAMARHI - BR30( 29-JAN-2018 ),4,E-RICKSHAW WITH CART (G),0,0,0,0,0,0,0,0,0,0,1,9,10
2018,Bihar,SITAMARHI - BR30( 29-JAN-2018 ),5,GOODS CARRIER,22,25,14,23,17,18,18,6,11,18,12,13,197
2018,Bihar,SITAMARHI - BR30( 29-JAN-2018 ),6,MAXI CAB,0,2,3,2,0,0,3,0,1,2,0,0,13
2018,Bihar,SITAMARHI - BR30( 29-JAN-2018 ),7,M-CYCLE/SCOOTER,"3,294","1,034","2,811","3,175","3,359","2,449","2,032","2,375","1,904","1,941","2,697","1,837","28,908"
2018,Bihar,SITAMARHI - BR30( 29-JAN-2018 ),8,M-CYCLE/SCOOTER-WITH SIDE CAR,0,4,0,7,3,0,1,2,0,3,3,0,23
2018,Bihar,SITAMARHI - BR30( 29-JAN-2018 ),9,MOPED,45,0,0,0,0,0,1,0,0,0,0,0,46
2018,Bihar,SITAMARHI - BR30( 29-JAN-2018 ),10,MOTOR CAB,3,3,2,15,5,3,2,8,4,0,0,0,45
2018,Bihar,SITAMARHI - BR30( 29-JAN-2018 ),11,MOTOR CAR,31,14,45,28,27,25,23,19,14,14,22,14,276
2018,Bihar,SITAMARHI - BR30( 29-JAN-2018 ),12,THREE WHEELER (GOODS),13,7,12,2,11,8,10,14,9,6,16,14,122
2018,Bihar,SITAMARHI - BR30( 29-JAN-2018 ),13,THREE WHEELER (PASSENGER),63,79,45,44,88,66,71,93,143,123,128,109,"1,052"
2018,Bihar,SITAMARHI - BR30( 29-JAN-2018 ),14,TRACTOR (COMMERCIAL),138,46,68,76,104,76,135,68,58,101,99,113,"1,082"
2018,Bihar,SITAMARHI - BR30( 29-JAN-2018 ),15,TRAILER (COMMERCIAL),20,7,19,22,28,25,16,14,27,36,32,20,266
2018,Bihar,SIWAN - BR29( 29-JAN-2018 ),1,AGRICULTURAL TRACTOR,93,67,67,55,67,88,118,163,95,97,179,253,"1,342"
2018,Bihar,SIWAN - BR29( 29-JAN-2018 ),2,AMBULANCE,0,0,0,0,0,0,0,0,0,0,0,1,1
2018,Bihar,SIWAN - BR29( 29-JAN-2018 ),3,BUS,4,2,4,4,6,4,12,11,4,5,2,5,63
2018,Bihar,SIWAN - BR29( 29-JAN-2018 ),4,CONSTRUCTION EQUIPMENT VEHICLE,0,0,1,0,0,0,0,0,0,1,0,0,2
2018,Bihar,SIWAN - BR29( 29-JAN-2018 ),5,E-RICKSHAW(P),2,4,2,4,4,1,5,0,0,1,7,4,34
2018,Bihar,SIWAN - BR29( 29-JAN-2018 ),6,E-RICKSHAW WITH CART (G),0,0,0,0,0,0,0,1,0,1,0,0,2
2018,Bihar,SIWAN - BR29( 29-JAN-2018 ),7,GOODS CARRIER,42,91,81,35,67,54,56,68,64,56,70,71,755
2018,Bihar,SIWAN - BR29( 29-JAN-2018 ),8,MAXI CAB,0,4,6,1,5,6,3,11,7,8,14,14,79
2018,Bihar,SIWAN - BR29( 29-JAN-2018 ),9,M-CYCLE/SCOOTER,"2,630","2,355","4,284","3,578","4,507","3,951","4,068","2,445","1,277","1,492","3,122","1,650","35,359"
2018,Bihar,SIWAN - BR29( 29-JAN-2018 ),10,M-CYCLE/SCOOTER-WITH SIDE CAR,0,0,4,1,2,4,4,0,1,1,4,1,22
2018,Bihar,SIWAN - BR29( 29-JAN-2018 ),11,MOPED,0,0,16,30,85,74,85,84,103,88,167,57,789
2018,Bihar,SIWAN - BR29( 29-JAN-2018 ),12,MOTOR CAB,7,22,23,21,26,7,8,9,6,3,4,4,140
2018,Bihar,SIWAN - BR29( 29-JAN-2018 ),13,MOTOR CAR,142,215,212,125,199,100,152,109,90,72,143,91,"1,650"
2018,Bihar,SIWAN - BR29( 29-JAN-2018 ),14,MOTORISED CYCLE (CC > 25CC),0,0,0,0,0,0,0,1,0,1,0,0,2
2018,Bihar,SIWAN - BR29( 29-JAN-2018 ),15,OMNI BUS,0,0,0,0,0,0,0,0,0,0,0,1,1
2018,Bihar,SIWAN - BR29( 29-JAN-2018 ),16,THREE WHEELER (GOODS),6,2,6,2,8,3,9,5,1,6,3,2,53
2018,Bihar,SIWAN - BR29( 29-JAN-2018 ),17,THREE WHEELER (PASSENGER),49,69,68,52,19,37,59,44,91,43,87,64,682
2018,Bihar,SIWAN - BR29( 29-JAN-2018 ),18,TRACTOR (COMMERCIAL),12,2,18,27,25,22,17,19,6,9,9,22,188
2018,Bihar,SIWAN - BR29( 29-JAN-2018 ),19,TRAILER (COMMERCIAL),0,1,25,7,7,4,0,0,4,3,2,5,58
2018,Bihar,SUPAUL - BR50( 29-JAN-2018 ),1,BUS,0,2,1,1,0,3,0,2,2,1,2,1,15
2018,Bihar,SUPAUL - BR50( 29-JAN-2018 ),2,CONSTRUCTION EQUIPMENT VEHICLE,0,0,0,0,0,0,0,2,0,0,0,0,2
2018,Bihar,SUPAUL - BR50( 29-JAN-2018 ),3,E-RICKSHAW(P),0,0,0,0,2,0,8,2,7,11,19,1,50
2018,Bihar,SUPAUL - BR50( 29-JAN-2018 ),4,GOODS CARRIER,8,18,11,17,31,41,24,19,33,39,40,30,311
2018,Bihar,SUPAUL - BR50( 29-JAN-2018 ),5,MAXI CAB,0,0,0,0,1,3,0,0,0,1,0,0,5
2018,Bihar,SUPAUL - BR50( 29-JAN-2018 ),6,M-CYCLE/SCOOTER,"1,051","1,876","2,458","1,564","2,381","1,603","1,691","1,971","1,248","1,245","2,276","1,042","20,406"
2018,Bihar,SUPAUL - BR50( 29-JAN-2018 ),7,M-CYCLE/SCOOTER-WITH SIDE CAR,0,1,0,0,1,4,1,0,1,0,3,1,12
2018,Bihar,SUPAUL - BR50( 29-JAN-2018 ),8,MOPED,0,0,0,0,0,0,0,0,0,0,0,2,2
2018,Bihar,SUPAUL - BR50( 29-JAN-2018 ),9,MOTOR CAB,1,5,0,6,5,10,6,4,2,2,4,4,49
2018,Bihar,SUPAUL - BR50( 29-JAN-2018 ),10,MOTOR CAR,26,26,26,34,38,31,32,50,19,32,36,40,390
2018,Bihar,SUPAUL - BR50( 29-JAN-2018 ),11,MOTORISED CYCLE (CC > 25CC),0,0,0,0,0,0,0,1,0,0,0,0,1
2018,Bihar,SUPAUL - BR50( 29-JAN-2018 ),12,THREE WHEELER (GOODS),7,8,8,16,18,5,12,15,18,17,38,23,185
2018,Bihar,SUPAUL - BR50( 29-JAN-2018 ),13,THREE WHEELER (PASSENGER),45,28,28,33,38,20,60,75,85,71,125,55,663
2018,Bihar,SUPAUL - BR50( 29-JAN-2018 ),14,TRACTOR (COMMERCIAL),98,34,49,47,94,106,89,130,45,53,65,196,"1,006"
2018,Bihar,SUPAUL - BR50( 29-JAN-2018 ),15,TRAILER (COMMERCIAL),28,0,1,17,11,10,13,20,7,13,7,25,152
2018,Bihar,VAISHALI - BR31( 13-FEB-2018 ),1,AMBULANCE,0,0,0,0,1,0,0,0,0,0,0,0,1
2018,Bihar,VAISHALI - BR31( 13-FEB-2018 ),2,BUS,7,0,2,5,3,11,2,10,7,9,4,3,63
2018,Bihar,VAISHALI - BR31( 13-FEB-2018 ),3,CONSTRUCTION EQUIPMENT VEHICLE,0,0,0,0,0,0,0,0,1,0,0,1,2
2018,Bihar,VAISHALI - BR31( 13-FEB-2018 ),4,E-RICKSHAW(P),35,0,18,39,17,24,25,29,50,53,52,38,380
2018,Bihar,VAISHALI - BR31( 13-FEB-2018 ),5,GOODS CARRIER,60,30,90,86,86,72,71,82,78,70,81,72,878
2018,Bihar,VAISHALI - BR31( 13-FEB-2018 ),6,MAXI CAB,0,0,6,0,3,0,0,0,0,2,1,1,13
2018,Bihar,VAISHALI - BR31( 13-FEB-2018 ),7,M-CYCLE/SCOOTER,"7,794","3,901","3,875","3,540","4,410","3,905","3,959","3,144","2,608","2,116","3,236","3,104","45,592"
2018,Bihar,VAISHALI - BR31( 13-FEB-2018 ),8,M-CYCLE/SCOOTER-WITH SIDE CAR,0,0,4,3,3,1,1,0,0,1,2,0,15
2018,Bihar,VAISHALI - BR31( 13-FEB-2018 ),9,MOPED,4,1,0,0,0,0,0,40,43,28,47,28,191
2018,Bihar,VAISHALI - BR31( 13-FEB-2018 ),10,MOTOR CAB,14,9,9,19,12,12,11,25,15,11,20,11,168
2018,Bihar,VAISHALI - BR31( 13-FEB-2018 ),11,MOTOR CAR,305,384,264,227,288,164,194,232,145,184,258,188,"2,833"
2018,Bihar,VAISHALI - BR31( 13-FEB-2018 ),12,OMNI BUS,0,0,0,0,0,0,0,1,0,0,0,0,1
2018,Bihar,VAISHALI - BR31( 13-FEB-2018 ),13,THREE WHEELER (GOODS),11,5,14,15,15,10,11,18,12,17,11,20,159
2018,Bihar,VAISHALI - BR31( 13-FEB-2018 ),14,THREE WHEELER (PASSENGER),49,36,49,77,39,55,55,94,70,90,78,100,792
2018,Bihar,VAISHALI - BR31( 13-FEB-2018 ),15,THREE WHEELER (PERSONAL),0,0,0,0,0,0,0,1,0,0,0,0,1
2018,Bihar,VAISHALI - BR31( 13-FEB-2018 ),16,TRACTOR (COMMERCIAL),73,25,59,60,79,105,80,97,78,115,121,134,"1,026"
2018,Bihar,VAISHALI - BR31( 13-FEB-2018 ),17,TRAILER (COMMERCIAL),37,15,0,28,21,34,46,44,57,26,59,49,416
2017,Bihar,ARARIA - BR38( 30-JAN-2018 ),1,AGRICULTURAL TRACTOR,0,0,0,0,0,39,299,109,51,71,8,4,581
2017,Bihar,ARARIA - BR38( 30-JAN-2018 ),2,BUS,0,0,2,4,0,0,0,1,0,0,5,2,14
2017,Bihar,ARARIA - BR38( 30-JAN-2018 ),3,E-RICKSHAW(P),0,0,0,0,0,0,0,1,0,0,4,1,6
2017,Bihar,ARARIA - BR38( 30-JAN-2018 ),4,GOODS CARRIER,3,3,9,2,4,4,1,3,3,7,4,4,47
2017,Bihar,ARARIA - BR38( 30-JAN-2018 ),5,M-CYCLE/SCOOTER,491,657,"2,192",695,"3,162","1,681","1,761",687,"1,327",371,"2,784",953,"16,761"
2017,Bihar,ARARIA - BR38( 30-JAN-2018 ),6,MOPED,0,0,1,2,0,0,0,0,0,0,0,1,4
2017,Bihar,ARARIA - BR38( 30-JAN-2018 ),7,MOTOR CAB,1,0,2,2,1,0,4,1,1,0,3,0,15
2017,Bihar,ARARIA - BR38( 30-JAN-2018 ),8,MOTOR CAR,33,52,50,22,44,58,67,36,59,20,59,51,551
2017,Bihar,ARARIA - BR38( 30-JAN-2018 ),9,THREE WHEELER (GOODS),7,8,16,7,13,16,8,3,20,16,11,15,140
2017,Bihar,ARARIA - BR38( 30-JAN-2018 ),10,THREE WHEELER (PASSENGER),29,46,59,17,39,51,66,56,63,94,58,35,613
2017,Bihar,ARARIA - BR38( 30-JAN-2018 ),11,TRACTOR (COMMERCIAL),62,70,116,37,43,44,14,12,0,34,172,125,729
2017,Bihar,ARARIA - BR38( 30-JAN-2018 ),12,TRAILER (AGRICULTURAL),0,0,0,0,0,32,157,42,23,18,0,0,272
2017,Bihar,ARARIA - BR38( 30-JAN-2018 ),13,TRAILER (COMMERCIAL),36,48,88,28,36,35,9,5,0,22,96,69,472
2017,Bihar,ARAWAL - BR56( 22-MAY-2017 ),1,BUS,0,0,4,0,0,0,1,0,0,0,0,0,5
2017,Bihar,ARAWAL - BR56( 22-MAY-2017 ),2,EXCAVATOR (COMMERCIAL),0,0,0,0,0,0,0,0,0,0,1,0,1
2017,Bihar,ARAWAL - BR56( 22-MAY-2017 ),3,GOODS CARRIER,2,8,8,0,0,0,0,1,2,0,2,0,23
2017,Bihar,ARAWAL - BR56( 22-MAY-2017 ),4,M-CYCLE/SCOOTER,6,312,129,264,233,123,290,247,252,68,350,264,"2,538"
2017,Bihar,ARAWAL - BR56( 22-MAY-2017 ),5,M-CYCLE/SCOOTER-WITH SIDE CAR,0,0,0,1,0,0,0,0,0,0,0,0,1
2017,Bihar,ARAWAL - BR56( 22-MAY-2017 ),6,MOPED,3,64,81,51,43,29,40,6,0,0,0,0,317
2017,Bihar,ARAWAL - BR56( 22-MAY-2017 ),7,MOTOR CAB,1,0,0,0,0,0,0,0,0,0,1,0,2
2017,Bihar,ARAWAL - BR56( 22-MAY-2017 ),8,MOTOR CAR,1,1,1,3,1,4,4,4,2,0,3,2,26
2017,Bihar,ARAWAL - BR56( 22-MAY-2017 ),9,THREE WHEELER (GOODS),0,0,0,0,0,0,0,0,0,1,1,0,2
2017,Bihar,ARAWAL - BR56( 22-MAY-2017 ),10,THREE WHEELER (PASSENGER),0,4,15,3,0,0,1,0,0,4,5,5,37
2017,Bihar,ARAWAL - BR56( 22-MAY-2017 ),11,TRACTOR (COMMERCIAL),14,23,22,19,0,2,56,37,30,20,24,43,290
2017,Bihar,ARAWAL - BR56( 22-MAY-2017 ),12,TRAILER (COMMERCIAL),14,22,20,18,0,1,57,37,29,16,24,41,279
2017,Bihar,AURANGABAD - BR26( 13-JUN-2017 ),1,AGRICULTURAL TRACTOR,0,2,0,0,0,0,2,0,1,0,0,0,5
2017,Bihar,AURANGABAD - BR26( 13-JUN-2017 ),2,BUS,1,2,1,3,1,3,4,1,1,2,3,4,26
2017,Bihar,AURANGABAD - BR26( 13-JUN-2017 ),3,CONSTRUCTION EQUIPMENT VEHICLE,0,0,1,0,0,0,0,0,0,0,0,0,1
2017,Bihar,AURANGABAD - BR26( 13-JUN-2017 ),4,GOODS CARRIER,25,60,71,42,30,22,28,29,37,36,52,57,489
2017,Bihar,AURANGABAD - BR26( 13-JUN-2017 ),5,MAXI CAB,0,0,0,0,0,1,2,1,0,0,0,4,8
2017,Bihar,AURANGABAD - BR26( 13-JUN-2017 ),6,M-CYCLE/SCOOTER,356,66,"1,189","1,752","3,230",574,992,753,814,"1,027","1,726","1,013","13,492"
2017,Bihar,AURANGABAD - BR26( 13-JUN-2017 ),7,M-CYCLE/SCOOTER-WITH SIDE CAR,0,0,0,0,0,0,0,2,0,1,0,0,3
2017,Bihar,AURANGABAD - BR26( 13-JUN-2017 ),8,MOPED,0,0,1,0,2,0,0,0,0,0,0,0,3
2017,Bihar,AURANGABAD - BR26( 13-JUN-2017 ),9,MOTOR CAB,5,7,6,13,14,5,4,2,11,15,6,11,99
2017,Bihar,AURANGABAD - BR26( 13-JUN-2017 ),10,MOTOR CAR,63,75,37,93,89,28,65,41,56,75,63,79,764
2017,Bihar,AURANGABAD - BR26( 13-JUN-2017 ),11,THREE WHEELER (GOODS),7,13,6,24,9,4,8,2,16,15,13,15,132
2017,Bihar,AURANGABAD - BR26( 13-JUN-2017 ),12,THREE WHEELER (PASSENGER),69,130,168,126,87,29,91,60,146,136,156,119,"1,317"
2017,Bihar,AURANGABAD - BR26( 13-JUN-2017 ),13,TRACTOR (COMMERCIAL),97,106,115,153,2,0,136,36,32,55,117,147,996
2017,Bihar,AURANGABAD - BR26( 13-JUN-2017 ),14,TRAILER (AGRICULTURAL),3,0,1,1,0,1,0,0,0,2,0,0,8
2017,Bihar,AURANGABAD - BR26( 13-JUN-2017 ),15,TRAILER (COMMERCIAL),124,154,102,157,29,86,4,17,19,8,25,89,814
2017,Bihar,BANKA - BR51( 06-FEB-2018 ),1,AGRICULTURAL TRACTOR,0,1,0,1,0,0,0,0,0,0,0,0,2
2017,Bihar,BANKA - BR51( 06-FEB-2018 ),2,BUS,2,1,0,7,4,3,0,0,1,1,1,1,21
2017,Bihar,BANKA - BR51( 06-FEB-2018 ),3,GOODS CARRIER,3,6,46,42,25,8,7,9,5,4,16,13,184
2017,Bihar,BANKA - BR51( 06-FEB-2018 ),4,M-CYCLE/SCOOTER,445,296,239,644,"1,046","1,058",865,102,820,502,798,207,"7,022"
2017,Bihar,BANKA - BR51( 06-FEB-2018 ),5,MOPED,0,0,1,0,0,0,0,0,1,0,0,0,2
2017,Bihar,BANKA - BR51( 06-FEB-2018 ),6,MOTOR CAB,1,0,2,10,6,1,4,0,0,0,4,1,29
2017,Bihar,BANKA - BR51( 06-FEB-2018 ),7,MOTOR CAR,7,5,7,5,13,7,14,11,7,11,15,5,107
2017,Bihar,BANKA - BR51( 06-FEB-2018 ),8,THREE WHEELER (GOODS),3,2,1,5,1,1,1,1,3,0,8,7,33
2017,Bihar,BANKA - BR51( 06-FEB-2018 ),9,THREE WHEELER (PASSENGER),17,16,14,19,6,3,9,8,14,4,41,21,172
2017,Bihar,BANKA - BR51( 06-FEB-2018 ),10,TRACTOR (COMMERCIAL),38,17,66,46,24,69,132,87,119,37,93,60,788
2017,Bihar,BANKA - BR51( 06-FEB-2018 ),11,TRAILER (AGRICULTURAL),0,1,0,0,0,0,0,0,0,0,0,0,1
2017,Bihar,BANKA - BR51( 06-FEB-2018 ),12,TRAILER (COMMERCIAL),36,14,57,40,23,69,128,85,116,36,94,60,758
2017,Bihar,BEGUSARAI - BR9( 23-JAN-2018 ),1,ADAPTED VEHICLE,0,0,0,0,0,0,10,7,0,0,0,0,17
2017,Bihar,BEGUSARAI - BR9( 23-JAN-2018 ),2,AGRICULTURAL TRACTOR,0,0,0,0,0,14,103,68,51,2,2,20,260
2017,Bihar,BEGUSARAI - BR9( 23-JAN-2018 ),3,BUS,6,16,25,10,2,4,3,2,2,3,2,4,79
2017,Bihar,BEGUSARAI - BR9( 23-JAN-2018 ),4,CONSTRUCTION EQUIPMENT VEHICLE,0,0,2,2,0,0,0,1,0,0,0,0,5
2017,Bihar,BEGUSARAI - BR9( 23-JAN-2018 ),5,E-RICKSHAW(P),13,5,3,12,0,15,2,16,5,35,16,25,147
2017,Bihar,BEGUSARAI - BR9( 23-JAN-2018 ),6,GOODS CARRIER,57,87,247,82,16,39,71,49,42,70,77,61,898
2017,Bihar,BEGUSARAI - BR9( 23-JAN-2018 ),7,MAXI CAB,0,0,1,0,0,0,0,0,0,0,0,0,1
2017,Bihar,BEGUSARAI - BR9( 23-JAN-2018 ),8,M-CYCLE/SCOOTER,892,"1,406","2,016","1,792","3,878","2,785","2,117","1,243","1,660","3,128","2,069","1,312","24,298"
2017,Bihar,BEGUSARAI - BR9( 23-JAN-2018 ),9,MOPED,1,0,1,0,0,0,0,0,0,0,0,0,2
2017,Bihar,BEGUSARAI - BR9( 23-JAN-2018 ),10,MOTOR CAB,8,19,25,23,16,14,20,15,8,17,25,19,209
2017,Bihar,BEGUSARAI - BR9( 23-JAN-2018 ),11,MOTOR CAR,52,146,122,137,100,128,122,110,105,154,164,129,"1,469"
2017,Bihar,BEGUSARAI - BR9( 23-JAN-2018 ),12,THREE WHEELER (GOODS),17,16,12,49,23,24,23,29,16,18,15,31,273
2017,Bihar,BEGUSARAI - BR9( 23-JAN-2018 ),13,THREE WHEELER (PASSENGER),44,30,59,176,31,58,70,78,57,86,72,62,823
2017,Bihar,BEGUSARAI - BR9( 23-JAN-2018 ),14,TRACTOR (COMMERCIAL),41,57,53,45,1,1,9,12,29,62,135,100,545
2017,Bihar,BEGUSARAI - BR9( 23-JAN-2018 ),15,TRAILER (AGRICULTURAL),0,0,0,0,0,0,3,1,8,0,2,0,14
2017,Bihar,BEGUSARAI - BR9( 23-JAN-2018 ),16,TRAILER (COMMERCIAL),66,42,50,12,3,38,89,47,48,56,93,78,622
2017,Bihar,BETTIAH - BR22( 22-SEP-2017 ),1,ADAPTED VEHICLE,1,0,0,0,0,0,0,0,0,0,0,0,1
2017,Bihar,BETTIAH - BR22( 22-SEP-2017 ),2,AGRICULTURAL TRACTOR,0,0,1,2,9,0,0,0,0,0,0,0,12
2017,Bihar,BETTIAH - BR22( 22-SEP-2017 ),3,BUS,1,1,2,3,1,0,0,0,0,1,0,0,9
2017,Bihar,BETTIAH - BR22( 22-SEP-2017 ),4,E-RICKSHAW(P),0,0,4,0,2,2,0,0,0,0,1,11,20
2017,Bihar,BETTIAH - BR22( 22-SEP-2017 ),5,GOODS CARRIER,8,15,31,11,16,13,11,10,0,7,10,20,152
2017,Bihar,BETTIAH - BR22( 22-SEP-2017 ),6,MAXI CAB,0,1,0,0,0,0,1,0,0,0,0,0,2
2017,Bihar,BETTIAH - BR22( 22-SEP-2017 ),7,M-CYCLE/SCOOTER,"1,944","2,731","4,084","2,949",867,"1,999","2,014","1,526",22,3,"3,586","1,076","22,801"
2017,Bihar,BETTIAH - BR22( 22-SEP-2017 ),8,M-CYCLE/SCOOTER-WITH SIDE CAR,0,0,0,0,0,0,0,1,0,0,7,0,8
2017,Bihar,BETTIAH - BR22( 22-SEP-2017 ),9,MOPED,0,6,5,7,2,2,0,0,0,0,0,0,22
2017,Bihar,BETTIAH - BR22( 22-SEP-2017 ),10,MOTOR CAB,1,1,4,2,0,1,2,2,1,1,0,1,16
2017,Bihar,BETTIAH - BR22( 22-SEP-2017 ),11,MOTOR CAR,49,65,90,51,101,67,45,47,0,33,113,74,735
2017,Bihar,BETTIAH - BR22( 22-SEP-2017 ),12,THREE WHEELER (GOODS),2,2,1,11,2,1,1,1,0,0,9,3,33
2017,Bihar,BETTIAH - BR22( 22-SEP-2017 ),13,THREE WHEELER (PASSENGER),68,47,34,67,59,45,55,25,0,7,32,106,545
2017,Bihar,BETTIAH - BR22( 22-SEP-2017 ),14,TRACTOR (COMMERCIAL),187,75,274,149,53,7,1,33,0,6,94,319,"1,198"
2017,Bihar,BETTIAH - BR22( 22-SEP-2017 ),15,TRAILER (AGRICULTURAL),0,1,4,0,0,1,0,0,0,0,0,0,6
2017,Bihar,BETTIAH - BR22( 22-SEP-2017 ),16,TRAILER (COMMERCIAL),19,10,40,16,13,0,0,4,0,0,0,1,103
2017,Bihar,BHABHUA - BR45( 23-JAN-2018 ),1,AGRICULTURAL TRACTOR,0,0,0,0,1,35,1,2,286,168,170,253,916
2017,Bihar,BHABHUA - BR45( 23-JAN-2018 ),2,AMBULANCE,0,0,0,0,0,0,0,0,0,0,0,1,1
2017,Bihar,BHABHUA - BR45( 23-JAN-2018 ),3,ARTICULATED VEHICLE,0,0,0,0,0,0,0,1,0,1,0,0,2
2017,Bihar,BHABHUA - BR45( 23-JAN-2018 ),4,BUS,3,5,1,17,1,2,6,0,0,2,3,2,42
2017,Bihar,BHABHUA - BR45( 23-JAN-2018 ),5,CAMPER VAN / TRAILER (PRIVATE USE),0,0,0,0,3,22,2,3,183,47,0,1,261
2017,Bihar,BHABHUA - BR45( 23-JAN-2018 ),6,E-RICKSHAW(P),8,8,4,0,7,10,4,21,8,41,6,20,137
2017,Bihar,BHABHUA - BR45( 23-JAN-2018 ),7,GOODS CARRIER,7,9,14,90,5,9,9,12,6,24,20,17,222
2017,Bihar,BHABHUA - BR45( 23-JAN-2018 ),8,MAXI CAB,0,2,0,0,0,0,0,0,1,1,1,0,5
2017,Bihar,BHABHUA - BR45( 23-JAN-2018 ),9,M-CYCLE/SCOOTER,392,369,798,749,377,220,"2,005","1,488",526,754,"1,044","1,014","9,736"
2017,Bihar,BHABHUA - BR45( 23-JAN-2018 ),10,M-CYCLE/SCOOTER-WITH SIDE CAR,0,0,0,0,0,0,0,1,0,0,0,0,1
2017,Bihar,BHABHUA - BR45( 23-JAN-2018 ),11,MOPED,1,0,3,4,0,0,2,1,1,0,11,1,24
2017,Bihar,BHABHUA - BR45( 23-JAN-2018 ),12,MOTOR CAB,5,4,6,35,0,9,2,8,5,9,10,4,97
2017,Bihar,BHABHUA - BR45( 23-JAN-2018 ),13,MOTOR CAR,16,15,32,26,22,11,43,15,13,38,13,35,279
2017,Bihar,BHABHUA - BR45( 23-JAN-2018 ),14,THREE WHEELER (GOODS),0,1,13,13,0,0,6,0,2,2,5,15,57
2017,Bihar,BHABHUA - BR45( 23-JAN-2018 ),15,THREE WHEELER (PASSENGER),13,17,14,28,7,11,5,5,11,4,15,32,162
2017,Bihar,BHABHUA - BR45( 23-JAN-2018 ),16,TRACTOR (COMMERCIAL),35,99,107,51,4,1,1,2,34,14,3,53,404
2017,Bihar,BHABHUA - BR45( 23-JAN-2018 ),17,TRAILER (AGRICULTURAL),0,0,0,0,1,1,0,0,42,33,9,55,141
2017,Bihar,BHABHUA - BR45( 23-JAN-2018 ),18,TRAILER (COMMERCIAL),13,63,83,25,20,6,1,5,454,146,24,260,"1,100"
2017,Bihar,BHAGALPUR - BR10( 07-FEB-2018 ),1,ADAPTED VEHICLE,0,0,1,0,0,0,0,0,0,0,0,0,1
2017,Bihar,BHAGALPUR - BR10( 07-FEB-2018 ),2,AGRICULTURAL TRACTOR,0,0,0,0,1,7,5,0,17,22,54,70,176
2017,Bihar,BHAGALPUR - BR10( 07-FEB-2018 ),3,BUS,0,4,1,2,4,2,1,1,3,1,2,1,22
2017,Bihar,BHAGALPUR - BR10( 07-FEB-2018 ),4,CAMPER VAN / TRAILER,0,0,0,0,1,0,0,0,0,0,0,0,1
2017,Bihar,BHAGALPUR - BR10( 07-FEB-2018 ),5,CONSTRUCTION EQUIPMENT VEHICLE,0,2,0,0,0,0,0,0,0,0,0,0,2
2017,Bihar,BHAGALPUR - BR10( 07-FEB-2018 ),6,E-RICKSHAW(P),14,8,46,13,8,15,43,53,138,54,65,57,514
2017,Bihar,BHAGALPUR - BR10( 07-FEB-2018 ),7,GOODS CARRIER,46,49,92,81,42,44,71,65,87,52,95,83,807
2017,Bihar,BHAGALPUR - BR10( 07-FEB-2018 ),8,MAXI CAB,0,0,2,0,0,1,0,0,1,0,1,0,5
2017,Bihar,BHAGALPUR - BR10( 07-FEB-2018 ),9,M-CYCLE/SCOOTER,756,"1,118","1,100","1,150","1,979","2,273","1,481","1,869","1,331","2,170","2,489","1,127","18,843"
2017,Bihar,BHAGALPUR - BR10( 07-FEB-2018 ),10,MOPED,3,1,4,21,1,2,1,1,0,1,0,0,35
2017,Bihar,BHAGALPUR - BR10( 07-FEB-2018 ),11,MOTOR CAB,12,11,25,27,8,10,5,8,31,12,36,22,207
2017,Bihar,BHAGALPUR - BR10( 07-FEB-2018 ),12,MOTOR CAR,81,152,132,130,187,169,140,136,114,189,290,203,"1,923"
2017,Bihar,BHAGALPUR - BR10( 07-FEB-2018 ),13,MOTORISED CYCLE (CC > 25CC),0,1,0,0,0,0,0,0,0,0,0,0,1
2017,Bihar,BHAGALPUR - BR10( 07-FEB-2018 ),14,THREE WHEELER (GOODS),26,20,16,42,65,82,52,60,39,28,39,36,505
2017,Bihar,BHAGALPUR - BR10( 07-FEB-2018 ),15,THREE WHEELER (PASSENGER),41,50,50,55,29,29,44,78,76,104,75,62,693
2017,Bihar,BHAGALPUR - BR10( 07-FEB-2018 ),16,TRACTOR (COMMERCIAL),33,35,37,12,2,1,0,0,4,5,5,13,147
2017,Bihar,BHAGALPUR - BR10( 07-FEB-2018 ),17,TRAILER (AGRICULTURAL),0,0,0,0,1,0,0,0,0,0,0,0,1
2017,Bihar,BHAGALPUR - BR10( 07-FEB-2018 ),18,TRAILER (COMMERCIAL),40,42,39,16,4,8,3,1,23,20,40,51,287
2017,Bihar,BHOJPUR - BR3( 15-FEB-2018 ),1,AGRICULTURAL TRACTOR,0,0,0,0,0,38,18,0,0,0,0,0,56
2017,Bihar,BHOJPUR - BR3( 15-FEB-2018 ),2,BUS,6,7,6,26,1,2,1,5,3,0,5,6,68
2017,Bihar,BHOJPUR - BR3( 15-FEB-2018 ),3,CONSTRUCTION EQUIPMENT VEHICLE,1,0,0,0,0,0,0,0,0,0,0,0,1
2017,Bihar,BHOJPUR - BR3( 15-FEB-2018 ),4,E-RICKSHAW(P),0,0,0,0,1,0,2,1,0,0,0,0,4
2017,Bihar,BHOJPUR - BR3( 15-FEB-2018 ),5,GOODS CARRIER,26,70,69,43,14,26,30,37,44,27,58,27,471
2017,Bihar,BHOJPUR - BR3( 15-FEB-2018 ),6,MAXI CAB,0,0,0,0,0,0,0,1,0,0,1,0,2
2017,Bihar,BHOJPUR - BR3( 15-FEB-2018 ),7,M-CYCLE/SCOOTER,873,982,"1,470","1,409","1,136","3,818","2,690",809,"1,489",458,"3,605","2,945","21,684"
2017,Bihar,BHOJPUR - BR3( 15-FEB-2018 ),8,MOPED,68,22,63,35,85,80,83,66,60,59,184,263,"1,068"
2017,Bihar,BHOJPUR - BR3( 15-FEB-2018 ),9,MOTOR CAB,9,16,16,40,13,8,9,10,18,10,20,9,178
2017,Bihar,BHOJPUR - BR3( 15-FEB-2018 ),10,MOTOR CAR,74,65,92,61,61,52,97,50,77,47,120,116,912
2017,Bihar,BHOJPUR - BR3( 15-FEB-2018 ),11,THREE WHEELER (GOODS),4,7,5,43,7,3,17,9,12,7,15,13,142
2017,Bihar,BHOJPUR - BR3( 15-FEB-2018 ),12,THREE WHEELER (PASSENGER),65,55,93,260,35,37,56,83,89,82,78,82,"1,015"
2017,Bihar,BHOJPUR - BR3( 15-FEB-2018 ),13,TRACTOR (COMMERCIAL),46,128,81,48,2,2,199,131,81,60,144,114,"1,036"
2017,Bihar,BHOJPUR - BR3( 15-FEB-2018 ),14,TRAILER (COMMERCIAL),47,127,83,40,6,1,209,134,81,68,143,106,"1,045"
2017,Bihar,BUXUR - BR44( 01-FEB-2018 ),1,AGRICULTURAL TRACTOR,0,0,0,0,0,0,0,0,2,2,11,0,15
2017,Bihar,BUXUR - BR44( 01-FEB-2018 ),2,BUS,0,5,1,5,0,1,1,1,6,1,0,0,21
2017,Bihar,BUXUR - BR44( 01-FEB-2018 ),3,CONSTRUCTION EQUIPMENT VEHICLE,0,0,0,0,0,0,0,0,0,0,1,0,1
2017,Bihar,BUXUR - BR44( 01-FEB-2018 ),4,E-RICKSHAW(P),0,0,0,0,1,0,0,0,0,2,18,10,31
2017,Bihar,BUXUR - BR44( 01-FEB-2018 ),5,GOODS CARRIER,9,16,26,13,6,11,7,4,15,11,20,17,155
2017,Bihar,BUXUR - BR44( 01-FEB-2018 ),6,MAXI CAB,0,0,0,0,0,0,0,0,0,0,0,1,1
2017,Bihar,BUXUR - BR44( 01-FEB-2018 ),7,M-CYCLE/SCOOTER,574,657,716,418,836,"1,053",156,771,785,"1,380",131,932,"8,409"
2017,Bihar,BUXUR - BR44( 01-FEB-2018 ),8,MOPED,0,0,0,2,3,5,1,2,0,2,0,0,15
2017,Bihar,BUXUR - BR44( 01-FEB-2018 ),9,MOTOR CAB,0,0,7,10,3,17,0,1,2,3,7,6,56
2017,Bihar,BUXUR - BR44( 01-FEB-2018 ),10,MOTOR CAR,17,36,45,39,44,23,22,10,20,30,38,77,401
2017,Bihar,BUXUR - BR44( 01-FEB-2018 ),11,THREE WHEELER (GOODS),0,0,2,8,0,2,0,0,4,0,0,4,20
2017,Bihar,BUXUR - BR44( 01-FEB-2018 ),12,THREE WHEELER (PASSENGER),20,25,19,124,12,22,23,1,57,5,45,39,392
2017,Bihar,BUXUR - BR44( 01-FEB-2018 ),13,TRACTOR (COMMERCIAL),38,72,53,54,0,0,0,0,0,49,101,51,418
2017,Bihar,BUXUR - BR44( 01-FEB-2018 ),14,TRAILER (AGRICULTURAL),0,0,0,0,0,0,0,0,1,7,10,1,19
2017,Bihar,BUXUR - BR44( 01-FEB-2018 ),15,TRAILER (COMMERCIAL),40,59,60,1,51,1,0,0,1,45,95,48,401
2017,Bihar,CHAPARA - BR4( 29-JAN-2018 ),1,AGRICULTURAL TRACTOR,0,0,0,0,0,29,15,0,0,0,0,0,44
2017,Bihar,CHAPARA - BR4( 29-JAN-2018 ),2,ARTICULATED VEHICLE,0,0,0,0,0,0,0,1,0,0,0,0,1
2017,Bihar,CHAPARA - BR4( 29-JAN-2018 ),3,BUS,3,2,2,6,0,2,1,1,0,1,4,3,25
2017,Bihar,CHAPARA - BR4( 29-JAN-2018 ),4,E-RICKSHAW(P),0,0,0,0,0,0,0,0,3,0,0,1,4
2017,Bihar,CHAPARA - BR4( 29-JAN-2018 ),5,E-RICKSHAW WITH CART (G),0,0,0,0,0,0,0,0,1,0,0,0,1
2017,Bihar,CHAPARA - BR4( 29-JAN-2018 ),6,GOODS CARRIER,49,58,70,67,27,40,44,34,49,39,62,55,594
2017,Bihar,CHAPARA - BR4( 29-JAN-2018 ),7,M-CYCLE/SCOOTER,"1,158",389,"1,085","2,484","4,459","3,795","1,763","1,104","1,186","3,342","3,052","1,442","25,259"
2017,Bihar,CHAPARA - BR4( 29-JAN-2018 ),8,MOPED,1,2,0,30,1,79,0,0,1,26,1,1,142
2017,Bihar,CHAPARA - BR4( 29-JAN-2018 ),9,MOTOR CAB,9,14,18,13,7,7,8,12,15,14,22,13,152
2017,Bihar,CHAPARA - BR4( 29-JAN-2018 ),10,MOTOR CAR,102,74,52,117,90,80,86,70,75,68,126,79,"1,019"
2017,Bihar,CHAPARA - BR4( 29-JAN-2018 ),11,MOTORISED CYCLE (CC > 25CC),0,0,1,1,0,4,1,34,27,4,0,0,72
2017,Bihar,CHAPARA - BR4( 29-JAN-2018 ),12,THREE WHEELER (GOODS),1,9,7,15,3,2,1,1,0,4,8,4,55
2017,Bihar,CHAPARA - BR4( 29-JAN-2018 ),13,THREE WHEELER (PASSENGER),28,56,47,87,2,19,3,7,28,34,61,39,411
2017,Bihar,CHAPARA - BR4( 29-JAN-2018 ),14,TRACTOR (COMMERCIAL),57,36,30,66,18,51,125,58,37,70,97,152,797
2017,Bihar,CHAPARA - BR4( 29-JAN-2018 ),15,TRAILER (AGRICULTURAL),0,0,0,0,0,2,0,0,1,0,0,2,5
2017,Bihar,CHAPARA - BR4( 29-JAN-2018 ),16,TRAILER (COMMERCIAL),12,12,14,11,9,14,40,15,18,4,12,14,175
2017,Bihar,DARBHANGA - BR7( 30-JAN-2018 ),1,AGRICULTURAL TRACTOR,0,0,0,0,0,0,0,0,1,3,2,11,17
2017,Bihar,DARBHANGA - BR7( 30-JAN-2018 ),2,BUS,1,1,1,6,1,0,4,1,0,1,0,1,17
2017,Bihar,DARBHANGA - BR7( 30-JAN-2018 ),3,CONSTRUCTION EQUIPMENT VEHICLE,0,0,0,0,0,0,0,0,0,0,0,1,1
2017,Bihar,DARBHANGA - BR7( 30-JAN-2018 ),4,E-RICKSHAW(P),1,2,0,0,1,1,0,1,0,8,3,2,19
2017,Bihar,DARBHANGA - BR7( 30-JAN-2018 ),5,GOODS CARRIER,73,82,74,97,38,59,41,72,53,78,57,60,784
2017,Bihar,DARBHANGA - BR7( 30-JAN-2018 ),6,MAXI CAB,0,0,0,0,0,0,0,0,0,2,0,0,2
2017,Bihar,DARBHANGA - BR7( 30-JAN-2018 ),7,M-CYCLE/SCOOTER,"1,813","2,048","3,407","3,689",801,"1,508","3,167","2,592","2,092","1,552","1,260","1,830","25,759"
2017,Bihar,DARBHANGA - BR7( 30-JAN-2018 ),8,MOPED,63,23,114,41,20,14,93,69,36,44,25,17,559
2017,Bihar,DARBHANGA - BR7( 30-JAN-2018 ),9,MOTOR CAB,24,37,44,50,24,19,25,29,24,43,25,29,373
2017,Bihar,DARBHANGA - BR7( 30-JAN-2018 ),10,MOTOR CAR,140,210,163,157,65,92,115,241,136,100,171,224,"1,814"
2017,Bihar,DARBHANGA - BR7( 30-JAN-2018 ),11,THREE WHEELER (GOODS),14,14,22,41,16,25,21,13,23,15,20,15,239
2017,Bihar,DARBHANGA - BR7( 30-JAN-2018 ),12,THREE WHEELER (PASSENGER),131,107,152,197,90,120,157,252,194,184,218,136,"1,938"
2017,Bihar,DARBHANGA - BR7( 30-JAN-2018 ),13,TRACTOR (COMMERCIAL),78,75,108,56,0,0,29,42,137,79,61,184,849
2017,Bihar,DARBHANGA - BR7( 30-JAN-2018 ),14,TRAILER (COMMERCIAL),19,23,36,9,0,23,3,5,3,1,1,4,127
2017,Bihar,GAYA - BR2( 06-SEP-2017 ),1,AGRICULTURAL TRACTOR,0,0,0,0,17,158,175,135,3,57,154,213,912
2017,Bihar,GAYA - BR2( 06-SEP-2017 ),2,AMBULANCE,1,0,0,0,0,0,0,1,0,0,0,0,2
2017,Bihar,GAYA - BR2( 06-SEP-2017 ),3,BUS,3,17,16,43,10,6,17,14,0,9,10,8,153
2017,Bihar,GAYA - BR2( 06-SEP-2017 ),4,E-RICKSHAW(P),0,0,0,0,0,1,1,1,0,0,0,0,3
2017,Bihar,GAYA - BR2( 06-SEP-2017 ),5,GOODS CARRIER,102,98,148,152,43,45,68,90,19,87,140,101,"1,093"
2017,Bihar,GAYA - BR2( 06-SEP-2017 ),6,MAXI CAB,2,0,1,10,0,1,1,1,0,3,11,8,38
2017,Bihar,GAYA - BR2( 06-SEP-2017 ),7,M-CYCLE/SCOOTER,"1,731","1,328","2,200","2,233","3,644","7,839","3,811","1,339",109,"1,630","2,931","5,250","34,045"
2017,Bihar,GAYA - BR2( 06-SEP-2017 ),8,M-CYCLE/SCOOTER-WITH SIDE CAR,0,0,0,0,0,0,0,0,0,1,0,1,2
2017,Bihar,GAYA - BR2( 06-SEP-2017 ),9,MOPED,95,11,49,5,135,38,34,62,6,117,7,4,563
2017,Bihar,GAYA - BR2( 06-SEP-2017 ),10,MOTOR CAB,12,22,21,27,7,11,18,21,3,13,18,8,181
2017,Bihar,GAYA - BR2( 06-SEP-2017 ),11,MOTOR CAR,139,81,158,186,249,194,248,139,28,99,422,222,"2,165"
2017,Bihar,GAYA - BR2( 06-SEP-2017 ),12,OMNI BUS,0,0,0,0,0,0,0,0,4,3,1,0,8
2017,Bihar,GAYA - BR2( 06-SEP-2017 ),13,THREE WHEELER (GOODS),44,37,57,44,26,22,25,63,9,64,97,57,545
2017,Bihar,GAYA - BR2( 06-SEP-2017 ),14,THREE WHEELER (PASSENGER),153,158,161,160,95,121,148,167,45,209,313,219,"1,949"
2017,Bihar,GAYA - BR2( 06-SEP-2017 ),15,TRACTOR (COMMERCIAL),67,88,89,64,11,6,6,5,0,6,5,2,349
2017,Bihar,GAYA - BR2( 06-SEP-2017 ),16,TRAILER (AGRICULTURAL),0,0,0,0,12,108,136,78,1,0,25,86,446
2017,Bihar,GAYA - BR2( 06-SEP-2017 ),17,TRAILER (COMMERCIAL),50,67,48,24,35,4,2,3,0,0,4,3,240
2017,Bihar,GOPALGANJ - BR28( 08-JUN-2017 ),1,AGRICULTURAL TRACTOR,0,0,0,0,2,0,0,0,0,0,27,237,266
2017,Bihar,GOPALGANJ - BR28( 08-JUN-2017 ),2,BUS,0,0,4,3,4,0,6,1,2,4,3,1,28
2017,Bihar,GOPALGANJ - BR28( 08-JUN-2017 ),3,CONSTRUCTION EQUIPMENT VEHICLE,1,0,0,0,0,0,0,0,0,0,0,0,1
2017,Bihar,GOPALGANJ - BR28( 08-JUN-2017 ),4,E-RICKSHAW(P),0,0,0,0,1,0,0,0,0,7,29,34,71
2017,Bihar,GOPALGANJ - BR28( 08-JUN-2017 ),5,FIRE FIGHTING VEHICLE,0,0,0,0,0,0,4,0,0,0,0,0,4
2017,Bihar,GOPALGANJ - BR28( 08-JUN-2017 ),6,GOODS CARRIER,8,14,52,37,13,3,23,32,28,25,38,37,310
2017,Bihar,GOPALGANJ - BR28( 08-JUN-2017 ),7,MAXI CAB,0,0,9,1,3,0,2,3,8,2,11,9,48
2017,Bihar,GOPALGANJ - BR28( 08-JUN-2017 ),8,M-CYCLE/SCOOTER,890,"2,092","1,721",701,"2,272",46,"1,327","1,728","1,437","1,321","4,043","1,569","19,147"
2017,Bihar,GOPALGANJ - BR28( 08-JUN-2017 ),9,M-CYCLE/SCOOTER-WITH SIDE CAR,0,0,0,0,0,0,1,0,0,0,0,0,1
2017,Bihar,GOPALGANJ - BR28( 08-JUN-2017 ),10,MOPED,4,5,17,155,57,0,0,0,0,0,0,0,238
2017,Bihar,GOPALGANJ - BR28( 08-JUN-2017 ),11,MOTOR CAB,0,0,8,9,1,0,0,1,1,0,0,1,21
2017,Bihar,GOPALGANJ - BR28( 08-JUN-2017 ),12,MOTOR CAR,28,85,128,40,134,6,126,66,46,65,112,102,938
2017,Bihar,GOPALGANJ - BR28( 08-JUN-2017 ),13,PRIVATE SERVICE VEHICLE (INDIVIDUAL USE),0,0,0,0,1,0,0,0,0,0,0,0,1
2017,Bihar,GOPALGANJ - BR28( 08-JUN-2017 ),14,THREE WHEELER (GOODS),0,0,1,0,0,0,0,3,4,3,4,0,15
2017,Bihar,GOPALGANJ - BR28( 08-JUN-2017 ),15,THREE WHEELER (PASSENGER),0,0,12,31,14,0,8,2,1,0,22,4,94
2017,Bihar,GOPALGANJ - BR28( 08-JUN-2017 ),16,TRACTOR (COMMERCIAL),11,1,116,122,78,0,26,28,38,55,68,14,557
2017,Bihar,GOPALGANJ - BR28( 08-JUN-2017 ),17,TRAILER (COMMERCIAL),1,0,2,2,1,0,0,0,0,0,0,0,6
2017,Bihar,JAMUI - BR46( 07-JUN-2017 ),1,AGRICULTURAL TRACTOR,0,0,0,0,0,0,25,25,51,12,29,21,163
2017,Bihar,JAMUI - BR46( 07-JUN-2017 ),2,BUS,0,0,0,0,1,0,0,0,0,1,0,0,2
2017,Bihar,JAMUI - BR46( 07-JUN-2017 ),3,FIRE FIGHTING VEHICLE,0,0,0,0,0,0,0,1,0,0,0,0,1
2017,Bihar,JAMUI - BR46( 07-JUN-2017 ),4,GOODS CARRIER,9,9,19,5,5,0,14,10,11,3,12,18,115
2017,Bihar,JAMUI - BR46( 07-JUN-2017 ),5,MAXI CAB,0,0,0,0,0,0,1,2,0,6,0,2,11
2017,Bihar,JAMUI - BR46( 07-JUN-2017 ),6,M-CYCLE/SCOOTER,208,25,428,281,"1,363",814,337,430,565,419,516,"1,935","7,321"
2017,Bihar,JAMUI - BR46( 07-JUN-2017 ),7,MOPED,12,1,50,22,19,2,0,0,0,0,0,0,106
2017,Bihar,JAMUI - BR46( 07-JUN-2017 ),8,MOTOR CAB,1,0,6,3,0,0,0,0,0,1,0,0,11
2017,Bihar,JAMUI - BR46( 07-JUN-2017 ),9,MOTOR CAR,3,7,10,9,14,0,1,2,3,5,3,7,64
2017,Bihar,JAMUI - BR46( 07-JUN-2017 ),10,PRIVATE SERVICE VEHICLE (INDIVIDUAL USE),0,0,0,0,0,0,9,4,11,2,12,2,40
2017,Bihar,JAMUI - BR46( 07-JUN-2017 ),11,THREE WHEELER (GOODS),3,4,14,18,4,0,3,1,4,4,5,12,72
2017,Bihar,JAMUI - BR46( 07-JUN-2017 ),12,THREE WHEELER (PASSENGER),37,52,71,31,31,0,77,39,58,56,71,67,590
2017,Bihar,JAMUI - BR46( 07-JUN-2017 ),13,TRACTOR (COMMERCIAL),38,26,54,11,9,0,7,8,14,8,20,66,261
2017,Bihar,JAMUI - BR46( 07-JUN-2017 ),14,TRAILER (AGRICULTURAL),0,0,0,0,0,0,0,38,42,9,23,43,155
2017,Bihar,JAMUI - BR46( 07-JUN-2017 ),15,TRAILER (COMMERCIAL),39,28,54,11,7,0,0,9,15,3,18,31,215
2017,Bihar,JEHANABAD - BR25( 26-MAY-2017 ),1,AGRICULTURAL TRACTOR,0,0,0,0,0,1,2,0,1,2,1,1,8
2017,Bihar,JEHANABAD - BR25( 26-MAY-2017 ),2,BUS,3,1,3,14,11,2,0,10,0,0,0,3,47
2017,Bihar,JEHANABAD - BR25( 26-MAY-2017 ),3,CAMPER VAN / TRAILER (PRIVATE USE),0,0,0,0,0,0,0,0,1,0,0,0,1
2017,Bihar,JEHANABAD - BR25( 26-MAY-2017 ),4,GOODS CARRIER,32,32,36,44,15,10,24,39,14,34,28,26,334
2017,Bihar,JEHANABAD - BR25( 26-MAY-2017 ),5,MAXI CAB,0,0,0,0,0,1,0,2,0,1,0,2,6
2017,Bihar,JEHANABAD - BR25( 26-MAY-2017 ),6,M-CYCLE/SCOOTER,223,271,574,918,911,112,164,670,370,483,717,988,"6,401"
2017,Bihar,JEHANABAD - BR25( 26-MAY-2017 ),7,MOPED,0,0,0,0,3,0,0,0,1,0,0,0,4
2017,Bihar,JEHANABAD - BR25( 26-MAY-2017 ),8,MOTOR CAB,1,4,1,3,1,1,0,1,1,3,2,4,22
2017,Bihar,JEHANABAD - BR25( 26-MAY-2017 ),9,MOTOR CAR,4,8,6,6,3,5,12,5,6,9,8,8,80
2017,Bihar,JEHANABAD - BR25( 26-MAY-2017 ),10,THREE WHEELER (GOODS),7,3,3,2,0,2,2,2,6,5,5,17,54
2017,Bihar,JEHANABAD - BR25( 26-MAY-2017 ),11,THREE WHEELER (PASSENGER),16,23,30,25,12,21,19,52,19,104,51,50,422
2017,Bihar,JEHANABAD - BR25( 26-MAY-2017 ),12,TRACTOR (COMMERCIAL),50,76,44,41,0,22,79,2,43,45,50,147,599
2017,Bihar,JEHANABAD - BR25( 26-MAY-2017 ),13,TRAILER (AGRICULTURAL),0,0,0,0,0,0,0,0,0,0,0,1,1
2017,Bihar,JEHANABAD - BR25( 26-MAY-2017 ),14,TRAILER (COMMERCIAL),48,72,42,34,0,0,0,69,0,1,1,24,291
2017,Bihar,KATIHAR - BR39( 23-JAN-2018 ),1,AGRICULTURAL TRACTOR,1,0,0,0,0,0,0,0,0,0,5,12,18
2017,Bihar,KATIHAR - BR39( 23-JAN-2018 ),2,BUS,0,0,2,2,0,0,1,1,2,0,0,1,9
2017,Bihar,KATIHAR - BR39( 23-JAN-2018 ),3,CONSTRUCTION EQUIPMENT VEHICLE,0,0,0,0,0,0,1,0,0,0,0,0,1
2017,Bihar,KATIHAR - BR39( 23-JAN-2018 ),4,E-RICKSHAW(P),0,0,0,0,0,0,0,5,0,0,8,2,15
2017,Bihar,KATIHAR - BR39( 23-JAN-2018 ),5,GOODS CARRIER,13,5,14,21,1,4,9,3,6,2,4,16,98
2017,Bihar,KATIHAR - BR39( 23-JAN-2018 ),6,M-CYCLE/SCOOTER,764,983,"1,240","1,836","4,522","3,183","3,149","1,699","1,752","2,611","2,243","1,799","25,781"
2017,Bihar,KATIHAR - BR39( 23-JAN-2018 ),7,MOPED,0,0,1,1,2,8,5,14,0,0,0,0,31
2017,Bihar,KATIHAR - BR39( 23-JAN-2018 ),8,MOTOR CAB,1,1,6,0,0,1,3,0,4,0,1,1,18
2017,Bihar,KATIHAR - BR39( 23-JAN-2018 ),9,MOTOR CAR,18,22,31,25,13,27,29,24,20,13,54,21,297
2017,Bihar,KATIHAR - BR39( 23-JAN-2018 ),10,THREE WHEELER (GOODS),1,10,4,1,4,6,11,3,7,5,9,2,63
2017,Bihar,KATIHAR - BR39( 23-JAN-2018 ),11,THREE WHEELER (PASSENGER),6,25,19,14,39,40,55,26,20,43,29,20,336
2017,Bihar,KATIHAR - BR39( 23-JAN-2018 ),12,TRACTOR (COMMERCIAL),57,55,61,36,20,107,267,23,33,123,120,144,"1,046"
2017,Bihar,KATIHAR - BR39( 23-JAN-2018 ),13,TRAILER (COMMERCIAL),28,30,25,19,14,44,44,59,3,18,54,70,408
2017,Bihar,KHAGARIA - BR34( 01-FEB-2018 ),1,AGRICULTURAL TRACTOR,0,0,0,0,8,56,130,94,28,139,46,2,503
2017,Bihar,KHAGARIA - BR34( 01-FEB-2018 ),2,BUS,0,0,2,0,1,0,0,0,1,0,0,0,4
2017,Bihar,KHAGARIA - BR34( 01-FEB-2018 ),3,E-RICKSHAW(P),0,0,0,0,0,0,0,0,0,0,0,1,1
2017,Bihar,KHAGARIA - BR34( 01-FEB-2018 ),4,GOODS CARRIER,0,5,13,4,1,3,7,4,8,8,6,6,65
2017,Bihar,KHAGARIA - BR34( 01-FEB-2018 ),5,M-CYCLE/SCOOTER,418,21,188,457,"1,995","2,177",936,566,644,"1,167",805,516,"9,890"
2017,Bihar,KHAGARIA - BR34( 01-FEB-2018 ),6,MOPED,0,0,0,0,0,1,0,0,0,0,0,0,1
2017,Bihar,KHAGARIA - BR34( 01-FEB-2018 ),7,MOTOR CAB,3,2,6,0,0,0,0,1,3,2,6,0,23
2017,Bihar,KHAGARIA - BR34( 01-FEB-2018 ),8,MOTOR CAR,6,8,3,7,6,7,9,11,5,5,15,12,94
2017,Bihar,KHAGARIA - BR34( 01-FEB-2018 ),9,THREE WHEELER (GOODS),2,3,16,3,1,8,6,7,11,6,12,3,78
2017,Bihar,KHAGARIA - BR34( 01-FEB-2018 ),10,THREE WHEELER (PASSENGER),17,37,57,17,10,18,15,22,33,36,41,16,319
2017,Bihar,KHAGARIA - BR34( 01-FEB-2018 ),11,TRACTOR (COMMERCIAL),64,56,59,61,29,5,9,9,1,10,70,68,441
2017,Bihar,KHAGARIA - BR34( 01-FEB-2018 ),12,TRAILER (AGRICULTURAL),0,0,0,0,6,43,100,82,27,130,44,2,434
2017,Bihar,KHAGARIA - BR34( 01-FEB-2018 ),13,TRAILER (COMMERCIAL),56,43,60,58,30,5,9,7,2,9,65,45,389
2017,Bihar,KISHANGANJ - BR37( 07-FEB-2018 ),1,AGRICULTURAL TRACTOR,0,0,0,0,8,50,150,51,44,25,102,16,446
2017,Bihar,KISHANGANJ - BR37( 07-FEB-2018 ),2,BUS,2,0,3,2,0,2,2,0,0,0,0,1,12
2017,Bihar,KISHANGANJ - BR37( 07-FEB-2018 ),3,CONSTRUCTION EQUIPMENT VEHICLE,0,0,0,0,0,0,0,0,0,0,0,2,2
2017,Bihar,KISHANGANJ - BR37( 07-FEB-2018 ),4,E-RICKSHAW WITH CART (G),0,0,0,0,0,0,0,0,0,0,8,6,14
2017,Bihar,KISHANGANJ - BR37( 07-FEB-2018 ),5,GOODS CARRIER,1,2,5,3,1,4,4,1,7,8,8,8,52
2017,Bihar,KISHANGANJ - BR37( 07-FEB-2018 ),6,MAXI CAB,1,0,0,0,0,1,0,0,0,0,0,0,2
2017,Bihar,KISHANGANJ - BR37( 07-FEB-2018 ),7,M-CYCLE/SCOOTER,804,"1,107","1,853","1,511",359,"4,122","3,212","1,445",531,"1,522","1,633","1,223","19,322"
2017,Bihar,KISHANGANJ - BR37( 07-FEB-2018 ),8,MOPED,2,0,0,0,0,2,1,8,4,3,5,3,28
2017,Bihar,KISHANGANJ - BR37( 07-FEB-2018 ),9,MOTOR CAB,0,3,1,0,0,0,2,1,4,1,3,6,21
2017,Bihar,KISHANGANJ - BR37( 07-FEB-2018 ),10,MOTOR CAR,16,32,42,68,50,41,69,21,25,11,51,48,474
2017,Bihar,KISHANGANJ - BR37( 07-FEB-2018 ),11,THREE WHEELER (GOODS),5,7,11,4,8,8,3,2,4,4,11,8,75
2017,Bihar,KISHANGANJ - BR37( 07-FEB-2018 ),12,THREE WHEELER (PASSENGER),39,32,76,25,27,39,63,34,41,57,70,44,547
2017,Bihar,KISHANGANJ - BR37( 07-FEB-2018 ),13,TRACTOR (COMMERCIAL),46,40,38,18,1,0,1,1,1,0,1,80,227
2017,Bihar,KISHANGANJ - BR37( 07-FEB-2018 ),14,TRAILER (COMMERCIAL),2,1,7,6,3,4,11,1,3,0,4,4,46
2017,Bihar,LAKHISARAI - BR53( 27-JAN-2017 ),1,AGRICULTURAL TRACTOR,0,0,0,0,0,0,0,3,13,19,9,2,46
2017,Bihar,LAKHISARAI - BR53( 27-JAN-2017 ),2,BUS,0,1,1,0,2,0,0,0,0,0,1,0,5
2017,Bihar,LAKHISARAI - BR53( 27-JAN-2017 ),3,GOODS CARRIER,8,10,40,28,9,22,17,9,21,23,46,17,250
2017,Bihar,LAKHISARAI - BR53( 27-JAN-2017 ),4,MAXI CAB,0,0,0,1,0,0,0,1,0,0,1,0,3
2017,Bihar,LAKHISARAI - BR53( 27-JAN-2017 ),5,M-CYCLE/SCOOTER,115,14,75,54,151,580,819,602,255,142,317,602,"3,726"
2017,Bihar,LAKHISARAI - BR53( 27-JAN-2017 ),6,MOPED,0,0,0,0,2,2,8,0,0,0,0,0,12
2017,Bihar,LAKHISARAI - BR53( 27-JAN-2017 ),7,MOTOR CAB,2,2,11,15,2,1,1,6,1,6,3,7,57
2017,Bihar,LAKHISARAI - BR53( 27-JAN-2017 ),8,MOTOR CAR,4,2,7,8,12,13,18,11,8,17,32,12,144
2017,Bihar,LAKHISARAI - BR53( 27-JAN-2017 ),9,PRIVATE SERVICE VEHICLE (INDIVIDUAL USE),0,0,1,0,0,0,0,0,0,0,0,0,1
2017,Bihar,LAKHISARAI - BR53( 27-JAN-2017 ),10,THREE WHEELER (GOODS),1,0,0,2,0,0,1,1,0,0,3,5,13
2017,Bihar,LAKHISARAI - BR53( 27-JAN-2017 ),11,THREE WHEELER (PASSENGER),3,0,11,12,2,6,5,9,5,6,9,27,95
2017,Bihar,LAKHISARAI - BR53( 27-JAN-2017 ),12,TRACTOR (COMMERCIAL),7,2,25,7,16,7,57,25,3,10,25,42,226
2017,Bihar,LAKHISARAI - BR53( 27-JAN-2017 ),13,TRAILER (AGRICULTURAL),0,0,0,0,0,0,0,0,0,0,6,5,11
2017,Bihar,LAKHISARAI - BR53( 27-JAN-2017 ),14,TRAILER (COMMERCIAL),6,0,1,9,2,1,17,7,3,2,31,12,91
2017,Bihar,MADHEPURA - BR43( 02-JUN-2017 ),1,AGRICULTURAL TRACTOR,0,0,0,0,0,0,0,117,66,63,57,13,316
2017,Bihar,MADHEPURA - BR43( 02-JUN-2017 ),2,BUS,0,0,0,1,3,0,0,1,0,1,0,0,6
2017,Bihar,MADHEPURA - BR43( 02-JUN-2017 ),3,FIRE FIGHTING VEHICLE,0,0,0,0,0,0,0,0,0,1,0,0,1
2017,Bihar,MADHEPURA - BR43( 02-JUN-2017 ),4,GOODS CARRIER,5,3,2,2,2,1,1,1,3,4,3,8,35
2017,Bihar,MADHEPURA - BR43( 02-JUN-2017 ),5,MAXI CAB,0,0,0,0,0,0,0,2,0,1,0,0,3
2017,Bihar,MADHEPURA - BR43( 02-JUN-2017 ),6,M-CYCLE/SCOOTER,767,728,439,402,"2,389",125,244,637,"2,987","2,995","2,132","2,985","16,830"
2017,Bihar,MADHEPURA - BR43( 02-JUN-2017 ),7,M-CYCLE/SCOOTER-WITH SIDE CAR,0,0,0,1,0,0,2,0,2,0,0,6,11
2017,Bihar,MADHEPURA - BR43( 02-JUN-2017 ),8,MOPED,1,0,0,1,2,0,0,0,0,0,0,3,7
2017,Bihar,MADHEPURA - BR43( 02-JUN-2017 ),9,MOTOR CAB,0,0,1,1,2,1,1,0,2,0,0,1,9
2017,Bihar,MADHEPURA - BR43( 02-JUN-2017 ),10,MOTOR CAR,16,25,27,26,24,9,24,27,25,22,38,34,297
2017,Bihar,MADHEPURA - BR43( 02-JUN-2017 ),11,THREE WHEELER (GOODS),15,11,11,29,10,5,7,30,21,16,31,16,202
2017,Bihar,MADHEPURA - BR43( 02-JUN-2017 ),12,THREE WHEELER (PASSENGER),47,60,42,59,52,1,23,100,79,90,123,79,755
2017,Bihar,MADHEPURA - BR43( 02-JUN-2017 ),13,TRACTOR (COMMERCIAL),45,65,50,73,6,0,8,17,28,121,135,208,756
2017,Bihar,MADHEPURA - BR43( 02-JUN-2017 ),14,TRAILER (AGRICULTURAL),0,0,0,0,0,0,0,0,0,8,7,9,24
2017,Bihar,MADHEPURA - BR43( 02-JUN-2017 ),15,TRAILER (COMMERCIAL),29,30,34,38,7,0,0,2,1,20,42,48,251
2017,Bihar,MADHUBANI - BR32( 01-FEB-2018 ),1,AMBULANCE,0,0,1,0,0,0,0,0,0,0,0,0,1
2017,Bihar,MADHUBANI - BR32( 01-FEB-2018 ),2,BUS,0,0,1,8,1,1,0,1,3,0,5,2,22
2017,Bihar,MADHUBANI - BR32( 01-FEB-2018 ),3,CONSTRUCTION EQUIPMENT VEHICLE,0,0,0,0,0,0,0,0,0,0,1,0,1
2017,Bihar,MADHUBANI - BR32( 01-FEB-2018 ),4,E-RICKSHAW(P),0,0,0,0,0,0,0,0,0,0,2,48,50
2017,Bihar,MADHUBANI - BR32( 01-FEB-2018 ),5,GOODS CARRIER,12,8,14,7,9,12,13,14,15,29,20,20,173
2017,Bihar,MADHUBANI - BR32( 01-FEB-2018 ),6,MAXI CAB,3,0,0,0,0,0,0,0,0,0,0,0,3
2017,Bihar,MADHUBANI - BR32( 01-FEB-2018 ),7,M-CYCLE/SCOOTER,"1,073","1,838","2,796","3,252","5,610","2,383","1,896","1,152","1,705","2,364","2,617","2,417","29,103"
2017,Bihar,MADHUBANI - BR32( 01-FEB-2018 ),8,MOPED,0,1,1,4,5,0,0,0,0,0,1,0,12
2017,Bihar,MADHUBANI - BR32( 01-FEB-2018 ),9,MOTOR CAB,8,17,13,8,12,12,6,10,15,17,10,10,138
2017,Bihar,MADHUBANI - BR32( 01-FEB-2018 ),10,MOTOR CAR,40,34,36,50,30,36,39,46,31,24,68,69,503
2017,Bihar,MADHUBANI - BR32( 01-FEB-2018 ),11,THREE WHEELER (GOODS),4,3,9,12,5,3,1,8,8,5,7,4,69
2017,Bihar,MADHUBANI - BR32( 01-FEB-2018 ),12,THREE WHEELER (PASSENGER),40,57,68,42,56,48,60,93,83,105,89,53,794
2017,Bihar,MADHUBANI - BR32( 01-FEB-2018 ),13,TRACTOR (COMMERCIAL),94,78,104,47,83,143,170,53,53,134,220,261,"1,440"
2017,Bihar,MADHUBANI - BR32( 01-FEB-2018 ),14,TRAILER (AGRICULTURAL),0,0,0,0,0,0,0,0,0,1,0,0,1
2017,Bihar,MADHUBANI - BR32( 01-FEB-2018 ),15,TRAILER (COMMERCIAL),50,45,34,17,20,52,55,8,13,21,56,44,415
2017,Bihar,MOTIHARI - BR5( 05-JUL-2017 ),1,AMBULANCE,0,0,0,0,0,0,0,1,0,0,0,0,1
2017,Bihar,MOTIHARI - BR5( 05-JUL-2017 ),2,BUS,0,1,3,9,0,0,0,3,1,1,1,2,21
2017,Bihar,MOTIHARI - BR5( 05-JUL-2017 ),3,E-RICKSHAW(P),2,2,4,11,5,0,2,18,4,7,8,4,67
2017,Bihar,MOTIHARI - BR5( 05-JUL-2017 ),4,GOODS CARRIER,31,46,58,66,29,2,10,107,30,57,80,44,560
2017,Bihar,MOTIHARI - BR5( 05-JUL-2017 ),5,MAXI CAB,0,0,0,2,0,0,0,2,6,10,8,2,30
2017,Bihar,MOTIHARI - BR5( 05-JUL-2017 ),6,M-CYCLE/SCOOTER,"1,330",654,"1,169","1,155","2,879","7,856",140,"2,476","2,072",615,"3,952","1,948","26,246"
2017,Bihar,MOTIHARI - BR5( 05-JUL-2017 ),7,M-CYCLE/SCOOTER-WITH SIDE CAR,0,0,0,0,0,1,0,0,0,1,0,0,2
2017,Bihar,MOTIHARI - BR5( 05-JUL-2017 ),8,MOPED,0,0,1,11,3,3,0,0,2,0,2,7,29
2017,Bihar,MOTIHARI - BR5( 05-JUL-2017 ),9,MOTOR CAB,16,26,18,48,12,2,4,21,12,6,14,9,188
2017,Bihar,MOTIHARI - BR5( 05-JUL-2017 ),10,MOTOR CAR,73,108,153,108,139,44,24,93,95,62,219,173,"1,291"
2017,Bihar,MOTIHARI - BR5( 05-JUL-2017 ),11,MOTORISED CYCLE (CC > 25CC),0,0,0,0,0,0,1,0,0,0,0,0,1
2017,Bihar,MOTIHARI - BR5( 05-JUL-2017 ),12,PRIVATE SERVICE VEHICLE (INDIVIDUAL USE),0,0,0,0,0,0,44,89,2,1,0,1,137
2017,Bihar,MOTIHARI - BR5( 05-JUL-2017 ),13,THREE WHEELER (GOODS),2,2,9,16,5,0,1,18,3,7,7,6,76
2017,Bihar,MOTIHARI - BR5( 05-JUL-2017 ),14,THREE WHEELER (PASSENGER),39,55,87,105,45,0,5,108,74,130,122,84,854
2017,Bihar,MOTIHARI - BR5( 05-JUL-2017 ),15,TRACTOR (COMMERCIAL),124,80,195,90,0,0,0,7,59,78,214,318,"1,165"
2017,Bihar,MOTIHARI - BR5( 05-JUL-2017 ),16,TRAILER (COMMERCIAL),5,3,15,4,1,1,0,0,0,0,0,0,29
2017,Bihar,MUNGER - BR8( 06-FEB-2018 ),1,ARTICULATED VEHICLE,0,0,0,0,0,0,0,0,0,0,0,1,1
2017,Bihar,MUNGER - BR8( 06-FEB-2018 ),2,E-RICKSHAW(P),0,0,0,0,0,0,0,0,0,1,17,9,27
2017,Bihar,MUNGER - BR8( 06-FEB-2018 ),3,FIRE FIGHTING VEHICLE,0,0,0,0,0,0,1,0,0,0,0,0,1
2017,Bihar,MUNGER - BR8( 06-FEB-2018 ),4,GOODS CARRIER,2,8,12,12,5,9,9,10,11,9,15,18,120
2017,Bihar,MUNGER - BR8( 06-FEB-2018 ),5,MAXI CAB,0,0,0,1,0,0,0,0,0,0,0,0,1
2017,Bihar,MUNGER - BR8( 06-FEB-2018 ),6,M-CYCLE/SCOOTER,349,86,259,323,714,"1,179","1,160",497,749,480,250,559,"6,605"
2017,Bihar,MUNGER - BR8( 06-FEB-2018 ),7,MOPED,0,0,0,0,0,16,12,0,0,1,5,1,35
2017,Bihar,MUNGER - BR8( 06-FEB-2018 ),8,MOTOR CAB,0,0,1,7,2,2,3,5,5,9,2,4,40
2017,Bihar,MUNGER - BR8( 06-FEB-2018 ),9,MOTOR CAR,10,3,10,8,6,10,19,18,20,4,18,6,132
2017,Bihar,MUNGER - BR8( 06-FEB-2018 ),10,MOTORISED CYCLE (CC > 25CC),0,0,0,0,0,0,0,0,0,0,0,1,1
2017,Bihar,MUNGER - BR8( 06-FEB-2018 ),11,THREE WHEELER (GOODS),0,0,2,8,2,4,0,5,1,1,9,6,38
2017,Bihar,MUNGER - BR8( 06-FEB-2018 ),12,THREE WHEELER (PASSENGER),10,21,23,32,5,16,22,28,25,19,35,18,254
2017,Bihar,MUNGER - BR8( 06-FEB-2018 ),13,TRACTOR (COMMERCIAL),6,12,12,4,11,7,36,30,11,14,34,26,203
2017,Bihar,MUNGER - BR8( 06-FEB-2018 ),14,TRAILER (AGRICULTURAL),0,0,1,0,0,0,0,0,0,0,0,0,1
2017,Bihar,MUNGER - BR8( 06-FEB-2018 ),15,TRAILER (COMMERCIAL),7,12,12,3,13,5,36,30,9,13,35,28,203
2017,Bihar,MUZAFFARPUR - BR6( 01-FEB-2018 ),1,AGRICULTURAL TRACTOR,1,0,1,0,0,0,0,0,0,0,1,0,3
2017,Bihar,MUZAFFARPUR - BR6( 01-FEB-2018 ),2,BUS,19,20,46,41,23,19,11,13,18,15,13,16,254
2017,Bihar,MUZAFFARPUR - BR6( 01-FEB-2018 ),3,CASH VAN,0,5,0,1,0,0,0,0,0,0,0,0,6
2017,Bihar,MUZAFFARPUR - BR6( 01-FEB-2018 ),4,CONSTRUCTION EQUIPMENT VEHICLE,0,0,0,0,0,0,0,0,0,0,0,1,1
2017,Bihar,MUZAFFARPUR - BR6( 01-FEB-2018 ),5,GOODS CARRIER,107,198,273,276,98,137,163,166,213,252,313,250,"2,446"
2017,Bihar,MUZAFFARPUR - BR6( 01-FEB-2018 ),6,MAXI CAB,1,0,1,0,0,0,0,0,0,0,0,0,2
2017,Bihar,MUZAFFARPUR - BR6( 01-FEB-2018 ),7,M-CYCLE/SCOOTER,"3,439","3,387","3,087",756,"7,428","7,785","2,995","9,129","5,269","3,849","8,880","5,153","61,157"
2017,Bihar,MUZAFFARPUR - BR6( 01-FEB-2018 ),8,M-CYCLE/SCOOTER-WITH SIDE CAR,0,5,0,0,0,0,0,0,0,0,1,0,6
2017,Bihar,MUZAFFARPUR - BR6( 01-FEB-2018 ),9,MOPED,5,17,27,48,13,14,0,8,1,2,8,6,149
2017,Bihar,MUZAFFARPUR - BR6( 01-FEB-2018 ),10,MOTOR CAB,20,36,54,42,21,15,32,29,34,33,38,26,380
2017,Bihar,MUZAFFARPUR - BR6( 01-FEB-2018 ),11,MOTOR CAR,355,545,559,284,769,471,288,706,375,540,961,573,"6,426"
2017,Bihar,MUZAFFARPUR - BR6( 01-FEB-2018 ),12,MOTORISED CYCLE (CC > 25CC),0,0,0,1,0,0,0,0,0,0,0,0,1
2017,Bihar,MUZAFFARPUR - BR6( 01-FEB-2018 ),13,OMNI BUS (PRIVATE USE),0,0,0,0,0,0,0,0,0,0,1,0,1
2017,Bihar,MUZAFFARPUR - BR6( 01-FEB-2018 ),14,PRIVATE SERVICE VEHICLE (INDIVIDUAL USE),0,0,0,0,0,0,0,1,0,0,0,0,1
2017,Bihar,MUZAFFARPUR - BR6( 01-FEB-2018 ),15,THREE WHEELER (GOODS),42,65,97,75,59,81,67,53,75,84,76,66,840
2017,Bihar,MUZAFFARPUR - BR6( 01-FEB-2018 ),16,THREE WHEELER (PASSENGER),117,153,160,109,78,123,124,180,262,245,232,159,"1,942"
2017,Bihar,MUZAFFARPUR - BR6( 01-FEB-2018 ),17,TRACTOR (COMMERCIAL),69,88,160,85,59,108,138,82,63,149,205,160,"1,366"
2017,Bihar,MUZAFFARPUR - BR6( 01-FEB-2018 ),18,TRAILER (AGRICULTURAL),1,0,1,0,0,0,0,0,0,0,0,0,2
2017,Bihar,MUZAFFARPUR - BR6( 01-FEB-2018 ),19,TRAILER (COMMERCIAL),8,15,21,3,5,12,10,11,5,1,14,13,118
2017,Bihar,NALANDA - BR21( 01-FEB-2018 ),1,BUS,2,4,14,13,7,12,0,3,4,3,0,6,68
2017,Bihar,NALANDA - BR21( 01-FEB-2018 ),2,E-RICKSHAW(P),5,4,0,13,7,21,42,34,49,49,46,41,311
2017,Bihar,NALANDA - BR21( 01-FEB-2018 ),3,E-RICKSHAW WITH CART (G),0,0,0,0,0,0,0,0,0,0,0,1,1
2017,Bihar,NALANDA - BR21( 01-FEB-2018 ),4,GOODS CARRIER,37,62,134,45,24,42,34,32,41,67,64,40,622
2017,Bihar,NALANDA - BR21( 01-FEB-2018 ),5,MAXI CAB,0,0,0,0,0,1,0,0,0,0,0,0,1
2017,Bihar,NALANDA - BR21( 01-FEB-2018 ),6,M-CYCLE/SCOOTER,"1,015",614,"2,640","2,644","2,640","1,732","1,185",989,"1,315","2,673","1,813","1,374","20,634"
2017,Bihar,NALANDA - BR21( 01-FEB-2018 ),7,M-CYCLE/SCOOTER-WITH SIDE CAR,5,0,0,0,0,0,0,0,0,0,0,0,5
2017,Bihar,NALANDA - BR21( 01-FEB-2018 ),8,MOPED,8,12,22,52,10,15,14,7,16,1,66,49,272
2017,Bihar,NALANDA - BR21( 01-FEB-2018 ),9,MOTOR CAB,18,13,29,16,6,7,9,14,16,7,13,12,160
2017,Bihar,NALANDA - BR21( 01-FEB-2018 ),10,MOTOR CAR,87,41,46,56,41,60,56,54,46,22,89,98,696
2017,Bihar,NALANDA - BR21( 01-FEB-2018 ),11,OMNI BUS,1,0,0,0,0,0,0,0,0,0,0,0,1
2017,Bihar,NALANDA - BR21( 01-FEB-2018 ),12,THREE WHEELER (GOODS),3,11,8,12,12,12,4,8,5,5,8,6,94
2017,Bihar,NALANDA - BR21( 01-FEB-2018 ),13,THREE WHEELER (PASSENGER),28,61,61,52,19,33,43,52,40,67,57,43,556
2017,Bihar,NALANDA - BR21( 01-FEB-2018 ),14,TRACTOR (COMMERCIAL),79,67,113,67,2,84,155,88,61,101,168,326,"1,311"
2017,Bihar,NALANDA - BR21( 01-FEB-2018 ),15,TRAILER (COMMERCIAL),54,23,61,80,73,58,90,59,54,39,151,146,888
2017,Bihar,NAWADA - BR27( 30-JAN-2018 ),1,AGRICULTURAL TRACTOR,0,0,0,0,0,0,0,0,0,0,1,0,1
2017,Bihar,NAWADA - BR27( 30-JAN-2018 ),2,BUS,1,2,1,5,7,2,3,3,2,3,4,1,34
2017,Bihar,NAWADA - BR27( 30-JAN-2018 ),3,E-RICKSHAW(P),4,2,12,10,9,33,422,93,46,49,31,48,759
2017,Bihar,NAWADA - BR27( 30-JAN-2018 ),4,FIRE FIGHTING VEHICLE,0,1,0,0,0,0,0,0,0,0,0,0,1
2017,Bihar,NAWADA - BR27( 30-JAN-2018 ),5,GOODS CARRIER,24,19,28,44,9,22,31,58,11,34,52,19,351
2017,Bihar,NAWADA - BR27( 30-JAN-2018 ),6,MAXI CAB,0,0,0,1,0,0,0,0,0,0,0,0,1
2017,Bihar,NAWADA - BR27( 30-JAN-2018 ),7,M-CYCLE/SCOOTER,326,773,500,"1,110","2,082","1,113","1,834",749,654,"1,093",732,602,"11,568"
2017,Bihar,NAWADA - BR27( 30-JAN-2018 ),8,MOPED,0,1,3,19,35,28,8,33,1,9,58,42,237
2017,Bihar,NAWADA - BR27( 30-JAN-2018 ),9,MOTOR CAB,11,15,8,11,1,3,8,4,4,7,4,8,84
2017,Bihar,NAWADA - BR27( 30-JAN-2018 ),10,MOTOR CAR,33,26,33,25,42,24,27,21,24,39,33,22,349
2017,Bihar,NAWADA - BR27( 30-JAN-2018 ),11,THREE WHEELER (GOODS),3,0,18,2,2,0,3,2,2,2,1,6,41
2017,Bihar,NAWADA - BR27( 30-JAN-2018 ),12,THREE WHEELER (PASSENGER),36,24,36,40,15,9,18,26,22,20,37,24,307
2017,Bihar,NAWADA - BR27( 30-JAN-2018 ),13,TRACTOR (COMMERCIAL),35,65,107,54,6,149,257,81,83,128,173,137,"1,275"
2017,Bihar,NAWADA - BR27( 30-JAN-2018 ),14,TRAILER (COMMERCIAL),31,54,97,36,6,123,214,75,69,121,158,132,"1,116"
2017,Bihar,PATNA - BR1( 02-FEB-2018 ),1,ADAPTED VEHICLE,0,1,0,0,0,0,0,0,0,0,0,0,1
2017,Bihar,PATNA - BR1( 02-FEB-2018 ),2,AGRICULTURAL TRACTOR,0,0,0,1,0,0,0,0,0,0,0,0,1
2017,Bihar,PATNA - BR1( 02-FEB-2018 ),3,AMBULANCE,0,0,0,2,0,0,1,0,0,1,0,0,4
2017,Bihar,PATNA - BR1( 02-FEB-2018 ),4,ARTICULATED VEHICLE,0,2,0,0,0,0,0,0,0,0,0,1,3
2017,Bihar,PATNA - BR1( 02-FEB-2018 ),5,BUS,60,11,124,82,36,30,57,18,12,11,17,15,473
2017,Bihar,PATNA - BR1( 02-FEB-2018 ),6,CONSTRUCTION EQUIPMENT VEHICLE,0,0,1,0,0,0,1,0,1,0,1,0,4
2017,Bihar,PATNA - BR1( 02-FEB-2018 ),7,DUMPER,0,0,0,0,0,0,0,0,0,0,1,0,1
2017,Bihar,PATNA - BR1( 02-FEB-2018 ),8,E-RICKSHAW(P),61,41,102,76,110,148,123,113,52,6,66,87,985
2017,Bihar,PATNA - BR1( 02-FEB-2018 ),9,E-RICKSHAW WITH CART (G),0,0,2,0,0,0,0,0,0,0,0,0,2
2017,Bihar,PATNA - BR1( 02-FEB-2018 ),10,GOODS CARRIER,326,404,956,602,347,322,320,301,259,326,402,370,"4,935"
2017,Bihar,PATNA - BR1( 02-FEB-2018 ),11,M-CYCLE/SCOOTER,"3,981","2,431",770,345,"1,393","1,434","6,318","6,910","6,692","5,244","10,553","10,346","56,417"
2017,Bihar,PATNA - BR1( 02-FEB-2018 ),12,M-CYCLE/SCOOTER-WITH SIDE CAR,0,0,0,0,0,0,3,2,1,0,7,13,26
2017,Bihar,PATNA - BR1( 02-FEB-2018 ),13,MOBILE CANTEEN,0,0,0,0,0,0,0,0,0,0,0,1,1
2017,Bihar,PATNA - BR1( 02-FEB-2018 ),14,MOPED,41,13,26,0,11,45,23,45,95,184,48,79,610
2017,Bihar,PATNA - BR1( 02-FEB-2018 ),15,MOTOR CAB,85,104,95,180,133,82,130,136,116,204,122,83,"1,470"
2017,Bihar,PATNA - BR1( 02-FEB-2018 ),16,MOTOR CAR,"1,094","1,033",491,710,"1,474",775,"1,523","2,012",960,"1,270","1,493","2,143","14,978"
2017,Bihar,PATNA - BR1( 02-FEB-2018 ),17,MOTOR CYCLE/SCOOTER-SIDECAR(T),0,0,0,0,0,0,1,1,0,1,0,0,3
2017,Bihar,PATNA - BR1( 02-FEB-2018 ),18,MOTOR CYCLE/SCOOTER-USED FOR HIRE,1,0,0,0,0,0,1,0,0,1,1,1,5
2017,Bihar,PATNA - BR1( 02-FEB-2018 ),19,MOTORISED CYCLE (CC > 25CC),0,0,0,1,0,1,0,0,0,1,0,0,3
2017,Bihar,PATNA - BR1( 02-FEB-2018 ),20,OMNI BUS,0,0,1,0,0,0,0,0,0,0,0,0,1
2017,Bihar,PATNA - BR1( 02-FEB-2018 ),21,THREE WHEELER (GOODS),12,77,83,93,81,68,52,51,69,81,120,74,861
2017,Bihar,PATNA - BR1( 02-FEB-2018 ),22,THREE WHEELER (PASSENGER),156,200,215,274,129,99,205,224,220,240,300,148,"2,410"
2017,Bihar,PATNA - BR1( 02-FEB-2018 ),23,TRACTOR (COMMERCIAL),231,167,161,139,29,195,247,121,84,125,192,176,"1,867"
2017,Bihar,PATNA - BR1( 02-FEB-2018 ),24,TRAILER (AGRICULTURAL),0,1,0,0,0,1,0,0,2,0,0,0,4
2017,Bihar,PATNA - BR1( 02-FEB-2018 ),25,TRAILER (COMMERCIAL),116,105,100,75,26,85,113,85,58,66,105,104,"1,038"
2017,Bihar,PURNEA - BR11( 23-JAN-2018 ),1,AGRICULTURAL TRACTOR,0,0,0,0,0,17,356,168,240,215,420,65,"1,481"
2017,Bihar,PURNEA - BR11( 23-JAN-2018 ),2,AMBULANCE,0,1,0,0,0,0,1,0,0,0,0,0,2
2017,Bihar,PURNEA - BR11( 23-JAN-2018 ),3,ARTICULATED VEHICLE,0,0,4,8,0,3,0,0,0,0,3,0,18
2017,Bihar,PURNEA - BR11( 23-JAN-2018 ),4,BUS,3,11,7,17,12,8,5,2,3,2,6,4,80
2017,Bihar,PURNEA - BR11( 23-JAN-2018 ),5,E-RICKSHAW(P),0,0,0,0,0,0,0,0,0,3,0,0,3
2017,Bihar,PURNEA - BR11( 23-JAN-2018 ),6,GOODS CARRIER,66,94,241,241,114,111,152,100,98,182,174,165,"1,738"
2017,Bihar,PURNEA - BR11( 23-JAN-2018 ),7,MAXI CAB,0,0,0,0,0,0,1,1,0,0,0,0,2
2017,Bihar,PURNEA - BR11( 23-JAN-2018 ),8,M-CYCLE/SCOOTER,"1,484",414,"3,301","1,020","1,419","3,597","2,555","2,235","2,802","2,064","2,795","2,690","26,376"
2017,Bihar,PURNEA - BR11( 23-JAN-2018 ),9,MOPED,0,0,1,1,0,0,0,0,0,0,0,0,2
2017,Bihar,PURNEA - BR11( 23-JAN-2018 ),10,MOTOR CAB,7,14,43,64,13,47,19,18,18,23,27,17,310
2017,Bihar,PURNEA - BR11( 23-JAN-2018 ),11,MOTOR CAR,234,166,434,169,170,235,447,178,291,223,502,243,"3,292"
2017,Bihar,PURNEA - BR11( 23-JAN-2018 ),12,THREE WHEELER (GOODS),32,45,136,91,59,40,77,57,56,68,94,81,836
2017,Bihar,PURNEA - BR11( 23-JAN-2018 ),13,THREE WHEELER (PASSENGER),119,174,364,212,132,210,338,311,304,376,473,247,"3,260"
2017,Bihar,PURNEA - BR11( 23-JAN-2018 ),14,TRACTOR (COMMERCIAL),182,94,242,80,19,338,79,22,39,29,56,276,"1,456"
2017,Bihar,PURNEA - BR11( 23-JAN-2018 ),15,TRAILER (AGRICULTURAL),0,0,0,0,0,0,26,34,46,21,14,1,142
2017,Bihar,PURNEA - BR11( 23-JAN-2018 ),16,TRAILER (COMMERCIAL),44,27,71,27,42,54,16,24,28,9,17,42,401
2017,Bihar,ROHTAS - BR24( 09-FEB-2018 ),1,AGRICULTURAL TRACTOR,0,0,0,0,0,2,27,87,52,33,90,128,419
2017,Bihar,ROHTAS - BR24( 09-FEB-2018 ),2,ARTICULATED VEHICLE,1,0,0,0,0,0,0,0,0,1,0,0,2
2017,Bihar,ROHTAS - BR24( 09-FEB-2018 ),3,BUS,2,1,14,17,4,2,3,1,10,5,5,6,70
2017,Bihar,ROHTAS - BR24( 09-FEB-2018 ),4,E-RICKSHAW(P),0,0,0,0,0,0,0,0,1,0,0,0,1
2017,Bihar,ROHTAS - BR24( 09-FEB-2018 ),5,GOODS CARRIER,22,21,37,22,21,32,19,51,67,91,90,101,574
2017,Bihar,ROHTAS - BR24( 09-FEB-2018 ),6,M-CYCLE/SCOOTER,452,804,"1,297",228,663,"1,195",823,"1,834","1,532","1,963","3,270","2,312","16,373"
2017,Bihar,ROHTAS - BR24( 09-FEB-2018 ),7,MOPED,1,10,1,1,0,0,0,0,0,4,0,3,20
2017,Bihar,ROHTAS - BR24( 09-FEB-2018 ),8,MOTOR CAB,7,9,4,10,2,2,3,15,10,11,5,12,90
2017,Bihar,ROHTAS - BR24( 09-FEB-2018 ),9,MOTOR CAR,69,74,68,51,52,64,33,101,69,107,77,94,859
2017,Bihar,ROHTAS - BR24( 09-FEB-2018 ),10,THREE WHEELER (GOODS),15,10,20,12,13,14,22,14,15,15,23,15,188
2017,Bihar,ROHTAS - BR24( 09-FEB-2018 ),11,THREE WHEELER (PASSENGER),88,54,68,53,31,40,71,36,108,77,131,78,835
2017,Bihar,ROHTAS - BR24( 09-FEB-2018 ),12,TRACTOR (COMMERCIAL),119,110,126,142,7,0,25,21,47,36,60,125,818
2017,Bihar,ROHTAS - BR24( 09-FEB-2018 ),13,TRAILER (AGRICULTURAL),0,0,0,0,0,2,17,52,57,45,94,89,356
2017,Bihar,ROHTAS - BR24( 09-FEB-2018 ),14,TRAILER (COMMERCIAL),111,86,116,159,4,1,11,7,47,23,57,68,690
2017,Bihar,SAHARSA - BR19( 29-JAN-2018 ),1,AGRICULTURAL TRACTOR,0,0,0,0,0,7,105,82,54,74,4,0,326
2017,Bihar,SAHARSA - BR19( 29-JAN-2018 ),2,BUS,0,0,1,3,1,3,2,0,1,0,0,1,12
2017,Bihar,SAHARSA - BR19( 29-JAN-2018 ),3,E-RICKSHAW(P),7,5,27,18,16,0,5,15,12,28,46,37,216
2017,Bihar,SAHARSA - BR19( 29-JAN-2018 ),4,GOODS CARRIER,2,4,8,10,14,2,12,27,9,11,14,20,133
2017,Bihar,SAHARSA - BR19( 29-JAN-2018 ),5,MAXI CAB,0,0,0,1,0,0,0,0,0,0,0,0,1
2017,Bihar,SAHARSA - BR19( 29-JAN-2018 ),6,M-CYCLE/SCOOTER,518,737,"1,077","1,269","1,279","1,086","1,146",643,876,761,"1,608",935,"11,935"
2017,Bihar,SAHARSA - BR19( 29-JAN-2018 ),7,MOPED,0,0,0,0,1,0,0,0,0,0,5,0,6
2017,Bihar,SAHARSA - BR19( 29-JAN-2018 ),8,MOTOR CAB,1,3,2,4,2,2,5,2,4,8,0,8,41
2017,Bihar,SAHARSA - BR19( 29-JAN-2018 ),9,MOTOR CAR,20,22,25,14,24,21,45,41,29,16,52,30,339
2017,Bihar,SAHARSA - BR19( 29-JAN-2018 ),10,THREE WHEELER (GOODS),17,11,4,14,29,8,14,13,5,6,10,23,154
2017,Bihar,SAHARSA - BR19( 29-JAN-2018 ),11,THREE WHEELER (PASSENGER),33,42,21,69,73,9,21,31,26,24,43,35,427
2017,Bihar,SAHARSA - BR19( 29-JAN-2018 ),12,TRACTOR (COMMERCIAL),72,72,42,37,42,43,32,34,11,23,83,142,633
2017,Bihar,SAHARSA - BR19( 29-JAN-2018 ),13,TRAILER (AGRICULTURAL),0,0,0,0,0,0,4,7,4,0,2,0,17
2017,Bihar,SAHARSA - BR19( 29-JAN-2018 ),14,TRAILER (COMMERCIAL),14,26,21,21,8,6,7,2,3,5,19,25,157
2017,Bihar,SAMASTIPUR - BR33( 06-JUL-2017 ),1,AGRICULTURAL TRACTOR,0,0,0,0,0,2,0,0,0,0,0,1,3
2017,Bihar,SAMASTIPUR - BR33( 06-JUL-2017 ),2,AMBULANCE,1,0,0,0,0,0,0,0,0,0,0,0,1
2017,Bihar,SAMASTIPUR - BR33( 06-JUL-2017 ),3,BUS,2,1,4,3,2,1,0,1,1,1,1,2,19
2017,Bihar,SAMASTIPUR - BR33( 06-JUL-2017 ),4,E-RICKSHAW(P),2,3,2,3,2,8,0,9,18,14,26,34,121
2017,Bihar,SAMASTIPUR - BR33( 06-JUL-2017 ),5,E-RICKSHAW WITH CART (G),0,0,1,2,1,0,0,0,0,0,0,0,4
2017,Bihar,SAMASTIPUR - BR33( 06-JUL-2017 ),6,GOODS CARRIER,12,29,52,30,15,17,4,10,10,6,20,15,220
2017,Bihar,SAMASTIPUR - BR33( 06-JUL-2017 ),7,MAXI CAB,0,0,0,0,0,1,0,0,0,0,0,0,1
2017,Bihar,SAMASTIPUR - BR33( 06-JUL-2017 ),8,M-CYCLE/SCOOTER,"1,644","1,297","2,727","2,504","3,103","3,421","2,191","2,760","1,352","2,381","3,296","3,229","29,905"
2017,Bihar,SAMASTIPUR - BR33( 06-JUL-2017 ),9,M-CYCLE/SCOOTER-WITH SIDE CAR,0,0,1,0,1,0,2,2,0,0,0,1,7
2017,Bihar,SAMASTIPUR - BR33( 06-JUL-2017 ),10,MOPED,3,1,1,0,0,0,0,0,0,0,0,0,5
2017,Bihar,SAMASTIPUR - BR33( 06-JUL-2017 ),11,MOTOR CAB,2,3,7,6,1,4,0,3,4,0,3,7,40
2017,Bihar,SAMASTIPUR - BR33( 06-JUL-2017 ),12,MOTOR CAR,22,30,21,38,7,12,20,19,17,16,29,25,256
2017,Bihar,SAMASTIPUR - BR33( 06-JUL-2017 ),13,THREE WHEELER (GOODS),16,19,19,49,20,22,17,29,18,30,28,19,286
2017,Bihar,SAMASTIPUR - BR33( 06-JUL-2017 ),14,THREE WHEELER (PASSENGER),66,80,35,102,29,52,39,113,84,98,94,44,836
2017,Bihar,SAMASTIPUR - BR33( 06-JUL-2017 ),15,TRACTOR (COMMERCIAL),90,57,53,84,61,40,16,79,57,26,49,214,826
2017,Bihar,SAMASTIPUR - BR33( 06-JUL-2017 ),16,TRAILER (AGRICULTURAL),0,0,1,1,0,1,0,0,0,0,0,0,3
2017,Bihar,SAMASTIPUR - BR33( 06-JUL-2017 ),17,TRAILER (COMMERCIAL),82,54,46,66,55,45,14,65,21,4,11,50,513
2017,Bihar,SHEIKHPURA - BR52( 17-JUL-2017 ),1,AGRICULTURAL TRACTOR,0,0,0,0,0,8,23,9,32,7,26,0,105
2017,Bihar,SHEIKHPURA - BR52( 17-JUL-2017 ),2,ARTICULATED VEHICLE,0,0,3,3,0,0,0,0,0,1,0,0,7
2017,Bihar,SHEIKHPURA - BR52( 17-JUL-2017 ),3,BUS,0,0,2,1,0,0,0,2,0,1,1,0,7
2017,Bihar,SHEIKHPURA - BR52( 17-JUL-2017 ),4,CONSTRUCTION EQUIPMENT VEHICLE,1,0,0,0,0,0,0,0,0,0,0,0,1
2017,Bihar,SHEIKHPURA - BR52( 17-JUL-2017 ),5,E-RICKSHAW(P),0,0,0,0,0,0,0,0,0,1,0,0,1
2017,Bihar,SHEIKHPURA - BR52( 17-JUL-2017 ),6,GOODS CARRIER,11,13,17,15,5,6,4,6,14,9,25,11,136
2017,Bihar,SHEIKHPURA - BR52( 17-JUL-2017 ),7,MAXI CAB,0,0,0,0,0,0,0,2,2,0,0,2,6
2017,Bihar,SHEIKHPURA - BR52( 17-JUL-2017 ),8,M-CYCLE/SCOOTER,117,60,149,197,137,526,469,151,189,200,270,239,"2,704"
2017,Bihar,SHEIKHPURA - BR52( 17-JUL-2017 ),9,M-CYCLE/SCOOTER-WITH SIDE CAR,0,0,0,0,0,0,0,1,0,0,0,0,1
2017,Bihar,SHEIKHPURA - BR52( 17-JUL-2017 ),10,MOPED,6,0,0,12,4,5,8,0,0,0,0,0,35
2017,Bihar,SHEIKHPURA - BR52( 17-JUL-2017 ),11,MOTOR CAB,2,2,4,3,2,2,3,0,0,2,1,0,21
2017,Bihar,SHEIKHPURA - BR52( 17-JUL-2017 ),12,MOTOR CAR,1,7,5,3,4,6,9,8,3,4,9,3,62
2017,Bihar,SHEIKHPURA - BR52( 17-JUL-2017 ),13,THREE WHEELER (GOODS),0,0,1,4,0,0,0,0,1,1,1,0,8
2017,Bihar,SHEIKHPURA - BR52( 17-JUL-2017 ),14,THREE WHEELER (PASSENGER),8,3,5,6,0,1,0,0,5,5,6,1,40
2017,Bihar,SHEIKHPURA - BR52( 17-JUL-2017 ),15,TRACTOR (COMMERCIAL),18,17,21,31,0,3,10,1,1,13,45,43,203
2017,Bihar,SHEIKHPURA - BR52( 17-JUL-2017 ),16,TRAILER (AGRICULTURAL),0,0,0,1,0,7,21,1,0,10,5,10,55
2017,Bihar,SHEIKHPURA - BR52( 17-JUL-2017 ),17,TRAILER (COMMERCIAL),18,17,20,26,0,4,10,0,0,8,16,21,140
2017,Bihar,SHEOHAR - BR55( 07-JUN-2017 ),1,AGRICULTURAL TRACTOR,0,0,1,0,0,5,0,0,0,0,0,0,6
2017,Bihar,SHEOHAR - BR55( 07-JUN-2017 ),2,GOODS CARRIER,2,0,2,1,0,0,1,1,1,1,0,2,11
2017,Bihar,SHEOHAR - BR55( 07-JUN-2017 ),3,MAXI CAB,0,0,0,0,0,0,0,0,0,0,0,2,2
2017,Bihar,SHEOHAR - BR55( 07-JUN-2017 ),4,M-CYCLE/SCOOTER,71,23,194,101,280,143,39,127,63,49,324,398,"1,812"
2017,Bihar,SHEOHAR - BR55( 07-JUN-2017 ),5,MOPED,11,0,1,0,1,0,0,0,0,0,0,0,13
2017,Bihar,SHEOHAR - BR55( 07-JUN-2017 ),6,MOTOR CAB,3,0,1,1,1,0,1,0,1,0,0,1,9
2017,Bihar,SHEOHAR - BR55( 07-JUN-2017 ),7,MOTOR CAR,3,5,4,1,3,0,2,0,1,2,0,3,24
2017,Bihar,SHEOHAR - BR55( 07-JUN-2017 ),8,PRIVATE SERVICE VEHICLE (INDIVIDUAL USE),0,0,0,0,0,0,2,0,1,2,2,4,11
2017,Bihar,SHEOHAR - BR55( 07-JUN-2017 ),9,THREE WHEELER (GOODS),0,2,4,0,2,0,2,0,0,0,0,2,12
2017,Bihar,SHEOHAR - BR55( 07-JUN-2017 ),10,THREE WHEELER (PASSENGER),2,4,0,0,0,0,0,0,0,0,2,5,13
2017,Bihar,SHEOHAR - BR55( 07-JUN-2017 ),11,TRACTOR (COMMERCIAL),2,3,11,10,0,5,0,0,3,0,11,4,49
2017,Bihar,SHEOHAR - BR55( 07-JUN-2017 ),12,TRAILER (COMMERCIAL),0,2,2,0,1,0,0,0,0,0,0,0,5
2017,Bihar,SITAMARHI - BR30( 29-JAN-2018 ),1,AGRICULTURAL TRACTOR,0,0,0,0,2,100,169,30,96,60,1,1,459
2017,Bihar,SITAMARHI - BR30( 29-JAN-2018 ),2,BUS,2,0,2,6,2,1,0,0,0,2,2,1,18
2017,Bihar,SITAMARHI - BR30( 29-JAN-2018 ),3,GOODS CARRIER,10,14,37,11,12,10,20,18,8,16,17,22,195
2017,Bihar,SITAMARHI - BR30( 29-JAN-2018 ),4,M-CYCLE/SCOOTER,"1,312",585,"1,024",677,"3,606","2,914","2,219","2,475",814,941,"2,024","3,360","21,951"
2017,Bihar,SITAMARHI - BR30( 29-JAN-2018 ),5,MOPED,0,0,0,1,8,4,10,5,10,13,4,24,79
2017,Bihar,SITAMARHI - BR30( 29-JAN-2018 ),6,MOTOR CAB,0,1,1,1,3,1,3,2,4,6,3,3,28
2017,Bihar,SITAMARHI - BR30( 29-JAN-2018 ),7,MOTOR CAR,13,23,17,14,24,18,21,14,22,22,29,28,245
2017,Bihar,SITAMARHI - BR30( 29-JAN-2018 ),8,THREE WHEELER (GOODS),2,11,6,14,14,13,4,4,11,2,9,7,97
2017,Bihar,SITAMARHI - BR30( 29-JAN-2018 ),9,THREE WHEELER (PASSENGER),36,55,56,60,53,53,61,70,95,79,107,76,801
2017,Bihar,SITAMARHI - BR30( 29-JAN-2018 ),10,TRACTOR (COMMERCIAL),131,51,91,43,0,5,10,3,4,43,164,161,706
2017,Bihar,SITAMARHI - BR30( 29-JAN-2018 ),11,TRAILER (COMMERCIAL),29,26,37,17,7,8,12,10,3,0,4,14,167
2017,Bihar,SIWAN - BR29( 29-JAN-2018 ),1,AGRICULTURAL TRACTOR,0,0,0,0,21,67,0,66,134,78,200,175,741
2017,Bihar,SIWAN - BR29( 29-JAN-2018 ),2,BUS,3,11,20,9,1,2,3,8,4,2,4,4,71
2017,Bihar,SIWAN - BR29( 29-JAN-2018 ),3,CAMPER VAN / TRAILER (PRIVATE USE),0,0,0,0,0,52,294,5,0,0,0,0,351
2017,Bihar,SIWAN - BR29( 29-JAN-2018 ),4,CONSTRUCTION EQUIPMENT VEHICLE,0,1,0,0,0,0,0,1,0,0,0,0,2
2017,Bihar,SIWAN - BR29( 29-JAN-2018 ),5,E-RICKSHAW(P),0,0,0,0,0,0,0,0,0,0,0,5,5
2017,Bihar,SIWAN - BR29( 29-JAN-2018 ),6,GOODS CARRIER,38,72,70,44,54,42,45,54,46,43,84,75,667
2017,Bihar,SIWAN - BR29( 29-JAN-2018 ),7,MAXI CAB,10,25,10,0,0,0,0,4,0,0,0,0,49
2017,Bihar,SIWAN - BR29( 29-JAN-2018 ),8,M-CYCLE/SCOOTER,"2,106","1,300",207,"1,158","3,537","2,967","1,912","8,272","4,904","2,101","2,952","3,046","34,462"
2017,Bihar,SIWAN - BR29( 29-JAN-2018 ),9,MOPED,1,0,2,9,41,6,1,0,0,0,0,1,61
2017,Bihar,SIWAN - BR29( 29-JAN-2018 ),10,MOTOR CAB,3,1,21,16,15,15,17,20,14,28,36,20,206
2017,Bihar,SIWAN - BR29( 29-JAN-2018 ),11,MOTOR CAR,124,202,149,84,177,76,110,79,119,75,168,127,"1,490"
2017,Bihar,SIWAN - BR29( 29-JAN-2018 ),12,MOTORISED CYCLE (CC > 25CC),0,0,0,0,0,0,0,0,0,0,1,0,1
2017,Bihar,SIWAN - BR29( 29-JAN-2018 ),13,THREE WHEELER (GOODS),1,3,2,27,6,9,11,8,7,5,6,6,91
2017,Bihar,SIWAN - BR29( 29-JAN-2018 ),14,THREE WHEELER (PASSENGER),54,35,85,125,15,22,29,27,32,56,56,93,629
2017,Bihar,SIWAN - BR29( 29-JAN-2018 ),15,TRACTOR (COMMERCIAL),49,67,97,52,13,25,1,1,1,0,0,2,308
2017,Bihar,SIWAN - BR29( 29-JAN-2018 ),16,TRAILER (COMMERCIAL),0,1,0,0,1,0,0,0,0,0,0,0,2
2017,Bihar,SUPAUL - BR50( 29-JAN-2018 ),1,BUS,0,2,2,1,1,0,1,1,0,0,0,0,8
2017,Bihar,SUPAUL - BR50( 29-JAN-2018 ),2,GOODS CARRIER,5,2,17,3,7,9,13,5,12,12,10,22,117
2017,Bihar,SUPAUL - BR50( 29-JAN-2018 ),3,MAXI CAB,0,0,0,1,0,0,0,0,0,0,0,0,1
2017,Bihar,SUPAUL - BR50( 29-JAN-2018 ),4,M-CYCLE/SCOOTER,887,"1,129","1,769","1,355","1,941","1,495","1,685",926,"1,318","1,052","2,047","1,257","16,861"
2017,Bihar,SUPAUL - BR50( 29-JAN-2018 ),5,MOPED,0,0,0,1,0,0,1,0,0,0,0,0,2
2017,Bihar,SUPAUL - BR50( 29-JAN-2018 ),6,MOTOR CAB,5,6,4,2,5,2,2,0,3,6,5,5,45
2017,Bihar,SUPAUL - BR50( 29-JAN-2018 ),7,MOTOR CAR,8,15,23,18,17,27,26,7,26,18,40,43,268
2017,Bihar,SUPAUL - BR50( 29-JAN-2018 ),8,THREE WHEELER (GOODS),4,1,2,2,8,2,5,5,5,5,14,8,61
2017,Bihar,SUPAUL - BR50( 29-JAN-2018 ),9,THREE WHEELER (PASSENGER),10,7,8,8,10,15,27,26,35,34,74,21,275
2017,Bihar,SUPAUL - BR50( 29-JAN-2018 ),10,TRACTOR (COMMERCIAL),132,55,83,79,32,123,139,62,83,113,211,221,"1,333"
2017,Bihar,SUPAUL - BR50( 29-JAN-2018 ),11,TRAILER (COMMERCIAL),76,20,23,33,9,19,34,12,24,27,85,127,489
2017,Bihar,VAISHALI - BR31( 13-FEB-2018 ),1,BUS,2,1,8,30,7,1,3,2,2,1,6,0,63
2017,Bihar,VAISHALI - BR31( 13-FEB-2018 ),2,E-RICKSHAW(P),0,1,1,0,0,2,5,8,1,11,28,42,99
2017,Bihar,VAISHALI - BR31( 13-FEB-2018 ),3,GOODS CARRIER,36,48,80,72,35,27,41,34,22,76,99,57,627
2017,Bihar,VAISHALI - BR31( 13-FEB-2018 ),4,MAXI CAB,0,0,0,0,0,0,0,0,0,1,0,0,1
2017,Bihar,VAISHALI - BR31( 13-FEB-2018 ),5,M-CYCLE/SCOOTER,"1,753",172,542,80,"1,653","3,260","2,916","3,159","8,479",22,244,"2,330","24,610"
2017,Bihar,VAISHALI - BR31( 13-FEB-2018 ),6,MOPED,48,6,14,30,26,7,2,2,7,0,0,3,145
2017,Bihar,VAISHALI - BR31( 13-FEB-2018 ),7,MOTOR CAB,3,12,11,14,11,6,10,7,3,12,25,12,126
2017,Bihar,VAISHALI - BR31( 13-FEB-2018 ),8,MOTOR CAR,123,69,73,31,157,135,167,292,273,44,85,249,"1,698"
2017,Bihar,VAISHALI - BR31( 13-FEB-2018 ),9,THREE WHEELER (GOODS),7,16,13,38,9,10,21,10,6,12,9,18,169
2017,Bihar,VAISHALI - BR31( 13-FEB-2018 ),10,THREE WHEELER (PASSENGER),45,37,38,100,19,15,22,32,27,85,89,78,587
2017,Bihar,VAISHALI - BR31( 13-FEB-2018 ),11,TRACTOR (COMMERCIAL),82,54,81,106,5,94,218,52,22,79,108,116,"1,017"
2017,Bihar,VAISHALI - BR31( 13-FEB-2018 ),12,TRAILER (AGRICULTURAL),0,0,0,0,0,0,0,1,0,0,0,0,1
2017,Bihar,VAISHALI - BR31( 13-FEB-2018 ),13,TRAILER (COMMERCIAL),65,52,61,47,35,66,57,112,16,31,55,57,654
2016,Bihar,ARARIA - BR38( 30-JAN-2018 ),1,AGRICULTURAL TRACTOR,0,0,0,0,0,0,1,1,0,0,0,0,2
2016,Bihar,ARARIA - BR38( 30-JAN-2018 ),2,BUS,4,0,7,0,0,4,4,1,0,2,1,1,24
2016,Bihar,ARARIA - BR38( 30-JAN-2018 ),3,GOODS CARRIER,7,5,4,2,3,10,1,4,2,15,2,3,58
2016,Bihar,ARARIA - BR38( 30-JAN-2018 ),4,M-CYCLE/SCOOTER,"1,143","1,073","1,290","1,412","1,736","2,079","1,046","1,150","1,245",936,"1,120","1,219","15,449"
2016,Bihar,ARARIA - BR38( 30-JAN-2018 ),5,MOPED,18,12,13,11,19,10,8,18,0,0,0,0,109
2016,Bihar,ARARIA - BR38( 30-JAN-2018 ),6,MOTOR CAB,3,2,0,0,1,1,2,3,2,3,1,1,19
2016,Bihar,ARARIA - BR38( 30-JAN-2018 ),7,MOTOR CAR,79,39,33,36,40,42,24,48,38,37,63,60,539
2016,Bihar,ARARIA - BR38( 30-JAN-2018 ),8,THREE WHEELER (GOODS),3,2,3,4,4,10,5,3,9,8,9,9,69
2016,Bihar,ARARIA - BR38( 30-JAN-2018 ),9,THREE WHEELER (PASSENGER),73,33,47,14,37,46,69,65,67,99,94,41,685
2016,Bihar,ARARIA - BR38( 30-JAN-2018 ),10,TRACTOR (COMMERCIAL),78,57,66,71,52,86,117,68,54,102,155,90,996
2016,Bihar,ARARIA - BR38( 30-JAN-2018 ),11,TRAILER (AGRICULTURAL),0,0,0,0,0,2,0,0,0,0,0,0,2
2016,Bihar,ARARIA - BR38( 30-JAN-2018 ),12,TRAILER (COMMERCIAL),59,53,53,54,45,69,62,37,43,72,117,45,709
2016,Bihar,ARAWAL - BR56( 22-MAY-2017 ),1,BUS,0,2,1,0,1,0,0,0,0,1,0,0,5
2016,Bihar,ARAWAL - BR56( 22-MAY-2017 ),2,GOODS CARRIER,1,7,5,7,5,5,1,1,4,5,5,5,51
2016,Bihar,ARAWAL - BR56( 22-MAY-2017 ),3,M-CYCLE/SCOOTER,64,62,39,255,313,213,201,113,169,78,70,358,"1,935"
2016,Bihar,ARAWAL - BR56( 22-MAY-2017 ),4,MOPED,28,16,9,28,10,47,31,15,34,65,13,53,349
2016,Bihar,ARAWAL - BR56( 22-MAY-2017 ),5,MOTOR CAB,0,0,1,5,2,2,1,2,0,0,0,4,17
2016,Bihar,ARAWAL - BR56( 22-MAY-2017 ),6,MOTOR CAR,2,3,3,8,7,5,3,0,2,2,1,4,40
2016,Bihar,ARAWAL - BR56( 22-MAY-2017 ),7,THREE WHEELER (GOODS),0,0,0,1,1,1,0,0,0,0,1,0,4
2016,Bihar,ARAWAL - BR56( 22-MAY-2017 ),8,THREE WHEELER (PASSENGER),7,4,8,16,2,11,4,6,9,14,4,8,93
2016,Bihar,ARAWAL - BR56( 22-MAY-2017 ),9,TRACTOR (COMMERCIAL),30,30,26,13,16,36,33,45,20,16,24,72,361
2016,Bihar,ARAWAL - BR56( 22-MAY-2017 ),10,TRAILER (AGRICULTURAL),0,0,0,0,0,0,1,0,0,0,0,0,1
2016,Bihar,ARAWAL - BR56( 22-MAY-2017 ),11,TRAILER (COMMERCIAL),30,30,27,12,15,35,30,41,18,15,21,72,346
2016,Bihar,AURANGABAD - BR26( 13-JUN-2017 ),1,AGRICULTURAL TRACTOR,0,1,0,0,1,0,0,0,0,0,0,2,4
2016,Bihar,AURANGABAD - BR26( 13-JUN-2017 ),2,BUS,2,2,1,1,5,4,5,15,2,2,3,1,43
2016,Bihar,AURANGABAD - BR26( 13-JUN-2017 ),3,GOODS CARRIER,26,37,41,28,42,25,22,29,39,29,42,38,398
2016,Bihar,AURANGABAD - BR26( 13-JUN-2017 ),4,HARVESTER,0,0,0,0,0,0,1,0,0,0,0,1,2
2016,Bihar,AURANGABAD - BR26( 13-JUN-2017 ),5,M-CYCLE/SCOOTER,662,780,839,"1,502",918,695,532,738,681,880,"1,366",815,"10,408"
2016,Bihar,AURANGABAD - BR26( 13-JUN-2017 ),6,MOPED,0,0,2,5,3,0,0,3,3,0,0,11,27
2016,Bihar,AURANGABAD - BR26( 13-JUN-2017 ),7,MOTOR CAB,5,16,19,7,9,5,5,9,10,10,9,12,116
2016,Bihar,AURANGABAD - BR26( 13-JUN-2017 ),8,MOTOR CAR,39,65,97,43,86,41,64,34,33,74,41,78,695
2016,Bihar,AURANGABAD - BR26( 13-JUN-2017 ),9,THREE WHEELER (GOODS),7,2,12,11,11,5,6,0,4,10,6,7,81
2016,Bihar,AURANGABAD - BR26( 13-JUN-2017 ),10,THREE WHEELER (PASSENGER),59,110,108,94,100,92,112,117,99,179,124,95,"1,289"
2016,Bihar,AURANGABAD - BR26( 13-JUN-2017 ),11,TRACTOR (COMMERCIAL),73,107,142,109,49,68,91,84,47,82,64,131,"1,047"
2016,Bihar,AURANGABAD - BR26( 13-JUN-2017 ),12,TRAILER (COMMERCIAL),51,85,78,93,64,52,56,37,54,62,67,77,776
2016,Bihar,BANKA - BR51( 06-FEB-2018 ),1,ADAPTED VEHICLE,0,0,0,0,0,0,0,0,0,0,0,1,1
2016,Bihar,BANKA - BR51( 06-FEB-2018 ),2,BUS,0,0,6,0,2,1,3,1,6,0,0,0,19
2016,Bihar,BANKA - BR51( 06-FEB-2018 ),3,GOODS CARRIER,5,12,9,8,9,21,19,6,13,9,4,8,123
2016,Bihar,BANKA - BR51( 06-FEB-2018 ),4,MAXI CAB,0,0,0,0,1,0,0,0,0,0,0,1,2
2016,Bihar,BANKA - BR51( 06-FEB-2018 ),5,M-CYCLE/SCOOTER,307,315,375,946,571,487,624,78,335,311,243,438,"5,030"
2016,Bihar,BANKA - BR51( 06-FEB-2018 ),6,MOPED,6,5,3,7,0,3,1,0,1,0,0,5,31
2016,Bihar,BANKA - BR51( 06-FEB-2018 ),7,MOTOR CAB,0,1,1,4,1,0,0,0,1,0,0,1,9
2016,Bihar,BANKA - BR51( 06-FEB-2018 ),8,MOTOR CAR,5,8,4,8,9,9,7,5,3,5,7,6,76
2016,Bihar,BANKA - BR51( 06-FEB-2018 ),9,THREE WHEELER (GOODS),0,0,1,1,0,0,0,1,0,0,0,3,6
2016,Bihar,BANKA - BR51( 06-FEB-2018 ),10,THREE WHEELER (PASSENGER),3,5,3,6,9,4,10,14,11,22,14,11,112
2016,Bihar,BANKA - BR51( 06-FEB-2018 ),11,TRACTOR (COMMERCIAL),7,54,35,23,49,71,97,87,82,58,37,55,655
2016,Bihar,BANKA - BR51( 06-FEB-2018 ),12,TRAILER (COMMERCIAL),7,54,28,22,51,74,98,74,80,54,34,58,634
2016,Bihar,BEGUSARAI - BR9( 23-JAN-2018 ),1,BUS,1,2,3,6,4,4,2,1,0,4,0,0,27
2016,Bihar,BEGUSARAI - BR9( 23-JAN-2018 ),2,E-RICKSHAW(P),0,0,0,1,2,5,8,0,0,6,3,0,25
2016,Bihar,BEGUSARAI - BR9( 23-JAN-2018 ),3,FIRE FIGHTING VEHICLE,1,0,0,0,0,0,0,0,0,0,0,0,1
2016,Bihar,BEGUSARAI - BR9( 23-JAN-2018 ),4,GOODS CARRIER,60,61,68,60,37,58,71,51,56,64,42,78,706
2016,Bihar,BEGUSARAI - BR9( 23-JAN-2018 ),5,M-CYCLE/SCOOTER,968,"1,307","1,915","1,858","2,084","2,016","1,789","1,270","1,207","1,276","1,895","1,355","18,940"
2016,Bihar,BEGUSARAI - BR9( 23-JAN-2018 ),6,MOPED,0,0,1,0,0,0,1,1,1,0,0,0,4
2016,Bihar,BEGUSARAI - BR9( 23-JAN-2018 ),7,MOTOR CAB,18,21,18,12,13,17,15,5,17,12,10,24,182
2016,Bihar,BEGUSARAI - BR9( 23-JAN-2018 ),8,MOTOR CAR,98,87,116,89,77,86,121,86,82,80,121,160,"1,203"
2016,Bihar,BEGUSARAI - BR9( 23-JAN-2018 ),9,THREE WHEELER (GOODS),14,18,21,6,17,19,14,9,29,13,20,25,205
2016,Bihar,BEGUSARAI - BR9( 23-JAN-2018 ),10,THREE WHEELER (PASSENGER),70,84,76,48,61,56,93,70,108,56,65,63,850
2016,Bihar,BEGUSARAI - BR9( 23-JAN-2018 ),11,TRACTOR (COMMERCIAL),51,45,67,49,57,53,66,44,66,68,76,96,738
2016,Bihar,BEGUSARAI - BR9( 23-JAN-2018 ),12,TRAILER (AGRICULTURAL),2,1,0,0,0,0,0,1,0,0,0,1,5
2016,Bihar,BEGUSARAI - BR9( 23-JAN-2018 ),13,TRAILER (COMMERCIAL),34,51,42,52,39,36,51,58,50,44,17,80,554
2016,Bihar,BETTIAH - BR22( 22-SEP-2017 ),1,AGRICULTURAL TRACTOR,1,0,0,0,0,0,0,0,0,0,0,0,1
2016,Bihar,BETTIAH - BR22( 22-SEP-2017 ),2,BUS,1,0,4,6,0,2,0,3,1,0,2,1,20
2016,Bihar,BETTIAH - BR22( 22-SEP-2017 ),3,GOODS CARRIER,16,15,23,13,3,18,5,7,7,5,16,12,140
2016,Bihar,BETTIAH - BR22( 22-SEP-2017 ),4,MAXI CAB,0,1,3,0,0,0,0,0,0,0,0,0,4
2016,Bihar,BETTIAH - BR22( 22-SEP-2017 ),5,M-CYCLE/SCOOTER,"2,247","2,772","3,468","3,247","1,826","2,638","1,286","1,920","1,935","2,124","3,138","1,359","27,960"
2016,Bihar,BETTIAH - BR22( 22-SEP-2017 ),6,M-CYCLE/SCOOTER-WITH SIDE CAR,0,0,0,0,0,0,0,0,0,0,0,1,1
2016,Bihar,BETTIAH - BR22( 22-SEP-2017 ),7,MOPED,5,12,9,19,2,0,0,1,0,0,0,1,49
2016,Bihar,BETTIAH - BR22( 22-SEP-2017 ),8,MOTOR CAB,3,6,8,13,5,5,1,1,2,0,1,0,45
2016,Bihar,BETTIAH - BR22( 22-SEP-2017 ),9,MOTOR CAR,52,80,69,32,28,49,28,46,45,24,51,62,566
2016,Bihar,BETTIAH - BR22( 22-SEP-2017 ),10,THREE WHEELER (GOODS),2,3,1,3,2,1,3,0,1,2,2,2,22
2016,Bihar,BETTIAH - BR22( 22-SEP-2017 ),11,THREE WHEELER (PASSENGER),61,71,81,46,12,97,59,81,111,70,40,60,789
2016,Bihar,BETTIAH - BR22( 22-SEP-2017 ),12,TRACTOR (COMMERCIAL),139,129,269,103,14,153,71,128,102,142,155,264,"1,669"
2016,Bihar,BETTIAH - BR22( 22-SEP-2017 ),13,TRAILER (COMMERCIAL),50,50,101,40,4,8,0,1,0,4,6,11,275
2016,Bihar,BHABHUA - BR45( 23-JAN-2018 ),1,AGRICULTURAL TRACTOR,1,0,0,0,1,1,0,2,0,0,0,0,5
2016,Bihar,BHABHUA - BR45( 23-JAN-2018 ),2,ARTICULATED VEHICLE,0,0,0,0,0,0,0,1,0,0,0,0,1
2016,Bihar,BHABHUA - BR45( 23-JAN-2018 ),3,BUS,3,2,1,8,5,5,2,2,2,4,3,2,39
2016,Bihar,BHABHUA - BR45( 23-JAN-2018 ),4,E-RICKSHAW(P),0,0,0,0,0,0,0,0,0,0,39,3,42
2016,Bihar,BHABHUA - BR45( 23-JAN-2018 ),5,GOODS CARRIER,5,12,9,7,3,10,7,5,8,8,2,4,80
2016,Bihar,BHABHUA - BR45( 23-JAN-2018 ),6,M-CYCLE/SCOOTER,920,509,247,413,408,860,"1,151","1,081",706,53,904,"1,170","8,422"
2016,Bihar,BHABHUA - BR45( 23-JAN-2018 ),7,MOPED,0,0,1,0,1,1,0,0,5,1,0,3,12
2016,Bihar,BHABHUA - BR45( 23-JAN-2018 ),8,MOTOR CAB,0,5,6,8,5,6,0,4,1,2,1,1,39
2016,Bihar,BHABHUA - BR45( 23-JAN-2018 ),9,MOTOR CAR,18,24,11,21,29,25,16,19,8,8,24,32,235
2016,Bihar,BHABHUA - BR45( 23-JAN-2018 ),10,THREE WHEELER (GOODS),0,2,0,0,0,3,0,1,1,0,0,0,7
2016,Bihar,BHABHUA - BR45( 23-JAN-2018 ),11,THREE WHEELER (PASSENGER),14,11,16,2,18,12,27,12,20,30,16,14,192
2016,Bihar,BHABHUA - BR45( 23-JAN-2018 ),12,TRACTOR (COMMERCIAL),45,120,76,50,53,84,99,102,42,67,105,88,931
2016,Bihar,BHABHUA - BR45( 23-JAN-2018 ),13,TRAILER (COMMERCIAL),29,72,43,66,19,55,72,79,36,39,87,61,658
2016,Bihar,BHAGALPUR - BR10( 07-FEB-2018 ),1,AMBULANCE,0,0,0,1,0,0,0,0,0,0,0,0,1
2016,Bihar,BHAGALPUR - BR10( 07-FEB-2018 ),2,BUS,1,1,3,1,3,3,3,1,2,2,1,2,23
2016,Bihar,BHAGALPUR - BR10( 07-FEB-2018 ),3,CONSTRUCTION EQUIPMENT VEHICLE,0,0,0,1,0,0,0,0,0,0,0,0,1
2016,Bihar,BHAGALPUR - BR10( 07-FEB-2018 ),4,E-RICKSHAW(P),0,0,0,0,0,0,0,1,17,21,1,24,64
2016,Bihar,BHAGALPUR - BR10( 07-FEB-2018 ),5,GOODS CARRIER,54,71,62,77,58,59,62,38,40,43,46,64,674
2016,Bihar,BHAGALPUR - BR10( 07-FEB-2018 ),6,MAXI CAB,2,0,1,2,1,0,0,0,0,0,0,1,7
2016,Bihar,BHAGALPUR - BR10( 07-FEB-2018 ),7,M-CYCLE/SCOOTER,602,"1,531","1,460","1,559","1,553","1,562","1,498","1,171","1,072","1,366","1,905","1,235","16,514"
2016,Bihar,BHAGALPUR - BR10( 07-FEB-2018 ),8,M-CYCLE/SCOOTER-WITH SIDE CAR,0,0,0,0,0,1,0,1,0,0,0,0,2
2016,Bihar,BHAGALPUR - BR10( 07-FEB-2018 ),9,MOPED,0,0,0,1,0,2,1,1,0,1,1,1,8
2016,Bihar,BHAGALPUR - BR10( 07-FEB-2018 ),10,MOTOR CAB,20,27,11,15,12,20,8,10,10,5,7,9,154
2016,Bihar,BHAGALPUR - BR10( 07-FEB-2018 ),11,MOTOR CAR,63,157,111,83,112,96,82,106,87,108,158,173,"1,336"
2016,Bihar,BHAGALPUR - BR10( 07-FEB-2018 ),12,THREE WHEELER (GOODS),15,14,20,20,23,23,15,23,19,21,19,17,229
2016,Bihar,BHAGALPUR - BR10( 07-FEB-2018 ),13,THREE WHEELER (PASSENGER),151,127,96,103,130,151,129,152,132,136,114,41,"1,462"
2016,Bihar,BHAGALPUR - BR10( 07-FEB-2018 ),14,TRACTOR (COMMERCIAL),44,38,40,85,56,73,76,68,38,55,50,41,664
2016,Bihar,BHAGALPUR - BR10( 07-FEB-2018 ),15,TRAILER (AGRICULTURAL),1,0,0,0,0,0,0,0,0,0,0,0,1
2016,Bihar,BHAGALPUR - BR10( 07-FEB-2018 ),16,TRAILER (COMMERCIAL),48,42,47,75,60,69,90,73,42,51,59,46,702
2016,Bihar,BHOJPUR - BR3( 15-FEB-2018 ),1,ADAPTED VEHICLE,0,0,0,0,0,0,0,0,1,0,0,0,1
2016,Bihar,BHOJPUR - BR3( 15-FEB-2018 ),2,BUS,3,14,4,7,6,5,2,3,4,4,10,2,64
2016,Bihar,BHOJPUR - BR3( 15-FEB-2018 ),3,GOODS CARRIER,25,46,22,34,24,27,34,19,35,33,43,44,386
2016,Bihar,BHOJPUR - BR3( 15-FEB-2018 ),4,M-CYCLE/SCOOTER,"1,146","1,743",944,527,"3,248","1,843","1,458","1,102",940,"1,368","1,812","1,737","17,868"
2016,Bihar,BHOJPUR - BR3( 15-FEB-2018 ),5,MOPED,56,65,49,45,57,101,36,121,60,81,70,75,816
2016,Bihar,BHOJPUR - BR3( 15-FEB-2018 ),6,MOTOR CAB,11,22,5,24,10,13,9,7,9,8,12,6,136
2016,Bihar,BHOJPUR - BR3( 15-FEB-2018 ),7,MOTOR CAR,83,93,63,94,62,46,55,57,39,42,80,90,804
2016,Bihar,BHOJPUR - BR3( 15-FEB-2018 ),8,THREE WHEELER (GOODS),6,9,3,12,14,8,4,7,5,12,8,3,91
2016,Bihar,BHOJPUR - BR3( 15-FEB-2018 ),9,THREE WHEELER (PASSENGER),68,83,39,64,73,64,44,72,107,92,71,77,854
2016,Bihar,BHOJPUR - BR3( 15-FEB-2018 ),10,TRACTOR (COMMERCIAL),77,72,69,56,77,82,138,95,58,57,61,90,932
2016,Bihar,BHOJPUR - BR3( 15-FEB-2018 ),11,TRAILER (COMMERCIAL),93,79,71,53,81,80,136,83,66,57,66,90,955
2016,Bihar,BUXUR - BR44( 01-FEB-2018 ),1,BUS,1,3,2,4,2,7,0,5,0,1,1,3,29
2016,Bihar,BUXUR - BR44( 01-FEB-2018 ),2,CONSTRUCTION EQUIPMENT VEHICLE,0,1,0,0,0,0,0,0,0,0,0,0,1
2016,Bihar,BUXUR - BR44( 01-FEB-2018 ),3,GOODS CARRIER,15,22,18,15,8,18,2,12,6,8,5,14,143
2016,Bihar,BUXUR - BR44( 01-FEB-2018 ),4,M-CYCLE/SCOOTER,738,768,"1,231","1,054",921,486,514,467,338,497,754,"1,124","8,892"
2016,Bihar,BUXUR - BR44( 01-FEB-2018 ),5,MOPED,0,0,1,1,3,1,0,10,0,0,0,0,16
2016,Bihar,BUXUR - BR44( 01-FEB-2018 ),6,MOTOR CAB,0,1,2,1,4,6,3,3,1,2,2,6,31
2016,Bihar,BUXUR - BR44( 01-FEB-2018 ),7,MOTOR CAR,21,40,30,50,26,33,19,25,12,13,26,29,324
2016,Bihar,BUXUR - BR44( 01-FEB-2018 ),8,THREE WHEELER (GOODS),0,0,0,0,0,0,0,0,0,2,1,0,3
2016,Bihar,BUXUR - BR44( 01-FEB-2018 ),9,THREE WHEELER (PASSENGER),26,38,54,11,36,45,17,38,27,42,15,43,392
2016,Bihar,BUXUR - BR44( 01-FEB-2018 ),10,TRACTOR (COMMERCIAL),113,96,176,20,58,95,62,66,49,91,22,90,938
2016,Bihar,BUXUR - BR44( 01-FEB-2018 ),11,TRAILER (AGRICULTURAL),0,0,1,0,0,0,0,0,0,0,0,0,1
2016,Bihar,BUXUR - BR44( 01-FEB-2018 ),12,TRAILER (COMMERCIAL),113,98,176,20,59,97,63,66,46,67,46,85,936
2016,Bihar,CHAPARA - BR4( 29-JAN-2018 ),1,ADAPTED VEHICLE,0,0,0,16,0,0,7,0,0,0,0,0,23
2016,Bihar,CHAPARA - BR4( 29-JAN-2018 ),2,AMBULANCE,0,1,0,0,0,0,0,0,0,0,0,0,1
2016,Bihar,CHAPARA - BR4( 29-JAN-2018 ),3,BUS,5,1,2,4,2,7,2,3,10,3,1,5,45
2016,Bihar,CHAPARA - BR4( 29-JAN-2018 ),4,CONSTRUCTION EQUIPMENT VEHICLE,2,0,0,0,1,0,0,0,0,0,0,0,3
2016,Bihar,CHAPARA - BR4( 29-JAN-2018 ),5,GOODS CARRIER,50,75,64,41,37,34,46,54,69,59,43,35,607
2016,Bihar,CHAPARA - BR4( 29-JAN-2018 ),6,MAXI CAB,0,0,0,0,0,0,1,0,0,0,0,0,1
2016,Bihar,CHAPARA - BR4( 29-JAN-2018 ),7,M-CYCLE/SCOOTER,"1,300","1,494","1,407","2,566","1,725","1,599","1,867","1,020","1,053","1,444","2,400","1,128","19,003"
2016,Bihar,CHAPARA - BR4( 29-JAN-2018 ),8,M-CYCLE/SCOOTER-WITH SIDE CAR,0,0,0,1,0,0,0,0,0,0,0,0,1
2016,Bihar,CHAPARA - BR4( 29-JAN-2018 ),9,MOPED,44,10,5,13,33,5,67,5,40,2,81,39,344
2016,Bihar,CHAPARA - BR4( 29-JAN-2018 ),10,MOTOR CAB,12,8,15,11,13,6,9,8,12,14,8,7,123
2016,Bihar,CHAPARA - BR4( 29-JAN-2018 ),11,MOTOR CAR,88,88,72,106,88,24,115,50,63,36,97,104,931
2016,Bihar,CHAPARA - BR4( 29-JAN-2018 ),12,THREE WHEELER (GOODS),6,4,3,3,3,3,7,1,0,0,0,0,30
2016,Bihar,CHAPARA - BR4( 29-JAN-2018 ),13,THREE WHEELER (PASSENGER),64,60,62,34,45,32,58,49,66,63,50,34,617
2016,Bihar,CHAPARA - BR4( 29-JAN-2018 ),14,TRACTOR (COMMERCIAL),52,65,56,41,41,46,71,52,58,74,118,81,755
2016,Bihar,CHAPARA - BR4( 29-JAN-2018 ),15,TRAILER (COMMERCIAL),10,41,18,25,5,9,12,15,17,12,2,5,171
2016,Bihar,DARBHANGA - BR7( 30-JAN-2018 ),1,BUS,1,0,1,9,4,4,6,3,4,2,2,2,38
2016,Bihar,DARBHANGA - BR7( 30-JAN-2018 ),2,E-RICKSHAW(P),0,0,0,0,0,0,0,1,0,0,0,0,1
2016,Bihar,DARBHANGA - BR7( 30-JAN-2018 ),3,GOODS CARRIER,59,56,78,38,45,55,50,56,60,58,67,73,695
2016,Bihar,DARBHANGA - BR7( 30-JAN-2018 ),4,MAXI CAB,0,0,0,0,0,0,0,0,0,1,0,0,1
2016,Bihar,DARBHANGA - BR7( 30-JAN-2018 ),5,M-CYCLE/SCOOTER,"1,888","1,470","2,048","3,075","2,929","2,766","2,309","1,512","1,572","2,867","2,574","1,297","26,307"
2016,Bihar,DARBHANGA - BR7( 30-JAN-2018 ),6,MOPED,0,1,20,8,7,16,30,1,4,3,10,60,160
2016,Bihar,DARBHANGA - BR7( 30-JAN-2018 ),7,MOTOR CAB,42,47,29,35,34,25,25,34,20,30,34,29,384
2016,Bihar,DARBHANGA - BR7( 30-JAN-2018 ),8,MOTOR CAR,177,131,149,170,168,119,155,126,127,208,175,166,"1,871"
2016,Bihar,DARBHANGA - BR7( 30-JAN-2018 ),9,THREE WHEELER (GOODS),12,4,15,17,7,10,6,12,15,19,9,28,154
2016,Bihar,DARBHANGA - BR7( 30-JAN-2018 ),10,THREE WHEELER (PASSENGER),218,103,202,154,129,244,182,221,263,245,186,217,"2,364"
2016,Bihar,DARBHANGA - BR7( 30-JAN-2018 ),11,TRACTOR (COMMERCIAL),84,96,134,75,74,70,74,48,83,88,112,126,"1,064"
2016,Bihar,DARBHANGA - BR7( 30-JAN-2018 ),12,TRAILER (COMMERCIAL),56,61,64,40,30,46,34,32,22,20,6,33,444
2016,Bihar,GAYA - BR2( 06-SEP-2017 ),1,ADAPTED VEHICLE,0,0,0,0,0,1,0,0,15,0,0,0,16
2016,Bihar,GAYA - BR2( 06-SEP-2017 ),2,AGRICULTURAL TRACTOR,0,7,5,0,0,0,0,0,0,0,1,0,13
2016,Bihar,GAYA - BR2( 06-SEP-2017 ),3,AMBULANCE,0,0,0,0,0,0,0,0,0,0,2,0,2
2016,Bihar,GAYA - BR2( 06-SEP-2017 ),4,BUS,7,15,10,13,12,25,12,14,15,5,12,13,153
2016,Bihar,GAYA - BR2( 06-SEP-2017 ),5,GOODS CARRIER,74,68,130,81,63,103,93,60,65,73,105,108,"1,023"
2016,Bihar,GAYA - BR2( 06-SEP-2017 ),6,MAXI CAB,1,1,4,2,0,3,0,1,1,0,2,0,15
2016,Bihar,GAYA - BR2( 06-SEP-2017 ),7,M-CYCLE/SCOOTER,"1,818","2,093","2,431","4,418","2,293","2,203","2,494","1,771","1,903","2,526","3,227","1,681","28,858"
2016,Bihar,GAYA - BR2( 06-SEP-2017 ),8,MOPED,29,47,41,40,75,26,31,0,13,116,76,54,548
2016,Bihar,GAYA - BR2( 06-SEP-2017 ),9,MOTOR CAB,27,14,19,19,19,12,13,16,15,19,15,10,198
2016,Bihar,GAYA - BR2( 06-SEP-2017 ),10,MOTOR CAR,195,209,200,207,156,135,194,146,130,124,265,240,"2,201"
2016,Bihar,GAYA - BR2( 06-SEP-2017 ),11,OMNI BUS,0,0,0,0,0,0,0,0,1,0,0,0,1
2016,Bihar,GAYA - BR2( 06-SEP-2017 ),12,THREE WHEELER (GOODS),25,38,33,34,42,34,29,40,35,49,52,37,448
2016,Bihar,GAYA - BR2( 06-SEP-2017 ),13,THREE WHEELER (PASSENGER),239,206,203,160,181,172,192,208,299,277,230,155,"2,522"
2016,Bihar,GAYA - BR2( 06-SEP-2017 ),14,TRACTOR (COMMERCIAL),65,83,105,44,64,108,155,156,59,105,138,92,"1,174"
2016,Bihar,GAYA - BR2( 06-SEP-2017 ),15,TRAILER (AGRICULTURAL),1,0,0,0,0,0,0,0,0,0,0,0,1
2016,Bihar,GAYA - BR2( 06-SEP-2017 ),16,TRAILER (COMMERCIAL),27,40,76,24,37,69,90,126,44,80,95,80,788
2016,Bihar,GOPALGANJ - BR28( 08-JUN-2017 ),1,AGRICULTURAL TRACTOR,0,0,0,0,0,0,0,0,0,1,0,0,1
2016,Bihar,GOPALGANJ - BR28( 08-JUN-2017 ),2,BUS,3,4,4,5,2,3,3,2,3,5,2,3,39
2016,Bihar,GOPALGANJ - BR28( 08-JUN-2017 ),3,GOODS CARRIER,30,27,46,31,21,41,11,18,21,26,28,25,325
2016,Bihar,GOPALGANJ - BR28( 08-JUN-2017 ),4,MAXI CAB,3,4,5,4,7,4,4,1,4,4,4,3,47
2016,Bihar,GOPALGANJ - BR28( 08-JUN-2017 ),5,M-CYCLE/SCOOTER,"1,375","1,945","2,067","2,868","1,534","1,691","1,522","1,333",950,"1,135","1,602",926,"18,948"
2016,Bihar,GOPALGANJ - BR28( 08-JUN-2017 ),6,M-CYCLE/SCOOTER-WITH SIDE CAR,0,0,0,0,0,0,0,0,0,0,0,1,1
2016,Bihar,GOPALGANJ - BR28( 08-JUN-2017 ),7,MOPED,1,0,6,3,0,0,0,0,0,13,2,0,25
2016,Bihar,GOPALGANJ - BR28( 08-JUN-2017 ),8,MOTOR CAB,1,1,0,0,0,0,3,4,3,0,0,2,14
2016,Bihar,GOPALGANJ - BR28( 08-JUN-2017 ),9,MOTOR CAR,64,93,72,130,74,72,89,103,41,77,73,95,983
2016,Bihar,GOPALGANJ - BR28( 08-JUN-2017 ),10,THREE WHEELER (GOODS),0,0,3,1,0,2,2,0,1,0,0,1,10
2016,Bihar,GOPALGANJ - BR28( 08-JUN-2017 ),11,THREE WHEELER (PASSENGER),15,8,13,16,16,3,7,12,14,16,10,11,141
2016,Bihar,GOPALGANJ - BR28( 08-JUN-2017 ),12,THREE WHEELER (PERSONAL),0,0,0,1,0,0,0,0,0,0,0,0,1
2016,Bihar,GOPALGANJ - BR28( 08-JUN-2017 ),13,TRACTOR (COMMERCIAL),108,82,119,111,35,55,58,54,42,97,75,95,931
2016,Bihar,GOPALGANJ - BR28( 08-JUN-2017 ),14,TRAILER (COMMERCIAL),0,1,3,4,0,0,1,1,0,1,0,0,11
2016,Bihar,JAMUI - BR46( 07-JUN-2017 ),1,BUS,1,1,0,3,1,1,0,0,1,2,0,0,10
2016,Bihar,JAMUI - BR46( 07-JUN-2017 ),2,FIRE FIGHTING VEHICLE,0,0,0,0,0,0,0,2,0,0,0,0,2
2016,Bihar,JAMUI - BR46( 07-JUN-2017 ),3,GOODS CARRIER,8,2,12,4,11,11,16,11,11,19,9,12,126
2016,Bihar,JAMUI - BR46( 07-JUN-2017 ),4,MAXI CAB,0,1,0,0,0,0,0,0,0,0,0,0,1
2016,Bihar,JAMUI - BR46( 07-JUN-2017 ),5,M-CYCLE/SCOOTER,317,466,412,625,521,477,434,274,334,443,386,287,"4,976"
2016,Bihar,JAMUI - BR46( 07-JUN-2017 ),6,M-CYCLE/SCOOTER-WITH SIDE CAR,0,0,0,0,0,0,0,0,1,1,1,0,3
2016,Bihar,JAMUI - BR46( 07-JUN-2017 ),7,MOPED,2,21,15,13,8,19,15,13,8,7,19,10,150
2016,Bihar,JAMUI - BR46( 07-JUN-2017 ),8,MOTOR CAB,6,4,4,4,5,2,6,3,2,5,0,1,42
2016,Bihar,JAMUI - BR46( 07-JUN-2017 ),9,MOTOR CAR,7,24,13,6,5,15,5,12,6,9,13,6,121
2016,Bihar,JAMUI - BR46( 07-JUN-2017 ),10,MOTORISED CYCLE (CC > 25CC),0,0,1,1,1,0,1,0,1,0,1,1,7
2016,Bihar,JAMUI - BR46( 07-JUN-2017 ),11,THREE WHEELER (GOODS),0,1,2,2,1,3,3,4,1,2,5,4,28
2016,Bihar,JAMUI - BR46( 07-JUN-2017 ),12,THREE WHEELER (PASSENGER),30,32,39,17,48,67,33,75,68,74,74,52,609
2016,Bihar,JAMUI - BR46( 07-JUN-2017 ),13,TRACTOR (COMMERCIAL),30,33,42,21,27,46,42,42,60,40,31,31,445
2016,Bihar,JAMUI - BR46( 07-JUN-2017 ),14,TRAILER (AGRICULTURAL),0,0,0,0,0,0,1,0,0,0,0,0,1
2016,Bihar,JAMUI - BR46( 07-JUN-2017 ),15,TRAILER (COMMERCIAL),29,33,42,20,28,46,41,42,61,40,31,31,444
2016,Bihar,JEHANABAD - BR25( 26-MAY-2017 ),1,AMBULANCE,0,0,2,0,0,0,0,0,0,0,0,0,2
2016,Bihar,JEHANABAD - BR25( 26-MAY-2017 ),2,BUS,3,3,2,4,3,0,4,2,1,3,2,0,27
2016,Bihar,JEHANABAD - BR25( 26-MAY-2017 ),3,GOODS CARRIER,32,37,17,21,21,38,37,39,44,41,67,60,454
2016,Bihar,JEHANABAD - BR25( 26-MAY-2017 ),4,M-CYCLE/SCOOTER,293,321,403,915,346,457,285,266,181,402,184,699,"4,752"
2016,Bihar,JEHANABAD - BR25( 26-MAY-2017 ),5,MOPED,7,13,21,20,35,48,26,13,0,0,0,0,183
2016,Bihar,JEHANABAD - BR25( 26-MAY-2017 ),6,MOTOR CAB,1,2,1,1,2,0,1,3,1,2,0,5,19
2016,Bihar,JEHANABAD - BR25( 26-MAY-2017 ),7,MOTOR CAR,9,3,5,7,6,7,2,4,8,4,3,14,72
2016,Bihar,JEHANABAD - BR25( 26-MAY-2017 ),8,THREE WHEELER (GOODS),5,3,2,2,3,1,3,2,4,2,4,4,35
2016,Bihar,JEHANABAD - BR25( 26-MAY-2017 ),9,THREE WHEELER (PASSENGER),34,41,39,24,27,31,32,44,75,40,50,28,465
2016,Bihar,JEHANABAD - BR25( 26-MAY-2017 ),10,TRACTOR (COMMERCIAL),31,39,57,30,39,66,72,47,43,40,55,67,586
2016,Bihar,JEHANABAD - BR25( 26-MAY-2017 ),11,TRAILER (AGRICULTURAL),0,0,0,0,0,0,0,0,0,1,0,0,1
2016,Bihar,JEHANABAD - BR25( 26-MAY-2017 ),12,TRAILER (COMMERCIAL),29,34,51,26,33,57,65,43,41,33,53,64,529
2016,Bihar,KATIHAR - BR39( 23-JAN-2018 ),1,BUS,1,0,0,0,1,0,0,0,1,0,0,0,3
2016,Bihar,KATIHAR - BR39( 23-JAN-2018 ),2,CONSTRUCTION EQUIPMENT VEHICLE,0,1,0,0,0,0,0,0,0,0,0,0,1
2016,Bihar,KATIHAR - BR39( 23-JAN-2018 ),3,GOODS CARRIER,5,20,14,10,6,19,7,4,6,4,5,6,106
2016,Bihar,KATIHAR - BR39( 23-JAN-2018 ),4,MAXI CAB,1,1,0,0,0,1,1,0,0,0,0,0,4
2016,Bihar,KATIHAR - BR39( 23-JAN-2018 ),5,M-CYCLE/SCOOTER,"1,256","1,482","1,593","2,203","2,720","2,854","2,144","1,811","1,775","1,935","2,257","1,506","23,536"
2016,Bihar,KATIHAR - BR39( 23-JAN-2018 ),6,MOPED,0,10,0,0,0,18,0,0,0,0,4,1,33
2016,Bihar,KATIHAR - BR39( 23-JAN-2018 ),7,MOTOR CAB,2,1,2,3,3,6,2,1,0,2,0,0,22
2016,Bihar,KATIHAR - BR39( 23-JAN-2018 ),8,MOTOR CAR,27,35,24,25,24,35,13,35,35,17,19,54,343
2016,Bihar,KATIHAR - BR39( 23-JAN-2018 ),9,THREE WHEELER (GOODS),0,0,0,1,0,1,1,0,1,1,9,6,20
2016,Bihar,KATIHAR - BR39( 23-JAN-2018 ),10,THREE WHEELER (PASSENGER),13,19,16,2,20,33,14,6,59,46,130,27,385
2016,Bihar,KATIHAR - BR39( 23-JAN-2018 ),11,TRACTOR (COMMERCIAL),49,98,136,93,106,144,121,85,99,83,196,105,"1,315"
2016,Bihar,KATIHAR - BR39( 23-JAN-2018 ),12,TRAILER (COMMERCIAL),10,39,55,39,72,48,37,49,45,28,28,68,518
2016,Bihar,KHAGARIA - BR34( 01-FEB-2018 ),1,ADAPTED VEHICLE,1,3,11,0,0,0,0,0,0,0,0,0,15
2016,Bihar,KHAGARIA - BR34( 01-FEB-2018 ),2,BUS,0,0,0,0,1,2,0,0,0,0,0,0,3
2016,Bihar,KHAGARIA - BR34( 01-FEB-2018 ),3,GOODS CARRIER,5,6,7,13,5,3,7,4,2,6,7,6,71
2016,Bihar,KHAGARIA - BR34( 01-FEB-2018 ),4,M-CYCLE/SCOOTER,485,558,599,724,793,"1,102",836,571,575,869,786,452,"8,350"
2016,Bihar,KHAGARIA - BR34( 01-FEB-2018 ),5,MOPED,13,0,7,0,0,1,1,0,1,0,0,0,23
2016,Bihar,KHAGARIA - BR34( 01-FEB-2018 ),6,MOTOR CAB,6,2,1,1,4,5,6,1,1,3,1,0,31
2016,Bihar,KHAGARIA - BR34( 01-FEB-2018 ),7,MOTOR CAR,6,8,8,7,8,4,4,10,15,2,16,12,100
2016,Bihar,KHAGARIA - BR34( 01-FEB-2018 ),8,THREE WHEELER (GOODS),1,3,1,1,4,2,2,2,4,4,2,2,28
2016,Bihar,KHAGARIA - BR34( 01-FEB-2018 ),9,THREE WHEELER (PASSENGER),34,15,32,13,17,23,25,50,36,44,34,20,343
2016,Bihar,KHAGARIA - BR34( 01-FEB-2018 ),10,TRACTOR (COMMERCIAL),53,40,90,25,26,45,70,60,55,64,104,78,710
2016,Bihar,KHAGARIA - BR34( 01-FEB-2018 ),11,TRAILER (COMMERCIAL),44,40,80,24,26,41,63,47,50,55,84,60,614
2016,Bihar,KISHANGANJ - BR37( 07-FEB-2018 ),1,AMBULANCE,0,1,0,0,0,0,0,0,0,0,0,0,1
2016,Bihar,KISHANGANJ - BR37( 07-FEB-2018 ),2,BUS,0,3,4,1,1,1,7,0,1,1,0,0,19
2016,Bihar,KISHANGANJ - BR37( 07-FEB-2018 ),3,GOODS CARRIER,5,6,3,5,5,1,2,3,5,5,1,3,44
2016,Bihar,KISHANGANJ - BR37( 07-FEB-2018 ),4,MAXI CAB,1,1,1,1,0,3,0,0,0,0,0,0,7
2016,Bihar,KISHANGANJ - BR37( 07-FEB-2018 ),5,M-CYCLE/SCOOTER,"1,038","2,130",624,676,"1,733",459,"1,780","3,999","3,177","1,999",689,"1,087","19,391"
2016,Bihar,KISHANGANJ - BR37( 07-FEB-2018 ),6,MOPED,1,2,0,0,0,0,0,4,6,0,0,1,14
2016,Bihar,KISHANGANJ - BR37( 07-FEB-2018 ),7,MOTOR CAB,1,0,1,0,0,0,0,0,1,0,2,0,5
2016,Bihar,KISHANGANJ - BR37( 07-FEB-2018 ),8,MOTOR CAR,45,40,36,22,48,30,49,32,16,34,30,74,456
2016,Bihar,KISHANGANJ - BR37( 07-FEB-2018 ),9,THREE WHEELER (GOODS),0,0,2,4,1,0,6,0,2,1,4,2,22
2016,Bihar,KISHANGANJ - BR37( 07-FEB-2018 ),10,THREE WHEELER (PASSENGER),13,27,25,57,24,34,40,3,26,35,73,21,378
2016,Bihar,KISHANGANJ - BR37( 07-FEB-2018 ),11,TRACTOR (COMMERCIAL),62,75,49,41,41,48,68,53,8,47,87,45,624
2016,Bihar,KISHANGANJ - BR37( 07-FEB-2018 ),12,TRAILER (COMMERCIAL),18,16,21,4,1,0,5,0,1,0,1,5,72
2016,Bihar,LAKHISARAI - BR53( 27-JAN-2017 ),1,ADAPTED VEHICLE,0,0,0,0,0,9,11,0,0,0,0,0,20
2016,Bihar,LAKHISARAI - BR53( 27-JAN-2017 ),2,BUS,0,0,4,0,1,0,1,0,0,0,1,0,7
2016,Bihar,LAKHISARAI - BR53( 27-JAN-2017 ),3,GOODS CARRIER,15,11,18,18,14,25,16,13,12,28,24,8,202
2016,Bihar,LAKHISARAI - BR53( 27-JAN-2017 ),4,M-CYCLE/SCOOTER,148,271,336,279,421,284,287,175,165,128,427,244,"3,165"
2016,Bihar,LAKHISARAI - BR53( 27-JAN-2017 ),5,MOPED,0,0,0,0,0,0,0,0,0,0,33,14,47
2016,Bihar,LAKHISARAI - BR53( 27-JAN-2017 ),6,MOTOR CAB,6,6,10,5,11,4,4,4,2,0,6,4,62
2016,Bihar,LAKHISARAI - BR53( 27-JAN-2017 ),7,MOTOR CAR,12,21,13,8,7,9,11,5,5,5,15,12,123
2016,Bihar,LAKHISARAI - BR53( 27-JAN-2017 ),8,THREE WHEELER (GOODS),1,0,0,0,0,0,0,0,0,1,1,1,4
2016,Bihar,LAKHISARAI - BR53( 27-JAN-2017 ),9,THREE WHEELER (PASSENGER),2,2,4,1,0,1,5,13,11,25,11,3,78
2016,Bihar,LAKHISARAI - BR53( 27-JAN-2017 ),10,TRACTOR (COMMERCIAL),14,12,9,11,4,10,23,21,16,14,13,42,189
2016,Bihar,LAKHISARAI - BR53( 27-JAN-2017 ),11,TRAILER (COMMERCIAL),13,12,8,5,1,11,16,14,11,8,14,26,139
2016,Bihar,MADHEPURA - BR43( 02-JUN-2017 ),1,ADAPTED VEHICLE,0,0,0,0,0,0,0,0,1,0,0,1,2
2016,Bihar,MADHEPURA - BR43( 02-JUN-2017 ),2,BUS,0,1,0,3,1,0,0,0,2,1,0,0,8
2016,Bihar,MADHEPURA - BR43( 02-JUN-2017 ),3,GOODS CARRIER,1,7,1,1,1,2,2,3,2,2,1,1,24
2016,Bihar,MADHEPURA - BR43( 02-JUN-2017 ),4,M-CYCLE/SCOOTER,799,"1,085",994,"1,087","1,340","1,052","1,641","1,001",364,690,"1,062",879,"11,994"
2016,Bihar,MADHEPURA - BR43( 02-JUN-2017 ),5,M-CYCLE/SCOOTER-WITH SIDE CAR,0,0,0,0,0,0,0,0,1,0,0,0,1
2016,Bihar,MADHEPURA - BR43( 02-JUN-2017 ),6,MOPED,0,0,0,0,2,19,7,11,0,1,0,3,43
2016,Bihar,MADHEPURA - BR43( 02-JUN-2017 ),7,MOTOR CAB,1,5,4,3,0,2,0,0,2,0,1,1,19
2016,Bihar,MADHEPURA - BR43( 02-JUN-2017 ),8,MOTOR CAR,14,23,15,11,8,22,19,20,15,21,15,45,228
2016,Bihar,MADHEPURA - BR43( 02-JUN-2017 ),9,THREE WHEELER (GOODS),7,9,11,8,11,9,4,8,15,10,29,15,136
2016,Bihar,MADHEPURA - BR43( 02-JUN-2017 ),10,THREE WHEELER (PASSENGER),38,73,68,46,28,61,51,85,70,68,85,55,728
2016,Bihar,MADHEPURA - BR43( 02-JUN-2017 ),11,TRACTOR (COMMERCIAL),93,62,56,79,54,84,73,135,119,81,77,79,992
2016,Bihar,MADHEPURA - BR43( 02-JUN-2017 ),12,TRAILER (COMMERCIAL),32,22,31,35,25,65,27,56,58,53,28,47,479
2016,Bihar,MADHUBANI - BR32( 01-FEB-2018 ),1,AGRICULTURAL TRACTOR,0,0,0,0,0,0,0,0,1,0,0,0,1
2016,Bihar,MADHUBANI - BR32( 01-FEB-2018 ),2,BUS,0,0,1,9,0,3,1,0,2,2,3,1,22
2016,Bihar,MADHUBANI - BR32( 01-FEB-2018 ),3,GOODS CARRIER,13,24,17,10,19,18,9,19,15,8,15,14,181
2016,Bihar,MADHUBANI - BR32( 01-FEB-2018 ),4,MAXI CAB,0,0,0,0,0,0,0,4,3,3,10,3,23
2016,Bihar,MADHUBANI - BR32( 01-FEB-2018 ),5,M-CYCLE/SCOOTER,"1,031","1,775","2,351","3,135","3,525","2,291","1,514","1,199","1,456","1,782","1,954","1,571","23,584"
2016,Bihar,MADHUBANI - BR32( 01-FEB-2018 ),6,MOPED,0,0,1,0,1,0,0,2,0,2,0,6,12
2016,Bihar,MADHUBANI - BR32( 01-FEB-2018 ),7,MOTOR CAB,15,9,6,8,11,10,8,4,5,2,0,11,89
2016,Bihar,MADHUBANI - BR32( 01-FEB-2018 ),8,MOTOR CAR,29,34,48,40,28,36,40,26,16,37,27,54,415
2016,Bihar,MADHUBANI - BR32( 01-FEB-2018 ),9,THREE WHEELER (GOODS),1,6,0,1,2,1,0,7,6,1,4,7,36
2016,Bihar,MADHUBANI - BR32( 01-FEB-2018 ),10,THREE WHEELER (PASSENGER),60,56,63,55,63,73,65,133,147,93,92,69,969
2016,Bihar,MADHUBANI - BR32( 01-FEB-2018 ),11,TRACTOR (COMMERCIAL),116,90,111,53,73,118,134,98,76,174,206,163,"1,412"
2016,Bihar,MADHUBANI - BR32( 01-FEB-2018 ),12,TRAILER (COMMERCIAL),76,53,61,45,39,72,78,59,40,120,128,94,865
2016,Bihar,MOTIHARI - BR5( 05-JUL-2017 ),1,AGRICULTURAL TRACTOR,0,0,9,1,3,1,0,0,0,0,0,1,15
2016,Bihar,MOTIHARI - BR5( 05-JUL-2017 ),2,AMBULANCE,0,1,0,0,1,0,0,0,0,0,0,0,2
2016,Bihar,MOTIHARI - BR5( 05-JUL-2017 ),3,BUS,1,1,6,14,1,2,3,4,1,1,2,2,38
2016,Bihar,MOTIHARI - BR5( 05-JUL-2017 ),4,E-RICKSHAW(P),0,0,0,0,0,0,0,0,0,2,3,2,7
2016,Bihar,MOTIHARI - BR5( 05-JUL-2017 ),5,GOODS CARRIER,22,55,57,27,30,58,31,35,35,17,38,51,456
2016,Bihar,MOTIHARI - BR5( 05-JUL-2017 ),6,MAXI CAB,0,4,0,0,0,0,0,2,1,1,0,0,8
2016,Bihar,MOTIHARI - BR5( 05-JUL-2017 ),7,M-CYCLE/SCOOTER,"1,801","2,685","3,080","3,054","2,412","1,664","2,227","1,626","1,527","2,375","2,082","1,741","26,274"
2016,Bihar,MOTIHARI - BR5( 05-JUL-2017 ),8,M-CYCLE/SCOOTER-WITH SIDE CAR,1,6,1,0,0,0,1,4,0,0,0,0,13
2016,Bihar,MOTIHARI - BR5( 05-JUL-2017 ),9,MOPED,0,0,0,0,1,0,1,1,0,0,0,17,20
2016,Bihar,MOTIHARI - BR5( 05-JUL-2017 ),10,MOTOR CAB,10,26,18,10,11,16,18,29,15,11,17,21,202
2016,Bihar,MOTIHARI - BR5( 05-JUL-2017 ),11,MOTOR CAR,67,103,120,102,87,81,66,81,66,54,106,77,"1,010"
2016,Bihar,MOTIHARI - BR5( 05-JUL-2017 ),12,THREE WHEELER (GOODS),0,0,1,1,0,2,2,5,3,3,2,4,23
2016,Bihar,MOTIHARI - BR5( 05-JUL-2017 ),13,THREE WHEELER (PASSENGER),43,83,97,17,42,100,75,100,135,114,98,76,980
2016,Bihar,MOTIHARI - BR5( 05-JUL-2017 ),14,TRACTOR (COMMERCIAL),116,159,413,134,77,111,160,80,124,158,158,278,"1,968"
2016,Bihar,MOTIHARI - BR5( 05-JUL-2017 ),15,TRAILER (AGRICULTURAL),1,0,0,0,0,0,0,0,0,0,0,0,1
2016,Bihar,MOTIHARI - BR5( 05-JUL-2017 ),16,TRAILER (COMMERCIAL),15,47,17,9,7,13,9,5,15,18,8,13,176
2016,Bihar,MUNGER - BR8( 06-FEB-2018 ),1,BUS,0,0,0,0,0,0,1,0,0,0,0,0,1
2016,Bihar,MUNGER - BR8( 06-FEB-2018 ),2,GOODS CARRIER,12,6,7,5,12,16,10,3,13,11,5,0,100
2016,Bihar,MUNGER - BR8( 06-FEB-2018 ),3,MAXI CAB,0,0,0,0,0,0,0,0,1,0,0,0,1
2016,Bihar,MUNGER - BR8( 06-FEB-2018 ),4,M-CYCLE/SCOOTER,530,514,593,662,648,661,654,494,559,700,823,478,"7,316"
2016,Bihar,MUNGER - BR8( 06-FEB-2018 ),5,M-CYCLE/SCOOTER-WITH SIDE CAR,0,0,0,0,1,0,0,0,1,0,0,0,2
2016,Bihar,MUNGER - BR8( 06-FEB-2018 ),6,MOPED,0,0,0,0,0,0,0,0,0,1,0,16,17
2016,Bihar,MUNGER - BR8( 06-FEB-2018 ),7,MOTOR CAB,1,3,3,3,1,3,3,0,0,4,1,1,23
2016,Bihar,MUNGER - BR8( 06-FEB-2018 ),8,MOTOR CAR,10,10,7,4,26,12,13,3,11,6,6,11,119
2016,Bihar,MUNGER - BR8( 06-FEB-2018 ),9,THREE WHEELER (GOODS),0,0,0,0,1,0,2,0,0,2,0,1,6
2016,Bihar,MUNGER - BR8( 06-FEB-2018 ),10,THREE WHEELER (PASSENGER),40,26,33,14,22,24,29,18,14,38,31,20,309
2016,Bihar,MUNGER - BR8( 06-FEB-2018 ),11,TRACTOR (COMMERCIAL),19,13,19,3,10,10,13,15,12,14,8,4,140
2016,Bihar,MUNGER - BR8( 06-FEB-2018 ),12,TRAILER (COMMERCIAL),20,17,17,4,8,11,14,15,10,13,8,6,143
2016,Bihar,MUZAFFARPUR - BR6( 01-FEB-2018 ),1,ADAPTED VEHICLE,0,0,0,0,0,0,8,19,0,0,0,0,27
2016,Bihar,MUZAFFARPUR - BR6( 01-FEB-2018 ),2,AGRICULTURAL TRACTOR,82,60,134,62,43,48,107,55,57,38,0,2,688
2016,Bihar,MUZAFFARPUR - BR6( 01-FEB-2018 ),3,ARTICULATED VEHICLE,0,0,0,0,0,0,1,0,0,0,0,0,1
2016,Bihar,MUZAFFARPUR - BR6( 01-FEB-2018 ),4,BUS,10,29,23,37,18,24,22,19,24,4,16,9,235
2016,Bihar,MUZAFFARPUR - BR6( 01-FEB-2018 ),5,CASH VAN,0,0,3,0,0,0,0,0,0,0,0,0,3
2016,Bihar,MUZAFFARPUR - BR6( 01-FEB-2018 ),6,CONSTRUCTION EQUIPMENT VEHICLE,0,1,0,0,0,1,0,0,0,0,0,0,2
2016,Bihar,MUZAFFARPUR - BR6( 01-FEB-2018 ),7,GOODS CARRIER,190,214,169,164,190,190,172,191,183,167,181,147,"2,158"
2016,Bihar,MUZAFFARPUR - BR6( 01-FEB-2018 ),8,MAXI CAB,0,0,0,0,0,0,0,0,0,1,0,0,1
2016,Bihar,MUZAFFARPUR - BR6( 01-FEB-2018 ),9,M-CYCLE/SCOOTER,"3,813","4,424","4,975","7,662","5,399","5,743","5,066","3,723","4,455","5,058","5,580","2,687","58,585"
2016,Bihar,MUZAFFARPUR - BR6( 01-FEB-2018 ),10,M-CYCLE/SCOOTER-WITH SIDE CAR,0,0,0,0,1,0,0,0,0,0,0,1,2
2016,Bihar,MUZAFFARPUR - BR6( 01-FEB-2018 ),11,MOPED,16,30,5,28,36,1,6,1,9,2,4,1,139
2016,Bihar,MUZAFFARPUR - BR6( 01-FEB-2018 ),12,MOTOR CAB,52,42,53,35,39,33,26,44,30,25,36,26,441
2016,Bihar,MUZAFFARPUR - BR6( 01-FEB-2018 ),13,MOTOR CAR,311,431,449,509,438,365,470,409,393,585,508,464,"5,332"
2016,Bihar,MUZAFFARPUR - BR6( 01-FEB-2018 ),14,MOTORISED CYCLE (CC > 25CC),0,0,0,0,1,0,0,0,2,0,0,0,3
2016,Bihar,MUZAFFARPUR - BR6( 01-FEB-2018 ),15,THREE WHEELER (GOODS),25,53,55,51,70,55,55,55,58,61,67,50,655
2016,Bihar,MUZAFFARPUR - BR6( 01-FEB-2018 ),16,THREE WHEELER (PASSENGER),178,161,192,114,175,206,187,211,272,286,225,164,"2,371"
2016,Bihar,MUZAFFARPUR - BR6( 01-FEB-2018 ),17,TRACTOR (COMMERCIAL),15,23,17,23,13,5,19,10,24,84,96,119,448
2016,Bihar,MUZAFFARPUR - BR6( 01-FEB-2018 ),18,TRAILER (COMMERCIAL),10,31,34,9,5,11,14,11,18,29,8,11,191
2016,Bihar,NALANDA - BR21( 01-FEB-2018 ),1,ADAPTED VEHICLE,0,0,0,0,1,0,0,4,1,0,0,0,6
2016,Bihar,NALANDA - BR21( 01-FEB-2018 ),2,ARTICULATED VEHICLE,1,0,0,0,0,0,0,0,0,0,0,0,1
2016,Bihar,NALANDA - BR21( 01-FEB-2018 ),3,BUS,1,7,4,6,10,5,1,7,4,12,4,4,65
2016,Bihar,NALANDA - BR21( 01-FEB-2018 ),4,E-RICKSHAW(P),0,0,0,0,1,0,3,2,6,9,2,2,25
2016,Bihar,NALANDA - BR21( 01-FEB-2018 ),5,GOODS CARRIER,29,71,49,40,47,60,40,53,39,37,49,50,564
2016,Bihar,NALANDA - BR21( 01-FEB-2018 ),6,M-CYCLE/SCOOTER,772,"1,282","1,471","1,887","1,132","1,109","1,268",993,"1,035","1,506","1,743","1,100","15,298"
2016,Bihar,NALANDA - BR21( 01-FEB-2018 ),7,M-CYCLE/SCOOTER-WITH SIDE CAR,1,0,0,0,0,0,0,0,0,0,0,0,1
2016,Bihar,NALANDA - BR21( 01-FEB-2018 ),8,MOPED,4,7,3,10,54,45,20,26,32,36,10,11,258
2016,Bihar,NALANDA - BR21( 01-FEB-2018 ),9,MOTOR CAB,5,20,6,11,10,20,9,14,12,14,9,7,137
2016,Bihar,NALANDA - BR21( 01-FEB-2018 ),10,MOTOR CAR,44,47,45,46,57,49,50,39,41,36,19,40,513
2016,Bihar,NALANDA - BR21( 01-FEB-2018 ),11,OMNI BUS,0,0,0,0,0,0,0,0,1,0,1,0,2
2016,Bihar,NALANDA - BR21( 01-FEB-2018 ),12,THREE WHEELER (GOODS),0,0,0,0,1,0,1,5,3,8,5,2,25
2016,Bihar,NALANDA - BR21( 01-FEB-2018 ),13,THREE WHEELER (PASSENGER),55,47,57,63,53,59,82,54,105,87,84,43,789
2016,Bihar,NALANDA - BR21( 01-FEB-2018 ),14,TRACTOR (COMMERCIAL),91,87,105,58,95,99,154,159,87,107,86,133,"1,261"
2016,Bihar,NALANDA - BR21( 01-FEB-2018 ),15,TRAILER (COMMERCIAL),23,49,36,52,45,25,42,60,39,56,24,65,516
2016,Bihar,NAWADA - BR27( 30-JAN-2018 ),1,BUS,1,2,1,2,1,3,7,0,2,0,3,0,22
2016,Bihar,NAWADA - BR27( 30-JAN-2018 ),2,CAMPER VAN / TRAILER,0,0,0,0,0,0,1,0,0,0,0,0,1
2016,Bihar,NAWADA - BR27( 30-JAN-2018 ),3,E-RICKSHAW(P),0,0,0,0,0,0,0,0,0,0,11,0,11
2016,Bihar,NAWADA - BR27( 30-JAN-2018 ),4,GOODS CARRIER,13,13,28,12,7,18,17,12,15,19,21,33,208
2016,Bihar,NAWADA - BR27( 30-JAN-2018 ),5,M-CYCLE/SCOOTER,653,708,820,"1,849",672,651,942,810,611,751,"1,063",648,"10,178"
2016,Bihar,NAWADA - BR27( 30-JAN-2018 ),6,MOPED,0,0,2,0,32,1,0,1,1,0,2,0,39
2016,Bihar,NAWADA - BR27( 30-JAN-2018 ),7,MOTOR CAB,0,2,4,4,7,0,1,2,1,3,1,8,33
2016,Bihar,NAWADA - BR27( 30-JAN-2018 ),8,MOTOR CAR,35,31,28,17,25,17,18,29,10,30,20,44,304
2016,Bihar,NAWADA - BR27( 30-JAN-2018 ),9,THREE WHEELER (GOODS),0,1,1,0,1,0,0,0,1,0,2,3,9
2016,Bihar,NAWADA - BR27( 30-JAN-2018 ),10,THREE WHEELER (PASSENGER),12,14,17,4,7,6,15,26,24,31,16,37,209
2016,Bihar,NAWADA - BR27( 30-JAN-2018 ),11,TRACTOR (COMMERCIAL),61,71,140,25,56,81,94,150,63,69,55,125,990
2016,Bihar,NAWADA - BR27( 30-JAN-2018 ),12,TRAILER (AGRICULTURAL),0,0,0,0,0,0,1,1,0,0,0,0,2
2016,Bihar,NAWADA - BR27( 30-JAN-2018 ),13,TRAILER (COMMERCIAL),53,74,132,22,52,79,84,117,69,66,43,115,906
2016,Bihar,PATNA - BR1( 02-FEB-2018 ),1,ADAPTED VEHICLE,0,0,1,0,1,0,0,0,0,0,0,1,3
2016,Bihar,PATNA - BR1( 02-FEB-2018 ),2,AGRICULTURAL TRACTOR,0,0,0,0,0,0,0,0,1,0,0,0,1
2016,Bihar,PATNA - BR1( 02-FEB-2018 ),3,AMBULANCE,0,1,0,0,0,0,0,0,0,0,0,0,1
2016,Bihar,PATNA - BR1( 02-FEB-2018 ),4,BUS,10,13,20,46,75,25,35,16,14,12,8,96,370
2016,Bihar,PATNA - BR1( 02-FEB-2018 ),5,CAMPER VAN / TRAILER,1,0,0,0,0,0,0,0,0,0,1,0,2
2016,Bihar,PATNA - BR1( 02-FEB-2018 ),6,CONSTRUCTION EQUIPMENT VEHICLE,0,1,1,0,0,0,0,1,0,0,0,0,3
2016,Bihar,PATNA - BR1( 02-FEB-2018 ),7,DUMPER,0,1,0,0,0,0,0,0,0,0,0,0,1
2016,Bihar,PATNA - BR1( 02-FEB-2018 ),8,E-RICKSHAW(P),0,0,0,0,28,43,82,112,149,113,77,132,736
2016,Bihar,PATNA - BR1( 02-FEB-2018 ),9,E-RICKSHAW WITH CART (G),0,0,0,0,0,0,0,0,0,0,2,3,5
2016,Bihar,PATNA - BR1( 02-FEB-2018 ),10,GOODS CARRIER,467,526,510,441,414,478,378,404,431,417,469,446,"5,381"
2016,Bihar,PATNA - BR1( 02-FEB-2018 ),11,M-CYCLE/SCOOTER,"4,836","6,311","6,803","8,012","6,845","6,530","6,617","6,092","5,931","7,912","10,323","6,340","82,552"
2016,Bihar,PATNA - BR1( 02-FEB-2018 ),12,M-CYCLE/SCOOTER-WITH SIDE CAR,0,7,0,2,1,1,2,1,2,1,10,1,28
2016,Bihar,PATNA - BR1( 02-FEB-2018 ),13,MOPED,40,146,120,181,194,163,34,82,40,73,77,45,"1,195"
2016,Bihar,PATNA - BR1( 02-FEB-2018 ),14,MOTOR CAB,74,93,101,63,82,58,95,147,124,106,74,90,"1,107"
2016,Bihar,PATNA - BR1( 02-FEB-2018 ),15,MOTOR CAR,"1,183","1,280","1,510","1,259","1,414","1,180","1,277","1,243","1,130","1,431","1,712","1,853","16,472"
2016,Bihar,PATNA - BR1( 02-FEB-2018 ),16,MOTOR CYCLE/SCOOTER-SIDECAR(T),0,1,0,0,0,0,0,1,0,0,0,0,2
2016,Bihar,PATNA - BR1( 02-FEB-2018 ),17,MOTOR CYCLE/SCOOTER-USED FOR HIRE,0,0,1,0,0,1,0,0,0,0,0,1,3
2016,Bihar,PATNA - BR1( 02-FEB-2018 ),18,OMNI BUS,0,0,0,0,0,0,0,1,0,0,0,0,1
2016,Bihar,PATNA - BR1( 02-FEB-2018 ),19,THREE WHEELER (GOODS),34,59,40,19,23,18,64,32,24,24,20,28,385
2016,Bihar,PATNA - BR1( 02-FEB-2018 ),20,THREE WHEELER (PASSENGER),229,260,247,194,222,268,243,268,462,382,282,257,"3,314"
2016,Bihar,PATNA - BR1( 02-FEB-2018 ),21,TRACTOR (COMMERCIAL),160,138,116,111,102,194,280,280,161,269,304,312,"2,427"
2016,Bihar,PATNA - BR1( 02-FEB-2018 ),22,TRAILER (AGRICULTURAL),0,0,0,0,0,0,0,1,1,0,1,0,3
2016,Bihar,PATNA - BR1( 02-FEB-2018 ),23,TRAILER (COMMERCIAL),71,125,82,76,84,93,105,191,141,178,114,157,"1,417"
2016,Bihar,PURNEA - BR11( 23-JAN-2018 ),1,ADAPTED VEHICLE,0,11,0,3,15,0,1,0,1,4,0,0,35
2016,Bihar,PURNEA - BR11( 23-JAN-2018 ),2,ARTICULATED VEHICLE,0,0,0,0,0,0,0,1,0,1,0,3,5
2016,Bihar,PURNEA - BR11( 23-JAN-2018 ),3,BUS,1,13,4,10,12,7,8,13,10,6,6,4,94
2016,Bihar,PURNEA - BR11( 23-JAN-2018 ),4,GOODS CARRIER,127,161,183,144,145,173,121,122,134,144,133,176,"1,763"
2016,Bihar,PURNEA - BR11( 23-JAN-2018 ),5,MAXI CAB,3,0,0,0,2,1,1,0,0,0,0,0,7
2016,Bihar,PURNEA - BR11( 23-JAN-2018 ),6,M-CYCLE/SCOOTER,"1,431","1,749","1,659","2,237","3,022","2,867","2,300","1,999","2,009","2,062","2,214","1,348","24,897"
2016,Bihar,PURNEA - BR11( 23-JAN-2018 ),7,MOPED,0,1,0,1,0,0,0,1,1,0,1,0,5
2016,Bihar,PURNEA - BR11( 23-JAN-2018 ),8,MOTOR CAB,27,15,45,30,30,31,30,26,22,18,21,18,313
2016,Bihar,PURNEA - BR11( 23-JAN-2018 ),9,MOTOR CAR,195,193,273,162,182,248,239,201,205,402,320,311,"2,931"
2016,Bihar,PURNEA - BR11( 23-JAN-2018 ),10,THREE WHEELER (GOODS),30,38,49,34,61,59,44,55,51,46,77,62,606
2016,Bihar,PURNEA - BR11( 23-JAN-2018 ),11,THREE WHEELER (PASSENGER),270,189,213,92,271,368,384,415,490,391,417,149,"3,649"
2016,Bihar,PURNEA - BR11( 23-JAN-2018 ),12,TRACTOR (COMMERCIAL),133,116,148,119,159,212,248,167,100,241,177,278,"2,098"
2016,Bihar,PURNEA - BR11( 23-JAN-2018 ),13,TRAILER (COMMERCIAL),15,54,12,25,99,39,96,79,15,65,27,73,599
2016,Bihar,ROHTAS - BR24( 09-FEB-2018 ),1,AGRICULTURAL TRACTOR,0,0,0,0,0,1,0,0,0,0,0,0,1
2016,Bihar,ROHTAS - BR24( 09-FEB-2018 ),2,ARTICULATED VEHICLE,0,0,0,1,0,0,0,0,0,0,0,0,1
2016,Bihar,ROHTAS - BR24( 09-FEB-2018 ),3,BUS,0,3,6,4,7,7,5,11,11,4,4,10,72
2016,Bihar,ROHTAS - BR24( 09-FEB-2018 ),4,GOODS CARRIER,18,25,18,21,38,35,35,20,30,16,17,33,306
2016,Bihar,ROHTAS - BR24( 09-FEB-2018 ),5,M-CYCLE/SCOOTER,"1,199",29,"1,958","1,569","1,066","1,777","2,442","1,680","1,130",517,994,361,"14,722"
2016,Bihar,ROHTAS - BR24( 09-FEB-2018 ),6,MOPED,0,0,0,0,0,0,0,2,0,0,3,0,5
2016,Bihar,ROHTAS - BR24( 09-FEB-2018 ),7,MOTOR CAB,1,7,3,8,10,10,7,5,6,6,8,20,91
2016,Bihar,ROHTAS - BR24( 09-FEB-2018 ),8,MOTOR CAR,51,29,131,41,52,64,58,77,36,45,49,61,694
2016,Bihar,ROHTAS - BR24( 09-FEB-2018 ),9,THREE WHEELER (GOODS),5,12,14,8,15,11,6,6,3,16,9,21,126
2016,Bihar,ROHTAS - BR24( 09-FEB-2018 ),10,THREE WHEELER (PASSENGER),52,48,71,66,53,89,47,67,63,94,78,74,802
2016,Bihar,ROHTAS - BR24( 09-FEB-2018 ),11,TRACTOR (COMMERCIAL),124,104,124,112,79,121,122,106,51,65,63,94,"1,165"
2016,Bihar,ROHTAS - BR24( 09-FEB-2018 ),12,TRAILER (AGRICULTURAL),0,0,1,1,0,1,2,0,0,0,0,0,5
2016,Bihar,ROHTAS - BR24( 09-FEB-2018 ),13,TRAILER (COMMERCIAL),136,114,122,103,81,109,112,112,56,63,58,85,"1,151"
2016,Bihar,SAHARSA - BR19( 29-JAN-2018 ),1,BUS,1,4,2,4,2,3,1,1,2,4,2,0,26
2016,Bihar,SAHARSA - BR19( 29-JAN-2018 ),2,E-RICKSHAW(P),0,0,0,0,0,0,0,0,0,0,0,3,3
2016,Bihar,SAHARSA - BR19( 29-JAN-2018 ),3,GOODS CARRIER,13,16,16,10,7,11,5,3,16,11,18,7,133
2016,Bihar,SAHARSA - BR19( 29-JAN-2018 ),4,M-CYCLE/SCOOTER,803,606,687,696,881,868,"1,216",936,633,772,"1,456",592,"10,146"
2016,Bihar,SAHARSA - BR19( 29-JAN-2018 ),5,MOPED,0,1,1,0,1,0,0,1,0,0,1,0,5
2016,Bihar,SAHARSA - BR19( 29-JAN-2018 ),6,MOTOR CAB,4,5,4,4,4,5,1,3,2,7,1,1,41
2016,Bihar,SAHARSA - BR19( 29-JAN-2018 ),7,MOTOR CAR,21,47,31,40,24,38,18,42,19,19,21,45,365
2016,Bihar,SAHARSA - BR19( 29-JAN-2018 ),8,THREE WHEELER (GOODS),7,7,10,3,11,5,11,6,12,20,16,20,128
2016,Bihar,SAHARSA - BR19( 29-JAN-2018 ),9,THREE WHEELER (PASSENGER),41,41,58,13,37,16,42,64,44,75,60,37,528
2016,Bihar,SAHARSA - BR19( 29-JAN-2018 ),10,TRACTOR (COMMERCIAL),66,49,52,7,52,53,57,74,45,58,108,93,714
2016,Bihar,SAHARSA - BR19( 29-JAN-2018 ),11,TRAILER (COMMERCIAL),26,29,33,24,18,29,20,39,20,17,13,18,286
2016,Bihar,SAMASTIPUR - BR33( 06-JUL-2017 ),1,ADAPTED VEHICLE,0,0,0,0,0,0,0,0,0,1,0,0,1
2016,Bihar,SAMASTIPUR - BR33( 06-JUL-2017 ),2,AGRICULTURAL TRACTOR,0,0,0,0,0,0,1,0,0,0,0,0,1
2016,Bihar,SAMASTIPUR - BR33( 06-JUL-2017 ),3,AMBULANCE,0,0,0,0,0,0,0,1,0,0,0,0,1
2016,Bihar,SAMASTIPUR - BR33( 06-JUL-2017 ),4,BUS,2,5,0,3,3,0,1,1,2,3,0,1,21
2016,Bihar,SAMASTIPUR - BR33( 06-JUL-2017 ),5,E-RICKSHAW(P),0,0,0,0,0,0,0,0,0,1,0,2,3
2016,Bihar,SAMASTIPUR - BR33( 06-JUL-2017 ),6,GOODS CARRIER,19,18,46,19,12,27,27,20,18,24,26,13,269
2016,Bihar,SAMASTIPUR - BR33( 06-JUL-2017 ),7,M-CYCLE/SCOOTER,"1,282","1,258","2,605","2,901","3,585","2,753","2,894","2,011","1,963","1,936","3,401","1,215","27,804"
2016,Bihar,SAMASTIPUR - BR33( 06-JUL-2017 ),8,MOPED,0,0,0,0,0,4,19,1,0,11,0,0,35
2016,Bihar,SAMASTIPUR - BR33( 06-JUL-2017 ),9,MOTOR CAB,5,4,9,7,4,4,5,4,3,2,3,3,53
2016,Bihar,SAMASTIPUR - BR33( 06-JUL-2017 ),10,MOTOR CAR,25,40,7,34,22,23,19,16,19,4,17,27,253
2016,Bihar,SAMASTIPUR - BR33( 06-JUL-2017 ),11,THREE WHEELER (GOODS),5,3,4,4,11,11,5,21,17,18,17,14,130
2016,Bihar,SAMASTIPUR - BR33( 06-JUL-2017 ),12,THREE WHEELER (PASSENGER),77,58,109,62,81,96,98,121,127,144,139,67,"1,179"
2016,Bihar,SAMASTIPUR - BR33( 06-JUL-2017 ),13,TRACTOR (COMMERCIAL),69,94,231,55,49,72,90,96,84,128,213,90,"1,271"
2016,Bihar,SAMASTIPUR - BR33( 06-JUL-2017 ),14,TRAILER (COMMERCIAL),45,56,174,39,40,64,81,94,81,121,173,79,"1,047"
2016,Bihar,SHEIKHPURA - BR52( 17-JUL-2017 ),1,AMBULANCE,0,0,0,0,0,0,0,0,0,1,0,0,1
2016,Bihar,SHEIKHPURA - BR52( 17-JUL-2017 ),2,BUS,0,0,1,0,0,0,1,0,1,0,1,1,5
2016,Bihar,SHEIKHPURA - BR52( 17-JUL-2017 ),3,GOODS CARRIER,5,10,10,8,7,12,8,13,6,10,8,9,106
2016,Bihar,SHEIKHPURA - BR52( 17-JUL-2017 ),4,M-CYCLE/SCOOTER,150,181,167,240,216,132,189,269,159,240,95,276,"2,314"
2016,Bihar,SHEIKHPURA - BR52( 17-JUL-2017 ),5,M-CYCLE/SCOOTER-WITH SIDE CAR,0,0,0,0,0,1,0,0,0,1,0,0,2
2016,Bihar,SHEIKHPURA - BR52( 17-JUL-2017 ),6,MOPED,1,0,0,0,0,0,0,1,1,0,10,15,28
2016,Bihar,SHEIKHPURA - BR52( 17-JUL-2017 ),7,MOTOR CAB,1,0,11,0,0,0,1,2,1,1,0,0,17
2016,Bihar,SHEIKHPURA - BR52( 17-JUL-2017 ),8,MOTOR CAR,6,2,1,5,2,1,5,1,4,3,0,11,41
2016,Bihar,SHEIKHPURA - BR52( 17-JUL-2017 ),9,THREE WHEELER (GOODS),0,1,0,0,0,0,0,1,1,0,1,0,4
2016,Bihar,SHEIKHPURA - BR52( 17-JUL-2017 ),10,THREE WHEELER (PASSENGER),5,8,4,2,6,8,6,7,5,15,5,3,74
2016,Bihar,SHEIKHPURA - BR52( 17-JUL-2017 ),11,TRACTOR (COMMERCIAL),13,27,41,27,27,42,48,24,13,24,26,37,349
2016,Bihar,SHEIKHPURA - BR52( 17-JUL-2017 ),12,TRAILER (COMMERCIAL),14,29,41,31,27,38,50,23,13,25,26,36,353
2016,Bihar,SHEOHAR - BR55( 07-JUN-2017 ),1,BUS,0,0,0,1,0,0,0,0,1,0,0,0,2
2016,Bihar,SHEOHAR - BR55( 07-JUN-2017 ),2,GOODS CARRIER,0,2,1,1,0,0,2,0,0,0,0,6,12
2016,Bihar,SHEOHAR - BR55( 07-JUN-2017 ),3,M-CYCLE/SCOOTER,255,120,232,138,62,472,132,344,70,239,155,218,"2,437"
2016,Bihar,SHEOHAR - BR55( 07-JUN-2017 ),4,M-CYCLE/SCOOTER-WITH SIDE CAR,1,0,0,0,0,0,0,0,0,0,0,0,1
2016,Bihar,SHEOHAR - BR55( 07-JUN-2017 ),5,MOPED,0,0,0,0,0,0,0,0,0,0,0,1,1
2016,Bihar,SHEOHAR - BR55( 07-JUN-2017 ),6,MOTOR CAB,3,2,2,0,2,1,1,1,1,0,0,0,13
2016,Bihar,SHEOHAR - BR55( 07-JUN-2017 ),7,MOTOR CAR,5,3,5,2,1,5,1,5,1,3,4,7,42
2016,Bihar,SHEOHAR - BR55( 07-JUN-2017 ),8,THREE WHEELER (GOODS),1,0,0,0,0,0,0,0,1,0,0,0,2
2016,Bihar,SHEOHAR - BR55( 07-JUN-2017 ),9,THREE WHEELER (PASSENGER),4,9,12,1,0,7,8,12,2,0,1,3,59
2016,Bihar,SHEOHAR - BR55( 07-JUN-2017 ),10,TRACTOR (COMMERCIAL),19,5,27,3,4,13,6,14,9,0,0,48,148
2016,Bihar,SHEOHAR - BR55( 07-JUN-2017 ),11,TRAILER (COMMERCIAL),0,1,6,1,0,7,0,7,1,0,1,9,33
2016,Bihar,SITAMARHI - BR30( 29-JAN-2018 ),1,AGRICULTURAL TRACTOR,1,0,0,0,0,0,0,0,0,0,0,0,1
2016,Bihar,SITAMARHI - BR30( 29-JAN-2018 ),2,BUS,0,0,0,0,0,0,0,0,2,0,0,2,4
2016,Bihar,SITAMARHI - BR30( 29-JAN-2018 ),3,GOODS CARRIER,18,15,27,22,24,9,10,15,7,17,19,17,200
2016,Bihar,SITAMARHI - BR30( 29-JAN-2018 ),4,M-CYCLE/SCOOTER,"1,124","2,013","2,328","2,219","1,603","1,658","1,058","1,492","1,141","1,691","1,520","1,784","19,631"
2016,Bihar,SITAMARHI - BR30( 29-JAN-2018 ),5,MOPED,94,37,64,73,29,20,11,22,8,0,1,0,359
2016,Bihar,SITAMARHI - BR30( 29-JAN-2018 ),6,MOTOR CAB,3,6,3,4,4,4,3,1,2,0,2,1,33
2016,Bihar,SITAMARHI - BR30( 29-JAN-2018 ),7,MOTOR CAR,18,7,19,25,11,21,10,21,12,10,15,18,187
2016,Bihar,SITAMARHI - BR30( 29-JAN-2018 ),8,THREE WHEELER (GOODS),0,5,8,1,6,8,4,2,8,7,8,8,65
2016,Bihar,SITAMARHI - BR30( 29-JAN-2018 ),9,THREE WHEELER (PASSENGER),55,90,72,56,72,87,69,94,109,152,110,90,"1,056"
2016,Bihar,SITAMARHI - BR30( 29-JAN-2018 ),10,TRACTOR (COMMERCIAL),76,62,106,38,30,48,59,73,53,115,92,172,924
2016,Bihar,SITAMARHI - BR30( 29-JAN-2018 ),11,TRAILER (COMMERCIAL),14,22,44,7,10,9,16,35,28,46,15,51,297
2016,Bihar,SIWAN - BR29( 29-JAN-2018 ),1,AGRICULTURAL TRACTOR,0,0,0,1,0,0,0,0,0,0,0,0,1
2016,Bihar,SIWAN - BR29( 29-JAN-2018 ),2,BUS,2,4,4,5,10,6,6,8,4,8,3,5,65
2016,Bihar,SIWAN - BR29( 29-JAN-2018 ),3,CONSTRUCTION EQUIPMENT VEHICLE,0,0,0,0,0,0,0,1,0,0,0,0,1
2016,Bihar,SIWAN - BR29( 29-JAN-2018 ),4,GOODS CARRIER,43,45,55,30,47,44,33,49,41,40,55,35,517
2016,Bihar,SIWAN - BR29( 29-JAN-2018 ),5,MAXI CAB,12,23,26,13,19,17,16,26,22,20,26,13,233
2016,Bihar,SIWAN - BR29( 29-JAN-2018 ),6,M-CYCLE/SCOOTER,"1,551","2,319","2,732","3,999","1,846","3,892","2,813","1,864","1,938","2,143","2,927","2,123","30,147"
2016,Bihar,SIWAN - BR29( 29-JAN-2018 ),7,MOPED,0,0,0,13,0,0,0,0,0,0,6,4,23
2016,Bihar,SIWAN - BR29( 29-JAN-2018 ),8,MOTOR CAB,2,0,0,1,0,2,0,1,0,1,2,4,13
2016,Bihar,SIWAN - BR29( 29-JAN-2018 ),9,MOTOR CAR,178,153,104,165,88,143,53,126,88,98,158,130,"1,484"
2016,Bihar,SIWAN - BR29( 29-JAN-2018 ),10,THREE WHEELER (GOODS),2,0,6,3,1,3,1,2,0,2,1,2,23
2016,Bihar,SIWAN - BR29( 29-JAN-2018 ),11,THREE WHEELER (PASSENGER),33,58,45,36,64,32,48,50,66,59,63,64,618
2016,Bihar,SIWAN - BR29( 29-JAN-2018 ),12,TRACTOR (COMMERCIAL),70,77,120,53,73,86,91,98,56,81,135,99,"1,039"
2016,Bihar,SIWAN - BR29( 29-JAN-2018 ),13,TRAILER (COMMERCIAL),6,40,6,0,3,0,0,3,3,6,0,0,67
2016,Bihar,SUPAUL - BR50( 29-JAN-2018 ),1,BUS,0,1,5,2,1,0,0,0,3,2,0,2,16
2016,Bihar,SUPAUL - BR50( 29-JAN-2018 ),2,GOODS CARRIER,20,6,16,7,8,4,5,17,6,10,5,7,111
2016,Bihar,SUPAUL - BR50( 29-JAN-2018 ),3,MAXI CAB,0,0,0,0,0,1,0,0,0,1,0,0,2
2016,Bihar,SUPAUL - BR50( 29-JAN-2018 ),4,M-CYCLE/SCOOTER,902,908,"1,202","1,786","1,083","1,106",967,"1,448",919,783,873,"1,272","13,249"
2016,Bihar,SUPAUL - BR50( 29-JAN-2018 ),5,MOPED,2,0,3,16,5,3,4,16,3,1,0,0,53
2016,Bihar,SUPAUL - BR50( 29-JAN-2018 ),6,MOTOR CAB,3,5,1,2,2,3,1,1,0,1,2,1,22
2016,Bihar,SUPAUL - BR50( 29-JAN-2018 ),7,MOTOR CAR,14,18,20,9,8,19,16,8,12,22,12,26,184
2016,Bihar,SUPAUL - BR50( 29-JAN-2018 ),8,THREE WHEELER (GOODS),3,2,2,3,1,3,2,1,5,2,3,2,29
2016,Bihar,SUPAUL - BR50( 29-JAN-2018 ),9,THREE WHEELER (PASSENGER),16,9,7,9,8,12,11,21,26,30,21,10,180
2016,Bihar,SUPAUL - BR50( 29-JAN-2018 ),10,TRACTOR (COMMERCIAL),80,65,55,74,45,62,89,64,57,76,120,146,933
2016,Bihar,SUPAUL - BR50( 29-JAN-2018 ),11,TRAILER (AGRICULTURAL),0,0,0,0,0,0,1,0,0,0,0,0,1
2016,Bihar,SUPAUL - BR50( 29-JAN-2018 ),12,TRAILER (COMMERCIAL),27,35,19,39,6,25,21,14,14,27,28,14,269
2016,Bihar,VAISHALI - BR31( 13-FEB-2018 ),1,AMBULANCE,0,0,0,0,0,1,0,0,0,0,0,0,1
2016,Bihar,VAISHALI - BR31( 13-FEB-2018 ),2,BUS,3,14,5,6,9,3,10,2,5,4,6,0,67
2016,Bihar,VAISHALI - BR31( 13-FEB-2018 ),3,E-RICKSHAW(P),0,0,0,0,0,0,0,0,0,0,4,0,4
2016,Bihar,VAISHALI - BR31( 13-FEB-2018 ),4,GOODS CARRIER,45,59,51,47,65,52,49,44,22,48,61,35,578
2016,Bihar,VAISHALI - BR31( 13-FEB-2018 ),5,MAXI CAB,0,0,0,0,0,0,0,0,0,0,1,0,1
2016,Bihar,VAISHALI - BR31( 13-FEB-2018 ),6,M-CYCLE/SCOOTER,"1,648","1,962","2,201","3,500","2,908","2,765","2,528","1,966","1,962","2,174","3,339","1,943","28,896"
2016,Bihar,VAISHALI - BR31( 13-FEB-2018 ),7,M-CYCLE/SCOOTER-WITH SIDE CAR,0,1,0,0,0,0,0,0,0,0,0,0,1
2016,Bihar,VAISHALI - BR31( 13-FEB-2018 ),8,MOPED,0,29,50,59,31,81,66,52,102,52,111,54,687
2016,Bihar,VAISHALI - BR31( 13-FEB-2018 ),9,MOTOR CAB,7,4,15,8,3,8,2,2,6,3,5,5,68
2016,Bihar,VAISHALI - BR31( 13-FEB-2018 ),10,MOTOR CAR,109,192,126,146,90,102,115,113,107,86,192,131,"1,509"
2016,Bihar,VAISHALI - BR31( 13-FEB-2018 ),11,MOTOR CYCLE/SCOOTER-SIDECAR(T),0,0,0,1,0,0,0,1,0,0,0,0,2
2016,Bihar,VAISHALI - BR31( 13-FEB-2018 ),12,MOTORISED CYCLE (CC > 25CC),0,0,0,1,1,0,0,0,0,0,0,1,3
2016,Bihar,VAISHALI - BR31( 13-FEB-2018 ),13,THREE WHEELER (GOODS),1,0,4,1,4,1,4,18,17,18,8,7,83
2016,Bihar,VAISHALI - BR31( 13-FEB-2018 ),14,THREE WHEELER (PASSENGER),59,57,67,33,56,42,49,67,67,95,68,54,714
2016,Bihar,VAISHALI - BR31( 13-FEB-2018 ),15,TRACTOR (COMMERCIAL),46,67,107,85,44,83,70,70,65,96,57,121,911
2016,Bihar,VAISHALI - BR31( 13-FEB-2018 ),16,TRAILER (AGRICULTURAL),0,0,2,1,0,1,0,0,0,0,0,0,4
2016,Bihar,VAISHALI - BR31( 13-FEB-2018 ),17,TRAILER (COMMERCIAL),49,15,53,29,17,32,22,27,48,73,32,96,493
2015,Bihar,ARARIA - BR38( 30-JAN-2018 ),1,BUS,0,0,1,0,1,1,1,0,0,0,0,0,4
2015,Bihar,ARARIA - BR38( 30-JAN-2018 ),2,GOODS CARRIER,1,0,4,3,3,5,5,2,7,7,3,4,44
2015,Bihar,ARARIA - BR38( 30-JAN-2018 ),3,M-CYCLE/SCOOTER,666,727,667,755,988,"1,022",782,"1,108",941,"1,251","1,068","1,413","11,388"
2015,Bihar,ARARIA - BR38( 30-JAN-2018 ),4,M-CYCLE/SCOOTER-WITH SIDE CAR,0,0,0,0,0,0,1,1,0,0,0,0,2
2015,Bihar,ARARIA - BR38( 30-JAN-2018 ),5,MOPED,3,1,5,9,11,9,7,11,19,9,8,12,104
2015,Bihar,ARARIA - BR38( 30-JAN-2018 ),6,MOTOR CAB,1,0,2,1,0,1,0,0,0,0,1,0,6
2015,Bihar,ARARIA - BR38( 30-JAN-2018 ),7,MOTOR CAR,32,35,22,35,42,26,15,54,45,31,26,41,404
2015,Bihar,ARARIA - BR38( 30-JAN-2018 ),8,THREE WHEELER (GOODS),1,0,3,2,1,0,0,2,1,1,1,3,15
2015,Bihar,ARARIA - BR38( 30-JAN-2018 ),9,THREE WHEELER (PASSENGER),39,17,39,21,29,46,32,69,57,61,96,62,568
2015,Bihar,ARARIA - BR38( 30-JAN-2018 ),10,TRACTOR (COMMERCIAL),81,60,78,79,63,135,76,102,65,100,90,131,"1,060"
2015,Bihar,ARARIA - BR38( 30-JAN-2018 ),11,TRAILER (COMMERCIAL),42,35,56,61,44,77,49,80,43,61,65,83,696
2015,Bihar,ARAWAL - BR56( 22-MAY-2017 ),1,AGRICULTURAL TRACTOR,0,0,1,0,0,0,0,0,0,0,0,1,2
2015,Bihar,ARAWAL - BR56( 22-MAY-2017 ),2,BUS,0,0,1,0,0,0,0,0,0,0,0,0,1
2015,Bihar,ARAWAL - BR56( 22-MAY-2017 ),3,GOODS CARRIER,0,0,2,4,2,2,1,2,2,3,1,5,24
2015,Bihar,ARAWAL - BR56( 22-MAY-2017 ),4,M-CYCLE/SCOOTER,49,52,141,32,164,4,82,28,9,6,46,139,752
2015,Bihar,ARAWAL - BR56( 22-MAY-2017 ),5,MOPED,0,1,2,1,0,0,1,0,0,0,21,54,80
2015,Bihar,ARAWAL - BR56( 22-MAY-2017 ),6,MOTOR CAB,1,0,0,2,1,2,1,0,1,0,4,5,17
2015,Bihar,ARAWAL - BR56( 22-MAY-2017 ),7,MOTOR CAR,4,2,3,1,3,0,5,1,2,1,2,3,27
2015,Bihar,ARAWAL - BR56( 22-MAY-2017 ),8,THREE WHEELER (GOODS),0,0,1,0,0,0,0,2,1,0,0,1,5
2015,Bihar,ARAWAL - BR56( 22-MAY-2017 ),9,THREE WHEELER (PASSENGER),1,5,13,9,8,0,6,23,10,7,3,22,107
2015,Bihar,ARAWAL - BR56( 22-MAY-2017 ),10,TRACTOR (COMMERCIAL),12,15,13,18,6,0,32,59,11,20,18,41,245
2015,Bihar,ARAWAL - BR56( 22-MAY-2017 ),11,TRAILER (COMMERCIAL),10,14,13,20,3,0,32,60,10,20,18,34,234
2015,Bihar,AURANGABAD - BR26( 13-JUN-2017 ),1,ADAPTED VEHICLE,0,0,0,0,0,4,0,0,0,0,0,0,4
2015,Bihar,AURANGABAD - BR26( 13-JUN-2017 ),2,AGRICULTURAL TRACTOR,2,1,0,1,2,0,0,0,0,1,0,0,7
2015,Bihar,AURANGABAD - BR26( 13-JUN-2017 ),3,BUS,0,1,6,2,5,3,3,2,1,3,2,1,29
2015,Bihar,AURANGABAD - BR26( 13-JUN-2017 ),4,GOODS CARRIER,55,42,46,36,37,22,46,26,28,26,53,25,442
2015,Bihar,AURANGABAD - BR26( 13-JUN-2017 ),5,MAXI CAB,0,0,0,1,0,2,0,0,0,0,0,0,3
2015,Bihar,AURANGABAD - BR26( 13-JUN-2017 ),6,M-CYCLE/SCOOTER,710,"1,017","1,065","1,227","1,654",959,539,630,651,458,904,649,"10,463"
2015,Bihar,AURANGABAD - BR26( 13-JUN-2017 ),7,MOPED,0,3,7,1,0,2,0,5,0,0,0,1,19
2015,Bihar,AURANGABAD - BR26( 13-JUN-2017 ),8,MOTOR CAB,13,6,7,18,15,5,8,2,11,7,5,11,108
2015,Bihar,AURANGABAD - BR26( 13-JUN-2017 ),9,MOTOR CAR,50,48,52,51,62,56,32,53,53,43,62,65,627
2015,Bihar,AURANGABAD - BR26( 13-JUN-2017 ),10,THREE WHEELER (GOODS),10,4,5,8,8,3,3,4,9,9,8,4,75
2015,Bihar,AURANGABAD - BR26( 13-JUN-2017 ),11,THREE WHEELER (PASSENGER),96,78,74,83,94,55,79,95,121,157,164,114,"1,210"
2015,Bihar,AURANGABAD - BR26( 13-JUN-2017 ),12,TRACTOR (COMMERCIAL),91,60,109,105,50,30,75,86,46,50,40,63,805
2015,Bihar,AURANGABAD - BR26( 13-JUN-2017 ),13,TRAILER (AGRICULTURAL),0,1,0,0,0,0,0,1,0,0,0,0,2
2015,Bihar,AURANGABAD - BR26( 13-JUN-2017 ),14,TRAILER (COMMERCIAL),84,53,111,65,86,35,68,48,30,32,32,106,750
2015,Bihar,BANKA - BR51( 06-FEB-2018 ),1,AMBULANCE,0,0,0,0,0,0,0,0,0,1,0,0,1
2015,Bihar,BANKA - BR51( 06-FEB-2018 ),2,BUS,0,0,4,0,4,2,4,0,1,0,1,0,16
2015,Bihar,BANKA - BR51( 06-FEB-2018 ),3,GOODS CARRIER,15,8,11,9,12,13,8,10,7,12,2,1,108
2015,Bihar,BANKA - BR51( 06-FEB-2018 ),4,MAXI CAB,0,0,0,0,0,0,0,0,0,0,1,0,1
2015,Bihar,BANKA - BR51( 06-FEB-2018 ),5,M-CYCLE/SCOOTER,205,254,305,503,611,207,342,129,300,74,436,333,"3,699"
2015,Bihar,BANKA - BR51( 06-FEB-2018 ),6,MOPED,0,0,0,0,0,0,0,11,0,0,4,0,15
2015,Bihar,BANKA - BR51( 06-FEB-2018 ),7,MOTOR CAB,3,1,2,0,3,1,2,2,2,0,1,2,19
2015,Bihar,BANKA - BR51( 06-FEB-2018 ),8,MOTOR CAR,105,45,17,6,2,5,25,6,3,5,8,11,238
2015,Bihar,BANKA - BR51( 06-FEB-2018 ),9,THREE WHEELER (GOODS),0,0,0,1,0,1,0,0,0,1,0,1,4
2015,Bihar,BANKA - BR51( 06-FEB-2018 ),10,THREE WHEELER (PASSENGER),5,2,0,2,2,4,3,3,15,3,9,4,52
2015,Bihar,BANKA - BR51( 06-FEB-2018 ),11,TRACTOR (COMMERCIAL),21,14,16,12,15,9,46,40,39,12,26,41,291
2015,Bihar,BANKA - BR51( 06-FEB-2018 ),12,TRAILER (COMMERCIAL),15,19,12,21,10,14,51,41,43,12,25,41,304
2015,Bihar,BEGUSARAI - BR9( 23-JAN-2018 ),1,AGRICULTURAL TRACTOR,0,0,1,0,0,0,0,0,0,0,0,0,1
2015,Bihar,BEGUSARAI - BR9( 23-JAN-2018 ),2,BUS,0,4,3,3,3,2,0,3,0,6,6,1,31
2015,Bihar,BEGUSARAI - BR9( 23-JAN-2018 ),3,GOODS CARRIER,69,62,71,52,75,68,48,51,48,47,58,78,727
2015,Bihar,BEGUSARAI - BR9( 23-JAN-2018 ),4,M-CYCLE/SCOOTER,773,927,851,"1,332","1,889","1,715",654,"1,543","1,052",822,"1,912","1,233","14,703"
2015,Bihar,BEGUSARAI - BR9( 23-JAN-2018 ),5,MOPED,1,0,0,0,1,1,6,1,0,0,2,1,13
2015,Bihar,BEGUSARAI - BR9( 23-JAN-2018 ),6,MOTOR CAB,26,32,33,24,28,46,28,31,31,21,16,26,342
2015,Bihar,BEGUSARAI - BR9( 23-JAN-2018 ),7,MOTOR CAR,90,79,94,82,102,104,70,96,83,84,113,118,"1,115"
2015,Bihar,BEGUSARAI - BR9( 23-JAN-2018 ),8,THREE WHEELER (GOODS),10,9,13,14,22,12,10,17,9,8,14,13,151
2015,Bihar,BEGUSARAI - BR9( 23-JAN-2018 ),9,THREE WHEELER (PASSENGER),43,65,61,49,64,46,60,120,115,63,144,96,926
2015,Bihar,BEGUSARAI - BR9( 23-JAN-2018 ),10,TRACTOR (COMMERCIAL),63,42,83,50,53,27,28,50,53,60,55,62,626
2015,Bihar,BEGUSARAI - BR9( 23-JAN-2018 ),11,TRAILER (AGRICULTURAL),1,0,0,0,0,1,2,0,0,0,0,0,4
2015,Bihar,BEGUSARAI - BR9( 23-JAN-2018 ),12,TRAILER (COMMERCIAL),60,31,78,57,50,29,34,49,51,27,76,57,599
2015,Bihar,BETTIAH - BR22( 22-SEP-2017 ),1,BUS,0,2,3,2,2,1,0,4,1,0,1,0,16
2015,Bihar,BETTIAH - BR22( 22-SEP-2017 ),2,GOODS CARRIER,11,32,17,22,16,24,22,21,26,15,23,23,252
2015,Bihar,BETTIAH - BR22( 22-SEP-2017 ),3,MAXI CAB,1,0,0,0,2,0,0,0,0,0,0,0,3
2015,Bihar,BETTIAH - BR22( 22-SEP-2017 ),4,M-CYCLE/SCOOTER,"1,687","1,751","2,167","1,601","1,525","1,131","1,164","1,183","1,252","1,184","2,354","1,461","18,460"
2015,Bihar,BETTIAH - BR22( 22-SEP-2017 ),5,M-CYCLE/SCOOTER-WITH SIDE CAR,0,0,0,0,0,0,0,0,0,1,0,0,1
2015,Bihar,BETTIAH - BR22( 22-SEP-2017 ),6,MOPED,2,2,2,0,29,1,2,1,0,0,3,3,45
2015,Bihar,BETTIAH - BR22( 22-SEP-2017 ),7,MOTOR CAB,10,13,6,15,5,18,6,11,4,4,6,10,108
2015,Bihar,BETTIAH - BR22( 22-SEP-2017 ),8,MOTOR CAR,44,62,54,54,60,66,31,60,51,35,60,74,651
2015,Bihar,BETTIAH - BR22( 22-SEP-2017 ),9,THREE WHEELER (GOODS),0,1,2,1,1,1,1,2,0,0,0,2,11
2015,Bihar,BETTIAH - BR22( 22-SEP-2017 ),10,THREE WHEELER (PASSENGER),45,31,41,27,28,48,39,40,68,64,57,81,569
2015,Bihar,BETTIAH - BR22( 22-SEP-2017 ),11,TRACTOR (COMMERCIAL),143,120,207,104,87,103,80,73,80,124,145,176,"1,442"
2015,Bihar,BETTIAH - BR22( 22-SEP-2017 ),12,TRAILER (COMMERCIAL),76,75,115,44,22,40,50,35,39,44,38,70,648
2015,Bihar,BHABHUA - BR45( 23-JAN-2018 ),1,AGRICULTURAL TRACTOR,0,1,0,0,2,0,0,0,1,0,0,0,4
2015,Bihar,BHABHUA - BR45( 23-JAN-2018 ),2,BUS,0,1,5,4,2,5,2,5,1,2,4,3,34
2015,Bihar,BHABHUA - BR45( 23-JAN-2018 ),3,GOODS CARRIER,11,6,4,8,7,12,9,12,12,4,5,10,100
2015,Bihar,BHABHUA - BR45( 23-JAN-2018 ),4,MAXI CAB,0,0,0,1,1,0,0,1,0,0,0,0,3
2015,Bihar,BHABHUA - BR45( 23-JAN-2018 ),5,M-CYCLE/SCOOTER,439,450,506,500,597,57,662,557,421,112,180,711,"5,192"
2015,Bihar,BHABHUA - BR45( 23-JAN-2018 ),6,MOPED,0,1,0,0,0,0,0,0,0,0,0,0,1
2015,Bihar,BHABHUA - BR45( 23-JAN-2018 ),7,MOTOR CAB,3,1,1,0,3,2,0,1,0,1,0,1,13
2015,Bihar,BHABHUA - BR45( 23-JAN-2018 ),8,MOTOR CAR,22,10,13,22,13,12,18,41,32,20,8,20,231
2015,Bihar,BHABHUA - BR45( 23-JAN-2018 ),9,THREE WHEELER (GOODS),1,2,0,2,1,1,0,0,2,1,0,0,10
2015,Bihar,BHABHUA - BR45( 23-JAN-2018 ),10,THREE WHEELER (PASSENGER),14,12,3,14,5,20,9,13,24,22,18,29,183
2015,Bihar,BHABHUA - BR45( 23-JAN-2018 ),11,TRACTOR (COMMERCIAL),58,78,72,42,49,35,85,57,48,56,42,88,710
2015,Bihar,BHABHUA - BR45( 23-JAN-2018 ),12,TRAILER (AGRICULTURAL),0,1,0,0,0,0,0,0,1,0,0,0,2
2015,Bihar,BHABHUA - BR45( 23-JAN-2018 ),13,TRAILER (COMMERCIAL),37,56,55,28,28,24,61,31,38,42,28,63,491
2015,Bihar,BHAGALPUR - BR10( 07-FEB-2018 ),1,ADAPTED VEHICLE,0,0,1,0,0,0,0,0,0,1,0,0,2
2015,Bihar,BHAGALPUR - BR10( 07-FEB-2018 ),2,AGRICULTURAL TRACTOR,1,0,0,0,0,1,0,0,0,0,0,0,2
2015,Bihar,BHAGALPUR - BR10( 07-FEB-2018 ),3,AMBULANCE,0,1,0,0,0,0,0,0,0,0,0,0,1
2015,Bihar,BHAGALPUR - BR10( 07-FEB-2018 ),4,ARTICULATED VEHICLE,0,0,0,0,0,0,0,0,8,0,0,1,9
2015,Bihar,BHAGALPUR - BR10( 07-FEB-2018 ),5,BUS,0,3,7,6,3,1,1,3,0,1,1,2,28
2015,Bihar,BHAGALPUR - BR10( 07-FEB-2018 ),6,CONSTRUCTION EQUIPMENT VEHICLE,0,0,0,1,0,0,0,0,0,0,0,0,1
2015,Bihar,BHAGALPUR - BR10( 07-FEB-2018 ),7,GOODS CARRIER,58,63,51,65,49,61,45,61,56,33,57,57,656
2015,Bihar,BHAGALPUR - BR10( 07-FEB-2018 ),8,MAXI CAB,0,0,1,2,1,0,0,0,0,0,0,0,4
2015,Bihar,BHAGALPUR - BR10( 07-FEB-2018 ),9,M-CYCLE/SCOOTER,922,"1,073","1,056","1,153","1,469","1,565","1,213","1,144","1,135","1,072","1,358","1,939","15,099"
2015,Bihar,BHAGALPUR - BR10( 07-FEB-2018 ),10,MOPED,1,0,0,1,0,0,2,0,0,0,0,0,4
2015,Bihar,BHAGALPUR - BR10( 07-FEB-2018 ),11,MOTOR CAB,18,26,17,16,18,26,12,24,17,9,21,16,220
2015,Bihar,BHAGALPUR - BR10( 07-FEB-2018 ),12,MOTOR CAR,99,85,150,71,125,141,98,98,115,93,144,158,"1,377"
2015,Bihar,BHAGALPUR - BR10( 07-FEB-2018 ),13,THREE WHEELER (GOODS),9,7,8,12,8,24,8,15,17,11,16,14,149
2015,Bihar,BHAGALPUR - BR10( 07-FEB-2018 ),14,THREE WHEELER (PASSENGER),109,83,97,64,75,131,119,171,179,163,222,136,"1,549"
2015,Bihar,BHAGALPUR - BR10( 07-FEB-2018 ),15,TRACTOR (COMMERCIAL),52,54,69,51,56,79,74,99,84,61,58,54,791
2015,Bihar,BHAGALPUR - BR10( 07-FEB-2018 ),16,TRAILER (COMMERCIAL),69,62,82,48,63,84,77,123,92,66,60,57,883
2015,Bihar,BHOJPUR - BR3( 15-FEB-2018 ),1,ARTICULATED VEHICLE,0,2,0,1,0,0,0,0,0,0,0,0,3
2015,Bihar,BHOJPUR - BR3( 15-FEB-2018 ),2,BUS,2,7,10,8,8,3,1,3,3,1,5,2,53
2015,Bihar,BHOJPUR - BR3( 15-FEB-2018 ),3,GOODS CARRIER,33,28,27,25,25,39,25,22,39,38,42,46,389
2015,Bihar,BHOJPUR - BR3( 15-FEB-2018 ),4,M-CYCLE/SCOOTER,"1,044","1,241",954,860,"1,183",567,"3,038","1,225",670,895,902,"2,401","14,980"
2015,Bihar,BHOJPUR - BR3( 15-FEB-2018 ),5,MOPED,39,31,40,30,18,20,96,77,34,90,32,83,590
2015,Bihar,BHOJPUR - BR3( 15-FEB-2018 ),6,MOTOR CAB,11,17,21,7,15,10,8,15,11,11,15,22,163
2015,Bihar,BHOJPUR - BR3( 15-FEB-2018 ),7,MOTOR CAR,60,64,53,53,67,41,73,41,56,91,85,99,783
2015,Bihar,BHOJPUR - BR3( 15-FEB-2018 ),8,THREE WHEELER (GOODS),7,13,7,6,6,12,7,4,4,12,4,7,89
2015,Bihar,BHOJPUR - BR3( 15-FEB-2018 ),9,THREE WHEELER (PASSENGER),93,69,68,44,54,76,71,102,65,160,81,119,"1,002"
2015,Bihar,BHOJPUR - BR3( 15-FEB-2018 ),10,TRACTOR (COMMERCIAL),55,70,76,50,80,96,104,121,63,71,56,76,918
2015,Bihar,BHOJPUR - BR3( 15-FEB-2018 ),11,TRAILER (COMMERCIAL),57,76,80,50,81,97,95,118,65,72,53,65,909
2015,Bihar,BUXUR - BR44( 01-FEB-2018 ),1,BUS,1,3,0,2,5,3,0,2,1,0,2,5,24
2015,Bihar,BUXUR - BR44( 01-FEB-2018 ),2,GOODS CARRIER,10,17,16,14,10,13,5,17,10,10,13,14,149
2015,Bihar,BUXUR - BR44( 01-FEB-2018 ),3,MAXI CAB,0,0,0,0,0,0,0,0,0,0,0,1,1
2015,Bihar,BUXUR - BR44( 01-FEB-2018 ),4,M-CYCLE/SCOOTER,436,685,535,494,729,578,440,342,548,405,822,"1,101","7,115"
2015,Bihar,BUXUR - BR44( 01-FEB-2018 ),5,MOPED,0,0,2,5,0,0,0,0,0,0,0,0,7
2015,Bihar,BUXUR - BR44( 01-FEB-2018 ),6,MOTOR CAB,4,7,6,2,4,2,1,2,3,1,2,2,36
2015,Bihar,BUXUR - BR44( 01-FEB-2018 ),7,MOTOR CAR,34,36,28,25,21,22,19,42,17,12,42,33,331
2015,Bihar,BUXUR - BR44( 01-FEB-2018 ),8,THREE WHEELER (GOODS),1,0,0,0,0,0,0,0,0,0,1,0,2
2015,Bihar,BUXUR - BR44( 01-FEB-2018 ),9,THREE WHEELER (PASSENGER),25,35,32,30,33,33,24,25,25,28,56,58,404
2015,Bihar,BUXUR - BR44( 01-FEB-2018 ),10,TRACTOR (COMMERCIAL),73,55,77,41,48,94,96,90,71,61,44,131,881
2015,Bihar,BUXUR - BR44( 01-FEB-2018 ),11,TRAILER (COMMERCIAL),73,55,76,40,47,95,98,90,71,64,44,133,886
2015,Bihar,CHAPARA - BR4( 29-JAN-2018 ),1,AMBULANCE,0,0,13,0,0,0,0,0,0,0,0,0,13
2015,Bihar,CHAPARA - BR4( 29-JAN-2018 ),2,BUS,1,9,4,3,5,2,3,2,4,4,3,2,42
2015,Bihar,CHAPARA - BR4( 29-JAN-2018 ),3,GOODS CARRIER,69,82,75,56,31,70,54,40,56,57,66,60,716
2015,Bihar,CHAPARA - BR4( 29-JAN-2018 ),4,M-CYCLE/SCOOTER,"1,219","1,322","1,368","2,306","2,615","1,548",771,901,"1,142",977,"2,155","1,224","17,548"
2015,Bihar,CHAPARA - BR4( 29-JAN-2018 ),5,M-CYCLE/SCOOTER-WITH SIDE CAR,0,0,0,0,0,0,0,0,1,0,0,0,1
2015,Bihar,CHAPARA - BR4( 29-JAN-2018 ),6,MOPED,5,13,6,18,28,75,37,5,28,24,23,30,292
2015,Bihar,CHAPARA - BR4( 29-JAN-2018 ),7,MOTOR CAB,9,17,22,4,11,11,1,8,13,6,9,15,126
2015,Bihar,CHAPARA - BR4( 29-JAN-2018 ),8,MOTOR CAR,85,43,20,87,60,68,65,59,42,57,33,137,756
2015,Bihar,CHAPARA - BR4( 29-JAN-2018 ),9,THREE WHEELER (GOODS),1,0,6,3,3,6,7,3,5,6,3,2,45
2015,Bihar,CHAPARA - BR4( 29-JAN-2018 ),10,THREE WHEELER (PASSENGER),59,50,51,47,15,54,49,54,45,45,56,70,595
2015,Bihar,CHAPARA - BR4( 29-JAN-2018 ),11,TRACTOR (COMMERCIAL),43,45,52,42,46,78,72,65,71,71,72,90,747
2015,Bihar,CHAPARA - BR4( 29-JAN-2018 ),12,TRAILER (COMMERCIAL),7,2,7,3,1,5,5,10,22,8,11,5,86
2015,Bihar,DARBHANGA - BR7( 30-JAN-2018 ),1,AMBULANCE,0,0,0,0,0,0,0,1,0,0,0,0,1
2015,Bihar,DARBHANGA - BR7( 30-JAN-2018 ),2,BUS,3,2,2,4,1,5,2,2,0,2,3,4,30
2015,Bihar,DARBHANGA - BR7( 30-JAN-2018 ),3,CONSTRUCTION EQUIPMENT VEHICLE,0,1,0,0,0,0,0,0,0,0,0,0,1
2015,Bihar,DARBHANGA - BR7( 30-JAN-2018 ),4,GOODS CARRIER,77,69,57,50,51,49,22,70,53,37,55,63,653
2015,Bihar,DARBHANGA - BR7( 30-JAN-2018 ),5,M-CYCLE/SCOOTER,"1,326","1,644","1,782","2,109","2,427","2,191","1,053","1,459","1,550","1,556","2,059","1,599","20,755"
2015,Bihar,DARBHANGA - BR7( 30-JAN-2018 ),6,M-CYCLE/SCOOTER-WITH SIDE CAR,0,0,0,0,0,0,0,0,0,0,1,0,1
2015,Bihar,DARBHANGA - BR7( 30-JAN-2018 ),7,MOPED,1,6,1,0,1,0,0,19,4,1,0,0,33
2015,Bihar,DARBHANGA - BR7( 30-JAN-2018 ),8,MOTOR CAB,51,39,48,42,38,47,16,32,26,24,21,35,419
2015,Bihar,DARBHANGA - BR7( 30-JAN-2018 ),9,MOTOR CAR,149,131,123,115,123,131,93,116,114,112,208,140,"1,555"
2015,Bihar,DARBHANGA - BR7( 30-JAN-2018 ),10,THREE WHEELER (GOODS),9,9,9,6,10,15,4,14,13,6,9,9,113
2015,Bihar,DARBHANGA - BR7( 30-JAN-2018 ),11,THREE WHEELER (PASSENGER),142,152,167,101,149,208,113,214,177,264,221,186,"2,094"
2015,Bihar,DARBHANGA - BR7( 30-JAN-2018 ),12,TRACTOR (COMMERCIAL),53,63,80,41,74,100,69,99,49,90,77,99,894
2015,Bihar,DARBHANGA - BR7( 30-JAN-2018 ),13,TRAILER (COMMERCIAL),36,47,29,16,34,43,22,42,14,44,8,32,367
2015,Bihar,GAYA - BR2( 06-SEP-2017 ),1,ADAPTED VEHICLE,0,0,0,2,0,0,0,0,0,1,1,2,6
2015,Bihar,GAYA - BR2( 06-SEP-2017 ),2,AGRICULTURAL TRACTOR,0,0,1,3,1,5,0,3,0,0,1,0,14
2015,Bihar,GAYA - BR2( 06-SEP-2017 ),3,AMBULANCE,0,0,0,0,0,0,0,0,0,0,1,0,1
2015,Bihar,GAYA - BR2( 06-SEP-2017 ),4,BUS,20,11,23,13,11,5,5,12,11,15,8,5,139
2015,Bihar,GAYA - BR2( 06-SEP-2017 ),5,EXCAVATOR (COMMERCIAL),0,0,0,0,0,0,0,1,0,0,0,0,1
2015,Bihar,GAYA - BR2( 06-SEP-2017 ),6,GOODS CARRIER,102,115,108,81,91,90,71,90,116,57,95,119,"1,135"
2015,Bihar,GAYA - BR2( 06-SEP-2017 ),7,MAXI CAB,3,4,5,3,3,1,6,1,2,1,1,3,33
2015,Bihar,GAYA - BR2( 06-SEP-2017 ),8,M-CYCLE/SCOOTER,"1,717","1,888","2,094","3,581","3,519","1,934","1,293","1,349","1,663","1,539","2,891","1,801","25,269"
2015,Bihar,GAYA - BR2( 06-SEP-2017 ),9,MOPED,24,9,6,40,8,35,0,31,15,43,29,37,277
2015,Bihar,GAYA - BR2( 06-SEP-2017 ),10,MOTOR CAB,25,42,37,20,61,22,26,34,22,21,29,26,365
2015,Bihar,GAYA - BR2( 06-SEP-2017 ),11,MOTOR CAR,226,180,152,167,215,164,103,133,174,161,238,213,"2,126"
2015,Bihar,GAYA - BR2( 06-SEP-2017 ),12,THREE WHEELER (GOODS),21,22,26,16,25,25,26,24,25,15,49,39,313
2015,Bihar,GAYA - BR2( 06-SEP-2017 ),13,THREE WHEELER (PASSENGER),162,128,127,104,101,183,167,198,351,184,345,263,"2,313"
2015,Bihar,GAYA - BR2( 06-SEP-2017 ),14,TRACTOR (COMMERCIAL),103,81,78,79,57,121,149,122,66,82,103,191,"1,232"
2015,Bihar,GAYA - BR2( 06-SEP-2017 ),15,TRAILER (COMMERCIAL),66,50,30,44,25,85,53,58,31,37,28,69,576
2015,Bihar,GOPALGANJ - BR28( 08-JUN-2017 ),1,AGRICULTURAL TRACTOR,0,0,1,0,0,0,0,0,0,0,0,0,1
2015,Bihar,GOPALGANJ - BR28( 08-JUN-2017 ),2,BUS,3,2,3,0,4,7,6,3,6,0,1,3,38
2015,Bihar,GOPALGANJ - BR28( 08-JUN-2017 ),3,CONSTRUCTION EQUIPMENT VEHICLE,0,0,1,0,0,0,0,0,1,0,0,0,2
2015,Bihar,GOPALGANJ - BR28( 08-JUN-2017 ),4,GOODS CARRIER,28,31,31,24,24,27,27,16,57,28,20,43,356
2015,Bihar,GOPALGANJ - BR28( 08-JUN-2017 ),5,MAXI CAB,13,15,8,2,12,6,3,7,7,4,6,3,86
2015,Bihar,GOPALGANJ - BR28( 08-JUN-2017 ),6,M-CYCLE/SCOOTER,"1,127","1,355","1,620","2,503","3,119","1,611","1,025","1,100",784,982,"1,689","1,071","17,986"
2015,Bihar,GOPALGANJ - BR28( 08-JUN-2017 ),7,MOPED,0,0,1,0,0,1,0,0,0,1,1,0,4
2015,Bihar,GOPALGANJ - BR28( 08-JUN-2017 ),8,MOTOR CAB,0,0,0,1,1,0,1,0,1,0,1,1,6
2015,Bihar,GOPALGANJ - BR28( 08-JUN-2017 ),9,MOTOR CAR,78,96,63,75,80,112,59,33,76,63,74,93,902
2015,Bihar,GOPALGANJ - BR28( 08-JUN-2017 ),10,OMNI BUS,1,0,0,0,0,0,0,0,0,0,0,0,1
2015,Bihar,GOPALGANJ - BR28( 08-JUN-2017 ),11,THREE WHEELER (GOODS),3,1,1,0,1,0,0,1,2,1,0,3,13
2015,Bihar,GOPALGANJ - BR28( 08-JUN-2017 ),12,THREE WHEELER (PASSENGER),33,54,14,19,15,17,16,24,43,18,10,32,295
2015,Bihar,GOPALGANJ - BR28( 08-JUN-2017 ),13,TRACTOR (COMMERCIAL),82,79,84,52,60,62,57,51,56,51,41,178,853
2015,Bihar,GOPALGANJ - BR28( 08-JUN-2017 ),14,TRAILER (COMMERCIAL),1,1,0,2,1,0,8,0,0,0,0,0,13
2015,Bihar,JAMUI - BR46( 07-JUN-2017 ),1,BUS,0,0,1,1,0,1,1,0,1,0,0,0,5
2015,Bihar,JAMUI - BR46( 07-JUN-2017 ),2,FIRE FIGHTING VEHICLE,0,0,0,0,0,0,0,0,2,0,0,0,2
2015,Bihar,JAMUI - BR46( 07-JUN-2017 ),3,GOODS CARRIER,5,9,11,17,8,8,3,3,12,7,10,13,106
2015,Bihar,JAMUI - BR46( 07-JUN-2017 ),4,M-CYCLE/SCOOTER,347,334,421,440,452,610,256,238,305,243,563,467,"4,676"
2015,Bihar,JAMUI - BR46( 07-JUN-2017 ),5,MOPED,2,2,7,2,14,14,10,8,6,0,2,3,70
2015,Bihar,JAMUI - BR46( 07-JUN-2017 ),6,MOTOR CAB,2,7,6,6,4,4,0,1,2,4,3,3,42
2015,Bihar,JAMUI - BR46( 07-JUN-2017 ),7,MOTOR CAR,15,19,8,3,1,17,5,10,12,7,19,13,129
2015,Bihar,JAMUI - BR46( 07-JUN-2017 ),8,THREE WHEELER (GOODS),2,2,0,3,0,0,2,0,1,5,5,0,20
2015,Bihar,JAMUI - BR46( 07-JUN-2017 ),9,THREE WHEELER (PASSENGER),28,27,29,25,14,20,54,36,55,62,75,39,464
2015,Bihar,JAMUI - BR46( 07-JUN-2017 ),10,TRACTOR (COMMERCIAL),54,38,36,21,18,26,57,16,24,18,13,31,352
2015,Bihar,JAMUI - BR46( 07-JUN-2017 ),11,TRAILER (COMMERCIAL),52,36,36,21,17,26,58,16,24,18,13,31,348
2015,Bihar,JEHANABAD - BR25( 26-MAY-2017 ),1,AGRICULTURAL TRACTOR,0,0,1,2,0,1,0,0,1,0,0,0,5
2015,Bihar,JEHANABAD - BR25( 26-MAY-2017 ),2,BUS,2,2,3,5,1,2,4,3,1,5,1,2,31
2015,Bihar,JEHANABAD - BR25( 26-MAY-2017 ),3,GOODS CARRIER,34,40,38,43,54,45,34,28,52,50,45,69,532
2015,Bihar,JEHANABAD - BR25( 26-MAY-2017 ),4,MAXI CAB,0,0,0,1,0,1,0,1,0,0,1,0,4
2015,Bihar,JEHANABAD - BR25( 26-MAY-2017 ),5,M-CYCLE/SCOOTER,120,154,174,340,235,361,274,225,312,41,365,339,"2,940"
2015,Bihar,JEHANABAD - BR25( 26-MAY-2017 ),6,MOPED,20,14,20,34,10,30,15,32,35,15,26,37,288
2015,Bihar,JEHANABAD - BR25( 26-MAY-2017 ),7,MOTOR CAB,1,5,3,4,3,3,3,1,1,3,0,1,28
2015,Bihar,JEHANABAD - BR25( 26-MAY-2017 ),8,MOTOR CAR,5,7,10,11,3,20,7,7,6,7,7,4,94
2015,Bihar,JEHANABAD - BR25( 26-MAY-2017 ),9,THREE WHEELER (GOODS),1,5,2,1,1,4,0,0,3,1,2,1,21
2015,Bihar,JEHANABAD - BR25( 26-MAY-2017 ),10,THREE WHEELER (PASSENGER),35,32,35,30,26,36,28,39,52,32,55,39,439
2015,Bihar,JEHANABAD - BR25( 26-MAY-2017 ),11,TRACTOR (COMMERCIAL),46,21,35,54,21,46,64,26,28,51,42,40,474
2015,Bihar,JEHANABAD - BR25( 26-MAY-2017 ),12,TRAILER (AGRICULTURAL),0,0,0,0,0,0,0,0,0,0,0,1,1
2015,Bihar,JEHANABAD - BR25( 26-MAY-2017 ),13,TRAILER (COMMERCIAL),45,19,32,51,14,44,57,24,23,43,38,35,425
2015,Bihar,KATIHAR - BR39( 23-JAN-2018 ),1,BUS,1,2,1,1,1,2,0,0,0,0,0,1,9
2015,Bihar,KATIHAR - BR39( 23-JAN-2018 ),2,GOODS CARRIER,11,10,5,5,9,11,12,15,10,24,8,13,133
2015,Bihar,KATIHAR - BR39( 23-JAN-2018 ),3,MAXI CAB,0,0,0,0,1,0,0,1,0,0,0,0,2
2015,Bihar,KATIHAR - BR39( 23-JAN-2018 ),4,M-CYCLE/SCOOTER,"1,271","1,371","1,443","1,444","2,486","2,454","1,505","1,663","1,381","1,359","1,902","1,169","19,448"
2015,Bihar,KATIHAR - BR39( 23-JAN-2018 ),5,MOPED,0,2,0,0,10,2,0,0,0,0,0,0,14
2015,Bihar,KATIHAR - BR39( 23-JAN-2018 ),6,MOTOR CAB,1,1,0,1,0,1,0,1,4,1,2,3,15
2015,Bihar,KATIHAR - BR39( 23-JAN-2018 ),7,MOTOR CAR,22,24,22,10,17,47,35,35,32,26,27,17,314
2015,Bihar,KATIHAR - BR39( 23-JAN-2018 ),8,THREE WHEELER (GOODS),0,0,0,1,0,0,1,0,0,0,0,0,2
2015,Bihar,KATIHAR - BR39( 23-JAN-2018 ),9,THREE WHEELER (PASSENGER),7,4,13,4,9,14,12,6,16,17,13,13,128
2015,Bihar,KATIHAR - BR39( 23-JAN-2018 ),10,TRACTOR (COMMERCIAL),61,57,69,37,59,79,99,59,50,116,68,81,835
2015,Bihar,KATIHAR - BR39( 23-JAN-2018 ),11,TRAILER (COMMERCIAL),21,31,31,32,66,27,38,22,29,44,28,30,399
2015,Bihar,KHAGARIA - BR34( 01-FEB-2018 ),1,BUS,0,1,0,0,0,0,1,0,1,0,1,0,4
2015,Bihar,KHAGARIA - BR34( 01-FEB-2018 ),2,GOODS CARRIER,8,5,8,4,3,7,4,5,5,4,4,9,66
2015,Bihar,KHAGARIA - BR34( 01-FEB-2018 ),3,M-CYCLE/SCOOTER,420,438,457,576,729,834,539,507,473,292,795,667,"6,727"
2015,Bihar,KHAGARIA - BR34( 01-FEB-2018 ),4,MOPED,0,2,9,2,0,2,1,0,1,0,0,0,17
2015,Bihar,KHAGARIA - BR34( 01-FEB-2018 ),5,MOTOR CAB,3,2,5,3,4,5,4,1,1,0,1,3,32
2015,Bihar,KHAGARIA - BR34( 01-FEB-2018 ),6,MOTOR CAR,4,3,2,2,6,9,14,6,6,3,4,9,68
2015,Bihar,KHAGARIA - BR34( 01-FEB-2018 ),7,THREE WHEELER (GOODS),1,5,4,4,1,4,3,1,2,0,3,4,32
2015,Bihar,KHAGARIA - BR34( 01-FEB-2018 ),8,THREE WHEELER (PASSENGER),27,13,30,15,23,17,24,31,34,27,27,32,300
2015,Bihar,KHAGARIA - BR34( 01-FEB-2018 ),9,TRACTOR (COMMERCIAL),52,41,44,58,50,52,60,49,17,50,59,50,582
2015,Bihar,KHAGARIA - BR34( 01-FEB-2018 ),10,TRAILER (COMMERCIAL),50,43,41,58,37,52,60,50,20,45,47,40,543
2015,Bihar,KISHANGANJ - BR37( 07-FEB-2018 ),1,AMBULANCE,0,0,0,0,0,0,0,1,0,0,0,1,2
2015,Bihar,KISHANGANJ - BR37( 07-FEB-2018 ),2,BUS,0,0,0,0,1,6,2,3,0,2,0,0,14
2015,Bihar,KISHANGANJ - BR37( 07-FEB-2018 ),3,GOODS CARRIER,3,3,5,0,4,2,1,0,9,1,6,5,39
2015,Bihar,KISHANGANJ - BR37( 07-FEB-2018 ),4,MAXI CAB,1,0,0,3,1,0,0,1,2,0,0,1,9
2015,Bihar,KISHANGANJ - BR37( 07-FEB-2018 ),5,M-CYCLE/SCOOTER,41,146,770,983,"1,695","1,242","1,294","3,890","2,314",801,27,806,"14,009"
2015,Bihar,KISHANGANJ - BR37( 07-FEB-2018 ),6,MOPED,0,0,1,0,0,0,2,8,1,1,0,0,13
2015,Bihar,KISHANGANJ - BR37( 07-FEB-2018 ),7,MOTOR CAB,0,0,1,0,0,0,3,6,2,0,1,0,13
2015,Bihar,KISHANGANJ - BR37( 07-FEB-2018 ),8,MOTOR CAR,26,28,9,17,57,14,63,19,38,49,3,39,362
2015,Bihar,KISHANGANJ - BR37( 07-FEB-2018 ),9,OMNI BUS (PRIVATE USE),0,0,0,0,0,0,1,0,0,0,0,0,1
2015,Bihar,KISHANGANJ - BR37( 07-FEB-2018 ),10,THREE WHEELER (GOODS),1,1,1,0,1,0,1,0,0,0,0,1,6
2015,Bihar,KISHANGANJ - BR37( 07-FEB-2018 ),11,THREE WHEELER (PASSENGER),19,10,14,22,17,13,21,4,33,24,20,22,219
2015,Bihar,KISHANGANJ - BR37( 07-FEB-2018 ),12,TRACTOR (COMMERCIAL),47,15,67,33,30,34,50,52,35,45,36,69,513
2015,Bihar,KISHANGANJ - BR37( 07-FEB-2018 ),13,TRAILER (COMMERCIAL),2,2,4,4,2,2,5,1,10,3,3,4,42
2015,Bihar,LAKHISARAI - BR53( 27-JAN-2017 ),1,BUS,0,1,0,0,1,2,0,1,1,0,0,0,6
2015,Bihar,LAKHISARAI - BR53( 27-JAN-2017 ),2,GOODS CARRIER,24,15,19,15,19,26,13,19,20,25,17,19,231
2015,Bihar,LAKHISARAI - BR53( 27-JAN-2017 ),3,M-CYCLE/SCOOTER,218,186,323,372,393,286,120,174,232,136,527,202,"3,169"
2015,Bihar,LAKHISARAI - BR53( 27-JAN-2017 ),4,M-CYCLE/SCOOTER-WITH SIDE CAR,0,0,10,0,0,0,0,0,0,0,0,0,10
2015,Bihar,LAKHISARAI - BR53( 27-JAN-2017 ),5,MOTOR CAB,7,7,5,7,6,5,1,7,5,2,4,9,65
2015,Bihar,LAKHISARAI - BR53( 27-JAN-2017 ),6,MOTOR CAR,7,11,8,10,9,10,17,7,8,7,7,16,117
2015,Bihar,LAKHISARAI - BR53( 27-JAN-2017 ),7,THREE WHEELER (GOODS),0,0,0,1,1,0,0,0,0,0,0,1,3
2015,Bihar,LAKHISARAI - BR53( 27-JAN-2017 ),8,THREE WHEELER (PASSENGER),0,1,1,0,1,1,2,2,1,2,1,7,19
2015,Bihar,LAKHISARAI - BR53( 27-JAN-2017 ),9,TRACTOR (COMMERCIAL),21,19,13,26,10,17,26,39,21,10,14,21,237
2015,Bihar,LAKHISARAI - BR53( 27-JAN-2017 ),10,TRAILER (COMMERCIAL),23,22,14,22,8,10,19,30,32,7,9,18,214
2015,Bihar,MADHEPURA - BR43( 02-JUN-2017 ),1,BUS,1,1,0,2,0,0,0,0,1,2,0,2,9
2015,Bihar,MADHEPURA - BR43( 02-JUN-2017 ),2,GOODS CARRIER,6,1,6,0,2,5,0,6,5,1,2,7,41
2015,Bihar,MADHEPURA - BR43( 02-JUN-2017 ),3,M-CYCLE/SCOOTER,652,749,889,642,"1,302","1,389",838,886,655,404,723,922,"10,051"
2015,Bihar,MADHEPURA - BR43( 02-JUN-2017 ),4,MOPED,1,1,1,1,4,0,7,0,0,1,0,1,17
2015,Bihar,MADHEPURA - BR43( 02-JUN-2017 ),5,MOTOR CAB,6,3,2,1,1,0,3,1,2,3,0,1,23
2015,Bihar,MADHEPURA - BR43( 02-JUN-2017 ),6,MOTOR CAR,28,18,9,3,13,8,12,12,38,17,11,12,181
2015,Bihar,MADHEPURA - BR43( 02-JUN-2017 ),7,THREE WHEELER (GOODS),6,4,6,5,6,2,10,9,8,4,5,18,83
2015,Bihar,MADHEPURA - BR43( 02-JUN-2017 ),8,THREE WHEELER (PASSENGER),38,56,45,13,24,38,72,62,72,97,73,132,722
2015,Bihar,MADHEPURA - BR43( 02-JUN-2017 ),9,TRACTOR (COMMERCIAL),43,42,39,12,43,74,93,68,47,116,98,144,819
2015,Bihar,MADHEPURA - BR43( 02-JUN-2017 ),10,TRAILER (COMMERCIAL),26,25,22,6,24,30,32,33,10,54,24,58,344
2015,Bihar,MADHUBANI - BR32( 01-FEB-2018 ),1,AGRICULTURAL TRACTOR,2,0,0,0,0,0,0,0,0,0,0,1,3
2015,Bihar,MADHUBANI - BR32( 01-FEB-2018 ),2,BUS,1,3,2,0,2,1,1,3,1,0,0,0,14
2015,Bihar,MADHUBANI - BR32( 01-FEB-2018 ),3,GOODS CARRIER,3,6,4,12,16,29,10,12,13,8,7,10,130
2015,Bihar,MADHUBANI - BR32( 01-FEB-2018 ),4,M-CYCLE/SCOOTER,"1,172","1,965","1,712","1,674","2,996","1,851","1,017","1,235","1,018","1,482","1,855","1,717","19,694"
2015,Bihar,MADHUBANI - BR32( 01-FEB-2018 ),5,MOPED,0,0,1,0,3,0,0,0,0,0,0,0,4
2015,Bihar,MADHUBANI - BR32( 01-FEB-2018 ),6,MOTOR CAB,10,3,6,8,13,16,7,24,17,13,11,13,141
2015,Bihar,MADHUBANI - BR32( 01-FEB-2018 ),7,MOTOR CAR,21,26,16,23,30,21,20,58,22,31,24,36,328
2015,Bihar,MADHUBANI - BR32( 01-FEB-2018 ),8,THREE WHEELER (GOODS),0,0,2,2,6,7,3,9,4,10,2,0,45
2015,Bihar,MADHUBANI - BR32( 01-FEB-2018 ),9,THREE WHEELER (PASSENGER),29,23,28,27,39,41,36,53,35,65,62,50,488
2015,Bihar,MADHUBANI - BR32( 01-FEB-2018 ),10,TRACTOR (COMMERCIAL),89,69,72,40,52,99,133,115,79,121,120,201,"1,190"
2015,Bihar,MADHUBANI - BR32( 01-FEB-2018 ),11,TRAILER (COMMERCIAL),58,40,36,25,27,56,73,73,65,77,80,117,727
2015,Bihar,MOTIHARI - BR5( 05-JUL-2017 ),1,AGRICULTURAL TRACTOR,1,0,0,0,0,0,1,0,2,0,1,0,5
2015,Bihar,MOTIHARI - BR5( 05-JUL-2017 ),2,AMBULANCE,0,0,0,0,0,0,0,0,0,1,0,1,2
2015,Bihar,MOTIHARI - BR5( 05-JUL-2017 ),3,BUS,2,2,4,3,2,4,1,4,6,1,0,1,30
2015,Bihar,MOTIHARI - BR5( 05-JUL-2017 ),4,CONSTRUCTION EQUIPMENT VEHICLE,0,0,0,0,0,0,1,0,0,0,0,0,1
2015,Bihar,MOTIHARI - BR5( 05-JUL-2017 ),5,GOODS CARRIER,36,47,40,25,33,54,40,32,46,28,33,35,449
2015,Bihar,MOTIHARI - BR5( 05-JUL-2017 ),6,MAXI CAB,1,0,0,0,0,0,0,0,0,0,0,2,3
2015,Bihar,MOTIHARI - BR5( 05-JUL-2017 ),7,M-CYCLE/SCOOTER,"1,680","1,647","1,998","2,165","2,398","1,796","1,283","1,325","1,278","1,596","2,218","1,687","21,071"
2015,Bihar,MOTIHARI - BR5( 05-JUL-2017 ),8,M-CYCLE/SCOOTER-WITH SIDE CAR,0,0,0,0,0,0,0,0,0,0,0,1,1
2015,Bihar,MOTIHARI - BR5( 05-JUL-2017 ),9,MOPED,0,0,0,0,0,1,1,1,5,2,77,0,87
2015,Bihar,MOTIHARI - BR5( 05-JUL-2017 ),10,MOTOR CAB,29,28,12,12,9,18,13,18,18,17,11,13,198
2015,Bihar,MOTIHARI - BR5( 05-JUL-2017 ),11,MOTOR CAR,85,90,58,64,57,98,90,61,85,70,89,77,924
2015,Bihar,MOTIHARI - BR5( 05-JUL-2017 ),12,PRIVATE SERVICE VEHICLE (INDIVIDUAL USE),0,0,0,0,0,0,1,0,0,0,0,0,1
2015,Bihar,MOTIHARI - BR5( 05-JUL-2017 ),13,THREE WHEELER (GOODS),0,0,1,1,1,1,2,0,0,1,0,2,9
2015,Bihar,MOTIHARI - BR5( 05-JUL-2017 ),14,THREE WHEELER (PASSENGER),59,75,67,36,44,59,71,64,80,132,77,100,864
2015,Bihar,MOTIHARI - BR5( 05-JUL-2017 ),15,TRACTOR (COMMERCIAL),123,134,120,62,93,148,119,108,114,132,171,189,"1,513"
2015,Bihar,MOTIHARI - BR5( 05-JUL-2017 ),16,TRAILER (AGRICULTURAL),0,0,0,0,0,1,1,0,0,0,0,0,2
2015,Bihar,MOTIHARI - BR5( 05-JUL-2017 ),17,TRAILER (COMMERCIAL),32,39,29,6,13,10,25,13,15,25,6,15,228
2015,Bihar,MUNGER - BR8( 06-FEB-2018 ),1,ARTICULATED VEHICLE,0,0,0,0,0,0,0,0,2,0,0,0,2
2015,Bihar,MUNGER - BR8( 06-FEB-2018 ),2,CONSTRUCTION EQUIPMENT VEHICLE,0,0,0,0,0,0,1,0,0,0,0,0,1
2015,Bihar,MUNGER - BR8( 06-FEB-2018 ),3,GOODS CARRIER,5,7,2,6,12,4,5,7,7,6,4,8,73
2015,Bihar,MUNGER - BR8( 06-FEB-2018 ),4,M-CYCLE/SCOOTER,350,399,441,403,539,740,581,558,524,412,816,551,"6,314"
2015,Bihar,MUNGER - BR8( 06-FEB-2018 ),5,MOPED,1,9,0,0,7,0,0,0,0,0,0,0,17
2015,Bihar,MUNGER - BR8( 06-FEB-2018 ),6,MOTOR CAB,3,4,3,3,6,4,6,3,3,2,6,5,48
2015,Bihar,MUNGER - BR8( 06-FEB-2018 ),7,MOTOR CAR,6,7,5,8,15,19,4,5,4,4,11,23,111
2015,Bihar,MUNGER - BR8( 06-FEB-2018 ),8,THREE WHEELER (GOODS),1,0,1,1,2,0,2,2,8,2,3,0,22
2015,Bihar,MUNGER - BR8( 06-FEB-2018 ),9,THREE WHEELER (PASSENGER),28,20,15,24,39,22,26,17,44,37,44,24,340
2015,Bihar,MUNGER - BR8( 06-FEB-2018 ),10,TRACTOR (COMMERCIAL),19,10,11,6,13,9,5,15,12,9,15,10,134
2015,Bihar,MUNGER - BR8( 06-FEB-2018 ),11,TRAILER (COMMERCIAL),23,9,8,6,13,7,7,15,11,8,12,10,129
2015,Bihar,MUZAFFARPUR - BR6( 01-FEB-2018 ),1,AGRICULTURAL TRACTOR,12,8,67,58,59,53,97,77,35,94,59,112,731
2015,Bihar,MUZAFFARPUR - BR6( 01-FEB-2018 ),2,AMBULANCE,0,0,0,0,0,0,1,0,0,1,0,0,2
2015,Bihar,MUZAFFARPUR - BR6( 01-FEB-2018 ),3,ARTICULATED VEHICLE,0,0,0,0,1,0,0,0,0,1,0,0,2
2015,Bihar,MUZAFFARPUR - BR6( 01-FEB-2018 ),4,BUS,18,15,28,15,28,22,18,15,9,12,11,12,203
2015,Bihar,MUZAFFARPUR - BR6( 01-FEB-2018 ),5,CASH VAN,0,0,0,0,0,0,0,1,0,0,0,0,1
2015,Bihar,MUZAFFARPUR - BR6( 01-FEB-2018 ),6,CONSTRUCTION EQUIPMENT VEHICLE,0,0,0,0,0,0,0,0,0,1,0,0,1
2015,Bihar,MUZAFFARPUR - BR6( 01-FEB-2018 ),7,GOODS CARRIER,251,230,281,246,240,240,156,175,233,172,200,195,"2,619"
2015,Bihar,MUZAFFARPUR - BR6( 01-FEB-2018 ),8,M-CYCLE/SCOOTER,"2,858","3,686","4,154","5,747","6,413","5,895","3,441","3,610","3,539","3,426","5,339","3,328","51,436"
2015,Bihar,MUZAFFARPUR - BR6( 01-FEB-2018 ),9,MOPED,12,10,20,23,9,9,13,16,20,35,27,17,211
2015,Bihar,MUZAFFARPUR - BR6( 01-FEB-2018 ),10,MOTOR CAB,39,32,59,29,41,32,34,37,27,29,40,48,447
2015,Bihar,MUZAFFARPUR - BR6( 01-FEB-2018 ),11,MOTOR CAR,355,314,393,363,366,362,229,355,262,306,509,380,"4,194"
2015,Bihar,MUZAFFARPUR - BR6( 01-FEB-2018 ),12,THREE WHEELER (GOODS),26,26,25,10,27,30,22,24,29,32,28,31,310
2015,Bihar,MUZAFFARPUR - BR6( 01-FEB-2018 ),13,THREE WHEELER (PASSENGER),138,92,142,78,130,195,156,215,248,200,255,243,"2,092"
2015,Bihar,MUZAFFARPUR - BR6( 01-FEB-2018 ),14,TRACTOR (COMMERCIAL),60,59,55,25,8,30,11,10,12,18,8,19,315
2015,Bihar,MUZAFFARPUR - BR6( 01-FEB-2018 ),15,TRAILER (AGRICULTURAL),0,0,0,1,0,0,0,0,0,0,0,0,1
2015,Bihar,MUZAFFARPUR - BR6( 01-FEB-2018 ),16,TRAILER (COMMERCIAL),6,15,9,14,5,12,9,8,15,14,7,13,127
2015,Bihar,NALANDA - BR21( 01-FEB-2018 ),1,BUS,9,7,5,8,7,1,6,3,7,1,4,3,61
2015,Bihar,NALANDA - BR21( 01-FEB-2018 ),2,GOODS CARRIER,40,51,31,44,34,39,35,32,40,28,39,64,477
2015,Bihar,NALANDA - BR21( 01-FEB-2018 ),3,MAXI CAB,0,0,0,3,1,0,0,0,0,0,0,0,4
2015,Bihar,NALANDA - BR21( 01-FEB-2018 ),4,M-CYCLE/SCOOTER,794,862,"1,056","1,770","1,374","1,000",738,825,979,788,"1,572","1,017","12,775"
2015,Bihar,NALANDA - BR21( 01-FEB-2018 ),5,M-CYCLE/SCOOTER-WITH SIDE CAR,0,0,0,0,0,1,0,2,0,0,0,0,3
2015,Bihar,NALANDA - BR21( 01-FEB-2018 ),6,MOPED,5,36,70,47,22,16,6,17,7,15,18,40,299
2015,Bihar,NALANDA - BR21( 01-FEB-2018 ),7,MOTOR CAB,13,11,7,24,23,9,11,7,11,12,7,15,150
2015,Bihar,NALANDA - BR21( 01-FEB-2018 ),8,MOTOR CAR,58,39,45,52,53,52,25,32,62,43,36,77,574
2015,Bihar,NALANDA - BR21( 01-FEB-2018 ),9,THREE WHEELER (GOODS),0,0,1,0,2,0,2,1,0,0,0,0,6
2015,Bihar,NALANDA - BR21( 01-FEB-2018 ),10,THREE WHEELER (PASSENGER),57,43,37,42,47,46,30,52,60,64,46,81,605
2015,Bihar,NALANDA - BR21( 01-FEB-2018 ),11,TRACTOR (COMMERCIAL),56,94,71,80,91,90,108,100,104,60,47,84,985
2015,Bihar,NALANDA - BR21( 01-FEB-2018 ),12,TRAILER (COMMERCIAL),26,51,46,46,40,66,33,70,54,29,25,27,513
2015,Bihar,NAWADA - BR27( 30-JAN-2018 ),1,AMBULANCE,0,0,0,0,0,1,0,0,0,0,0,0,1
2015,Bihar,NAWADA - BR27( 30-JAN-2018 ),2,ARTICULATED VEHICLE,0,1,0,0,0,0,0,0,0,0,0,0,1
2015,Bihar,NAWADA - BR27( 30-JAN-2018 ),3,BUS,1,5,3,2,6,2,2,0,1,2,0,4,28
2015,Bihar,NAWADA - BR27( 30-JAN-2018 ),4,GOODS CARRIER,14,10,16,14,20,12,11,15,17,15,11,14,169
2015,Bihar,NAWADA - BR27( 30-JAN-2018 ),5,MAXI CAB,0,1,0,0,0,0,0,0,0,0,0,0,1
2015,Bihar,NAWADA - BR27( 30-JAN-2018 ),6,M-CYCLE/SCOOTER,450,407,562,767,"1,184",574,548,444,710,538,"1,050",509,"7,743"
2015,Bihar,NAWADA - BR27( 30-JAN-2018 ),7,MOPED,1,0,0,0,0,0,0,0,0,0,0,0,1
2015,Bihar,NAWADA - BR27( 30-JAN-2018 ),8,MOTOR CAB,10,3,2,3,7,5,3,1,1,2,1,2,40
2015,Bihar,NAWADA - BR27( 30-JAN-2018 ),9,MOTOR CAR,32,19,23,34,37,24,15,7,32,18,13,27,281
2015,Bihar,NAWADA - BR27( 30-JAN-2018 ),10,OMNI BUS,0,0,0,0,0,0,1,0,0,0,0,0,1
2015,Bihar,NAWADA - BR27( 30-JAN-2018 ),11,OMNI BUS (PRIVATE USE),1,0,0,0,0,0,0,0,0,0,0,0,1
2015,Bihar,NAWADA - BR27( 30-JAN-2018 ),12,THREE WHEELER (GOODS),1,2,0,1,2,3,1,0,1,1,0,3,15
2015,Bihar,NAWADA - BR27( 30-JAN-2018 ),13,THREE WHEELER (PASSENGER),19,30,21,13,20,21,19,20,40,24,10,16,253
2015,Bihar,NAWADA - BR27( 30-JAN-2018 ),14,TRACTOR (COMMERCIAL),57,82,82,67,75,108,130,84,51,70,61,96,963
2015,Bihar,NAWADA - BR27( 30-JAN-2018 ),15,TRAILER (COMMERCIAL),57,74,74,62,74,108,125,79,46,62,55,87,903
2015,Bihar,PATNA - BR1( 02-FEB-2018 ),1,AMBULANCE,0,0,0,0,0,0,1,0,1,0,0,0,2
2015,Bihar,PATNA - BR1( 02-FEB-2018 ),2,ARTICULATED VEHICLE,0,0,0,0,0,0,0,1,1,1,0,0,3
2015,Bihar,PATNA - BR1( 02-FEB-2018 ),3,BUS,15,25,24,27,41,19,31,36,10,22,3,110,363
2015,Bihar,PATNA - BR1( 02-FEB-2018 ),4,CAMPER VAN / TRAILER,0,1,0,0,0,0,0,0,0,0,0,0,1
2015,Bihar,PATNA - BR1( 02-FEB-2018 ),5,CONSTRUCTION EQUIPMENT VEHICLE,0,0,0,0,0,0,0,0,1,0,0,0,1
2015,Bihar,PATNA - BR1( 02-FEB-2018 ),6,GOODS CARRIER,490,494,481,414,418,409,451,423,478,462,421,505,"5,446"
2015,Bihar,PATNA - BR1( 02-FEB-2018 ),7,LIBRARY VAN,0,0,0,0,0,0,0,0,0,0,1,0,1
2015,Bihar,PATNA - BR1( 02-FEB-2018 ),8,LUXURY CAB,0,0,0,0,1,0,0,0,0,0,0,0,1
2015,Bihar,PATNA - BR1( 02-FEB-2018 ),9,M-CYCLE/SCOOTER,"5,275","5,060","6,050","6,978","7,937","6,972","4,922","6,387","6,458","5,507","10,393","6,365","78,304"
2015,Bihar,PATNA - BR1( 02-FEB-2018 ),10,M-CYCLE/SCOOTER-WITH SIDE CAR,0,0,0,0,0,0,0,4,0,0,0,9,13
2015,Bihar,PATNA - BR1( 02-FEB-2018 ),11,MOPED,22,32,48,30,20,51,11,47,33,59,78,72,503
2015,Bihar,PATNA - BR1( 02-FEB-2018 ),12,MOTOR CAB,44,42,69,70,67,54,76,88,91,68,89,75,833
2015,Bihar,PATNA - BR1( 02-FEB-2018 ),13,MOTOR CAR,"1,464","1,121","1,098","1,018","1,262","1,065",911,"1,118","1,071",974,"1,590","1,797","14,489"
2015,Bihar,PATNA - BR1( 02-FEB-2018 ),14,MOTOR CYCLE/SCOOTER-SIDECAR(T),0,1,0,0,0,0,1,0,1,0,0,0,3
2015,Bihar,PATNA - BR1( 02-FEB-2018 ),15,MOTOR CYCLE/SCOOTER-USED FOR HIRE,0,0,2,0,0,2,1,1,1,1,0,1,9
2015,Bihar,PATNA - BR1( 02-FEB-2018 ),16,THREE WHEELER (GOODS),5,5,5,2,8,7,6,6,18,69,74,43,248
2015,Bihar,PATNA - BR1( 02-FEB-2018 ),17,THREE WHEELER (PASSENGER),220,227,172,113,135,243,204,302,345,365,323,312,"2,961"
2015,Bihar,PATNA - BR1( 02-FEB-2018 ),18,TRACTOR (COMMERCIAL),182,129,126,66,96,130,175,180,108,177,160,204,"1,733"
2015,Bihar,PATNA - BR1( 02-FEB-2018 ),19,TRAILER (AGRICULTURAL),0,1,0,0,0,0,0,0,0,0,0,0,1
2015,Bihar,PATNA - BR1( 02-FEB-2018 ),20,TRAILER (COMMERCIAL),139,104,61,40,45,51,54,64,72,72,60,74,836
2015,Bihar,PURNEA - BR11( 23-JAN-2018 ),1,AMBULANCE,0,0,0,0,0,0,0,0,1,0,0,0,1
2015,Bihar,PURNEA - BR11( 23-JAN-2018 ),2,ARTICULATED VEHICLE,0,0,0,0,0,0,5,2,0,1,0,0,8
2015,Bihar,PURNEA - BR11( 23-JAN-2018 ),3,BUS,8,7,15,9,6,9,6,11,8,9,6,8,102
2015,Bihar,PURNEA - BR11( 23-JAN-2018 ),4,GOODS CARRIER,181,118,119,88,99,126,119,145,123,143,162,205,"1,628"
2015,Bihar,PURNEA - BR11( 23-JAN-2018 ),5,MAXI CAB,0,0,0,0,0,0,1,0,0,0,1,0,2
2015,Bihar,PURNEA - BR11( 23-JAN-2018 ),6,M-CYCLE/SCOOTER,"1,340","1,056","1,691","1,660","2,061","2,449","1,634","1,859","1,445","1,637","2,027","1,435","20,294"
2015,Bihar,PURNEA - BR11( 23-JAN-2018 ),7,MOPED,0,0,0,1,8,1,0,0,0,0,0,1,11
2015,Bihar,PURNEA - BR11( 23-JAN-2018 ),8,MOTOR CAB,34,26,37,26,26,29,34,37,25,21,25,31,351
2015,Bihar,PURNEA - BR11( 23-JAN-2018 ),9,MOTOR CAR,206,175,267,109,172,180,105,172,296,204,297,199,"2,382"
2015,Bihar,PURNEA - BR11( 23-JAN-2018 ),10,THREE WHEELER (GOODS),44,37,47,35,55,62,37,41,48,60,57,60,583
2015,Bihar,PURNEA - BR11( 23-JAN-2018 ),11,THREE WHEELER (PASSENGER),217,146,182,115,209,354,309,469,384,427,335,395,"3,542"
2015,Bihar,PURNEA - BR11( 23-JAN-2018 ),12,TRACTOR (COMMERCIAL),200,104,146,119,147,250,193,278,149,253,121,215,"2,175"
2015,Bihar,PURNEA - BR11( 23-JAN-2018 ),13,TRAILER (COMMERCIAL),15,11,14,18,28,37,43,21,19,7,1,13,227
2015,Bihar,ROHTAS - BR24( 09-FEB-2018 ),1,AGRICULTURAL TRACTOR,0,0,0,1,0,0,0,0,0,0,0,0,1
2015,Bihar,ROHTAS - BR24( 09-FEB-2018 ),2,BUS,3,3,0,2,6,1,2,2,4,2,1,1,27
2015,Bihar,ROHTAS - BR24( 09-FEB-2018 ),3,GOODS CARRIER,10,15,14,14,7,7,13,7,17,13,13,9,139
2015,Bihar,ROHTAS - BR24( 09-FEB-2018 ),4,M-CYCLE/SCOOTER,742,753,"1,030",943,924,302,"1,208",543,823,378,921,"1,388","9,955"
2015,Bihar,ROHTAS - BR24( 09-FEB-2018 ),5,MOPED,0,0,0,2,1,0,0,0,0,0,0,0,3
2015,Bihar,ROHTAS - BR24( 09-FEB-2018 ),6,MOTOR CAB,2,2,4,4,3,1,0,2,2,0,1,0,21
2015,Bihar,ROHTAS - BR24( 09-FEB-2018 ),7,MOTOR CAR,56,74,46,50,37,30,29,59,88,51,38,51,609
2015,Bihar,ROHTAS - BR24( 09-FEB-2018 ),8,THREE WHEELER (GOODS),3,9,6,4,11,1,7,6,4,9,11,13,84
2015,Bihar,ROHTAS - BR24( 09-FEB-2018 ),9,THREE WHEELER (PASSENGER),51,65,59,29,75,27,56,59,68,101,80,80,750
2015,Bihar,ROHTAS - BR24( 09-FEB-2018 ),10,TRACTOR (COMMERCIAL),116,132,156,125,61,47,140,107,85,75,63,115,"1,222"
2015,Bihar,ROHTAS - BR24( 09-FEB-2018 ),11,TRAILER (COMMERCIAL),67,101,131,114,57,43,134,91,76,73,43,110,"1,040"
2015,Bihar,SAHARSA - BR19( 29-JAN-2018 ),1,AMBULANCE,0,0,0,0,0,0,0,0,1,0,0,0,1
2015,Bihar,SAHARSA - BR19( 29-JAN-2018 ),2,BUS,3,3,1,3,2,3,2,3,1,1,7,4,33
2015,Bihar,SAHARSA - BR19( 29-JAN-2018 ),3,GOODS CARRIER,12,16,16,12,12,19,4,4,10,7,7,13,132
2015,Bihar,SAHARSA - BR19( 29-JAN-2018 ),4,M-CYCLE/SCOOTER,492,493,653,330,597,531,812,601,460,453,489,855,"6,766"
2015,Bihar,SAHARSA - BR19( 29-JAN-2018 ),5,M-CYCLE/SCOOTER-WITH SIDE CAR,0,1,0,0,0,0,0,0,0,0,0,0,1
2015,Bihar,SAHARSA - BR19( 29-JAN-2018 ),6,MOPED,5,0,0,1,0,0,0,0,2,0,0,0,8
2015,Bihar,SAHARSA - BR19( 29-JAN-2018 ),7,MOTOR CAB,6,2,6,5,4,9,2,2,3,3,4,7,53
2015,Bihar,SAHARSA - BR19( 29-JAN-2018 ),8,MOTOR CAR,43,37,44,30,37,34,23,46,83,39,72,72,560
2015,Bihar,SAHARSA - BR19( 29-JAN-2018 ),9,THREE WHEELER (GOODS),2,7,4,3,2,5,6,8,5,4,2,17,65
2015,Bihar,SAHARSA - BR19( 29-JAN-2018 ),10,THREE WHEELER (PASSENGER),33,25,17,14,6,13,38,38,77,48,20,92,421
2015,Bihar,SAHARSA - BR19( 29-JAN-2018 ),11,TRACTOR (COMMERCIAL),54,56,43,38,40,64,96,73,68,25,54,75,686
2015,Bihar,SAHARSA - BR19( 29-JAN-2018 ),12,TRAILER (COMMERCIAL),30,29,26,15,15,10,94,17,22,11,10,28,307
2015,Bihar,SAMASTIPUR - BR33( 06-JUL-2017 ),1,ADAPTED VEHICLE,0,0,0,0,0,0,1,19,0,0,0,0,20
2015,Bihar,SAMASTIPUR - BR33( 06-JUL-2017 ),2,BUS,0,1,3,0,0,3,0,0,3,6,2,0,18
2015,Bihar,SAMASTIPUR - BR33( 06-JUL-2017 ),3,GOODS CARRIER,23,30,25,23,12,17,11,30,16,17,47,74,325
2015,Bihar,SAMASTIPUR - BR33( 06-JUL-2017 ),4,M-CYCLE/SCOOTER,"1,412","1,610","1,822","2,464","3,030","2,476","1,353","1,659","1,551","1,364","2,445","1,673","22,859"
2015,Bihar,SAMASTIPUR - BR33( 06-JUL-2017 ),5,M-CYCLE/SCOOTER-WITH SIDE CAR,0,0,0,0,0,0,0,0,0,0,0,1,1
2015,Bihar,SAMASTIPUR - BR33( 06-JUL-2017 ),6,MOPED,0,0,0,0,1,0,0,8,0,0,2,0,11
2015,Bihar,SAMASTIPUR - BR33( 06-JUL-2017 ),7,MOTOR CAB,6,5,12,10,12,7,5,4,8,3,1,3,76
2015,Bihar,SAMASTIPUR - BR33( 06-JUL-2017 ),8,MOTOR CAR,44,31,27,15,61,42,18,38,40,15,15,65,411
2015,Bihar,SAMASTIPUR - BR33( 06-JUL-2017 ),9,THREE WHEELER (GOODS),1,5,7,3,10,6,4,6,5,3,11,13,74
2015,Bihar,SAMASTIPUR - BR33( 06-JUL-2017 ),10,THREE WHEELER (PASSENGER),65,48,57,26,67,67,43,89,76,87,117,84,826
2015,Bihar,SAMASTIPUR - BR33( 06-JUL-2017 ),11,TRACTOR (COMMERCIAL),63,74,123,49,67,81,49,92,70,79,64,114,925
2015,Bihar,SAMASTIPUR - BR33( 06-JUL-2017 ),12,TRAILER (COMMERCIAL),61,67,98,41,54,65,34,67,57,65,21,34,664
2015,Bihar,SHEIKHPURA - BR52( 17-JUL-2017 ),1,BUS,1,0,2,1,0,0,0,0,0,0,0,0,4
2015,Bihar,SHEIKHPURA - BR52( 17-JUL-2017 ),2,GOODS CARRIER,7,3,8,6,7,8,1,8,8,5,0,7,68
2015,Bihar,SHEIKHPURA - BR52( 17-JUL-2017 ),3,MAXI CAB,0,1,0,0,0,0,0,0,0,0,0,0,1
2015,Bihar,SHEIKHPURA - BR52( 17-JUL-2017 ),4,M-CYCLE/SCOOTER,161,148,70,185,196,175,163,83,127,32,95,249,"1,684"
2015,Bihar,SHEIKHPURA - BR52( 17-JUL-2017 ),5,MOPED,2,0,0,0,0,0,0,0,0,0,0,0,2
2015,Bihar,SHEIKHPURA - BR52( 17-JUL-2017 ),6,MOTOR CAB,0,1,2,3,1,2,0,0,0,2,0,3,14
2015,Bihar,SHEIKHPURA - BR52( 17-JUL-2017 ),7,MOTOR CAR,4,0,5,2,5,3,3,0,2,2,2,5,33
2015,Bihar,SHEIKHPURA - BR52( 17-JUL-2017 ),8,THREE WHEELER (GOODS),1,0,0,0,0,0,0,0,0,0,0,0,1
2015,Bihar,SHEIKHPURA - BR52( 17-JUL-2017 ),9,THREE WHEELER (PASSENGER),4,1,8,2,10,6,4,14,10,9,2,10,80
2015,Bihar,SHEIKHPURA - BR52( 17-JUL-2017 ),10,TRACTOR (COMMERCIAL),29,26,31,7,17,17,24,34,13,11,14,21,244
2015,Bihar,SHEIKHPURA - BR52( 17-JUL-2017 ),11,TRAILER (COMMERCIAL),29,29,31,9,20,14,24,34,16,11,12,20,249
2015,Bihar,SHEOHAR - BR55( 07-JUN-2017 ),1,AGRICULTURAL TRACTOR,24,14,5,0,0,0,0,0,0,0,0,0,43
2015,Bihar,SHEOHAR - BR55( 07-JUN-2017 ),2,AMBULANCE,0,0,0,0,0,0,0,1,0,0,0,0,1
2015,Bihar,SHEOHAR - BR55( 07-JUN-2017 ),3,ARTICULATED VEHICLE,1,0,0,0,0,0,0,0,0,0,0,0,1
2015,Bihar,SHEOHAR - BR55( 07-JUN-2017 ),4,BUS,0,0,1,1,0,1,0,0,1,0,0,0,4
2015,Bihar,SHEOHAR - BR55( 07-JUN-2017 ),5,GOODS CARRIER,4,6,2,0,3,1,1,6,1,1,0,2,27
2015,Bihar,SHEOHAR - BR55( 07-JUN-2017 ),6,MAXI CAB,0,0,1,0,0,0,0,0,0,0,0,0,1
2015,Bihar,SHEOHAR - BR55( 07-JUN-2017 ),7,M-CYCLE/SCOOTER,202,202,97,246,230,218,97,217,203,155,74,202,"2,143"
2015,Bihar,SHEOHAR - BR55( 07-JUN-2017 ),8,M-CYCLE/SCOOTER-WITH SIDE CAR,0,0,0,0,0,0,0,0,0,1,0,0,1
2015,Bihar,SHEOHAR - BR55( 07-JUN-2017 ),9,MOPED,0,0,0,0,0,0,0,0,0,0,0,1,1
2015,Bihar,SHEOHAR - BR55( 07-JUN-2017 ),10,MOTOR CAB,3,1,1,3,0,1,0,6,0,2,2,2,21
2015,Bihar,SHEOHAR - BR55( 07-JUN-2017 ),11,MOTOR CAR,3,6,2,5,2,4,2,0,10,6,1,3,44
2015,Bihar,SHEOHAR - BR55( 07-JUN-2017 ),12,THREE WHEELER (GOODS),0,0,0,0,0,1,0,1,0,0,0,0,2
2015,Bihar,SHEOHAR - BR55( 07-JUN-2017 ),13,THREE WHEELER (PASSENGER),4,4,4,8,6,6,0,1,20,9,6,10,78
2015,Bihar,SHEOHAR - BR55( 07-JUN-2017 ),14,TRACTOR (COMMERCIAL),1,1,5,6,12,5,0,24,13,6,13,16,102
2015,Bihar,SHEOHAR - BR55( 07-JUN-2017 ),15,TRAILER (COMMERCIAL),6,3,0,1,0,1,1,7,2,3,3,1,28
2015,Bihar,SITAMARHI - BR30( 29-JAN-2018 ),1,AGRICULTURAL TRACTOR,0,0,0,1,0,0,0,0,0,1,0,0,2
2015,Bihar,SITAMARHI - BR30( 29-JAN-2018 ),2,BUS,1,1,1,0,1,1,1,0,0,0,0,1,7
2015,Bihar,SITAMARHI - BR30( 29-JAN-2018 ),3,CONSTRUCTION EQUIPMENT VEHICLE,0,0,0,0,0,1,0,0,0,0,0,0,1
2015,Bihar,SITAMARHI - BR30( 29-JAN-2018 ),4,FIRE FIGHTING VEHICLE,0,0,0,0,0,0,0,0,0,3,0,0,3
2015,Bihar,SITAMARHI - BR30( 29-JAN-2018 ),5,GOODS CARRIER,8,11,20,20,24,28,12,11,24,15,21,45,239
2015,Bihar,SITAMARHI - BR30( 29-JAN-2018 ),6,M-CYCLE/SCOOTER,914,"1,087","1,445","1,092","1,558","1,705","1,409",883,926,"1,183","1,235","1,718","15,155"
2015,Bihar,SITAMARHI - BR30( 29-JAN-2018 ),7,MOPED,62,37,44,22,23,70,45,35,57,48,59,64,566
2015,Bihar,SITAMARHI - BR30( 29-JAN-2018 ),8,MOTOR CAB,2,7,3,2,5,4,3,3,1,3,1,1,35
2015,Bihar,SITAMARHI - BR30( 29-JAN-2018 ),9,MOTOR CAR,22,25,18,23,16,42,23,12,8,15,11,11,226
2015,Bihar,SITAMARHI - BR30( 29-JAN-2018 ),10,OMNI BUS (PRIVATE USE),0,1,0,0,0,0,0,0,0,0,0,0,1
2015,Bihar,SITAMARHI - BR30( 29-JAN-2018 ),11,THREE WHEELER (GOODS),2,0,1,0,1,4,1,0,1,5,1,1,17
2015,Bihar,SITAMARHI - BR30( 29-JAN-2018 ),12,THREE WHEELER (PASSENGER),73,52,63,35,73,70,63,76,82,105,107,106,905
2015,Bihar,SITAMARHI - BR30( 29-JAN-2018 ),13,TRACTOR (COMMERCIAL),67,40,102,15,55,85,92,78,44,103,80,64,825
2015,Bihar,SITAMARHI - BR30( 29-JAN-2018 ),14,TRAILER (AGRICULTURAL),0,0,1,0,0,0,0,0,0,0,0,0,1
2015,Bihar,SITAMARHI - BR30( 29-JAN-2018 ),15,TRAILER (COMMERCIAL),13,20,28,8,9,26,26,25,15,23,20,14,227
2015,Bihar,SIWAN - BR29( 29-JAN-2018 ),1,BUS,2,5,0,2,4,5,4,4,2,8,5,2,43
2015,Bihar,SIWAN - BR29( 29-JAN-2018 ),2,CAMPER VAN / TRAILER (PRIVATE USE),0,0,0,0,0,0,0,0,0,0,0,1,1
2015,Bihar,SIWAN - BR29( 29-JAN-2018 ),3,GOODS CARRIER,35,41,43,27,31,18,29,37,35,29,35,34,394
2015,Bihar,SIWAN - BR29( 29-JAN-2018 ),4,MAXI CAB,13,18,18,11,13,9,10,21,12,13,15,17,170
2015,Bihar,SIWAN - BR29( 29-JAN-2018 ),5,M-CYCLE/SCOOTER,"1,776","2,255",366,17,4,"3,537","6,400","2,474","3,496","1,169","2,234","2,611","26,339"
2015,Bihar,SIWAN - BR29( 29-JAN-2018 ),6,MOPED,0,10,0,0,0,0,6,7,0,0,18,2,43
2015,Bihar,SIWAN - BR29( 29-JAN-2018 ),7,MOTOR CAB,0,0,2,0,0,0,1,0,1,0,0,1,5
2015,Bihar,SIWAN - BR29( 29-JAN-2018 ),8,MOTOR CAR,115,94,74,9,4,169,94,97,70,61,63,127,977
2015,Bihar,SIWAN - BR29( 29-JAN-2018 ),9,THREE WHEELER (GOODS),2,3,2,0,2,1,0,1,11,1,1,1,25
2015,Bihar,SIWAN - BR29( 29-JAN-2018 ),10,THREE WHEELER (PASSENGER),64,50,51,26,38,47,37,49,49,60,31,67,569
2015,Bihar,SIWAN - BR29( 29-JAN-2018 ),11,TRACTOR (COMMERCIAL),86,80,63,86,81,76,104,69,51,77,102,99,974
2015,Bihar,SIWAN - BR29( 29-JAN-2018 ),12,TRAILER (COMMERCIAL),0,3,2,1,0,1,1,6,5,6,0,0,25
2015,Bihar,SUPAUL - BR50( 29-JAN-2018 ),1,BUS,0,1,0,0,1,1,2,2,0,0,0,0,7
2015,Bihar,SUPAUL - BR50( 29-JAN-2018 ),2,GOODS CARRIER,9,6,2,7,4,6,9,10,11,8,3,5,80
2015,Bihar,SUPAUL - BR50( 29-JAN-2018 ),3,MAXI CAB,0,0,0,0,0,0,1,1,0,0,0,0,2
2015,Bihar,SUPAUL - BR50( 29-JAN-2018 ),4,M-CYCLE/SCOOTER,639,811,767,113,740,"1,121","1,276",702,702,604,422,"1,429","9,326"
2015,Bihar,SUPAUL - BR50( 29-JAN-2018 ),5,MOPED,0,0,0,0,0,2,4,1,0,1,0,3,11
2015,Bihar,SUPAUL - BR50( 29-JAN-2018 ),6,MOTOR CAB,3,3,1,0,0,2,1,3,2,2,0,3,20
2015,Bihar,SUPAUL - BR50( 29-JAN-2018 ),7,MOTOR CAR,17,8,14,2,9,24,13,9,18,8,5,18,145
2015,Bihar,SUPAUL - BR50( 29-JAN-2018 ),8,THREE WHEELER (GOODS),2,2,5,0,0,4,1,4,5,4,5,8,40
2015,Bihar,SUPAUL - BR50( 29-JAN-2018 ),9,THREE WHEELER (PASSENGER),4,3,10,5,2,6,13,19,15,17,13,19,126
2015,Bihar,SUPAUL - BR50( 29-JAN-2018 ),10,TRACTOR (COMMERCIAL),72,41,74,25,25,55,83,66,38,71,59,132,741
2015,Bihar,SUPAUL - BR50( 29-JAN-2018 ),11,TRAILER (COMMERCIAL),10,7,6,11,6,13,6,9,7,12,11,15,113
2015,Bihar,VAISHALI - BR31( 13-FEB-2018 ),1,AGRICULTURAL TRACTOR,0,0,0,1,0,0,0,0,0,0,0,0,1
2015,Bihar,VAISHALI - BR31( 13-FEB-2018 ),2,AMBULANCE,0,0,1,0,0,0,0,0,1,0,1,0,3
2015,Bihar,VAISHALI - BR31( 13-FEB-2018 ),3,BUS,0,3,3,7,13,8,3,2,4,1,5,4,53
2015,Bihar,VAISHALI - BR31( 13-FEB-2018 ),4,GOODS CARRIER,90,58,110,77,79,81,59,52,52,64,51,71,844
2015,Bihar,VAISHALI - BR31( 13-FEB-2018 ),5,MAXI CAB,0,0,0,0,0,1,0,0,0,0,0,0,1
2015,Bihar,VAISHALI - BR31( 13-FEB-2018 ),6,M-CYCLE/SCOOTER,"1,506","1,543","1,732","2,476","2,817","2,220","1,300","1,694","1,778","1,655","3,374","1,598","23,693"
2015,Bihar,VAISHALI - BR31( 13-FEB-2018 ),7,MOPED,6,8,1,5,4,3,1,1,0,0,0,0,29
2015,Bihar,VAISHALI - BR31( 13-FEB-2018 ),8,MOTOR CAB,16,9,10,11,14,15,6,14,9,8,5,8,125
2015,Bihar,VAISHALI - BR31( 13-FEB-2018 ),9,MOTOR CAR,142,102,88,129,168,107,85,109,114,72,189,180,"1,485"
2015,Bihar,VAISHALI - BR31( 13-FEB-2018 ),10,THREE WHEELER (GOODS),0,1,1,1,1,1,2,4,1,0,2,2,16
2015,Bihar,VAISHALI - BR31( 13-FEB-2018 ),11,THREE WHEELER (PASSENGER),63,86,71,51,66,62,59,89,89,91,107,98,932
2015,Bihar,VAISHALI - BR31( 13-FEB-2018 ),12,TRACTOR (COMMERCIAL),64,56,50,26,78,61,76,84,73,89,84,91,832
2015,Bihar,VAISHALI - BR31( 13-FEB-2018 ),13,TRAILER (COMMERCIAL),40,24,26,24,14,17,26,28,23,22,11,29,284
2014,Bihar,ARARIA - BR38( 30-JAN-2018 ),1,AGRICULTURAL TRACTOR,0,0,0,1,0,0,0,0,0,0,0,0,1
2014,Bihar,ARARIA - BR38( 30-JAN-2018 ),2,AMBULANCE,0,0,1,0,0,0,0,0,1,0,1,0,3
2014,Bihar,ARARIA - BR38( 30-JAN-2018 ),3,BUS,0,3,3,7,13,8,3,2,4,1,5,4,53
2014,Bihar,ARARIA - BR38( 30-JAN-2018 ),4,GOODS CARRIER,90,58,110,77,79,81,59,52,52,64,51,71,844
2014,Bihar,ARARIA - BR38( 30-JAN-2018 ),5,MAXI CAB,0,0,0,0,0,1,0,0,0,0,0,0,1
2014,Bihar,ARARIA - BR38( 30-JAN-2018 ),6,M-CYCLE/SCOOTER,"1,506","1,543","1,732","2,476","2,817","2,220","1,300","1,694","1,778","1,655","3,374","1,598","23,693"
2014,Bihar,ARARIA - BR38( 30-JAN-2018 ),7,MOPED,6,8,1,5,4,3,1,1,0,0,0,0,29
2014,Bihar,ARARIA - BR38( 30-JAN-2018 ),8,MOTOR CAB,16,9,10,11,14,15,6,14,9,8,5,8,125
2014,Bihar,ARARIA - BR38( 30-JAN-2018 ),9,MOTOR CAR,142,102,88,129,168,107,85,109,114,72,189,180,"1,485"
2014,Bihar,ARARIA - BR38( 30-JAN-2018 ),10,THREE WHEELER (GOODS),0,1,1,1,1,1,2,4,1,0,2,2,16
2014,Bihar,ARARIA - BR38( 30-JAN-2018 ),11,THREE WHEELER (PASSENGER),63,86,71,51,66,62,59,89,89,91,107,98,932
2014,Bihar,ARARIA - BR38( 30-JAN-2018 ),12,TRACTOR (COMMERCIAL),64,56,50,26,78,61,76,84,73,89,84,91,832
2014,Bihar,ARARIA - BR38( 30-JAN-2018 ),13,TRAILER (COMMERCIAL),40,24,26,24,14,17,26,28,23,22,11,29,284
2014,Bihar,ARAWAL - BR56( 22-MAY-2017 ),1,AGRICULTURAL TRACTOR,0,0,0,0,0,0,0,1,0,0,0,0,1
2014,Bihar,ARAWAL - BR56( 22-MAY-2017 ),2,BUS,1,0,0,0,0,0,1,0,0,0,0,0,2
2014,Bihar,ARAWAL - BR56( 22-MAY-2017 ),3,GOODS CARRIER,1,5,3,0,1,0,3,2,2,0,2,4,23
2014,Bihar,ARAWAL - BR56( 22-MAY-2017 ),4,M-CYCLE/SCOOTER,23,26,79,56,10,7,13,12,130,34,73,58,521
2014,Bihar,ARAWAL - BR56( 22-MAY-2017 ),5,MOPED,1,1,0,0,0,0,0,0,0,1,1,2,6
2014,Bihar,ARAWAL - BR56( 22-MAY-2017 ),6,MOTOR CAB,2,2,1,1,1,1,1,5,2,2,2,1,21
2014,Bihar,ARAWAL - BR56( 22-MAY-2017 ),7,MOTOR CAR,6,3,3,3,3,3,0,5,1,2,4,2,35
2014,Bihar,ARAWAL - BR56( 22-MAY-2017 ),8,THREE WHEELER (GOODS),0,0,1,0,0,1,1,0,0,0,0,0,3
2014,Bihar,ARAWAL - BR56( 22-MAY-2017 ),9,THREE WHEELER (PASSENGER),5,12,13,5,11,5,14,12,1,3,15,11,107
2014,Bihar,ARAWAL - BR56( 22-MAY-2017 ),10,TRACTOR (COMMERCIAL),18,23,53,18,24,40,69,17,18,4,26,16,326
2014,Bihar,ARAWAL - BR56( 22-MAY-2017 ),11,TRAILER (COMMERCIAL),9,5,19,3,2,6,7,4,9,5,21,15,105
2014,Bihar,AURANGABAD - BR26( 13-JUN-2017 ),1,AGRICULTURAL TRACTOR,5,7,45,41,53,56,172,40,42,0,1,0,462
2014,Bihar,AURANGABAD - BR26( 13-JUN-2017 ),2,AMBULANCE,0,0,0,0,0,1,1,0,0,0,0,0,2
2014,Bihar,AURANGABAD - BR26( 13-JUN-2017 ),3,BUS,1,3,2,4,6,4,3,0,1,0,6,1,31
2014,Bihar,AURANGABAD - BR26( 13-JUN-2017 ),4,GOODS CARRIER,16,32,30,25,23,22,27,22,28,39,37,46,347
2014,Bihar,AURANGABAD - BR26( 13-JUN-2017 ),5,MAXI CAB,0,0,0,0,0,0,0,1,1,0,0,0,2
2014,Bihar,AURANGABAD - BR26( 13-JUN-2017 ),6,M-CYCLE/SCOOTER,370,337,"1,282",793,"1,186","1,126",657,537,671,721,"1,013",931,"9,624"
2014,Bihar,AURANGABAD - BR26( 13-JUN-2017 ),7,MOPED,12,14,31,27,29,0,0,0,0,0,1,0,114
2014,Bihar,AURANGABAD - BR26( 13-JUN-2017 ),8,MOTOR CAB,13,19,23,18,15,7,10,8,9,8,10,8,148
2014,Bihar,AURANGABAD - BR26( 13-JUN-2017 ),9,MOTOR CAR,55,67,94,54,51,38,54,35,56,35,72,63,674
2014,Bihar,AURANGABAD - BR26( 13-JUN-2017 ),10,THREE WHEELER (GOODS),2,1,2,4,4,7,7,2,8,7,2,4,50
2014,Bihar,AURANGABAD - BR26( 13-JUN-2017 ),11,THREE WHEELER (PASSENGER),65,57,146,95,71,74,74,82,113,97,91,84,"1,049"
2014,Bihar,AURANGABAD - BR26( 13-JUN-2017 ),12,TRACTOR (COMMERCIAL),94,70,96,49,44,37,144,40,37,96,62,73,842
2014,Bihar,AURANGABAD - BR26( 13-JUN-2017 ),13,TRAILER (COMMERCIAL),17,8,16,8,4,10,16,5,12,77,54,56,283
2014,Bihar,BANKA - BR51( 06-FEB-2018 ),1,BUS,1,1,2,0,1,0,2,0,0,0,0,1,8
2014,Bihar,BANKA - BR51( 06-FEB-2018 ),2,GOODS CARRIER,0,5,3,3,7,3,4,3,3,2,9,6,48
2014,Bihar,BANKA - BR51( 06-FEB-2018 ),3,M-CYCLE/SCOOTER,202,152,285,297,579,343,228,174,185,298,285,177,"3,205"
2014,Bihar,BANKA - BR51( 06-FEB-2018 ),4,MOTOR CAB,0,0,0,0,1,0,0,0,0,1,0,1,3
2014,Bihar,BANKA - BR51( 06-FEB-2018 ),5,MOTOR CAR,2,3,4,5,2,2,5,1,2,3,9,34,72
2014,Bihar,BANKA - BR51( 06-FEB-2018 ),6,THREE WHEELER (GOODS),0,0,0,0,0,0,0,0,0,0,1,0,1
2014,Bihar,BANKA - BR51( 06-FEB-2018 ),7,THREE WHEELER (PASSENGER),5,3,0,0,0,0,0,0,0,6,15,9,38
2014,Bihar,BANKA - BR51( 06-FEB-2018 ),8,TRACTOR (COMMERCIAL),24,17,17,10,32,25,14,29,15,31,27,31,272
2014,Bihar,BANKA - BR51( 06-FEB-2018 ),9,TRAILER (COMMERCIAL),13,8,4,7,11,3,0,3,4,33,28,27,141
2014,Bihar,BEGUSARAI - BR9( 23-JAN-2018 ),1,BUS,4,3,5,2,2,2,9,2,8,2,1,1,41
2014,Bihar,BEGUSARAI - BR9( 23-JAN-2018 ),2,GOODS CARRIER,76,75,108,68,101,47,73,62,88,94,80,77,949
2014,Bihar,BEGUSARAI - BR9( 23-JAN-2018 ),3,M-CYCLE/SCOOTER,663,967,"1,076","1,022","1,620","1,564","1,209",971,"1,005","1,415","1,379","1,047","13,938"
2014,Bihar,BEGUSARAI - BR9( 23-JAN-2018 ),4,M-CYCLE/SCOOTER-WITH SIDE CAR,0,0,0,0,0,1,0,0,0,0,0,0,1
2014,Bihar,BEGUSARAI - BR9( 23-JAN-2018 ),5,MOPED,1,1,0,2,1,0,1,1,0,0,0,0,7
2014,Bihar,BEGUSARAI - BR9( 23-JAN-2018 ),6,MOTOR CAB,55,60,54,43,30,18,24,39,38,29,45,33,468
2014,Bihar,BEGUSARAI - BR9( 23-JAN-2018 ),7,MOTOR CAR,80,62,96,62,102,94,86,99,94,63,128,103,"1,069"
2014,Bihar,BEGUSARAI - BR9( 23-JAN-2018 ),8,THREE WHEELER (GOODS),2,2,8,2,3,5,7,2,4,5,6,9,55
2014,Bihar,BEGUSARAI - BR9( 23-JAN-2018 ),9,THREE WHEELER (PASSENGER),39,45,47,33,21,27,65,83,104,86,91,77,718
2014,Bihar,BEGUSARAI - BR9( 23-JAN-2018 ),10,TRACTOR (COMMERCIAL),108,88,113,91,110,103,199,72,80,97,77,103,"1,241"
2014,Bihar,BEGUSARAI - BR9( 23-JAN-2018 ),11,TRAILER (AGRICULTURAL),0,0,0,0,0,0,1,0,0,0,0,1,2
2014,Bihar,BEGUSARAI - BR9( 23-JAN-2018 ),12,TRAILER (COMMERCIAL),35,49,48,43,50,51,68,64,50,35,52,91,636
2014,Bihar,BETTIAH - BR22( 22-SEP-2017 ),1,ADAPTED VEHICLE,0,0,0,0,0,0,0,0,16,0,0,0,16
2014,Bihar,BETTIAH - BR22( 22-SEP-2017 ),2,AGRICULTURAL TRACTOR,0,0,0,2,0,0,0,1,2,0,0,0,5
2014,Bihar,BETTIAH - BR22( 22-SEP-2017 ),3,BUS,0,2,3,1,1,3,3,3,0,2,4,6,28
2014,Bihar,BETTIAH - BR22( 22-SEP-2017 ),4,GOODS CARRIER,24,12,20,15,27,18,15,18,10,24,19,18,220
2014,Bihar,BETTIAH - BR22( 22-SEP-2017 ),5,M-CYCLE/SCOOTER,"1,265","1,312","1,866","1,719","1,554","1,395",773,980,"1,106","2,035","1,816","1,235","17,056"
2014,Bihar,BETTIAH - BR22( 22-SEP-2017 ),6,M-CYCLE/SCOOTER-WITH SIDE CAR,1,0,0,0,0,0,0,0,0,0,0,0,1
2014,Bihar,BETTIAH - BR22( 22-SEP-2017 ),7,MOPED,1,3,10,14,3,3,3,5,2,4,4,4,56
2014,Bihar,BETTIAH - BR22( 22-SEP-2017 ),8,MOTOR CAB,18,11,17,29,19,12,14,13,20,9,13,5,180
2014,Bihar,BETTIAH - BR22( 22-SEP-2017 ),9,MOTOR CAR,50,58,52,110,38,47,46,43,47,44,73,49,657
2014,Bihar,BETTIAH - BR22( 22-SEP-2017 ),10,THREE WHEELER (GOODS),0,0,0,0,1,1,0,1,0,0,1,0,4
2014,Bihar,BETTIAH - BR22( 22-SEP-2017 ),11,THREE WHEELER (PASSENGER),55,64,46,32,38,55,61,55,92,63,56,41,658
2014,Bihar,BETTIAH - BR22( 22-SEP-2017 ),12,TRACTOR (COMMERCIAL),181,150,248,176,132,159,293,67,127,126,176,159,"1,994"
2014,Bihar,BETTIAH - BR22( 22-SEP-2017 ),13,TRAILER (AGRICULTURAL),0,0,0,0,0,0,0,0,0,1,0,0,1
2014,Bihar,BETTIAH - BR22( 22-SEP-2017 ),14,TRAILER (COMMERCIAL),28,21,17,24,9,14,31,14,17,33,68,64,340
2014,Bihar,BHABHUA - BR45( 23-JAN-2018 ),1,AGRICULTURAL TRACTOR,2,3,1,0,0,0,3,1,1,0,0,1,12
2014,Bihar,BHABHUA - BR45( 23-JAN-2018 ),2,ARTICULATED VEHICLE,0,0,0,0,0,0,0,0,1,0,0,0,1
2014,Bihar,BHABHUA - BR45( 23-JAN-2018 ),3,BUS,2,2,3,5,5,5,1,1,1,0,3,4,32
2014,Bihar,BHABHUA - BR45( 23-JAN-2018 ),4,GOODS CARRIER,11,11,6,5,7,8,5,6,8,18,10,6,101
2014,Bihar,BHABHUA - BR45( 23-JAN-2018 ),5,MAXI CAB,0,0,0,1,0,0,0,0,2,0,0,0,3
2014,Bihar,BHABHUA - BR45( 23-JAN-2018 ),6,M-CYCLE/SCOOTER,334,523,742,681,"1,232",708,504,377,389,588,507,411,"6,996"
2014,Bihar,BHABHUA - BR45( 23-JAN-2018 ),7,MOPED,0,2,1,0,0,1,0,0,0,0,0,0,4
2014,Bihar,BHABHUA - BR45( 23-JAN-2018 ),8,MOTOR CAB,5,2,4,3,4,3,1,1,0,6,2,2,33
2014,Bihar,BHABHUA - BR45( 23-JAN-2018 ),9,MOTOR CAR,19,27,20,21,37,26,17,17,24,10,41,16,275
2014,Bihar,BHABHUA - BR45( 23-JAN-2018 ),10,THREE WHEELER (GOODS),1,0,5,1,2,0,5,0,2,0,1,2,19
2014,Bihar,BHABHUA - BR45( 23-JAN-2018 ),11,THREE WHEELER (PASSENGER),14,13,20,20,23,23,36,10,32,21,16,15,243
2014,Bihar,BHABHUA - BR45( 23-JAN-2018 ),12,TRACTOR (COMMERCIAL),70,54,113,45,67,115,179,52,41,38,46,73,893
2014,Bihar,BHABHUA - BR45( 23-JAN-2018 ),13,TRAILER (COMMERCIAL),30,24,58,22,21,34,35,10,8,29,30,37,338
2014,Bihar,BHAGALPUR - BR10( 07-FEB-2018 ),1,AGRICULTURAL TRACTOR,0,0,0,1,0,0,0,0,0,0,0,0,1
2014,Bihar,BHAGALPUR - BR10( 07-FEB-2018 ),2,AMBULANCE,0,0,0,0,0,0,0,0,0,0,1,0,1
2014,Bihar,BHAGALPUR - BR10( 07-FEB-2018 ),3,BUS,5,8,3,3,8,7,3,7,0,0,3,1,48
2014,Bihar,BHAGALPUR - BR10( 07-FEB-2018 ),4,GOODS CARRIER,27,69,52,32,55,52,57,44,40,39,71,50,588
2014,Bihar,BHAGALPUR - BR10( 07-FEB-2018 ),5,MAXI CAB,0,0,0,0,0,0,0,1,0,0,1,0,2
2014,Bihar,BHAGALPUR - BR10( 07-FEB-2018 ),6,M-CYCLE/SCOOTER,841,969,"1,177","1,019","1,335","1,187","1,210",964,877,"1,373","1,737","1,262","13,951"
2014,Bihar,BHAGALPUR - BR10( 07-FEB-2018 ),7,MOPED,0,0,0,0,0,1,0,2,2,2,1,1,9
2014,Bihar,BHAGALPUR - BR10( 07-FEB-2018 ),8,MOTOR CAB,26,86,46,48,41,36,35,21,28,12,21,38,438
2014,Bihar,BHAGALPUR - BR10( 07-FEB-2018 ),9,MOTOR CAR,103,124,120,142,123,128,132,94,139,79,82,131,"1,397"
2014,Bihar,BHAGALPUR - BR10( 07-FEB-2018 ),10,THREE WHEELER (GOODS),8,7,6,13,6,11,7,10,8,7,11,12,106
2014,Bihar,BHAGALPUR - BR10( 07-FEB-2018 ),11,THREE WHEELER (PASSENGER),89,161,114,118,130,160,180,199,242,140,121,132,"1,786"
2014,Bihar,BHAGALPUR - BR10( 07-FEB-2018 ),12,TRACTOR (COMMERCIAL),30,61,60,70,74,81,129,63,97,34,74,54,827
2014,Bihar,BHAGALPUR - BR10( 07-FEB-2018 ),13,TRAILER (AGRICULTURAL),0,0,0,0,0,0,0,0,0,1,0,0,1
2014,Bihar,BHAGALPUR - BR10( 07-FEB-2018 ),14,TRAILER (COMMERCIAL),20,23,40,21,22,13,27,17,43,52,76,70,424
2014,Bihar,BHOJPUR - BR3( 15-FEB-2018 ),1,AGRICULTURAL TRACTOR,1,0,0,0,0,0,0,0,0,0,0,0,1
2014,Bihar,BHOJPUR - BR3( 15-FEB-2018 ),2,BUS,4,7,5,12,3,1,6,8,5,1,1,0,53
2014,Bihar,BHOJPUR - BR3( 15-FEB-2018 ),3,GOODS CARRIER,27,39,34,28,22,18,26,22,42,43,30,32,363
2014,Bihar,BHOJPUR - BR3( 15-FEB-2018 ),4,M-CYCLE/SCOOTER,686,"1,296","1,188","1,312","1,736","1,244",885,651,830,"1,487","1,587","1,029","13,931"
2014,Bihar,BHOJPUR - BR3( 15-FEB-2018 ),5,MOPED,0,0,0,17,37,42,20,31,51,77,59,40,374
2014,Bihar,BHOJPUR - BR3( 15-FEB-2018 ),6,MOTOR CAB,12,14,21,19,22,7,11,8,12,15,19,20,180
2014,Bihar,BHOJPUR - BR3( 15-FEB-2018 ),7,MOTOR CAR,38,43,53,54,62,56,41,41,43,66,90,61,648
2014,Bihar,BHOJPUR - BR3( 15-FEB-2018 ),8,OMNI BUS (PRIVATE USE),0,0,1,0,0,0,0,0,0,0,0,0,1
2014,Bihar,BHOJPUR - BR3( 15-FEB-2018 ),9,THREE WHEELER (GOODS),0,1,4,8,4,1,5,6,2,2,7,1,41
2014,Bihar,BHOJPUR - BR3( 15-FEB-2018 ),10,THREE WHEELER (PASSENGER),50,33,122,65,50,54,90,74,144,79,136,68,965
2014,Bihar,BHOJPUR - BR3( 15-FEB-2018 ),11,TRACTOR (COMMERCIAL),37,62,98,64,83,116,200,88,102,86,114,88,"1,138"
2014,Bihar,BHOJPUR - BR3( 15-FEB-2018 ),12,TRAILER (COMMERCIAL),37,67,81,49,65,74,105,42,73,84,122,94,893
2014,Bihar,BUXUR - BR44( 01-FEB-2018 ),1,AGRICULTURAL TRACTOR,0,0,1,0,0,1,0,1,0,0,0,0,3
2014,Bihar,BUXUR - BR44( 01-FEB-2018 ),2,BUS,3,3,1,3,7,1,3,1,2,2,0,2,28
2014,Bihar,BUXUR - BR44( 01-FEB-2018 ),3,CONSTRUCTION EQUIPMENT VEHICLE,1,0,0,0,0,0,0,0,0,0,0,0,1
2014,Bihar,BUXUR - BR44( 01-FEB-2018 ),4,GOODS CARRIER,10,19,11,12,11,13,11,14,8,9,10,22,150
2014,Bihar,BUXUR - BR44( 01-FEB-2018 ),5,MAXI CAB,0,0,0,0,0,0,0,0,1,0,0,1,2
2014,Bihar,BUXUR - BR44( 01-FEB-2018 ),6,M-CYCLE/SCOOTER,571,434,690,496,"1,030",670,358,628,396,527,589,445,"6,834"
2014,Bihar,BUXUR - BR44( 01-FEB-2018 ),7,MOTOR CAB,0,4,7,3,8,6,3,5,9,4,3,7,59
2014,Bihar,BUXUR - BR44( 01-FEB-2018 ),8,MOTOR CAR,42,43,52,42,29,27,28,34,26,16,35,45,419
2014,Bihar,BUXUR - BR44( 01-FEB-2018 ),9,THREE WHEELER (GOODS),0,0,1,0,0,0,0,0,0,0,0,0,1
2014,Bihar,BUXUR - BR44( 01-FEB-2018 ),10,THREE WHEELER (PASSENGER),22,32,32,14,33,28,47,53,44,32,60,33,430
2014,Bihar,BUXUR - BR44( 01-FEB-2018 ),11,TRACTOR (COMMERCIAL),55,48,93,49,60,114,131,65,68,78,84,79,924
2014,Bihar,BUXUR - BR44( 01-FEB-2018 ),12,TRAILER (COMMERCIAL),55,48,94,50,59,114,141,65,68,79,82,79,934
2014,Bihar,CHAPARA - BR4( 29-JAN-2018 ),1,BUS,3,2,3,7,5,7,3,44,3,3,5,4,89
2014,Bihar,CHAPARA - BR4( 29-JAN-2018 ),2,CONSTRUCTION EQUIPMENT VEHICLE,1,1,0,0,0,1,0,0,0,0,0,0,3
2014,Bihar,CHAPARA - BR4( 29-JAN-2018 ),3,GOODS CARRIER,66,55,66,56,53,51,55,51,58,51,63,52,677
2014,Bihar,CHAPARA - BR4( 29-JAN-2018 ),4,MAXI CAB,0,1,0,0,0,0,0,0,0,0,0,0,1
2014,Bihar,CHAPARA - BR4( 29-JAN-2018 ),5,M-CYCLE/SCOOTER,944,"1,341","1,499","1,675","2,212","1,732",907,724,931,"1,909","1,565",949,"16,388"
2014,Bihar,CHAPARA - BR4( 29-JAN-2018 ),6,MOPED,14,9,3,3,15,8,5,4,5,20,14,4,104
2014,Bihar,CHAPARA - BR4( 29-JAN-2018 ),7,MOTOR CAB,44,53,42,38,24,16,26,16,11,12,11,4,297
2014,Bihar,CHAPARA - BR4( 29-JAN-2018 ),8,MOTOR CAR,112,88,99,85,52,69,80,54,51,51,58,73,872
2014,Bihar,CHAPARA - BR4( 29-JAN-2018 ),9,THREE WHEELER (GOODS),0,0,3,4,5,2,2,0,2,1,0,2,21
2014,Bihar,CHAPARA - BR4( 29-JAN-2018 ),10,THREE WHEELER (PASSENGER),69,82,79,69,31,58,69,61,70,56,53,62,759
2014,Bihar,CHAPARA - BR4( 29-JAN-2018 ),11,TRACTOR (COMMERCIAL),138,78,69,57,60,80,112,73,109,93,103,77,"1,049"
2014,Bihar,CHAPARA - BR4( 29-JAN-2018 ),12,TRAILER (COMMERCIAL),6,15,7,4,0,2,9,11,8,1,1,4,68
2014,Bihar,DARBHANGA - BR7( 30-JAN-2018 ),1,AGRICULTURAL TRACTOR,1,0,0,0,0,0,0,0,0,0,0,0,1
2014,Bihar,DARBHANGA - BR7( 30-JAN-2018 ),2,AMBULANCE,0,0,0,1,0,0,0,2,0,1,0,0,4
2014,Bihar,DARBHANGA - BR7( 30-JAN-2018 ),3,BUS,7,2,1,1,4,6,1,3,3,3,1,2,34
2014,Bihar,DARBHANGA - BR7( 30-JAN-2018 ),4,CONSTRUCTION EQUIPMENT VEHICLE,0,1,0,0,0,0,0,0,0,0,1,0,2
2014,Bihar,DARBHANGA - BR7( 30-JAN-2018 ),5,GOODS CARRIER,51,66,61,57,65,74,65,43,65,62,83,66,758
2014,Bihar,DARBHANGA - BR7( 30-JAN-2018 ),6,MAXI CAB,0,0,1,0,0,0,0,0,0,0,0,0,1
2014,Bihar,DARBHANGA - BR7( 30-JAN-2018 ),7,M-CYCLE/SCOOTER,"1,182","1,387","1,701","1,631","2,099","1,739","1,299","1,052","1,184","2,054","1,411","1,211","17,950"
2014,Bihar,DARBHANGA - BR7( 30-JAN-2018 ),8,MOPED,6,8,4,9,6,7,10,13,4,2,0,0,69
2014,Bihar,DARBHANGA - BR7( 30-JAN-2018 ),9,MOTOR CAB,56,75,71,79,67,54,66,38,53,34,55,62,710
2014,Bihar,DARBHANGA - BR7( 30-JAN-2018 ),10,MOTOR CAR,121,84,136,135,136,123,145,94,93,150,150,115,"1,482"
2014,Bihar,DARBHANGA - BR7( 30-JAN-2018 ),11,THREE WHEELER (GOODS),9,2,4,3,5,6,12,4,6,5,8,10,74
2014,Bihar,DARBHANGA - BR7( 30-JAN-2018 ),12,THREE WHEELER (PASSENGER),139,150,161,93,120,201,234,230,294,239,210,237,"2,308"
2014,Bihar,DARBHANGA - BR7( 30-JAN-2018 ),13,TRACTOR (COMMERCIAL),92,54,83,72,51,86,164,51,65,62,118,113,"1,011"
2014,Bihar,DARBHANGA - BR7( 30-JAN-2018 ),14,TRAILER (COMMERCIAL),38,21,27,17,11,11,20,9,12,17,26,38,247
2014,Bihar,GAYA - BR2( 06-SEP-2017 ),1,ADAPTED VEHICLE,0,0,1,0,0,0,0,0,0,0,0,0,1
2014,Bihar,GAYA - BR2( 06-SEP-2017 ),2,AGRICULTURAL TRACTOR,74,81,74,71,52,90,156,115,87,9,24,14,847
2014,Bihar,GAYA - BR2( 06-SEP-2017 ),3,AMBULANCE,0,0,0,1,0,0,0,0,0,0,0,0,1
2014,Bihar,GAYA - BR2( 06-SEP-2017 ),4,BUS,4,7,12,11,7,6,5,11,6,6,8,6,89
2014,Bihar,GAYA - BR2( 06-SEP-2017 ),5,GOODS CARRIER,78,119,113,97,91,92,75,77,111,101,157,121,"1,232"
2014,Bihar,GAYA - BR2( 06-SEP-2017 ),6,MAXI CAB,1,2,3,2,0,2,0,2,5,1,1,0,19
2014,Bihar,GAYA - BR2( 06-SEP-2017 ),7,M-CYCLE/SCOOTER,"1,376","1,438","2,055","2,558","3,106","1,852","1,566","1,310","1,729","2,385","2,236","1,393","23,004"
2014,Bihar,GAYA - BR2( 06-SEP-2017 ),8,MOPED,17,45,34,10,9,23,14,24,27,13,44,37,297
2014,Bihar,GAYA - BR2( 06-SEP-2017 ),9,MOTOR CAB,50,58,69,82,63,43,56,37,38,33,38,25,592
2014,Bihar,GAYA - BR2( 06-SEP-2017 ),10,MOTOR CAR,146,167,190,159,191,189,152,131,124,188,223,159,"2,019"
2014,Bihar,GAYA - BR2( 06-SEP-2017 ),11,THREE WHEELER (GOODS),10,19,11,18,21,10,21,12,20,19,10,15,186
2014,Bihar,GAYA - BR2( 06-SEP-2017 ),12,THREE WHEELER (PASSENGER),92,128,93,80,111,90,118,134,190,162,113,128,"1,439"
2014,Bihar,GAYA - BR2( 06-SEP-2017 ),13,TRACTOR (COMMERCIAL),17,13,25,23,13,11,32,14,11,84,73,72,388
2014,Bihar,GAYA - BR2( 06-SEP-2017 ),14,TRAILER (COMMERCIAL),15,12,24,23,14,9,31,12,12,71,72,52,347
2014,Bihar,GOPALGANJ - BR28( 08-JUN-2017 ),1,AGRICULTURAL TRACTOR,0,0,0,0,3,0,5,0,0,0,0,3,11
2014,Bihar,GOPALGANJ - BR28( 08-JUN-2017 ),2,BUS,2,3,4,5,1,5,1,5,2,2,0,3,33
2014,Bihar,GOPALGANJ - BR28( 08-JUN-2017 ),3,CONSTRUCTION EQUIPMENT VEHICLE,0,0,0,1,0,0,0,0,0,0,0,0,1
2014,Bihar,GOPALGANJ - BR28( 08-JUN-2017 ),4,GOODS CARRIER,35,24,36,33,37,50,23,34,46,22,39,22,401
2014,Bihar,GOPALGANJ - BR28( 08-JUN-2017 ),5,MAXI CAB,28,13,13,17,12,26,12,18,20,6,11,4,180
2014,Bihar,GOPALGANJ - BR28( 08-JUN-2017 ),6,M-CYCLE/SCOOTER,"1,123","1,464","1,767","1,677","2,208","1,490","1,155",869,"1,049","1,143","1,556",862,"16,363"
2014,Bihar,GOPALGANJ - BR28( 08-JUN-2017 ),7,M-CYCLE/SCOOTER-WITH SIDE CAR,0,0,0,0,0,1,0,0,0,0,0,0,1
2014,Bihar,GOPALGANJ - BR28( 08-JUN-2017 ),8,MOPED,0,0,0,0,0,0,0,1,1,0,2,0,4
2014,Bihar,GOPALGANJ - BR28( 08-JUN-2017 ),9,MOTOR CAB,1,0,0,0,1,0,2,0,0,0,0,0,4
2014,Bihar,GOPALGANJ - BR28( 08-JUN-2017 ),10,MOTOR CAR,96,86,127,96,140,79,78,56,42,82,106,109,"1,097"
2014,Bihar,GOPALGANJ - BR28( 08-JUN-2017 ),11,THREE WHEELER (GOODS),0,1,1,4,1,1,3,0,3,0,1,2,17
2014,Bihar,GOPALGANJ - BR28( 08-JUN-2017 ),12,THREE WHEELER (PASSENGER),65,35,30,28,44,18,22,29,38,47,27,55,438
2014,Bihar,GOPALGANJ - BR28( 08-JUN-2017 ),13,TRACTOR (COMMERCIAL),86,78,94,56,77,103,169,48,96,100,146,127,"1,180"
2014,Bihar,GOPALGANJ - BR28( 08-JUN-2017 ),14,TRAILER (COMMERCIAL),0,0,0,1,0,0,2,1,0,0,1,0,5
2014,Bihar,JAMUI - BR46( 07-JUN-2017 ),1,BUS,1,0,0,0,4,0,0,0,0,0,0,0,5
2014,Bihar,JAMUI - BR46( 07-JUN-2017 ),2,GOODS CARRIER,14,7,2,8,9,9,7,12,12,3,17,9,109
2014,Bihar,JAMUI - BR46( 07-JUN-2017 ),3,MAXI CAB,0,0,0,0,0,0,0,0,0,0,1,0,1
2014,Bihar,JAMUI - BR46( 07-JUN-2017 ),4,M-CYCLE/SCOOTER,229,262,438,363,425,477,485,441,316,331,569,374,"4,710"
2014,Bihar,JAMUI - BR46( 07-JUN-2017 ),5,MOPED,0,0,0,0,0,0,0,1,0,0,1,4,6
2014,Bihar,JAMUI - BR46( 07-JUN-2017 ),6,MOTOR CAB,24,6,15,9,2,9,2,4,8,3,5,5,92
2014,Bihar,JAMUI - BR46( 07-JUN-2017 ),7,MOTOR CAR,9,8,21,10,10,13,9,6,6,9,17,18,136
2014,Bihar,JAMUI - BR46( 07-JUN-2017 ),8,THREE WHEELER (GOODS),1,2,0,0,0,1,0,0,0,1,2,0,7
2014,Bihar,JAMUI - BR46( 07-JUN-2017 ),9,THREE WHEELER (PASSENGER),35,38,38,33,30,41,58,46,102,41,41,31,534
2014,Bihar,JAMUI - BR46( 07-JUN-2017 ),10,TRACTOR (COMMERCIAL),23,22,61,18,26,45,38,36,41,51,37,34,432
2014,Bihar,JAMUI - BR46( 07-JUN-2017 ),11,TRAILER (COMMERCIAL),23,22,61,18,25,43,37,36,41,50,37,34,427
2014,Bihar,JEHANABAD - BR25( 26-MAY-2017 ),1,AGRICULTURAL TRACTOR,2,0,2,2,13,12,60,19,14,2,2,13,141
2014,Bihar,JEHANABAD - BR25( 26-MAY-2017 ),2,BUS,3,2,7,1,3,2,1,3,1,0,4,0,27
2014,Bihar,JEHANABAD - BR25( 26-MAY-2017 ),3,GOODS CARRIER,11,7,15,12,22,15,10,10,25,27,85,51,290
2014,Bihar,JEHANABAD - BR25( 26-MAY-2017 ),4,MAXI CAB,0,0,1,0,0,0,0,0,1,0,1,0,3
2014,Bihar,JEHANABAD - BR25( 26-MAY-2017 ),5,M-CYCLE/SCOOTER,115,113,144,267,240,351,101,93,81,114,166,170,"1,955"
2014,Bihar,JEHANABAD - BR25( 26-MAY-2017 ),6,MOPED,12,5,17,7,22,12,16,14,26,33,12,13,189
2014,Bihar,JEHANABAD - BR25( 26-MAY-2017 ),7,MOTOR CAB,5,2,3,1,3,0,3,3,0,0,2,2,24
2014,Bihar,JEHANABAD - BR25( 26-MAY-2017 ),8,MOTOR CAR,9,3,7,4,5,6,2,7,5,4,11,18,81
2014,Bihar,JEHANABAD - BR25( 26-MAY-2017 ),9,THREE WHEELER (GOODS),0,0,0,0,0,0,1,1,1,1,0,0,4
2014,Bihar,JEHANABAD - BR25( 26-MAY-2017 ),10,THREE WHEELER (PASSENGER),18,33,38,11,20,29,39,27,51,52,42,30,390
2014,Bihar,JEHANABAD - BR25( 26-MAY-2017 ),11,TRACTOR (COMMERCIAL),29,33,38,29,43,22,33,23,24,31,51,24,380
2014,Bihar,JEHANABAD - BR25( 26-MAY-2017 ),12,TRAILER (COMMERCIAL),17,24,23,18,38,22,30,26,27,24,50,24,323
2014,Bihar,KATIHAR - BR39( 23-JAN-2018 ),1,BUS,0,0,0,0,0,0,0,1,1,0,3,0,5
2014,Bihar,KATIHAR - BR39( 23-JAN-2018 ),2,CONSTRUCTION EQUIPMENT VEHICLE,1,0,0,0,0,0,0,0,0,0,0,0,1
2014,Bihar,KATIHAR - BR39( 23-JAN-2018 ),3,GOODS CARRIER,10,5,6,11,14,5,6,4,7,5,18,3,94
2014,Bihar,KATIHAR - BR39( 23-JAN-2018 ),4,M-CYCLE/SCOOTER,"1,176","1,128","1,636","1,295","2,065","2,084","1,706","1,413","1,298","2,221","1,335","1,152","18,509"
2014,Bihar,KATIHAR - BR39( 23-JAN-2018 ),5,MOPED,3,0,0,0,0,1,0,9,1,0,0,2,16
2014,Bihar,KATIHAR - BR39( 23-JAN-2018 ),6,MOTOR CAB,2,1,3,1,1,1,1,0,2,0,0,0,12
2014,Bihar,KATIHAR - BR39( 23-JAN-2018 ),7,MOTOR CAR,21,15,27,26,20,10,19,36,8,18,29,31,260
2014,Bihar,KATIHAR - BR39( 23-JAN-2018 ),8,THREE WHEELER (GOODS),0,0,0,0,0,0,1,0,0,0,0,1,2
2014,Bihar,KATIHAR - BR39( 23-JAN-2018 ),9,THREE WHEELER (PASSENGER),18,6,10,15,6,15,16,18,21,21,17,8,171
2014,Bihar,KATIHAR - BR39( 23-JAN-2018 ),10,TRACTOR (COMMERCIAL),62,55,55,56,75,118,103,66,76,91,85,69,911
2014,Bihar,KATIHAR - BR39( 23-JAN-2018 ),11,TRAILER (COMMERCIAL),14,26,15,13,22,17,15,14,20,28,38,19,241
2014,Bihar,KHAGARIA - BR34( 01-FEB-2018 ),1,ADAPTED VEHICLE,0,0,0,0,0,0,0,1,0,0,0,0,1
2014,Bihar,KHAGARIA - BR34( 01-FEB-2018 ),2,BUS,1,0,0,0,1,0,0,0,0,0,0,0,2
2014,Bihar,KHAGARIA - BR34( 01-FEB-2018 ),3,GOODS CARRIER,8,7,3,4,5,5,6,5,3,3,5,21,75
2014,Bihar,KHAGARIA - BR34( 01-FEB-2018 ),4,M-CYCLE/SCOOTER,294,358,485,605,551,752,585,628,476,803,452,355,"6,344"
2014,Bihar,KHAGARIA - BR34( 01-FEB-2018 ),5,MOPED,0,0,0,0,0,0,8,0,0,3,2,6,19
2014,Bihar,KHAGARIA - BR34( 01-FEB-2018 ),6,MOTOR CAB,6,5,4,10,2,4,6,4,1,4,4,2,52
2014,Bihar,KHAGARIA - BR34( 01-FEB-2018 ),7,MOTOR CAR,13,6,8,5,10,4,6,9,6,6,13,7,93
2014,Bihar,KHAGARIA - BR34( 01-FEB-2018 ),8,THREE WHEELER (GOODS),0,3,1,2,3,1,5,1,3,2,3,3,27
2014,Bihar,KHAGARIA - BR34( 01-FEB-2018 ),9,THREE WHEELER (PASSENGER),18,25,18,14,14,20,33,24,56,22,51,42,337
2014,Bihar,KHAGARIA - BR34( 01-FEB-2018 ),10,TRACTOR (COMMERCIAL),58,56,73,42,63,60,81,45,75,55,42,42,692
2014,Bihar,KHAGARIA - BR34( 01-FEB-2018 ),11,TRAILER (COMMERCIAL),14,12,17,12,13,13,26,10,20,32,37,34,240
2014,Bihar,KISHANGANJ - BR37( 07-FEB-2018 ),1,AGRICULTURAL TRACTOR,0,0,0,0,0,0,1,0,0,0,0,0,1
2014,Bihar,KISHANGANJ - BR37( 07-FEB-2018 ),2,BUS,1,0,1,0,3,2,0,0,0,0,1,0,8
2014,Bihar,KISHANGANJ - BR37( 07-FEB-2018 ),3,GOODS CARRIER,1,1,9,4,4,6,5,3,5,1,9,2,50
2014,Bihar,KISHANGANJ - BR37( 07-FEB-2018 ),4,MAXI CAB,2,3,2,4,1,1,3,2,2,1,1,3,25
2014,Bihar,KISHANGANJ - BR37( 07-FEB-2018 ),5,M-CYCLE/SCOOTER,916,"1,162","1,879","2,054","2,150","1,443",881,"1,063",709,883,801,270,"14,211"
2014,Bihar,KISHANGANJ - BR37( 07-FEB-2018 ),6,MOPED,2,1,1,0,1,0,0,0,0,0,0,1,6
2014,Bihar,KISHANGANJ - BR37( 07-FEB-2018 ),7,MOTOR CAB,1,0,0,0,0,0,1,0,0,1,0,0,3
2014,Bihar,KISHANGANJ - BR37( 07-FEB-2018 ),8,MOTOR CAR,30,29,40,30,15,36,21,27,54,18,32,43,375
2014,Bihar,KISHANGANJ - BR37( 07-FEB-2018 ),9,OMNI BUS,0,0,0,0,1,0,0,0,0,0,0,0,1
2014,Bihar,KISHANGANJ - BR37( 07-FEB-2018 ),10,THREE WHEELER (PASSENGER),8,7,10,14,11,16,9,14,20,15,14,18,156
2014,Bihar,KISHANGANJ - BR37( 07-FEB-2018 ),11,TRACTOR (COMMERCIAL),40,29,44,26,32,58,71,47,37,26,62,40,512
2014,Bihar,KISHANGANJ - BR37( 07-FEB-2018 ),12,TRAILER (COMMERCIAL),5,2,6,0,2,4,4,6,1,4,2,4,40
2014,Bihar,LAKHISARAI - BR53( 27-JAN-2017 ),1,BUS,0,0,1,0,0,0,0,0,0,0,0,0,1
2014,Bihar,LAKHISARAI - BR53( 27-JAN-2017 ),2,GOODS CARRIER,19,11,10,9,11,11,7,18,33,23,34,22,208
2014,Bihar,LAKHISARAI - BR53( 27-JAN-2017 ),3,M-CYCLE/SCOOTER,165,200,349,191,365,301,225,143,189,345,259,203,"2,935"
2014,Bihar,LAKHISARAI - BR53( 27-JAN-2017 ),4,MOTOR CAB,18,3,7,6,3,2,5,3,11,4,2,1,65
2014,Bihar,LAKHISARAI - BR53( 27-JAN-2017 ),5,MOTOR CAR,2,8,13,9,7,5,10,4,7,8,10,4,87
2014,Bihar,LAKHISARAI - BR53( 27-JAN-2017 ),6,THREE WHEELER (PASSENGER),0,0,0,0,0,1,1,3,2,4,0,3,14
2014,Bihar,LAKHISARAI - BR53( 27-JAN-2017 ),7,TRACTOR (COMMERCIAL),28,22,31,40,44,6,52,35,33,20,35,26,372
2014,Bihar,LAKHISARAI - BR53( 27-JAN-2017 ),8,TRAILER (COMMERCIAL),27,26,31,39,44,1,52,33,31,21,34,28,367
2014,Bihar,MADHEPURA - BR43( 02-JUN-2017 ),1,BUS,1,0,0,0,0,0,2,0,0,0,0,0,3
2014,Bihar,MADHEPURA - BR43( 02-JUN-2017 ),2,GOODS CARRIER,7,3,6,5,5,3,5,4,1,5,4,3,51
2014,Bihar,MADHEPURA - BR43( 02-JUN-2017 ),3,M-CYCLE/SCOOTER,555,609,914,574,901,972,936,800,631,843,666,637,"9,038"
2014,Bihar,MADHEPURA - BR43( 02-JUN-2017 ),4,M-CYCLE/SCOOTER-WITH SIDE CAR,0,0,0,0,0,7,0,0,0,0,0,0,7
2014,Bihar,MADHEPURA - BR43( 02-JUN-2017 ),5,MOPED,0,1,0,1,0,0,0,1,6,4,3,2,18
2014,Bihar,MADHEPURA - BR43( 02-JUN-2017 ),6,MOTOR CAB,2,4,7,2,1,3,5,5,4,3,9,5,50
2014,Bihar,MADHEPURA - BR43( 02-JUN-2017 ),7,MOTOR CAR,16,18,23,11,6,11,17,18,17,4,38,24,203
2014,Bihar,MADHEPURA - BR43( 02-JUN-2017 ),8,THREE WHEELER (GOODS),2,4,1,2,4,4,2,2,10,5,10,6,52
2014,Bihar,MADHEPURA - BR43( 02-JUN-2017 ),9,THREE WHEELER (PASSENGER),35,21,36,24,38,49,41,53,92,44,57,57,547
2014,Bihar,MADHEPURA - BR43( 02-JUN-2017 ),10,TRACTOR (COMMERCIAL),58,39,47,40,30,89,110,55,77,92,139,65,841
2014,Bihar,MADHEPURA - BR43( 02-JUN-2017 ),11,TRAILER (COMMERCIAL),20,17,12,15,10,8,10,8,10,7,3,14,134
2014,Bihar,MADHUBANI - BR32( 01-FEB-2018 ),1,AGRICULTURAL TRACTOR,0,2,0,0,0,0,0,0,0,0,0,0,2
2014,Bihar,MADHUBANI - BR32( 01-FEB-2018 ),2,BUS,0,1,0,2,6,0,5,1,2,0,2,0,19
2014,Bihar,MADHUBANI - BR32( 01-FEB-2018 ),3,GOODS CARRIER,4,4,8,13,5,9,5,4,7,6,21,4,90
2014,Bihar,MADHUBANI - BR32( 01-FEB-2018 ),4,M-CYCLE/SCOOTER,899,"1,432","1,922","1,728","2,268","1,661",860,884,957,"1,727","1,372","1,024","16,734"
2014,Bihar,MADHUBANI - BR32( 01-FEB-2018 ),5,MOPED,0,3,0,0,1,0,0,0,0,0,0,1,5
2014,Bihar,MADHUBANI - BR32( 01-FEB-2018 ),6,MOTOR CAB,17,17,15,3,8,9,10,5,7,5,14,6,116
2014,Bihar,MADHUBANI - BR32( 01-FEB-2018 ),7,MOTOR CAR,16,13,27,23,18,13,16,20,16,14,21,20,217
2014,Bihar,MADHUBANI - BR32( 01-FEB-2018 ),8,THREE WHEELER (GOODS),0,2,1,0,1,1,2,0,2,1,1,1,12
2014,Bihar,MADHUBANI - BR32( 01-FEB-2018 ),9,THREE WHEELER (PASSENGER),59,45,55,59,61,79,66,69,81,62,43,72,751
2014,Bihar,MADHUBANI - BR32( 01-FEB-2018 ),10,TRACTOR (COMMERCIAL),90,88,86,82,69,121,126,62,93,188,149,101,"1,255"
2014,Bihar,MADHUBANI - BR32( 01-FEB-2018 ),11,TRAILER (COMMERCIAL),26,16,11,18,7,16,25,8,8,100,82,55,372
2014,Bihar,MOTIHARI - BR5( 05-JUL-2017 ),1,AGRICULTURAL TRACTOR,1,0,0,0,0,0,0,0,0,2,0,0,3
2014,Bihar,MOTIHARI - BR5( 05-JUL-2017 ),2,AMBULANCE,0,0,0,0,0,1,0,0,1,0,1,0,3
2014,Bihar,MOTIHARI - BR5( 05-JUL-2017 ),3,BUS,3,3,0,2,1,6,9,3,1,2,3,2,35
2014,Bihar,MOTIHARI - BR5( 05-JUL-2017 ),4,CONSTRUCTION EQUIPMENT VEHICLE,0,1,0,0,0,0,0,0,0,0,0,0,1
2014,Bihar,MOTIHARI - BR5( 05-JUL-2017 ),5,GOODS CARRIER,43,41,51,42,30,40,39,33,39,49,34,34,475
2014,Bihar,MOTIHARI - BR5( 05-JUL-2017 ),6,MAXI CAB,1,4,1,0,0,0,0,2,0,0,0,2,10
2014,Bihar,MOTIHARI - BR5( 05-JUL-2017 ),7,M-CYCLE/SCOOTER,"1,304","1,307","1,872","2,000","1,521","1,316",915,975,"1,111","1,875","1,829","1,099","17,124"
2014,Bihar,MOTIHARI - BR5( 05-JUL-2017 ),8,MOPED,1,1,0,2,0,0,1,0,0,0,0,0,5
2014,Bihar,MOTIHARI - BR5( 05-JUL-2017 ),9,MOTOR CAB,39,47,41,32,18,35,29,27,28,33,23,23,375
2014,Bihar,MOTIHARI - BR5( 05-JUL-2017 ),10,MOTOR CAR,104,102,116,132,67,74,65,66,58,82,91,60,"1,017"
2014,Bihar,MOTIHARI - BR5( 05-JUL-2017 ),11,THREE WHEELER (GOODS),2,1,0,0,0,0,0,0,0,0,1,1,5
2014,Bihar,MOTIHARI - BR5( 05-JUL-2017 ),12,THREE WHEELER (PASSENGER),97,66,71,78,56,65,86,92,86,49,99,66,911
2014,Bihar,MOTIHARI - BR5( 05-JUL-2017 ),13,TRACTOR (COMMERCIAL),214,166,157,162,172,165,416,80,188,192,239,220,"2,371"
2014,Bihar,MOTIHARI - BR5( 05-JUL-2017 ),14,TRAILER (COMMERCIAL),4,0,13,6,2,3,4,0,0,1,11,23,67
2014,Bihar,MUNGER - BR8( 06-FEB-2018 ),1,ADAPTED VEHICLE,0,0,1,0,0,0,0,0,0,0,0,0,1
2014,Bihar,MUNGER - BR8( 06-FEB-2018 ),2,ARTICULATED VEHICLE,0,0,0,0,0,0,0,0,0,0,0,2,2
2014,Bihar,MUNGER - BR8( 06-FEB-2018 ),3,BUS,0,0,0,0,0,1,0,0,0,0,0,0,1
2014,Bihar,MUNGER - BR8( 06-FEB-2018 ),4,GOODS CARRIER,4,12,6,7,7,6,0,7,2,9,15,12,87
2014,Bihar,MUNGER - BR8( 06-FEB-2018 ),5,M-CYCLE/SCOOTER,202,282,673,519,635,575,544,385,419,786,569,426,"6,015"
2014,Bihar,MUNGER - BR8( 06-FEB-2018 ),6,MOPED,0,0,0,1,0,0,0,0,0,2,0,0,3
2014,Bihar,MUNGER - BR8( 06-FEB-2018 ),7,MOTOR CAB,2,2,10,1,5,4,4,8,3,2,9,2,52
2014,Bihar,MUNGER - BR8( 06-FEB-2018 ),8,MOTOR CAR,7,10,10,11,12,10,10,8,8,10,17,17,130
2014,Bihar,MUNGER - BR8( 06-FEB-2018 ),9,THREE WHEELER (GOODS),0,0,4,1,2,1,2,3,0,2,0,2,17
2014,Bihar,MUNGER - BR8( 06-FEB-2018 ),10,THREE WHEELER (PASSENGER),10,13,29,9,12,22,23,15,18,36,16,28,231
2014,Bihar,MUNGER - BR8( 06-FEB-2018 ),11,TRACTOR (COMMERCIAL),14,14,10,21,23,22,29,18,28,35,14,11,239
2014,Bihar,MUNGER - BR8( 06-FEB-2018 ),12,TRAILER (COMMERCIAL),7,4,5,7,13,3,15,12,11,33,16,15,141
2014,Bihar,MUZAFFARPUR - BR6( 01-FEB-2018 ),1,AGRICULTURAL TRACTOR,1,5,15,2,1,1,3,1,1,4,3,22,59
2014,Bihar,MUZAFFARPUR - BR6( 01-FEB-2018 ),2,AMBULANCE,0,1,0,0,1,0,0,0,0,0,0,0,2
2014,Bihar,MUZAFFARPUR - BR6( 01-FEB-2018 ),3,BUS,11,17,9,17,21,13,28,11,15,11,16,15,184
2014,Bihar,MUZAFFARPUR - BR6( 01-FEB-2018 ),4,GOODS CARRIER,139,151,180,190,131,173,207,175,218,156,271,230,"2,221"
2014,Bihar,MUZAFFARPUR - BR6( 01-FEB-2018 ),5,M-CYCLE/SCOOTER,"2,841","3,336","4,039","4,798","5,766","4,822","3,370","3,025","3,140","4,772","4,109","2,489","46,507"
2014,Bihar,MUZAFFARPUR - BR6( 01-FEB-2018 ),6,M-CYCLE/SCOOTER-WITH SIDE CAR,0,0,0,0,0,0,2,2,1,0,0,0,5
2014,Bihar,MUZAFFARPUR - BR6( 01-FEB-2018 ),7,MOPED,2,2,0,5,8,14,18,8,24,25,61,7,174
2014,Bihar,MUZAFFARPUR - BR6( 01-FEB-2018 ),8,MOTOR CAB,86,98,98,95,54,56,35,52,51,38,58,56,777
2014,Bihar,MUZAFFARPUR - BR6( 01-FEB-2018 ),9,MOTOR CAR,313,361,335,310,365,376,271,231,279,392,384,292,"3,909"
2014,Bihar,MUZAFFARPUR - BR6( 01-FEB-2018 ),10,OMNI BUS,0,0,0,1,0,0,0,0,0,0,0,0,1
2014,Bihar,MUZAFFARPUR - BR6( 01-FEB-2018 ),11,THREE WHEELER (GOODS),1,3,2,0,9,16,17,14,22,11,16,24,135
2014,Bihar,MUZAFFARPUR - BR6( 01-FEB-2018 ),12,THREE WHEELER (PASSENGER),109,146,120,113,100,164,192,205,362,202,246,204,"2,163"
2014,Bihar,MUZAFFARPUR - BR6( 01-FEB-2018 ),13,TRACTOR (COMMERCIAL),102,110,92,96,78,80,125,106,87,90,120,158,"1,244"
2014,Bihar,MUZAFFARPUR - BR6( 01-FEB-2018 ),14,TRAILER (COMMERCIAL),5,8,6,6,4,3,6,7,5,3,7,13,73
2014,Bihar,NALANDA - BR21( 01-FEB-2018 ),1,AGRICULTURAL TRACTOR,1,0,0,0,0,0,0,0,0,0,0,0,1
2014,Bihar,NALANDA - BR21( 01-FEB-2018 ),2,AMBULANCE,0,0,0,0,0,0,0,0,0,1,0,0,1
2014,Bihar,NALANDA - BR21( 01-FEB-2018 ),3,BUS,2,5,6,4,9,10,7,5,7,10,6,7,78
2014,Bihar,NALANDA - BR21( 01-FEB-2018 ),4,GOODS CARRIER,22,21,22,22,27,41,42,38,30,44,57,44,410
2014,Bihar,NALANDA - BR21( 01-FEB-2018 ),5,MAXI CAB,0,0,0,0,0,1,0,0,1,0,0,0,2
2014,Bihar,NALANDA - BR21( 01-FEB-2018 ),6,M-CYCLE/SCOOTER,592,750,984,"1,077","1,353",949,899,821,889,"1,399","1,247",729,"11,689"
2014,Bihar,NALANDA - BR21( 01-FEB-2018 ),7,MOPED,3,21,23,15,16,24,21,12,42,7,45,12,241
2014,Bihar,NALANDA - BR21( 01-FEB-2018 ),8,MOTOR CAB,14,21,17,27,19,24,22,12,11,8,21,14,210
2014,Bihar,NALANDA - BR21( 01-FEB-2018 ),9,MOTOR CAR,26,30,26,35,27,38,50,33,26,34,60,37,422
2014,Bihar,NALANDA - BR21( 01-FEB-2018 ),10,THREE WHEELER (GOODS),2,0,1,1,1,3,0,0,1,2,2,1,14
2014,Bihar,NALANDA - BR21( 01-FEB-2018 ),11,THREE WHEELER (PASSENGER),40,40,52,43,30,69,50,43,75,63,58,41,604
2014,Bihar,NALANDA - BR21( 01-FEB-2018 ),12,TRACTOR (COMMERCIAL),52,41,60,73,59,94,161,80,194,18,97,136,"1,065"
2014,Bihar,NALANDA - BR21( 01-FEB-2018 ),13,TRAILER (COMMERCIAL),8,4,12,7,12,11,15,7,6,8,77,72,239
2014,Bihar,NAWADA - BR27( 30-JAN-2018 ),1,ADAPTED VEHICLE,0,0,0,0,0,0,0,0,9,6,0,0,15
2014,Bihar,NAWADA - BR27( 30-JAN-2018 ),2,AMBULANCE,0,0,0,0,0,0,0,0,0,0,1,1,2
2014,Bihar,NAWADA - BR27( 30-JAN-2018 ),3,BUS,1,4,2,3,4,6,2,1,2,4,2,1,32
2014,Bihar,NAWADA - BR27( 30-JAN-2018 ),4,GOODS CARRIER,22,14,13,17,13,11,14,8,18,14,17,16,177
2014,Bihar,NAWADA - BR27( 30-JAN-2018 ),5,M-CYCLE/SCOOTER,290,428,549,555,811,566,461,422,346,533,527,336,"5,824"
2014,Bihar,NAWADA - BR27( 30-JAN-2018 ),6,MOPED,0,1,0,0,0,0,0,0,0,0,0,0,1
2014,Bihar,NAWADA - BR27( 30-JAN-2018 ),7,MOTOR CAB,15,12,8,8,13,5,7,9,11,6,7,3,104
2014,Bihar,NAWADA - BR27( 30-JAN-2018 ),8,MOTOR CAR,21,33,42,36,47,24,29,31,29,17,43,28,380
2014,Bihar,NAWADA - BR27( 30-JAN-2018 ),9,OMNI BUS,0,0,0,0,0,1,0,0,0,0,0,0,1
2014,Bihar,NAWADA - BR27( 30-JAN-2018 ),10,THREE WHEELER (GOODS),0,0,1,0,1,0,1,0,1,0,1,0,5
2014,Bihar,NAWADA - BR27( 30-JAN-2018 ),11,THREE WHEELER (PASSENGER),28,26,20,14,11,16,23,24,46,37,26,23,294
2014,Bihar,NAWADA - BR27( 30-JAN-2018 ),12,TRACTOR (COMMERCIAL),75,78,92,63,71,67,178,115,109,70,78,64,"1,060"
2014,Bihar,NAWADA - BR27( 30-JAN-2018 ),13,TRAILER (COMMERCIAL),10,16,19,12,5,10,31,12,12,51,70,66,314
2014,Bihar,PATNA - BR1( 02-FEB-2018 ),1,AGRICULTURAL TRACTOR,0,0,0,0,0,0,0,0,0,0,0,1,1
2014,Bihar,PATNA - BR1( 02-FEB-2018 ),2,ARTICULATED VEHICLE,0,0,0,0,0,0,0,0,0,2,0,0,2
2014,Bihar,PATNA - BR1( 02-FEB-2018 ),3,BUS,9,13,34,39,44,36,36,309,36,13,11,21,601
2014,Bihar,PATNA - BR1( 02-FEB-2018 ),4,CONSTRUCTION EQUIPMENT VEHICLE,0,1,0,0,1,0,1,2,0,0,0,0,5
2014,Bihar,PATNA - BR1( 02-FEB-2018 ),5,GOODS CARRIER,306,262,469,388,401,428,436,377,371,399,529,385,"4,751"
2014,Bihar,PATNA - BR1( 02-FEB-2018 ),6,MAXI CAB,0,1,0,0,0,0,0,0,0,0,0,2,3
2014,Bihar,PATNA - BR1( 02-FEB-2018 ),7,M-CYCLE/SCOOTER,"3,919","4,761","5,692","5,921","7,277","6,152","5,693","4,855","6,029","8,142","7,714","4,661","70,816"
2014,Bihar,PATNA - BR1( 02-FEB-2018 ),8,M-CYCLE/SCOOTER-WITH SIDE CAR,0,0,0,0,0,0,0,0,0,0,1,0,1
2014,Bihar,PATNA - BR1( 02-FEB-2018 ),9,MOPED,52,8,67,55,60,46,39,92,66,101,103,25,714
2014,Bihar,PATNA - BR1( 02-FEB-2018 ),10,MOTOR CAB,53,58,87,85,97,97,78,88,66,53,61,46,869
2014,Bihar,PATNA - BR1( 02-FEB-2018 ),11,MOTOR CAR,"1,347","1,049","1,109","1,216","1,376","1,174","1,165","1,069",927,"1,265","1,483","1,420","14,600"
2014,Bihar,PATNA - BR1( 02-FEB-2018 ),12,MOTOR CYCLE/SCOOTER-SIDECAR(T),0,1,0,0,0,0,1,0,1,0,0,1,4
2014,Bihar,PATNA - BR1( 02-FEB-2018 ),13,MOTOR CYCLE/SCOOTER-USED FOR HIRE,1,0,2,0,1,2,0,0,0,0,0,0,6
2014,Bihar,PATNA - BR1( 02-FEB-2018 ),14,THREE WHEELER (GOODS),1,1,1,2,1,4,3,2,4,2,8,3,32
2014,Bihar,PATNA - BR1( 02-FEB-2018 ),15,THREE WHEELER (PASSENGER),244,251,322,220,254,258,328,315,315,248,249,216,"3,220"
2014,Bihar,PATNA - BR1( 02-FEB-2018 ),16,TRACTOR (COMMERCIAL),169,118,194,123,196,166,271,197,179,186,211,181,"2,191"
2014,Bihar,PATNA - BR1( 02-FEB-2018 ),17,TRAILER (AGRICULTURAL),0,0,0,0,0,0,0,0,0,0,0,1,1
2014,Bihar,PATNA - BR1( 02-FEB-2018 ),18,TRAILER (COMMERCIAL),60,37,51,39,42,33,72,55,65,42,39,70,605
2014,Bihar,PURNEA - BR11( 23-JAN-2018 ),1,ARTICULATED VEHICLE,0,1,8,0,2,3,1,0,0,0,0,0,15
2014,Bihar,PURNEA - BR11( 23-JAN-2018 ),2,BUS,1,4,4,7,4,6,5,1,3,6,3,5,49
2014,Bihar,PURNEA - BR11( 23-JAN-2018 ),3,GOODS CARRIER,134,101,125,103,120,101,122,110,136,144,132,113,"1,441"
2014,Bihar,PURNEA - BR11( 23-JAN-2018 ),4,MAXI CAB,0,1,0,2,1,0,1,1,0,1,1,1,9
2014,Bihar,PURNEA - BR11( 23-JAN-2018 ),5,M-CYCLE/SCOOTER,824,"1,104","1,303","1,081","1,751","1,836","1,365","1,445","1,368","1,842","1,354","1,283","16,556"
2014,Bihar,PURNEA - BR11( 23-JAN-2018 ),6,MOPED,0,0,0,0,0,0,0,0,2,5,0,0,7
2014,Bihar,PURNEA - BR11( 23-JAN-2018 ),7,MOTOR CAB,55,67,97,48,31,49,36,26,38,40,26,16,529
2014,Bihar,PURNEA - BR11( 23-JAN-2018 ),8,MOTOR CAR,141,149,199,132,163,176,180,180,150,200,302,231,"2,203"
2014,Bihar,PURNEA - BR11( 23-JAN-2018 ),9,THREE WHEELER (GOODS),29,28,31,27,28,42,35,37,32,37,41,31,398
2014,Bihar,PURNEA - BR11( 23-JAN-2018 ),10,THREE WHEELER (PASSENGER),241,203,187,160,183,273,356,425,442,416,222,199,"3,307"
2014,Bihar,PURNEA - BR11( 23-JAN-2018 ),11,TRACTOR (COMMERCIAL),172,141,132,137,175,187,279,236,186,189,307,247,"2,388"
2014,Bihar,PURNEA - BR11( 23-JAN-2018 ),12,TRAILER (COMMERCIAL),26,36,31,27,68,22,26,43,23,0,5,11,318
2014,Bihar,ROHTAS - BR24( 09-FEB-2018 ),1,AGRICULTURAL TRACTOR,0,0,0,1,0,0,0,0,0,0,0,0,1
2014,Bihar,ROHTAS - BR24( 09-FEB-2018 ),2,BUS,1,3,1,4,4,4,2,2,1,2,3,2,29
2014,Bihar,ROHTAS - BR24( 09-FEB-2018 ),3,GOODS CARRIER,12,9,10,17,21,7,19,9,19,10,9,12,154
2014,Bihar,ROHTAS - BR24( 09-FEB-2018 ),4,HARVESTER,7,5,2,1,1,1,0,3,0,0,0,0,20
2014,Bihar,ROHTAS - BR24( 09-FEB-2018 ),5,M-CYCLE/SCOOTER,744,599,"1,190",876,996,949,880,840,640,844,"1,138",859,"10,555"
2014,Bihar,ROHTAS - BR24( 09-FEB-2018 ),6,MOTOR CAB,5,1,3,2,1,2,2,2,8,1,6,2,35
2014,Bihar,ROHTAS - BR24( 09-FEB-2018 ),7,MOTOR CAR,48,57,93,48,53,47,79,43,41,49,69,44,671
2014,Bihar,ROHTAS - BR24( 09-FEB-2018 ),8,THREE WHEELER (GOODS),8,5,3,3,9,5,9,2,4,2,5,3,58
2014,Bihar,ROHTAS - BR24( 09-FEB-2018 ),9,THREE WHEELER (PASSENGER),74,53,82,46,74,56,64,59,62,71,62,45,748
2014,Bihar,ROHTAS - BR24( 09-FEB-2018 ),10,TRACTOR (COMMERCIAL),100,103,141,218,152,178,220,81,70,69,109,123,"1,564"
2014,Bihar,ROHTAS - BR24( 09-FEB-2018 ),11,TRAILER (COMMERCIAL),11,23,18,45,20,16,17,19,8,52,68,74,371
2014,Bihar,SAHARSA - BR19( 29-JAN-2018 ),1,BUS,4,0,3,1,4,4,0,2,2,1,3,0,24
2014,Bihar,SAHARSA - BR19( 29-JAN-2018 ),2,CONSTRUCTION EQUIPMENT VEHICLE,0,0,0,0,0,0,0,1,0,0,0,0,1
2014,Bihar,SAHARSA - BR19( 29-JAN-2018 ),3,GOODS CARRIER,16,10,10,11,10,18,18,16,12,4,20,5,150
2014,Bihar,SAHARSA - BR19( 29-JAN-2018 ),4,M-CYCLE/SCOOTER,338,280,468,432,332,466,399,519,386,333,762,510,"5,225"
2014,Bihar,SAHARSA - BR19( 29-JAN-2018 ),5,MOPED,0,0,0,1,0,1,2,0,1,0,1,1,7
2014,Bihar,SAHARSA - BR19( 29-JAN-2018 ),6,MOTOR CAB,24,10,17,10,10,17,15,8,10,4,9,8,142
2014,Bihar,SAHARSA - BR19( 29-JAN-2018 ),7,MOTOR CAR,23,18,29,25,19,32,20,18,21,15,50,40,310
2014,Bihar,SAHARSA - BR19( 29-JAN-2018 ),8,THREE WHEELER (GOODS),6,1,8,2,4,8,3,2,12,5,2,4,57
2014,Bihar,SAHARSA - BR19( 29-JAN-2018 ),9,THREE WHEELER (PASSENGER),30,11,32,9,30,17,30,33,54,39,29,32,346
2014,Bihar,SAHARSA - BR19( 29-JAN-2018 ),10,TRACTOR (COMMERCIAL),97,63,74,68,77,88,134,66,85,57,80,75,964
2014,Bihar,SAHARSA - BR19( 29-JAN-2018 ),11,TRAILER (COMMERCIAL),45,30,34,16,13,36,36,16,24,8,2,15,275
2014,Bihar,SAMASTIPUR - BR33( 06-JUL-2017 ),1,AGRICULTURAL TRACTOR,0,0,0,1,0,0,0,0,0,0,0,2,3
2014,Bihar,SAMASTIPUR - BR33( 06-JUL-2017 ),2,BUS,0,1,1,4,3,1,0,4,0,1,0,1,16
2014,Bihar,SAMASTIPUR - BR33( 06-JUL-2017 ),3,CONSTRUCTION EQUIPMENT VEHICLE,0,0,0,0,0,0,0,1,0,0,0,0,1
2014,Bihar,SAMASTIPUR - BR33( 06-JUL-2017 ),4,GOODS CARRIER,14,21,34,24,18,17,14,18,14,19,26,14,233
2014,Bihar,SAMASTIPUR - BR33( 06-JUL-2017 ),5,M-CYCLE/SCOOTER,"1,184","1,292","1,661","1,787","2,348","2,294","1,616","1,123","1,453","2,206","1,679",954,"19,597"
2014,Bihar,SAMASTIPUR - BR33( 06-JUL-2017 ),6,MOPED,0,0,1,0,0,0,0,0,1,0,0,0,2
2014,Bihar,SAMASTIPUR - BR33( 06-JUL-2017 ),7,MOTOR CAB,13,9,17,19,5,8,6,8,7,4,5,10,111
2014,Bihar,SAMASTIPUR - BR33( 06-JUL-2017 ),8,MOTOR CAR,22,24,32,31,33,44,19,29,15,13,36,33,331
2014,Bihar,SAMASTIPUR - BR33( 06-JUL-2017 ),9,THREE WHEELER (GOODS),5,3,5,1,7,4,9,3,10,9,9,3,68
2014,Bihar,SAMASTIPUR - BR33( 06-JUL-2017 ),10,THREE WHEELER (PASSENGER),68,52,49,56,65,82,139,120,174,106,69,69,"1,049"
2014,Bihar,SAMASTIPUR - BR33( 06-JUL-2017 ),11,TRACTOR (COMMERCIAL),94,93,121,101,88,95,180,80,103,91,131,96,"1,273"
2014,Bihar,SAMASTIPUR - BR33( 06-JUL-2017 ),12,TRAILER (COMMERCIAL),6,13,19,13,4,12,14,17,20,73,96,92,379
2014,Bihar,SHEIKHPURA - BR52( 17-JUL-2017 ),1,BUS,0,0,0,2,3,1,2,0,0,1,1,0,10
2014,Bihar,SHEIKHPURA - BR52( 17-JUL-2017 ),2,GOODS CARRIER,6,5,1,7,5,0,4,2,5,7,6,4,52
2014,Bihar,SHEIKHPURA - BR52( 17-JUL-2017 ),3,M-CYCLE/SCOOTER,34,61,134,101,212,115,220,24,175,232,171,110,"1,589"
2014,Bihar,SHEIKHPURA - BR52( 17-JUL-2017 ),4,MOTOR CAB,5,1,1,3,4,2,2,0,0,2,3,2,25
2014,Bihar,SHEIKHPURA - BR52( 17-JUL-2017 ),5,MOTOR CAR,5,5,3,5,7,5,5,3,6,3,3,8,58
2014,Bihar,SHEIKHPURA - BR52( 17-JUL-2017 ),6,THREE WHEELER (GOODS),0,0,0,0,0,0,0,0,1,0,0,0,1
2014,Bihar,SHEIKHPURA - BR52( 17-JUL-2017 ),7,THREE WHEELER (PASSENGER),1,0,4,1,2,0,15,7,24,48,5,8,115
2014,Bihar,SHEIKHPURA - BR52( 17-JUL-2017 ),8,TRACTOR (COMMERCIAL),11,16,10,13,15,51,131,17,24,16,22,27,353
2014,Bihar,SHEIKHPURA - BR52( 17-JUL-2017 ),9,TRAILER (COMMERCIAL),4,21,11,8,15,24,69,14,18,25,27,25,261
2014,Bihar,SHEOHAR - BR55( 07-JUN-2017 ),1,AGRICULTURAL TRACTOR,17,9,31,6,6,10,10,11,12,4,19,17,152
2014,Bihar,SHEOHAR - BR55( 07-JUN-2017 ),2,BUS,0,0,0,0,1,0,1,1,0,0,1,1,5
2014,Bihar,SHEOHAR - BR55( 07-JUN-2017 ),3,GOODS CARRIER,2,0,3,0,1,0,0,0,2,0,0,1,9
2014,Bihar,SHEOHAR - BR55( 07-JUN-2017 ),4,M-CYCLE/SCOOTER,218,322,260,369,209,245,116,175,158,163,245,128,"2,608"
2014,Bihar,SHEOHAR - BR55( 07-JUN-2017 ),5,MOTOR CAB,0,1,1,0,2,4,3,0,2,2,2,0,17
2014,Bihar,SHEOHAR - BR55( 07-JUN-2017 ),6,MOTOR CAR,6,2,5,9,3,5,3,0,3,5,7,5,53
2014,Bihar,SHEOHAR - BR55( 07-JUN-2017 ),7,THREE WHEELER (GOODS),0,0,0,0,0,0,0,1,0,0,0,0,1
2014,Bihar,SHEOHAR - BR55( 07-JUN-2017 ),8,THREE WHEELER (PASSENGER),3,5,7,0,0,3,7,0,4,8,6,7,50
2014,Bihar,SHEOHAR - BR55( 07-JUN-2017 ),9,TRACTOR (COMMERCIAL),0,0,0,0,2,0,4,1,3,0,3,3,16
2014,Bihar,SHEOHAR - BR55( 07-JUN-2017 ),10,TRAILER (COMMERCIAL),0,0,3,1,5,0,1,0,2,2,8,5,27
2014,Bihar,SITAMARHI - BR30( 29-JAN-2018 ),1,AGRICULTURAL TRACTOR,1,1,0,0,0,0,0,1,0,0,0,0,3
2014,Bihar,SITAMARHI - BR30( 29-JAN-2018 ),2,BUS,1,2,2,1,1,4,0,3,4,2,0,1,21
2014,Bihar,SITAMARHI - BR30( 29-JAN-2018 ),3,GOODS CARRIER,5,13,12,16,11,17,10,4,9,9,20,20,146
2014,Bihar,SITAMARHI - BR30( 29-JAN-2018 ),4,MAXI CAB,0,0,0,0,0,0,0,1,0,0,0,0,1
2014,Bihar,SITAMARHI - BR30( 29-JAN-2018 ),5,M-CYCLE/SCOOTER,574,"1,115","1,351",945,827,"1,012",924,"1,012","1,047","1,185","1,335",821,"12,148"
2014,Bihar,SITAMARHI - BR30( 29-JAN-2018 ),6,M-CYCLE/SCOOTER-WITH SIDE CAR,0,0,0,0,0,1,0,0,0,0,0,0,1
2014,Bihar,SITAMARHI - BR30( 29-JAN-2018 ),7,MOPED,8,4,14,4,3,8,15,16,7,48,20,34,181
2014,Bihar,SITAMARHI - BR30( 29-JAN-2018 ),8,MOTOR CAB,4,3,5,4,4,2,3,2,4,4,6,1,42
2014,Bihar,SITAMARHI - BR30( 29-JAN-2018 ),9,MOTOR CAR,29,38,30,29,25,31,28,27,25,12,25,15,314
2014,Bihar,SITAMARHI - BR30( 29-JAN-2018 ),10,OMNI BUS (PRIVATE USE),0,0,0,0,0,1,0,0,0,0,0,0,1
2014,Bihar,SITAMARHI - BR30( 29-JAN-2018 ),11,THREE WHEELER (GOODS),0,0,1,0,0,0,0,1,1,2,0,1,6
2014,Bihar,SITAMARHI - BR30( 29-JAN-2018 ),12,THREE WHEELER (PASSENGER),64,83,65,45,52,118,137,117,154,142,97,59,"1,133"
2014,Bihar,SITAMARHI - BR30( 29-JAN-2018 ),13,TRACTOR (COMMERCIAL),74,105,125,91,91,130,147,66,92,131,110,121,"1,283"
2014,Bihar,SITAMARHI - BR30( 29-JAN-2018 ),14,TRAILER (COMMERCIAL),2,8,1,5,2,4,7,4,1,0,3,6,43
2014,Bihar,SIWAN - BR29( 29-JAN-2018 ),1,AGRICULTURAL TRACTOR,0,1,1,0,0,0,16,0,0,0,0,0,18
2014,Bihar,SIWAN - BR29( 29-JAN-2018 ),2,BUS,1,4,4,5,8,4,4,3,3,4,5,1,46
2014,Bihar,SIWAN - BR29( 29-JAN-2018 ),3,CONSTRUCTION EQUIPMENT VEHICLE,0,1,0,0,0,0,0,0,0,0,0,0,1
2014,Bihar,SIWAN - BR29( 29-JAN-2018 ),4,GOODS CARRIER,31,34,38,29,24,36,20,25,38,35,45,30,385
2014,Bihar,SIWAN - BR29( 29-JAN-2018 ),5,MAXI CAB,26,25,38,16,9,19,22,12,9,29,26,18,249
2014,Bihar,SIWAN - BR29( 29-JAN-2018 ),6,M-CYCLE/SCOOTER,"1,443","2,060","2,852","2,472","3,417","3,175","1,468","1,183","1,418","2,017","2,408","1,643","25,556"
2014,Bihar,SIWAN - BR29( 29-JAN-2018 ),7,MOPED,1,1,3,8,8,0,0,0,1,0,0,0,22
2014,Bihar,SIWAN - BR29( 29-JAN-2018 ),8,MOTOR CAB,0,0,0,1,0,0,1,0,0,1,0,1,4
2014,Bihar,SIWAN - BR29( 29-JAN-2018 ),9,MOTOR CAR,99,85,139,62,71,81,55,48,58,81,99,82,960
2014,Bihar,SIWAN - BR29( 29-JAN-2018 ),10,OMNI BUS,0,0,0,0,0,0,1,0,0,0,0,0,1
2014,Bihar,SIWAN - BR29( 29-JAN-2018 ),11,THREE WHEELER (GOODS),0,1,1,1,1,1,2,0,2,1,4,3,17
2014,Bihar,SIWAN - BR29( 29-JAN-2018 ),12,THREE WHEELER (PASSENGER),52,63,102,81,54,69,56,65,80,60,60,69,811
2014,Bihar,SIWAN - BR29( 29-JAN-2018 ),13,TRACTOR (COMMERCIAL),68,86,100,114,90,98,94,127,119,88,97,111,"1,192"
2014,Bihar,SIWAN - BR29( 29-JAN-2018 ),14,TRAILER (COMMERCIAL),0,0,0,0,0,0,0,0,0,0,1,1,2
2014,Bihar,SUPAUL - BR50( 29-JAN-2018 ),1,BUS,0,0,1,0,1,1,2,1,2,1,1,1,11
2014,Bihar,SUPAUL - BR50( 29-JAN-2018 ),2,GOODS CARRIER,4,3,5,7,8,5,3,5,6,2,6,3,57
2014,Bihar,SUPAUL - BR50( 29-JAN-2018 ),3,M-CYCLE/SCOOTER,487,206,354,610,915,959,552,622,"1,103",534,749,469,"7,560"
2014,Bihar,SUPAUL - BR50( 29-JAN-2018 ),4,MOPED,6,0,0,2,2,6,2,4,7,0,0,0,29
2014,Bihar,SUPAUL - BR50( 29-JAN-2018 ),5,MOTOR CAB,4,2,8,6,4,5,1,1,1,2,4,2,40
2014,Bihar,SUPAUL - BR50( 29-JAN-2018 ),6,MOTOR CAR,8,10,17,11,11,9,10,12,14,13,16,12,143
2014,Bihar,SUPAUL - BR50( 29-JAN-2018 ),7,THREE WHEELER (GOODS),2,0,0,2,4,4,2,5,1,1,4,2,27
2014,Bihar,SUPAUL - BR50( 29-JAN-2018 ),8,THREE WHEELER (PASSENGER),6,2,11,8,9,7,7,12,19,13,18,11,123
2014,Bihar,SUPAUL - BR50( 29-JAN-2018 ),9,TRACTOR (COMMERCIAL),39,25,102,53,58,72,196,45,57,53,122,83,905
2014,Bihar,SUPAUL - BR50( 29-JAN-2018 ),10,TRAILER (COMMERCIAL),3,1,5,2,5,4,15,2,3,2,4,13,59
2014,Bihar,VAISHALI - BR31( 13-FEB-2018 ),1,AMBULANCE,0,0,0,0,0,0,0,0,0,0,3,3,6
2014,Bihar,VAISHALI - BR31( 13-FEB-2018 ),2,BUS,2,4,4,0,1,2,4,4,11,4,7,5,48
2014,Bihar,VAISHALI - BR31( 13-FEB-2018 ),3,GOODS CARRIER,77,74,88,78,95,95,114,63,90,102,114,107,"1,097"
2014,Bihar,VAISHALI - BR31( 13-FEB-2018 ),4,MAXI CAB,0,0,0,0,2,0,0,0,1,0,0,1,4
2014,Bihar,VAISHALI - BR31( 13-FEB-2018 ),5,M-CYCLE/SCOOTER,"1,039","1,148","1,465","1,939","2,459","2,097","1,349","1,125","1,538","2,575","1,726",978,"19,438"
2014,Bihar,VAISHALI - BR31( 13-FEB-2018 ),6,MOPED,56,20,3,3,1,4,1,3,3,1,2,1,98
2014,Bihar,VAISHALI - BR31( 13-FEB-2018 ),7,MOTOR CAB,39,33,23,17,8,14,11,15,18,10,17,12,217
2014,Bihar,VAISHALI - BR31( 13-FEB-2018 ),8,MOTOR CAR,159,127,150,135,110,132,160,88,105,151,120,129,"1,566"
2014,Bihar,VAISHALI - BR31( 13-FEB-2018 ),9,THREE WHEELER (GOODS),0,0,2,0,0,2,1,2,1,0,3,3,14
2014,Bihar,VAISHALI - BR31( 13-FEB-2018 ),10,THREE WHEELER (PASSENGER),114,97,103,77,58,94,123,131,169,119,109,113,"1,307"
2014,Bihar,VAISHALI - BR31( 13-FEB-2018 ),11,TRACTOR (COMMERCIAL),90,63,95,89,102,146,166,101,162,137,113,59,"1,323"
2014,Bihar,VAISHALI - BR31( 13-FEB-2018 ),12,TRAILER (COMMERCIAL),23,16,14,7,7,22,24,15,21,138,112,36,435
