2024,Bihar,ARARIA - BR38( 30-JAN-2018 ),1,HEAVY GOODS VEHICLE,6,5,3,0,,,,,,,,,14
2024,Bihar,ARARIA - BR38( 30-JAN-2018 ),2,LIGHT GOODS VEHICLE,80,41,68,22,,,,,,,,,211
2024,Bihar,ARARIA - BR38( 30-JAN-2018 ),3,LIGHT MOTOR VEHICLE,107,81,102,56,,,,,,,,,346
2024,Bihar,ARARIA - BR38( 30-JAN-2018 ),4,LIGHT PASSENGER VEHICLE,2,6,7,6,,,,,,,,,21
2024,Bihar,ARARIA - BR38( 30-JAN-2018 ),5,MEDIUM PASSENGER VEHICLE,0,0,1,0,,,,,,,,,1
2024,Bihar,ARARIA - BR38( 30-JAN-2018 ),6,THREE WHEELER(T),213,195,243,107,,,,,,,,,758
2024,Bihar,ARARIA - BR38( 30-JAN-2018 ),7,TWO WHEELER(NT),"2,478","2,787","3,232","1,329",,,,,,,,,"9,826"
2024,Bihar,ARAWAL - BR56( 22-MAY-2017 ),1,HEAVY GOODS VEHICLE,1,0,0,0,,,,,,,,,1
2024,Bihar,ARAWAL - BR56( 22-MAY-2017 ),2,LIGHT GOODS VEHICLE,26,20,18,15,,,,,,,,,79
2024,Bihar,ARAWAL - BR56( 22-MAY-2017 ),3,LIGHT MOTOR VEHICLE,27,18,11,4,,,,,,,,,60
2024,Bihar,ARAWAL - BR56( 22-MAY-2017 ),4,LIGHT PASSENGER VEHICLE,0,1,0,0,,,,,,,,,1
2024,Bihar,ARAWAL - BR56( 22-MAY-2017 ),5,MEDIUM MOTOR VEHICLE,1,1,3,0,,,,,,,,,5
2024,Bihar,ARAWAL - BR56( 22-MAY-2017 ),6,THREE WHEELER(T),11,16,11,3,,,,,,,,,41
2024,Bihar,ARAWAL - BR56( 22-MAY-2017 ),7,TWO WHEELER(NT),273,346,466,251,,,,,,,,,"1,336"
2024,Bihar,AURANGABAD - BR26( 13-JUN-2017 ),1,HEAVY GOODS VEHICLE,38,27,35,7,,,,,,,,,107
2024,Bihar,AURANGABAD - BR26( 13-JUN-2017 ),2,HEAVY MOTOR VEHICLE,0,0,1,0,,,,,,,,,1
2024,Bihar,AURANGABAD - BR26( 13-JUN-2017 ),3,HEAVY PASSENGER VEHICLE,0,1,0,0,,,,,,,,,1
2024,Bihar,AURANGABAD - BR26( 13-JUN-2017 ),4,LIGHT GOODS VEHICLE,67,79,58,38,,,,,,,,,242
2024,Bihar,AURANGABAD - BR26( 13-JUN-2017 ),5,LIGHT MOTOR VEHICLE,151,147,161,76,,,,,,,,,535
2024,Bihar,AURANGABAD - BR26( 13-JUN-2017 ),6,LIGHT PASSENGER VEHICLE,5,6,10,3,,,,,,,,,24
2024,Bihar,AURANGABAD - BR26( 13-JUN-2017 ),7,MEDIUM MOTOR VEHICLE,0,2,2,0,,,,,,,,,4
2024,Bihar,AURANGABAD - BR26( 13-JUN-2017 ),8,MEDIUM PASSENGER VEHICLE,0,6,2,2,,,,,,,,,10
2024,Bihar,AURANGABAD - BR26( 13-JUN-2017 ),9,OTHER THAN MENTIONED ABOVE,0,1,0,2,,,,,,,,,3
2024,Bihar,AURANGABAD - BR26( 13-JUN-2017 ),10,THREE WHEELER(T),144,143,173,85,,,,,,,,,545
2024,Bihar,AURANGABAD - BR26( 13-JUN-2017 ),11,TWO WHEELER(NT),"1,213","1,464","2,176","1,759",,,,,,,,,"6,612"
2024,Bihar,BANKA - BR51( 06-FEB-2018 ),1,HEAVY GOODS VEHICLE,7,4,4,8,,,,,,,,,23
2024,Bihar,BANKA - BR51( 06-FEB-2018 ),2,LIGHT GOODS VEHICLE,44,39,56,38,,,,,,,,,177
2024,Bihar,BANKA - BR51( 06-FEB-2018 ),3,LIGHT MOTOR VEHICLE,20,21,25,17,,,,,,,,,83
2024,Bihar,BANKA - BR51( 06-FEB-2018 ),4,LIGHT PASSENGER VEHICLE,2,2,1,1,,,,,,,,,6
2024,Bihar,BANKA - BR51( 06-FEB-2018 ),5,MEDIUM GOODS VEHICLE,3,3,4,1,,,,,,,,,11
2024,Bihar,BANKA - BR51( 06-FEB-2018 ),6,MEDIUM MOTOR VEHICLE,0,0,1,0,,,,,,,,,1
2024,Bihar,BANKA - BR51( 06-FEB-2018 ),7,MEDIUM PASSENGER VEHICLE,0,0,1,1,,,,,,,,,2
2024,Bihar,BANKA - BR51( 06-FEB-2018 ),8,OTHER THAN MENTIONED ABOVE,0,0,0,1,,,,,,,,,1
2024,Bihar,BANKA - BR51( 06-FEB-2018 ),9,THREE WHEELER(T),106,100,93,32,,,,,,,,,331
2024,Bihar,BANKA - BR51( 06-FEB-2018 ),10,TWO WHEELER(NT),771,780,932,818,,,,,,,,,"3,301"
2024,Bihar,BEGUSARAI - BR9( 23-JAN-2018 ),1,HEAVY GOODS VEHICLE,39,28,38,47,,,,,,,,,152
2024,Bihar,BEGUSARAI - BR9( 23-JAN-2018 ),2,HEAVY MOTOR VEHICLE,0,1,3,1,,,,,,,,,5
2024,Bihar,BEGUSARAI - BR9( 23-JAN-2018 ),3,HEAVY PASSENGER VEHICLE,1,0,1,0,,,,,,,,,2
2024,Bihar,BEGUSARAI - BR9( 23-JAN-2018 ),4,LIGHT GOODS VEHICLE,115,71,105,31,,,,,,,,,322
2024,Bihar,BEGUSARAI - BR9( 23-JAN-2018 ),5,LIGHT MOTOR VEHICLE,222,231,244,152,,,,,,,,,849
2024,Bihar,BEGUSARAI - BR9( 23-JAN-2018 ),6,LIGHT PASSENGER VEHICLE,5,12,10,2,,,,,,,,,29
2024,Bihar,BEGUSARAI - BR9( 23-JAN-2018 ),7,MEDIUM GOODS VEHICLE,0,0,1,0,,,,,,,,,1
2024,Bihar,BEGUSARAI - BR9( 23-JAN-2018 ),8,MEDIUM MOTOR VEHICLE,6,3,4,2,,,,,,,,,15
2024,Bihar,BEGUSARAI - BR9( 23-JAN-2018 ),9,MEDIUM PASSENGER VEHICLE,1,1,1,0,,,,,,,,,3
2024,Bihar,BEGUSARAI - BR9( 23-JAN-2018 ),10,OTHER THAN MENTIONED ABOVE,1,2,2,1,,,,,,,,,6
2024,Bihar,BEGUSARAI - BR9( 23-JAN-2018 ),11,THREE WHEELER(T),230,230,207,134,,,,,,,,,801
2024,Bihar,BEGUSARAI - BR9( 23-JAN-2018 ),12,TWO WHEELER(NT),"1,472","1,912","2,445","1,866",,,,,,,,,"7,695"
2024,Bihar,BETTIAH - BR22( 22-SEP-2017 ),1,HEAVY GOODS VEHICLE,1,1,1,0,,,,,,,,,3
2024,Bihar,BETTIAH - BR22( 22-SEP-2017 ),2,HEAVY MOTOR VEHICLE,0,0,1,1,,,,,,,,,2
2024,Bihar,BETTIAH - BR22( 22-SEP-2017 ),3,LIGHT GOODS VEHICLE,51,43,50,20,,,,,,,,,164
2024,Bihar,BETTIAH - BR22( 22-SEP-2017 ),4,LIGHT MOTOR VEHICLE,281,226,253,114,,,,,,,,,874
2024,Bihar,BETTIAH - BR22( 22-SEP-2017 ),5,LIGHT PASSENGER VEHICLE,4,4,2,2,,,,,,,,,12
2024,Bihar,BETTIAH - BR22( 22-SEP-2017 ),6,MEDIUM MOTOR VEHICLE,1,2,5,1,,,,,,,,,9
2024,Bihar,BETTIAH - BR22( 22-SEP-2017 ),7,MEDIUM PASSENGER VEHICLE,0,2,0,0,,,,,,,,,2
2024,Bihar,BETTIAH - BR22( 22-SEP-2017 ),8,OTHER THAN MENTIONED ABOVE,0,0,2,0,,,,,,,,,2
2024,Bihar,BETTIAH - BR22( 22-SEP-2017 ),9,THREE WHEELER(T),256,164,170,85,,,,,,,,,675
2024,Bihar,BETTIAH - BR22( 22-SEP-2017 ),10,TWO WHEELER (INVALID CARRIAGE),0,0,1,0,,,,,,,,,1
2024,Bihar,BETTIAH - BR22( 22-SEP-2017 ),11,TWO WHEELER(NT),"3,427","3,652","4,476","2,767",,,,,,,,,"14,322"
2024,Bihar,BHABHUA - BR45( 23-JAN-2018 ),1,HEAVY GOODS VEHICLE,64,52,16,8,,,,,,,,,140
2024,Bihar,BHABHUA - BR45( 23-JAN-2018 ),2,HEAVY PASSENGER VEHICLE,0,1,0,0,,,,,,,,,1
2024,Bihar,BHABHUA - BR45( 23-JAN-2018 ),3,LIGHT GOODS VEHICLE,19,20,21,12,,,,,,,,,72
2024,Bihar,BHABHUA - BR45( 23-JAN-2018 ),4,LIGHT MOTOR VEHICLE,81,92,67,43,,,,,,,,,283
2024,Bihar,BHABHUA - BR45( 23-JAN-2018 ),5,LIGHT PASSENGER VEHICLE,2,2,5,2,,,,,,,,,11
2024,Bihar,BHABHUA - BR45( 23-JAN-2018 ),6,MEDIUM GOODS VEHICLE,0,0,0,1,,,,,,,,,1
2024,Bihar,BHABHUA - BR45( 23-JAN-2018 ),7,MEDIUM MOTOR VEHICLE,2,2,0,1,,,,,,,,,5
2024,Bihar,BHABHUA - BR45( 23-JAN-2018 ),8,MEDIUM PASSENGER VEHICLE,2,4,2,0,,,,,,,,,8
2024,Bihar,BHABHUA - BR45( 23-JAN-2018 ),9,OTHER THAN MENTIONED ABOVE,1,1,3,3,,,,,,,,,8
2024,Bihar,BHABHUA - BR45( 23-JAN-2018 ),10,THREE WHEELER(T),116,92,126,72,,,,,,,,,406
2024,Bihar,BHABHUA - BR45( 23-JAN-2018 ),11,TWO WHEELER(NT),787,776,"1,015",585,,,,,,,,,"3,163"
2024,Bihar,BHAGALPUR - BR10( 07-FEB-2018 ),1,HEAVY GOODS VEHICLE,27,64,11,35,,,,,,,,,137
2024,Bihar,BHAGALPUR - BR10( 07-FEB-2018 ),2,HEAVY MOTOR VEHICLE,0,3,1,0,,,,,,,,,4
2024,Bihar,BHAGALPUR - BR10( 07-FEB-2018 ),3,LIGHT GOODS VEHICLE,92,85,86,24,,,,,,,,,287
2024,Bihar,BHAGALPUR - BR10( 07-FEB-2018 ),4,LIGHT MOTOR VEHICLE,229,234,245,130,,,,,,,,,838
2024,Bihar,BHAGALPUR - BR10( 07-FEB-2018 ),5,LIGHT PASSENGER VEHICLE,5,7,12,4,,,,,,,,,28
2024,Bihar,BHAGALPUR - BR10( 07-FEB-2018 ),6,MEDIUM GOODS VEHICLE,0,1,0,0,,,,,,,,,1
2024,Bihar,BHAGALPUR - BR10( 07-FEB-2018 ),7,MEDIUM MOTOR VEHICLE,0,0,0,1,,,,,,,,,1
2024,Bihar,BHAGALPUR - BR10( 07-FEB-2018 ),8,MEDIUM PASSENGER VEHICLE,2,0,2,0,,,,,,,,,4
2024,Bihar,BHAGALPUR - BR10( 07-FEB-2018 ),9,OTHER THAN MENTIONED ABOVE,0,2,0,1,,,,,,,,,3
2024,Bihar,BHAGALPUR - BR10( 07-FEB-2018 ),10,THREE WHEELER(T),404,380,380,236,,,,,,,,,"1,400"
2024,Bihar,BHAGALPUR - BR10( 07-FEB-2018 ),11,TWO WHEELER(NT),"1,826","1,764","2,176","1,342",,,,,,,,,"7,108"
2024,Bihar,BHOJPUR - BR3( 15-FEB-2018 ),1,HEAVY GOODS VEHICLE,90,101,129,90,,,,,,,,,410
2024,Bihar,BHOJPUR - BR3( 15-FEB-2018 ),2,HEAVY PASSENGER VEHICLE,0,0,0,10,,,,,,,,,10
2024,Bihar,BHOJPUR - BR3( 15-FEB-2018 ),3,LIGHT GOODS VEHICLE,70,76,64,27,,,,,,,,,237
2024,Bihar,BHOJPUR - BR3( 15-FEB-2018 ),4,LIGHT MOTOR VEHICLE,119,76,96,49,,,,,,,,,340
2024,Bihar,BHOJPUR - BR3( 15-FEB-2018 ),5,LIGHT PASSENGER VEHICLE,1,4,6,6,,,,,,,,,17
2024,Bihar,BHOJPUR - BR3( 15-FEB-2018 ),6,MEDIUM MOTOR VEHICLE,4,7,4,2,,,,,,,,,17
2024,Bihar,BHOJPUR - BR3( 15-FEB-2018 ),7,MEDIUM PASSENGER VEHICLE,3,3,9,3,,,,,,,,,18
2024,Bihar,BHOJPUR - BR3( 15-FEB-2018 ),8,THREE WHEELER(T),110,94,77,45,,,,,,,,,326
2024,Bihar,BHOJPUR - BR3( 15-FEB-2018 ),9,TWO WHEELER(NT),"1,573","2,050","2,127","1,615",,,,,,,,,"7,365"
2024,Bihar,BUXUR - BR44( 01-FEB-2018 ),1,HEAVY GOODS VEHICLE,49,53,7,0,,,,,,,,,109
2024,Bihar,BUXUR - BR44( 01-FEB-2018 ),2,HEAVY PASSENGER VEHICLE,0,0,0,2,,,,,,,,,2
2024,Bihar,BUXUR - BR44( 01-FEB-2018 ),3,LIGHT GOODS VEHICLE,24,19,33,9,,,,,,,,,85
2024,Bihar,BUXUR - BR44( 01-FEB-2018 ),4,LIGHT MOTOR VEHICLE,119,100,102,56,,,,,,,,,377
2024,Bihar,BUXUR - BR44( 01-FEB-2018 ),5,LIGHT PASSENGER VEHICLE,6,3,14,8,,,,,,,,,31
2024,Bihar,BUXUR - BR44( 01-FEB-2018 ),6,MEDIUM MOTOR VEHICLE,1,2,1,2,,,,,,,,,6
2024,Bihar,BUXUR - BR44( 01-FEB-2018 ),7,MEDIUM PASSENGER VEHICLE,0,0,1,0,,,,,,,,,1
2024,Bihar,BUXUR - BR44( 01-FEB-2018 ),8,OTHER THAN MENTIONED ABOVE,3,5,11,4,,,,,,,,,23
2024,Bihar,BUXUR - BR44( 01-FEB-2018 ),9,THREE WHEELER(T),137,73,166,59,,,,,,,,,435
2024,Bihar,BUXUR - BR44( 01-FEB-2018 ),10,TWO WHEELER(NT),980,"1,047","1,268",895,,,,,,,,,"4,190"
2024,Bihar,CHAPARA - BR4( 29-JAN-2018 ),1,HEAVY GOODS VEHICLE,5,2,12,11,,,,,,,,,30
2024,Bihar,CHAPARA - BR4( 29-JAN-2018 ),2,HEAVY MOTOR VEHICLE,0,1,0,1,,,,,,,,,2
2024,Bihar,CHAPARA - BR4( 29-JAN-2018 ),3,LIGHT GOODS VEHICLE,60,32,45,22,,,,,,,,,159
2024,Bihar,CHAPARA - BR4( 29-JAN-2018 ),4,LIGHT MOTOR VEHICLE,132,119,129,68,,,,,,,,,448
2024,Bihar,CHAPARA - BR4( 29-JAN-2018 ),5,LIGHT PASSENGER VEHICLE,6,1,7,7,,,,,,,,,21
2024,Bihar,CHAPARA - BR4( 29-JAN-2018 ),6,MEDIUM MOTOR VEHICLE,2,2,3,1,,,,,,,,,8
2024,Bihar,CHAPARA - BR4( 29-JAN-2018 ),7,MEDIUM PASSENGER VEHICLE,0,3,1,1,,,,,,,,,5
2024,Bihar,CHAPARA - BR4( 29-JAN-2018 ),8,OTHER THAN MENTIONED ABOVE,0,0,1,0,,,,,,,,,1
2024,Bihar,CHAPARA - BR4( 29-JAN-2018 ),9,THREE WHEELER(T),341,289,268,146,,,,,,,,,"1,044"
2024,Bihar,CHAPARA - BR4( 29-JAN-2018 ),10,TWO WHEELER(NT),"1,927","2,596","2,530","2,640",,,,,,,,,"9,693"
2024,Bihar,DARBHANGA - BR7( 30-JAN-2018 ),1,HEAVY GOODS VEHICLE,2,8,4,2,,,,,,,,,16
2024,Bihar,DARBHANGA - BR7( 30-JAN-2018 ),2,HEAVY MOTOR VEHICLE,0,1,4,0,,,,,,,,,5
2024,Bihar,DARBHANGA - BR7( 30-JAN-2018 ),3,LIGHT GOODS VEHICLE,100,109,107,58,,,,,,,,,374
2024,Bihar,DARBHANGA - BR7( 30-JAN-2018 ),4,LIGHT MOTOR VEHICLE,266,236,279,149,,,,,,,,,930
2024,Bihar,DARBHANGA - BR7( 30-JAN-2018 ),5,LIGHT PASSENGER VEHICLE,12,10,18,8,,,,,,,,,48
2024,Bihar,DARBHANGA - BR7( 30-JAN-2018 ),6,MEDIUM GOODS VEHICLE,9,9,7,3,,,,,,,,,28
2024,Bihar,DARBHANGA - BR7( 30-JAN-2018 ),7,MEDIUM MOTOR VEHICLE,6,5,11,4,,,,,,,,,26
2024,Bihar,DARBHANGA - BR7( 30-JAN-2018 ),8,MEDIUM PASSENGER VEHICLE,3,1,4,2,,,,,,,,,10
2024,Bihar,DARBHANGA - BR7( 30-JAN-2018 ),9,THREE WHEELER(T),395,275,319,169,,,,,,,,,"1,158"
2024,Bihar,DARBHANGA - BR7( 30-JAN-2018 ),10,TWO WHEELER(NT),"2,091","2,764","4,521","2,491",,,,,,,,,"11,867"
2024,Bihar,GAYA - BR2( 06-SEP-2017 ),1,HEAVY GOODS VEHICLE,22,27,30,25,,,,,,,,,104
2024,Bihar,GAYA - BR2( 06-SEP-2017 ),2,HEAVY MOTOR VEHICLE,0,0,2,1,,,,,,,,,3
2024,Bihar,GAYA - BR2( 06-SEP-2017 ),3,HEAVY PASSENGER VEHICLE,4,3,4,2,,,,,,,,,13
2024,Bihar,GAYA - BR2( 06-SEP-2017 ),4,LIGHT GOODS VEHICLE,135,119,132,53,,,,,,,,,439
2024,Bihar,GAYA - BR2( 06-SEP-2017 ),5,LIGHT MOTOR VEHICLE,412,435,382,218,,,,,,,,,"1,447"
2024,Bihar,GAYA - BR2( 06-SEP-2017 ),6,LIGHT PASSENGER VEHICLE,14,16,17,6,,,,,,,,,53
2024,Bihar,GAYA - BR2( 06-SEP-2017 ),7,MEDIUM GOODS VEHICLE,1,1,0,1,,,,,,,,,3
2024,Bihar,GAYA - BR2( 06-SEP-2017 ),8,MEDIUM MOTOR VEHICLE,6,4,4,1,,,,,,,,,15
2024,Bihar,GAYA - BR2( 06-SEP-2017 ),9,MEDIUM PASSENGER VEHICLE,6,7,9,1,,,,,,,,,23
2024,Bihar,GAYA - BR2( 06-SEP-2017 ),10,OTHER THAN MENTIONED ABOVE,0,0,6,2,,,,,,,,,8
2024,Bihar,GAYA - BR2( 06-SEP-2017 ),11,THREE WHEELER(T),467,474,509,193,,,,,,,,,"1,643"
2024,Bihar,GAYA - BR2( 06-SEP-2017 ),12,TWO WHEELER(NT),"2,811","3,206","4,346","4,253",,,,,,,,,"14,616"
2024,Bihar,GOPALGANJ - BR28( 08-JUN-2017 ),1,HEAVY GOODS VEHICLE,82,85,148,100,,,,,,,,,415
2024,Bihar,GOPALGANJ - BR28( 08-JUN-2017 ),2,HEAVY PASSENGER VEHICLE,9,11,20,6,,,,,,,,,46
2024,Bihar,GOPALGANJ - BR28( 08-JUN-2017 ),3,LIGHT GOODS VEHICLE,29,24,21,3,,,,,,,,,77
2024,Bihar,GOPALGANJ - BR28( 08-JUN-2017 ),4,LIGHT MOTOR VEHICLE,178,187,162,91,,,,,,,,,618
2024,Bihar,GOPALGANJ - BR28( 08-JUN-2017 ),5,LIGHT PASSENGER VEHICLE,5,8,2,1,,,,,,,,,16
2024,Bihar,GOPALGANJ - BR28( 08-JUN-2017 ),6,MEDIUM MOTOR VEHICLE,4,3,6,0,,,,,,,,,13
2024,Bihar,GOPALGANJ - BR28( 08-JUN-2017 ),7,MEDIUM PASSENGER VEHICLE,0,0,1,0,,,,,,,,,1
2024,Bihar,GOPALGANJ - BR28( 08-JUN-2017 ),8,OTHER THAN MENTIONED ABOVE,2,1,2,2,,,,,,,,,7
2024,Bihar,GOPALGANJ - BR28( 08-JUN-2017 ),9,THREE WHEELER(T),196,158,178,110,,,,,,,,,642
2024,Bihar,GOPALGANJ - BR28( 08-JUN-2017 ),10,TWO WHEELER(NT),"1,354","1,644","2,034","1,496",,,,,,,,,"6,528"
2024,Bihar,JAMUI - BR46( 07-JUN-2017 ),1,HEAVY GOODS VEHICLE,2,3,1,2,,,,,,,,,8
2024,Bihar,JAMUI - BR46( 07-JUN-2017 ),2,HEAVY MOTOR VEHICLE,0,0,0,1,,,,,,,,,1
2024,Bihar,JAMUI - BR46( 07-JUN-2017 ),3,LIGHT GOODS VEHICLE,52,55,75,37,,,,,,,,,219
2024,Bihar,JAMUI - BR46( 07-JUN-2017 ),4,LIGHT MOTOR VEHICLE,45,37,54,16,,,,,,,,,152
2024,Bihar,JAMUI - BR46( 07-JUN-2017 ),5,LIGHT PASSENGER VEHICLE,6,3,6,7,,,,,,,,,22
2024,Bihar,JAMUI - BR46( 07-JUN-2017 ),6,MEDIUM MOTOR VEHICLE,0,0,0,2,,,,,,,,,2
2024,Bihar,JAMUI - BR46( 07-JUN-2017 ),7,MEDIUM PASSENGER VEHICLE,1,0,0,1,,,,,,,,,2
2024,Bihar,JAMUI - BR46( 07-JUN-2017 ),8,OTHER THAN MENTIONED ABOVE,2,0,1,0,,,,,,,,,3
2024,Bihar,JAMUI - BR46( 07-JUN-2017 ),9,THREE WHEELER(T),132,128,147,63,,,,,,,,,470
2024,Bihar,JAMUI - BR46( 07-JUN-2017 ),10,TWO WHEELER(NT),998,"1,173","1,900","1,080",,,,,,,,,"5,151"
2024,Bihar,JEHANABAD - BR25( 26-MAY-2017 ),1,HEAVY GOODS VEHICLE,4,1,4,5,,,,,,,,,14
2024,Bihar,JEHANABAD - BR25( 26-MAY-2017 ),2,LIGHT GOODS VEHICLE,41,24,28,5,,,,,,,,,98
2024,Bihar,JEHANABAD - BR25( 26-MAY-2017 ),3,LIGHT MOTOR VEHICLE,9,18,18,9,,,,,,,,,54
2024,Bihar,JEHANABAD - BR25( 26-MAY-2017 ),4,LIGHT PASSENGER VEHICLE,0,0,2,0,,,,,,,,,2
2024,Bihar,JEHANABAD - BR25( 26-MAY-2017 ),5,MEDIUM MOTOR VEHICLE,2,0,2,1,,,,,,,,,5
2024,Bihar,JEHANABAD - BR25( 26-MAY-2017 ),6,MEDIUM PASSENGER VEHICLE,0,1,0,0,,,,,,,,,1
2024,Bihar,JEHANABAD - BR25( 26-MAY-2017 ),7,THREE WHEELER(T),64,82,67,39,,,,,,,,,252
2024,Bihar,JEHANABAD - BR25( 26-MAY-2017 ),8,TWO WHEELER(NT),399,433,728,456,,,,,,,,,"2,016"
2024,Bihar,KATIHAR - BR39( 23-JAN-2018 ),1,HEAVY GOODS VEHICLE,0,0,3,0,,,,,,,,,3
2024,Bihar,KATIHAR - BR39( 23-JAN-2018 ),2,LIGHT GOODS VEHICLE,71,72,69,45,,,,,,,,,257
2024,Bihar,KATIHAR - BR39( 23-JAN-2018 ),3,LIGHT MOTOR VEHICLE,38,43,50,28,,,,,,,,,159
2024,Bihar,KATIHAR - BR39( 23-JAN-2018 ),4,LIGHT PASSENGER VEHICLE,7,4,4,3,,,,,,,,,18
2024,Bihar,KATIHAR - BR39( 23-JAN-2018 ),5,MEDIUM GOODS VEHICLE,0,0,0,1,,,,,,,,,1
2024,Bihar,KATIHAR - BR39( 23-JAN-2018 ),6,MEDIUM MOTOR VEHICLE,0,1,0,0,,,,,,,,,1
2024,Bihar,KATIHAR - BR39( 23-JAN-2018 ),7,MEDIUM PASSENGER VEHICLE,0,1,0,1,,,,,,,,,2
2024,Bihar,KATIHAR - BR39( 23-JAN-2018 ),8,OTHER THAN MENTIONED ABOVE,0,1,6,1,,,,,,,,,8
2024,Bihar,KATIHAR - BR39( 23-JAN-2018 ),9,THREE WHEELER(T),235,200,233,98,,,,,,,,,766
2024,Bihar,KATIHAR - BR39( 23-JAN-2018 ),10,TWO WHEELER(NT),"2,532","2,955","2,932","1,683",,,,,,,,,"10,102"
2024,Bihar,KHAGARIA - BR34( 01-FEB-2018 ),1,HEAVY GOODS VEHICLE,1,1,0,0,,,,,,,,,2
2024,Bihar,KHAGARIA - BR34( 01-FEB-2018 ),2,LIGHT GOODS VEHICLE,31,31,44,26,,,,,,,,,132
2024,Bihar,KHAGARIA - BR34( 01-FEB-2018 ),3,LIGHT MOTOR VEHICLE,27,25,34,12,,,,,,,,,98
2024,Bihar,KHAGARIA - BR34( 01-FEB-2018 ),4,LIGHT PASSENGER VEHICLE,1,3,1,1,,,,,,,,,6
2024,Bihar,KHAGARIA - BR34( 01-FEB-2018 ),5,MEDIUM PASSENGER VEHICLE,0,1,3,0,,,,,,,,,4
2024,Bihar,KHAGARIA - BR34( 01-FEB-2018 ),6,THREE WHEELER(T),107,97,75,35,,,,,,,,,314
2024,Bihar,KHAGARIA - BR34( 01-FEB-2018 ),7,TWO WHEELER(NT),877,"1,145","1,334",817,,,,,,,,,"4,173"
2024,Bihar,KISHANGANJ - BR37( 07-FEB-2018 ),1,HEAVY GOODS VEHICLE,1,1,2,1,,,,,,,,,5
2024,Bihar,KISHANGANJ - BR37( 07-FEB-2018 ),2,LIGHT GOODS VEHICLE,47,41,71,26,,,,,,,,,185
2024,Bihar,KISHANGANJ - BR37( 07-FEB-2018 ),3,LIGHT MOTOR VEHICLE,55,67,59,35,,,,,,,,,216
2024,Bihar,KISHANGANJ - BR37( 07-FEB-2018 ),4,LIGHT PASSENGER VEHICLE,1,2,1,3,,,,,,,,,7
2024,Bihar,KISHANGANJ - BR37( 07-FEB-2018 ),5,MEDIUM PASSENGER VEHICLE,2,1,0,0,,,,,,,,,3
2024,Bihar,KISHANGANJ - BR37( 07-FEB-2018 ),6,THREE WHEELER(T),176,151,197,51,,,,,,,,,575
2024,Bihar,KISHANGANJ - BR37( 07-FEB-2018 ),7,TWO WHEELER(NT),"1,951","2,969","2,787","1,335",,,,,,,,,"9,042"
2024,Bihar,LAKHISARAI - BR53( 27-JAN-2017 ),1,HEAVY GOODS VEHICLE,4,7,1,1,,,,,,,,,13
2024,Bihar,LAKHISARAI - BR53( 27-JAN-2017 ),2,HEAVY MOTOR VEHICLE,0,1,0,0,,,,,,,,,1
2024,Bihar,LAKHISARAI - BR53( 27-JAN-2017 ),3,LIGHT GOODS VEHICLE,28,28,28,26,,,,,,,,,110
2024,Bihar,LAKHISARAI - BR53( 27-JAN-2017 ),4,LIGHT MOTOR VEHICLE,21,34,16,18,,,,,,,,,89
2024,Bihar,LAKHISARAI - BR53( 27-JAN-2017 ),5,LIGHT PASSENGER VEHICLE,1,1,2,2,,,,,,,,,6
2024,Bihar,LAKHISARAI - BR53( 27-JAN-2017 ),6,MEDIUM PASSENGER VEHICLE,1,0,0,0,,,,,,,,,1
2024,Bihar,LAKHISARAI - BR53( 27-JAN-2017 ),7,THREE WHEELER(T),97,77,69,39,,,,,,,,,282
2024,Bihar,LAKHISARAI - BR53( 27-JAN-2017 ),8,TWO WHEELER(NT),323,418,543,332,,,,,,,,,"1,616"
2024,Bihar,MADHEPURA - BR43( 02-JUN-2017 ),1,HEAVY GOODS VEHICLE,4,0,1,1,,,,,,,,,6
2024,Bihar,MADHEPURA - BR43( 02-JUN-2017 ),2,LIGHT GOODS VEHICLE,57,48,56,26,,,,,,,,,187
2024,Bihar,MADHEPURA - BR43( 02-JUN-2017 ),3,LIGHT MOTOR VEHICLE,60,72,70,32,,,,,,,,,234
2024,Bihar,MADHEPURA - BR43( 02-JUN-2017 ),4,LIGHT PASSENGER VEHICLE,2,4,4,0,,,,,,,,,10
2024,Bihar,MADHEPURA - BR43( 02-JUN-2017 ),5,MEDIUM PASSENGER VEHICLE,1,0,0,0,,,,,,,,,1
2024,Bihar,MADHEPURA - BR43( 02-JUN-2017 ),6,THREE WHEELER(T),210,186,216,102,,,,,,,,,714
2024,Bihar,MADHEPURA - BR43( 02-JUN-2017 ),7,TWO WHEELER(NT),"1,901","2,139","2,416","1,135",,,,,,,,,"7,591"
2024,Bihar,MADHUBANI - BR32( 01-FEB-2018 ),1,HEAVY GOODS VEHICLE,3,0,0,1,,,,,,,,,4
2024,Bihar,MADHUBANI - BR32( 01-FEB-2018 ),2,HEAVY PASSENGER VEHICLE,4,0,0,0,,,,,,,,,4
2024,Bihar,MADHUBANI - BR32( 01-FEB-2018 ),3,LIGHT GOODS VEHICLE,83,69,56,23,,,,,,,,,231
2024,Bihar,MADHUBANI - BR32( 01-FEB-2018 ),4,LIGHT MOTOR VEHICLE,89,119,101,66,,,,,,,,,375
2024,Bihar,MADHUBANI - BR32( 01-FEB-2018 ),5,LIGHT PASSENGER VEHICLE,2,9,8,12,,,,,,,,,31
2024,Bihar,MADHUBANI - BR32( 01-FEB-2018 ),6,MEDIUM GOODS VEHICLE,2,2,1,1,,,,,,,,,6
2024,Bihar,MADHUBANI - BR32( 01-FEB-2018 ),7,MEDIUM MOTOR VEHICLE,5,4,0,1,,,,,,,,,10
2024,Bihar,MADHUBANI - BR32( 01-FEB-2018 ),8,MEDIUM PASSENGER VEHICLE,3,1,4,2,,,,,,,,,10
2024,Bihar,MADHUBANI - BR32( 01-FEB-2018 ),9,THREE WHEELER(T),183,116,160,57,,,,,,,,,516
2024,Bihar,MADHUBANI - BR32( 01-FEB-2018 ),10,TWO WHEELER(NT),"2,610","3,463","4,885","2,626",,,,,,,,,"13,584"
2024,Bihar,MOTIHARI - BR5( 05-JUL-2017 ),1,HEAVY GOODS VEHICLE,2,3,15,2,,,,,,,,,22
2024,Bihar,MOTIHARI - BR5( 05-JUL-2017 ),2,LIGHT GOODS VEHICLE,56,58,70,24,,,,,,,,,208
2024,Bihar,MOTIHARI - BR5( 05-JUL-2017 ),3,LIGHT MOTOR VEHICLE,348,315,313,157,,,,,,,,,"1,133"
2024,Bihar,MOTIHARI - BR5( 05-JUL-2017 ),4,LIGHT PASSENGER VEHICLE,3,6,11,5,,,,,,,,,25
2024,Bihar,MOTIHARI - BR5( 05-JUL-2017 ),5,MEDIUM MOTOR VEHICLE,2,6,11,8,,,,,,,,,27
2024,Bihar,MOTIHARI - BR5( 05-JUL-2017 ),6,MEDIUM PASSENGER VEHICLE,2,1,1,4,,,,,,,,,8
2024,Bihar,MOTIHARI - BR5( 05-JUL-2017 ),7,OTHER THAN MENTIONED ABOVE,0,1,0,0,,,,,,,,,1
2024,Bihar,MOTIHARI - BR5( 05-JUL-2017 ),8,THREE WHEELER(T),335,356,341,220,,,,,,,,,"1,252"
2024,Bihar,MOTIHARI - BR5( 05-JUL-2017 ),9,TWO WHEELER (INVALID CARRIAGE),2,0,0,0,,,,,,,,,2
2024,Bihar,MOTIHARI - BR5( 05-JUL-2017 ),10,TWO WHEELER(NT),"4,291","4,154","5,251","3,799",,,,,,,,,"17,495"
2024,Bihar,MUNGER - BR8( 06-FEB-2018 ),1,HEAVY GOODS VEHICLE,0,2,5,2,,,,,,,,,9
2024,Bihar,MUNGER - BR8( 06-FEB-2018 ),2,LIGHT GOODS VEHICLE,26,9,36,5,,,,,,,,,76
2024,Bihar,MUNGER - BR8( 06-FEB-2018 ),3,LIGHT MOTOR VEHICLE,38,22,22,15,,,,,,,,,97
2024,Bihar,MUNGER - BR8( 06-FEB-2018 ),4,LIGHT PASSENGER VEHICLE,0,0,0,2,,,,,,,,,2
2024,Bihar,MUNGER - BR8( 06-FEB-2018 ),5,MEDIUM MOTOR VEHICLE,0,0,1,0,,,,,,,,,1
2024,Bihar,MUNGER - BR8( 06-FEB-2018 ),6,THREE WHEELER(T),83,72,110,49,,,,,,,,,314
2024,Bihar,MUNGER - BR8( 06-FEB-2018 ),7,TWO WHEELER(NT),525,606,839,615,,,,,,,,,"2,585"
2024,Bihar,MUZAFFARPUR - BR6( 01-FEB-2018 ),1,HEAVY GOODS VEHICLE,77,129,177,164,,,,,,,,,547
2024,Bihar,MUZAFFARPUR - BR6( 01-FEB-2018 ),2,HEAVY MOTOR VEHICLE,0,3,0,1,,,,,,,,,4
2024,Bihar,MUZAFFARPUR - BR6( 01-FEB-2018 ),3,HEAVY PASSENGER VEHICLE,14,0,2,4,,,,,,,,,20
2024,Bihar,MUZAFFARPUR - BR6( 01-FEB-2018 ),4,LIGHT GOODS VEHICLE,148,160,186,88,,,,,,,,,582
2024,Bihar,MUZAFFARPUR - BR6( 01-FEB-2018 ),5,LIGHT MOTOR VEHICLE,806,808,776,346,,,,,,,,,"2,736"
2024,Bihar,MUZAFFARPUR - BR6( 01-FEB-2018 ),6,LIGHT PASSENGER VEHICLE,30,14,23,31,,,,,,,,,98
2024,Bihar,MUZAFFARPUR - BR6( 01-FEB-2018 ),7,MEDIUM GOODS VEHICLE,2,3,3,2,,,,,,,,,10
2024,Bihar,MUZAFFARPUR - BR6( 01-FEB-2018 ),8,MEDIUM MOTOR VEHICLE,2,8,9,2,,,,,,,,,21
2024,Bihar,MUZAFFARPUR - BR6( 01-FEB-2018 ),9,MEDIUM PASSENGER VEHICLE,13,11,5,4,,,,,,,,,33
2024,Bihar,MUZAFFARPUR - BR6( 01-FEB-2018 ),10,OTHER THAN MENTIONED ABOVE,2,2,3,0,,,,,,,,,7
2024,Bihar,MUZAFFARPUR - BR6( 01-FEB-2018 ),11,THREE WHEELER(T),755,815,721,377,,,,,,,,,"2,668"
2024,Bihar,MUZAFFARPUR - BR6( 01-FEB-2018 ),12,TWO WHEELER(NT),"5,085","5,738","7,196","3,633",,,,,,,,,"21,652"
2024,Bihar,NALANDA - BR21( 01-FEB-2018 ),1,HEAVY GOODS VEHICLE,8,9,10,1,,,,,,,,,28
2024,Bihar,NALANDA - BR21( 01-FEB-2018 ),2,HEAVY MOTOR VEHICLE,0,1,0,0,,,,,,,,,1
2024,Bihar,NALANDA - BR21( 01-FEB-2018 ),3,HEAVY PASSENGER VEHICLE,0,1,0,0,,,,,,,,,1
2024,Bihar,NALANDA - BR21( 01-FEB-2018 ),4,LIGHT GOODS VEHICLE,77,79,117,46,,,,,,,,,319
2024,Bihar,NALANDA - BR21( 01-FEB-2018 ),5,LIGHT MOTOR VEHICLE,79,75,74,41,,,,,,,,,269
2024,Bihar,NALANDA - BR21( 01-FEB-2018 ),6,LIGHT PASSENGER VEHICLE,3,2,6,3,,,,,,,,,14
2024,Bihar,NALANDA - BR21( 01-FEB-2018 ),7,MEDIUM GOODS VEHICLE,1,1,0,0,,,,,,,,,2
2024,Bihar,NALANDA - BR21( 01-FEB-2018 ),8,MEDIUM MOTOR VEHICLE,2,0,4,1,,,,,,,,,7
2024,Bihar,NALANDA - BR21( 01-FEB-2018 ),9,MEDIUM PASSENGER VEHICLE,2,5,4,2,,,,,,,,,13
2024,Bihar,NALANDA - BR21( 01-FEB-2018 ),10,OTHER THAN MENTIONED ABOVE,0,1,8,3,,,,,,,,,12
2024,Bihar,NALANDA - BR21( 01-FEB-2018 ),11,THREE WHEELER(T),376,304,245,153,,,,,,,,,"1,078"
2024,Bihar,NALANDA - BR21( 01-FEB-2018 ),12,TWO WHEELER(NT),"1,215","1,552","1,947","1,881",,,,,,,,,"6,595"
2024,Bihar,NAWADA - BR27( 30-JAN-2018 ),1,HEAVY GOODS VEHICLE,30,14,23,20,,,,,,,,,87
2024,Bihar,NAWADA - BR27( 30-JAN-2018 ),2,HEAVY PASSENGER VEHICLE,1,0,0,1,,,,,,,,,2
2024,Bihar,NAWADA - BR27( 30-JAN-2018 ),3,LIGHT GOODS VEHICLE,86,80,72,38,,,,,,,,,276
2024,Bihar,NAWADA - BR27( 30-JAN-2018 ),4,LIGHT MOTOR VEHICLE,69,59,75,48,,,,,,,,,251
2024,Bihar,NAWADA - BR27( 30-JAN-2018 ),5,LIGHT PASSENGER VEHICLE,1,6,6,3,,,,,,,,,16
2024,Bihar,NAWADA - BR27( 30-JAN-2018 ),6,MEDIUM GOODS VEHICLE,1,0,0,0,,,,,,,,,1
2024,Bihar,NAWADA - BR27( 30-JAN-2018 ),7,MEDIUM MOTOR VEHICLE,1,2,4,1,,,,,,,,,8
2024,Bihar,NAWADA - BR27( 30-JAN-2018 ),8,MEDIUM PASSENGER VEHICLE,1,3,1,0,,,,,,,,,5
2024,Bihar,NAWADA - BR27( 30-JAN-2018 ),9,OTHER THAN MENTIONED ABOVE,0,1,1,0,,,,,,,,,2
2024,Bihar,NAWADA - BR27( 30-JAN-2018 ),10,THREE WHEELER(T),339,263,244,152,,,,,,,,,998
2024,Bihar,NAWADA - BR27( 30-JAN-2018 ),11,TWO WHEELER(NT),855,"1,127","1,544","1,539",,,,,,,,,"5,065"
2024,Bihar,PATNA - BR1( 02-FEB-2018 ),1,HEAVY GOODS VEHICLE,150,92,110,34,,,,,,,,,386
2024,Bihar,PATNA - BR1( 02-FEB-2018 ),2,HEAVY MOTOR VEHICLE,6,12,19,10,,,,,,,,,47
2024,Bihar,PATNA - BR1( 02-FEB-2018 ),3,HEAVY PASSENGER VEHICLE,0,3,2,1,,,,,,,,,6
2024,Bihar,PATNA - BR1( 02-FEB-2018 ),4,LIGHT GOODS VEHICLE,424,347,426,333,,,,,,,,,"1,530"
2024,Bihar,PATNA - BR1( 02-FEB-2018 ),5,LIGHT MOTOR VEHICLE,"2,920","2,946","3,004","1,597",,,,,,,,,"10,467"
2024,Bihar,PATNA - BR1( 02-FEB-2018 ),6,LIGHT PASSENGER VEHICLE,154,144,139,115,,,,,,,,,552
2024,Bihar,PATNA - BR1( 02-FEB-2018 ),7,MEDIUM GOODS VEHICLE,1,7,12,8,,,,,,,,,28
2024,Bihar,PATNA - BR1( 02-FEB-2018 ),8,MEDIUM MOTOR VEHICLE,14,18,15,17,,,,,,,,,64
2024,Bihar,PATNA - BR1( 02-FEB-2018 ),9,MEDIUM PASSENGER VEHICLE,21,22,5,19,,,,,,,,,67
2024,Bihar,PATNA - BR1( 02-FEB-2018 ),10,OTHER THAN MENTIONED ABOVE,9,11,10,3,,,,,,,,,33
2024,Bihar,PATNA - BR1( 02-FEB-2018 ),11,THREE WHEELER(T),"1,142","1,061","1,100",629,,,,,,,,,"3,932"
2024,Bihar,PATNA - BR1( 02-FEB-2018 ),12,TWO WHEELER(NT),"6,990","7,963","9,731","6,887",,,,,,,,,"31,571"
2024,Bihar,PURNEA - BR11( 23-JAN-2018 ),1,HEAVY GOODS VEHICLE,7,9,11,4,,,,,,,,,31
2024,Bihar,PURNEA - BR11( 23-JAN-2018 ),2,HEAVY MOTOR VEHICLE,2,0,1,1,,,,,,,,,4
2024,Bihar,PURNEA - BR11( 23-JAN-2018 ),3,HEAVY PASSENGER VEHICLE,2,2,0,0,,,,,,,,,4
2024,Bihar,PURNEA - BR11( 23-JAN-2018 ),4,LIGHT GOODS VEHICLE,131,99,141,86,,,,,,,,,457
2024,Bihar,PURNEA - BR11( 23-JAN-2018 ),5,LIGHT MOTOR VEHICLE,574,480,497,312,,,,,,,,,"1,863"
2024,Bihar,PURNEA - BR11( 23-JAN-2018 ),6,LIGHT PASSENGER VEHICLE,7,6,9,8,,,,,,,,,30
2024,Bihar,PURNEA - BR11( 23-JAN-2018 ),7,MEDIUM GOODS VEHICLE,1,2,0,0,,,,,,,,,3
2024,Bihar,PURNEA - BR11( 23-JAN-2018 ),8,MEDIUM MOTOR VEHICLE,25,19,18,10,,,,,,,,,72
2024,Bihar,PURNEA - BR11( 23-JAN-2018 ),9,MEDIUM PASSENGER VEHICLE,1,1,1,1,,,,,,,,,4
2024,Bihar,PURNEA - BR11( 23-JAN-2018 ),10,THREE WHEELER(T),443,357,479,162,,,,,,,,,"1,441"
2024,Bihar,PURNEA - BR11( 23-JAN-2018 ),11,TWO WHEELER(NT),"3,171","3,264","3,857","1,818",,,,,,,,,"12,110"
2024,Bihar,ROHTAS - BR24( 09-FEB-2018 ),1,HEAVY GOODS VEHICLE,66,114,191,163,,,,,,,,,534
2024,Bihar,ROHTAS - BR24( 09-FEB-2018 ),2,HEAVY MOTOR VEHICLE,1,2,0,0,,,,,,,,,3
2024,Bihar,ROHTAS - BR24( 09-FEB-2018 ),3,LIGHT GOODS VEHICLE,58,63,56,22,,,,,,,,,199
2024,Bihar,ROHTAS - BR24( 09-FEB-2018 ),4,LIGHT MOTOR VEHICLE,193,201,173,105,,,,,,,,,672
2024,Bihar,ROHTAS - BR24( 09-FEB-2018 ),5,LIGHT PASSENGER VEHICLE,8,6,7,0,,,,,,,,,21
2024,Bihar,ROHTAS - BR24( 09-FEB-2018 ),6,MEDIUM GOODS VEHICLE,0,2,0,0,,,,,,,,,2
2024,Bihar,ROHTAS - BR24( 09-FEB-2018 ),7,MEDIUM MOTOR VEHICLE,4,2,5,2,,,,,,,,,13
2024,Bihar,ROHTAS - BR24( 09-FEB-2018 ),8,MEDIUM PASSENGER VEHICLE,5,10,5,2,,,,,,,,,22
2024,Bihar,ROHTAS - BR24( 09-FEB-2018 ),9,OTHER THAN MENTIONED ABOVE,3,6,39,17,,,,,,,,,65
2024,Bihar,ROHTAS - BR24( 09-FEB-2018 ),10,THREE WHEELER(T),219,225,249,129,,,,,,,,,822
2024,Bihar,ROHTAS - BR24( 09-FEB-2018 ),11,TWO WHEELER(NT),"1,779","2,258","2,289","1,659",,,,,,,,,"7,985"
2024,Bihar,SAHARSA - BR19( 29-JAN-2018 ),1,HEAVY GOODS VEHICLE,7,4,2,7,,,,,,,,,20
2024,Bihar,SAHARSA - BR19( 29-JAN-2018 ),2,HEAVY MOTOR VEHICLE,0,1,0,0,,,,,,,,,1
2024,Bihar,SAHARSA - BR19( 29-JAN-2018 ),3,LIGHT GOODS VEHICLE,45,49,39,21,,,,,,,,,154
2024,Bihar,SAHARSA - BR19( 29-JAN-2018 ),4,LIGHT MOTOR VEHICLE,92,74,87,49,,,,,,,,,302
2024,Bihar,SAHARSA - BR19( 29-JAN-2018 ),5,LIGHT PASSENGER VEHICLE,7,3,4,9,,,,,,,,,23
2024,Bihar,SAHARSA - BR19( 29-JAN-2018 ),6,MEDIUM MOTOR VEHICLE,1,0,0,0,,,,,,,,,1
2024,Bihar,SAHARSA - BR19( 29-JAN-2018 ),7,MEDIUM PASSENGER VEHICLE,0,0,0,1,,,,,,,,,1
2024,Bihar,SAHARSA - BR19( 29-JAN-2018 ),8,THREE WHEELER(T),185,134,188,121,,,,,,,,,628
2024,Bihar,SAHARSA - BR19( 29-JAN-2018 ),9,TWO WHEELER(NT),"1,162","1,210","1,450",848,,,,,,,,,"4,670"
2024,Bihar,SAMASTIPUR - BR33( 06-JUL-2017 ),1,HEAVY GOODS VEHICLE,1,1,0,0,,,,,,,,,2
2024,Bihar,SAMASTIPUR - BR33( 06-JUL-2017 ),2,HEAVY MOTOR VEHICLE,1,0,0,0,,,,,,,,,1
2024,Bihar,SAMASTIPUR - BR33( 06-JUL-2017 ),3,HEAVY PASSENGER VEHICLE,0,0,6,0,,,,,,,,,6
2024,Bihar,SAMASTIPUR - BR33( 06-JUL-2017 ),4,LIGHT GOODS VEHICLE,49,55,54,38,,,,,,,,,196
2024,Bihar,SAMASTIPUR - BR33( 06-JUL-2017 ),5,LIGHT MOTOR VEHICLE,148,140,122,64,,,,,,,,,474
2024,Bihar,SAMASTIPUR - BR33( 06-JUL-2017 ),6,LIGHT PASSENGER VEHICLE,2,5,5,4,,,,,,,,,16
2024,Bihar,SAMASTIPUR - BR33( 06-JUL-2017 ),7,MEDIUM GOODS VEHICLE,1,0,0,0,,,,,,,,,1
2024,Bihar,SAMASTIPUR - BR33( 06-JUL-2017 ),8,MEDIUM MOTOR VEHICLE,3,4,1,1,,,,,,,,,9
2024,Bihar,SAMASTIPUR - BR33( 06-JUL-2017 ),9,MEDIUM PASSENGER VEHICLE,0,2,5,5,,,,,,,,,12
2024,Bihar,SAMASTIPUR - BR33( 06-JUL-2017 ),10,THREE WHEELER(T),412,386,418,281,,,,,,,,,"1,497"
2024,Bihar,SAMASTIPUR - BR33( 06-JUL-2017 ),11,TWO WHEELER(NT),"2,523","2,918","3,945","3,119",,,,,,,,,"12,505"
2024,Bihar,SHEIKHPURA - BR52( 17-JUL-2017 ),1,HEAVY GOODS VEHICLE,0,1,9,5,,,,,,,,,15
2024,Bihar,SHEIKHPURA - BR52( 17-JUL-2017 ),2,LIGHT GOODS VEHICLE,26,35,74,18,,,,,,,,,153
2024,Bihar,SHEIKHPURA - BR52( 17-JUL-2017 ),3,LIGHT MOTOR VEHICLE,9,5,20,6,,,,,,,,,40
2024,Bihar,SHEIKHPURA - BR52( 17-JUL-2017 ),4,LIGHT PASSENGER VEHICLE,0,4,0,0,,,,,,,,,4
2024,Bihar,SHEIKHPURA - BR52( 17-JUL-2017 ),5,MEDIUM MOTOR VEHICLE,0,0,0,1,,,,,,,,,1
2024,Bihar,SHEIKHPURA - BR52( 17-JUL-2017 ),6,MEDIUM PASSENGER VEHICLE,3,1,2,1,,,,,,,,,7
2024,Bihar,SHEIKHPURA - BR52( 17-JUL-2017 ),7,THREE WHEELER(T),53,40,51,25,,,,,,,,,169
2024,Bihar,SHEIKHPURA - BR52( 17-JUL-2017 ),8,TWO WHEELER(NT),248,311,396,382,,,,,,,,,"1,337"
2024,Bihar,SHEOHAR - BR55( 07-JUN-2017 ),1,LIGHT GOODS VEHICLE,6,5,5,1,,,,,,,,,17
2024,Bihar,SHEOHAR - BR55( 07-JUN-2017 ),2,LIGHT MOTOR VEHICLE,7,9,11,6,,,,,,,,,33
2024,Bihar,SHEOHAR - BR55( 07-JUN-2017 ),3,LIGHT PASSENGER VEHICLE,0,0,3,1,,,,,,,,,4
2024,Bihar,SHEOHAR - BR55( 07-JUN-2017 ),4,MEDIUM MOTOR VEHICLE,0,1,0,0,,,,,,,,,1
2024,Bihar,SHEOHAR - BR55( 07-JUN-2017 ),5,THREE WHEELER(T),10,9,8,23,,,,,,,,,50
2024,Bihar,SHEOHAR - BR55( 07-JUN-2017 ),6,TWO WHEELER(NT),254,304,305,275,,,,,,,,,"1,138"
2024,Bihar,SITAMARHI - BR30( 29-JAN-2018 ),1,HEAVY GOODS VEHICLE,3,0,0,3,,,,,,,,,6
2024,Bihar,SITAMARHI - BR30( 29-JAN-2018 ),2,LIGHT GOODS VEHICLE,11,44,18,12,,,,,,,,,85
2024,Bihar,SITAMARHI - BR30( 29-JAN-2018 ),3,LIGHT MOTOR VEHICLE,78,57,82,36,,,,,,,,,253
2024,Bihar,SITAMARHI - BR30( 29-JAN-2018 ),4,LIGHT PASSENGER VEHICLE,1,3,0,2,,,,,,,,,6
2024,Bihar,SITAMARHI - BR30( 29-JAN-2018 ),5,MEDIUM GOODS VEHICLE,0,3,2,2,,,,,,,,,7
2024,Bihar,SITAMARHI - BR30( 29-JAN-2018 ),6,MEDIUM MOTOR VEHICLE,2,2,4,1,,,,,,,,,9
2024,Bihar,SITAMARHI - BR30( 29-JAN-2018 ),7,MEDIUM PASSENGER VEHICLE,0,6,2,0,,,,,,,,,8
2024,Bihar,SITAMARHI - BR30( 29-JAN-2018 ),8,THREE WHEELER(T),180,158,174,115,,,,,,,,,627
2024,Bihar,SITAMARHI - BR30( 29-JAN-2018 ),9,TWO WHEELER(NT),"1,731","2,429","3,089","1,525",,,,,,,,,"8,774"
2024,Bihar,SIWAN - BR29( 29-JAN-2018 ),1,HEAVY GOODS VEHICLE,30,45,27,26,,,,,,,,,128
2024,Bihar,SIWAN - BR29( 29-JAN-2018 ),2,HEAVY PASSENGER VEHICLE,0,2,0,1,,,,,,,,,3
2024,Bihar,SIWAN - BR29( 29-JAN-2018 ),3,LIGHT GOODS VEHICLE,52,34,32,22,,,,,,,,,140
2024,Bihar,SIWAN - BR29( 29-JAN-2018 ),4,LIGHT MOTOR VEHICLE,219,205,232,149,,,,,,,,,805
2024,Bihar,SIWAN - BR29( 29-JAN-2018 ),5,LIGHT PASSENGER VEHICLE,2,4,20,7,,,,,,,,,33
2024,Bihar,SIWAN - BR29( 29-JAN-2018 ),6,MEDIUM MOTOR VEHICLE,2,4,2,1,,,,,,,,,9
2024,Bihar,SIWAN - BR29( 29-JAN-2018 ),7,MEDIUM PASSENGER VEHICLE,0,0,0,1,,,,,,,,,1
2024,Bihar,SIWAN - BR29( 29-JAN-2018 ),8,OTHER THAN MENTIONED ABOVE,0,1,4,1,,,,,,,,,6
2024,Bihar,SIWAN - BR29( 29-JAN-2018 ),9,THREE WHEELER(T),177,187,221,111,,,,,,,,,696
2024,Bihar,SIWAN - BR29( 29-JAN-2018 ),10,TWO WHEELER(NT),"2,254","2,827","3,222","2,286",,,,,,,,,"10,589"
2024,Bihar,SUPAUL - BR50( 29-JAN-2018 ),1,HEAVY GOODS VEHICLE,1,1,4,10,,,,,,,,,16
2024,Bihar,SUPAUL - BR50( 29-JAN-2018 ),2,LIGHT GOODS VEHICLE,55,68,52,34,,,,,,,,,209
2024,Bihar,SUPAUL - BR50( 29-JAN-2018 ),3,LIGHT MOTOR VEHICLE,86,81,107,48,,,,,,,,,322
2024,Bihar,SUPAUL - BR50( 29-JAN-2018 ),4,LIGHT PASSENGER VEHICLE,7,2,6,0,,,,,,,,,15
2024,Bihar,SUPAUL - BR50( 29-JAN-2018 ),5,MEDIUM MOTOR VEHICLE,1,0,2,1,,,,,,,,,4
2024,Bihar,SUPAUL - BR50( 29-JAN-2018 ),6,MEDIUM PASSENGER VEHICLE,0,1,0,0,,,,,,,,,1
2024,Bihar,SUPAUL - BR50( 29-JAN-2018 ),7,THREE WHEELER(T),216,157,229,88,,,,,,,,,690
2024,Bihar,SUPAUL - BR50( 29-JAN-2018 ),8,TWO WHEELER(NT),"2,505","3,103","3,985","1,544",,,,,,,,,"11,137"
2024,Bihar,VAISHALI - BR31( 13-FEB-2018 ),1,HEAVY GOODS VEHICLE,2,5,0,0,,,,,,,,,7
2024,Bihar,VAISHALI - BR31( 13-FEB-2018 ),2,HEAVY MOTOR VEHICLE,0,0,1,0,,,,,,,,,1
2024,Bihar,VAISHALI - BR31( 13-FEB-2018 ),3,LIGHT GOODS VEHICLE,43,49,45,33,,,,,,,,,170
2024,Bihar,VAISHALI - BR31( 13-FEB-2018 ),4,LIGHT MOTOR VEHICLE,112,119,117,71,,,,,,,,,419
2024,Bihar,VAISHALI - BR31( 13-FEB-2018 ),5,LIGHT PASSENGER VEHICLE,7,8,9,6,,,,,,,,,30
2024,Bihar,VAISHALI - BR31( 13-FEB-2018 ),6,MEDIUM GOODS VEHICLE,0,1,1,0,,,,,,,,,2
2024,Bihar,VAISHALI - BR31( 13-FEB-2018 ),7,MEDIUM MOTOR VEHICLE,2,2,7,2,,,,,,,,,13
2024,Bihar,VAISHALI - BR31( 13-FEB-2018 ),8,MEDIUM PASSENGER VEHICLE,6,0,4,6,,,,,,,,,16
2024,Bihar,VAISHALI - BR31( 13-FEB-2018 ),9,OTHER THAN MENTIONED ABOVE,2,0,0,0,,,,,,,,,2
2024,Bihar,VAISHALI - BR31( 13-FEB-2018 ),10,THREE WHEELER(T),294,377,326,136,,,,,,,,,"1,133"
2024,Bihar,VAISHALI - BR31( 13-FEB-2018 ),11,TWO WHEELER(NT),"2,365","2,220","2,740","2,353",,,,,,,,,"9,678"
2023,Bihar,ARARIA - BR38( 30-JAN-2018 ),1,HEAVY GOODS VEHICLE,2,5,0,0,,,,,,,,,7
2023,Bihar,ARARIA - BR38( 30-JAN-2018 ),2,HEAVY MOTOR VEHICLE,0,0,1,0,,,,,,,,,1
2023,Bihar,ARARIA - BR38( 30-JAN-2018 ),3,LIGHT GOODS VEHICLE,43,49,45,33,,,,,,,,,170
2023,Bihar,ARARIA - BR38( 30-JAN-2018 ),4,LIGHT MOTOR VEHICLE,112,119,117,71,,,,,,,,,419
2023,Bihar,ARARIA - BR38( 30-JAN-2018 ),5,LIGHT PASSENGER VEHICLE,7,8,9,6,,,,,,,,,30
2023,Bihar,ARARIA - BR38( 30-JAN-2018 ),6,MEDIUM GOODS VEHICLE,0,1,1,0,,,,,,,,,2
2023,Bihar,ARARIA - BR38( 30-JAN-2018 ),7,MEDIUM MOTOR VEHICLE,2,2,7,2,,,,,,,,,13
2023,Bihar,ARARIA - BR38( 30-JAN-2018 ),8,MEDIUM PASSENGER VEHICLE,6,0,4,6,,,,,,,,,16
2023,Bihar,ARARIA - BR38( 30-JAN-2018 ),9,OTHER THAN MENTIONED ABOVE,2,0,0,0,,,,,,,,,2
2023,Bihar,ARARIA - BR38( 30-JAN-2018 ),10,THREE WHEELER(T),294,377,326,136,,,,,,,,,"1,133"
2023,Bihar,ARARIA - BR38( 30-JAN-2018 ),11,TWO WHEELER(NT),"2,365","2,220","2,740","2,353",,,,,,,,,"9,678"
2023,Bihar,ARAWAL - BR56( 22-MAY-2017 ),1,HEAVY GOODS VEHICLE,0,0,2,1,0,0,0,0,0,0,1,0,4
2023,Bihar,ARAWAL - BR56( 22-MAY-2017 ),2,LIGHT GOODS VEHICLE,22,33,25,20,40,20,41,16,11,7,18,14,267
2023,Bihar,ARAWAL - BR56( 22-MAY-2017 ),3,LIGHT MOTOR VEHICLE,10,11,16,9,18,19,15,5,18,6,19,25,171
2023,Bihar,ARAWAL - BR56( 22-MAY-2017 ),4,LIGHT PASSENGER VEHICLE,0,1,0,1,0,1,0,0,0,0,0,0,3
2023,Bihar,ARAWAL - BR56( 22-MAY-2017 ),5,MEDIUM MOTOR VEHICLE,0,1,0,2,1,0,0,0,1,0,1,0,6
2023,Bihar,ARAWAL - BR56( 22-MAY-2017 ),6,MEDIUM PASSENGER VEHICLE,0,0,0,0,0,1,0,1,0,0,0,0,2
2023,Bihar,ARAWAL - BR56( 22-MAY-2017 ),7,OTHER THAN MENTIONED ABOVE,0,0,0,0,1,0,0,0,0,0,0,0,1
2023,Bihar,ARAWAL - BR56( 22-MAY-2017 ),8,THREE WHEELER(T),1,4,7,10,5,3,3,5,21,10,17,8,94
2023,Bihar,ARAWAL - BR56( 22-MAY-2017 ),9,TWO WHEELER(NT),241,281,358,334,665,414,201,157,192,196,445,203,"3,687"
2023,Bihar,AURANGABAD - BR26( 13-JUN-2017 ),1,HEAVY GOODS VEHICLE,7,17,14,15,7,17,4,6,17,24,17,29,174
2023,Bihar,AURANGABAD - BR26( 13-JUN-2017 ),2,HEAVY MOTOR VEHICLE,0,1,0,0,0,0,0,1,0,0,0,2,4
2023,Bihar,AURANGABAD - BR26( 13-JUN-2017 ),3,HEAVY PASSENGER VEHICLE,3,2,4,0,4,0,2,1,0,0,0,0,16
2023,Bihar,AURANGABAD - BR26( 13-JUN-2017 ),4,LIGHT GOODS VEHICLE,113,123,85,83,102,67,83,77,81,85,84,76,"1,059"
2023,Bihar,AURANGABAD - BR26( 13-JUN-2017 ),5,LIGHT MOTOR VEHICLE,159,127,140,130,139,146,186,121,97,162,165,141,"1,713"
2023,Bihar,AURANGABAD - BR26( 13-JUN-2017 ),6,LIGHT PASSENGER VEHICLE,1,3,12,12,4,3,18,7,7,3,8,8,86
2023,Bihar,AURANGABAD - BR26( 13-JUN-2017 ),7,MEDIUM MOTOR VEHICLE,4,1,4,4,3,2,2,1,3,0,4,2,30
2023,Bihar,AURANGABAD - BR26( 13-JUN-2017 ),8,MEDIUM PASSENGER VEHICLE,1,2,2,3,0,5,1,1,1,1,1,0,18
2023,Bihar,AURANGABAD - BR26( 13-JUN-2017 ),9,OTHER THAN MENTIONED ABOVE,3,0,3,4,1,1,5,0,0,0,2,3,22
2023,Bihar,AURANGABAD - BR26( 13-JUN-2017 ),10,THREE WHEELER(T),81,129,96,134,110,100,106,105,143,177,168,117,"1,466"
2023,Bihar,AURANGABAD - BR26( 13-JUN-2017 ),11,TWO WHEELER(NT),"1,127","1,195","1,906","2,324","2,761","1,110",744,698,955,887,"2,484",988,"17,179"
2023,Bihar,BANKA - BR51( 06-FEB-2018 ),1,HEAVY GOODS VEHICLE,11,8,9,2,1,9,7,4,0,1,7,2,61
2023,Bihar,BANKA - BR51( 06-FEB-2018 ),2,HEAVY PASSENGER VEHICLE,2,0,0,0,0,0,0,0,0,0,0,0,2
2023,Bihar,BANKA - BR51( 06-FEB-2018 ),3,LIGHT GOODS VEHICLE,122,95,59,78,68,134,160,87,36,33,58,90,"1,020"
2023,Bihar,BANKA - BR51( 06-FEB-2018 ),4,LIGHT MOTOR VEHICLE,20,20,16,20,15,10,11,13,14,11,37,11,198
2023,Bihar,BANKA - BR51( 06-FEB-2018 ),5,LIGHT PASSENGER VEHICLE,0,0,3,1,2,2,0,4,2,1,1,1,17
2023,Bihar,BANKA - BR51( 06-FEB-2018 ),6,MEDIUM GOODS VEHICLE,0,1,1,1,0,1,0,0,2,3,1,1,11
2023,Bihar,BANKA - BR51( 06-FEB-2018 ),7,MEDIUM MOTOR VEHICLE,0,0,0,0,0,0,1,0,1,0,1,1,4
2023,Bihar,BANKA - BR51( 06-FEB-2018 ),8,MEDIUM PASSENGER VEHICLE,0,0,2,0,2,2,3,0,1,2,0,0,12
2023,Bihar,BANKA - BR51( 06-FEB-2018 ),9,OTHER THAN MENTIONED ABOVE,1,1,3,0,0,0,0,0,0,0,0,0,5
2023,Bihar,BANKA - BR51( 06-FEB-2018 ),10,THREE WHEELER(T),85,95,94,65,116,113,125,78,105,174,107,135,"1,292"
2023,Bihar,BANKA - BR51( 06-FEB-2018 ),11,TWO WHEELER(NT),740,693,"1,022",816,"1,546",979,777,444,620,661,"1,772",813,"10,883"
2023,Bihar,BEGUSARAI - BR9( 23-JAN-2018 ),1,FOUR WHEELER (INVALID CARRIAGE),0,0,0,0,1,0,0,0,0,1,0,0,2
2023,Bihar,BEGUSARAI - BR9( 23-JAN-2018 ),2,HEAVY GOODS VEHICLE,94,122,46,29,11,18,24,21,15,18,29,20,447
2023,Bihar,BEGUSARAI - BR9( 23-JAN-2018 ),3,HEAVY MOTOR VEHICLE,3,2,1,0,1,1,0,0,1,1,2,1,13
2023,Bihar,BEGUSARAI - BR9( 23-JAN-2018 ),4,HEAVY PASSENGER VEHICLE,1,0,1,5,0,0,4,0,0,0,3,0,14
2023,Bihar,BEGUSARAI - BR9( 23-JAN-2018 ),5,LIGHT GOODS VEHICLE,112,174,116,156,119,143,115,90,128,87,116,98,"1,454"
2023,Bihar,BEGUSARAI - BR9( 23-JAN-2018 ),6,LIGHT MOTOR VEHICLE,225,232,230,212,250,253,200,188,229,204,361,251,"2,835"
2023,Bihar,BEGUSARAI - BR9( 23-JAN-2018 ),7,LIGHT PASSENGER VEHICLE,9,9,5,4,5,3,6,9,5,6,4,5,70
2023,Bihar,BEGUSARAI - BR9( 23-JAN-2018 ),8,MEDIUM GOODS VEHICLE,0,0,2,0,0,0,2,1,1,4,0,2,12
2023,Bihar,BEGUSARAI - BR9( 23-JAN-2018 ),9,MEDIUM MOTOR VEHICLE,4,5,3,5,3,5,4,5,11,6,3,6,60
2023,Bihar,BEGUSARAI - BR9( 23-JAN-2018 ),10,MEDIUM PASSENGER VEHICLE,1,1,0,11,2,3,3,1,13,1,1,1,38
2023,Bihar,BEGUSARAI - BR9( 23-JAN-2018 ),11,OTHER THAN MENTIONED ABOVE,0,3,1,2,1,1,0,0,0,0,1,0,9
2023,Bihar,BEGUSARAI - BR9( 23-JAN-2018 ),12,THREE WHEELER(T),180,136,157,128,215,361,324,308,416,374,289,327,"3,215"
2023,Bihar,BEGUSARAI - BR9( 23-JAN-2018 ),13,TWO WHEELER(NT),"1,284","1,898","1,980","2,395","3,224","2,557","2,092","1,444","1,817","1,862","5,073","2,428","28,054"
2023,Bihar,BETTIAH - BR22( 22-SEP-2017 ),1,HEAVY GOODS VEHICLE,6,1,0,2,1,2,3,4,2,3,2,2,28
2023,Bihar,BETTIAH - BR22( 22-SEP-2017 ),2,HEAVY MOTOR VEHICLE,0,0,0,0,1,0,0,0,0,0,0,1,2
2023,Bihar,BETTIAH - BR22( 22-SEP-2017 ),3,HEAVY PASSENGER VEHICLE,0,0,0,1,0,0,0,0,0,0,0,1,2
2023,Bihar,BETTIAH - BR22( 22-SEP-2017 ),4,LIGHT GOODS VEHICLE,63,50,52,47,47,62,48,70,53,63,67,73,695
2023,Bihar,BETTIAH - BR22( 22-SEP-2017 ),5,LIGHT MOTOR VEHICLE,246,237,240,209,223,222,216,155,211,231,317,250,"2,757"
2023,Bihar,BETTIAH - BR22( 22-SEP-2017 ),6,LIGHT PASSENGER VEHICLE,4,1,1,5,1,2,6,3,5,0,2,1,31
2023,Bihar,BETTIAH - BR22( 22-SEP-2017 ),7,MEDIUM MOTOR VEHICLE,0,5,2,2,1,2,1,2,4,3,2,2,26
2023,Bihar,BETTIAH - BR22( 22-SEP-2017 ),8,MEDIUM PASSENGER VEHICLE,0,0,0,3,0,1,3,3,6,1,2,1,20
2023,Bihar,BETTIAH - BR22( 22-SEP-2017 ),9,OTHER THAN MENTIONED ABOVE,0,0,4,0,0,1,0,0,0,0,0,0,5
2023,Bihar,BETTIAH - BR22( 22-SEP-2017 ),10,THREE WHEELER(T),89,109,138,103,118,136,148,184,226,218,151,208,"1,828"
2023,Bihar,BETTIAH - BR22( 22-SEP-2017 ),11,TWO WHEELER (INVALID CARRIAGE),0,1,0,0,1,0,0,0,0,0,0,2,4
2023,Bihar,BETTIAH - BR22( 22-SEP-2017 ),12,TWO WHEELER(NT),"3,166","3,352","3,982","3,503","4,446","3,066","2,369","2,394","2,559","3,166","9,916","4,396","46,315"
2023,Bihar,BHABHUA - BR45( 23-JAN-2018 ),1,HEAVY GOODS VEHICLE,4,1,3,3,52,39,48,62,93,44,63,52,464
2023,Bihar,BHABHUA - BR45( 23-JAN-2018 ),2,HEAVY MOTOR VEHICLE,0,0,0,0,0,0,0,0,1,0,0,1,2
2023,Bihar,BHABHUA - BR45( 23-JAN-2018 ),3,HEAVY PASSENGER VEHICLE,0,2,0,0,0,0,0,0,0,0,0,0,2
2023,Bihar,BHABHUA - BR45( 23-JAN-2018 ),4,LIGHT GOODS VEHICLE,18,37,22,17,16,22,15,16,19,19,29,22,252
2023,Bihar,BHABHUA - BR45( 23-JAN-2018 ),5,LIGHT MOTOR VEHICLE,116,169,121,103,141,162,98,72,79,80,107,83,"1,331"
2023,Bihar,BHABHUA - BR45( 23-JAN-2018 ),6,LIGHT PASSENGER VEHICLE,4,3,2,4,0,0,2,6,2,3,1,2,29
2023,Bihar,BHABHUA - BR45( 23-JAN-2018 ),7,MEDIUM GOODS VEHICLE,0,0,0,0,0,0,0,0,1,0,0,0,1
2023,Bihar,BHABHUA - BR45( 23-JAN-2018 ),8,MEDIUM MOTOR VEHICLE,0,3,2,2,0,1,0,0,0,4,1,0,13
2023,Bihar,BHABHUA - BR45( 23-JAN-2018 ),9,MEDIUM PASSENGER VEHICLE,2,1,2,10,4,8,0,1,1,1,1,3,34
2023,Bihar,BHABHUA - BR45( 23-JAN-2018 ),10,OTHER THAN MENTIONED ABOVE,12,6,28,6,6,13,3,0,0,1,2,1,78
2023,Bihar,BHABHUA - BR45( 23-JAN-2018 ),11,THREE WHEELER(T),123,119,99,126,150,107,135,131,166,108,128,100,"1,492"
2023,Bihar,BHABHUA - BR45( 23-JAN-2018 ),12,TWO WHEELER(NT),"1,108",797,"1,006",847,"1,353",980,733,734,679,598,"1,372",671,"10,878"
2023,Bihar,BHAGALPUR - BR10( 07-FEB-2018 ),1,HEAVY GOODS VEHICLE,1,3,65,50,18,2,17,15,29,15,25,18,258
2023,Bihar,BHAGALPUR - BR10( 07-FEB-2018 ),2,HEAVY MOTOR VEHICLE,0,0,0,0,0,0,0,0,0,0,1,0,1
2023,Bihar,BHAGALPUR - BR10( 07-FEB-2018 ),3,HEAVY PASSENGER VEHICLE,0,0,5,0,0,0,0,0,0,0,0,0,5
2023,Bihar,BHAGALPUR - BR10( 07-FEB-2018 ),4,LIGHT GOODS VEHICLE,92,68,131,139,148,115,125,79,68,102,103,93,"1,263"
2023,Bihar,BHAGALPUR - BR10( 07-FEB-2018 ),5,LIGHT MOTOR VEHICLE,203,233,219,268,237,189,188,191,190,248,296,211,"2,673"
2023,Bihar,BHAGALPUR - BR10( 07-FEB-2018 ),6,LIGHT PASSENGER VEHICLE,3,5,11,18,10,6,9,8,6,6,6,6,94
2023,Bihar,BHAGALPUR - BR10( 07-FEB-2018 ),7,MEDIUM GOODS VEHICLE,0,0,0,0,0,0,0,0,4,0,0,0,4
2023,Bihar,BHAGALPUR - BR10( 07-FEB-2018 ),8,MEDIUM MOTOR VEHICLE,0,0,0,0,0,0,0,1,0,0,0,1,2
2023,Bihar,BHAGALPUR - BR10( 07-FEB-2018 ),9,MEDIUM PASSENGER VEHICLE,0,0,3,10,1,9,5,0,5,1,5,4,43
2023,Bihar,BHAGALPUR - BR10( 07-FEB-2018 ),10,OTHER THAN MENTIONED ABOVE,0,0,0,0,1,0,0,1,1,0,0,0,3
2023,Bihar,BHAGALPUR - BR10( 07-FEB-2018 ),11,THREE WHEELER(T),259,323,452,338,374,373,537,498,552,615,491,428,"5,240"
2023,Bihar,BHAGALPUR - BR10( 07-FEB-2018 ),12,TWO WHEELER(NT),863,661,"2,401","2,438","2,475","2,300","1,788","1,575","1,668","1,686","2,823","2,902","23,580"
2023,Bihar,BHOJPUR - BR3( 15-FEB-2018 ),1,FOUR WHEELER (INVALID CARRIAGE),0,0,0,0,0,0,1,0,0,0,0,0,1
2023,Bihar,BHOJPUR - BR3( 15-FEB-2018 ),2,HEAVY GOODS VEHICLE,21,2,16,9,19,5,12,10,90,79,102,98,463
2023,Bihar,BHOJPUR - BR3( 15-FEB-2018 ),3,HEAVY PASSENGER VEHICLE,0,0,0,0,0,0,1,0,0,1,0,0,2
2023,Bihar,BHOJPUR - BR3( 15-FEB-2018 ),4,LIGHT GOODS VEHICLE,106,96,94,101,72,100,98,43,74,76,74,95,"1,029"
2023,Bihar,BHOJPUR - BR3( 15-FEB-2018 ),5,LIGHT MOTOR VEHICLE,89,100,77,98,105,127,93,81,105,100,128,88,"1,191"
2023,Bihar,BHOJPUR - BR3( 15-FEB-2018 ),6,LIGHT PASSENGER VEHICLE,1,4,5,5,2,6,4,10,4,4,0,5,50
2023,Bihar,BHOJPUR - BR3( 15-FEB-2018 ),7,MEDIUM GOODS VEHICLE,0,0,0,0,0,0,0,0,1,0,0,0,1
2023,Bihar,BHOJPUR - BR3( 15-FEB-2018 ),8,MEDIUM MOTOR VEHICLE,4,3,6,4,3,6,6,2,5,3,5,2,49
2023,Bihar,BHOJPUR - BR3( 15-FEB-2018 ),9,MEDIUM PASSENGER VEHICLE,2,3,1,1,5,2,3,3,4,2,2,2,30
2023,Bihar,BHOJPUR - BR3( 15-FEB-2018 ),10,THREE WHEELER(T),101,79,90,77,93,104,87,116,131,126,118,100,"1,222"
2023,Bihar,BHOJPUR - BR3( 15-FEB-2018 ),11,TWO WHEELER(NT),"1,564","1,632","1,858","1,965","3,405","1,773","1,348","1,107","1,374","1,342","3,567","1,896","22,831"
2023,Bihar,BUXUR - BR44( 01-FEB-2018 ),1,HEAVY GOODS VEHICLE,2,6,3,11,3,7,15,28,11,5,4,11,106
2023,Bihar,BUXUR - BR44( 01-FEB-2018 ),2,HEAVY PASSENGER VEHICLE,0,0,0,2,0,0,0,0,0,0,0,0,2
2023,Bihar,BUXUR - BR44( 01-FEB-2018 ),3,LIGHT GOODS VEHICLE,42,48,39,31,27,32,20,27,27,23,32,32,380
2023,Bihar,BUXUR - BR44( 01-FEB-2018 ),4,LIGHT MOTOR VEHICLE,103,101,82,85,82,122,102,49,82,85,86,93,"1,072"
2023,Bihar,BUXUR - BR44( 01-FEB-2018 ),5,LIGHT PASSENGER VEHICLE,2,3,5,13,4,1,3,4,2,5,2,0,44
2023,Bihar,BUXUR - BR44( 01-FEB-2018 ),6,MEDIUM GOODS VEHICLE,0,0,0,0,0,1,0,0,1,0,0,0,2
2023,Bihar,BUXUR - BR44( 01-FEB-2018 ),7,MEDIUM MOTOR VEHICLE,0,2,1,2,1,0,0,0,1,1,1,2,11
2023,Bihar,BUXUR - BR44( 01-FEB-2018 ),8,MEDIUM PASSENGER VEHICLE,5,0,0,0,1,9,0,0,4,1,0,0,20
2023,Bihar,BUXUR - BR44( 01-FEB-2018 ),9,OTHER THAN MENTIONED ABOVE,5,12,11,5,4,6,2,0,0,1,4,2,52
2023,Bihar,BUXUR - BR44( 01-FEB-2018 ),10,THREE WHEELER(T),75,76,84,115,79,94,98,144,116,113,95,131,"1,220"
2023,Bihar,BUXUR - BR44( 01-FEB-2018 ),11,TWO WHEELER(NT),899,992,"1,323",924,"1,854","1,074",822,640,781,754,"1,719","1,386","13,168"
2023,Bihar,CHAPARA - BR4( 29-JAN-2018 ),1,HEAVY GOODS VEHICLE,6,3,4,8,6,6,4,11,11,4,4,2,69
2023,Bihar,CHAPARA - BR4( 29-JAN-2018 ),2,HEAVY MOTOR VEHICLE,0,0,0,0,0,0,0,0,1,1,0,0,2
2023,Bihar,CHAPARA - BR4( 29-JAN-2018 ),3,HEAVY PASSENGER VEHICLE,1,1,3,5,2,1,2,0,0,0,0,0,15
2023,Bihar,CHAPARA - BR4( 29-JAN-2018 ),4,LIGHT GOODS VEHICLE,116,112,104,107,87,82,80,61,85,77,72,59,"1,042"
2023,Bihar,CHAPARA - BR4( 29-JAN-2018 ),5,LIGHT MOTOR VEHICLE,133,141,167,115,169,160,114,91,81,113,155,98,"1,537"
2023,Bihar,CHAPARA - BR4( 29-JAN-2018 ),6,LIGHT PASSENGER VEHICLE,1,3,4,3,4,10,8,5,6,2,7,2,55
2023,Bihar,CHAPARA - BR4( 29-JAN-2018 ),7,MEDIUM GOODS VEHICLE,0,0,0,0,0,0,0,0,0,1,0,2,3
2023,Bihar,CHAPARA - BR4( 29-JAN-2018 ),8,MEDIUM MOTOR VEHICLE,1,6,6,3,0,0,4,1,6,3,4,4,38
2023,Bihar,CHAPARA - BR4( 29-JAN-2018 ),9,MEDIUM PASSENGER VEHICLE,1,1,0,2,2,1,0,0,1,1,0,0,9
2023,Bihar,CHAPARA - BR4( 29-JAN-2018 ),10,OTHER THAN MENTIONED ABOVE,1,0,0,0,1,2,0,0,1,0,0,0,5
2023,Bihar,CHAPARA - BR4( 29-JAN-2018 ),11,THREE WHEELER(T),136,202,199,149,189,178,263,257,376,331,345,342,"2,967"
2023,Bihar,CHAPARA - BR4( 29-JAN-2018 ),12,TWO WHEELER(NT),"1,692","2,228","2,184","2,432","4,554","2,938","1,351","1,330","1,406","1,465","3,936","3,086","28,602"
2023,Bihar,DARBHANGA - BR7( 30-JAN-2018 ),1,HEAVY GOODS VEHICLE,1,4,1,5,2,0,1,2,1,0,1,2,20
2023,Bihar,DARBHANGA - BR7( 30-JAN-2018 ),2,HEAVY MOTOR VEHICLE,0,0,0,0,0,0,1,0,0,0,0,0,1
2023,Bihar,DARBHANGA - BR7( 30-JAN-2018 ),3,HEAVY PASSENGER VEHICLE,1,1,0,0,0,0,0,0,0,0,0,0,2
2023,Bihar,DARBHANGA - BR7( 30-JAN-2018 ),4,LIGHT GOODS VEHICLE,156,117,103,107,81,89,65,79,111,84,142,115,"1,249"
2023,Bihar,DARBHANGA - BR7( 30-JAN-2018 ),5,LIGHT MOTOR VEHICLE,213,234,306,242,278,261,210,201,225,284,416,233,"3,103"
2023,Bihar,DARBHANGA - BR7( 30-JAN-2018 ),6,LIGHT PASSENGER VEHICLE,6,15,16,25,12,7,14,13,15,13,14,12,162
2023,Bihar,DARBHANGA - BR7( 30-JAN-2018 ),7,MEDIUM GOODS VEHICLE,6,7,4,3,5,5,4,2,4,3,6,6,55
2023,Bihar,DARBHANGA - BR7( 30-JAN-2018 ),8,MEDIUM MOTOR VEHICLE,1,4,3,5,9,3,0,0,5,3,2,5,40
2023,Bihar,DARBHANGA - BR7( 30-JAN-2018 ),9,MEDIUM PASSENGER VEHICLE,2,2,7,4,1,2,8,4,3,3,1,9,46
2023,Bihar,DARBHANGA - BR7( 30-JAN-2018 ),10,OTHER THAN MENTIONED ABOVE,1,0,0,0,1,0,0,0,0,0,0,0,2
2023,Bihar,DARBHANGA - BR7( 30-JAN-2018 ),11,THREE WHEELER(T),148,217,215,179,219,290,356,415,501,599,509,469,"4,117"
2023,Bihar,DARBHANGA - BR7( 30-JAN-2018 ),12,TWO WHEELER(NT),"2,169","3,208","4,153","3,204","5,763","3,407","3,081","2,149","2,284","2,644","5,483","3,618","41,163"
2023,Bihar,GAYA - BR2( 06-SEP-2017 ),1,HEAVY GOODS VEHICLE,46,67,36,51,30,20,42,31,54,56,13,16,462
2023,Bihar,GAYA - BR2( 06-SEP-2017 ),2,HEAVY MOTOR VEHICLE,1,0,0,0,0,0,2,1,2,1,0,0,7
2023,Bihar,GAYA - BR2( 06-SEP-2017 ),3,HEAVY PASSENGER VEHICLE,8,6,9,14,13,3,2,0,2,2,1,6,66
2023,Bihar,GAYA - BR2( 06-SEP-2017 ),4,LIGHT GOODS VEHICLE,157,162,138,141,122,112,132,142,152,98,145,166,"1,667"
2023,Bihar,GAYA - BR2( 06-SEP-2017 ),5,LIGHT MOTOR VEHICLE,492,395,403,361,441,439,422,365,351,380,572,352,"4,973"
2023,Bihar,GAYA - BR2( 06-SEP-2017 ),6,LIGHT PASSENGER VEHICLE,10,10,11,11,3,7,14,11,26,7,22,8,140
2023,Bihar,GAYA - BR2( 06-SEP-2017 ),7,MEDIUM GOODS VEHICLE,3,1,0,0,0,0,0,0,2,3,2,0,11
2023,Bihar,GAYA - BR2( 06-SEP-2017 ),8,MEDIUM MOTOR VEHICLE,3,4,6,3,5,3,1,4,10,3,7,1,50
2023,Bihar,GAYA - BR2( 06-SEP-2017 ),9,MEDIUM PASSENGER VEHICLE,1,5,7,10,8,4,9,11,8,2,7,4,76
2023,Bihar,GAYA - BR2( 06-SEP-2017 ),10,OTHER THAN MENTIONED ABOVE,1,1,3,1,6,18,0,0,0,2,1,1,34
2023,Bihar,GAYA - BR2( 06-SEP-2017 ),11,THREE WHEELER(T),369,380,421,324,335,475,456,485,787,606,514,514,"5,666"
2023,Bihar,GAYA - BR2( 06-SEP-2017 ),12,TWO WHEELER(NT),"2,845","3,393","3,973","4,808","5,621","3,541","2,071","1,748","2,500","2,015","5,120","2,506","40,141"
2023,Bihar,GOPALGANJ - BR28( 08-JUN-2017 ),1,HEAVY GOODS VEHICLE,33,23,10,12,55,91,61,68,115,101,63,90,722
2023,Bihar,GOPALGANJ - BR28( 08-JUN-2017 ),2,HEAVY MOTOR VEHICLE,0,1,0,0,0,0,0,0,0,0,0,0,1
2023,Bihar,GOPALGANJ - BR28( 08-JUN-2017 ),3,HEAVY PASSENGER VEHICLE,1,0,1,2,9,6,6,11,11,18,10,14,89
2023,Bihar,GOPALGANJ - BR28( 08-JUN-2017 ),4,LIGHT GOODS VEHICLE,22,29,23,18,16,27,21,24,19,14,27,23,263
2023,Bihar,GOPALGANJ - BR28( 08-JUN-2017 ),5,LIGHT MOTOR VEHICLE,157,218,204,166,194,153,135,154,159,173,217,157,"2,087"
2023,Bihar,GOPALGANJ - BR28( 08-JUN-2017 ),6,LIGHT PASSENGER VEHICLE,3,1,2,2,6,0,0,1,2,6,2,1,26
2023,Bihar,GOPALGANJ - BR28( 08-JUN-2017 ),7,MEDIUM GOODS VEHICLE,2,0,0,1,0,0,0,1,0,5,5,1,15
2023,Bihar,GOPALGANJ - BR28( 08-JUN-2017 ),8,MEDIUM MOTOR VEHICLE,2,2,5,1,4,0,2,3,1,9,2,1,32
2023,Bihar,GOPALGANJ - BR28( 08-JUN-2017 ),9,MEDIUM PASSENGER VEHICLE,0,1,0,0,0,0,1,0,0,0,0,0,2
2023,Bihar,GOPALGANJ - BR28( 08-JUN-2017 ),10,OTHER THAN MENTIONED ABOVE,1,4,4,2,2,4,2,0,1,1,1,0,22
2023,Bihar,GOPALGANJ - BR28( 08-JUN-2017 ),11,THREE WHEELER(T),88,238,244,138,109,153,137,167,213,244,188,343,"2,262"
2023,Bihar,GOPALGANJ - BR28( 08-JUN-2017 ),12,TWO WHEELER(NT),"1,276","1,209","1,487","1,383","2,308","1,993","1,121","1,008",954,"1,214","1,972","2,451","18,376"
2023,Bihar,JAMUI - BR46( 07-JUN-2017 ),1,FOUR WHEELER (INVALID CARRIAGE),0,0,0,0,0,1,0,0,0,0,0,0,1
2023,Bihar,JAMUI - BR46( 07-JUN-2017 ),2,HEAVY GOODS VEHICLE,0,2,4,1,0,1,1,1,1,1,3,1,16
2023,Bihar,JAMUI - BR46( 07-JUN-2017 ),3,HEAVY MOTOR VEHICLE,0,0,0,1,0,0,0,0,0,0,0,0,1
2023,Bihar,JAMUI - BR46( 07-JUN-2017 ),4,HEAVY PASSENGER VEHICLE,0,1,3,0,0,0,0,0,0,0,0,0,4
2023,Bihar,JAMUI - BR46( 07-JUN-2017 ),5,LIGHT GOODS VEHICLE,40,30,38,36,32,42,58,40,35,21,23,24,419
2023,Bihar,JAMUI - BR46( 07-JUN-2017 ),6,LIGHT MOTOR VEHICLE,25,28,51,34,51,24,34,39,27,39,53,55,460
2023,Bihar,JAMUI - BR46( 07-JUN-2017 ),7,LIGHT PASSENGER VEHICLE,0,2,4,0,2,4,5,0,2,3,0,1,23
2023,Bihar,JAMUI - BR46( 07-JUN-2017 ),8,MEDIUM GOODS VEHICLE,0,0,0,0,0,0,0,0,0,0,0,1,1
2023,Bihar,JAMUI - BR46( 07-JUN-2017 ),9,MEDIUM MOTOR VEHICLE,1,0,0,0,0,0,1,0,0,0,0,0,2
2023,Bihar,JAMUI - BR46( 07-JUN-2017 ),10,MEDIUM PASSENGER VEHICLE,0,0,1,0,0,0,0,1,1,0,0,0,3
2023,Bihar,JAMUI - BR46( 07-JUN-2017 ),11,THREE WHEELER(T),68,89,95,99,138,163,125,169,169,175,133,152,"1,575"
2023,Bihar,JAMUI - BR46( 07-JUN-2017 ),12,TWO WHEELER(NT),815,"1,102","1,640","1,339","1,800","1,465","1,215",720,869,829,"1,564","1,857","15,215"
2023,Bihar,JEHANABAD - BR25( 26-MAY-2017 ),1,HEAVY GOODS VEHICLE,9,8,10,9,6,8,10,6,4,7,5,1,83
2023,Bihar,JEHANABAD - BR25( 26-MAY-2017 ),2,HEAVY PASSENGER VEHICLE,1,0,9,0,1,0,0,0,0,0,0,0,11
2023,Bihar,JEHANABAD - BR25( 26-MAY-2017 ),3,LIGHT GOODS VEHICLE,53,28,45,10,26,26,39,26,13,18,15,17,316
2023,Bihar,JEHANABAD - BR25( 26-MAY-2017 ),4,LIGHT MOTOR VEHICLE,7,4,11,9,7,13,11,9,9,10,14,3,107
2023,Bihar,JEHANABAD - BR25( 26-MAY-2017 ),5,LIGHT PASSENGER VEHICLE,0,1,0,0,2,3,2,1,1,0,1,5,16
2023,Bihar,JEHANABAD - BR25( 26-MAY-2017 ),6,MEDIUM MOTOR VEHICLE,2,1,1,1,1,0,2,0,0,1,3,1,13
2023,Bihar,JEHANABAD - BR25( 26-MAY-2017 ),7,MEDIUM PASSENGER VEHICLE,1,2,1,2,0,2,1,2,3,2,0,0,16
2023,Bihar,JEHANABAD - BR25( 26-MAY-2017 ),8,OTHER THAN MENTIONED ABOVE,0,0,0,0,0,0,0,1,0,0,0,0,1
2023,Bihar,JEHANABAD - BR25( 26-MAY-2017 ),9,THREE WHEELER(T),70,58,59,44,54,58,62,66,123,113,105,66,878
2023,Bihar,JEHANABAD - BR25( 26-MAY-2017 ),10,TWO WHEELER(NT),354,540,696,716,884,594,361,267,354,269,667,282,"5,984"
2023,Bihar,KATIHAR - BR39( 23-JAN-2018 ),1,HEAVY GOODS VEHICLE,1,0,9,2,1,0,0,0,0,0,0,3,16
2023,Bihar,KATIHAR - BR39( 23-JAN-2018 ),2,HEAVY MOTOR VEHICLE,0,0,1,0,0,0,0,0,0,0,0,0,1
2023,Bihar,KATIHAR - BR39( 23-JAN-2018 ),3,HEAVY PASSENGER VEHICLE,0,0,3,0,0,0,0,0,0,0,0,0,3
2023,Bihar,KATIHAR - BR39( 23-JAN-2018 ),4,LIGHT GOODS VEHICLE,69,70,72,88,80,111,107,67,82,118,116,103,"1,083"
2023,Bihar,KATIHAR - BR39( 23-JAN-2018 ),5,LIGHT MOTOR VEHICLE,23,38,38,25,54,70,24,33,42,46,66,42,501
2023,Bihar,KATIHAR - BR39( 23-JAN-2018 ),6,LIGHT PASSENGER VEHICLE,0,1,5,1,2,2,1,0,3,2,7,1,25
2023,Bihar,KATIHAR - BR39( 23-JAN-2018 ),7,MEDIUM PASSENGER VEHICLE,0,0,1,1,0,1,1,1,15,0,0,1,21
2023,Bihar,KATIHAR - BR39( 23-JAN-2018 ),8,OTHER THAN MENTIONED ABOVE,2,0,11,0,0,0,0,0,0,4,0,2,19
2023,Bihar,KATIHAR - BR39( 23-JAN-2018 ),9,THREE WHEELER(T),66,110,114,81,143,135,170,149,259,402,333,227,"2,189"
2023,Bihar,KATIHAR - BR39( 23-JAN-2018 ),10,TWO WHEELER(NT),"1,799","2,703","2,361","2,941","3,314","3,176","3,420","2,476","2,244","2,412","5,134","2,640","34,620"
2023,Bihar,KHAGARIA - BR34( 01-FEB-2018 ),1,HEAVY GOODS VEHICLE,9,0,2,0,3,0,1,0,1,1,2,0,19
2023,Bihar,KHAGARIA - BR34( 01-FEB-2018 ),2,HEAVY MOTOR VEHICLE,0,1,0,0,0,0,0,0,0,0,0,0,1
2023,Bihar,KHAGARIA - BR34( 01-FEB-2018 ),3,LIGHT GOODS VEHICLE,35,55,50,51,74,50,39,28,23,34,46,30,515
2023,Bihar,KHAGARIA - BR34( 01-FEB-2018 ),4,LIGHT MOTOR VEHICLE,26,40,51,83,65,91,51,29,85,74,62,40,697
2023,Bihar,KHAGARIA - BR34( 01-FEB-2018 ),5,LIGHT PASSENGER VEHICLE,0,1,1,0,3,3,0,0,4,1,1,1,15
2023,Bihar,KHAGARIA - BR34( 01-FEB-2018 ),6,MEDIUM MOTOR VEHICLE,0,0,0,0,1,0,0,0,0,0,0,0,1
2023,Bihar,KHAGARIA - BR34( 01-FEB-2018 ),7,MEDIUM PASSENGER VEHICLE,0,4,0,1,1,0,1,3,1,1,1,0,13
2023,Bihar,KHAGARIA - BR34( 01-FEB-2018 ),8,OTHER THAN MENTIONED ABOVE,0,0,0,0,0,0,0,1,0,0,0,0,1
2023,Bihar,KHAGARIA - BR34( 01-FEB-2018 ),9,THREE WHEELER(T),30,62,50,38,57,54,72,125,158,233,119,131,"1,129"
2023,Bihar,KHAGARIA - BR34( 01-FEB-2018 ),10,TWO WHEELER(NT),743,"1,038","1,156","1,207","1,497","1,654","1,084",788,"1,045","1,008","2,793","1,183","15,196"
2023,Bihar,KISHANGANJ - BR37( 07-FEB-2018 ),1,HEAVY GOODS VEHICLE,6,10,4,8,3,4,1,1,5,2,2,2,48
2023,Bihar,KISHANGANJ - BR37( 07-FEB-2018 ),2,HEAVY MOTOR VEHICLE,0,0,0,0,0,0,0,0,0,0,1,0,1
2023,Bihar,KISHANGANJ - BR37( 07-FEB-2018 ),3,HEAVY PASSENGER VEHICLE,0,1,0,0,0,0,0,0,0,0,0,0,1
2023,Bihar,KISHANGANJ - BR37( 07-FEB-2018 ),4,LIGHT GOODS VEHICLE,61,52,59,39,75,72,94,60,34,55,83,71,755
2023,Bihar,KISHANGANJ - BR37( 07-FEB-2018 ),5,LIGHT MOTOR VEHICLE,35,67,56,47,53,53,45,33,36,68,81,44,618
2023,Bihar,KISHANGANJ - BR37( 07-FEB-2018 ),6,LIGHT PASSENGER VEHICLE,0,1,1,3,4,3,0,0,2,0,1,0,15
2023,Bihar,KISHANGANJ - BR37( 07-FEB-2018 ),7,MEDIUM GOODS VEHICLE,0,1,0,0,0,0,0,0,0,0,0,0,1
2023,Bihar,KISHANGANJ - BR37( 07-FEB-2018 ),8,MEDIUM MOTOR VEHICLE,0,0,0,0,0,0,0,0,0,0,1,1,2
2023,Bihar,KISHANGANJ - BR37( 07-FEB-2018 ),9,MEDIUM PASSENGER VEHICLE,0,1,0,0,0,0,0,2,0,1,0,1,5
2023,Bihar,KISHANGANJ - BR37( 07-FEB-2018 ),10,OTHER THAN MENTIONED ABOVE,0,0,0,0,0,0,0,0,0,0,0,1,1
2023,Bihar,KISHANGANJ - BR37( 07-FEB-2018 ),11,THREE WHEELER(T),42,48,33,44,41,83,103,182,222,193,145,126,"1,262"
2023,Bihar,KISHANGANJ - BR37( 07-FEB-2018 ),12,TWO WHEELER(NT),"1,707","2,670","2,957","1,714","2,947","2,478","1,723","1,563","1,200","1,249","2,072","1,908","24,188"
2023,Bihar,LAKHISARAI - BR53( 27-JAN-2017 ),1,FOUR WHEELER (INVALID CARRIAGE),0,0,0,0,0,0,0,0,1,0,0,0,1
2023,Bihar,LAKHISARAI - BR53( 27-JAN-2017 ),2,HEAVY GOODS VEHICLE,0,1,0,0,3,3,1,2,1,2,1,1,15
2023,Bihar,LAKHISARAI - BR53( 27-JAN-2017 ),3,HEAVY MOTOR VEHICLE,0,0,0,0,1,0,0,0,0,0,0,0,1
2023,Bihar,LAKHISARAI - BR53( 27-JAN-2017 ),4,HEAVY PASSENGER VEHICLE,1,1,0,2,0,0,0,0,0,0,0,0,4
2023,Bihar,LAKHISARAI - BR53( 27-JAN-2017 ),5,LIGHT GOODS VEHICLE,18,17,39,26,32,21,30,41,40,30,38,35,367
2023,Bihar,LAKHISARAI - BR53( 27-JAN-2017 ),6,LIGHT MOTOR VEHICLE,14,18,14,17,12,13,12,15,19,18,33,12,197
2023,Bihar,LAKHISARAI - BR53( 27-JAN-2017 ),7,LIGHT PASSENGER VEHICLE,1,0,0,4,4,3,4,3,8,2,4,2,35
2023,Bihar,LAKHISARAI - BR53( 27-JAN-2017 ),8,MEDIUM MOTOR VEHICLE,0,0,0,0,0,0,0,0,1,0,0,0,1
2023,Bihar,LAKHISARAI - BR53( 27-JAN-2017 ),9,MEDIUM PASSENGER VEHICLE,2,0,0,0,0,0,0,0,0,0,0,0,2
2023,Bihar,LAKHISARAI - BR53( 27-JAN-2017 ),10,THREE WHEELER(T),54,51,67,70,65,81,92,103,154,194,130,95,"1,156"
2023,Bihar,LAKHISARAI - BR53( 27-JAN-2017 ),11,TWO WHEELER (INVALID CARRIAGE),0,0,0,0,0,1,0,0,0,0,0,0,1
2023,Bihar,LAKHISARAI - BR53( 27-JAN-2017 ),12,TWO WHEELER(NT),276,387,429,513,604,373,207,249,292,316,738,552,"4,936"
2023,Bihar,MADHEPURA - BR43( 02-JUN-2017 ),1,HEAVY GOODS VEHICLE,5,3,3,4,3,1,0,0,3,1,1,1,25
2023,Bihar,MADHEPURA - BR43( 02-JUN-2017 ),2,HEAVY PASSENGER VEHICLE,0,2,1,0,0,0,0,0,0,0,0,0,3
2023,Bihar,MADHEPURA - BR43( 02-JUN-2017 ),3,LIGHT GOODS VEHICLE,63,59,54,82,84,119,73,44,79,54,79,78,868
2023,Bihar,MADHEPURA - BR43( 02-JUN-2017 ),4,LIGHT MOTOR VEHICLE,84,82,81,88,96,96,115,66,85,93,112,73,"1,071"
2023,Bihar,MADHEPURA - BR43( 02-JUN-2017 ),5,LIGHT PASSENGER VEHICLE,1,3,4,3,5,1,2,2,1,4,2,1,29
2023,Bihar,MADHEPURA - BR43( 02-JUN-2017 ),6,MEDIUM MOTOR VEHICLE,0,0,0,0,0,0,0,0,1,0,0,0,1
2023,Bihar,MADHEPURA - BR43( 02-JUN-2017 ),7,MEDIUM PASSENGER VEHICLE,0,2,1,2,0,1,2,0,1,3,0,1,13
2023,Bihar,MADHEPURA - BR43( 02-JUN-2017 ),8,OTHER THAN MENTIONED ABOVE,0,0,1,0,0,0,0,0,0,0,0,0,1
2023,Bihar,MADHEPURA - BR43( 02-JUN-2017 ),9,THREE WHEELER(T),122,122,147,62,114,102,131,143,186,210,277,248,"1,864"
2023,Bihar,MADHEPURA - BR43( 02-JUN-2017 ),10,TWO WHEELER(NT),"1,670","2,175","1,939","1,646","2,382","2,553","1,939","1,805","1,899","1,273","3,742","2,894","25,917"
2023,Bihar,MADHUBANI - BR32( 01-FEB-2018 ),1,HEAVY GOODS VEHICLE,1,1,0,0,1,1,0,0,0,0,0,2,6
2023,Bihar,MADHUBANI - BR32( 01-FEB-2018 ),2,HEAVY MOTOR VEHICLE,0,0,0,0,0,0,0,0,1,0,0,0,1
2023,Bihar,MADHUBANI - BR32( 01-FEB-2018 ),3,HEAVY PASSENGER VEHICLE,0,0,0,4,4,0,0,0,0,0,0,0,8
2023,Bihar,MADHUBANI - BR32( 01-FEB-2018 ),4,LIGHT GOODS VEHICLE,111,102,101,89,102,102,78,47,74,64,93,120,"1,083"
2023,Bihar,MADHUBANI - BR32( 01-FEB-2018 ),5,LIGHT MOTOR VEHICLE,39,63,97,57,91,76,86,48,59,96,158,148,"1,018"
2023,Bihar,MADHUBANI - BR32( 01-FEB-2018 ),6,LIGHT PASSENGER VEHICLE,5,3,12,12,6,8,7,0,8,4,5,5,75
2023,Bihar,MADHUBANI - BR32( 01-FEB-2018 ),7,MEDIUM GOODS VEHICLE,1,3,0,0,0,0,0,1,1,1,0,2,9
2023,Bihar,MADHUBANI - BR32( 01-FEB-2018 ),8,MEDIUM MOTOR VEHICLE,0,0,0,0,1,1,2,0,6,4,1,3,18
2023,Bihar,MADHUBANI - BR32( 01-FEB-2018 ),9,MEDIUM PASSENGER VEHICLE,0,0,2,4,2,0,4,1,1,1,0,0,15
2023,Bihar,MADHUBANI - BR32( 01-FEB-2018 ),10,OTHER THAN MENTIONED ABOVE,0,0,0,1,0,1,0,0,0,0,0,0,2
2023,Bihar,MADHUBANI - BR32( 01-FEB-2018 ),11,THREE WHEELER(T),61,63,108,59,106,111,144,109,113,167,130,155,"1,326"
2023,Bihar,MADHUBANI - BR32( 01-FEB-2018 ),12,TWO WHEELER(NT),"2,288","3,288","4,418","3,320","5,060","3,068","2,545","1,772","2,184","2,605","5,791","3,313","39,652"
2023,Bihar,MOTIHARI - BR5( 05-JUL-2017 ),1,HEAVY GOODS VEHICLE,0,3,1,2,0,3,1,1,3,3,0,2,19
2023,Bihar,MOTIHARI - BR5( 05-JUL-2017 ),2,HEAVY MOTOR VEHICLE,0,0,0,0,0,1,0,0,0,1,0,0,2
2023,Bihar,MOTIHARI - BR5( 05-JUL-2017 ),3,HEAVY PASSENGER VEHICLE,0,0,0,0,1,0,0,0,0,1,0,0,2
2023,Bihar,MOTIHARI - BR5( 05-JUL-2017 ),4,LIGHT GOODS VEHICLE,41,35,68,47,45,32,45,56,50,76,70,48,613
2023,Bihar,MOTIHARI - BR5( 05-JUL-2017 ),5,LIGHT MOTOR VEHICLE,362,378,399,319,369,345,334,232,269,345,431,262,"4,045"
2023,Bihar,MOTIHARI - BR5( 05-JUL-2017 ),6,LIGHT PASSENGER VEHICLE,3,5,9,6,18,13,11,4,13,13,0,3,98
2023,Bihar,MOTIHARI - BR5( 05-JUL-2017 ),7,MEDIUM GOODS VEHICLE,0,0,0,0,0,0,0,0,0,1,1,0,2
2023,Bihar,MOTIHARI - BR5( 05-JUL-2017 ),8,MEDIUM MOTOR VEHICLE,2,10,3,8,5,0,1,1,6,9,8,11,64
2023,Bihar,MOTIHARI - BR5( 05-JUL-2017 ),9,MEDIUM PASSENGER VEHICLE,0,2,4,0,0,0,2,0,1,3,0,0,12
2023,Bihar,MOTIHARI - BR5( 05-JUL-2017 ),10,OTHER THAN MENTIONED ABOVE,0,0,0,0,1,0,1,0,1,0,1,0,4
2023,Bihar,MOTIHARI - BR5( 05-JUL-2017 ),11,THREE WHEELER(T),172,205,234,252,270,328,370,356,383,474,384,382,"3,810"
2023,Bihar,MOTIHARI - BR5( 05-JUL-2017 ),12,TWO WHEELER (INVALID CARRIAGE),0,5,0,0,0,0,0,0,2,0,0,0,7
2023,Bihar,MOTIHARI - BR5( 05-JUL-2017 ),13,TWO WHEELER(NT),"3,237","3,638","5,518","4,327","5,828","3,889","3,457","2,790","2,970","3,316","7,606","5,859","52,435"
2023,Bihar,MUNGER - BR8( 06-FEB-2018 ),1,HEAVY GOODS VEHICLE,2,2,6,3,1,8,5,10,0,0,0,3,40
2023,Bihar,MUNGER - BR8( 06-FEB-2018 ),2,HEAVY MOTOR VEHICLE,0,0,0,0,1,0,0,0,0,0,0,0,1
2023,Bihar,MUNGER - BR8( 06-FEB-2018 ),3,HEAVY PASSENGER VEHICLE,0,0,0,0,1,0,0,0,0,0,0,2,3
2023,Bihar,MUNGER - BR8( 06-FEB-2018 ),4,LIGHT GOODS VEHICLE,22,30,30,30,28,36,43,33,16,18,24,27,337
2023,Bihar,MUNGER - BR8( 06-FEB-2018 ),5,LIGHT MOTOR VEHICLE,17,25,21,20,22,27,25,20,26,34,50,44,331
2023,Bihar,MUNGER - BR8( 06-FEB-2018 ),6,LIGHT PASSENGER VEHICLE,0,1,1,3,0,0,1,2,2,2,1,2,15
2023,Bihar,MUNGER - BR8( 06-FEB-2018 ),7,MEDIUM PASSENGER VEHICLE,0,0,0,0,0,0,0,0,0,0,0,1,1
2023,Bihar,MUNGER - BR8( 06-FEB-2018 ),8,OTHER THAN MENTIONED ABOVE,0,1,0,0,0,0,0,0,0,0,0,0,1
2023,Bihar,MUNGER - BR8( 06-FEB-2018 ),9,THREE WHEELER(T),88,58,73,50,134,86,124,102,115,132,112,89,"1,163"
2023,Bihar,MUNGER - BR8( 06-FEB-2018 ),10,TWO WHEELER(NT),438,585,703,760,"1,000",832,553,425,558,640,"1,394",858,"8,746"
2023,Bihar,MUZAFFARPUR - BR6( 01-FEB-2018 ),1,FOUR WHEELER (INVALID CARRIAGE),0,1,0,0,1,0,0,0,2,1,1,0,6
2023,Bihar,MUZAFFARPUR - BR6( 01-FEB-2018 ),2,HEAVY GOODS VEHICLE,58,61,56,67,80,51,61,59,76,67,43,82,761
2023,Bihar,MUZAFFARPUR - BR6( 01-FEB-2018 ),3,HEAVY MOTOR VEHICLE,0,0,1,1,1,0,0,0,1,1,1,0,6
2023,Bihar,MUZAFFARPUR - BR6( 01-FEB-2018 ),4,HEAVY PASSENGER VEHICLE,3,2,4,4,2,2,4,4,4,2,5,0,36
2023,Bihar,MUZAFFARPUR - BR6( 01-FEB-2018 ),5,LIGHT GOODS VEHICLE,194,159,169,120,140,132,143,120,182,117,174,141,"1,791"
2023,Bihar,MUZAFFARPUR - BR6( 01-FEB-2018 ),6,LIGHT MOTOR VEHICLE,871,719,896,723,900,810,597,551,651,776,"1,127",570,"9,191"
2023,Bihar,MUZAFFARPUR - BR6( 01-FEB-2018 ),7,LIGHT PASSENGER VEHICLE,31,14,20,28,24,10,13,19,24,24,20,18,245
2023,Bihar,MUZAFFARPUR - BR6( 01-FEB-2018 ),8,MEDIUM GOODS VEHICLE,3,4,5,7,3,2,0,1,4,1,4,2,36
2023,Bihar,MUZAFFARPUR - BR6( 01-FEB-2018 ),9,MEDIUM MOTOR VEHICLE,5,5,5,6,3,5,3,0,11,6,4,2,55
2023,Bihar,MUZAFFARPUR - BR6( 01-FEB-2018 ),10,MEDIUM PASSENGER VEHICLE,9,15,28,15,5,10,12,4,28,5,8,2,141
2023,Bihar,MUZAFFARPUR - BR6( 01-FEB-2018 ),11,OTHER THAN MENTIONED ABOVE,4,4,2,4,1,2,1,1,0,2,6,0,27
2023,Bihar,MUZAFFARPUR - BR6( 01-FEB-2018 ),12,THREE WHEELER(T),430,531,637,491,587,729,797,940,"1,101","1,452","1,126",831,"9,652"
2023,Bihar,MUZAFFARPUR - BR6( 01-FEB-2018 ),13,TWO WHEELER(NT),"4,482","4,566","6,924","6,245","9,499","6,561","4,983","4,065","4,844","5,485","10,295","6,771","74,720"
2023,Bihar,NALANDA - BR21( 01-FEB-2018 ),1,HEAVY GOODS VEHICLE,36,18,21,17,5,6,13,4,10,3,9,7,149
2023,Bihar,NALANDA - BR21( 01-FEB-2018 ),2,HEAVY PASSENGER VEHICLE,5,2,3,9,6,6,0,2,0,0,0,0,33
2023,Bihar,NALANDA - BR21( 01-FEB-2018 ),3,LIGHT GOODS VEHICLE,139,122,123,94,106,97,97,81,111,83,86,107,"1,246"
2023,Bihar,NALANDA - BR21( 01-FEB-2018 ),4,LIGHT MOTOR VEHICLE,63,60,68,46,56,56,53,45,59,60,89,46,701
2023,Bihar,NALANDA - BR21( 01-FEB-2018 ),5,LIGHT PASSENGER VEHICLE,4,1,5,6,3,7,4,5,8,3,1,6,53
2023,Bihar,NALANDA - BR21( 01-FEB-2018 ),6,MEDIUM GOODS VEHICLE,0,0,0,0,0,2,0,0,0,0,0,0,2
2023,Bihar,NALANDA - BR21( 01-FEB-2018 ),7,MEDIUM MOTOR VEHICLE,3,2,5,1,4,2,1,2,4,1,1,0,26
2023,Bihar,NALANDA - BR21( 01-FEB-2018 ),8,MEDIUM PASSENGER VEHICLE,1,5,1,2,0,10,4,3,7,1,4,0,38
2023,Bihar,NALANDA - BR21( 01-FEB-2018 ),9,OTHER THAN MENTIONED ABOVE,6,4,6,3,0,12,1,2,1,2,4,1,42
2023,Bihar,NALANDA - BR21( 01-FEB-2018 ),10,THREE WHEELER(T),242,196,206,185,220,193,362,286,355,377,308,503,"3,433"
2023,Bihar,NALANDA - BR21( 01-FEB-2018 ),11,TWO WHEELER(NT),"1,411","1,827","1,551","1,544","2,691","1,916","1,011",859,"1,416","1,067","2,563","1,220","19,076"
2023,Bihar,NAWADA - BR27( 30-JAN-2018 ),1,HEAVY GOODS VEHICLE,7,6,17,8,34,11,25,11,20,13,19,21,192
2023,Bihar,NAWADA - BR27( 30-JAN-2018 ),2,HEAVY PASSENGER VEHICLE,0,2,3,1,1,0,1,0,0,0,0,1,9
2023,Bihar,NAWADA - BR27( 30-JAN-2018 ),3,LIGHT GOODS VEHICLE,123,122,109,109,69,102,115,81,90,59,78,75,"1,132"
2023,Bihar,NAWADA - BR27( 30-JAN-2018 ),4,LIGHT MOTOR VEHICLE,84,75,76,69,72,89,116,71,91,68,105,69,985
2023,Bihar,NAWADA - BR27( 30-JAN-2018 ),5,LIGHT PASSENGER VEHICLE,0,0,2,5,4,1,2,5,1,4,2,7,33
2023,Bihar,NAWADA - BR27( 30-JAN-2018 ),6,MEDIUM GOODS VEHICLE,1,1,0,1,0,0,0,0,0,0,0,0,3
2023,Bihar,NAWADA - BR27( 30-JAN-2018 ),7,MEDIUM MOTOR VEHICLE,8,3,4,5,3,0,3,3,8,0,7,1,45
2023,Bihar,NAWADA - BR27( 30-JAN-2018 ),8,MEDIUM PASSENGER VEHICLE,1,1,3,0,2,1,3,1,1,1,2,0,16
2023,Bihar,NAWADA - BR27( 30-JAN-2018 ),9,OTHER THAN MENTIONED ABOVE,0,0,0,1,0,3,1,0,0,0,0,1,6
2023,Bihar,NAWADA - BR27( 30-JAN-2018 ),10,THREE WHEELER(T),128,175,87,108,188,169,190,158,310,367,218,312,"2,410"
2023,Bihar,NAWADA - BR27( 30-JAN-2018 ),11,TWO WHEELER(NT),864,"1,306","1,207","1,325","1,931","1,648","1,156",677,929,761,"1,599",762,"14,165"
2023,Bihar,PATNA - BR1( 02-FEB-2018 ),1,FOUR WHEELER (INVALID CARRIAGE),0,1,1,0,0,2,0,0,1,1,0,1,7
2023,Bihar,PATNA - BR1( 02-FEB-2018 ),2,HEAVY GOODS VEHICLE,116,88,153,155,120,86,83,79,110,142,115,97,"1,344"
2023,Bihar,PATNA - BR1( 02-FEB-2018 ),3,HEAVY MOTOR VEHICLE,9,7,14,12,14,15,7,8,4,13,10,12,125
2023,Bihar,PATNA - BR1( 02-FEB-2018 ),4,HEAVY PASSENGER VEHICLE,59,19,34,7,4,1,0,1,0,5,0,0,130
2023,Bihar,PATNA - BR1( 02-FEB-2018 ),5,LIGHT GOODS VEHICLE,508,450,520,448,471,462,415,377,466,547,590,464,"5,718"
2023,Bihar,PATNA - BR1( 02-FEB-2018 ),6,LIGHT MOTOR VEHICLE,"2,575","2,402","2,374","2,317","2,664","2,605","2,268","2,350","2,076","2,474","3,660","1,835","29,600"
2023,Bihar,PATNA - BR1( 02-FEB-2018 ),7,LIGHT PASSENGER VEHICLE,113,99,116,118,139,150,144,124,147,164,168,85,"1,567"
2023,Bihar,PATNA - BR1( 02-FEB-2018 ),8,MEDIUM GOODS VEHICLE,8,4,5,3,6,8,4,2,2,1,1,0,44
2023,Bihar,PATNA - BR1( 02-FEB-2018 ),9,MEDIUM MOTOR VEHICLE,8,16,22,8,16,15,7,9,18,15,17,23,174
2023,Bihar,PATNA - BR1( 02-FEB-2018 ),10,MEDIUM PASSENGER VEHICLE,2,11,35,16,4,2,4,3,15,10,9,14,125
2023,Bihar,PATNA - BR1( 02-FEB-2018 ),11,OTHER THAN MENTIONED ABOVE,5,12,12,7,15,16,4,2,8,10,13,3,107
2023,Bihar,PATNA - BR1( 02-FEB-2018 ),12,THREE WHEELER(T),"1,302","1,318","1,323","1,192","1,039","1,356","1,685","1,677","1,965","1,792","1,634","1,310","17,593"
2023,Bihar,PATNA - BR1( 02-FEB-2018 ),13,TWO WHEELER (INVALID CARRIAGE),0,0,3,0,0,0,0,0,0,0,0,0,3
2023,Bihar,PATNA - BR1( 02-FEB-2018 ),14,TWO WHEELER(NT),"6,655","7,224","8,136","8,182","11,455","8,005","6,398","6,052","7,412","7,518","14,473","6,789","98,299"
2023,Bihar,PATNA - BR1( 02-FEB-2018 ),15,TWO WHEELER(T),0,0,0,0,0,0,0,0,0,0,0,5,5
2023,Bihar,PURNEA - BR11( 23-JAN-2018 ),1,HEAVY GOODS VEHICLE,12,7,20,10,20,18,20,6,17,6,6,4,146
2023,Bihar,PURNEA - BR11( 23-JAN-2018 ),2,HEAVY MOTOR VEHICLE,0,0,0,0,2,1,1,0,1,0,0,0,5
2023,Bihar,PURNEA - BR11( 23-JAN-2018 ),3,HEAVY PASSENGER VEHICLE,1,3,3,5,0,0,0,1,0,0,0,0,13
2023,Bihar,PURNEA - BR11( 23-JAN-2018 ),4,LIGHT GOODS VEHICLE,238,165,257,230,248,247,248,184,180,168,175,166,"2,506"
2023,Bihar,PURNEA - BR11( 23-JAN-2018 ),5,LIGHT MOTOR VEHICLE,422,420,463,403,474,559,526,432,464,578,837,484,"6,062"
2023,Bihar,PURNEA - BR11( 23-JAN-2018 ),6,LIGHT PASSENGER VEHICLE,8,10,8,14,12,9,3,6,16,12,8,7,113
2023,Bihar,PURNEA - BR11( 23-JAN-2018 ),7,MEDIUM GOODS VEHICLE,0,0,0,0,0,2,0,1,0,0,1,1,5
2023,Bihar,PURNEA - BR11( 23-JAN-2018 ),8,MEDIUM MOTOR VEHICLE,28,21,17,21,21,32,9,9,26,24,28,18,254
2023,Bihar,PURNEA - BR11( 23-JAN-2018 ),9,MEDIUM PASSENGER VEHICLE,0,5,7,2,5,4,6,5,5,4,4,4,51
2023,Bihar,PURNEA - BR11( 23-JAN-2018 ),10,THREE WHEELER(T),210,254,334,214,198,242,428,510,558,532,419,467,"4,366"
2023,Bihar,PURNEA - BR11( 23-JAN-2018 ),11,TWO WHEELER(NT),"2,473","3,034","3,519","2,893","4,668","4,417","3,734","3,711","3,065","2,812","5,683","3,295","43,304"
2023,Bihar,ROHTAS - BR24( 09-FEB-2018 ),1,HEAVY GOODS VEHICLE,45,44,14,20,10,18,10,23,43,55,61,77,420
2023,Bihar,ROHTAS - BR24( 09-FEB-2018 ),2,HEAVY MOTOR VEHICLE,0,0,0,0,1,0,0,0,0,0,0,1,2
2023,Bihar,ROHTAS - BR24( 09-FEB-2018 ),3,HEAVY PASSENGER VEHICLE,0,1,2,0,0,1,0,0,0,0,0,0,4
2023,Bihar,ROHTAS - BR24( 09-FEB-2018 ),4,LIGHT GOODS VEHICLE,85,117,113,74,93,74,89,54,63,49,65,69,945
2023,Bihar,ROHTAS - BR24( 09-FEB-2018 ),5,LIGHT MOTOR VEHICLE,181,155,184,167,201,233,187,169,191,155,204,176,"2,203"
2023,Bihar,ROHTAS - BR24( 09-FEB-2018 ),6,LIGHT PASSENGER VEHICLE,1,2,5,5,4,0,3,9,5,4,4,4,46
2023,Bihar,ROHTAS - BR24( 09-FEB-2018 ),7,MEDIUM GOODS VEHICLE,0,0,0,0,0,0,0,1,0,0,1,0,2
2023,Bihar,ROHTAS - BR24( 09-FEB-2018 ),8,MEDIUM MOTOR VEHICLE,1,0,3,2,1,2,1,1,4,1,1,3,20
2023,Bihar,ROHTAS - BR24( 09-FEB-2018 ),9,MEDIUM PASSENGER VEHICLE,6,0,6,6,11,1,8,6,11,6,1,5,67
2023,Bihar,ROHTAS - BR24( 09-FEB-2018 ),10,OTHER THAN MENTIONED ABOVE,4,27,40,14,4,27,0,1,5,4,8,9,143
2023,Bihar,ROHTAS - BR24( 09-FEB-2018 ),11,THREE WHEELER(T),110,175,192,159,241,218,222,252,325,322,253,254,"2,723"
2023,Bihar,ROHTAS - BR24( 09-FEB-2018 ),12,TWO WHEELER(NT),"1,656","1,913","2,438","1,477","2,696","1,752","1,433","1,384","1,660","1,862","3,043","2,048","23,362"
2023,Bihar,SAHARSA - BR19( 29-JAN-2018 ),1,HEAVY GOODS VEHICLE,3,3,5,4,1,8,5,1,4,1,5,1,41
2023,Bihar,SAHARSA - BR19( 29-JAN-2018 ),2,HEAVY PASSENGER VEHICLE,0,0,1,0,0,0,0,0,0,0,1,0,2
2023,Bihar,SAHARSA - BR19( 29-JAN-2018 ),3,LIGHT GOODS VEHICLE,21,45,50,57,44,75,70,63,39,66,45,72,647
2023,Bihar,SAHARSA - BR19( 29-JAN-2018 ),4,LIGHT MOTOR VEHICLE,55,47,55,55,81,69,81,63,66,65,113,95,845
2023,Bihar,SAHARSA - BR19( 29-JAN-2018 ),5,LIGHT PASSENGER VEHICLE,3,7,7,2,3,5,5,8,4,3,5,5,57
2023,Bihar,SAHARSA - BR19( 29-JAN-2018 ),6,MEDIUM MOTOR VEHICLE,0,0,1,1,0,2,0,0,0,0,0,0,4
2023,Bihar,SAHARSA - BR19( 29-JAN-2018 ),7,MEDIUM PASSENGER VEHICLE,0,0,0,0,0,1,0,0,3,0,0,0,4
2023,Bihar,SAHARSA - BR19( 29-JAN-2018 ),8,OTHER THAN MENTIONED ABOVE,1,0,0,0,0,0,0,0,0,0,0,0,1
2023,Bihar,SAHARSA - BR19( 29-JAN-2018 ),9,THREE WHEELER(T),84,101,106,141,90,96,192,182,173,222,161,169,"1,717"
2023,Bihar,SAHARSA - BR19( 29-JAN-2018 ),10,TWO WHEELER(NT),788,"1,236","1,341","1,134","1,358","1,270","1,099",875,956,780,"1,989","1,759","14,585"
2023,Bihar,SAMASTIPUR - BR33( 06-JUL-2017 ),1,HEAVY GOODS VEHICLE,0,0,5,2,0,6,4,0,1,0,1,1,20
2023,Bihar,SAMASTIPUR - BR33( 06-JUL-2017 ),2,HEAVY MOTOR VEHICLE,0,0,0,0,0,1,0,0,0,0,0,1,2
2023,Bihar,SAMASTIPUR - BR33( 06-JUL-2017 ),3,HEAVY PASSENGER VEHICLE,1,1,5,2,0,0,0,0,0,0,4,1,14
2023,Bihar,SAMASTIPUR - BR33( 06-JUL-2017 ),4,LIGHT GOODS VEHICLE,35,66,101,71,57,53,38,48,79,45,82,39,714
2023,Bihar,SAMASTIPUR - BR33( 06-JUL-2017 ),5,LIGHT MOTOR VEHICLE,84,140,176,115,144,133,157,115,140,150,253,119,"1,726"
2023,Bihar,SAMASTIPUR - BR33( 06-JUL-2017 ),6,LIGHT PASSENGER VEHICLE,0,0,1,4,2,2,10,0,2,5,2,2,30
2023,Bihar,SAMASTIPUR - BR33( 06-JUL-2017 ),7,MEDIUM GOODS VEHICLE,0,0,0,0,0,0,1,0,0,0,1,0,2
2023,Bihar,SAMASTIPUR - BR33( 06-JUL-2017 ),8,MEDIUM MOTOR VEHICLE,1,0,2,1,0,0,0,0,3,0,1,1,9
2023,Bihar,SAMASTIPUR - BR33( 06-JUL-2017 ),9,MEDIUM PASSENGER VEHICLE,0,1,3,2,0,5,1,0,0,2,4,0,18
2023,Bihar,SAMASTIPUR - BR33( 06-JUL-2017 ),10,OTHER THAN MENTIONED ABOVE,0,1,0,0,0,0,0,0,0,0,0,0,1
2023,Bihar,SAMASTIPUR - BR33( 06-JUL-2017 ),11,THREE WHEELER(T),236,304,324,231,329,335,401,425,555,625,457,433,"4,655"
2023,Bihar,SAMASTIPUR - BR33( 06-JUL-2017 ),12,TWO WHEELER(NT),"2,380","2,754","3,528","3,514","5,838","4,200","3,263","1,891","3,052","2,749","7,843","5,431","46,443"
2023,Bihar,SHEIKHPURA - BR52( 17-JUL-2017 ),1,HEAVY GOODS VEHICLE,0,9,2,6,14,7,13,4,6,9,0,4,74
2023,Bihar,SHEIKHPURA - BR52( 17-JUL-2017 ),2,HEAVY MOTOR VEHICLE,0,0,0,1,0,0,0,0,0,0,0,0,1
2023,Bihar,SHEIKHPURA - BR52( 17-JUL-2017 ),3,HEAVY PASSENGER VEHICLE,0,1,0,0,0,0,0,0,0,0,0,0,1
2023,Bihar,SHEIKHPURA - BR52( 17-JUL-2017 ),4,LIGHT GOODS VEHICLE,14,89,69,73,48,47,53,35,42,33,34,71,608
2023,Bihar,SHEIKHPURA - BR52( 17-JUL-2017 ),5,LIGHT MOTOR VEHICLE,3,11,10,13,10,21,12,16,15,16,11,19,157
2023,Bihar,SHEIKHPURA - BR52( 17-JUL-2017 ),6,LIGHT PASSENGER VEHICLE,1,0,0,2,3,2,3,0,3,0,0,0,14
2023,Bihar,SHEIKHPURA - BR52( 17-JUL-2017 ),7,MEDIUM MOTOR VEHICLE,2,1,0,0,0,2,0,0,2,1,0,1,9
2023,Bihar,SHEIKHPURA - BR52( 17-JUL-2017 ),8,MEDIUM PASSENGER VEHICLE,0,0,0,3,0,0,1,1,0,0,0,0,5
2023,Bihar,SHEIKHPURA - BR52( 17-JUL-2017 ),9,THREE WHEELER(T),35,33,38,28,76,28,94,128,67,72,48,43,690
2023,Bihar,SHEIKHPURA - BR52( 17-JUL-2017 ),10,TWO WHEELER(NT),154,242,315,250,488,349,240,139,262,176,451,279,"3,345"
2023,Bihar,SHEOHAR - BR55( 07-JUN-2017 ),1,LIGHT GOODS VEHICLE,2,5,5,8,8,4,5,5,6,7,10,5,70
2023,Bihar,SHEOHAR - BR55( 07-JUN-2017 ),2,LIGHT MOTOR VEHICLE,9,6,15,9,11,13,20,8,6,7,16,20,140
2023,Bihar,SHEOHAR - BR55( 07-JUN-2017 ),3,LIGHT PASSENGER VEHICLE,2,0,2,0,1,0,1,0,0,0,0,0,6
2023,Bihar,SHEOHAR - BR55( 07-JUN-2017 ),4,MEDIUM MOTOR VEHICLE,1,0,1,0,0,0,0,0,0,0,1,0,3
2023,Bihar,SHEOHAR - BR55( 07-JUN-2017 ),5,OTHER THAN MENTIONED ABOVE,0,0,0,1,0,0,0,0,0,0,0,0,1
2023,Bihar,SHEOHAR - BR55( 07-JUN-2017 ),6,THREE WHEELER(T),1,4,2,0,30,9,5,5,35,19,12,15,137
2023,Bihar,SHEOHAR - BR55( 07-JUN-2017 ),7,TWO WHEELER(NT),238,204,321,258,478,155,226,187,170,313,530,252,"3,332"
2023,Bihar,SITAMARHI - BR30( 29-JAN-2018 ),1,HEAVY GOODS VEHICLE,0,0,0,0,2,0,0,7,0,0,0,1,10
2023,Bihar,SITAMARHI - BR30( 29-JAN-2018 ),2,HEAVY PASSENGER VEHICLE,2,2,2,2,0,0,2,0,0,0,0,0,10
2023,Bihar,SITAMARHI - BR30( 29-JAN-2018 ),3,LIGHT GOODS VEHICLE,25,39,26,13,21,30,27,29,23,17,22,36,308
2023,Bihar,SITAMARHI - BR30( 29-JAN-2018 ),4,LIGHT MOTOR VEHICLE,126,92,91,86,90,121,111,54,72,115,157,115,"1,230"
2023,Bihar,SITAMARHI - BR30( 29-JAN-2018 ),5,LIGHT PASSENGER VEHICLE,1,0,4,2,8,3,1,4,3,0,1,3,30
2023,Bihar,SITAMARHI - BR30( 29-JAN-2018 ),6,MEDIUM GOODS VEHICLE,0,0,0,0,2,0,1,0,0,0,0,0,3
2023,Bihar,SITAMARHI - BR30( 29-JAN-2018 ),7,MEDIUM MOTOR VEHICLE,1,2,2,1,1,2,2,0,7,4,7,1,30
2023,Bihar,SITAMARHI - BR30( 29-JAN-2018 ),8,MEDIUM PASSENGER VEHICLE,0,1,0,0,6,0,1,0,4,0,1,0,13
2023,Bihar,SITAMARHI - BR30( 29-JAN-2018 ),9,OTHER THAN MENTIONED ABOVE,0,0,1,0,0,0,0,0,1,0,0,0,2
2023,Bihar,SITAMARHI - BR30( 29-JAN-2018 ),10,THREE WHEELER(T),48,72,113,62,141,78,104,104,188,203,132,184,"1,429"
2023,Bihar,SITAMARHI - BR30( 29-JAN-2018 ),11,TWO WHEELER(NT),"1,946","2,580","2,891","2,396","3,689","2,082","2,029","1,779","1,528","2,040","4,531","2,684","30,175"
2023,Bihar,SIWAN - BR29( 29-JAN-2018 ),1,HEAVY GOODS VEHICLE,1,6,5,4,6,6,0,6,3,31,17,26,111
2023,Bihar,SIWAN - BR29( 29-JAN-2018 ),2,HEAVY PASSENGER VEHICLE,1,4,2,1,0,0,0,0,0,0,2,2,12
2023,Bihar,SIWAN - BR29( 29-JAN-2018 ),3,LIGHT GOODS VEHICLE,61,42,55,35,26,39,43,39,48,35,42,43,508
2023,Bihar,SIWAN - BR29( 29-JAN-2018 ),4,LIGHT MOTOR VEHICLE,237,267,293,206,346,302,213,190,184,220,301,171,"2,930"
2023,Bihar,SIWAN - BR29( 29-JAN-2018 ),5,LIGHT PASSENGER VEHICLE,3,7,5,5,9,11,5,3,4,5,3,2,62
2023,Bihar,SIWAN - BR29( 29-JAN-2018 ),6,MEDIUM MOTOR VEHICLE,2,0,3,5,1,1,0,0,2,4,6,0,24
2023,Bihar,SIWAN - BR29( 29-JAN-2018 ),7,MEDIUM PASSENGER VEHICLE,0,0,1,2,0,0,3,0,0,2,0,1,9
2023,Bihar,SIWAN - BR29( 29-JAN-2018 ),8,OTHER THAN MENTIONED ABOVE,0,0,2,2,5,1,0,0,0,0,1,0,11
2023,Bihar,SIWAN - BR29( 29-JAN-2018 ),9,THREE WHEELER(T),174,119,133,67,113,153,170,143,178,190,165,220,"1,825"
2023,Bihar,SIWAN - BR29( 29-JAN-2018 ),10,TWO WHEELER(NT),"2,032","2,713","2,532","2,419","5,057","3,553","1,709","1,503","1,476","1,710","4,340","2,981","32,025"
2023,Bihar,SUPAUL - BR50( 29-JAN-2018 ),1,HEAVY GOODS VEHICLE,4,3,6,3,3,4,0,0,0,6,0,1,30
2023,Bihar,SUPAUL - BR50( 29-JAN-2018 ),2,HEAVY MOTOR VEHICLE,0,0,1,0,0,0,0,0,0,0,0,0,1
2023,Bihar,SUPAUL - BR50( 29-JAN-2018 ),3,HEAVY PASSENGER VEHICLE,0,0,0,1,3,0,0,0,0,0,0,0,4
2023,Bihar,SUPAUL - BR50( 29-JAN-2018 ),4,LIGHT GOODS VEHICLE,95,67,75,63,62,89,80,61,60,66,80,104,902
2023,Bihar,SUPAUL - BR50( 29-JAN-2018 ),5,LIGHT MOTOR VEHICLE,78,70,119,95,99,134,85,58,76,97,156,98,"1,165"
2023,Bihar,SUPAUL - BR50( 29-JAN-2018 ),6,LIGHT PASSENGER VEHICLE,1,6,6,5,1,2,11,4,6,3,3,3,51
2023,Bihar,SUPAUL - BR50( 29-JAN-2018 ),7,MEDIUM GOODS VEHICLE,0,0,0,0,0,1,0,0,0,1,0,0,2
2023,Bihar,SUPAUL - BR50( 29-JAN-2018 ),8,MEDIUM MOTOR VEHICLE,0,1,0,0,0,0,0,0,1,1,0,1,4
2023,Bihar,SUPAUL - BR50( 29-JAN-2018 ),9,MEDIUM PASSENGER VEHICLE,0,1,2,1,3,0,2,0,5,4,1,0,19
2023,Bihar,SUPAUL - BR50( 29-JAN-2018 ),10,OTHER THAN MENTIONED ABOVE,0,0,1,0,0,0,0,0,0,0,0,0,1
2023,Bihar,SUPAUL - BR50( 29-JAN-2018 ),11,THREE WHEELER(T),134,234,188,110,153,173,198,251,286,313,283,281,"2,604"
2023,Bihar,SUPAUL - BR50( 29-JAN-2018 ),12,TWO WHEELER(NT),"2,240","3,391","3,481","2,272","3,169","2,282","2,241","2,399","2,323","1,379","5,310","2,935","33,422"
2023,Bihar,VAISHALI - BR31( 13-FEB-2018 ),1,HEAVY GOODS VEHICLE,4,1,3,2,2,0,1,7,2,4,3,1,30
2023,Bihar,VAISHALI - BR31( 13-FEB-2018 ),2,HEAVY MOTOR VEHICLE,0,1,0,1,1,0,0,0,0,0,0,1,4
2023,Bihar,VAISHALI - BR31( 13-FEB-2018 ),3,HEAVY PASSENGER VEHICLE,1,0,0,3,0,2,0,5,0,0,0,0,11
2023,Bihar,VAISHALI - BR31( 13-FEB-2018 ),4,LIGHT GOODS VEHICLE,83,110,100,77,75,49,51,50,70,50,75,43,833
2023,Bihar,VAISHALI - BR31( 13-FEB-2018 ),5,LIGHT MOTOR VEHICLE,166,151,149,118,205,174,145,115,95,99,204,108,"1,729"
2023,Bihar,VAISHALI - BR31( 13-FEB-2018 ),6,LIGHT PASSENGER VEHICLE,0,8,10,8,4,4,3,5,8,1,3,6,60
2023,Bihar,VAISHALI - BR31( 13-FEB-2018 ),7,MEDIUM MOTOR VEHICLE,5,1,6,4,5,1,2,1,6,3,3,2,39
2023,Bihar,VAISHALI - BR31( 13-FEB-2018 ),8,MEDIUM PASSENGER VEHICLE,0,0,0,3,2,0,2,3,0,0,2,0,12
2023,Bihar,VAISHALI - BR31( 13-FEB-2018 ),9,OTHER THAN MENTIONED ABOVE,0,0,0,0,1,0,0,0,0,0,1,0,2
2023,Bihar,VAISHALI - BR31( 13-FEB-2018 ),10,THREE WHEELER(T),281,295,271,278,290,335,480,456,503,492,399,392,"4,472"
2023,Bihar,VAISHALI - BR31( 13-FEB-2018 ),11,TWO WHEELER(NT),"2,154","2,458","2,503","2,694","4,310","2,871","2,110","1,744","2,297","2,198","5,911","2,438","33,688"
2022,Bihar,ARARIA - BR38( 30-JAN-2018 ),1,HEAVY GOODS VEHICLE,0,5,1,2,1,0,2,1,1,0,1,1,15
2022,Bihar,ARARIA - BR38( 30-JAN-2018 ),2,HEAVY MOTOR VEHICLE,0,0,0,0,0,0,0,0,0,1,0,0,1
2022,Bihar,ARARIA - BR38( 30-JAN-2018 ),3,HEAVY PASSENGER VEHICLE,0,0,4,0,0,0,0,0,0,0,0,0,4
2022,Bihar,ARARIA - BR38( 30-JAN-2018 ),4,LIGHT GOODS VEHICLE,83,70,89,60,65,145,126,68,91,134,104,84,"1,119"
2022,Bihar,ARARIA - BR38( 30-JAN-2018 ),5,LIGHT MOTOR VEHICLE,60,81,75,56,73,145,135,76,69,132,87,69,"1,058"
2022,Bihar,ARARIA - BR38( 30-JAN-2018 ),6,LIGHT PASSENGER VEHICLE,0,1,2,0,1,1,1,7,1,0,1,1,16
2022,Bihar,ARARIA - BR38( 30-JAN-2018 ),7,MEDIUM PASSENGER VEHICLE,0,2,0,0,0,1,0,0,0,0,0,0,3
2022,Bihar,ARARIA - BR38( 30-JAN-2018 ),8,OTHER THAN MENTIONED ABOVE,0,1,0,0,0,0,0,0,0,0,0,0,1
2022,Bihar,ARARIA - BR38( 30-JAN-2018 ),9,THREE WHEELER(T),66,64,98,50,63,63,109,88,98,143,88,129,"1,059"
2022,Bihar,ARARIA - BR38( 30-JAN-2018 ),10,TWO WHEELER(NT),"1,738","2,084","2,582","1,688","2,706","2,732","2,833","2,707","1,834","2,636","2,633","1,767","27,940"
2022,Bihar,ARAWAL - BR56( 22-MAY-2017 ),1,HEAVY GOODS VEHICLE,0,0,0,1,0,0,0,0,0,0,1,1,3
2022,Bihar,ARAWAL - BR56( 22-MAY-2017 ),2,HEAVY MOTOR VEHICLE,0,0,0,0,0,0,1,0,0,0,0,0,1
2022,Bihar,ARAWAL - BR56( 22-MAY-2017 ),3,LIGHT GOODS VEHICLE,54,36,46,13,22,41,34,23,24,19,35,17,364
2022,Bihar,ARAWAL - BR56( 22-MAY-2017 ),4,LIGHT MOTOR VEHICLE,38,9,13,2,8,21,8,13,9,14,13,7,155
2022,Bihar,ARAWAL - BR56( 22-MAY-2017 ),5,LIGHT PASSENGER VEHICLE,1,0,0,1,0,0,0,0,0,0,0,0,2
2022,Bihar,ARAWAL - BR56( 22-MAY-2017 ),6,MEDIUM MOTOR VEHICLE,0,0,0,0,0,0,0,0,1,0,1,1,3
2022,Bihar,ARAWAL - BR56( 22-MAY-2017 ),7,MEDIUM PASSENGER VEHICLE,0,0,0,0,0,1,0,0,0,0,0,1,2
2022,Bihar,ARAWAL - BR56( 22-MAY-2017 ),8,THREE WHEELER(T),2,6,5,1,4,3,3,1,5,2,1,5,38
2022,Bihar,ARAWAL - BR56( 22-MAY-2017 ),9,TWO WHEELER(NT),146,211,259,179,372,336,219,128,160,148,325,169,"2,652"
2022,Bihar,AURANGABAD - BR26( 13-JUN-2017 ),1,HEAVY GOODS VEHICLE,4,7,20,6,6,8,3,3,8,9,8,9,91
2022,Bihar,AURANGABAD - BR26( 13-JUN-2017 ),2,HEAVY MOTOR VEHICLE,1,0,0,0,0,0,1,0,0,1,0,0,3
2022,Bihar,AURANGABAD - BR26( 13-JUN-2017 ),3,HEAVY PASSENGER VEHICLE,2,0,4,2,1,1,0,3,1,1,2,1,18
2022,Bihar,AURANGABAD - BR26( 13-JUN-2017 ),4,LIGHT GOODS VEHICLE,90,135,134,89,103,68,74,83,74,80,103,99,"1,132"
2022,Bihar,AURANGABAD - BR26( 13-JUN-2017 ),5,LIGHT MOTOR VEHICLE,71,152,115,117,129,96,213,148,169,130,167,127,"1,634"
2022,Bihar,AURANGABAD - BR26( 13-JUN-2017 ),6,LIGHT PASSENGER VEHICLE,4,2,6,2,4,9,4,7,6,4,8,5,61
2022,Bihar,AURANGABAD - BR26( 13-JUN-2017 ),7,MEDIUM GOODS VEHICLE,0,0,0,0,0,0,0,0,1,0,0,0,1
2022,Bihar,AURANGABAD - BR26( 13-JUN-2017 ),8,MEDIUM MOTOR VEHICLE,9,6,4,3,0,5,1,9,3,3,0,3,46
2022,Bihar,AURANGABAD - BR26( 13-JUN-2017 ),9,MEDIUM PASSENGER VEHICLE,0,0,0,0,0,0,0,1,1,1,0,0,3
2022,Bihar,AURANGABAD - BR26( 13-JUN-2017 ),10,OTHER THAN MENTIONED ABOVE,1,3,0,0,2,1,0,0,1,2,1,9,20
2022,Bihar,AURANGABAD - BR26( 13-JUN-2017 ),11,THREE WHEELER(T),72,67,92,55,66,52,51,63,110,89,101,98,916
2022,Bihar,AURANGABAD - BR26( 13-JUN-2017 ),12,TWO WHEELER(NT),793,"1,062","1,533","2,002","2,203","1,000",676,703,799,"1,522","1,610",802,"14,705"
2022,Bihar,BANKA - BR51( 06-FEB-2018 ),1,HEAVY GOODS VEHICLE,0,1,0,2,0,5,1,1,0,1,0,2,13
2022,Bihar,BANKA - BR51( 06-FEB-2018 ),2,HEAVY PASSENGER VEHICLE,0,0,0,3,2,1,0,1,1,0,0,0,8
2022,Bihar,BANKA - BR51( 06-FEB-2018 ),3,LIGHT GOODS VEHICLE,105,56,129,30,109,198,193,139,45,47,58,31,"1,140"
2022,Bihar,BANKA - BR51( 06-FEB-2018 ),4,LIGHT MOTOR VEHICLE,12,15,20,23,20,13,27,21,15,17,19,8,210
2022,Bihar,BANKA - BR51( 06-FEB-2018 ),5,LIGHT PASSENGER VEHICLE,1,0,3,0,0,2,3,5,1,0,0,0,15
2022,Bihar,BANKA - BR51( 06-FEB-2018 ),6,MEDIUM MOTOR VEHICLE,0,0,1,0,0,1,0,1,0,0,0,0,3
2022,Bihar,BANKA - BR51( 06-FEB-2018 ),7,MEDIUM PASSENGER VEHICLE,0,1,1,2,0,1,2,1,0,0,0,0,8
2022,Bihar,BANKA - BR51( 06-FEB-2018 ),8,OTHER THAN MENTIONED ABOVE,0,1,0,0,0,0,0,0,0,0,0,0,1
2022,Bihar,BANKA - BR51( 06-FEB-2018 ),9,THREE WHEELER(T),36,54,47,27,30,48,69,57,88,79,73,78,686
2022,Bihar,BANKA - BR51( 06-FEB-2018 ),10,TWO WHEELER(NT),429,501,833,880,"1,257",819,642,459,408,667,956,376,"8,227"
2022,Bihar,BEGUSARAI - BR9( 23-JAN-2018 ),1,HEAVY GOODS VEHICLE,14,5,11,22,18,15,4,22,9,7,32,23,182
2022,Bihar,BEGUSARAI - BR9( 23-JAN-2018 ),2,HEAVY MOTOR VEHICLE,1,1,1,1,1,2,1,0,1,0,1,0,10
2022,Bihar,BEGUSARAI - BR9( 23-JAN-2018 ),3,HEAVY PASSENGER VEHICLE,0,0,0,3,1,2,0,2,0,0,0,0,8
2022,Bihar,BEGUSARAI - BR9( 23-JAN-2018 ),4,LIGHT GOODS VEHICLE,73,101,150,92,130,133,180,139,206,143,153,174,"1,674"
2022,Bihar,BEGUSARAI - BR9( 23-JAN-2018 ),5,LIGHT MOTOR VEHICLE,247,215,220,168,229,175,208,162,221,298,257,229,"2,629"
2022,Bihar,BEGUSARAI - BR9( 23-JAN-2018 ),6,LIGHT PASSENGER VEHICLE,3,7,4,5,8,7,10,19,7,2,3,5,80
2022,Bihar,BEGUSARAI - BR9( 23-JAN-2018 ),7,MEDIUM GOODS VEHICLE,2,1,0,1,0,2,0,3,1,0,0,1,11
2022,Bihar,BEGUSARAI - BR9( 23-JAN-2018 ),8,MEDIUM MOTOR VEHICLE,5,1,3,1,6,1,2,2,8,8,5,4,46
2022,Bihar,BEGUSARAI - BR9( 23-JAN-2018 ),9,MEDIUM PASSENGER VEHICLE,0,2,0,0,0,1,0,0,0,1,2,0,6
2022,Bihar,BEGUSARAI - BR9( 23-JAN-2018 ),10,OTHER THAN MENTIONED ABOVE,2,0,0,0,0,1,1,0,0,0,1,0,5
2022,Bihar,BEGUSARAI - BR9( 23-JAN-2018 ),11,THREE WHEELER(T),151,99,161,110,148,136,185,191,261,216,192,213,"2,063"
2022,Bihar,BEGUSARAI - BR9( 23-JAN-2018 ),12,TWO WHEELER(NT),"1,137","1,462","1,853","2,412","3,380","2,460","2,188","1,495","1,487","2,956","3,007","1,435","25,272"
2022,Bihar,BETTIAH - BR22( 22-SEP-2017 ),1,HEAVY GOODS VEHICLE,3,1,2,4,2,0,0,0,0,0,1,0,13
2022,Bihar,BETTIAH - BR22( 22-SEP-2017 ),2,HEAVY MOTOR VEHICLE,0,0,0,1,0,1,0,0,0,0,0,0,2
2022,Bihar,BETTIAH - BR22( 22-SEP-2017 ),3,HEAVY PASSENGER VEHICLE,0,0,0,0,0,1,1,0,0,0,1,1,4
2022,Bihar,BETTIAH - BR22( 22-SEP-2017 ),4,LIGHT GOODS VEHICLE,89,60,101,65,44,55,67,34,62,68,89,45,779
2022,Bihar,BETTIAH - BR22( 22-SEP-2017 ),5,LIGHT MOTOR VEHICLE,229,165,225,130,128,86,318,138,220,276,325,182,"2,422"
2022,Bihar,BETTIAH - BR22( 22-SEP-2017 ),6,LIGHT PASSENGER VEHICLE,0,0,2,3,2,1,3,1,2,2,1,0,17
2022,Bihar,BETTIAH - BR22( 22-SEP-2017 ),7,MEDIUM MOTOR VEHICLE,1,2,4,1,0,2,3,0,5,7,6,2,33
2022,Bihar,BETTIAH - BR22( 22-SEP-2017 ),8,MEDIUM PASSENGER VEHICLE,0,2,0,0,0,0,0,0,0,0,0,0,2
2022,Bihar,BETTIAH - BR22( 22-SEP-2017 ),9,OTHER THAN MENTIONED ABOVE,0,0,0,2,0,0,0,0,0,0,0,0,2
2022,Bihar,BETTIAH - BR22( 22-SEP-2017 ),10,THREE WHEELER(T),36,52,126,59,47,70,77,132,173,131,103,129,"1,135"
2022,Bihar,BETTIAH - BR22( 22-SEP-2017 ),11,TWO WHEELER (INVALID CARRIAGE),0,0,0,0,1,0,0,1,0,0,1,2,5
2022,Bihar,BETTIAH - BR22( 22-SEP-2017 ),12,TWO WHEELER(NT),"2,689","2,512","3,982","3,406","3,823","2,355","2,311","2,248","2,281","6,112","5,793","2,910","40,422"
2022,Bihar,BHABHUA - BR45( 23-JAN-2018 ),1,HEAVY GOODS VEHICLE,10,0,1,1,2,3,0,0,10,1,1,1,30
2022,Bihar,BHABHUA - BR45( 23-JAN-2018 ),2,HEAVY MOTOR VEHICLE,0,0,0,0,0,0,0,1,0,0,0,0,1
2022,Bihar,BHABHUA - BR45( 23-JAN-2018 ),3,HEAVY PASSENGER VEHICLE,4,0,0,0,0,0,0,1,0,0,3,0,8
2022,Bihar,BHABHUA - BR45( 23-JAN-2018 ),4,LIGHT GOODS VEHICLE,51,22,52,25,18,18,0,30,27,17,46,19,325
2022,Bihar,BHABHUA - BR45( 23-JAN-2018 ),5,LIGHT MOTOR VEHICLE,156,81,98,77,101,59,0,200,158,97,188,121,"1,336"
2022,Bihar,BHABHUA - BR45( 23-JAN-2018 ),6,LIGHT PASSENGER VEHICLE,0,0,3,5,2,0,0,0,2,1,2,0,15
2022,Bihar,BHABHUA - BR45( 23-JAN-2018 ),7,MEDIUM GOODS VEHICLE,1,0,1,0,0,0,0,0,0,0,0,0,2
2022,Bihar,BHABHUA - BR45( 23-JAN-2018 ),8,MEDIUM MOTOR VEHICLE,0,1,1,1,0,0,0,3,2,1,2,1,12
2022,Bihar,BHABHUA - BR45( 23-JAN-2018 ),9,MEDIUM PASSENGER VEHICLE,0,0,2,7,1,1,0,6,0,0,5,4,26
2022,Bihar,BHABHUA - BR45( 23-JAN-2018 ),10,OTHER THAN MENTIONED ABOVE,0,2,3,8,3,1,0,6,38,1,26,15,103
2022,Bihar,BHABHUA - BR45( 23-JAN-2018 ),11,THREE WHEELER(T),43,40,67,54,73,76,0,121,74,49,111,124,832
2022,Bihar,BHABHUA - BR45( 23-JAN-2018 ),12,TWO WHEELER(NT),570,644,966,710,833,753,0,921,835,672,"1,121",699,"8,724"
2022,Bihar,BHAGALPUR - BR10( 07-FEB-2018 ),1,HEAVY GOODS VEHICLE,34,54,33,52,52,65,24,42,20,26,19,8,429
2022,Bihar,BHAGALPUR - BR10( 07-FEB-2018 ),2,HEAVY MOTOR VEHICLE,0,0,0,0,0,0,0,0,1,0,0,0,1
2022,Bihar,BHAGALPUR - BR10( 07-FEB-2018 ),3,HEAVY PASSENGER VEHICLE,1,0,9,0,1,0,0,1,0,0,0,1,13
2022,Bihar,BHAGALPUR - BR10( 07-FEB-2018 ),4,LIGHT GOODS VEHICLE,178,135,115,146,172,174,92,252,164,217,221,111,"1,977"
2022,Bihar,BHAGALPUR - BR10( 07-FEB-2018 ),5,LIGHT MOTOR VEHICLE,168,215,203,176,225,212,96,278,211,307,243,164,"2,498"
2022,Bihar,BHAGALPUR - BR10( 07-FEB-2018 ),6,LIGHT PASSENGER VEHICLE,2,3,7,6,7,14,4,11,5,14,3,5,81
2022,Bihar,BHAGALPUR - BR10( 07-FEB-2018 ),7,MEDIUM GOODS VEHICLE,0,2,0,0,0,0,0,0,0,0,0,0,2
2022,Bihar,BHAGALPUR - BR10( 07-FEB-2018 ),8,MEDIUM MOTOR VEHICLE,2,0,0,0,1,0,0,0,0,0,0,0,3
2022,Bihar,BHAGALPUR - BR10( 07-FEB-2018 ),9,MEDIUM PASSENGER VEHICLE,0,1,1,3,0,1,0,7,3,0,4,0,20
2022,Bihar,BHAGALPUR - BR10( 07-FEB-2018 ),10,OTHER THAN MENTIONED ABOVE,0,0,0,0,0,1,0,0,1,0,0,0,2
2022,Bihar,BHAGALPUR - BR10( 07-FEB-2018 ),11,THREE WHEELER(T),288,291,278,270,294,345,189,595,787,468,483,416,"4,704"
2022,Bihar,BHAGALPUR - BR10( 07-FEB-2018 ),12,TWO WHEELER(NT),"1,123","1,582","1,753","1,950","2,422","2,246","1,124","2,482","1,496","2,412","2,856","1,453","22,899"
2022,Bihar,BHOJPUR - BR3( 15-FEB-2018 ),1,HEAVY GOODS VEHICLE,8,1,2,11,7,3,4,4,3,13,10,10,76
2022,Bihar,BHOJPUR - BR3( 15-FEB-2018 ),2,HEAVY PASSENGER VEHICLE,1,0,1,1,0,2,0,0,0,1,0,0,6
2022,Bihar,BHOJPUR - BR3( 15-FEB-2018 ),3,LIGHT GOODS VEHICLE,111,135,139,57,85,104,101,114,154,172,253,90,"1,515"
2022,Bihar,BHOJPUR - BR3( 15-FEB-2018 ),4,LIGHT MOTOR VEHICLE,52,70,90,49,75,64,82,57,104,101,114,65,923
2022,Bihar,BHOJPUR - BR3( 15-FEB-2018 ),5,LIGHT PASSENGER VEHICLE,0,6,2,4,1,3,3,3,2,2,3,2,31
2022,Bihar,BHOJPUR - BR3( 15-FEB-2018 ),6,MEDIUM GOODS VEHICLE,1,0,0,0,0,0,0,0,0,0,0,0,1
2022,Bihar,BHOJPUR - BR3( 15-FEB-2018 ),7,MEDIUM MOTOR VEHICLE,0,5,2,2,1,1,0,2,1,3,6,3,26
2022,Bihar,BHOJPUR - BR3( 15-FEB-2018 ),8,MEDIUM PASSENGER VEHICLE,0,0,0,1,2,0,0,6,2,1,1,0,13
2022,Bihar,BHOJPUR - BR3( 15-FEB-2018 ),9,OTHER THAN MENTIONED ABOVE,0,0,0,0,0,1,0,0,0,1,0,1,3
2022,Bihar,BHOJPUR - BR3( 15-FEB-2018 ),10,THREE WHEELER(T),33,33,46,36,45,50,45,29,86,57,99,94,653
2022,Bihar,BHOJPUR - BR3( 15-FEB-2018 ),11,TWO WHEELER(NT),"1,162","1,533","1,835","1,752","2,769","1,858","1,391","1,112","1,215","1,691","2,781","1,457","20,556"
2022,Bihar,BUXUR - BR44( 01-FEB-2018 ),1,HEAVY GOODS VEHICLE,8,1,2,11,7,3,4,4,3,13,10,10,76
2022,Bihar,BUXUR - BR44( 01-FEB-2018 ),2,HEAVY PASSENGER VEHICLE,1,0,1,1,0,2,0,0,0,1,0,0,6
2022,Bihar,BUXUR - BR44( 01-FEB-2018 ),3,LIGHT GOODS VEHICLE,111,135,139,57,85,104,101,114,154,172,253,90,"1,515"
2022,Bihar,BUXUR - BR44( 01-FEB-2018 ),4,LIGHT MOTOR VEHICLE,52,70,90,49,75,64,82,57,104,101,114,65,923
2022,Bihar,BUXUR - BR44( 01-FEB-2018 ),5,LIGHT PASSENGER VEHICLE,0,6,2,4,1,3,3,3,2,2,3,2,31
2022,Bihar,BUXUR - BR44( 01-FEB-2018 ),6,MEDIUM GOODS VEHICLE,1,0,0,0,0,0,0,0,0,0,0,0,1
2022,Bihar,BUXUR - BR44( 01-FEB-2018 ),7,MEDIUM MOTOR VEHICLE,0,5,2,2,1,1,0,2,1,3,6,3,26
2022,Bihar,BUXUR - BR44( 01-FEB-2018 ),8,MEDIUM PASSENGER VEHICLE,0,0,0,1,2,0,0,6,2,1,1,0,13
2022,Bihar,BUXUR - BR44( 01-FEB-2018 ),9,OTHER THAN MENTIONED ABOVE,0,0,0,0,0,1,0,0,0,1,0,1,3
2022,Bihar,BUXUR - BR44( 01-FEB-2018 ),10,THREE WHEELER(T),33,33,46,36,45,50,45,29,86,57,99,94,653
2022,Bihar,BUXUR - BR44( 01-FEB-2018 ),11,TWO WHEELER(NT),"1,162","1,533","1,835","1,752","2,769","1,858","1,391","1,112","1,215","1,691","2,781","1,457","20,556"
2022,Bihar,CHAPARA - BR4( 29-JAN-2018 ),1,HEAVY GOODS VEHICLE,2,0,8,3,4,7,5,1,1,4,2,3,40
2022,Bihar,CHAPARA - BR4( 29-JAN-2018 ),2,HEAVY PASSENGER VEHICLE,1,0,1,0,5,3,2,4,2,1,5,2,26
2022,Bihar,CHAPARA - BR4( 29-JAN-2018 ),3,LIGHT GOODS VEHICLE,148,74,236,150,146,122,135,134,253,227,273,130,"2,028"
2022,Bihar,CHAPARA - BR4( 29-JAN-2018 ),4,LIGHT MOTOR VEHICLE,108,54,171,92,121,121,111,76,126,160,173,118,"1,431"
2022,Bihar,CHAPARA - BR4( 29-JAN-2018 ),5,LIGHT PASSENGER VEHICLE,3,2,3,3,1,2,4,3,0,3,3,1,28
2022,Bihar,CHAPARA - BR4( 29-JAN-2018 ),6,MEDIUM MOTOR VEHICLE,2,0,0,3,6,2,1,0,5,8,2,3,32
2022,Bihar,CHAPARA - BR4( 29-JAN-2018 ),7,MEDIUM PASSENGER VEHICLE,1,0,0,0,0,1,1,1,1,2,1,2,10
2022,Bihar,CHAPARA - BR4( 29-JAN-2018 ),8,OTHER THAN MENTIONED ABOVE,0,0,0,1,0,0,1,2,0,0,1,1,6
2022,Bihar,CHAPARA - BR4( 29-JAN-2018 ),9,THREE WHEELER(T),123,42,164,84,108,93,157,176,239,205,165,168,"1,724"
2022,Bihar,CHAPARA - BR4( 29-JAN-2018 ),10,TWO WHEELER(NT),"1,656",934,"3,380","2,659","4,058","3,320","1,632","1,233","1,238","2,916","3,231","1,599","27,856"
2022,Bihar,DARBHANGA - BR7( 30-JAN-2018 ),1,HEAVY GOODS VEHICLE,2,2,3,7,4,2,4,3,1,3,2,0,33
2022,Bihar,DARBHANGA - BR7( 30-JAN-2018 ),2,HEAVY PASSENGER VEHICLE,0,0,2,0,0,1,0,1,0,4,5,0,13
2022,Bihar,DARBHANGA - BR7( 30-JAN-2018 ),3,LIGHT GOODS VEHICLE,108,121,156,126,121,91,122,98,140,143,141,135,"1,502"
2022,Bihar,DARBHANGA - BR7( 30-JAN-2018 ),4,LIGHT MOTOR VEHICLE,259,177,269,194,228,231,221,216,254,418,364,237,"3,068"
2022,Bihar,DARBHANGA - BR7( 30-JAN-2018 ),5,LIGHT PASSENGER VEHICLE,7,6,9,11,18,7,13,9,13,9,9,2,113
2022,Bihar,DARBHANGA - BR7( 30-JAN-2018 ),6,MEDIUM GOODS VEHICLE,2,3,5,4,4,2,5,2,7,4,6,5,49
2022,Bihar,DARBHANGA - BR7( 30-JAN-2018 ),7,MEDIUM MOTOR VEHICLE,0,0,0,0,0,0,0,0,1,1,6,3,11
2022,Bihar,DARBHANGA - BR7( 30-JAN-2018 ),8,MEDIUM PASSENGER VEHICLE,1,1,0,1,0,2,1,0,7,0,1,0,14
2022,Bihar,DARBHANGA - BR7( 30-JAN-2018 ),9,THREE WHEELER(T),136,158,214,102,151,130,157,194,261,247,212,256,"2,218"
2022,Bihar,DARBHANGA - BR7( 30-JAN-2018 ),10,TWO WHEELER(NT),"1,811","2,386","3,053","3,399","5,317","3,065","2,484","2,177","1,939","2,478","4,960","2,090","35,159"
2022,Bihar,GAYA - BR2( 06-SEP-2017 ),1,HEAVY GOODS VEHICLE,21,25,27,38,33,27,51,25,24,24,50,25,370
2022,Bihar,GAYA - BR2( 06-SEP-2017 ),2,HEAVY MOTOR VEHICLE,0,0,0,1,3,4,1,0,0,0,0,0,9
2022,Bihar,GAYA - BR2( 06-SEP-2017 ),3,HEAVY PASSENGER VEHICLE,10,7,6,9,5,9,7,8,3,11,1,9,85
2022,Bihar,GAYA - BR2( 06-SEP-2017 ),4,LIGHT GOODS VEHICLE,199,138,189,124,82,100,124,131,165,129,162,148,"1,691"
2022,Bihar,GAYA - BR2( 06-SEP-2017 ),5,LIGHT MOTOR VEHICLE,541,540,460,484,418,384,471,435,470,608,512,412,"5,735"
2022,Bihar,GAYA - BR2( 06-SEP-2017 ),6,LIGHT PASSENGER VEHICLE,5,2,6,9,4,10,11,8,8,8,9,5,85
2022,Bihar,GAYA - BR2( 06-SEP-2017 ),7,MEDIUM GOODS VEHICLE,0,0,0,0,4,0,0,0,1,1,0,2,8
2022,Bihar,GAYA - BR2( 06-SEP-2017 ),8,MEDIUM MOTOR VEHICLE,6,1,2,2,1,8,5,3,9,8,8,4,57
2022,Bihar,GAYA - BR2( 06-SEP-2017 ),9,MEDIUM PASSENGER VEHICLE,0,1,0,1,1,0,0,1,3,0,0,3,10
2022,Bihar,GAYA - BR2( 06-SEP-2017 ),10,OTHER THAN MENTIONED ABOVE,0,0,1,1,1,0,0,0,1,2,1,2,9
2022,Bihar,GAYA - BR2( 06-SEP-2017 ),11,THREE WHEELER(T),380,224,306,248,257,270,289,421,504,420,496,478,"4,293"
2022,Bihar,GAYA - BR2( 06-SEP-2017 ),12,TWO WHEELER(NT),"2,177","2,438","3,338","5,073","5,589","2,894","2,494","1,866","2,262","3,923","3,283","2,064","37,401"
2022,Bihar,GOPALGANJ - BR28( 08-JUN-2017 ),1,HEAVY GOODS VEHICLE,1,0,6,5,3,3,4,4,5,9,2,2,44
2022,Bihar,GOPALGANJ - BR28( 08-JUN-2017 ),2,HEAVY PASSENGER VEHICLE,1,0,1,0,0,0,0,1,1,1,2,4,11
2022,Bihar,GOPALGANJ - BR28( 08-JUN-2017 ),3,LIGHT GOODS VEHICLE,22,30,54,24,20,37,21,33,29,46,19,18,353
2022,Bihar,GOPALGANJ - BR28( 08-JUN-2017 ),4,LIGHT MOTOR VEHICLE,136,112,207,151,213,138,176,113,235,177,236,150,"2,044"
2022,Bihar,GOPALGANJ - BR28( 08-JUN-2017 ),5,LIGHT PASSENGER VEHICLE,0,0,4,0,5,3,3,2,1,2,2,1,23
2022,Bihar,GOPALGANJ - BR28( 08-JUN-2017 ),6,MEDIUM MOTOR VEHICLE,1,2,1,8,1,1,0,1,3,3,5,2,28
2022,Bihar,GOPALGANJ - BR28( 08-JUN-2017 ),7,MEDIUM PASSENGER VEHICLE,0,0,0,0,1,0,0,0,0,0,1,0,2
2022,Bihar,GOPALGANJ - BR28( 08-JUN-2017 ),8,OTHER THAN MENTIONED ABOVE,2,0,0,0,0,2,1,1,0,0,0,16,22
2022,Bihar,GOPALGANJ - BR28( 08-JUN-2017 ),9,THREE WHEELER(T),54,24,104,57,60,77,95,76,152,94,91,101,985
2022,Bihar,GOPALGANJ - BR28( 08-JUN-2017 ),10,TWO WHEELER(NT),"1,011",639,"1,936","1,457","2,028","1,793",968,764,768,"1,218","2,078","1,482","16,142"
2022,Bihar,JAMUI - BR46( 07-JUN-2017 ),1,HEAVY GOODS VEHICLE,0,0,0,0,1,1,0,0,0,0,2,2,6
2022,Bihar,JAMUI - BR46( 07-JUN-2017 ),2,HEAVY MOTOR VEHICLE,0,0,1,0,0,1,1,0,0,0,0,0,3
2022,Bihar,JAMUI - BR46( 07-JUN-2017 ),3,HEAVY PASSENGER VEHICLE,0,0,0,2,0,0,0,1,0,0,0,0,3
2022,Bihar,JAMUI - BR46( 07-JUN-2017 ),4,LIGHT GOODS VEHICLE,57,27,56,30,54,27,57,98,54,67,79,34,640
2022,Bihar,JAMUI - BR46( 07-JUN-2017 ),5,LIGHT MOTOR VEHICLE,38,13,40,27,32,25,28,27,17,25,24,9,305
2022,Bihar,JAMUI - BR46( 07-JUN-2017 ),6,LIGHT PASSENGER VEHICLE,1,0,5,1,0,1,1,4,1,2,1,2,19
2022,Bihar,JAMUI - BR46( 07-JUN-2017 ),7,MEDIUM MOTOR VEHICLE,5,0,3,0,0,0,0,0,0,1,0,0,9
2022,Bihar,JAMUI - BR46( 07-JUN-2017 ),8,MEDIUM PASSENGER VEHICLE,0,0,0,0,2,1,0,2,0,0,0,0,5
2022,Bihar,JAMUI - BR46( 07-JUN-2017 ),9,OTHER THAN MENTIONED ABOVE,0,2,0,0,0,0,0,0,0,0,0,0,2
2022,Bihar,JAMUI - BR46( 07-JUN-2017 ),10,THREE WHEELER(T),85,45,127,49,65,62,115,100,109,126,83,91,"1,057"
2022,Bihar,JAMUI - BR46( 07-JUN-2017 ),11,TWO WHEELER(NT),655,466,"1,401","1,190","1,931","1,123","1,132",892,676,928,"1,648",887,"12,929"
2022,Bihar,JEHANABAD - BR25( 26-MAY-2017 ),1,HEAVY GOODS VEHICLE,4,14,1,8,15,14,5,7,5,3,6,1,83
2022,Bihar,JEHANABAD - BR25( 26-MAY-2017 ),2,HEAVY PASSENGER VEHICLE,0,0,1,0,0,0,0,0,0,0,3,1,5
2022,Bihar,JEHANABAD - BR25( 26-MAY-2017 ),3,LIGHT GOODS VEHICLE,46,28,39,22,23,30,9,75,54,46,37,13,422
2022,Bihar,JEHANABAD - BR25( 26-MAY-2017 ),4,LIGHT MOTOR VEHICLE,6,4,7,3,8,6,0,5,11,14,9,1,74
2022,Bihar,JEHANABAD - BR25( 26-MAY-2017 ),5,LIGHT PASSENGER VEHICLE,0,0,0,0,0,1,0,0,0,1,1,0,3
2022,Bihar,JEHANABAD - BR25( 26-MAY-2017 ),6,MEDIUM MOTOR VEHICLE,0,3,1,1,1,2,1,0,1,2,2,1,15
2022,Bihar,JEHANABAD - BR25( 26-MAY-2017 ),7,MEDIUM PASSENGER VEHICLE,0,1,1,0,2,0,1,1,0,1,0,0,7
2022,Bihar,JEHANABAD - BR25( 26-MAY-2017 ),8,THREE WHEELER(T),41,43,57,46,20,39,37,72,110,52,88,50,655
2022,Bihar,JEHANABAD - BR25( 26-MAY-2017 ),9,TWO WHEELER(NT),278,415,524,857,"1,214",531,286,388,266,403,560,283,"6,005"
2022,Bihar,KATIHAR - BR39( 23-JAN-2018 ),1,HEAVY GOODS VEHICLE,0,0,1,0,1,1,0,0,1,1,1,1,7
2022,Bihar,KATIHAR - BR39( 23-JAN-2018 ),2,HEAVY MOTOR VEHICLE,0,0,1,1,0,0,1,0,0,1,0,0,4
2022,Bihar,KATIHAR - BR39( 23-JAN-2018 ),3,HEAVY PASSENGER VEHICLE,0,0,1,0,0,1,0,0,0,0,0,0,2
2022,Bihar,KATIHAR - BR39( 23-JAN-2018 ),4,LIGHT GOODS VEHICLE,62,56,120,51,82,99,109,48,79,58,100,68,932
2022,Bihar,KATIHAR - BR39( 23-JAN-2018 ),5,LIGHT MOTOR VEHICLE,17,23,24,15,42,26,30,24,18,34,30,22,305
2022,Bihar,KATIHAR - BR39( 23-JAN-2018 ),6,LIGHT PASSENGER VEHICLE,0,1,3,0,1,0,1,1,2,0,4,0,13
2022,Bihar,KATIHAR - BR39( 23-JAN-2018 ),7,MEDIUM PASSENGER VEHICLE,0,0,0,0,0,0,0,0,0,1,0,0,1
2022,Bihar,KATIHAR - BR39( 23-JAN-2018 ),8,OTHER THAN MENTIONED ABOVE,0,0,0,1,0,0,1,0,0,0,1,0,3
2022,Bihar,KATIHAR - BR39( 23-JAN-2018 ),9,THREE WHEELER(T),68,82,83,47,69,73,86,77,81,133,79,101,979
2022,Bihar,KATIHAR - BR39( 23-JAN-2018 ),10,TWO WHEELER(NT),"1,516","1,914","2,803","1,608","2,703","2,687","2,855","2,362","1,660","2,577","2,654","1,882","27,221"
2022,Bihar,KHAGARIA - BR34( 01-FEB-2018 ),1,HEAVY GOODS VEHICLE,0,0,0,0,4,0,0,1,0,0,0,0,5
2022,Bihar,KHAGARIA - BR34( 01-FEB-2018 ),2,HEAVY PASSENGER VEHICLE,0,0,0,0,5,0,0,0,0,0,0,1,6
2022,Bihar,KHAGARIA - BR34( 01-FEB-2018 ),3,LIGHT GOODS VEHICLE,45,24,33,29,51,76,60,40,62,59,60,50,589
2022,Bihar,KHAGARIA - BR34( 01-FEB-2018 ),4,LIGHT MOTOR VEHICLE,35,23,76,69,79,122,36,35,69,70,84,58,756
2022,Bihar,KHAGARIA - BR34( 01-FEB-2018 ),5,LIGHT PASSENGER VEHICLE,0,1,0,2,0,1,3,0,4,0,2,0,13
2022,Bihar,KHAGARIA - BR34( 01-FEB-2018 ),6,MEDIUM PASSENGER VEHICLE,0,0,0,0,1,0,0,0,0,0,1,0,2
2022,Bihar,KHAGARIA - BR34( 01-FEB-2018 ),7,OTHER THAN MENTIONED ABOVE,0,0,1,0,0,0,0,0,0,0,0,0,1
2022,Bihar,KHAGARIA - BR34( 01-FEB-2018 ),8,THREE WHEELER(T),35,11,25,13,17,37,39,46,54,54,48,71,450
2022,Bihar,KHAGARIA - BR34( 01-FEB-2018 ),9,TWO WHEELER(NT),587,569,"1,187",922,"1,435","1,219","1,096",727,695,"1,505","1,336",767,"12,045"
2022,Bihar,KISHANGANJ - BR37( 07-FEB-2018 ),1,HEAVY GOODS VEHICLE,0,0,21,15,2,0,2,2,4,1,6,3,56
2022,Bihar,KISHANGANJ - BR37( 07-FEB-2018 ),2,HEAVY MOTOR VEHICLE,0,0,0,0,0,1,0,0,0,0,0,0,1
2022,Bihar,KISHANGANJ - BR37( 07-FEB-2018 ),3,HEAVY PASSENGER VEHICLE,0,0,0,0,1,0,0,1,0,0,0,1,3
2022,Bihar,KISHANGANJ - BR37( 07-FEB-2018 ),4,LIGHT GOODS VEHICLE,37,24,74,37,37,61,85,40,57,41,67,41,601
2022,Bihar,KISHANGANJ - BR37( 07-FEB-2018 ),5,LIGHT MOTOR VEHICLE,33,59,65,41,56,34,48,26,19,34,50,46,511
2022,Bihar,KISHANGANJ - BR37( 07-FEB-2018 ),6,LIGHT PASSENGER VEHICLE,3,0,1,0,2,3,0,1,0,0,0,3,13
2022,Bihar,KISHANGANJ - BR37( 07-FEB-2018 ),7,MEDIUM PASSENGER VEHICLE,0,0,0,0,0,0,0,0,1,0,0,0,1
2022,Bihar,KISHANGANJ - BR37( 07-FEB-2018 ),8,OTHER THAN MENTIONED ABOVE,0,0,2,0,0,0,0,0,0,0,0,0,2
2022,Bihar,KISHANGANJ - BR37( 07-FEB-2018 ),9,THREE WHEELER(T),28,29,44,43,31,28,10,21,45,46,38,53,416
2022,Bihar,KISHANGANJ - BR37( 07-FEB-2018 ),10,TWO WHEELER(NT),"1,393","2,149","4,149","1,422","2,575","1,770","1,937","1,448","1,013","1,462","1,501","1,371","22,190"
2022,Bihar,LAKHISARAI - BR53( 27-JAN-2017 ),1,HEAVY GOODS VEHICLE,6,3,10,10,13,5,6,0,0,0,0,2,55
2022,Bihar,LAKHISARAI - BR53( 27-JAN-2017 ),2,HEAVY PASSENGER VEHICLE,0,0,0,0,0,0,0,0,0,0,0,1,1
2022,Bihar,LAKHISARAI - BR53( 27-JAN-2017 ),3,LIGHT GOODS VEHICLE,36,63,46,35,20,20,53,45,21,34,20,11,404
2022,Bihar,LAKHISARAI - BR53( 27-JAN-2017 ),4,LIGHT MOTOR VEHICLE,18,17,23,23,22,17,15,8,17,19,19,6,204
2022,Bihar,LAKHISARAI - BR53( 27-JAN-2017 ),5,LIGHT PASSENGER VEHICLE,4,2,3,1,2,0,1,1,0,1,2,1,18
2022,Bihar,LAKHISARAI - BR53( 27-JAN-2017 ),6,MEDIUM MOTOR VEHICLE,1,0,0,0,0,0,0,0,0,0,0,0,1
2022,Bihar,LAKHISARAI - BR53( 27-JAN-2017 ),7,MEDIUM PASSENGER VEHICLE,0,0,0,0,0,0,0,0,0,0,1,0,1
2022,Bihar,LAKHISARAI - BR53( 27-JAN-2017 ),8,THREE WHEELER(T),51,52,84,38,59,33,62,59,77,51,67,91,724
2022,Bihar,LAKHISARAI - BR53( 27-JAN-2017 ),9,TWO WHEELER(NT),207,273,415,410,698,226,338,241,226,374,617,275,"4,300"
2022,Bihar,MADHEPURA - BR43( 02-JUN-2017 ),1,HEAVY GOODS VEHICLE,6,0,0,0,2,12,0,1,0,0,0,0,21
2022,Bihar,MADHEPURA - BR43( 02-JUN-2017 ),2,HEAVY MOTOR VEHICLE,0,0,0,0,1,0,0,0,0,0,0,0,1
2022,Bihar,MADHEPURA - BR43( 02-JUN-2017 ),3,HEAVY PASSENGER VEHICLE,0,0,1,0,0,1,0,2,0,1,0,0,5
2022,Bihar,MADHEPURA - BR43( 02-JUN-2017 ),4,LIGHT GOODS VEHICLE,58,66,52,35,67,133,122,69,118,86,68,62,936
2022,Bihar,MADHEPURA - BR43( 02-JUN-2017 ),5,LIGHT MOTOR VEHICLE,27,34,30,52,99,125,110,101,159,151,203,88,"1,179"
2022,Bihar,MADHEPURA - BR43( 02-JUN-2017 ),6,LIGHT PASSENGER VEHICLE,1,5,2,0,1,0,3,4,1,1,0,1,19
2022,Bihar,MADHEPURA - BR43( 02-JUN-2017 ),7,MEDIUM GOODS VEHICLE,0,0,0,0,1,0,0,0,0,0,0,0,1
2022,Bihar,MADHEPURA - BR43( 02-JUN-2017 ),8,MEDIUM MOTOR VEHICLE,0,0,0,1,0,0,0,0,1,0,1,0,3
2022,Bihar,MADHEPURA - BR43( 02-JUN-2017 ),9,MEDIUM PASSENGER VEHICLE,2,1,1,1,0,0,1,0,2,0,2,0,10
2022,Bihar,MADHEPURA - BR43( 02-JUN-2017 ),10,THREE WHEELER(T),66,44,62,32,46,48,57,32,136,90,163,189,965
2022,Bihar,MADHEPURA - BR43( 02-JUN-2017 ),11,TWO WHEELER(NT),"1,543","1,369","2,220","1,413","2,085","2,322","2,051","1,897","1,406","1,566","3,953","1,494","23,319"
2022,Bihar,MADHUBANI - BR32( 01-FEB-2018 ),1,HEAVY GOODS VEHICLE,1,1,1,1,1,2,0,0,0,0,2,0,9
2022,Bihar,MADHUBANI - BR32( 01-FEB-2018 ),2,HEAVY PASSENGER VEHICLE,0,0,0,0,1,0,0,1,0,0,0,0,2
2022,Bihar,MADHUBANI - BR32( 01-FEB-2018 ),3,LIGHT GOODS VEHICLE,98,70,157,76,73,107,115,87,118,111,173,143,"1,328"
2022,Bihar,MADHUBANI - BR32( 01-FEB-2018 ),4,LIGHT MOTOR VEHICLE,35,42,31,39,24,41,32,22,36,44,33,42,421
2022,Bihar,MADHUBANI - BR32( 01-FEB-2018 ),5,LIGHT PASSENGER VEHICLE,4,4,6,4,4,3,3,1,4,5,1,1,40
2022,Bihar,MADHUBANI - BR32( 01-FEB-2018 ),6,MEDIUM GOODS VEHICLE,0,0,3,1,0,0,0,0,1,0,1,1,7
2022,Bihar,MADHUBANI - BR32( 01-FEB-2018 ),7,MEDIUM MOTOR VEHICLE,0,0,0,0,0,0,0,0,0,1,0,1,2
2022,Bihar,MADHUBANI - BR32( 01-FEB-2018 ),8,MEDIUM PASSENGER VEHICLE,0,0,0,0,1,4,1,2,1,1,0,0,10
2022,Bihar,MADHUBANI - BR32( 01-FEB-2018 ),9,THREE WHEELER(T),38,56,85,27,48,45,45,48,88,46,67,97,690
2022,Bihar,MADHUBANI - BR32( 01-FEB-2018 ),10,TWO WHEELER(NT),"1,729","2,542","2,554","3,654","4,336","2,757","2,066","2,242","1,756","2,877","3,659","2,355","32,527"
2022,Bihar,MOTIHARI - BR5( 05-JUL-2017 ),1,HEAVY GOODS VEHICLE,1,2,7,2,4,0,1,0,1,0,5,0,23
2022,Bihar,MOTIHARI - BR5( 05-JUL-2017 ),2,HEAVY PASSENGER VEHICLE,0,0,0,1,1,4,1,0,0,2,0,0,9
2022,Bihar,MOTIHARI - BR5( 05-JUL-2017 ),3,LIGHT GOODS VEHICLE,37,36,57,44,37,25,48,35,65,78,56,45,563
2022,Bihar,MOTIHARI - BR5( 05-JUL-2017 ),4,LIGHT MOTOR VEHICLE,298,371,340,279,198,155,431,252,384,425,487,311,"3,931"
2022,Bihar,MOTIHARI - BR5( 05-JUL-2017 ),5,LIGHT PASSENGER VEHICLE,3,2,6,2,2,7,2,4,1,3,1,4,37
2022,Bihar,MOTIHARI - BR5( 05-JUL-2017 ),6,MEDIUM MOTOR VEHICLE,2,2,1,6,0,1,4,0,4,7,7,5,39
2022,Bihar,MOTIHARI - BR5( 05-JUL-2017 ),7,MEDIUM PASSENGER VEHICLE,0,0,0,0,0,2,3,1,1,0,1,1,9
2022,Bihar,MOTIHARI - BR5( 05-JUL-2017 ),8,OTHER THAN MENTIONED ABOVE,0,0,1,0,0,0,0,0,1,0,1,0,3
2022,Bihar,MOTIHARI - BR5( 05-JUL-2017 ),9,THREE WHEELER(T),106,140,173,103,132,116,121,175,159,203,243,221,"1,892"
2022,Bihar,MOTIHARI - BR5( 05-JUL-2017 ),10,TWO WHEELER (INVALID CARRIAGE),0,0,0,0,0,0,0,0,0,0,0,1,1
2022,Bihar,MOTIHARI - BR5( 05-JUL-2017 ),11,TWO WHEELER(NT),"2,678","3,156","3,794","4,520","4,957","3,993","3,339","2,787","2,647","3,454","7,463","4,255","47,043"
2022,Bihar,MUNGER - BR8( 06-FEB-2018 ),1,HEAVY GOODS VEHICLE,1,2,3,5,3,6,1,1,0,4,0,0,26
2022,Bihar,MUNGER - BR8( 06-FEB-2018 ),2,HEAVY MOTOR VEHICLE,0,0,0,0,0,0,0,0,0,0,1,0,1
2022,Bihar,MUNGER - BR8( 06-FEB-2018 ),3,HEAVY PASSENGER VEHICLE,0,0,0,1,0,0,0,0,0,0,0,0,1
2022,Bihar,MUNGER - BR8( 06-FEB-2018 ),4,LIGHT GOODS VEHICLE,18,20,33,12,17,34,24,58,30,31,48,19,344
2022,Bihar,MUNGER - BR8( 06-FEB-2018 ),5,LIGHT MOTOR VEHICLE,17,23,26,16,17,20,26,24,20,25,25,19,258
2022,Bihar,MUNGER - BR8( 06-FEB-2018 ),6,LIGHT PASSENGER VEHICLE,1,0,2,0,3,0,1,0,4,1,1,0,13
2022,Bihar,MUNGER - BR8( 06-FEB-2018 ),7,MEDIUM GOODS VEHICLE,0,0,0,0,0,0,0,0,0,0,1,0,1
2022,Bihar,MUNGER - BR8( 06-FEB-2018 ),8,MEDIUM MOTOR VEHICLE,1,0,1,0,0,0,0,0,0,0,0,0,2
2022,Bihar,MUNGER - BR8( 06-FEB-2018 ),9,OTHER THAN MENTIONED ABOVE,1,0,0,0,0,0,0,0,0,0,0,0,1
2022,Bihar,MUNGER - BR8( 06-FEB-2018 ),10,THREE WHEELER(T),52,54,75,40,57,58,55,122,153,104,104,111,985
2022,Bihar,MUNGER - BR8( 06-FEB-2018 ),11,TWO WHEELER(NT),410,460,695,705,632,745,737,566,432,836,995,565,"7,778"
2022,Bihar,MUZAFFARPUR - BR6( 01-FEB-2018 ),1,FOUR WHEELER (INVALID CARRIAGE),0,0,1,0,0,0,2,0,0,0,0,0,3
2022,Bihar,MUZAFFARPUR - BR6( 01-FEB-2018 ),2,HEAVY GOODS VEHICLE,16,27,50,76,44,48,24,41,49,57,44,34,510
2022,Bihar,MUZAFFARPUR - BR6( 01-FEB-2018 ),3,HEAVY PASSENGER VEHICLE,7,7,10,10,18,1,7,2,3,3,9,1,78
2022,Bihar,MUZAFFARPUR - BR6( 01-FEB-2018 ),4,LIGHT GOODS VEHICLE,152,143,169,147,150,153,178,145,236,184,160,187,"2,004"
2022,Bihar,MUZAFFARPUR - BR6( 01-FEB-2018 ),5,LIGHT MOTOR VEHICLE,753,830,876,867,843,736,783,586,763,"1,018",956,620,"9,631"
2022,Bihar,MUZAFFARPUR - BR6( 01-FEB-2018 ),6,LIGHT PASSENGER VEHICLE,9,10,14,41,16,20,25,23,12,5,16,17,208
2022,Bihar,MUZAFFARPUR - BR6( 01-FEB-2018 ),7,MEDIUM GOODS VEHICLE,2,3,13,6,3,6,9,4,2,3,3,3,57
2022,Bihar,MUZAFFARPUR - BR6( 01-FEB-2018 ),8,MEDIUM MOTOR VEHICLE,4,6,7,0,8,3,5,0,10,13,12,3,71
2022,Bihar,MUZAFFARPUR - BR6( 01-FEB-2018 ),9,MEDIUM PASSENGER VEHICLE,0,2,6,8,2,8,14,3,17,8,2,11,81
2022,Bihar,MUZAFFARPUR - BR6( 01-FEB-2018 ),10,OTHER THAN MENTIONED ABOVE,4,0,0,2,0,0,2,1,6,1,1,1,18
2022,Bihar,MUZAFFARPUR - BR6( 01-FEB-2018 ),11,THREE WHEELER(T),115,173,235,218,232,249,350,384,508,529,408,432,"3,833"
2022,Bihar,MUZAFFARPUR - BR6( 01-FEB-2018 ),12,TWO WHEELER(NT),"3,411","4,669","5,485","6,243","8,601","5,300","4,733","4,016","3,995","7,027","8,158","3,610","65,248"
2022,Bihar,NALANDA - BR21( 01-FEB-2018 ),1,FOUR WHEELER (INVALID CARRIAGE),0,0,0,0,0,0,0,0,0,0,0,1,1
2022,Bihar,NALANDA - BR21( 01-FEB-2018 ),2,HEAVY GOODS VEHICLE,0,5,10,2,5,4,8,17,24,14,30,22,141
2022,Bihar,NALANDA - BR21( 01-FEB-2018 ),3,HEAVY MOTOR VEHICLE,0,0,0,0,0,0,0,0,1,0,0,0,1
2022,Bihar,NALANDA - BR21( 01-FEB-2018 ),4,HEAVY PASSENGER VEHICLE,1,4,4,8,2,4,4,4,2,0,4,4,41
2022,Bihar,NALANDA - BR21( 01-FEB-2018 ),5,LIGHT GOODS VEHICLE,124,134,133,113,130,89,133,98,137,85,151,115,"1,442"
2022,Bihar,NALANDA - BR21( 01-FEB-2018 ),6,LIGHT MOTOR VEHICLE,49,77,91,50,79,55,65,43,61,72,55,35,732
2022,Bihar,NALANDA - BR21( 01-FEB-2018 ),7,LIGHT PASSENGER VEHICLE,5,6,0,5,4,4,4,11,4,3,1,0,47
2022,Bihar,NALANDA - BR21( 01-FEB-2018 ),8,MEDIUM GOODS VEHICLE,0,0,1,0,0,0,0,0,0,0,0,0,1
2022,Bihar,NALANDA - BR21( 01-FEB-2018 ),9,MEDIUM MOTOR VEHICLE,4,4,0,1,1,8,5,0,2,2,5,0,32
2022,Bihar,NALANDA - BR21( 01-FEB-2018 ),10,MEDIUM PASSENGER VEHICLE,0,2,3,0,2,0,1,1,2,0,1,0,12
2022,Bihar,NALANDA - BR21( 01-FEB-2018 ),11,OTHER THAN MENTIONED ABOVE,0,2,1,1,0,0,0,0,2,0,4,15,25
2022,Bihar,NALANDA - BR21( 01-FEB-2018 ),12,THREE WHEELER(T),156,178,242,121,154,163,256,209,286,196,228,235,"2,424"
2022,Bihar,NALANDA - BR21( 01-FEB-2018 ),13,TWO WHEELER(NT),973,"1,224","1,574","2,294","3,139","1,507","1,024","1,049","1,187","1,996","1,549",991,"18,507"
2022,Bihar,NAWADA - BR27( 30-JAN-2018 ),1,HEAVY GOODS VEHICLE,11,16,22,16,2,14,4,10,1,3,11,9,119
2022,Bihar,NAWADA - BR27( 30-JAN-2018 ),2,HEAVY MOTOR VEHICLE,0,1,0,0,1,0,0,0,0,0,1,0,3
2022,Bihar,NAWADA - BR27( 30-JAN-2018 ),3,HEAVY PASSENGER VEHICLE,1,1,1,1,0,1,5,0,6,0,0,0,16
2022,Bihar,NAWADA - BR27( 30-JAN-2018 ),4,LIGHT GOODS VEHICLE,85,58,93,77,47,42,86,88,163,175,145,105,"1,164"
2022,Bihar,NAWADA - BR27( 30-JAN-2018 ),5,LIGHT MOTOR VEHICLE,48,87,94,79,67,70,66,57,129,196,130,91,"1,114"
2022,Bihar,NAWADA - BR27( 30-JAN-2018 ),6,LIGHT PASSENGER VEHICLE,0,0,2,2,4,5,5,2,3,2,3,2,30
2022,Bihar,NAWADA - BR27( 30-JAN-2018 ),7,MEDIUM GOODS VEHICLE,0,0,1,0,0,0,0,0,1,0,0,0,2
2022,Bihar,NAWADA - BR27( 30-JAN-2018 ),8,MEDIUM MOTOR VEHICLE,11,6,3,4,1,5,6,5,4,6,2,1,54
2022,Bihar,NAWADA - BR27( 30-JAN-2018 ),9,MEDIUM PASSENGER VEHICLE,0,1,0,1,0,1,0,2,0,0,0,1,6
2022,Bihar,NAWADA - BR27( 30-JAN-2018 ),10,OTHER THAN MENTIONED ABOVE,0,1,1,0,0,1,0,1,0,0,0,2,6
2022,Bihar,NAWADA - BR27( 30-JAN-2018 ),11,THREE WHEELER(T),105,61,128,60,94,81,98,147,149,161,171,196,"1,451"
2022,Bihar,NAWADA - BR27( 30-JAN-2018 ),12,TWO WHEELER(NT),573,804,872,"1,499","1,907",985,"2,157",572,717,"1,260",930,637,"12,913"
2022,Bihar,PATNA - BR1( 02-FEB-2018 ),1,FOUR WHEELER (INVALID CARRIAGE),2,0,0,0,2,2,0,0,1,2,0,1,10
2022,Bihar,PATNA - BR1( 02-FEB-2018 ),2,HEAVY GOODS VEHICLE,91,43,100,106,70,133,46,83,101,88,129,95,"1,085"
2022,Bihar,PATNA - BR1( 02-FEB-2018 ),3,HEAVY MOTOR VEHICLE,2,4,3,7,9,14,12,10,8,6,8,8,91
2022,Bihar,PATNA - BR1( 02-FEB-2018 ),4,HEAVY PASSENGER VEHICLE,6,1,18,16,12,12,22,14,5,22,24,15,167
2022,Bihar,PATNA - BR1( 02-FEB-2018 ),5,LIGHT GOODS VEHICLE,511,445,624,563,479,526,679,459,692,674,722,409,"6,783"
2022,Bihar,PATNA - BR1( 02-FEB-2018 ),6,LIGHT MOTOR VEHICLE,"2,289","1,958","2,523","2,598","2,594","2,234","2,011","1,825","2,015","3,012","2,242","1,744","27,045"
2022,Bihar,PATNA - BR1( 02-FEB-2018 ),7,LIGHT PASSENGER VEHICLE,92,88,165,117,118,398,343,584,199,122,126,97,"2,449"
2022,Bihar,PATNA - BR1( 02-FEB-2018 ),8,MEDIUM GOODS VEHICLE,5,1,1,9,8,3,6,8,12,2,2,5,62
2022,Bihar,PATNA - BR1( 02-FEB-2018 ),9,MEDIUM MOTOR VEHICLE,10,13,13,13,10,15,13,10,22,13,22,3,157
2022,Bihar,PATNA - BR1( 02-FEB-2018 ),10,MEDIUM PASSENGER VEHICLE,1,0,6,1,2,19,3,5,5,3,6,1,52
2022,Bihar,PATNA - BR1( 02-FEB-2018 ),11,OTHER THAN MENTIONED ABOVE,17,17,2,4,4,3,2,7,10,2,8,8,84
2022,Bihar,PATNA - BR1( 02-FEB-2018 ),12,THREE WHEELER(T),"1,195","1,141","1,495","1,221","1,245","1,281","1,600","1,898","2,531","1,769","1,603","1,451","18,430"
2022,Bihar,PATNA - BR1( 02-FEB-2018 ),13,TWO WHEELER (INVALID CARRIAGE),0,0,0,0,0,1,1,0,0,0,0,0,2
2022,Bihar,PATNA - BR1( 02-FEB-2018 ),14,TWO WHEELER(NT),"5,181","5,802","7,862","8,567","10,489","7,386","6,415","6,299","6,381","10,742","9,459","5,199","89,782"
2022,Bihar,PURNEA - BR11( 23-JAN-2018 ),1,HEAVY GOODS VEHICLE,8,8,4,17,9,7,6,6,4,4,5,11,89
2022,Bihar,PURNEA - BR11( 23-JAN-2018 ),2,HEAVY PASSENGER VEHICLE,3,2,0,0,1,3,0,4,3,0,2,2,20
2022,Bihar,PURNEA - BR11( 23-JAN-2018 ),3,LIGHT GOODS VEHICLE,173,159,201,140,215,238,351,242,237,288,301,228,"2,773"
2022,Bihar,PURNEA - BR11( 23-JAN-2018 ),4,LIGHT MOTOR VEHICLE,544,473,467,351,451,385,443,310,489,576,477,417,"5,383"
2022,Bihar,PURNEA - BR11( 23-JAN-2018 ),5,LIGHT PASSENGER VEHICLE,4,4,5,9,6,6,10,9,10,7,2,8,80
2022,Bihar,PURNEA - BR11( 23-JAN-2018 ),6,MEDIUM GOODS VEHICLE,0,0,0,0,0,0,0,0,0,0,0,2,2
2022,Bihar,PURNEA - BR11( 23-JAN-2018 ),7,MEDIUM MOTOR VEHICLE,29,21,16,15,21,19,17,9,29,24,31,26,257
2022,Bihar,PURNEA - BR11( 23-JAN-2018 ),8,MEDIUM PASSENGER VEHICLE,0,0,0,1,1,0,0,0,1,0,2,3,8
2022,Bihar,PURNEA - BR11( 23-JAN-2018 ),9,OTHER THAN MENTIONED ABOVE,1,0,0,0,0,0,0,0,0,0,0,0,1
2022,Bihar,PURNEA - BR11( 23-JAN-2018 ),10,THREE WHEELER(T),175,113,179,170,166,211,258,257,447,301,223,280,"2,780"
2022,Bihar,PURNEA - BR11( 23-JAN-2018 ),11,TWO WHEELER(NT),"2,147","2,406","3,339","2,186","3,639","3,598","3,716","3,399","2,567","3,539","3,570","2,773","36,879"
2022,Bihar,ROHTAS - BR24( 09-FEB-2018 ),1,FOUR WHEELER (INVALID CARRIAGE),0,0,0,0,0,1,0,0,0,0,0,0,1
2022,Bihar,ROHTAS - BR24( 09-FEB-2018 ),2,HEAVY GOODS VEHICLE,5,26,18,7,7,9,4,7,4,12,11,7,117
2022,Bihar,ROHTAS - BR24( 09-FEB-2018 ),3,HEAVY PASSENGER VEHICLE,0,1,0,0,1,4,0,1,1,0,0,0,8
2022,Bihar,ROHTAS - BR24( 09-FEB-2018 ),4,LIGHT GOODS VEHICLE,126,142,118,87,111,73,83,50,86,79,131,61,"1,147"
2022,Bihar,ROHTAS - BR24( 09-FEB-2018 ),5,LIGHT MOTOR VEHICLE,131,152,209,106,203,141,200,112,183,197,179,154,"1,967"
2022,Bihar,ROHTAS - BR24( 09-FEB-2018 ),6,LIGHT PASSENGER VEHICLE,2,4,1,0,4,0,3,1,4,5,3,4,31
2022,Bihar,ROHTAS - BR24( 09-FEB-2018 ),7,MEDIUM GOODS VEHICLE,1,0,0,0,0,0,0,0,0,0,0,0,1
2022,Bihar,ROHTAS - BR24( 09-FEB-2018 ),8,MEDIUM MOTOR VEHICLE,0,1,0,1,3,2,3,0,0,1,1,0,12
2022,Bihar,ROHTAS - BR24( 09-FEB-2018 ),9,MEDIUM PASSENGER VEHICLE,3,1,0,0,2,1,1,0,1,0,0,0,9
2022,Bihar,ROHTAS - BR24( 09-FEB-2018 ),10,OTHER THAN MENTIONED ABOVE,4,1,1,7,0,0,22,3,10,17,24,34,123
2022,Bihar,ROHTAS - BR24( 09-FEB-2018 ),11,THREE WHEELER(T),41,86,98,37,97,84,184,145,147,117,183,172,"1,391"
2022,Bihar,ROHTAS - BR24( 09-FEB-2018 ),12,TWO WHEELER(NT),"1,399","1,742","1,935","1,509","3,722","1,653","1,423","1,194","1,136","2,288","2,636","1,528","22,165"
2022,Bihar,SAHARSA - BR19( 29-JAN-2018 ),1,HEAVY GOODS VEHICLE,2,3,2,2,2,2,0,0,5,1,24,6,49
2022,Bihar,SAHARSA - BR19( 29-JAN-2018 ),2,HEAVY PASSENGER VEHICLE,0,2,1,0,0,0,0,0,1,1,3,0,8
2022,Bihar,SAHARSA - BR19( 29-JAN-2018 ),3,LIGHT GOODS VEHICLE,87,50,63,62,56,58,0,82,88,53,73,72,744
2022,Bihar,SAHARSA - BR19( 29-JAN-2018 ),4,LIGHT MOTOR VEHICLE,47,59,56,77,61,113,0,78,55,90,96,69,801
2022,Bihar,SAHARSA - BR19( 29-JAN-2018 ),5,LIGHT PASSENGER VEHICLE,7,7,6,4,10,4,0,13,16,7,4,4,82
2022,Bihar,SAHARSA - BR19( 29-JAN-2018 ),6,MEDIUM GOODS VEHICLE,0,3,3,1,0,0,0,0,0,1,0,0,8
2022,Bihar,SAHARSA - BR19( 29-JAN-2018 ),7,MEDIUM MOTOR VEHICLE,0,0,3,0,0,1,0,0,0,0,1,0,5
2022,Bihar,SAHARSA - BR19( 29-JAN-2018 ),8,MEDIUM PASSENGER VEHICLE,0,0,1,0,2,0,0,1,2,0,0,1,7
2022,Bihar,SAHARSA - BR19( 29-JAN-2018 ),9,THREE WHEELER(T),80,71,92,50,58,48,0,55,160,92,102,143,951
2022,Bihar,SAHARSA - BR19( 29-JAN-2018 ),10,TWO WHEELER(NT),760,979,"1,224","1,204","1,377","1,282",0,"1,668",950,873,"2,270",993,"13,580"
2022,Bihar,SAMASTIPUR - BR33( 06-JUL-2017 ),1,HEAVY GOODS VEHICLE,0,1,0,2,2,3,0,1,3,0,1,1,14
2022,Bihar,SAMASTIPUR - BR33( 06-JUL-2017 ),2,HEAVY PASSENGER VEHICLE,2,0,0,0,1,2,0,0,1,0,0,0,6
2022,Bihar,SAMASTIPUR - BR33( 06-JUL-2017 ),3,LIGHT GOODS VEHICLE,73,62,77,35,65,114,0,105,76,75,83,53,818
2022,Bihar,SAMASTIPUR - BR33( 06-JUL-2017 ),4,LIGHT MOTOR VEHICLE,123,138,106,85,146,189,0,240,180,195,178,118,"1,698"
2022,Bihar,SAMASTIPUR - BR33( 06-JUL-2017 ),5,LIGHT PASSENGER VEHICLE,3,3,2,4,4,4,0,6,4,1,0,2,33
2022,Bihar,SAMASTIPUR - BR33( 06-JUL-2017 ),6,MEDIUM GOODS VEHICLE,0,0,0,0,0,1,0,0,0,0,0,0,1
2022,Bihar,SAMASTIPUR - BR33( 06-JUL-2017 ),7,MEDIUM MOTOR VEHICLE,0,0,2,0,0,0,0,0,0,2,1,0,5
2022,Bihar,SAMASTIPUR - BR33( 06-JUL-2017 ),8,MEDIUM PASSENGER VEHICLE,0,0,0,0,0,1,0,0,1,1,1,1,5
2022,Bihar,SAMASTIPUR - BR33( 06-JUL-2017 ),9,OTHER THAN MENTIONED ABOVE,0,0,0,0,1,0,0,0,0,0,0,0,1
2022,Bihar,SAMASTIPUR - BR33( 06-JUL-2017 ),10,THREE WHEELER(T),128,185,223,177,273,251,0,482,499,337,243,272,"3,070"
2022,Bihar,SAMASTIPUR - BR33( 06-JUL-2017 ),11,TWO WHEELER(NT),"2,045","2,005","3,188","3,477","5,233","3,449",0,"5,698","2,180","3,086","6,491","2,789","39,641"
2022,Bihar,SHEIKHPURA - BR52( 17-JUL-2017 ),1,HEAVY GOODS VEHICLE,0,1,2,11,13,0,0,1,1,1,4,0,34
2022,Bihar,SHEIKHPURA - BR52( 17-JUL-2017 ),2,HEAVY PASSENGER VEHICLE,0,0,1,0,1,1,0,1,0,0,2,0,6
2022,Bihar,SHEIKHPURA - BR52( 17-JUL-2017 ),3,LIGHT GOODS VEHICLE,10,21,58,51,34,39,7,57,85,41,42,8,453
2022,Bihar,SHEIKHPURA - BR52( 17-JUL-2017 ),4,LIGHT MOTOR VEHICLE,4,9,14,23,7,3,0,12,5,10,10,4,101
2022,Bihar,SHEIKHPURA - BR52( 17-JUL-2017 ),5,LIGHT PASSENGER VEHICLE,0,0,1,1,1,2,3,1,1,3,0,0,13
2022,Bihar,SHEIKHPURA - BR52( 17-JUL-2017 ),6,MEDIUM GOODS VEHICLE,0,0,0,0,0,0,0,0,1,0,0,0,1
2022,Bihar,SHEIKHPURA - BR52( 17-JUL-2017 ),7,MEDIUM MOTOR VEHICLE,0,0,0,2,0,0,0,1,1,2,1,1,8
2022,Bihar,SHEIKHPURA - BR52( 17-JUL-2017 ),8,MEDIUM PASSENGER VEHICLE,0,0,0,0,0,0,0,1,0,0,1,0,2
2022,Bihar,SHEIKHPURA - BR52( 17-JUL-2017 ),9,OTHER THAN MENTIONED ABOVE,1,0,0,0,0,0,0,0,0,0,0,0,1
2022,Bihar,SHEIKHPURA - BR52( 17-JUL-2017 ),10,THREE WHEELER(T),19,12,56,29,42,53,21,56,94,49,55,20,506
2022,Bihar,SHEIKHPURA - BR52( 17-JUL-2017 ),11,TWO WHEELER(NT),138,218,293,314,484,281,62,269,198,201,341,173,"2,972"
2022,Bihar,SHEOHAR - BR55( 07-JUN-2017 ),1,LIGHT GOODS VEHICLE,5,10,11,4,7,8,1,20,3,1,2,10,82
2022,Bihar,SHEOHAR - BR55( 07-JUN-2017 ),2,LIGHT MOTOR VEHICLE,5,6,9,6,6,11,3,13,5,4,12,23,103
2022,Bihar,SHEOHAR - BR55( 07-JUN-2017 ),3,LIGHT PASSENGER VEHICLE,2,0,2,0,0,0,0,0,0,0,0,0,4
2022,Bihar,SHEOHAR - BR55( 07-JUN-2017 ),4,MEDIUM MOTOR VEHICLE,0,0,0,0,0,1,0,0,0,0,0,0,1
2022,Bihar,SHEOHAR - BR55( 07-JUN-2017 ),5,THREE WHEELER(T),0,1,4,0,4,0,3,0,5,2,5,1,25
2022,Bihar,SHEOHAR - BR55( 07-JUN-2017 ),6,TWO WHEELER(NT),96,314,211,241,230,437,190,180,191,285,424,218,"3,017"
2022,Bihar,SITAMARHI - BR30( 29-JAN-2018 ),1,HEAVY GOODS VEHICLE,1,1,0,2,1,0,0,0,0,3,0,1,9
2022,Bihar,SITAMARHI - BR30( 29-JAN-2018 ),2,HEAVY PASSENGER VEHICLE,2,0,2,0,2,2,0,0,0,2,0,0,10
2022,Bihar,SITAMARHI - BR30( 29-JAN-2018 ),3,LIGHT GOODS VEHICLE,32,23,46,23,16,26,22,33,20,24,36,25,326
2022,Bihar,SITAMARHI - BR30( 29-JAN-2018 ),4,LIGHT MOTOR VEHICLE,50,70,261,40,34,57,50,92,99,130,214,115,"1,212"
2022,Bihar,SITAMARHI - BR30( 29-JAN-2018 ),5,LIGHT PASSENGER VEHICLE,2,2,5,1,2,3,2,3,0,2,0,1,23
2022,Bihar,SITAMARHI - BR30( 29-JAN-2018 ),6,MEDIUM GOODS VEHICLE,0,0,0,1,0,0,0,0,0,0,0,0,1
2022,Bihar,SITAMARHI - BR30( 29-JAN-2018 ),7,MEDIUM MOTOR VEHICLE,0,5,3,4,1,2,0,1,1,7,0,3,27
2022,Bihar,SITAMARHI - BR30( 29-JAN-2018 ),8,MEDIUM PASSENGER VEHICLE,0,0,0,0,0,0,0,0,1,0,0,0,1
2022,Bihar,SITAMARHI - BR30( 29-JAN-2018 ),9,OTHER THAN MENTIONED ABOVE,0,0,0,0,0,0,0,0,0,0,1,0,1
2022,Bihar,SITAMARHI - BR30( 29-JAN-2018 ),10,THREE WHEELER(T),68,49,51,32,36,44,56,58,70,65,45,122,696
2022,Bihar,SITAMARHI - BR30( 29-JAN-2018 ),11,TWO WHEELER(NT),"1,539","1,960","2,375","2,545","3,428","2,086","1,719","1,664","1,595","2,234","3,967","1,683","26,795"
2022,Bihar,SIWAN - BR29( 29-JAN-2018 ),1,HEAVY GOODS VEHICLE,3,5,1,1,1,2,2,2,2,0,3,1,23
2022,Bihar,SIWAN - BR29( 29-JAN-2018 ),2,HEAVY PASSENGER VEHICLE,0,0,0,1,2,0,3,1,1,3,2,1,14
2022,Bihar,SIWAN - BR29( 29-JAN-2018 ),3,LIGHT GOODS VEHICLE,68,27,111,33,82,44,78,42,51,59,72,33,700
2022,Bihar,SIWAN - BR29( 29-JAN-2018 ),4,LIGHT MOTOR VEHICLE,263,135,372,170,215,228,255,192,204,261,325,213,"2,833"
2022,Bihar,SIWAN - BR29( 29-JAN-2018 ),5,LIGHT PASSENGER VEHICLE,5,4,8,2,6,2,5,4,0,5,7,2,50
2022,Bihar,SIWAN - BR29( 29-JAN-2018 ),6,MEDIUM GOODS VEHICLE,0,0,0,0,0,1,0,0,0,0,0,0,1
2022,Bihar,SIWAN - BR29( 29-JAN-2018 ),7,MEDIUM MOTOR VEHICLE,2,4,2,4,1,4,0,2,1,6,4,1,31
2022,Bihar,SIWAN - BR29( 29-JAN-2018 ),8,MEDIUM PASSENGER VEHICLE,0,0,1,0,0,0,0,0,2,2,0,0,5
2022,Bihar,SIWAN - BR29( 29-JAN-2018 ),9,OTHER THAN MENTIONED ABOVE,0,0,5,0,1,0,0,0,0,0,0,0,6
2022,Bihar,SIWAN - BR29( 29-JAN-2018 ),10,THREE WHEELER(T),89,37,114,74,54,52,96,77,195,122,143,142,"1,195"
2022,Bihar,SIWAN - BR29( 29-JAN-2018 ),11,TWO WHEELER(NT),"1,629","1,354","3,486","2,434","3,893","3,535","2,510","1,602","1,438","3,056","3,586","2,274","30,797"
2022,Bihar,SUPAUL - BR50( 29-JAN-2018 ),1,HEAVY GOODS VEHICLE,4,2,9,5,3,6,2,2,7,3,10,4,57
2022,Bihar,SUPAUL - BR50( 29-JAN-2018 ),2,HEAVY PASSENGER VEHICLE,0,2,0,1,2,0,0,0,1,0,0,0,6
2022,Bihar,SUPAUL - BR50( 29-JAN-2018 ),3,LIGHT GOODS VEHICLE,73,59,94,63,80,91,142,71,114,90,115,101,"1,093"
2022,Bihar,SUPAUL - BR50( 29-JAN-2018 ),4,LIGHT MOTOR VEHICLE,42,43,46,64,79,99,52,59,71,119,79,126,879
2022,Bihar,SUPAUL - BR50( 29-JAN-2018 ),5,LIGHT PASSENGER VEHICLE,0,1,2,4,3,6,4,1,4,2,6,3,36
2022,Bihar,SUPAUL - BR50( 29-JAN-2018 ),6,MEDIUM MOTOR VEHICLE,0,1,0,0,0,1,0,0,0,0,0,0,2
2022,Bihar,SUPAUL - BR50( 29-JAN-2018 ),7,MEDIUM PASSENGER VEHICLE,1,1,0,0,0,0,1,2,1,1,2,1,10
2022,Bihar,SUPAUL - BR50( 29-JAN-2018 ),8,OTHER THAN MENTIONED ABOVE,1,0,0,0,0,0,1,0,0,0,0,0,2
2022,Bihar,SUPAUL - BR50( 29-JAN-2018 ),9,THREE WHEELER(T),88,47,81,55,91,135,123,142,207,137,184,213,"1,503"
2022,Bihar,SUPAUL - BR50( 29-JAN-2018 ),10,TWO WHEELER(NT),"1,639","2,200","3,096","2,161","2,767","2,035","1,846","1,964","1,751","2,568","3,104","2,476","27,607"
2022,Bihar,VAISHALI - BR31( 13-FEB-2018 ),1,HEAVY GOODS VEHICLE,2,1,18,11,13,9,15,8,11,15,4,1,108
2022,Bihar,VAISHALI - BR31( 13-FEB-2018 ),2,HEAVY MOTOR VEHICLE,0,0,0,1,0,0,1,0,0,0,0,0,2
2022,Bihar,VAISHALI - BR31( 13-FEB-2018 ),3,HEAVY PASSENGER VEHICLE,0,0,0,1,1,3,0,3,1,2,0,2,13
2022,Bihar,VAISHALI - BR31( 13-FEB-2018 ),4,LIGHT GOODS VEHICLE,129,84,159,124,99,90,110,117,152,122,141,84,"1,411"
2022,Bihar,VAISHALI - BR31( 13-FEB-2018 ),5,LIGHT MOTOR VEHICLE,153,149,182,112,175,142,151,130,171,197,227,100,"1,889"
2022,Bihar,VAISHALI - BR31( 13-FEB-2018 ),6,LIGHT PASSENGER VEHICLE,7,2,2,6,5,7,6,4,3,6,2,5,55
2022,Bihar,VAISHALI - BR31( 13-FEB-2018 ),7,MEDIUM GOODS VEHICLE,0,0,0,0,0,0,0,0,1,0,0,0,1
2022,Bihar,VAISHALI - BR31( 13-FEB-2018 ),8,MEDIUM MOTOR VEHICLE,2,3,2,0,3,3,2,1,4,1,6,6,33
2022,Bihar,VAISHALI - BR31( 13-FEB-2018 ),9,MEDIUM PASSENGER VEHICLE,0,0,1,1,1,1,0,0,0,0,0,0,4
2022,Bihar,VAISHALI - BR31( 13-FEB-2018 ),10,OTHER THAN MENTIONED ABOVE,0,1,0,1,0,0,1,0,0,0,0,0,3
2022,Bihar,VAISHALI - BR31( 13-FEB-2018 ),11,THREE WHEELER(T),174,154,222,188,202,257,270,273,321,309,372,251,"2,993"
2022,Bihar,VAISHALI - BR31( 13-FEB-2018 ),12,TWO WHEELER(NT),"1,743","1,806","2,285","2,642","3,568","2,497","2,182","1,866","1,822","3,579","3,810","1,814","29,614"
2021,Bihar,ARARIA - BR38( 30-JAN-2018 ),1,HEAVY GOODS VEHICLE,2,0,0,2,0,1,3,4,1,0,0,0,13
2021,Bihar,ARARIA - BR38( 30-JAN-2018 ),2,HEAVY PASSENGER VEHICLE,4,0,0,0,0,0,0,0,0,0,0,0,4
2021,Bihar,ARARIA - BR38( 30-JAN-2018 ),3,LIGHT GOODS VEHICLE,127,97,102,77,42,101,158,82,119,135,115,141,"1,296"
2021,Bihar,ARARIA - BR38( 30-JAN-2018 ),4,LIGHT MOTOR VEHICLE,50,58,70,56,27,54,42,62,53,49,71,43,635
2021,Bihar,ARARIA - BR38( 30-JAN-2018 ),5,LIGHT PASSENGER VEHICLE,0,1,0,1,0,0,4,2,6,1,2,2,19
2021,Bihar,ARARIA - BR38( 30-JAN-2018 ),6,MEDIUM MOTOR VEHICLE,0,0,1,0,0,0,0,0,0,0,0,0,1
2021,Bihar,ARARIA - BR38( 30-JAN-2018 ),7,THREE WHEELER(T),165,55,52,30,11,22,86,70,78,44,85,63,761
2021,Bihar,ARARIA - BR38( 30-JAN-2018 ),8,TWO WHEELER(NT),"1,834","2,336","2,676","2,025","1,629","2,620","2,239","2,198","1,790","1,248","2,753","1,869","25,217"
2021,Bihar,ARAWAL - BR56( 22-MAY-2017 ),1,LIGHT GOODS VEHICLE,24,49,91,15,4,36,48,45,21,2,29,45,409
2021,Bihar,ARAWAL - BR56( 22-MAY-2017 ),2,LIGHT MOTOR VEHICLE,2,2,2,5,1,7,5,11,6,2,12,10,65
2021,Bihar,ARAWAL - BR56( 22-MAY-2017 ),3,LIGHT PASSENGER VEHICLE,0,0,0,0,1,1,0,4,1,0,1,0,8
2021,Bihar,ARAWAL - BR56( 22-MAY-2017 ),4,MEDIUM MOTOR VEHICLE,0,0,0,0,0,0,0,0,0,0,3,0,3
2021,Bihar,ARAWAL - BR56( 22-MAY-2017 ),5,MEDIUM PASSENGER VEHICLE,0,0,0,0,0,0,0,0,1,0,0,0,1
2021,Bihar,ARAWAL - BR56( 22-MAY-2017 ),6,OTHER THAN MENTIONED ABOVE,2,2,2,3,0,2,0,3,1,0,0,0,15
2021,Bihar,ARAWAL - BR56( 22-MAY-2017 ),7,THREE WHEELER(T),4,22,10,6,0,4,2,2,4,6,1,5,66
2021,Bihar,ARAWAL - BR56( 22-MAY-2017 ),8,TWO WHEELER(NT),107,177,134,155,148,525,322,134,125,41,317,144,"2,329"
2021,Bihar,AURANGABAD - BR26( 13-JUN-2017 ),1,HEAVY GOODS VEHICLE,2,5,9,5,3,1,1,1,5,2,1,2,37
2021,Bihar,AURANGABAD - BR26( 13-JUN-2017 ),2,HEAVY MOTOR VEHICLE,0,0,0,0,0,1,2,1,0,2,1,0,7
2021,Bihar,AURANGABAD - BR26( 13-JUN-2017 ),3,HEAVY PASSENGER VEHICLE,0,0,1,0,0,2,1,0,0,0,1,0,5
2021,Bihar,AURANGABAD - BR26( 13-JUN-2017 ),4,LIGHT GOODS VEHICLE,272,331,312,157,35,103,117,124,102,78,111,119,"1,861"
2021,Bihar,AURANGABAD - BR26( 13-JUN-2017 ),5,LIGHT MOTOR VEHICLE,28,67,96,43,45,50,144,85,73,93,111,114,949
2021,Bihar,AURANGABAD - BR26( 13-JUN-2017 ),6,LIGHT PASSENGER VEHICLE,0,6,6,3,0,22,2,6,2,2,1,2,52
2021,Bihar,AURANGABAD - BR26( 13-JUN-2017 ),7,MEDIUM GOODS VEHICLE,1,1,0,0,0,1,1,0,0,0,0,0,4
2021,Bihar,AURANGABAD - BR26( 13-JUN-2017 ),8,MEDIUM MOTOR VEHICLE,5,14,3,2,2,2,4,5,13,7,8,4,69
2021,Bihar,AURANGABAD - BR26( 13-JUN-2017 ),9,MEDIUM PASSENGER VEHICLE,0,0,0,0,0,0,0,0,0,0,0,1,1
2021,Bihar,AURANGABAD - BR26( 13-JUN-2017 ),10,OTHER THAN MENTIONED ABOVE,15,20,30,12,0,6,2,2,1,2,1,3,94
2021,Bihar,AURANGABAD - BR26( 13-JUN-2017 ),11,THREE WHEELER(T),160,101,81,52,6,16,64,55,49,45,68,70,767
2021,Bihar,AURANGABAD - BR26( 13-JUN-2017 ),12,TWO WHEELER(NT),"1,073","1,213","1,471","2,448","2,123","1,554",755,660,760,677,"1,897",745,"15,376"
2021,Bihar,BANKA - BR51( 06-FEB-2018 ),1,HEAVY GOODS VEHICLE,0,1,4,0,0,2,2,1,0,1,0,0,11
2021,Bihar,BANKA - BR51( 06-FEB-2018 ),2,HEAVY MOTOR VEHICLE,0,0,0,0,0,1,0,0,0,0,0,0,1
2021,Bihar,BANKA - BR51( 06-FEB-2018 ),3,HEAVY PASSENGER VEHICLE,0,0,0,3,0,1,0,1,1,0,0,0,6
2021,Bihar,BANKA - BR51( 06-FEB-2018 ),4,LIGHT GOODS VEHICLE,133,103,321,32,87,101,121,326,91,58,151,72,"1,596"
2021,Bihar,BANKA - BR51( 06-FEB-2018 ),5,LIGHT MOTOR VEHICLE,12,11,21,11,2,11,11,16,3,9,15,14,136
2021,Bihar,BANKA - BR51( 06-FEB-2018 ),6,LIGHT PASSENGER VEHICLE,0,1,1,0,1,1,4,3,3,1,0,1,16
2021,Bihar,BANKA - BR51( 06-FEB-2018 ),7,MEDIUM GOODS VEHICLE,0,1,1,0,0,0,0,0,0,0,0,0,2
2021,Bihar,BANKA - BR51( 06-FEB-2018 ),8,MEDIUM MOTOR VEHICLE,4,1,0,0,0,2,1,0,3,1,0,4,16
2021,Bihar,BANKA - BR51( 06-FEB-2018 ),9,MEDIUM PASSENGER VEHICLE,0,0,1,0,0,2,1,0,0,1,0,1,6
2021,Bihar,BANKA - BR51( 06-FEB-2018 ),10,OTHER THAN MENTIONED ABOVE,0,0,0,1,0,1,1,0,0,0,0,0,3
2021,Bihar,BANKA - BR51( 06-FEB-2018 ),11,THREE WHEELER(T),23,13,44,31,1,12,16,18,19,24,45,40,286
2021,Bihar,BANKA - BR51( 06-FEB-2018 ),12,TWO WHEELER(NT),460,492,621,820,755,"1,053",886,441,447,424,991,523,"7,913"
2021,Bihar,BEGUSARAI - BR9( 23-JAN-2018 ),1,HEAVY GOODS VEHICLE,10,30,6,28,0,13,5,12,45,11,2,11,173
2021,Bihar,BEGUSARAI - BR9( 23-JAN-2018 ),2,HEAVY MOTOR VEHICLE,1,3,7,0,0,1,0,0,0,2,0,0,14
2021,Bihar,BEGUSARAI - BR9( 23-JAN-2018 ),3,HEAVY PASSENGER VEHICLE,1,5,0,7,0,10,2,0,7,1,3,1,37
2021,Bihar,BEGUSARAI - BR9( 23-JAN-2018 ),4,LIGHT GOODS VEHICLE,220,174,211,132,15,234,106,159,95,152,165,186,"1,849"
2021,Bihar,BEGUSARAI - BR9( 23-JAN-2018 ),5,LIGHT MOTOR VEHICLE,217,253,258,223,118,244,154,254,179,162,199,159,"2,420"
2021,Bihar,BEGUSARAI - BR9( 23-JAN-2018 ),6,LIGHT PASSENGER VEHICLE,13,16,6,10,6,17,6,14,9,9,7,4,117
2021,Bihar,BEGUSARAI - BR9( 23-JAN-2018 ),7,MEDIUM GOODS VEHICLE,0,0,1,1,0,3,0,1,0,0,0,0,6
2021,Bihar,BEGUSARAI - BR9( 23-JAN-2018 ),8,MEDIUM MOTOR VEHICLE,2,5,12,2,0,4,1,0,3,1,9,3,42
2021,Bihar,BEGUSARAI - BR9( 23-JAN-2018 ),9,MEDIUM PASSENGER VEHICLE,0,0,1,3,0,2,0,2,0,0,0,0,8
2021,Bihar,BEGUSARAI - BR9( 23-JAN-2018 ),10,OTHER THAN MENTIONED ABOVE,0,2,0,0,0,4,2,4,9,3,1,1,26
2021,Bihar,BEGUSARAI - BR9( 23-JAN-2018 ),11,THREE WHEELER(T),254,125,110,85,11,46,71,170,170,162,150,163,"1,517"
2021,Bihar,BEGUSARAI - BR9( 23-JAN-2018 ),12,TWO WHEELER(NT),"1,361","1,773","1,826","2,656","1,272","3,784","1,484","1,905","1,552","1,434","3,403","1,542","23,992"
2021,Bihar,BETTIAH - BR22( 22-SEP-2017 ),1,HEAVY GOODS VEHICLE,0,2,9,1,1,12,2,0,0,1,1,2,31
2021,Bihar,BETTIAH - BR22( 22-SEP-2017 ),2,HEAVY PASSENGER VEHICLE,0,4,0,1,1,0,0,0,1,0,0,0,7
2021,Bihar,BETTIAH - BR22( 22-SEP-2017 ),3,LIGHT GOODS VEHICLE,144,263,276,89,8,35,61,164,128,83,77,121,"1,449"
2021,Bihar,BETTIAH - BR22( 22-SEP-2017 ),4,LIGHT MOTOR VEHICLE,134,128,193,128,20,133,139,134,139,151,107,106,"1,512"
2021,Bihar,BETTIAH - BR22( 22-SEP-2017 ),5,LIGHT PASSENGER VEHICLE,0,1,1,0,0,4,6,6,2,2,2,5,29
2021,Bihar,BETTIAH - BR22( 22-SEP-2017 ),6,MEDIUM MOTOR VEHICLE,0,0,0,1,0,0,0,0,0,4,0,4,9
2021,Bihar,BETTIAH - BR22( 22-SEP-2017 ),7,MEDIUM PASSENGER VEHICLE,0,0,0,1,0,0,0,0,0,0,2,1,4
2021,Bihar,BETTIAH - BR22( 22-SEP-2017 ),8,OTHER THAN MENTIONED ABOVE,3,8,6,3,3,11,2,2,8,0,2,1,49
2021,Bihar,BETTIAH - BR22( 22-SEP-2017 ),9,THREE WHEELER(T),117,85,94,63,10,25,18,55,46,62,58,79,712
2021,Bihar,BETTIAH - BR22( 22-SEP-2017 ),10,TWO WHEELER (INVALID CARRIAGE),0,0,1,0,0,1,2,0,0,0,0,1,5
2021,Bihar,BETTIAH - BR22( 22-SEP-2017 ),11,TWO WHEELER(NT),"2,440","2,494","3,488","3,287","1,808","3,155","1,673","1,928","1,874","2,547","7,004","2,513","34,211"
2021,Bihar,BHABHUA - BR45( 23-JAN-2018 ),1,HEAVY GOODS VEHICLE,0,0,3,0,0,0,0,2,0,0,0,0,5
2021,Bihar,BHABHUA - BR45( 23-JAN-2018 ),2,HEAVY PASSENGER VEHICLE,1,0,1,4,0,0,2,1,1,0,0,1,11
2021,Bihar,BHABHUA - BR45( 23-JAN-2018 ),3,LIGHT GOODS VEHICLE,37,30,51,43,3,20,21,12,17,3,18,15,270
2021,Bihar,BHABHUA - BR45( 23-JAN-2018 ),4,LIGHT MOTOR VEHICLE,147,144,163,142,9,88,109,109,108,64,84,95,"1,262"
2021,Bihar,BHABHUA - BR45( 23-JAN-2018 ),5,LIGHT PASSENGER VEHICLE,4,2,1,3,1,0,19,7,1,1,0,1,40
2021,Bihar,BHABHUA - BR45( 23-JAN-2018 ),6,MEDIUM GOODS VEHICLE,0,1,1,0,0,0,0,0,0,1,0,0,3
2021,Bihar,BHABHUA - BR45( 23-JAN-2018 ),7,MEDIUM MOTOR VEHICLE,0,0,0,0,0,0,0,0,1,1,1,0,3
2021,Bihar,BHABHUA - BR45( 23-JAN-2018 ),8,MEDIUM PASSENGER VEHICLE,0,0,1,5,0,0,0,0,0,0,1,1,8
2021,Bihar,BHABHUA - BR45( 23-JAN-2018 ),9,OTHER THAN MENTIONED ABOVE,2,3,8,1,1,2,2,0,0,1,0,0,20
2021,Bihar,BHABHUA - BR45( 23-JAN-2018 ),10,THREE WHEELER(T),97,96,63,16,2,22,71,53,45,32,46,70,613
2021,Bihar,BHABHUA - BR45( 23-JAN-2018 ),11,TWO WHEELER(NT),652,826,985,546,439,"1,331","1,346",414,467,397,899,678,"8,980"
2021,Bihar,BHAGALPUR - BR10( 07-FEB-2018 ),1,HEAVY GOODS VEHICLE,14,14,22,19,10,15,13,10,26,15,14,16,188
2021,Bihar,BHAGALPUR - BR10( 07-FEB-2018 ),2,HEAVY MOTOR VEHICLE,0,2,0,0,0,0,1,1,0,0,0,0,4
2021,Bihar,BHAGALPUR - BR10( 07-FEB-2018 ),3,HEAVY PASSENGER VEHICLE,0,0,2,1,1,1,0,2,1,0,1,0,9
2021,Bihar,BHAGALPUR - BR10( 07-FEB-2018 ),4,LIGHT GOODS VEHICLE,133,213,211,117,106,181,179,98,79,113,123,153,"1,706"
2021,Bihar,BHAGALPUR - BR10( 07-FEB-2018 ),5,LIGHT MOTOR VEHICLE,204,234,232,195,78,160,210,203,174,196,277,205,"2,368"
2021,Bihar,BHAGALPUR - BR10( 07-FEB-2018 ),6,LIGHT PASSENGER VEHICLE,3,2,9,4,1,7,19,14,12,9,4,7,91
2021,Bihar,BHAGALPUR - BR10( 07-FEB-2018 ),7,MEDIUM GOODS VEHICLE,1,3,3,0,0,1,3,0,0,0,0,0,11
2021,Bihar,BHAGALPUR - BR10( 07-FEB-2018 ),8,MEDIUM MOTOR VEHICLE,0,4,0,0,0,2,1,7,0,1,1,0,16
2021,Bihar,BHAGALPUR - BR10( 07-FEB-2018 ),9,MEDIUM PASSENGER VEHICLE,0,0,1,0,0,1,1,0,0,1,1,0,5
2021,Bihar,BHAGALPUR - BR10( 07-FEB-2018 ),10,OTHER THAN MENTIONED ABOVE,2,1,4,2,0,2,0,0,3,0,0,0,14
2021,Bihar,BHAGALPUR - BR10( 07-FEB-2018 ),11,THREE WHEELER(T),285,220,250,100,26,104,232,216,287,295,277,326,"2,618"
2021,Bihar,BHAGALPUR - BR10( 07-FEB-2018 ),12,TWO WHEELER(NT),"1,370","1,700","1,819","1,669","1,359","2,323","1,943","1,531","1,434","1,412","2,829","1,592","20,981"
2021,Bihar,BHOJPUR - BR3( 15-FEB-2018 ),1,HEAVY GOODS VEHICLE,13,8,7,0,0,2,1,3,2,8,0,6,50
2021,Bihar,BHOJPUR - BR3( 15-FEB-2018 ),2,HEAVY MOTOR VEHICLE,0,0,1,0,0,0,0,0,0,0,0,0,1
2021,Bihar,BHOJPUR - BR3( 15-FEB-2018 ),3,HEAVY PASSENGER VEHICLE,0,2,1,3,0,0,0,0,0,1,0,1,8
2021,Bihar,BHOJPUR - BR3( 15-FEB-2018 ),4,LIGHT GOODS VEHICLE,172,274,307,109,134,226,61,114,59,96,86,104,"1,742"
2021,Bihar,BHOJPUR - BR3( 15-FEB-2018 ),5,LIGHT MOTOR VEHICLE,75,62,92,45,11,78,47,87,52,74,71,94,788
2021,Bihar,BHOJPUR - BR3( 15-FEB-2018 ),6,LIGHT PASSENGER VEHICLE,5,3,3,4,0,12,17,5,0,1,2,1,53
2021,Bihar,BHOJPUR - BR3( 15-FEB-2018 ),7,MEDIUM MOTOR VEHICLE,1,0,0,0,0,0,0,1,2,0,1,0,5
2021,Bihar,BHOJPUR - BR3( 15-FEB-2018 ),8,MEDIUM PASSENGER VEHICLE,3,0,4,0,0,0,0,2,0,1,2,2,14
2021,Bihar,BHOJPUR - BR3( 15-FEB-2018 ),9,OTHER THAN MENTIONED ABOVE,5,6,17,2,0,1,0,1,3,0,1,0,36
2021,Bihar,BHOJPUR - BR3( 15-FEB-2018 ),10,THREE WHEELER(T),93,121,77,26,1,20,30,37,41,33,27,43,549
2021,Bihar,BHOJPUR - BR3( 15-FEB-2018 ),11,TWO WHEELER(NT),"1,647","1,463","1,950","1,821","1,741","2,576","1,315","1,071","1,141","1,342","2,702","1,868","20,637"
2021,Bihar,BUXUR - BR44( 01-FEB-2018 ),1,HEAVY GOODS VEHICLE,6,0,4,6,0,2,2,2,2,1,1,7,33
2021,Bihar,BUXUR - BR44( 01-FEB-2018 ),2,HEAVY PASSENGER VEHICLE,0,0,2,1,1,0,1,0,8,0,0,0,13
2021,Bihar,BUXUR - BR44( 01-FEB-2018 ),3,LIGHT GOODS VEHICLE,42,60,47,25,12,60,39,39,34,17,21,14,410
2021,Bihar,BUXUR - BR44( 01-FEB-2018 ),4,LIGHT MOTOR VEHICLE,100,86,121,61,45,64,94,66,72,47,81,91,928
2021,Bihar,BUXUR - BR44( 01-FEB-2018 ),5,LIGHT PASSENGER VEHICLE,4,2,2,1,0,2,23,2,2,1,4,4,47
2021,Bihar,BUXUR - BR44( 01-FEB-2018 ),6,MEDIUM MOTOR VEHICLE,0,0,1,0,0,0,0,0,0,0,0,0,1
2021,Bihar,BUXUR - BR44( 01-FEB-2018 ),7,MEDIUM PASSENGER VEHICLE,0,1,1,1,0,0,0,0,0,1,1,0,5
2021,Bihar,BUXUR - BR44( 01-FEB-2018 ),8,OTHER THAN MENTIONED ABOVE,1,3,10,3,4,3,0,1,0,2,0,0,27
2021,Bihar,BUXUR - BR44( 01-FEB-2018 ),9,THREE WHEELER(T),104,73,66,38,5,8,50,57,73,56,59,69,658
2021,Bihar,BUXUR - BR44( 01-FEB-2018 ),10,TWO WHEELER(NT),844,760,972,"1,095","1,089","1,053",824,699,682,568,"1,437",955,"10,978"
2021,Bihar,CHAPARA - BR4( 29-JAN-2018 ),1,HEAVY GOODS VEHICLE,6,0,4,6,0,2,2,2,2,1,1,7,33
2021,Bihar,CHAPARA - BR4( 29-JAN-2018 ),2,HEAVY PASSENGER VEHICLE,0,0,2,1,1,0,1,0,8,0,0,0,13
2021,Bihar,CHAPARA - BR4( 29-JAN-2018 ),3,LIGHT GOODS VEHICLE,42,60,47,25,12,60,39,39,34,17,21,14,410
2021,Bihar,CHAPARA - BR4( 29-JAN-2018 ),4,LIGHT MOTOR VEHICLE,100,86,121,61,45,64,94,66,72,47,81,91,928
2021,Bihar,CHAPARA - BR4( 29-JAN-2018 ),5,LIGHT PASSENGER VEHICLE,4,2,2,1,0,2,23,2,2,1,4,4,47
2021,Bihar,CHAPARA - BR4( 29-JAN-2018 ),6,MEDIUM MOTOR VEHICLE,0,0,1,0,0,0,0,0,0,0,0,0,1
2021,Bihar,CHAPARA - BR4( 29-JAN-2018 ),7,MEDIUM PASSENGER VEHICLE,0,1,1,1,0,0,0,0,0,1,1,0,5
2021,Bihar,CHAPARA - BR4( 29-JAN-2018 ),8,OTHER THAN MENTIONED ABOVE,1,3,10,3,4,3,0,1,0,2,0,0,27
2021,Bihar,CHAPARA - BR4( 29-JAN-2018 ),9,THREE WHEELER(T),104,73,66,38,5,8,50,57,73,56,59,69,658
2021,Bihar,CHAPARA - BR4( 29-JAN-2018 ),10,TWO WHEELER(NT),844,760,972,"1,095","1,089","1,053",824,699,682,568,"1,437",955,"10,978"
2021,Bihar,DARBHANGA - BR7( 30-JAN-2018 ),1,HEAVY GOODS VEHICLE,1,8,3,0,0,2,0,0,0,2,1,0,17
2021,Bihar,DARBHANGA - BR7( 30-JAN-2018 ),2,HEAVY PASSENGER VEHICLE,1,1,0,1,0,0,0,0,0,0,0,4,7
2021,Bihar,DARBHANGA - BR7( 30-JAN-2018 ),3,LIGHT GOODS VEHICLE,141,150,151,108,15,116,117,98,86,63,88,115,"1,248"
2021,Bihar,DARBHANGA - BR7( 30-JAN-2018 ),4,LIGHT MOTOR VEHICLE,111,245,247,187,41,188,169,172,122,151,244,224,"2,101"
2021,Bihar,DARBHANGA - BR7( 30-JAN-2018 ),5,LIGHT PASSENGER VEHICLE,10,14,9,4,1,3,9,6,8,8,10,17,99
2021,Bihar,DARBHANGA - BR7( 30-JAN-2018 ),6,MEDIUM GOODS VEHICLE,10,14,12,5,0,2,7,2,3,1,1,1,58
2021,Bihar,DARBHANGA - BR7( 30-JAN-2018 ),7,MEDIUM MOTOR VEHICLE,0,0,0,1,0,0,0,0,0,2,0,0,3
2021,Bihar,DARBHANGA - BR7( 30-JAN-2018 ),8,MEDIUM PASSENGER VEHICLE,2,0,2,1,0,0,0,0,2,0,0,1,8
2021,Bihar,DARBHANGA - BR7( 30-JAN-2018 ),9,THREE WHEELER(T),198,172,205,120,4,135,114,150,173,195,211,207,"1,884"
2021,Bihar,DARBHANGA - BR7( 30-JAN-2018 ),10,TWO WHEELER(NT),"2,164","2,885","2,758","3,591","1,678","3,914","2,463","1,702","1,690","1,847","3,946","2,112","30,750"
2021,Bihar,GAYA - BR2( 06-SEP-2017 ),1,HEAVY GOODS VEHICLE,19,13,23,20,5,10,2,5,14,9,1,6,127
2021,Bihar,GAYA - BR2( 06-SEP-2017 ),2,HEAVY MOTOR VEHICLE,0,1,0,0,0,0,0,0,0,0,0,0,1
2021,Bihar,GAYA - BR2( 06-SEP-2017 ),3,HEAVY PASSENGER VEHICLE,5,6,20,10,2,0,1,11,5,8,3,14,85
2021,Bihar,GAYA - BR2( 06-SEP-2017 ),4,LIGHT GOODS VEHICLE,187,176,221,111,55,77,110,91,90,91,118,130,"1,457"
2021,Bihar,GAYA - BR2( 06-SEP-2017 ),5,LIGHT MOTOR VEHICLE,361,367,454,363,173,356,419,408,275,351,466,316,"4,309"
2021,Bihar,GAYA - BR2( 06-SEP-2017 ),6,LIGHT PASSENGER VEHICLE,5,4,10,3,4,6,9,16,11,11,12,5,96
2021,Bihar,GAYA - BR2( 06-SEP-2017 ),7,MEDIUM GOODS VEHICLE,0,0,1,0,0,0,0,0,0,0,0,1,2
2021,Bihar,GAYA - BR2( 06-SEP-2017 ),8,MEDIUM MOTOR VEHICLE,4,0,2,0,0,0,0,0,2,5,8,4,25
2021,Bihar,GAYA - BR2( 06-SEP-2017 ),9,MEDIUM PASSENGER VEHICLE,0,2,1,1,0,0,0,0,0,2,1,1,8
2021,Bihar,GAYA - BR2( 06-SEP-2017 ),10,OTHER THAN MENTIONED ABOVE,13,10,21,8,2,9,1,2,4,2,0,8,80
2021,Bihar,GAYA - BR2( 06-SEP-2017 ),11,THREE WHEELER(T),220,216,232,110,32,102,159,183,221,210,317,251,"2,253"
2021,Bihar,GAYA - BR2( 06-SEP-2017 ),12,TWO WHEELER(NT),"2,197","2,286","3,602","5,433","3,985","3,631","2,226","1,889","1,867","1,905","3,870","1,835","34,726"
2021,Bihar,GOPALGANJ - BR28( 08-JUN-2017 ),1,HEAVY GOODS VEHICLE,3,0,0,2,2,1,1,4,1,3,0,1,18
2021,Bihar,GOPALGANJ - BR28( 08-JUN-2017 ),2,HEAVY PASSENGER VEHICLE,1,1,0,1,1,2,0,1,0,0,1,11,19
2021,Bihar,GOPALGANJ - BR28( 08-JUN-2017 ),3,LIGHT GOODS VEHICLE,44,31,35,38,11,33,31,23,29,25,15,28,343
2021,Bihar,GOPALGANJ - BR28( 08-JUN-2017 ),4,LIGHT MOTOR VEHICLE,132,145,160,134,97,160,188,126,96,124,158,140,"1,660"
2021,Bihar,GOPALGANJ - BR28( 08-JUN-2017 ),5,LIGHT PASSENGER VEHICLE,3,2,3,2,0,1,10,6,7,3,3,3,43
2021,Bihar,GOPALGANJ - BR28( 08-JUN-2017 ),6,MEDIUM GOODS VEHICLE,0,2,1,0,0,0,0,0,1,0,0,0,4
2021,Bihar,GOPALGANJ - BR28( 08-JUN-2017 ),7,MEDIUM MOTOR VEHICLE,0,0,0,0,1,0,0,0,0,0,2,3,6
2021,Bihar,GOPALGANJ - BR28( 08-JUN-2017 ),8,MEDIUM PASSENGER VEHICLE,0,0,3,0,0,0,0,0,1,1,0,0,5
2021,Bihar,GOPALGANJ - BR28( 08-JUN-2017 ),9,OTHER THAN MENTIONED ABOVE,7,6,5,8,5,5,3,1,9,8,0,0,57
2021,Bihar,GOPALGANJ - BR28( 08-JUN-2017 ),10,THREE WHEELER(T),58,51,71,39,5,28,69,57,51,79,76,72,656
2021,Bihar,GOPALGANJ - BR28( 08-JUN-2017 ),11,TWO WHEELER(NT),927,923,"1,100","1,305",895,"2,612","1,092",762,778,642,"1,929","1,220","14,185"
2021,Bihar,JAMUI - BR46( 07-JUN-2017 ),1,HEAVY GOODS VEHICLE,0,2,2,0,0,1,2,1,0,1,0,2,11
2021,Bihar,JAMUI - BR46( 07-JUN-2017 ),2,HEAVY PASSENGER VEHICLE,0,0,4,0,0,0,0,0,0,1,0,0,5
2021,Bihar,JAMUI - BR46( 07-JUN-2017 ),3,LIGHT GOODS VEHICLE,46,63,82,29,2,58,86,73,50,13,22,69,593
2021,Bihar,JAMUI - BR46( 07-JUN-2017 ),4,LIGHT MOTOR VEHICLE,11,23,16,17,6,15,11,15,11,10,14,21,170
2021,Bihar,JAMUI - BR46( 07-JUN-2017 ),5,LIGHT PASSENGER VEHICLE,2,1,1,3,1,1,12,5,1,0,0,1,28
2021,Bihar,JAMUI - BR46( 07-JUN-2017 ),6,MEDIUM GOODS VEHICLE,0,0,1,0,0,0,0,0,0,0,0,0,1
2021,Bihar,JAMUI - BR46( 07-JUN-2017 ),7,MEDIUM MOTOR VEHICLE,4,5,12,5,0,5,3,10,6,5,10,3,68
2021,Bihar,JAMUI - BR46( 07-JUN-2017 ),8,MEDIUM PASSENGER VEHICLE,0,0,0,0,0,0,0,0,0,0,1,0,1
2021,Bihar,JAMUI - BR46( 07-JUN-2017 ),9,OTHER THAN MENTIONED ABOVE,0,0,0,0,0,0,1,0,1,0,1,0,3
2021,Bihar,JAMUI - BR46( 07-JUN-2017 ),10,THREE WHEELER(T),83,102,86,25,12,59,54,83,125,70,83,80,862
2021,Bihar,JAMUI - BR46( 07-JUN-2017 ),11,TWO WHEELER(NT),642,753,"1,194","1,077",983,"1,491","1,383",933,688,709,"1,324",834,"12,011"
2021,Bihar,JEHANABAD - BR25( 26-MAY-2017 ),1,HEAVY GOODS VEHICLE,1,0,7,14,0,2,3,4,5,1,4,1,42
2021,Bihar,JEHANABAD - BR25( 26-MAY-2017 ),2,HEAVY PASSENGER VEHICLE,0,0,11,2,0,1,0,0,0,0,0,0,14
2021,Bihar,JEHANABAD - BR25( 26-MAY-2017 ),3,LIGHT GOODS VEHICLE,65,38,43,33,0,2,103,46,45,1,17,88,481
2021,Bihar,JEHANABAD - BR25( 26-MAY-2017 ),4,LIGHT MOTOR VEHICLE,4,12,5,9,0,5,8,6,12,1,10,8,80
2021,Bihar,JEHANABAD - BR25( 26-MAY-2017 ),5,LIGHT PASSENGER VEHICLE,0,0,1,0,0,6,1,1,1,0,0,1,11
2021,Bihar,JEHANABAD - BR25( 26-MAY-2017 ),6,MEDIUM MOTOR VEHICLE,0,0,0,0,0,0,0,0,0,0,0,1,1
2021,Bihar,JEHANABAD - BR25( 26-MAY-2017 ),7,MEDIUM PASSENGER VEHICLE,0,0,1,1,0,0,1,0,0,0,0,0,3
2021,Bihar,JEHANABAD - BR25( 26-MAY-2017 ),8,OTHER THAN MENTIONED ABOVE,6,4,7,4,0,1,1,4,1,0,0,3,31
2021,Bihar,JEHANABAD - BR25( 26-MAY-2017 ),9,THREE WHEELER(T),82,66,75,32,0,21,42,29,56,9,54,51,517
2021,Bihar,JEHANABAD - BR25( 26-MAY-2017 ),10,TWO WHEELER(NT),322,407,490,704,252,"1,304",666,292,359,26,852,407,"6,081"
2021,Bihar,KATIHAR - BR39( 23-JAN-2018 ),1,HEAVY GOODS VEHICLE,1,0,7,14,0,2,3,4,5,1,4,1,42
2021,Bihar,KATIHAR - BR39( 23-JAN-2018 ),2,HEAVY PASSENGER VEHICLE,0,0,11,2,0,1,0,0,0,0,0,0,14
2021,Bihar,KATIHAR - BR39( 23-JAN-2018 ),3,LIGHT GOODS VEHICLE,65,38,43,33,0,2,103,46,45,1,17,88,481
2021,Bihar,KATIHAR - BR39( 23-JAN-2018 ),4,LIGHT MOTOR VEHICLE,4,12,5,9,0,5,8,6,12,1,10,8,80
2021,Bihar,KATIHAR - BR39( 23-JAN-2018 ),5,LIGHT PASSENGER VEHICLE,0,0,1,0,0,6,1,1,1,0,0,1,11
2021,Bihar,KATIHAR - BR39( 23-JAN-2018 ),6,MEDIUM MOTOR VEHICLE,0,0,0,0,0,0,0,0,0,0,0,1,1
2021,Bihar,KATIHAR - BR39( 23-JAN-2018 ),7,MEDIUM PASSENGER VEHICLE,0,0,1,1,0,0,1,0,0,0,0,0,3
2021,Bihar,KATIHAR - BR39( 23-JAN-2018 ),8,OTHER THAN MENTIONED ABOVE,6,4,7,4,0,1,1,4,1,0,0,3,31
2021,Bihar,KATIHAR - BR39( 23-JAN-2018 ),9,THREE WHEELER(T),82,66,75,32,0,21,42,29,56,9,54,51,517
2021,Bihar,KATIHAR - BR39( 23-JAN-2018 ),10,TWO WHEELER(NT),322,407,490,704,252,"1,304",666,292,359,26,852,407,"6,081"
2021,Bihar,KHAGARIA - BR34( 01-FEB-2018 ),1,HEAVY GOODS VEHICLE,1,0,7,14,0,2,3,4,5,1,4,1,42
2021,Bihar,KHAGARIA - BR34( 01-FEB-2018 ),2,HEAVY PASSENGER VEHICLE,0,0,11,2,0,1,0,0,0,0,0,0,14
2021,Bihar,KHAGARIA - BR34( 01-FEB-2018 ),3,LIGHT GOODS VEHICLE,65,38,43,33,0,2,103,46,45,1,17,88,481
2021,Bihar,KHAGARIA - BR34( 01-FEB-2018 ),4,LIGHT MOTOR VEHICLE,4,12,5,9,0,5,8,6,12,1,10,8,80
2021,Bihar,KHAGARIA - BR34( 01-FEB-2018 ),5,LIGHT PASSENGER VEHICLE,0,0,1,0,0,6,1,1,1,0,0,1,11
2021,Bihar,KHAGARIA - BR34( 01-FEB-2018 ),6,MEDIUM MOTOR VEHICLE,0,0,0,0,0,0,0,0,0,0,0,1,1
2021,Bihar,KHAGARIA - BR34( 01-FEB-2018 ),7,MEDIUM PASSENGER VEHICLE,0,0,1,1,0,0,1,0,0,0,0,0,3
2021,Bihar,KHAGARIA - BR34( 01-FEB-2018 ),8,OTHER THAN MENTIONED ABOVE,6,4,7,4,0,1,1,4,1,0,0,3,31
2021,Bihar,KHAGARIA - BR34( 01-FEB-2018 ),9,THREE WHEELER(T),82,66,75,32,0,21,42,29,56,9,54,51,517
2021,Bihar,KHAGARIA - BR34( 01-FEB-2018 ),10,TWO WHEELER(NT),322,407,490,704,252,"1,304",666,292,359,26,852,407,"6,081"
2021,Bihar,KISHANGANJ - BR37( 07-FEB-2018 ),1,HEAVY GOODS VEHICLE,1,0,7,14,0,2,3,4,5,1,4,1,42
2021,Bihar,KISHANGANJ - BR37( 07-FEB-2018 ),2,HEAVY PASSENGER VEHICLE,0,0,11,2,0,1,0,0,0,0,0,0,14
2021,Bihar,KISHANGANJ - BR37( 07-FEB-2018 ),3,LIGHT GOODS VEHICLE,65,38,43,33,0,2,103,46,45,1,17,88,481
2021,Bihar,KISHANGANJ - BR37( 07-FEB-2018 ),4,LIGHT MOTOR VEHICLE,4,12,5,9,0,5,8,6,12,1,10,8,80
2021,Bihar,KISHANGANJ - BR37( 07-FEB-2018 ),5,LIGHT PASSENGER VEHICLE,0,0,1,0,0,6,1,1,1,0,0,1,11
2021,Bihar,KISHANGANJ - BR37( 07-FEB-2018 ),6,MEDIUM MOTOR VEHICLE,0,0,0,0,0,0,0,0,0,0,0,1,1
2021,Bihar,KISHANGANJ - BR37( 07-FEB-2018 ),7,MEDIUM PASSENGER VEHICLE,0,0,1,1,0,0,1,0,0,0,0,0,3
2021,Bihar,KISHANGANJ - BR37( 07-FEB-2018 ),8,OTHER THAN MENTIONED ABOVE,6,4,7,4,0,1,1,4,1,0,0,3,31
2021,Bihar,KISHANGANJ - BR37( 07-FEB-2018 ),9,THREE WHEELER(T),82,66,75,32,0,21,42,29,56,9,54,51,517
2021,Bihar,KISHANGANJ - BR37( 07-FEB-2018 ),10,TWO WHEELER(NT),322,407,490,704,252,"1,304",666,292,359,26,852,407,"6,081"
2021,Bihar,LAKHISARAI - BR53( 27-JAN-2017 ),1,HEAVY GOODS VEHICLE,6,3,3,4,4,1,1,0,1,0,0,2,25
2021,Bihar,LAKHISARAI - BR53( 27-JAN-2017 ),2,HEAVY PASSENGER VEHICLE,0,0,1,2,0,0,0,0,0,0,0,1,4
2021,Bihar,LAKHISARAI - BR53( 27-JAN-2017 ),3,LIGHT GOODS VEHICLE,38,31,125,28,19,39,34,49,12,29,20,23,447
2021,Bihar,LAKHISARAI - BR53( 27-JAN-2017 ),4,LIGHT MOTOR VEHICLE,10,12,14,14,10,11,15,13,14,18,15,17,163
2021,Bihar,LAKHISARAI - BR53( 27-JAN-2017 ),5,LIGHT PASSENGER VEHICLE,1,1,1,1,0,0,6,3,4,1,2,1,21
2021,Bihar,LAKHISARAI - BR53( 27-JAN-2017 ),6,MEDIUM GOODS VEHICLE,0,0,1,0,0,0,0,0,0,0,0,0,1
2021,Bihar,LAKHISARAI - BR53( 27-JAN-2017 ),7,MEDIUM MOTOR VEHICLE,0,0,1,0,0,1,0,0,2,0,0,0,4
2021,Bihar,LAKHISARAI - BR53( 27-JAN-2017 ),8,MEDIUM PASSENGER VEHICLE,0,0,0,0,0,0,0,0,0,0,0,1,1
2021,Bihar,LAKHISARAI - BR53( 27-JAN-2017 ),9,OTHER THAN MENTIONED ABOVE,0,0,1,0,1,0,0,1,0,0,0,0,3
2021,Bihar,LAKHISARAI - BR53( 27-JAN-2017 ),10,THREE WHEELER(T),81,65,83,14,3,5,52,39,25,69,30,57,523
2021,Bihar,LAKHISARAI - BR53( 27-JAN-2017 ),11,TWO WHEELER(NT),253,304,425,315,340,455,514,245,222,248,587,385,"4,293"
2021,Bihar,MADHEPURA - BR43( 02-JUN-2017 ),1,HEAVY GOODS VEHICLE,1,5,0,1,0,0,1,0,0,0,0,0,8
2021,Bihar,MADHEPURA - BR43( 02-JUN-2017 ),2,HEAVY PASSENGER VEHICLE,0,0,0,1,0,0,0,2,0,2,0,0,5
2021,Bihar,MADHEPURA - BR43( 02-JUN-2017 ),3,LIGHT GOODS VEHICLE,92,58,92,43,18,80,123,114,44,53,62,43,822
2021,Bihar,MADHEPURA - BR43( 02-JUN-2017 ),4,LIGHT MOTOR VEHICLE,38,24,97,27,7,45,58,70,25,62,33,31,517
2021,Bihar,MADHEPURA - BR43( 02-JUN-2017 ),5,LIGHT PASSENGER VEHICLE,1,0,1,0,0,0,5,2,1,0,0,1,11
2021,Bihar,MADHEPURA - BR43( 02-JUN-2017 ),6,MEDIUM MOTOR VEHICLE,0,0,0,0,2,0,0,0,0,0,0,0,2
2021,Bihar,MADHEPURA - BR43( 02-JUN-2017 ),7,MEDIUM PASSENGER VEHICLE,0,0,1,0,0,0,0,0,0,0,0,0,1
2021,Bihar,MADHEPURA - BR43( 02-JUN-2017 ),8,OTHER THAN MENTIONED ABOVE,0,0,0,0,0,1,0,0,1,0,0,0,2
2021,Bihar,MADHEPURA - BR43( 02-JUN-2017 ),9,THREE WHEELER(T),128,111,61,52,0,33,51,55,35,45,73,67,711
2021,Bihar,MADHEPURA - BR43( 02-JUN-2017 ),10,TWO WHEELER(NT),"1,563","1,904","1,962","1,606",989,"1,710","1,957","1,722","1,494","1,018","2,544","1,646","20,115"
2021,Bihar,MADHUBANI - BR32( 01-FEB-2018 ),1,HEAVY GOODS VEHICLE,1,1,0,1,1,0,0,0,1,0,1,1,7
2021,Bihar,MADHUBANI - BR32( 01-FEB-2018 ),2,LIGHT GOODS VEHICLE,161,134,149,113,9,46,83,132,50,105,90,113,"1,185"
2021,Bihar,MADHUBANI - BR32( 01-FEB-2018 ),3,LIGHT MOTOR VEHICLE,27,24,45,26,7,27,30,32,34,32,56,32,372
2021,Bihar,MADHUBANI - BR32( 01-FEB-2018 ),4,LIGHT PASSENGER VEHICLE,1,5,4,0,1,0,3,11,5,4,2,2,38
2021,Bihar,MADHUBANI - BR32( 01-FEB-2018 ),5,MEDIUM GOODS VEHICLE,0,2,0,0,3,0,0,0,0,0,0,0,5
2021,Bihar,MADHUBANI - BR32( 01-FEB-2018 ),6,MEDIUM PASSENGER VEHICLE,0,2,1,0,0,0,0,0,0,0,0,0,3
2021,Bihar,MADHUBANI - BR32( 01-FEB-2018 ),7,OTHER THAN MENTIONED ABOVE,0,1,0,1,1,1,1,1,0,1,1,0,8
2021,Bihar,MADHUBANI - BR32( 01-FEB-2018 ),8,THREE WHEELER(T),151,122,81,37,4,24,41,62,84,70,60,77,813
2021,Bihar,MADHUBANI - BR32( 01-FEB-2018 ),9,TWO WHEELER(NT),"1,740","3,490","2,464","3,136","1,816","3,413","2,300","1,881","1,451","1,608","3,368","2,262","28,929"
2021,Bihar,MOTIHARI - BR5( 05-JUL-2017 ),1,HEAVY GOODS VEHICLE,3,0,0,3,0,2,1,1,0,0,0,4,14
2021,Bihar,MOTIHARI - BR5( 05-JUL-2017 ),2,HEAVY MOTOR VEHICLE,0,0,1,0,0,0,0,0,0,0,0,0,1
2021,Bihar,MOTIHARI - BR5( 05-JUL-2017 ),3,HEAVY PASSENGER VEHICLE,0,0,0,0,0,0,0,0,1,0,0,0,1
2021,Bihar,MOTIHARI - BR5( 05-JUL-2017 ),4,LIGHT GOODS VEHICLE,76,76,115,79,9,58,46,55,40,36,46,55,691
2021,Bihar,MOTIHARI - BR5( 05-JUL-2017 ),5,LIGHT MOTOR VEHICLE,321,202,318,153,69,272,215,222,203,241,257,282,"2,755"
2021,Bihar,MOTIHARI - BR5( 05-JUL-2017 ),6,LIGHT PASSENGER VEHICLE,0,3,0,2,1,3,8,7,7,1,8,11,51
2021,Bihar,MOTIHARI - BR5( 05-JUL-2017 ),7,MEDIUM GOODS VEHICLE,1,0,3,2,0,0,0,0,0,1,0,0,7
2021,Bihar,MOTIHARI - BR5( 05-JUL-2017 ),8,MEDIUM MOTOR VEHICLE,1,3,0,0,0,0,3,1,3,7,3,10,31
2021,Bihar,MOTIHARI - BR5( 05-JUL-2017 ),9,MEDIUM PASSENGER VEHICLE,0,1,1,0,0,0,1,0,0,1,3,2,9
2021,Bihar,MOTIHARI - BR5( 05-JUL-2017 ),10,OTHER THAN MENTIONED ABOVE,3,9,10,5,2,3,4,2,5,0,0,0,43
2021,Bihar,MOTIHARI - BR5( 05-JUL-2017 ),11,THREE WHEELER(T),161,214,176,113,7,34,68,117,91,130,94,129,"1,334"
2021,Bihar,MOTIHARI - BR5( 05-JUL-2017 ),12,TWO WHEELER(NT),"2,840","3,371","4,016","3,004","2,902","4,273","4,411","2,281","2,192","2,376","4,493","5,514","41,673"
2021,Bihar,MUNGER - BR8( 06-FEB-2018 ),1,HEAVY GOODS VEHICLE,3,0,1,1,0,0,0,1,1,2,0,1,10
2021,Bihar,MUNGER - BR8( 06-FEB-2018 ),2,HEAVY MOTOR VEHICLE,0,0,1,0,0,0,0,0,0,0,0,0,1
2021,Bihar,MUNGER - BR8( 06-FEB-2018 ),3,LIGHT GOODS VEHICLE,41,19,19,17,13,28,37,6,11,29,19,10,249
2021,Bihar,MUNGER - BR8( 06-FEB-2018 ),4,LIGHT MOTOR VEHICLE,12,12,26,9,6,20,17,16,8,20,19,31,196
2021,Bihar,MUNGER - BR8( 06-FEB-2018 ),5,LIGHT PASSENGER VEHICLE,0,0,0,0,0,0,9,5,2,2,1,1,20
2021,Bihar,MUNGER - BR8( 06-FEB-2018 ),6,MEDIUM MOTOR VEHICLE,1,1,0,2,0,0,0,0,0,0,1,0,5
2021,Bihar,MUNGER - BR8( 06-FEB-2018 ),7,MEDIUM PASSENGER VEHICLE,0,0,0,0,0,0,0,0,0,0,1,0,1
2021,Bihar,MUNGER - BR8( 06-FEB-2018 ),8,OTHER THAN MENTIONED ABOVE,0,0,1,0,0,0,0,0,0,0,0,0,1
2021,Bihar,MUNGER - BR8( 06-FEB-2018 ),9,THREE WHEELER(T),70,19,75,15,7,30,47,44,50,55,46,63,521
2021,Bihar,MUNGER - BR8( 06-FEB-2018 ),10,TWO WHEELER(NT),547,491,591,470,456,698,672,678,408,630,"1,049",713,"7,403"
2021,Bihar,MUZAFFARPUR - BR6( 01-FEB-2018 ),1,FOUR WHEELER (INVALID CARRIAGE),0,0,0,0,0,0,0,0,0,2,0,0,2
2021,Bihar,MUZAFFARPUR - BR6( 01-FEB-2018 ),2,HEAVY GOODS VEHICLE,40,40,69,39,8,24,14,24,6,19,13,11,307
2021,Bihar,MUZAFFARPUR - BR6( 01-FEB-2018 ),3,HEAVY PASSENGER VEHICLE,1,15,36,13,4,4,4,11,1,6,7,7,109
2021,Bihar,MUZAFFARPUR - BR6( 01-FEB-2018 ),4,LIGHT GOODS VEHICLE,239,181,247,175,80,132,120,127,125,155,148,166,"1,895"
2021,Bihar,MUZAFFARPUR - BR6( 01-FEB-2018 ),5,LIGHT MOTOR VEHICLE,873,942,"1,017",948,308,916,696,620,476,814,"1,019",657,"9,286"
2021,Bihar,MUZAFFARPUR - BR6( 01-FEB-2018 ),6,LIGHT PASSENGER VEHICLE,9,9,25,12,6,6,14,12,12,14,8,9,136
2021,Bihar,MUZAFFARPUR - BR6( 01-FEB-2018 ),7,MEDIUM GOODS VEHICLE,7,7,9,9,1,1,6,0,4,1,5,3,53
2021,Bihar,MUZAFFARPUR - BR6( 01-FEB-2018 ),8,MEDIUM MOTOR VEHICLE,0,0,0,0,0,0,0,0,0,2,3,5,10
2021,Bihar,MUZAFFARPUR - BR6( 01-FEB-2018 ),9,MEDIUM PASSENGER VEHICLE,9,9,20,9,1,1,4,0,2,1,0,0,56
2021,Bihar,MUZAFFARPUR - BR6( 01-FEB-2018 ),10,OTHER THAN MENTIONED ABOVE,12,12,17,9,3,2,0,5,2,4,3,1,70
2021,Bihar,MUZAFFARPUR - BR6( 01-FEB-2018 ),11,THREE WHEELER(T),235,144,223,115,23,57,75,127,117,181,141,197,"1,635"
2021,Bihar,MUZAFFARPUR - BR6( 01-FEB-2018 ),12,TWO WHEELER(NT),"4,146","4,181","5,165","5,654","3,123","7,438","4,043","3,673","2,333","4,717","7,617","4,280","56,370"
2021,Bihar,NALANDA - BR21( 01-FEB-2018 ),1,HEAVY GOODS VEHICLE,5,6,11,4,1,6,1,2,4,3,1,3,47
2021,Bihar,NALANDA - BR21( 01-FEB-2018 ),2,HEAVY MOTOR VEHICLE,0,0,1,0,0,0,0,0,0,0,0,0,1
2021,Bihar,NALANDA - BR21( 01-FEB-2018 ),3,HEAVY PASSENGER VEHICLE,2,0,5,3,0,4,2,5,3,6,2,4,36
2021,Bihar,NALANDA - BR21( 01-FEB-2018 ),4,LIGHT GOODS VEHICLE,139,159,182,95,42,108,189,141,122,167,164,159,"1,667"
2021,Bihar,NALANDA - BR21( 01-FEB-2018 ),5,LIGHT MOTOR VEHICLE,53,77,55,53,14,55,55,60,60,70,49,53,654
2021,Bihar,NALANDA - BR21( 01-FEB-2018 ),6,LIGHT PASSENGER VEHICLE,2,2,4,1,1,26,7,5,6,2,1,6,63
2021,Bihar,NALANDA - BR21( 01-FEB-2018 ),7,MEDIUM GOODS VEHICLE,0,0,0,0,0,0,0,0,1,1,1,0,3
2021,Bihar,NALANDA - BR21( 01-FEB-2018 ),8,MEDIUM MOTOR VEHICLE,0,1,3,4,0,1,0,0,2,2,3,4,20
2021,Bihar,NALANDA - BR21( 01-FEB-2018 ),9,MEDIUM PASSENGER VEHICLE,0,7,0,0,0,0,0,0,0,0,0,1,8
2021,Bihar,NALANDA - BR21( 01-FEB-2018 ),10,OTHER THAN MENTIONED ABOVE,6,2,15,14,6,2,4,10,4,4,1,3,71
2021,Bihar,NALANDA - BR21( 01-FEB-2018 ),11,THREE WHEELER(T),204,195,213,91,21,63,316,167,190,177,163,181,"1,981"
2021,Bihar,NALANDA - BR21( 01-FEB-2018 ),12,TWO WHEELER(NT),"1,160","1,482","1,759","2,543","2,849","2,486","1,467","1,167","1,180","1,001","2,302","1,032","20,428"
2021,Bihar,NAWADA - BR27( 30-JAN-2018 ),1,HEAVY GOODS VEHICLE,5,6,11,4,1,6,1,2,4,3,1,3,47
2021,Bihar,NAWADA - BR27( 30-JAN-2018 ),2,HEAVY MOTOR VEHICLE,0,0,1,0,0,0,0,0,0,0,0,0,1
2021,Bihar,NAWADA - BR27( 30-JAN-2018 ),3,HEAVY PASSENGER VEHICLE,2,0,5,3,0,4,2,5,3,6,2,4,36
2021,Bihar,NAWADA - BR27( 30-JAN-2018 ),4,LIGHT GOODS VEHICLE,139,159,182,95,42,108,189,141,122,167,164,159,"1,667"
2021,Bihar,NAWADA - BR27( 30-JAN-2018 ),5,LIGHT MOTOR VEHICLE,53,77,55,53,14,55,55,60,60,70,49,53,654
2021,Bihar,NAWADA - BR27( 30-JAN-2018 ),6,LIGHT PASSENGER VEHICLE,2,2,4,1,1,26,7,5,6,2,1,6,63
2021,Bihar,NAWADA - BR27( 30-JAN-2018 ),7,MEDIUM GOODS VEHICLE,0,0,0,0,0,0,0,0,1,1,1,0,3
2021,Bihar,NAWADA - BR27( 30-JAN-2018 ),8,MEDIUM MOTOR VEHICLE,0,1,3,4,0,1,0,0,2,2,3,4,20
2021,Bihar,NAWADA - BR27( 30-JAN-2018 ),9,MEDIUM PASSENGER VEHICLE,0,7,0,0,0,0,0,0,0,0,0,1,8
2021,Bihar,NAWADA - BR27( 30-JAN-2018 ),10,OTHER THAN MENTIONED ABOVE,6,2,15,14,6,2,4,10,4,4,1,3,71
2021,Bihar,NAWADA - BR27( 30-JAN-2018 ),11,THREE WHEELER(T),204,195,213,91,21,63,316,167,190,177,163,181,"1,981"
2021,Bihar,NAWADA - BR27( 30-JAN-2018 ),12,TWO WHEELER(NT),"1,160","1,482","1,759","2,543","2,849","2,486","1,467","1,167","1,180","1,001","2,302","1,032","20,428"
2021,Bihar,PATNA - BR1( 02-FEB-2018 ),1,HEAVY GOODS VEHICLE,5,6,11,4,1,6,1,2,4,3,1,3,47
2021,Bihar,PATNA - BR1( 02-FEB-2018 ),2,HEAVY MOTOR VEHICLE,0,0,1,0,0,0,0,0,0,0,0,0,1
2021,Bihar,PATNA - BR1( 02-FEB-2018 ),3,HEAVY PASSENGER VEHICLE,2,0,5,3,0,4,2,5,3,6,2,4,36
2021,Bihar,PATNA - BR1( 02-FEB-2018 ),4,LIGHT GOODS VEHICLE,139,159,182,95,42,108,189,141,122,167,164,159,"1,667"
2021,Bihar,PATNA - BR1( 02-FEB-2018 ),5,LIGHT MOTOR VEHICLE,53,77,55,53,14,55,55,60,60,70,49,53,654
2021,Bihar,PATNA - BR1( 02-FEB-2018 ),6,LIGHT PASSENGER VEHICLE,2,2,4,1,1,26,7,5,6,2,1,6,63
2021,Bihar,PATNA - BR1( 02-FEB-2018 ),7,MEDIUM GOODS VEHICLE,0,0,0,0,0,0,0,0,1,1,1,0,3
2021,Bihar,PATNA - BR1( 02-FEB-2018 ),8,MEDIUM MOTOR VEHICLE,0,1,3,4,0,1,0,0,2,2,3,4,20
2021,Bihar,PATNA - BR1( 02-FEB-2018 ),9,MEDIUM PASSENGER VEHICLE,0,7,0,0,0,0,0,0,0,0,0,1,8
2021,Bihar,PATNA - BR1( 02-FEB-2018 ),10,OTHER THAN MENTIONED ABOVE,6,2,15,14,6,2,4,10,4,4,1,3,71
2021,Bihar,PATNA - BR1( 02-FEB-2018 ),11,THREE WHEELER(T),204,195,213,91,21,63,316,167,190,177,163,181,"1,981"
2021,Bihar,PATNA - BR1( 02-FEB-2018 ),12,TWO WHEELER(NT),"1,160","1,482","1,759","2,543","2,849","2,486","1,467","1,167","1,180","1,001","2,302","1,032","20,428"
2021,Bihar,PURNEA - BR11( 23-JAN-2018 ),1,HEAVY GOODS VEHICLE,14,13,3,5,3,2,9,5,1,3,6,4,68
2021,Bihar,PURNEA - BR11( 23-JAN-2018 ),2,HEAVY MOTOR VEHICLE,0,0,1,0,0,0,0,0,0,0,0,0,1
2021,Bihar,PURNEA - BR11( 23-JAN-2018 ),3,HEAVY PASSENGER VEHICLE,1,0,11,1,1,0,0,1,1,4,1,3,24
2021,Bihar,PURNEA - BR11( 23-JAN-2018 ),4,LIGHT GOODS VEHICLE,343,318,339,166,109,306,384,129,287,224,181,230,"3,016"
2021,Bihar,PURNEA - BR11( 23-JAN-2018 ),5,LIGHT MOTOR VEHICLE,481,529,427,388,262,430,498,531,405,506,649,576,"5,682"
2021,Bihar,PURNEA - BR11( 23-JAN-2018 ),6,LIGHT PASSENGER VEHICLE,4,12,7,5,6,9,10,14,11,6,10,5,99
2021,Bihar,PURNEA - BR11( 23-JAN-2018 ),7,MEDIUM GOODS VEHICLE,2,2,0,0,0,0,1,0,1,0,0,0,6
2021,Bihar,PURNEA - BR11( 23-JAN-2018 ),8,MEDIUM MOTOR VEHICLE,89,70,78,39,16,22,23,19,27,25,24,19,451
2021,Bihar,PURNEA - BR11( 23-JAN-2018 ),9,MEDIUM PASSENGER VEHICLE,0,0,0,0,0,0,0,0,1,1,2,0,4
2021,Bihar,PURNEA - BR11( 23-JAN-2018 ),10,OTHER THAN MENTIONED ABOVE,0,0,1,2,0,0,0,0,0,1,1,0,5
2021,Bihar,PURNEA - BR11( 23-JAN-2018 ),11,THREE WHEELER(T),222,152,271,175,27,89,138,176,162,154,281,198,"2,045"
2021,Bihar,PURNEA - BR11( 23-JAN-2018 ),12,TWO WHEELER(NT),"2,203","2,528","3,016","2,365","1,000","4,004","3,398","3,028","2,508","1,787","3,452","2,822","32,111"
2021,Bihar,ROHTAS - BR24( 09-FEB-2018 ),1,HEAVY GOODS VEHICLE,4,8,8,13,4,9,8,5,1,5,7,1,73
2021,Bihar,ROHTAS - BR24( 09-FEB-2018 ),2,HEAVY MOTOR VEHICLE,0,0,0,0,0,0,0,0,0,1,0,0,1
2021,Bihar,ROHTAS - BR24( 09-FEB-2018 ),3,HEAVY PASSENGER VEHICLE,1,4,7,1,0,2,2,0,0,0,0,1,18
2021,Bihar,ROHTAS - BR24( 09-FEB-2018 ),4,LIGHT GOODS VEHICLE,182,307,280,133,38,107,44,323,110,117,83,178,"1,902"
2021,Bihar,ROHTAS - BR24( 09-FEB-2018 ),5,LIGHT MOTOR VEHICLE,109,122,126,88,48,112,79,146,68,88,135,118,"1,239"
2021,Bihar,ROHTAS - BR24( 09-FEB-2018 ),6,LIGHT PASSENGER VEHICLE,5,5,6,1,2,6,9,12,9,0,6,2,63
2021,Bihar,ROHTAS - BR24( 09-FEB-2018 ),7,MEDIUM GOODS VEHICLE,1,1,0,0,0,1,0,1,3,0,1,0,8
2021,Bihar,ROHTAS - BR24( 09-FEB-2018 ),8,MEDIUM MOTOR VEHICLE,1,0,0,0,0,1,0,2,0,3,0,0,7
2021,Bihar,ROHTAS - BR24( 09-FEB-2018 ),9,MEDIUM PASSENGER VEHICLE,1,1,0,4,0,0,0,0,0,0,1,0,7
2021,Bihar,ROHTAS - BR24( 09-FEB-2018 ),10,OTHER THAN MENTIONED ABOVE,10,9,88,20,3,1,10,31,6,5,3,0,186
2021,Bihar,ROHTAS - BR24( 09-FEB-2018 ),11,THREE WHEELER(T),107,120,62,23,2,16,25,81,59,50,64,80,689
2021,Bihar,ROHTAS - BR24( 09-FEB-2018 ),12,TWO WHEELER(NT),"1,685","1,929","2,018","1,746","1,527","2,806","1,415","1,368","1,156","1,367","2,377","1,675","21,069"
2021,Bihar,SAHARSA - BR19( 29-JAN-2018 ),1,HEAVY GOODS VEHICLE,0,0,5,1,0,5,0,0,0,0,2,1,14
2021,Bihar,SAHARSA - BR19( 29-JAN-2018 ),2,HEAVY PASSENGER VEHICLE,0,3,1,0,0,1,0,0,9,3,0,3,20
2021,Bihar,SAHARSA - BR19( 29-JAN-2018 ),3,LIGHT GOODS VEHICLE,61,82,114,42,28,68,62,48,28,50,57,80,720
2021,Bihar,SAHARSA - BR19( 29-JAN-2018 ),4,LIGHT MOTOR VEHICLE,38,29,31,35,37,46,65,43,73,62,48,56,563
2021,Bihar,SAHARSA - BR19( 29-JAN-2018 ),5,LIGHT PASSENGER VEHICLE,1,1,1,1,0,1,11,13,6,5,2,10,52
2021,Bihar,SAHARSA - BR19( 29-JAN-2018 ),6,MEDIUM GOODS VEHICLE,0,0,1,0,0,1,0,0,1,0,0,0,3
2021,Bihar,SAHARSA - BR19( 29-JAN-2018 ),7,MEDIUM MOTOR VEHICLE,0,0,2,0,0,0,0,0,0,0,0,1,3
2021,Bihar,SAHARSA - BR19( 29-JAN-2018 ),8,MEDIUM PASSENGER VEHICLE,0,0,0,0,0,0,0,2,0,0,1,0,3
2021,Bihar,SAHARSA - BR19( 29-JAN-2018 ),9,OTHER THAN MENTIONED ABOVE,0,0,1,0,1,1,1,0,0,0,0,0,4
2021,Bihar,SAHARSA - BR19( 29-JAN-2018 ),10,THREE WHEELER(T),98,65,87,21,12,32,89,59,58,47,47,94,709
2021,Bihar,SAHARSA - BR19( 29-JAN-2018 ),11,TWO WHEELER(NT),863,"1,280","1,165","1,206",591,"1,296","1,060",781,745,637,"1,469",894,"11,987"
2021,Bihar,SAMASTIPUR - BR33( 06-JUL-2017 ),1,HEAVY GOODS VEHICLE,2,6,1,1,0,2,0,0,1,0,1,1,15
2021,Bihar,SAMASTIPUR - BR33( 06-JUL-2017 ),2,HEAVY MOTOR VEHICLE,1,0,1,0,0,0,0,0,0,0,0,0,2
2021,Bihar,SAMASTIPUR - BR33( 06-JUL-2017 ),3,HEAVY PASSENGER VEHICLE,0,0,0,0,0,0,0,0,0,0,1,0,1
2021,Bihar,SAMASTIPUR - BR33( 06-JUL-2017 ),4,LIGHT GOODS VEHICLE,103,122,99,86,58,88,87,47,64,85,51,79,969
2021,Bihar,SAMASTIPUR - BR33( 06-JUL-2017 ),5,LIGHT MOTOR VEHICLE,121,126,93,84,34,100,101,118,85,90,125,141,"1,218"
2021,Bihar,SAMASTIPUR - BR33( 06-JUL-2017 ),6,LIGHT PASSENGER VEHICLE,1,2,2,7,1,1,10,3,1,3,1,2,34
2021,Bihar,SAMASTIPUR - BR33( 06-JUL-2017 ),7,MEDIUM GOODS VEHICLE,0,0,1,0,0,0,0,0,0,0,0,0,1
2021,Bihar,SAMASTIPUR - BR33( 06-JUL-2017 ),8,MEDIUM MOTOR VEHICLE,0,2,0,0,1,0,1,0,0,0,0,0,4
2021,Bihar,SAMASTIPUR - BR33( 06-JUL-2017 ),9,OTHER THAN MENTIONED ABOVE,1,1,2,3,1,1,2,1,0,0,0,1,13
2021,Bihar,SAMASTIPUR - BR33( 06-JUL-2017 ),10,THREE WHEELER(T),125,101,125,59,22,42,112,169,195,159,178,176,"1,463"
2021,Bihar,SAMASTIPUR - BR33( 06-JUL-2017 ),11,TWO WHEELER(NT),"2,409","2,665","2,937","3,850","2,397","4,951","3,172","2,119","2,144","2,119","5,962","2,643","37,368"
2021,Bihar,SHEIKHPURA - BR52( 17-JUL-2017 ),1,HEAVY GOODS VEHICLE,1,24,2,3,0,1,3,2,1,0,2,0,39
2021,Bihar,SHEIKHPURA - BR52( 17-JUL-2017 ),2,HEAVY PASSENGER VEHICLE,0,0,0,1,0,1,0,0,0,0,0,1,3
2021,Bihar,SHEIKHPURA - BR52( 17-JUL-2017 ),3,LIGHT GOODS VEHICLE,32,64,84,32,2,53,35,91,48,27,24,49,541
2021,Bihar,SHEIKHPURA - BR52( 17-JUL-2017 ),4,LIGHT MOTOR VEHICLE,10,13,15,8,2,12,6,23,4,13,9,5,120
2021,Bihar,SHEIKHPURA - BR52( 17-JUL-2017 ),5,LIGHT PASSENGER VEHICLE,2,0,1,0,0,2,0,2,0,1,0,1,9
2021,Bihar,SHEIKHPURA - BR52( 17-JUL-2017 ),6,MEDIUM GOODS VEHICLE,0,0,0,1,0,0,0,0,0,0,0,0,1
2021,Bihar,SHEIKHPURA - BR52( 17-JUL-2017 ),7,MEDIUM MOTOR VEHICLE,0,0,0,0,0,0,0,0,0,0,1,0,1
2021,Bihar,SHEIKHPURA - BR52( 17-JUL-2017 ),8,OTHER THAN MENTIONED ABOVE,5,3,5,0,0,9,0,3,2,0,0,0,27
2021,Bihar,SHEIKHPURA - BR52( 17-JUL-2017 ),9,THREE WHEELER(T),72,33,24,5,1,30,20,33,36,28,30,41,353
2021,Bihar,SHEIKHPURA - BR52( 17-JUL-2017 ),10,TWO WHEELER(NT),220,148,394,318,517,559,269,189,129,202,381,163,"3,489"
2021,Bihar,SHEOHAR - BR55( 07-JUN-2017 ),1,HEAVY GOODS VEHICLE,0,0,0,0,0,0,0,0,1,0,0,0,1
2021,Bihar,SHEOHAR - BR55( 07-JUN-2017 ),2,HEAVY PASSENGER VEHICLE,0,0,1,0,0,0,0,0,0,0,0,0,1
2021,Bihar,SHEOHAR - BR55( 07-JUN-2017 ),3,LIGHT GOODS VEHICLE,3,9,6,5,1,6,0,4,0,3,8,7,52
2021,Bihar,SHEOHAR - BR55( 07-JUN-2017 ),4,LIGHT MOTOR VEHICLE,3,8,12,4,3,20,8,10,1,2,11,12,94
2021,Bihar,SHEOHAR - BR55( 07-JUN-2017 ),5,LIGHT PASSENGER VEHICLE,0,0,0,0,0,0,1,2,0,0,0,0,3
2021,Bihar,SHEOHAR - BR55( 07-JUN-2017 ),6,OTHER THAN MENTIONED ABOVE,0,2,1,1,0,0,0,0,1,1,0,0,6
2021,Bihar,SHEOHAR - BR55( 07-JUN-2017 ),7,THREE WHEELER(T),4,6,1,1,1,3,5,1,0,4,2,0,28
2021,Bihar,SHEOHAR - BR55( 07-JUN-2017 ),8,TWO WHEELER(NT),135,158,195,188,176,344,75,105,143,109,290,139,"2,057"
2021,Bihar,SITAMARHI - BR30( 29-JAN-2018 ),1,HEAVY GOODS VEHICLE,0,1,0,0,0,0,2,0,0,0,0,0,3
2021,Bihar,SITAMARHI - BR30( 29-JAN-2018 ),2,HEAVY PASSENGER VEHICLE,1,0,3,0,0,0,0,0,0,4,0,1,9
2021,Bihar,SITAMARHI - BR30( 29-JAN-2018 ),3,LIGHT GOODS VEHICLE,67,40,125,33,3,54,10,41,14,28,14,49,478
2021,Bihar,SITAMARHI - BR30( 29-JAN-2018 ),4,LIGHT MOTOR VEHICLE,84,62,77,78,9,155,105,30,18,46,36,84,784
2021,Bihar,SITAMARHI - BR30( 29-JAN-2018 ),5,LIGHT PASSENGER VEHICLE,1,0,0,1,0,1,7,7,2,4,0,0,23
2021,Bihar,SITAMARHI - BR30( 29-JAN-2018 ),6,MEDIUM GOODS VEHICLE,0,0,0,0,0,1,0,1,0,0,0,0,2
2021,Bihar,SITAMARHI - BR30( 29-JAN-2018 ),7,MEDIUM MOTOR VEHICLE,0,0,0,0,0,0,0,1,4,2,2,8,17
2021,Bihar,SITAMARHI - BR30( 29-JAN-2018 ),8,MEDIUM PASSENGER VEHICLE,0,0,0,0,0,0,0,0,2,1,0,0,3
2021,Bihar,SITAMARHI - BR30( 29-JAN-2018 ),9,OTHER THAN MENTIONED ABOVE,11,5,9,1,2,3,1,2,0,0,0,0,34
2021,Bihar,SITAMARHI - BR30( 29-JAN-2018 ),10,THREE WHEELER(T),116,90,87,41,1,37,52,34,27,27,48,62,622
2021,Bihar,SITAMARHI - BR30( 29-JAN-2018 ),11,TWO WHEELER(NT),"1,820","2,110","2,202","2,089","1,859","2,792","1,611","1,159",926,"1,417","3,038","1,682","22,705"
2021,Bihar,SIWAN - BR29( 29-JAN-2018 ),1,HEAVY GOODS VEHICLE,1,1,5,0,0,1,1,1,2,3,2,1,18
2021,Bihar,SIWAN - BR29( 29-JAN-2018 ),2,HEAVY MOTOR VEHICLE,1,0,0,0,0,0,0,0,0,0,0,0,1
2021,Bihar,SIWAN - BR29( 29-JAN-2018 ),3,HEAVY PASSENGER VEHICLE,1,3,0,3,0,0,0,0,0,0,0,0,7
2021,Bihar,SIWAN - BR29( 29-JAN-2018 ),4,LIGHT GOODS VEHICLE,62,90,114,64,6,79,88,63,28,39,34,48,715
2021,Bihar,SIWAN - BR29( 29-JAN-2018 ),5,LIGHT MOTOR VEHICLE,190,333,369,232,42,282,291,299,212,173,273,206,"2,902"
2021,Bihar,SIWAN - BR29( 29-JAN-2018 ),6,LIGHT PASSENGER VEHICLE,3,9,6,4,0,6,5,5,2,13,1,3,57
2021,Bihar,SIWAN - BR29( 29-JAN-2018 ),7,MEDIUM GOODS VEHICLE,0,0,0,0,0,0,1,0,0,0,0,0,1
2021,Bihar,SIWAN - BR29( 29-JAN-2018 ),8,MEDIUM MOTOR VEHICLE,0,0,0,0,0,0,0,0,0,3,0,2,5
2021,Bihar,SIWAN - BR29( 29-JAN-2018 ),9,MEDIUM PASSENGER VEHICLE,0,1,0,2,0,0,0,1,1,0,0,0,5
2021,Bihar,SIWAN - BR29( 29-JAN-2018 ),10,OTHER THAN MENTIONED ABOVE,0,2,9,2,2,6,12,7,9,2,1,0,52
2021,Bihar,SIWAN - BR29( 29-JAN-2018 ),11,THREE WHEELER(T),80,118,134,60,16,36,89,92,88,83,77,105,978
2021,Bihar,SIWAN - BR29( 29-JAN-2018 ),12,TWO WHEELER(NT),"2,313","1,934","2,350","2,197","1,491","3,671","4,525","2,188","1,475","1,425","3,932","2,882","30,383"
2021,Bihar,SUPAUL - BR50( 29-JAN-2018 ),1,HEAVY GOODS VEHICLE,9,3,7,6,2,4,17,6,6,1,3,5,69
2021,Bihar,SUPAUL - BR50( 29-JAN-2018 ),2,HEAVY PASSENGER VEHICLE,0,6,2,1,0,0,0,0,0,0,0,1,10
2021,Bihar,SUPAUL - BR50( 29-JAN-2018 ),3,LIGHT GOODS VEHICLE,33,47,88,88,10,111,82,101,100,55,66,145,926
2021,Bihar,SUPAUL - BR50( 29-JAN-2018 ),4,LIGHT MOTOR VEHICLE,16,30,24,29,14,26,35,28,17,24,50,45,338
2021,Bihar,SUPAUL - BR50( 29-JAN-2018 ),5,LIGHT PASSENGER VEHICLE,0,2,2,3,1,1,3,2,3,1,4,1,23
2021,Bihar,SUPAUL - BR50( 29-JAN-2018 ),6,MEDIUM GOODS VEHICLE,0,0,0,0,0,1,0,0,0,0,0,0,1
2021,Bihar,SUPAUL - BR50( 29-JAN-2018 ),7,MEDIUM MOTOR VEHICLE,1,1,1,1,0,0,0,0,0,2,1,0,7
2021,Bihar,SUPAUL - BR50( 29-JAN-2018 ),8,MEDIUM PASSENGER VEHICLE,0,0,0,0,0,0,0,0,1,2,1,1,5
2021,Bihar,SUPAUL - BR50( 29-JAN-2018 ),9,OTHER THAN MENTIONED ABOVE,0,2,0,0,0,0,0,0,0,1,0,0,3
2021,Bihar,SUPAUL - BR50( 29-JAN-2018 ),10,THREE WHEELER(T),112,81,101,80,18,46,61,69,54,83,124,64,893
2021,Bihar,SUPAUL - BR50( 29-JAN-2018 ),11,TWO WHEELER(NT),"1,809","2,886","2,976","2,526","1,378","2,132","1,636","1,472","1,496","1,300","2,995","1,703","24,309"
2021,Bihar,VAISHALI - BR31( 13-FEB-2018 ),1,HEAVY GOODS VEHICLE,2,2,16,7,0,6,2,3,3,4,2,5,52
2021,Bihar,VAISHALI - BR31( 13-FEB-2018 ),2,HEAVY MOTOR VEHICLE,0,1,0,0,0,0,0,0,0,0,0,0,1
2021,Bihar,VAISHALI - BR31( 13-FEB-2018 ),3,HEAVY PASSENGER VEHICLE,0,0,0,0,0,0,0,0,0,0,3,0,3
2021,Bihar,VAISHALI - BR31( 13-FEB-2018 ),4,LIGHT GOODS VEHICLE,292,246,338,168,29,200,122,101,64,83,99,116,"1,858"
2021,Bihar,VAISHALI - BR31( 13-FEB-2018 ),5,LIGHT MOTOR VEHICLE,180,185,166,151,57,196,168,127,101,124,197,127,"1,779"
2021,Bihar,VAISHALI - BR31( 13-FEB-2018 ),6,LIGHT PASSENGER VEHICLE,12,6,4,5,0,10,6,7,6,6,9,0,71
2021,Bihar,VAISHALI - BR31( 13-FEB-2018 ),7,MEDIUM GOODS VEHICLE,0,1,0,0,0,0,0,0,0,0,0,0,1
2021,Bihar,VAISHALI - BR31( 13-FEB-2018 ),8,MEDIUM MOTOR VEHICLE,0,0,0,0,0,0,0,0,1,1,1,1,4
2021,Bihar,VAISHALI - BR31( 13-FEB-2018 ),9,MEDIUM PASSENGER VEHICLE,0,0,0,0,0,0,0,0,0,0,0,1,1
2021,Bihar,VAISHALI - BR31( 13-FEB-2018 ),10,OTHER THAN MENTIONED ABOVE,6,3,3,4,0,8,2,1,1,1,0,0,29
2021,Bihar,VAISHALI - BR31( 13-FEB-2018 ),11,THREE WHEELER(T),113,112,138,60,8,53,105,146,139,171,222,209,"1,476"
2021,Bihar,VAISHALI - BR31( 13-FEB-2018 ),12,TWO WHEELER(NT),"2,038","1,712","2,150","2,568","1,103","3,888","2,251","1,558","1,421","1,687","4,125","1,675","26,176"
2020,Bihar,ARARIA - BR38( 30-JAN-2018 ),1,HEAVY GOODS VEHICLE,1,4,0,0,0,0,0,0,0,0,0,1,6
2020,Bihar,ARARIA - BR38( 30-JAN-2018 ),2,HEAVY PASSENGER VEHICLE,1,4,2,0,0,0,0,0,0,0,0,0,7
2020,Bihar,ARARIA - BR38( 30-JAN-2018 ),3,LIGHT GOODS VEHICLE,119,214,101,1,11,172,190,111,129,164,123,339,"1,674"
2020,Bihar,ARARIA - BR38( 30-JAN-2018 ),4,LIGHT MOTOR VEHICLE,56,64,51,0,3,32,73,39,45,76,70,49,558
2020,Bihar,ARARIA - BR38( 30-JAN-2018 ),5,LIGHT PASSENGER VEHICLE,1,3,9,0,0,0,0,1,2,1,0,0,17
2020,Bihar,ARARIA - BR38( 30-JAN-2018 ),6,MEDIUM GOODS VEHICLE,0,1,0,0,0,0,0,0,0,0,0,0,1
2020,Bihar,ARARIA - BR38( 30-JAN-2018 ),7,MEDIUM PASSENGER VEHICLE,0,0,0,0,0,0,0,0,1,0,0,0,1
2020,Bihar,ARARIA - BR38( 30-JAN-2018 ),8,OTHER THAN MENTIONED ABOVE,0,0,0,0,0,1,0,0,0,0,0,0,1
2020,Bihar,ARARIA - BR38( 30-JAN-2018 ),9,THREE WHEELER(T),138,122,159,0,4,15,57,63,81,56,63,108,866
2020,Bihar,ARARIA - BR38( 30-JAN-2018 ),10,TWO WHEELER(NT),"3,422","3,259","5,825",24,124,"1,747","1,885","2,299","2,204","1,551","2,081","2,025","26,446"
2020,Bihar,ARAWAL - BR56( 22-MAY-2017 ),1,HEAVY GOODS VEHICLE,0,0,1,0,0,0,0,0,0,0,0,0,1
2020,Bihar,ARAWAL - BR56( 22-MAY-2017 ),2,HEAVY PASSENGER VEHICLE,0,1,0,0,0,0,0,0,0,0,0,0,1
2020,Bihar,ARAWAL - BR56( 22-MAY-2017 ),3,LIGHT GOODS VEHICLE,28,33,44,0,0,59,21,10,82,47,25,40,389
2020,Bihar,ARAWAL - BR56( 22-MAY-2017 ),4,LIGHT MOTOR VEHICLE,1,17,9,0,0,4,0,2,4,2,2,2,43
2020,Bihar,ARAWAL - BR56( 22-MAY-2017 ),5,LIGHT PASSENGER VEHICLE,0,1,6,0,0,1,0,0,0,1,2,0,11
2020,Bihar,ARAWAL - BR56( 22-MAY-2017 ),6,MEDIUM GOODS VEHICLE,1,2,0,0,0,0,0,0,0,0,0,0,3
2020,Bihar,ARAWAL - BR56( 22-MAY-2017 ),7,MEDIUM PASSENGER VEHICLE,0,0,1,0,0,0,0,0,0,0,0,0,1
2020,Bihar,ARAWAL - BR56( 22-MAY-2017 ),8,OTHER THAN MENTIONED ABOVE,0,0,0,0,0,2,1,0,1,2,0,2,8
2020,Bihar,ARAWAL - BR56( 22-MAY-2017 ),9,THREE WHEELER(T),52,38,71,0,0,4,5,3,22,7,11,2,215
2020,Bihar,ARAWAL - BR56( 22-MAY-2017 ),10,TWO WHEELER(NT),171,146,646,3,0,106,104,175,161,129,178,201,"2,020"
2020,Bihar,AURANGABAD - BR26( 13-JUN-2017 ),1,HEAVY GOODS VEHICLE,9,8,8,0,0,0,0,2,2,1,8,2,40
2020,Bihar,AURANGABAD - BR26( 13-JUN-2017 ),2,HEAVY MOTOR VEHICLE,0,0,0,0,0,0,1,0,1,0,0,0,2
2020,Bihar,AURANGABAD - BR26( 13-JUN-2017 ),3,HEAVY PASSENGER VEHICLE,7,1,7,0,0,0,0,0,0,0,0,0,15
2020,Bihar,AURANGABAD - BR26( 13-JUN-2017 ),4,LIGHT GOODS VEHICLE,435,372,261,0,0,189,347,349,655,181,367,237,"3,393"
2020,Bihar,AURANGABAD - BR26( 13-JUN-2017 ),5,LIGHT MOTOR VEHICLE,53,45,41,0,0,15,18,34,62,59,81,69,477
2020,Bihar,AURANGABAD - BR26( 13-JUN-2017 ),6,LIGHT PASSENGER VEHICLE,20,21,32,0,0,1,2,6,7,3,1,2,95
2020,Bihar,AURANGABAD - BR26( 13-JUN-2017 ),7,MEDIUM GOODS VEHICLE,12,2,15,0,0,0,0,0,0,0,0,0,29
2020,Bihar,AURANGABAD - BR26( 13-JUN-2017 ),8,MEDIUM MOTOR VEHICLE,0,0,0,0,1,12,7,11,21,5,1,5,63
2020,Bihar,AURANGABAD - BR26( 13-JUN-2017 ),9,MEDIUM PASSENGER VEHICLE,2,2,0,0,0,0,0,0,0,0,0,1,5
2020,Bihar,AURANGABAD - BR26( 13-JUN-2017 ),10,OTHER THAN MENTIONED ABOVE,0,0,0,0,0,11,4,5,13,15,4,26,78
2020,Bihar,AURANGABAD - BR26( 13-JUN-2017 ),11,THREE WHEELER(T),305,196,185,0,6,38,96,114,66,50,47,74,"1,177"
2020,Bihar,AURANGABAD - BR26( 13-JUN-2017 ),12,TWO WHEELER(NT),952,"1,278","1,685",0,337,"1,828",834,"1,328","1,423","1,143","2,565","1,128","14,501"
2020,Bihar,BANKA - BR51( 06-FEB-2018 ),1,HEAVY GOODS VEHICLE,1,3,3,0,1,3,22,1,0,0,1,0,35
2020,Bihar,BANKA - BR51( 06-FEB-2018 ),2,HEAVY PASSENGER VEHICLE,3,1,5,0,0,0,0,0,0,0,0,0,9
2020,Bihar,BANKA - BR51( 06-FEB-2018 ),3,LIGHT GOODS VEHICLE,24,175,170,5,0,10,18,24,169,170,50,270,"1,085"
2020,Bihar,BANKA - BR51( 06-FEB-2018 ),4,LIGHT MOTOR VEHICLE,29,15,51,0,0,0,3,12,11,7,6,17,151
2020,Bihar,BANKA - BR51( 06-FEB-2018 ),5,LIGHT PASSENGER VEHICLE,7,4,7,0,0,0,1,0,1,0,0,1,21
2020,Bihar,BANKA - BR51( 06-FEB-2018 ),6,MEDIUM GOODS VEHICLE,1,2,4,0,0,1,0,0,0,0,0,0,8
2020,Bihar,BANKA - BR51( 06-FEB-2018 ),7,MEDIUM MOTOR VEHICLE,0,1,0,0,0,0,0,0,0,0,1,1,3
2020,Bihar,BANKA - BR51( 06-FEB-2018 ),8,MEDIUM PASSENGER VEHICLE,1,0,1,0,0,0,0,0,0,0,0,0,2
2020,Bihar,BANKA - BR51( 06-FEB-2018 ),9,OTHER THAN MENTIONED ABOVE,0,0,0,0,0,0,0,0,1,0,0,0,1
2020,Bihar,BANKA - BR51( 06-FEB-2018 ),10,THREE WHEELER(T),138,50,73,9,0,0,4,5,13,23,30,13,358
2020,Bihar,BANKA - BR51( 06-FEB-2018 ),11,TWO WHEELER(NT),827,967,"1,183",138,0,299,538,383,470,276,765,512,"6,358"
2020,Bihar,BEGUSARAI - BR9( 23-JAN-2018 ),1,HEAVY GOODS VEHICLE,23,32,56,2,0,0,0,6,7,29,7,8,170
2020,Bihar,BEGUSARAI - BR9( 23-JAN-2018 ),2,HEAVY MOTOR VEHICLE,0,0,0,0,0,0,1,0,9,1,0,0,11
2020,Bihar,BEGUSARAI - BR9( 23-JAN-2018 ),3,HEAVY PASSENGER VEHICLE,6,8,9,2,0,0,0,0,0,2,0,3,30
2020,Bihar,BEGUSARAI - BR9( 23-JAN-2018 ),4,LIGHT GOODS VEHICLE,303,277,497,58,0,233,149,124,273,164,194,298,"2,570"
2020,Bihar,BEGUSARAI - BR9( 23-JAN-2018 ),5,LIGHT MOTOR VEHICLE,158,207,226,3,0,227,171,262,290,265,360,257,"2,426"
2020,Bihar,BEGUSARAI - BR9( 23-JAN-2018 ),6,LIGHT PASSENGER VEHICLE,12,18,36,4,0,2,11,9,15,10,9,3,129
2020,Bihar,BEGUSARAI - BR9( 23-JAN-2018 ),7,MEDIUM GOODS VEHICLE,10,10,20,0,0,0,0,0,3,2,0,0,45
2020,Bihar,BEGUSARAI - BR9( 23-JAN-2018 ),8,MEDIUM MOTOR VEHICLE,0,0,0,0,0,0,0,0,12,9,1,6,28
2020,Bihar,BEGUSARAI - BR9( 23-JAN-2018 ),9,MEDIUM PASSENGER VEHICLE,0,2,1,0,0,0,0,0,1,1,0,1,6
2020,Bihar,BEGUSARAI - BR9( 23-JAN-2018 ),10,OTHER THAN MENTIONED ABOVE,0,0,0,0,0,0,0,0,2,0,1,0,3
2020,Bihar,BEGUSARAI - BR9( 23-JAN-2018 ),11,THREE WHEELER(T),155,172,375,51,0,59,25,126,193,110,115,194,"1,575"
2020,Bihar,BEGUSARAI - BR9( 23-JAN-2018 ),12,TWO WHEELER(NT),"1,909","2,587","3,810",40,0,"2,603","1,759","2,557","2,242","1,739","3,521","1,954","24,721"
2020,Bihar,BETTIAH - BR22( 22-SEP-2017 ),1,HEAVY GOODS VEHICLE,1,0,1,0,0,0,0,0,1,1,0,3,7
2020,Bihar,BETTIAH - BR22( 22-SEP-2017 ),2,HEAVY MOTOR VEHICLE,1,0,0,0,0,0,0,0,0,0,0,0,1
2020,Bihar,BETTIAH - BR22( 22-SEP-2017 ),3,HEAVY PASSENGER VEHICLE,0,0,1,0,0,0,0,0,0,0,0,0,1
2020,Bihar,BETTIAH - BR22( 22-SEP-2017 ),4,LIGHT GOODS VEHICLE,576,527,456,0,0,336,208,221,283,264,206,304,"3,381"
2020,Bihar,BETTIAH - BR22( 22-SEP-2017 ),5,LIGHT MOTOR VEHICLE,77,142,127,0,0,78,81,134,101,119,152,153,"1,164"
2020,Bihar,BETTIAH - BR22( 22-SEP-2017 ),6,LIGHT PASSENGER VEHICLE,9,8,17,0,0,0,3,2,1,3,1,1,45
2020,Bihar,BETTIAH - BR22( 22-SEP-2017 ),7,MEDIUM GOODS VEHICLE,0,3,0,0,0,0,0,0,0,1,0,1,5
2020,Bihar,BETTIAH - BR22( 22-SEP-2017 ),8,MEDIUM MOTOR VEHICLE,14,4,17,0,0,1,6,1,0,0,0,0,43
2020,Bihar,BETTIAH - BR22( 22-SEP-2017 ),9,MEDIUM PASSENGER VEHICLE,2,0,0,0,0,0,0,0,0,1,2,1,6
2020,Bihar,BETTIAH - BR22( 22-SEP-2017 ),10,OTHER THAN MENTIONED ABOVE,0,0,1,0,0,0,6,3,6,3,9,3,31
2020,Bihar,BETTIAH - BR22( 22-SEP-2017 ),11,THREE WHEELER(T),205,186,387,1,0,14,39,27,49,45,51,76,"1,080"
2020,Bihar,BETTIAH - BR22( 22-SEP-2017 ),12,TWO WHEELER (INVALID CARRIAGE),1,0,0,0,0,0,0,0,0,1,0,0,2
2020,Bihar,BETTIAH - BR22( 22-SEP-2017 ),13,TWO WHEELER(NT),"3,043","3,682","6,019",21,271,"4,682","1,920","2,798","2,659","2,922","5,261","4,204","37,482"
2020,Bihar,BHABHUA - BR45( 23-JAN-2018 ),1,HEAVY GOODS VEHICLE,5,0,1,0,0,0,0,0,0,0,2,0,8
2020,Bihar,BHABHUA - BR45( 23-JAN-2018 ),2,HEAVY MOTOR VEHICLE,0,1,0,0,0,0,0,0,0,0,0,0,1
2020,Bihar,BHABHUA - BR45( 23-JAN-2018 ),3,HEAVY PASSENGER VEHICLE,2,3,2,0,0,0,0,0,0,0,0,0,7
2020,Bihar,BHABHUA - BR45( 23-JAN-2018 ),4,LIGHT GOODS VEHICLE,87,138,51,0,4,68,56,46,40,61,27,47,625
2020,Bihar,BHABHUA - BR45( 23-JAN-2018 ),5,LIGHT MOTOR VEHICLE,37,51,118,0,5,69,152,117,130,106,102,135,"1,022"
2020,Bihar,BHABHUA - BR45( 23-JAN-2018 ),6,LIGHT PASSENGER VEHICLE,2,4,3,0,0,0,0,4,6,4,5,4,32
2020,Bihar,BHABHUA - BR45( 23-JAN-2018 ),7,MEDIUM GOODS VEHICLE,0,15,6,0,0,0,0,0,0,1,0,1,23
2020,Bihar,BHABHUA - BR45( 23-JAN-2018 ),8,MEDIUM MOTOR VEHICLE,0,0,0,0,0,1,0,0,1,0,0,0,2
2020,Bihar,BHABHUA - BR45( 23-JAN-2018 ),9,MEDIUM PASSENGER VEHICLE,0,2,9,0,0,0,0,0,0,0,0,0,11
2020,Bihar,BHABHUA - BR45( 23-JAN-2018 ),10,OTHER THAN MENTIONED ABOVE,0,0,0,0,0,3,1,3,15,6,1,5,34
2020,Bihar,BHABHUA - BR45( 23-JAN-2018 ),11,THREE WHEELER(T),103,134,252,0,0,9,43,84,63,47,9,72,816
2020,Bihar,BHABHUA - BR45( 23-JAN-2018 ),12,TWO WHEELER(NT),918,861,"3,314",8,32,496,426,902,757,720,730,960,"10,124"
2020,Bihar,BHAGALPUR - BR10( 07-FEB-2018 ),1,HEAVY GOODS VEHICLE,33,125,73,2,0,0,0,4,14,20,18,37,326
2020,Bihar,BHAGALPUR - BR10( 07-FEB-2018 ),2,HEAVY MOTOR VEHICLE,0,1,0,0,0,0,1,0,0,1,1,1,5
2020,Bihar,BHAGALPUR - BR10( 07-FEB-2018 ),3,HEAVY PASSENGER VEHICLE,1,8,7,0,0,0,0,0,0,0,0,0,16
2020,Bihar,BHAGALPUR - BR10( 07-FEB-2018 ),4,LIGHT GOODS VEHICLE,191,239,243,6,19,131,178,164,232,179,230,182,"1,994"
2020,Bihar,BHAGALPUR - BR10( 07-FEB-2018 ),5,LIGHT MOTOR VEHICLE,152,237,293,25,11,173,136,205,253,224,310,206,"2,225"
2020,Bihar,BHAGALPUR - BR10( 07-FEB-2018 ),6,LIGHT PASSENGER VEHICLE,13,19,55,1,0,4,1,3,10,4,2,3,115
2020,Bihar,BHAGALPUR - BR10( 07-FEB-2018 ),7,MEDIUM GOODS VEHICLE,2,4,7,0,0,0,0,0,0,4,5,5,27
2020,Bihar,BHAGALPUR - BR10( 07-FEB-2018 ),8,MEDIUM MOTOR VEHICLE,0,0,1,0,0,3,1,0,1,0,2,3,11
2020,Bihar,BHAGALPUR - BR10( 07-FEB-2018 ),9,OTHER THAN MENTIONED ABOVE,0,7,2,0,0,1,1,0,0,0,0,5,16
2020,Bihar,BHAGALPUR - BR10( 07-FEB-2018 ),10,THREE WHEELER(T),341,377,422,24,3,173,142,156,284,210,179,278,"2,589"
2020,Bihar,BHAGALPUR - BR10( 07-FEB-2018 ),11,TWO WHEELER(NT),"1,367","1,972","2,845",151,142,"2,151","1,237","2,244","2,011","1,658","2,748","1,802","20,328"
2020,Bihar,BHOJPUR - BR3( 15-FEB-2018 ),1,HEAVY GOODS VEHICLE,3,7,11,0,0,0,0,0,9,15,13,1,59
2020,Bihar,BHOJPUR - BR3( 15-FEB-2018 ),2,HEAVY PASSENGER VEHICLE,1,9,22,0,0,0,0,0,0,0,0,0,32
2020,Bihar,BHOJPUR - BR3( 15-FEB-2018 ),3,LIGHT GOODS VEHICLE,193,196,300,1,26,208,161,122,251,164,199,224,"2,045"
2020,Bihar,BHOJPUR - BR3( 15-FEB-2018 ),4,LIGHT MOTOR VEHICLE,82,87,74,0,3,27,36,61,92,56,111,66,695
2020,Bihar,BHOJPUR - BR3( 15-FEB-2018 ),5,LIGHT PASSENGER VEHICLE,10,22,30,0,0,1,2,5,6,6,2,5,89
2020,Bihar,BHOJPUR - BR3( 15-FEB-2018 ),6,MEDIUM GOODS VEHICLE,1,14,4,0,0,0,0,0,0,0,0,0,19
2020,Bihar,BHOJPUR - BR3( 15-FEB-2018 ),7,MEDIUM PASSENGER VEHICLE,2,3,8,0,0,0,0,0,0,0,0,0,13
2020,Bihar,BHOJPUR - BR3( 15-FEB-2018 ),8,OTHER THAN MENTIONED ABOVE,0,0,0,0,0,9,4,10,5,4,2,4,38
2020,Bihar,BHOJPUR - BR3( 15-FEB-2018 ),9,THREE WHEELER(T),160,192,444,45,0,11,19,49,77,19,41,47,"1,104"
2020,Bihar,BHOJPUR - BR3( 15-FEB-2018 ),10,TWO WHEELER(NT),"1,726","1,735","3,004",3,537,"2,879","1,029","1,995","2,118","1,665","2,802","3,453","22,946"
2020,Bihar,BUXUR - BR44( 01-FEB-2018 ),1,HEAVY GOODS VEHICLE,6,4,5,0,0,0,0,0,4,1,1,3,24
2020,Bihar,BUXUR - BR44( 01-FEB-2018 ),2,HEAVY PASSENGER VEHICLE,0,4,9,0,0,0,0,0,0,0,0,0,13
2020,Bihar,BUXUR - BR44( 01-FEB-2018 ),3,LIGHT GOODS VEHICLE,166,195,76,0,0,0,43,17,34,62,52,77,722
2020,Bihar,BUXUR - BR44( 01-FEB-2018 ),4,LIGHT MOTOR VEHICLE,66,47,34,0,0,16,34,31,50,112,117,135,642
2020,Bihar,BUXUR - BR44( 01-FEB-2018 ),5,LIGHT PASSENGER VEHICLE,7,5,11,0,0,1,1,0,1,10,3,1,40
2020,Bihar,BUXUR - BR44( 01-FEB-2018 ),6,MEDIUM GOODS VEHICLE,6,2,9,0,0,0,0,0,0,0,0,0,17
2020,Bihar,BUXUR - BR44( 01-FEB-2018 ),7,MEDIUM MOTOR VEHICLE,0,0,0,0,0,0,0,0,0,1,0,0,1
2020,Bihar,BUXUR - BR44( 01-FEB-2018 ),8,MEDIUM PASSENGER VEHICLE,0,0,2,0,0,0,0,0,0,0,0,0,2
2020,Bihar,BUXUR - BR44( 01-FEB-2018 ),9,OTHER THAN MENTIONED ABOVE,0,0,1,0,0,0,8,1,3,2,5,4,24
2020,Bihar,BUXUR - BR44( 01-FEB-2018 ),10,THREE WHEELER(T),67,175,245,0,0,27,28,46,61,33,42,41,765
2020,Bihar,BUXUR - BR44( 01-FEB-2018 ),11,TWO WHEELER(NT),830,"1,563","2,416",291,0,93,542,967,919,887,"1,622","1,201","11,331"
2020,Bihar,CHAPARA - BR4( 29-JAN-2018 ),1,HEAVY GOODS VEHICLE,8,5,4,0,0,1,0,3,2,1,0,4,28
2020,Bihar,CHAPARA - BR4( 29-JAN-2018 ),2,HEAVY PASSENGER VEHICLE,1,10,4,0,0,0,0,0,1,1,0,0,17
2020,Bihar,CHAPARA - BR4( 29-JAN-2018 ),3,LIGHT GOODS VEHICLE,194,263,164,12,53,203,147,169,264,210,279,78,"2,036"
2020,Bihar,CHAPARA - BR4( 29-JAN-2018 ),4,LIGHT MOTOR VEHICLE,109,159,88,0,16,147,61,67,74,70,146,110,"1,047"
2020,Bihar,CHAPARA - BR4( 29-JAN-2018 ),5,LIGHT PASSENGER VEHICLE,18,21,11,0,0,5,6,3,3,7,0,3,77
2020,Bihar,CHAPARA - BR4( 29-JAN-2018 ),6,MEDIUM GOODS VEHICLE,3,8,11,0,0,0,0,0,0,0,0,0,22
2020,Bihar,CHAPARA - BR4( 29-JAN-2018 ),7,MEDIUM PASSENGER VEHICLE,1,2,7,0,0,0,0,0,0,0,0,0,10
2020,Bihar,CHAPARA - BR4( 29-JAN-2018 ),8,OTHER THAN MENTIONED ABOVE,0,0,0,0,0,4,1,0,5,2,7,3,22
2020,Bihar,CHAPARA - BR4( 29-JAN-2018 ),9,THREE WHEELER(T),121,200,234,2,4,27,18,35,95,97,94,46,973
2020,Bihar,CHAPARA - BR4( 29-JAN-2018 ),10,TWO WHEELER(NT),"1,402","2,611","3,500",96,285,"2,347","1,163","1,417","1,640","1,492","3,834","4,274","24,061"
2020,Bihar,DARBHANGA - BR7( 30-JAN-2018 ),1,HEAVY GOODS VEHICLE,2,6,9,0,0,0,0,0,0,3,2,5,27
2020,Bihar,DARBHANGA - BR7( 30-JAN-2018 ),2,HEAVY MOTOR VEHICLE,0,0,0,0,0,0,0,1,3,1,0,0,5
2020,Bihar,DARBHANGA - BR7( 30-JAN-2018 ),3,HEAVY PASSENGER VEHICLE,1,3,4,0,0,0,0,0,0,0,0,2,10
2020,Bihar,DARBHANGA - BR7( 30-JAN-2018 ),4,LIGHT GOODS VEHICLE,184,296,255,11,13,107,157,173,237,187,161,189,"1,970"
2020,Bihar,DARBHANGA - BR7( 30-JAN-2018 ),5,LIGHT MOTOR VEHICLE,206,265,223,1,25,146,112,178,164,188,219,191,"1,918"
2020,Bihar,DARBHANGA - BR7( 30-JAN-2018 ),6,LIGHT PASSENGER VEHICLE,34,46,63,0,0,1,6,3,6,5,5,4,173
2020,Bihar,DARBHANGA - BR7( 30-JAN-2018 ),7,MEDIUM GOODS VEHICLE,8,4,18,0,0,0,2,0,7,8,5,6,58
2020,Bihar,DARBHANGA - BR7( 30-JAN-2018 ),8,MEDIUM MOTOR VEHICLE,0,0,0,0,0,1,0,0,1,2,0,1,5
2020,Bihar,DARBHANGA - BR7( 30-JAN-2018 ),9,MEDIUM PASSENGER VEHICLE,2,2,2,0,0,0,0,0,0,0,0,0,6
2020,Bihar,DARBHANGA - BR7( 30-JAN-2018 ),10,OTHER THAN MENTIONED ABOVE,0,0,0,0,0,0,0,0,0,0,0,1,1
2020,Bihar,DARBHANGA - BR7( 30-JAN-2018 ),11,THREE WHEELER(T),343,490,460,2,2,63,145,175,263,212,103,304,"2,562"
2020,Bihar,DARBHANGA - BR7( 30-JAN-2018 ),12,TWO WHEELER (INVALID CARRIAGE),1,0,0,0,0,0,0,0,0,0,0,0,1
2020,Bihar,DARBHANGA - BR7( 30-JAN-2018 ),13,TWO WHEELER(NT),"1,879","4,278","5,872",37,578,"3,328","1,964","2,242","2,445","2,168","3,734","3,361","31,886"
2020,Bihar,GAYA - BR2( 06-SEP-2017 ),1,HEAVY GOODS VEHICLE,22,24,20,0,0,0,0,3,2,3,5,6,85
2020,Bihar,GAYA - BR2( 06-SEP-2017 ),2,HEAVY PASSENGER VEHICLE,9,17,29,1,0,0,0,0,2,0,6,0,64
2020,Bihar,GAYA - BR2( 06-SEP-2017 ),3,LIGHT GOODS VEHICLE,125,185,158,6,0,86,140,162,241,177,167,194,"1,641"
2020,Bihar,GAYA - BR2( 06-SEP-2017 ),4,LIGHT MOTOR VEHICLE,270,348,319,13,12,306,391,318,375,382,551,378,"3,663"
2020,Bihar,GAYA - BR2( 06-SEP-2017 ),5,LIGHT PASSENGER VEHICLE,19,17,32,0,0,5,3,7,7,1,4,9,104
2020,Bihar,GAYA - BR2( 06-SEP-2017 ),6,MEDIUM GOODS VEHICLE,16,16,7,1,0,0,0,0,0,1,0,1,42
2020,Bihar,GAYA - BR2( 06-SEP-2017 ),7,MEDIUM MOTOR VEHICLE,0,1,0,0,0,0,1,0,1,0,0,0,3
2020,Bihar,GAYA - BR2( 06-SEP-2017 ),8,MEDIUM PASSENGER VEHICLE,8,1,1,0,0,0,0,0,2,2,0,0,14
2020,Bihar,GAYA - BR2( 06-SEP-2017 ),9,OTHER THAN MENTIONED ABOVE,0,0,0,0,0,17,12,4,15,9,6,10,73
2020,Bihar,GAYA - BR2( 06-SEP-2017 ),10,THREE WHEELER(T),482,377,340,5,0,86,111,128,249,150,176,247,"2,351"
2020,Bihar,GAYA - BR2( 06-SEP-2017 ),11,TWO WHEELER(NT),"2,197","3,651","5,328",177,627,"4,882","2,534","2,457","2,658","2,164","4,714","2,068","33,457"
2020,Bihar,GOPALGANJ - BR28( 08-JUN-2017 ),1,HEAVY GOODS VEHICLE,1,4,13,0,0,0,0,0,3,1,1,0,23
2020,Bihar,GOPALGANJ - BR28( 08-JUN-2017 ),2,HEAVY PASSENGER VEHICLE,2,6,13,3,0,0,0,0,0,0,0,2,26
2020,Bihar,GOPALGANJ - BR28( 08-JUN-2017 ),3,LIGHT GOODS VEHICLE,64,62,77,0,0,6,17,33,59,52,53,36,459
2020,Bihar,GOPALGANJ - BR28( 08-JUN-2017 ),4,LIGHT MOTOR VEHICLE,164,197,309,1,1,148,140,112,96,179,209,261,"1,817"
2020,Bihar,GOPALGANJ - BR28( 08-JUN-2017 ),5,LIGHT PASSENGER VEHICLE,15,14,38,0,0,0,2,8,6,7,1,2,93
2020,Bihar,GOPALGANJ - BR28( 08-JUN-2017 ),6,MEDIUM GOODS VEHICLE,1,2,4,0,0,0,0,0,1,0,0,0,8
2020,Bihar,GOPALGANJ - BR28( 08-JUN-2017 ),7,MEDIUM MOTOR VEHICLE,0,0,0,0,0,0,0,1,0,0,0,0,1
2020,Bihar,GOPALGANJ - BR28( 08-JUN-2017 ),8,MEDIUM PASSENGER VEHICLE,2,2,2,2,0,0,0,0,0,0,0,0,8
2020,Bihar,GOPALGANJ - BR28( 08-JUN-2017 ),9,OTHER THAN MENTIONED ABOVE,0,0,0,0,0,0,4,10,1,6,4,3,28
2020,Bihar,GOPALGANJ - BR28( 08-JUN-2017 ),10,THREE WHEELER(T),54,103,146,0,0,22,46,56,62,50,18,57,614
2020,Bihar,GOPALGANJ - BR28( 08-JUN-2017 ),11,TWO WHEELER(NT),751,"1,357","2,401",4,120,752,528,"1,012","1,139",923,"1,701","1,984","12,672"
2020,Bihar,JAMUI - BR46( 07-JUN-2017 ),1,HEAVY GOODS VEHICLE,1,5,3,0,0,0,0,0,0,0,2,1,12
2020,Bihar,JAMUI - BR46( 07-JUN-2017 ),2,HEAVY MOTOR VEHICLE,0,0,0,0,0,0,1,0,0,0,0,0,1
2020,Bihar,JAMUI - BR46( 07-JUN-2017 ),3,HEAVY PASSENGER VEHICLE,1,1,2,0,0,0,0,0,0,0,0,0,4
2020,Bihar,JAMUI - BR46( 07-JUN-2017 ),4,LIGHT GOODS VEHICLE,118,115,96,0,11,151,101,108,79,72,46,93,990
2020,Bihar,JAMUI - BR46( 07-JUN-2017 ),5,LIGHT MOTOR VEHICLE,26,16,30,0,0,13,33,45,39,10,20,21,253
2020,Bihar,JAMUI - BR46( 07-JUN-2017 ),6,LIGHT PASSENGER VEHICLE,4,4,11,0,0,1,2,0,0,0,0,1,23
2020,Bihar,JAMUI - BR46( 07-JUN-2017 ),7,MEDIUM GOODS VEHICLE,3,4,5,0,0,0,0,0,0,0,0,0,12
2020,Bihar,JAMUI - BR46( 07-JUN-2017 ),8,MEDIUM MOTOR VEHICLE,0,0,0,0,0,6,3,2,0,0,3,4,18
2020,Bihar,JAMUI - BR46( 07-JUN-2017 ),9,OTHER THAN MENTIONED ABOVE,0,0,0,0,0,0,0,0,0,0,0,1,1
2020,Bihar,JAMUI - BR46( 07-JUN-2017 ),10,THREE WHEELER(T),98,105,193,0,4,41,18,46,49,76,19,62,711
2020,Bihar,JAMUI - BR46( 07-JUN-2017 ),11,TWO WHEELER(NT),986,896,"3,106",8,33,488,419,551,859,788,962,"1,163","10,259"
2020,Bihar,JEHANABAD - BR25( 26-MAY-2017 ),1,HEAVY GOODS VEHICLE,6,10,5,0,0,0,0,0,2,6,1,4,34
2020,Bihar,JEHANABAD - BR25( 26-MAY-2017 ),2,HEAVY PASSENGER VEHICLE,23,23,4,0,0,0,0,0,0,2,0,0,52
2020,Bihar,JEHANABAD - BR25( 26-MAY-2017 ),3,LIGHT GOODS VEHICLE,89,104,65,1,0,17,111,72,25,69,55,95,703
2020,Bihar,JEHANABAD - BR25( 26-MAY-2017 ),4,LIGHT MOTOR VEHICLE,6,6,8,0,0,4,1,5,9,17,9,17,82
2020,Bihar,JEHANABAD - BR25( 26-MAY-2017 ),5,LIGHT PASSENGER VEHICLE,9,3,7,0,0,0,25,1,0,0,2,0,47
2020,Bihar,JEHANABAD - BR25( 26-MAY-2017 ),6,MEDIUM GOODS VEHICLE,2,1,6,0,0,0,0,0,0,0,0,0,9
2020,Bihar,JEHANABAD - BR25( 26-MAY-2017 ),7,MEDIUM PASSENGER VEHICLE,4,1,2,0,0,0,0,0,0,1,1,0,9
2020,Bihar,JEHANABAD - BR25( 26-MAY-2017 ),8,OTHER THAN MENTIONED ABOVE,0,0,0,0,0,3,4,2,0,1,0,5,15
2020,Bihar,JEHANABAD - BR25( 26-MAY-2017 ),9,THREE WHEELER(T),127,74,168,0,1,25,46,59,83,57,54,57,751
2020,Bihar,JEHANABAD - BR25( 26-MAY-2017 ),10,TWO WHEELER(NT),327,610,681,0,18,753,291,557,613,393,366,617,"5,226"
2020,Bihar,KATIHAR - BR39( 23-JAN-2018 ),1,HEAVY GOODS VEHICLE,0,2,3,0,0,0,0,0,0,0,0,0,5
2020,Bihar,KATIHAR - BR39( 23-JAN-2018 ),2,LIGHT GOODS VEHICLE,202,181,207,13,0,163,130,146,146,158,72,82,"1,500"
2020,Bihar,KATIHAR - BR39( 23-JAN-2018 ),3,LIGHT MOTOR VEHICLE,36,24,34,0,0,14,9,15,20,17,11,16,196
2020,Bihar,KATIHAR - BR39( 23-JAN-2018 ),4,LIGHT PASSENGER VEHICLE,1,0,2,0,0,0,0,1,0,0,0,0,4
2020,Bihar,KATIHAR - BR39( 23-JAN-2018 ),5,MEDIUM GOODS VEHICLE,4,3,2,0,0,0,0,0,0,0,0,0,9
2020,Bihar,KATIHAR - BR39( 23-JAN-2018 ),6,MEDIUM MOTOR VEHICLE,1,0,0,0,0,0,2,0,3,2,2,4,14
2020,Bihar,KATIHAR - BR39( 23-JAN-2018 ),7,OTHER THAN MENTIONED ABOVE,1,0,0,0,0,0,0,0,0,0,0,0,1
2020,Bihar,KATIHAR - BR39( 23-JAN-2018 ),8,THREE WHEELER(T),206,116,129,4,0,31,39,41,83,33,50,89,821
2020,Bihar,KATIHAR - BR39( 23-JAN-2018 ),9,TWO WHEELER(NT),"3,021","2,596","4,881",376,0,"2,382","1,111","2,431","2,086","1,528","2,188","1,694","24,294"
2020,Bihar,KHAGARIA - BR34( 01-FEB-2018 ),1,HEAVY GOODS VEHICLE,0,1,1,0,0,0,0,0,0,1,0,1,4
2020,Bihar,KHAGARIA - BR34( 01-FEB-2018 ),2,HEAVY PASSENGER VEHICLE,0,2,1,0,0,0,0,0,0,0,0,0,3
2020,Bihar,KHAGARIA - BR34( 01-FEB-2018 ),3,LIGHT GOODS VEHICLE,55,130,91,0,0,18,134,23,118,73,63,89,794
2020,Bihar,KHAGARIA - BR34( 01-FEB-2018 ),4,LIGHT MOTOR VEHICLE,42,26,33,0,0,16,80,24,96,29,42,75,463
2020,Bihar,KHAGARIA - BR34( 01-FEB-2018 ),5,LIGHT PASSENGER VEHICLE,0,3,8,0,0,0,1,0,1,0,0,1,14
2020,Bihar,KHAGARIA - BR34( 01-FEB-2018 ),6,MEDIUM GOODS VEHICLE,3,3,5,0,0,0,0,0,0,0,0,1,12
2020,Bihar,KHAGARIA - BR34( 01-FEB-2018 ),7,MEDIUM MOTOR VEHICLE,0,0,0,0,0,0,0,0,0,0,0,3,3
2020,Bihar,KHAGARIA - BR34( 01-FEB-2018 ),8,OTHER THAN MENTIONED ABOVE,0,0,0,0,0,0,1,0,0,0,0,0,1
2020,Bihar,KHAGARIA - BR34( 01-FEB-2018 ),9,THREE WHEELER(T),61,106,144,0,0,13,36,31,81,26,23,41,562
2020,Bihar,KHAGARIA - BR34( 01-FEB-2018 ),10,TWO WHEELER(NT),806,"1,040","1,570",320,40,863,707,"1,250","1,035",815,"1,432",779,"10,657"
2020,Bihar,KISHANGANJ - BR37( 07-FEB-2018 ),1,HEAVY GOODS VEHICLE,8,3,1,1,0,0,0,0,2,3,0,20,38
2020,Bihar,KISHANGANJ - BR37( 07-FEB-2018 ),2,HEAVY PASSENGER VEHICLE,0,1,0,0,0,0,0,0,0,0,0,0,1
2020,Bihar,KISHANGANJ - BR37( 07-FEB-2018 ),3,LIGHT GOODS VEHICLE,47,127,184,2,23,76,29,96,99,92,59,199,"1,033"
2020,Bihar,KISHANGANJ - BR37( 07-FEB-2018 ),4,LIGHT MOTOR VEHICLE,40,60,67,0,0,25,24,29,45,37,53,40,420
2020,Bihar,KISHANGANJ - BR37( 07-FEB-2018 ),5,LIGHT PASSENGER VEHICLE,5,2,6,0,0,0,0,0,2,0,0,0,15
2020,Bihar,KISHANGANJ - BR37( 07-FEB-2018 ),6,MEDIUM GOODS VEHICLE,1,0,3,0,0,0,0,0,0,1,0,0,5
2020,Bihar,KISHANGANJ - BR37( 07-FEB-2018 ),7,MEDIUM MOTOR VEHICLE,0,0,0,0,0,1,0,0,0,0,0,0,1
2020,Bihar,KISHANGANJ - BR37( 07-FEB-2018 ),8,OTHER THAN MENTIONED ABOVE,0,0,0,0,0,0,0,0,0,1,0,0,1
2020,Bihar,KISHANGANJ - BR37( 07-FEB-2018 ),9,THREE WHEELER(T),162,147,171,0,0,10,11,49,93,58,18,74,793
2020,Bihar,KISHANGANJ - BR37( 07-FEB-2018 ),10,TWO WHEELER(NT),"1,488","2,535","5,936",74,52,"1,882","1,788","1,884","1,425","1,250","1,594","1,177","21,085"
2020,Bihar,LAKHISARAI - BR53( 27-JAN-2017 ),1,HEAVY GOODS VEHICLE,5,4,4,2,0,0,0,0,0,1,5,9,30
2020,Bihar,LAKHISARAI - BR53( 27-JAN-2017 ),2,HEAVY PASSENGER VEHICLE,0,2,0,0,0,0,0,0,1,0,0,0,3
2020,Bihar,LAKHISARAI - BR53( 27-JAN-2017 ),3,LIGHT GOODS VEHICLE,76,119,51,0,0,17,26,18,20,30,24,36,417
2020,Bihar,LAKHISARAI - BR53( 27-JAN-2017 ),4,LIGHT MOTOR VEHICLE,27,60,23,0,0,11,11,12,11,11,5,20,191
2020,Bihar,LAKHISARAI - BR53( 27-JAN-2017 ),5,LIGHT PASSENGER VEHICLE,5,8,2,0,0,0,0,0,1,0,0,3,19
2020,Bihar,LAKHISARAI - BR53( 27-JAN-2017 ),6,MEDIUM GOODS VEHICLE,0,1,2,0,0,0,0,0,0,0,0,0,3
2020,Bihar,LAKHISARAI - BR53( 27-JAN-2017 ),7,MEDIUM PASSENGER VEHICLE,1,0,1,0,0,0,0,0,0,0,0,0,2
2020,Bihar,LAKHISARAI - BR53( 27-JAN-2017 ),8,OTHER THAN MENTIONED ABOVE,0,0,0,0,0,0,1,0,0,0,0,0,1
2020,Bihar,LAKHISARAI - BR53( 27-JAN-2017 ),9,THREE WHEELER(T),69,59,41,1,0,5,28,19,100,33,36,40,431
2020,Bihar,LAKHISARAI - BR53( 27-JAN-2017 ),10,TWO WHEELER(NT),368,360,965,0,0,343,329,360,443,269,542,470,"4,449"
2020,Bihar,MADHEPURA - BR43( 02-JUN-2017 ),1,HEAVY GOODS VEHICLE,4,1,1,0,0,0,0,5,0,0,0,0,11
2020,Bihar,MADHEPURA - BR43( 02-JUN-2017 ),2,LIGHT GOODS VEHICLE,119,221,166,1,0,141,128,100,122,155,46,146,"1,345"
2020,Bihar,MADHEPURA - BR43( 02-JUN-2017 ),3,LIGHT MOTOR VEHICLE,64,77,68,0,0,5,81,16,24,19,95,60,509
2020,Bihar,MADHEPURA - BR43( 02-JUN-2017 ),4,LIGHT PASSENGER VEHICLE,3,6,6,0,0,0,0,0,2,1,0,0,18
2020,Bihar,MADHEPURA - BR43( 02-JUN-2017 ),5,MEDIUM GOODS VEHICLE,3,4,1,0,0,0,0,0,0,0,0,0,8
2020,Bihar,MADHEPURA - BR43( 02-JUN-2017 ),6,MEDIUM MOTOR VEHICLE,0,0,0,0,0,2,1,0,0,0,0,0,3
2020,Bihar,MADHEPURA - BR43( 02-JUN-2017 ),7,MEDIUM PASSENGER VEHICLE,1,0,0,0,0,0,0,0,0,0,0,0,1
2020,Bihar,MADHEPURA - BR43( 02-JUN-2017 ),8,OTHER THAN MENTIONED ABOVE,0,0,0,0,0,0,0,1,2,0,0,1,4
2020,Bihar,MADHEPURA - BR43( 02-JUN-2017 ),9,THREE WHEELER(T),284,176,302,0,0,38,61,78,138,76,97,48,"1,298"
2020,Bihar,MADHEPURA - BR43( 02-JUN-2017 ),10,TWO WHEELER(NT),"2,590","3,005","3,494",10,181,"1,637","1,074","2,136","1,561","1,019","2,440","1,296","20,443"
2020,Bihar,MADHUBANI - BR32( 01-FEB-2018 ),1,HEAVY GOODS VEHICLE,0,1,0,0,0,0,0,0,0,1,7,2,11
2020,Bihar,MADHUBANI - BR32( 01-FEB-2018 ),2,HEAVY PASSENGER VEHICLE,2,0,0,0,0,0,0,0,0,0,0,0,2
2020,Bihar,MADHUBANI - BR32( 01-FEB-2018 ),3,LIGHT GOODS VEHICLE,298,213,199,0,0,217,199,145,136,127,155,237,"1,926"
2020,Bihar,MADHUBANI - BR32( 01-FEB-2018 ),4,LIGHT MOTOR VEHICLE,38,36,46,0,0,6,41,25,18,48,56,55,369
2020,Bihar,MADHUBANI - BR32( 01-FEB-2018 ),5,LIGHT PASSENGER VEHICLE,2,10,15,0,0,0,0,5,6,0,0,2,40
2020,Bihar,MADHUBANI - BR32( 01-FEB-2018 ),6,MEDIUM GOODS VEHICLE,4,8,2,0,0,0,0,0,0,0,1,1,16
2020,Bihar,MADHUBANI - BR32( 01-FEB-2018 ),7,MEDIUM MOTOR VEHICLE,0,0,0,0,0,2,4,0,1,0,0,0,7
2020,Bihar,MADHUBANI - BR32( 01-FEB-2018 ),8,MEDIUM PASSENGER VEHICLE,0,2,1,0,0,0,0,0,0,0,0,0,3
2020,Bihar,MADHUBANI - BR32( 01-FEB-2018 ),9,OTHER THAN MENTIONED ABOVE,0,0,0,0,0,0,0,0,1,0,0,0,1
2020,Bihar,MADHUBANI - BR32( 01-FEB-2018 ),10,THREE WHEELER(T),219,120,190,6,0,14,54,83,93,90,40,87,996
2020,Bihar,MADHUBANI - BR32( 01-FEB-2018 ),11,TWO WHEELER(NT),"2,325","3,222","4,928",28,562,"2,534","1,692","1,885","2,130","1,789","2,885","3,441","27,421"
2020,Bihar,MOTIHARI - BR5( 05-JUL-2017 ),1,HEAVY GOODS VEHICLE,3,3,3,0,0,0,0,7,2,1,2,0,21
2020,Bihar,MOTIHARI - BR5( 05-JUL-2017 ),2,HEAVY MOTOR VEHICLE,0,0,1,0,0,0,0,0,1,0,0,0,2
2020,Bihar,MOTIHARI - BR5( 05-JUL-2017 ),3,HEAVY PASSENGER VEHICLE,2,1,0,0,0,0,0,0,0,0,0,0,3
2020,Bihar,MOTIHARI - BR5( 05-JUL-2017 ),4,LIGHT GOODS VEHICLE,333,546,207,0,0,121,85,280,195,101,110,140,"2,118"
2020,Bihar,MOTIHARI - BR5( 05-JUL-2017 ),5,LIGHT MOTOR VEHICLE,80,152,171,0,0,111,269,247,250,317,269,376,"2,242"
2020,Bihar,MOTIHARI - BR5( 05-JUL-2017 ),6,LIGHT PASSENGER VEHICLE,4,20,14,0,0,0,1,2,5,4,6,2,58
2020,Bihar,MOTIHARI - BR5( 05-JUL-2017 ),7,MEDIUM GOODS VEHICLE,0,0,1,0,0,0,0,0,0,0,0,2,3
2020,Bihar,MOTIHARI - BR5( 05-JUL-2017 ),8,MEDIUM MOTOR VEHICLE,7,9,16,0,0,13,7,8,7,1,5,2,75
2020,Bihar,MOTIHARI - BR5( 05-JUL-2017 ),9,MEDIUM PASSENGER VEHICLE,1,3,3,0,0,0,0,0,0,0,0,2,9
2020,Bihar,MOTIHARI - BR5( 05-JUL-2017 ),10,OTHER THAN MENTIONED ABOVE,0,1,0,0,0,1,0,1,6,8,4,15,36
2020,Bihar,MOTIHARI - BR5( 05-JUL-2017 ),11,THREE WHEELER(T),387,517,692,0,0,47,75,188,161,141,86,161,"2,455"
2020,Bihar,MOTIHARI - BR5( 05-JUL-2017 ),12,TWO WHEELER(NT),"3,571","4,484","9,077",12,0,"4,179","1,361","2,719","3,319","2,821","3,043","6,529","41,115"
2020,Bihar,MUNGER - BR8( 06-FEB-2018 ),1,HEAVY GOODS VEHICLE,0,1,2,0,0,0,1,0,0,0,0,8,12
2020,Bihar,MUNGER - BR8( 06-FEB-2018 ),2,HEAVY MOTOR VEHICLE,0,0,0,0,0,1,0,0,0,0,0,0,1
2020,Bihar,MUNGER - BR8( 06-FEB-2018 ),3,HEAVY PASSENGER VEHICLE,0,0,2,0,0,0,0,0,1,0,0,0,3
2020,Bihar,MUNGER - BR8( 06-FEB-2018 ),4,LIGHT GOODS VEHICLE,44,32,67,0,3,25,17,5,55,29,28,13,318
2020,Bihar,MUNGER - BR8( 06-FEB-2018 ),5,LIGHT MOTOR VEHICLE,34,16,54,0,0,0,4,5,5,8,16,15,157
2020,Bihar,MUNGER - BR8( 06-FEB-2018 ),6,LIGHT PASSENGER VEHICLE,8,2,5,0,0,0,0,1,1,0,0,2,19
2020,Bihar,MUNGER - BR8( 06-FEB-2018 ),7,MEDIUM GOODS VEHICLE,1,4,1,0,0,0,0,0,0,0,0,0,6
2020,Bihar,MUNGER - BR8( 06-FEB-2018 ),8,OTHER THAN MENTIONED ABOVE,0,0,0,0,0,0,0,0,0,0,0,1,1
2020,Bihar,MUNGER - BR8( 06-FEB-2018 ),9,THREE WHEELER(T),114,44,190,0,0,53,36,47,64,42,44,44,678
2020,Bihar,MUNGER - BR8( 06-FEB-2018 ),10,TWO WHEELER(NT),748,628,"1,925",2,5,338,337,591,603,383,"1,038",730,"7,328"
2020,Bihar,MUZAFFARPUR - BR6( 01-FEB-2018 ),1,HEAVY GOODS VEHICLE,68,108,90,0,0,3,14,13,32,19,41,33,421
2020,Bihar,MUZAFFARPUR - BR6( 01-FEB-2018 ),2,HEAVY MOTOR VEHICLE,0,0,0,0,0,1,0,0,0,0,0,0,1
2020,Bihar,MUZAFFARPUR - BR6( 01-FEB-2018 ),3,HEAVY PASSENGER VEHICLE,10,15,20,1,0,0,0,0,1,0,2,0,49
2020,Bihar,MUZAFFARPUR - BR6( 01-FEB-2018 ),4,LIGHT GOODS VEHICLE,269,347,374,3,44,269,200,168,295,274,265,251,"2,759"
2020,Bihar,MUZAFFARPUR - BR6( 01-FEB-2018 ),5,LIGHT MOTOR VEHICLE,772,924,770,1,190,662,556,552,793,906,"1,231",864,"8,221"
2020,Bihar,MUZAFFARPUR - BR6( 01-FEB-2018 ),6,LIGHT PASSENGER VEHICLE,50,79,95,0,2,5,9,15,20,10,5,10,300
2020,Bihar,MUZAFFARPUR - BR6( 01-FEB-2018 ),7,MEDIUM GOODS VEHICLE,8,13,28,0,0,0,1,0,4,4,0,3,61
2020,Bihar,MUZAFFARPUR - BR6( 01-FEB-2018 ),8,MEDIUM MOTOR VEHICLE,0,0,0,0,0,0,0,1,3,0,0,0,4
2020,Bihar,MUZAFFARPUR - BR6( 01-FEB-2018 ),9,MEDIUM PASSENGER VEHICLE,12,17,18,1,0,0,0,0,0,1,5,2,56
2020,Bihar,MUZAFFARPUR - BR6( 01-FEB-2018 ),10,OTHER THAN MENTIONED ABOVE,2,0,0,0,0,16,2,11,10,3,6,10,60
2020,Bihar,MUZAFFARPUR - BR6( 01-FEB-2018 ),11,THREE WHEELER(T),550,518,548,0,19,63,170,166,225,156,141,193,"2,749"
2020,Bihar,MUZAFFARPUR - BR6( 01-FEB-2018 ),12,TWO WHEELER(NT),"5,606","7,797","10,521",102,"1,601","7,177","3,622","4,560","5,470","5,154","8,591","5,360","65,561"
2020,Bihar,NALANDA - BR21( 01-FEB-2018 ),1,HEAVY GOODS VEHICLE,4,9,20,1,0,0,0,0,1,2,5,1,43
2020,Bihar,NALANDA - BR21( 01-FEB-2018 ),2,HEAVY PASSENGER VEHICLE,6,8,22,0,0,0,0,0,0,1,2,0,39
2020,Bihar,NALANDA - BR21( 01-FEB-2018 ),3,LIGHT GOODS VEHICLE,292,226,388,0,0,235,185,172,308,202,99,196,"2,303"
2020,Bihar,NALANDA - BR21( 01-FEB-2018 ),4,LIGHT MOTOR VEHICLE,52,97,115,0,0,60,31,43,67,83,89,56,693
2020,Bihar,NALANDA - BR21( 01-FEB-2018 ),5,LIGHT PASSENGER VEHICLE,8,5,18,0,0,1,1,2,7,1,1,1,45
2020,Bihar,NALANDA - BR21( 01-FEB-2018 ),6,MEDIUM GOODS VEHICLE,5,5,8,0,0,0,0,0,0,0,1,0,19
2020,Bihar,NALANDA - BR21( 01-FEB-2018 ),7,MEDIUM MOTOR VEHICLE,0,0,0,0,0,0,0,0,0,0,1,3,4
2020,Bihar,NALANDA - BR21( 01-FEB-2018 ),8,MEDIUM PASSENGER VEHICLE,0,0,1,0,0,0,0,0,2,0,2,0,5
2020,Bihar,NALANDA - BR21( 01-FEB-2018 ),9,OTHER THAN MENTIONED ABOVE,0,0,0,0,0,4,4,0,14,8,7,8,45
2020,Bihar,NALANDA - BR21( 01-FEB-2018 ),10,THREE WHEELER(T),220,145,262,0,0,76,84,203,211,105,109,320,"1,735"
2020,Bihar,NALANDA - BR21( 01-FEB-2018 ),11,TWO WHEELER (INVALID CARRIAGE),3,1,1,0,0,0,0,1,1,0,0,0,7
2020,Bihar,NALANDA - BR21( 01-FEB-2018 ),12,TWO WHEELER(NT),"1,446","2,155","3,011",11,283,"3,157","1,530","1,754","2,171","1,734","3,156","1,449","21,857"
2020,Bihar,NAWADA - BR27( 30-JAN-2018 ),1,HEAVY GOODS VEHICLE,3,4,8,0,0,0,0,0,2,3,1,1,22
2020,Bihar,NAWADA - BR27( 30-JAN-2018 ),2,HEAVY PASSENGER VEHICLE,2,4,8,0,0,0,0,0,0,2,1,2,19
2020,Bihar,NAWADA - BR27( 30-JAN-2018 ),3,LIGHT GOODS VEHICLE,252,115,462,0,0,83,109,424,134,174,129,224,"2,106"
2020,Bihar,NAWADA - BR27( 30-JAN-2018 ),4,LIGHT MOTOR VEHICLE,22,56,46,0,0,37,33,31,43,43,69,52,432
2020,Bihar,NAWADA - BR27( 30-JAN-2018 ),5,LIGHT PASSENGER VEHICLE,13,7,22,0,0,0,1,4,5,2,0,1,55
2020,Bihar,NAWADA - BR27( 30-JAN-2018 ),6,MEDIUM GOODS VEHICLE,7,9,25,0,0,0,0,0,0,0,0,0,41
2020,Bihar,NAWADA - BR27( 30-JAN-2018 ),7,MEDIUM PASSENGER VEHICLE,1,0,0,0,0,0,0,0,0,0,0,0,1
2020,Bihar,NAWADA - BR27( 30-JAN-2018 ),8,OTHER THAN MENTIONED ABOVE,0,0,0,0,0,7,2,6,9,19,11,14,68
2020,Bihar,NAWADA - BR27( 30-JAN-2018 ),9,THREE WHEELER(T),112,148,361,0,0,39,36,55,87,70,66,91,"1,065"
2020,Bihar,NAWADA - BR27( 30-JAN-2018 ),10,TWO WHEELER(NT),706,"1,311","2,463",57,110,"1,322","1,295","1,173",522,"1,411","1,633",966,"12,969"
2020,Bihar,PATNA - BR1( 02-FEB-2018 ),1,FOUR WHEELER (INVALID CARRIAGE),0,0,0,0,0,0,0,0,1,0,0,0,1
2020,Bihar,PATNA - BR1( 02-FEB-2018 ),2,HEAVY GOODS VEHICLE,78,110,195,0,0,1,0,18,42,25,34,43,546
2020,Bihar,PATNA - BR1( 02-FEB-2018 ),3,HEAVY MOTOR VEHICLE,0,0,0,0,0,0,0,0,0,0,1,5,6
2020,Bihar,PATNA - BR1( 02-FEB-2018 ),4,HEAVY PASSENGER VEHICLE,46,28,90,0,0,1,0,1,9,1,1,5,182
2020,Bihar,PATNA - BR1( 02-FEB-2018 ),5,LIGHT GOODS VEHICLE,666,712,903,1,65,403,356,551,761,541,514,647,"6,120"
2020,Bihar,PATNA - BR1( 02-FEB-2018 ),6,LIGHT MOTOR VEHICLE,"1,685","1,694","1,350",55,388,"1,515",870,"1,669","2,019","2,331","3,085","1,907","18,568"
2020,Bihar,PATNA - BR1( 02-FEB-2018 ),7,LIGHT PASSENGER VEHICLE,132,145,288,0,13,40,29,60,75,68,125,53,"1,028"
2020,Bihar,PATNA - BR1( 02-FEB-2018 ),8,MEDIUM GOODS VEHICLE,21,43,54,0,0,0,0,6,6,7,0,5,142
2020,Bihar,PATNA - BR1( 02-FEB-2018 ),9,MEDIUM MOTOR VEHICLE,0,0,0,0,0,0,0,0,0,0,2,0,2
2020,Bihar,PATNA - BR1( 02-FEB-2018 ),10,MEDIUM PASSENGER VEHICLE,4,1,45,9,0,0,0,2,1,0,5,1,68
2020,Bihar,PATNA - BR1( 02-FEB-2018 ),11,OTHER THAN MENTIONED ABOVE,0,0,1,0,3,39,35,37,55,40,44,63,317
2020,Bihar,PATNA - BR1( 02-FEB-2018 ),12,THREE WHEELER(T),948,992,783,0,17,218,216,313,544,535,549,542,"5,657"
2020,Bihar,PATNA - BR1( 02-FEB-2018 ),13,TWO WHEELER(NT),"5,553","6,922","8,103",52,"2,643","9,303","3,265","7,253","7,876","7,582","12,895","6,485","77,932"
2020,Bihar,PURNEA - BR11( 23-JAN-2018 ),1,HEAVY GOODS VEHICLE,17,33,61,0,0,0,2,6,5,17,7,16,164
2020,Bihar,PURNEA - BR11( 23-JAN-2018 ),2,HEAVY PASSENGER VEHICLE,4,2,8,0,0,0,0,0,0,2,0,0,16
2020,Bihar,PURNEA - BR11( 23-JAN-2018 ),3,LIGHT GOODS VEHICLE,491,582,523,0,7,459,368,530,529,548,449,413,"4,899"
2020,Bihar,PURNEA - BR11( 23-JAN-2018 ),4,LIGHT MOTOR VEHICLE,424,492,617,4,1,458,401,423,528,507,789,393,"5,037"
2020,Bihar,PURNEA - BR11( 23-JAN-2018 ),5,LIGHT PASSENGER VEHICLE,28,33,54,0,1,2,5,6,17,4,8,4,162
2020,Bihar,PURNEA - BR11( 23-JAN-2018 ),6,MEDIUM GOODS VEHICLE,31,70,38,0,0,0,0,0,0,0,1,0,140
2020,Bihar,PURNEA - BR11( 23-JAN-2018 ),7,MEDIUM MOTOR VEHICLE,0,0,0,0,0,88,32,40,69,54,53,63,399
2020,Bihar,PURNEA - BR11( 23-JAN-2018 ),8,OTHER THAN MENTIONED ABOVE,0,0,0,0,0,1,0,1,1,1,0,2,6
2020,Bihar,PURNEA - BR11( 23-JAN-2018 ),9,THREE WHEELER(T),551,678,"1,080",1,6,283,174,232,292,194,235,322,"4,048"
2020,Bihar,PURNEA - BR11( 23-JAN-2018 ),10,TWO WHEELER(NT),"3,533","3,906","5,339",48,0,"3,060","2,017","3,404","3,342","1,976","3,336","2,353","32,314"
2020,Bihar,ROHTAS - BR24( 09-FEB-2018 ),1,HEAVY GOODS VEHICLE,10,10,34,0,0,0,1,0,16,2,3,5,81
2020,Bihar,ROHTAS - BR24( 09-FEB-2018 ),2,HEAVY PASSENGER VEHICLE,16,9,11,0,0,0,0,0,0,0,0,3,39
2020,Bihar,ROHTAS - BR24( 09-FEB-2018 ),3,LIGHT GOODS VEHICLE,222,217,288,3,7,217,251,213,230,220,155,267,"2,290"
2020,Bihar,ROHTAS - BR24( 09-FEB-2018 ),4,LIGHT MOTOR VEHICLE,142,131,169,0,0,68,102,82,126,126,145,85,"1,176"
2020,Bihar,ROHTAS - BR24( 09-FEB-2018 ),5,LIGHT PASSENGER VEHICLE,30,11,81,0,0,1,3,0,2,1,3,2,134
2020,Bihar,ROHTAS - BR24( 09-FEB-2018 ),6,MEDIUM GOODS VEHICLE,26,11,33,0,0,0,0,0,0,0,1,0,71
2020,Bihar,ROHTAS - BR24( 09-FEB-2018 ),7,MEDIUM MOTOR VEHICLE,0,0,0,0,0,7,0,0,0,1,0,0,8
2020,Bihar,ROHTAS - BR24( 09-FEB-2018 ),8,MEDIUM PASSENGER VEHICLE,1,3,17,0,0,0,0,0,0,0,0,0,21
2020,Bihar,ROHTAS - BR24( 09-FEB-2018 ),9,OTHER THAN MENTIONED ABOVE,0,0,0,0,0,8,6,0,17,17,23,12,83
2020,Bihar,ROHTAS - BR24( 09-FEB-2018 ),10,THREE WHEELER(T),154,192,269,73,0,17,42,108,121,16,31,75,"1,098"
2020,Bihar,ROHTAS - BR24( 09-FEB-2018 ),11,TWO WHEELER(NT),"1,567","2,208","4,824",194,2,"1,667","2,023","2,008","2,387","1,508","2,286","3,175","23,849"
2020,Bihar,SAHARSA - BR19( 29-JAN-2018 ),1,HEAVY GOODS VEHICLE,2,3,4,0,0,0,0,7,2,2,0,0,20
2020,Bihar,SAHARSA - BR19( 29-JAN-2018 ),2,HEAVY PASSENGER VEHICLE,2,0,2,0,0,0,0,0,0,0,0,0,4
2020,Bihar,SAHARSA - BR19( 29-JAN-2018 ),3,LIGHT GOODS VEHICLE,44,133,182,0,0,121,136,63,83,113,29,161,"1,065"
2020,Bihar,SAHARSA - BR19( 29-JAN-2018 ),4,LIGHT MOTOR VEHICLE,70,45,74,0,0,12,19,28,24,128,25,56,481
2020,Bihar,SAHARSA - BR19( 29-JAN-2018 ),5,LIGHT PASSENGER VEHICLE,3,2,21,0,0,0,3,4,3,1,1,1,39
2020,Bihar,SAHARSA - BR19( 29-JAN-2018 ),6,MEDIUM GOODS VEHICLE,6,1,8,0,0,0,0,0,1,3,0,0,19
2020,Bihar,SAHARSA - BR19( 29-JAN-2018 ),7,MEDIUM MOTOR VEHICLE,0,0,0,0,0,0,0,0,1,1,0,0,2
2020,Bihar,SAHARSA - BR19( 29-JAN-2018 ),8,MEDIUM PASSENGER VEHICLE,0,0,1,0,0,0,0,0,0,0,0,0,1
2020,Bihar,SAHARSA - BR19( 29-JAN-2018 ),9,OTHER THAN MENTIONED ABOVE,0,0,0,0,0,0,1,3,1,0,1,2,8
2020,Bihar,SAHARSA - BR19( 29-JAN-2018 ),10,THREE WHEELER(T),156,159,451,0,0,20,61,91,97,79,70,102,"1,286"
2020,Bihar,SAHARSA - BR19( 29-JAN-2018 ),11,TWO WHEELER(NT),"1,289","1,324","2,178",446,0,"1,195",715,"1,162",839,772,"1,323","1,008","12,251"
2020,Bihar,SAMASTIPUR - BR33( 06-JUL-2017 ),1,HEAVY GOODS VEHICLE,2,2,3,0,0,0,0,1,0,1,1,0,10
2020,Bihar,SAMASTIPUR - BR33( 06-JUL-2017 ),2,HEAVY PASSENGER VEHICLE,2,1,1,0,0,0,0,0,0,0,0,0,4
2020,Bihar,SAMASTIPUR - BR33( 06-JUL-2017 ),3,LIGHT GOODS VEHICLE,210,178,298,0,1,9,140,112,119,81,49,151,"1,348"
2020,Bihar,SAMASTIPUR - BR33( 06-JUL-2017 ),4,LIGHT MOTOR VEHICLE,165,142,184,0,1,49,173,152,184,126,84,294,"1,554"
2020,Bihar,SAMASTIPUR - BR33( 06-JUL-2017 ),5,LIGHT PASSENGER VEHICLE,4,2,26,0,0,0,0,0,1,2,1,0,36
2020,Bihar,SAMASTIPUR - BR33( 06-JUL-2017 ),6,MEDIUM GOODS VEHICLE,4,3,12,0,0,0,0,1,0,0,0,0,20
2020,Bihar,SAMASTIPUR - BR33( 06-JUL-2017 ),7,MEDIUM MOTOR VEHICLE,10,3,0,0,0,2,5,0,0,1,0,1,22
2020,Bihar,SAMASTIPUR - BR33( 06-JUL-2017 ),8,MEDIUM PASSENGER VEHICLE,0,3,1,0,0,0,0,0,0,0,0,0,4
2020,Bihar,SAMASTIPUR - BR33( 06-JUL-2017 ),9,OTHER THAN MENTIONED ABOVE,0,0,0,0,0,0,0,0,1,0,0,1,2
2020,Bihar,SAMASTIPUR - BR33( 06-JUL-2017 ),10,THREE WHEELER(T),235,235,474,3,9,35,89,94,133,72,69,154,"1,602"
2020,Bihar,SAMASTIPUR - BR33( 06-JUL-2017 ),11,TWO WHEELER(NT),"2,991","3,473","5,465",49,343,"4,442","2,803","2,808","2,754","2,548","5,088","3,999","36,763"
2020,Bihar,SHEIKHPURA - BR52( 17-JUL-2017 ),1,HEAVY GOODS VEHICLE,3,3,4,0,0,0,0,0,3,4,5,0,22
2020,Bihar,SHEIKHPURA - BR52( 17-JUL-2017 ),2,HEAVY PASSENGER VEHICLE,1,0,5,0,0,0,0,0,0,0,0,0,6
2020,Bihar,SHEIKHPURA - BR52( 17-JUL-2017 ),3,LIGHT GOODS VEHICLE,106,68,73,0,0,31,43,50,78,29,27,36,541
2020,Bihar,SHEIKHPURA - BR52( 17-JUL-2017 ),4,LIGHT MOTOR VEHICLE,9,11,12,0,0,2,5,8,5,9,9,11,81
2020,Bihar,SHEIKHPURA - BR52( 17-JUL-2017 ),5,LIGHT PASSENGER VEHICLE,3,3,10,0,0,0,1,2,0,2,2,0,23
2020,Bihar,SHEIKHPURA - BR52( 17-JUL-2017 ),6,MEDIUM GOODS VEHICLE,0,5,0,0,0,0,0,0,0,0,0,0,5
2020,Bihar,SHEIKHPURA - BR52( 17-JUL-2017 ),7,MEDIUM PASSENGER VEHICLE,2,1,0,0,0,0,0,0,0,0,0,0,3
2020,Bihar,SHEIKHPURA - BR52( 17-JUL-2017 ),8,OTHER THAN MENTIONED ABOVE,0,0,0,0,0,0,2,0,0,1,5,1,9
2020,Bihar,SHEIKHPURA - BR52( 17-JUL-2017 ),9,THREE WHEELER(T),33,13,51,0,1,9,4,8,40,33,34,17,243
2020,Bihar,SHEIKHPURA - BR52( 17-JUL-2017 ),10,TWO WHEELER(NT),159,263,707,0,15,178,464,369,300,212,439,322,"3,428"
2020,Bihar,SHEOHAR - BR55( 07-JUN-2017 ),1,LIGHT GOODS VEHICLE,33,27,19,0,0,38,24,25,22,9,33,23,253
2020,Bihar,SHEOHAR - BR55( 07-JUN-2017 ),2,LIGHT MOTOR VEHICLE,4,2,4,0,0,1,1,1,1,2,1,1,18
2020,Bihar,SHEOHAR - BR55( 07-JUN-2017 ),3,LIGHT PASSENGER VEHICLE,1,1,0,0,0,0,1,0,0,0,0,0,3
2020,Bihar,SHEOHAR - BR55( 07-JUN-2017 ),4,MEDIUM GOODS VEHICLE,3,4,1,0,0,0,0,0,0,0,0,0,8
2020,Bihar,SHEOHAR - BR55( 07-JUN-2017 ),5,MEDIUM PASSENGER VEHICLE,0,1,0,0,0,0,0,0,0,0,0,0,1
2020,Bihar,SHEOHAR - BR55( 07-JUN-2017 ),6,OTHER THAN MENTIONED ABOVE,0,0,0,0,0,0,3,0,1,1,0,1,6
2020,Bihar,SHEOHAR - BR55( 07-JUN-2017 ),7,THREE WHEELER(T),60,9,22,0,0,0,3,13,5,0,0,0,112
2020,Bihar,SHEOHAR - BR55( 07-JUN-2017 ),8,TWO WHEELER(NT),247,303,384,0,23,154,143,215,217,162,223,345,"2,416"
2020,Bihar,SITAMARHI - BR30( 29-JAN-2018 ),1,HEAVY GOODS VEHICLE,1,0,1,0,0,0,0,1,1,0,0,1,5
2020,Bihar,SITAMARHI - BR30( 29-JAN-2018 ),2,HEAVY MOTOR VEHICLE,0,0,0,0,0,0,1,0,0,0,0,0,1
2020,Bihar,SITAMARHI - BR30( 29-JAN-2018 ),3,HEAVY PASSENGER VEHICLE,0,4,0,0,0,0,0,0,0,1,1,0,6
2020,Bihar,SITAMARHI - BR30( 29-JAN-2018 ),4,LIGHT GOODS VEHICLE,89,209,111,2,30,84,186,67,71,117,93,133,"1,192"
2020,Bihar,SITAMARHI - BR30( 29-JAN-2018 ),5,LIGHT MOTOR VEHICLE,10,10,25,0,0,6,48,21,65,79,33,48,345
2020,Bihar,SITAMARHI - BR30( 29-JAN-2018 ),6,LIGHT PASSENGER VEHICLE,7,11,3,1,0,0,0,0,0,0,1,0,23
2020,Bihar,SITAMARHI - BR30( 29-JAN-2018 ),7,MEDIUM GOODS VEHICLE,3,13,11,0,0,0,0,0,0,0,0,0,27
2020,Bihar,SITAMARHI - BR30( 29-JAN-2018 ),8,MEDIUM MOTOR VEHICLE,0,0,0,0,0,3,0,31,0,14,0,0,48
2020,Bihar,SITAMARHI - BR30( 29-JAN-2018 ),9,MEDIUM PASSENGER VEHICLE,0,1,2,0,0,0,0,0,0,0,0,0,3
2020,Bihar,SITAMARHI - BR30( 29-JAN-2018 ),10,OTHER THAN MENTIONED ABOVE,0,0,0,0,0,5,1,2,4,6,0,5,23
2020,Bihar,SITAMARHI - BR30( 29-JAN-2018 ),11,THREE WHEELER(T),306,199,219,4,5,44,103,110,139,60,35,109,"1,333"
2020,Bihar,SITAMARHI - BR30( 29-JAN-2018 ),12,TWO WHEELER(NT),"2,235","3,070","6,200",1,5,"1,730","1,096","1,693","1,841","1,588","2,518","2,524","24,501"
2020,Bihar,SIWAN - BR29( 29-JAN-2018 ),1,HEAVY GOODS VEHICLE,6,5,6,0,0,0,0,0,1,2,1,9,30
2020,Bihar,SIWAN - BR29( 29-JAN-2018 ),2,HEAVY PASSENGER VEHICLE,9,9,6,0,0,0,0,0,0,0,0,0,24
2020,Bihar,SIWAN - BR29( 29-JAN-2018 ),3,LIGHT GOODS VEHICLE,74,114,119,0,0,64,66,93,101,99,71,63,864
2020,Bihar,SIWAN - BR29( 29-JAN-2018 ),4,LIGHT MOTOR VEHICLE,331,178,278,6,19,327,276,178,222,239,257,294,"2,605"
2020,Bihar,SIWAN - BR29( 29-JAN-2018 ),5,LIGHT PASSENGER VEHICLE,27,17,19,0,0,2,5,13,13,10,5,1,112
2020,Bihar,SIWAN - BR29( 29-JAN-2018 ),6,MEDIUM GOODS VEHICLE,2,1,3,0,0,0,0,0,0,0,0,0,6
2020,Bihar,SIWAN - BR29( 29-JAN-2018 ),7,MEDIUM PASSENGER VEHICLE,0,1,9,0,0,0,0,0,0,0,0,1,11
2020,Bihar,SIWAN - BR29( 29-JAN-2018 ),8,OTHER THAN MENTIONED ABOVE,0,0,0,0,0,4,0,4,1,2,1,5,17
2020,Bihar,SIWAN - BR29( 29-JAN-2018 ),9,THREE WHEELER(T),140,168,245,3,0,9,21,38,78,78,63,70,913
2020,Bihar,SIWAN - BR29( 29-JAN-2018 ),10,TWO WHEELER(NT),"2,250","2,439","6,867",5,304,"1,514","1,711","2,062","2,402","2,386","3,416","5,292","30,648"
2020,Bihar,SUPAUL - BR50( 29-JAN-2018 ),1,HEAVY GOODS VEHICLE,4,11,23,0,0,0,1,6,8,3,1,2,59
2020,Bihar,SUPAUL - BR50( 29-JAN-2018 ),2,HEAVY MOTOR VEHICLE,0,0,0,0,0,0,0,1,0,0,0,0,1
2020,Bihar,SUPAUL - BR50( 29-JAN-2018 ),3,HEAVY PASSENGER VEHICLE,0,0,0,0,0,0,0,0,0,0,2,0,2
2020,Bihar,SUPAUL - BR50( 29-JAN-2018 ),4,LIGHT GOODS VEHICLE,151,178,159,1,7,132,186,164,212,132,89,331,"1,742"
2020,Bihar,SUPAUL - BR50( 29-JAN-2018 ),5,LIGHT MOTOR VEHICLE,28,73,63,1,1,24,19,27,26,38,33,37,370
2020,Bihar,SUPAUL - BR50( 29-JAN-2018 ),6,LIGHT PASSENGER VEHICLE,8,7,17,0,0,0,0,6,3,0,1,1,43
2020,Bihar,SUPAUL - BR50( 29-JAN-2018 ),7,MEDIUM GOODS VEHICLE,1,3,2,0,0,0,0,0,0,0,0,0,6
2020,Bihar,SUPAUL - BR50( 29-JAN-2018 ),8,MEDIUM MOTOR VEHICLE,0,0,0,0,0,0,0,0,1,0,0,3,4
2020,Bihar,SUPAUL - BR50( 29-JAN-2018 ),9,MEDIUM PASSENGER VEHICLE,0,1,0,0,0,0,0,0,0,0,0,0,1
2020,Bihar,SUPAUL - BR50( 29-JAN-2018 ),10,OTHER THAN MENTIONED ABOVE,0,0,0,0,0,1,0,2,0,0,0,0,3
2020,Bihar,SUPAUL - BR50( 29-JAN-2018 ),11,THREE WHEELER(T),145,158,197,0,9,76,91,119,168,101,108,173,"1,345"
2020,Bihar,SUPAUL - BR50( 29-JAN-2018 ),12,TWO WHEELER(NT),"2,491","3,628","5,310",465,0,"2,540","1,257","1,946","1,757","1,282","2,710","1,650","25,036"
2020,Bihar,VAISHALI - BR31( 13-FEB-2018 ),1,HEAVY GOODS VEHICLE,12,9,4,0,1,1,0,2,4,9,3,0,45
2020,Bihar,VAISHALI - BR31( 13-FEB-2018 ),2,HEAVY PASSENGER VEHICLE,8,9,10,0,0,0,0,0,0,0,0,0,27
2020,Bihar,VAISHALI - BR31( 13-FEB-2018 ),3,LIGHT GOODS VEHICLE,314,256,215,1,38,226,168,203,265,264,256,219,"2,425"
2020,Bihar,VAISHALI - BR31( 13-FEB-2018 ),4,LIGHT MOTOR VEHICLE,181,239,201,0,69,159,127,166,207,201,277,177,"2,004"
2020,Bihar,VAISHALI - BR31( 13-FEB-2018 ),5,LIGHT PASSENGER VEHICLE,32,27,25,0,1,5,10,8,6,6,2,1,123
2020,Bihar,VAISHALI - BR31( 13-FEB-2018 ),6,MEDIUM GOODS VEHICLE,6,9,11,0,0,0,0,0,0,0,0,0,26
2020,Bihar,VAISHALI - BR31( 13-FEB-2018 ),7,MEDIUM PASSENGER VEHICLE,1,2,2,0,0,0,0,0,0,0,0,0,5
2020,Bihar,VAISHALI - BR31( 13-FEB-2018 ),8,OTHER THAN MENTIONED ABOVE,0,0,0,0,5,4,5,2,14,4,4,9,47
2020,Bihar,VAISHALI - BR31( 13-FEB-2018 ),9,THREE WHEELER(T),251,250,270,0,7,39,51,52,114,78,97,96,"1,305"
2020,Bihar,VAISHALI - BR31( 13-FEB-2018 ),10,TWO WHEELER(NT),"1,907","2,486","4,107",0,336,"2,800","1,625","1,914","2,016","2,075","3,831","3,251","26,348"
2019,Bihar,ARARIA - BR38( 30-JAN-2018 ),1,HEAVY GOODS VEHICLE,2,4,1,1,4,9,3,0,1,1,2,1,29
2019,Bihar,ARARIA - BR38( 30-JAN-2018 ),2,HEAVY PASSENGER VEHICLE,0,1,0,1,0,2,0,1,0,6,0,1,12
2019,Bihar,ARARIA - BR38( 30-JAN-2018 ),3,LIGHT GOODS VEHICLE,87,72,77,99,106,108,323,177,126,135,179,183,"1,672"
2019,Bihar,ARARIA - BR38( 30-JAN-2018 ),4,LIGHT MOTOR VEHICLE,51,67,67,32,55,52,64,47,33,48,104,44,664
2019,Bihar,ARARIA - BR38( 30-JAN-2018 ),5,LIGHT PASSENGER VEHICLE,5,4,9,9,7,5,2,3,4,1,5,5,59
2019,Bihar,ARARIA - BR38( 30-JAN-2018 ),6,MEDIUM GOODS VEHICLE,0,0,0,1,0,0,0,1,1,0,0,0,3
2019,Bihar,ARARIA - BR38( 30-JAN-2018 ),7,MEDIUM PASSENGER VEHICLE,0,1,2,0,1,0,0,0,0,0,1,0,5
2019,Bihar,ARARIA - BR38( 30-JAN-2018 ),8,THREE WHEELER(T),98,96,170,131,54,57,88,78,81,123,168,69,"1,213"
2019,Bihar,ARARIA - BR38( 30-JAN-2018 ),9,TWO WHEELER(NT),"1,978","2,499","3,526","1,835","3,047","2,876","3,811","3,636","3,480","2,664","3,363","2,340","35,055"
2019,Bihar,ARAWAL - BR56( 22-MAY-2017 ),1,HEAVY GOODS VEHICLE,0,1,0,0,1,2,0,0,0,0,0,0,4
2019,Bihar,ARAWAL - BR56( 22-MAY-2017 ),2,HEAVY PASSENGER VEHICLE,0,0,0,0,3,0,0,0,0,0,2,0,5
2019,Bihar,ARAWAL - BR56( 22-MAY-2017 ),3,LIGHT GOODS VEHICLE,10,3,63,37,11,11,40,18,24,15,20,40,292
2019,Bihar,ARAWAL - BR56( 22-MAY-2017 ),4,LIGHT MOTOR VEHICLE,4,5,5,7,5,1,3,1,1,7,4,7,50
2019,Bihar,ARAWAL - BR56( 22-MAY-2017 ),5,LIGHT PASSENGER VEHICLE,3,2,1,2,7,3,3,0,2,0,0,1,24
2019,Bihar,ARAWAL - BR56( 22-MAY-2017 ),6,MEDIUM GOODS VEHICLE,0,1,1,0,0,1,0,0,0,0,1,0,4
2019,Bihar,ARAWAL - BR56( 22-MAY-2017 ),7,MEDIUM PASSENGER VEHICLE,0,1,0,1,1,0,0,0,1,0,1,0,5
2019,Bihar,ARAWAL - BR56( 22-MAY-2017 ),8,THREE WHEELER(T),3,18,21,20,20,10,24,21,29,29,22,24,241
2019,Bihar,ARAWAL - BR56( 22-MAY-2017 ),9,TWO WHEELER(NT),103,330,414,151,265,205,290,374,297,153,172,222,"2,976"
2019,Bihar,AURANGABAD - BR26( 13-JUN-2017 ),1,HEAVY GOODS VEHICLE,17,12,12,14,8,6,5,1,4,9,6,4,98
2019,Bihar,AURANGABAD - BR26( 13-JUN-2017 ),2,HEAVY MOTOR VEHICLE,0,0,0,0,1,0,0,0,0,0,0,0,1
2019,Bihar,AURANGABAD - BR26( 13-JUN-2017 ),3,HEAVY PASSENGER VEHICLE,2,2,0,1,1,2,4,2,1,0,9,4,28
2019,Bihar,AURANGABAD - BR26( 13-JUN-2017 ),4,LIGHT GOODS VEHICLE,254,82,193,54,45,42,533,150,89,185,177,189,"1,993"
2019,Bihar,AURANGABAD - BR26( 13-JUN-2017 ),5,LIGHT MOTOR VEHICLE,23,24,41,13,27,29,42,46,20,57,61,51,434
2019,Bihar,AURANGABAD - BR26( 13-JUN-2017 ),6,LIGHT PASSENGER VEHICLE,9,14,14,3,12,7,18,14,7,20,21,16,155
2019,Bihar,AURANGABAD - BR26( 13-JUN-2017 ),7,MEDIUM GOODS VEHICLE,6,4,7,3,7,5,3,13,5,8,11,8,80
2019,Bihar,AURANGABAD - BR26( 13-JUN-2017 ),8,MEDIUM PASSENGER VEHICLE,2,1,0,1,13,1,0,0,0,0,0,0,18
2019,Bihar,AURANGABAD - BR26( 13-JUN-2017 ),9,THREE WHEELER(T),148,120,226,66,168,225,178,129,320,230,144,228,"2,182"
2019,Bihar,AURANGABAD - BR26( 13-JUN-2017 ),10,TWO WHEELER(NT),886,"1,128","1,663","1,157","2,104","1,241","1,110",768,835,986,"1,803",687,"14,368"
2019,Bihar,BANKA - BR51( 06-FEB-2018 ),1,HEAVY GOODS VEHICLE,6,6,13,3,2,4,3,7,1,1,3,1,50
2019,Bihar,BANKA - BR51( 06-FEB-2018 ),2,HEAVY PASSENGER VEHICLE,0,0,1,0,0,1,1,1,0,1,6,0,11
2019,Bihar,BANKA - BR51( 06-FEB-2018 ),3,LIGHT GOODS VEHICLE,30,44,111,60,41,28,108,152,107,16,34,140,871
2019,Bihar,BANKA - BR51( 06-FEB-2018 ),4,LIGHT MOTOR VEHICLE,10,12,7,4,7,11,7,10,13,12,19,24,136
2019,Bihar,BANKA - BR51( 06-FEB-2018 ),5,LIGHT PASSENGER VEHICLE,3,8,3,5,11,14,4,3,3,6,3,6,69
2019,Bihar,BANKA - BR51( 06-FEB-2018 ),6,MEDIUM GOODS VEHICLE,5,1,4,0,5,1,1,2,3,1,1,2,26
2019,Bihar,BANKA - BR51( 06-FEB-2018 ),7,MEDIUM PASSENGER VEHICLE,0,0,1,1,0,1,0,1,0,0,0,0,4
2019,Bihar,BANKA - BR51( 06-FEB-2018 ),8,OTHER THAN MENTIONED ABOVE,0,0,0,0,0,0,0,0,0,0,0,1,1
2019,Bihar,BANKA - BR51( 06-FEB-2018 ),9,THREE WHEELER(T),42,58,41,18,48,69,61,17,45,92,29,87,607
2019,Bihar,BANKA - BR51( 06-FEB-2018 ),10,TWO WHEELER(NT),286,403,"1,007",542,935,"1,393",993,652,487,631,967,"1,201","9,497"
2019,Bihar,BEGUSARAI - BR9( 23-JAN-2018 ),1,HEAVY GOODS VEHICLE,51,66,97,51,58,34,24,31,22,47,23,31,535
2019,Bihar,BEGUSARAI - BR9( 23-JAN-2018 ),2,HEAVY PASSENGER VEHICLE,4,6,3,5,3,4,4,5,1,1,2,2,40
2019,Bihar,BEGUSARAI - BR9( 23-JAN-2018 ),3,LIGHT GOODS VEHICLE,266,180,155,122,141,122,146,161,174,175,219,227,"2,088"
2019,Bihar,BEGUSARAI - BR9( 23-JAN-2018 ),4,LIGHT MOTOR VEHICLE,158,120,138,89,171,173,168,103,155,178,314,180,"1,947"
2019,Bihar,BEGUSARAI - BR9( 23-JAN-2018 ),5,LIGHT PASSENGER VEHICLE,30,33,42,10,27,16,42,8,23,20,12,26,289
2019,Bihar,BEGUSARAI - BR9( 23-JAN-2018 ),6,MEDIUM GOODS VEHICLE,11,6,6,6,11,5,6,2,12,15,26,9,115
2019,Bihar,BEGUSARAI - BR9( 23-JAN-2018 ),7,MEDIUM MOTOR VEHICLE,0,0,0,0,0,0,1,0,0,0,0,0,1
2019,Bihar,BEGUSARAI - BR9( 23-JAN-2018 ),8,MEDIUM PASSENGER VEHICLE,1,3,0,0,0,2,3,6,2,0,0,0,17
2019,Bihar,BEGUSARAI - BR9( 23-JAN-2018 ),9,THREE WHEELER(T),135,116,87,69,106,40,148,65,127,203,85,74,"1,255"
2019,Bihar,BEGUSARAI - BR9( 23-JAN-2018 ),10,TWO WHEELER(NT),"2,298","2,335","2,796","2,326","3,968","4,133","3,389","2,079","1,895","2,288","3,856","1,959","33,322"
2019,Bihar,BETTIAH - BR22( 22-SEP-2017 ),1,HEAVY GOODS VEHICLE,1,3,5,1,0,1,3,3,4,1,1,3,26
2019,Bihar,BETTIAH - BR22( 22-SEP-2017 ),2,HEAVY PASSENGER VEHICLE,0,1,0,1,1,0,1,2,1,3,1,1,12
2019,Bihar,BETTIAH - BR22( 22-SEP-2017 ),3,LIGHT GOODS VEHICLE,260,180,433,188,66,129,134,187,223,294,174,556,"2,824"
2019,Bihar,BETTIAH - BR22( 22-SEP-2017 ),4,LIGHT MOTOR VEHICLE,68,129,125,109,61,100,64,65,74,54,103,107,"1,059"
2019,Bihar,BETTIAH - BR22( 22-SEP-2017 ),5,LIGHT PASSENGER VEHICLE,14,50,8,33,4,5,3,6,7,6,1,11,148
2019,Bihar,BETTIAH - BR22( 22-SEP-2017 ),6,MEDIUM GOODS VEHICLE,0,0,0,0,0,0,1,0,1,0,0,0,2
2019,Bihar,BETTIAH - BR22( 22-SEP-2017 ),7,MEDIUM MOTOR VEHICLE,3,1,6,6,3,3,2,9,1,5,0,10,49
2019,Bihar,BETTIAH - BR22( 22-SEP-2017 ),8,MEDIUM PASSENGER VEHICLE,0,1,0,0,3,0,1,0,0,0,0,0,5
2019,Bihar,BETTIAH - BR22( 22-SEP-2017 ),9,OTHER THAN MENTIONED ABOVE,0,0,0,0,0,1,0,0,0,0,0,0,1
2019,Bihar,BETTIAH - BR22( 22-SEP-2017 ),10,THREE WHEELER(T),364,154,295,129,27,56,102,97,165,195,95,222,"1,901"
2019,Bihar,BETTIAH - BR22( 22-SEP-2017 ),11,TWO WHEELER (INVALID CARRIAGE),0,0,1,0,0,0,0,0,0,0,0,3,4
2019,Bihar,BETTIAH - BR22( 22-SEP-2017 ),12,TWO WHEELER(NT),"2,695","5,322","5,287","4,780","4,346","3,975","2,542","3,124","2,818","3,153","6,487","3,024","47,553"
2019,Bihar,BHABHUA - BR45( 23-JAN-2018 ),1,HEAVY GOODS VEHICLE,4,5,1,4,2,2,0,2,5,0,2,3,30
2019,Bihar,BHABHUA - BR45( 23-JAN-2018 ),2,HEAVY PASSENGER VEHICLE,1,1,1,0,0,3,3,4,3,0,2,2,20
2019,Bihar,BHABHUA - BR45( 23-JAN-2018 ),3,LIGHT GOODS VEHICLE,172,201,99,72,19,15,30,44,36,56,76,54,874
2019,Bihar,BHABHUA - BR45( 23-JAN-2018 ),4,LIGHT MOTOR VEHICLE,23,16,24,23,10,7,15,15,10,121,42,21,327
2019,Bihar,BHABHUA - BR45( 23-JAN-2018 ),5,LIGHT PASSENGER VEHICLE,10,7,5,11,3,4,5,4,3,0,2,3,57
2019,Bihar,BHABHUA - BR45( 23-JAN-2018 ),6,MEDIUM GOODS VEHICLE,4,5,3,3,7,8,7,2,1,1,7,7,55
2019,Bihar,BHABHUA - BR45( 23-JAN-2018 ),7,MEDIUM MOTOR VEHICLE,0,1,0,0,0,0,0,0,0,0,2,0,3
2019,Bihar,BHABHUA - BR45( 23-JAN-2018 ),8,MEDIUM PASSENGER VEHICLE,2,1,0,7,3,1,2,0,0,1,0,0,17
2019,Bihar,BHABHUA - BR45( 23-JAN-2018 ),9,OTHER THAN MENTIONED ABOVE,0,0,0,0,0,0,0,1,0,2,0,0,3
2019,Bihar,BHABHUA - BR45( 23-JAN-2018 ),10,THREE WHEELER(T),86,83,80,35,0,12,92,57,88,82,65,50,730
2019,Bihar,BHABHUA - BR45( 23-JAN-2018 ),11,TWO WHEELER(NT),395,787,803,558,466,588,400,659,"1,035",578,830,772,"7,871"
2019,Bihar,BHAGALPUR - BR10( 07-FEB-2018 ),1,HEAVY GOODS VEHICLE,66,52,69,85,100,66,47,35,37,26,44,26,653
2019,Bihar,BHAGALPUR - BR10( 07-FEB-2018 ),2,HEAVY MOTOR VEHICLE,0,0,0,0,0,0,0,0,1,0,3,1,5
2019,Bihar,BHAGALPUR - BR10( 07-FEB-2018 ),3,HEAVY PASSENGER VEHICLE,0,3,8,1,1,1,1,3,2,1,0,0,21
2019,Bihar,BHAGALPUR - BR10( 07-FEB-2018 ),4,LIGHT GOODS VEHICLE,27,80,47,50,42,87,144,110,124,136,152,164,"1,163"
2019,Bihar,BHAGALPUR - BR10( 07-FEB-2018 ),5,LIGHT MOTOR VEHICLE,205,185,130,225,167,221,225,234,149,214,364,305,"2,624"
2019,Bihar,BHAGALPUR - BR10( 07-FEB-2018 ),6,LIGHT PASSENGER VEHICLE,27,18,27,18,10,26,26,20,18,22,17,27,256
2019,Bihar,BHAGALPUR - BR10( 07-FEB-2018 ),7,MEDIUM GOODS VEHICLE,7,9,11,9,9,15,21,6,8,13,8,8,124
2019,Bihar,BHAGALPUR - BR10( 07-FEB-2018 ),8,MEDIUM MOTOR VEHICLE,0,0,0,1,0,1,6,1,0,0,0,1,10
2019,Bihar,BHAGALPUR - BR10( 07-FEB-2018 ),9,MEDIUM PASSENGER VEHICLE,0,1,0,0,0,0,0,0,1,0,2,0,4
2019,Bihar,BHAGALPUR - BR10( 07-FEB-2018 ),10,OTHER THAN MENTIONED ABOVE,0,0,1,8,6,0,1,2,0,1,9,0,28
2019,Bihar,BHAGALPUR - BR10( 07-FEB-2018 ),11,THREE WHEELER(T),344,200,192,132,102,143,323,222,285,238,217,384,"2,782"
2019,Bihar,BHAGALPUR - BR10( 07-FEB-2018 ),12,TWO WHEELER(NT),"1,212","1,514","2,071","2,020","1,515","3,021","2,040","2,104","2,062","1,946","3,389","2,337","25,231"
2019,Bihar,BHOJPUR - BR3( 15-FEB-2018 ),1,HEAVY GOODS VEHICLE,6,16,23,17,7,17,5,13,17,15,13,4,153
2019,Bihar,BHOJPUR - BR3( 15-FEB-2018 ),2,HEAVY PASSENGER VEHICLE,6,2,4,14,4,0,3,3,3,3,5,1,48
2019,Bihar,BHOJPUR - BR3( 15-FEB-2018 ),3,LIGHT GOODS VEHICLE,177,178,194,144,44,103,112,103,131,142,215,192,"1,735"
2019,Bihar,BHOJPUR - BR3( 15-FEB-2018 ),4,LIGHT MOTOR VEHICLE,86,74,78,75,29,75,77,56,71,82,128,78,909
2019,Bihar,BHOJPUR - BR3( 15-FEB-2018 ),5,LIGHT PASSENGER VEHICLE,22,19,10,10,3,14,11,13,13,9,8,7,139
2019,Bihar,BHOJPUR - BR3( 15-FEB-2018 ),6,MEDIUM GOODS VEHICLE,0,1,6,8,7,10,1,6,9,0,2,3,53
2019,Bihar,BHOJPUR - BR3( 15-FEB-2018 ),7,MEDIUM PASSENGER VEHICLE,3,0,1,0,0,1,0,2,0,1,0,3,11
2019,Bihar,BHOJPUR - BR3( 15-FEB-2018 ),8,THREE WHEELER(T),152,129,86,117,11,33,133,163,136,181,130,209,"1,480"
2019,Bihar,BHOJPUR - BR3( 15-FEB-2018 ),9,TWO WHEELER (INVALID CARRIAGE),0,0,0,0,0,0,0,0,0,0,0,2,2
2019,Bihar,BHOJPUR - BR3( 15-FEB-2018 ),10,TWO WHEELER(NT),"1,546","2,009","2,366","2,777","2,102","2,359","1,996","2,051","1,795","1,822","3,006","2,032","25,861"
2019,Bihar,BUXUR - BR44( 01-FEB-2018 ),1,HEAVY GOODS VEHICLE,6,3,7,6,1,1,1,1,7,2,7,1,43
2019,Bihar,BUXUR - BR44( 01-FEB-2018 ),2,HEAVY PASSENGER VEHICLE,2,2,1,2,3,1,2,2,1,5,2,3,26
2019,Bihar,BUXUR - BR44( 01-FEB-2018 ),3,LIGHT GOODS VEHICLE,67,0,80,56,0,1,19,53,36,56,139,113,620
2019,Bihar,BUXUR - BR44( 01-FEB-2018 ),4,LIGHT MOTOR VEHICLE,14,6,22,19,4,18,11,26,34,40,31,25,250
2019,Bihar,BUXUR - BR44( 01-FEB-2018 ),5,LIGHT PASSENGER VEHICLE,5,6,5,4,11,3,2,8,1,2,4,0,51
2019,Bihar,BUXUR - BR44( 01-FEB-2018 ),6,MEDIUM GOODS VEHICLE,3,0,1,0,4,10,2,2,1,4,5,0,32
2019,Bihar,BUXUR - BR44( 01-FEB-2018 ),7,MEDIUM PASSENGER VEHICLE,2,2,1,10,0,3,3,1,2,0,3,0,27
2019,Bihar,BUXUR - BR44( 01-FEB-2018 ),8,OTHER THAN MENTIONED ABOVE,0,0,0,1,0,0,0,0,0,0,1,0,2
2019,Bihar,BUXUR - BR44( 01-FEB-2018 ),9,THREE WHEELER(T),56,27,35,47,17,15,52,131,140,126,182,90,918
2019,Bihar,BUXUR - BR44( 01-FEB-2018 ),10,TWO WHEELER(NT),154,313,"1,042","1,333","1,295","1,460","1,233","1,029","1,383","1,157","1,210","1,293","12,902"
2019,Bihar,CHAPARA - BR4( 29-JAN-2018 ),1,HEAVY GOODS VEHICLE,14,13,22,19,12,11,12,9,10,4,5,8,139
2019,Bihar,CHAPARA - BR4( 29-JAN-2018 ),2,HEAVY PASSENGER VEHICLE,2,5,4,8,6,1,7,6,6,1,7,3,56
2019,Bihar,CHAPARA - BR4( 29-JAN-2018 ),3,LIGHT GOODS VEHICLE,62,206,190,94,82,182,130,107,120,153,137,248,"1,711"
2019,Bihar,CHAPARA - BR4( 29-JAN-2018 ),4,LIGHT MOTOR VEHICLE,111,139,108,75,78,104,86,76,61,111,142,145,"1,236"
2019,Bihar,CHAPARA - BR4( 29-JAN-2018 ),5,LIGHT PASSENGER VEHICLE,5,60,14,12,15,11,13,13,8,18,1,9,179
2019,Bihar,CHAPARA - BR4( 29-JAN-2018 ),6,MEDIUM GOODS VEHICLE,2,2,7,6,8,5,3,4,8,5,5,2,57
2019,Bihar,CHAPARA - BR4( 29-JAN-2018 ),7,MEDIUM PASSENGER VEHICLE,0,3,2,1,1,1,3,4,1,3,0,0,19
2019,Bihar,CHAPARA - BR4( 29-JAN-2018 ),8,THREE WHEELER(T),44,113,59,100,19,52,93,105,125,113,87,131,"1,041"
2019,Bihar,CHAPARA - BR4( 29-JAN-2018 ),9,TWO WHEELER (INVALID CARRIAGE),0,0,0,0,0,0,0,0,0,0,0,1,1
2019,Bihar,CHAPARA - BR4( 29-JAN-2018 ),10,TWO WHEELER(NT),"1,769","2,199","2,896","2,795","3,798","4,755","3,333","1,665","1,479","1,832","2,895","2,781","32,197"
2019,Bihar,DARBHANGA - BR7( 30-JAN-2018 ),1,HEAVY GOODS VEHICLE,3,0,4,0,3,1,2,1,2,3,3,3,25
2019,Bihar,DARBHANGA - BR7( 30-JAN-2018 ),2,HEAVY MOTOR VEHICLE,0,0,1,7,3,6,2,1,0,0,1,0,21
2019,Bihar,DARBHANGA - BR7( 30-JAN-2018 ),3,HEAVY PASSENGER VEHICLE,1,0,0,0,2,2,2,8,4,0,0,5,24
2019,Bihar,DARBHANGA - BR7( 30-JAN-2018 ),4,LIGHT GOODS VEHICLE,181,133,148,137,100,128,143,103,102,173,219,166,"1,733"
2019,Bihar,DARBHANGA - BR7( 30-JAN-2018 ),5,LIGHT MOTOR VEHICLE,142,211,165,174,144,253,167,104,185,277,399,241,"2,462"
2019,Bihar,DARBHANGA - BR7( 30-JAN-2018 ),6,LIGHT PASSENGER VEHICLE,20,29,26,9,6,17,15,20,18,22,24,6,212
2019,Bihar,DARBHANGA - BR7( 30-JAN-2018 ),7,MEDIUM GOODS VEHICLE,3,7,11,0,1,2,1,2,1,3,10,12,53
2019,Bihar,DARBHANGA - BR7( 30-JAN-2018 ),8,MEDIUM MOTOR VEHICLE,0,0,0,0,0,0,0,0,0,0,1,0,1
2019,Bihar,DARBHANGA - BR7( 30-JAN-2018 ),9,MEDIUM PASSENGER VEHICLE,2,2,0,1,11,2,0,4,3,0,0,3,28
2019,Bihar,DARBHANGA - BR7( 30-JAN-2018 ),10,THREE WHEELER(T),198,155,181,169,202,228,321,226,451,415,337,262,"3,145"
2019,Bihar,DARBHANGA - BR7( 30-JAN-2018 ),11,TWO WHEELER(NT),"1,905","3,259","4,661","3,785","5,249","6,631","2,426","2,212","2,627","2,553","4,765","1,641","41,714"
2019,Bihar,GAYA - BR2( 06-SEP-2017 ),1,HEAVY GOODS VEHICLE,20,39,44,31,32,29,27,16,11,21,30,25,325
2019,Bihar,GAYA - BR2( 06-SEP-2017 ),2,HEAVY PASSENGER VEHICLE,5,3,26,3,21,12,16,21,23,12,10,13,165
2019,Bihar,GAYA - BR2( 06-SEP-2017 ),3,LIGHT GOODS VEHICLE,81,118,310,68,135,107,239,277,121,117,165,206,"1,944"
2019,Bihar,GAYA - BR2( 06-SEP-2017 ),4,LIGHT MOTOR VEHICLE,252,259,329,151,201,190,247,341,197,264,373,253,"3,057"
2019,Bihar,GAYA - BR2( 06-SEP-2017 ),5,LIGHT PASSENGER VEHICLE,7,16,50,28,18,29,29,48,24,15,13,14,291
2019,Bihar,GAYA - BR2( 06-SEP-2017 ),6,MEDIUM GOODS VEHICLE,22,10,16,2,10,2,12,5,9,15,16,13,132
2019,Bihar,GAYA - BR2( 06-SEP-2017 ),7,MEDIUM MOTOR VEHICLE,0,0,0,0,0,1,0,0,0,1,0,0,2
2019,Bihar,GAYA - BR2( 06-SEP-2017 ),8,MEDIUM PASSENGER VEHICLE,0,1,1,0,6,5,5,0,1,5,0,2,26
2019,Bihar,GAYA - BR2( 06-SEP-2017 ),9,THREE WHEELER(T),314,297,389,148,377,249,282,401,399,376,478,459,"4,169"
2019,Bihar,GAYA - BR2( 06-SEP-2017 ),10,TWO WHEELER(NT),"1,981","3,536","3,360","4,445","8,130","4,838","3,522","2,546","2,564","2,987","5,333","2,226","45,468"
2019,Bihar,GOPALGANJ - BR28( 08-JUN-2017 ),1,HEAVY GOODS VEHICLE,9,8,13,12,12,6,8,6,5,4,6,6,95
2019,Bihar,GOPALGANJ - BR28( 08-JUN-2017 ),2,HEAVY PASSENGER VEHICLE,6,4,1,1,1,3,2,4,2,3,3,2,32
2019,Bihar,GOPALGANJ - BR28( 08-JUN-2017 ),3,LIGHT GOODS VEHICLE,30,40,29,44,19,26,41,31,36,9,72,50,427
2019,Bihar,GOPALGANJ - BR28( 08-JUN-2017 ),4,LIGHT MOTOR VEHICLE,149,189,264,134,116,226,132,75,112,106,170,120,"1,793"
2019,Bihar,GOPALGANJ - BR28( 08-JUN-2017 ),5,LIGHT PASSENGER VEHICLE,10,15,13,8,4,14,10,7,11,5,12,5,114
2019,Bihar,GOPALGANJ - BR28( 08-JUN-2017 ),6,MEDIUM GOODS VEHICLE,1,1,6,1,3,5,1,1,1,2,5,0,27
2019,Bihar,GOPALGANJ - BR28( 08-JUN-2017 ),7,MEDIUM MOTOR VEHICLE,0,2,0,0,0,0,0,0,0,1,0,0,3
2019,Bihar,GOPALGANJ - BR28( 08-JUN-2017 ),8,MEDIUM PASSENGER VEHICLE,1,1,0,0,0,0,3,1,2,2,2,0,12
2019,Bihar,GOPALGANJ - BR28( 08-JUN-2017 ),9,OTHER THAN MENTIONED ABOVE,1,0,0,0,0,0,0,0,0,0,0,0,1
2019,Bihar,GOPALGANJ - BR28( 08-JUN-2017 ),10,THREE WHEELER(T),47,32,56,22,25,21,42,42,44,43,65,42,481
2019,Bihar,GOPALGANJ - BR28( 08-JUN-2017 ),11,TWO WHEELER(NT),"1,176","2,191","2,532","2,165","1,882","2,169","1,656","1,698",791,974,"1,439","1,729","20,402"
2019,Bihar,JAMUI - BR46( 07-JUN-2017 ),1,HEAVY GOODS VEHICLE,7,4,3,7,9,0,1,4,1,3,1,3,43
2019,Bihar,JAMUI - BR46( 07-JUN-2017 ),2,HEAVY PASSENGER VEHICLE,0,0,2,0,0,0,0,0,0,1,2,0,5
2019,Bihar,JAMUI - BR46( 07-JUN-2017 ),3,LIGHT GOODS VEHICLE,122,66,66,26,15,34,170,12,80,91,118,114,914
2019,Bihar,JAMUI - BR46( 07-JUN-2017 ),4,LIGHT MOTOR VEHICLE,6,14,11,12,7,6,12,6,23,8,27,17,149
2019,Bihar,JAMUI - BR46( 07-JUN-2017 ),5,LIGHT PASSENGER VEHICLE,3,9,8,2,3,8,4,4,2,5,2,3,53
2019,Bihar,JAMUI - BR46( 07-JUN-2017 ),6,MEDIUM GOODS VEHICLE,7,1,3,5,2,4,5,4,2,6,7,3,49
2019,Bihar,JAMUI - BR46( 07-JUN-2017 ),7,MEDIUM PASSENGER VEHICLE,0,0,1,2,0,2,2,0,0,0,0,0,7
2019,Bihar,JAMUI - BR46( 07-JUN-2017 ),8,THREE WHEELER(T),189,91,57,46,98,133,74,136,127,120,67,218,"1,356"
2019,Bihar,JAMUI - BR46( 07-JUN-2017 ),9,TWO WHEELER(NT),514,548,803,963,"1,272","1,014",949,665,844,744,"1,077",851,"10,244"
2019,Bihar,JEHANABAD - BR25( 26-MAY-2017 ),1,HEAVY GOODS VEHICLE,14,14,14,27,10,12,7,1,2,1,4,9,115
2019,Bihar,JEHANABAD - BR25( 26-MAY-2017 ),2,HEAVY PASSENGER VEHICLE,0,1,4,1,6,2,12,8,9,1,3,0,47
2019,Bihar,JEHANABAD - BR25( 26-MAY-2017 ),3,LIGHT GOODS VEHICLE,45,90,68,21,26,37,25,45,52,42,41,128,620
2019,Bihar,JEHANABAD - BR25( 26-MAY-2017 ),4,LIGHT MOTOR VEHICLE,7,6,17,4,1,7,8,6,3,2,5,4,70
2019,Bihar,JEHANABAD - BR25( 26-MAY-2017 ),5,LIGHT PASSENGER VEHICLE,0,4,4,5,7,0,1,45,12,4,1,0,83
2019,Bihar,JEHANABAD - BR25( 26-MAY-2017 ),6,MEDIUM GOODS VEHICLE,0,1,4,2,4,3,1,5,0,0,3,2,25
2019,Bihar,JEHANABAD - BR25( 26-MAY-2017 ),7,MEDIUM MOTOR VEHICLE,0,0,0,0,0,0,1,0,0,0,0,0,1
2019,Bihar,JEHANABAD - BR25( 26-MAY-2017 ),8,MEDIUM PASSENGER VEHICLE,1,0,0,0,4,1,1,0,4,0,0,0,11
2019,Bihar,JEHANABAD - BR25( 26-MAY-2017 ),9,OTHER THAN MENTIONED ABOVE,0,0,1,0,1,0,0,0,0,0,0,0,2
2019,Bihar,JEHANABAD - BR25( 26-MAY-2017 ),10,THREE WHEELER(T),113,84,85,13,46,37,87,62,81,54,93,196,951
2019,Bihar,JEHANABAD - BR25( 26-MAY-2017 ),11,TWO WHEELER(NT),310,370,818,795,"1,105",732,657,346,416,335,684,496,"7,064"
2019,Bihar,KATIHAR - BR39( 23-JAN-2018 ),1,HEAVY GOODS VEHICLE,1,3,2,1,2,0,4,1,2,1,2,0,19
2019,Bihar,KATIHAR - BR39( 23-JAN-2018 ),2,HEAVY PASSENGER VEHICLE,0,0,1,0,1,0,0,1,0,1,0,0,4
2019,Bihar,KATIHAR - BR39( 23-JAN-2018 ),3,LIGHT GOODS VEHICLE,73,63,102,42,22,69,117,149,70,144,87,86,"1,024"
2019,Bihar,KATIHAR - BR39( 23-JAN-2018 ),4,LIGHT MOTOR VEHICLE,17,29,17,25,28,23,22,12,30,27,34,25,289
2019,Bihar,KATIHAR - BR39( 23-JAN-2018 ),5,LIGHT PASSENGER VEHICLE,5,5,4,0,5,3,6,2,1,2,6,3,42
2019,Bihar,KATIHAR - BR39( 23-JAN-2018 ),6,MEDIUM GOODS VEHICLE,2,2,5,1,2,5,1,2,2,0,3,3,28
2019,Bihar,KATIHAR - BR39( 23-JAN-2018 ),7,MEDIUM MOTOR VEHICLE,0,1,0,0,1,0,0,0,0,1,0,0,3
2019,Bihar,KATIHAR - BR39( 23-JAN-2018 ),8,MEDIUM PASSENGER VEHICLE,2,0,0,3,0,0,1,0,0,0,0,0,6
2019,Bihar,KATIHAR - BR39( 23-JAN-2018 ),9,OTHER THAN MENTIONED ABOVE,0,0,0,0,0,0,0,2,0,0,0,0,2
2019,Bihar,KATIHAR - BR39( 23-JAN-2018 ),10,THREE WHEELER(T),184,71,234,43,90,122,172,126,132,171,96,43,"1,484"
2019,Bihar,KATIHAR - BR39( 23-JAN-2018 ),11,TWO WHEELER(NT),"1,381","2,146","2,740","1,837","2,793","3,833","3,944","3,120","2,454","2,096","3,583","2,821","32,748"
2019,Bihar,KHAGARIA - BR34( 01-FEB-2018 ),1,HEAVY GOODS VEHICLE,0,0,2,0,0,1,0,0,3,1,1,0,8
2019,Bihar,KHAGARIA - BR34( 01-FEB-2018 ),2,HEAVY PASSENGER VEHICLE,0,0,0,0,1,2,0,0,0,0,0,2,5
2019,Bihar,KHAGARIA - BR34( 01-FEB-2018 ),3,LIGHT GOODS VEHICLE,108,75,66,27,138,124,75,153,71,47,170,91,"1,145"
2019,Bihar,KHAGARIA - BR34( 01-FEB-2018 ),4,LIGHT MOTOR VEHICLE,100,52,6,15,24,53,32,88,17,11,38,36,472
2019,Bihar,KHAGARIA - BR34( 01-FEB-2018 ),5,LIGHT PASSENGER VEHICLE,3,2,8,3,2,1,3,3,3,0,5,1,34
2019,Bihar,KHAGARIA - BR34( 01-FEB-2018 ),6,MEDIUM GOODS VEHICLE,0,0,0,2,0,1,0,3,1,0,3,0,10
2019,Bihar,KHAGARIA - BR34( 01-FEB-2018 ),7,THREE WHEELER(T),86,84,59,21,45,50,24,76,80,101,89,46,761
2019,Bihar,KHAGARIA - BR34( 01-FEB-2018 ),8,TWO WHEELER(NT),578,885,"1,015",540,"1,367","1,272","1,397","1,173","1,010",523,"1,417","1,316","12,493"
2019,Bihar,KISHANGANJ - BR37( 07-FEB-2018 ),1,HEAVY GOODS VEHICLE,4,1,6,2,2,5,1,1,6,1,1,4,34
2019,Bihar,KISHANGANJ - BR37( 07-FEB-2018 ),2,HEAVY PASSENGER VEHICLE,0,2,2,0,1,0,2,0,0,0,0,1,8
2019,Bihar,KISHANGANJ - BR37( 07-FEB-2018 ),3,LIGHT GOODS VEHICLE,57,35,40,2,50,65,141,140,90,70,141,141,972
2019,Bihar,KISHANGANJ - BR37( 07-FEB-2018 ),4,LIGHT MOTOR VEHICLE,23,92,59,54,96,49,33,33,36,44,60,50,629
2019,Bihar,KISHANGANJ - BR37( 07-FEB-2018 ),5,LIGHT PASSENGER VEHICLE,4,11,6,1,1,1,2,0,4,0,0,4,34
2019,Bihar,KISHANGANJ - BR37( 07-FEB-2018 ),6,MEDIUM GOODS VEHICLE,1,3,0,0,2,0,2,1,1,2,5,1,18
2019,Bihar,KISHANGANJ - BR37( 07-FEB-2018 ),7,MEDIUM PASSENGER VEHICLE,0,0,0,0,2,0,0,0,0,0,0,0,2
2019,Bihar,KISHANGANJ - BR37( 07-FEB-2018 ),8,THREE WHEELER(T),90,73,71,39,77,42,111,49,102,126,79,79,938
2019,Bihar,KISHANGANJ - BR37( 07-FEB-2018 ),9,TWO WHEELER(NT),"1,456","2,351","3,997","2,923","3,011","2,213","2,150","2,432","1,898","1,494","2,319","1,223","27,467"
2019,Bihar,LAKHISARAI - BR53( 27-JAN-2017 ),1,HEAVY GOODS VEHICLE,16,45,36,26,26,17,10,7,16,9,6,6,220
2019,Bihar,LAKHISARAI - BR53( 27-JAN-2017 ),2,HEAVY PASSENGER VEHICLE,0,0,0,0,0,0,3,0,0,0,0,0,3
2019,Bihar,LAKHISARAI - BR53( 27-JAN-2017 ),3,LIGHT GOODS VEHICLE,60,61,62,47,35,28,64,15,11,28,23,44,478
2019,Bihar,LAKHISARAI - BR53( 27-JAN-2017 ),4,LIGHT MOTOR VEHICLE,21,24,48,26,22,13,101,52,39,30,24,15,415
2019,Bihar,LAKHISARAI - BR53( 27-JAN-2017 ),5,LIGHT PASSENGER VEHICLE,4,4,10,1,3,5,2,0,3,6,1,6,45
2019,Bihar,LAKHISARAI - BR53( 27-JAN-2017 ),6,MEDIUM GOODS VEHICLE,6,3,0,2,2,1,3,2,3,1,3,9,35
2019,Bihar,LAKHISARAI - BR53( 27-JAN-2017 ),7,MEDIUM PASSENGER VEHICLE,1,0,0,0,0,1,0,0,1,0,0,0,3
2019,Bihar,LAKHISARAI - BR53( 27-JAN-2017 ),8,THREE WHEELER(T),29,49,42,11,5,15,31,5,11,35,38,19,290
2019,Bihar,LAKHISARAI - BR53( 27-JAN-2017 ),9,TWO WHEELER(NT),111,349,400,440,301,347,731,292,240,293,409,460,"4,373"
2019,Bihar,MADHEPURA - BR43( 02-JUN-2017 ),1,HEAVY GOODS VEHICLE,3,2,3,2,5,2,0,1,0,1,1,0,20
2019,Bihar,MADHEPURA - BR43( 02-JUN-2017 ),2,HEAVY PASSENGER VEHICLE,0,0,0,0,1,0,1,0,0,0,0,0,2
2019,Bihar,MADHEPURA - BR43( 02-JUN-2017 ),3,LIGHT GOODS VEHICLE,64,25,13,7,34,54,68,87,78,89,53,121,693
2019,Bihar,MADHEPURA - BR43( 02-JUN-2017 ),4,LIGHT MOTOR VEHICLE,240,70,22,15,24,31,31,60,67,41,29,56,686
2019,Bihar,MADHEPURA - BR43( 02-JUN-2017 ),5,LIGHT PASSENGER VEHICLE,6,8,7,2,1,5,2,2,4,2,3,3,45
2019,Bihar,MADHEPURA - BR43( 02-JUN-2017 ),6,MEDIUM GOODS VEHICLE,4,5,1,1,8,0,17,1,1,8,0,15,61
2019,Bihar,MADHEPURA - BR43( 02-JUN-2017 ),7,MEDIUM MOTOR VEHICLE,0,0,0,0,0,0,0,1,0,0,0,1,2
2019,Bihar,MADHEPURA - BR43( 02-JUN-2017 ),8,MEDIUM PASSENGER VEHICLE,0,1,1,0,0,1,0,0,0,0,0,1,4
2019,Bihar,MADHEPURA - BR43( 02-JUN-2017 ),9,THREE WHEELER(T),230,211,59,76,127,75,106,113,67,209,86,213,"1,572"
2019,Bihar,MADHEPURA - BR43( 02-JUN-2017 ),10,TWO WHEELER(NT),"1,579","1,801","2,130","1,410","2,031","2,472","2,668","2,627","2,128","1,707","2,675","2,639","25,867"
2019,Bihar,MADHUBANI - BR32( 01-FEB-2018 ),1,HEAVY GOODS VEHICLE,0,0,0,0,1,1,2,1,2,0,0,0,7
2019,Bihar,MADHUBANI - BR32( 01-FEB-2018 ),2,HEAVY PASSENGER VEHICLE,0,0,0,1,4,2,2,0,2,0,2,1,14
2019,Bihar,MADHUBANI - BR32( 01-FEB-2018 ),3,LIGHT GOODS VEHICLE,138,170,155,89,61,118,180,123,122,128,187,170,"1,641"
2019,Bihar,MADHUBANI - BR32( 01-FEB-2018 ),4,LIGHT MOTOR VEHICLE,48,63,73,55,30,22,45,34,29,25,58,35,517
2019,Bihar,MADHUBANI - BR32( 01-FEB-2018 ),5,LIGHT PASSENGER VEHICLE,24,34,12,9,2,13,27,20,40,13,17,5,216
2019,Bihar,MADHUBANI - BR32( 01-FEB-2018 ),6,MEDIUM GOODS VEHICLE,1,8,3,3,4,7,6,4,2,5,4,3,50
2019,Bihar,MADHUBANI - BR32( 01-FEB-2018 ),7,MEDIUM PASSENGER VEHICLE,0,0,0,0,1,0,0,1,2,0,0,0,4
2019,Bihar,MADHUBANI - BR32( 01-FEB-2018 ),8,THREE WHEELER(T),213,252,103,64,24,96,265,187,280,97,301,176,"2,058"
2019,Bihar,MADHUBANI - BR32( 01-FEB-2018 ),9,TWO WHEELER(NT),"2,077","2,866","4,118","4,271","4,580","4,102","2,917","1,999","2,271","2,759","3,800","2,169","37,929"
2019,Bihar,MOTIHARI - BR5( 05-JUL-2017 ),1,HEAVY GOODS VEHICLE,2,9,9,3,4,3,5,4,3,4,2,0,48
2019,Bihar,MOTIHARI - BR5( 05-JUL-2017 ),2,HEAVY MOTOR VEHICLE,0,2,0,0,0,0,0,0,0,0,0,1,3
2019,Bihar,MOTIHARI - BR5( 05-JUL-2017 ),3,HEAVY PASSENGER VEHICLE,3,7,0,5,5,0,0,1,1,1,3,1,27
2019,Bihar,MOTIHARI - BR5( 05-JUL-2017 ),4,LIGHT GOODS VEHICLE,182,147,403,104,79,164,97,163,272,180,326,500,"2,617"
2019,Bihar,MOTIHARI - BR5( 05-JUL-2017 ),5,LIGHT MOTOR VEHICLE,106,126,223,103,71,136,88,90,89,86,149,96,"1,363"
2019,Bihar,MOTIHARI - BR5( 05-JUL-2017 ),6,LIGHT PASSENGER VEHICLE,15,27,14,21,15,8,6,15,12,7,6,9,155
2019,Bihar,MOTIHARI - BR5( 05-JUL-2017 ),7,MEDIUM GOODS VEHICLE,0,0,1,0,1,0,0,0,1,1,0,1,5
2019,Bihar,MOTIHARI - BR5( 05-JUL-2017 ),8,MEDIUM MOTOR VEHICLE,6,3,11,7,12,13,5,5,15,5,4,9,95
2019,Bihar,MOTIHARI - BR5( 05-JUL-2017 ),9,MEDIUM PASSENGER VEHICLE,1,1,1,2,0,2,1,0,2,0,0,0,10
2019,Bihar,MOTIHARI - BR5( 05-JUL-2017 ),10,OTHER THAN MENTIONED ABOVE,0,0,0,0,1,0,0,0,0,0,0,1,2
2019,Bihar,MOTIHARI - BR5( 05-JUL-2017 ),11,THREE WHEELER(T),128,258,242,104,62,109,241,214,358,214,293,254,"2,477"
2019,Bihar,MOTIHARI - BR5( 05-JUL-2017 ),12,TWO WHEELER(NT),"2,789","3,892","5,581","3,950","3,894","4,214","3,423","3,173","4,738","3,274","4,402","3,988","47,318"
2019,Bihar,MUNGER - BR8( 06-FEB-2018 ),1,HEAVY GOODS VEHICLE,3,2,5,3,0,3,1,0,1,1,2,2,23
2019,Bihar,MUNGER - BR8( 06-FEB-2018 ),2,LIGHT GOODS VEHICLE,37,69,21,17,18,18,31,15,33,32,32,36,359
2019,Bihar,MUNGER - BR8( 06-FEB-2018 ),3,LIGHT MOTOR VEHICLE,9,19,13,9,3,25,16,4,32,15,9,11,165
2019,Bihar,MUNGER - BR8( 06-FEB-2018 ),4,LIGHT PASSENGER VEHICLE,2,8,5,4,1,1,1,2,6,7,2,4,43
2019,Bihar,MUNGER - BR8( 06-FEB-2018 ),5,MEDIUM GOODS VEHICLE,2,0,3,0,2,3,2,0,1,0,1,1,15
2019,Bihar,MUNGER - BR8( 06-FEB-2018 ),6,MEDIUM PASSENGER VEHICLE,0,0,0,0,0,0,0,1,2,0,0,0,3
2019,Bihar,MUNGER - BR8( 06-FEB-2018 ),7,OTHER THAN MENTIONED ABOVE,0,0,0,3,1,0,0,0,0,0,0,0,4
2019,Bihar,MUNGER - BR8( 06-FEB-2018 ),8,THREE WHEELER(T),65,96,42,50,19,38,41,34,68,81,39,70,643
2019,Bihar,MUNGER - BR8( 06-FEB-2018 ),9,TWO WHEELER(NT),238,689,"1,401",675,530,"1,031",880,511,"1,527",583,827,956,"9,848"
2019,Bihar,MUZAFFARPUR - BR6( 01-FEB-2018 ),1,HEAVY GOODS VEHICLE,128,195,161,155,125,69,70,69,68,61,44,81,"1,226"
2019,Bihar,MUZAFFARPUR - BR6( 01-FEB-2018 ),2,HEAVY PASSENGER VEHICLE,8,23,15,22,32,43,37,25,18,22,10,11,266
2019,Bihar,MUZAFFARPUR - BR6( 01-FEB-2018 ),3,LIGHT GOODS VEHICLE,305,345,352,295,263,294,253,203,300,289,242,554,"3,695"
2019,Bihar,MUZAFFARPUR - BR6( 01-FEB-2018 ),4,LIGHT MOTOR VEHICLE,631,807,850,773,720,643,597,429,567,759,"1,126",621,"8,523"
2019,Bihar,MUZAFFARPUR - BR6( 01-FEB-2018 ),5,LIGHT PASSENGER VEHICLE,34,87,120,86,53,41,38,30,62,43,56,52,702
2019,Bihar,MUZAFFARPUR - BR6( 01-FEB-2018 ),6,MEDIUM GOODS VEHICLE,21,17,13,14,8,16,11,11,6,15,2,26,160
2019,Bihar,MUZAFFARPUR - BR6( 01-FEB-2018 ),7,MEDIUM MOTOR VEHICLE,0,0,0,0,0,0,1,0,0,0,0,0,1
2019,Bihar,MUZAFFARPUR - BR6( 01-FEB-2018 ),8,MEDIUM PASSENGER VEHICLE,5,14,4,10,15,12,11,14,18,8,9,4,124
2019,Bihar,MUZAFFARPUR - BR6( 01-FEB-2018 ),9,OTHER THAN MENTIONED ABOVE,0,0,0,0,1,0,0,0,0,0,0,0,1
2019,Bihar,MUZAFFARPUR - BR6( 01-FEB-2018 ),10,THREE WHEELER(T),257,321,311,305,296,346,421,278,512,626,478,565,"4,716"
2019,Bihar,MUZAFFARPUR - BR6( 01-FEB-2018 ),11,TWO WHEELER(NT),"4,585","6,456","8,024","8,434","10,685","11,637","6,102","5,147","5,726","7,321","8,807","6,000","88,924"
2019,Bihar,NALANDA - BR21( 01-FEB-2018 ),1,HEAVY GOODS VEHICLE,28,30,65,23,22,18,25,8,20,16,9,17,281
2019,Bihar,NALANDA - BR21( 01-FEB-2018 ),2,HEAVY PASSENGER VEHICLE,0,3,14,8,7,12,6,3,4,9,0,8,74
2019,Bihar,NALANDA - BR21( 01-FEB-2018 ),3,LIGHT GOODS VEHICLE,161,204,124,127,118,89,151,68,275,241,90,291,"1,939"
2019,Bihar,NALANDA - BR21( 01-FEB-2018 ),4,LIGHT MOTOR VEHICLE,65,83,70,75,57,81,77,50,70,74,88,95,885
2019,Bihar,NALANDA - BR21( 01-FEB-2018 ),5,LIGHT PASSENGER VEHICLE,8,21,15,19,21,9,4,11,12,14,2,5,141
2019,Bihar,NALANDA - BR21( 01-FEB-2018 ),6,MEDIUM GOODS VEHICLE,8,5,1,16,13,2,8,3,6,9,7,7,85
2019,Bihar,NALANDA - BR21( 01-FEB-2018 ),7,MEDIUM PASSENGER VEHICLE,0,2,0,0,1,0,0,1,1,0,2,0,7
2019,Bihar,NALANDA - BR21( 01-FEB-2018 ),8,THREE WHEELER(T),100,150,110,111,61,69,85,129,225,211,119,243,"1,613"
2019,Bihar,NALANDA - BR21( 01-FEB-2018 ),9,TWO WHEELER (INVALID CARRIAGE),0,0,0,0,0,0,0,0,0,1,0,0,1
2019,Bihar,NALANDA - BR21( 01-FEB-2018 ),10,TWO WHEELER(NT),"1,173","1,627","2,074","2,721","3,462","2,457","1,685","1,053","1,627","1,814","2,465","1,273","23,431"
2019,Bihar,NAWADA - BR27( 30-JAN-2018 ),1,HEAVY GOODS VEHICLE,21,23,14,20,9,6,8,6,9,6,12,4,138
2019,Bihar,NAWADA - BR27( 30-JAN-2018 ),2,HEAVY PASSENGER VEHICLE,5,0,7,5,3,6,4,1,2,0,10,4,47
2019,Bihar,NAWADA - BR27( 30-JAN-2018 ),3,LIGHT GOODS VEHICLE,41,80,62,39,45,63,67,66,92,57,42,84,738
2019,Bihar,NAWADA - BR27( 30-JAN-2018 ),4,LIGHT MOTOR VEHICLE,10,42,13,25,52,46,36,24,30,22,50,44,394
2019,Bihar,NAWADA - BR27( 30-JAN-2018 ),5,LIGHT PASSENGER VEHICLE,8,14,10,8,3,4,7,10,10,5,3,2,84
2019,Bihar,NAWADA - BR27( 30-JAN-2018 ),6,MEDIUM GOODS VEHICLE,20,61,4,54,8,3,27,2,5,7,9,11,211
2019,Bihar,NAWADA - BR27( 30-JAN-2018 ),7,MEDIUM PASSENGER VEHICLE,0,0,0,1,1,1,0,0,1,0,0,0,4
2019,Bihar,NAWADA - BR27( 30-JAN-2018 ),8,THREE WHEELER(T),56,60,37,14,28,70,76,85,97,95,94,123,835
2019,Bihar,NAWADA - BR27( 30-JAN-2018 ),9,TWO WHEELER(NT),719,"1,071","1,139",822,"1,713","1,209","2,072","1,522","1,320",687,"1,808",738,"14,820"
2019,Bihar,PATNA - BR1( 02-FEB-2018 ),1,HEAVY GOODS VEHICLE,88,165,243,229,94,102,127,68,72,80,102,59,"1,429"
2019,Bihar,PATNA - BR1( 02-FEB-2018 ),2,HEAVY MOTOR VEHICLE,1,0,0,0,0,0,0,1,0,0,2,0,4
2019,Bihar,PATNA - BR1( 02-FEB-2018 ),3,HEAVY PASSENGER VEHICLE,21,38,10,25,37,19,17,29,14,25,25,8,268
2019,Bihar,PATNA - BR1( 02-FEB-2018 ),4,LIGHT GOODS VEHICLE,557,417,470,312,385,320,469,413,454,534,"1,231",793,"6,355"
2019,Bihar,PATNA - BR1( 02-FEB-2018 ),5,LIGHT MOTOR VEHICLE,"1,350","1,290","1,332","1,728","1,699","1,628","1,441","1,370","1,315","2,565","2,128","1,542","19,388"
2019,Bihar,PATNA - BR1( 02-FEB-2018 ),6,LIGHT PASSENGER VEHICLE,35,76,93,106,88,57,113,96,111,131,116,139,"1,161"
2019,Bihar,PATNA - BR1( 02-FEB-2018 ),7,MEDIUM GOODS VEHICLE,50,43,42,28,54,46,38,43,41,22,115,47,569
2019,Bihar,PATNA - BR1( 02-FEB-2018 ),8,MEDIUM PASSENGER VEHICLE,4,46,6,5,2,3,5,3,11,10,13,2,110
2019,Bihar,PATNA - BR1( 02-FEB-2018 ),9,OTHER THAN MENTIONED ABOVE,0,0,0,0,0,0,0,0,0,0,3,0,3
2019,Bihar,PATNA - BR1( 02-FEB-2018 ),10,THREE WHEELER(T),474,489,713,578,681,610,695,644,895,746,985,999,"8,509"
2019,Bihar,PATNA - BR1( 02-FEB-2018 ),11,TWO WHEELER(NT),"6,622","7,368","7,584","9,691","9,604","10,263","7,645","6,626","6,464","10,525","8,702","5,118","96,212"
2019,Bihar,PATNA - BR1( 02-FEB-2018 ),12,TWO WHEELER(T),0,1,2,0,0,0,5,0,0,0,0,0,8
2019,Bihar,PURNEA - BR11( 23-JAN-2018 ),1,HEAVY GOODS VEHICLE,39,38,53,63,62,35,31,19,27,12,19,16,414
2019,Bihar,PURNEA - BR11( 23-JAN-2018 ),2,HEAVY PASSENGER VEHICLE,9,9,7,1,8,8,1,15,5,5,5,3,76
2019,Bihar,PURNEA - BR11( 23-JAN-2018 ),3,LIGHT GOODS VEHICLE,299,317,432,405,429,358,623,448,514,576,507,590,"5,498"
2019,Bihar,PURNEA - BR11( 23-JAN-2018 ),4,LIGHT MOTOR VEHICLE,288,297,303,349,352,313,498,329,451,464,700,454,"4,798"
2019,Bihar,PURNEA - BR11( 23-JAN-2018 ),5,LIGHT PASSENGER VEHICLE,17,20,23,23,21,18,18,20,33,18,19,15,245
2019,Bihar,PURNEA - BR11( 23-JAN-2018 ),6,MEDIUM GOODS VEHICLE,24,37,29,23,30,17,44,22,53,49,94,88,510
2019,Bihar,PURNEA - BR11( 23-JAN-2018 ),7,MEDIUM PASSENGER VEHICLE,0,0,2,1,1,1,0,1,2,1,0,0,9
2019,Bihar,PURNEA - BR11( 23-JAN-2018 ),8,OTHER THAN MENTIONED ABOVE,0,0,0,0,0,1,1,0,0,0,0,0,2
2019,Bihar,PURNEA - BR11( 23-JAN-2018 ),9,THREE WHEELER(T),302,448,335,342,218,347,869,377,673,588,735,559,"5,793"
2019,Bihar,PURNEA - BR11( 23-JAN-2018 ),10,TWO WHEELER (INVALID CARRIAGE),0,0,0,0,0,0,0,0,0,0,0,1,1
2019,Bihar,PURNEA - BR11( 23-JAN-2018 ),11,TWO WHEELER(NT),"2,226","3,215","3,448","2,910","4,232","3,986","5,304","3,614","5,252","3,098","4,977","3,283","45,545"
2019,Bihar,ROHTAS - BR24( 09-FEB-2018 ),1,HEAVY GOODS VEHICLE,60,56,22,60,13,27,9,4,12,21,12,7,303
2019,Bihar,ROHTAS - BR24( 09-FEB-2018 ),2,HEAVY PASSENGER VEHICLE,5,5,6,7,3,21,9,9,8,8,11,12,104
2019,Bihar,ROHTAS - BR24( 09-FEB-2018 ),3,LIGHT GOODS VEHICLE,315,255,373,207,70,64,144,183,145,157,244,229,"2,386"
2019,Bihar,ROHTAS - BR24( 09-FEB-2018 ),4,LIGHT MOTOR VEHICLE,45,54,80,67,61,78,61,77,114,145,150,222,"1,154"
2019,Bihar,ROHTAS - BR24( 09-FEB-2018 ),5,LIGHT PASSENGER VEHICLE,5,10,9,6,2,18,23,16,10,35,6,19,159
2019,Bihar,ROHTAS - BR24( 09-FEB-2018 ),6,MEDIUM GOODS VEHICLE,7,21,16,12,4,2,9,5,37,21,6,23,163
2019,Bihar,ROHTAS - BR24( 09-FEB-2018 ),7,MEDIUM PASSENGER VEHICLE,1,1,0,0,1,0,2,0,0,1,2,1,9
2019,Bihar,ROHTAS - BR24( 09-FEB-2018 ),8,THREE WHEELER(T),189,149,109,75,14,109,100,69,176,115,101,78,"1,284"
2019,Bihar,ROHTAS - BR24( 09-FEB-2018 ),9,TWO WHEELER(NT),"1,565","1,784","1,791","2,299","2,273","2,123","1,986","1,446","1,535","1,554","3,037","1,809","23,202"
2019,Bihar,SAHARSA - BR19( 29-JAN-2018 ),1,HEAVY GOODS VEHICLE,8,3,0,3,6,1,0,3,1,0,1,1,27
2019,Bihar,SAHARSA - BR19( 29-JAN-2018 ),2,HEAVY MOTOR VEHICLE,0,0,0,0,0,0,0,0,1,0,0,0,1
2019,Bihar,SAHARSA - BR19( 29-JAN-2018 ),3,HEAVY PASSENGER VEHICLE,2,2,11,0,0,0,0,4,2,0,0,0,21
2019,Bihar,SAHARSA - BR19( 29-JAN-2018 ),4,LIGHT GOODS VEHICLE,119,50,44,7,73,25,68,113,127,90,89,122,927
2019,Bihar,SAHARSA - BR19( 29-JAN-2018 ),5,LIGHT MOTOR VEHICLE,30,36,35,23,36,46,62,29,40,24,56,26,443
2019,Bihar,SAHARSA - BR19( 29-JAN-2018 ),6,LIGHT PASSENGER VEHICLE,1,5,6,1,2,15,7,4,11,2,7,8,69
2019,Bihar,SAHARSA - BR19( 29-JAN-2018 ),7,MEDIUM GOODS VEHICLE,4,1,0,2,5,4,4,2,5,2,1,0,30
2019,Bihar,SAHARSA - BR19( 29-JAN-2018 ),8,MEDIUM MOTOR VEHICLE,0,0,0,0,2,3,0,0,0,0,0,0,5
2019,Bihar,SAHARSA - BR19( 29-JAN-2018 ),9,MEDIUM PASSENGER VEHICLE,3,1,2,2,0,3,2,0,0,0,0,2,15
2019,Bihar,SAHARSA - BR19( 29-JAN-2018 ),10,THREE WHEELER(T),51,68,33,24,62,44,71,92,120,108,106,127,906
2019,Bihar,SAHARSA - BR19( 29-JAN-2018 ),11,TWO WHEELER (INVALID CARRIAGE),0,0,1,0,0,0,0,0,0,0,0,0,1
2019,Bihar,SAHARSA - BR19( 29-JAN-2018 ),12,TWO WHEELER(NT),684,"1,029","2,091","1,425","1,273","1,514","1,558","1,079","1,257",824,"1,476",773,"14,983"
2019,Bihar,SAMASTIPUR - BR33( 06-JUL-2017 ),1,HEAVY GOODS VEHICLE,4,8,30,2,2,2,1,2,0,0,2,0,53
2019,Bihar,SAMASTIPUR - BR33( 06-JUL-2017 ),2,HEAVY MOTOR VEHICLE,1,0,0,0,0,0,0,0,0,0,0,0,1
2019,Bihar,SAMASTIPUR - BR33( 06-JUL-2017 ),3,HEAVY PASSENGER VEHICLE,0,0,1,1,2,1,4,2,0,0,1,1,13
2019,Bihar,SAMASTIPUR - BR33( 06-JUL-2017 ),4,LIGHT GOODS VEHICLE,161,112,82,53,132,30,89,103,75,65,137,89,"1,128"
2019,Bihar,SAMASTIPUR - BR33( 06-JUL-2017 ),5,LIGHT MOTOR VEHICLE,66,69,39,24,28,27,21,22,57,53,91,141,638
2019,Bihar,SAMASTIPUR - BR33( 06-JUL-2017 ),6,LIGHT PASSENGER VEHICLE,7,11,7,10,8,0,1,2,3,1,10,3,63
2019,Bihar,SAMASTIPUR - BR33( 06-JUL-2017 ),7,MEDIUM GOODS VEHICLE,1,0,1,0,0,0,1,2,1,0,1,0,7
2019,Bihar,SAMASTIPUR - BR33( 06-JUL-2017 ),8,MEDIUM MOTOR VEHICLE,4,6,1,4,7,8,1,2,2,5,17,4,61
2019,Bihar,SAMASTIPUR - BR33( 06-JUL-2017 ),9,MEDIUM PASSENGER VEHICLE,2,0,1,0,0,0,1,1,0,1,0,2,8
2019,Bihar,SAMASTIPUR - BR33( 06-JUL-2017 ),10,THREE WHEELER(T),209,121,77,61,173,112,203,178,252,145,272,147,"1,950"
2019,Bihar,SAMASTIPUR - BR33( 06-JUL-2017 ),11,TWO WHEELER(NT),"2,924","3,168","3,751","2,157","6,724","5,994","4,254","2,869","2,982","2,861","6,464","2,476","46,624"
2019,Bihar,SHEIKHPURA - BR52( 17-JUL-2017 ),1,HEAVY GOODS VEHICLE,21,24,17,10,16,9,14,2,12,3,1,1,130
2019,Bihar,SHEIKHPURA - BR52( 17-JUL-2017 ),2,HEAVY PASSENGER VEHICLE,0,0,0,0,2,1,0,0,1,1,3,0,8
2019,Bihar,SHEIKHPURA - BR52( 17-JUL-2017 ),3,LIGHT GOODS VEHICLE,45,41,49,17,32,9,19,20,19,24,29,54,358
2019,Bihar,SHEIKHPURA - BR52( 17-JUL-2017 ),4,LIGHT MOTOR VEHICLE,3,5,9,3,10,6,12,4,4,6,9,2,73
2019,Bihar,SHEIKHPURA - BR52( 17-JUL-2017 ),5,LIGHT PASSENGER VEHICLE,4,3,5,1,1,1,4,0,2,1,4,2,28
2019,Bihar,SHEIKHPURA - BR52( 17-JUL-2017 ),6,MEDIUM GOODS VEHICLE,3,2,0,1,1,1,0,0,1,1,0,1,11
2019,Bihar,SHEIKHPURA - BR52( 17-JUL-2017 ),7,MEDIUM PASSENGER VEHICLE,0,0,0,0,0,0,0,0,0,1,1,0,2
2019,Bihar,SHEIKHPURA - BR52( 17-JUL-2017 ),8,THREE WHEELER(T),24,11,14,4,18,7,20,35,60,44,30,50,317
2019,Bihar,SHEIKHPURA - BR52( 17-JUL-2017 ),9,TWO WHEELER(NT),113,235,502,250,427,437,271,198,258,198,267,271,"3,427"
2019,Bihar,SHEOHAR - BR55( 07-JUN-2017 ),1,HEAVY GOODS VEHICLE,0,0,0,0,1,0,0,0,0,0,0,0,1
2019,Bihar,SHEOHAR - BR55( 07-JUN-2017 ),2,HEAVY PASSENGER VEHICLE,0,0,0,0,0,2,0,0,0,0,0,0,2
2019,Bihar,SHEOHAR - BR55( 07-JUN-2017 ),3,LIGHT GOODS VEHICLE,1,0,3,1,2,1,16,25,6,29,16,52,152
2019,Bihar,SHEOHAR - BR55( 07-JUN-2017 ),4,LIGHT MOTOR VEHICLE,1,2,1,3,3,1,2,8,3,1,2,4,31
2019,Bihar,SHEOHAR - BR55( 07-JUN-2017 ),5,LIGHT PASSENGER VEHICLE,1,0,1,0,1,0,1,1,1,0,1,0,7
2019,Bihar,SHEOHAR - BR55( 07-JUN-2017 ),6,MEDIUM GOODS VEHICLE,2,0,1,0,0,2,1,1,1,2,2,0,12
2019,Bihar,SHEOHAR - BR55( 07-JUN-2017 ),7,THREE WHEELER(T),0,7,12,0,4,5,2,7,19,11,14,11,92
2019,Bihar,SHEOHAR - BR55( 07-JUN-2017 ),8,TWO WHEELER(NT),234,70,279,261,319,247,164,288,281,262,356,262,"3,023"
2019,Bihar,SITAMARHI - BR30( 29-JAN-2018 ),1,HEAVY GOODS VEHICLE,2,6,21,0,0,0,2,0,4,1,0,0,36
2019,Bihar,SITAMARHI - BR30( 29-JAN-2018 ),2,HEAVY PASSENGER VEHICLE,0,2,0,0,3,6,2,3,3,1,7,0,27
2019,Bihar,SITAMARHI - BR30( 29-JAN-2018 ),3,LIGHT GOODS VEHICLE,144,91,135,45,182,117,123,87,41,150,68,158,"1,341"
2019,Bihar,SITAMARHI - BR30( 29-JAN-2018 ),4,LIGHT MOTOR VEHICLE,17,16,19,13,12,13,26,21,8,15,18,9,187
2019,Bihar,SITAMARHI - BR30( 29-JAN-2018 ),5,LIGHT PASSENGER VEHICLE,0,3,3,2,3,0,2,0,3,2,2,4,24
2019,Bihar,SITAMARHI - BR30( 29-JAN-2018 ),6,MEDIUM GOODS VEHICLE,5,3,1,5,4,8,8,1,4,3,9,22,73
2019,Bihar,SITAMARHI - BR30( 29-JAN-2018 ),7,MEDIUM PASSENGER VEHICLE,1,0,2,1,2,0,0,1,2,0,0,0,9
2019,Bihar,SITAMARHI - BR30( 29-JAN-2018 ),8,OTHER THAN MENTIONED ABOVE,0,0,0,0,0,0,0,0,0,0,1,0,1
2019,Bihar,SITAMARHI - BR30( 29-JAN-2018 ),9,THREE WHEELER(T),160,47,157,196,45,95,99,152,249,240,296,265,"2,001"
2019,Bihar,SITAMARHI - BR30( 29-JAN-2018 ),10,TWO WHEELER (INVALID CARRIAGE),0,0,0,0,0,0,0,0,0,0,0,1,1
2019,Bihar,SITAMARHI - BR30( 29-JAN-2018 ),11,TWO WHEELER(NT),"1,734","2,619","3,408","2,544","3,681","2,916","1,892","1,483","1,844","2,082","3,228","1,860","29,291"
2019,Bihar,SIWAN - BR29( 29-JAN-2018 ),1,HEAVY GOODS VEHICLE,21,23,14,13,10,6,10,6,4,2,11,6,126
2019,Bihar,SIWAN - BR29( 29-JAN-2018 ),2,HEAVY PASSENGER VEHICLE,3,9,2,0,5,3,5,5,0,6,4,5,47
2019,Bihar,SIWAN - BR29( 29-JAN-2018 ),3,LIGHT GOODS VEHICLE,57,62,60,42,50,44,56,36,41,79,98,66,691
2019,Bihar,SIWAN - BR29( 29-JAN-2018 ),4,LIGHT MOTOR VEHICLE,191,239,266,121,175,235,181,136,171,189,276,174,"2,354"
2019,Bihar,SIWAN - BR29( 29-JAN-2018 ),5,LIGHT PASSENGER VEHICLE,37,41,40,20,13,13,32,28,21,19,9,17,290
2019,Bihar,SIWAN - BR29( 29-JAN-2018 ),6,MEDIUM GOODS VEHICLE,1,9,7,4,2,4,3,0,2,1,4,2,39
2019,Bihar,SIWAN - BR29( 29-JAN-2018 ),7,MEDIUM MOTOR VEHICLE,0,0,0,0,0,0,0,1,0,0,0,1,2
2019,Bihar,SIWAN - BR29( 29-JAN-2018 ),8,MEDIUM PASSENGER VEHICLE,2,6,0,1,5,0,1,0,1,1,0,1,18
2019,Bihar,SIWAN - BR29( 29-JAN-2018 ),9,THREE WHEELER(T),90,113,89,70,29,54,124,137,140,129,93,106,"1,174"
2019,Bihar,SIWAN - BR29( 29-JAN-2018 ),10,TWO WHEELER (INVALID CARRIAGE),0,0,0,0,0,0,0,0,0,0,0,1,1
2019,Bihar,SIWAN - BR29( 29-JAN-2018 ),11,TWO WHEELER(NT),"1,985","3,069","3,073","3,824","4,866","5,116","2,107","2,389","1,824","2,317","3,966","2,495","37,031"
2019,Bihar,SUPAUL - BR50( 29-JAN-2018 ),1,HEAVY GOODS VEHICLE,12,10,15,4,9,5,6,10,6,5,7,7,96
2019,Bihar,SUPAUL - BR50( 29-JAN-2018 ),2,HEAVY PASSENGER VEHICLE,3,0,0,0,0,4,1,4,1,2,0,6,21
2019,Bihar,SUPAUL - BR50( 29-JAN-2018 ),3,LIGHT GOODS VEHICLE,66,56,80,63,55,103,121,92,84,142,148,143,"1,153"
2019,Bihar,SUPAUL - BR50( 29-JAN-2018 ),4,LIGHT MOTOR VEHICLE,33,35,40,31,32,29,43,19,22,40,43,53,420
2019,Bihar,SUPAUL - BR50( 29-JAN-2018 ),5,LIGHT PASSENGER VEHICLE,18,18,9,7,3,8,9,4,8,8,3,10,105
2019,Bihar,SUPAUL - BR50( 29-JAN-2018 ),6,MEDIUM GOODS VEHICLE,2,4,3,1,2,2,2,0,2,2,1,1,22
2019,Bihar,SUPAUL - BR50( 29-JAN-2018 ),7,MEDIUM PASSENGER VEHICLE,0,0,0,0,1,2,2,0,4,0,2,0,11
2019,Bihar,SUPAUL - BR50( 29-JAN-2018 ),8,THREE WHEELER(T),228,125,208,63,84,85,142,158,199,190,218,272,"1,972"
2019,Bihar,SUPAUL - BR50( 29-JAN-2018 ),9,TWO WHEELER(NT),"1,784","2,196","3,715","1,713","2,629","2,142","1,881","2,103","2,073","1,672","3,565","2,018","27,491"
2019,Bihar,VAISHALI - BR31( 13-FEB-2018 ),1,HEAVY GOODS VEHICLE,10,18,26,18,18,8,5,7,5,10,2,4,131
2019,Bihar,VAISHALI - BR31( 13-FEB-2018 ),2,HEAVY PASSENGER VEHICLE,3,1,1,1,5,4,4,10,1,4,11,2,47
2019,Bihar,VAISHALI - BR31( 13-FEB-2018 ),3,LIGHT GOODS VEHICLE,199,140,91,91,134,99,233,133,105,168,233,242,"1,868"
2019,Bihar,VAISHALI - BR31( 13-FEB-2018 ),4,LIGHT MOTOR VEHICLE,162,197,181,153,258,178,191,118,135,301,302,152,"2,328"
2019,Bihar,VAISHALI - BR31( 13-FEB-2018 ),5,LIGHT PASSENGER VEHICLE,22,14,10,13,8,8,9,6,5,25,12,24,156
2019,Bihar,VAISHALI - BR31( 13-FEB-2018 ),6,MEDIUM GOODS VEHICLE,6,3,6,1,1,4,3,2,2,10,12,7,57
2019,Bihar,VAISHALI - BR31( 13-FEB-2018 ),7,MEDIUM PASSENGER VEHICLE,1,1,0,1,0,5,2,0,0,0,3,0,13
2019,Bihar,VAISHALI - BR31( 13-FEB-2018 ),8,OTHER THAN MENTIONED ABOVE,0,0,1,0,0,1,0,0,0,0,0,0,2
2019,Bihar,VAISHALI - BR31( 13-FEB-2018 ),9,THREE WHEELER(T),136,113,69,79,32,94,106,125,204,213,134,179,"1,484"
2019,Bihar,VAISHALI - BR31( 13-FEB-2018 ),10,TWO WHEELER(NT),"2,197","2,284","2,571","2,783","4,192","4,085","2,852","2,142","2,180","2,175","4,715","2,173","34,349"
2018,Bihar,ARARIA - BR38( 30-JAN-2018 ),1,HEAVY GOODS VEHICLE,10,18,26,18,18,8,5,7,5,10,2,4,131
2018,Bihar,ARARIA - BR38( 30-JAN-2018 ),2,HEAVY PASSENGER VEHICLE,3,1,1,1,5,4,4,10,1,4,11,2,47
2018,Bihar,ARARIA - BR38( 30-JAN-2018 ),3,LIGHT GOODS VEHICLE,199,140,91,91,134,99,233,133,105,168,233,242,"1,868"
2018,Bihar,ARARIA - BR38( 30-JAN-2018 ),4,LIGHT MOTOR VEHICLE,162,197,181,153,258,178,191,118,135,301,302,152,"2,328"
2018,Bihar,ARARIA - BR38( 30-JAN-2018 ),5,LIGHT PASSENGER VEHICLE,22,14,10,13,8,8,9,6,5,25,12,24,156
2018,Bihar,ARARIA - BR38( 30-JAN-2018 ),6,MEDIUM GOODS VEHICLE,6,3,6,1,1,4,3,2,2,10,12,7,57
2018,Bihar,ARARIA - BR38( 30-JAN-2018 ),7,MEDIUM PASSENGER VEHICLE,1,1,0,1,0,5,2,0,0,0,3,0,13
2018,Bihar,ARARIA - BR38( 30-JAN-2018 ),8,OTHER THAN MENTIONED ABOVE,0,0,1,0,0,1,0,0,0,0,0,0,2
2018,Bihar,ARARIA - BR38( 30-JAN-2018 ),9,THREE WHEELER(T),136,113,69,79,32,94,106,125,204,213,134,179,"1,484"
2018,Bihar,ARARIA - BR38( 30-JAN-2018 ),10,TWO WHEELER(NT),"2,197","2,284","2,571","2,783","4,192","4,085","2,852","2,142","2,180","2,175","4,715","2,173","34,349"
2018,Bihar,ARAWAL - BR56( 22-MAY-2017 ),1,HEAVY GOODS VEHICLE,2,0,0,0,1,0,0,0,1,1,2,1,8
2018,Bihar,ARAWAL - BR56( 22-MAY-2017 ),2,LIGHT GOODS VEHICLE,58,75,65,53,51,34,13,115,47,47,33,55,646
2018,Bihar,ARAWAL - BR56( 22-MAY-2017 ),3,LIGHT MOTOR VEHICLE,1,4,9,4,9,2,2,5,0,2,6,9,53
2018,Bihar,ARAWAL - BR56( 22-MAY-2017 ),4,LIGHT PASSENGER VEHICLE,1,1,3,2,3,0,5,5,0,1,2,1,24
2018,Bihar,ARAWAL - BR56( 22-MAY-2017 ),5,MEDIUM GOODS VEHICLE,35,57,56,42,40,30,10,6,0,0,0,0,276
2018,Bihar,ARAWAL - BR56( 22-MAY-2017 ),6,THREE WHEELER(T),8,8,12,11,17,15,4,13,11,18,6,21,144
2018,Bihar,ARAWAL - BR56( 22-MAY-2017 ),7,TWO WHEELER(NT),136,187,188,167,255,147,304,296,356,65,317,69,"2,487"
2018,Bihar,AURANGABAD - BR26( 13-JUN-2017 ),1,HEAVY GOODS VEHICLE,17,28,27,24,20,7,7,11,41,33,13,22,250
2018,Bihar,AURANGABAD - BR26( 13-JUN-2017 ),2,HEAVY PASSENGER VEHICLE,4,2,3,2,0,2,3,2,1,4,1,2,26
2018,Bihar,AURANGABAD - BR26( 13-JUN-2017 ),3,LIGHT GOODS VEHICLE,374,343,464,483,361,346,432,300,383,196,148,418,"4,248"
2018,Bihar,AURANGABAD - BR26( 13-JUN-2017 ),4,LIGHT MOTOR VEHICLE,63,87,84,77,84,73,57,54,38,12,43,29,701
2018,Bihar,AURANGABAD - BR26( 13-JUN-2017 ),5,LIGHT PASSENGER VEHICLE,5,9,16,20,20,12,15,6,8,7,16,18,152
2018,Bihar,AURANGABAD - BR26( 13-JUN-2017 ),6,MEDIUM GOODS VEHICLE,5,3,3,2,2,3,7,1,1,7,4,4,42
2018,Bihar,AURANGABAD - BR26( 13-JUN-2017 ),7,MEDIUM MOTOR VEHICLE,0,0,0,0,0,0,0,0,0,1,0,0,1
2018,Bihar,AURANGABAD - BR26( 13-JUN-2017 ),8,MEDIUM PASSENGER VEHICLE,3,4,4,1,5,0,1,0,1,0,2,1,22
2018,Bihar,AURANGABAD - BR26( 13-JUN-2017 ),9,THREE WHEELER(T),155,149,180,126,125,76,118,121,151,121,118,145,"1,585"
2018,Bihar,AURANGABAD - BR26( 13-JUN-2017 ),10,TWO WHEELER(NT),"1,047","1,108","2,032","1,787","1,871",779,793,871,"1,299",523,"1,920",815,"14,845"
2018,Bihar,BANKA - BR51( 06-FEB-2018 ),1,HEAVY GOODS VEHICLE,12,6,10,1,4,2,2,14,2,7,5,3,68
2018,Bihar,BANKA - BR51( 06-FEB-2018 ),2,HEAVY PASSENGER VEHICLE,3,0,1,0,5,0,2,1,0,1,0,1,14
2018,Bihar,BANKA - BR51( 06-FEB-2018 ),3,LIGHT GOODS VEHICLE,157,5,39,47,67,130,71,84,94,79,83,73,929
2018,Bihar,BANKA - BR51( 06-FEB-2018 ),4,LIGHT MOTOR VEHICLE,14,4,11,7,13,11,10,7,5,7,7,8,104
2018,Bihar,BANKA - BR51( 06-FEB-2018 ),5,LIGHT PASSENGER VEHICLE,1,0,2,0,0,1,1,2,0,1,4,2,14
2018,Bihar,BANKA - BR51( 06-FEB-2018 ),6,MEDIUM GOODS VEHICLE,0,0,0,3,0,3,0,1,1,0,3,0,11
2018,Bihar,BANKA - BR51( 06-FEB-2018 ),7,MEDIUM PASSENGER VEHICLE,0,1,0,0,0,2,1,0,1,0,0,0,5
2018,Bihar,BANKA - BR51( 06-FEB-2018 ),8,THREE WHEELER(T),34,0,11,5,0,0,5,0,3,6,27,15,106
2018,Bihar,BANKA - BR51( 06-FEB-2018 ),9,TWO WHEELER(NT),"1,137",372,582,409,"1,043",990,676,604,284,400,657,547,"7,701"
2018,Bihar,BEGUSARAI - BR9( 23-JAN-2018 ),1,HEAVY GOODS VEHICLE,32,17,44,58,55,40,53,77,46,62,60,49,593
2018,Bihar,BEGUSARAI - BR9( 23-JAN-2018 ),2,HEAVY PASSENGER VEHICLE,0,2,7,8,3,5,4,7,2,8,3,3,52
2018,Bihar,BEGUSARAI - BR9( 23-JAN-2018 ),3,LIGHT GOODS VEHICLE,125,73,222,156,283,236,208,178,146,203,224,281,"2,335"
2018,Bihar,BEGUSARAI - BR9( 23-JAN-2018 ),4,LIGHT MOTOR VEHICLE,91,113,186,122,139,146,153,186,86,121,218,121,"1,682"
2018,Bihar,BEGUSARAI - BR9( 23-JAN-2018 ),5,LIGHT PASSENGER VEHICLE,11,19,37,23,18,20,12,16,5,21,10,27,219
2018,Bihar,BEGUSARAI - BR9( 23-JAN-2018 ),6,MEDIUM GOODS VEHICLE,4,1,17,5,12,10,9,4,6,7,13,33,121
2018,Bihar,BEGUSARAI - BR9( 23-JAN-2018 ),7,MEDIUM PASSENGER VEHICLE,2,0,3,3,1,1,0,3,3,0,4,1,21
2018,Bihar,BEGUSARAI - BR9( 23-JAN-2018 ),8,THREE WHEELER(T),61,60,122,56,58,82,70,76,79,99,49,88,900
2018,Bihar,BEGUSARAI - BR9( 23-JAN-2018 ),9,TWO WHEELER (INVALID CARRIAGE),0,0,0,0,0,0,0,0,1,0,0,0,1
2018,Bihar,BEGUSARAI - BR9( 23-JAN-2018 ),10,TWO WHEELER(NT),697,"1,141","3,573","2,173","2,383","2,326","2,957","2,486","1,923","1,867","2,674","2,128","26,328"
2018,Bihar,BETTIAH - BR22( 22-SEP-2017 ),1,HEAVY GOODS VEHICLE,0,1,1,1,0,0,2,0,2,0,0,0,7
2018,Bihar,BETTIAH - BR22( 22-SEP-2017 ),2,HEAVY PASSENGER VEHICLE,0,0,0,3,0,4,1,0,0,1,1,0,10
2018,Bihar,BETTIAH - BR22( 22-SEP-2017 ),3,LIGHT GOODS VEHICLE,730,359,232,235,169,276,133,176,196,220,314,340,"3,380"
2018,Bihar,BETTIAH - BR22( 22-SEP-2017 ),4,LIGHT MOTOR VEHICLE,64,42,190,101,140,60,40,66,99,48,63,86,999
2018,Bihar,BETTIAH - BR22( 22-SEP-2017 ),5,LIGHT PASSENGER VEHICLE,1,0,8,4,9,7,3,1,3,4,8,2,50
2018,Bihar,BETTIAH - BR22( 22-SEP-2017 ),6,MEDIUM GOODS VEHICLE,2,1,1,1,1,1,2,0,1,1,0,0,11
2018,Bihar,BETTIAH - BR22( 22-SEP-2017 ),7,MEDIUM MOTOR VEHICLE,0,0,0,0,0,0,0,0,0,1,2,0,3
2018,Bihar,BETTIAH - BR22( 22-SEP-2017 ),8,MEDIUM PASSENGER VEHICLE,0,0,0,6,0,0,0,2,1,1,0,0,10
2018,Bihar,BETTIAH - BR22( 22-SEP-2017 ),9,THREE WHEELER(T),29,32,298,75,48,91,61,98,160,99,91,84,"1,166"
2018,Bihar,BETTIAH - BR22( 22-SEP-2017 ),10,TWO WHEELER (INVALID CARRIAGE),0,0,0,0,0,0,0,0,1,0,0,0,1
2018,Bihar,BETTIAH - BR22( 22-SEP-2017 ),11,TWO WHEELER(NT),"1,407","2,352","16,211","6,048","6,167","3,434","1,538","3,517","4,417","2,748","6,303","2,970","57,112"
2018,Bihar,BHABHUA - BR45( 23-JAN-2018 ),1,HEAVY GOODS VEHICLE,496,3,11,20,11,10,12,5,2,25,11,8,614
2018,Bihar,BHABHUA - BR45( 23-JAN-2018 ),2,HEAVY MOTOR VEHICLE,1,0,0,0,0,0,0,0,0,0,0,0,1
2018,Bihar,BHABHUA - BR45( 23-JAN-2018 ),3,HEAVY PASSENGER VEHICLE,0,1,1,2,8,2,2,0,2,2,1,6,27
2018,Bihar,BHABHUA - BR45( 23-JAN-2018 ),4,LIGHT GOODS VEHICLE,115,10,65,229,236,198,286,127,197,211,276,256,"2,206"
2018,Bihar,BHABHUA - BR45( 23-JAN-2018 ),5,LIGHT MOTOR VEHICLE,62,120,409,178,74,33,36,68,6,10,21,29,"1,046"
2018,Bihar,BHABHUA - BR45( 23-JAN-2018 ),6,LIGHT PASSENGER VEHICLE,11,1,10,17,8,7,12,3,9,5,9,5,97
2018,Bihar,BHABHUA - BR45( 23-JAN-2018 ),7,MEDIUM GOODS VEHICLE,2,0,0,6,3,3,1,1,3,0,1,0,20
2018,Bihar,BHABHUA - BR45( 23-JAN-2018 ),8,MEDIUM PASSENGER VEHICLE,0,0,1,1,1,0,2,2,0,0,1,1,9
2018,Bihar,BHABHUA - BR45( 23-JAN-2018 ),9,THREE WHEELER(T),59,12,61,32,52,18,40,56,45,54,64,75,568
2018,Bihar,BHABHUA - BR45( 23-JAN-2018 ),10,TWO WHEELER(NT),"1,389",473,"1,635",870,"1,995","1,239",739,556,514,409,"1,168",804,"11,791"
2018,Bihar,BHAGALPUR - BR10( 07-FEB-2018 ),1,HEAVY GOODS VEHICLE,94,35,38,40,65,56,63,74,43,69,68,58,703
2018,Bihar,BHAGALPUR - BR10( 07-FEB-2018 ),2,HEAVY PASSENGER VEHICLE,3,2,5,4,3,9,3,1,1,1,1,2,35
2018,Bihar,BHAGALPUR - BR10( 07-FEB-2018 ),3,LIGHT GOODS VEHICLE,111,47,101,91,76,75,92,58,92,63,67,72,945
2018,Bihar,BHAGALPUR - BR10( 07-FEB-2018 ),4,LIGHT MOTOR VEHICLE,165,117,357,215,255,244,235,361,173,165,301,295,"2,883"
2018,Bihar,BHAGALPUR - BR10( 07-FEB-2018 ),5,LIGHT PASSENGER VEHICLE,23,16,28,43,24,32,35,35,37,8,19,42,342
2018,Bihar,BHAGALPUR - BR10( 07-FEB-2018 ),6,MEDIUM GOODS VEHICLE,2,3,6,7,8,8,8,10,1,6,12,15,86
2018,Bihar,BHAGALPUR - BR10( 07-FEB-2018 ),7,MEDIUM MOTOR VEHICLE,1,0,0,0,0,0,0,0,0,1,0,0,2
2018,Bihar,BHAGALPUR - BR10( 07-FEB-2018 ),8,MEDIUM PASSENGER VEHICLE,0,0,1,0,0,1,1,1,0,0,3,2,9
2018,Bihar,BHAGALPUR - BR10( 07-FEB-2018 ),9,OTHER THAN MENTIONED ABOVE,0,0,1,0,0,0,0,0,1,0,0,0,2
2018,Bihar,BHAGALPUR - BR10( 07-FEB-2018 ),10,THREE WHEELER(T),153,100,210,137,152,155,219,248,289,235,222,282,"2,402"
2018,Bihar,BHAGALPUR - BR10( 07-FEB-2018 ),11,TWO WHEELER(NT),"1,136",537,"2,556","1,590","1,923","1,855","2,404","2,167","1,609","1,282","2,747","1,195","21,001"
2018,Bihar,BHOJPUR - BR3( 15-FEB-2018 ),1,HEAVY GOODS VEHICLE,23,17,29,33,15,14,14,15,25,43,22,30,280
2018,Bihar,BHOJPUR - BR3( 15-FEB-2018 ),2,HEAVY PASSENGER VEHICLE,0,0,2,3,9,5,1,1,0,2,5,4,32
2018,Bihar,BHOJPUR - BR3( 15-FEB-2018 ),3,LIGHT GOODS VEHICLE,198,190,160,154,149,140,154,194,95,150,189,263,"2,036"
2018,Bihar,BHOJPUR - BR3( 15-FEB-2018 ),4,LIGHT MOTOR VEHICLE,86,51,119,91,65,62,63,54,35,44,67,37,774
2018,Bihar,BHOJPUR - BR3( 15-FEB-2018 ),5,LIGHT PASSENGER VEHICLE,17,9,17,9,14,9,3,6,10,11,14,15,134
2018,Bihar,BHOJPUR - BR3( 15-FEB-2018 ),6,MEDIUM GOODS VEHICLE,2,1,2,2,3,2,17,3,6,6,3,7,54
2018,Bihar,BHOJPUR - BR3( 15-FEB-2018 ),7,MEDIUM MOTOR VEHICLE,0,0,0,0,0,0,0,0,1,0,0,0,1
2018,Bihar,BHOJPUR - BR3( 15-FEB-2018 ),8,MEDIUM PASSENGER VEHICLE,2,1,5,6,2,2,0,1,3,5,2,1,30
2018,Bihar,BHOJPUR - BR3( 15-FEB-2018 ),9,THREE WHEELER(T),77,122,93,51,104,114,93,97,103,89,90,83,"1,116"
2018,Bihar,BHOJPUR - BR3( 15-FEB-2018 ),10,TWO WHEELER(NT),"1,300","2,685","2,873","2,818","3,150","2,734","2,024","1,985","1,446","1,621","3,516","2,512","28,664"
2018,Bihar,BUXUR - BR44( 01-FEB-2018 ),1,HEAVY GOODS VEHICLE,12,7,9,17,14,11,14,12,15,28,22,12,173
2018,Bihar,BUXUR - BR44( 01-FEB-2018 ),2,HEAVY PASSENGER VEHICLE,0,0,0,0,0,1,2,1,0,0,2,0,6
2018,Bihar,BUXUR - BR44( 01-FEB-2018 ),3,LIGHT GOODS VEHICLE,180,5,24,9,80,124,146,73,134,46,44,363,"1,228"
2018,Bihar,BUXUR - BR44( 01-FEB-2018 ),4,LIGHT MOTOR VEHICLE,52,46,75,19,68,34,25,30,35,22,24,40,470
2018,Bihar,BUXUR - BR44( 01-FEB-2018 ),5,LIGHT PASSENGER VEHICLE,2,0,9,4,9,4,4,7,5,4,4,6,58
2018,Bihar,BUXUR - BR44( 01-FEB-2018 ),6,MEDIUM GOODS VEHICLE,1,0,0,1,0,9,0,0,0,0,0,1,12
2018,Bihar,BUXUR - BR44( 01-FEB-2018 ),7,MEDIUM PASSENGER VEHICLE,1,1,0,0,2,2,1,0,3,2,1,0,13
2018,Bihar,BUXUR - BR44( 01-FEB-2018 ),8,THREE WHEELER(T),80,19,43,44,54,58,56,54,76,50,45,76,655
2018,Bihar,BUXUR - BR44( 01-FEB-2018 ),9,TWO WHEELER(NT),"2,148",696,"1,459",666,"1,749",442,749,"1,016","1,193",256,"1,308",799,"12,481"
2018,Bihar,CHAPARA - BR4( 29-JAN-2018 ),1,HEAVY GOODS VEHICLE,31,38,26,64,51,30,38,31,36,62,59,30,496
2018,Bihar,CHAPARA - BR4( 29-JAN-2018 ),2,HEAVY MOTOR VEHICLE,0,0,0,0,0,0,1,0,0,0,0,0,1
2018,Bihar,CHAPARA - BR4( 29-JAN-2018 ),3,HEAVY PASSENGER VEHICLE,0,1,4,0,2,4,3,0,3,1,5,3,26
2018,Bihar,CHAPARA - BR4( 29-JAN-2018 ),4,LIGHT GOODS VEHICLE,137,81,140,156,235,200,158,134,163,167,213,240,"2,024"
2018,Bihar,CHAPARA - BR4( 29-JAN-2018 ),5,LIGHT MOTOR VEHICLE,127,75,140,65,150,70,120,96,58,52,110,101,"1,164"
2018,Bihar,CHAPARA - BR4( 29-JAN-2018 ),6,LIGHT PASSENGER VEHICLE,9,18,8,23,23,10,12,15,9,8,9,7,151
2018,Bihar,CHAPARA - BR4( 29-JAN-2018 ),7,MEDIUM GOODS VEHICLE,2,17,14,7,10,8,4,0,4,2,2,5,75
2018,Bihar,CHAPARA - BR4( 29-JAN-2018 ),8,MEDIUM MOTOR VEHICLE,0,0,0,0,0,0,0,0,3,0,0,0,3
2018,Bihar,CHAPARA - BR4( 29-JAN-2018 ),9,MEDIUM PASSENGER VEHICLE,1,0,0,3,0,0,0,0,0,2,0,1,7
2018,Bihar,CHAPARA - BR4( 29-JAN-2018 ),10,THREE WHEELER(T),62,39,82,36,68,64,71,46,65,75,83,81,772
2018,Bihar,CHAPARA - BR4( 29-JAN-2018 ),11,TWO WHEELER(NT),989,432,"4,807","2,584","5,647","4,722","2,462","2,225","1,535","1,484","2,760","2,008","31,655"
2018,Bihar,DARBHANGA - BR7( 30-JAN-2018 ),1,HEAVY GOODS VEHICLE,119,2,3,0,0,2,1,3,2,3,3,2,140
2018,Bihar,DARBHANGA - BR7( 30-JAN-2018 ),2,HEAVY MOTOR VEHICLE,0,0,0,0,0,0,0,0,2,0,0,0,2
2018,Bihar,DARBHANGA - BR7( 30-JAN-2018 ),3,HEAVY PASSENGER VEHICLE,2,0,0,1,4,3,0,1,4,0,1,0,16
2018,Bihar,DARBHANGA - BR7( 30-JAN-2018 ),4,LIGHT GOODS VEHICLE,170,90,176,152,115,190,232,141,107,150,186,289,"1,998"
2018,Bihar,DARBHANGA - BR7( 30-JAN-2018 ),5,LIGHT MOTOR VEHICLE,334,115,292,172,255,143,209,176,128,155,215,184,"2,378"
2018,Bihar,DARBHANGA - BR7( 30-JAN-2018 ),6,LIGHT PASSENGER VEHICLE,30,25,48,26,28,24,29,24,19,16,33,13,315
2018,Bihar,DARBHANGA - BR7( 30-JAN-2018 ),7,MEDIUM GOODS VEHICLE,2,3,3,1,2,0,4,2,2,2,6,4,31
2018,Bihar,DARBHANGA - BR7( 30-JAN-2018 ),8,MEDIUM PASSENGER VEHICLE,1,1,1,0,0,0,1,1,0,0,5,2,12
2018,Bihar,DARBHANGA - BR7( 30-JAN-2018 ),9,THREE WHEELER(T),323,175,160,107,160,168,217,211,141,266,358,300,"2,586"
2018,Bihar,DARBHANGA - BR7( 30-JAN-2018 ),10,TWO WHEELER(NT),"6,779","1,100","4,338","4,171","5,594","2,495","2,882","3,413","2,547","2,330","3,732","1,977","41,358"
2018,Bihar,GAYA - BR2( 06-SEP-2017 ),1,HEAVY GOODS VEHICLE,70,81,57,90,64,56,43,58,59,58,57,59,752
2018,Bihar,GAYA - BR2( 06-SEP-2017 ),2,HEAVY PASSENGER VEHICLE,11,26,13,8,3,6,7,7,9,8,8,6,112
2018,Bihar,GAYA - BR2( 06-SEP-2017 ),3,LIGHT GOODS VEHICLE,41,49,76,87,128,157,158,257,152,217,173,218,"1,713"
2018,Bihar,GAYA - BR2( 06-SEP-2017 ),4,LIGHT MOTOR VEHICLE,429,551,522,314,293,439,344,217,223,85,208,269,"3,894"
2018,Bihar,GAYA - BR2( 06-SEP-2017 ),5,LIGHT PASSENGER VEHICLE,21,29,33,28,25,32,19,29,23,38,30,17,324
2018,Bihar,GAYA - BR2( 06-SEP-2017 ),6,MEDIUM GOODS VEHICLE,1,5,11,3,7,14,10,7,12,3,9,18,100
2018,Bihar,GAYA - BR2( 06-SEP-2017 ),7,MEDIUM PASSENGER VEHICLE,1,5,3,5,6,6,1,1,1,3,4,3,39
2018,Bihar,GAYA - BR2( 06-SEP-2017 ),8,THREE WHEELER(T),196,266,263,221,165,199,188,189,341,209,221,418,"2,876"
2018,Bihar,GAYA - BR2( 06-SEP-2017 ),9,TWO WHEELER(NT),"1,887","4,715","5,113","4,711","7,516","3,659","3,446","2,909","2,794","2,384","4,939","2,594","46,667"
2018,Bihar,GOPALGANJ - BR28( 08-JUN-2017 ),1,HEAVY GOODS VEHICLE,3,13,16,22,19,14,9,18,11,27,11,18,181
2018,Bihar,GOPALGANJ - BR28( 08-JUN-2017 ),2,HEAVY PASSENGER VEHICLE,2,3,1,3,2,7,2,4,1,6,1,3,35
2018,Bihar,GOPALGANJ - BR28( 08-JUN-2017 ),3,LIGHT GOODS VEHICLE,45,37,24,28,24,21,17,33,28,17,24,39,337
2018,Bihar,GOPALGANJ - BR28( 08-JUN-2017 ),4,LIGHT MOTOR VEHICLE,151,238,134,195,182,167,149,185,136,83,113,246,"1,979"
2018,Bihar,GOPALGANJ - BR28( 08-JUN-2017 ),5,LIGHT PASSENGER VEHICLE,4,8,9,6,13,7,2,4,9,5,4,6,77
2018,Bihar,GOPALGANJ - BR28( 08-JUN-2017 ),6,MEDIUM GOODS VEHICLE,3,0,2,0,5,2,0,3,3,1,0,3,22
2018,Bihar,GOPALGANJ - BR28( 08-JUN-2017 ),7,MEDIUM PASSENGER VEHICLE,0,0,3,1,1,2,0,1,4,2,2,0,16
2018,Bihar,GOPALGANJ - BR28( 08-JUN-2017 ),8,OTHER THAN MENTIONED ABOVE,0,0,0,0,0,0,0,0,0,0,0,2,2
2018,Bihar,GOPALGANJ - BR28( 08-JUN-2017 ),9,THREE WHEELER(T),18,13,27,15,19,12,5,14,58,31,18,89,319
2018,Bihar,GOPALGANJ - BR28( 08-JUN-2017 ),10,TWO WHEELER (INVALID CARRIAGE),0,0,0,0,0,0,0,0,0,1,0,0,1
2018,Bihar,GOPALGANJ - BR28( 08-JUN-2017 ),11,TWO WHEELER(NT),"1,098","2,257","2,055","1,439","1,433","1,268","1,091","1,176","1,023","1,154","1,539","1,004","16,537"
2018,Bihar,JAMUI - BR46( 07-JUN-2017 ),1,HEAVY GOODS VEHICLE,3,1,4,9,9,2,4,10,15,7,7,4,75
2018,Bihar,JAMUI - BR46( 07-JUN-2017 ),2,HEAVY PASSENGER VEHICLE,0,0,1,1,3,0,0,0,1,1,1,0,8
2018,Bihar,JAMUI - BR46( 07-JUN-2017 ),3,LIGHT GOODS VEHICLE,128,200,334,180,239,217,220,345,240,231,228,270,"2,832"
2018,Bihar,JAMUI - BR46( 07-JUN-2017 ),4,LIGHT MOTOR VEHICLE,11,9,24,25,10,8,6,9,10,4,10,5,131
2018,Bihar,JAMUI - BR46( 07-JUN-2017 ),5,LIGHT PASSENGER VEHICLE,1,5,7,7,6,4,2,1,10,1,0,4,48
2018,Bihar,JAMUI - BR46( 07-JUN-2017 ),6,MEDIUM GOODS VEHICLE,0,0,4,3,1,1,4,2,4,1,5,7,32
2018,Bihar,JAMUI - BR46( 07-JUN-2017 ),7,MEDIUM PASSENGER VEHICLE,0,0,0,0,3,1,0,1,0,0,1,0,6
2018,Bihar,JAMUI - BR46( 07-JUN-2017 ),8,THREE WHEELER(T),39,51,70,45,63,43,62,73,84,55,92,118,795
2018,Bihar,JAMUI - BR46( 07-JUN-2017 ),9,TWO WHEELER(NT),323,878,"1,773",827,"1,480","1,025",985,950,769,467,948,614,"11,039"
2018,Bihar,JEHANABAD - BR25( 26-MAY-2017 ),1,HEAVY GOODS VEHICLE,18,16,33,36,38,17,27,17,32,32,28,13,307
2018,Bihar,JEHANABAD - BR25( 26-MAY-2017 ),2,HEAVY PASSENGER VEHICLE,3,8,8,4,3,2,2,2,2,0,5,6,45
2018,Bihar,JEHANABAD - BR25( 26-MAY-2017 ),3,LIGHT GOODS VEHICLE,179,243,191,248,267,212,231,118,101,225,122,312,"2,449"
2018,Bihar,JEHANABAD - BR25( 26-MAY-2017 ),4,LIGHT MOTOR VEHICLE,1,5,16,17,11,13,11,8,7,3,5,14,111
2018,Bihar,JEHANABAD - BR25( 26-MAY-2017 ),5,LIGHT PASSENGER VEHICLE,4,12,5,2,2,47,1,1,3,3,2,4,86
2018,Bihar,JEHANABAD - BR25( 26-MAY-2017 ),6,MEDIUM GOODS VEHICLE,2,2,0,2,1,1,4,1,1,2,2,3,21
2018,Bihar,JEHANABAD - BR25( 26-MAY-2017 ),7,MEDIUM MOTOR VEHICLE,0,0,0,0,0,0,0,0,1,0,0,0,1
2018,Bihar,JEHANABAD - BR25( 26-MAY-2017 ),8,MEDIUM PASSENGER VEHICLE,1,1,3,2,1,0,0,1,0,0,0,1,10
2018,Bihar,JEHANABAD - BR25( 26-MAY-2017 ),9,THREE WHEELER(T),31,57,49,50,59,27,58,29,81,96,72,95,704
2018,Bihar,JEHANABAD - BR25( 26-MAY-2017 ),10,TWO WHEELER(NT),210,441,627,689,"1,066",675,795,753,292,242,504,287,"6,581"
2018,Bihar,KATIHAR - BR39( 23-JAN-2018 ),1,HEAVY GOODS VEHICLE,0,1,2,4,1,2,0,0,3,0,0,5,18
2018,Bihar,KATIHAR - BR39( 23-JAN-2018 ),2,HEAVY PASSENGER VEHICLE,0,0,0,1,1,1,1,0,0,0,0,0,4
2018,Bihar,KATIHAR - BR39( 23-JAN-2018 ),3,LIGHT GOODS VEHICLE,178,23,214,88,141,162,142,133,96,141,144,248,"1,710"
2018,Bihar,KATIHAR - BR39( 23-JAN-2018 ),4,LIGHT MOTOR VEHICLE,39,24,47,32,20,32,33,35,16,18,54,37,387
2018,Bihar,KATIHAR - BR39( 23-JAN-2018 ),5,LIGHT PASSENGER VEHICLE,8,0,3,1,0,2,2,2,0,1,0,0,19
2018,Bihar,KATIHAR - BR39( 23-JAN-2018 ),6,MEDIUM GOODS VEHICLE,2,0,2,3,4,3,4,1,1,1,4,2,27
2018,Bihar,KATIHAR - BR39( 23-JAN-2018 ),7,MEDIUM MOTOR VEHICLE,0,0,0,0,0,0,0,0,0,0,1,2,3
2018,Bihar,KATIHAR - BR39( 23-JAN-2018 ),8,MEDIUM PASSENGER VEHICLE,0,0,0,2,1,1,0,0,0,0,0,0,4
2018,Bihar,KATIHAR - BR39( 23-JAN-2018 ),9,THREE WHEELER(T),35,40,62,26,42,53,89,80,67,95,68,109,766
2018,Bihar,KATIHAR - BR39( 23-JAN-2018 ),10,TWO WHEELER(NT),"2,055","1,691","2,962","2,365","2,871","2,630","3,245","2,627","2,026","1,814","2,795","1,751","28,832"
2018,Bihar,KHAGARIA - BR34( 01-FEB-2018 ),1,HEAVY GOODS VEHICLE,1,0,1,4,1,4,2,3,4,2,2,4,28
2018,Bihar,KHAGARIA - BR34( 01-FEB-2018 ),2,HEAVY PASSENGER VEHICLE,1,0,2,0,1,0,1,1,0,1,1,0,8
2018,Bihar,KHAGARIA - BR34( 01-FEB-2018 ),3,LIGHT GOODS VEHICLE,97,14,50,97,95,125,108,115,68,107,110,123,"1,109"
2018,Bihar,KHAGARIA - BR34( 01-FEB-2018 ),4,LIGHT MOTOR VEHICLE,21,7,17,8,14,22,8,16,24,9,12,61,219
2018,Bihar,KHAGARIA - BR34( 01-FEB-2018 ),5,LIGHT PASSENGER VEHICLE,1,1,3,2,6,4,3,1,4,1,2,2,30
2018,Bihar,KHAGARIA - BR34( 01-FEB-2018 ),6,MEDIUM GOODS VEHICLE,0,0,2,2,1,0,2,0,0,0,1,1,9
2018,Bihar,KHAGARIA - BR34( 01-FEB-2018 ),7,MEDIUM PASSENGER VEHICLE,0,0,0,1,0,0,0,0,0,0,0,1,2
2018,Bihar,KHAGARIA - BR34( 01-FEB-2018 ),8,THREE WHEELER(T),49,27,19,24,14,22,40,57,68,81,55,89,545
2018,Bihar,KHAGARIA - BR34( 01-FEB-2018 ),9,TWO WHEELER(NT),624,241,959,954,906,"1,058","1,190","1,432",554,665,"1,336","1,260","11,179"
2018,Bihar,KISHANGANJ - BR37( 07-FEB-2018 ),1,HEAVY GOODS VEHICLE,6,4,5,9,6,6,2,2,8,0,4,1,53
2018,Bihar,KISHANGANJ - BR37( 07-FEB-2018 ),2,HEAVY PASSENGER VEHICLE,0,0,1,2,0,0,1,0,0,0,0,0,4
2018,Bihar,KISHANGANJ - BR37( 07-FEB-2018 ),3,LIGHT GOODS VEHICLE,73,25,77,81,89,89,118,83,50,63,105,101,954
2018,Bihar,KISHANGANJ - BR37( 07-FEB-2018 ),4,LIGHT MOTOR VEHICLE,62,26,82,51,54,60,53,54,31,26,55,13,567
2018,Bihar,KISHANGANJ - BR37( 07-FEB-2018 ),5,LIGHT PASSENGER VEHICLE,1,1,2,2,3,3,2,3,0,2,0,2,21
2018,Bihar,KISHANGANJ - BR37( 07-FEB-2018 ),6,MEDIUM GOODS VEHICLE,0,0,1,0,0,0,0,0,0,0,2,3,6
2018,Bihar,KISHANGANJ - BR37( 07-FEB-2018 ),7,MEDIUM MOTOR VEHICLE,0,0,0,0,0,0,0,0,1,0,1,0,2
2018,Bihar,KISHANGANJ - BR37( 07-FEB-2018 ),8,MEDIUM PASSENGER VEHICLE,1,0,0,0,2,1,1,0,0,0,0,0,5
2018,Bihar,KISHANGANJ - BR37( 07-FEB-2018 ),9,THREE WHEELER(T),88,30,100,66,52,83,91,124,71,81,94,92,972
2018,Bihar,KISHANGANJ - BR37( 07-FEB-2018 ),10,TWO WHEELER(NT),"2,454",329,"4,097","2,744","2,889","1,936","1,780","1,906","1,318","1,048","1,777","1,102","23,380"
2018,Bihar,LAKHISARAI - BR53( 27-JAN-2017 ),1,HEAVY GOODS VEHICLE,17,10,36,28,41,47,50,34,61,81,56,42,503
2018,Bihar,LAKHISARAI - BR53( 27-JAN-2017 ),2,HEAVY PASSENGER VEHICLE,0,0,0,0,1,0,0,0,0,0,1,0,2
2018,Bihar,LAKHISARAI - BR53( 27-JAN-2017 ),3,LIGHT GOODS VEHICLE,105,53,89,76,163,94,131,83,111,65,90,134,"1,194"
2018,Bihar,LAKHISARAI - BR53( 27-JAN-2017 ),4,LIGHT MOTOR VEHICLE,24,13,31,16,38,15,26,8,17,7,17,16,228
2018,Bihar,LAKHISARAI - BR53( 27-JAN-2017 ),5,LIGHT PASSENGER VEHICLE,3,2,12,3,9,3,7,7,3,1,0,4,54
2018,Bihar,LAKHISARAI - BR53( 27-JAN-2017 ),6,MEDIUM GOODS VEHICLE,0,0,2,3,8,4,8,6,11,6,4,7,59
2018,Bihar,LAKHISARAI - BR53( 27-JAN-2017 ),7,MEDIUM PASSENGER VEHICLE,0,0,2,2,2,0,0,0,0,0,0,1,7
2018,Bihar,LAKHISARAI - BR53( 27-JAN-2017 ),8,THREE WHEELER(T),4,5,12,9,21,6,22,15,28,26,20,31,199
2018,Bihar,LAKHISARAI - BR53( 27-JAN-2017 ),9,TWO WHEELER(NT),282,172,437,508,699,368,348,319,311,152,244,380,"4,220"
2018,Bihar,MADHEPURA - BR43( 02-JUN-2017 ),1,HEAVY GOODS VEHICLE,0,0,0,1,2,6,4,3,15,8,11,5,55
2018,Bihar,MADHEPURA - BR43( 02-JUN-2017 ),2,HEAVY PASSENGER VEHICLE,0,0,0,0,0,0,0,1,0,1,0,0,2
2018,Bihar,MADHEPURA - BR43( 02-JUN-2017 ),3,LIGHT GOODS VEHICLE,113,139,156,67,133,168,171,130,118,82,99,260,"1,636"
2018,Bihar,MADHEPURA - BR43( 02-JUN-2017 ),4,LIGHT MOTOR VEHICLE,51,108,48,30,53,53,115,40,26,39,51,221,835
2018,Bihar,MADHEPURA - BR43( 02-JUN-2017 ),5,LIGHT PASSENGER VEHICLE,5,2,3,1,8,3,2,6,6,5,2,8,51
2018,Bihar,MADHEPURA - BR43( 02-JUN-2017 ),6,MEDIUM GOODS VEHICLE,1,0,0,0,0,0,1,0,0,0,2,0,4
2018,Bihar,MADHEPURA - BR43( 02-JUN-2017 ),7,MEDIUM PASSENGER VEHICLE,0,2,2,4,1,0,1,1,1,0,0,0,12
2018,Bihar,MADHEPURA - BR43( 02-JUN-2017 ),8,THREE WHEELER(T),48,91,97,58,60,42,77,94,173,108,130,123,"1,101"
2018,Bihar,MADHEPURA - BR43( 02-JUN-2017 ),9,TWO WHEELER(NT),894,"1,533","2,012","1,177","1,686","1,654","2,207","2,058","1,325",958,"1,601","1,293","18,398"
2018,Bihar,MADHUBANI - BR32( 01-FEB-2018 ),1,HEAVY GOODS VEHICLE,1,0,1,0,0,1,2,0,3,1,0,0,9
2018,Bihar,MADHUBANI - BR32( 01-FEB-2018 ),2,HEAVY PASSENGER VEHICLE,0,0,0,1,0,0,1,1,0,0,0,0,3
2018,Bihar,MADHUBANI - BR32( 01-FEB-2018 ),3,LIGHT GOODS VEHICLE,136,109,266,131,199,217,205,148,140,183,190,331,"2,255"
2018,Bihar,MADHUBANI - BR32( 01-FEB-2018 ),4,LIGHT MOTOR VEHICLE,42,68,61,38,39,29,30,30,28,39,61,52,517
2018,Bihar,MADHUBANI - BR32( 01-FEB-2018 ),5,LIGHT PASSENGER VEHICLE,7,6,16,8,22,7,15,13,6,17,13,15,145
2018,Bihar,MADHUBANI - BR32( 01-FEB-2018 ),6,MEDIUM GOODS VEHICLE,3,1,5,1,4,0,2,1,2,6,1,10,36
2018,Bihar,MADHUBANI - BR32( 01-FEB-2018 ),7,MEDIUM PASSENGER VEHICLE,0,1,2,2,5,0,0,1,1,0,1,1,14
2018,Bihar,MADHUBANI - BR32( 01-FEB-2018 ),8,THREE WHEELER(T),46,42,80,47,82,133,114,110,124,116,122,88,"1,104"
2018,Bihar,MADHUBANI - BR32( 01-FEB-2018 ),9,TWO WHEELER(NT),"1,586","2,014","4,720","3,925","4,642","2,754","2,275","2,203","1,871","2,276","3,800","2,085","34,151"
2018,Bihar,MOTIHARI - BR5( 05-JUL-2017 ),1,HEAVY GOODS VEHICLE,2,5,12,7,11,3,2,3,3,4,5,4,61
2018,Bihar,MOTIHARI - BR5( 05-JUL-2017 ),2,HEAVY MOTOR VEHICLE,0,0,0,0,0,0,0,1,2,0,0,0,3
2018,Bihar,MOTIHARI - BR5( 05-JUL-2017 ),3,HEAVY PASSENGER VEHICLE,5,2,0,2,1,7,6,1,2,0,1,0,27
2018,Bihar,MOTIHARI - BR5( 05-JUL-2017 ),4,LIGHT GOODS VEHICLE,409,661,210,114,279,382,249,183,211,159,295,355,"3,507"
2018,Bihar,MOTIHARI - BR5( 05-JUL-2017 ),5,LIGHT MOTOR VEHICLE,118,174,290,119,199,114,159,133,132,78,166,69,"1,751"
2018,Bihar,MOTIHARI - BR5( 05-JUL-2017 ),6,LIGHT PASSENGER VEHICLE,27,21,27,23,30,18,18,29,10,14,14,10,241
2018,Bihar,MOTIHARI - BR5( 05-JUL-2017 ),7,MEDIUM GOODS VEHICLE,1,7,4,5,2,3,14,0,0,0,1,0,37
2018,Bihar,MOTIHARI - BR5( 05-JUL-2017 ),8,MEDIUM MOTOR VEHICLE,0,0,0,0,0,0,0,0,11,10,7,33,61
2018,Bihar,MOTIHARI - BR5( 05-JUL-2017 ),9,MEDIUM PASSENGER VEHICLE,0,0,2,0,1,3,0,6,0,0,3,0,15
2018,Bihar,MOTIHARI - BR5( 05-JUL-2017 ),10,OTHER THAN MENTIONED ABOVE,0,0,0,0,0,0,0,0,0,0,0,1,1
2018,Bihar,MOTIHARI - BR5( 05-JUL-2017 ),11,THREE WHEELER(T),133,127,149,83,133,114,142,198,180,194,172,195,"1,820"
2018,Bihar,MOTIHARI - BR5( 05-JUL-2017 ),12,TWO WHEELER(NT),"2,991","5,457","6,320","1,108","3,650","3,522","4,673","3,467","3,752","1,835","3,296","2,463","42,534"
2018,Bihar,MUNGER - BR8( 06-FEB-2018 ),1,HEAVY GOODS VEHICLE,3,8,4,4,1,0,1,0,1,3,1,2,28
2018,Bihar,MUNGER - BR8( 06-FEB-2018 ),2,HEAVY PASSENGER VEHICLE,0,0,0,0,0,0,1,0,2,0,0,0,3
2018,Bihar,MUNGER - BR8( 06-FEB-2018 ),3,LIGHT GOODS VEHICLE,23,32,81,52,65,48,25,31,71,81,75,85,669
2018,Bihar,MUNGER - BR8( 06-FEB-2018 ),4,LIGHT MOTOR VEHICLE,39,10,16,14,27,10,9,5,17,7,14,10,178
2018,Bihar,MUNGER - BR8( 06-FEB-2018 ),5,LIGHT PASSENGER VEHICLE,7,1,4,6,6,1,1,7,3,3,5,4,48
2018,Bihar,MUNGER - BR8( 06-FEB-2018 ),6,MEDIUM GOODS VEHICLE,0,3,0,1,2,3,0,0,1,6,4,5,25
2018,Bihar,MUNGER - BR8( 06-FEB-2018 ),7,MEDIUM PASSENGER VEHICLE,0,0,0,0,2,1,0,0,0,0,1,0,4
2018,Bihar,MUNGER - BR8( 06-FEB-2018 ),8,THREE WHEELER(T),62,26,53,28,34,25,28,31,106,69,56,42,560
2018,Bihar,MUNGER - BR8( 06-FEB-2018 ),9,TWO WHEELER(NT),"2,980",221,"1,218",707,819,528,629,470,"1,028",669,761,982,"11,012"
2018,Bihar,MUZAFFARPUR - BR6( 01-FEB-2018 ),1,HEAVY GOODS VEHICLE,84,100,129,163,179,183,177,138,127,223,172,114,"1,789"
2018,Bihar,MUZAFFARPUR - BR6( 01-FEB-2018 ),2,HEAVY PASSENGER VEHICLE,4,20,10,16,15,27,12,20,2,14,8,8,156
2018,Bihar,MUZAFFARPUR - BR6( 01-FEB-2018 ),3,LIGHT GOODS VEHICLE,292,218,298,305,289,305,276,300,285,325,340,380,"3,613"
2018,Bihar,MUZAFFARPUR - BR6( 01-FEB-2018 ),4,LIGHT MOTOR VEHICLE,672,398,"1,125",987,758,759,686,754,465,587,931,659,"8,781"
2018,Bihar,MUZAFFARPUR - BR6( 01-FEB-2018 ),5,LIGHT PASSENGER VEHICLE,28,54,78,65,58,34,44,53,54,42,37,58,605
2018,Bihar,MUZAFFARPUR - BR6( 01-FEB-2018 ),6,MEDIUM GOODS VEHICLE,8,3,7,2,5,7,2,7,10,10,6,12,79
2018,Bihar,MUZAFFARPUR - BR6( 01-FEB-2018 ),7,MEDIUM PASSENGER VEHICLE,6,6,19,9,7,6,8,7,14,12,1,2,97
2018,Bihar,MUZAFFARPUR - BR6( 01-FEB-2018 ),8,OTHER THAN MENTIONED ABOVE,0,0,0,0,0,1,0,0,0,0,0,0,1
2018,Bihar,MUZAFFARPUR - BR6( 01-FEB-2018 ),9,THREE WHEELER(T),181,162,231,214,210,274,330,349,348,377,368,340,"3,384"
2018,Bihar,MUZAFFARPUR - BR6( 01-FEB-2018 ),10,TWO WHEELER(NT),"11,830",620,"9,803","9,463","10,406","8,305","7,612","7,175","5,509","6,648","9,643","4,917","91,931"
2018,Bihar,NALANDA - BR21( 01-FEB-2018 ),1,HEAVY GOODS VEHICLE,30,22,23,39,33,21,26,29,28,39,38,38,366
2018,Bihar,NALANDA - BR21( 01-FEB-2018 ),2,HEAVY PASSENGER VEHICLE,11,3,17,7,2,4,5,7,3,8,7,5,79
2018,Bihar,NALANDA - BR21( 01-FEB-2018 ),3,LIGHT GOODS VEHICLE,389,105,245,367,272,290,389,266,266,244,279,256,"3,368"
2018,Bihar,NALANDA - BR21( 01-FEB-2018 ),4,LIGHT MOTOR VEHICLE,109,31,81,67,75,45,65,103,44,52,85,21,778
2018,Bihar,NALANDA - BR21( 01-FEB-2018 ),5,LIGHT PASSENGER VEHICLE,13,2,23,19,9,12,19,6,5,8,10,8,134
2018,Bihar,NALANDA - BR21( 01-FEB-2018 ),6,MEDIUM GOODS VEHICLE,1,2,5,4,7,10,12,5,5,9,7,4,71
2018,Bihar,NALANDA - BR21( 01-FEB-2018 ),7,MEDIUM PASSENGER VEHICLE,1,0,5,2,1,3,1,2,0,0,0,1,16
2018,Bihar,NALANDA - BR21( 01-FEB-2018 ),8,THREE WHEELER(T),129,12,109,49,75,95,103,101,120,100,113,141,"1,147"
2018,Bihar,NALANDA - BR21( 01-FEB-2018 ),9,TWO WHEELER (INVALID CARRIAGE),0,0,0,0,0,0,0,0,2,0,0,0,2
2018,Bihar,NALANDA - BR21( 01-FEB-2018 ),10,TWO WHEELER(NT),"2,055",684,"2,834","3,225","2,666","2,053","1,598","1,395","1,546","1,345","2,945","1,243","23,589"
2018,Bihar,NAWADA - BR27( 30-JAN-2018 ),1,HEAVY GOODS VEHICLE,8,14,18,18,15,19,25,17,18,47,29,23,251
2018,Bihar,NAWADA - BR27( 30-JAN-2018 ),2,HEAVY PASSENGER VEHICLE,1,1,6,3,0,2,5,3,1,6,5,5,38
2018,Bihar,NAWADA - BR27( 30-JAN-2018 ),3,LIGHT GOODS VEHICLE,191,49,110,86,87,146,158,115,166,98,70,176,"1,452"
2018,Bihar,NAWADA - BR27( 30-JAN-2018 ),4,LIGHT MOTOR VEHICLE,27,22,57,45,31,32,43,40,20,24,23,27,391
2018,Bihar,NAWADA - BR27( 30-JAN-2018 ),5,LIGHT PASSENGER VEHICLE,3,4,12,3,7,4,7,5,6,5,5,8,69
2018,Bihar,NAWADA - BR27( 30-JAN-2018 ),6,MEDIUM GOODS VEHICLE,1,48,68,30,44,105,78,36,46,99,40,61,656
2018,Bihar,NAWADA - BR27( 30-JAN-2018 ),7,MEDIUM PASSENGER VEHICLE,0,0,0,3,1,1,0,1,0,0,1,0,7
2018,Bihar,NAWADA - BR27( 30-JAN-2018 ),8,THREE WHEELER(T),43,15,53,62,32,33,50,73,86,79,81,66,673
2018,Bihar,NAWADA - BR27( 30-JAN-2018 ),9,TWO WHEELER(NT),565,700,"1,067","1,752","1,748","1,277",600,813,699,"1,144","1,202",605,"12,172"
2018,Bihar,PATNA - BR1( 02-FEB-2018 ),1,HEAVY GOODS VEHICLE,117,81,153,133,189,146,148,149,130,170,206,169,"1,791"
2018,Bihar,PATNA - BR1( 02-FEB-2018 ),2,HEAVY MOTOR VEHICLE,0,0,0,0,0,0,1,0,1,0,0,0,2
2018,Bihar,PATNA - BR1( 02-FEB-2018 ),3,HEAVY PASSENGER VEHICLE,5,1,23,18,55,7,19,19,15,11,20,11,204
2018,Bihar,PATNA - BR1( 02-FEB-2018 ),4,LIGHT GOODS VEHICLE,285,152,386,386,463,398,624,533,439,713,711,871,"5,961"
2018,Bihar,PATNA - BR1( 02-FEB-2018 ),5,LIGHT MOTOR VEHICLE,"3,715",407,"3,093","2,332","2,101","1,578","1,874","2,012",918,"1,440","2,216","1,429","23,115"
2018,Bihar,PATNA - BR1( 02-FEB-2018 ),6,LIGHT PASSENGER VEHICLE,162,73,150,87,101,111,124,77,63,59,68,62,"1,137"
2018,Bihar,PATNA - BR1( 02-FEB-2018 ),7,MEDIUM GOODS VEHICLE,27,4,42,88,205,58,49,16,31,44,62,83,709
2018,Bihar,PATNA - BR1( 02-FEB-2018 ),8,MEDIUM MOTOR VEHICLE,0,0,0,0,0,1,0,0,0,1,1,0,3
2018,Bihar,PATNA - BR1( 02-FEB-2018 ),9,MEDIUM PASSENGER VEHICLE,13,0,4,20,13,10,6,16,1,13,6,16,118
2018,Bihar,PATNA - BR1( 02-FEB-2018 ),10,OTHER THAN MENTIONED ABOVE,0,0,1,1,0,2,0,0,2,0,1,0,7
2018,Bihar,PATNA - BR1( 02-FEB-2018 ),11,THREE WHEELER(T),307,178,337,387,459,433,495,548,491,668,660,477,"5,440"
2018,Bihar,PATNA - BR1( 02-FEB-2018 ),12,TWO WHEELER (INVALID CARRIAGE),0,0,0,0,1,0,0,0,0,0,0,0,1
2018,Bihar,PATNA - BR1( 02-FEB-2018 ),13,TWO WHEELER(NT),"34,550",421,"11,676","13,164","11,650","8,469","8,699","8,959","6,374","9,618","13,239","8,110","1,34,929"
2018,Bihar,PATNA - BR1( 02-FEB-2018 ),14,TWO WHEELER(T),5,0,1,0,0,3,0,1,3,3,3,1,20
2018,Bihar,PURNEA - BR11( 23-JAN-2018 ),1,HEAVY GOODS VEHICLE,42,52,63,38,68,62,57,62,51,71,59,56,681
2018,Bihar,PURNEA - BR11( 23-JAN-2018 ),2,HEAVY PASSENGER VEHICLE,3,4,6,4,3,9,2,10,12,8,2,1,64
2018,Bihar,PURNEA - BR11( 23-JAN-2018 ),3,LIGHT GOODS VEHICLE,451,263,372,263,361,515,451,546,509,310,487,595,"5,123"
2018,Bihar,PURNEA - BR11( 23-JAN-2018 ),4,LIGHT MOTOR VEHICLE,491,427,410,319,346,366,399,517,261,237,545,340,"4,658"
2018,Bihar,PURNEA - BR11( 23-JAN-2018 ),5,LIGHT PASSENGER VEHICLE,22,16,38,25,44,19,28,18,26,22,30,33,321
2018,Bihar,PURNEA - BR11( 23-JAN-2018 ),6,MEDIUM GOODS VEHICLE,6,32,40,20,39,26,15,4,37,29,55,43,346
2018,Bihar,PURNEA - BR11( 23-JAN-2018 ),7,MEDIUM MOTOR VEHICLE,0,0,1,0,0,0,0,0,0,1,0,0,2
2018,Bihar,PURNEA - BR11( 23-JAN-2018 ),8,MEDIUM PASSENGER VEHICLE,1,3,13,2,1,5,0,1,1,1,1,0,29
2018,Bihar,PURNEA - BR11( 23-JAN-2018 ),9,OTHER THAN MENTIONED ABOVE,0,0,1,0,0,0,0,0,0,0,0,0,1
2018,Bihar,PURNEA - BR11( 23-JAN-2018 ),10,THREE WHEELER(T),320,306,284,262,316,355,429,570,498,347,661,428,"4,776"
2018,Bihar,PURNEA - BR11( 23-JAN-2018 ),11,TWO WHEELER (INVALID CARRIAGE),0,0,1,0,0,0,0,0,0,0,0,0,1
2018,Bihar,PURNEA - BR11( 23-JAN-2018 ),12,TWO WHEELER(NT),"5,734","1,907","4,346","2,472","3,891","3,354","4,258","3,532","2,884","2,642","4,367","3,147","42,534"
2018,Bihar,ROHTAS - BR24( 09-FEB-2018 ),1,HEAVY GOODS VEHICLE,283,194,126,104,66,46,52,53,111,110,85,44,"1,274"
2018,Bihar,ROHTAS - BR24( 09-FEB-2018 ),2,HEAVY PASSENGER VEHICLE,6,1,7,6,4,4,6,2,2,10,11,3,62
2018,Bihar,ROHTAS - BR24( 09-FEB-2018 ),3,LIGHT GOODS VEHICLE,171,139,160,257,290,352,331,190,333,331,273,309,"3,136"
2018,Bihar,ROHTAS - BR24( 09-FEB-2018 ),4,LIGHT MOTOR VEHICLE,143,131,121,107,84,96,95,112,79,49,73,93,"1,183"
2018,Bihar,ROHTAS - BR24( 09-FEB-2018 ),5,LIGHT PASSENGER VEHICLE,18,3,10,33,11,12,6,11,4,7,2,7,124
2018,Bihar,ROHTAS - BR24( 09-FEB-2018 ),6,MEDIUM GOODS VEHICLE,7,4,21,53,11,4,9,5,9,6,5,10,144
2018,Bihar,ROHTAS - BR24( 09-FEB-2018 ),7,MEDIUM MOTOR VEHICLE,0,0,0,0,0,0,1,0,0,0,0,0,1
2018,Bihar,ROHTAS - BR24( 09-FEB-2018 ),8,MEDIUM PASSENGER VEHICLE,7,2,3,4,3,2,0,1,3,0,0,0,25
2018,Bihar,ROHTAS - BR24( 09-FEB-2018 ),9,THREE WHEELER(T),94,30,106,92,76,56,50,93,71,108,55,98,929
2018,Bihar,ROHTAS - BR24( 09-FEB-2018 ),10,TWO WHEELER(NT),"4,483","1,544","3,208","2,893","2,668","2,065","1,403","1,724","1,368","1,431","2,759","2,287","27,833"
2018,Bihar,SAHARSA - BR19( 29-JAN-2018 ),1,HEAVY GOODS VEHICLE,2,1,2,3,5,3,5,6,11,6,10,6,60
2018,Bihar,SAHARSA - BR19( 29-JAN-2018 ),2,HEAVY PASSENGER VEHICLE,2,6,1,0,4,2,5,1,0,1,0,1,23
2018,Bihar,SAHARSA - BR19( 29-JAN-2018 ),3,LIGHT GOODS VEHICLE,92,67,65,72,72,125,63,59,61,43,45,135,899
2018,Bihar,SAHARSA - BR19( 29-JAN-2018 ),4,LIGHT MOTOR VEHICLE,47,24,34,28,33,33,24,32,53,19,22,40,389
2018,Bihar,SAHARSA - BR19( 29-JAN-2018 ),5,LIGHT PASSENGER VEHICLE,5,3,3,3,2,7,2,5,3,2,3,11,49
2018,Bihar,SAHARSA - BR19( 29-JAN-2018 ),6,MEDIUM GOODS VEHICLE,1,0,1,0,2,1,1,1,0,0,1,1,9
2018,Bihar,SAHARSA - BR19( 29-JAN-2018 ),7,MEDIUM PASSENGER VEHICLE,0,0,0,0,5,0,0,0,0,0,0,0,5
2018,Bihar,SAHARSA - BR19( 29-JAN-2018 ),8,OTHER THAN MENTIONED ABOVE,0,0,0,0,0,0,0,0,1,0,0,0,1
2018,Bihar,SAHARSA - BR19( 29-JAN-2018 ),9,THREE WHEELER(T),84,34,18,28,27,44,49,58,45,52,35,62,536
2018,Bihar,SAHARSA - BR19( 29-JAN-2018 ),10,TWO WHEELER(NT),940,910,"1,534","1,335","1,381","1,431","1,396","1,350","1,103",712,"1,203",995,"14,290"
2018,Bihar,SAMASTIPUR - BR33( 06-JUL-2017 ),1,HEAVY GOODS VEHICLE,2,4,7,2,7,4,4,1,5,5,8,7,56
2018,Bihar,SAMASTIPUR - BR33( 06-JUL-2017 ),2,HEAVY MOTOR VEHICLE,0,0,0,0,0,0,0,0,0,1,0,0,1
2018,Bihar,SAMASTIPUR - BR33( 06-JUL-2017 ),3,HEAVY PASSENGER VEHICLE,0,1,1,5,0,2,3,2,1,0,1,5,21
2018,Bihar,SAMASTIPUR - BR33( 06-JUL-2017 ),4,LIGHT GOODS VEHICLE,273,112,272,231,86,168,205,136,98,120,109,170,"1,980"
2018,Bihar,SAMASTIPUR - BR33( 06-JUL-2017 ),5,LIGHT MOTOR VEHICLE,30,45,40,29,43,22,38,36,18,26,34,29,390
2018,Bihar,SAMASTIPUR - BR33( 06-JUL-2017 ),6,LIGHT PASSENGER VEHICLE,4,1,4,4,4,2,2,4,2,8,1,3,39
2018,Bihar,SAMASTIPUR - BR33( 06-JUL-2017 ),7,MEDIUM GOODS VEHICLE,4,0,3,1,1,1,8,5,0,0,0,0,23
2018,Bihar,SAMASTIPUR - BR33( 06-JUL-2017 ),8,MEDIUM MOTOR VEHICLE,0,0,0,0,0,0,0,0,0,4,1,7,12
2018,Bihar,SAMASTIPUR - BR33( 06-JUL-2017 ),9,MEDIUM PASSENGER VEHICLE,0,1,2,0,0,0,0,0,0,2,0,0,5
2018,Bihar,SAMASTIPUR - BR33( 06-JUL-2017 ),10,OTHER THAN MENTIONED ABOVE,0,0,0,0,0,0,1,0,0,0,0,0,1
2018,Bihar,SAMASTIPUR - BR33( 06-JUL-2017 ),11,THREE WHEELER(T),203,127,94,86,81,99,165,139,176,185,181,133,"1,669"
2018,Bihar,SAMASTIPUR - BR33( 06-JUL-2017 ),12,TWO WHEELER (INVALID CARRIAGE),0,0,0,0,0,0,0,0,0,0,0,1,1
2018,Bihar,SAMASTIPUR - BR33( 06-JUL-2017 ),13,TWO WHEELER(NT),"3,354","4,532","4,491","4,373","5,138","3,598","4,328","3,255","2,859","2,976","5,324","3,075","47,303"
2018,Bihar,SHEIKHPURA - BR52( 17-JUL-2017 ),1,HEAVY GOODS VEHICLE,5,12,18,21,21,22,30,12,25,24,42,27,259
2018,Bihar,SHEIKHPURA - BR52( 17-JUL-2017 ),2,HEAVY PASSENGER VEHICLE,1,1,0,1,2,0,0,0,0,1,4,1,11
2018,Bihar,SHEIKHPURA - BR52( 17-JUL-2017 ),3,LIGHT GOODS VEHICLE,91,65,89,69,40,75,63,43,29,40,53,40,697
2018,Bihar,SHEIKHPURA - BR52( 17-JUL-2017 ),4,LIGHT MOTOR VEHICLE,10,8,12,15,11,2,12,9,1,6,3,5,94
2018,Bihar,SHEIKHPURA - BR52( 17-JUL-2017 ),5,LIGHT PASSENGER VEHICLE,3,2,5,4,1,3,4,0,3,1,2,1,29
2018,Bihar,SHEIKHPURA - BR52( 17-JUL-2017 ),6,MEDIUM GOODS VEHICLE,51,0,3,1,0,1,8,0,2,3,1,1,71
2018,Bihar,SHEIKHPURA - BR52( 17-JUL-2017 ),7,MEDIUM MOTOR VEHICLE,1,0,0,0,0,0,0,0,0,0,0,0,1
2018,Bihar,SHEIKHPURA - BR52( 17-JUL-2017 ),8,MEDIUM PASSENGER VEHICLE,0,1,0,0,0,2,0,0,0,0,0,0,3
2018,Bihar,SHEIKHPURA - BR52( 17-JUL-2017 ),9,THREE WHEELER(T),4,14,10,27,7,8,15,13,23,19,13,15,168
2018,Bihar,SHEIKHPURA - BR52( 17-JUL-2017 ),10,TWO WHEELER(NT),200,271,431,200,382,315,252,585,272,201,312,367,"3,788"
2018,Bihar,SHEOHAR - BR55( 07-JUN-2017 ),1,HEAVY GOODS VEHICLE,0,0,0,1,0,0,0,0,0,0,0,0,1
2018,Bihar,SHEOHAR - BR55( 07-JUN-2017 ),2,LIGHT GOODS VEHICLE,15,11,6,10,9,6,9,6,10,9,6,11,108
2018,Bihar,SHEOHAR - BR55( 07-JUN-2017 ),3,LIGHT MOTOR VEHICLE,1,8,6,5,6,2,0,2,2,3,2,5,42
2018,Bihar,SHEOHAR - BR55( 07-JUN-2017 ),4,LIGHT PASSENGER VEHICLE,1,2,1,1,0,0,0,0,0,0,0,1,6
2018,Bihar,SHEOHAR - BR55( 07-JUN-2017 ),5,MEDIUM GOODS VEHICLE,0,0,0,0,0,0,0,0,1,0,0,2,3
2018,Bihar,SHEOHAR - BR55( 07-JUN-2017 ),6,THREE WHEELER(T),0,5,1,4,2,6,0,0,1,1,3,0,23
2018,Bihar,SHEOHAR - BR55( 07-JUN-2017 ),7,TWO WHEELER(NT),147,401,506,90,361,486,232,101,220,180,249,85,"3,058"
2018,Bihar,SITAMARHI - BR30( 29-JAN-2018 ),1,HEAVY GOODS VEHICLE,9,12,8,6,6,10,3,2,1,7,5,2,71
2018,Bihar,SITAMARHI - BR30( 29-JAN-2018 ),2,HEAVY PASSENGER VEHICLE,2,2,0,1,1,1,0,1,3,1,3,0,15
2018,Bihar,SITAMARHI - BR30( 29-JAN-2018 ),3,LIGHT GOODS VEHICLE,166,64,90,111,141,108,162,86,91,145,136,136,"1,436"
2018,Bihar,SITAMARHI - BR30( 29-JAN-2018 ),4,LIGHT MOTOR VEHICLE,31,14,45,28,27,25,23,19,14,14,22,14,276
2018,Bihar,SITAMARHI - BR30( 29-JAN-2018 ),5,LIGHT PASSENGER VEHICLE,3,6,7,18,6,3,5,8,8,2,0,0,66
2018,Bihar,SITAMARHI - BR30( 29-JAN-2018 ),6,MEDIUM GOODS VEHICLE,5,2,4,4,2,1,4,0,4,3,2,8,39
2018,Bihar,SITAMARHI - BR30( 29-JAN-2018 ),7,MEDIUM PASSENGER VEHICLE,1,0,0,0,1,1,1,2,0,1,1,0,8
2018,Bihar,SITAMARHI - BR30( 29-JAN-2018 ),8,THREE WHEELER(T),76,86,57,46,99,74,81,107,152,131,147,135,"1,191"
2018,Bihar,SITAMARHI - BR30( 29-JAN-2018 ),9,TWO WHEELER(NT),"3,339","1,038","2,811","3,182","3,362","2,449","2,034","2,377","1,904","1,944","2,700","1,837","28,977"
2018,Bihar,SIWAN - BR29( 29-JAN-2018 ),1,HEAVY GOODS VEHICLE,100,8,10,6,9,9,4,14,5,3,10,4,182
2018,Bihar,SIWAN - BR29( 29-JAN-2018 ),2,HEAVY PASSENGER VEHICLE,0,0,0,0,1,2,6,5,0,3,1,2,20
2018,Bihar,SIWAN - BR29( 29-JAN-2018 ),3,LIGHT GOODS VEHICLE,39,86,114,63,88,70,69,73,67,64,68,91,892
2018,Bihar,SIWAN - BR29( 29-JAN-2018 ),4,LIGHT MOTOR VEHICLE,148,282,279,179,266,188,270,272,185,169,322,344,"2,904"
2018,Bihar,SIWAN - BR29( 29-JAN-2018 ),5,LIGHT PASSENGER VEHICLE,7,27,29,22,33,13,11,20,14,11,19,19,225
2018,Bihar,SIWAN - BR29( 29-JAN-2018 ),6,MEDIUM GOODS VEHICLE,2,0,0,0,2,1,0,0,2,1,3,3,14
2018,Bihar,SIWAN - BR29( 29-JAN-2018 ),7,MEDIUM MOTOR VEHICLE,0,0,0,1,0,0,0,0,0,1,0,0,2
2018,Bihar,SIWAN - BR29( 29-JAN-2018 ),8,MEDIUM PASSENGER VEHICLE,4,1,4,4,3,2,6,6,3,2,0,4,39
2018,Bihar,SIWAN - BR29( 29-JAN-2018 ),9,OTHER THAN MENTIONED ABOVE,0,0,1,0,0,0,0,0,0,0,0,0,1
2018,Bihar,SIWAN - BR29( 29-JAN-2018 ),10,THREE WHEELER(T),57,75,76,58,31,41,73,50,92,51,97,70,771
2018,Bihar,SIWAN - BR29( 29-JAN-2018 ),11,TWO WHEELER(NT),"2,630","2,355","4,304","3,609","4,594","4,029","4,157","2,530","1,381","1,582","3,293","1,708","36,172"
2018,Bihar,SUPAUL - BR50( 29-JAN-2018 ),1,HEAVY GOODS VEHICLE,4,7,3,12,19,17,19,14,26,28,18,15,182
2018,Bihar,SUPAUL - BR50( 29-JAN-2018 ),2,HEAVY PASSENGER VEHICLE,0,2,0,1,0,2,0,2,0,0,2,0,9
2018,Bihar,SUPAUL - BR50( 29-JAN-2018 ),3,LIGHT GOODS VEHICLE,130,45,58,68,117,138,106,155,58,76,94,233,"1,278"
2018,Bihar,SUPAUL - BR50( 29-JAN-2018 ),4,LIGHT MOTOR VEHICLE,26,26,26,34,38,31,32,50,19,32,36,40,390
2018,Bihar,SUPAUL - BR50( 29-JAN-2018 ),5,LIGHT PASSENGER VEHICLE,1,5,0,6,6,13,6,4,2,3,4,4,54
2018,Bihar,SUPAUL - BR50( 29-JAN-2018 ),6,MEDIUM GOODS VEHICLE,0,0,0,1,0,2,1,0,1,1,0,3,9
2018,Bihar,SUPAUL - BR50( 29-JAN-2018 ),7,MEDIUM MOTOR VEHICLE,0,0,0,0,0,0,0,2,0,0,0,0,2
2018,Bihar,SUPAUL - BR50( 29-JAN-2018 ),8,MEDIUM PASSENGER VEHICLE,0,0,1,0,0,1,0,0,2,1,0,1,6
2018,Bihar,SUPAUL - BR50( 29-JAN-2018 ),9,THREE WHEELER(T),52,36,36,49,58,25,80,92,110,99,182,79,898
2018,Bihar,SUPAUL - BR50( 29-JAN-2018 ),10,TWO WHEELER(NT),"1,051","1,877","2,458","1,564","2,382","1,607","1,692","1,972","1,249","1,245","2,279","1,045","20,421"
2018,Bihar,VAISHALI - BR31( 13-FEB-2018 ),1,HEAVY GOODS VEHICLE,6,4,14,8,20,8,6,20,15,21,14,21,157
2018,Bihar,VAISHALI - BR31( 13-FEB-2018 ),2,HEAVY PASSENGER VEHICLE,2,0,0,2,2,10,2,7,6,8,4,3,46
2018,Bihar,VAISHALI - BR31( 13-FEB-2018 ),3,LIGHT GOODS VEHICLE,156,66,134,165,164,196,187,201,197,188,238,222,"2,114"
2018,Bihar,VAISHALI - BR31( 13-FEB-2018 ),4,LIGHT MOTOR VEHICLE,305,384,264,227,288,164,194,232,145,184,258,188,"2,833"
2018,Bihar,VAISHALI - BR31( 13-FEB-2018 ),5,LIGHT PASSENGER VEHICLE,14,9,16,19,16,12,11,26,15,13,21,12,184
2018,Bihar,VAISHALI - BR31( 13-FEB-2018 ),6,MEDIUM GOODS VEHICLE,8,0,1,1,2,7,4,2,1,2,9,12,49
2018,Bihar,VAISHALI - BR31( 13-FEB-2018 ),7,MEDIUM MOTOR VEHICLE,0,0,0,0,0,0,0,0,1,0,0,1,2
2018,Bihar,VAISHALI - BR31( 13-FEB-2018 ),8,MEDIUM PASSENGER VEHICLE,5,0,1,3,1,1,0,3,1,1,0,0,16
2018,Bihar,VAISHALI - BR31( 13-FEB-2018 ),9,THREE WHEELER(NT),0,0,0,0,0,0,0,1,0,0,0,0,1
2018,Bihar,VAISHALI - BR31( 13-FEB-2018 ),10,THREE WHEELER(T),95,41,81,131,71,89,91,141,132,160,141,158,"1,331"
2018,Bihar,VAISHALI - BR31( 13-FEB-2018 ),11,TWO WHEELER(NT),"7,798","3,902","3,879","3,543","4,413","3,906","3,960","3,184","2,651","2,145","3,285","3,132","45,798"
2017,Bihar,ARARIA - BR38( 30-JAN-2018 ),1,HEAVY GOODS VEHICLE,6,4,14,8,20,8,6,20,15,21,14,21,157
2017,Bihar,ARARIA - BR38( 30-JAN-2018 ),2,HEAVY PASSENGER VEHICLE,2,0,0,2,2,10,2,7,6,8,4,3,46
2017,Bihar,ARARIA - BR38( 30-JAN-2018 ),3,LIGHT GOODS VEHICLE,156,66,134,165,164,196,187,201,197,188,238,222,"2,114"
2017,Bihar,ARARIA - BR38( 30-JAN-2018 ),4,LIGHT MOTOR VEHICLE,305,384,264,227,288,164,194,232,145,184,258,188,"2,833"
2017,Bihar,ARARIA - BR38( 30-JAN-2018 ),5,LIGHT PASSENGER VEHICLE,14,9,16,19,16,12,11,26,15,13,21,12,184
2017,Bihar,ARARIA - BR38( 30-JAN-2018 ),6,MEDIUM GOODS VEHICLE,8,0,1,1,2,7,4,2,1,2,9,12,49
2017,Bihar,ARARIA - BR38( 30-JAN-2018 ),7,MEDIUM MOTOR VEHICLE,0,0,0,0,0,0,0,0,1,0,0,1,2
2017,Bihar,ARARIA - BR38( 30-JAN-2018 ),8,MEDIUM PASSENGER VEHICLE,5,0,1,3,1,1,0,3,1,1,0,0,16
2017,Bihar,ARARIA - BR38( 30-JAN-2018 ),9,THREE WHEELER(NT),0,0,0,0,0,0,0,1,0,0,0,0,1
2017,Bihar,ARARIA - BR38( 30-JAN-2018 ),10,THREE WHEELER(T),95,41,81,131,71,89,91,141,132,160,141,158,"1,331"
2017,Bihar,ARARIA - BR38( 30-JAN-2018 ),11,TWO WHEELER(NT),"7,798","3,902","3,879","3,543","4,413","3,906","3,960","3,184","2,651","2,145","3,285","3,132","45,798"
2017,Bihar,ARAWAL - BR56( 22-MAY-2017 ),1,HEAVY GOODS VEHICLE,1,0,6,0,0,0,0,0,1,0,1,0,9
2017,Bihar,ARAWAL - BR56( 22-MAY-2017 ),2,HEAVY PASSENGER VEHICLE,0,0,1,0,0,0,0,0,0,0,0,0,1
2017,Bihar,ARAWAL - BR56( 22-MAY-2017 ),3,LIGHT GOODS VEHICLE,29,53,44,37,0,3,113,74,59,31,31,49,523
2017,Bihar,ARAWAL - BR56( 22-MAY-2017 ),4,LIGHT MOTOR VEHICLE,1,1,1,3,1,4,4,4,2,0,3,2,26
2017,Bihar,ARAWAL - BR56( 22-MAY-2017 ),5,LIGHT PASSENGER VEHICLE,1,0,2,0,0,0,1,0,0,0,1,0,5
2017,Bihar,ARAWAL - BR56( 22-MAY-2017 ),6,MEDIUM GOODS VEHICLE,0,0,0,0,0,0,0,1,1,5,19,35,61
2017,Bihar,ARAWAL - BR56( 22-MAY-2017 ),7,MEDIUM PASSENGER VEHICLE,0,0,1,0,0,0,0,0,0,0,0,0,1
2017,Bihar,ARAWAL - BR56( 22-MAY-2017 ),8,THREE WHEELER(T),0,4,15,3,0,0,1,0,0,5,6,5,39
2017,Bihar,ARAWAL - BR56( 22-MAY-2017 ),9,TWO WHEELER(NT),9,376,210,316,276,152,330,253,252,68,350,264,"2,856"
2017,Bihar,AURANGABAD - BR26( 13-JUN-2017 ),1,HEAVY GOODS VEHICLE,7,8,19,12,2,10,6,16,6,10,18,12,126
2017,Bihar,AURANGABAD - BR26( 13-JUN-2017 ),2,HEAVY PASSENGER VEHICLE,1,1,0,3,1,0,1,0,0,2,0,3,12
2017,Bihar,AURANGABAD - BR26( 13-JUN-2017 ),3,LIGHT GOODS VEHICLE,238,300,265,339,54,96,153,65,77,83,171,275,"2,116"
2017,Bihar,AURANGABAD - BR26( 13-JUN-2017 ),4,LIGHT MOTOR VEHICLE,63,77,38,93,89,28,67,41,57,77,63,79,772
2017,Bihar,AURANGABAD - BR26( 13-JUN-2017 ),5,LIGHT PASSENGER VEHICLE,5,7,6,13,14,7,6,3,11,15,6,15,108
2017,Bihar,AURANGABAD - BR26( 13-JUN-2017 ),6,MEDIUM GOODS VEHICLE,4,12,5,2,5,3,9,1,5,6,5,6,63
2017,Bihar,AURANGABAD - BR26( 13-JUN-2017 ),7,MEDIUM PASSENGER VEHICLE,0,1,1,0,0,2,3,1,1,0,3,1,13
2017,Bihar,AURANGABAD - BR26( 13-JUN-2017 ),8,THREE WHEELER(T),76,143,174,150,96,33,99,62,162,151,169,134,"1,449"
2017,Bihar,AURANGABAD - BR26( 13-JUN-2017 ),9,TWO WHEELER(NT),356,66,"1,190","1,752","3,232",574,992,755,814,"1,028","1,726","1,013","13,498"
2017,Bihar,BANKA - BR51( 06-FEB-2018 ),1,HEAVY GOODS VEHICLE,7,8,19,12,2,10,6,16,6,10,18,12,126
2017,Bihar,BANKA - BR51( 06-FEB-2018 ),2,HEAVY PASSENGER VEHICLE,1,1,0,3,1,0,1,0,0,2,0,3,12
2017,Bihar,BANKA - BR51( 06-FEB-2018 ),3,LIGHT GOODS VEHICLE,238,300,265,339,54,96,153,65,77,83,171,275,"2,116"
2017,Bihar,BANKA - BR51( 06-FEB-2018 ),4,LIGHT MOTOR VEHICLE,63,77,38,93,89,28,67,41,57,77,63,79,772
2017,Bihar,BANKA - BR51( 06-FEB-2018 ),5,LIGHT PASSENGER VEHICLE,5,7,6,13,14,7,6,3,11,15,6,15,108
2017,Bihar,BANKA - BR51( 06-FEB-2018 ),6,MEDIUM GOODS VEHICLE,4,12,5,2,5,3,9,1,5,6,5,6,63
2017,Bihar,BANKA - BR51( 06-FEB-2018 ),7,MEDIUM PASSENGER VEHICLE,0,1,1,0,0,2,3,1,1,0,3,1,13
2017,Bihar,BANKA - BR51( 06-FEB-2018 ),8,THREE WHEELER(T),76,143,174,150,96,33,99,62,162,151,169,134,"1,449"
2017,Bihar,BANKA - BR51( 06-FEB-2018 ),9,TWO WHEELER(NT),356,66,"1,190","1,752","3,232",574,992,755,814,"1,028","1,726","1,013","13,498"
2017,Bihar,BEGUSARAI - BR9( 23-JAN-2018 ),1,HEAVY GOODS VEHICLE,27,30,195,47,4,22,122,87,72,31,24,28,689
2017,Bihar,BEGUSARAI - BR9( 23-JAN-2018 ),2,HEAVY MOTOR VEHICLE,0,0,2,0,0,0,0,0,0,0,0,0,2
2017,Bihar,BEGUSARAI - BR9( 23-JAN-2018 ),3,HEAVY PASSENGER VEHICLE,6,15,22,6,2,4,2,1,1,2,1,4,66
2017,Bihar,BEGUSARAI - BR9( 23-JAN-2018 ),4,LIGHT GOODS VEHICLE,129,135,142,87,15,58,135,76,103,154,278,217,"1,529"
2017,Bihar,BEGUSARAI - BR9( 23-JAN-2018 ),5,LIGHT MOTOR VEHICLE,52,146,122,137,100,131,127,119,105,154,165,132,"1,490"
2017,Bihar,BEGUSARAI - BR9( 23-JAN-2018 ),6,LIGHT PASSENGER VEHICLE,8,19,26,23,16,14,20,15,8,17,25,19,210
2017,Bihar,BEGUSARAI - BR9( 23-JAN-2018 ),7,MEDIUM GOODS VEHICLE,8,21,13,5,1,9,13,5,1,5,5,11,97
2017,Bihar,BEGUSARAI - BR9( 23-JAN-2018 ),8,MEDIUM MOTOR VEHICLE,0,0,0,1,0,0,0,1,2,0,1,0,5
2017,Bihar,BEGUSARAI - BR9( 23-JAN-2018 ),9,MEDIUM PASSENGER VEHICLE,0,1,3,4,0,0,1,1,1,1,1,0,13
2017,Bihar,BEGUSARAI - BR9( 23-JAN-2018 ),10,OTHER THAN MENTIONED ABOVE,0,0,0,1,0,0,0,0,0,0,0,0,1
2017,Bihar,BEGUSARAI - BR9( 23-JAN-2018 ),11,THREE WHEELER(T),74,51,74,237,54,97,95,123,78,139,103,118,"1,243"
2017,Bihar,BEGUSARAI - BR9( 23-JAN-2018 ),12,TWO WHEELER (INVALID CARRIAGE),0,0,0,0,0,0,10,7,0,0,0,0,17
2017,Bihar,BEGUSARAI - BR9( 23-JAN-2018 ),13,TWO WHEELER(NT),893,"1,406","2,017","1,792","3,878","2,785","2,117","1,243","1,660","3,128","2,069","1,312","24,300"
2017,Bihar,BETTIAH - BR22( 22-SEP-2017 ),1,HEAVY GOODS VEHICLE,1,2,11,1,9,2,0,1,0,0,0,2,29
2017,Bihar,BETTIAH - BR22( 22-SEP-2017 ),2,HEAVY PASSENGER VEHICLE,0,1,0,0,0,0,0,0,0,1,0,0,2
2017,Bihar,BETTIAH - BR22( 22-SEP-2017 ),3,LIGHT GOODS VEHICLE,213,99,331,174,82,16,10,46,0,13,104,338,"1,426"
2017,Bihar,BETTIAH - BR22( 22-SEP-2017 ),4,LIGHT MOTOR VEHICLE,49,65,90,52,101,67,45,47,0,33,113,74,736
2017,Bihar,BETTIAH - BR22( 22-SEP-2017 ),5,LIGHT PASSENGER VEHICLE,2,2,4,3,0,1,3,2,1,1,0,1,20
2017,Bihar,BETTIAH - BR22( 22-SEP-2017 ),6,MEDIUM GOODS VEHICLE,0,0,8,2,0,3,2,0,0,0,0,0,15
2017,Bihar,BETTIAH - BR22( 22-SEP-2017 ),7,MEDIUM PASSENGER VEHICLE,0,0,2,2,1,0,0,0,0,0,0,0,5
2017,Bihar,BETTIAH - BR22( 22-SEP-2017 ),8,THREE WHEELER(T),70,49,39,78,63,48,56,26,0,7,42,120,598
2017,Bihar,BETTIAH - BR22( 22-SEP-2017 ),9,TWO WHEELER (INVALID CARRIAGE),1,0,0,0,0,0,0,0,0,0,0,0,1
2017,Bihar,BETTIAH - BR22( 22-SEP-2017 ),10,TWO WHEELER(NT),"1,944","2,737","4,089","2,956",869,"2,001","2,014","1,527",22,3,"3,593","1,076","22,831"
2017,Bihar,BHABHUA - BR45( 23-JAN-2018 ),1,HEAVY GOODS VEHICLE,2,4,6,24,6,57,7,10,483,256,190,306,"1,351"
2017,Bihar,BHABHUA - BR45( 23-JAN-2018 ),2,HEAVY PASSENGER VEHICLE,2,3,1,10,1,1,5,0,0,0,1,0,24
2017,Bihar,BHABHUA - BR45( 23-JAN-2018 ),3,LIGHT GOODS VEHICLE,51,165,195,140,28,11,2,13,490,163,29,320,"1,607"
2017,Bihar,BHABHUA - BR45( 23-JAN-2018 ),4,LIGHT MOTOR VEHICLE,16,15,32,26,22,15,43,15,44,51,19,44,342
2017,Bihar,BHABHUA - BR45( 23-JAN-2018 ),5,LIGHT PASSENGER VEHICLE,5,6,6,35,0,9,3,8,6,10,11,5,104
2017,Bihar,BHABHUA - BR45( 23-JAN-2018 ),6,MEDIUM GOODS VEHICLE,2,2,2,2,0,2,5,2,1,1,1,4,24
2017,Bihar,BHABHUA - BR45( 23-JAN-2018 ),7,MEDIUM PASSENGER VEHICLE,1,2,0,7,0,1,0,0,0,2,2,2,17
2017,Bihar,BHABHUA - BR45( 23-JAN-2018 ),8,THREE WHEELER(T),21,26,31,41,14,21,15,26,21,47,26,67,356
2017,Bihar,BHABHUA - BR45( 23-JAN-2018 ),9,TWO WHEELER(NT),393,369,801,753,377,220,"2,007","1,490",527,754,"1,055","1,015","9,761"
2017,Bihar,BHAGALPUR - BR10( 07-FEB-2018 ),1,FOUR WHEELER (INVALID CARRIAGE),0,0,1,0,0,0,0,0,0,0,0,0,1
2017,Bihar,BHAGALPUR - BR10( 07-FEB-2018 ),2,HEAVY GOODS VEHICLE,17,13,40,16,5,12,20,19,26,29,66,91,354
2017,Bihar,BHAGALPUR - BR10( 07-FEB-2018 ),3,HEAVY PASSENGER VEHICLE,0,3,1,1,4,1,1,1,3,0,1,0,16
2017,Bihar,BHAGALPUR - BR10( 07-FEB-2018 ),4,LIGHT GOODS VEHICLE,100,112,127,92,46,46,59,45,102,68,121,118,"1,036"
2017,Bihar,BHAGALPUR - BR10( 07-FEB-2018 ),5,LIGHT MOTOR VEHICLE,81,152,132,130,187,170,140,136,116,190,293,211,"1,938"
2017,Bihar,BHAGALPUR - BR10( 07-FEB-2018 ),6,LIGHT PASSENGER VEHICLE,12,11,27,27,8,11,5,8,32,12,37,22,212
2017,Bihar,BHAGALPUR - BR10( 07-FEB-2018 ),7,MEDIUM GOODS VEHICLE,2,1,1,1,0,1,0,2,1,1,4,0,14
2017,Bihar,BHAGALPUR - BR10( 07-FEB-2018 ),8,MEDIUM PASSENGER VEHICLE,0,1,0,1,0,1,0,0,0,1,1,1,6
2017,Bihar,BHAGALPUR - BR10( 07-FEB-2018 ),9,OTHER THAN MENTIONED ABOVE,0,2,0,0,0,0,0,0,0,0,0,0,2
2017,Bihar,BHAGALPUR - BR10( 07-FEB-2018 ),10,THREE WHEELER(T),81,78,112,110,102,126,139,191,253,186,179,155,"1,712"
2017,Bihar,BHAGALPUR - BR10( 07-FEB-2018 ),11,TWO WHEELER(NT),759,"1,120","1,104","1,171","1,980","2,275","1,482","1,870","1,331","2,171","2,489","1,127","18,879"
2017,Bihar,BHOJPUR - BR3( 15-FEB-2018 ),1,HEAVY GOODS VEHICLE,8,20,19,14,1,10,4,9,14,7,14,7,127
2017,Bihar,BHOJPUR - BR3( 15-FEB-2018 ),2,HEAVY PASSENGER VEHICLE,1,1,2,21,0,0,0,4,2,0,0,1,32
2017,Bihar,BHOJPUR - BR3( 15-FEB-2018 ),3,LIGHT GOODS VEHICLE,111,304,213,117,20,52,448,292,191,148,330,240,"2,466"
2017,Bihar,BHOJPUR - BR3( 15-FEB-2018 ),4,LIGHT MOTOR VEHICLE,74,65,92,61,61,55,100,50,77,47,120,116,918
2017,Bihar,BHOJPUR - BR3( 15-FEB-2018 ),5,LIGHT PASSENGER VEHICLE,9,18,17,43,13,8,10,12,18,10,22,9,189
2017,Bihar,BHOJPUR - BR3( 15-FEB-2018 ),6,MEDIUM GOODS VEHICLE,0,1,1,0,1,2,1,1,1,0,1,0,9
2017,Bihar,BHOJPUR - BR3( 15-FEB-2018 ),7,MEDIUM MOTOR VEHICLE,1,0,0,0,0,0,0,0,0,0,0,0,1
2017,Bihar,BHOJPUR - BR3( 15-FEB-2018 ),8,MEDIUM PASSENGER VEHICLE,5,4,3,2,1,2,0,0,1,0,4,5,27
2017,Bihar,BHOJPUR - BR3( 15-FEB-2018 ),9,THREE WHEELER(T),69,62,98,303,43,40,75,93,101,89,93,95,"1,161"
2017,Bihar,BHOJPUR - BR3( 15-FEB-2018 ),10,TWO WHEELER(NT),941,"1,004","1,533","1,444","1,221","3,898","2,773",875,"1,549",517,"3,789","3,208","22,752"
2017,Bihar,BUXUR - BR44( 01-FEB-2018 ),1,HEAVY GOODS VEHICLE,4,7,6,4,0,1,3,2,14,18,33,7,99
2017,Bihar,BUXUR - BR44( 01-FEB-2018 ),2,HEAVY MOTOR VEHICLE,0,0,0,0,0,0,0,0,0,0,1,0,1
2017,Bihar,BUXUR - BR44( 01-FEB-2018 ),3,HEAVY PASSENGER VEHICLE,0,2,1,1,0,1,0,0,2,0,0,0,7
2017,Bihar,BUXUR - BR44( 01-FEB-2018 ),4,LIGHT GOODS VEHICLE,83,140,131,64,57,9,2,2,4,94,204,109,899
2017,Bihar,BUXUR - BR44( 01-FEB-2018 ),5,LIGHT MOTOR VEHICLE,17,36,45,39,44,23,22,10,20,30,38,77,401
2017,Bihar,BUXUR - BR44( 01-FEB-2018 ),6,LIGHT PASSENGER VEHICLE,0,0,7,10,3,17,0,1,3,3,7,7,58
2017,Bihar,BUXUR - BR44( 01-FEB-2018 ),7,MEDIUM GOODS VEHICLE,0,0,2,0,0,2,2,0,1,2,0,1,10
2017,Bihar,BUXUR - BR44( 01-FEB-2018 ),8,MEDIUM PASSENGER VEHICLE,0,3,0,4,0,0,1,1,3,1,0,0,13
2017,Bihar,BUXUR - BR44( 01-FEB-2018 ),9,THREE WHEELER(T),20,25,21,132,13,24,23,1,61,7,63,53,443
2017,Bihar,BUXUR - BR44( 01-FEB-2018 ),10,TWO WHEELER(NT),574,657,716,420,839,"1,058",157,773,785,"1,382",131,932,"8,424"
2017,Bihar,CHAPARA - BR4( 29-JAN-2018 ),1,HEAVY GOODS VEHICLE,17,26,32,41,4,41,36,9,9,12,20,34,281
2017,Bihar,CHAPARA - BR4( 29-JAN-2018 ),2,HEAVY PASSENGER VEHICLE,1,1,2,5,0,1,0,0,0,0,1,3,14
2017,Bihar,CHAPARA - BR4( 29-JAN-2018 ),3,LIGHT GOODS VEHICLE,98,77,81,103,49,91,186,97,94,99,149,187,"1,311"
2017,Bihar,CHAPARA - BR4( 29-JAN-2018 ),4,LIGHT MOTOR VEHICLE,102,74,52,117,90,84,87,70,75,68,126,79,"1,024"
2017,Bihar,CHAPARA - BR4( 29-JAN-2018 ),5,LIGHT PASSENGER VEHICLE,10,15,18,13,7,7,8,12,15,14,22,13,154
2017,Bihar,CHAPARA - BR4( 29-JAN-2018 ),6,MEDIUM GOODS VEHICLE,3,3,1,0,1,0,1,2,2,2,2,2,19
2017,Bihar,CHAPARA - BR4( 29-JAN-2018 ),7,MEDIUM PASSENGER VEHICLE,1,0,0,1,0,1,1,1,0,1,3,0,9
2017,Bihar,CHAPARA - BR4( 29-JAN-2018 ),8,THREE WHEELER(T),29,65,54,102,5,21,4,8,32,38,69,44,471
2017,Bihar,CHAPARA - BR4( 29-JAN-2018 ),9,TWO WHEELER(NT),"1,159",391,"1,086","2,515","4,460","3,878","1,764","1,138","1,214","3,372","3,053","1,443","25,473"
2017,Bihar,DARBHANGA - BR7( 30-JAN-2018 ),1,HEAVY GOODS VEHICLE,2,5,3,8,0,0,0,3,2,7,4,12,46
2017,Bihar,DARBHANGA - BR7( 30-JAN-2018 ),2,HEAVY MOTOR VEHICLE,0,0,0,0,0,0,0,0,0,0,0,1,1
2017,Bihar,DARBHANGA - BR7( 30-JAN-2018 ),3,HEAVY PASSENGER VEHICLE,0,0,1,3,1,0,0,0,0,1,0,1,7
2017,Bihar,DARBHANGA - BR7( 30-JAN-2018 ),4,LIGHT GOODS VEHICLE,166,172,213,151,38,80,73,115,191,154,117,245,"1,715"
2017,Bihar,DARBHANGA - BR7( 30-JAN-2018 ),5,LIGHT MOTOR VEHICLE,140,210,163,157,65,92,115,241,136,100,171,224,"1,814"
2017,Bihar,DARBHANGA - BR7( 30-JAN-2018 ),6,LIGHT PASSENGER VEHICLE,24,37,44,50,24,19,25,30,24,45,25,29,376
2017,Bihar,DARBHANGA - BR7( 30-JAN-2018 ),7,MEDIUM GOODS VEHICLE,2,3,2,3,0,2,0,1,1,0,0,2,16
2017,Bihar,DARBHANGA - BR7( 30-JAN-2018 ),8,MEDIUM PASSENGER VEHICLE,1,1,0,3,0,0,4,0,0,0,0,0,9
2017,Bihar,DARBHANGA - BR7( 30-JAN-2018 ),9,THREE WHEELER(T),146,123,174,238,107,146,178,266,217,207,241,153,"2,196"
2017,Bihar,DARBHANGA - BR7( 30-JAN-2018 ),10,TWO WHEELER(NT),"1,876","2,071","3,521","3,730",821,"1,522","3,260","2,661","2,128","1,596","1,285","1,847","26,318"
2017,Bihar,GAYA - BR2( 06-SEP-2017 ),1,HEAVY GOODS VEHICLE,67,51,100,81,41,274,333,269,17,39,69,49,"1,390"
2017,Bihar,GAYA - BR2( 06-SEP-2017 ),2,HEAVY PASSENGER VEHICLE,1,16,9,32,6,6,9,9,0,8,9,7,112
2017,Bihar,GAYA - BR2( 06-SEP-2017 ),3,LIGHT GOODS VEHICLE,149,190,174,151,75,30,31,36,5,53,70,51,"1,015"
2017,Bihar,GAYA - BR2( 06-SEP-2017 ),4,LIGHT MOTOR VEHICLE,139,81,158,186,249,200,255,141,29,156,601,521,"2,716"
2017,Bihar,GAYA - BR2( 06-SEP-2017 ),5,LIGHT PASSENGER VEHICLE,15,22,22,37,7,12,19,23,3,16,29,16,221
2017,Bihar,GAYA - BR2( 06-SEP-2017 ),6,MEDIUM GOODS VEHICLE,3,12,11,8,2,8,12,2,0,1,10,6,75
2017,Bihar,GAYA - BR2( 06-SEP-2017 ),7,MEDIUM MOTOR VEHICLE,0,0,0,0,0,3,4,2,0,0,0,0,9
2017,Bihar,GAYA - BR2( 06-SEP-2017 ),8,MEDIUM PASSENGER VEHICLE,2,1,7,11,4,0,8,5,4,4,2,1,49
2017,Bihar,GAYA - BR2( 06-SEP-2017 ),9,THREE WHEELER(T),197,195,218,204,121,144,174,231,54,273,410,276,"2,497"
2017,Bihar,GAYA - BR2( 06-SEP-2017 ),10,TWO WHEELER(NT),"1,826","1,339","2,249","2,238","3,779","7,877","3,845","1,401",115,"1,748","2,938","5,255","34,610"
2017,Bihar,GOPALGANJ - BR28( 08-JUN-2017 ),1,HEAVY GOODS VEHICLE,2,9,18,16,3,3,8,15,11,12,13,11,121
2017,Bihar,GOPALGANJ - BR28( 08-JUN-2017 ),2,HEAVY PASSENGER VEHICLE,0,0,3,0,4,0,3,1,1,3,1,0,16
2017,Bihar,GOPALGANJ - BR28( 08-JUN-2017 ),3,LIGHT GOODS VEHICLE,16,6,147,142,87,0,45,45,53,67,92,38,738
2017,Bihar,GOPALGANJ - BR28( 08-JUN-2017 ),4,LIGHT MOTOR VEHICLE,28,85,128,40,137,6,126,66,46,65,139,339,"1,205"
2017,Bihar,GOPALGANJ - BR28( 08-JUN-2017 ),5,LIGHT PASSENGER VEHICLE,0,0,17,11,4,0,2,4,9,2,11,10,70
2017,Bihar,GOPALGANJ - BR28( 08-JUN-2017 ),6,MEDIUM GOODS VEHICLE,2,0,5,3,2,0,0,0,2,1,1,2,18
2017,Bihar,GOPALGANJ - BR28( 08-JUN-2017 ),7,MEDIUM PASSENGER VEHICLE,0,0,1,2,0,0,3,0,1,1,2,1,11
2017,Bihar,GOPALGANJ - BR28( 08-JUN-2017 ),8,OTHER THAN MENTIONED ABOVE,1,0,0,0,0,0,0,0,0,0,0,0,1
2017,Bihar,GOPALGANJ - BR28( 08-JUN-2017 ),9,THREE WHEELER(T),0,0,13,31,15,0,8,5,5,10,55,38,180
2017,Bihar,GOPALGANJ - BR28( 08-JUN-2017 ),10,TWO WHEELER(NT),894,"2,097","1,738",856,"2,329",46,"1,328","1,728","1,437","1,321","4,043","1,569","19,386"
2017,Bihar,JAMUI - BR46( 07-JUN-2017 ),1,HEAVY GOODS VEHICLE,1,1,5,1,0,0,0,0,5,0,3,1,17
2017,Bihar,JAMUI - BR46( 07-JUN-2017 ),2,HEAVY PASSENGER VEHICLE,0,0,0,0,1,0,0,0,0,0,0,0,1
2017,Bihar,JAMUI - BR46( 07-JUN-2017 ),3,LIGHT GOODS VEHICLE,85,61,121,26,20,0,21,28,35,14,45,114,570
2017,Bihar,JAMUI - BR46( 07-JUN-2017 ),4,LIGHT MOTOR VEHICLE,3,7,10,9,14,0,35,69,107,28,67,73,422
2017,Bihar,JAMUI - BR46( 07-JUN-2017 ),5,LIGHT PASSENGER VEHICLE,1,0,6,3,0,0,1,2,0,8,0,2,23
2017,Bihar,JAMUI - BR46( 07-JUN-2017 ),6,MEDIUM GOODS VEHICLE,0,1,1,0,1,0,0,0,0,0,2,0,5
2017,Bihar,JAMUI - BR46( 07-JUN-2017 ),7,THREE WHEELER(T),40,56,85,49,35,0,80,40,62,60,76,79,662
2017,Bihar,JAMUI - BR46( 07-JUN-2017 ),8,TWO WHEELER(NT),220,26,478,303,"1,382",816,337,430,565,419,516,"1,935","7,427"
2017,Bihar,JEHANABAD - BR25( 26-MAY-2017 ),1,HEAVY GOODS VEHICLE,27,19,29,30,12,7,18,28,9,22,19,17,237
2017,Bihar,JEHANABAD - BR25( 26-MAY-2017 ),2,HEAVY PASSENGER VEHICLE,3,1,3,12,11,2,0,6,0,0,0,3,41
2017,Bihar,JEHANABAD - BR25( 26-MAY-2017 ),3,LIGHT GOODS VEHICLE,100,158,92,87,2,24,82,82,48,55,60,179,969
2017,Bihar,JEHANABAD - BR25( 26-MAY-2017 ),4,LIGHT MOTOR VEHICLE,4,8,6,6,3,6,13,5,8,11,9,10,89
2017,Bihar,JEHANABAD - BR25( 26-MAY-2017 ),5,LIGHT PASSENGER VEHICLE,1,4,1,3,1,2,0,3,1,4,2,6,28
2017,Bihar,JEHANABAD - BR25( 26-MAY-2017 ),6,MEDIUM GOODS VEHICLE,3,3,1,2,1,1,4,0,0,3,0,1,19
2017,Bihar,JEHANABAD - BR25( 26-MAY-2017 ),7,MEDIUM PASSENGER VEHICLE,0,0,0,2,0,0,0,4,0,0,0,0,6
2017,Bihar,JEHANABAD - BR25( 26-MAY-2017 ),8,THREE WHEELER(T),23,26,33,27,12,23,21,54,25,109,56,67,476
2017,Bihar,JEHANABAD - BR25( 26-MAY-2017 ),9,TWO WHEELER(NT),223,271,574,918,914,112,164,670,371,483,717,988,"6,405"
2017,Bihar,KATIHAR - BR39( 23-JAN-2018 ),1,HEAVY GOODS VEHICLE,9,3,11,12,0,0,3,1,1,0,6,18,64
2017,Bihar,KATIHAR - BR39( 23-JAN-2018 ),2,HEAVY MOTOR VEHICLE,0,0,0,0,0,0,1,0,0,0,0,0,1
2017,Bihar,KATIHAR - BR39( 23-JAN-2018 ),3,HEAVY PASSENGER VEHICLE,0,0,2,0,0,0,1,0,0,0,0,0,3
2017,Bihar,KATIHAR - BR39( 23-JAN-2018 ),4,LIGHT GOODS VEHICLE,88,87,88,61,35,154,313,84,41,142,175,218,"1,486"
2017,Bihar,KATIHAR - BR39( 23-JAN-2018 ),5,LIGHT MOTOR VEHICLE,19,22,31,25,13,27,29,24,20,13,54,21,298
2017,Bihar,KATIHAR - BR39( 23-JAN-2018 ),6,LIGHT PASSENGER VEHICLE,1,1,6,0,0,1,3,0,4,0,1,1,18
2017,Bihar,KATIHAR - BR39( 23-JAN-2018 ),7,MEDIUM GOODS VEHICLE,1,0,1,3,0,1,4,0,0,1,2,6,19
2017,Bihar,KATIHAR - BR39( 23-JAN-2018 ),8,MEDIUM PASSENGER VEHICLE,0,0,0,2,0,0,0,1,2,0,0,1,6
2017,Bihar,KATIHAR - BR39( 23-JAN-2018 ),9,THREE WHEELER(T),7,35,23,15,43,46,66,34,27,48,46,24,414
2017,Bihar,KATIHAR - BR39( 23-JAN-2018 ),10,TWO WHEELER(NT),764,983,"1,241","1,837","4,524","3,191","3,154","1,713","1,752","2,611","2,243","1,799","25,812"
2017,Bihar,KHAGARIA - BR34( 01-FEB-2018 ),1,HEAVY GOODS VEHICLE,0,3,9,1,15,88,217,163,51,235,89,0,871
2017,Bihar,KHAGARIA - BR34( 01-FEB-2018 ),2,HEAVY PASSENGER VEHICLE,0,0,0,0,1,0,0,0,1,0,0,0,2
2017,Bihar,KHAGARIA - BR34( 01-FEB-2018 ),3,LIGHT GOODS VEHICLE,120,101,121,122,59,13,22,18,10,27,140,117,870
2017,Bihar,KHAGARIA - BR34( 01-FEB-2018 ),4,LIGHT MOTOR VEHICLE,6,8,3,7,6,18,25,26,10,39,17,16,181
2017,Bihar,KHAGARIA - BR34( 01-FEB-2018 ),5,LIGHT PASSENGER VEHICLE,3,2,7,0,0,0,0,1,3,2,6,0,24
2017,Bihar,KHAGARIA - BR34( 01-FEB-2018 ),6,MEDIUM GOODS VEHICLE,0,0,2,0,0,0,0,0,0,0,0,2,4
2017,Bihar,KHAGARIA - BR34( 01-FEB-2018 ),7,MEDIUM PASSENGER VEHICLE,0,0,1,0,0,0,0,0,0,0,0,0,1
2017,Bihar,KHAGARIA - BR34( 01-FEB-2018 ),8,THREE WHEELER(T),19,40,73,20,11,26,21,29,44,42,53,20,398
2017,Bihar,KHAGARIA - BR34( 01-FEB-2018 ),9,TWO WHEELER(NT),418,21,188,457,"1,995","2,178",936,566,644,"1,167",805,516,"9,891"
2017,Bihar,KISHANGANJ - BR37( 07-FEB-2018 ),1,HEAVY GOODS VEHICLE,0,2,0,2,9,47,148,47,41,26,101,16,439
2017,Bihar,KISHANGANJ - BR37( 07-FEB-2018 ),2,HEAVY PASSENGER VEHICLE,2,0,1,1,0,2,2,0,0,0,0,1,9
2017,Bihar,KISHANGANJ - BR37( 07-FEB-2018 ),3,LIGHT GOODS VEHICLE,49,41,50,25,4,7,16,3,11,4,9,89,308
2017,Bihar,KISHANGANJ - BR37( 07-FEB-2018 ),4,LIGHT MOTOR VEHICLE,16,32,42,68,50,45,71,25,28,12,54,49,492
2017,Bihar,KISHANGANJ - BR37( 07-FEB-2018 ),5,LIGHT PASSENGER VEHICLE,1,3,1,0,0,1,2,1,4,1,3,6,23
2017,Bihar,KISHANGANJ - BR37( 07-FEB-2018 ),6,MEDIUM GOODS VEHICLE,0,0,0,0,0,0,0,0,0,2,1,2,5
2017,Bihar,KISHANGANJ - BR37( 07-FEB-2018 ),7,MEDIUM MOTOR VEHICLE,0,0,0,0,0,0,0,0,0,0,1,2,3
2017,Bihar,KISHANGANJ - BR37( 07-FEB-2018 ),8,MEDIUM PASSENGER VEHICLE,0,0,2,1,0,0,0,0,0,0,0,0,3
2017,Bihar,KISHANGANJ - BR37( 07-FEB-2018 ),9,THREE WHEELER(T),44,39,87,29,35,47,66,36,45,61,89,58,636
2017,Bihar,KISHANGANJ - BR37( 07-FEB-2018 ),10,TWO WHEELER(NT),806,"1,107","1,853","1,511",359,"4,124","3,213","1,453",535,"1,525","1,638","1,226","19,350"
2017,Bihar,LAKHISARAI - BR53( 27-JAN-2017 ),1,HEAVY GOODS VEHICLE,2,5,31,12,8,13,10,5,20,11,19,3,139
2017,Bihar,LAKHISARAI - BR53( 27-JAN-2017 ),2,HEAVY PASSENGER VEHICLE,0,1,1,0,0,0,0,0,0,0,0,0,2
2017,Bihar,LAKHISARAI - BR53( 27-JAN-2017 ),3,LIGHT GOODS VEHICLE,18,7,33,32,19,17,80,36,7,23,83,68,423
2017,Bihar,LAKHISARAI - BR53( 27-JAN-2017 ),4,LIGHT MOTOR VEHICLE,4,2,8,8,12,13,18,14,21,36,47,19,202
2017,Bihar,LAKHISARAI - BR53( 27-JAN-2017 ),5,LIGHT PASSENGER VEHICLE,2,2,11,16,2,1,1,7,1,6,4,7,60
2017,Bihar,LAKHISARAI - BR53( 27-JAN-2017 ),6,MEDIUM GOODS VEHICLE,1,0,2,0,0,0,1,0,0,1,0,0,5
2017,Bihar,LAKHISARAI - BR53( 27-JAN-2017 ),7,MEDIUM PASSENGER VEHICLE,0,0,0,0,2,0,0,0,0,0,1,0,3
2017,Bihar,LAKHISARAI - BR53( 27-JAN-2017 ),8,THREE WHEELER(T),4,0,11,14,2,6,6,10,5,6,12,32,108
2017,Bihar,LAKHISARAI - BR53( 27-JAN-2017 ),9,TWO WHEELER(NT),115,14,75,54,153,582,827,602,255,142,317,602,"3,738"
2017,Bihar,MADHEPURA - BR43( 02-JUN-2017 ),1,HEAVY GOODS VEHICLE,1,1,2,1,0,1,1,0,2,2,0,2,13
2017,Bihar,MADHEPURA - BR43( 02-JUN-2017 ),2,HEAVY PASSENGER VEHICLE,0,0,0,1,3,0,0,1,0,0,0,0,5
2017,Bihar,MADHEPURA - BR43( 02-JUN-2017 ),3,LIGHT GOODS VEHICLE,78,97,84,112,15,0,8,20,30,144,179,262,"1,029"
2017,Bihar,MADHEPURA - BR43( 02-JUN-2017 ),4,LIGHT MOTOR VEHICLE,16,25,27,26,24,9,24,144,91,93,102,56,637
2017,Bihar,MADHEPURA - BR43( 02-JUN-2017 ),5,LIGHT PASSENGER VEHICLE,0,0,1,1,2,1,1,2,2,2,0,1,13
2017,Bihar,MADHEPURA - BR43( 02-JUN-2017 ),6,MEDIUM GOODS VEHICLE,0,0,0,0,0,0,0,0,0,0,1,0,1
2017,Bihar,MADHEPURA - BR43( 02-JUN-2017 ),7,THREE WHEELER(T),62,71,53,88,62,6,30,130,100,106,154,95,957
2017,Bihar,MADHEPURA - BR43( 02-JUN-2017 ),8,TWO WHEELER(NT),768,728,439,404,"2,391",125,246,637,"2,989","2,995","2,132","2,994","16,848"
2017,Bihar,MADHUBANI - BR32( 01-FEB-2018 ),1,HEAVY GOODS VEHICLE,0,0,0,0,0,2,3,0,0,1,2,1,9
2017,Bihar,MADHUBANI - BR32( 01-FEB-2018 ),2,HEAVY MOTOR VEHICLE,0,0,0,0,0,0,0,0,0,0,1,0,1
2017,Bihar,MADHUBANI - BR32( 01-FEB-2018 ),3,HEAVY PASSENGER VEHICLE,0,0,0,2,1,0,0,0,2,0,3,0,8
2017,Bihar,MADHUBANI - BR32( 01-FEB-2018 ),4,LIGHT GOODS VEHICLE,156,130,152,71,112,205,233,74,80,184,291,322,"2,010"
2017,Bihar,MADHUBANI - BR32( 01-FEB-2018 ),5,LIGHT MOTOR VEHICLE,40,34,36,50,30,36,39,46,31,24,68,69,503
2017,Bihar,MADHUBANI - BR32( 01-FEB-2018 ),6,LIGHT PASSENGER VEHICLE,11,17,14,8,12,12,6,11,16,17,10,10,144
2017,Bihar,MADHUBANI - BR32( 01-FEB-2018 ),7,MEDIUM GOODS VEHICLE,0,1,0,0,0,0,2,1,1,0,3,2,10
2017,Bihar,MADHUBANI - BR32( 01-FEB-2018 ),8,MEDIUM PASSENGER VEHICLE,0,0,1,6,0,1,0,0,0,0,2,2,12
2017,Bihar,MADHUBANI - BR32( 01-FEB-2018 ),9,THREE WHEELER(T),44,60,77,54,61,51,61,101,91,110,98,105,913
2017,Bihar,MADHUBANI - BR32( 01-FEB-2018 ),10,TWO WHEELER(NT),"1,073","1,839","2,797","3,256","5,615","2,383","1,896","1,152","1,705","2,364","2,618","2,417","29,115"
2017,Bihar,MOTIHARI - BR5( 05-JUL-2017 ),1,HEAVY GOODS VEHICLE,2,2,8,8,0,2,0,0,0,2,3,4,31
2017,Bihar,MOTIHARI - BR5( 05-JUL-2017 ),2,HEAVY PASSENGER VEHICLE,0,1,1,7,0,0,0,1,1,0,1,1,13
2017,Bihar,MOTIHARI - BR5( 05-JUL-2017 ),3,LIGHT GOODS VEHICLE,156,127,257,149,29,1,8,112,88,130,291,345,"1,693"
2017,Bihar,MOTIHARI - BR5( 05-JUL-2017 ),4,LIGHT MOTOR VEHICLE,73,108,153,108,139,44,68,182,97,63,219,174,"1,428"
2017,Bihar,MOTIHARI - BR5( 05-JUL-2017 ),5,LIGHT PASSENGER VEHICLE,16,26,18,50,12,2,4,24,18,16,22,11,219
2017,Bihar,MOTIHARI - BR5( 05-JUL-2017 ),6,MEDIUM GOODS VEHICLE,2,0,3,3,1,0,2,2,1,3,0,13,30
2017,Bihar,MOTIHARI - BR5( 05-JUL-2017 ),7,MEDIUM PASSENGER VEHICLE,0,0,2,2,0,0,0,2,0,1,0,1,8
2017,Bihar,MOTIHARI - BR5( 05-JUL-2017 ),8,THREE WHEELER(T),43,59,100,132,55,0,8,144,81,144,137,94,997
2017,Bihar,MOTIHARI - BR5( 05-JUL-2017 ),9,TWO WHEELER(NT),"1,330",654,"1,170","1,166","2,882","7,860",141,"2,476","2,074",616,"3,954","1,955","26,278"
2017,Bihar,MUNGER - BR8( 06-FEB-2018 ),1,HEAVY GOODS VEHICLE,0,0,5,0,0,0,3,0,0,0,1,3,12
2017,Bihar,MUNGER - BR8( 06-FEB-2018 ),2,LIGHT GOODS VEHICLE,15,32,32,19,28,20,79,70,31,36,83,70,515
2017,Bihar,MUNGER - BR8( 06-FEB-2018 ),3,LIGHT MOTOR VEHICLE,10,3,10,8,6,10,19,18,20,4,18,6,132
2017,Bihar,MUNGER - BR8( 06-FEB-2018 ),4,LIGHT PASSENGER VEHICLE,0,0,1,8,2,2,3,5,5,9,2,4,41
2017,Bihar,MUNGER - BR8( 06-FEB-2018 ),5,MEDIUM GOODS VEHICLE,0,0,0,0,1,1,0,0,0,0,0,0,2
2017,Bihar,MUNGER - BR8( 06-FEB-2018 ),6,THREE WHEELER(T),10,21,25,40,7,20,22,33,26,21,61,33,319
2017,Bihar,MUNGER - BR8( 06-FEB-2018 ),7,TWO WHEELER(NT),349,86,259,323,714,"1,195","1,172",497,749,481,255,561,"6,641"
2017,Bihar,MUZAFFARPUR - BR6( 01-FEB-2018 ),1,HEAVY GOODS VEHICLE,46,87,119,124,22,41,53,62,66,78,108,105,911
2017,Bihar,MUZAFFARPUR - BR6( 01-FEB-2018 ),2,HEAVY MOTOR VEHICLE,0,0,0,0,0,0,0,0,0,0,0,1,1
2017,Bihar,MUZAFFARPUR - BR6( 01-FEB-2018 ),3,HEAVY PASSENGER VEHICLE,13,13,38,25,14,15,6,8,14,11,7,11,175
2017,Bihar,MUZAFFARPUR - BR6( 01-FEB-2018 ),4,LIGHT GOODS VEHICLE,135,214,333,230,135,210,256,192,214,324,420,305,"2,968"
2017,Bihar,MUZAFFARPUR - BR6( 01-FEB-2018 ),5,LIGHT MOTOR VEHICLE,355,545,559,284,769,471,288,707,375,540,962,573,"6,428"
2017,Bihar,MUZAFFARPUR - BR6( 01-FEB-2018 ),6,LIGHT PASSENGER VEHICLE,21,37,56,42,21,15,32,29,34,33,38,26,384
2017,Bihar,MUZAFFARPUR - BR6( 01-FEB-2018 ),7,MEDIUM GOODS VEHICLE,5,5,4,10,5,6,2,5,1,0,5,13,61
2017,Bihar,MUZAFFARPUR - BR6( 01-FEB-2018 ),8,MEDIUM PASSENGER VEHICLE,6,6,7,16,9,4,5,5,4,4,6,5,77
2017,Bihar,MUZAFFARPUR - BR6( 01-FEB-2018 ),9,OTHER THAN MENTIONED ABOVE,0,0,0,1,0,0,0,0,0,0,0,0,1
2017,Bihar,MUZAFFARPUR - BR6( 01-FEB-2018 ),10,THREE WHEELER(T),159,218,257,184,137,204,191,233,337,329,308,225,"2,782"
2017,Bihar,MUZAFFARPUR - BR6( 01-FEB-2018 ),11,TWO WHEELER(NT),"3,444","3,409","3,114",805,"7,441","7,799","2,995","9,137","5,270","3,851","8,889","5,159","61,313"
2017,Bihar,NALANDA - BR21( 01-FEB-2018 ),1,HEAVY GOODS VEHICLE,14,22,92,11,3,9,10,7,18,23,30,21,260
2017,Bihar,NALANDA - BR21( 01-FEB-2018 ),2,HEAVY PASSENGER VEHICLE,2,2,9,12,7,11,0,3,4,3,0,4,57
2017,Bihar,NALANDA - BR21( 01-FEB-2018 ),3,LIGHT GOODS VEHICLE,154,130,209,177,95,168,263,169,137,176,350,488,"2,516"
2017,Bihar,NALANDA - BR21( 01-FEB-2018 ),4,LIGHT MOTOR VEHICLE,87,41,46,56,41,60,56,54,46,22,89,98,696
2017,Bihar,NALANDA - BR21( 01-FEB-2018 ),5,LIGHT PASSENGER VEHICLE,18,13,31,16,6,8,9,14,16,7,13,12,163
2017,Bihar,NALANDA - BR21( 01-FEB-2018 ),6,MEDIUM GOODS VEHICLE,2,0,7,4,1,7,6,3,1,8,3,4,46
2017,Bihar,NALANDA - BR21( 01-FEB-2018 ),7,MEDIUM PASSENGER VEHICLE,1,2,3,1,0,1,0,0,0,0,0,2,10
2017,Bihar,NALANDA - BR21( 01-FEB-2018 ),8,THREE WHEELER(T),36,76,69,77,38,66,89,94,94,121,111,91,962
2017,Bihar,NALANDA - BR21( 01-FEB-2018 ),9,TWO WHEELER(NT),"1,028",626,"2,662","2,696","2,650","1,747","1,199",996,"1,331","2,674","1,879","1,423","20,911"
2017,Bihar,NAWADA - BR27( 30-JAN-2018 ),1,HEAVY GOODS VEHICLE,11,8,12,35,0,8,12,45,4,20,32,8,195
2017,Bihar,NAWADA - BR27( 30-JAN-2018 ),2,HEAVY PASSENGER VEHICLE,1,2,1,4,7,0,3,2,2,2,4,1,29
2017,Bihar,NAWADA - BR27( 30-JAN-2018 ),3,LIGHT GOODS VEHICLE,79,130,214,98,20,282,486,168,159,261,344,277,"2,518"
2017,Bihar,NAWADA - BR27( 30-JAN-2018 ),4,LIGHT MOTOR VEHICLE,33,26,33,25,42,24,27,21,24,39,33,22,349
2017,Bihar,NAWADA - BR27( 30-JAN-2018 ),5,LIGHT PASSENGER VEHICLE,11,15,8,12,1,3,8,4,4,7,4,8,85
2017,Bihar,NAWADA - BR27( 30-JAN-2018 ),6,MEDIUM GOODS VEHICLE,0,1,6,1,1,4,4,1,0,2,8,3,31
2017,Bihar,NAWADA - BR27( 30-JAN-2018 ),7,MEDIUM PASSENGER VEHICLE,0,0,0,1,0,2,0,1,0,1,0,0,5
2017,Bihar,NAWADA - BR27( 30-JAN-2018 ),8,THREE WHEELER(T),43,26,66,52,26,42,443,121,70,71,69,78,"1,107"
2017,Bihar,NAWADA - BR27( 30-JAN-2018 ),9,TWO WHEELER(NT),326,774,503,"1,129","2,117","1,141","1,842",782,655,"1,102",790,644,"11,805"
2017,Bihar,PATNA - BR1( 02-FEB-2018 ),1,HEAVY GOODS VEHICLE,113,155,687,185,81,87,94,70,88,106,96,128,"1,890"
2017,Bihar,PATNA - BR1( 02-FEB-2018 ),2,HEAVY MOTOR VEHICLE,0,0,1,0,0,0,1,0,0,0,0,0,2
2017,Bihar,PATNA - BR1( 02-FEB-2018 ),3,HEAVY PASSENGER VEHICLE,56,7,110,48,21,9,27,5,7,5,1,10,306
2017,Bihar,PATNA - BR1( 02-FEB-2018 ),4,LIGHT GOODS VEHICLE,507,512,499,591,226,459,544,412,284,399,575,461,"5,469"
2017,Bihar,PATNA - BR1( 02-FEB-2018 ),5,LIGHT MOTOR VEHICLE,"1,094","1,034",491,710,"1,474",775,"1,523","2,012",960,"1,270","1,493","2,143","14,979"
2017,Bihar,PATNA - BR1( 02-FEB-2018 ),6,LIGHT PASSENGER VEHICLE,85,104,95,185,134,83,132,136,116,205,122,83,"1,480"
2017,Bihar,PATNA - BR1( 02-FEB-2018 ),7,MEDIUM GOODS VEHICLE,53,11,31,41,95,57,42,25,31,14,29,62,491
2017,Bihar,PATNA - BR1( 02-FEB-2018 ),8,MEDIUM PASSENGER VEHICLE,4,4,15,31,14,20,29,13,5,6,16,5,162
2017,Bihar,PATNA - BR1( 02-FEB-2018 ),9,OTHER THAN MENTIONED ABOVE,0,0,0,0,0,0,0,0,1,0,1,1,3
2017,Bihar,PATNA - BR1( 02-FEB-2018 ),10,THREE WHEELER(T),229,318,402,443,320,315,380,388,341,327,486,309,"4,258"
2017,Bihar,PATNA - BR1( 02-FEB-2018 ),11,TWO WHEELER (INVALID CARRIAGE),0,1,0,0,0,0,0,0,0,0,0,0,1
2017,Bihar,PATNA - BR1( 02-FEB-2018 ),12,TWO WHEELER(NT),"4,022","2,444",796,346,"1,404","1,480","6,344","6,957","6,788","5,429","10,608","10,438","57,056"
2017,Bihar,PATNA - BR1( 02-FEB-2018 ),13,TWO WHEELER(T),1,0,0,0,0,0,2,1,0,2,1,1,8
2017,Bihar,PURNEA - BR11( 23-JAN-2018 ),1,HEAVY GOODS VEHICLE,12,16,67,41,18,40,403,213,291,250,464,77,"1,892"
2017,Bihar,PURNEA - BR11( 23-JAN-2018 ),2,HEAVY PASSENGER VEHICLE,0,11,5,13,8,6,3,0,3,2,5,3,59
2017,Bihar,PURNEA - BR11( 23-JAN-2018 ),3,LIGHT GOODS VEHICLE,269,178,475,303,133,469,204,126,139,177,193,433,"3,099"
2017,Bihar,PURNEA - BR11( 23-JAN-2018 ),4,LIGHT MOTOR VEHICLE,234,166,434,169,170,235,450,184,298,229,514,243,"3,326"
2017,Bihar,PURNEA - BR11( 23-JAN-2018 ),5,LIGHT PASSENGER VEHICLE,7,15,43,64,13,47,21,19,18,23,27,17,314
2017,Bihar,PURNEA - BR11( 23-JAN-2018 ),6,MEDIUM GOODS VEHICLE,11,21,16,12,24,14,19,3,14,23,15,39,211
2017,Bihar,PURNEA - BR11( 23-JAN-2018 ),7,MEDIUM PASSENGER VEHICLE,3,0,2,4,4,2,2,2,0,0,1,1,21
2017,Bihar,PURNEA - BR11( 23-JAN-2018 ),8,THREE WHEELER(T),151,219,500,303,191,250,415,368,360,447,567,328,"4,099"
2017,Bihar,PURNEA - BR11( 23-JAN-2018 ),9,TWO WHEELER(NT),"1,484",414,"3,302","1,021","1,419","3,597","2,555","2,235","2,802","2,064","2,795","2,690","26,378"
2017,Bihar,ROHTAS - BR24( 09-FEB-2018 ),1,HEAVY GOODS VEHICLE,9,5,12,12,3,24,52,154,143,136,239,271,"1,060"
2017,Bihar,ROHTAS - BR24( 09-FEB-2018 ),2,HEAVY PASSENGER VEHICLE,1,1,11,12,1,0,1,1,8,3,2,3,44
2017,Bihar,ROHTAS - BR24( 09-FEB-2018 ),3,LIGHT GOODS VEHICLE,241,211,262,309,21,10,44,53,127,87,136,231,"1,732"
2017,Bihar,ROHTAS - BR24( 09-FEB-2018 ),4,LIGHT MOTOR VEHICLE,69,74,68,51,52,64,34,102,69,109,87,100,879
2017,Bihar,ROHTAS - BR24( 09-FEB-2018 ),5,LIGHT PASSENGER VEHICLE,7,9,4,10,2,2,3,15,10,12,5,12,91
2017,Bihar,ROHTAS - BR24( 09-FEB-2018 ),6,MEDIUM GOODS VEHICLE,3,1,5,2,8,3,2,10,0,4,6,2,46
2017,Bihar,ROHTAS - BR24( 09-FEB-2018 ),7,MEDIUM MOTOR VEHICLE,0,0,0,0,0,0,0,0,0,0,0,1,1
2017,Bihar,ROHTAS - BR24( 09-FEB-2018 ),8,MEDIUM PASSENGER VEHICLE,1,0,3,5,3,2,2,0,2,1,3,3,25
2017,Bihar,ROHTAS - BR24( 09-FEB-2018 ),9,THREE WHEELER(T),103,64,88,65,44,54,93,50,124,92,154,93,"1,024"
2017,Bihar,ROHTAS - BR24( 09-FEB-2018 ),10,TWO WHEELER(NT),453,814,"1,298",229,663,"1,195",823,"1,834","1,532","1,967","3,270","2,315","16,393"
2017,Bihar,SAHARSA - BR19( 29-JAN-2018 ),1,HEAVY GOODS VEHICLE,0,3,5,7,10,9,107,93,58,72,6,0,370
2017,Bihar,SAHARSA - BR19( 29-JAN-2018 ),2,HEAVY PASSENGER VEHICLE,0,0,1,2,1,3,2,0,1,0,0,1,11
2017,Bihar,SAHARSA - BR19( 29-JAN-2018 ),3,LIGHT GOODS VEHICLE,87,99,66,61,54,49,48,55,18,38,114,183,872
2017,Bihar,SAHARSA - BR19( 29-JAN-2018 ),4,LIGHT MOTOR VEHICLE,20,22,25,14,24,21,50,44,34,19,53,30,356
2017,Bihar,SAHARSA - BR19( 29-JAN-2018 ),5,LIGHT PASSENGER VEHICLE,1,3,2,5,2,2,5,2,4,8,0,8,42
2017,Bihar,SAHARSA - BR19( 29-JAN-2018 ),6,MEDIUM GOODS VEHICLE,1,0,0,0,0,0,0,1,0,0,1,4,7
2017,Bihar,SAHARSA - BR19( 29-JAN-2018 ),7,MEDIUM PASSENGER VEHICLE,0,0,0,1,0,0,0,0,0,0,0,0,1
2017,Bihar,SAHARSA - BR19( 29-JAN-2018 ),8,THREE WHEELER(T),57,58,52,101,118,17,40,59,43,58,99,95,797
2017,Bihar,SAHARSA - BR19( 29-JAN-2018 ),9,TWO WHEELER(NT),518,737,"1,077","1,269","1,280","1,086","1,146",643,876,761,"1,613",935,"11,941"
2017,Bihar,SAMASTIPUR - BR33( 06-JUL-2017 ),1,HEAVY GOODS VEHICLE,3,11,42,9,4,4,2,1,1,0,4,5,86
2017,Bihar,SAMASTIPUR - BR33( 06-JUL-2017 ),2,HEAVY PASSENGER VEHICLE,2,1,1,3,2,0,0,0,1,1,0,0,11
2017,Bihar,SAMASTIPUR - BR33( 06-JUL-2017 ),3,LIGHT GOODS VEHICLE,181,127,109,171,127,100,32,153,87,36,76,273,"1,472"
2017,Bihar,SAMASTIPUR - BR33( 06-JUL-2017 ),4,LIGHT MOTOR VEHICLE,22,30,21,38,7,12,20,19,17,16,29,26,257
2017,Bihar,SAMASTIPUR - BR33( 06-JUL-2017 ),5,LIGHT PASSENGER VEHICLE,3,3,8,6,1,5,0,3,4,0,3,7,43
2017,Bihar,SAMASTIPUR - BR33( 06-JUL-2017 ),6,MEDIUM GOODS VEHICLE,0,2,0,1,0,1,0,0,0,0,0,1,5
2017,Bihar,SAMASTIPUR - BR33( 06-JUL-2017 ),7,MEDIUM PASSENGER VEHICLE,0,0,2,0,0,1,0,1,0,0,1,2,7
2017,Bihar,SAMASTIPUR - BR33( 06-JUL-2017 ),8,THREE WHEELER(T),84,102,57,156,52,82,56,151,120,142,148,97,"1,247"
2017,Bihar,SAMASTIPUR - BR33( 06-JUL-2017 ),9,TWO WHEELER(NT),"1,647","1,298","2,729","2,504","3,104","3,421","2,193","2,762","1,352","2,381","3,296","3,230","29,917"
2017,Bihar,SHEIKHPURA - BR52( 17-JUL-2017 ),1,DIESEL,59,59,76,93,12,36,77,25,56,61,131,86,771
2017,Bihar,SHEIKHPURA - BR52( 17-JUL-2017 ),2,DIESEL/HYBRID,0,0,0,0,0,0,0,2,0,0,3,0,5
2017,Bihar,SHEIKHPURA - BR52( 17-JUL-2017 ),3,ELECTRIC(BOV),0,0,0,0,0,0,0,0,0,1,0,0,1
2017,Bihar,SHEIKHPURA - BR52( 17-JUL-2017 ),4,NOT APPLICABLE,0,0,0,0,0,0,0,0,0,0,0,3,3
2017,Bihar,SHEIKHPURA - BR52( 17-JUL-2017 ),5,PETROL,123,60,151,209,140,532,480,154,191,200,271,241,"2,752"
2017,Bihar,SHEOHAR - BR55( 07-JUN-2017 ),1,DIESEL,11,11,23,13,6,8,4,1,6,1,14,21,119
2017,Bihar,SHEOHAR - BR55( 07-JUN-2017 ),2,DIESEL/HYBRID,0,0,0,0,0,0,3,0,0,0,0,0,3
2017,Bihar,SHEOHAR - BR55( 07-JUN-2017 ),3,NOT APPLICABLE,0,2,1,0,0,0,0,0,0,0,0,0,3
2017,Bihar,SHEOHAR - BR55( 07-JUN-2017 ),4,PETROL,83,26,196,101,282,145,40,127,64,53,325,400,"1,842"
2017,Bihar,SITAMARHI - BR30( 29-JAN-2018 ),1,DIESEL,214,174,244,158,130,204,295,146,234,224,327,304,"2,654"
2017,Bihar,SITAMARHI - BR30( 29-JAN-2018 ),2,DIESEL/HYBRID,0,0,0,0,1,0,1,0,0,0,0,0,2
2017,Bihar,SITAMARHI - BR30( 29-JAN-2018 ),3,NOT APPLICABLE,1,0,0,0,0,0,0,0,0,0,0,0,1
2017,Bihar,SITAMARHI - BR30( 29-JAN-2018 ),4,PETROL,"1,318",592,"1,027",686,"3,599","2,922","2,233","2,484",833,959,"2,036","3,392","22,081"
2017,Bihar,SITAMARHI - BR30( 29-JAN-2018 ),5,PETROL/CNG,2,0,0,0,1,1,0,1,0,1,1,1,8
2017,Bihar,SIWAN - BR29( 29-JAN-2018 ),1,DIESEL,253,324,422,325,207,262,456,230,304,243,481,446,"3,953"
2017,Bihar,SIWAN - BR29( 29-JAN-2018 ),2,ELECTRIC(BOV),0,0,0,0,0,0,0,0,0,0,0,5,5
2017,Bihar,SIWAN - BR29( 29-JAN-2018 ),3,NOT APPLICABLE,0,1,0,0,0,0,0,0,0,0,0,0,1
2017,Bihar,SIWAN - BR29( 29-JAN-2018 ),4,PETROL,"2,136","1,393",241,"1,199","3,673","3,020","1,966","8,313","4,953","2,145","3,026","3,103","35,168"
2017,Bihar,SIWAN - BR29( 29-JAN-2018 ),5,PETROL/CNG,0,0,0,0,1,0,1,1,1,0,0,0,4
2017,Bihar,SIWAN - BR29( 29-JAN-2018 ),6,SOLAR,0,0,0,0,0,1,0,1,3,0,0,0,5
2017,Bihar,SUPAUL - BR50( 29-JAN-2018 ),1,DIESEL,158,77,115,97,73,160,201,99,144,171,330,297,"1,922"
2017,Bihar,SUPAUL - BR50( 29-JAN-2018 ),2,NOT APPLICABLE,74,17,17,33,9,19,34,12,24,26,81,120,466
2017,Bihar,SUPAUL - BR50( 29-JAN-2018 ),3,PETROL,895,"1,143","1,799","1,373","1,948","1,512","1,698",933,"1,337","1,070","2,075","1,287","17,070"
2017,Bihar,SUPAUL - BR50( 29-JAN-2018 ),4,PETROL/CNG,0,0,0,0,0,1,0,0,0,0,0,0,1
2017,Bihar,VAISHALI - BR31( 13-FEB-2018 ),1,CNG ONLY,4,1,0,0,0,0,0,0,0,0,0,0,5
2017,Bihar,VAISHALI - BR31( 13-FEB-2018 ),2,DIESEL,197,211,284,377,155,241,377,207,167,301,407,367,"3,291"
2017,Bihar,VAISHALI - BR31( 13-FEB-2018 ),3,ELECTRIC(BOV),0,1,1,0,0,2,5,8,1,11,28,42,99
2017,Bihar,VAISHALI - BR31( 13-FEB-2018 ),4,NOT APPLICABLE,64,49,60,48,35,65,56,112,15,31,53,57,645
2017,Bihar,VAISHALI - BR31( 13-FEB-2018 ),5,PETROL,"1,889",206,577,123,"1,767","3,314","3,023","3,381","8,671",31,260,"2,495","25,737"
2017,Bihar,VAISHALI - BR31( 13-FEB-2018 ),6,PETROL/CNG,10,0,0,0,0,0,1,2,1,0,0,0,14
2017,Bihar,VAISHALI - BR31( 13-FEB-2018 ),7,SOLAR,0,0,0,0,0,1,0,1,3,0,0,1,6
2016,Bihar,ARARIA - BR38( 30-JAN-2018 ),1,HEAVY GOODS VEHICLE,4,0,3,1,0,7,1,3,0,8,1,1,29
2016,Bihar,ARARIA - BR38( 30-JAN-2018 ),2,HEAVY PASSENGER VEHICLE,0,0,7,0,0,2,4,1,0,0,1,1,16
2016,Bihar,ARARIA - BR38( 30-JAN-2018 ),3,LIGHT GOODS VEHICLE,140,115,120,126,99,159,179,107,99,181,273,137,"1,735"
2016,Bihar,ARARIA - BR38( 30-JAN-2018 ),4,LIGHT MOTOR VEHICLE,79,39,33,36,40,42,24,48,38,37,63,60,539
2016,Bihar,ARARIA - BR38( 30-JAN-2018 ),5,LIGHT PASSENGER VEHICLE,3,2,0,0,1,1,2,3,2,3,1,1,19
2016,Bihar,ARARIA - BR38( 30-JAN-2018 ),6,MEDIUM GOODS VEHICLE,0,0,0,0,1,1,1,0,0,0,0,0,3
2016,Bihar,ARARIA - BR38( 30-JAN-2018 ),7,MEDIUM PASSENGER VEHICLE,4,0,0,0,0,2,0,0,0,2,0,0,8
2016,Bihar,ARARIA - BR38( 30-JAN-2018 ),8,THREE WHEELER(T),76,35,50,18,41,56,74,68,76,107,103,50,754
2016,Bihar,ARARIA - BR38( 30-JAN-2018 ),9,TWO WHEELER(NT),"1,161","1,085","1,303","1,423","1,755","2,089","1,054","1,168","1,245",936,"1,120","1,219","15,558"
2016,Bihar,ARAWAL - BR56( 22-MAY-2017 ),1,HEAVY GOODS VEHICLE,0,2,0,4,2,7,1,0,1,0,1,0,18
2016,Bihar,ARAWAL - BR56( 22-MAY-2017 ),2,HEAVY PASSENGER VEHICLE,0,1,0,0,0,0,0,0,0,1,0,0,2
2016,Bihar,ARAWAL - BR56( 22-MAY-2017 ),3,LIGHT GOODS VEHICLE,61,64,56,28,33,67,63,83,41,36,49,149,730
2016,Bihar,ARAWAL - BR56( 22-MAY-2017 ),4,LIGHT MOTOR VEHICLE,2,3,3,8,7,5,3,0,2,2,1,4,40
2016,Bihar,ARAWAL - BR56( 22-MAY-2017 ),5,LIGHT PASSENGER VEHICLE,0,0,1,5,2,2,1,2,0,0,0,4,17
2016,Bihar,ARAWAL - BR56( 22-MAY-2017 ),6,MEDIUM GOODS VEHICLE,0,1,2,0,1,2,1,4,0,0,0,0,11
2016,Bihar,ARAWAL - BR56( 22-MAY-2017 ),7,MEDIUM PASSENGER VEHICLE,0,1,1,0,1,0,0,0,0,0,0,0,3
2016,Bihar,ARAWAL - BR56( 22-MAY-2017 ),8,THREE WHEELER(T),7,4,8,17,3,12,4,6,9,14,5,8,97
2016,Bihar,ARAWAL - BR56( 22-MAY-2017 ),9,TWO WHEELER(NT),92,78,48,283,323,260,232,128,203,143,83,411,"2,284"
2016,Bihar,AURANGABAD - BR26( 13-JUN-2017 ),1,HEAVY GOODS VEHICLE,9,9,10,7,18,11,8,2,10,5,13,6,108
2016,Bihar,AURANGABAD - BR26( 13-JUN-2017 ),2,HEAVY PASSENGER VEHICLE,1,2,1,0,4,3,5,9,2,2,2,0,31
2016,Bihar,AURANGABAD - BR26( 13-JUN-2017 ),3,LIGHT GOODS VEHICLE,140,221,249,222,136,133,161,147,129,166,154,238,"2,096"
2016,Bihar,AURANGABAD - BR26( 13-JUN-2017 ),4,LIGHT MOTOR VEHICLE,39,65,97,43,86,41,64,34,33,74,41,78,695
2016,Bihar,AURANGABAD - BR26( 13-JUN-2017 ),5,LIGHT PASSENGER VEHICLE,6,16,19,8,9,5,5,9,10,10,9,12,118
2016,Bihar,AURANGABAD - BR26( 13-JUN-2017 ),6,MEDIUM GOODS VEHICLE,1,0,2,1,2,1,0,1,1,2,6,4,21
2016,Bihar,AURANGABAD - BR26( 13-JUN-2017 ),7,MEDIUM PASSENGER VEHICLE,0,0,0,0,1,1,0,6,0,0,1,1,10
2016,Bihar,AURANGABAD - BR26( 13-JUN-2017 ),8,OTHER THAN MENTIONED ABOVE,0,0,0,0,0,0,1,0,0,0,0,1,2
2016,Bihar,AURANGABAD - BR26( 13-JUN-2017 ),9,THREE WHEELER(T),66,112,120,105,111,97,118,117,103,189,130,102,"1,370"
2016,Bihar,AURANGABAD - BR26( 13-JUN-2017 ),10,TWO WHEELER(NT),662,780,841,"1,507",921,695,532,741,684,880,"1,366",826,"10,435"
2016,Bihar,BANKA - BR51( 06-FEB-2018 ),1,HEAVY GOODS VEHICLE,5,8,6,7,7,15,11,2,5,2,2,1,71
2016,Bihar,BANKA - BR51( 06-FEB-2018 ),2,HEAVY PASSENGER VEHICLE,0,0,6,0,2,1,3,1,5,0,0,0,18
2016,Bihar,BANKA - BR51( 06-FEB-2018 ),3,LIGHT GOODS VEHICLE,14,112,66,46,102,151,202,165,168,116,73,119,"1,334"
2016,Bihar,BANKA - BR51( 06-FEB-2018 ),4,LIGHT MOTOR VEHICLE,5,8,4,8,9,9,7,5,3,5,7,6,76
2016,Bihar,BANKA - BR51( 06-FEB-2018 ),5,LIGHT PASSENGER VEHICLE,0,1,1,4,2,0,0,0,1,0,0,2,11
2016,Bihar,BANKA - BR51( 06-FEB-2018 ),6,MEDIUM GOODS VEHICLE,0,0,0,0,0,0,1,0,2,3,0,1,7
2016,Bihar,BANKA - BR51( 06-FEB-2018 ),7,MEDIUM PASSENGER VEHICLE,0,0,0,0,0,0,0,0,1,0,0,0,1
2016,Bihar,BANKA - BR51( 06-FEB-2018 ),8,THREE WHEELER(T),3,5,4,7,9,4,10,15,11,22,14,14,118
2016,Bihar,BANKA - BR51( 06-FEB-2018 ),9,TWO WHEELER (INVALID CARRIAGE),0,0,0,0,0,0,0,0,0,0,0,1,1
2016,Bihar,BANKA - BR51( 06-FEB-2018 ),10,TWO WHEELER(NT),313,320,378,953,571,490,625,78,336,311,243,443,"5,061"
2016,Bihar,BEGUSARAI - BR9( 23-JAN-2018 ),1,HEAVY GOODS VEHICLE,23,28,32,28,10,26,14,11,22,22,15,21,252
2016,Bihar,BEGUSARAI - BR9( 23-JAN-2018 ),2,HEAVY PASSENGER VEHICLE,1,2,3,5,3,4,1,1,0,4,0,0,24
2016,Bihar,BEGUSARAI - BR9( 23-JAN-2018 ),3,LIGHT GOODS VEHICLE,117,125,138,127,117,118,151,131,149,152,116,219,"1,660"
2016,Bihar,BEGUSARAI - BR9( 23-JAN-2018 ),4,LIGHT MOTOR VEHICLE,98,87,116,89,77,86,121,86,82,80,121,160,"1,203"
2016,Bihar,BEGUSARAI - BR9( 23-JAN-2018 ),5,LIGHT PASSENGER VEHICLE,18,21,18,12,13,17,15,5,17,12,10,24,182
2016,Bihar,BEGUSARAI - BR9( 23-JAN-2018 ),6,MEDIUM GOODS VEHICLE,8,5,7,6,6,3,23,11,1,2,4,15,91
2016,Bihar,BEGUSARAI - BR9( 23-JAN-2018 ),7,MEDIUM MOTOR VEHICLE,0,0,0,0,0,0,0,1,0,0,0,0,1
2016,Bihar,BEGUSARAI - BR9( 23-JAN-2018 ),8,MEDIUM PASSENGER VEHICLE,0,0,0,1,1,0,1,0,0,0,0,0,3
2016,Bihar,BEGUSARAI - BR9( 23-JAN-2018 ),9,THREE WHEELER(T),84,102,97,55,80,80,115,79,137,75,88,88,"1,080"
2016,Bihar,BEGUSARAI - BR9( 23-JAN-2018 ),10,TWO WHEELER(NT),968,"1,307","1,916","1,858","2,084","2,016","1,790","1,271","1,208","1,276","1,895","1,355","18,944"
2016,Bihar,BETTIAH - BR22( 22-SEP-2017 ),1,HEAVY GOODS VEHICLE,2,2,4,1,1,1,2,3,2,0,3,2,23
2016,Bihar,BETTIAH - BR22( 22-SEP-2017 ),2,HEAVY PASSENGER VEHICLE,0,0,3,1,0,1,0,2,1,0,1,1,10
2016,Bihar,BETTIAH - BR22( 22-SEP-2017 ),3,LIGHT GOODS VEHICLE,202,192,389,154,20,177,74,133,107,149,173,284,"2,054"
2016,Bihar,BETTIAH - BR22( 22-SEP-2017 ),4,LIGHT MOTOR VEHICLE,52,80,69,32,28,49,28,46,45,24,51,62,566
2016,Bihar,BETTIAH - BR22( 22-SEP-2017 ),5,LIGHT PASSENGER VEHICLE,3,7,11,13,5,5,1,2,2,0,1,0,50
2016,Bihar,BETTIAH - BR22( 22-SEP-2017 ),6,MEDIUM GOODS VEHICLE,2,0,0,1,0,1,0,0,0,2,1,1,8
2016,Bihar,BETTIAH - BR22( 22-SEP-2017 ),7,MEDIUM PASSENGER VEHICLE,1,0,1,5,0,1,0,0,0,0,1,0,9
2016,Bihar,BETTIAH - BR22( 22-SEP-2017 ),8,THREE WHEELER(T),63,74,82,49,14,98,62,81,112,72,42,62,811
2016,Bihar,BETTIAH - BR22( 22-SEP-2017 ),9,TWO WHEELER(NT),"2,252","2,784","3,477","3,266","1,828","2,638","1,286","1,921","1,935","2,124","3,138","1,361","28,010"
2016,Bihar,BHABHUA - BR45( 23-JAN-2018 ),1,HEAVY GOODS VEHICLE,1,4,5,3,1,2,1,2,2,1,1,1,24
2016,Bihar,BHABHUA - BR45( 23-JAN-2018 ),2,HEAVY PASSENGER VEHICLE,2,1,0,6,4,3,1,1,2,2,2,2,26
2016,Bihar,BHABHUA - BR45( 23-JAN-2018 ),3,LIGHT GOODS VEHICLE,77,199,123,120,75,146,174,186,84,112,192,152,"1,640"
2016,Bihar,BHABHUA - BR45( 23-JAN-2018 ),4,LIGHT MOTOR VEHICLE,19,24,11,21,29,25,16,19,8,8,24,32,236
2016,Bihar,BHABHUA - BR45( 23-JAN-2018 ),5,LIGHT PASSENGER VEHICLE,0,5,7,8,5,6,0,4,1,2,1,1,40
2016,Bihar,BHABHUA - BR45( 23-JAN-2018 ),6,MEDIUM GOODS VEHICLE,1,1,0,0,0,2,3,1,0,1,1,0,10
2016,Bihar,BHABHUA - BR45( 23-JAN-2018 ),7,MEDIUM PASSENGER VEHICLE,1,1,0,2,1,2,1,1,0,2,1,0,12
2016,Bihar,BHABHUA - BR45( 23-JAN-2018 ),8,THREE WHEELER(T),14,13,16,2,18,15,27,13,21,30,55,17,241
2016,Bihar,BHABHUA - BR45( 23-JAN-2018 ),9,TWO WHEELER(NT),920,509,248,413,409,861,"1,151","1,081",711,54,904,"1,173","8,434"
2016,Bihar,BHAGALPUR - BR10( 07-FEB-2018 ),1,HEAVY GOODS VEHICLE,23,36,38,44,34,31,29,25,17,19,15,21,332
2016,Bihar,BHAGALPUR - BR10( 07-FEB-2018 ),2,HEAVY PASSENGER VEHICLE,1,1,3,1,3,3,1,1,2,2,0,2,20
2016,Bihar,BHAGALPUR - BR10( 07-FEB-2018 ),3,LIGHT GOODS VEHICLE,123,113,110,192,140,168,198,154,103,129,139,129,"1,698"
2016,Bihar,BHAGALPUR - BR10( 07-FEB-2018 ),4,LIGHT MOTOR VEHICLE,64,157,111,83,112,96,82,106,87,108,158,173,"1,337"
2016,Bihar,BHAGALPUR - BR10( 07-FEB-2018 ),5,LIGHT PASSENGER VEHICLE,22,27,12,18,13,20,8,10,10,5,7,10,162
2016,Bihar,BHAGALPUR - BR10( 07-FEB-2018 ),6,MEDIUM GOODS VEHICLE,0,2,1,1,0,2,1,0,0,1,1,1,10
2016,Bihar,BHAGALPUR - BR10( 07-FEB-2018 ),7,MEDIUM PASSENGER VEHICLE,0,0,0,0,0,0,2,0,0,0,1,0,3
2016,Bihar,BHAGALPUR - BR10( 07-FEB-2018 ),8,OTHER THAN MENTIONED ABOVE,0,0,0,1,0,0,0,0,0,0,0,0,1
2016,Bihar,BHAGALPUR - BR10( 07-FEB-2018 ),9,THREE WHEELER(T),166,141,116,123,153,174,144,176,168,178,134,82,"1,755"
2016,Bihar,BHAGALPUR - BR10( 07-FEB-2018 ),10,TWO WHEELER(NT),602,"1,531","1,460","1,560","1,553","1,565","1,499","1,173","1,072","1,367","1,906","1,236","16,524"
2016,Bihar,BHOJPUR - BR3( 15-FEB-2018 ),1,HEAVY GOODS VEHICLE,7,10,7,10,11,8,7,4,11,8,11,10,104
2016,Bihar,BHOJPUR - BR3( 15-FEB-2018 ),2,HEAVY PASSENGER VEHICLE,1,4,3,2,1,1,0,1,2,1,0,0,16
2016,Bihar,BHOJPUR - BR3( 15-FEB-2018 ),3,LIGHT GOODS VEHICLE,188,187,155,133,170,181,301,193,148,137,159,213,"2,165"
2016,Bihar,BHOJPUR - BR3( 15-FEB-2018 ),4,LIGHT MOTOR VEHICLE,83,93,63,94,62,46,55,57,39,42,80,90,804
2016,Bihar,BHOJPUR - BR3( 15-FEB-2018 ),5,LIGHT PASSENGER VEHICLE,12,23,5,24,11,13,9,8,10,8,13,6,142
2016,Bihar,BHOJPUR - BR3( 15-FEB-2018 ),6,MEDIUM GOODS VEHICLE,0,0,0,0,1,0,0,0,0,2,0,1,4
2016,Bihar,BHOJPUR - BR3( 15-FEB-2018 ),7,MEDIUM PASSENGER VEHICLE,1,9,1,5,4,4,2,1,1,3,9,2,42
2016,Bihar,BHOJPUR - BR3( 15-FEB-2018 ),8,THREE WHEELER(T),74,92,42,76,87,72,48,79,112,104,79,80,945
2016,Bihar,BHOJPUR - BR3( 15-FEB-2018 ),9,TWO WHEELER (INVALID CARRIAGE),0,0,0,0,0,0,0,0,1,0,0,0,1
2016,Bihar,BHOJPUR - BR3( 15-FEB-2018 ),10,TWO WHEELER(NT),"1,202","1,808",993,572,"3,305","1,944","1,494","1,223","1,000","1,449","1,882","1,812","18,684"
2016,Bihar,BUXUR - BR44( 01-FEB-2018 ),1,HEAVY GOODS VEHICLE,6,5,7,8,2,3,1,4,4,3,4,7,54
2016,Bihar,BUXUR - BR44( 01-FEB-2018 ),2,HEAVY PASSENGER VEHICLE,1,1,0,3,0,3,0,1,0,0,1,2,12
2016,Bihar,BUXUR - BR44( 01-FEB-2018 ),3,LIGHT GOODS VEHICLE,231,209,362,47,121,201,126,139,97,163,69,182,"1,947"
2016,Bihar,BUXUR - BR44( 01-FEB-2018 ),4,LIGHT MOTOR VEHICLE,21,40,30,50,26,33,19,25,12,13,26,29,324
2016,Bihar,BUXUR - BR44( 01-FEB-2018 ),5,LIGHT PASSENGER VEHICLE,0,1,2,2,4,6,3,3,1,2,2,6,32
2016,Bihar,BUXUR - BR44( 01-FEB-2018 ),6,MEDIUM GOODS VEHICLE,4,2,2,0,2,6,0,1,0,0,0,0,17
2016,Bihar,BUXUR - BR44( 01-FEB-2018 ),7,MEDIUM MOTOR VEHICLE,0,1,0,0,0,0,0,0,0,0,0,0,1
2016,Bihar,BUXUR - BR44( 01-FEB-2018 ),8,MEDIUM PASSENGER VEHICLE,0,2,2,0,2,4,0,4,0,1,0,1,16
2016,Bihar,BUXUR - BR44( 01-FEB-2018 ),9,THREE WHEELER(T),26,38,54,11,36,45,17,38,27,44,16,43,395
2016,Bihar,BUXUR - BR44( 01-FEB-2018 ),10,TWO WHEELER(NT),738,768,"1,232","1,055",924,487,514,477,338,497,754,"1,124","8,908"
2016,Bihar,CHAPARA - BR4( 29-JAN-2018 ),1,HEAVY GOODS VEHICLE,18,40,26,26,16,22,27,22,34,24,18,12,285
2016,Bihar,CHAPARA - BR4( 29-JAN-2018 ),2,HEAVY MOTOR VEHICLE,0,0,0,0,1,0,0,0,0,0,0,0,1
2016,Bihar,CHAPARA - BR4( 29-JAN-2018 ),3,HEAVY PASSENGER VEHICLE,5,1,1,4,2,4,2,0,9,3,1,5,37
2016,Bihar,CHAPARA - BR4( 29-JAN-2018 ),4,LIGHT GOODS VEHICLE,94,141,110,81,66,67,101,99,109,116,144,108,"1,236"
2016,Bihar,CHAPARA - BR4( 29-JAN-2018 ),5,LIGHT MOTOR VEHICLE,88,88,72,106,88,24,115,50,63,36,97,104,931
2016,Bihar,CHAPARA - BR4( 29-JAN-2018 ),6,LIGHT PASSENGER VEHICLE,12,9,15,11,13,6,10,8,12,14,8,7,125
2016,Bihar,CHAPARA - BR4( 29-JAN-2018 ),7,MEDIUM GOODS VEHICLE,0,0,2,0,1,0,1,0,1,5,1,1,12
2016,Bihar,CHAPARA - BR4( 29-JAN-2018 ),8,MEDIUM MOTOR VEHICLE,2,0,0,0,0,0,0,0,0,0,0,0,2
2016,Bihar,CHAPARA - BR4( 29-JAN-2018 ),9,MEDIUM PASSENGER VEHICLE,0,0,1,0,0,3,0,3,1,0,0,0,8
2016,Bihar,CHAPARA - BR4( 29-JAN-2018 ),10,THREE WHEELER(T),70,64,65,37,48,35,65,50,66,63,50,34,647
2016,Bihar,CHAPARA - BR4( 29-JAN-2018 ),11,TWO WHEELER (INVALID CARRIAGE),0,0,0,16,0,0,7,0,0,0,0,0,23
2016,Bihar,CHAPARA - BR4( 29-JAN-2018 ),12,TWO WHEELER(NT),"1,344","1,504","1,412","2,580","1,758","1,604","1,934","1,025","1,093","1,446","2,481","1,167","19,348"
2016,Bihar,DARBHANGA - BR7( 30-JAN-2018 ),1,HEAVY GOODS VEHICLE,9,4,4,2,0,3,4,1,2,3,1,5,38
2016,Bihar,DARBHANGA - BR7( 30-JAN-2018 ),2,HEAVY PASSENGER VEHICLE,0,0,1,7,2,3,2,3,2,2,0,1,23
2016,Bihar,DARBHANGA - BR7( 30-JAN-2018 ),3,LIGHT GOODS VEHICLE,190,209,269,151,146,166,153,130,159,162,184,227,"2,146"
2016,Bihar,DARBHANGA - BR7( 30-JAN-2018 ),4,LIGHT MOTOR VEHICLE,177,131,149,170,168,119,155,126,127,208,175,166,"1,871"
2016,Bihar,DARBHANGA - BR7( 30-JAN-2018 ),5,LIGHT PASSENGER VEHICLE,42,47,29,35,34,25,25,34,20,31,35,30,387
2016,Bihar,DARBHANGA - BR7( 30-JAN-2018 ),6,MEDIUM GOODS VEHICLE,0,0,3,0,3,2,1,5,4,1,0,0,19
2016,Bihar,DARBHANGA - BR7( 30-JAN-2018 ),7,MEDIUM PASSENGER VEHICLE,1,0,0,2,2,1,4,0,2,0,1,0,13
2016,Bihar,DARBHANGA - BR7( 30-JAN-2018 ),8,THREE WHEELER(T),230,107,217,171,136,254,188,234,278,264,195,245,"2,519"
2016,Bihar,DARBHANGA - BR7( 30-JAN-2018 ),9,TWO WHEELER(NT),"1,888","1,471","2,068","3,083","2,936","2,782","2,339","1,513","1,576","2,870","2,584","1,357","26,467"
2016,Bihar,GAYA - BR2( 06-SEP-2017 ),1,HEAVY GOODS VEHICLE,42,46,74,53,36,64,67,29,33,43,58,47,592
2016,Bihar,GAYA - BR2( 06-SEP-2017 ),2,HEAVY PASSENGER VEHICLE,4,12,9,8,11,18,12,9,14,2,7,12,118
2016,Bihar,GAYA - BR2( 06-SEP-2017 ),3,LIGHT GOODS VEHICLE,125,148,242,92,127,215,265,312,135,209,280,222,"2,372"
2016,Bihar,GAYA - BR2( 06-SEP-2017 ),4,LIGHT MOTOR VEHICLE,195,209,200,207,156,135,194,146,130,124,265,240,"2,201"
2016,Bihar,GAYA - BR2( 06-SEP-2017 ),5,LIGHT PASSENGER VEHICLE,28,15,23,21,19,16,13,17,16,19,19,10,216
2016,Bihar,GAYA - BR2( 06-SEP-2017 ),6,MEDIUM GOODS VEHICLE,0,3,0,4,1,1,6,1,0,6,1,11,34
2016,Bihar,GAYA - BR2( 06-SEP-2017 ),7,MEDIUM MOTOR VEHICLE,0,1,0,0,0,0,0,0,0,0,0,0,1
2016,Bihar,GAYA - BR2( 06-SEP-2017 ),8,MEDIUM PASSENGER VEHICLE,3,3,1,5,1,6,0,5,2,3,5,1,35
2016,Bihar,GAYA - BR2( 06-SEP-2017 ),9,THREE WHEELER(T),264,244,236,194,223,206,221,248,334,326,282,192,"2,970"
2016,Bihar,GAYA - BR2( 06-SEP-2017 ),10,TWO WHEELER (INVALID CARRIAGE),0,0,0,0,0,1,0,0,15,0,0,0,16
2016,Bihar,GAYA - BR2( 06-SEP-2017 ),11,TWO WHEELER(NT),"1,847","2,140","2,472","4,458","2,368","2,229","2,525","1,771","1,916","2,642","3,303","1,735","29,406"
2016,Bihar,GOPALGANJ - BR28( 08-JUN-2017 ),1,HEAVY GOODS VEHICLE,8,13,26,11,6,18,3,5,6,5,5,5,111
2016,Bihar,GOPALGANJ - BR28( 08-JUN-2017 ),2,HEAVY PASSENGER VEHICLE,2,4,1,4,2,1,0,2,0,4,0,2,22
2016,Bihar,GOPALGANJ - BR28( 08-JUN-2017 ),3,LIGHT GOODS VEHICLE,129,96,140,131,50,74,66,67,57,119,98,113,"1,140"
2016,Bihar,GOPALGANJ - BR28( 08-JUN-2017 ),4,LIGHT MOTOR VEHICLE,64,93,72,130,74,72,89,103,41,78,73,95,984
2016,Bihar,GOPALGANJ - BR28( 08-JUN-2017 ),5,LIGHT PASSENGER VEHICLE,5,5,7,5,7,4,8,5,8,4,6,5,69
2016,Bihar,GOPALGANJ - BR28( 08-JUN-2017 ),6,MEDIUM GOODS VEHICLE,1,1,2,4,0,4,1,1,0,0,0,2,16
2016,Bihar,GOPALGANJ - BR28( 08-JUN-2017 ),7,MEDIUM PASSENGER VEHICLE,0,0,1,0,0,2,2,0,2,1,0,1,9
2016,Bihar,GOPALGANJ - BR28( 08-JUN-2017 ),8,THREE WHEELER(NT),0,0,0,1,0,0,0,0,0,0,0,0,1
2016,Bihar,GOPALGANJ - BR28( 08-JUN-2017 ),9,THREE WHEELER(T),15,8,16,17,16,5,9,12,15,16,10,12,151
2016,Bihar,GOPALGANJ - BR28( 08-JUN-2017 ),10,TWO WHEELER(NT),"1,376","1,945","2,073","2,871","1,534","1,691","1,522","1,333",950,"1,148","1,604",927,"18,974"
2016,Bihar,JAMUI - BR46( 07-JUN-2017 ),1,HEAVY GOODS VEHICLE,5,0,2,3,3,1,4,0,0,0,0,3,21
2016,Bihar,JAMUI - BR46( 07-JUN-2017 ),2,HEAVY PASSENGER VEHICLE,0,0,0,2,0,1,0,0,0,2,0,0,5
2016,Bihar,JAMUI - BR46( 07-JUN-2017 ),3,LIGHT GOODS VEHICLE,61,68,93,42,62,102,94,97,130,98,71,70,988
2016,Bihar,JAMUI - BR46( 07-JUN-2017 ),4,LIGHT MOTOR VEHICLE,7,24,13,6,5,15,5,12,6,9,13,6,121
2016,Bihar,JAMUI - BR46( 07-JUN-2017 ),5,LIGHT PASSENGER VEHICLE,6,5,4,4,5,2,6,3,3,5,0,1,44
2016,Bihar,JAMUI - BR46( 07-JUN-2017 ),6,MEDIUM GOODS VEHICLE,1,0,1,0,1,0,2,0,2,1,0,1,9
2016,Bihar,JAMUI - BR46( 07-JUN-2017 ),7,MEDIUM PASSENGER VEHICLE,1,1,0,1,1,0,0,0,0,0,0,0,4
2016,Bihar,JAMUI - BR46( 07-JUN-2017 ),8,THREE WHEELER(T),30,33,41,19,49,70,36,79,69,76,79,56,637
2016,Bihar,JAMUI - BR46( 07-JUN-2017 ),9,TWO WHEELER(NT),319,487,428,639,530,496,450,287,344,451,407,298,"5,136"
2016,Bihar,JEHANABAD - BR25( 26-MAY-2017 ),1,HEAVY GOODS VEHICLE,26,29,10,14,17,31,28,31,36,37,51,43,353
2016,Bihar,JEHANABAD - BR25( 26-MAY-2017 ),2,HEAVY PASSENGER VEHICLE,1,2,2,4,2,0,3,2,1,0,2,0,19
2016,Bihar,JEHANABAD - BR25( 26-MAY-2017 ),3,LIGHT GOODS VEHICLE,65,80,115,63,76,129,146,98,91,77,124,147,"1,211"
2016,Bihar,JEHANABAD - BR25( 26-MAY-2017 ),4,LIGHT MOTOR VEHICLE,9,3,5,7,6,7,2,4,8,4,3,14,72
2016,Bihar,JEHANABAD - BR25( 26-MAY-2017 ),5,LIGHT PASSENGER VEHICLE,1,2,3,1,2,0,1,3,1,3,0,5,22
2016,Bihar,JEHANABAD - BR25( 26-MAY-2017 ),6,MEDIUM GOODS VEHICLE,1,1,0,0,0,1,0,0,1,1,0,1,6
2016,Bihar,JEHANABAD - BR25( 26-MAY-2017 ),7,MEDIUM PASSENGER VEHICLE,2,1,0,0,1,0,1,0,0,2,0,0,7
2016,Bihar,JEHANABAD - BR25( 26-MAY-2017 ),8,THREE WHEELER(T),39,44,41,26,30,32,35,46,79,42,54,32,500
2016,Bihar,JEHANABAD - BR25( 26-MAY-2017 ),9,TWO WHEELER(NT),300,334,424,935,381,505,311,279,181,402,184,699,"4,935"
2016,Bihar,KATIHAR - BR39( 23-JAN-2018 ),1,HEAVY GOODS VEHICLE,1,8,5,7,2,14,4,2,3,2,3,2,53
2016,Bihar,KATIHAR - BR39( 23-JAN-2018 ),2,HEAVY PASSENGER VEHICLE,1,0,0,0,0,0,0,0,0,0,0,0,1
2016,Bihar,KATIHAR - BR39( 23-JAN-2018 ),3,LIGHT GOODS VEHICLE,62,146,198,134,182,197,160,136,147,113,226,175,"1,876"
2016,Bihar,KATIHAR - BR39( 23-JAN-2018 ),4,LIGHT MOTOR VEHICLE,27,35,24,25,24,35,13,35,35,17,19,54,343
2016,Bihar,KATIHAR - BR39( 23-JAN-2018 ),5,LIGHT PASSENGER VEHICLE,3,2,2,3,3,7,3,1,0,2,0,0,26
2016,Bihar,KATIHAR - BR39( 23-JAN-2018 ),6,MEDIUM GOODS VEHICLE,1,3,2,1,0,0,1,0,0,0,0,2,10
2016,Bihar,KATIHAR - BR39( 23-JAN-2018 ),7,MEDIUM MOTOR VEHICLE,0,1,0,0,0,0,0,0,0,0,0,0,1
2016,Bihar,KATIHAR - BR39( 23-JAN-2018 ),8,MEDIUM PASSENGER VEHICLE,0,0,0,0,1,0,0,0,1,0,0,0,2
2016,Bihar,KATIHAR - BR39( 23-JAN-2018 ),9,THREE WHEELER(T),13,19,16,3,20,34,15,6,60,47,139,33,405
2016,Bihar,KATIHAR - BR39( 23-JAN-2018 ),10,TWO WHEELER(NT),"1,256","1,492","1,593","2,203","2,720","2,872","2,144","1,811","1,775","1,935","2,261","1,507","23,569"
2016,Bihar,KHAGARIA - BR34( 01-FEB-2018 ),1,HEAVY GOODS VEHICLE,1,2,0,4,0,0,0,2,1,2,2,2,16
2016,Bihar,KHAGARIA - BR34( 01-FEB-2018 ),2,HEAVY PASSENGER VEHICLE,0,0,0,0,0,2,0,0,0,0,0,0,2
2016,Bihar,KHAGARIA - BR34( 01-FEB-2018 ),3,LIGHT GOODS VEHICLE,100,84,177,58,56,89,140,109,106,122,193,142,"1,376"
2016,Bihar,KHAGARIA - BR34( 01-FEB-2018 ),4,LIGHT MOTOR VEHICLE,6,8,8,7,8,4,4,10,15,2,16,12,100
2016,Bihar,KHAGARIA - BR34( 01-FEB-2018 ),5,LIGHT PASSENGER VEHICLE,6,2,1,1,4,5,6,1,1,3,1,0,31
2016,Bihar,KHAGARIA - BR34( 01-FEB-2018 ),6,MEDIUM GOODS VEHICLE,1,0,0,0,1,0,0,0,0,1,0,0,3
2016,Bihar,KHAGARIA - BR34( 01-FEB-2018 ),7,MEDIUM PASSENGER VEHICLE,0,0,0,0,1,0,0,0,0,0,0,0,1
2016,Bihar,KHAGARIA - BR34( 01-FEB-2018 ),8,THREE WHEELER(T),35,18,33,14,21,25,27,52,40,48,36,22,371
2016,Bihar,KHAGARIA - BR34( 01-FEB-2018 ),9,TWO WHEELER (INVALID CARRIAGE),1,3,11,0,0,0,0,0,0,0,0,0,15
2016,Bihar,KHAGARIA - BR34( 01-FEB-2018 ),10,TWO WHEELER(NT),498,558,606,724,793,"1,103",837,571,576,869,786,452,"8,373"
2016,Bihar,KISHANGANJ - BR37( 07-FEB-2018 ),1,HEAVY GOODS VEHICLE,2,3,2,1,1,0,1,1,3,4,0,0,18
2016,Bihar,KISHANGANJ - BR37( 07-FEB-2018 ),2,HEAVY PASSENGER VEHICLE,0,2,4,1,1,1,7,0,1,1,0,0,18
2016,Bihar,KISHANGANJ - BR37( 07-FEB-2018 ),3,LIGHT GOODS VEHICLE,83,94,71,49,45,49,74,55,10,48,89,53,720
2016,Bihar,KISHANGANJ - BR37( 07-FEB-2018 ),4,LIGHT MOTOR VEHICLE,45,40,36,22,48,30,49,32,16,34,30,74,456
2016,Bihar,KISHANGANJ - BR37( 07-FEB-2018 ),5,LIGHT PASSENGER VEHICLE,2,2,2,1,0,3,0,0,1,0,2,0,13
2016,Bihar,KISHANGANJ - BR37( 07-FEB-2018 ),6,MEDIUM GOODS VEHICLE,0,0,0,0,1,0,0,0,1,0,0,0,2
2016,Bihar,KISHANGANJ - BR37( 07-FEB-2018 ),7,MEDIUM PASSENGER VEHICLE,0,1,0,0,0,0,0,0,0,0,0,0,1
2016,Bihar,KISHANGANJ - BR37( 07-FEB-2018 ),8,THREE WHEELER(T),13,27,27,61,25,34,46,3,28,36,77,23,400
2016,Bihar,KISHANGANJ - BR37( 07-FEB-2018 ),9,TWO WHEELER(NT),"1,039","2,132",624,676,"1,733",459,"1,780","4,003","3,183","1,999",689,"1,088","19,405"
2016,Bihar,LAKHISARAI - BR53( 27-JAN-2017 ),1,HEAVY GOODS VEHICLE,1,2,7,10,8,7,6,4,5,13,13,3,79
2016,Bihar,LAKHISARAI - BR53( 27-JAN-2017 ),2,HEAVY PASSENGER VEHICLE,0,0,2,0,1,0,1,0,0,0,1,0,5
2016,Bihar,LAKHISARAI - BR53( 27-JAN-2017 ),3,LIGHT GOODS VEHICLE,40,32,28,24,11,48,57,43,34,37,38,73,465
2016,Bihar,LAKHISARAI - BR53( 27-JAN-2017 ),4,LIGHT MOTOR VEHICLE,12,21,13,8,7,9,11,5,5,5,15,12,123
2016,Bihar,LAKHISARAI - BR53( 27-JAN-2017 ),5,LIGHT PASSENGER VEHICLE,6,6,10,5,11,4,4,4,2,0,6,4,62
2016,Bihar,LAKHISARAI - BR53( 27-JAN-2017 ),6,MEDIUM GOODS VEHICLE,1,1,1,0,0,0,3,1,0,0,0,0,7
2016,Bihar,LAKHISARAI - BR53( 27-JAN-2017 ),7,MEDIUM PASSENGER VEHICLE,0,0,1,0,0,0,0,0,0,0,0,0,1
2016,Bihar,LAKHISARAI - BR53( 27-JAN-2017 ),8,THREE WHEELER(T),3,2,4,1,0,1,5,13,11,26,12,4,82
2016,Bihar,LAKHISARAI - BR53( 27-JAN-2017 ),9,TWO WHEELER(NT),148,271,336,279,421,284,287,175,165,128,460,258,"3,212"
2016,Bihar,MADHEPURA - BR43( 02-JUN-2017 ),1,HEAVY GOODS VEHICLE,0,1,1,1,0,1,0,2,0,0,1,0,7
2016,Bihar,MADHEPURA - BR43( 02-JUN-2017 ),2,HEAVY PASSENGER VEHICLE,0,1,0,1,1,0,0,0,2,0,0,0,5
2016,Bihar,MADHEPURA - BR43( 02-JUN-2017 ),3,LIGHT GOODS VEHICLE,126,90,87,114,80,150,102,192,179,136,105,127,"1,488"
2016,Bihar,MADHEPURA - BR43( 02-JUN-2017 ),4,LIGHT MOTOR VEHICLE,14,23,15,11,8,22,19,20,15,21,15,45,228
2016,Bihar,MADHEPURA - BR43( 02-JUN-2017 ),5,LIGHT PASSENGER VEHICLE,1,5,4,3,0,2,0,0,2,0,1,1,19
2016,Bihar,MADHEPURA - BR43( 02-JUN-2017 ),6,MEDIUM PASSENGER VEHICLE,0,0,0,2,0,0,0,0,0,1,0,0,3
2016,Bihar,MADHEPURA - BR43( 02-JUN-2017 ),7,THREE WHEELER(T),45,82,79,54,39,70,55,93,85,78,114,70,864
2016,Bihar,MADHEPURA - BR43( 02-JUN-2017 ),8,TWO WHEELER (INVALID CARRIAGE),0,0,0,0,0,0,0,0,1,0,0,1,2
2016,Bihar,MADHEPURA - BR43( 02-JUN-2017 ),9,TWO WHEELER(NT),799,"1,085",994,"1,087","1,342","1,071","1,648","1,012",365,691,"1,062",882,"12,038"
2016,Bihar,MADHUBANI - BR32( 01-FEB-2018 ),1,HEAVY GOODS VEHICLE,1,1,1,0,0,0,0,2,1,1,0,0,7
2016,Bihar,MADHUBANI - BR32( 01-FEB-2018 ),2,HEAVY PASSENGER VEHICLE,0,0,1,4,0,1,0,0,2,1,2,1,12
2016,Bihar,MADHUBANI - BR32( 01-FEB-2018 ),3,LIGHT GOODS VEHICLE,203,165,187,108,130,208,221,171,130,301,348,271,"2,443"
2016,Bihar,MADHUBANI - BR32( 01-FEB-2018 ),4,LIGHT MOTOR VEHICLE,29,34,48,40,28,36,40,26,16,37,27,54,415
2016,Bihar,MADHUBANI - BR32( 01-FEB-2018 ),5,LIGHT PASSENGER VEHICLE,15,9,6,10,11,11,8,8,8,5,10,14,115
2016,Bihar,MADHUBANI - BR32( 01-FEB-2018 ),6,MEDIUM GOODS VEHICLE,1,1,1,0,1,0,0,3,1,0,1,0,9
2016,Bihar,MADHUBANI - BR32( 01-FEB-2018 ),7,MEDIUM PASSENGER VEHICLE,0,0,0,3,0,1,1,0,0,1,1,0,7
2016,Bihar,MADHUBANI - BR32( 01-FEB-2018 ),8,THREE WHEELER(T),61,62,63,56,65,74,65,140,153,94,96,76,"1,005"
2016,Bihar,MADHUBANI - BR32( 01-FEB-2018 ),9,TWO WHEELER(NT),"1,031","1,775","2,352","3,135","3,526","2,291","1,514","1,201","1,456","1,784","1,954","1,577","23,596"
2016,Bihar,MOTIHARI - BR5( 05-JUL-2017 ),1,HEAVY GOODS VEHICLE,6,6,21,6,9,8,5,4,0,3,3,2,73
2016,Bihar,MOTIHARI - BR5( 05-JUL-2017 ),2,HEAVY PASSENGER VEHICLE,1,1,6,14,0,1,3,4,1,0,2,2,35
2016,Bihar,MOTIHARI - BR5( 05-JUL-2017 ),3,LIGHT GOODS VEHICLE,146,254,474,163,106,174,195,113,174,190,201,337,"2,527"
2016,Bihar,MOTIHARI - BR5( 05-JUL-2017 ),4,LIGHT MOTOR VEHICLE,67,103,120,102,87,81,66,81,66,54,106,78,"1,011"
2016,Bihar,MOTIHARI - BR5( 05-JUL-2017 ),5,LIGHT PASSENGER VEHICLE,10,31,18,10,12,16,18,31,16,12,17,21,212
2016,Bihar,MOTIHARI - BR5( 05-JUL-2017 ),6,MEDIUM GOODS VEHICLE,2,1,1,2,2,1,0,3,0,0,0,3,15
2016,Bihar,MOTIHARI - BR5( 05-JUL-2017 ),7,MEDIUM PASSENGER VEHICLE,0,0,0,0,1,1,0,0,0,1,0,0,3
2016,Bihar,MOTIHARI - BR5( 05-JUL-2017 ),8,THREE WHEELER(T),43,83,98,18,42,102,77,105,138,119,103,82,"1,010"
2016,Bihar,MOTIHARI - BR5( 05-JUL-2017 ),9,TWO WHEELER(NT),"1,802","2,691","3,081","3,054","2,413","1,664","2,229","1,631","1,527","2,375","2,082","1,758","26,307"
2016,Bihar,MUNGER - BR8( 06-FEB-2018 ),1,HEAVY GOODS VEHICLE,2,5,0,1,2,2,1,0,2,1,1,0,17
2016,Bihar,MUNGER - BR8( 06-FEB-2018 ),2,HEAVY PASSENGER VEHICLE,0,0,0,0,0,0,1,0,0,0,0,0,1
2016,Bihar,MUNGER - BR8( 06-FEB-2018 ),3,LIGHT GOODS VEHICLE,48,31,42,11,28,34,35,33,33,36,20,10,361
2016,Bihar,MUNGER - BR8( 06-FEB-2018 ),4,LIGHT MOTOR VEHICLE,10,10,7,4,26,12,13,3,11,6,6,11,119
2016,Bihar,MUNGER - BR8( 06-FEB-2018 ),5,LIGHT PASSENGER VEHICLE,1,3,3,3,1,3,3,0,1,4,1,1,24
2016,Bihar,MUNGER - BR8( 06-FEB-2018 ),6,MEDIUM GOODS VEHICLE,1,0,1,0,0,1,1,0,0,1,0,0,5
2016,Bihar,MUNGER - BR8( 06-FEB-2018 ),7,THREE WHEELER(T),40,26,33,14,23,24,31,18,14,40,31,21,315
2016,Bihar,MUNGER - BR8( 06-FEB-2018 ),8,TWO WHEELER(NT),530,514,593,662,649,661,654,494,560,701,823,494,"7,335"
2016,Bihar,MUZAFFARPUR - BR6( 01-FEB-2018 ),1,FOUR WHEELER (INVALID CARRIAGE),0,0,0,0,0,0,1,0,0,0,0,0,1
2016,Bihar,MUZAFFARPUR - BR6( 01-FEB-2018 ),2,HEAVY GOODS VEHICLE,176,157,200,152,141,146,203,123,137,119,73,69,"1,696"
2016,Bihar,MUZAFFARPUR - BR6( 01-FEB-2018 ),3,HEAVY MOTOR VEHICLE,0,0,0,0,0,1,0,0,0,0,0,0,1
2016,Bihar,MUZAFFARPUR - BR6( 01-FEB-2018 ),4,HEAVY PASSENGER VEHICLE,8,29,18,33,9,21,18,13,17,4,8,5,183
2016,Bihar,MUZAFFARPUR - BR6( 01-FEB-2018 ),5,LIGHT GOODS VEHICLE,118,169,154,104,110,104,110,135,143,190,206,202,"1,745"
2016,Bihar,MUZAFFARPUR - BR6( 01-FEB-2018 ),6,LIGHT MOTOR VEHICLE,311,432,449,509,438,367,470,411,393,585,508,464,"5,337"
2016,Bihar,MUZAFFARPUR - BR6( 01-FEB-2018 ),7,LIGHT PASSENGER VEHICLE,53,42,53,36,41,33,26,44,33,26,36,26,449
2016,Bihar,MUZAFFARPUR - BR6( 01-FEB-2018 ),8,MEDIUM GOODS VEHICLE,3,1,3,2,0,2,0,7,2,9,6,8,43
2016,Bihar,MUZAFFARPUR - BR6( 01-FEB-2018 ),9,MEDIUM MOTOR VEHICLE,0,1,0,0,0,0,0,0,0,0,0,0,1
2016,Bihar,MUZAFFARPUR - BR6( 01-FEB-2018 ),10,MEDIUM PASSENGER VEHICLE,1,0,5,3,7,3,4,6,4,0,8,4,45
2016,Bihar,MUZAFFARPUR - BR6( 01-FEB-2018 ),11,THREE WHEELER(T),203,214,247,165,245,261,242,266,330,347,292,214,"3,026"
2016,Bihar,MUZAFFARPUR - BR6( 01-FEB-2018 ),12,TWO WHEELER (INVALID CARRIAGE),0,0,0,0,0,0,7,19,0,0,0,0,26
2016,Bihar,MUZAFFARPUR - BR6( 01-FEB-2018 ),13,TWO WHEELER(NT),"3,829","4,454","4,980","7,690","5,437","5,744","5,072","3,724","4,466","5,060","5,584","2,689","58,729"
2016,Bihar,NALANDA - BR21( 01-FEB-2018 ),1,HEAVY GOODS VEHICLE,9,29,17,10,14,22,11,15,16,15,24,22,204
2016,Bihar,NALANDA - BR21( 01-FEB-2018 ),2,HEAVY PASSENGER VEHICLE,0,7,4,5,8,5,1,7,4,9,4,3,57
2016,Bihar,NALANDA - BR21( 01-FEB-2018 ),3,LIGHT GOODS VEHICLE,133,175,168,138,168,158,220,251,146,185,134,224,"2,100"
2016,Bihar,NALANDA - BR21( 01-FEB-2018 ),4,LIGHT MOTOR VEHICLE,44,47,45,46,57,49,50,39,41,36,19,40,513
2016,Bihar,NALANDA - BR21( 01-FEB-2018 ),5,LIGHT PASSENGER VEHICLE,5,20,6,11,10,20,9,14,13,14,9,8,139
2016,Bihar,NALANDA - BR21( 01-FEB-2018 ),6,MEDIUM GOODS VEHICLE,2,3,5,2,5,4,5,6,3,0,1,2,38
2016,Bihar,NALANDA - BR21( 01-FEB-2018 ),7,MEDIUM PASSENGER VEHICLE,1,0,0,1,2,0,0,0,0,3,1,0,8
2016,Bihar,NALANDA - BR21( 01-FEB-2018 ),8,THREE WHEELER(T),55,47,57,63,55,59,86,61,114,104,91,47,839
2016,Bihar,NALANDA - BR21( 01-FEB-2018 ),9,TWO WHEELER (INVALID CARRIAGE),0,0,0,0,1,0,0,4,1,0,0,0,6
2016,Bihar,NALANDA - BR21( 01-FEB-2018 ),10,TWO WHEELER(NT),777,"1,289","1,474","1,897","1,186","1,154","1,288","1,019","1,067","1,542","1,753","1,111","15,557"
2016,Bihar,NAWADA - BR27( 30-JAN-2018 ),1,HEAVY GOODS VEHICLE,7,10,14,5,5,8,10,2,8,8,17,16,110
2016,Bihar,NAWADA - BR27( 30-JAN-2018 ),2,HEAVY PASSENGER VEHICLE,1,2,1,2,1,2,5,0,2,0,3,0,19
2016,Bihar,NAWADA - BR27( 30-JAN-2018 ),3,LIGHT GOODS VEHICLE,114,146,282,53,110,169,185,276,139,144,100,254,"1,972"
2016,Bihar,NAWADA - BR27( 30-JAN-2018 ),4,LIGHT MOTOR VEHICLE,35,31,28,17,25,17,18,29,10,30,20,44,304
2016,Bihar,NAWADA - BR27( 30-JAN-2018 ),5,LIGHT PASSENGER VEHICLE,0,2,4,4,7,0,1,2,1,3,1,8,33
2016,Bihar,NAWADA - BR27( 30-JAN-2018 ),6,MEDIUM GOODS VEHICLE,6,2,4,1,0,1,1,2,0,2,2,3,24
2016,Bihar,NAWADA - BR27( 30-JAN-2018 ),7,MEDIUM PASSENGER VEHICLE,0,0,0,0,0,1,2,0,0,0,0,0,3
2016,Bihar,NAWADA - BR27( 30-JAN-2018 ),8,OTHER THAN MENTIONED ABOVE,0,0,0,0,0,0,1,0,0,0,0,0,1
2016,Bihar,NAWADA - BR27( 30-JAN-2018 ),9,THREE WHEELER(T),12,15,18,4,8,6,15,26,25,31,29,40,229
2016,Bihar,NAWADA - BR27( 30-JAN-2018 ),10,TWO WHEELER(NT),653,708,822,"1,849",704,652,942,811,612,751,"1,065",648,"10,217"
2016,Bihar,PATNA - BR1( 02-FEB-2018 ),1,FOUR WHEELER (INVALID CARRIAGE),0,0,0,0,1,0,0,0,0,0,0,0,1
2016,Bihar,PATNA - BR1( 02-FEB-2018 ),2,HEAVY GOODS VEHICLE,210,234,245,226,163,174,145,128,138,155,169,157,"2,144"
2016,Bihar,PATNA - BR1( 02-FEB-2018 ),3,HEAVY MOTOR VEHICLE,0,1,1,0,0,0,0,0,0,0,0,0,2
2016,Bihar,PATNA - BR1( 02-FEB-2018 ),4,HEAVY PASSENGER VEHICLE,6,12,11,32,49,10,14,8,3,4,4,80,233
2016,Bihar,PATNA - BR1( 02-FEB-2018 ),5,LIGHT GOODS VEHICLE,452,494,404,370,402,502,550,704,528,678,693,721,"6,498"
2016,Bihar,PATNA - BR1( 02-FEB-2018 ),6,LIGHT MOTOR VEHICLE,"1,183","1,279","1,510","1,259","1,414","1,180","1,277","1,244","1,130","1,431","1,713","1,853","16,473"
2016,Bihar,PATNA - BR1( 02-FEB-2018 ),7,LIGHT PASSENGER VEHICLE,74,95,103,67,84,61,100,151,125,109,75,92,"1,136"
2016,Bihar,PATNA - BR1( 02-FEB-2018 ),8,MEDIUM GOODS VEHICLE,37,62,59,32,35,89,68,43,69,31,25,37,587
2016,Bihar,PATNA - BR1( 02-FEB-2018 ),9,MEDIUM MOTOR VEHICLE,0,0,0,0,0,0,0,1,0,0,0,0,1
2016,Bihar,PATNA - BR1( 02-FEB-2018 ),10,MEDIUM PASSENGER VEHICLE,4,1,7,10,24,12,16,5,10,5,3,14,111
2016,Bihar,PATNA - BR1( 02-FEB-2018 ),11,OTHER THAN MENTIONED ABOVE,0,0,0,0,0,0,0,0,0,0,1,0,1
2016,Bihar,PATNA - BR1( 02-FEB-2018 ),12,THREE WHEELER(T),263,319,287,213,273,329,389,412,635,519,381,420,"4,440"
2016,Bihar,PATNA - BR1( 02-FEB-2018 ),13,TWO WHEELER (INVALID CARRIAGE),0,0,1,0,0,0,0,0,0,0,0,1,2
2016,Bihar,PATNA - BR1( 02-FEB-2018 ),14,TWO WHEELER(NT),"4,876","6,464","6,923","8,195","7,040","6,694","6,653","6,175","5,973","7,986","10,410","6,386","83,775"
2016,Bihar,PATNA - BR1( 02-FEB-2018 ),15,TWO WHEELER(T),0,1,1,0,0,1,0,1,0,0,0,1,5
2016,Bihar,PURNEA - BR11( 23-JAN-2018 ),1,FOUR WHEELER (INVALID CARRIAGE),0,0,0,0,0,0,0,0,1,0,0,0,1
2016,Bihar,PURNEA - BR11( 23-JAN-2018 ),2,HEAVY GOODS VEHICLE,37,58,60,45,41,52,21,9,19,25,19,25,411
2016,Bihar,PURNEA - BR11( 23-JAN-2018 ),3,HEAVY PASSENGER VEHICLE,0,13,1,3,6,2,7,13,7,4,5,2,63
2016,Bihar,PURNEA - BR11( 23-JAN-2018 ),4,LIGHT GOODS VEHICLE,217,260,269,228,344,364,420,354,206,412,296,457,"3,827"
2016,Bihar,PURNEA - BR11( 23-JAN-2018 ),5,LIGHT MOTOR VEHICLE,195,193,273,162,182,248,239,201,205,402,320,311,"2,931"
2016,Bihar,PURNEA - BR11( 23-JAN-2018 ),6,LIGHT PASSENGER VEHICLE,30,15,45,31,32,32,31,26,22,18,21,18,321
2016,Bihar,PURNEA - BR11( 23-JAN-2018 ),7,MEDIUM GOODS VEHICLE,21,13,14,15,18,8,24,6,24,14,22,48,227
2016,Bihar,PURNEA - BR11( 23-JAN-2018 ),8,MEDIUM PASSENGER VEHICLE,1,0,3,6,6,5,1,0,3,2,1,2,30
2016,Bihar,PURNEA - BR11( 23-JAN-2018 ),9,THREE WHEELER(T),300,227,262,126,332,427,428,470,541,437,494,211,"4,255"
2016,Bihar,PURNEA - BR11( 23-JAN-2018 ),10,TWO WHEELER (INVALID CARRIAGE),0,11,0,3,15,0,1,0,0,4,0,0,34
2016,Bihar,PURNEA - BR11( 23-JAN-2018 ),11,TWO WHEELER(NT),"1,431","1,750","1,659","2,238","3,022","2,867","2,300","2,000","2,010","2,062","2,215","1,348","24,902"
2016,Bihar,ROHTAS - BR24( 09-FEB-2018 ),1,HEAVY GOODS VEHICLE,11,17,11,14,23,12,11,9,17,9,11,14,159
2016,Bihar,ROHTAS - BR24( 09-FEB-2018 ),2,HEAVY PASSENGER VEHICLE,0,1,4,4,5,6,4,7,3,2,1,5,42
2016,Bihar,ROHTAS - BR24( 09-FEB-2018 ),3,LIGHT GOODS VEHICLE,261,225,254,224,174,255,256,227,118,135,127,197,"2,453"
2016,Bihar,ROHTAS - BR24( 09-FEB-2018 ),4,LIGHT MOTOR VEHICLE,50,29,131,41,52,64,58,77,36,45,49,61,693
2016,Bihar,ROHTAS - BR24( 09-FEB-2018 ),5,LIGHT PASSENGER VEHICLE,1,7,3,8,10,10,7,5,6,6,9,20,92
2016,Bihar,ROHTAS - BR24( 09-FEB-2018 ),6,MEDIUM GOODS VEHICLE,6,1,0,0,1,0,4,2,2,0,0,1,17
2016,Bihar,ROHTAS - BR24( 09-FEB-2018 ),7,MEDIUM PASSENGER VEHICLE,0,2,2,0,2,1,1,4,8,2,2,5,29
2016,Bihar,ROHTAS - BR24( 09-FEB-2018 ),8,THREE WHEELER(T),57,60,85,74,68,100,53,73,66,110,87,95,928
2016,Bihar,ROHTAS - BR24( 09-FEB-2018 ),9,TWO WHEELER(NT),"1,199",29,"1,958","1,569","1,066","1,777","2,442","1,682","1,130",517,997,361,"14,727"
2016,Bihar,SAHARSA - BR19( 29-JAN-2018 ),1,HEAVY GOODS VEHICLE,5,8,10,7,4,7,2,0,1,3,2,2,51
2016,Bihar,SAHARSA - BR19( 29-JAN-2018 ),2,HEAVY PASSENGER VEHICLE,0,1,1,2,1,3,0,0,0,0,2,0,10
2016,Bihar,SAHARSA - BR19( 29-JAN-2018 ),3,LIGHT GOODS VEHICLE,99,86,91,34,73,86,79,116,80,83,136,115,"1,078"
2016,Bihar,SAHARSA - BR19( 29-JAN-2018 ),4,LIGHT MOTOR VEHICLE,21,47,31,40,24,38,18,42,19,19,21,45,365
2016,Bihar,SAHARSA - BR19( 29-JAN-2018 ),5,LIGHT PASSENGER VEHICLE,4,5,4,4,4,5,1,3,2,7,1,1,41
2016,Bihar,SAHARSA - BR19( 29-JAN-2018 ),6,MEDIUM GOODS VEHICLE,1,0,0,0,0,0,1,0,0,0,1,1,4
2016,Bihar,SAHARSA - BR19( 29-JAN-2018 ),7,MEDIUM PASSENGER VEHICLE,1,3,1,2,1,0,1,1,2,4,0,0,16
2016,Bihar,SAHARSA - BR19( 29-JAN-2018 ),8,THREE WHEELER(T),48,48,68,16,48,21,53,70,56,95,76,60,659
2016,Bihar,SAHARSA - BR19( 29-JAN-2018 ),9,TWO WHEELER(NT),803,607,688,696,882,868,"1,216",937,633,772,"1,457",592,"10,151"
2016,Bihar,SAMASTIPUR - BR33( 06-JUL-2017 ),1,HEAVY GOODS VEHICLE,2,3,5,5,0,7,5,7,4,10,5,2,55
2016,Bihar,SAMASTIPUR - BR33( 06-JUL-2017 ),2,HEAVY PASSENGER VEHICLE,1,5,0,3,3,0,0,1,2,1,0,1,17
2016,Bihar,SAMASTIPUR - BR33( 06-JUL-2017 ),3,LIGHT GOODS VEHICLE,130,165,446,107,100,155,194,203,179,263,406,180,"2,528"
2016,Bihar,SAMASTIPUR - BR33( 06-JUL-2017 ),4,LIGHT MOTOR VEHICLE,25,40,7,34,22,23,19,16,19,4,17,27,253
2016,Bihar,SAMASTIPUR - BR33( 06-JUL-2017 ),5,LIGHT PASSENGER VEHICLE,5,4,9,7,4,4,5,5,3,3,3,3,55
2016,Bihar,SAMASTIPUR - BR33( 06-JUL-2017 ),6,MEDIUM GOODS VEHICLE,1,0,0,1,1,1,0,0,0,0,1,0,5
2016,Bihar,SAMASTIPUR - BR33( 06-JUL-2017 ),7,MEDIUM PASSENGER VEHICLE,1,0,0,0,0,0,0,0,0,1,0,0,2
2016,Bihar,SAMASTIPUR - BR33( 06-JUL-2017 ),8,OTHER THAN MENTIONED ABOVE,0,0,0,0,0,0,1,0,0,0,0,0,1
2016,Bihar,SAMASTIPUR - BR33( 06-JUL-2017 ),9,THREE WHEELER(T),82,61,113,66,92,107,103,142,144,163,156,83,"1,312"
2016,Bihar,SAMASTIPUR - BR33( 06-JUL-2017 ),10,TWO WHEELER (INVALID CARRIAGE),0,0,0,0,0,0,0,0,0,1,0,0,1
2016,Bihar,SAMASTIPUR - BR33( 06-JUL-2017 ),11,TWO WHEELER(NT),"1,282","1,258","2,605","2,901","3,585","2,757","2,913","2,012","1,963","1,947","3,401","1,215","27,839"
2016,Bihar,SHEIKHPURA - BR52( 17-JUL-2017 ),1,HEAVY GOODS VEHICLE,4,5,5,6,6,11,8,7,2,7,4,7,72
2016,Bihar,SHEIKHPURA - BR52( 17-JUL-2017 ),2,HEAVY PASSENGER VEHICLE,0,0,1,0,0,0,1,0,1,0,1,0,4
2016,Bihar,SHEIKHPURA - BR52( 17-JUL-2017 ),3,LIGHT GOODS VEHICLE,28,61,87,60,55,81,98,53,30,52,56,75,736
2016,Bihar,SHEIKHPURA - BR52( 17-JUL-2017 ),4,LIGHT MOTOR VEHICLE,6,2,1,5,2,1,5,1,4,3,0,11,41
2016,Bihar,SHEIKHPURA - BR52( 17-JUL-2017 ),5,LIGHT PASSENGER VEHICLE,1,0,11,0,0,0,1,2,1,2,0,0,18
2016,Bihar,SHEIKHPURA - BR52( 17-JUL-2017 ),6,MEDIUM PASSENGER VEHICLE,0,0,0,0,0,0,0,0,0,0,0,1,1
2016,Bihar,SHEIKHPURA - BR52( 17-JUL-2017 ),7,THREE WHEELER(T),5,9,4,2,6,8,6,8,6,15,6,3,78
2016,Bihar,SHEIKHPURA - BR52( 17-JUL-2017 ),8,TWO WHEELER(NT),151,181,167,240,216,133,189,270,160,241,105,291,"2,344"
2016,Bihar,SHEOHAR - BR55( 07-JUN-2017 ),1,HEAVY GOODS VEHICLE,0,1,0,0,0,0,0,0,0,0,0,0,1
2016,Bihar,SHEOHAR - BR55( 07-JUN-2017 ),2,HEAVY PASSENGER VEHICLE,0,0,0,0,0,0,0,0,1,0,0,0,1
2016,Bihar,SHEOHAR - BR55( 07-JUN-2017 ),3,LIGHT GOODS VEHICLE,19,7,34,5,4,20,8,21,10,0,1,62,191
2016,Bihar,SHEOHAR - BR55( 07-JUN-2017 ),4,LIGHT MOTOR VEHICLE,5,3,5,2,1,5,1,5,1,3,4,7,42
2016,Bihar,SHEOHAR - BR55( 07-JUN-2017 ),5,LIGHT PASSENGER VEHICLE,3,2,2,0,2,1,1,1,1,0,0,0,13
2016,Bihar,SHEOHAR - BR55( 07-JUN-2017 ),6,MEDIUM GOODS VEHICLE,0,0,0,0,0,0,0,0,0,0,0,1,1
2016,Bihar,SHEOHAR - BR55( 07-JUN-2017 ),7,MEDIUM PASSENGER VEHICLE,0,0,0,1,0,0,0,0,0,0,0,0,1
2016,Bihar,SHEOHAR - BR55( 07-JUN-2017 ),8,THREE WHEELER(T),5,9,12,1,0,7,8,12,3,0,1,3,61
2016,Bihar,SHEOHAR - BR55( 07-JUN-2017 ),9,TWO WHEELER(NT),256,120,232,138,62,472,132,344,70,239,155,219,"2,439"
2016,Bihar,SITAMARHI - BR30( 29-JAN-2018 ),1,HEAVY GOODS VEHICLE,11,9,17,16,19,5,3,10,4,14,16,7,131
2016,Bihar,SITAMARHI - BR30( 29-JAN-2018 ),2,HEAVY PASSENGER VEHICLE,0,0,0,0,0,0,0,0,1,0,0,0,1
2016,Bihar,SITAMARHI - BR30( 29-JAN-2018 ),3,LIGHT GOODS VEHICLE,97,90,160,51,45,61,81,113,84,163,108,232,"1,285"
2016,Bihar,SITAMARHI - BR30( 29-JAN-2018 ),4,LIGHT MOTOR VEHICLE,19,7,19,25,11,21,10,21,12,10,15,18,188
2016,Bihar,SITAMARHI - BR30( 29-JAN-2018 ),5,LIGHT PASSENGER VEHICLE,3,6,3,4,4,4,3,1,2,0,2,1,33
2016,Bihar,SITAMARHI - BR30( 29-JAN-2018 ),6,MEDIUM GOODS VEHICLE,0,0,0,0,0,0,1,0,0,1,2,1,5
2016,Bihar,SITAMARHI - BR30( 29-JAN-2018 ),7,MEDIUM PASSENGER VEHICLE,0,0,0,0,0,0,0,0,1,0,0,2,3
2016,Bihar,SITAMARHI - BR30( 29-JAN-2018 ),8,THREE WHEELER(T),55,95,80,57,78,95,73,96,117,159,118,98,"1,121"
2016,Bihar,SITAMARHI - BR30( 29-JAN-2018 ),9,TWO WHEELER(NT),"1,218","2,050","2,392","2,292","1,632","1,678","1,069","1,514","1,149","1,691","1,521","1,784","19,990"
2016,Bihar,SIWAN - BR29( 29-JAN-2018 ),1,HEAVY GOODS VEHICLE,6,10,5,6,7,7,4,8,7,3,2,1,66
2016,Bihar,SIWAN - BR29( 29-JAN-2018 ),2,HEAVY PASSENGER VEHICLE,2,1,2,3,3,5,5,1,3,5,1,3,34
2016,Bihar,SIWAN - BR29( 29-JAN-2018 ),3,LIGHT GOODS VEHICLE,112,152,175,76,115,122,120,140,92,124,188,132,"1,548"
2016,Bihar,SIWAN - BR29( 29-JAN-2018 ),4,LIGHT MOTOR VEHICLE,178,153,104,166,88,143,53,126,88,98,158,130,"1,485"
2016,Bihar,SIWAN - BR29( 29-JAN-2018 ),5,LIGHT PASSENGER VEHICLE,14,23,26,14,19,19,16,27,22,21,28,17,246
2016,Bihar,SIWAN - BR29( 29-JAN-2018 ),6,MEDIUM GOODS VEHICLE,1,0,1,1,1,1,0,2,1,0,0,1,9
2016,Bihar,SIWAN - BR29( 29-JAN-2018 ),7,MEDIUM PASSENGER VEHICLE,0,3,2,2,7,1,1,7,1,3,2,2,31
2016,Bihar,SIWAN - BR29( 29-JAN-2018 ),8,OTHER THAN MENTIONED ABOVE,0,0,0,0,0,0,0,1,0,0,0,0,1
2016,Bihar,SIWAN - BR29( 29-JAN-2018 ),9,THREE WHEELER(T),35,58,51,39,65,35,49,52,66,61,64,66,641
2016,Bihar,SIWAN - BR29( 29-JAN-2018 ),10,TWO WHEELER(NT),"1,551","2,319","2,732","4,012","1,846","3,892","2,813","1,864","1,938","2,143","2,933","2,127","30,170"
2016,Bihar,SUPAUL - BR50( 29-JAN-2018 ),1,HEAVY GOODS VEHICLE,12,2,11,4,6,1,4,13,0,6,1,3,63
2016,Bihar,SUPAUL - BR50( 29-JAN-2018 ),2,HEAVY PASSENGER VEHICLE,0,1,2,1,0,0,0,0,3,2,0,2,11
2016,Bihar,SUPAUL - BR50( 29-JAN-2018 ),3,LIGHT GOODS VEHICLE,115,104,79,116,53,90,112,82,77,107,151,164,"1,250"
2016,Bihar,SUPAUL - BR50( 29-JAN-2018 ),4,LIGHT MOTOR VEHICLE,14,18,20,9,8,19,16,8,12,22,12,26,184
2016,Bihar,SUPAUL - BR50( 29-JAN-2018 ),5,LIGHT PASSENGER VEHICLE,3,5,1,2,2,4,1,1,0,2,2,1,24
2016,Bihar,SUPAUL - BR50( 29-JAN-2018 ),6,MEDIUM GOODS VEHICLE,0,0,0,0,0,0,0,0,0,0,1,0,1
2016,Bihar,SUPAUL - BR50( 29-JAN-2018 ),7,MEDIUM PASSENGER VEHICLE,0,0,3,1,1,0,0,0,0,0,0,0,5
2016,Bihar,SUPAUL - BR50( 29-JAN-2018 ),8,THREE WHEELER(T),19,11,9,12,9,15,13,22,31,32,24,12,209
2016,Bihar,SUPAUL - BR50( 29-JAN-2018 ),9,TWO WHEELER(NT),904,908,"1,205","1,802","1,088","1,109",971,"1,464",922,784,873,"1,272","13,302"
2016,Bihar,VAISHALI - BR31( 13-FEB-2018 ),1,HEAVY GOODS VEHICLE,5,17,9,8,11,9,18,20,5,14,14,14,144
2016,Bihar,VAISHALI - BR31( 13-FEB-2018 ),2,HEAVY PASSENGER VEHICLE,1,14,4,2,7,1,9,0,2,3,4,0,47
2016,Bihar,VAISHALI - BR31( 13-FEB-2018 ),3,LIGHT GOODS VEHICLE,132,124,203,154,115,158,122,119,129,202,136,236,"1,830"
2016,Bihar,VAISHALI - BR31( 13-FEB-2018 ),4,LIGHT MOTOR VEHICLE,109,192,126,146,90,102,115,113,107,86,192,131,"1,509"
2016,Bihar,VAISHALI - BR31( 13-FEB-2018 ),5,LIGHT PASSENGER VEHICLE,7,4,15,8,3,9,2,2,6,3,6,5,70
2016,Bihar,VAISHALI - BR31( 13-FEB-2018 ),6,MEDIUM GOODS VEHICLE,3,0,1,0,0,1,1,2,1,1,0,2,12
2016,Bihar,VAISHALI - BR31( 13-FEB-2018 ),7,MEDIUM PASSENGER VEHICLE,2,0,1,4,2,2,1,2,3,1,2,0,20
2016,Bihar,VAISHALI - BR31( 13-FEB-2018 ),8,THREE WHEELER(T),60,57,71,34,60,43,53,85,84,113,80,61,801
2016,Bihar,VAISHALI - BR31( 13-FEB-2018 ),9,TWO WHEELER(NT),"1,648","1,992","2,251","3,560","2,940","2,846","2,594","2,018","2,064","2,226","3,450","1,998","29,587"
2016,Bihar,VAISHALI - BR31( 13-FEB-2018 ),10,TWO WHEELER(T),0,0,0,1,0,0,0,1,0,0,0,0,2
2015,Bihar,ARARIA - BR38( 30-JAN-2018 ),1,HEAVY GOODS VEHICLE,5,17,9,8,11,9,18,20,5,14,14,14,144
2015,Bihar,ARARIA - BR38( 30-JAN-2018 ),2,HEAVY PASSENGER VEHICLE,1,14,4,2,7,1,9,0,2,3,4,0,47
2015,Bihar,ARARIA - BR38( 30-JAN-2018 ),3,LIGHT GOODS VEHICLE,132,124,203,154,115,158,122,119,129,202,136,236,"1,830"
2015,Bihar,ARARIA - BR38( 30-JAN-2018 ),4,LIGHT MOTOR VEHICLE,109,192,126,146,90,102,115,113,107,86,192,131,"1,509"
2015,Bihar,ARARIA - BR38( 30-JAN-2018 ),5,LIGHT PASSENGER VEHICLE,7,4,15,8,3,9,2,2,6,3,6,5,70
2015,Bihar,ARARIA - BR38( 30-JAN-2018 ),6,MEDIUM GOODS VEHICLE,3,0,1,0,0,1,1,2,1,1,0,2,12
2015,Bihar,ARARIA - BR38( 30-JAN-2018 ),7,MEDIUM PASSENGER VEHICLE,2,0,1,4,2,2,1,2,3,1,2,0,20
2015,Bihar,ARARIA - BR38( 30-JAN-2018 ),8,THREE WHEELER(T),60,57,71,34,60,43,53,85,84,113,80,61,801
2015,Bihar,ARARIA - BR38( 30-JAN-2018 ),9,TWO WHEELER(NT),"1,648","1,992","2,251","3,560","2,940","2,846","2,594","2,018","2,064","2,226","3,450","1,998","29,587"
2015,Bihar,ARARIA - BR38( 30-JAN-2018 ),10,TWO WHEELER(T),0,0,0,1,0,0,0,1,0,0,0,0,2
2015,Bihar,ARAWAL - BR56( 22-MAY-2017 ),1,HEAVY GOODS VEHICLE,0,0,0,1,0,1,3,1,5,4,2,1,18
2015,Bihar,ARAWAL - BR56( 22-MAY-2017 ),2,HEAVY PASSENGER VEHICLE,0,0,1,0,1,1,1,0,0,0,0,0,4
2015,Bihar,ARAWAL - BR56( 22-MAY-2017 ),3,LIGHT GOODS VEHICLE,124,95,137,141,110,215,127,183,110,164,156,217,"1,779"
2015,Bihar,ARAWAL - BR56( 22-MAY-2017 ),4,LIGHT MOTOR VEHICLE,32,35,22,35,42,26,15,54,45,31,26,41,404
2015,Bihar,ARAWAL - BR56( 22-MAY-2017 ),5,LIGHT PASSENGER VEHICLE,1,0,2,1,0,1,0,0,0,0,1,0,6
2015,Bihar,ARAWAL - BR56( 22-MAY-2017 ),6,MEDIUM GOODS VEHICLE,0,0,1,1,0,1,0,0,0,0,0,0,3
2015,Bihar,ARAWAL - BR56( 22-MAY-2017 ),7,THREE WHEELER(T),40,17,42,23,30,46,32,71,58,62,97,65,583
2015,Bihar,ARAWAL - BR56( 22-MAY-2017 ),8,TWO WHEELER(NT),669,728,672,764,999,"1,031",790,"1,120",960,"1,260","1,076","1,425","11,494"
2015,Bihar,AURANGABAD - BR26( 13-JUN-2017 ),1,HEAVY GOODS VEHICLE,13,9,17,10,9,9,25,16,8,16,11,10,153
2015,Bihar,AURANGABAD - BR26( 13-JUN-2017 ),2,HEAVY PASSENGER VEHICLE,0,1,2,1,5,3,2,2,1,2,0,1,20
2015,Bihar,AURANGABAD - BR26( 13-JUN-2017 ),3,LIGHT GOODS VEHICLE,205,139,244,190,164,76,159,145,92,89,111,182,"1,796"
2015,Bihar,AURANGABAD - BR26( 13-JUN-2017 ),4,LIGHT MOTOR VEHICLE,50,48,52,51,62,56,32,53,53,43,62,65,627
2015,Bihar,AURANGABAD - BR26( 13-JUN-2017 ),5,LIGHT PASSENGER VEHICLE,13,6,7,20,15,7,8,2,11,8,5,11,113
2015,Bihar,AURANGABAD - BR26( 13-JUN-2017 ),6,MEDIUM GOODS VEHICLE,14,9,5,7,2,2,5,0,4,4,3,2,57
2015,Bihar,AURANGABAD - BR26( 13-JUN-2017 ),7,MEDIUM PASSENGER VEHICLE,0,0,4,0,0,0,1,0,0,0,1,0,6
2015,Bihar,AURANGABAD - BR26( 13-JUN-2017 ),8,OTHER THAN MENTIONED ABOVE,0,0,0,0,0,0,0,0,0,0,1,0,1
2015,Bihar,AURANGABAD - BR26( 13-JUN-2017 ),9,THREE WHEELER(T),106,82,79,91,102,58,82,99,130,166,172,118,"1,285"
2015,Bihar,AURANGABAD - BR26( 13-JUN-2017 ),10,TWO WHEELER (INVALID CARRIAGE),0,0,0,0,0,4,0,0,0,0,0,0,4
2015,Bihar,AURANGABAD - BR26( 13-JUN-2017 ),11,TWO WHEELER(NT),710,"1,020","1,072","1,228","1,654",961,539,635,651,458,904,650,"10,482"
2015,Bihar,BANKA - BR51( 06-FEB-2018 ),1,HEAVY GOODS VEHICLE,11,8,7,7,6,8,6,7,6,11,1,0,78
2015,Bihar,BANKA - BR51( 06-FEB-2018 ),2,HEAVY PASSENGER VEHICLE,0,0,4,0,4,2,4,0,1,0,0,0,15
2015,Bihar,BANKA - BR51( 06-FEB-2018 ),3,LIGHT GOODS VEHICLE,40,33,31,35,30,28,99,84,83,25,52,83,623
2015,Bihar,BANKA - BR51( 06-FEB-2018 ),4,LIGHT MOTOR VEHICLE,105,45,17,6,2,5,25,6,3,5,8,11,238
2015,Bihar,BANKA - BR51( 06-FEB-2018 ),5,LIGHT PASSENGER VEHICLE,3,1,2,0,3,1,2,2,2,1,2,2,21
2015,Bihar,BANKA - BR51( 06-FEB-2018 ),6,MEDIUM GOODS VEHICLE,0,0,1,0,1,0,0,0,0,0,0,0,2
2015,Bihar,BANKA - BR51( 06-FEB-2018 ),7,MEDIUM PASSENGER VEHICLE,0,0,0,0,0,0,0,0,0,0,1,0,1
2015,Bihar,BANKA - BR51( 06-FEB-2018 ),8,THREE WHEELER(T),5,2,0,3,2,5,3,3,15,4,9,5,56
2015,Bihar,BANKA - BR51( 06-FEB-2018 ),9,TWO WHEELER(NT),205,254,305,503,611,207,342,140,300,74,440,333,"3,714"
2015,Bihar,BEGUSARAI - BR9( 23-JAN-2018 ),1,HEAVY GOODS VEHICLE,37,24,23,16,14,26,16,9,14,17,19,23,238
2015,Bihar,BEGUSARAI - BR9( 23-JAN-2018 ),2,HEAVY PASSENGER VEHICLE,0,3,1,3,3,2,0,3,0,5,5,1,26
2015,Bihar,BEGUSARAI - BR9( 23-JAN-2018 ),3,LIGHT GOODS VEHICLE,155,106,209,140,158,94,96,139,137,116,164,164,"1,678"
2015,Bihar,BEGUSARAI - BR9( 23-JAN-2018 ),4,LIGHT MOTOR VEHICLE,90,79,94,82,102,104,70,96,83,84,113,118,"1,115"
2015,Bihar,BEGUSARAI - BR9( 23-JAN-2018 ),5,LIGHT PASSENGER VEHICLE,26,32,33,24,28,46,28,31,31,21,16,26,342
2015,Bihar,BEGUSARAI - BR9( 23-JAN-2018 ),6,MEDIUM GOODS VEHICLE,1,5,1,3,6,5,0,2,1,1,6,10,41
2015,Bihar,BEGUSARAI - BR9( 23-JAN-2018 ),7,MEDIUM PASSENGER VEHICLE,0,1,2,0,0,0,0,0,0,1,1,0,5
2015,Bihar,BEGUSARAI - BR9( 23-JAN-2018 ),8,THREE WHEELER(T),53,74,74,63,86,58,70,137,124,71,158,109,"1,077"
2015,Bihar,BEGUSARAI - BR9( 23-JAN-2018 ),9,TWO WHEELER(NT),774,927,851,"1,332","1,890","1,716",660,"1,544","1,052",822,"1,914","1,234","14,716"
2015,Bihar,BETTIAH - BR22( 22-SEP-2017 ),1,HEAVY GOODS VEHICLE,0,2,2,4,2,4,1,3,2,2,5,0,27
2015,Bihar,BETTIAH - BR22( 22-SEP-2017 ),2,HEAVY PASSENGER VEHICLE,0,1,0,0,1,1,0,1,1,0,0,0,5
2015,Bihar,BETTIAH - BR22( 22-SEP-2017 ),3,LIGHT GOODS VEHICLE,229,224,336,166,121,162,151,126,143,181,201,268,"2,308"
2015,Bihar,BETTIAH - BR22( 22-SEP-2017 ),4,LIGHT MOTOR VEHICLE,44,62,54,54,60,66,31,60,51,35,60,74,651
2015,Bihar,BETTIAH - BR22( 22-SEP-2017 ),5,LIGHT PASSENGER VEHICLE,11,13,6,15,7,18,6,11,4,4,6,10,111
2015,Bihar,BETTIAH - BR22( 22-SEP-2017 ),6,MEDIUM GOODS VEHICLE,1,1,1,0,2,1,0,0,0,0,0,1,7
2015,Bihar,BETTIAH - BR22( 22-SEP-2017 ),7,MEDIUM PASSENGER VEHICLE,0,1,3,2,1,0,0,3,0,0,1,0,11
2015,Bihar,BETTIAH - BR22( 22-SEP-2017 ),8,THREE WHEELER(T),45,32,43,28,29,49,40,42,68,64,57,83,580
2015,Bihar,BETTIAH - BR22( 22-SEP-2017 ),9,TWO WHEELER(NT),"1,689","1,753","2,169","1,601","1,554","1,132","1,166","1,184","1,252","1,185","2,357","1,464","18,506"
2015,Bihar,BHABHUA - BR45( 23-JAN-2018 ),1,HEAVY GOODS VEHICLE,5,6,1,2,3,6,2,8,4,1,0,1,39
2015,Bihar,BHABHUA - BR45( 23-JAN-2018 ),2,HEAVY PASSENGER VEHICLE,0,0,4,3,2,3,1,4,1,1,0,2,21
2015,Bihar,BHABHUA - BR45( 23-JAN-2018 ),3,LIGHT GOODS VEHICLE,97,136,130,74,81,64,152,92,93,100,73,159,"1,251"
2015,Bihar,BHABHUA - BR45( 23-JAN-2018 ),4,LIGHT MOTOR VEHICLE,22,10,13,22,13,12,18,41,34,20,8,20,233
2015,Bihar,BHABHUA - BR45( 23-JAN-2018 ),5,LIGHT PASSENGER VEHICLE,3,2,1,1,4,2,0,2,0,1,1,1,18
2015,Bihar,BHABHUA - BR45( 23-JAN-2018 ),6,MEDIUM GOODS VEHICLE,4,0,0,2,2,1,1,0,1,1,2,1,15
2015,Bihar,BHABHUA - BR45( 23-JAN-2018 ),7,MEDIUM PASSENGER VEHICLE,0,0,1,1,0,2,1,1,0,1,3,1,11
2015,Bihar,BHABHUA - BR45( 23-JAN-2018 ),8,THREE WHEELER(T),15,14,3,16,6,21,9,13,26,23,18,29,193
2015,Bihar,BHABHUA - BR45( 23-JAN-2018 ),9,TWO WHEELER(NT),439,451,506,500,597,57,662,557,421,112,180,711,"5,193"
2015,Bihar,BHAGALPUR - BR10( 07-FEB-2018 ),1,HEAVY GOODS VEHICLE,21,21,28,37,17,25,17,21,32,23,16,23,281
2015,Bihar,BHAGALPUR - BR10( 07-FEB-2018 ),2,HEAVY PASSENGER VEHICLE,0,3,5,5,3,1,1,2,0,1,1,2,24
2015,Bihar,BHAGALPUR - BR10( 07-FEB-2018 ),3,LIGHT GOODS VEHICLE,159,158,173,126,151,199,178,262,207,137,159,146,"2,055"
2015,Bihar,BHAGALPUR - BR10( 07-FEB-2018 ),4,LIGHT MOTOR VEHICLE,99,85,150,71,125,141,98,98,115,93,144,158,"1,377"
2015,Bihar,BHAGALPUR - BR10( 07-FEB-2018 ),5,LIGHT PASSENGER VEHICLE,18,27,19,18,19,26,12,24,17,9,21,16,226
2015,Bihar,BHAGALPUR - BR10( 07-FEB-2018 ),6,MEDIUM GOODS VEHICLE,0,0,1,1,0,1,1,0,1,0,0,0,5
2015,Bihar,BHAGALPUR - BR10( 07-FEB-2018 ),7,MEDIUM PASSENGER VEHICLE,0,0,1,1,0,0,0,1,0,0,0,0,3
2015,Bihar,BHAGALPUR - BR10( 07-FEB-2018 ),8,OTHER THAN MENTIONED ABOVE,0,0,0,1,0,0,0,0,0,0,0,0,1
2015,Bihar,BHAGALPUR - BR10( 07-FEB-2018 ),9,THREE WHEELER(T),118,90,105,76,83,155,127,186,196,174,238,150,"1,698"
2015,Bihar,BHAGALPUR - BR10( 07-FEB-2018 ),10,TWO WHEELER (INVALID CARRIAGE),0,0,1,0,0,0,0,0,0,1,0,0,2
2015,Bihar,BHAGALPUR - BR10( 07-FEB-2018 ),11,TWO WHEELER(NT),923,"1,073","1,056","1,154","1,469","1,565","1,215","1,144","1,135","1,072","1,358","1,939","15,103"
2015,Bihar,BHOJPUR - BR3( 15-FEB-2018 ),1,HEAVY GOODS VEHICLE,4,14,4,5,3,12,2,5,11,15,6,12,93
2015,Bihar,BHOJPUR - BR3( 15-FEB-2018 ),2,HEAVY PASSENGER VEHICLE,1,2,3,2,1,0,0,0,0,0,0,0,9
2015,Bihar,BHOJPUR - BR3( 15-FEB-2018 ),3,LIGHT GOODS VEHICLE,141,162,179,121,183,220,222,256,155,166,143,174,"2,122"
2015,Bihar,BHOJPUR - BR3( 15-FEB-2018 ),4,LIGHT MOTOR VEHICLE,60,64,53,53,67,41,73,41,56,91,85,99,783
2015,Bihar,BHOJPUR - BR3( 15-FEB-2018 ),5,LIGHT PASSENGER VEHICLE,11,17,22,7,16,10,8,15,11,11,16,22,166
2015,Bihar,BHOJPUR - BR3( 15-FEB-2018 ),6,MEDIUM GOODS VEHICLE,0,0,0,0,0,0,0,0,1,0,2,1,4
2015,Bihar,BHOJPUR - BR3( 15-FEB-2018 ),7,MEDIUM PASSENGER VEHICLE,1,5,6,6,6,3,1,3,3,1,4,2,41
2015,Bihar,BHOJPUR - BR3( 15-FEB-2018 ),8,THREE WHEELER(T),100,82,75,50,60,88,78,106,69,172,85,126,"1,091"
2015,Bihar,BHOJPUR - BR3( 15-FEB-2018 ),9,TWO WHEELER(NT),"1,083","1,272",994,890,"1,201",587,"3,134","1,302",704,985,934,"2,484","15,570"
2015,Bihar,BUXUR - BR44( 01-FEB-2018 ),1,HEAVY GOODS VEHICLE,2,4,6,3,2,0,1,8,5,3,6,4,44
2015,Bihar,BUXUR - BR44( 01-FEB-2018 ),2,HEAVY PASSENGER VEHICLE,0,0,0,1,5,3,0,0,0,0,2,1,12
2015,Bihar,BUXUR - BR44( 01-FEB-2018 ),3,LIGHT GOODS VEHICLE,152,122,161,91,103,199,198,189,145,132,94,269,"1,855"
2015,Bihar,BUXUR - BR44( 01-FEB-2018 ),4,LIGHT MOTOR VEHICLE,34,36,28,25,21,22,19,42,17,12,42,33,331
2015,Bihar,BUXUR - BR44( 01-FEB-2018 ),5,LIGHT PASSENGER VEHICLE,4,7,6,2,4,2,1,2,3,1,2,3,37
2015,Bihar,BUXUR - BR44( 01-FEB-2018 ),6,MEDIUM GOODS VEHICLE,2,1,2,1,0,3,0,0,2,0,1,5,17
2015,Bihar,BUXUR - BR44( 01-FEB-2018 ),7,MEDIUM PASSENGER VEHICLE,1,3,0,1,0,0,0,2,1,0,0,4,12
2015,Bihar,BUXUR - BR44( 01-FEB-2018 ),8,THREE WHEELER(T),26,35,32,30,33,33,24,25,25,28,57,58,406
2015,Bihar,BUXUR - BR44( 01-FEB-2018 ),9,TWO WHEELER(NT),436,685,537,499,729,578,440,342,548,405,822,"1,101","7,122"
2015,Bihar,CHAPARA - BR4( 29-JAN-2018 ),1,HEAVY GOODS VEHICLE,25,47,30,35,19,41,23,26,37,40,36,26,385
2015,Bihar,CHAPARA - BR4( 29-JAN-2018 ),2,HEAVY PASSENGER VEHICLE,0,9,3,2,4,1,3,1,3,3,3,2,34
2015,Bihar,CHAPARA - BR4( 29-JAN-2018 ),3,LIGHT GOODS VEHICLE,91,82,102,64,58,112,107,89,112,96,113,129,"1,155"
2015,Bihar,CHAPARA - BR4( 29-JAN-2018 ),4,LIGHT MOTOR VEHICLE,85,43,20,87,60,68,65,59,42,57,33,137,756
2015,Bihar,CHAPARA - BR4( 29-JAN-2018 ),5,LIGHT PASSENGER VEHICLE,9,17,35,4,11,11,1,8,13,6,9,15,139
2015,Bihar,CHAPARA - BR4( 29-JAN-2018 ),6,MEDIUM GOODS VEHICLE,3,0,2,2,1,0,1,0,0,0,0,0,9
2015,Bihar,CHAPARA - BR4( 29-JAN-2018 ),7,MEDIUM PASSENGER VEHICLE,1,0,1,1,1,1,0,1,1,1,0,0,8
2015,Bihar,CHAPARA - BR4( 29-JAN-2018 ),8,THREE WHEELER(T),60,50,57,50,18,60,56,57,50,51,59,72,640
2015,Bihar,CHAPARA - BR4( 29-JAN-2018 ),9,TWO WHEELER(NT),"1,224","1,335","1,374","2,324","2,643","1,623",808,906,"1,171","1,001","2,178","1,254","17,841"
2015,Bihar,DARBHANGA - BR7( 30-JAN-2018 ),1,HEAVY GOODS VEHICLE,8,5,4,6,4,8,6,7,1,4,2,3,58
2015,Bihar,DARBHANGA - BR7( 30-JAN-2018 ),2,HEAVY PASSENGER VEHICLE,2,2,0,4,1,3,1,1,0,0,1,1,16
2015,Bihar,DARBHANGA - BR7( 30-JAN-2018 ),3,LIGHT GOODS VEHICLE,157,172,160,99,154,184,106,203,115,167,137,190,"1,844"
2015,Bihar,DARBHANGA - BR7( 30-JAN-2018 ),4,LIGHT MOTOR VEHICLE,149,131,123,115,123,131,93,116,114,112,208,140,"1,555"
2015,Bihar,DARBHANGA - BR7( 30-JAN-2018 ),5,LIGHT PASSENGER VEHICLE,51,39,48,42,38,47,16,33,26,24,21,35,420
2015,Bihar,DARBHANGA - BR7( 30-JAN-2018 ),6,MEDIUM GOODS VEHICLE,1,2,2,2,1,0,1,1,0,0,1,1,12
2015,Bihar,DARBHANGA - BR7( 30-JAN-2018 ),7,MEDIUM MOTOR VEHICLE,0,1,0,0,0,0,0,0,0,0,0,0,1
2015,Bihar,DARBHANGA - BR7( 30-JAN-2018 ),8,MEDIUM PASSENGER VEHICLE,1,0,2,0,0,2,1,1,0,2,2,3,14
2015,Bihar,DARBHANGA - BR7( 30-JAN-2018 ),9,THREE WHEELER(T),151,161,176,107,159,223,117,228,190,270,230,195,"2,207"
2015,Bihar,DARBHANGA - BR7( 30-JAN-2018 ),10,TWO WHEELER(NT),"1,327","1,650","1,783","2,109","2,428","2,191","1,053","1,478","1,554","1,557","2,060","1,599","20,789"
2015,Bihar,GAYA - BR2( 06-SEP-2017 ),1,HEAVY GOODS VEHICLE,47,38,52,42,46,50,36,59,69,39,51,84,613
2015,Bihar,GAYA - BR2( 06-SEP-2017 ),2,HEAVY PASSENGER VEHICLE,16,9,16,8,10,4,3,6,7,14,7,5,105
2015,Bihar,GAYA - BR2( 06-SEP-2017 ),3,LIGHT GOODS VEHICLE,223,206,164,161,126,248,237,210,143,137,174,295,"2,324"
2015,Bihar,GAYA - BR2( 06-SEP-2017 ),4,LIGHT MOTOR VEHICLE,226,180,153,167,216,164,103,135,174,161,239,213,"2,131"
2015,Bihar,GAYA - BR2( 06-SEP-2017 ),5,LIGHT PASSENGER VEHICLE,28,46,42,23,64,23,33,35,24,22,31,29,400
2015,Bihar,GAYA - BR2( 06-SEP-2017 ),6,MEDIUM GOODS VEHICLE,1,2,0,3,1,3,0,2,1,0,1,0,14
2015,Bihar,GAYA - BR2( 06-SEP-2017 ),7,MEDIUM MOTOR VEHICLE,0,0,0,1,0,0,0,1,0,0,0,0,2
2015,Bihar,GAYA - BR2( 06-SEP-2017 ),8,MEDIUM PASSENGER VEHICLE,4,2,7,5,1,1,1,6,4,1,1,0,33
2015,Bihar,GAYA - BR2( 06-SEP-2017 ),9,THREE WHEELER(T),183,150,153,120,126,208,193,222,376,199,394,302,"2,626"
2015,Bihar,GAYA - BR2( 06-SEP-2017 ),10,TWO WHEELER (INVALID CARRIAGE),0,0,0,2,0,0,0,0,0,1,1,2,6
2015,Bihar,GAYA - BR2( 06-SEP-2017 ),11,TWO WHEELER(NT),"1,741","1,897","2,100","3,621","3,527","1,969","1,293","1,380","1,678","1,582","2,920","1,838","25,546"
2015,Bihar,GOPALGANJ - BR28( 08-JUN-2017 ),1,HEAVY GOODS VEHICLE,11,6,8,9,9,8,6,8,29,14,8,17,133
2015,Bihar,GOPALGANJ - BR28( 08-JUN-2017 ),2,HEAVY PASSENGER VEHICLE,3,2,2,0,1,3,3,1,5,0,1,3,24
2015,Bihar,GOPALGANJ - BR28( 08-JUN-2017 ),3,LIGHT GOODS VEHICLE,99,105,108,68,73,81,85,59,84,65,53,202,"1,082"
2015,Bihar,GOPALGANJ - BR28( 08-JUN-2017 ),4,LIGHT MOTOR VEHICLE,78,96,63,75,80,112,59,33,76,63,74,93,902
2015,Bihar,GOPALGANJ - BR28( 08-JUN-2017 ),5,LIGHT PASSENGER VEHICLE,14,15,8,3,15,8,5,7,9,4,7,4,99
2015,Bihar,GOPALGANJ - BR28( 08-JUN-2017 ),6,MEDIUM GOODS VEHICLE,1,0,0,1,3,0,1,0,0,0,0,1,7
2015,Bihar,GOPALGANJ - BR28( 08-JUN-2017 ),7,MEDIUM PASSENGER VEHICLE,0,0,1,0,1,2,2,2,0,0,0,0,8
2015,Bihar,GOPALGANJ - BR28( 08-JUN-2017 ),8,OTHER THAN MENTIONED ABOVE,0,0,1,0,0,0,0,0,1,0,0,0,2
2015,Bihar,GOPALGANJ - BR28( 08-JUN-2017 ),9,THREE WHEELER(T),36,55,15,19,16,17,16,25,45,19,10,35,308
2015,Bihar,GOPALGANJ - BR28( 08-JUN-2017 ),10,TWO WHEELER(NT),"1,127","1,355","1,621","2,503","3,119","1,612","1,025","1,100",784,983,"1,690","1,071","17,990"
2015,Bihar,JAMUI - BR46( 07-JUN-2017 ),1,HEAVY GOODS VEHICLE,0,2,5,5,5,3,2,0,5,2,3,5,37
2015,Bihar,JAMUI - BR46( 07-JUN-2017 ),2,HEAVY PASSENGER VEHICLE,0,0,0,1,0,1,0,0,0,0,0,0,2
2015,Bihar,JAMUI - BR46( 07-JUN-2017 ),3,LIGHT GOODS VEHICLE,111,81,78,54,38,57,116,35,57,41,33,68,769
2015,Bihar,JAMUI - BR46( 07-JUN-2017 ),4,LIGHT MOTOR VEHICLE,15,19,8,3,1,17,5,10,12,7,19,13,129
2015,Bihar,JAMUI - BR46( 07-JUN-2017 ),5,LIGHT PASSENGER VEHICLE,2,7,6,6,4,4,0,1,2,4,3,3,42
2015,Bihar,JAMUI - BR46( 07-JUN-2017 ),6,MEDIUM GOODS VEHICLE,0,0,0,0,0,0,0,0,0,0,0,2,2
2015,Bihar,JAMUI - BR46( 07-JUN-2017 ),7,MEDIUM PASSENGER VEHICLE,0,0,1,0,0,0,1,0,1,0,0,0,3
2015,Bihar,JAMUI - BR46( 07-JUN-2017 ),8,THREE WHEELER(T),30,29,29,28,14,20,56,36,56,67,80,39,484
2015,Bihar,JAMUI - BR46( 07-JUN-2017 ),9,TWO WHEELER(NT),349,336,428,442,466,624,266,246,311,243,565,470,"4,746"
2015,Bihar,JEHANABAD - BR25( 26-MAY-2017 ),1,HEAVY GOODS VEHICLE,28,30,32,36,48,39,27,24,48,46,40,64,462
2015,Bihar,JEHANABAD - BR25( 26-MAY-2017 ),2,HEAVY PASSENGER VEHICLE,2,2,3,5,1,2,2,3,1,4,1,2,28
2015,Bihar,JEHANABAD - BR25( 26-MAY-2017 ),3,LIGHT GOODS VEHICLE,96,50,74,113,41,97,128,54,55,97,83,80,968
2015,Bihar,JEHANABAD - BR25( 26-MAY-2017 ),4,LIGHT MOTOR VEHICLE,5,7,10,11,3,20,7,7,6,7,7,4,94
2015,Bihar,JEHANABAD - BR25( 26-MAY-2017 ),5,LIGHT PASSENGER VEHICLE,1,5,3,5,3,4,4,2,1,3,1,1,33
2015,Bihar,JEHANABAD - BR25( 26-MAY-2017 ),6,MEDIUM GOODS VEHICLE,1,0,0,1,0,0,0,0,1,1,2,1,7
2015,Bihar,JEHANABAD - BR25( 26-MAY-2017 ),7,MEDIUM PASSENGER VEHICLE,0,0,0,0,0,0,1,0,0,1,0,0,2
2015,Bihar,JEHANABAD - BR25( 26-MAY-2017 ),8,THREE WHEELER(T),36,37,37,31,27,40,28,39,55,33,57,40,460
2015,Bihar,JEHANABAD - BR25( 26-MAY-2017 ),9,TWO WHEELER(NT),140,168,194,374,245,391,289,257,347,56,391,376,"3,228"
2015,Bihar,KATIHAR - BR39( 23-JAN-2018 ),1,HEAVY GOODS VEHICLE,5,5,2,2,6,5,8,4,5,8,4,5,59
2015,Bihar,KATIHAR - BR39( 23-JAN-2018 ),2,HEAVY PASSENGER VEHICLE,1,2,1,1,1,1,0,0,0,0,0,1,8
2015,Bihar,KATIHAR - BR39( 23-JAN-2018 ),3,LIGHT GOODS VEHICLE,86,91,102,69,128,108,140,91,84,175,100,118,"1,292"
2015,Bihar,KATIHAR - BR39( 23-JAN-2018 ),4,LIGHT MOTOR VEHICLE,22,24,22,10,17,47,35,35,32,26,27,17,314
2015,Bihar,KATIHAR - BR39( 23-JAN-2018 ),5,LIGHT PASSENGER VEHICLE,1,1,0,1,1,1,0,2,4,1,2,3,17
2015,Bihar,KATIHAR - BR39( 23-JAN-2018 ),6,MEDIUM GOODS VEHICLE,2,2,1,3,0,4,1,1,0,1,0,1,16
2015,Bihar,KATIHAR - BR39( 23-JAN-2018 ),7,MEDIUM PASSENGER VEHICLE,0,0,0,0,0,1,0,0,0,0,0,0,1
2015,Bihar,KATIHAR - BR39( 23-JAN-2018 ),8,THREE WHEELER(T),7,4,13,5,9,14,13,6,16,17,13,13,130
2015,Bihar,KATIHAR - BR39( 23-JAN-2018 ),9,TWO WHEELER(NT),"1,271","1,373","1,443","1,444","2,496","2,456","1,505","1,663","1,381","1,359","1,902","1,169","19,462"
2015,Bihar,KHAGARIA - BR34( 01-FEB-2018 ),1,HEAVY GOODS VEHICLE,1,1,3,1,0,0,1,1,1,1,2,0,12
2015,Bihar,KHAGARIA - BR34( 01-FEB-2018 ),2,HEAVY PASSENGER VEHICLE,0,1,0,0,0,0,1,0,1,0,1,0,4
2015,Bihar,KHAGARIA - BR34( 01-FEB-2018 ),3,LIGHT GOODS VEHICLE,108,88,90,119,90,111,122,103,41,98,108,99,"1,177"
2015,Bihar,KHAGARIA - BR34( 01-FEB-2018 ),4,LIGHT MOTOR VEHICLE,4,3,2,2,6,9,14,6,6,3,4,9,68
2015,Bihar,KHAGARIA - BR34( 01-FEB-2018 ),5,LIGHT PASSENGER VEHICLE,3,2,5,3,4,5,4,1,1,0,1,3,32
2015,Bihar,KHAGARIA - BR34( 01-FEB-2018 ),6,MEDIUM GOODS VEHICLE,1,0,0,0,0,0,1,0,0,0,0,0,2
2015,Bihar,KHAGARIA - BR34( 01-FEB-2018 ),7,THREE WHEELER(T),28,18,34,19,24,21,27,32,36,27,30,36,332
2015,Bihar,KHAGARIA - BR34( 01-FEB-2018 ),8,TWO WHEELER(NT),420,440,466,578,729,836,540,507,474,292,795,667,"6,744"
2015,Bihar,KISHANGANJ - BR37( 07-FEB-2018 ),1,HEAVY GOODS VEHICLE,0,0,0,0,0,0,0,0,0,1,2,1,4
2015,Bihar,KISHANGANJ - BR37( 07-FEB-2018 ),2,HEAVY PASSENGER VEHICLE,0,0,0,0,0,5,1,3,0,2,0,0,11
2015,Bihar,KISHANGANJ - BR37( 07-FEB-2018 ),3,LIGHT GOODS VEHICLE,51,20,76,37,35,38,56,53,50,48,43,77,584
2015,Bihar,KISHANGANJ - BR37( 07-FEB-2018 ),4,LIGHT MOTOR VEHICLE,26,28,9,17,57,14,64,19,38,49,3,39,363
2015,Bihar,KISHANGANJ - BR37( 07-FEB-2018 ),5,LIGHT PASSENGER VEHICLE,1,0,1,3,1,0,3,8,4,0,1,2,24
2015,Bihar,KISHANGANJ - BR37( 07-FEB-2018 ),6,MEDIUM GOODS VEHICLE,1,0,0,0,1,0,0,0,4,0,0,0,6
2015,Bihar,KISHANGANJ - BR37( 07-FEB-2018 ),7,MEDIUM PASSENGER VEHICLE,0,0,0,0,1,1,1,0,0,0,0,0,3
2015,Bihar,KISHANGANJ - BR37( 07-FEB-2018 ),8,THREE WHEELER(T),20,11,15,22,18,13,22,4,33,24,20,23,225
2015,Bihar,KISHANGANJ - BR37( 07-FEB-2018 ),9,TWO WHEELER(NT),41,146,771,983,"1,695","1,242","1,296","3,898","2,315",802,27,806,"14,022"
2015,Bihar,LAKHISARAI - BR53( 27-JAN-2017 ),1,HEAVY GOODS VEHICLE,8,5,0,2,3,4,0,2,7,4,5,3,43
2015,Bihar,LAKHISARAI - BR53( 27-JAN-2017 ),2,HEAVY PASSENGER VEHICLE,0,0,0,0,1,2,0,1,1,0,0,0,5
2015,Bihar,LAKHISARAI - BR53( 27-JAN-2017 ),3,LIGHT GOODS VEHICLE,58,50,46,61,34,49,58,86,64,38,35,54,633
2015,Bihar,LAKHISARAI - BR53( 27-JAN-2017 ),4,LIGHT MOTOR VEHICLE,7,11,8,10,9,10,17,7,8,7,7,16,117
2015,Bihar,LAKHISARAI - BR53( 27-JAN-2017 ),5,LIGHT PASSENGER VEHICLE,7,7,5,7,6,5,1,7,5,2,4,9,65
2015,Bihar,LAKHISARAI - BR53( 27-JAN-2017 ),6,MEDIUM GOODS VEHICLE,2,2,0,0,0,0,0,0,2,0,0,1,7
2015,Bihar,LAKHISARAI - BR53( 27-JAN-2017 ),7,THREE WHEELER(T),0,1,1,1,2,1,2,2,1,2,1,8,22
2015,Bihar,LAKHISARAI - BR53( 27-JAN-2017 ),8,TWO WHEELER(NT),218,186,333,372,393,286,120,174,232,136,527,202,"3,179"
2015,Bihar,MADHEPURA - BR43( 02-JUN-2017 ),1,HEAVY GOODS VEHICLE,4,0,3,0,2,4,0,6,4,0,1,2,26
2015,Bihar,MADHEPURA - BR43( 02-JUN-2017 ),2,HEAVY PASSENGER VEHICLE,0,0,0,1,0,0,0,0,0,1,0,2,4
2015,Bihar,MADHEPURA - BR43( 02-JUN-2017 ),3,LIGHT GOODS VEHICLE,69,68,64,18,67,105,125,101,58,171,123,206,"1,175"
2015,Bihar,MADHEPURA - BR43( 02-JUN-2017 ),4,LIGHT MOTOR VEHICLE,28,18,9,3,13,8,12,12,38,17,11,12,181
2015,Bihar,MADHEPURA - BR43( 02-JUN-2017 ),5,LIGHT PASSENGER VEHICLE,6,3,2,1,1,0,3,1,2,3,0,1,23
2015,Bihar,MADHEPURA - BR43( 02-JUN-2017 ),6,MEDIUM GOODS VEHICLE,2,0,0,0,0,0,0,0,0,0,0,1,3
2015,Bihar,MADHEPURA - BR43( 02-JUN-2017 ),7,MEDIUM PASSENGER VEHICLE,0,1,0,1,0,0,0,0,1,1,0,0,4
2015,Bihar,MADHEPURA - BR43( 02-JUN-2017 ),8,OTHER THAN MENTIONED ABOVE,1,0,0,0,0,0,0,0,0,0,0,0,1
2015,Bihar,MADHEPURA - BR43( 02-JUN-2017 ),9,THREE WHEELER(T),44,60,51,18,30,40,82,71,80,101,78,150,805
2015,Bihar,MADHEPURA - BR43( 02-JUN-2017 ),10,TWO WHEELER(NT),653,750,890,643,"1,306","1,389",845,886,655,405,723,923,"10,068"
2015,Bihar,MADHUBANI - BR32( 01-FEB-2018 ),1,HEAVY GOODS VEHICLE,2,0,0,0,1,3,0,0,0,0,0,2,8
2015,Bihar,MADHUBANI - BR32( 01-FEB-2018 ),2,HEAVY PASSENGER VEHICLE,1,3,1,0,0,1,0,3,0,0,0,0,9
2015,Bihar,MADHUBANI - BR32( 01-FEB-2018 ),3,LIGHT GOODS VEHICLE,150,115,112,77,94,181,216,200,157,206,207,326,"2,041"
2015,Bihar,MADHUBANI - BR32( 01-FEB-2018 ),4,LIGHT MOTOR VEHICLE,21,26,16,23,30,21,20,58,22,31,24,37,329
2015,Bihar,MADHUBANI - BR32( 01-FEB-2018 ),5,LIGHT PASSENGER VEHICLE,10,3,6,8,13,16,8,24,18,13,11,13,143
2015,Bihar,MADHUBANI - BR32( 01-FEB-2018 ),6,MEDIUM PASSENGER VEHICLE,0,0,1,0,2,0,0,0,0,0,0,0,3
2015,Bihar,MADHUBANI - BR32( 01-FEB-2018 ),7,THREE WHEELER(T),29,23,30,29,45,48,39,62,39,75,64,50,533
2015,Bihar,MADHUBANI - BR32( 01-FEB-2018 ),8,TWO WHEELER(NT),"1,172","1,965","1,713","1,674","2,999","1,851","1,017","1,235","1,018","1,482","1,855","1,717","19,698"
2015,Bihar,MOTIHARI - BR5( 05-JUL-2017 ),1,HEAVY GOODS VEHICLE,11,6,6,4,11,7,10,6,11,6,2,3,83
2015,Bihar,MOTIHARI - BR5( 05-JUL-2017 ),2,HEAVY PASSENGER VEHICLE,2,2,1,1,2,3,1,3,6,1,0,1,23
2015,Bihar,MOTIHARI - BR5( 05-JUL-2017 ),3,LIGHT GOODS VEHICLE,179,208,179,87,125,199,175,145,162,176,206,231,"2,072"
2015,Bihar,MOTIHARI - BR5( 05-JUL-2017 ),4,LIGHT MOTOR VEHICLE,86,90,58,64,57,98,91,61,85,70,89,77,926
2015,Bihar,MOTIHARI - BR5( 05-JUL-2017 ),5,LIGHT PASSENGER VEHICLE,30,28,12,12,9,18,13,18,18,18,11,16,203
2015,Bihar,MOTIHARI - BR5( 05-JUL-2017 ),6,MEDIUM GOODS VEHICLE,1,6,4,2,3,7,1,2,4,3,3,5,41
2015,Bihar,MOTIHARI - BR5( 05-JUL-2017 ),7,MEDIUM PASSENGER VEHICLE,0,0,3,2,0,1,0,1,0,0,0,0,7
2015,Bihar,MOTIHARI - BR5( 05-JUL-2017 ),8,OTHER THAN MENTIONED ABOVE,0,0,0,0,0,0,1,0,0,0,0,0,1
2015,Bihar,MOTIHARI - BR5( 05-JUL-2017 ),9,THREE WHEELER(T),59,75,68,37,45,60,73,64,80,133,77,102,873
2015,Bihar,MOTIHARI - BR5( 05-JUL-2017 ),10,TWO WHEELER(NT),"1,680","1,647","1,998","2,165","2,398","1,797","1,284","1,326","1,283","1,598","2,295","1,688","21,159"
2015,Bihar,MUNGER - BR8( 06-FEB-2018 ),1,HEAVY GOODS VEHICLE,1,0,1,1,2,0,1,2,5,2,0,2,17
2015,Bihar,MUNGER - BR8( 06-FEB-2018 ),2,LIGHT GOODS VEHICLE,46,26,20,17,36,20,16,34,27,20,31,25,318
2015,Bihar,MUNGER - BR8( 06-FEB-2018 ),3,LIGHT MOTOR VEHICLE,6,7,5,8,15,19,4,5,4,4,11,23,111
2015,Bihar,MUNGER - BR8( 06-FEB-2018 ),4,LIGHT PASSENGER VEHICLE,3,4,3,3,6,4,6,3,3,2,6,5,48
2015,Bihar,MUNGER - BR8( 06-FEB-2018 ),5,MEDIUM GOODS VEHICLE,0,0,0,0,0,0,0,1,0,1,0,1,3
2015,Bihar,MUNGER - BR8( 06-FEB-2018 ),6,OTHER THAN MENTIONED ABOVE,0,0,0,0,0,0,1,0,0,0,0,0,1
2015,Bihar,MUNGER - BR8( 06-FEB-2018 ),7,THREE WHEELER(T),29,20,16,25,41,22,28,19,52,39,47,24,362
2015,Bihar,MUNGER - BR8( 06-FEB-2018 ),8,TWO WHEELER(NT),351,408,441,403,546,740,581,558,524,412,816,551,"6,331"
2015,Bihar,MUZAFFARPUR - BR6( 01-FEB-2018 ),1,HEAVY GOODS VEHICLE,118,137,212,231,194,173,172,172,131,182,149,199,"2,070"
2015,Bihar,MUZAFFARPUR - BR6( 01-FEB-2018 ),2,HEAVY PASSENGER VEHICLE,15,13,23,13,22,14,14,14,7,8,9,10,162
2015,Bihar,MUZAFFARPUR - BR6( 01-FEB-2018 ),3,LIGHT GOODS VEHICLE,207,173,193,112,115,155,99,98,154,115,123,136,"1,680"
2015,Bihar,MUZAFFARPUR - BR6( 01-FEB-2018 ),4,LIGHT MOTOR VEHICLE,355,314,394,363,366,362,230,355,262,307,510,380,"4,198"
2015,Bihar,MUZAFFARPUR - BR6( 01-FEB-2018 ),5,LIGHT PASSENGER VEHICLE,39,32,59,29,42,32,35,37,27,30,40,48,450
2015,Bihar,MUZAFFARPUR - BR6( 01-FEB-2018 ),6,MEDIUM GOODS VEHICLE,4,2,6,1,4,7,1,0,10,1,1,4,41
2015,Bihar,MUZAFFARPUR - BR6( 01-FEB-2018 ),7,MEDIUM MOTOR VEHICLE,0,0,0,0,0,0,0,0,0,1,0,0,1
2015,Bihar,MUZAFFARPUR - BR6( 01-FEB-2018 ),8,MEDIUM PASSENGER VEHICLE,3,2,5,2,5,8,4,1,2,4,2,2,40
2015,Bihar,MUZAFFARPUR - BR6( 01-FEB-2018 ),9,OTHER THAN MENTIONED ABOVE,0,0,0,0,0,0,0,1,0,0,0,0,1
2015,Bihar,MUZAFFARPUR - BR6( 01-FEB-2018 ),10,THREE WHEELER(T),164,118,167,88,157,225,178,239,277,232,283,274,"2,402"
2015,Bihar,MUZAFFARPUR - BR6( 01-FEB-2018 ),11,TWO WHEELER(NT),"2,870","3,696","4,174","5,770","6,422","5,904","3,454","3,626","3,559","3,461","5,366","3,345","51,647"
2015,Bihar,NALANDA - BR21( 01-FEB-2018 ),1,HEAVY GOODS VEHICLE,10,13,11,22,16,7,11,10,11,6,19,15,151
2015,Bihar,NALANDA - BR21( 01-FEB-2018 ),2,HEAVY PASSENGER VEHICLE,9,7,5,8,6,1,5,3,3,0,3,3,53
2015,Bihar,NALANDA - BR21( 01-FEB-2018 ),3,LIGHT GOODS VEHICLE,112,181,136,145,149,183,165,190,186,110,92,156,"1,805"
2015,Bihar,NALANDA - BR21( 01-FEB-2018 ),4,LIGHT MOTOR VEHICLE,58,39,45,52,53,52,25,32,62,43,36,77,574
2015,Bihar,NALANDA - BR21( 01-FEB-2018 ),5,LIGHT PASSENGER VEHICLE,13,11,7,27,24,9,11,7,11,13,7,15,155
2015,Bihar,NALANDA - BR21( 01-FEB-2018 ),6,MEDIUM GOODS VEHICLE,0,2,1,3,0,5,0,2,1,1,0,4,19
2015,Bihar,NALANDA - BR21( 01-FEB-2018 ),7,MEDIUM PASSENGER VEHICLE,0,0,0,0,1,0,1,0,4,0,1,0,7
2015,Bihar,NALANDA - BR21( 01-FEB-2018 ),8,THREE WHEELER(T),57,43,38,42,49,46,32,53,60,64,46,81,611
2015,Bihar,NALANDA - BR21( 01-FEB-2018 ),9,TWO WHEELER(NT),799,898,"1,126","1,817","1,396","1,017",744,844,986,803,"1,590","1,057","13,077"
2015,Bihar,NAWADA - BR27( 30-JAN-2018 ),1,HEAVY GOODS VEHICLE,3,3,9,5,5,3,5,5,10,13,6,8,75
2015,Bihar,NAWADA - BR27( 30-JAN-2018 ),2,HEAVY PASSENGER VEHICLE,1,3,1,0,6,1,2,0,1,2,0,3,20
2015,Bihar,NAWADA - BR27( 30-JAN-2018 ),3,LIGHT GOODS VEHICLE,123,164,163,136,162,223,261,116,60,82,74,165,"1,729"
2015,Bihar,NAWADA - BR27( 30-JAN-2018 ),4,LIGHT MOTOR VEHICLE,33,19,23,34,37,24,15,7,32,18,13,27,282
2015,Bihar,NAWADA - BR27( 30-JAN-2018 ),5,LIGHT PASSENGER VEHICLE,10,4,2,4,7,6,3,1,1,2,1,2,43
2015,Bihar,NAWADA - BR27( 30-JAN-2018 ),6,MEDIUM GOODS VEHICLE,2,0,0,2,2,2,0,57,44,52,47,24,232
2015,Bihar,NAWADA - BR27( 30-JAN-2018 ),7,MEDIUM PASSENGER VEHICLE,0,2,2,1,0,1,1,0,0,0,0,1,8
2015,Bihar,NAWADA - BR27( 30-JAN-2018 ),8,THREE WHEELER(T),20,32,21,14,22,24,20,20,41,25,10,19,268
2015,Bihar,NAWADA - BR27( 30-JAN-2018 ),9,TWO WHEELER(NT),451,407,562,767,"1,184",574,548,444,710,538,"1,050",509,"7,744"
2015,Bihar,PATNA - BR1( 02-FEB-2018 ),1,HEAVY GOODS VEHICLE,188,221,204,236,180,150,195,158,224,223,198,193,"2,370"
2015,Bihar,PATNA - BR1( 02-FEB-2018 ),2,HEAVY PASSENGER VEHICLE,8,17,12,18,23,8,22,16,3,13,2,104,246
2015,Bihar,PATNA - BR1( 02-FEB-2018 ),3,LIGHT GOODS VEHICLE,553,443,416,257,351,396,442,464,397,438,410,533,"5,100"
2015,Bihar,PATNA - BR1( 02-FEB-2018 ),4,LIGHT MOTOR VEHICLE,"1,464","1,121","1,098","1,018","1,262","1,065",911,"1,118","1,071",974,"1,590","1,797","14,489"
2015,Bihar,PATNA - BR1( 02-FEB-2018 ),5,LIGHT PASSENGER VEHICLE,44,43,69,73,69,56,78,91,93,69,89,75,849
2015,Bihar,PATNA - BR1( 02-FEB-2018 ),6,MEDIUM GOODS VEHICLE,70,64,48,27,28,44,43,46,38,51,34,57,550
2015,Bihar,PATNA - BR1( 02-FEB-2018 ),7,MEDIUM PASSENGER VEHICLE,7,8,12,6,17,9,8,17,6,8,1,6,105
2015,Bihar,PATNA - BR1( 02-FEB-2018 ),8,OTHER THAN MENTIONED ABOVE,0,0,0,0,0,0,0,0,1,0,0,0,1
2015,Bihar,PATNA - BR1( 02-FEB-2018 ),9,THREE WHEELER(T),225,232,177,115,143,250,210,308,363,434,397,355,"3,209"
2015,Bihar,PATNA - BR1( 02-FEB-2018 ),10,TWO WHEELER(NT),"5,297","5,092","6,098","7,008","7,957","7,023","4,933","6,438","6,491","5,566","10,471","6,446","78,820"
2015,Bihar,PATNA - BR1( 02-FEB-2018 ),11,TWO WHEELER(T),0,1,2,0,0,2,2,1,2,1,0,1,12
2015,Bihar,PURNEA - BR11( 23-JAN-2018 ),1,HEAVY GOODS VEHICLE,55,46,45,42,20,27,28,39,47,47,41,33,470
2015,Bihar,PURNEA - BR11( 23-JAN-2018 ),2,HEAVY PASSENGER VEHICLE,6,6,10,6,4,8,6,8,7,9,5,7,82
2015,Bihar,PURNEA - BR11( 23-JAN-2018 ),3,LIGHT GOODS VEHICLE,336,180,231,176,247,376,327,403,240,345,221,361,"3,443"
2015,Bihar,PURNEA - BR11( 23-JAN-2018 ),4,LIGHT MOTOR VEHICLE,206,175,267,109,172,180,105,172,296,204,297,199,"2,382"
2015,Bihar,PURNEA - BR11( 23-JAN-2018 ),5,LIGHT PASSENGER VEHICLE,34,26,37,26,26,29,35,37,26,21,26,31,354
2015,Bihar,PURNEA - BR11( 23-JAN-2018 ),6,MEDIUM GOODS VEHICLE,5,7,3,7,7,10,5,4,4,12,22,39,125
2015,Bihar,PURNEA - BR11( 23-JAN-2018 ),7,MEDIUM PASSENGER VEHICLE,2,1,5,3,2,1,0,3,1,0,1,1,20
2015,Bihar,PURNEA - BR11( 23-JAN-2018 ),8,THREE WHEELER(T),261,183,229,150,264,416,346,510,432,487,392,455,"4,125"
2015,Bihar,PURNEA - BR11( 23-JAN-2018 ),9,TWO WHEELER(NT),"1,340","1,056","1,691","1,661","2,069","2,450","1,634","1,859","1,445","1,637","2,027","1,436","20,305"
2015,Bihar,ROHTAS - BR24( 09-FEB-2018 ),1,HEAVY GOODS VEHICLE,7,8,12,9,5,4,12,6,16,13,13,6,111
2015,Bihar,ROHTAS - BR24( 09-FEB-2018 ),2,HEAVY PASSENGER VEHICLE,3,1,0,2,4,1,2,2,4,2,0,1,22
2015,Bihar,ROHTAS - BR24( 09-FEB-2018 ),3,LIGHT GOODS VEHICLE,186,238,287,245,120,93,275,199,162,148,106,226,"2,285"
2015,Bihar,ROHTAS - BR24( 09-FEB-2018 ),4,LIGHT MOTOR VEHICLE,56,74,46,50,37,30,29,59,88,51,38,51,609
2015,Bihar,ROHTAS - BR24( 09-FEB-2018 ),5,LIGHT PASSENGER VEHICLE,2,3,4,4,3,1,0,2,2,0,1,0,22
2015,Bihar,ROHTAS - BR24( 09-FEB-2018 ),6,MEDIUM GOODS VEHICLE,0,2,2,0,0,0,0,0,0,0,0,2,6
2015,Bihar,ROHTAS - BR24( 09-FEB-2018 ),7,MEDIUM PASSENGER VEHICLE,0,1,0,0,2,0,0,0,0,0,1,0,4
2015,Bihar,ROHTAS - BR24( 09-FEB-2018 ),8,THREE WHEELER(T),54,74,65,33,86,28,63,65,72,110,91,93,834
2015,Bihar,ROHTAS - BR24( 09-FEB-2018 ),9,TWO WHEELER(NT),742,753,"1,030",945,925,302,"1,208",543,823,378,921,"1,388","9,958"
2015,Bihar,SAHARSA - BR19( 29-JAN-2018 ),1,HEAVY GOODS VEHICLE,6,12,8,8,5,8,2,2,7,3,4,6,71
2015,Bihar,SAHARSA - BR19( 29-JAN-2018 ),2,HEAVY PASSENGER VEHICLE,1,0,0,0,0,2,0,0,0,0,4,3,10
2015,Bihar,SAHARSA - BR19( 29-JAN-2018 ),3,LIGHT GOODS VEHICLE,90,89,77,57,60,82,191,92,93,40,67,110,"1,048"
2015,Bihar,SAHARSA - BR19( 29-JAN-2018 ),4,LIGHT MOTOR VEHICLE,43,37,44,30,37,34,23,46,83,39,72,72,560
2015,Bihar,SAHARSA - BR19( 29-JAN-2018 ),5,LIGHT PASSENGER VEHICLE,6,2,6,5,4,9,2,2,4,4,4,7,55
2015,Bihar,SAHARSA - BR19( 29-JAN-2018 ),6,MEDIUM GOODS VEHICLE,0,0,0,0,2,3,1,0,0,0,0,0,6
2015,Bihar,SAHARSA - BR19( 29-JAN-2018 ),7,MEDIUM PASSENGER VEHICLE,2,3,1,3,2,1,2,3,1,0,3,1,22
2015,Bihar,SAHARSA - BR19( 29-JAN-2018 ),8,THREE WHEELER(T),35,32,21,17,8,18,44,46,82,52,22,109,486
2015,Bihar,SAHARSA - BR19( 29-JAN-2018 ),9,TWO WHEELER(NT),497,494,653,331,597,531,812,601,462,453,489,855,"6,775"
2015,Bihar,VAISHALI - BR31( 13-FEB-2018 ),1,HEAVY GOODS VEHICLE,0,5,5,12,2,2,4,5,2,4,2,0,43
2015,Bihar,VAISHALI - BR31( 13-FEB-2018 ),2,HEAVY PASSENGER VEHICLE,0,1,3,0,0,2,0,0,2,6,2,0,16
2015,Bihar,VAISHALI - BR31( 13-FEB-2018 ),3,LIGHT GOODS VEHICLE,147,166,241,101,131,161,90,184,141,157,130,222,"1,871"
2015,Bihar,VAISHALI - BR31( 13-FEB-2018 ),4,LIGHT MOTOR VEHICLE,44,31,27,15,61,42,18,38,40,15,15,65,411
2015,Bihar,VAISHALI - BR31( 13-FEB-2018 ),5,LIGHT PASSENGER VEHICLE,6,5,12,10,12,7,5,4,8,3,1,3,76
2015,Bihar,VAISHALI - BR31( 13-FEB-2018 ),6,MEDIUM PASSENGER VEHICLE,0,0,0,0,0,1,0,0,1,0,0,0,2
2015,Bihar,VAISHALI - BR31( 13-FEB-2018 ),7,THREE WHEELER(T),66,53,64,29,77,73,47,95,81,90,128,97,900
2015,Bihar,VAISHALI - BR31( 13-FEB-2018 ),8,TWO WHEELER (INVALID CARRIAGE),0,0,0,0,0,0,1,19,0,0,0,0,20
2015,Bihar,VAISHALI - BR31( 13-FEB-2018 ),9,TWO WHEELER(NT),"1,412","1,610","1,822","2,464","3,031","2,476","1,353","1,667","1,551","1,364","2,447","1,674","22,871"
2014,Bihar,ARARIA - BR38( 30-JAN-2018 ),1,HEAVY GOODS VEHICLE,22,13,50,28,25,19,14,16,14,22,18,9,250
2014,Bihar,ARARIA - BR38( 30-JAN-2018 ),2,HEAVY PASSENGER VEHICLE,0,2,1,2,10,5,1,2,1,0,5,2,31
2014,Bihar,ARARIA - BR38( 30-JAN-2018 ),3,LIGHT GOODS VEHICLE,159,122,124,83,131,129,136,146,134,153,126,178,"1,621"
2014,Bihar,ARARIA - BR38( 30-JAN-2018 ),4,LIGHT MOTOR VEHICLE,142,102,88,130,168,107,85,109,114,72,189,180,"1,486"
2014,Bihar,ARARIA - BR38( 30-JAN-2018 ),5,LIGHT PASSENGER VEHICLE,16,9,11,11,14,17,6,14,10,8,6,8,130
2014,Bihar,ARARIA - BR38( 30-JAN-2018 ),6,MEDIUM GOODS VEHICLE,13,3,12,16,15,11,11,2,0,0,2,4,89
2014,Bihar,ARARIA - BR38( 30-JAN-2018 ),7,MEDIUM PASSENGER VEHICLE,0,1,2,5,3,2,2,0,3,1,0,2,21
2014,Bihar,ARARIA - BR38( 30-JAN-2018 ),8,THREE WHEELER(T),63,87,72,52,67,63,61,93,90,91,109,100,948
2014,Bihar,ARARIA - BR38( 30-JAN-2018 ),9,TWO WHEELER(NT),"1,512","1,551","1,733","2,481","2,821","2,223","1,301","1,695","1,778","1,655","3,374","1,598","23,722"
2014,Bihar,ARAWAL - BR56( 22-MAY-2017 ),1,HEAVY GOODS VEHICLE,1,1,1,0,0,0,1,0,0,0,0,0,4
2014,Bihar,ARAWAL - BR56( 22-MAY-2017 ),2,HEAVY PASSENGER VEHICLE,1,0,0,0,0,0,1,0,0,0,0,0,2
2014,Bihar,ARAWAL - BR56( 22-MAY-2017 ),3,LIGHT GOODS VEHICLE,27,31,74,21,27,46,78,23,29,9,49,35,449
2014,Bihar,ARAWAL - BR56( 22-MAY-2017 ),4,LIGHT MOTOR VEHICLE,6,3,3,3,3,3,0,6,1,2,4,2,36
2014,Bihar,ARAWAL - BR56( 22-MAY-2017 ),5,LIGHT PASSENGER VEHICLE,2,2,1,1,1,1,1,5,2,2,2,1,21
2014,Bihar,ARAWAL - BR56( 22-MAY-2017 ),6,MEDIUM GOODS VEHICLE,0,1,0,0,0,0,0,0,0,0,0,0,1
2014,Bihar,ARAWAL - BR56( 22-MAY-2017 ),7,THREE WHEELER(T),5,12,14,5,11,6,15,12,1,3,15,11,110
2014,Bihar,ARAWAL - BR56( 22-MAY-2017 ),8,TWO WHEELER(NT),24,27,79,56,10,7,13,12,130,35,74,60,527
2014,Bihar,AURANGABAD - BR26( 13-JUN-2017 ),1,HEAVY GOODS VEHICLE,10,12,53,45,55,54,183,46,44,14,10,9,535
2014,Bihar,AURANGABAD - BR26( 13-JUN-2017 ),2,HEAVY PASSENGER VEHICLE,1,3,2,3,2,4,3,0,0,0,3,1,22
2014,Bihar,AURANGABAD - BR26( 13-JUN-2017 ),3,LIGHT GOODS VEHICLE,121,101,130,76,62,61,167,53,67,194,133,155,"1,320"
2014,Bihar,AURANGABAD - BR26( 13-JUN-2017 ),4,LIGHT MOTOR VEHICLE,55,67,97,56,55,46,59,38,58,35,72,63,701
2014,Bihar,AURANGABAD - BR26( 13-JUN-2017 ),5,LIGHT PASSENGER VEHICLE,13,19,23,18,15,8,11,9,10,8,10,8,152
2014,Bihar,AURANGABAD - BR26( 13-JUN-2017 ),6,MEDIUM GOODS VEHICLE,1,4,1,0,3,2,4,5,6,4,11,11,52
2014,Bihar,AURANGABAD - BR26( 13-JUN-2017 ),7,MEDIUM PASSENGER VEHICLE,0,0,0,1,4,0,0,0,1,0,3,0,9
2014,Bihar,AURANGABAD - BR26( 13-JUN-2017 ),8,THREE WHEELER(T),67,58,148,99,75,81,81,84,121,104,93,88,"1,099"
2014,Bihar,AURANGABAD - BR26( 13-JUN-2017 ),9,TWO WHEELER(NT),382,351,"1,313",820,"1,215","1,126",657,537,671,721,"1,014",931,"9,738"
2014,Bihar,BANKA - BR51( 06-FEB-2018 ),1,HEAVY GOODS VEHICLE,0,4,3,2,5,3,3,3,1,1,0,4,29
2014,Bihar,BANKA - BR51( 06-FEB-2018 ),2,HEAVY PASSENGER VEHICLE,1,0,2,0,1,0,2,0,0,0,0,1,7
2014,Bihar,BANKA - BR51( 06-FEB-2018 ),3,LIGHT GOODS VEHICLE,37,25,21,17,44,28,15,32,21,65,63,60,428
2014,Bihar,BANKA - BR51( 06-FEB-2018 ),4,LIGHT MOTOR VEHICLE,2,3,4,5,2,2,5,1,2,3,9,34,72
2014,Bihar,BANKA - BR51( 06-FEB-2018 ),5,LIGHT PASSENGER VEHICLE,0,0,0,0,1,0,0,0,0,1,0,1,3
2014,Bihar,BANKA - BR51( 06-FEB-2018 ),6,MEDIUM GOODS VEHICLE,0,1,0,1,1,0,0,0,0,0,1,0,4
2014,Bihar,BANKA - BR51( 06-FEB-2018 ),7,MEDIUM PASSENGER VEHICLE,0,1,0,0,0,0,0,0,0,0,0,0,1
2014,Bihar,BANKA - BR51( 06-FEB-2018 ),8,THREE WHEELER(T),5,3,0,0,0,0,0,0,0,6,16,9,39
2014,Bihar,BANKA - BR51( 06-FEB-2018 ),9,TWO WHEELER(NT),202,152,285,297,579,343,228,174,185,298,285,177,"3,205"
2014,Bihar,BEGUSARAI - BR9( 23-JAN-2018 ),1,HEAVY GOODS VEHICLE,32,28,46,41,70,12,35,34,36,41,25,48,448
2014,Bihar,BEGUSARAI - BR9( 23-JAN-2018 ),2,HEAVY PASSENGER VEHICLE,2,0,1,2,1,1,6,2,8,2,0,1,26
2014,Bihar,BEGUSARAI - BR9( 23-JAN-2018 ),3,LIGHT GOODS VEHICLE,185,183,221,159,188,188,302,162,182,183,181,223,"2,357"
2014,Bihar,BEGUSARAI - BR9( 23-JAN-2018 ),4,LIGHT MOTOR VEHICLE,80,62,96,62,102,94,86,99,94,63,128,103,"1,069"
2014,Bihar,BEGUSARAI - BR9( 23-JAN-2018 ),5,LIGHT PASSENGER VEHICLE,55,60,54,43,30,18,24,39,38,29,45,33,468
2014,Bihar,BEGUSARAI - BR9( 23-JAN-2018 ),6,MEDIUM GOODS VEHICLE,2,1,2,2,3,1,4,2,0,2,3,1,23
2014,Bihar,BEGUSARAI - BR9( 23-JAN-2018 ),7,MEDIUM PASSENGER VEHICLE,2,3,4,0,1,1,3,0,0,0,1,0,15
2014,Bihar,BEGUSARAI - BR9( 23-JAN-2018 ),8,THREE WHEELER(T),41,47,55,35,24,32,72,85,108,91,97,86,773
2014,Bihar,BEGUSARAI - BR9( 23-JAN-2018 ),9,TWO WHEELER(NT),664,968,"1,076","1,024","1,621","1,565","1,210",972,"1,005","1,415","1,379","1,047","13,946"
2014,Bihar,BETTIAH - BR22( 22-SEP-2017 ),1,HEAVY GOODS VEHICLE,4,2,2,2,4,4,2,6,3,3,3,1,36
2014,Bihar,BETTIAH - BR22( 22-SEP-2017 ),2,HEAVY PASSENGER VEHICLE,0,0,2,0,0,3,1,3,0,2,3,3,17
2014,Bihar,BETTIAH - BR22( 22-SEP-2017 ),3,LIGHT GOODS VEHICLE,229,181,283,214,163,187,337,92,153,181,260,239,"2,519"
2014,Bihar,BETTIAH - BR22( 22-SEP-2017 ),4,LIGHT MOTOR VEHICLE,50,58,52,111,38,47,46,43,47,44,73,49,658
2014,Bihar,BETTIAH - BR22( 22-SEP-2017 ),5,LIGHT PASSENGER VEHICLE,18,11,18,29,19,12,15,13,20,9,13,8,185
2014,Bihar,BETTIAH - BR22( 22-SEP-2017 ),6,MEDIUM GOODS VEHICLE,0,0,0,0,1,0,0,2,0,0,0,1,4
2014,Bihar,BETTIAH - BR22( 22-SEP-2017 ),7,MEDIUM PASSENGER VEHICLE,0,2,0,1,1,0,1,0,0,0,1,0,6
2014,Bihar,BETTIAH - BR22( 22-SEP-2017 ),8,THREE WHEELER(T),55,64,46,32,39,56,61,56,92,63,57,41,662
2014,Bihar,BETTIAH - BR22( 22-SEP-2017 ),9,TWO WHEELER (INVALID CARRIAGE),0,0,0,0,0,0,0,0,16,0,0,0,16
2014,Bihar,BETTIAH - BR22( 22-SEP-2017 ),10,TWO WHEELER(NT),"1,267","1,315","1,876","1,733","1,557","1,398",776,985,"1,108","2,039","1,820","1,239","17,113"
2014,Bihar,BHABHUA - BR45( 23-JAN-2018 ),1,HEAVY GOODS VEHICLE,3,5,2,2,1,5,4,5,3,13,1,2,46
2014,Bihar,BHABHUA - BR45( 23-JAN-2018 ),2,HEAVY PASSENGER VEHICLE,1,1,3,2,3,5,1,0,0,0,3,4,23
2014,Bihar,BHABHUA - BR45( 23-JAN-2018 ),3,LIGHT GOODS VEHICLE,107,85,175,70,92,151,218,64,53,71,85,115,"1,286"
2014,Bihar,BHABHUA - BR45( 23-JAN-2018 ),4,LIGHT MOTOR VEHICLE,19,27,20,21,37,26,17,17,25,10,41,16,276
2014,Bihar,BHABHUA - BR45( 23-JAN-2018 ),5,LIGHT PASSENGER VEHICLE,6,2,4,6,4,3,1,1,2,6,2,2,39
2014,Bihar,BHABHUA - BR45( 23-JAN-2018 ),6,MEDIUM GOODS VEHICLE,3,2,1,0,2,1,0,0,2,1,0,0,12
2014,Bihar,BHABHUA - BR45( 23-JAN-2018 ),7,MEDIUM PASSENGER VEHICLE,0,1,0,1,2,0,0,1,1,0,0,0,6
2014,Bihar,BHABHUA - BR45( 23-JAN-2018 ),8,THREE WHEELER(T),15,13,25,21,25,23,41,10,34,21,17,17,262
2014,Bihar,BHABHUA - BR45( 23-JAN-2018 ),9,TWO WHEELER(NT),334,525,743,681,"1,232",709,504,377,389,588,507,411,"7,000"
2014,Bihar,BHAGALPUR - BR10( 07-FEB-2018 ),1,HEAVY GOODS VEHICLE,7,11,15,9,17,21,19,9,15,18,15,9,165
2014,Bihar,BHAGALPUR - BR10( 07-FEB-2018 ),2,HEAVY PASSENGER VEHICLE,5,8,3,2,4,6,3,4,0,0,3,0,38
2014,Bihar,BHAGALPUR - BR10( 07-FEB-2018 ),3,LIGHT GOODS VEHICLE,70,141,135,113,134,124,194,113,164,104,205,165,"1,662"
2014,Bihar,BHAGALPUR - BR10( 07-FEB-2018 ),4,LIGHT MOTOR VEHICLE,103,124,120,143,123,128,132,94,139,79,82,131,"1,398"
2014,Bihar,BHAGALPUR - BR10( 07-FEB-2018 ),5,LIGHT PASSENGER VEHICLE,26,86,46,48,42,36,35,22,28,12,23,38,442
2014,Bihar,BHAGALPUR - BR10( 07-FEB-2018 ),6,MEDIUM GOODS VEHICLE,0,1,2,1,0,1,0,2,1,4,1,0,13
2014,Bihar,BHAGALPUR - BR10( 07-FEB-2018 ),7,MEDIUM PASSENGER VEHICLE,0,0,0,1,3,1,0,3,0,0,0,1,9
2014,Bihar,BHAGALPUR - BR10( 07-FEB-2018 ),8,THREE WHEELER(T),97,168,120,131,136,171,187,209,250,147,132,144,"1,892"
2014,Bihar,BHAGALPUR - BR10( 07-FEB-2018 ),9,TWO WHEELER(NT),841,969,"1,177","1,019","1,335","1,188","1,210",966,879,"1,375","1,738","1,263","13,960"
2014,Bihar,BHOJPUR - BR3( 15-FEB-2018 ),1,HEAVY GOODS VEHICLE,0,5,5,4,3,7,2,7,6,15,3,6,63
2014,Bihar,BHOJPUR - BR3( 15-FEB-2018 ),2,HEAVY PASSENGER VEHICLE,1,2,1,0,0,1,2,1,0,0,0,0,8
2014,Bihar,BHOJPUR - BR3( 15-FEB-2018 ),3,LIGHT GOODS VEHICLE,101,161,208,137,167,201,329,145,210,198,263,208,"2,328"
2014,Bihar,BHOJPUR - BR3( 15-FEB-2018 ),4,LIGHT MOTOR VEHICLE,38,43,54,54,62,56,41,41,43,66,90,61,649
2014,Bihar,BHOJPUR - BR3( 15-FEB-2018 ),5,LIGHT PASSENGER VEHICLE,12,14,21,20,22,7,11,8,12,15,19,20,181
2014,Bihar,BHOJPUR - BR3( 15-FEB-2018 ),6,MEDIUM GOODS VEHICLE,1,2,0,0,0,0,0,0,1,0,0,0,4
2014,Bihar,BHOJPUR - BR3( 15-FEB-2018 ),7,MEDIUM PASSENGER VEHICLE,3,5,4,11,3,0,4,7,5,1,1,0,44
2014,Bihar,BHOJPUR - BR3( 15-FEB-2018 ),8,THREE WHEELER(T),50,34,126,73,54,55,95,80,146,81,143,69,"1,006"
2014,Bihar,BHOJPUR - BR3( 15-FEB-2018 ),9,TWO WHEELER(NT),686,"1,296","1,188","1,329","1,773","1,286",905,682,881,"1,564","1,646","1,069","14,305"
2014,Bihar,BUXUR - BR44( 01-FEB-2018 ),1,HEAVY GOODS VEHICLE,2,8,3,5,3,3,2,7,4,3,3,6,49
2014,Bihar,BUXUR - BR44( 01-FEB-2018 ),2,HEAVY PASSENGER VEHICLE,1,2,1,2,3,1,1,0,1,1,0,0,13
2014,Bihar,BUXUR - BR44( 01-FEB-2018 ),3,LIGHT GOODS VEHICLE,118,107,196,106,127,237,281,136,139,163,173,169,"1,952"
2014,Bihar,BUXUR - BR44( 01-FEB-2018 ),4,LIGHT MOTOR VEHICLE,42,43,52,42,29,28,28,34,26,16,35,45,420
2014,Bihar,BUXUR - BR44( 01-FEB-2018 ),5,LIGHT PASSENGER VEHICLE,0,4,7,3,8,6,3,5,10,4,3,8,61
2014,Bihar,BUXUR - BR44( 01-FEB-2018 ),6,MEDIUM GOODS VEHICLE,0,0,0,0,0,1,0,2,1,0,0,5,9
2014,Bihar,BUXUR - BR44( 01-FEB-2018 ),7,MEDIUM PASSENGER VEHICLE,2,1,0,1,4,0,2,1,1,1,0,2,15
2014,Bihar,BUXUR - BR44( 01-FEB-2018 ),8,OTHER THAN MENTIONED ABOVE,1,0,0,0,0,0,0,0,0,0,0,0,1
2014,Bihar,BUXUR - BR44( 01-FEB-2018 ),9,THREE WHEELER(T),22,32,33,14,33,28,47,53,44,32,60,33,431
2014,Bihar,BUXUR - BR44( 01-FEB-2018 ),10,TWO WHEELER(NT),571,434,690,496,"1,030",670,358,628,396,527,589,445,"6,834"
2014,Bihar,CHAPARA - BR4( 29-JAN-2018 ),1,HEAVY GOODS VEHICLE,18,18,22,17,12,21,21,20,26,20,33,23,251
2014,Bihar,CHAPARA - BR4( 29-JAN-2018 ),2,HEAVY MOTOR VEHICLE,1,1,0,0,0,1,0,0,0,0,0,0,3
2014,Bihar,CHAPARA - BR4( 29-JAN-2018 ),3,HEAVY PASSENGER VEHICLE,3,2,2,5,4,6,3,43,3,3,4,3,81
2014,Bihar,CHAPARA - BR4( 29-JAN-2018 ),4,LIGHT GOODS VEHICLE,191,130,119,98,100,112,154,113,149,125,134,110,"1,535"
2014,Bihar,CHAPARA - BR4( 29-JAN-2018 ),5,LIGHT MOTOR VEHICLE,112,88,99,85,52,69,80,54,51,51,58,73,872
2014,Bihar,CHAPARA - BR4( 29-JAN-2018 ),6,LIGHT PASSENGER VEHICLE,44,54,42,38,24,16,26,16,11,12,11,4,298
2014,Bihar,CHAPARA - BR4( 29-JAN-2018 ),7,MEDIUM GOODS VEHICLE,1,0,1,2,1,0,1,2,0,0,0,0,8
2014,Bihar,CHAPARA - BR4( 29-JAN-2018 ),8,MEDIUM PASSENGER VEHICLE,0,0,1,2,1,1,0,1,0,0,1,1,8
2014,Bihar,CHAPARA - BR4( 29-JAN-2018 ),9,THREE WHEELER(T),69,82,82,73,36,60,71,61,72,57,53,64,780
2014,Bihar,CHAPARA - BR4( 29-JAN-2018 ),10,TWO WHEELER(NT),958,"1,350","1,502","1,678","2,227","1,740",912,728,936,"1,929","1,579",953,"16,492"
2014,Bihar,DARBHANGA - BR7( 30-JAN-2018 ),1,HEAVY GOODS VEHICLE,3,2,2,4,3,4,8,2,6,3,0,9,46
2014,Bihar,DARBHANGA - BR7( 30-JAN-2018 ),2,HEAVY MOTOR VEHICLE,0,0,0,0,0,0,0,0,0,0,1,0,1
2014,Bihar,DARBHANGA - BR7( 30-JAN-2018 ),3,HEAVY PASSENGER VEHICLE,1,0,1,1,2,1,0,3,1,2,1,0,13
2014,Bihar,DARBHANGA - BR7( 30-JAN-2018 ),4,LIGHT GOODS VEHICLE,179,139,169,142,123,167,241,99,136,138,227,208,"1,968"
2014,Bihar,DARBHANGA - BR7( 30-JAN-2018 ),5,LIGHT MOTOR VEHICLE,121,84,136,135,136,123,145,94,93,150,150,115,"1,482"
2014,Bihar,DARBHANGA - BR7( 30-JAN-2018 ),6,LIGHT PASSENGER VEHICLE,56,75,72,80,67,54,67,40,53,35,55,62,716
2014,Bihar,DARBHANGA - BR7( 30-JAN-2018 ),7,MEDIUM GOODS VEHICLE,0,0,0,0,1,0,0,2,0,0,0,0,3
2014,Bihar,DARBHANGA - BR7( 30-JAN-2018 ),8,MEDIUM MOTOR VEHICLE,0,1,0,0,0,0,0,0,0,0,0,0,1
2014,Bihar,DARBHANGA - BR7( 30-JAN-2018 ),9,MEDIUM PASSENGER VEHICLE,6,2,0,0,2,5,0,0,2,1,0,2,20
2014,Bihar,DARBHANGA - BR7( 30-JAN-2018 ),10,THREE WHEELER(T),148,152,165,96,125,207,246,234,300,244,218,247,"2,382"
2014,Bihar,DARBHANGA - BR7( 30-JAN-2018 ),11,TWO WHEELER(NT),"1,188","1,395","1,705","1,640","2,105","1,746","1,309","1,065","1,188","2,056","1,411","1,211","18,019"
2014,Bihar,GAYA - BR2( 06-SEP-2017 ),1,HEAVY GOODS VEHICLE,98,114,112,117,82,110,161,149,124,47,85,58,"1,257"
2014,Bihar,GAYA - BR2( 06-SEP-2017 ),2,HEAVY PASSENGER VEHICLE,4,4,9,10,5,6,4,9,6,5,4,4,70
2014,Bihar,GAYA - BR2( 06-SEP-2017 ),3,LIGHT GOODS VEHICLE,82,103,122,90,87,82,121,58,92,218,238,199,"1,492"
2014,Bihar,GAYA - BR2( 06-SEP-2017 ),4,LIGHT MOTOR VEHICLE,148,170,191,161,191,196,162,139,129,188,224,159,"2,058"
2014,Bihar,GAYA - BR2( 06-SEP-2017 ),5,LIGHT PASSENGER VEHICLE,51,60,72,85,63,45,56,40,43,34,39,25,613
2014,Bihar,GAYA - BR2( 06-SEP-2017 ),6,MEDIUM GOODS VEHICLE,2,4,1,3,0,0,2,3,0,0,1,2,18
2014,Bihar,GAYA - BR2( 06-SEP-2017 ),7,MEDIUM MOTOR VEHICLE,0,1,0,2,1,3,0,0,0,0,1,0,8
2014,Bihar,GAYA - BR2( 06-SEP-2017 ),8,MEDIUM PASSENGER VEHICLE,0,3,3,1,2,0,1,1,0,1,4,2,18
2014,Bihar,GAYA - BR2( 06-SEP-2017 ),9,THREE WHEELER(T),102,147,104,98,132,100,139,146,210,181,123,143,"1,625"
2014,Bihar,GAYA - BR2( 06-SEP-2017 ),10,TWO WHEELER (INVALID CARRIAGE),0,0,1,0,0,0,0,0,0,0,0,0,1
2014,Bihar,GAYA - BR2( 06-SEP-2017 ),11,TWO WHEELER(NT),"1,393","1,483","2,089","2,568","3,115","1,875","1,580","1,334","1,756","2,398","2,280","1,430","23,301"
2014,Bihar,GOPALGANJ - BR28( 08-JUN-2017 ),1,HEAVY GOODS VEHICLE,7,4,9,9,12,7,10,12,13,5,9,11,108
2014,Bihar,GOPALGANJ - BR28( 08-JUN-2017 ),2,HEAVY PASSENGER VEHICLE,2,1,1,4,0,2,1,2,0,1,0,1,15
2014,Bihar,GOPALGANJ - BR28( 08-JUN-2017 ),3,LIGHT GOODS VEHICLE,114,97,120,80,105,146,188,71,129,117,176,141,"1,484"
2014,Bihar,GOPALGANJ - BR28( 08-JUN-2017 ),4,LIGHT MOTOR VEHICLE,96,86,127,96,140,78,78,56,42,82,106,109,"1,096"
2014,Bihar,GOPALGANJ - BR28( 08-JUN-2017 ),5,LIGHT PASSENGER VEHICLE,29,14,15,18,13,27,14,21,21,7,11,5,195
2014,Bihar,GOPALGANJ - BR28( 08-JUN-2017 ),6,MEDIUM GOODS VEHICLE,0,1,1,1,0,0,1,0,0,0,1,0,5
2014,Bihar,GOPALGANJ - BR28( 08-JUN-2017 ),7,MEDIUM PASSENGER VEHICLE,0,1,1,0,1,2,0,0,1,0,0,1,7
2014,Bihar,GOPALGANJ - BR28( 08-JUN-2017 ),8,OTHER THAN MENTIONED ABOVE,0,0,0,1,0,0,0,0,0,0,0,0,1
2014,Bihar,GOPALGANJ - BR28( 08-JUN-2017 ),9,THREE WHEELER(T),65,36,31,32,45,19,25,29,41,47,28,57,455
2014,Bihar,GOPALGANJ - BR28( 08-JUN-2017 ),10,TWO WHEELER(NT),"1,123","1,464","1,767","1,677","2,208","1,491","1,155",870,"1,050","1,143","1,558",862,"16,368"
2014,Bihar,JAMUI - BR46( 07-JUN-2017 ),1,HEAVY GOODS VEHICLE,2,2,0,2,3,4,6,2,3,3,3,2,32
2014,Bihar,JAMUI - BR46( 07-JUN-2017 ),2,HEAVY PASSENGER VEHICLE,1,0,0,0,4,0,0,0,0,0,0,0,5
2014,Bihar,JAMUI - BR46( 07-JUN-2017 ),3,LIGHT GOODS VEHICLE,58,49,124,42,57,92,75,80,89,101,86,74,927
2014,Bihar,JAMUI - BR46( 07-JUN-2017 ),4,LIGHT MOTOR VEHICLE,9,8,21,10,10,13,9,6,6,9,17,18,136
2014,Bihar,JAMUI - BR46( 07-JUN-2017 ),5,LIGHT PASSENGER VEHICLE,24,6,15,9,2,9,2,4,8,3,6,5,93
2014,Bihar,JAMUI - BR46( 07-JUN-2017 ),6,MEDIUM GOODS VEHICLE,0,0,0,0,0,1,1,2,2,0,2,1,9
2014,Bihar,JAMUI - BR46( 07-JUN-2017 ),7,THREE WHEELER(T),36,40,38,33,30,42,58,46,102,42,43,31,541
2014,Bihar,JAMUI - BR46( 07-JUN-2017 ),8,TWO WHEELER(NT),229,262,438,363,425,477,485,442,316,331,570,378,"4,716"
2014,Bihar,JEHANABAD - BR25( 26-MAY-2017 ),1,HEAVY GOODS VEHICLE,10,4,8,10,26,17,64,26,32,23,55,61,336
2014,Bihar,JEHANABAD - BR25( 26-MAY-2017 ),2,HEAVY PASSENGER VEHICLE,2,2,6,1,3,2,0,3,1,0,3,0,23
2014,Bihar,JEHANABAD - BR25( 26-MAY-2017 ),3,LIGHT GOODS VEHICLE,49,59,70,50,88,51,67,49,53,61,132,50,779
2014,Bihar,JEHANABAD - BR25( 26-MAY-2017 ),4,LIGHT MOTOR VEHICLE,9,3,7,4,5,7,4,10,9,4,11,18,91
2014,Bihar,JEHANABAD - BR25( 26-MAY-2017 ),5,LIGHT PASSENGER VEHICLE,5,2,4,1,3,0,3,3,1,0,3,2,27
2014,Bihar,JEHANABAD - BR25( 26-MAY-2017 ),6,MEDIUM GOODS VEHICLE,0,1,0,1,2,2,0,0,1,0,1,1,9
2014,Bihar,JEHANABAD - BR25( 26-MAY-2017 ),7,MEDIUM PASSENGER VEHICLE,1,0,1,0,0,0,1,0,0,0,1,0,4
2014,Bihar,JEHANABAD - BR25( 26-MAY-2017 ),8,THREE WHEELER(T),18,33,38,11,20,29,40,28,52,53,42,30,394
2014,Bihar,JEHANABAD - BR25( 26-MAY-2017 ),9,TWO WHEELER(NT),127,118,161,274,262,363,117,107,107,147,178,183,"2,144"
2014,Bihar,KATIHAR - BR39( 23-JAN-2018 ),1,HEAVY GOODS VEHICLE,9,4,2,4,8,0,4,3,2,2,9,3,50
2014,Bihar,KATIHAR - BR39( 23-JAN-2018 ),2,HEAVY PASSENGER VEHICLE,0,0,0,0,0,0,0,1,1,0,3,0,5
2014,Bihar,KATIHAR - BR39( 23-JAN-2018 ),3,LIGHT GOODS VEHICLE,77,82,73,76,103,138,120,81,100,122,132,88,"1,192"
2014,Bihar,KATIHAR - BR39( 23-JAN-2018 ),4,LIGHT MOTOR VEHICLE,21,15,27,26,20,10,19,36,8,18,29,31,260
2014,Bihar,KATIHAR - BR39( 23-JAN-2018 ),5,LIGHT PASSENGER VEHICLE,2,1,3,1,1,1,1,0,2,0,0,0,12
2014,Bihar,KATIHAR - BR39( 23-JAN-2018 ),6,MEDIUM GOODS VEHICLE,0,0,1,0,0,2,0,0,1,0,0,0,4
2014,Bihar,KATIHAR - BR39( 23-JAN-2018 ),7,MEDIUM MOTOR VEHICLE,1,0,0,0,0,0,0,0,0,0,0,0,1
2014,Bihar,KATIHAR - BR39( 23-JAN-2018 ),8,THREE WHEELER(T),18,6,10,15,6,15,17,18,21,21,17,9,173
2014,Bihar,KATIHAR - BR39( 23-JAN-2018 ),9,TWO WHEELER(NT),"1,179","1,128","1,636","1,295","2,065","2,085","1,706","1,422","1,299","2,221","1,335","1,154","18,525"
2014,Bihar,KHAGARIA - BR34( 01-FEB-2018 ),1,HEAVY GOODS VEHICLE,3,1,0,1,3,0,2,4,0,0,2,21,37
2014,Bihar,KHAGARIA - BR34( 01-FEB-2018 ),2,HEAVY PASSENGER VEHICLE,1,0,0,0,1,0,0,0,0,0,0,0,2
2014,Bihar,KHAGARIA - BR34( 01-FEB-2018 ),3,LIGHT GOODS VEHICLE,77,73,93,56,78,78,110,56,98,90,82,76,967
2014,Bihar,KHAGARIA - BR34( 01-FEB-2018 ),4,LIGHT MOTOR VEHICLE,13,6,8,5,10,4,6,9,6,6,13,7,93
2014,Bihar,KHAGARIA - BR34( 01-FEB-2018 ),5,LIGHT PASSENGER VEHICLE,6,5,4,10,2,4,6,4,1,4,4,2,52
2014,Bihar,KHAGARIA - BR34( 01-FEB-2018 ),6,MEDIUM GOODS VEHICLE,0,1,0,1,0,0,1,0,0,0,0,0,3
2014,Bihar,KHAGARIA - BR34( 01-FEB-2018 ),7,THREE WHEELER(T),18,28,19,16,17,21,38,25,59,24,54,45,364
2014,Bihar,KHAGARIA - BR34( 01-FEB-2018 ),8,TWO WHEELER (INVALID CARRIAGE),0,0,0,0,0,0,0,1,0,0,0,0,1
2014,Bihar,KHAGARIA - BR34( 01-FEB-2018 ),9,TWO WHEELER(NT),294,358,485,605,551,752,593,628,476,806,454,361,"6,363"
2014,Bihar,KISHANGANJ - BR37( 07-FEB-2018 ),1,HEAVY GOODS VEHICLE,0,1,0,2,1,1,1,0,0,0,0,0,6
2014,Bihar,KISHANGANJ - BR37( 07-FEB-2018 ),2,HEAVY PASSENGER VEHICLE,1,0,1,0,1,2,0,0,0,0,1,0,6
2014,Bihar,KISHANGANJ - BR37( 07-FEB-2018 ),3,LIGHT GOODS VEHICLE,46,31,58,28,37,67,78,53,42,29,73,43,585
2014,Bihar,KISHANGANJ - BR37( 07-FEB-2018 ),4,LIGHT MOTOR VEHICLE,30,29,40,30,15,36,21,27,54,18,32,43,375
2014,Bihar,KISHANGANJ - BR37( 07-FEB-2018 ),5,LIGHT PASSENGER VEHICLE,3,3,2,4,1,1,4,2,2,2,1,3,28
2014,Bihar,KISHANGANJ - BR37( 07-FEB-2018 ),6,MEDIUM GOODS VEHICLE,0,0,1,0,0,0,2,3,1,2,0,3,12
2014,Bihar,KISHANGANJ - BR37( 07-FEB-2018 ),7,MEDIUM PASSENGER VEHICLE,0,0,0,0,3,0,0,0,0,0,0,0,3
2014,Bihar,KISHANGANJ - BR37( 07-FEB-2018 ),8,THREE WHEELER(T),8,7,10,14,11,16,9,14,20,15,14,18,156
2014,Bihar,KISHANGANJ - BR37( 07-FEB-2018 ),9,TWO WHEELER(NT),918,"1,163","1,880","2,054","2,151","1,443",881,"1,063",709,883,801,271,"14,217"
2014,Bihar,LAKHISARAI - BR53( 27-JAN-2017 ),1,HEAVY GOODS VEHICLE,10,6,3,3,4,4,0,1,2,5,11,4,53
2014,Bihar,LAKHISARAI - BR53( 27-JAN-2017 ),2,HEAVY PASSENGER VEHICLE,0,0,1,0,0,0,0,0,0,0,0,0,1
2014,Bihar,LAKHISARAI - BR53( 27-JAN-2017 ),3,LIGHT GOODS VEHICLE,64,53,69,85,95,14,111,85,95,59,92,71,893
2014,Bihar,LAKHISARAI - BR53( 27-JAN-2017 ),4,LIGHT MOTOR VEHICLE,2,8,13,9,7,5,10,4,7,8,10,4,87
2014,Bihar,LAKHISARAI - BR53( 27-JAN-2017 ),5,LIGHT PASSENGER VEHICLE,18,3,7,6,3,2,5,3,11,4,2,1,65
2014,Bihar,LAKHISARAI - BR53( 27-JAN-2017 ),6,MEDIUM GOODS VEHICLE,0,0,0,0,0,0,0,0,0,0,0,1,1
2014,Bihar,LAKHISARAI - BR53( 27-JAN-2017 ),7,THREE WHEELER(T),0,0,0,0,0,1,1,3,2,4,0,3,14
2014,Bihar,LAKHISARAI - BR53( 27-JAN-2017 ),8,TWO WHEELER(NT),165,200,349,191,365,301,225,143,189,345,259,203,"2,935"
2014,Bihar,MADHEPURA - BR43( 02-JUN-2017 ),1,HEAVY GOODS VEHICLE,2,0,3,2,1,2,2,0,0,2,1,0,15
2014,Bihar,MADHEPURA - BR43( 02-JUN-2017 ),2,HEAVY PASSENGER VEHICLE,1,0,0,0,0,0,2,0,0,0,0,0,3
2014,Bihar,MADHEPURA - BR43( 02-JUN-2017 ),3,LIGHT GOODS VEHICLE,83,59,62,58,44,98,123,67,88,102,145,81,"1,010"
2014,Bihar,MADHEPURA - BR43( 02-JUN-2017 ),4,LIGHT MOTOR VEHICLE,16,18,23,11,6,11,17,18,17,4,38,24,203
2014,Bihar,MADHEPURA - BR43( 02-JUN-2017 ),5,LIGHT PASSENGER VEHICLE,2,4,7,2,1,3,5,5,4,3,9,5,50
2014,Bihar,MADHEPURA - BR43( 02-JUN-2017 ),6,MEDIUM GOODS VEHICLE,0,0,0,0,0,0,0,0,0,0,0,1,1
2014,Bihar,MADHEPURA - BR43( 02-JUN-2017 ),7,THREE WHEELER(T),37,25,37,26,42,53,43,55,102,49,67,63,599
2014,Bihar,MADHEPURA - BR43( 02-JUN-2017 ),8,TWO WHEELER(NT),555,610,914,575,901,979,936,801,637,847,669,639,"9,063"
2014,Bihar,MADHUBANI - BR32( 01-FEB-2018 ),1,HEAVY GOODS VEHICLE,2,2,1,10,1,0,0,1,4,0,11,0,32
2014,Bihar,MADHUBANI - BR32( 01-FEB-2018 ),2,HEAVY PASSENGER VEHICLE,0,1,0,2,6,0,4,1,2,0,2,0,18
2014,Bihar,MADHUBANI - BR32( 01-FEB-2018 ),3,LIGHT GOODS VEHICLE,118,108,104,103,80,146,156,73,104,294,241,160,"1,687"
2014,Bihar,MADHUBANI - BR32( 01-FEB-2018 ),4,LIGHT MOTOR VEHICLE,16,13,27,23,18,13,16,20,16,14,21,20,217
2014,Bihar,MADHUBANI - BR32( 01-FEB-2018 ),5,LIGHT PASSENGER VEHICLE,17,17,15,3,8,9,10,5,7,5,14,6,116
2014,Bihar,MADHUBANI - BR32( 01-FEB-2018 ),6,MEDIUM PASSENGER VEHICLE,0,0,0,0,0,0,1,0,0,0,0,0,1
2014,Bihar,MADHUBANI - BR32( 01-FEB-2018 ),7,THREE WHEELER(T),59,47,56,59,62,80,68,69,83,63,44,73,763
2014,Bihar,MADHUBANI - BR32( 01-FEB-2018 ),8,TWO WHEELER(NT),899,"1,435","1,922","1,728","2,269","1,661",860,884,957,"1,727","1,372","1,025","16,739"
2014,Bihar,MOTIHARI - BR5( 05-JUL-2017 ),1,HEAVY GOODS VEHICLE,3,3,10,5,4,4,3,4,3,11,10,2,62
2014,Bihar,MOTIHARI - BR5( 05-JUL-2017 ),2,HEAVY PASSENGER VEHICLE,3,3,0,2,1,5,9,3,1,2,2,2,33
2014,Bihar,MOTIHARI - BR5( 05-JUL-2017 ),3,LIGHT GOODS VEHICLE,257,204,211,205,200,203,455,107,224,233,271,275,"2,845"
2014,Bihar,MOTIHARI - BR5( 05-JUL-2017 ),4,LIGHT MOTOR VEHICLE,104,102,116,132,67,74,65,66,58,82,91,60,"1,017"
2014,Bihar,MOTIHARI - BR5( 05-JUL-2017 ),5,LIGHT PASSENGER VEHICLE,40,51,42,32,18,36,29,29,29,33,24,25,388
2014,Bihar,MOTIHARI - BR5( 05-JUL-2017 ),6,MEDIUM GOODS VEHICLE,2,0,0,0,0,1,1,2,0,0,3,0,9
2014,Bihar,MOTIHARI - BR5( 05-JUL-2017 ),7,MEDIUM MOTOR VEHICLE,0,1,0,0,0,0,0,0,0,0,0,0,1
2014,Bihar,MOTIHARI - BR5( 05-JUL-2017 ),8,MEDIUM PASSENGER VEHICLE,0,0,0,0,0,1,0,0,0,0,1,0,2
2014,Bihar,MOTIHARI - BR5( 05-JUL-2017 ),9,THREE WHEELER(T),99,67,71,78,56,65,86,92,86,49,100,67,916
2014,Bihar,MOTIHARI - BR5( 05-JUL-2017 ),10,TWO WHEELER(NT),"1,305","1,308","1,872","2,002","1,521","1,316",916,975,"1,111","1,875","1,829","1,099","17,129"
2014,Bihar,MUNGER - BR8( 06-FEB-2018 ),1,HEAVY GOODS VEHICLE,0,4,0,4,2,0,0,0,1,2,1,8,22
2014,Bihar,MUNGER - BR8( 06-FEB-2018 ),2,HEAVY PASSENGER VEHICLE,0,0,0,0,0,1,0,0,0,0,0,0,1
2014,Bihar,MUNGER - BR8( 06-FEB-2018 ),3,LIGHT GOODS VEHICLE,25,25,20,31,41,31,44,37,40,75,44,32,445
2014,Bihar,MUNGER - BR8( 06-FEB-2018 ),4,LIGHT MOTOR VEHICLE,7,10,10,11,12,10,10,8,8,10,17,17,130
2014,Bihar,MUNGER - BR8( 06-FEB-2018 ),5,LIGHT PASSENGER VEHICLE,2,2,10,1,5,4,4,8,3,2,9,2,52
2014,Bihar,MUNGER - BR8( 06-FEB-2018 ),6,MEDIUM GOODS VEHICLE,0,1,1,0,0,0,0,0,0,0,0,0,2
2014,Bihar,MUNGER - BR8( 06-FEB-2018 ),7,THREE WHEELER(T),10,13,33,10,14,23,25,18,18,38,16,30,248
2014,Bihar,MUNGER - BR8( 06-FEB-2018 ),8,TWO WHEELER (INVALID CARRIAGE),0,0,1,0,0,0,0,0,0,0,0,0,1
2014,Bihar,MUNGER - BR8( 06-FEB-2018 ),9,TWO WHEELER(NT),202,282,673,520,635,575,544,385,419,788,569,426,"6,018"
2014,Bihar,MUZAFFARPUR - BR6( 01-FEB-2018 ),1,HEAVY GOODS VEHICLE,28,28,58,35,46,48,93,62,67,78,127,109,779
2014,Bihar,MUZAFFARPUR - BR6( 01-FEB-2018 ),2,HEAVY PASSENGER VEHICLE,10,16,7,11,15,9,21,7,13,8,13,12,142
2014,Bihar,MUZAFFARPUR - BR6( 01-FEB-2018 ),3,LIGHT GOODS VEHICLE,216,245,232,248,168,204,244,223,241,173,272,306,"2,772"
2014,Bihar,MUZAFFARPUR - BR6( 01-FEB-2018 ),4,LIGHT MOTOR VEHICLE,313,361,335,310,365,376,271,231,279,392,384,292,"3,909"
2014,Bihar,MUZAFFARPUR - BR6( 01-FEB-2018 ),5,LIGHT PASSENGER VEHICLE,86,100,99,96,57,56,35,52,51,38,59,56,785
2014,Bihar,MUZAFFARPUR - BR6( 01-FEB-2018 ),6,MEDIUM GOODS VEHICLE,3,1,3,11,0,5,4,4,3,2,2,8,46
2014,Bihar,MUZAFFARPUR - BR6( 01-FEB-2018 ),7,MEDIUM PASSENGER VEHICLE,1,0,1,6,4,4,7,4,2,3,2,3,37
2014,Bihar,MUZAFFARPUR - BR6( 01-FEB-2018 ),8,THREE WHEELER(T),110,149,122,113,109,180,209,219,384,213,262,228,"2,298"
2014,Bihar,MUZAFFARPUR - BR6( 01-FEB-2018 ),9,TWO WHEELER(NT),"2,843","3,338","4,039","4,803","5,774","4,836","3,390","3,035","3,165","4,797","4,170","2,496","46,686"
2014,Bihar,NALANDA - BR21( 01-FEB-2018 ),1,HEAVY GOODS VEHICLE,7,3,3,10,8,12,6,12,9,13,15,8,106
2014,Bihar,NALANDA - BR21( 01-FEB-2018 ),2,HEAVY PASSENGER VEHICLE,2,5,5,4,6,9,7,5,7,10,5,6,71
2014,Bihar,NALANDA - BR21( 01-FEB-2018 ),3,LIGHT GOODS VEHICLE,75,62,89,91,88,133,210,112,221,56,213,242,"1,592"
2014,Bihar,NALANDA - BR21( 01-FEB-2018 ),4,LIGHT MOTOR VEHICLE,26,30,26,35,27,38,50,33,26,34,60,37,422
2014,Bihar,NALANDA - BR21( 01-FEB-2018 ),5,LIGHT PASSENGER VEHICLE,14,21,17,27,19,25,22,12,12,9,21,14,213
2014,Bihar,NALANDA - BR21( 01-FEB-2018 ),6,MEDIUM GOODS VEHICLE,1,1,2,1,2,1,2,1,0,1,3,2,17
2014,Bihar,NALANDA - BR21( 01-FEB-2018 ),7,MEDIUM PASSENGER VEHICLE,0,0,1,0,3,1,0,0,0,0,1,1,7
2014,Bihar,NALANDA - BR21( 01-FEB-2018 ),8,THREE WHEELER(T),42,40,53,44,31,72,50,43,76,65,60,42,618
2014,Bihar,NALANDA - BR21( 01-FEB-2018 ),9,TWO WHEELER(NT),595,771,"1,007","1,092","1,369",973,920,833,931,"1,406","1,292",741,"11,930"
2014,Bihar,NAWADA - BR27( 30-JAN-2018 ),1,HEAVY GOODS VEHICLE,7,7,6,7,4,4,8,2,7,7,6,7,72
2014,Bihar,NAWADA - BR27( 30-JAN-2018 ),2,HEAVY PASSENGER VEHICLE,1,4,2,2,3,6,2,1,1,1,1,1,25
2014,Bihar,NAWADA - BR27( 30-JAN-2018 ),3,LIGHT GOODS VEHICLE,100,101,117,85,85,84,215,133,132,128,158,137,"1,475"
2014,Bihar,NAWADA - BR27( 30-JAN-2018 ),4,LIGHT MOTOR VEHICLE,21,33,42,36,47,24,29,31,29,17,43,28,380
2014,Bihar,NAWADA - BR27( 30-JAN-2018 ),5,LIGHT PASSENGER VEHICLE,15,12,8,8,13,5,7,9,11,6,8,4,106
2014,Bihar,NAWADA - BR27( 30-JAN-2018 ),6,MEDIUM GOODS VEHICLE,0,0,1,0,0,0,0,0,0,0,1,2,4
2014,Bihar,NAWADA - BR27( 30-JAN-2018 ),7,MEDIUM PASSENGER VEHICLE,0,0,0,1,1,1,0,0,1,3,1,0,8
2014,Bihar,NAWADA - BR27( 30-JAN-2018 ),8,THREE WHEELER(T),28,26,21,14,12,16,24,24,47,37,27,23,299
2014,Bihar,NAWADA - BR27( 30-JAN-2018 ),9,TWO WHEELER (INVALID CARRIAGE),0,0,0,0,0,0,0,0,9,6,0,0,15
2014,Bihar,NAWADA - BR27( 30-JAN-2018 ),10,TWO WHEELER(NT),290,429,549,555,811,566,461,422,346,533,527,336,"5,825"
2014,Bihar,PATNA - BR1( 02-FEB-2018 ),1,HEAVY GOODS VEHICLE,123,86,158,146,146,142,150,96,123,145,195,157,"1,667"
2014,Bihar,PATNA - BR1( 02-FEB-2018 ),2,HEAVY PASSENGER VEHICLE,3,10,20,19,23,9,22,32,30,8,7,15,198
2014,Bihar,PATNA - BR1( 02-FEB-2018 ),3,LIGHT GOODS VEHICLE,378,316,511,368,459,427,567,487,460,443,498,443,"5,357"
2014,Bihar,PATNA - BR1( 02-FEB-2018 ),4,LIGHT MOTOR VEHICLE,"1,347","1,049","1,109","1,216","1,376","1,174","1,165","1,069",927,"1,265","1,483","1,421","14,601"
2014,Bihar,PATNA - BR1( 02-FEB-2018 ),5,LIGHT PASSENGER VEHICLE,54,60,88,86,100,99,79,90,66,53,62,48,885
2014,Bihar,PATNA - BR1( 02-FEB-2018 ),6,MEDIUM GOODS VEHICLE,34,15,45,36,34,58,62,46,32,41,86,37,526
2014,Bihar,PATNA - BR1( 02-FEB-2018 ),7,MEDIUM MOTOR VEHICLE,0,0,0,0,0,0,1,1,0,0,0,0,2
2014,Bihar,PATNA - BR1( 02-FEB-2018 ),8,MEDIUM PASSENGER VEHICLE,5,2,13,19,18,25,12,275,6,5,3,6,389
2014,Bihar,PATNA - BR1( 02-FEB-2018 ),9,OTHER THAN MENTIONED ABOVE,0,1,0,0,1,0,1,1,0,0,0,0,4
2014,Bihar,PATNA - BR1( 02-FEB-2018 ),10,THREE WHEELER(T),245,252,323,222,255,262,331,317,319,250,257,219,"3,252"
2014,Bihar,PATNA - BR1( 02-FEB-2018 ),11,TWO WHEELER(NT),"3,971","4,769","5,759","5,976","7,337","6,198","5,732","4,947","6,095","8,243","7,818","4,686","71,531"
2014,Bihar,PATNA - BR1( 02-FEB-2018 ),12,TWO WHEELER(T),1,1,2,0,1,2,1,0,1,0,0,1,10
2014,Bihar,PURNEA - BR11( 23-JAN-2018 ),1,HEAVY GOODS VEHICLE,45,33,53,44,39,27,43,27,36,29,39,26,441
2014,Bihar,PURNEA - BR11( 23-JAN-2018 ),2,HEAVY PASSENGER VEHICLE,1,4,4,6,1,6,5,0,2,6,2,4,41
2014,Bihar,PURNEA - BR11( 23-JAN-2018 ),3,LIGHT GOODS VEHICLE,287,244,243,223,325,280,381,360,304,300,402,337,"3,686"
2014,Bihar,PURNEA - BR11( 23-JAN-2018 ),4,LIGHT MOTOR VEHICLE,141,149,199,132,163,176,180,180,150,200,302,231,"2,203"
2014,Bihar,PURNEA - BR11( 23-JAN-2018 ),5,LIGHT PASSENGER VEHICLE,55,68,97,50,32,49,37,27,38,41,27,17,538
2014,Bihar,PURNEA - BR11( 23-JAN-2018 ),6,MEDIUM GOODS VEHICLE,0,2,0,0,1,6,4,2,5,4,3,8,35
2014,Bihar,PURNEA - BR11( 23-JAN-2018 ),7,MEDIUM PASSENGER VEHICLE,0,0,0,1,3,0,0,1,1,0,1,1,8
2014,Bihar,PURNEA - BR11( 23-JAN-2018 ),8,THREE WHEELER(T),270,231,218,187,211,315,391,462,474,453,263,230,"3,705"
2014,Bihar,PURNEA - BR11( 23-JAN-2018 ),9,TWO WHEELER(NT),824,"1,104","1,303","1,081","1,751","1,836","1,365","1,445","1,370","1,847","1,354","1,283","16,563"
2014,Bihar,ROHTAS - BR24( 09-FEB-2018 ),1,HEAVY GOODS VEHICLE,7,7,4,16,17,4,10,5,13,6,4,9,102
2014,Bihar,ROHTAS - BR24( 09-FEB-2018 ),2,HEAVY PASSENGER VEHICLE,1,3,0,4,3,2,2,2,1,2,3,2,25
2014,Bihar,ROHTAS - BR24( 09-FEB-2018 ),3,LIGHT GOODS VEHICLE,116,128,165,264,174,197,245,102,81,125,182,200,"1,979"
2014,Bihar,ROHTAS - BR24( 09-FEB-2018 ),4,LIGHT MOTOR VEHICLE,48,57,93,48,53,47,79,43,41,49,69,44,671
2014,Bihar,ROHTAS - BR24( 09-FEB-2018 ),5,LIGHT PASSENGER VEHICLE,5,1,3,2,1,2,2,2,8,1,6,2,35
2014,Bihar,ROHTAS - BR24( 09-FEB-2018 ),6,MEDIUM GOODS VEHICLE,0,0,0,1,2,0,1,2,3,0,0,0,9
2014,Bihar,ROHTAS - BR24( 09-FEB-2018 ),7,MEDIUM PASSENGER VEHICLE,0,0,1,0,1,2,0,0,0,0,0,0,4
2014,Bihar,ROHTAS - BR24( 09-FEB-2018 ),8,OTHER THAN MENTIONED ABOVE,7,5,2,1,1,1,0,3,0,0,0,0,20
2014,Bihar,ROHTAS - BR24( 09-FEB-2018 ),9,THREE WHEELER(T),82,58,85,49,83,61,73,61,66,73,67,48,806
2014,Bihar,ROHTAS - BR24( 09-FEB-2018 ),10,TWO WHEELER(NT),744,599,"1,190",876,996,949,880,840,640,844,"1,138",859,"10,555"
2014,Bihar,SAHARSA - BR19( 29-JAN-2018 ),1,HEAVY GOODS VEHICLE,1,5,5,5,7,8,2,7,7,0,9,3,59
2014,Bihar,SAHARSA - BR19( 29-JAN-2018 ),2,HEAVY PASSENGER VEHICLE,0,0,1,0,0,1,0,2,1,1,1,0,7
2014,Bihar,SAHARSA - BR19( 29-JAN-2018 ),3,LIGHT GOODS VEHICLE,156,98,113,90,92,134,183,91,114,69,92,92,"1,324"
2014,Bihar,SAHARSA - BR19( 29-JAN-2018 ),4,LIGHT MOTOR VEHICLE,23,18,29,25,19,32,20,18,21,15,50,40,310
2014,Bihar,SAHARSA - BR19( 29-JAN-2018 ),5,LIGHT PASSENGER VEHICLE,24,10,17,10,10,17,15,8,10,4,9,8,142
2014,Bihar,SAHARSA - BR19( 29-JAN-2018 ),6,MEDIUM GOODS VEHICLE,1,0,0,0,1,0,3,0,0,0,1,0,6
2014,Bihar,SAHARSA - BR19( 29-JAN-2018 ),7,MEDIUM MOTOR VEHICLE,0,0,0,0,0,0,0,1,0,0,0,0,1
2014,Bihar,SAHARSA - BR19( 29-JAN-2018 ),8,MEDIUM PASSENGER VEHICLE,4,0,2,1,4,3,0,0,1,0,2,0,17
2014,Bihar,SAHARSA - BR19( 29-JAN-2018 ),9,THREE WHEELER(T),36,12,40,11,34,25,33,35,66,44,31,36,403
2014,Bihar,SAHARSA - BR19( 29-JAN-2018 ),10,TWO WHEELER(NT),338,280,468,433,332,467,401,519,387,333,763,511,"5,232"
2014,Bihar,SAMASTIPUR - BR33( 06-JUL-2017 ),1,HEAVY GOODS VEHICLE,1,2,6,1,3,3,2,3,1,4,17,2,45
2014,Bihar,SAMASTIPUR - BR33( 06-JUL-2017 ),2,HEAVY PASSENGER VEHICLE,0,1,1,4,3,1,0,4,0,0,0,1,15
2014,Bihar,SAMASTIPUR - BR33( 06-JUL-2017 ),3,LIGHT GOODS VEHICLE,113,125,167,138,107,121,206,109,136,179,236,201,"1,838"
2014,Bihar,SAMASTIPUR - BR33( 06-JUL-2017 ),4,LIGHT MOTOR VEHICLE,22,24,32,31,33,44,19,29,15,13,36,33,331
2014,Bihar,SAMASTIPUR - BR33( 06-JUL-2017 ),5,LIGHT PASSENGER VEHICLE,13,9,17,19,5,8,6,8,7,4,5,10,111
2014,Bihar,SAMASTIPUR - BR33( 06-JUL-2017 ),6,MEDIUM GOODS VEHICLE,0,0,1,0,0,0,0,0,0,0,0,1,2
2014,Bihar,SAMASTIPUR - BR33( 06-JUL-2017 ),7,MEDIUM PASSENGER VEHICLE,0,0,0,0,0,0,0,0,0,1,0,0,1
2014,Bihar,SAMASTIPUR - BR33( 06-JUL-2017 ),8,OTHER THAN MENTIONED ABOVE,0,0,0,0,0,0,0,1,0,0,0,0,1
2014,Bihar,SAMASTIPUR - BR33( 06-JUL-2017 ),9,THREE WHEELER(T),73,55,54,57,72,86,148,123,184,115,78,72,"1,117"
2014,Bihar,SAMASTIPUR - BR33( 06-JUL-2017 ),10,TWO WHEELER(NT),"1,184","1,292","1,662","1,787","2,348","2,294","1,616","1,123","1,454","2,206","1,679",954,"19,599"
2014,Bihar,SHEIKHPURA - BR52( 17-JUL-2017 ),1,HEAVY GOODS VEHICLE,0,0,0,3,3,0,2,2,1,0,3,2,16
2014,Bihar,SHEIKHPURA - BR52( 17-JUL-2017 ),2,HEAVY PASSENGER VEHICLE,0,0,0,2,2,1,2,0,0,1,1,0,9
2014,Bihar,SHEIKHPURA - BR52( 17-JUL-2017 ),3,LIGHT GOODS VEHICLE,21,42,22,25,31,75,202,31,46,48,52,53,648
2014,Bihar,SHEIKHPURA - BR52( 17-JUL-2017 ),4,LIGHT MOTOR VEHICLE,5,5,3,5,7,5,5,3,6,3,3,8,58
2014,Bihar,SHEIKHPURA - BR52( 17-JUL-2017 ),5,LIGHT PASSENGER VEHICLE,5,1,1,3,4,2,2,0,0,2,3,2,25
2014,Bihar,SHEIKHPURA - BR52( 17-JUL-2017 ),6,MEDIUM GOODS VEHICLE,0,0,0,0,1,0,0,0,0,0,0,1,2
2014,Bihar,SHEIKHPURA - BR52( 17-JUL-2017 ),7,MEDIUM PASSENGER VEHICLE,0,0,0,0,1,0,0,0,0,0,0,0,1
2014,Bihar,SHEIKHPURA - BR52( 17-JUL-2017 ),8,THREE WHEELER(T),1,0,4,1,2,0,15,7,25,48,5,8,116
2014,Bihar,SHEIKHPURA - BR52( 17-JUL-2017 ),9,TWO WHEELER(NT),34,61,134,101,212,115,220,24,175,232,171,110,"1,589"
2014,Bihar,SHEOHAR - BR55( 07-JUN-2017 ),1,HEAVY GOODS VEHICLE,17,9,31,5,6,10,10,11,13,4,18,17,151
2014,Bihar,SHEOHAR - BR55( 07-JUN-2017 ),2,HEAVY PASSENGER VEHICLE,0,0,0,0,0,0,1,1,0,0,0,0,2
2014,Bihar,SHEOHAR - BR55( 07-JUN-2017 ),3,LIGHT GOODS VEHICLE,2,0,6,1,8,0,5,1,6,2,11,9,51
2014,Bihar,SHEOHAR - BR55( 07-JUN-2017 ),4,LIGHT MOTOR VEHICLE,5,2,5,10,3,5,3,0,3,5,8,5,54
2014,Bihar,SHEOHAR - BR55( 07-JUN-2017 ),5,LIGHT PASSENGER VEHICLE,0,1,1,0,2,4,3,0,2,2,2,0,17
2014,Bihar,SHEOHAR - BR55( 07-JUN-2017 ),6,MEDIUM PASSENGER VEHICLE,0,0,0,0,1,0,0,0,0,0,1,1,3
2014,Bihar,SHEOHAR - BR55( 07-JUN-2017 ),7,THREE WHEELER(T),3,5,7,0,0,3,7,1,4,8,6,7,51
2014,Bihar,SHEOHAR - BR55( 07-JUN-2017 ),8,TWO WHEELER(NT),218,322,260,369,209,245,116,175,158,163,245,128,"2,608"
2014,Bihar,SITAMARHI - BR30( 29-JAN-2018 ),1,HEAVY GOODS VEHICLE,0,5,8,10,10,11,7,2,8,5,8,16,90
2014,Bihar,SITAMARHI - BR30( 29-JAN-2018 ),2,HEAVY PASSENGER VEHICLE,1,2,2,1,0,4,0,3,4,2,0,1,20
2014,Bihar,SITAMARHI - BR30( 29-JAN-2018 ),3,LIGHT GOODS VEHICLE,80,122,129,102,94,140,157,73,94,135,125,131,"1,382"
2014,Bihar,SITAMARHI - BR30( 29-JAN-2018 ),4,LIGHT MOTOR VEHICLE,30,38,30,29,25,32,28,27,25,12,25,15,316
2014,Bihar,SITAMARHI - BR30( 29-JAN-2018 ),5,LIGHT PASSENGER VEHICLE,4,3,5,4,4,2,3,3,4,4,6,1,43
2014,Bihar,SITAMARHI - BR30( 29-JAN-2018 ),6,MEDIUM GOODS VEHICLE,1,0,1,0,0,0,0,0,0,0,0,0,2
2014,Bihar,SITAMARHI - BR30( 29-JAN-2018 ),7,MEDIUM PASSENGER VEHICLE,0,0,0,0,1,0,0,0,0,0,0,0,1
2014,Bihar,SITAMARHI - BR30( 29-JAN-2018 ),8,THREE WHEELER(T),64,83,66,45,52,118,137,118,155,144,97,60,"1,139"
2014,Bihar,SITAMARHI - BR30( 29-JAN-2018 ),9,TWO WHEELER(NT),582,"1,119","1,365",949,830,"1,021",939,"1,028","1,054","1,233","1,355",855,"12,330"
2014,Bihar,SIWAN - BR29( 29-JAN-2018 ),1,HEAVY GOODS VEHICLE,4,5,3,4,1,3,19,3,4,5,7,5,63
2014,Bihar,SIWAN - BR29( 29-JAN-2018 ),2,HEAVY PASSENGER VEHICLE,1,3,4,0,5,3,2,3,2,4,4,1,32
2014,Bihar,SIWAN - BR29( 29-JAN-2018 ),3,LIGHT GOODS VEHICLE,94,113,136,137,112,131,110,149,153,118,136,137,"1,526"
2014,Bihar,SIWAN - BR29( 29-JAN-2018 ),4,LIGHT MOTOR VEHICLE,99,86,139,62,71,81,55,48,58,81,99,82,961
2014,Bihar,SIWAN - BR29( 29-JAN-2018 ),5,LIGHT PASSENGER VEHICLE,26,25,38,17,9,19,23,12,9,30,26,19,253
2014,Bihar,SIWAN - BR29( 29-JAN-2018 ),6,MEDIUM GOODS VEHICLE,1,3,0,2,1,0,1,0,0,0,0,0,8
2014,Bihar,SIWAN - BR29( 29-JAN-2018 ),7,MEDIUM PASSENGER VEHICLE,0,1,0,5,3,1,3,0,1,0,1,0,15
2014,Bihar,SIWAN - BR29( 29-JAN-2018 ),8,THREE WHEELER(T),52,64,103,82,55,70,58,65,82,61,64,72,828
2014,Bihar,SIWAN - BR29( 29-JAN-2018 ),9,TWO WHEELER(NT),"1,444","2,061","2,855","2,480","3,425","3,175","1,468","1,183","1,419","2,017","2,408","1,643","25,578"
2014,Bihar,SUPAUL - BR50( 29-JAN-2018 ),1,HEAVY GOODS VEHICLE,0,1,1,1,3,2,0,0,2,0,4,2,16
2014,Bihar,SUPAUL - BR50( 29-JAN-2018 ),2,HEAVY PASSENGER VEHICLE,0,0,1,0,1,1,2,1,2,1,1,1,11
2014,Bihar,SUPAUL - BR50( 29-JAN-2018 ),3,LIGHT GOODS VEHICLE,46,28,110,61,68,78,214,52,64,57,128,97,"1,003"
2014,Bihar,SUPAUL - BR50( 29-JAN-2018 ),4,LIGHT MOTOR VEHICLE,8,10,17,11,11,9,10,12,14,13,16,12,143
2014,Bihar,SUPAUL - BR50( 29-JAN-2018 ),5,LIGHT PASSENGER VEHICLE,4,2,8,6,4,5,1,1,1,2,4,2,40
2014,Bihar,SUPAUL - BR50( 29-JAN-2018 ),6,MEDIUM GOODS VEHICLE,0,0,1,0,0,1,0,0,0,0,0,0,2
2014,Bihar,SUPAUL - BR50( 29-JAN-2018 ),7,THREE WHEELER(T),8,2,11,10,13,11,9,17,20,14,22,13,150
2014,Bihar,SUPAUL - BR50( 29-JAN-2018 ),8,TWO WHEELER(NT),493,206,354,612,917,965,554,626,"1,110",534,749,469,"7,589"
2014,Bihar,VAISHALI - BR31( 13-FEB-2018 ),1,HEAVY GOODS VEHICLE,8,2,11,17,19,11,18,9,24,27,28,15,189
2014,Bihar,VAISHALI - BR31( 13-FEB-2018 ),2,HEAVY PASSENGER VEHICLE,2,3,0,0,1,2,3,3,9,3,5,2,33
2014,Bihar,VAISHALI - BR31( 13-FEB-2018 ),3,LIGHT GOODS VEHICLE,167,140,170,146,163,228,257,163,246,347,301,161,"2,489"
2014,Bihar,VAISHALI - BR31( 13-FEB-2018 ),4,LIGHT MOTOR VEHICLE,159,127,150,135,110,132,160,88,104,151,120,129,"1,565"
2014,Bihar,VAISHALI - BR31( 13-FEB-2018 ),5,LIGHT PASSENGER VEHICLE,39,33,24,17,10,14,11,15,19,10,20,16,228
2014,Bihar,VAISHALI - BR31( 13-FEB-2018 ),6,MEDIUM GOODS VEHICLE,15,11,16,11,22,24,29,7,3,3,10,26,177
2014,Bihar,VAISHALI - BR31( 13-FEB-2018 ),7,MEDIUM PASSENGER VEHICLE,0,1,3,0,0,0,1,1,2,1,2,3,14
2014,Bihar,VAISHALI - BR31( 13-FEB-2018 ),8,THREE WHEELER(T),114,97,105,77,58,96,124,133,170,119,112,116,"1,321"
2014,Bihar,VAISHALI - BR31( 13-FEB-2018 ),9,TWO WHEELER(NT),"1,095","1,168","1,468","1,942","2,460","2,101","1,350","1,128","1,541","2,576","1,728",979,"19,536"
