0,1,2,3,4,5,6,7,8,9,10,11,12,13,14,15,16,17
2024,Bihar,ARARIA - BR38( 30-JAN-2018 ),1,CNG ONLY,1,0,0,0,,,,,,,,,1
2024,Bihar,ARARIA - BR38( 30-JAN-2018 ),2,DIESEL,117,72,103,26,,,,,,,,,318
2024,Bihar,ARARIA - BR38( 30-JAN-2018 ),3,ELECTRIC(BOV),201,191,233,71,,,,,,,,,696
2024,Bihar,ARARIA - BR38( 30-JAN-2018 ),4,LPG ONLY,14,15,25,8,,,,,,,,,62
2024,Bihar,ARARIA - BR38( 30-JAN-2018 ),5,PETROL,"2,468","2,762","3,207",886,,,,,,,,,"9,323"
2024,Bihar,ARARIA - BR38( 30-JAN-2018 ),6,PETROL/CNG,0,1,0,0,,,,,,,,,1
2024,Bihar,ARARIA - BR38( 30-JAN-2018 ),7,PETROL/ETHANOL,68,65,78,23,,,,,,,,,234
2024,Bihar,ARARIA - BR38( 30-JAN-2018 ),8,PETROL/HYBRID,17,9,9,2,,,,,,,,,37
2024,Bihar,ARARIA - BR38( 30-JAN-2018 ),9,STRONG HYBRID EV,0,0,1,0,,,,,,,,,1
2024,Bihar,ARAWAL - BR56( 22-MAY-2017 ),1,CNG ONLY,4,6,5,0,,,,,,,,,15
2024,Bihar,ARAWAL - BR56( 22-MAY-2017 ),2,DIESEL,31,34,23,7,,,,,,,,,95
2024,Bihar,ARAWAL - BR56( 22-MAY-2017 ),3,ELECTRIC(BOV),7,12,10,3,,,,,,,,,32
2024,Bihar,ARAWAL - BR56( 22-MAY-2017 ),4,NOT APPLICABLE,19,6,7,0,,,,,,,,,32
2024,Bihar,ARAWAL - BR56( 22-MAY-2017 ),5,PETROL,266,334,447,172,,,,,,,,,"1,219"
2024,Bihar,ARAWAL - BR56( 22-MAY-2017 ),6,PETROL/CNG,0,1,1,0,,,,,,,,,2
2024,Bihar,ARAWAL - BR56( 22-MAY-2017 ),7,PETROL/ETHANOL,12,8,16,8,,,,,,,,,44
2024,Bihar,ARAWAL - BR56( 22-MAY-2017 ),8,PETROL/HYBRID,0,1,0,0,,,,,,,,,1
2024,Bihar,AURANGABAD - BR26( 13-JUN-2017 ),1,CNG ONLY,37,41,30,12,,,,,,,,,120
2024,Bihar,AURANGABAD - BR26( 13-JUN-2017 ),2,DIESEL,194,190,200,65,,,,,,,,,649
2024,Bihar,AURANGABAD - BR26( 13-JUN-2017 ),3,ELECTRIC(BOV),132,125,188,63,,,,,,,,,508
2024,Bihar,AURANGABAD - BR26( 13-JUN-2017 ),4,NOT APPLICABLE,8,21,6,1,,,,,,,,,36
2024,Bihar,AURANGABAD - BR26( 13-JUN-2017 ),5,PETROL,"1,220","1,476","2,176","1,194",,,,,,,,,"6,066"
2024,Bihar,AURANGABAD - BR26( 13-JUN-2017 ),6,PETROL/CNG,20,4,6,8,,,,,,,,,38
2024,Bihar,AURANGABAD - BR26( 13-JUN-2017 ),7,PETROL/ETHANOL,3,11,5,7,,,,,,,,,26
2024,Bihar,AURANGABAD - BR26( 13-JUN-2017 ),8,PETROL/HYBRID,4,8,6,4,,,,,,,,,22
2024,Bihar,AURANGABAD - BR26( 13-JUN-2017 ),9,STRONG HYBRID EV,0,0,1,0,,,,,,,,,1
2024,Bihar,BANKA - BR51( 06-FEB-2018 ),1,CNG ONLY,0,0,1,0,,,,,,,,,1
2024,Bihar,BANKA - BR51( 06-FEB-2018 ),2,DIESEL,55,43,70,26,,,,,,,,,194
2024,Bihar,BANKA - BR51( 06-FEB-2018 ),3,ELECTRIC(BOV),107,105,109,25,,,,,,,,,346
2024,Bihar,BANKA - BR51( 06-FEB-2018 ),4,LPG ONLY,1,0,1,0,,,,,,,,,2
2024,Bihar,BANKA - BR51( 06-FEB-2018 ),5,NOT APPLICABLE,10,13,10,22,,,,,,,,,55
2024,Bihar,BANKA - BR51( 06-FEB-2018 ),6,PETROL,761,775,901,471,,,,,,,,,"2,908"
2024,Bihar,BANKA - BR51( 06-FEB-2018 ),7,PETROL/ETHANOL,19,13,25,13,,,,,,,,,70
2024,Bihar,BANKA - BR51( 06-FEB-2018 ),8,PETROL/HYBRID,0,0,0,1,,,,,,,,,1
2024,Bihar,BEGUSARAI - BR9( 23-JAN-2018 ),1,CNG ONLY,43,50,44,6,,,,,,,,,143
2024,Bihar,BEGUSARAI - BR9( 23-JAN-2018 ),2,DIESEL,150,151,187,80,,,,,,,,,568
2024,Bihar,BEGUSARAI - BR9( 23-JAN-2018 ),3,ELECTRIC(BOV),235,227,237,97,,,,,,,,,796
2024,Bihar,BEGUSARAI - BR9( 23-JAN-2018 ),4,LPG ONLY,1,1,2,1,,,,,,,,,5
2024,Bihar,BEGUSARAI - BR9( 23-JAN-2018 ),5,NOT APPLICABLE,80,21,47,2,,,,,,,,,150
2024,Bihar,BEGUSARAI - BR9( 23-JAN-2018 ),6,PETROL,"1,508","1,981","2,439","1,259",,,,,,,,,"7,187"
2024,Bihar,BEGUSARAI - BR9( 23-JAN-2018 ),7,PETROL/CNG,24,22,18,8,,,,,,,,,72
2024,Bihar,BEGUSARAI - BR9( 23-JAN-2018 ),8,PETROL/ETHANOL,42,22,73,19,,,,,,,,,156
2024,Bihar,BEGUSARAI - BR9( 23-JAN-2018 ),9,PETROL/HYBRID,9,16,13,9,,,,,,,,,47
2024,Bihar,BETTIAH - BR22( 22-SEP-2017 ),1,CNG ONLY,0,0,1,0,,,,,,,,,1
2024,Bihar,BETTIAH - BR22( 22-SEP-2017 ),2,DIESEL,221,166,195,52,,,,,,,,,634
2024,Bihar,BETTIAH - BR22( 22-SEP-2017 ),3,ELECTRIC(BOV),276,188,202,76,,,,,,,,,742
2024,Bihar,BETTIAH - BR22( 22-SEP-2017 ),4,LPG ONLY,12,9,8,5,,,,,,,,,34
2024,Bihar,BETTIAH - BR22( 22-SEP-2017 ),5,NOT APPLICABLE,4,7,1,1,,,,,,,,,13
2024,Bihar,BETTIAH - BR22( 22-SEP-2017 ),6,PETROL,"3,496","3,709","4,526","2,185",,,,,,,,,"13,916"
2024,Bihar,BETTIAH - BR22( 22-SEP-2017 ),7,PETROL/CNG,4,4,4,1,,,,,,,,,13
2024,Bihar,BETTIAH - BR22( 22-SEP-2017 ),8,PETROL/ETHANOL,3,4,3,51,,,,,,,,,61
2024,Bihar,BETTIAH - BR22( 22-SEP-2017 ),9,PETROL/HYBRID,5,7,16,3,,,,,,,,,31
2024,Bihar,BETTIAH - BR22( 22-SEP-2017 ),10,PURE EV,0,0,4,0,,,,,,,,,4
2024,Bihar,BETTIAH - BR22( 22-SEP-2017 ),11,STRONG HYBRID EV,0,0,0,1,,,,,,,,,1
2024,Bihar,BHABHUA - BR45( 23-JAN-2018 ),1,CNG ONLY,55,28,30,19,,,,,,,,,132
2024,Bihar,BHABHUA - BR45( 23-JAN-2018 ),2,DIESEL,150,147,92,42,,,,,,,,,431
2024,Bihar,BHABHUA - BR45( 23-JAN-2018 ),3,ELECTRIC(BOV),70,68,106,40,,,,,,,,,284
2024,Bihar,BHABHUA - BR45( 23-JAN-2018 ),4,PETROL,795,794,"1,021",340,,,,,,,,,"2,950"
2024,Bihar,BHABHUA - BR45( 23-JAN-2018 ),5,PETROL/CNG,3,4,3,1,,,,,,,,,11
2024,Bihar,BHABHUA - BR45( 23-JAN-2018 ),6,PETROL/ETHANOL,0,1,1,0,,,,,,,,,2
2024,Bihar,BHABHUA - BR45( 23-JAN-2018 ),7,PETROL/HYBRID,1,0,2,1,,,,,,,,,4
2024,Bihar,BHABHUA - BR45( 23-JAN-2018 ),8,PURE EV,0,0,0,1,,,,,,,,,1
2024,Bihar,BHAGALPUR - BR10( 07-FEB-2018 ),1,CNG ONLY,39,44,51,22,,,,,,,,,156
2024,Bihar,BHAGALPUR - BR10( 07-FEB-2018 ),2,DIESEL,167,229,165,74,,,,,,,,,635
2024,Bihar,BHAGALPUR - BR10( 07-FEB-2018 ),3,ELECTRIC(BOV),368,338,346,176,,,,,,,,,"1,228"
2024,Bihar,BHAGALPUR - BR10( 07-FEB-2018 ),4,LPG ONLY,21,19,31,7,,,,,,,,,78
2024,Bihar,BHAGALPUR - BR10( 07-FEB-2018 ),5,NOT APPLICABLE,11,4,9,0,,,,,,,,,24
2024,Bihar,BHAGALPUR - BR10( 07-FEB-2018 ),6,PETROL,"1,869","1,773","2,180",845,,,,,,,,,"6,667"
2024,Bihar,BHAGALPUR - BR10( 07-FEB-2018 ),7,PETROL/CNG,6,12,6,3,,,,,,,,,27
2024,Bihar,BHAGALPUR - BR10( 07-FEB-2018 ),8,PETROL/ETHANOL,89,98,99,47,,,,,,,,,333
2024,Bihar,BHAGALPUR - BR10( 07-FEB-2018 ),9,PETROL/HYBRID,15,23,26,7,,,,,,,,,71
2024,Bihar,BHAGALPUR - BR10( 07-FEB-2018 ),10,STRONG HYBRID EV,0,0,0,3,,,,,,,,,3
2024,Bihar,BHOJPUR - BR3( 15-FEB-2018 ),1,CNG ONLY,67,52,43,11,,,,,,,,,173
2024,Bihar,BHOJPUR - BR3( 15-FEB-2018 ),2,DIESEL,228,219,243,114,,,,,,,,,804
2024,Bihar,BHOJPUR - BR3( 15-FEB-2018 ),3,ELECTRIC(BOV),89,98,118,44,,,,,,,,,349
2024,Bihar,BHOJPUR - BR3( 15-FEB-2018 ),4,NOT APPLICABLE,3,2,8,1,,,,,,,,,14
2024,Bihar,BHOJPUR - BR3( 15-FEB-2018 ),5,PETROL,"1,557","1,997","2,051",967,,,,,,,,,"6,572"
2024,Bihar,BHOJPUR - BR3( 15-FEB-2018 ),6,PETROL/CNG,10,7,11,4,,,,,,,,,32
2024,Bihar,BHOJPUR - BR3( 15-FEB-2018 ),7,PETROL/ETHANOL,14,30,31,15,,,,,,,,,90
2024,Bihar,BHOJPUR - BR3( 15-FEB-2018 ),8,PETROL/HYBRID,2,6,7,1,,,,,,,,,16
2024,Bihar,BHOJPUR - BR3( 15-FEB-2018 ),9,STRONG HYBRID EV,0,0,0,1,,,,,,,,,1
2024,Bihar,BUXUR - BR44( 01-FEB-2018 ),1,CNG ONLY,11,4,0,13,,,,,,,,,28
2024,Bihar,BUXUR - BR44( 01-FEB-2018 ),2,DIESEL,159,142,110,39,,,,,,,,,450
2024,Bihar,BUXUR - BR44( 01-FEB-2018 ),3,ELECTRIC(BOV),130,87,199,48,,,,,,,,,464
2024,Bihar,BUXUR - BR44( 01-FEB-2018 ),4,NOT APPLICABLE,1,3,3,0,,,,,,,,,7
2024,Bihar,BUXUR - BR44( 01-FEB-2018 ),5,PETROL,999,"1,052","1,275",681,,,,,,,,,"4,007"
2024,Bihar,BUXUR - BR44( 01-FEB-2018 ),6,PETROL/CNG,7,5,2,0,,,,,,,,,14
2024,Bihar,BUXUR - BR44( 01-FEB-2018 ),7,PETROL/ETHANOL,10,5,12,4,,,,,,,,,31
2024,Bihar,BUXUR - BR44( 01-FEB-2018 ),8,PETROL/HYBRID,2,4,2,0,,,,,,,,,8
2024,Bihar,CHAPARA - BR4( 29-JAN-2018 ),1,CNG ONLY,75,50,55,22,,,,,,,,,202
2024,Bihar,CHAPARA - BR4( 29-JAN-2018 ),2,DIESEL,125,94,130,45,,,,,,,,,394
2024,Bihar,CHAPARA - BR4( 29-JAN-2018 ),3,ELECTRIC(BOV),277,266,254,110,,,,,,,,,907
2024,Bihar,CHAPARA - BR4( 29-JAN-2018 ),4,LPG ONLY,1,0,0,0,,,,,,,,,1
2024,Bihar,CHAPARA - BR4( 29-JAN-2018 ),5,NOT APPLICABLE,9,4,1,1,,,,,,,,,15
2024,Bihar,CHAPARA - BR4( 29-JAN-2018 ),6,PETROL,"1,947","2,594","2,502","1,787",,,,,,,,,"8,830"
2024,Bihar,CHAPARA - BR4( 29-JAN-2018 ),7,PETROL/CNG,13,5,14,7,,,,,,,,,39
2024,Bihar,CHAPARA - BR4( 29-JAN-2018 ),8,PETROL/ETHANOL,19,22,33,6,,,,,,,,,80
2024,Bihar,CHAPARA - BR4( 29-JAN-2018 ),9,PETROL/HYBRID,7,10,6,2,,,,,,,,,25
2024,Bihar,CHAPARA - BR4( 29-JAN-2018 ),10,PURE EV,0,0,1,0,,,,,,,,,1
2024,Bihar,DARBHANGA - BR7( 30-JAN-2018 ),1,CNG ONLY,208,124,156,57,,,,,,,,,545
2024,Bihar,DARBHANGA - BR7( 30-JAN-2018 ),2,DIESEL,241,223,250,89,,,,,,,,,803
2024,Bihar,DARBHANGA - BR7( 30-JAN-2018 ),3,ELECTRIC(BOV),182,155,184,57,,,,,,,,,578
2024,Bihar,DARBHANGA - BR7( 30-JAN-2018 ),4,LPG ONLY,17,10,7,7,,,,,,,,,41
2024,Bihar,DARBHANGA - BR7( 30-JAN-2018 ),5,NOT APPLICABLE,11,7,10,11,,,,,,,,,39
2024,Bihar,DARBHANGA - BR7( 30-JAN-2018 ),6,PETROL,"2,097","2,779","4,476","1,587",,,,,,,,,"10,939"
2024,Bihar,DARBHANGA - BR7( 30-JAN-2018 ),7,PETROL/CNG,12,6,12,7,,,,,,,,,37
2024,Bihar,DARBHANGA - BR7( 30-JAN-2018 ),8,PETROL/ETHANOL,97,96,157,47,,,,,,,,,397
2024,Bihar,DARBHANGA - BR7( 30-JAN-2018 ),9,PETROL/HYBRID,19,18,22,9,,,,,,,,,68
2024,Bihar,DARBHANGA - BR7( 30-JAN-2018 ),10,PURE EV,0,0,0,1,,,,,,,,,1
2024,Bihar,GAYA - BR2( 06-SEP-2017 ),1,CNG ONLY,47,72,74,25,,,,,,,,,218
2024,Bihar,GAYA - BR2( 06-SEP-2017 ),2,DIESEL,266,308,298,108,,,,,,,,,980
2024,Bihar,GAYA - BR2( 06-SEP-2017 ),3,DIESEL/HYBRID,0,1,0,0,,,,,,,,,1
2024,Bihar,GAYA - BR2( 06-SEP-2017 ),4,ELECTRIC(BOV),497,484,530,177,,,,,,,,,"1,688"
2024,Bihar,GAYA - BR2( 06-SEP-2017 ),5,NOT APPLICABLE,62,26,38,9,,,,,,,,,135
2024,Bihar,GAYA - BR2( 06-SEP-2017 ),6,PETROL,"2,897","3,241","4,363","2,924",,,,,,,,,"13,425"
2024,Bihar,GAYA - BR2( 06-SEP-2017 ),7,PETROL/CNG,37,38,44,9,,,,,,,,,128
2024,Bihar,GAYA - BR2( 06-SEP-2017 ),8,PETROL/ETHANOL,51,86,64,40,,,,,,,,,241
2024,Bihar,GAYA - BR2( 06-SEP-2017 ),9,PETROL/HYBRID,21,36,25,8,,,,,,,,,90
2024,Bihar,GAYA - BR2( 06-SEP-2017 ),10,PURE EV,0,0,4,1,,,,,,,,,5
2024,Bihar,GAYA - BR2( 06-SEP-2017 ),11,STRONG HYBRID EV,0,0,1,0,,,,,,,,,1
2024,Bihar,GOPALGANJ - BR28( 08-JUN-2017 ),1,CNG ONLY,19,13,12,14,,,,,,,,,58
2024,Bihar,GOPALGANJ - BR28( 08-JUN-2017 ),2,DIESEL,228,223,282,114,,,,,,,,,847
2024,Bihar,GOPALGANJ - BR28( 08-JUN-2017 ),3,ELECTRIC(BOV),195,156,200,89,,,,,,,,,640
2024,Bihar,GOPALGANJ - BR28( 08-JUN-2017 ),4,LPG ONLY,1,0,2,2,,,,,,,,,5
2024,Bihar,GOPALGANJ - BR28( 08-JUN-2017 ),5,NOT APPLICABLE,0,0,1,0,,,,,,,,,1
2024,Bihar,GOPALGANJ - BR28( 08-JUN-2017 ),6,PETROL,"1,378","1,675","2,023","1,130",,,,,,,,,"6,206"
2024,Bihar,GOPALGANJ - BR28( 08-JUN-2017 ),7,PETROL/CNG,15,14,15,3,,,,,,,,,47
2024,Bihar,GOPALGANJ - BR28( 08-JUN-2017 ),8,PETROL/ETHANOL,14,27,24,19,,,,,,,,,84
2024,Bihar,GOPALGANJ - BR28( 08-JUN-2017 ),9,PETROL/HYBRID,9,13,15,3,,,,,,,,,40
2024,Bihar,JAMUI - BR46( 07-JUN-2017 ),1,CNG ONLY,34,27,37,5,,,,,,,,,103
2024,Bihar,JAMUI - BR46( 07-JUN-2017 ),2,DIESEL,67,67,94,34,,,,,,,,,262
2024,Bihar,JAMUI - BR46( 07-JUN-2017 ),3,ELECTRIC(BOV),101,98,114,42,,,,,,,,,355
2024,Bihar,JAMUI - BR46( 07-JUN-2017 ),4,NOT APPLICABLE,14,20,18,10,,,,,,,,,62
2024,Bihar,JAMUI - BR46( 07-JUN-2017 ),5,PETROL,995,"1,163","1,887",805,,,,,,,,,"4,850"
2024,Bihar,JAMUI - BR46( 07-JUN-2017 ),6,PETROL/CNG,1,0,2,0,,,,,,,,,3
2024,Bihar,JAMUI - BR46( 07-JUN-2017 ),7,PETROL/ETHANOL,23,24,28,18,,,,,,,,,93
2024,Bihar,JAMUI - BR46( 07-JUN-2017 ),8,PETROL/HYBRID,3,0,4,0,,,,,,,,,7
2024,Bihar,JEHANABAD - BR25( 26-MAY-2017 ),1,CNG ONLY,41,59,55,25,,,,,,,,,180
2024,Bihar,JEHANABAD - BR25( 26-MAY-2017 ),2,DIESEL,18,26,28,11,,,,,,,,,83
2024,Bihar,JEHANABAD - BR25( 26-MAY-2017 ),3,ELECTRIC(BOV),32,25,29,5,,,,,,,,,91
2024,Bihar,JEHANABAD - BR25( 26-MAY-2017 ),4,NOT APPLICABLE,33,11,17,0,,,,,,,,,61
2024,Bihar,JEHANABAD - BR25( 26-MAY-2017 ),5,PETROL,394,434,720,318,,,,,,,,,"1,866"
2024,Bihar,JEHANABAD - BR25( 26-MAY-2017 ),6,PETROL/CNG,0,2,0,1,,,,,,,,,3
2024,Bihar,JEHANABAD - BR25( 26-MAY-2017 ),7,PETROL/HYBRID,1,2,0,0,,,,,,,,,3
2024,Bihar,KATIHAR - BR39( 23-JAN-2018 ),1,CNG ONLY,2,1,1,0,,,,,,,,,4
2024,Bihar,KATIHAR - BR39( 23-JAN-2018 ),2,DIESEL,74,95,102,32,,,,,,,,,303
2024,Bihar,KATIHAR - BR39( 23-JAN-2018 ),3,ELECTRIC(BOV),241,206,258,84,,,,,,,,,789
2024,Bihar,KATIHAR - BR39( 23-JAN-2018 ),4,LPG ONLY,5,16,13,3,,,,,,,,,37
2024,Bihar,KATIHAR - BR39( 23-JAN-2018 ),5,NOT APPLICABLE,11,8,5,16,,,,,,,,,40
2024,Bihar,KATIHAR - BR39( 23-JAN-2018 ),6,PETROL,"2,457","2,843","2,795","1,108",,,,,,,,,"9,203"
2024,Bihar,KATIHAR - BR39( 23-JAN-2018 ),7,PETROL/CNG,1,0,0,0,,,,,,,,,1
2024,Bihar,KATIHAR - BR39( 23-JAN-2018 ),8,PETROL/ETHANOL,88,107,120,36,,,,,,,,,351
2024,Bihar,KATIHAR - BR39( 23-JAN-2018 ),9,PETROL/HYBRID,4,1,3,2,,,,,,,,,10
2024,Bihar,KATIHAR - BR39( 23-JAN-2018 ),10,PURE EV,0,0,0,1,,,,,,,,,1
2024,Bihar,KHAGARIA - BR34( 01-FEB-2018 ),1,CNG ONLY,23,21,24,3,,,,,,,,,71
2024,Bihar,KHAGARIA - BR34( 01-FEB-2018 ),2,DIESEL,39,37,53,21,,,,,,,,,150
2024,Bihar,KHAGARIA - BR34( 01-FEB-2018 ),3,ELECTRIC(BOV),86,83,61,27,,,,,,,,,257
2024,Bihar,KHAGARIA - BR34( 01-FEB-2018 ),4,LPG ONLY,1,0,0,0,,,,,,,,,1
2024,Bihar,KHAGARIA - BR34( 01-FEB-2018 ),5,NOT APPLICABLE,12,10,13,4,,,,,,,,,39
2024,Bihar,KHAGARIA - BR34( 01-FEB-2018 ),6,PETROL,863,"1,132","1,298",537,,,,,,,,,"3,830"
2024,Bihar,KHAGARIA - BR34( 01-FEB-2018 ),7,PETROL/CNG,0,4,0,2,,,,,,,,,6
2024,Bihar,KHAGARIA - BR34( 01-FEB-2018 ),8,PETROL/ETHANOL,20,15,41,14,,,,,,,,,90
2024,Bihar,KHAGARIA - BR34( 01-FEB-2018 ),9,PETROL/HYBRID,0,1,1,0,,,,,,,,,2
2024,Bihar,KISHANGANJ - BR37( 07-FEB-2018 ),1,CNG ONLY,0,0,1,0,,,,,,,,,1
2024,Bihar,KISHANGANJ - BR37( 07-FEB-2018 ),2,DIESEL,55,49,80,26,,,,,,,,,210
2024,Bihar,KISHANGANJ - BR37( 07-FEB-2018 ),3,ELECTRIC(BOV),165,149,184,37,,,,,,,,,535
2024,Bihar,KISHANGANJ - BR37( 07-FEB-2018 ),4,LPG ONLY,13,7,18,2,,,,,,,,,40
2024,Bihar,KISHANGANJ - BR37( 07-FEB-2018 ),5,PETROL,"1,959","2,955","2,768",860,,,,,,,,,"8,542"
2024,Bihar,KISHANGANJ - BR37( 07-FEB-2018 ),6,PETROL/ETHANOL,39,67,62,25,,,,,,,,,193
2024,Bihar,KISHANGANJ - BR37( 07-FEB-2018 ),7,PETROL/HYBRID,2,5,4,4,,,,,,,,,15
2024,Bihar,LAKHISARAI - BR53( 27-JAN-2017 ),1,CNG ONLY,19,12,15,1,,,,,,,,,47
2024,Bihar,LAKHISARAI - BR53( 27-JAN-2017 ),2,DIESEL,31,46,22,21,,,,,,,,,120
2024,Bihar,LAKHISARAI - BR53( 27-JAN-2017 ),3,ELECTRIC(BOV),78,68,63,27,,,,,,,,,236
2024,Bihar,LAKHISARAI - BR53( 27-JAN-2017 ),4,NOT APPLICABLE,14,5,11,6,,,,,,,,,36
2024,Bihar,LAKHISARAI - BR53( 27-JAN-2017 ),5,PETROL,328,430,545,240,,,,,,,,,"1,543"
2024,Bihar,LAKHISARAI - BR53( 27-JAN-2017 ),6,PETROL/CNG,4,4,3,3,,,,,,,,,14
2024,Bihar,LAKHISARAI - BR53( 27-JAN-2017 ),7,PETROL/ETHANOL,1,0,0,0,,,,,,,,,1
2024,Bihar,LAKHISARAI - BR53( 27-JAN-2017 ),8,PETROL/HYBRID,0,1,0,0,,,,,,,,,1
2024,Bihar,MADHEPURA - BR43( 02-JUN-2017 ),1,CNG ONLY,5,18,28,11,,,,,,,,,62
2024,Bihar,MADHEPURA - BR43( 02-JUN-2017 ),2,DIESEL,99,88,97,26,,,,,,,,,310
2024,Bihar,MADHEPURA - BR43( 02-JUN-2017 ),3,ELECTRIC(BOV),154,116,162,43,,,,,,,,,475
2024,Bihar,MADHEPURA - BR43( 02-JUN-2017 ),4,LPG ONLY,48,46,29,14,,,,,,,,,137
2024,Bihar,MADHEPURA - BR43( 02-JUN-2017 ),5,NOT APPLICABLE,0,8,3,3,,,,,,,,,14
2024,Bihar,MADHEPURA - BR43( 02-JUN-2017 ),6,PETROL,"1,910","2,154","2,402",803,,,,,,,,,"7,269"
2024,Bihar,MADHEPURA - BR43( 02-JUN-2017 ),7,PETROL/CNG,0,1,2,0,,,,,,,,,3
2024,Bihar,MADHEPURA - BR43( 02-JUN-2017 ),8,PETROL/ETHANOL,19,17,39,14,,,,,,,,,89
2024,Bihar,MADHEPURA - BR43( 02-JUN-2017 ),9,PETROL/HYBRID,0,1,1,1,,,,,,,,,3
2024,Bihar,MADHUBANI - BR32( 01-FEB-2018 ),1,CNG ONLY,18,15,7,5,,,,,,,,,45
2024,Bihar,MADHUBANI - BR32( 01-FEB-2018 ),2,DIESEL,150,138,122,42,,,,,,,,,452
2024,Bihar,MADHUBANI - BR32( 01-FEB-2018 ),3,ELECTRIC(BOV),166,106,183,57,,,,,,,,,512
2024,Bihar,MADHUBANI - BR32( 01-FEB-2018 ),4,LPG ONLY,9,4,4,4,,,,,,,,,21
2024,Bihar,MADHUBANI - BR32( 01-FEB-2018 ),5,PETROL,"2,585","3,451","4,802","1,708",,,,,,,,,"12,546"
2024,Bihar,MADHUBANI - BR32( 01-FEB-2018 ),6,PETROL/CNG,3,5,2,1,,,,,,,,,11
2024,Bihar,MADHUBANI - BR32( 01-FEB-2018 ),7,PETROL/ETHANOL,51,59,93,32,,,,,,,,,235
2024,Bihar,MADHUBANI - BR32( 01-FEB-2018 ),8,PETROL/HYBRID,2,5,2,2,,,,,,,,,11
2024,Bihar,MOTIHARI - BR5( 05-JUL-2017 ),1,CNG ONLY,18,40,29,16,,,,,,,,,103
2024,Bihar,MOTIHARI - BR5( 05-JUL-2017 ),2,DIESEL,274,259,256,77,,,,,,,,,866
2024,Bihar,MOTIHARI - BR5( 05-JUL-2017 ),3,ELECTRIC(BOV),420,369,421,220,,,,,,,,,"1,430"
2024,Bihar,MOTIHARI - BR5( 05-JUL-2017 ),4,LPG ONLY,14,19,17,7,,,,,,,,,57
2024,Bihar,MOTIHARI - BR5( 05-JUL-2017 ),5,NOT APPLICABLE,7,1,8,5,,,,,,,,,21
2024,Bihar,MOTIHARI - BR5( 05-JUL-2017 ),6,PETROL,"4,258","4,147","5,192","2,786",,,,,,,,,"16,383"
2024,Bihar,MOTIHARI - BR5( 05-JUL-2017 ),7,PETROL/CNG,5,8,13,3,,,,,,,,,29
2024,Bihar,MOTIHARI - BR5( 05-JUL-2017 ),8,PETROL/ETHANOL,31,43,56,95,,,,,,,,,225
2024,Bihar,MOTIHARI - BR5( 05-JUL-2017 ),9,PETROL/HYBRID,14,14,17,1,,,,,,,,,46
2024,Bihar,MUNGER - BR8( 06-FEB-2018 ),1,CNG ONLY,10,10,15,2,,,,,,,,,37
2024,Bihar,MUNGER - BR8( 06-FEB-2018 ),2,DIESEL,39,18,51,7,,,,,,,,,115
2024,Bihar,MUNGER - BR8( 06-FEB-2018 ),3,ELECTRIC(BOV),87,69,108,42,,,,,,,,,306
2024,Bihar,MUNGER - BR8( 06-FEB-2018 ),4,LPG ONLY,1,0,0,0,,,,,,,,,1
2024,Bihar,MUNGER - BR8( 06-FEB-2018 ),5,NOT APPLICABLE,3,1,0,1,,,,,,,,,5
2024,Bihar,MUNGER - BR8( 06-FEB-2018 ),6,PETROL,510,596,814,409,,,,,,,,,"2,329"
2024,Bihar,MUNGER - BR8( 06-FEB-2018 ),7,PETROL/CNG,1,2,3,1,,,,,,,,,7
2024,Bihar,MUNGER - BR8( 06-FEB-2018 ),8,PETROL/ETHANOL,20,14,22,10,,,,,,,,,66
2024,Bihar,MUNGER - BR8( 06-FEB-2018 ),9,PETROL/HYBRID,1,1,0,0,,,,,,,,,2
2024,Bihar,MUZAFFARPUR - BR6( 01-FEB-2018 ),1,CNG ONLY,482,465,354,167,,,,,,,,,"1,468"
2024,Bihar,MUZAFFARPUR - BR6( 01-FEB-2018 ),2,DIESEL,451,497,575,282,,,,,,,,,"1,805"
2024,Bihar,MUZAFFARPUR - BR6( 01-FEB-2018 ),3,ELECTRIC(BOV),363,478,549,142,,,,,,,,,"1,532"
2024,Bihar,MUZAFFARPUR - BR6( 01-FEB-2018 ),4,LPG ONLY,1,0,2,0,,,,,,,,,3
2024,Bihar,MUZAFFARPUR - BR6( 01-FEB-2018 ),5,NOT APPLICABLE,3,6,9,2,,,,,,,,,20
2024,Bihar,MUZAFFARPUR - BR6( 01-FEB-2018 ),6,PETROL,"5,427","6,020","7,370","2,689",,,,,,,,,"21,506"
2024,Bihar,MUZAFFARPUR - BR6( 01-FEB-2018 ),7,PETROL/CNG,58,59,66,22,,,,,,,,,205
2024,Bihar,MUZAFFARPUR - BR6( 01-FEB-2018 ),8,PETROL/ETHANOL,79,83,101,45,,,,,,,,,308
2024,Bihar,MUZAFFARPUR - BR6( 01-FEB-2018 ),9,PETROL/HYBRID,70,83,72,28,,,,,,,,,253
2024,Bihar,MUZAFFARPUR - BR6( 01-FEB-2018 ),10,PURE EV,0,0,1,0,,,,,,,,,1
2024,Bihar,MUZAFFARPUR - BR6( 01-FEB-2018 ),11,STRONG HYBRID EV,0,0,1,0,,,,,,,,,1
2024,Bihar,NALANDA - BR21( 01-FEB-2018 ),1,CNG ONLY,44,25,38,14,,,,,,,,,121
2024,Bihar,NALANDA - BR21( 01-FEB-2018 ),2,DIESEL,92,108,139,43,,,,,,,,,382
2024,Bihar,NALANDA - BR21( 01-FEB-2018 ),3,ELECTRIC(BOV),366,315,255,127,,,,,,,,,"1,063"
2024,Bihar,NALANDA - BR21( 01-FEB-2018 ),4,NOT APPLICABLE,24,21,43,8,,,,,,,,,96
2024,Bihar,NALANDA - BR21( 01-FEB-2018 ),5,PETROL,"1,179","1,498","1,875","1,240",,,,,,,,,"5,792"
2024,Bihar,NALANDA - BR21( 01-FEB-2018 ),6,PETROL/CNG,12,13,17,5,,,,,,,,,47
2024,Bihar,NALANDA - BR21( 01-FEB-2018 ),7,PETROL/ETHANOL,39,47,43,27,,,,,,,,,156
2024,Bihar,NALANDA - BR21( 01-FEB-2018 ),8,PETROL/HYBRID,7,3,4,2,,,,,,,,,16
2024,Bihar,NALANDA - BR21( 01-FEB-2018 ),9,PURE EV,0,0,1,1,,,,,,,,,2
2024,Bihar,NAWADA - BR27( 30-JAN-2018 ),1,CNG ONLY,15,14,11,6,,,,,,,,,46
2024,Bihar,NAWADA - BR27( 30-JAN-2018 ),2,DIESEL,121,109,128,63,,,,,,,,,421
2024,Bihar,NAWADA - BR27( 30-JAN-2018 ),3,ELECTRIC(BOV),333,260,247,102,,,,,,,,,942
2024,Bihar,NAWADA - BR27( 30-JAN-2018 ),4,NOT APPLICABLE,36,19,16,0,,,,,,,,,71
2024,Bihar,NAWADA - BR27( 30-JAN-2018 ),5,PETROL,864,"1,144","1,545","1,103",,,,,,,,,"4,656"
2024,Bihar,NAWADA - BR27( 30-JAN-2018 ),6,PETROL/CNG,3,2,6,0,,,,,,,,,11
2024,Bihar,NAWADA - BR27( 30-JAN-2018 ),7,PETROL/ETHANOL,11,2,16,14,,,,,,,,,43
2024,Bihar,NAWADA - BR27( 30-JAN-2018 ),8,PETROL/HYBRID,1,5,1,2,,,,,,,,,9
2024,Bihar,NAWADA - BR27( 30-JAN-2018 ),9,PURE EV,0,0,0,2,,,,,,,,,2
2024,Bihar,PATNA - BR1( 02-FEB-2018 ),1,CNG ONLY,559,482,496,283,,,,,,,,,"1,820"
2024,Bihar,PATNA - BR1( 02-FEB-2018 ),2,DIESEL,"1,286","1,387","1,753",430,,,,,,,,,"4,856"
2024,Bihar,PATNA - BR1( 02-FEB-2018 ),3,ELECTRIC(BOV),951,958,"1,699",445,,,,,,,,,"4,053"
2024,Bihar,PATNA - BR1( 02-FEB-2018 ),4,NOT APPLICABLE,69,65,84,40,,,,,,,,,258
2024,Bihar,PATNA - BR1( 02-FEB-2018 ),5,PETROL,"7,890","8,657","9,376","5,115",,,,,,,,,"31,038"
2024,Bihar,PATNA - BR1( 02-FEB-2018 ),6,PETROL/CNG,440,385,402,169,,,,,,,,,"1,396"
2024,Bihar,PATNA - BR1( 02-FEB-2018 ),7,PETROL/ETHANOL,390,435,517,225,,,,,,,,,"1,567"
2024,Bihar,PATNA - BR1( 02-FEB-2018 ),8,PETROL/HYBRID,245,257,235,105,,,,,,,,,842
2024,Bihar,PATNA - BR1( 02-FEB-2018 ),9,PURE EV,0,0,4,4,,,,,,,,,8
2024,Bihar,PATNA - BR1( 02-FEB-2018 ),10,STRONG HYBRID EV,0,0,5,5,,,,,,,,,10
2024,Bihar,PURNEA - BR11( 23-JAN-2018 ),1,CNG ONLY,45,32,44,11,,,,,,,,,132
2024,Bihar,PURNEA - BR11( 23-JAN-2018 ),2,DIESEL,430,336,402,218,,,,,,,,,"1,386"
2024,Bihar,PURNEA - BR11( 23-JAN-2018 ),3,ELECTRIC(BOV),352,278,417,91,,,,,,,,,"1,138"
2024,Bihar,PURNEA - BR11( 23-JAN-2018 ),4,LPG ONLY,56,52,55,16,,,,,,,,,179
2024,Bihar,PURNEA - BR11( 23-JAN-2018 ),5,NOT APPLICABLE,1,0,0,7,,,,,,,,,8
2024,Bihar,PURNEA - BR11( 23-JAN-2018 ),6,PETROL,"3,277","3,329","3,902","1,161",,,,,,,,,"11,669"
2024,Bihar,PURNEA - BR11( 23-JAN-2018 ),7,PETROL/CNG,2,6,2,3,,,,,,,,,13
2024,Bihar,PURNEA - BR11( 23-JAN-2018 ),8,PETROL/ETHANOL,166,170,152,24,,,,,,,,,512
2024,Bihar,PURNEA - BR11( 23-JAN-2018 ),9,PETROL/HYBRID,35,36,40,13,,,,,,,,,124
2024,Bihar,ROHTAS - BR24( 09-FEB-2018 ),1,CNG ONLY,97,101,119,29,,,,,,,,,346
2024,Bihar,ROHTAS - BR24( 09-FEB-2018 ),2,DIESEL,215,306,387,197,,,,,,,,,"1,105"
2024,Bihar,ROHTAS - BR24( 09-FEB-2018 ),3,ELECTRIC(BOV),172,157,204,81,,,,,,,,,614
2024,Bihar,ROHTAS - BR24( 09-FEB-2018 ),4,NOT APPLICABLE,23,18,16,6,,,,,,,,,63
2024,Bihar,ROHTAS - BR24( 09-FEB-2018 ),5,PETROL,"1,794","2,272","2,244","1,109",,,,,,,,,"7,419"
2024,Bihar,ROHTAS - BR24( 09-FEB-2018 ),6,PETROL/CNG,23,16,10,10,,,,,,,,,59
2024,Bihar,ROHTAS - BR24( 09-FEB-2018 ),7,PETROL/ETHANOL,9,9,25,18,,,,,,,,,61
2024,Bihar,ROHTAS - BR24( 09-FEB-2018 ),8,PETROL/HYBRID,3,10,9,3,,,,,,,,,25
2024,Bihar,SAHARSA - BR19( 29-JAN-2018 ),1,CNG ONLY,4,2,6,2,,,,,,,,,14
2024,Bihar,SAHARSA - BR19( 29-JAN-2018 ),2,DIESEL,104,82,80,32,,,,,,,,,298
2024,Bihar,SAHARSA - BR19( 29-JAN-2018 ),3,ELECTRIC(BOV),148,110,147,71,,,,,,,,,476
2024,Bihar,SAHARSA - BR19( 29-JAN-2018 ),4,LPG ONLY,33,22,38,25,,,,,,,,,118
2024,Bihar,SAHARSA - BR19( 29-JAN-2018 ),5,NOT APPLICABLE,1,5,0,6,,,,,,,,,12
2024,Bihar,SAHARSA - BR19( 29-JAN-2018 ),6,PETROL,"1,164","1,194","1,442",634,,,,,,,,,"4,434"
2024,Bihar,SAHARSA - BR19( 29-JAN-2018 ),7,PETROL/CNG,1,4,2,1,,,,,,,,,8
2024,Bihar,SAHARSA - BR19( 29-JAN-2018 ),8,PETROL/ETHANOL,41,52,49,14,,,,,,,,,156
2024,Bihar,SAHARSA - BR19( 29-JAN-2018 ),9,PETROL/HYBRID,3,4,6,4,,,,,,,,,17
2024,Bihar,SAMASTIPUR - BR33( 06-JUL-2017 ),1,CNG ONLY,49,53,46,18,,,,,,,,,166
2024,Bihar,SAMASTIPUR - BR33( 06-JUL-2017 ),2,DIESEL,128,135,141,61,,,,,,,,,465
2024,Bihar,SAMASTIPUR - BR33( 06-JUL-2017 ),3,ELECTRIC(BOV),416,417,467,232,,,,,,,,,"1,532"
2024,Bihar,SAMASTIPUR - BR33( 06-JUL-2017 ),4,LPG ONLY,3,2,2,0,,,,,,,,,7
2024,Bihar,SAMASTIPUR - BR33( 06-JUL-2017 ),5,NOT APPLICABLE,17,6,6,9,,,,,,,,,38
2024,Bihar,SAMASTIPUR - BR33( 06-JUL-2017 ),6,PETROL,"2,453","2,820","3,796","2,062",,,,,,,,,"11,131"
2024,Bihar,SAMASTIPUR - BR33( 06-JUL-2017 ),7,PETROL/CNG,23,9,8,1,,,,,,,,,41
2024,Bihar,SAMASTIPUR - BR33( 06-JUL-2017 ),8,PETROL/ETHANOL,47,63,85,44,,,,,,,,,239
2024,Bihar,SAMASTIPUR - BR33( 06-JUL-2017 ),9,PETROL/HYBRID,4,6,4,0,,,,,,,,,14
2024,Bihar,SAMASTIPUR - BR33( 06-JUL-2017 ),10,PURE EV,0,0,1,0,,,,,,,,,1
2024,Bihar,SHEIKHPURA - BR52( 17-JUL-2017 ),1,CNG ONLY,8,7,9,3,,,,,,,,,27
2024,Bihar,SHEIKHPURA - BR52( 17-JUL-2017 ),2,DIESEL,18,29,50,21,,,,,,,,,118
2024,Bihar,SHEIKHPURA - BR52( 17-JUL-2017 ),3,ELECTRIC(BOV),46,39,55,27,,,,,,,,,167
2024,Bihar,SHEIKHPURA - BR52( 17-JUL-2017 ),4,NOT APPLICABLE,16,12,47,5,,,,,,,,,80
2024,Bihar,SHEIKHPURA - BR52( 17-JUL-2017 ),5,PETROL,250,306,388,238,,,,,,,,,"1,182"
2024,Bihar,SHEIKHPURA - BR52( 17-JUL-2017 ),6,PETROL/CNG,1,1,1,1,,,,,,,,,4
2024,Bihar,SHEIKHPURA - BR52( 17-JUL-2017 ),7,PETROL/ETHANOL,0,3,2,2,,,,,,,,,7
2024,Bihar,SHEOHAR - BR55( 07-JUN-2017 ),1,CNG ONLY,1,0,2,0,,,,,,,,,3
2024,Bihar,SHEOHAR - BR55( 07-JUN-2017 ),2,DIESEL,10,15,17,3,,,,,,,,,45
2024,Bihar,SHEOHAR - BR55( 07-JUN-2017 ),3,ELECTRIC(BOV),11,9,9,16,,,,,,,,,45
2024,Bihar,SHEOHAR - BR55( 07-JUN-2017 ),4,NOT APPLICABLE,2,0,1,0,,,,,,,,,3
2024,Bihar,SHEOHAR - BR55( 07-JUN-2017 ),5,PETROL,253,304,303,200,,,,,,,,,"1,060"
2024,Bihar,SITAMARHI - BR30( 29-JAN-2018 ),1,CNG ONLY,18,25,17,4,,,,,,,,,64
2024,Bihar,SITAMARHI - BR30( 29-JAN-2018 ),2,DIESEL,69,89,80,22,,,,,,,,,260
2024,Bihar,SITAMARHI - BR30( 29-JAN-2018 ),3,ELECTRIC(BOV),229,204,245,83,,,,,,,,,761
2024,Bihar,SITAMARHI - BR30( 29-JAN-2018 ),4,LPG ONLY,0,0,2,0,,,,,,,,,2
2024,Bihar,SITAMARHI - BR30( 29-JAN-2018 ),5,NOT APPLICABLE,4,15,5,5,,,,,,,,,29
2024,Bihar,SITAMARHI - BR30( 29-JAN-2018 ),6,PETROL,"1,639","2,315","2,914",824,,,,,,,,,"7,692"
2024,Bihar,SITAMARHI - BR30( 29-JAN-2018 ),7,PETROL/CNG,1,1,1,0,,,,,,,,,3
2024,Bihar,SITAMARHI - BR30( 29-JAN-2018 ),8,PETROL/ETHANOL,44,51,106,18,,,,,,,,,219
2024,Bihar,SITAMARHI - BR30( 29-JAN-2018 ),9,PETROL/HYBRID,2,2,1,0,,,,,,,,,5
2024,Bihar,SIWAN - BR29( 29-JAN-2018 ),1,CNG ONLY,20,4,21,7,,,,,,,,,52
2024,Bihar,SIWAN - BR29( 29-JAN-2018 ),2,DIESEL,201,189,221,97,,,,,,,,,708
2024,Bihar,SIWAN - BR29( 29-JAN-2018 ),3,ELECTRIC(BOV),207,209,242,88,,,,,,,,,746
2024,Bihar,SIWAN - BR29( 29-JAN-2018 ),4,LPG ONLY,13,8,10,4,,,,,,,,,35
2024,Bihar,SIWAN - BR29( 29-JAN-2018 ),5,NOT APPLICABLE,11,5,1,4,,,,,,,,,21
2024,Bihar,SIWAN - BR29( 29-JAN-2018 ),6,PETROL,"2,267","2,877","3,253","1,490",,,,,,,,,"9,887"
2024,Bihar,SIWAN - BR29( 29-JAN-2018 ),7,PETROL/CNG,9,6,4,1,,,,,,,,,20
2024,Bihar,SIWAN - BR29( 29-JAN-2018 ),8,PETROL/ETHANOL,1,2,1,2,,,,,,,,,6
2024,Bihar,SIWAN - BR29( 29-JAN-2018 ),9,PETROL/HYBRID,7,9,7,11,,,,,,,,,34
2024,Bihar,SUPAUL - BR50( 29-JAN-2018 ),1,CNG ONLY,6,4,23,6,,,,,,,,,39
2024,Bihar,SUPAUL - BR50( 29-JAN-2018 ),2,DIESEL,111,112,132,47,,,,,,,,,402
2024,Bihar,SUPAUL - BR50( 29-JAN-2018 ),3,ELECTRIC(BOV),183,131,184,48,,,,,,,,,546
2024,Bihar,SUPAUL - BR50( 29-JAN-2018 ),4,LPG ONLY,30,32,29,13,,,,,,,,,104
2024,Bihar,SUPAUL - BR50( 29-JAN-2018 ),5,NOT APPLICABLE,0,0,1,0,,,,,,,,,1
2024,Bihar,SUPAUL - BR50( 29-JAN-2018 ),6,PETROL,"2,526","3,103","4,004",705,,,,,,,,,"10,338"
2024,Bihar,SUPAUL - BR50( 29-JAN-2018 ),7,PETROL/CNG,1,0,1,0,,,,,,,,,2
2024,Bihar,SUPAUL - BR50( 29-JAN-2018 ),8,PETROL/ETHANOL,11,22,8,5,,,,,,,,,46
2024,Bihar,SUPAUL - BR50( 29-JAN-2018 ),9,PETROL/HYBRID,3,9,3,2,,,,,,,,,17
2024,Bihar,VAISHALI - BR31( 13-FEB-2018 ),1,CNG ONLY,71,73,92,19,,,,,,,,,255
2024,Bihar,VAISHALI - BR31( 13-FEB-2018 ),2,DIESEL,78,95,108,53,,,,,,,,,334
2024,Bihar,VAISHALI - BR31( 13-FEB-2018 ),3,ELECTRIC(BOV),304,360,326,153,,,,,,,,,"1,143"
2024,Bihar,VAISHALI - BR31( 13-FEB-2018 ),4,NOT APPLICABLE,10,11,4,5,,,,,,,,,30
2024,Bihar,VAISHALI - BR31( 13-FEB-2018 ),5,PETROL,"2,288","2,145","2,631","1,499",,,,,,,,,"8,563"
2024,Bihar,VAISHALI - BR31( 13-FEB-2018 ),6,PETROL/CNG,9,11,13,1,,,,,,,,,34
2024,Bihar,VAISHALI - BR31( 13-FEB-2018 ),7,PETROL/ETHANOL,68,77,66,50,,,,,,,,,261
2024,Bihar,VAISHALI - BR31( 13-FEB-2018 ),8,PETROL/HYBRID,5,10,7,4,,,,,,,,,26
2024,Bihar,VAISHALI - BR31( 13-FEB-2018 ),9,PURE EV,0,0,2,0,,,,,,,,,2
2023,Bihar,ARARIA - BR38( 30-JAN-2018 ),1,CNG ONLY,0,0,0,0,0,0,0,0,0,2,0,0,2
2023,Bihar,ARARIA - BR38( 30-JAN-2018 ),2,DIESEL,101,85,141,117,158,229,179,75,107,151,178,133,"1,654"
2023,Bihar,ARARIA - BR38( 30-JAN-2018 ),3,ELECTRIC(BOV),78,103,140,81,94,122,146,173,165,198,211,240,"1,751"
2023,Bihar,ARARIA - BR38( 30-JAN-2018 ),4,LPG ONLY,8,8,11,4,13,13,11,11,10,12,15,24,140
2023,Bihar,ARARIA - BR38( 30-JAN-2018 ),5,NOT APPLICABLE,0,0,0,0,1,0,0,0,0,0,0,0,1
2023,Bihar,ARARIA - BR38( 30-JAN-2018 ),6,PETROL,"2,264","2,846","2,204","1,902","2,862","3,727","2,958","2,797","2,397","1,909","4,206","2,766","32,838"
2023,Bihar,ARARIA - BR38( 30-JAN-2018 ),7,PETROL/CNG,0,0,0,0,0,0,0,0,0,0,2,0,2
2023,Bihar,ARARIA - BR38( 30-JAN-2018 ),8,PETROL/ETHANOL,0,0,32,19,47,55,56,76,25,64,106,52,532
2023,Bihar,ARARIA - BR38( 30-JAN-2018 ),9,PETROL/HYBRID,8,11,2,4,4,7,7,9,8,9,13,5,87
2023,Bihar,ARARIA - BR38( 30-JAN-2018 ),10,PETROL/LPG,0,0,0,0,2,1,0,0,0,0,0,0,3
2023,Bihar,ARAWAL - BR56( 22-MAY-2017 ),1,CNG ONLY,0,1,3,3,0,2,1,1,8,0,5,2,26
2023,Bihar,ARAWAL - BR56( 22-MAY-2017 ),2,DIESEL,25,27,38,29,33,35,35,11,23,11,32,37,336
2023,Bihar,ARAWAL - BR56( 22-MAY-2017 ),3,ELECTRIC(BOV),3,2,1,5,7,2,3,3,9,11,12,6,64
2023,Bihar,ARAWAL - BR56( 22-MAY-2017 ),4,NOT APPLICABLE,6,18,9,4,20,0,15,11,4,0,7,0,94
2023,Bihar,ARAWAL - BR56( 22-MAY-2017 ),5,PETROL,240,282,356,332,658,413,196,154,189,186,437,201,"3,644"
2023,Bihar,ARAWAL - BR56( 22-MAY-2017 ),6,PETROL/CNG,0,0,0,0,2,0,2,1,2,2,0,0,9
2023,Bihar,ARAWAL - BR56( 22-MAY-2017 ),7,PETROL/ETHANOL,0,0,1,4,10,6,8,3,7,9,8,4,60
2023,Bihar,ARAWAL - BR56( 22-MAY-2017 ),8,PETROL/HYBRID,0,1,0,0,0,0,0,0,1,0,0,0,2
2023,Bihar,AURANGABAD - BR26( 13-JUN-2017 ),1,CNG ONLY,24,30,20,32,33,24,28,35,49,50,46,30,401
2023,Bihar,AURANGABAD - BR26( 13-JUN-2017 ),2,DIESEL,222,199,211,209,164,193,247,149,147,191,199,203,"2,334"
2023,Bihar,AURANGABAD - BR26( 13-JUN-2017 ),3,ELECTRIC(BOV),56,97,73,99,82,77,83,67,92,129,135,95,"1,085"
2023,Bihar,AURANGABAD - BR26( 13-JUN-2017 ),4,NOT APPLICABLE,28,65,24,18,56,23,20,30,27,43,18,27,379
2023,Bihar,AURANGABAD - BR26( 13-JUN-2017 ),5,PETROL,"1,161","1,202","1,932","2,347","2,788","1,125",761,727,982,913,"2,519","1,003","17,460"
2023,Bihar,AURANGABAD - BR26( 13-JUN-2017 ),6,PETROL/CNG,3,2,5,2,4,6,8,8,4,8,10,6,66
2023,Bihar,AURANGABAD - BR26( 13-JUN-2017 ),7,PETROL/ETHANOL,0,0,0,0,0,0,0,1,0,2,1,0,4
2023,Bihar,AURANGABAD - BR26( 13-JUN-2017 ),8,PETROL/HYBRID,5,5,1,2,4,3,4,1,3,3,5,2,38
2023,Bihar,BANKA - BR51( 06-FEB-2018 ),1,CNG ONLY,0,0,0,0,0,0,2,0,0,0,0,1,3
2023,Bihar,BANKA - BR51( 06-FEB-2018 ),2,DIESEL,51,71,72,61,53,96,100,66,39,36,80,64,789
2023,Bihar,BANKA - BR51( 06-FEB-2018 ),3,ELECTRIC(BOV),85,98,114,68,124,115,123,79,104,176,104,140,"1,330"
2023,Bihar,BANKA - BR51( 06-FEB-2018 ),4,LPG ONLY,0,1,1,0,0,1,1,2,1,0,2,1,10
2023,Bihar,BANKA - BR51( 06-FEB-2018 ),5,NOT APPLICABLE,88,51,13,28,28,55,73,30,13,7,10,38,434
2023,Bihar,BANKA - BR51( 06-FEB-2018 ),6,PETROL,756,692,"1,005",817,"1,534",977,777,452,618,660,"1,762",800,"10,850"
2023,Bihar,BANKA - BR51( 06-FEB-2018 ),7,PETROL/ETHANOL,0,0,2,9,10,5,7,1,4,7,24,10,79
2023,Bihar,BANKA - BR51( 06-FEB-2018 ),8,PETROL/HYBRID,1,0,2,0,1,1,1,0,2,0,2,0,10
2023,Bihar,BEGUSARAI - BR9( 23-JAN-2018 ),1,CNG ONLY,62,25,50,40,42,37,50,66,106,92,60,49,679
2023,Bihar,BEGUSARAI - BR9( 23-JAN-2018 ),2,DIESEL,259,279,212,201,163,187,176,145,209,176,205,160,"2,372"
2023,Bihar,BEGUSARAI - BR9( 23-JAN-2018 ),3,ELECTRIC(BOV),115,108,99,94,171,339,284,262,344,301,278,328,"2,723"
2023,Bihar,BEGUSARAI - BR9( 23-JAN-2018 ),4,LPG ONLY,3,1,2,0,0,1,2,0,0,3,4,2,18
2023,Bihar,BEGUSARAI - BR9( 23-JAN-2018 ),5,NOT APPLICABLE,31,98,44,87,51,79,45,36,36,19,68,25,619
2023,Bihar,BEGUSARAI - BR9( 23-JAN-2018 ),6,PETROL,"1,411","2,042","2,093","2,485","3,349","2,630","2,119","1,487","1,868","1,912","5,113","2,455","28,964"
2023,Bihar,BEGUSARAI - BR9( 23-JAN-2018 ),7,PETROL/CNG,10,1,8,7,12,15,17,23,10,15,38,19,175
2023,Bihar,BEGUSARAI - BR9( 23-JAN-2018 ),8,PETROL/ETHANOL,0,0,12,21,26,41,63,33,50,34,97,85,462
2023,Bihar,BEGUSARAI - BR9( 23-JAN-2018 ),9,PETROL/HYBRID,22,28,22,12,18,16,18,15,13,12,19,16,211
2023,Bihar,BETTIAH - BR22( 22-SEP-2017 ),1,CNG ONLY,0,0,0,0,0,0,0,0,0,0,1,1,2
2023,Bihar,BETTIAH - BR22( 22-SEP-2017 ),2,DIESEL,232,204,209,185,183,219,213,149,217,227,241,250,"2,529"
2023,Bihar,BETTIAH - BR22( 22-SEP-2017 ),3,ELECTRIC(BOV),92,104,145,115,128,136,150,187,234,236,179,229,"1,935"
2023,Bihar,BETTIAH - BR22( 22-SEP-2017 ),4,LPG ONLY,0,7,1,1,1,2,5,5,9,6,9,2,48
2023,Bihar,BETTIAH - BR22( 22-SEP-2017 ),5,NOT APPLICABLE,5,3,4,0,9,6,7,15,3,6,2,5,65
2023,Bihar,BETTIAH - BR22( 22-SEP-2017 ),6,PETROL,"3,231","3,424","4,046","3,566","4,508","3,122","2,409","2,442","2,596","3,206","10,018","4,438","47,006"
2023,Bihar,BETTIAH - BR22( 22-SEP-2017 ),7,PETROL/CNG,2,3,2,1,1,1,2,1,1,1,4,2,21
2023,Bihar,BETTIAH - BR22( 22-SEP-2017 ),8,PETROL/ETHANOL,0,0,1,0,0,1,1,11,2,1,0,4,21
2023,Bihar,BETTIAH - BR22( 22-SEP-2017 ),9,PETROL/HYBRID,12,11,11,7,9,7,7,5,4,2,5,6,86
2023,Bihar,BHABHUA - BR45( 23-JAN-2018 ),1,CNG ONLY,72,38,37,70,66,43,31,72,76,57,74,35,671
2023,Bihar,BHABHUA - BR45( 23-JAN-2018 ),2,DIESEL,108,129,140,120,178,207,148,135,160,128,167,145,"1,765"
2023,Bihar,BHABHUA - BR45( 23-JAN-2018 ),3,ELECTRIC(BOV),67,85,69,57,82,66,102,66,94,52,59,71,870
2023,Bihar,BHABHUA - BR45( 23-JAN-2018 ),4,NOT APPLICABLE,24,73,26,4,22,21,0,0,1,0,0,0,171
2023,Bihar,BHABHUA - BR45( 23-JAN-2018 ),5,PETROL,"1,107",803,"1,010",866,"1,368",992,749,746,701,613,"1,397",683,"11,035"
2023,Bihar,BHABHUA - BR45( 23-JAN-2018 ),6,PETROL/CNG,8,8,1,0,2,0,4,2,6,6,6,1,44
2023,Bihar,BHABHUA - BR45( 23-JAN-2018 ),7,PETROL/ETHANOL,0,0,0,0,1,0,0,0,0,0,0,0,1
2023,Bihar,BHABHUA - BR45( 23-JAN-2018 ),8,PETROL/HYBRID,1,2,2,0,3,3,0,1,3,2,1,0,18
2023,Bihar,BHAGALPUR - BR10( 07-FEB-2018 ),1,CNG ONLY,0,0,2,0,2,1,1,3,15,4,12,27,67
2023,Bihar,BHAGALPUR - BR10( 07-FEB-2018 ),2,DIESEL,152,139,302,267,267,185,211,148,175,182,220,188,"2,436"
2023,Bihar,BHAGALPUR - BR10( 07-FEB-2018 ),3,ELECTRIC(BOV),261,297,410,322,366,348,523,473,501,580,471,426,"4,978"
2023,Bihar,BHAGALPUR - BR10( 07-FEB-2018 ),4,LPG ONLY,0,17,19,9,16,17,27,26,31,41,37,20,260
2023,Bihar,BHAGALPUR - BR10( 07-FEB-2018 ),5,NOT APPLICABLE,0,0,6,5,2,2,0,7,4,1,0,0,27
2023,Bihar,BHAGALPUR - BR10( 07-FEB-2018 ),6,PETROL,978,819,"2,488","2,584","2,542","2,346","1,792","1,619","1,648","1,724","2,808","2,856","24,204"
2023,Bihar,BHAGALPUR - BR10( 07-FEB-2018 ),7,PETROL/CNG,0,0,1,0,1,0,2,1,0,2,4,0,11
2023,Bihar,BHAGALPUR - BR10( 07-FEB-2018 ),8,PETROL/ETHANOL,0,0,31,47,56,79,102,80,127,117,173,126,938
2023,Bihar,BHAGALPUR - BR10( 07-FEB-2018 ),9,PETROL/HYBRID,27,19,21,25,11,15,11,11,22,22,25,20,229
2023,Bihar,BHAGALPUR - BR10( 07-FEB-2018 ),10,PETROL/LPG,3,2,7,2,1,1,0,0,0,0,0,0,16
2023,Bihar,BHOJPUR - BR3( 15-FEB-2018 ),1,CNG ONLY,82,56,55,59,48,77,54,87,98,79,85,58,838
2023,Bihar,BHOJPUR - BR3( 15-FEB-2018 ),2,DIESEL,171,128,158,152,150,191,175,109,230,216,246,232,"2,158"
2023,Bihar,BHOJPUR - BR3( 15-FEB-2018 ),3,ELECTRIC(BOV),49,66,89,74,90,55,65,50,80,79,103,104,904
2023,Bihar,BHOJPUR - BR3( 15-FEB-2018 ),4,NOT APPLICABLE,14,18,7,13,7,12,7,1,3,9,3,11,105
2023,Bihar,BHOJPUR - BR3( 15-FEB-2018 ),5,PETROL,"1,564","1,638","1,821","1,942","3,386","1,764","1,323","1,104","1,343","1,321","3,498","1,833","22,537"
2023,Bihar,BHOJPUR - BR3( 15-FEB-2018 ),6,PETROL/CNG,6,3,4,4,1,6,5,4,9,7,7,7,63
2023,Bihar,BHOJPUR - BR3( 15-FEB-2018 ),7,PETROL/ETHANOL,0,2,9,8,17,12,22,13,22,17,50,39,211
2023,Bihar,BHOJPUR - BR3( 15-FEB-2018 ),8,PETROL/HYBRID,2,8,4,8,5,6,2,4,3,5,4,2,53
2023,Bihar,BUXUR - BR44( 01-FEB-2018 ),1,CNG ONLY,12,5,8,5,1,4,3,5,5,7,3,5,63
2023,Bihar,BUXUR - BR44( 01-FEB-2018 ),2,DIESEL,110,130,114,118,91,148,111,83,82,79,103,116,"1,285"
2023,Bihar,BUXUR - BR44( 01-FEB-2018 ),3,ELECTRIC(BOV),63,74,73,106,81,95,96,152,114,110,108,143,"1,215"
2023,Bihar,BUXUR - BR44( 01-FEB-2018 ),4,NOT APPLICABLE,12,10,10,3,7,8,1,5,7,5,1,6,75
2023,Bihar,BUXUR - BR44( 01-FEB-2018 ),5,PETROL,931,"1,014","1,340",942,"1,866","1,084",842,639,807,774,"1,696","1,372","13,307"
2023,Bihar,BUXUR - BR44( 01-FEB-2018 ),6,PETROL/CNG,1,3,0,7,1,0,5,4,3,7,4,5,40
2023,Bihar,BUXUR - BR44( 01-FEB-2018 ),7,PETROL/ETHANOL,0,0,1,2,4,4,3,3,6,5,26,10,64
2023,Bihar,BUXUR - BR44( 01-FEB-2018 ),8,PETROL/HYBRID,4,4,2,5,4,3,1,1,1,1,2,0,28
2023,Bihar,CHAPARA - BR4( 29-JAN-2018 ),1,CNG ONLY,4,6,7,7,9,10,24,41,65,58,71,49,351
2023,Bihar,CHAPARA - BR4( 29-JAN-2018 ),2,DIESEL,170,175,206,182,182,192,167,116,149,137,165,113,"1,954"
2023,Bihar,CHAPARA - BR4( 29-JAN-2018 ),3,ELECTRIC(BOV),153,203,200,152,198,181,244,236,320,280,292,323,"2,782"
2023,Bihar,CHAPARA - BR4( 29-JAN-2018 ),4,LPG ONLY,0,0,0,0,1,1,2,0,2,0,0,1,7
2023,Bihar,CHAPARA - BR4( 29-JAN-2018 ),5,NOT APPLICABLE,15,18,7,11,8,10,0,15,12,14,5,5,120
2023,Bihar,CHAPARA - BR4( 29-JAN-2018 ),6,PETROL,"1,726","2,276","2,225","2,442","4,584","2,958","1,367","1,316","1,403","1,491","3,942","3,043","28,773"
2023,Bihar,CHAPARA - BR4( 29-JAN-2018 ),7,PETROL/CNG,8,8,2,7,7,9,2,7,3,3,8,10,74
2023,Bihar,CHAPARA - BR4( 29-JAN-2018 ),8,PETROL/ETHANOL,0,1,13,17,18,11,14,24,19,15,37,47,216
2023,Bihar,CHAPARA - BR4( 29-JAN-2018 ),9,PETROL/HYBRID,12,10,11,6,7,6,6,1,1,0,3,4,67
2023,Bihar,DARBHANGA - BR7( 30-JAN-2018 ),1,CNG ONLY,17,29,28,30,36,66,120,161,236,305,302,237,"1,567"
2023,Bihar,DARBHANGA - BR7( 30-JAN-2018 ),2,DIESEL,305,261,307,257,254,245,192,198,248,263,347,282,"3,159"
2023,Bihar,DARBHANGA - BR7( 30-JAN-2018 ),3,ELECTRIC(BOV),103,199,145,138,170,176,200,201,240,244,187,191,"2,194"
2023,Bihar,DARBHANGA - BR7( 30-JAN-2018 ),4,LPG ONLY,4,15,14,5,21,31,21,36,31,42,28,25,273
2023,Bihar,DARBHANGA - BR7( 30-JAN-2018 ),5,NOT APPLICABLE,4,6,5,9,1,9,9,1,3,2,1,6,56
2023,Bihar,DARBHANGA - BR7( 30-JAN-2018 ),6,PETROL,"2,255","3,283","4,236","3,287","5,785","3,454","3,100","2,184","2,300","2,633","5,453","3,609","41,579"
2023,Bihar,DARBHANGA - BR7( 30-JAN-2018 ),7,PETROL/CNG,3,0,4,1,2,1,2,7,6,8,11,5,50
2023,Bihar,DARBHANGA - BR7( 30-JAN-2018 ),8,PETROL/ETHANOL,0,2,46,39,89,71,82,64,75,123,225,106,922
2023,Bihar,DARBHANGA - BR7( 30-JAN-2018 ),9,PETROL/HYBRID,13,13,23,6,13,11,13,13,10,13,20,8,156
2023,Bihar,DARBHANGA - BR7( 30-JAN-2018 ),10,PETROL/LPG,0,1,0,2,0,0,1,0,0,0,0,0,4
2023,Bihar,GAYA - BR2( 06-SEP-2017 ),1,CNG ONLY,76,55,42,52,67,129,116,120,216,190,110,72,"1,245"
2023,Bihar,GAYA - BR2( 06-SEP-2017 ),2,DIESEL,376,377,356,366,324,344,407,318,389,291,351,313,"4,212"
2023,Bihar,GAYA - BR2( 06-SEP-2017 ),3,DIESEL/HYBRID,0,0,0,1,0,0,0,0,0,0,0,0,1
2023,Bihar,GAYA - BR2( 06-SEP-2017 ),4,ELECTRIC(BOV),327,355,398,311,346,377,375,408,659,497,567,532,"5,152"
2023,Bihar,GAYA - BR2( 06-SEP-2017 ),5,NOT APPLICABLE,42,64,25,30,41,26,28,39,27,22,19,53,416
2023,Bihar,GAYA - BR2( 06-SEP-2017 ),6,PETROL,"3,041","3,529","4,105","4,902","5,702","3,646","2,127","1,791","2,507","2,044","5,189","2,462","41,045"
2023,Bihar,GAYA - BR2( 06-SEP-2017 ),7,PETROL/CNG,30,16,9,8,31,25,19,34,21,56,63,18,330
2023,Bihar,GAYA - BR2( 06-SEP-2017 ),8,PETROL/ETHANOL,0,0,25,30,52,49,50,74,56,54,77,107,574
2023,Bihar,GAYA - BR2( 06-SEP-2017 ),9,PETROL/HYBRID,44,28,47,24,21,26,29,14,19,21,28,17,318
2023,Bihar,GOPALGANJ - BR28( 08-JUN-2017 ),1,CNG ONLY,0,0,2,0,1,0,3,0,2,29,18,14,69
2023,Bihar,GOPALGANJ - BR28( 08-JUN-2017 ),2,DIESEL,150,189,179,140,204,228,184,207,259,264,231,229,"2,464"
2023,Bihar,GOPALGANJ - BR28( 08-JUN-2017 ),3,ELECTRIC(BOV),92,239,243,139,104,158,134,168,215,229,188,346,"2,255"
2023,Bihar,GOPALGANJ - BR28( 08-JUN-2017 ),4,LPG ONLY,0,3,4,1,3,0,1,1,2,1,2,2,20
2023,Bihar,GOPALGANJ - BR28( 08-JUN-2017 ),5,NOT APPLICABLE,0,1,2,0,2,2,3,1,2,1,0,10,24
2023,Bihar,GOPALGANJ - BR28( 08-JUN-2017 ),6,PETROL,"1,331","1,287","1,535","1,431","2,365","2,021","1,146","1,034",971,"1,236","2,002","2,448","18,807"
2023,Bihar,GOPALGANJ - BR28( 08-JUN-2017 ),7,PETROL/CNG,3,1,2,2,5,2,2,4,2,10,6,4,43
2023,Bihar,GOPALGANJ - BR28( 08-JUN-2017 ),8,PETROL/ETHANOL,0,0,5,4,10,9,6,16,16,9,27,23,125
2023,Bihar,GOPALGANJ - BR28( 08-JUN-2017 ),9,PETROL/HYBRID,9,6,8,8,9,7,7,6,6,6,13,5,90
2023,Bihar,JAMUI - BR46( 07-JUN-2017 ),1,CNG ONLY,13,9,9,11,14,14,15,28,31,52,34,24,254
2023,Bihar,JAMUI - BR46( 07-JUN-2017 ),2,DIESEL,53,43,81,53,75,59,88,75,56,44,55,65,747
2023,Bihar,JAMUI - BR46( 07-JUN-2017 ),3,ELECTRIC(BOV),53,87,103,89,129,151,112,138,135,131,105,132,"1,365"
2023,Bihar,JAMUI - BR46( 07-JUN-2017 ),4,NOT APPLICABLE,0,0,0,0,0,0,0,0,1,0,0,0,1
2023,Bihar,JAMUI - BR46( 07-JUN-2017 ),5,PETROL,827,"1,113","1,634","1,347","1,787","1,458","1,206",712,857,823,"1,547","1,836","15,147"
2023,Bihar,JAMUI - BR46( 07-JUN-2017 ),6,PETROL/CNG,1,1,0,1,1,1,0,0,1,0,3,3,12
2023,Bihar,JAMUI - BR46( 07-JUN-2017 ),7,PETROL/ETHANOL,0,0,7,8,16,17,15,17,23,17,29,30,179
2023,Bihar,JAMUI - BR46( 07-JUN-2017 ),8,PETROL/HYBRID,2,1,2,1,1,0,3,0,0,1,3,1,15
2023,Bihar,JEHANABAD - BR25( 26-MAY-2017 ),1,CNG ONLY,53,42,50,31,42,53,49,53,100,88,72,46,679
2023,Bihar,JEHANABAD - BR25( 26-MAY-2017 ),2,DIESEL,37,33,44,25,29,44,43,34,27,27,38,28,409
2023,Bihar,JEHANABAD - BR25( 26-MAY-2017 ),3,ELECTRIC(BOV),25,25,39,14,40,15,17,18,33,32,38,21,317
2023,Bihar,JEHANABAD - BR25( 26-MAY-2017 ),4,NOT APPLICABLE,34,10,30,4,11,5,21,13,2,10,0,0,140
2023,Bihar,JEHANABAD - BR25( 26-MAY-2017 ),5,PETROL,348,530,666,714,857,587,358,259,343,262,662,280,"5,866"
2023,Bihar,JEHANABAD - BR25( 26-MAY-2017 ),6,PETROL/CNG,0,1,2,1,0,0,0,0,1,1,0,0,6
2023,Bihar,JEHANABAD - BR25( 26-MAY-2017 ),7,PETROL/ETHANOL,0,0,0,0,0,0,0,1,1,0,0,0,2
2023,Bihar,JEHANABAD - BR25( 26-MAY-2017 ),8,PETROL/HYBRID,0,1,1,2,2,0,0,0,0,0,0,0,6
2023,Bihar,KATIHAR - BR39( 23-JAN-2018 ),1,CNG ONLY,0,0,0,0,0,0,0,0,0,0,1,1,2
2023,Bihar,KATIHAR - BR39( 23-JAN-2018 ),2,DIESEL,71,70,95,88,94,143,118,63,111,138,133,117,"1,241"
2023,Bihar,KATIHAR - BR39( 23-JAN-2018 ),3,ELECTRIC(BOV),72,117,116,83,149,138,169,149,265,400,345,239,"2,242"
2023,Bihar,KATIHAR - BR39( 23-JAN-2018 ),4,LPG ONLY,0,0,0,0,0,0,0,0,1,1,9,3,14
2023,Bihar,KATIHAR - BR39( 23-JAN-2018 ),5,NOT APPLICABLE,7,11,14,11,7,15,7,15,5,4,7,4,107
2023,Bihar,KATIHAR - BR39( 23-JAN-2018 ),6,PETROL,"1,808","2,723","2,348","2,896","3,265","3,098","3,329","2,412","2,186","2,344","4,995","2,558","33,962"
2023,Bihar,KATIHAR - BR39( 23-JAN-2018 ),7,PETROL/CNG,0,0,1,0,0,0,0,0,0,0,0,1,2
2023,Bihar,KATIHAR - BR39( 23-JAN-2018 ),8,PETROL/ETHANOL,0,0,36,61,73,96,99,84,74,90,163,94,870
2023,Bihar,KATIHAR - BR39( 23-JAN-2018 ),9,PETROL/HYBRID,2,1,5,0,6,5,1,3,3,7,3,2,38
2023,Bihar,KHAGARIA - BR34( 01-FEB-2018 ),1,CNG ONLY,4,13,8,0,15,17,25,31,30,38,21,17,219
2023,Bihar,KHAGARIA - BR34( 01-FEB-2018 ),2,DIESEL,40,76,75,122,109,118,71,42,98,92,96,48,987
2023,Bihar,KHAGARIA - BR34( 01-FEB-2018 ),3,ELECTRIC(BOV),27,50,43,39,44,36,61,98,131,195,102,120,946
2023,Bihar,KHAGARIA - BR34( 01-FEB-2018 ),4,LPG ONLY,0,0,0,0,0,0,0,0,0,1,0,0,1
2023,Bihar,KHAGARIA - BR34( 01-FEB-2018 ),5,NOT APPLICABLE,18,13,11,8,26,16,11,7,3,7,0,15,135
2023,Bihar,KHAGARIA - BR34( 01-FEB-2018 ),6,PETROL,751,"1,047","1,167","1,205","1,499","1,655","1,066",783,"1,039","1,000","2,760","1,138","15,110"
2023,Bihar,KHAGARIA - BR34( 01-FEB-2018 ),7,PETROL/CNG,0,1,0,0,0,1,0,0,1,2,2,1,8
2023,Bihar,KHAGARIA - BR34( 01-FEB-2018 ),8,PETROL/ETHANOL,0,0,6,6,8,9,14,13,15,17,43,46,177
2023,Bihar,KHAGARIA - BR34( 01-FEB-2018 ),9,PETROL/HYBRID,3,1,0,0,0,0,0,0,0,0,0,0,4
2023,Bihar,KISHANGANJ - BR37( 07-FEB-2018 ),1,DIESEL,73,78,75,59,87,90,111,70,45,70,95,76,929
2023,Bihar,KISHANGANJ - BR37( 07-FEB-2018 ),2,ELECTRIC(BOV),39,46,29,46,43,81,103,186,214,189,139,128,"1,243"
2023,Bihar,KISHANGANJ - BR37( 07-FEB-2018 ),3,LPG ONLY,1,0,0,0,0,1,0,1,8,6,10,6,33
2023,Bihar,KISHANGANJ - BR37( 07-FEB-2018 ),4,PETROL,"1,734","2,723","2,992","1,730","2,944","2,449","1,689","1,506","1,157","1,253","2,096","1,871","24,144"
2023,Bihar,KISHANGANJ - BR37( 07-FEB-2018 ),5,PETROL/CNG,0,0,0,0,0,0,0,0,0,1,0,0,1
2023,Bihar,KISHANGANJ - BR37( 07-FEB-2018 ),6,PETROL/ETHANOL,0,0,9,17,48,66,62,78,73,43,43,71,510
2023,Bihar,KISHANGANJ - BR37( 07-FEB-2018 ),7,PETROL/HYBRID,4,4,5,3,1,6,1,0,2,6,3,2,37
2023,Bihar,LAKHISARAI - BR53( 27-JAN-2017 ),1,CNG ONLY,6,14,10,8,13,6,33,27,34,32,19,13,215
2023,Bihar,LAKHISARAI - BR53( 27-JAN-2017 ),2,DIESEL,29,26,24,21,39,28,34,33,50,26,48,22,380
2023,Bihar,LAKHISARAI - BR53( 27-JAN-2017 ),3,ELECTRIC(BOV),49,39,56,64,54,75,59,78,121,163,112,84,954
2023,Bihar,LAKHISARAI - BR53( 27-JAN-2017 ),4,NOT APPLICABLE,0,0,21,15,6,4,5,20,10,14,5,18,118
2023,Bihar,LAKHISARAI - BR53( 27-JAN-2017 ),5,PETROL,281,394,435,523,608,380,213,253,300,321,752,557,"5,017"
2023,Bihar,LAKHISARAI - BR53( 27-JAN-2017 ),6,PETROL/CNG,1,2,2,1,0,0,1,1,1,5,5,3,22
2023,Bihar,LAKHISARAI - BR53( 27-JAN-2017 ),7,PETROL/ETHANOL,0,0,0,0,1,0,1,1,0,0,1,0,4
2023,Bihar,LAKHISARAI - BR53( 27-JAN-2017 ),8,PETROL/HYBRID,0,0,1,0,0,2,0,0,0,1,2,0,6
2023,Bihar,MADHEPURA - BR43( 02-JUN-2017 ),1,CNG ONLY,0,0,0,0,0,0,2,3,2,1,0,1,9
2023,Bihar,MADHEPURA - BR43( 02-JUN-2017 ),2,DIESEL,135,136,129,160,156,177,178,93,140,120,150,122,"1,696"
2023,Bihar,MADHEPURA - BR43( 02-JUN-2017 ),3,ELECTRIC(BOV),102,109,130,49,104,76,97,99,113,144,198,161,"1,382"
2023,Bihar,MADHEPURA - BR43( 02-JUN-2017 ),4,LPG ONLY,11,3,4,5,7,17,28,33,62,61,70,82,383
2023,Bihar,MADHEPURA - BR43( 02-JUN-2017 ),5,NOT APPLICABLE,5,2,4,4,9,10,3,0,3,0,0,3,43
2023,Bihar,MADHEPURA - BR43( 02-JUN-2017 ),6,PETROL,"1,692","2,194","1,962","1,662","2,391","2,580","1,944","1,813","1,913","1,303","3,741","2,890","26,085"
2023,Bihar,MADHEPURA - BR43( 02-JUN-2017 ),7,PETROL/CNG,0,0,0,0,1,0,1,0,1,0,0,1,4
2023,Bihar,MADHEPURA - BR43( 02-JUN-2017 ),8,PETROL/ETHANOL,0,0,2,7,15,10,9,17,20,8,52,35,175
2023,Bihar,MADHEPURA - BR43( 02-JUN-2017 ),9,PETROL/HYBRID,0,4,0,0,1,3,0,2,1,1,2,1,15
2023,Bihar,MADHUBANI - BR32( 01-FEB-2018 ),1,CNG ONLY,0,0,0,0,0,0,1,0,4,5,8,8,26
2023,Bihar,MADHUBANI - BR32( 01-FEB-2018 ),2,DIESEL,133,130,171,142,166,154,159,76,124,119,184,227,"1,785"
2023,Bihar,MADHUBANI - BR32( 01-FEB-2018 ),3,ELECTRIC(BOV),67,68,108,69,108,108,143,117,114,164,132,154,"1,352"
2023,Bihar,MADHUBANI - BR32( 01-FEB-2018 ),4,LPG ONLY,0,2,1,0,2,4,2,5,5,11,5,7,44
2023,Bihar,MADHUBANI - BR32( 01-FEB-2018 ),5,NOT APPLICABLE,0,0,0,0,0,0,0,0,0,0,1,0,1
2023,Bihar,MADHUBANI - BR32( 01-FEB-2018 ),6,PETROL,"2,301","3,317","4,425","3,300","5,028","3,050","2,520","1,740","2,123","2,589","5,708","3,293","39,394"
2023,Bihar,MADHUBANI - BR32( 01-FEB-2018 ),7,PETROL/CNG,1,0,1,0,0,0,0,3,1,2,2,6,16
2023,Bihar,MADHUBANI - BR32( 01-FEB-2018 ),8,PETROL/ETHANOL,0,2,28,31,69,50,38,36,72,50,135,43,554
2023,Bihar,MADHUBANI - BR32( 01-FEB-2018 ),9,PETROL/HYBRID,4,3,4,1,0,2,3,1,4,2,3,10,37
2023,Bihar,MADHUBANI - BR32( 01-FEB-2018 ),10,PETROL/LPG,0,1,0,3,0,0,0,0,0,0,0,0,4
2023,Bihar,MOTIHARI - BR5( 05-JUL-2017 ),1,CNG ONLY,6,2,3,6,9,5,23,37,41,47,42,38,259
2023,Bihar,MOTIHARI - BR5( 05-JUL-2017 ),2,DIESEL,285,309,337,272,323,294,317,212,255,316,328,258,"3,506"
2023,Bihar,MOTIHARI - BR5( 05-JUL-2017 ),3,ELECTRIC(BOV),184,248,282,341,333,322,374,340,378,451,437,370,"4,060"
2023,Bihar,MOTIHARI - BR5( 05-JUL-2017 ),4,LPG ONLY,12,6,6,12,13,22,13,18,23,26,21,9,181
2023,Bihar,MOTIHARI - BR5( 05-JUL-2017 ),5,NOT APPLICABLE,2,3,2,10,4,0,2,4,5,7,5,1,45
2023,Bihar,MOTIHARI - BR5( 05-JUL-2017 ),6,PETROL,"3,311","3,690","5,577","4,303","5,828","3,952","3,456","2,750","2,954","3,371","7,610","5,867","52,669"
2023,Bihar,MOTIHARI - BR5( 05-JUL-2017 ),7,PETROL/CNG,3,3,1,0,2,1,3,5,3,8,8,6,43
2023,Bihar,MOTIHARI - BR5( 05-JUL-2017 ),8,PETROL/ETHANOL,0,0,12,3,8,5,28,67,36,10,37,15,221
2023,Bihar,MOTIHARI - BR5( 05-JUL-2017 ),9,PETROL/HYBRID,14,20,16,14,17,10,6,7,3,6,13,3,129
2023,Bihar,MUNGER - BR8( 06-FEB-2018 ),1,CNG ONLY,0,1,5,2,11,6,16,14,15,28,13,17,128
2023,Bihar,MUNGER - BR8( 06-FEB-2018 ),2,DIESEL,22,45,38,42,38,54,55,50,29,20,47,64,504
2023,Bihar,MUNGER - BR8( 06-FEB-2018 ),3,ELECTRIC(BOV),89,53,73,47,127,78,111,88,101,108,111,83,"1,069"
2023,Bihar,MUNGER - BR8( 06-FEB-2018 ),4,LPG ONLY,1,5,1,1,0,0,0,0,2,2,1,0,13
2023,Bihar,MUNGER - BR8( 06-FEB-2018 ),5,NOT APPLICABLE,1,0,4,2,1,0,0,0,0,1,2,0,11
2023,Bihar,MUNGER - BR8( 06-FEB-2018 ),6,PETROL,452,597,703,763,990,840,551,431,558,632,"1,361",830,"8,708"
2023,Bihar,MUNGER - BR8( 06-FEB-2018 ),7,PETROL/CNG,1,0,0,0,1,0,2,0,0,4,2,3,13
2023,Bihar,MUNGER - BR8( 06-FEB-2018 ),8,PETROL/ETHANOL,0,0,9,7,16,9,13,9,11,30,43,28,175
2023,Bihar,MUNGER - BR8( 06-FEB-2018 ),9,PETROL/HYBRID,1,1,1,2,3,2,3,0,1,1,1,1,17
2023,Bihar,MUZAFFARPUR - BR6( 01-FEB-2018 ),1,CNG ONLY,216,280,346,258,330,393,437,563,671,"1,053",724,423,"5,694"
2023,Bihar,MUZAFFARPUR - BR6( 01-FEB-2018 ),2,DIESEL,558,485,587,450,487,432,421,362,512,445,541,382,"5,662"
2023,Bihar,MUZAFFARPUR - BR6( 01-FEB-2018 ),3,ELECTRIC(BOV),240,292,353,292,346,363,409,422,491,474,525,514,"4,721"
2023,Bihar,MUZAFFARPUR - BR6( 01-FEB-2018 ),4,LPG ONLY,8,8,7,4,7,5,5,7,3,6,4,1,65
2023,Bihar,MUZAFFARPUR - BR6( 01-FEB-2018 ),5,NOT APPLICABLE,7,8,5,4,14,9,6,4,8,1,10,5,81
2023,Bihar,MUZAFFARPUR - BR6( 01-FEB-2018 ),6,PETROL,"4,958","4,925","7,335","6,586","9,908","6,946","5,204","4,263","5,061","5,750","10,667","6,945","78,548"
2023,Bihar,MUZAFFARPUR - BR6( 01-FEB-2018 ),7,PETROL/CNG,36,19,22,26,36,40,32,40,46,68,82,31,478
2023,Bihar,MUZAFFARPUR - BR6( 01-FEB-2018 ),8,PETROL/ETHANOL,0,1,22,52,72,59,66,81,82,93,200,68,796
2023,Bihar,MUZAFFARPUR - BR6( 01-FEB-2018 ),9,PETROL/HYBRID,67,63,70,39,46,67,34,22,54,49,62,50,623
2023,Bihar,NALANDA - BR21( 01-FEB-2018 ),1,CNG ONLY,44,37,35,27,39,35,47,37,66,69,50,44,530
2023,Bihar,NALANDA - BR21( 01-FEB-2018 ),2,DIESEL,154,133,157,131,106,152,137,103,141,93,113,107,"1,527"
2023,Bihar,NALANDA - BR21( 01-FEB-2018 ),3,ELECTRIC(BOV),220,187,197,168,200,164,315,255,293,317,289,490,"3,095"
2023,Bihar,NALANDA - BR21( 01-FEB-2018 ),4,NOT APPLICABLE,52,41,34,21,32,9,6,15,28,19,10,34,301
2023,Bihar,NALANDA - BR21( 01-FEB-2018 ),5,PETROL,"1,431","1,829","1,544","1,535","2,662","1,897","1,004",849,"1,400","1,053","2,488","1,179","18,871"
2023,Bihar,NALANDA - BR21( 01-FEB-2018 ),6,PETROL/CNG,7,4,2,1,8,12,6,6,4,12,14,5,81
2023,Bihar,NALANDA - BR21( 01-FEB-2018 ),7,PETROL/ETHANOL,0,3,18,24,40,37,30,19,37,33,100,31,372
2023,Bihar,NALANDA - BR21( 01-FEB-2018 ),8,PETROL/HYBRID,2,3,2,0,4,1,1,5,2,1,1,0,22
2023,Bihar,NAWADA - BR27( 30-JAN-2018 ),1,CNG ONLY,6,5,5,3,7,9,6,8,15,13,17,9,103
2023,Bihar,NAWADA - BR27( 30-JAN-2018 ),2,DIESEL,169,147,162,167,154,153,230,124,164,125,164,133,"1,892"
2023,Bihar,NAWADA - BR27( 30-JAN-2018 ),3,ELECTRIC(BOV),131,171,85,104,205,160,191,159,302,354,214,312,"2,388"
2023,Bihar,NAWADA - BR27( 30-JAN-2018 ),4,NOT APPLICABLE,25,25,22,9,5,28,16,21,13,1,1,15,181
2023,Bihar,NAWADA - BR27( 30-JAN-2018 ),5,PETROL,879,"1,339","1,225","1,344","1,923","1,664","1,164",681,943,769,"1,619",771,"14,321"
2023,Bihar,NAWADA - BR27( 30-JAN-2018 ),6,PETROL/CNG,4,1,1,1,1,3,2,3,5,3,3,1,28
2023,Bihar,NAWADA - BR27( 30-JAN-2018 ),7,PETROL/ETHANOL,0,0,4,3,7,6,5,10,5,8,11,6,65
2023,Bihar,NAWADA - BR27( 30-JAN-2018 ),8,PETROL/HYBRID,2,3,4,1,2,1,0,1,3,0,2,2,21
2023,Bihar,PATNA - BR1( 02-FEB-2018 ),1,CNG ONLY,773,735,813,628,565,801,928,932,"1,153","1,032",950,665,"9,975"
2023,Bihar,PATNA - BR1( 02-FEB-2018 ),2,DIESEL,"1,133","1,047","1,283","1,149","1,249","1,295","1,225","1,020","1,173","1,112","1,468",783,"13,937"
2023,Bihar,PATNA - BR1( 02-FEB-2018 ),3,DIESEL/HYBRID,0,0,0,0,0,1,0,0,1,0,2,1,5
2023,Bihar,PATNA - BR1( 02-FEB-2018 ),4,ELECTRIC(BOV),942,832,968,864,996,744,996,"1,012","1,138","1,048","1,223","1,018","11,781"
2023,Bihar,PATNA - BR1( 02-FEB-2018 ),5,NOT APPLICABLE,118,103,105,102,110,118,87,99,73,141,105,162,"1,323"
2023,Bihar,PATNA - BR1( 02-FEB-2018 ),6,PETROL,"7,809","8,403","8,959","9,071","12,159","8,908","6,982","6,704","7,778","8,234","15,188","7,180","1,07,375"
2023,Bihar,PATNA - BR1( 02-FEB-2018 ),7,PETROL/CNG,317,215,208,228,319,317,285,358,312,427,517,232,"3,735"
2023,Bihar,PATNA - BR1( 02-FEB-2018 ),8,PETROL/ETHANOL,0,15,159,197,306,273,337,389,466,504,976,449,"4,071"
2023,Bihar,PATNA - BR1( 02-FEB-2018 ),9,PETROL/HYBRID,268,301,253,226,243,266,179,170,130,193,261,147,"2,637"
2023,Bihar,PURNEA - BR11( 23-JAN-2018 ),1,CNG ONLY,0,0,0,1,0,2,23,32,48,68,74,63,311
2023,Bihar,PURNEA - BR11( 23-JAN-2018 ),2,DIESEL,393,331,519,441,500,559,535,407,446,465,548,493,"5,637"
2023,Bihar,PURNEA - BR11( 23-JAN-2018 ),3,ELECTRIC(BOV),186,247,366,213,196,231,379,433,458,399,317,354,"3,779"
2023,Bihar,PURNEA - BR11( 23-JAN-2018 ),4,LPG ONLY,12,11,7,7,10,13,23,25,59,58,62,57,344
2023,Bihar,PURNEA - BR11( 23-JAN-2018 ),5,NOT APPLICABLE,12,20,9,17,16,2,7,4,0,1,0,1,89
2023,Bihar,PURNEA - BR11( 23-JAN-2018 ),6,PETROL,"2,740","3,260","3,628","3,008","4,784","4,625","3,848","3,861","3,203","3,020","5,999","3,333","45,309"
2023,Bihar,PURNEA - BR11( 23-JAN-2018 ),7,PETROL/CNG,1,0,0,1,0,0,0,0,1,5,4,2,14
2023,Bihar,PURNEA - BR11( 23-JAN-2018 ),8,PETROL/ETHANOL,0,4,66,61,128,75,126,82,97,89,106,117,951
2023,Bihar,PURNEA - BR11( 23-JAN-2018 ),9,PETROL/HYBRID,48,46,33,42,14,24,34,21,20,31,51,26,390
2023,Bihar,PURNEA - BR11( 23-JAN-2018 ),10,PETROL/LPG,0,0,0,1,0,0,0,0,0,0,0,0,1
2023,Bihar,ROHTAS - BR24( 09-FEB-2018 ),1,CNG ONLY,44,56,54,58,65,96,77,107,155,141,125,102,"1,080"
2023,Bihar,ROHTAS - BR24( 09-FEB-2018 ),2,DIESEL,214,250,267,218,207,276,199,155,208,173,234,244,"2,645"
2023,Bihar,ROHTAS - BR24( 09-FEB-2018 ),3,ELECTRIC(BOV),107,143,185,122,228,128,155,165,214,217,204,202,"2,070"
2023,Bihar,ROHTAS - BR24( 09-FEB-2018 ),4,NOT APPLICABLE,21,38,40,24,38,23,34,23,11,11,7,22,292
2023,Bihar,ROHTAS - BR24( 09-FEB-2018 ),5,PETROL,"1,683","1,934","2,429","1,481","2,695","1,784","1,460","1,420","1,695","1,894","3,045","2,049","23,569"
2023,Bihar,ROHTAS - BR24( 09-FEB-2018 ),6,PETROL/CNG,12,9,17,14,16,12,17,24,16,14,14,17,182
2023,Bihar,ROHTAS - BR24( 09-FEB-2018 ),7,PETROL/ETHANOL,0,0,1,1,9,2,4,3,2,3,7,8,40
2023,Bihar,ROHTAS - BR24( 09-FEB-2018 ),8,PETROL/HYBRID,8,4,4,6,4,5,7,3,6,5,5,2,59
2023,Bihar,SAHARSA - BR19( 29-JAN-2018 ),1,CNG ONLY,5,0,0,2,1,0,3,0,1,1,0,6,19
2023,Bihar,SAHARSA - BR19( 29-JAN-2018 ),2,DIESEL,55,76,91,88,71,114,130,104,84,96,91,127,"1,127"
2023,Bihar,SAHARSA - BR19( 29-JAN-2018 ),3,ELECTRIC(BOV),62,84,88,128,73,71,154,159,142,152,107,123,"1,343"
2023,Bihar,SAHARSA - BR19( 29-JAN-2018 ),4,LPG ONLY,4,8,4,6,12,18,29,22,24,62,50,39,278
2023,Bihar,SAHARSA - BR19( 29-JAN-2018 ),5,NOT APPLICABLE,0,4,4,4,0,10,2,6,5,8,0,4,47
2023,Bihar,SAHARSA - BR19( 29-JAN-2018 ),6,PETROL,823,"1,265","1,361","1,138","1,385","1,276","1,098",862,939,780,"1,961","1,741","14,629"
2023,Bihar,SAHARSA - BR19( 29-JAN-2018 ),7,PETROL/CNG,2,0,0,0,0,0,1,1,2,0,1,1,8
2023,Bihar,SAHARSA - BR19( 29-JAN-2018 ),8,PETROL/ETHANOL,0,0,14,27,32,32,30,37,40,32,104,54,402
2023,Bihar,SAHARSA - BR19( 29-JAN-2018 ),9,PETROL/HYBRID,4,2,4,1,3,5,5,1,8,6,5,6,50
2023,Bihar,SAMASTIPUR - BR33( 06-JUL-2017 ),1,CNG ONLY,64,61,69,50,55,63,78,69,102,95,98,64,868
2023,Bihar,SAMASTIPUR - BR33( 06-JUL-2017 ),2,DIESEL,96,154,230,135,141,128,164,120,167,160,259,111,"1,865"
2023,Bihar,SAMASTIPUR - BR33( 06-JUL-2017 ),3,ELECTRIC(BOV),214,287,322,228,334,268,347,378,505,550,441,441,"4,315"
2023,Bihar,SAMASTIPUR - BR33( 06-JUL-2017 ),4,LPG ONLY,0,2,4,1,0,5,4,6,3,3,1,1,30
2023,Bihar,SAMASTIPUR - BR33( 06-JUL-2017 ),5,NOT APPLICABLE,0,13,19,29,13,25,4,13,14,12,13,13,168
2023,Bihar,SAMASTIPUR - BR33( 06-JUL-2017 ),6,PETROL,"2,354","2,739","3,483","3,463","5,773","4,197","3,217","1,855","2,982","2,698","7,688","5,329","45,778"
2023,Bihar,SAMASTIPUR - BR33( 06-JUL-2017 ),7,PETROL/CNG,4,3,5,6,6,11,7,6,7,8,12,3,78
2023,Bihar,SAMASTIPUR - BR33( 06-JUL-2017 ),8,PETROL/ETHANOL,0,1,11,29,45,37,49,30,51,48,133,66,500
2023,Bihar,SAMASTIPUR - BR33( 06-JUL-2017 ),9,PETROL/HYBRID,5,7,2,1,3,1,5,2,1,2,3,0,32
2023,Bihar,SHEIKHPURA - BR52( 17-JUL-2017 ),1,CNG ONLY,4,2,3,6,3,5,10,6,8,14,6,7,74
2023,Bihar,SHEIKHPURA - BR52( 17-JUL-2017 ),2,DIESEL,19,62,56,72,56,59,62,33,48,39,48,71,625
2023,Bihar,SHEIKHPURA - BR52( 17-JUL-2017 ),3,ELECTRIC(BOV),37,38,37,23,77,23,84,129,62,61,42,40,653
2023,Bihar,SHEIKHPURA - BR52( 17-JUL-2017 ),4,NOT APPLICABLE,1,47,24,20,19,17,18,17,16,17,0,17,213
2023,Bihar,SHEIKHPURA - BR52( 17-JUL-2017 ),5,PETROL,148,237,313,255,484,351,241,136,263,173,447,280,"3,328"
2023,Bihar,SHEIKHPURA - BR52( 17-JUL-2017 ),6,PETROL/CNG,0,0,0,0,0,1,1,2,0,1,1,2,8
2023,Bihar,SHEIKHPURA - BR52( 17-JUL-2017 ),7,PETROL/ETHANOL,0,0,1,0,0,0,0,0,0,1,0,0,2
2023,Bihar,SHEIKHPURA - BR52( 17-JUL-2017 ),8,PETROL/HYBRID,0,0,0,0,0,0,0,0,0,1,0,0,1
2023,Bihar,SHEOHAR - BR55( 07-JUN-2017 ),1,CNG ONLY,0,1,0,0,0,0,0,0,0,1,0,0,2
2023,Bihar,SHEOHAR - BR55( 07-JUN-2017 ),2,DIESEL,11,10,24,14,18,15,24,13,12,12,22,21,196
2023,Bihar,SHEOHAR - BR55( 07-JUN-2017 ),3,ELECTRIC(BOV),1,3,49,4,30,9,6,6,36,20,13,15,192
2023,Bihar,SHEOHAR - BR55( 07-JUN-2017 ),4,NOT APPLICABLE,0,0,0,4,1,1,0,0,0,1,0,2,9
2023,Bihar,SHEOHAR - BR55( 07-JUN-2017 ),5,PETROL,241,205,273,254,479,156,227,186,169,312,534,254,"3,290"
2023,Bihar,SITAMARHI - BR30( 29-JAN-2018 ),1,CNG ONLY,4,4,12,3,7,9,11,18,23,23,24,15,153
2023,Bihar,SITAMARHI - BR30( 29-JAN-2018 ),2,DIESEL,128,108,102,81,110,135,127,79,97,113,152,119,"1,351"
2023,Bihar,SITAMARHI - BR30( 29-JAN-2018 ),3,ELECTRIC(BOV),91,109,130,106,282,97,103,117,178,208,207,222,"1,850"
2023,Bihar,SITAMARHI - BR30( 29-JAN-2018 ),4,LPG ONLY,6,9,5,11,3,9,4,3,2,4,4,2,62
2023,Bihar,SITAMARHI - BR30( 29-JAN-2018 ),5,NOT APPLICABLE,8,17,10,3,2,12,7,9,8,5,2,18,101
2023,Bihar,SITAMARHI - BR30( 29-JAN-2018 ),6,PETROL,"1,911","2,537","2,849","2,335","3,491","2,002","1,979","1,714","1,490","1,992","4,368","2,522","29,190"
2023,Bihar,SITAMARHI - BR30( 29-JAN-2018 ),7,PETROL/CNG,0,0,0,0,1,0,0,0,0,0,2,0,3
2023,Bihar,SITAMARHI - BR30( 29-JAN-2018 ),8,PETROL/ETHANOL,0,3,21,23,63,49,47,36,28,34,91,125,520
2023,Bihar,SITAMARHI - BR30( 29-JAN-2018 ),9,PETROL/HYBRID,1,1,1,0,1,3,0,1,0,0,1,1,10
2023,Bihar,SIWAN - BR29( 29-JAN-2018 ),1,CNG ONLY,5,3,3,0,2,1,2,0,3,1,5,8,33
2023,Bihar,SIWAN - BR29( 29-JAN-2018 ),2,DIESEL,213,207,270,202,275,269,205,161,190,234,264,176,"2,666"
2023,Bihar,SIWAN - BR29( 29-JAN-2018 ),3,ELECTRIC(BOV),190,128,151,74,114,153,164,144,172,198,191,238,"1,917"
2023,Bihar,SIWAN - BR29( 29-JAN-2018 ),4,LPG ONLY,0,3,3,1,6,4,6,3,7,0,6,10,49
2023,Bihar,SIWAN - BR29( 29-JAN-2018 ),5,NOT APPLICABLE,5,9,5,2,2,3,3,8,5,5,1,4,52
2023,Bihar,SIWAN - BR29( 29-JAN-2018 ),6,PETROL,"2,076","2,789","2,578","2,461","5,147","3,614","1,751","1,556","1,511","1,750","4,391","3,000","32,624"
2023,Bihar,SIWAN - BR29( 29-JAN-2018 ),7,PETROL/CNG,3,1,3,0,6,6,2,2,2,2,5,4,36
2023,Bihar,SIWAN - BR29( 29-JAN-2018 ),8,PETROL/ETHANOL,0,0,0,0,1,0,0,0,3,2,4,2,12
2023,Bihar,SIWAN - BR29( 29-JAN-2018 ),9,PETROL/HYBRID,19,18,18,6,10,16,10,10,2,5,10,4,128
2023,Bihar,SUPAUL - BR50( 29-JAN-2018 ),1,CNG ONLY,0,0,0,0,0,0,0,0,0,4,6,3,13
2023,Bihar,SUPAUL - BR50( 29-JAN-2018 ),2,DIESEL,153,137,182,139,149,181,151,97,119,150,185,176,"1,819"
2023,Bihar,SUPAUL - BR50( 29-JAN-2018 ),3,ELECTRIC(BOV),105,199,153,80,109,140,160,224,217,245,224,239,"2,095"
2023,Bihar,SUPAUL - BR50( 29-JAN-2018 ),4,LPG ONLY,7,8,14,16,22,21,24,23,54,48,43,43,323
2023,Bihar,SUPAUL - BR50( 29-JAN-2018 ),5,NOT APPLICABLE,0,1,0,0,8,9,1,1,1,0,0,0,21
2023,Bihar,SUPAUL - BR50( 29-JAN-2018 ),6,PETROL,"2,285","3,421","3,516","2,307","3,192","2,322","2,261","2,413","2,354","1,406","5,342","2,949","33,768"
2023,Bihar,SUPAUL - BR50( 29-JAN-2018 ),7,PETROL/CNG,0,0,1,0,1,3,4,0,2,2,0,1,14
2023,Bihar,SUPAUL - BR50( 29-JAN-2018 ),8,PETROL/ETHANOL,0,0,5,4,7,6,12,12,6,11,23,8,94
2023,Bihar,SUPAUL - BR50( 29-JAN-2018 ),9,PETROL/HYBRID,2,7,4,3,4,3,4,3,3,4,10,4,51
2023,Bihar,SUPAUL - BR50( 29-JAN-2018 ),10,PETROL/LPG,0,0,4,1,1,0,0,0,1,0,0,0,7
2023,Bihar,VAISHALI - BR31( 13-FEB-2018 ),1,CNG ONLY,86,65,69,79,55,94,130,121,146,143,116,82,"1,186"
2023,Bihar,VAISHALI - BR31( 13-FEB-2018 ),2,DIESEL,141,147,158,125,172,139,139,95,115,88,137,83,"1,539"
2023,Bihar,VAISHALI - BR31( 13-FEB-2018 ),3,ELECTRIC(BOV),245,272,240,218,308,262,371,369,409,384,343,427,"3,848"
2023,Bihar,VAISHALI - BR31( 13-FEB-2018 ),4,NOT APPLICABLE,22,42,27,18,14,13,7,14,8,4,21,8,198
2023,Bihar,VAISHALI - BR31( 13-FEB-2018 ),5,PETROL,"2,181","2,465","2,495","2,705","4,283","2,869","2,081","1,699","2,195","2,110","5,793","2,282","33,158"
2023,Bihar,VAISHALI - BR31( 13-FEB-2018 ),6,PETROL/CNG,10,14,18,7,23,11,8,9,9,13,19,8,149
2023,Bihar,VAISHALI - BR31( 13-FEB-2018 ),7,PETROL/ETHANOL,0,3,19,35,33,38,54,76,95,104,167,99,723
2023,Bihar,VAISHALI - BR31( 13-FEB-2018 ),8,PETROL/HYBRID,9,17,16,1,7,10,4,3,4,1,5,2,79
2022,Bihar,ARARIA - BR38( 30-JAN-2018 ),1,DIESEL,111,135,146,109,109,266,220,127,130,191,141,120,"1,805"
2022,Bihar,ARARIA - BR38( 30-JAN-2018 ),2,ELECTRIC(BOV),40,31,70,28,42,49,82,69,70,112,71,106,770
2022,Bihar,ARARIA - BR38( 30-JAN-2018 ),3,LPG ONLY,1,0,1,0,1,2,1,3,8,16,8,14,55
2022,Bihar,ARARIA - BR38( 30-JAN-2018 ),4,PETROL,"1,791","2,139","2,630","1,718","2,753","2,768","2,898","2,740","1,880","2,724","2,684","1,802","28,527"
2022,Bihar,ARARIA - BR38( 30-JAN-2018 ),5,PETROL/HYBRID,4,3,4,1,4,2,4,6,6,3,9,9,55
2022,Bihar,ARARIA - BR38( 30-JAN-2018 ),6,PETROL/LPG,0,0,0,0,0,0,1,2,0,0,1,0,4
2022,Bihar,ARAWAL - BR56( 22-MAY-2017 ),1,CNG ONLY,0,1,0,0,1,2,0,0,2,1,0,3,10
2022,Bihar,ARAWAL - BR56( 22-MAY-2017 ),2,DIESEL,75,33,48,8,22,51,32,26,28,30,41,22,416
2022,Bihar,ARAWAL - BR56( 22-MAY-2017 ),3,DIESEL/HYBRID,0,1,0,0,0,0,0,0,0,0,0,0,1
2022,Bihar,ARAWAL - BR56( 22-MAY-2017 ),4,ELECTRIC(BOV),0,1,1,0,0,0,2,0,0,1,2,2,9
2022,Bihar,ARAWAL - BR56( 22-MAY-2017 ),5,NOT APPLICABLE,19,14,14,10,8,13,10,10,6,2,8,2,116
2022,Bihar,ARAWAL - BR56( 22-MAY-2017 ),6,PETROL,146,211,260,179,374,336,220,129,162,148,323,169,"2,657"
2022,Bihar,ARAWAL - BR56( 22-MAY-2017 ),7,PETROL/CNG,1,1,0,0,1,0,1,0,1,1,2,3,11
2022,Bihar,AURANGABAD - BR26( 13-JUN-2017 ),1,CNG ONLY,19,22,27,20,18,14,11,24,36,34,39,29,293
2022,Bihar,AURANGABAD - BR26( 13-JUN-2017 ),2,DIESEL,153,252,234,174,178,153,255,225,237,201,240,202,"2,504"
2022,Bihar,AURANGABAD - BR26( 13-JUN-2017 ),3,ELECTRIC(BOV),35,27,42,27,36,28,30,29,62,46,54,69,485
2022,Bihar,AURANGABAD - BR26( 13-JUN-2017 ),4,NOT APPLICABLE,25,45,37,33,43,23,25,24,16,11,38,38,358
2022,Bihar,AURANGABAD - BR26( 13-JUN-2017 ),5,PETROL,810,"1,081","1,555","2,018","2,236","1,016",699,715,813,"1,539","1,622",811,"14,915"
2022,Bihar,AURANGABAD - BR26( 13-JUN-2017 ),6,PETROL/CNG,4,5,8,3,3,3,2,1,6,4,6,4,49
2022,Bihar,AURANGABAD - BR26( 13-JUN-2017 ),7,PETROL/HYBRID,1,2,5,1,0,3,1,2,3,7,1,0,26
2022,Bihar,BANKA - BR51( 06-FEB-2018 ),1,DIESEL,56,51,69,47,35,107,116,81,34,68,69,40,773
2022,Bihar,BANKA - BR51( 06-FEB-2018 ),2,ELECTRIC(BOV),30,49,42,28,29,48,72,57,81,70,68,83,657
2022,Bihar,BANKA - BR51( 06-FEB-2018 ),3,LPG ONLY,0,0,0,0,1,0,0,0,1,1,0,1,4
2022,Bihar,BANKA - BR51( 06-FEB-2018 ),4,NOT APPLICABLE,57,19,76,0,83,103,95,71,24,0,0,0,528
2022,Bihar,BANKA - BR51( 06-FEB-2018 ),5,PETROL,440,509,845,892,"1,270",828,654,474,418,672,969,371,"8,342"
2022,Bihar,BANKA - BR51( 06-FEB-2018 ),6,PETROL/CNG,0,0,0,0,0,1,0,0,0,0,0,0,1
2022,Bihar,BANKA - BR51( 06-FEB-2018 ),7,PETROL/HYBRID,0,1,2,0,0,1,0,2,0,0,0,0,6
2022,Bihar,BEGUSARAI - BR9( 23-JAN-2018 ),1,CNG ONLY,38,21,30,20,35,34,67,78,100,86,57,60,626
2022,Bihar,BEGUSARAI - BR9( 23-JAN-2018 ),2,DIESEL,178,111,181,156,156,124,225,157,269,224,222,183,"2,186"
2022,Bihar,BEGUSARAI - BR9( 23-JAN-2018 ),3,ELECTRIC(BOV),87,66,101,72,89,104,108,106,157,132,136,150,"1,308"
2022,Bihar,BEGUSARAI - BR9( 23-JAN-2018 ),4,LPG ONLY,0,0,0,0,0,0,0,0,0,0,0,3,3
2022,Bihar,BEGUSARAI - BR9( 23-JAN-2018 ),5,NOT APPLICABLE,30,45,65,6,54,63,54,72,43,33,86,118,669
2022,Bihar,BEGUSARAI - BR9( 23-JAN-2018 ),6,PETROL,"1,275","1,614","1,980","2,534","3,541","2,583","2,299","1,593","1,592","3,124","3,121","1,548","26,804"
2022,Bihar,BEGUSARAI - BR9( 23-JAN-2018 ),7,PETROL/CNG,21,29,35,26,31,12,14,12,11,18,7,10,226
2022,Bihar,BEGUSARAI - BR9( 23-JAN-2018 ),8,PETROL/HYBRID,6,8,11,1,15,15,12,17,29,14,24,12,164
2022,Bihar,BETTIAH - BR22( 22-SEP-2017 ),1,DIESEL,256,154,267,139,90,96,332,106,232,255,340,168,"2,435"
2022,Bihar,BETTIAH - BR22( 22-SEP-2017 ),2,ELECTRIC(BOV),29,44,100,55,38,59,77,126,163,128,96,133,"1,048"
2022,Bihar,BETTIAH - BR22( 22-SEP-2017 ),3,LPG ONLY,0,0,1,0,0,0,1,0,0,0,1,0,3
2022,Bihar,BETTIAH - BR22( 22-SEP-2017 ),4,NOT APPLICABLE,6,8,7,6,5,0,3,4,5,4,4,7,59
2022,Bihar,BETTIAH - BR22( 22-SEP-2017 ),5,PETROL,"2,756","2,587","4,063","3,471","3,904","2,412","2,363","2,313","2,331","6,204","5,861","2,955","41,220"
2022,Bihar,BETTIAH - BR22( 22-SEP-2017 ),6,PETROL/CNG,0,0,1,0,1,1,1,0,2,0,0,0,6
2022,Bihar,BETTIAH - BR22( 22-SEP-2017 ),7,PETROL/HYBRID,0,1,3,0,9,3,3,5,10,5,18,8,65
2022,Bihar,BHABHUA - BR45( 23-JAN-2018 ),1,CNG ONLY,10,10,15,18,17,32,0,37,24,24,62,71,320
2022,Bihar,BHABHUA - BR45( 23-JAN-2018 ),2,DIESEL,167,70,108,96,85,60,0,167,188,101,189,104,"1,335"
2022,Bihar,BHABHUA - BR45( 23-JAN-2018 ),3,ELECTRIC(BOV),37,25,50,35,57,47,0,94,59,33,55,57,549
2022,Bihar,BHABHUA - BR45( 23-JAN-2018 ),4,NOT APPLICABLE,37,15,37,8,24,5,0,46,22,0,59,37,290
2022,Bihar,BHABHUA - BR45( 23-JAN-2018 ),5,PETROL,583,664,983,729,847,766,0,936,846,679,"1,133",710,"8,876"
2022,Bihar,BHABHUA - BR45( 23-JAN-2018 ),6,PETROL/CNG,1,6,1,1,2,0,0,7,4,2,6,2,32
2022,Bihar,BHABHUA - BR45( 23-JAN-2018 ),7,PETROL/HYBRID,0,0,0,1,1,1,0,2,3,0,1,3,12
2022,Bihar,BHAGALPUR - BR10( 07-FEB-2018 ),1,CNG ONLY,0,1,1,1,0,1,0,0,0,0,0,0,4
2022,Bihar,BHAGALPUR - BR10( 07-FEB-2018 ),2,DIESEL,270,266,240,266,317,318,168,388,253,331,321,175,"3,313"
2022,Bihar,BHAGALPUR - BR10( 07-FEB-2018 ),3,ELECTRIC(BOV),261,259,255,246,261,325,174,563,767,454,458,394,"4,417"
2022,Bihar,BHAGALPUR - BR10( 07-FEB-2018 ),4,LPG ONLY,1,5,3,4,4,6,5,9,17,14,15,15,98
2022,Bihar,BHAGALPUR - BR10( 07-FEB-2018 ),5,NOT APPLICABLE,7,11,5,3,8,13,0,10,13,12,4,0,86
2022,Bihar,BHAGALPUR - BR10( 07-FEB-2018 ),6,PETROL,"1,248","1,733","1,886","2,075","2,575","2,385","1,182","2,681","1,621","2,610","3,008","1,563","24,567"
2022,Bihar,BHAGALPUR - BR10( 07-FEB-2018 ),7,PETROL/CNG,0,0,0,1,1,1,0,0,0,0,0,2,5
2022,Bihar,BHAGALPUR - BR10( 07-FEB-2018 ),8,PETROL/HYBRID,8,8,9,5,8,9,0,14,16,20,21,9,127
2022,Bihar,BHAGALPUR - BR10( 07-FEB-2018 ),9,PETROL/LPG,1,0,0,2,0,0,0,3,1,3,2,0,12
2022,Bihar,BHOJPUR - BR3( 15-FEB-2018 ),1,CNG ONLY,7,10,11,8,18,33,23,22,66,45,79,56,378
2022,Bihar,BHOJPUR - BR3( 15-FEB-2018 ),2,DIESEL,145,171,200,117,132,139,164,153,224,234,265,120,"2,064"
2022,Bihar,BHOJPUR - BR3( 15-FEB-2018 ),3,ELECTRIC(BOV),24,29,65,42,42,54,49,54,65,86,97,55,662
2022,Bihar,BHOJPUR - BR3( 15-FEB-2018 ),4,NOT APPLICABLE,9,16,9,0,4,10,1,1,3,4,65,19,141
2022,Bihar,BHOJPUR - BR3( 15-FEB-2018 ),5,PETROL,"1,176","1,546","1,815","1,740","2,771","1,846","1,384","1,093","1,206","1,659","2,746","1,469","20,451"
2022,Bihar,BHOJPUR - BR3( 15-FEB-2018 ),6,PETROL/CNG,6,11,16,5,17,1,2,2,1,8,14,2,85
2022,Bihar,BHOJPUR - BR3( 15-FEB-2018 ),7,PETROL/HYBRID,1,0,1,1,1,3,3,2,2,6,1,1,22
2022,Bihar,BUXUR - BR44( 01-FEB-2018 ),1,CNG ONLY,0,2,0,3,1,5,1,13,7,4,3,3,42
2022,Bihar,BUXUR - BR44( 01-FEB-2018 ),2,DIESEL,81,85,143,88,102,107,0,151,118,107,79,78,"1,139"
2022,Bihar,BUXUR - BR44( 01-FEB-2018 ),3,ELECTRIC(BOV),55,59,114,44,57,59,0,129,84,60,101,83,845
2022,Bihar,BUXUR - BR44( 01-FEB-2018 ),4,NOT APPLICABLE,16,13,7,6,1,1,0,1,10,6,50,5,116
2022,Bihar,BUXUR - BR44( 01-FEB-2018 ),5,PETROL,687,996,919,854,"1,264",745,0,"1,298",765,849,"1,455",853,"10,685"
2022,Bihar,BUXUR - BR44( 01-FEB-2018 ),6,PETROL/CNG,0,0,2,1,0,3,0,1,0,4,1,0,12
2022,Bihar,BUXUR - BR44( 01-FEB-2018 ),7,PETROL/HYBRID,1,2,0,0,0,2,0,1,2,0,3,2,13
2022,Bihar,CHAPARA - BR4( 29-JAN-2018 ),1,CNG ONLY,3,1,4,1,1,1,0,2,8,7,3,2,33
2022,Bihar,CHAPARA - BR4( 29-JAN-2018 ),2,DIESEL,200,85,300,177,191,183,192,161,335,304,360,205,"2,693"
2022,Bihar,CHAPARA - BR4( 29-JAN-2018 ),3,ELECTRIC(BOV),129,42,215,97,105,115,161,199,259,213,192,215,"1,942"
2022,Bihar,CHAPARA - BR4( 29-JAN-2018 ),4,NOT APPLICABLE,22,15,30,22,10,17,15,18,12,7,19,9,196
2022,Bihar,CHAPARA - BR4( 29-JAN-2018 ),5,PETROL,"1,685",960,"3,403","2,694","4,138","3,350","1,672","1,237","1,238","2,979","3,271","1,585","28,212"
2022,Bihar,CHAPARA - BR4( 29-JAN-2018 ),6,PETROL/CNG,2,0,9,2,1,5,3,4,3,4,3,6,42
2022,Bihar,CHAPARA - BR4( 29-JAN-2018 ),7,PETROL/HYBRID,3,3,2,2,3,0,6,9,10,12,8,5,63
2022,Bihar,DARBHANGA - BR7( 30-JAN-2018 ),1,CNG ONLY,0,0,4,0,6,8,24,14,31,31,18,28,164
2022,Bihar,DARBHANGA - BR7( 30-JAN-2018 ),2,DIESEL,339,269,410,289,296,280,266,252,393,457,445,328,"4,024"
2022,Bihar,DARBHANGA - BR7( 30-JAN-2018 ),3,ELECTRIC(BOV),51,36,80,48,105,48,74,102,130,117,143,144,"1,078"
2022,Bihar,DARBHANGA - BR7( 30-JAN-2018 ),4,ETHANOL,0,0,1,0,0,0,0,0,0,0,0,0,1
2022,Bihar,DARBHANGA - BR7( 30-JAN-2018 ),5,LPG ONLY,8,12,12,2,8,9,6,6,11,8,9,14,105
2022,Bihar,DARBHANGA - BR7( 30-JAN-2018 ),6,NOT APPLICABLE,12,3,9,2,6,6,9,3,0,5,2,7,64
2022,Bihar,DARBHANGA - BR7( 30-JAN-2018 ),7,PETROL,"1,910","2,520","3,189","3,497","5,413","3,175","2,620","2,309","2,037","2,659","5,072","2,191","36,592"
2022,Bihar,DARBHANGA - BR7( 30-JAN-2018 ),8,PETROL/CNG,0,1,2,0,2,0,1,3,3,9,3,4,28
2022,Bihar,DARBHANGA - BR7( 30-JAN-2018 ),9,PETROL/HYBRID,6,14,4,6,7,5,7,11,18,21,14,12,125
2022,Bihar,GAYA - BR2( 06-SEP-2017 ),1,CNG ONLY,45,52,71,55,70,72,78,87,125,101,80,66,902
2022,Bihar,GAYA - BR2( 06-SEP-2017 ),2,DIESEL,499,315,389,354,264,314,414,428,439,393,468,352,"4,629"
2022,Bihar,GAYA - BR2( 06-SEP-2017 ),3,ELECTRIC(BOV),307,143,222,197,194,197,207,313,393,383,447,429,"3,432"
2022,Bihar,GAYA - BR2( 06-SEP-2017 ),4,ETHANOL,0,0,0,1,0,0,0,0,0,0,0,0,1
2022,Bihar,GAYA - BR2( 06-SEP-2017 ),5,NOT APPLICABLE,22,105,56,40,10,34,49,46,81,58,39,94,634
2022,Bihar,GAYA - BR2( 06-SEP-2017 ),6,PETROL,"2,427","2,714","3,537","5,296","5,804","3,044","2,661","1,972","2,364","4,131","3,430","2,177","39,557"
2022,Bihar,GAYA - BR2( 06-SEP-2017 ),7,PETROL/CNG,25,35,49,41,33,27,27,20,18,30,17,16,338
2022,Bihar,GAYA - BR2( 06-SEP-2017 ),8,PETROL/HYBRID,14,12,11,6,23,18,17,32,30,38,41,18,260
2022,Bihar,GOPALGANJ - BR28( 08-JUN-2017 ),1,CNG ONLY,0,0,4,0,0,0,2,0,0,0,2,2,10
2022,Bihar,GOPALGANJ - BR28( 08-JUN-2017 ),2,DIESEL,102,94,148,121,156,127,143,105,237,170,187,158,"1,748"
2022,Bihar,GOPALGANJ - BR28( 08-JUN-2017 ),3,ELECTRIC(BOV),53,23,118,50,56,84,96,78,155,95,91,114,"1,013"
2022,Bihar,GOPALGANJ - BR28( 08-JUN-2017 ),4,NOT APPLICABLE,1,0,5,0,0,4,2,2,1,0,0,1,16
2022,Bihar,GOPALGANJ - BR28( 08-JUN-2017 ),5,PETROL,"1,069",687,"2,031","1,531","2,111","1,835","1,015",805,796,"1,270","2,142","1,494","16,786"
2022,Bihar,GOPALGANJ - BR28( 08-JUN-2017 ),6,PETROL/CNG,1,0,1,0,2,1,1,0,0,2,0,2,10
2022,Bihar,GOPALGANJ - BR28( 08-JUN-2017 ),7,PETROL/HYBRID,2,3,6,0,6,3,9,5,5,13,14,5,71
2022,Bihar,JAMUI - BR46( 07-JUN-2017 ),1,CNG ONLY,1,1,9,3,5,5,6,6,10,9,9,7,71
2022,Bihar,JAMUI - BR46( 07-JUN-2017 ),2,DIESEL,94,39,99,51,72,42,83,132,76,87,97,46,918
2022,Bihar,JAMUI - BR46( 07-JUN-2017 ),3,ELECTRIC(BOV),95,35,133,47,57,66,110,95,97,139,82,88,"1,044"
2022,Bihar,JAMUI - BR46( 07-JUN-2017 ),4,NOT APPLICABLE,0,0,0,0,1,0,0,0,0,0,0,0,1
2022,Bihar,JAMUI - BR46( 07-JUN-2017 ),5,PETROL,646,475,"1,385","1,197","1,949","1,127","1,132",889,674,914,"1,647",883,"12,918"
2022,Bihar,JAMUI - BR46( 07-JUN-2017 ),6,PETROL/CNG,4,3,4,1,0,0,1,0,0,0,0,0,13
2022,Bihar,JAMUI - BR46( 07-JUN-2017 ),7,PETROL/HYBRID,1,0,3,0,1,1,2,2,0,0,2,1,13
2022,Bihar,JEHANABAD - BR25( 26-MAY-2017 ),1,CNG ONLY,32,34,33,33,13,34,35,52,93,48,69,44,520
2022,Bihar,JEHANABAD - BR25( 26-MAY-2017 ),2,DIESEL,42,40,35,25,36,40,11,57,64,49,43,14,456
2022,Bihar,JEHANABAD - BR25( 26-MAY-2017 ),3,ELECTRIC(BOV),2,5,9,10,5,9,2,22,18,18,37,18,155
2022,Bihar,JEHANABAD - BR25( 26-MAY-2017 ),4,NOT APPLICABLE,13,9,19,10,11,11,4,32,11,19,14,2,155
2022,Bihar,JEHANABAD - BR25( 26-MAY-2017 ),5,PETROL,281,417,527,855,"1,214",528,287,384,260,388,539,272,"5,952"
2022,Bihar,JEHANABAD - BR25( 26-MAY-2017 ),6,PETROL/CNG,5,3,6,4,1,1,0,1,1,0,3,0,25
2022,Bihar,JEHANABAD - BR25( 26-MAY-2017 ),7,PETROL/HYBRID,0,0,0,0,1,0,0,0,0,0,1,0,2
2022,Bihar,JEHANABAD - BR25( 26-MAY-2017 ),8,PETROL/LPG,0,0,2,0,2,0,0,0,0,0,0,0,4
2022,Bihar,KATIHAR - BR39( 23-JAN-2018 ),1,DIESEL,73,74,117,43,97,102,111,49,82,66,100,67,981
2022,Bihar,KATIHAR - BR39( 23-JAN-2018 ),2,ELECTRIC(BOV),53,70,73,48,64,75,83,76,80,138,85,103,948
2022,Bihar,KATIHAR - BR39( 23-JAN-2018 ),3,NOT APPLICABLE,12,6,27,16,16,9,16,9,10,2,10,8,141
2022,Bihar,KATIHAR - BR39( 23-JAN-2018 ),4,PETROL,"1,525","1,923","2,816","1,616","2,720","2,699","2,871","2,377","1,669","2,596","2,671","1,893","27,376"
2022,Bihar,KATIHAR - BR39( 23-JAN-2018 ),5,PETROL/CNG,0,0,0,0,0,0,0,0,0,1,0,0,1
2022,Bihar,KATIHAR - BR39( 23-JAN-2018 ),6,PETROL/HYBRID,0,3,3,0,1,2,2,1,0,2,3,3,20
2022,Bihar,KHAGARIA - BR34( 01-FEB-2018 ),1,CNG ONLY,0,0,0,0,3,2,1,7,6,7,14,14,54
2022,Bihar,KHAGARIA - BR34( 01-FEB-2018 ),2,DIESEL,44,39,74,84,111,163,80,59,123,115,117,81,"1,090"
2022,Bihar,KHAGARIA - BR34( 01-FEB-2018 ),3,ELECTRIC(BOV),30,2,21,9,10,31,35,31,42,43,33,55,342
2022,Bihar,KHAGARIA - BR34( 01-FEB-2018 ),4,NOT APPLICABLE,32,16,39,11,29,33,13,16,7,7,15,24,242
2022,Bihar,KHAGARIA - BR34( 01-FEB-2018 ),5,PETROL,595,571,"1,188",930,"1,438","1,225","1,105",734,703,"1,513","1,352",772,"12,126"
2022,Bihar,KHAGARIA - BR34( 01-FEB-2018 ),6,PETROL/CNG,0,0,0,1,0,0,0,1,0,2,0,0,4
2022,Bihar,KHAGARIA - BR34( 01-FEB-2018 ),7,PETROL/HYBRID,1,0,0,0,1,1,0,1,3,1,0,1,9
2022,Bihar,KISHANGANJ - BR37( 07-FEB-2018 ),1,DIESEL,52,40,117,65,50,72,96,49,66,50,81,57,795
2022,Bihar,KISHANGANJ - BR37( 07-FEB-2018 ),2,ELECTRIC(BOV),12,18,29,40,29,25,9,17,44,44,36,52,355
2022,Bihar,KISHANGANJ - BR37( 07-FEB-2018 ),3,LPG ONLY,1,1,0,0,0,1,0,0,0,0,0,0,3
2022,Bihar,KISHANGANJ - BR37( 07-FEB-2018 ),4,NOT APPLICABLE,2,0,2,0,0,0,0,0,0,0,0,0,4
2022,Bihar,KISHANGANJ - BR37( 07-FEB-2018 ),5,PETROL,"1,427","2,200","4,207","1,452","2,623","1,799","1,977","1,473","1,027","1,489","1,542","1,408","22,624"
2022,Bihar,KISHANGANJ - BR37( 07-FEB-2018 ),6,PETROL/HYBRID,0,2,1,1,2,0,0,0,2,1,3,1,13
2022,Bihar,LAKHISARAI - BR53( 27-JAN-2017 ),1,CNG ONLY,1,2,4,0,4,1,2,0,10,5,11,14,54
2022,Bihar,LAKHISARAI - BR53( 27-JAN-2017 ),2,DIESEL,47,50,60,38,38,29,62,40,28,39,23,18,472
2022,Bihar,LAKHISARAI - BR53( 27-JAN-2017 ),3,ELECTRIC(BOV),56,49,78,38,52,28,62,58,70,45,58,84,678
2022,Bihar,LAKHISARAI - BR53( 27-JAN-2017 ),4,NOT APPLICABLE,11,27,11,13,5,6,4,11,4,10,8,0,110
2022,Bihar,LAKHISARAI - BR53( 27-JAN-2017 ),5,PETROL,205,280,427,425,711,236,343,245,227,380,625,270,"4,374"
2022,Bihar,LAKHISARAI - BR53( 27-JAN-2017 ),6,PETROL/CNG,0,1,1,1,3,1,1,0,1,0,0,1,10
2022,Bihar,LAKHISARAI - BR53( 27-JAN-2017 ),7,PETROL/HYBRID,3,1,0,2,1,0,1,0,1,0,1,0,10
2022,Bihar,MADHEPURA - BR43( 02-JUN-2017 ),1,DIESEL,86,92,88,77,148,255,220,167,282,220,276,153,"2,064"
2022,Bihar,MADHEPURA - BR43( 02-JUN-2017 ),2,ELECTRIC(BOV),49,29,35,22,41,36,52,18,100,78,128,164,752
2022,Bihar,MADHEPURA - BR43( 02-JUN-2017 ),3,LPG ONLY,0,0,3,0,0,2,1,1,3,1,4,4,19
2022,Bihar,MADHEPURA - BR43( 02-JUN-2017 ),4,NOT APPLICABLE,8,4,2,7,5,7,4,2,3,0,4,0,46
2022,Bihar,MADHEPURA - BR43( 02-JUN-2017 ),5,PETROL,"1,559","1,392","2,239","1,428","2,107","2,341","2,067","1,918","1,434","1,594","3,976","1,510","23,565"
2022,Bihar,MADHEPURA - BR43( 02-JUN-2017 ),6,PETROL/HYBRID,1,2,1,0,1,0,0,0,1,2,2,3,13
2022,Bihar,MADHUBANI - BR32( 01-FEB-2018 ),1,DIESEL,130,113,196,107,89,122,129,102,148,132,196,162,"1,626"
2022,Bihar,MADHUBANI - BR32( 01-FEB-2018 ),2,ELECTRIC(BOV),22,25,79,19,33,40,37,43,70,54,64,93,579
2022,Bihar,MADHUBANI - BR32( 01-FEB-2018 ),3,PETROL,"1,750","2,576","2,562","3,676","4,365","2,794","2,092","2,256","1,785","2,899","3,674","2,382","32,811"
2022,Bihar,MADHUBANI - BR32( 01-FEB-2018 ),4,PETROL/CNG,0,0,0,0,1,0,0,1,0,0,1,1,4
2022,Bihar,MADHUBANI - BR32( 01-FEB-2018 ),5,PETROL/HYBRID,3,0,0,0,0,3,4,1,1,0,1,2,15
2022,Bihar,MOTIHARI - BR5( 05-JUL-2017 ),1,CNG ONLY,0,0,0,0,2,5,5,6,1,9,4,2,34
2022,Bihar,MOTIHARI - BR5( 05-JUL-2017 ),2,DIESEL,288,308,335,276,185,131,424,220,385,367,434,285,"3,638"
2022,Bihar,MOTIHARI - BR5( 05-JUL-2017 ),3,DIESEL/HYBRID,1,0,0,0,0,0,0,0,0,0,0,0,1
2022,Bihar,MOTIHARI - BR5( 05-JUL-2017 ),4,ELECTRIC(BOV),75,107,135,79,106,98,114,177,171,232,267,246,"1,807"
2022,Bihar,MOTIHARI - BR5( 05-JUL-2017 ),5,LPG ONLY,1,3,2,1,3,2,0,7,9,19,8,8,63
2022,Bihar,MOTIHARI - BR5( 05-JUL-2017 ),6,NOT APPLICABLE,0,12,1,2,8,3,5,2,7,4,6,5,55
2022,Bihar,MOTIHARI - BR5( 05-JUL-2017 ),7,PETROL,"2,758","3,271","3,903","4,590","5,023","4,062","3,398","2,833","2,680","3,526","7,536","4,289","47,869"
2022,Bihar,MOTIHARI - BR5( 05-JUL-2017 ),8,PETROL/CNG,0,2,0,9,2,0,2,0,0,0,1,0,16
2022,Bihar,MOTIHARI - BR5( 05-JUL-2017 ),9,PETROL/HYBRID,2,6,3,0,2,2,2,9,10,15,8,8,67
2022,Bihar,MUNGER - BR8( 06-FEB-2018 ),1,CNG ONLY,0,2,1,0,1,1,0,0,1,8,2,3,19
2022,Bihar,MUNGER - BR8( 06-FEB-2018 ),2,DIESEL,25,31,47,23,22,40,31,53,46,44,51,25,438
2022,Bihar,MUNGER - BR8( 06-FEB-2018 ),3,ELECTRIC(BOV),53,45,80,44,56,55,56,123,149,95,107,103,966
2022,Bihar,MUNGER - BR8( 06-FEB-2018 ),4,LPG ONLY,0,0,0,0,0,0,0,0,0,0,0,5,5
2022,Bihar,MUNGER - BR8( 06-FEB-2018 ),5,NOT APPLICABLE,1,3,2,1,4,11,0,13,0,0,9,1,45
2022,Bihar,MUNGER - BR8( 06-FEB-2018 ),6,PETROL,422,478,704,710,644,756,756,582,442,852,"1,004",576,"7,926"
2022,Bihar,MUNGER - BR8( 06-FEB-2018 ),7,PETROL/CNG,0,0,0,0,0,0,0,0,0,1,1,0,2
2022,Bihar,MUNGER - BR8( 06-FEB-2018 ),8,PETROL/HYBRID,0,0,1,1,2,0,1,0,1,1,1,1,9
2022,Bihar,MUZAFFARPUR - BR6( 01-FEB-2018 ),1,CNG ONLY,13,40,66,59,106,85,160,169,222,271,169,190,"1,550"
2022,Bihar,MUZAFFARPUR - BR6( 01-FEB-2018 ),2,DIESEL,410,382,506,526,436,432,575,392,679,607,558,445,"5,948"
2022,Bihar,MUZAFFARPUR - BR6( 01-FEB-2018 ),3,ELECTRIC(BOV),118,190,213,114,90,172,220,207,294,287,245,255,"2,405"
2022,Bihar,MUZAFFARPUR - BR6( 01-FEB-2018 ),4,LPG ONLY,0,0,0,0,1,0,1,0,1,7,6,8,24
2022,Bihar,MUZAFFARPUR - BR6( 01-FEB-2018 ),5,NOT APPLICABLE,2,0,1,2,3,2,5,3,10,3,12,8,51
2022,Bihar,MUZAFFARPUR - BR6( 01-FEB-2018 ),6,PETROL,"3,896","5,213","6,027","6,838","9,186","5,781","5,087","4,358","4,324","7,560","8,661","3,938","70,869"
2022,Bihar,MUZAFFARPUR - BR6( 01-FEB-2018 ),7,PETROL/CNG,2,13,32,49,42,18,22,27,20,34,40,36,335
2022,Bihar,MUZAFFARPUR - BR6( 01-FEB-2018 ),8,PETROL/HYBRID,32,32,21,30,53,34,61,49,51,79,78,39,559
2022,Bihar,NALANDA - BR21( 01-FEB-2018 ),1,CNG ONLY,32,37,30,12,21,18,30,27,40,23,40,28,338
2022,Bihar,NALANDA - BR21( 01-FEB-2018 ),2,DIESEL,111,125,148,115,109,106,132,120,168,115,199,136,"1,584"
2022,Bihar,NALANDA - BR21( 01-FEB-2018 ),3,ELECTRIC(BOV),106,138,230,108,131,167,232,196,261,206,219,230,"2,224"
2022,Bihar,NALANDA - BR21( 01-FEB-2018 ),4,NOT APPLICABLE,42,42,31,32,45,12,33,20,25,0,25,27,334
2022,Bihar,NALANDA - BR21( 01-FEB-2018 ),5,PETROL,"1,013","1,274","1,603","2,316","3,180","1,521","1,056","1,052","1,196","2,009","1,535",993,"18,748"
2022,Bihar,NALANDA - BR21( 01-FEB-2018 ),6,PETROL/CNG,7,15,15,12,17,9,11,9,9,8,5,2,119
2022,Bihar,NALANDA - BR21( 01-FEB-2018 ),7,PETROL/HYBRID,1,5,2,0,13,1,6,8,9,7,5,2,59
2022,Bihar,NAWADA - BR27( 30-JAN-2018 ),1,CNG ONLY,2,4,3,3,0,1,2,3,10,1,4,2,35
2022,Bihar,NAWADA - BR27( 30-JAN-2018 ),2,DIESEL,124,123,172,138,92,92,128,145,265,339,238,159,"2,015"
2022,Bihar,NAWADA - BR27( 30-JAN-2018 ),3,DIESEL/HYBRID,0,0,0,1,0,0,0,0,0,0,0,0,1
2022,Bihar,NAWADA - BR27( 30-JAN-2018 ),4,ELECTRIC(BOV),103,62,127,56,92,79,98,143,136,167,176,192,"1,431"
2022,Bihar,NAWADA - BR27( 30-JAN-2018 ),5,NOT APPLICABLE,13,18,20,27,6,14,12,11,21,14,26,27,209
2022,Bihar,NAWADA - BR27( 30-JAN-2018 ),6,PETROL,592,825,891,"1,509","1,931","1,012","2,185",578,735,"1,281",944,660,"13,143"
2022,Bihar,NAWADA - BR27( 30-JAN-2018 ),7,PETROL/CNG,0,2,2,4,0,1,0,1,1,0,1,2,14
2022,Bihar,NAWADA - BR27( 30-JAN-2018 ),8,PETROL/HYBRID,0,2,2,1,2,6,2,3,5,1,4,2,30
2022,Bihar,PATNA - BR1( 02-FEB-2018 ),1,CNG ONLY,804,601,916,682,689,773,"1,009","1,278","1,708","1,086",958,738,"11,242"
2022,Bihar,PATNA - BR1( 02-FEB-2018 ),2,DIESEL,970,873,"1,261","1,580","1,014","1,420","1,332","1,340","1,311","1,365","1,220",808,"14,494"
2022,Bihar,PATNA - BR1( 02-FEB-2018 ),3,ELECTRIC(BOV),450,593,999,472,554,824,880,972,"1,145","1,231","1,045","1,071","10,236"
2022,Bihar,PATNA - BR1( 02-FEB-2018 ),4,NOT APPLICABLE,139,126,136,130,116,110,150,113,97,135,235,113,"1,600"
2022,Bihar,PATNA - BR1( 02-FEB-2018 ),5,PETROL,"6,655","6,910","9,050","9,885","12,095","8,504","7,354","7,012","7,280","12,053","10,415","5,895","1,03,108"
2022,Bihar,PATNA - BR1( 02-FEB-2018 ),6,PETROL/CNG,238,319,383,415,373,287,276,276,259,284,245,247,"3,602"
2022,Bihar,PATNA - BR1( 02-FEB-2018 ),7,PETROL/HYBRID,146,91,67,57,200,109,152,211,182,303,232,164,"1,914"
2022,Bihar,PURNEA - BR11( 23-JAN-2018 ),1,CNG ONLY,1,1,0,0,1,0,0,0,1,1,0,0,5
2022,Bihar,PURNEA - BR11( 23-JAN-2018 ),2,DIESEL,550,418,433,360,405,390,506,368,503,523,466,395,"5,317"
2022,Bihar,PURNEA - BR11( 23-JAN-2018 ),3,ELECTRIC(BOV),121,52,140,131,126,174,231,248,430,274,224,288,"2,439"
2022,Bihar,PURNEA - BR11( 23-JAN-2018 ),4,LPG ONLY,2,3,3,2,2,1,7,7,7,10,10,5,59
2022,Bihar,PURNEA - BR11( 23-JAN-2018 ),5,NOT APPLICABLE,7,20,13,1,13,16,24,11,15,15,9,10,154
2022,Bihar,PURNEA - BR11( 23-JAN-2018 ),6,PETROL,"2,391","2,674","3,615","2,392","3,944","3,875","4,018","3,577","2,809","3,875","3,865","3,025","40,060"
2022,Bihar,PURNEA - BR11( 23-JAN-2018 ),7,PETROL/CNG,0,0,0,0,0,0,1,0,1,0,0,0,2
2022,Bihar,PURNEA - BR11( 23-JAN-2018 ),8,PETROL/HYBRID,12,18,7,3,18,11,14,25,21,41,39,27,236
2022,Bihar,ROHTAS - BR24( 09-FEB-2018 ),1,CNG ONLY,14,29,41,20,39,44,53,49,68,51,73,57,538
2022,Bihar,ROHTAS - BR24( 09-FEB-2018 ),2,DIESEL,176,218,226,147,207,145,228,96,211,175,254,179,"2,262"
2022,Bihar,ROHTAS - BR24( 09-FEB-2018 ),3,ELECTRIC(BOV),39,48,62,41,79,47,137,102,101,116,143,137,"1,052"
2022,Bihar,ROHTAS - BR24( 09-FEB-2018 ),4,NOT APPLICABLE,16,25,10,19,20,13,15,18,11,15,23,15,200
2022,Bihar,ROHTAS - BR24( 09-FEB-2018 ),5,PETROL,"1,457","1,820","2,022","1,522","3,792","1,704","1,467","1,238","1,165","2,337","2,658","1,559","22,741"
2022,Bihar,ROHTAS - BR24( 09-FEB-2018 ),6,PETROL/CNG,3,13,17,4,12,13,13,8,9,18,11,4,125
2022,Bihar,ROHTAS - BR24( 09-FEB-2018 ),7,PETROL/HYBRID,7,3,2,1,1,2,10,2,7,4,6,9,54
2022,Bihar,SAHARSA - BR19( 29-JAN-2018 ),1,CNG ONLY,0,0,0,0,0,0,0,0,0,1,0,3,4
2022,Bihar,SAHARSA - BR19( 29-JAN-2018 ),2,DIESEL,124,87,117,99,93,140,0,112,134,101,144,113,"1,264"
2022,Bihar,SAHARSA - BR19( 29-JAN-2018 ),3,ELECTRIC(BOV),60,57,64,41,50,35,0,47,134,74,87,119,768
2022,Bihar,SAHARSA - BR19( 29-JAN-2018 ),4,LPG ONLY,0,0,0,0,0,0,0,0,4,6,3,9,22
2022,Bihar,SAHARSA - BR19( 29-JAN-2018 ),5,NOT APPLICABLE,10,9,5,13,5,7,0,3,6,2,3,4,67
2022,Bihar,SAHARSA - BR19( 29-JAN-2018 ),6,PETROL,787,"1,021","1,264","1,245","1,415","1,322",0,"1,731",995,930,"2,325","1,036","14,071"
2022,Bihar,SAHARSA - BR19( 29-JAN-2018 ),7,PETROL/CNG,1,0,1,1,3,0,0,4,2,0,0,2,14
2022,Bihar,SAHARSA - BR19( 29-JAN-2018 ),8,PETROL/HYBRID,1,0,0,1,0,4,0,0,2,4,11,2,25
2022,Bihar,SAMASTIPUR - BR33( 06-JUL-2017 ),1,CNG ONLY,18,33,27,22,52,46,0,113,107,67,57,68,610
2022,Bihar,SAMASTIPUR - BR33( 06-JUL-2017 ),2,DIESEL,158,152,145,104,170,269,0,278,222,191,209,127,"2,025"
2022,Bihar,SAMASTIPUR - BR33( 06-JUL-2017 ),3,ELECTRIC(BOV),126,157,275,208,250,253,0,469,467,375,218,264,"3,062"
2022,Bihar,SAMASTIPUR - BR33( 06-JUL-2017 ),4,NOT APPLICABLE,15,18,15,2,16,29,0,13,12,16,20,15,171
2022,Bihar,SAMASTIPUR - BR33( 06-JUL-2017 ),5,PETROL,"2,056","2,034","3,131","3,438","5,228","3,416",0,"5,653","2,125","3,044","6,484","2,752","39,361"
2022,Bihar,SAMASTIPUR - BR33( 06-JUL-2017 ),6,PETROL/CNG,1,0,3,6,8,0,0,1,8,3,9,5,44
2022,Bihar,SAMASTIPUR - BR33( 06-JUL-2017 ),7,PETROL/HYBRID,0,0,2,0,1,1,0,5,3,1,1,5,19
2022,Bihar,SHEIKHPURA - BR52( 17-JUL-2017 ),1,CNG ONLY,4,0,3,2,1,1,0,1,4,3,5,2,26
2022,Bihar,SHEIKHPURA - BR52( 17-JUL-2017 ),2,DIESEL,11,21,48,62,39,29,5,55,69,50,43,14,446
2022,Bihar,SHEIKHPURA - BR52( 17-JUL-2017 ),3,ELECTRIC(BOV),14,12,50,28,39,50,21,55,91,45,53,22,480
2022,Bihar,SHEIKHPURA - BR52( 17-JUL-2017 ),4,NOT APPLICABLE,4,7,28,24,15,17,5,17,23,7,15,0,162
2022,Bihar,SHEIKHPURA - BR52( 17-JUL-2017 ),5,PETROL,139,220,295,315,487,281,62,270,197,202,340,168,"2,976"
2022,Bihar,SHEIKHPURA - BR52( 17-JUL-2017 ),6,PETROL/CNG,0,0,1,0,1,1,0,1,1,0,0,0,5
2022,Bihar,SHEIKHPURA - BR52( 17-JUL-2017 ),7,PETROL/HYBRID,0,1,0,0,0,0,0,0,1,0,0,0,2
2022,Bihar,SHEOHAR - BR55( 07-JUN-2017 ),1,DIESEL,9,13,18,7,11,19,3,33,8,4,13,33,171
2022,Bihar,SHEOHAR - BR55( 07-JUN-2017 ),2,ELECTRIC(BOV),0,6,32,9,9,7,8,3,18,15,19,23,149
2022,Bihar,SHEOHAR - BR55( 07-JUN-2017 ),3,LPG ONLY,0,0,0,0,0,0,0,0,0,0,1,0,1
2022,Bihar,SHEOHAR - BR55( 07-JUN-2017 ),4,NOT APPLICABLE,0,2,3,2,3,0,0,0,0,0,0,0,10
2022,Bihar,SHEOHAR - BR55( 07-JUN-2017 ),5,PETROL,99,310,184,233,224,430,186,177,178,273,409,196,"2,899"
2022,Bihar,SHEOHAR - BR55( 07-JUN-2017 ),6,PETROL/HYBRID,0,0,0,0,0,1,0,0,0,0,1,0,2
2022,Bihar,SITAMARHI - BR30( 29-JAN-2018 ),1,CNG ONLY,3,4,3,1,1,2,0,0,0,0,0,2,16
2022,Bihar,SITAMARHI - BR30( 29-JAN-2018 ),2,DIESEL,85,90,306,76,46,91,76,126,124,151,220,129,"1,520"
2022,Bihar,SITAMARHI - BR30( 29-JAN-2018 ),3,ELECTRIC(BOV),66,65,67,48,71,59,86,63,102,87,176,162,"1,052"
2022,Bihar,SITAMARHI - BR30( 29-JAN-2018 ),4,LPG ONLY,0,0,0,0,0,1,0,0,2,5,5,3,16
2022,Bihar,SITAMARHI - BR30( 29-JAN-2018 ),5,NOT APPLICABLE,8,8,12,6,6,4,4,11,6,6,7,5,83
2022,Bihar,SITAMARHI - BR30( 29-JAN-2018 ),6,PETROL,"1,532","1,942","2,355","2,517","3,396","2,063","1,682","1,651","1,551","2,215","3,851","1,648","26,403"
2022,Bihar,SITAMARHI - BR30( 29-JAN-2018 ),7,PETROL/CNG,0,0,0,0,0,0,0,0,0,0,1,0,1
2022,Bihar,SITAMARHI - BR30( 29-JAN-2018 ),8,PETROL/HYBRID,0,1,0,0,0,0,1,0,1,3,3,1,10
2022,Bihar,SIWAN - BR29( 29-JAN-2018 ),1,CNG ONLY,1,2,3,0,1,5,3,5,5,8,2,4,39
2022,Bihar,SIWAN - BR29( 29-JAN-2018 ),2,DIESEL,237,133,372,116,190,210,264,176,205,259,296,185,"2,643"
2022,Bihar,SIWAN - BR29( 29-JAN-2018 ),3,ELECTRIC(BOV),84,39,125,69,51,63,107,82,202,140,159,157,"1,278"
2022,Bihar,SIWAN - BR29( 29-JAN-2018 ),4,LPG ONLY,0,0,0,0,0,0,0,0,0,0,4,3,7
2022,Bihar,SIWAN - BR29( 29-JAN-2018 ),5,NOT APPLICABLE,13,1,14,1,4,0,10,3,8,3,13,2,72
2022,Bihar,SIWAN - BR29( 29-JAN-2018 ),6,PETROL,"1,719","1,390","3,578","2,530","3,998","3,584","2,561","1,647","1,457","3,094","3,649","2,304","31,511"
2022,Bihar,SIWAN - BR29( 29-JAN-2018 ),7,PETROL/CNG,1,0,3,1,2,2,0,1,5,1,4,3,23
2022,Bihar,SIWAN - BR29( 29-JAN-2018 ),8,PETROL/HYBRID,4,1,5,2,9,4,4,8,12,9,15,9,82
2022,Bihar,SUPAUL - BR50( 29-JAN-2018 ),1,DIESEL,152,111,178,143,181,210,211,151,205,189,203,206,"2,140"
2022,Bihar,SUPAUL - BR50( 29-JAN-2018 ),2,ELECTRIC(BOV),36,24,37,30,57,81,81,95,151,93,131,174,990
2022,Bihar,SUPAUL - BR50( 29-JAN-2018 ),3,LPG ONLY,1,0,1,0,0,1,2,5,16,17,21,20,84
2022,Bihar,SUPAUL - BR50( 29-JAN-2018 ),4,NOT APPLICABLE,0,0,0,0,0,0,0,0,0,0,0,1,1
2022,Bihar,SUPAUL - BR50( 29-JAN-2018 ),5,PETROL,"1,659","2,218","3,111","2,180","2,786","2,079","1,872","1,989","1,778","2,616","3,135","2,514","27,937"
2022,Bihar,SUPAUL - BR50( 29-JAN-2018 ),6,PETROL/CNG,0,0,0,0,1,1,1,0,0,0,0,0,3
2022,Bihar,SUPAUL - BR50( 29-JAN-2018 ),7,PETROL/HYBRID,0,3,1,0,0,1,4,1,6,5,10,9,40
2022,Bihar,VAISHALI - BR31( 13-FEB-2018 ),1,CNG ONLY,34,19,30,31,32,66,72,89,113,103,99,56,744
2022,Bihar,VAISHALI - BR31( 13-FEB-2018 ),2,DIESEL,170,108,210,141,158,147,196,164,243,202,215,107,"2,061"
2022,Bihar,VAISHALI - BR31( 13-FEB-2018 ),3,ELECTRIC(BOV),122,106,167,128,145,207,189,218,246,265,308,243,"2,344"
2022,Bihar,VAISHALI - BR31( 13-FEB-2018 ),4,NOT APPLICABLE,30,21,49,42,24,19,16,28,16,23,45,23,336
2022,Bihar,VAISHALI - BR31( 13-FEB-2018 ),5,PETROL,"1,842","1,911","2,391","2,711","3,666","2,550","2,238","1,873","1,824","3,610","3,853","1,815","30,284"
2022,Bihar,VAISHALI - BR31( 13-FEB-2018 ),6,PETROL/CNG,9,26,22,33,36,20,13,11,24,21,25,16,256
2022,Bihar,VAISHALI - BR31( 13-FEB-2018 ),7,PETROL/HYBRID,3,9,2,1,6,0,15,19,20,7,17,3,102
2021,Bihar,ARARIA - BR38( 30-JAN-2018 ),1,DIESEL,266,125,145,96,49,123,245,132,161,167,162,172,"1,843"
2021,Bihar,ARARIA - BR38( 30-JAN-2018 ),2,ELECTRIC(BOV),39,31,21,12,9,12,12,34,43,26,47,38,324
2021,Bihar,ARARIA - BR38( 30-JAN-2018 ),3,LPG ONLY,0,0,0,0,0,0,0,0,2,0,0,2,4
2021,Bihar,ARARIA - BR38( 30-JAN-2018 ),4,NOT APPLICABLE,0,0,0,4,0,0,0,0,0,0,0,0,4
2021,Bihar,ARARIA - BR38( 30-JAN-2018 ),5,PETROL,"1,875","2,388","2,730","2,076","1,649","2,659","2,272","2,246","1,838","1,281","2,810","1,906","25,730"
2021,Bihar,ARARIA - BR38( 30-JAN-2018 ),6,PETROL/HYBRID,2,2,4,2,1,4,3,6,3,3,6,0,36
2021,Bihar,ARARIA - BR38( 30-JAN-2018 ),7,PETROL/LPG,0,1,1,1,1,0,0,0,0,0,1,0,5
2021,Bihar,ARAWAL - BR56( 22-MAY-2017 ),1,CNG ONLY,0,0,1,0,0,0,0,0,0,1,0,0,2
2021,Bihar,ARAWAL - BR56( 22-MAY-2017 ),2,DIESEL,22,46,58,19,4,31,30,38,26,6,32,39,351
2021,Bihar,ARAWAL - BR56( 22-MAY-2017 ),3,ELECTRIC(BOV),0,1,0,0,0,0,0,0,0,0,0,0,1
2021,Bihar,ARAWAL - BR56( 22-MAY-2017 ),4,NOT APPLICABLE,8,21,41,6,0,15,23,21,4,1,13,18,171
2021,Bihar,ARAWAL - BR56( 22-MAY-2017 ),5,PETROL,109,181,137,157,150,527,323,139,128,42,318,146,"2,357"
2021,Bihar,ARAWAL - BR56( 22-MAY-2017 ),6,PETROL/CNG,0,3,1,1,0,2,0,0,1,1,0,1,10
2021,Bihar,ARAWAL - BR56( 22-MAY-2017 ),7,PETROL/HYBRID,0,0,1,1,0,0,1,1,0,0,0,0,4
2021,Bihar,AURANGABAD - BR26( 13-JUN-2017 ),1,CNG ONLY,0,0,1,1,0,0,2,6,10,16,14,25,75
2021,Bihar,AURANGABAD - BR26( 13-JUN-2017 ),2,DIESEL,395,420,376,200,76,118,285,188,198,151,191,212,"2,810"
2021,Bihar,AURANGABAD - BR26( 13-JUN-2017 ),3,ELECTRIC(BOV),13,18,12,6,2,4,9,15,8,16,22,30,155
2021,Bihar,AURANGABAD - BR26( 13-JUN-2017 ),4,NOT APPLICABLE,64,90,129,58,6,45,27,53,19,32,49,34,606
2021,Bihar,AURANGABAD - BR26( 13-JUN-2017 ),5,PETROL,"1,084","1,229","1,488","2,456","2,130","1,590",770,676,769,691,"1,920",757,"15,560"
2021,Bihar,AURANGABAD - BR26( 13-JUN-2017 ),6,PETROL/CNG,0,0,0,1,0,0,0,1,1,1,3,1,8
2021,Bihar,AURANGABAD - BR26( 13-JUN-2017 ),7,PETROL/HYBRID,0,1,3,0,0,1,0,0,0,1,1,1,8
2021,Bihar,BANKA - BR51( 06-FEB-2018 ),1,DIESEL,56,61,109,53,78,114,130,104,38,36,86,53,918
2021,Bihar,BANKA - BR51( 06-FEB-2018 ),2,ELECTRIC(BOV),11,2,19,13,1,9,16,11,16,20,34,35,187
2021,Bihar,BANKA - BR51( 06-FEB-2018 ),3,NOT APPLICABLE,98,63,248,5,11,5,0,237,62,29,80,37,875
2021,Bihar,BANKA - BR51( 06-FEB-2018 ),4,PETROL,467,497,637,827,756,"1,057",897,454,451,434,"1,002",530,"8,009"
2021,Bihar,BANKA - BR51( 06-FEB-2018 ),5,PETROL/HYBRID,0,0,1,0,0,2,0,0,0,0,0,0,3
2021,Bihar,BEGUSARAI - BR9( 23-JAN-2018 ),1,CNG ONLY,0,2,5,7,0,2,4,22,19,21,30,52,164
2021,Bihar,BEGUSARAI - BR9( 23-JAN-2018 ),2,DIESEL,298,227,264,158,33,229,153,227,202,148,151,139,"2,229"
2021,Bihar,BEGUSARAI - BR9( 23-JAN-2018 ),3,ELECTRIC(BOV),122,57,53,46,10,31,46,101,102,116,89,93,866
2021,Bihar,BEGUSARAI - BR9( 23-JAN-2018 ),4,NOT APPLICABLE,122,98,72,71,0,102,6,47,37,61,62,86,764
2021,Bihar,BEGUSARAI - BR9( 23-JAN-2018 ),5,PETROL,"1,524","1,990","2,026","2,850","1,376","3,985","1,607","2,096","1,675","1,566","3,579","1,678","25,952"
2021,Bihar,BEGUSARAI - BR9( 23-JAN-2018 ),6,PETROL/CNG,1,5,8,5,2,1,6,9,22,10,14,9,92
2021,Bihar,BEGUSARAI - BR9( 23-JAN-2018 ),7,PETROL/HYBRID,12,7,10,10,1,12,9,19,12,15,14,13,134
2021,Bihar,BETTIAH - BR22( 22-SEP-2017 ),1,DIESEL,291,342,431,150,24,138,154,268,227,171,129,201,"2,526"
2021,Bihar,BETTIAH - BR22( 22-SEP-2017 ),2,ELECTRIC(BOV),20,37,40,39,8,6,8,31,29,42,41,55,356
2021,Bihar,BETTIAH - BR22( 22-SEP-2017 ),3,NOT APPLICABLE,13,57,35,13,0,3,11,12,15,13,11,21,204
2021,Bihar,BETTIAH - BR22( 22-SEP-2017 ),4,PETROL,"2,513","2,548","3,560","3,368","1,819","3,227","1,728","1,975","1,924","2,623","7,069","2,552","34,906"
2021,Bihar,BETTIAH - BR22( 22-SEP-2017 ),5,PETROL/HYBRID,1,1,2,4,0,2,2,3,3,1,3,4,26
2021,Bihar,BHABHUA - BR45( 23-JAN-2018 ),1,CNG ONLY,0,0,0,0,0,0,0,0,0,0,1,3,4
2021,Bihar,BHABHUA - BR45( 23-JAN-2018 ),2,DIESEL,154,164,125,144,12,47,132,106,67,52,66,99,"1,168"
2021,Bihar,BHABHUA - BR45( 23-JAN-2018 ),3,ELECTRIC(BOV),67,46,48,15,2,16,56,34,41,24,42,60,451
2021,Bihar,BHABHUA - BR45( 23-JAN-2018 ),4,NOT APPLICABLE,53,40,94,39,0,47,0,23,48,5,33,5,387
2021,Bihar,BHABHUA - BR45( 23-JAN-2018 ),5,PETROL,664,852,"1,010",562,441,"1,349","1,379",433,483,418,904,694,"9,189"
2021,Bihar,BHABHUA - BR45( 23-JAN-2018 ),6,PETROL/CNG,0,0,0,0,0,0,1,0,0,0,0,0,1
2021,Bihar,BHABHUA - BR45( 23-JAN-2018 ),7,PETROL/HYBRID,2,0,0,0,0,4,2,2,1,1,3,0,15
2021,Bihar,BHAGALPUR - BR10( 07-FEB-2018 ),1,DIESEL,326,336,368,217,141,270,299,221,184,196,236,232,"3,026"
2021,Bihar,BHAGALPUR - BR10( 07-FEB-2018 ),2,ELECTRIC(BOV),143,154,171,60,17,65,171,158,245,265,253,302,"2,004"
2021,Bihar,BHAGALPUR - BR10( 07-FEB-2018 ),3,LPG ONLY,0,0,0,2,1,2,1,4,1,2,1,1,15
2021,Bihar,BHAGALPUR - BR10( 07-FEB-2018 ),4,NOT APPLICABLE,0,1,0,0,0,3,0,1,0,1,2,5,13
2021,Bihar,BHAGALPUR - BR10( 07-FEB-2018 ),5,PETROL,"1,540","1,899","2,008","1,825","1,421","2,455","2,124","1,681","1,575","1,562","3,013","1,749","22,852"
2021,Bihar,BHAGALPUR - BR10( 07-FEB-2018 ),6,PETROL/CNG,0,0,0,0,0,0,0,0,0,0,1,0,1
2021,Bihar,BHAGALPUR - BR10( 07-FEB-2018 ),7,PETROL/HYBRID,3,3,5,3,1,2,7,17,11,16,21,9,98
2021,Bihar,BHAGALPUR - BR10( 07-FEB-2018 ),8,PETROL/LPG,0,0,1,0,0,0,0,0,0,0,0,0,1
2021,Bihar,BHOJPUR - BR3( 15-FEB-2018 ),1,CNG ONLY,0,0,0,0,0,0,0,0,9,1,9,9,28
2021,Bihar,BHOJPUR - BR3( 15-FEB-2018 ),2,DIESEL,290,410,428,145,138,283,97,165,99,142,124,162,"2,483"
2021,Bihar,BHOJPUR - BR3( 15-FEB-2018 ),3,ELECTRIC(BOV),15,11,15,2,1,5,8,24,8,27,32,50,198
2021,Bihar,BHOJPUR - BR3( 15-FEB-2018 ),4,NOT APPLICABLE,0,0,1,2,0,5,0,2,3,5,3,11,32
2021,Bihar,BHOJPUR - BR3( 15-FEB-2018 ),5,PETROL,"1,706","1,516","2,014","1,861","1,746","2,619","1,366","1,125","1,180","1,373","2,719","1,882","21,107"
2021,Bihar,BHOJPUR - BR3( 15-FEB-2018 ),6,PETROL/CNG,1,0,0,0,0,0,0,0,0,3,1,4,9
2021,Bihar,BHOJPUR - BR3( 15-FEB-2018 ),7,PETROL/HYBRID,2,2,1,0,2,3,0,5,1,5,4,1,26
2021,Bihar,BUXUR - BR44( 01-FEB-2018 ),1,CNG ONLY,0,0,0,0,0,0,1,0,3,0,1,0,5
2021,Bihar,BUXUR - BR44( 01-FEB-2018 ),2,DIESEL,189,150,193,84,54,109,134,82,102,48,79,104,"1,328"
2021,Bihar,BUXUR - BR44( 01-FEB-2018 ),3,ELECTRIC(BOV),32,35,27,24,1,6,29,38,51,54,50,67,414
2021,Bihar,BUXUR - BR44( 01-FEB-2018 ),4,NOT APPLICABLE,2,19,9,1,0,0,2,18,9,7,6,1,74
2021,Bihar,BUXUR - BR44( 01-FEB-2018 ),5,PETROL,877,781,993,"1,120","1,100","1,077",865,727,704,581,"1,466",965,"11,256"
2021,Bihar,BUXUR - BR44( 01-FEB-2018 ),6,PETROL/CNG,0,0,0,0,0,0,0,0,1,1,0,0,2
2021,Bihar,BUXUR - BR44( 01-FEB-2018 ),7,PETROL/HYBRID,1,0,4,2,1,0,2,1,3,2,2,3,21
2021,Bihar,CHAPARA - BR4( 29-JAN-2018 ),1,CNG ONLY,0,0,0,0,0,1,1,0,1,3,3,1,10
2021,Bihar,CHAPARA - BR4( 29-JAN-2018 ),2,DIESEL,203,204,367,337,88,284,237,182,181,139,159,192,"2,573"
2021,Bihar,CHAPARA - BR4( 29-JAN-2018 ),3,ELECTRIC(BOV),67,43,66,33,11,13,86,65,97,75,110,110,776
2021,Bihar,CHAPARA - BR4( 29-JAN-2018 ),4,NOT APPLICABLE,0,115,97,0,0,16,0,10,11,23,4,13,289
2021,Bihar,CHAPARA - BR4( 29-JAN-2018 ),5,PETROL,"1,695","1,545","2,046","2,315","3,559","4,277","2,421","1,246","1,346","1,397","3,457","2,785","28,089"
2021,Bihar,CHAPARA - BR4( 29-JAN-2018 ),6,PETROL/CNG,0,0,0,0,0,0,0,0,0,1,0,1,2
2021,Bihar,CHAPARA - BR4( 29-JAN-2018 ),7,PETROL/HYBRID,1,1,1,5,1,3,5,3,2,3,3,5,33
2021,Bihar,DARBHANGA - BR7( 30-JAN-2018 ),1,CNG ONLY,0,0,0,0,0,0,0,0,0,1,2,0,3
2021,Bihar,DARBHANGA - BR7( 30-JAN-2018 ),2,DIESEL,383,396,416,271,23,331,277,286,245,243,300,347,"3,518"
2021,Bihar,DARBHANGA - BR7( 30-JAN-2018 ),3,ELECTRIC(BOV),27,19,17,24,2,16,18,31,32,42,59,65,352
2021,Bihar,DARBHANGA - BR7( 30-JAN-2018 ),4,LPG ONLY,0,0,0,0,0,0,0,0,0,1,3,5,9
2021,Bihar,DARBHANGA - BR7( 30-JAN-2018 ),5,NOT APPLICABLE,4,10,13,4,2,4,2,0,0,0,0,6,45
2021,Bihar,DARBHANGA - BR7( 30-JAN-2018 ),6,PETROL,"2,224","3,059","2,934","3,714","1,710","4,003","2,577","1,806","1,805","1,980","4,124","2,250","32,186"
2021,Bihar,DARBHANGA - BR7( 30-JAN-2018 ),7,PETROL/CNG,0,0,0,0,0,0,0,0,0,0,3,0,3
2021,Bihar,DARBHANGA - BR7( 30-JAN-2018 ),8,PETROL/HYBRID,0,5,7,5,2,6,5,7,2,2,10,8,59
2021,Bihar,GAYA - BR2( 06-SEP-2017 ),1,CNG ONLY,0,6,11,7,4,5,8,8,25,29,38,39,180
2021,Bihar,GAYA - BR2( 06-SEP-2017 ),2,DIESEL,425,419,523,317,159,284,364,329,243,230,286,317,"3,896"
2021,Bihar,GAYA - BR2( 06-SEP-2017 ),3,ELECTRIC(BOV),77,93,94,51,15,45,70,146,144,170,228,176,"1,309"
2021,Bihar,GAYA - BR2( 06-SEP-2017 ),4,LPG ONLY,0,0,0,1,0,0,0,0,0,1,0,0,2
2021,Bihar,GAYA - BR2( 06-SEP-2017 ),5,METHANOL,0,0,0,0,0,0,1,0,0,0,0,0,1
2021,Bihar,GAYA - BR2( 06-SEP-2017 ),6,NOT APPLICABLE,65,40,80,32,0,11,19,7,27,36,29,4,350
2021,Bihar,GAYA - BR2( 06-SEP-2017 ),7,PETROL,"2,438","2,516","3,867","5,645","4,077","3,834","2,452","2,096","2,029","2,106","4,190","2,005","37,255"
2021,Bihar,GAYA - BR2( 06-SEP-2017 ),8,PETROL/CNG,5,3,9,5,2,5,7,5,17,13,18,19,108
2021,Bihar,GAYA - BR2( 06-SEP-2017 ),9,PETROL/HYBRID,1,4,3,1,1,7,6,14,4,9,7,11,68
2021,Bihar,GOPALGANJ - BR28( 08-JUN-2017 ),1,CNG ONLY,0,0,0,0,0,0,0,0,1,0,0,0,1
2021,Bihar,GOPALGANJ - BR28( 08-JUN-2017 ),2,DIESEL,152,141,155,138,77,125,188,99,94,116,89,144,"1,518"
2021,Bihar,GOPALGANJ - BR28( 08-JUN-2017 ),3,ELECTRIC(BOV),40,35,51,13,3,25,53,51,48,77,70,70,536
2021,Bihar,GOPALGANJ - BR28( 08-JUN-2017 ),4,NOT APPLICABLE,0,5,1,4,0,0,1,0,0,0,0,0,11
2021,Bihar,GOPALGANJ - BR28( 08-JUN-2017 ),5,PETROL,981,979,"1,168","1,370",937,"2,688","1,148",824,827,686,"2,020","1,261","14,889"
2021,Bihar,GOPALGANJ - BR28( 08-JUN-2017 ),6,PETROL/CNG,0,0,0,0,0,0,0,2,0,2,0,0,4
2021,Bihar,GOPALGANJ - BR28( 08-JUN-2017 ),7,PETROL/HYBRID,2,1,3,4,0,4,4,4,3,4,5,3,37
2021,Bihar,JAMUI - BR46( 07-JUN-2017 ),1,CNG ONLY,0,0,0,0,0,0,0,0,0,1,3,3,7
2021,Bihar,JAMUI - BR46( 07-JUN-2017 ),2,DIESEL,126,123,142,54,7,97,110,111,87,35,52,94,"1,038"
2021,Bihar,JAMUI - BR46( 07-JUN-2017 ),3,ELECTRIC(BOV),17,55,51,14,12,30,33,72,97,59,72,70,582
2021,Bihar,JAMUI - BR46( 07-JUN-2017 ),4,LPG ONLY,0,0,0,0,0,0,3,0,2,2,0,0,7
2021,Bihar,JAMUI - BR46( 07-JUN-2017 ),5,NOT APPLICABLE,0,1,1,0,0,0,1,3,0,1,0,0,7
2021,Bihar,JAMUI - BR46( 07-JUN-2017 ),6,PETROL,645,770,"1,203","1,087",985,"1,503","1,404",932,696,711,"1,326",840,"12,102"
2021,Bihar,JAMUI - BR46( 07-JUN-2017 ),7,PETROL/CNG,0,0,0,0,0,0,1,1,0,0,2,2,6
2021,Bihar,JAMUI - BR46( 07-JUN-2017 ),8,PETROL/HYBRID,0,0,1,1,0,0,0,1,0,0,0,1,4
2021,Bihar,JEHANABAD - BR25( 26-MAY-2017 ),1,CNG ONLY,2,32,39,20,0,5,29,19,47,2,41,38,274
2021,Bihar,JEHANABAD - BR25( 26-MAY-2017 ),2,DIESEL,88,43,72,58,0,12,87,44,51,1,26,69,551
2021,Bihar,JEHANABAD - BR25( 26-MAY-2017 ),3,ELECTRIC(BOV),6,10,3,0,0,6,3,7,1,2,1,7,46
2021,Bihar,JEHANABAD - BR25( 26-MAY-2017 ),4,NOT APPLICABLE,19,18,20,9,0,2,32,14,14,1,5,33,167
2021,Bihar,JEHANABAD - BR25( 26-MAY-2017 ),5,PETROL,336,421,495,709,252,"1,315",671,297,362,29,855,411,"6,153"
2021,Bihar,JEHANABAD - BR25( 26-MAY-2017 ),6,PETROL/CNG,27,3,7,3,0,2,3,0,2,3,7,1,58
2021,Bihar,JEHANABAD - BR25( 26-MAY-2017 ),7,PETROL/HYBRID,0,0,0,0,0,0,0,1,1,0,2,1,5
2021,Bihar,JEHANABAD - BR25( 26-MAY-2017 ),8,PETROL/LPG,2,0,4,0,0,0,0,0,1,0,0,0,7
2021,Bihar,KATIHAR - BR39( 23-JAN-2018 ),1,DIESEL,208,126,136,80,40,140,206,90,76,114,79,88,"1,383"
2021,Bihar,KATIHAR - BR39( 23-JAN-2018 ),2,ELECTRIC(BOV),14,9,28,25,4,10,18,24,9,29,26,102,298
2021,Bihar,KATIHAR - BR39( 23-JAN-2018 ),3,LPG ONLY,0,0,0,1,0,0,0,1,0,0,0,0,2
2021,Bihar,KATIHAR - BR39( 23-JAN-2018 ),4,NOT APPLICABLE,7,6,23,8,1,15,7,16,9,8,7,7,114
2021,Bihar,KATIHAR - BR39( 23-JAN-2018 ),5,PETROL,"1,492","1,907","2,467","1,817",723,"2,994","2,462","2,027","1,502","1,714","2,991","1,965","24,061"
2021,Bihar,KATIHAR - BR39( 23-JAN-2018 ),6,PETROL/CNG,1,0,0,0,0,0,0,0,0,0,0,0,1
2021,Bihar,KATIHAR - BR39( 23-JAN-2018 ),7,PETROL/HYBRID,0,0,1,0,0,2,0,0,1,0,3,0,7
2021,Bihar,KHAGARIA - BR34( 01-FEB-2018 ),1,DIESEL,148,74,106,65,10,129,147,69,125,73,91,65,"1,102"
2021,Bihar,KHAGARIA - BR34( 01-FEB-2018 ),2,ELECTRIC(BOV),26,20,15,9,0,6,19,16,6,11,4,10,142
2021,Bihar,KHAGARIA - BR34( 01-FEB-2018 ),3,NOT APPLICABLE,0,0,27,8,12,45,52,47,8,10,3,26,238
2021,Bihar,KHAGARIA - BR34( 01-FEB-2018 ),4,PETROL,629,991,"1,015","1,055",230,"1,597","1,093",669,626,661,"1,663",722,"10,951"
2021,Bihar,KHAGARIA - BR34( 01-FEB-2018 ),5,PETROL/CNG,0,0,0,0,0,0,0,0,0,1,0,0,1
2021,Bihar,KHAGARIA - BR34( 01-FEB-2018 ),6,PETROL/HYBRID,0,0,0,0,0,0,2,3,1,0,1,0,7
2021,Bihar,KISHANGANJ - BR37( 07-FEB-2018 ),1,DIESEL,92,134,113,70,45,114,73,77,47,63,81,65,974
2021,Bihar,KISHANGANJ - BR37( 07-FEB-2018 ),2,ELECTRIC(BOV),49,35,23,12,5,7,7,18,27,13,24,34,254
2021,Bihar,KISHANGANJ - BR37( 07-FEB-2018 ),3,NOT APPLICABLE,0,0,1,0,0,0,0,2,3,0,0,0,6
2021,Bihar,KISHANGANJ - BR37( 07-FEB-2018 ),4,PETROL,"1,153","2,172","3,534","2,096",693,"2,769","1,652","1,326",905,885,"1,749","1,204","20,138"
2021,Bihar,KISHANGANJ - BR37( 07-FEB-2018 ),5,PETROL/HYBRID,0,2,2,0,1,3,0,1,2,1,2,2,16
2021,Bihar,LAKHISARAI - BR53( 27-JAN-2017 ),1,DIESEL,76,75,102,48,19,35,62,59,23,27,31,34,591
2021,Bihar,LAKHISARAI - BR53( 27-JAN-2017 ),2,ELECTRIC(BOV),56,15,46,5,3,2,36,29,17,64,18,50,341
2021,Bihar,LAKHISARAI - BR53( 27-JAN-2017 ),3,NOT APPLICABLE,0,16,76,2,9,14,0,4,6,10,9,9,155
2021,Bihar,LAKHISARAI - BR53( 27-JAN-2017 ),4,PETROL,257,310,430,323,346,461,524,256,233,263,594,393,"4,390"
2021,Bihar,LAKHISARAI - BR53( 27-JAN-2017 ),5,PETROL/CNG,0,0,0,0,0,0,0,2,1,0,2,1,6
2021,Bihar,LAKHISARAI - BR53( 27-JAN-2017 ),6,PETROL/HYBRID,0,0,1,0,0,0,0,0,0,1,0,0,2
2021,Bihar,MADHEPURA - BR43( 02-JUN-2017 ),1,CNG ONLY,0,0,1,0,0,0,0,0,0,0,0,0,1
2021,Bihar,MADHEPURA - BR43( 02-JUN-2017 ),2,DIESEL,247,133,221,84,20,142,205,191,62,120,89,62,"1,576"
2021,Bihar,MADHEPURA - BR43( 02-JUN-2017 ),3,ELECTRIC(BOV),1,33,12,25,0,3,14,27,22,25,59,53,274
2021,Bihar,MADHEPURA - BR43( 02-JUN-2017 ),4,LPG ONLY,0,0,0,0,0,0,0,1,2,0,0,0,3
2021,Bihar,MADHEPURA - BR43( 02-JUN-2017 ),5,NOT APPLICABLE,7,15,4,4,2,2,1,0,4,1,0,2,42
2021,Bihar,MADHEPURA - BR43( 02-JUN-2017 ),6,PETROL,"1,568","1,921","1,976","1,617",994,"1,722","1,973","1,744","1,509","1,034","2,564","1,671","20,293"
2021,Bihar,MADHEPURA - BR43( 02-JUN-2017 ),7,PETROL/HYBRID,0,0,0,0,0,0,2,2,1,0,0,0,5
2021,Bihar,MADHUBANI - BR32( 01-FEB-2018 ),1,DIESEL,293,241,217,142,13,67,107,185,124,149,135,158,"1,831"
2021,Bihar,MADHUBANI - BR32( 01-FEB-2018 ),2,ELECTRIC(BOV),24,21,21,9,3,6,27,20,39,33,26,43,272
2021,Bihar,MADHUBANI - BR32( 01-FEB-2018 ),3,NOT APPLICABLE,0,13,11,11,4,1,0,0,0,0,0,0,40
2021,Bihar,MADHUBANI - BR32( 01-FEB-2018 ),4,PETROL,"1,764","3,505","2,491","3,152","1,822","3,436","2,324","1,909","1,461","1,637","3,416","2,283","29,200"
2021,Bihar,MADHUBANI - BR32( 01-FEB-2018 ),5,PETROL/CNG,0,0,0,0,0,0,0,1,0,0,0,1,2
2021,Bihar,MADHUBANI - BR32( 01-FEB-2018 ),6,PETROL/HYBRID,0,1,4,0,0,1,0,4,1,1,1,2,15
2021,Bihar,MOTIHARI - BR5( 05-JUL-2017 ),1,DIESEL,471,404,485,248,65,286,248,287,239,269,262,334,"3,598"
2021,Bihar,MOTIHARI - BR5( 05-JUL-2017 ),2,ELECTRIC(BOV),51,52,59,34,1,8,29,55,70,90,72,84,605
2021,Bihar,MOTIHARI - BR5( 05-JUL-2017 ),3,LPG ONLY,0,0,0,0,0,0,0,1,0,0,0,1,2
2021,Bihar,MOTIHARI - BR5( 05-JUL-2017 ),4,NOT APPLICABLE,2,0,8,23,0,15,0,0,0,0,0,0,48
2021,Bihar,MOTIHARI - BR5( 05-JUL-2017 ),5,PETROL,"2,882","3,423","4,086","3,056","2,924","4,336","4,478","2,337","2,233","2,433","4,568","5,585","42,341"
2021,Bihar,MOTIHARI - BR5( 05-JUL-2017 ),6,PETROL/CNG,0,0,0,0,0,0,0,0,0,0,1,0,1
2021,Bihar,MOTIHARI - BR5( 05-JUL-2017 ),7,PETROL/HYBRID,0,0,2,0,0,0,2,6,0,1,1,3,15
2021,Bihar,MUNGER - BR8( 06-FEB-2018 ),1,DIESEL,57,29,33,26,9,32,40,16,27,25,35,25,354
2021,Bihar,MUNGER - BR8( 06-FEB-2018 ),2,ELECTRIC(BOV),54,13,73,10,8,23,47,43,35,50,38,63,457
2021,Bihar,MUNGER - BR8( 06-FEB-2018 ),3,LPG ONLY,0,0,0,0,0,0,0,0,0,1,0,0,1
2021,Bihar,MUNGER - BR8( 06-FEB-2018 ),4,NOT APPLICABLE,6,0,2,0,6,9,0,0,5,8,1,0,37
2021,Bihar,MUNGER - BR8( 06-FEB-2018 ),5,PETROL,557,500,604,478,459,710,694,689,413,652,"1,062",730,"7,548"
2021,Bihar,MUNGER - BR8( 06-FEB-2018 ),6,PETROL/CNG,0,0,0,0,0,1,0,0,0,0,0,0,1
2021,Bihar,MUNGER - BR8( 06-FEB-2018 ),7,PETROL/HYBRID,0,0,1,0,0,1,1,2,0,2,0,1,8
2021,Bihar,MUNGER - BR8( 06-FEB-2018 ),8,PETROL/LPG,0,0,1,0,0,0,0,0,0,0,0,0,1
2021,Bihar,MUZAFFARPUR - BR6( 01-FEB-2018 ),1,CNG ONLY,0,0,0,0,0,0,0,0,1,6,11,17,35
2021,Bihar,MUZAFFARPUR - BR6( 01-FEB-2018 ),2,DIESEL,720,548,828,547,196,372,355,375,313,392,477,452,"5,575"
2021,Bihar,MUZAFFARPUR - BR6( 01-FEB-2018 ),3,ELECTRIC(BOV),29,30,41,18,2,11,15,26,41,90,78,105,486
2021,Bihar,MUZAFFARPUR - BR6( 01-FEB-2018 ),4,LPG ONLY,0,0,0,0,0,0,0,0,3,0,0,0,3
2021,Bihar,MUZAFFARPUR - BR6( 01-FEB-2018 ),5,NOT APPLICABLE,4,5,3,3,3,2,1,0,0,6,2,3,32
2021,Bihar,MUZAFFARPUR - BR6( 01-FEB-2018 ),6,PETROL,"4,785","4,922","5,923","6,384","3,341","8,171","4,570","4,159","2,706","5,369","8,337","4,736","63,403"
2021,Bihar,MUZAFFARPUR - BR6( 01-FEB-2018 ),7,PETROL/CNG,2,1,1,0,1,0,2,0,0,1,2,1,11
2021,Bihar,MUZAFFARPUR - BR6( 01-FEB-2018 ),8,PETROL/HYBRID,31,34,32,31,14,25,33,39,14,52,56,22,383
2021,Bihar,NALANDA - BR21( 01-FEB-2018 ),1,CNG ONLY,0,20,8,6,2,11,13,25,45,31,20,33,214
2021,Bihar,NALANDA - BR21( 01-FEB-2018 ),2,DIESEL,213,182,220,121,56,147,138,160,126,132,130,145,"1,770"
2021,Bihar,NALANDA - BR21( 01-FEB-2018 ),3,ELECTRIC(BOV),102,101,163,72,15,32,293,123,147,148,152,145,"1,493"
2021,Bihar,NALANDA - BR21( 01-FEB-2018 ),4,NOT APPLICABLE,25,71,45,19,2,0,74,34,40,73,59,49,491
2021,Bihar,NALANDA - BR21( 01-FEB-2018 ),5,PETROL,"1,203","1,542","1,797","2,585","2,859","2,547","1,514","1,196","1,200","1,031","2,314","1,063","20,851"
2021,Bihar,NALANDA - BR21( 01-FEB-2018 ),6,PETROL/CNG,26,10,14,2,0,8,8,15,9,15,8,5,120
2021,Bihar,NALANDA - BR21( 01-FEB-2018 ),7,PETROL/HYBRID,2,5,1,3,0,6,1,4,5,3,4,6,40
2021,Bihar,NAWADA - BR27( 30-JAN-2018 ),1,CNG ONLY,0,0,0,0,0,0,0,0,2,0,1,0,3
2021,Bihar,NAWADA - BR27( 30-JAN-2018 ),2,DIESEL,144,137,127,184,27,93,192,216,114,136,116,184,"1,670"
2021,Bihar,NAWADA - BR27( 30-JAN-2018 ),3,ELECTRIC(BOV),50,56,72,30,6,23,45,55,83,71,37,104,632
2021,Bihar,NAWADA - BR27( 30-JAN-2018 ),4,NOT APPLICABLE,17,46,11,24,1,0,8,27,28,14,9,26,211
2021,Bihar,NAWADA - BR27( 30-JAN-2018 ),5,PETROL,591,817,"1,007","1,549","2,219","1,749","1,187",886,814,619,"1,165",748,"13,351"
2021,Bihar,NAWADA - BR27( 30-JAN-2018 ),6,PETROL/CNG,0,0,0,1,0,0,0,0,0,0,0,0,1
2021,Bihar,NAWADA - BR27( 30-JAN-2018 ),7,PETROL/HYBRID,1,3,2,1,0,2,1,4,1,6,1,1,23
2021,Bihar,PATNA - BR1( 02-FEB-2018 ),1,CNG ONLY,108,388,462,313,25,245,469,669,775,868,789,759,"5,870"
2021,Bihar,PATNA - BR1( 02-FEB-2018 ),2,DIESEL,"1,296","1,151","1,322","1,022",348,834,"1,006",972,917,866,"1,047",755,"11,536"
2021,Bihar,PATNA - BR1( 02-FEB-2018 ),3,ELECTRIC(BOV),235,244,361,191,26,129,302,96,205,867,580,592,"3,828"
2021,Bihar,PATNA - BR1( 02-FEB-2018 ),4,NOT APPLICABLE,192,208,225,154,12,137,67,99,80,135,126,116,"1,551"
2021,Bihar,PATNA - BR1( 02-FEB-2018 ),5,PETROL,"7,451","8,006","9,403","9,582","3,780","9,110","7,834","7,898","6,816","8,259","11,729","6,453","96,321"
2021,Bihar,PATNA - BR1( 02-FEB-2018 ),6,PETROL/CNG,512,225,307,248,40,76,145,205,237,205,244,202,"2,646"
2021,Bihar,PATNA - BR1( 02-FEB-2018 ),7,PETROL/HYBRID,86,118,85,87,30,126,114,143,87,206,147,106,"1,335"
2021,Bihar,PATNA - BR1( 02-FEB-2018 ),8,PETROL/LPG,0,1,0,0,0,0,0,0,0,0,0,0,1
2021,Bihar,PURNEA - BR11( 23-JAN-2018 ),1,CNG ONLY,0,0,0,0,0,0,0,0,0,1,1,1,3
2021,Bihar,PURNEA - BR11( 23-JAN-2018 ),2,DIESEL,711,590,655,402,222,490,659,429,541,512,553,610,"6,374"
2021,Bihar,PURNEA - BR11( 23-JAN-2018 ),3,DIESEL/HYBRID,0,1,0,0,0,0,0,0,0,0,0,0,1
2021,Bihar,PURNEA - BR11( 23-JAN-2018 ),4,ELECTRIC(BOV),48,36,79,51,5,34,47,78,103,106,150,111,848
2021,Bihar,PURNEA - BR11( 23-JAN-2018 ),5,LPG ONLY,0,0,0,0,0,0,0,0,2,0,2,2,6
2021,Bihar,PURNEA - BR11( 23-JAN-2018 ),6,NOT APPLICABLE,36,47,58,22,0,19,0,17,9,24,5,32,269
2021,Bihar,PURNEA - BR11( 23-JAN-2018 ),7,PETROL,"2,547","2,920","3,343","2,658","1,186","4,298","3,731","3,342","2,739","2,047","3,874","3,086","35,771"
2021,Bihar,PURNEA - BR11( 23-JAN-2018 ),8,PETROL/HYBRID,17,28,19,11,11,21,24,37,10,21,22,15,236
2021,Bihar,PURNEA - BR11( 23-JAN-2018 ),9,PETROL/LPG,0,2,0,2,0,0,0,0,0,0,0,0,4
2021,Bihar,ROHTAS - BR24( 09-FEB-2018 ),1,CNG ONLY,0,0,0,1,0,0,4,10,23,26,24,33,121
2021,Bihar,ROHTAS - BR24( 09-FEB-2018 ),2,DIESEL,310,399,423,178,52,148,100,384,142,143,125,216,"2,620"
2021,Bihar,ROHTAS - BR24( 09-FEB-2018 ),3,ELECTRIC(BOV),10,25,19,10,2,8,8,24,42,32,51,42,273
2021,Bihar,ROHTAS - BR24( 09-FEB-2018 ),4,NOT APPLICABLE,6,47,23,26,0,0,0,58,5,11,6,26,208
2021,Bihar,ROHTAS - BR24( 09-FEB-2018 ),5,PETROL,"1,777","2,027","2,125","1,811","1,570","2,903","1,476","1,486","1,198","1,419","2,465","1,730","21,987"
2021,Bihar,ROHTAS - BR24( 09-FEB-2018 ),6,PETROL/CNG,1,1,1,0,0,0,2,1,2,1,4,5,18
2021,Bihar,ROHTAS - BR24( 09-FEB-2018 ),7,PETROL/HYBRID,2,7,4,3,0,2,2,6,0,4,2,3,35
2021,Bihar,SAHARSA - BR19( 29-JAN-2018 ),1,CNG ONLY,0,0,0,0,0,0,0,0,0,0,0,4,4
2021,Bihar,SAHARSA - BR19( 29-JAN-2018 ),2,DIESEL,135,114,175,59,58,101,174,88,90,96,78,118,"1,286"
2021,Bihar,SAHARSA - BR19( 29-JAN-2018 ),3,ELECTRIC(BOV),37,25,27,7,6,17,30,24,39,33,29,66,340
2021,Bihar,SAHARSA - BR19( 29-JAN-2018 ),4,NOT APPLICABLE,8,20,16,4,0,19,0,6,11,4,9,7,104
2021,Bihar,SAHARSA - BR19( 29-JAN-2018 ),5,PETROL,880,"1,301","1,189","1,236",605,"1,314","1,083",822,779,671,"1,509",939,"12,328"
2021,Bihar,SAHARSA - BR19( 29-JAN-2018 ),6,PETROL/CNG,0,0,0,0,0,0,0,1,0,0,0,0,1
2021,Bihar,SAHARSA - BR19( 29-JAN-2018 ),7,PETROL/HYBRID,1,0,1,0,0,0,1,5,1,0,1,5,15
2021,Bihar,SAMASTIPUR - BR33( 06-JUL-2017 ),1,CNG ONLY,1,0,0,0,0,0,0,1,14,14,24,21,75
2021,Bihar,SAMASTIPUR - BR33( 06-JUL-2017 ),2,DIESEL,265,239,174,169,90,129,192,150,131,144,154,186,"2,023"
2021,Bihar,SAMASTIPUR - BR33( 06-JUL-2017 ),3,ELECTRIC(BOV),53,54,90,37,20,27,71,157,173,143,200,210,"1,235"
2021,Bihar,SAMASTIPUR - BR33( 06-JUL-2017 ),4,LPG ONLY,0,0,0,0,0,0,3,3,0,0,0,0,6
2021,Bihar,SAMASTIPUR - BR33( 06-JUL-2017 ),5,NOT APPLICABLE,15,36,22,8,0,43,23,5,21,14,6,26,219
2021,Bihar,SAMASTIPUR - BR33( 06-JUL-2017 ),6,PETROL,"2,429","2,695","2,973","3,876","2,403","4,984","3,195","2,139","2,148","2,140","5,934","2,598","37,514"
2021,Bihar,SAMASTIPUR - BR33( 06-JUL-2017 ),7,PETROL/CNG,0,0,0,0,0,0,0,0,1,1,0,0,2
2021,Bihar,SAMASTIPUR - BR33( 06-JUL-2017 ),8,PETROL/HYBRID,0,1,2,0,1,2,1,2,2,0,1,2,14
2021,Bihar,SHEIKHPURA - BR52( 17-JUL-2017 ),1,CNG ONLY,0,0,0,0,0,0,0,0,0,1,1,2,4
2021,Bihar,SHEIKHPURA - BR52( 17-JUL-2017 ),2,DIESEL,49,82,70,35,3,60,43,107,32,17,29,33,560
2021,Bihar,SHEIKHPURA - BR52( 17-JUL-2017 ),3,ELECTRIC(BOV),65,28,15,4,1,27,16,25,34,28,25,37,305
2021,Bihar,SHEIKHPURA - BR52( 17-JUL-2017 ),4,NOT APPLICABLE,5,25,43,7,1,17,3,19,24,19,8,22,193
2021,Bihar,SHEIKHPURA - BR52( 17-JUL-2017 ),5,PETROL,223,150,397,322,517,561,271,191,130,205,384,165,"3,516"
2021,Bihar,SHEIKHPURA - BR52( 17-JUL-2017 ),6,PETROL/CNG,0,0,0,0,0,0,0,0,0,1,0,1,2
2021,Bihar,SHEIKHPURA - BR52( 17-JUL-2017 ),7,PETROL/HYBRID,0,0,0,0,0,2,0,1,0,0,0,0,3
2021,Bihar,SHEOHAR - BR55( 07-JUN-2017 ),1,DIESEL,10,23,20,11,5,23,11,11,3,8,20,19,164
2021,Bihar,SHEOHAR - BR55( 07-JUN-2017 ),2,ELECTRIC(BOV),0,0,0,0,0,0,2,0,33,3,17,21,76
2021,Bihar,SHEOHAR - BR55( 07-JUN-2017 ),3,NOT APPLICABLE,0,2,1,0,0,4,0,2,0,0,0,0,9
2021,Bihar,SHEOHAR - BR55( 07-JUN-2017 ),4,PETROL,135,158,195,188,176,345,76,108,110,108,274,118,"1,991"
2021,Bihar,SHEOHAR - BR55( 07-JUN-2017 ),5,PETROL/CNG,0,0,0,0,0,0,0,1,0,0,0,0,1
2021,Bihar,SHEOHAR - BR55( 07-JUN-2017 ),6,PETROL/HYBRID,0,0,0,0,0,1,0,0,0,0,0,0,1
2021,Bihar,SITAMARHI - BR30( 29-JAN-2018 ),1,CNG ONLY,0,0,0,0,0,0,0,0,0,0,0,2,2
2021,Bihar,SITAMARHI - BR30( 29-JAN-2018 ),2,DIESEL,268,169,207,122,12,229,136,77,58,89,59,138,"1,564"
2021,Bihar,SITAMARHI - BR30( 29-JAN-2018 ),3,ELECTRIC(BOV),9,13,44,10,1,5,20,14,2,18,49,66,251
2021,Bihar,SITAMARHI - BR30( 29-JAN-2018 ),4,NOT APPLICABLE,0,0,40,16,1,12,3,13,4,7,4,12,112
2021,Bihar,SITAMARHI - BR30( 29-JAN-2018 ),5,PETROL,"1,823","2,125","2,212","2,095","1,860","2,797","1,629","1,171",929,"1,415","3,025","1,668","22,749"
2021,Bihar,SITAMARHI - BR30( 29-JAN-2018 ),6,PETROL/HYBRID,0,1,0,0,0,0,0,0,0,0,1,0,2
2021,Bihar,SIWAN - BR29( 29-JAN-2018 ),1,CNG ONLY,0,0,0,0,0,0,2,0,2,3,0,0,7
2021,Bihar,SIWAN - BR29( 29-JAN-2018 ),2,DIESEL,239,378,460,208,32,254,347,313,213,157,196,179,"2,976"
2021,Bihar,SIWAN - BR29( 29-JAN-2018 ),3,ELECTRIC(BOV),14,50,62,32,13,21,52,80,99,85,87,96,691
2021,Bihar,SIWAN - BR29( 29-JAN-2018 ),4,NOT APPLICABLE,7,37,25,11,1,13,0,0,2,5,4,4,109
2021,Bihar,SIWAN - BR29( 29-JAN-2018 ),5,PETROL,"2,387","2,023","2,437","2,310","1,511","3,784","4,606","2,259","1,498","1,485","4,027","2,963","31,290"
2021,Bihar,SIWAN - BR29( 29-JAN-2018 ),6,PETROL/CNG,1,0,0,1,0,0,2,0,0,1,0,1,6
2021,Bihar,SIWAN - BR29( 29-JAN-2018 ),7,PETROL/HYBRID,3,3,3,2,0,9,3,4,3,5,6,4,45
2021,Bihar,SUPAUL - BR50( 29-JAN-2018 ),1,DIESEL,151,137,189,180,30,165,150,160,154,112,194,208,"1,830"
2021,Bihar,SUPAUL - BR50( 29-JAN-2018 ),2,ELECTRIC(BOV),14,14,18,9,7,11,17,23,19,39,32,30,233
2021,Bihar,SUPAUL - BR50( 29-JAN-2018 ),3,LPG ONLY,0,0,0,0,0,0,0,0,0,1,1,0,2
2021,Bihar,SUPAUL - BR50( 29-JAN-2018 ),4,PETROL,"1,815","2,905","2,991","2,543","1,386","2,144","1,666","1,493","1,504","1,317","3,015","1,727","24,506"
2021,Bihar,SUPAUL - BR50( 29-JAN-2018 ),5,PETROL/CNG,0,0,0,0,0,0,0,1,0,0,0,0,1
2021,Bihar,SUPAUL - BR50( 29-JAN-2018 ),6,PETROL/HYBRID,0,0,0,0,0,1,0,1,0,0,2,0,4
2021,Bihar,SUPAUL - BR50( 29-JAN-2018 ),7,PETROL/LPG,0,2,3,2,0,0,1,0,0,0,0,0,8
2021,Bihar,VAISHALI - BR31( 13-FEB-2018 ),1,CNG ONLY,0,11,10,3,1,6,11,19,19,21,20,26,147
2021,Bihar,VAISHALI - BR31( 13-FEB-2018 ),2,DIESEL,303,256,336,187,39,230,176,138,98,108,152,144,"2,167"
2021,Bihar,VAISHALI - BR31( 13-FEB-2018 ),3,ELECTRIC(BOV),68,71,89,44,7,50,92,122,137,180,171,161,"1,192"
2021,Bihar,VAISHALI - BR31( 13-FEB-2018 ),4,NOT APPLICABLE,88,82,103,45,2,33,24,27,12,8,25,39,488
2021,Bihar,VAISHALI - BR31( 13-FEB-2018 ),5,PETROL,"2,177","1,836","2,262","2,678","1,144","4,035","2,341","1,622","1,449","1,741","4,272","1,747","27,304"
2021,Bihar,VAISHALI - BR31( 13-FEB-2018 ),6,PETROL/CNG,3,5,10,2,0,2,6,8,15,9,14,15,89
2021,Bihar,VAISHALI - BR31( 13-FEB-2018 ),7,PETROL/HYBRID,4,7,5,4,4,5,6,7,6,10,5,2,65
2020,Bihar,ARARIA - BR38( 30-JAN-2018 ),1,DIESEL,260,317,206,1,18,184,281,181,212,237,182,321,"2,400"
2020,Bihar,ARARIA - BR38( 30-JAN-2018 ),2,DIESEL/HYBRID,1,0,0,0,0,0,0,0,0,0,0,0,1
2020,Bihar,ARARIA - BR38( 30-JAN-2018 ),3,ELECTRIC(BOV),9,24,47,0,0,5,10,8,14,7,19,10,153
2020,Bihar,ARARIA - BR38( 30-JAN-2018 ),4,NOT APPLICABLE,0,1,1,0,0,1,1,0,0,0,0,115,119
2020,Bihar,ARARIA - BR38( 30-JAN-2018 ),5,PETROL,"3,463","3,312","5,867",24,124,"1,777","1,913","2,322","2,235","1,600","2,132","2,064","26,833"
2020,Bihar,ARARIA - BR38( 30-JAN-2018 ),6,PETROL/HYBRID,3,0,1,0,0,0,0,2,0,2,3,2,13
2020,Bihar,ARARIA - BR38( 30-JAN-2018 ),7,PETROL/LPG,2,17,25,0,0,0,0,0,1,2,1,10,58
2020,Bihar,ARAWAL - BR56( 22-MAY-2017 ),1,DIESEL,66,67,109,0,0,34,21,4,61,35,29,27,453
2020,Bihar,ARAWAL - BR56( 22-MAY-2017 ),2,DIESEL/HYBRID,0,0,1,0,0,0,0,0,0,0,0,0,1
2020,Bihar,ARAWAL - BR56( 22-MAY-2017 ),3,ELECTRIC(BOV),0,1,0,0,0,0,0,0,0,0,0,0,1
2020,Bihar,ARAWAL - BR56( 22-MAY-2017 ),4,NOT APPLICABLE,11,20,20,0,0,31,6,9,40,23,11,17,188
2020,Bihar,ARAWAL - BR56( 22-MAY-2017 ),5,PETROL,176,150,648,3,0,110,104,177,168,130,178,203,"2,047"
2020,Bihar,ARAWAL - BR56( 22-MAY-2017 ),6,PETROL/CNG,0,0,0,0,0,1,0,0,1,0,0,0,2
2020,Bihar,AURANGABAD - BR26( 13-JUN-2017 ),1,DIESEL,661,513,447,0,6,198,402,345,666,237,396,334,"4,205"
2020,Bihar,AURANGABAD - BR26( 13-JUN-2017 ),2,DIESEL/HYBRID,0,0,1,0,0,0,0,0,0,0,0,0,1
2020,Bihar,AURANGABAD - BR26( 13-JUN-2017 ),3,ELECTRIC(BOV),39,17,15,0,1,18,18,16,15,10,3,9,161
2020,Bihar,AURANGABAD - BR26( 13-JUN-2017 ),4,NOT APPLICABLE,131,110,70,0,0,40,48,153,134,58,87,57,888
2020,Bihar,AURANGABAD - BR26( 13-JUN-2017 ),5,PETROL,964,"1,285","1,701",0,337,"1,838",840,"1,335","1,435","1,152","2,588","1,143","14,618"
2020,Bihar,AURANGABAD - BR26( 13-JUN-2017 ),6,PETROL/HYBRID,0,0,0,0,0,0,1,0,0,0,0,1,2
2020,Bihar,BANKA - BR51( 06-FEB-2018 ),1,DIESEL,166,207,244,14,1,12,42,30,157,186,60,216,"1,335"
2020,Bihar,BANKA - BR51( 06-FEB-2018 ),2,ELECTRIC(BOV),13,12,5,0,0,0,1,0,3,8,13,3,58
2020,Bihar,BANKA - BR51( 06-FEB-2018 ),3,NOT APPLICABLE,5,25,41,0,0,2,5,2,25,0,10,70,185
2020,Bihar,BANKA - BR51( 06-FEB-2018 ),4,PETROL,847,974,"1,207",138,0,299,538,393,480,282,770,525,"6,453"
2020,Bihar,BEGUSARAI - BR9( 23-JAN-2018 ),1,CNG ONLY,1,1,0,0,0,0,0,0,0,1,0,1,4
2020,Bihar,BEGUSARAI - BR9( 23-JAN-2018 ),2,DIESEL,474,437,835,118,0,156,134,269,397,269,255,340,"3,684"
2020,Bihar,BEGUSARAI - BR9( 23-JAN-2018 ),3,DIESEL/HYBRID,0,1,1,0,0,0,0,0,0,0,0,0,2
2020,Bihar,BEGUSARAI - BR9( 23-JAN-2018 ),4,ELECTRIC(BOV),26,24,22,0,0,20,9,10,53,67,51,102,384
2020,Bihar,BEGUSARAI - BR9( 23-JAN-2018 ),5,NOT APPLICABLE,42,118,194,0,0,152,75,48,129,61,94,128,"1,041"
2020,Bihar,BEGUSARAI - BR9( 23-JAN-2018 ),6,PETROL,"2,032","2,730","3,974",41,0,"2,782","1,891","2,744","2,459","1,919","3,794","2,144","26,510"
2020,Bihar,BEGUSARAI - BR9( 23-JAN-2018 ),7,PETROL/CNG,0,1,0,1,0,2,1,2,3,2,0,2,14
2020,Bihar,BEGUSARAI - BR9( 23-JAN-2018 ),8,PETROL/HYBRID,1,1,4,0,0,12,6,11,6,13,14,7,75
2020,Bihar,BETTIAH - BR22( 22-SEP-2017 ),1,DIESEL,688,659,816,0,0,341,241,298,318,297,318,423,"4,399"
2020,Bihar,BETTIAH - BR22( 22-SEP-2017 ),2,DIESEL/HYBRID,0,0,0,0,0,0,0,0,1,0,0,0,1
2020,Bihar,BETTIAH - BR22( 22-SEP-2017 ),3,ELECTRIC(BOV),19,29,19,1,0,2,19,7,25,10,5,16,152
2020,Bihar,BETTIAH - BR22( 22-SEP-2017 ),4,NOT APPLICABLE,118,83,94,0,0,19,16,14,35,54,7,40,480
2020,Bihar,BETTIAH - BR22( 22-SEP-2017 ),5,PETROL,"3,104","3,781","6,094",21,271,"4,746","1,985","2,866","2,718","2,997","5,350","4,265","38,198"
2020,Bihar,BETTIAH - BR22( 22-SEP-2017 ),6,PETROL/HYBRID,0,0,3,0,0,3,2,1,3,2,2,2,18
2020,Bihar,BHABHUA - BR45( 23-JAN-2018 ),1,DIESEL,152,266,362,0,9,54,172,176,174,98,81,130,"1,674"
2020,Bihar,BHABHUA - BR45( 23-JAN-2018 ),2,ELECTRIC(BOV),17,46,43,0,0,9,19,18,35,33,7,44,271
2020,Bihar,BHABHUA - BR45( 23-JAN-2018 ),3,NOT APPLICABLE,60,31,27,0,0,77,54,50,21,76,31,66,493
2020,Bihar,BHABHUA - BR45( 23-JAN-2018 ),4,PETROL,925,866,"3,324",8,32,506,433,912,782,737,757,984,"10,266"
2020,Bihar,BHABHUA - BR45( 23-JAN-2018 ),5,PETROL/HYBRID,0,0,0,0,0,0,0,0,0,1,0,0,1
2020,Bihar,BHAGALPUR - BR10( 07-FEB-2018 ),1,DIESEL,534,691,749,50,21,219,278,283,433,335,414,398,"4,405"
2020,Bihar,BHAGALPUR - BR10( 07-FEB-2018 ),2,DIESEL/HYBRID,1,1,0,0,0,0,0,0,0,1,0,0,3
2020,Bihar,BHAGALPUR - BR10( 07-FEB-2018 ),3,ELECTRIC(BOV),82,156,128,1,1,119,81,87,152,119,76,151,"1,153"
2020,Bihar,BHAGALPUR - BR10( 07-FEB-2018 ),4,NOT APPLICABLE,23,20,16,0,0,3,7,3,19,7,7,4,109
2020,Bihar,BHAGALPUR - BR10( 07-FEB-2018 ),5,PETROL,"1,458","2,120","3,054",158,153,"2,290","1,329","2,398","2,189","1,833","2,987","1,969","21,938"
2020,Bihar,BHAGALPUR - BR10( 07-FEB-2018 ),6,PETROL/CNG,0,0,0,0,0,0,0,0,1,0,0,0,1
2020,Bihar,BHAGALPUR - BR10( 07-FEB-2018 ),7,PETROL/HYBRID,2,1,1,0,0,5,2,5,11,4,11,0,42
2020,Bihar,BHOJPUR - BR3( 15-FEB-2018 ),1,DIESEL,353,435,801,46,26,226,196,191,354,219,276,284,"3,407"
2020,Bihar,BHOJPUR - BR3( 15-FEB-2018 ),2,ELECTRIC(BOV),12,15,32,0,0,3,4,10,20,2,8,13,119
2020,Bihar,BHOJPUR - BR3( 15-FEB-2018 ),3,NOT APPLICABLE,19,40,25,0,0,2,0,1,0,0,0,0,87
2020,Bihar,BHOJPUR - BR3( 15-FEB-2018 ),4,PETROL,"1,794","1,774","3,039",3,540,"2,903","1,051","2,038","2,182","1,707","2,885","3,501","23,417"
2020,Bihar,BHOJPUR - BR3( 15-FEB-2018 ),5,PETROL/CNG,0,0,0,0,0,0,0,0,0,0,1,0,1
2020,Bihar,BHOJPUR - BR3( 15-FEB-2018 ),6,PETROL/HYBRID,0,1,0,0,0,1,0,2,2,1,0,2,9
2020,Bihar,BUXUR - BR44( 01-FEB-2018 ),1,DIESEL,190,323,321,0,0,9,84,67,95,177,167,211,"1,644"
2020,Bihar,BUXUR - BR44( 01-FEB-2018 ),2,ELECTRIC(BOV),14,14,21,0,0,17,9,10,23,17,18,22,165
2020,Bihar,BUXUR - BR44( 01-FEB-2018 ),3,NOT APPLICABLE,56,69,28,0,0,0,0,0,0,5,0,3,161
2020,Bihar,BUXUR - BR44( 01-FEB-2018 ),4,PETROL,888,"1,589","2,438",291,0,110,563,985,953,909,"1,657","1,226","11,609"
2020,Bihar,BUXUR - BR44( 01-FEB-2018 ),5,PETROL/HYBRID,0,0,0,0,0,0,0,0,1,0,0,0,1
2020,Bihar,CHAPARA - BR4( 29-JAN-2018 ),1,DIESEL,372,503,438,13,53,263,177,203,334,277,366,158,"3,157"
2020,Bihar,CHAPARA - BR4( 29-JAN-2018 ),2,ELECTRIC(BOV),17,40,13,1,4,29,9,25,58,54,52,23,325
2020,Bihar,CHAPARA - BR4( 29-JAN-2018 ),3,NOT APPLICABLE,31,42,23,0,0,33,15,0,0,0,1,0,145
2020,Bihar,CHAPARA - BR4( 29-JAN-2018 ),4,PETROL,"1,437","2,690","3,549",96,301,"2,407","1,193","1,462","1,692","1,549","3,938","4,332","24,646"
2020,Bihar,CHAPARA - BR4( 29-JAN-2018 ),5,PETROL/CNG,0,3,0,0,0,0,0,1,0,0,0,0,4
2020,Bihar,CHAPARA - BR4( 29-JAN-2018 ),6,PETROL/HYBRID,0,1,0,0,0,2,2,3,0,0,3,5,16
2020,Bihar,DARBHANGA - BR7( 30-JAN-2018 ),1,DIESEL,626,903,852,11,22,195,324,386,539,467,319,563,"5,207"
2020,Bihar,DARBHANGA - BR7( 30-JAN-2018 ),2,DIESEL/HYBRID,1,0,0,0,0,0,0,0,0,0,0,0,1
2020,Bihar,DARBHANGA - BR7( 30-JAN-2018 ),3,ELECTRIC(BOV),20,49,40,2,0,10,21,28,16,28,16,26,256
2020,Bihar,DARBHANGA - BR7( 30-JAN-2018 ),4,NOT APPLICABLE,16,21,8,1,0,5,5,8,10,7,2,6,89
2020,Bihar,DARBHANGA - BR7( 30-JAN-2018 ),5,PETROL,"1,996","4,416","6,004",37,596,"3,433","2,034","2,344","2,552","2,271","3,888","3,467","33,038"
2020,Bihar,DARBHANGA - BR7( 30-JAN-2018 ),6,PETROL/CNG,0,0,1,0,0,0,0,0,0,0,0,0,1
2020,Bihar,DARBHANGA - BR7( 30-JAN-2018 ),7,PETROL/HYBRID,1,1,1,0,0,3,2,6,9,1,4,2,30
2020,Bihar,GAYA - BR2( 06-SEP-2017 ),1,DIESEL,768,687,684,19,1,247,415,447,545,425,460,551,"5,249"
2020,Bihar,GAYA - BR2( 06-SEP-2017 ),2,DIESEL/HYBRID,0,0,1,0,0,0,0,0,0,0,0,0,1
2020,Bihar,GAYA - BR2( 06-SEP-2017 ),3,ELECTRIC(BOV),53,49,35,0,0,30,25,30,77,36,52,65,452
2020,Bihar,GAYA - BR2( 06-SEP-2017 ),4,NOT APPLICABLE,11,56,19,0,0,5,24,4,57,34,31,47,288
2020,Bihar,GAYA - BR2( 06-SEP-2017 ),5,PETROL,"2,316","3,843","5,494",184,636,"5,092","2,722","2,591","2,866","2,391","5,078","2,245","35,458"
2020,Bihar,GAYA - BR2( 06-SEP-2017 ),6,PETROL/CNG,0,1,0,0,0,0,0,0,0,0,2,0,3
2020,Bihar,GAYA - BR2( 06-SEP-2017 ),7,PETROL/HYBRID,0,1,1,0,2,8,6,7,7,3,6,5,46
2020,Bihar,GOPALGANJ - BR28( 08-JUN-2017 ),1,DIESEL,205,223,502,6,0,119,106,98,135,188,170,236,"1,988"
2020,Bihar,GOPALGANJ - BR28( 08-JUN-2017 ),2,DIESEL/HYBRID,1,0,0,0,0,0,0,0,0,0,0,0,1
2020,Bihar,GOPALGANJ - BR28( 08-JUN-2017 ),3,ELECTRIC(BOV),26,55,12,0,0,17,35,51,39,35,12,43,325
2020,Bihar,GOPALGANJ - BR28( 08-JUN-2017 ),4,NOT APPLICABLE,1,0,0,0,0,0,0,0,1,0,0,0,2
2020,Bihar,GOPALGANJ - BR28( 08-JUN-2017 ),5,PETROL,820,"1,468","2,488",4,121,790,594,"1,078","1,187",994,"1,803","2,063","13,410"
2020,Bihar,GOPALGANJ - BR28( 08-JUN-2017 ),6,PETROL/CNG,0,0,0,0,0,0,0,0,0,1,0,0,1
2020,Bihar,GOPALGANJ - BR28( 08-JUN-2017 ),7,PETROL/HYBRID,1,0,0,0,0,2,2,5,5,0,2,3,20
2020,Bihar,GOPALGANJ - BR28( 08-JUN-2017 ),8,PETROL/LPG,0,1,0,0,0,0,0,0,0,0,0,0,1
2020,Bihar,JAMUI - BR46( 07-JUN-2017 ),1,DIESEL,167,202,235,0,14,119,111,133,128,91,80,148,"1,428"
2020,Bihar,JAMUI - BR46( 07-JUN-2017 ),2,ELECTRIC(BOV),30,10,50,0,1,20,3,20,4,35,0,21,194
2020,Bihar,JAMUI - BR46( 07-JUN-2017 ),3,NOT APPLICABLE,38,30,36,0,0,70,37,37,27,32,0,4,311
2020,Bihar,JAMUI - BR46( 07-JUN-2017 ),4,PETROL,"1,001",904,"3,125",8,33,491,426,562,867,788,972,"1,173","10,350"
2020,Bihar,JAMUI - BR46( 07-JUN-2017 ),5,PETROL/HYBRID,1,0,0,0,0,0,0,0,0,0,0,0,1
2020,Bihar,JEHANABAD - BR25( 26-MAY-2017 ),1,CNG ONLY,0,0,0,0,0,4,0,1,0,0,0,1,6
2020,Bihar,JEHANABAD - BR25( 26-MAY-2017 ),2,DIESEL,190,173,188,1,1,27,89,64,58,96,54,103,"1,044"
2020,Bihar,JEHANABAD - BR25( 26-MAY-2017 ),3,ELECTRIC(BOV),1,2,8,0,0,0,9,0,7,7,1,6,41
2020,Bihar,JEHANABAD - BR25( 26-MAY-2017 ),4,NOT APPLICABLE,13,21,19,0,0,2,42,29,5,22,28,32,213
2020,Bihar,JEHANABAD - BR25( 26-MAY-2017 ),5,PETROL,385,635,729,0,18,769,337,592,655,415,398,648,"5,581"
2020,Bihar,JEHANABAD - BR25( 26-MAY-2017 ),6,PETROL/CNG,3,1,2,0,0,0,1,10,7,6,7,2,39
2020,Bihar,JEHANABAD - BR25( 26-MAY-2017 ),7,PETROL/HYBRID,1,0,0,0,0,0,0,0,0,0,0,0,1
2020,Bihar,JEHANABAD - BR25( 26-MAY-2017 ),8,PETROL/LPG,0,0,0,0,0,0,0,0,0,0,0,3,3
2020,Bihar,KATIHAR - BR39( 23-JAN-2018 ),1,DIESEL,346,269,299,13,0,170,159,171,176,162,113,141,"2,019"
2020,Bihar,KATIHAR - BR39( 23-JAN-2018 ),2,DIESEL/HYBRID,1,0,0,0,0,0,0,0,0,0,0,0,1
2020,Bihar,KATIHAR - BR39( 23-JAN-2018 ),3,ELECTRIC(BOV),59,13,36,4,0,21,8,12,31,9,12,35,240
2020,Bihar,KATIHAR - BR39( 23-JAN-2018 ),4,NOT APPLICABLE,12,24,16,0,0,3,5,6,21,25,2,2,116
2020,Bihar,KATIHAR - BR39( 23-JAN-2018 ),5,PETROL,"3,054","2,616","4,906",376,0,"2,396","1,119","2,444","2,109","1,540","2,196","1,706","24,462"
2020,Bihar,KATIHAR - BR39( 23-JAN-2018 ),6,PETROL/HYBRID,0,0,0,0,0,0,0,1,1,2,0,1,5
2020,Bihar,KATIHAR - BR39( 23-JAN-2018 ),7,PETROL/LPG,0,0,1,0,0,0,0,0,0,0,0,0,1
2020,Bihar,KHAGARIA - BR34( 01-FEB-2018 ),1,DIESEL,94,165,213,0,0,31,190,69,177,106,79,139,"1,263"
2020,Bihar,KHAGARIA - BR34( 01-FEB-2018 ),2,ELECTRIC(BOV),24,22,19,0,0,10,1,2,18,5,2,2,105
2020,Bihar,KHAGARIA - BR34( 01-FEB-2018 ),3,NOT APPLICABLE,39,80,44,0,0,4,58,0,90,11,42,63,431
2020,Bihar,KHAGARIA - BR34( 01-FEB-2018 ),4,PETROL,810,"1,044","1,577",320,40,865,710,"1,257","1,046",822,"1,437",786,"10,714"
2020,Bihar,KISHANGANJ - BR37( 07-FEB-2018 ),1,DIESEL,210,267,341,3,23,85,41,143,166,142,79,294,"1,794"
2020,Bihar,KISHANGANJ - BR37( 07-FEB-2018 ),2,DIESEL/HYBRID,0,1,0,0,0,0,0,0,0,0,0,0,1
2020,Bihar,KISHANGANJ - BR37( 07-FEB-2018 ),3,ELECTRIC(BOV),25,10,32,0,0,4,4,2,41,19,4,5,146
2020,Bihar,KISHANGANJ - BR37( 07-FEB-2018 ),4,NOT APPLICABLE,0,11,7,0,0,0,0,0,0,0,0,0,18
2020,Bihar,KISHANGANJ - BR37( 07-FEB-2018 ),5,PETROL,"1,516","2,586","5,988",74,52,"1,905","1,807","1,913","1,459","1,281","1,641","1,211","21,433"
2020,Bihar,LAKHISARAI - BR53( 27-JAN-2017 ),1,DIESEL,135,182,97,3,0,19,46,42,89,49,51,76,789
2020,Bihar,LAKHISARAI - BR53( 27-JAN-2017 ),2,ELECTRIC(BOV),11,19,13,0,0,5,15,0,44,24,17,12,160
2020,Bihar,LAKHISARAI - BR53( 27-JAN-2017 ),3,NOT APPLICABLE,24,38,4,0,0,0,1,3,0,0,1,9,80
2020,Bihar,LAKHISARAI - BR53( 27-JAN-2017 ),4,PETROL,380,374,975,0,0,352,333,364,443,271,543,481,"4,516"
2020,Bihar,LAKHISARAI - BR53( 27-JAN-2017 ),5,PETROL/HYBRID,1,0,0,0,0,0,0,0,0,0,0,0,1
2020,Bihar,MADHEPURA - BR43( 02-JUN-2017 ),1,DIESEL,436,431,461,1,0,156,259,169,238,210,211,219,"2,791"
2020,Bihar,MADHEPURA - BR43( 02-JUN-2017 ),2,ELECTRIC(BOV),8,5,25,0,0,12,1,9,17,8,14,5,104
2020,Bihar,MADHEPURA - BR43( 02-JUN-2017 ),3,NOT APPLICABLE,15,25,28,0,0,14,4,12,18,21,6,22,165
2020,Bihar,MADHEPURA - BR43( 02-JUN-2017 ),4,PETROL,"2,609","3,028","3,522",10,181,"1,641","1,081","2,146","1,575","1,031","2,447","1,305","20,576"
2020,Bihar,MADHEPURA - BR43( 02-JUN-2017 ),5,PETROL/HYBRID,0,1,2,0,0,0,0,0,1,0,0,0,4
2020,Bihar,MADHUBANI - BR32( 01-FEB-2018 ),1,DIESEL,496,337,375,0,0,225,279,234,228,213,200,314,"2,901"
2020,Bihar,MADHUBANI - BR32( 01-FEB-2018 ),2,ELECTRIC(BOV),37,17,43,6,0,1,3,2,12,12,13,23,169
2020,Bihar,MADHUBANI - BR32( 01-FEB-2018 ),3,NOT APPLICABLE,14,20,5,0,0,9,7,7,5,7,7,8,89
2020,Bihar,MADHUBANI - BR32( 01-FEB-2018 ),4,PETROL,"2,340","3,238","4,957",28,562,"2,538","1,700","1,900","2,139","1,823","2,923","3,478","27,626"
2020,Bihar,MADHUBANI - BR32( 01-FEB-2018 ),5,PETROL/HYBRID,1,0,1,0,0,0,1,0,1,0,1,2,7
2020,Bihar,MOTIHARI - BR5( 05-JUL-2017 ),1,DIESEL,723,"1,093",923,0,0,193,360,622,520,487,392,563,"5,876"
2020,Bihar,MOTIHARI - BR5( 05-JUL-2017 ),2,DIESEL/HYBRID,0,1,0,0,0,0,0,0,0,0,0,0,1
2020,Bihar,MOTIHARI - BR5( 05-JUL-2017 ),3,ELECTRIC(BOV),37,62,60,0,0,21,28,58,39,48,17,34,404
2020,Bihar,MOTIHARI - BR5( 05-JUL-2017 ),4,NOT APPLICABLE,31,29,21,0,0,19,13,11,13,8,9,39,193
2020,Bihar,MOTIHARI - BR5( 05-JUL-2017 ),5,PETROL,"3,597","4,551","9,178",12,0,"4,239","1,395","2,761","3,373","2,851","3,106","6,591","41,654"
2020,Bihar,MOTIHARI - BR5( 05-JUL-2017 ),6,PETROL/HYBRID,0,0,3,0,0,0,2,0,1,0,1,2,9
2020,Bihar,MUNGER - BR8( 06-FEB-2018 ),1,DIESEL,126,64,207,0,3,17,23,12,66,33,27,31,609
2020,Bihar,MUNGER - BR8( 06-FEB-2018 ),2,ELECTRIC(BOV),40,28,82,0,0,51,29,41,39,47,40,34,431
2020,Bihar,MUNGER - BR8( 06-FEB-2018 ),3,NOT APPLICABLE,19,0,7,0,0,11,2,0,16,1,4,5,65
2020,Bihar,MUNGER - BR8( 06-FEB-2018 ),4,PETROL,761,634,"1,950",2,5,338,341,596,607,381,"1,055",742,"7,412"
2020,Bihar,MUNGER - BR8( 06-FEB-2018 ),5,PETROL/CNG,1,0,0,0,0,0,0,0,0,0,0,0,1
2020,Bihar,MUNGER - BR8( 06-FEB-2018 ),6,PETROL/HYBRID,2,1,0,0,0,0,0,0,1,0,0,1,5
2020,Bihar,MUZAFFARPUR - BR6( 01-FEB-2018 ),1,CNG ONLY,0,0,0,0,0,0,0,0,0,1,0,0,1
2020,Bihar,MUZAFFARPUR - BR6( 01-FEB-2018 ),2,DIESEL,"1,053","1,190","1,276",5,78,421,508,445,705,571,654,640,"7,546"
2020,Bihar,MUZAFFARPUR - BR6( 01-FEB-2018 ),3,ELECTRIC(BOV),72,74,58,0,3,20,38,21,42,26,29,22,405
2020,Bihar,MUZAFFARPUR - BR6( 01-FEB-2018 ),4,NOT APPLICABLE,9,5,5,0,0,1,3,1,3,9,4,4,44
2020,Bihar,MUZAFFARPUR - BR6( 01-FEB-2018 ),5,PETROL,"6,199","8,540","11,104",103,"1,769","7,735","4,014","4,988","6,047","5,874","9,563","6,024","71,960"
2020,Bihar,MUZAFFARPUR - BR6( 01-FEB-2018 ),6,PETROL/CNG,1,0,2,0,0,0,2,1,2,1,0,0,9
2020,Bihar,MUZAFFARPUR - BR6( 01-FEB-2018 ),7,PETROL/HYBRID,13,9,19,0,6,19,9,30,54,45,37,36,277
2020,Bihar,NALANDA - BR21( 01-FEB-2018 ),1,DIESEL,406,265,523,1,0,218,189,183,310,166,157,279,"2,697"
2020,Bihar,NALANDA - BR21( 01-FEB-2018 ),2,DIESEL/HYBRID,0,0,1,0,0,0,0,0,0,0,0,0,1
2020,Bihar,NALANDA - BR21( 01-FEB-2018 ),3,ELECTRIC(BOV),55,75,131,0,0,52,47,138,143,80,85,249,"1,055"
2020,Bihar,NALANDA - BR21( 01-FEB-2018 ),4,NOT APPLICABLE,97,88,106,0,0,51,41,59,89,78,0,15,624
2020,Bihar,NALANDA - BR21( 01-FEB-2018 ),5,PETROL,"1,477","2,222","3,085",11,283,"3,209","1,558","1,794","2,231","1,806","3,227","1,485","22,388"
2020,Bihar,NALANDA - BR21( 01-FEB-2018 ),6,PETROL/CNG,0,0,0,0,0,2,0,1,0,0,1,3,7
2020,Bihar,NALANDA - BR21( 01-FEB-2018 ),7,PETROL/HYBRID,1,1,0,0,0,1,0,0,9,6,2,3,23
2020,Bihar,NAWADA - BR27( 30-JAN-2018 ),1,DIESEL,291,219,687,0,0,70,112,327,128,186,128,266,"2,414"
2020,Bihar,NAWADA - BR27( 30-JAN-2018 ),2,ELECTRIC(BOV),32,48,81,0,0,41,21,40,63,47,52,61,486
2020,Bihar,NAWADA - BR27( 30-JAN-2018 ),3,NOT APPLICABLE,78,36,137,0,0,24,20,127,55,51,42,29,599
2020,Bihar,NAWADA - BR27( 30-JAN-2018 ),4,PETROL,716,"1,349","2,490",57,110,"1,352","1,321","1,199",553,"1,439","1,685",995,"13,266"
2020,Bihar,NAWADA - BR27( 30-JAN-2018 ),5,PETROL/HYBRID,1,2,0,0,0,1,2,0,3,1,3,0,13
2020,Bihar,PATNA - BR1( 02-FEB-2018 ),1,CNG ONLY,1,1,41,0,1,36,108,117,191,171,181,123,971
2020,Bihar,PATNA - BR1( 02-FEB-2018 ),2,DIESEL,"1,350","1,458","2,032",61,51,537,491,929,"1,221",982,"1,130","1,038","11,280"
2020,Bihar,PATNA - BR1( 02-FEB-2018 ),3,DIESEL/HYBRID,9,3,2,0,0,0,0,0,0,0,0,0,14
2020,Bihar,PATNA - BR1( 02-FEB-2018 ),4,ELECTRIC(BOV),248,259,136,0,18,155,66,103,171,199,171,198,"1,724"
2020,Bihar,PATNA - BR1( 02-FEB-2018 ),5,NOT APPLICABLE,186,160,120,0,43,158,94,138,223,186,107,181,"1,596"
2020,Bihar,PATNA - BR1( 02-FEB-2018 ),6,PETROL,"6,724","8,084","9,026",56,"2,986","10,488","3,903","8,438","9,301","9,301","15,296","7,901","91,504"
2020,Bihar,PATNA - BR1( 02-FEB-2018 ),7,PETROL/CNG,577,625,407,0,9,62,53,87,190,192,233,212,"2,647"
2020,Bihar,PATNA - BR1( 02-FEB-2018 ),8,PETROL/HYBRID,38,57,48,0,21,84,56,97,92,99,137,103,832
2020,Bihar,PURNEA - BR11( 23-JAN-2018 ),1,DIESEL,"1,193","1,483","1,871",2,8,850,638,846,951,857,821,850,"10,370"
2020,Bihar,PURNEA - BR11( 23-JAN-2018 ),2,DIESEL/HYBRID,1,0,1,0,0,0,0,0,0,0,0,0,2
2020,Bihar,PURNEA - BR11( 23-JAN-2018 ),3,ELECTRIC(BOV),42,59,63,0,6,42,24,51,54,45,40,60,486
2020,Bihar,PURNEA - BR11( 23-JAN-2018 ),4,NOT APPLICABLE,25,16,25,0,0,20,8,14,75,50,80,12,325
2020,Bihar,PURNEA - BR11( 23-JAN-2018 ),5,PETROL,"3,814","4,229","5,737",51,1,"3,424","2,311","3,711","3,683","2,334","3,912","2,633","35,840"
2020,Bihar,PURNEA - BR11( 23-JAN-2018 ),6,PETROL/HYBRID,4,9,7,0,0,15,18,20,19,17,24,11,144
2020,Bihar,PURNEA - BR11( 23-JAN-2018 ),7,PETROL/LPG,0,0,16,0,0,0,0,0,1,0,1,0,18
2020,Bihar,ROHTAS - BR24( 09-FEB-2018 ),1,DIESEL,458,442,739,76,7,224,293,311,372,263,227,363,"3,775"
2020,Bihar,ROHTAS - BR24( 09-FEB-2018 ),2,ELECTRIC(BOV),5,9,7,0,0,7,3,7,13,4,3,10,68
2020,Bihar,ROHTAS - BR24( 09-FEB-2018 ),3,NOT APPLICABLE,27,21,10,0,0,21,12,12,9,4,2,4,122
2020,Bihar,ROHTAS - BR24( 09-FEB-2018 ),4,PETROL,"1,675","2,313","4,964",194,2,"1,732","2,118","2,078","2,500","1,618","2,409","3,244","24,847"
2020,Bihar,ROHTAS - BR24( 09-FEB-2018 ),5,PETROL/CNG,1,2,3,0,0,1,1,1,2,0,2,2,15
2020,Bihar,ROHTAS - BR24( 09-FEB-2018 ),6,PETROL/HYBRID,2,5,3,0,0,0,1,2,3,2,4,1,23
2020,Bihar,SAHARSA - BR19( 29-JAN-2018 ),1,DIESEL,226,240,610,0,0,118,183,148,143,249,88,245,"2,250"
2020,Bihar,SAHARSA - BR19( 29-JAN-2018 ),2,DIESEL/HYBRID,1,0,0,0,0,0,0,0,0,0,0,0,1
2020,Bihar,SAHARSA - BR19( 29-JAN-2018 ),3,ELECTRIC(BOV),9,52,73,0,0,16,16,20,34,42,18,34,314
2020,Bihar,SAHARSA - BR19( 29-JAN-2018 ),4,NOT APPLICABLE,12,23,18,0,0,9,9,7,14,15,3,25,135
2020,Bihar,SAHARSA - BR19( 29-JAN-2018 ),5,PETROL,"1,323","1,351","2,220",446,0,"1,205",727,"1,182",859,793,"1,339","1,026","12,471"
2020,Bihar,SAHARSA - BR19( 29-JAN-2018 ),6,PETROL/HYBRID,1,1,0,0,0,0,0,1,1,0,1,0,5
2020,Bihar,SAMASTIPUR - BR33( 06-JUL-2017 ),1,DIESEL,505,419,727,3,11,65,317,269,320,205,122,475,"3,438"
2020,Bihar,SAMASTIPUR - BR33( 06-JUL-2017 ),2,ELECTRIC(BOV),56,62,175,0,0,16,36,35,57,37,46,86,606
2020,Bihar,SAMASTIPUR - BR33( 06-JUL-2017 ),3,NOT APPLICABLE,26,38,60,0,0,0,23,15,25,10,2,21,220
2020,Bihar,SAMASTIPUR - BR33( 06-JUL-2017 ),4,PETROL,"3,036","3,523","5,501",49,343,"4,456","2,834","2,849","2,790","2,579","5,122","4,018","37,100"
2020,Bihar,SAMASTIPUR - BR33( 06-JUL-2017 ),5,PETROL/CNG,0,0,1,0,0,0,0,0,0,0,0,0,1
2020,Bihar,SHEIKHPURA - BR52( 17-JUL-2017 ),1,DIESEL,125,95,131,0,0,33,46,53,61,37,54,46,681
2020,Bihar,SHEIKHPURA - BR52( 17-JUL-2017 ),2,ELECTRIC(BOV),12,3,4,0,1,6,2,2,30,28,27,10,125
2020,Bihar,SHEIKHPURA - BR52( 17-JUL-2017 ),3,NOT APPLICABLE,16,3,13,0,0,3,7,13,34,11,1,7,108
2020,Bihar,SHEIKHPURA - BR52( 17-JUL-2017 ),4,PETROL,163,266,714,0,15,178,464,369,301,214,439,324,"3,447"
2020,Bihar,SHEOHAR - BR55( 07-JUN-2017 ),1,DIESEL,100,39,43,0,0,36,32,39,29,12,27,18,375
2020,Bihar,SHEOHAR - BR55( 07-JUN-2017 ),2,NOT APPLICABLE,1,3,2,0,0,3,0,0,0,0,6,6,21
2020,Bihar,SHEOHAR - BR55( 07-JUN-2017 ),3,PETROL,247,305,385,0,23,154,143,215,217,162,224,346,"2,421"
2020,Bihar,SITAMARHI - BR30( 29-JAN-2018 ),1,DIESEL,387,396,306,3,32,124,321,179,234,243,136,264,"2,625"
2020,Bihar,SITAMARHI - BR30( 29-JAN-2018 ),2,ELECTRIC(BOV),30,45,48,4,3,12,8,29,32,16,6,12,245
2020,Bihar,SITAMARHI - BR30( 29-JAN-2018 ),3,NOT APPLICABLE,1,2,6,0,0,1,5,18,11,16,10,19,89
2020,Bihar,SITAMARHI - BR30( 29-JAN-2018 ),4,PETROL,"2,233","3,074","6,212",1,5,"1,734","1,101","1,699","1,844","1,590","2,529","2,525","24,547"
2020,Bihar,SITAMARHI - BR30( 29-JAN-2018 ),5,PETROL/HYBRID,0,0,0,0,0,1,0,0,0,0,0,0,1
2020,Bihar,SIWAN - BR29( 29-JAN-2018 ),1,DIESEL,461,379,515,4,0,324,285,208,250,303,228,315,"3,272"
2020,Bihar,SIWAN - BR29( 29-JAN-2018 ),2,ELECTRIC(BOV),24,27,50,3,0,14,10,4,42,26,28,30,258
2020,Bihar,SIWAN - BR29( 29-JAN-2018 ),3,NOT APPLICABLE,4,5,7,0,0,2,5,15,11,8,2,3,62
2020,Bihar,SIWAN - BR29( 29-JAN-2018 ),4,PETROL,"2,350","2,520","6,979",6,322,"1,577","1,775","2,157","2,506","2,479","3,553","5,385","31,609"
2020,Bihar,SIWAN - BR29( 29-JAN-2018 ),5,PETROL/CNG,0,0,0,1,0,0,0,0,0,0,0,0,1
2020,Bihar,SIWAN - BR29( 29-JAN-2018 ),6,PETROL/HYBRID,0,1,1,0,1,3,4,4,9,0,3,2,28
2020,Bihar,SUPAUL - BR50( 29-JAN-2018 ),1,DIESEL,280,362,402,1,10,200,274,285,355,220,207,506,"3,102"
2020,Bihar,SUPAUL - BR50( 29-JAN-2018 ),2,ELECTRIC(BOV),7,23,13,0,3,16,15,14,35,24,10,23,183
2020,Bihar,SUPAUL - BR50( 29-JAN-2018 ),3,NOT APPLICABLE,33,19,21,0,4,5,1,13,13,6,0,5,120
2020,Bihar,SUPAUL - BR50( 29-JAN-2018 ),4,PETROL,"2,508","3,653","5,335",466,0,"2,552","1,264","1,959","1,771","1,305","2,724","1,663","25,200"
2020,Bihar,SUPAUL - BR50( 29-JAN-2018 ),5,PETROL/HYBRID,0,2,0,0,0,0,0,0,0,0,1,0,3
2020,Bihar,SUPAUL - BR50( 29-JAN-2018 ),6,PETROL/LPG,0,0,0,0,0,0,0,0,1,1,2,0,4
2020,Bihar,VAISHALI - BR31( 13-FEB-2018 ),1,CNG ONLY,0,0,0,0,0,0,0,0,3,0,3,1,7
2020,Bihar,VAISHALI - BR31( 13-FEB-2018 ),2,DIESEL,503,496,518,1,50,208,230,222,313,302,258,218,"3,319"
2020,Bihar,VAISHALI - BR31( 13-FEB-2018 ),3,DIESEL/HYBRID,0,0,0,0,0,0,0,0,0,1,0,0,1
2020,Bihar,VAISHALI - BR31( 13-FEB-2018 ),4,ELECTRIC(BOV),86,68,41,0,7,25,33,28,64,53,52,66,523
2020,Bihar,VAISHALI - BR31( 13-FEB-2018 ),5,NOT APPLICABLE,95,61,24,0,1,61,8,63,66,54,75,70,578
2020,Bihar,VAISHALI - BR31( 13-FEB-2018 ),6,PETROL,"2,028","2,660","4,259",0,398,"2,935","1,711","2,031","2,169","2,222","4,072","3,389","27,874"
2020,Bihar,VAISHALI - BR31( 13-FEB-2018 ),7,PETROL/CNG,0,1,2,0,0,1,0,0,1,0,2,0,7
2020,Bihar,VAISHALI - BR31( 13-FEB-2018 ),8,PETROL/HYBRID,0,1,1,0,1,4,4,3,10,5,7,9,45
2019,Bihar,ARARIA - BR38( 30-JAN-2018 ),1,CNG ONLY,0,0,0,0,0,0,0,0,3,0,3,1,7
2019,Bihar,ARARIA - BR38( 30-JAN-2018 ),2,DIESEL,503,496,518,1,50,208,230,222,313,302,258,218,"3,319"
2019,Bihar,ARARIA - BR38( 30-JAN-2018 ),3,DIESEL/HYBRID,0,0,0,0,0,0,0,0,0,1,0,0,1
2019,Bihar,ARARIA - BR38( 30-JAN-2018 ),4,ELECTRIC(BOV),86,68,41,0,7,25,33,28,64,53,52,66,523
2019,Bihar,ARARIA - BR38( 30-JAN-2018 ),5,NOT APPLICABLE,95,61,24,0,1,61,8,63,66,54,75,70,578
2019,Bihar,ARARIA - BR38( 30-JAN-2018 ),6,PETROL,"2,028","2,660","4,259",0,398,"2,935","1,711","2,031","2,169","2,222","4,072","3,389","27,874"
2019,Bihar,ARARIA - BR38( 30-JAN-2018 ),7,PETROL/CNG,0,1,2,0,0,1,0,0,1,0,2,0,7
2019,Bihar,ARARIA - BR38( 30-JAN-2018 ),8,PETROL/HYBRID,0,1,1,0,1,4,4,3,10,5,7,9,45
2019,Bihar,ARAWAL - BR56( 22-MAY-2017 ),1,DIESEL,15,30,63,53,41,25,47,33,45,43,41,49,485
2019,Bihar,ARAWAL - BR56( 22-MAY-2017 ),2,ELECTRIC(BOV),0,0,0,0,0,0,0,0,0,0,1,0,1
2019,Bihar,ARAWAL - BR56( 22-MAY-2017 ),3,NOT APPLICABLE,3,0,27,13,5,3,19,5,10,6,8,18,117
2019,Bihar,ARAWAL - BR56( 22-MAY-2017 ),4,PETROL,105,331,415,152,267,205,293,376,299,155,172,227,"2,997"
2019,Bihar,ARAWAL - BR56( 22-MAY-2017 ),5,PETROL/HYBRID,0,0,0,0,0,0,1,0,0,0,0,0,1
2019,Bihar,AURANGABAD - BR26( 13-JUN-2017 ),1,DIESEL,306,219,376,132,270,308,578,226,387,420,326,417,"3,965"
2019,Bihar,AURANGABAD - BR26( 13-JUN-2017 ),2,DIESEL/HYBRID,0,0,0,0,0,1,0,0,0,0,0,0,1
2019,Bihar,AURANGABAD - BR26( 13-JUN-2017 ),3,ELECTRIC(BOV),0,0,5,0,0,2,25,26,29,34,20,13,154
2019,Bihar,AURANGABAD - BR26( 13-JUN-2017 ),4,NOT APPLICABLE,150,34,103,20,6,0,174,84,22,44,60,46,743
2019,Bihar,AURANGABAD - BR26( 13-JUN-2017 ),5,PETROL,891,"1,133","1,671","1,160","2,110","1,247","1,116",787,843,997,"1,825",710,"14,490"
2019,Bihar,AURANGABAD - BR26( 13-JUN-2017 ),6,PETROL/HYBRID,0,1,1,0,0,0,0,0,0,0,1,1,4
2019,Bihar,BANKA - BR51( 06-FEB-2018 ),1,DIESEL,81,102,122,44,100,110,135,72,128,102,60,219,"1,275"
2019,Bihar,BANKA - BR51( 06-FEB-2018 ),2,DIESEL/HYBRID,0,0,0,0,0,0,0,0,0,0,0,1,1
2019,Bihar,BANKA - BR51( 06-FEB-2018 ),3,ELECTRIC(BOV),0,6,1,2,1,3,1,0,17,14,9,28,82
2019,Bihar,BANKA - BR51( 06-FEB-2018 ),4,NOT APPLICABLE,8,7,50,42,4,7,47,115,14,1,18,0,313
2019,Bihar,BANKA - BR51( 06-FEB-2018 ),5,PETROL,293,417,"1,015",545,944,"1,402",995,658,499,643,974,"1,214","9,599"
2019,Bihar,BANKA - BR51( 06-FEB-2018 ),6,PETROL/HYBRID,0,0,0,0,0,0,0,0,1,0,1,0,2
2019,Bihar,BEGUSARAI - BR9( 23-JAN-2018 ),1,CNG ONLY,0,0,0,0,0,2,0,0,0,0,0,0,2
2019,Bihar,BEGUSARAI - BR9( 23-JAN-2018 ),2,DIESEL,472,417,403,277,371,233,423,250,382,449,391,298,"4,366"
2019,Bihar,BEGUSARAI - BR9( 23-JAN-2018 ),3,DIESEL/HYBRID,4,1,2,1,0,1,0,0,0,0,1,1,11
2019,Bihar,BEGUSARAI - BR9( 23-JAN-2018 ),4,ELECTRIC(BOV),19,21,23,11,36,9,5,1,3,22,5,9,164
2019,Bihar,BEGUSARAI - BR9( 23-JAN-2018 ),5,NOT APPLICABLE,48,8,1,1,15,31,6,59,22,44,38,115,388
2019,Bihar,BEGUSARAI - BR9( 23-JAN-2018 ),6,PETROL,"2,407","2,416","2,893","2,387","4,059","4,249","3,496","2,147","2,003","2,409","4,100","2,081","34,647"
2019,Bihar,BEGUSARAI - BR9( 23-JAN-2018 ),7,PETROL/CNG,1,1,0,0,0,2,0,2,1,1,1,1,10
2019,Bihar,BEGUSARAI - BR9( 23-JAN-2018 ),8,PETROL/HYBRID,3,0,2,1,4,2,1,1,0,2,1,3,20
2019,Bihar,BETTIAH - BR22( 22-SEP-2017 ),1,DIESEL,660,384,740,391,125,228,262,293,312,434,250,739,"4,818"
2019,Bihar,BETTIAH - BR22( 22-SEP-2017 ),2,DIESEL/HYBRID,1,1,1,1,0,1,0,0,0,0,0,0,5
2019,Bihar,BETTIAH - BR22( 22-SEP-2017 ),3,ELECTRIC(BOV),7,24,9,12,8,5,8,16,20,26,12,30,177
2019,Bihar,BETTIAH - BR22( 22-SEP-2017 ),4,NOT APPLICABLE,12,18,51,17,6,14,7,19,92,69,44,85,434
2019,Bihar,BETTIAH - BR22( 22-SEP-2017 ),5,PETROL,"2,725","5,414","5,358","4,825","4,372","4,021","2,576","3,164","2,870","3,182","6,555","3,083","48,145"
2019,Bihar,BETTIAH - BR22( 22-SEP-2017 ),6,PETROL/HYBRID,0,0,1,1,0,1,0,1,0,0,1,0,5
2019,Bihar,BHABHUA - BR45( 23-JAN-2018 ),1,DIESEL,192,187,150,105,29,43,100,84,88,179,121,85,"1,363"
2019,Bihar,BHABHUA - BR45( 23-JAN-2018 ),2,DIESEL/HYBRID,0,1,0,0,0,1,0,0,0,0,0,0,2
2019,Bihar,BHABHUA - BR45( 23-JAN-2018 ),3,ELECTRIC(BOV),21,15,23,8,0,1,30,18,38,19,33,26,232
2019,Bihar,BHABHUA - BR45( 23-JAN-2018 ),4,NOT APPLICABLE,84,111,32,33,14,4,14,19,15,58,41,26,451
2019,Bihar,BHABHUA - BR45( 23-JAN-2018 ),5,PETROL,400,793,811,567,467,591,410,666,"1,040",585,833,775,"7,938"
2019,Bihar,BHABHUA - BR45( 23-JAN-2018 ),6,PETROL/HYBRID,0,0,0,0,0,0,0,1,0,0,0,0,1
2019,Bihar,BHAGALPUR - BR10( 07-FEB-2018 ),1,DIESEL,512,337,364,331,308,397,596,444,385,392,429,585,"5,080"
2019,Bihar,BHAGALPUR - BR10( 07-FEB-2018 ),2,DIESEL/HYBRID,1,1,0,1,3,3,2,0,0,0,0,0,11
2019,Bihar,BHAGALPUR - BR10( 07-FEB-2018 ),3,ELECTRIC(BOV),54,79,53,51,22,36,54,71,149,90,103,122,884
2019,Bihar,BHAGALPUR - BR10( 07-FEB-2018 ),4,NOT APPLICABLE,18,22,5,9,10,0,28,1,0,21,19,6,139
2019,Bihar,BHAGALPUR - BR10( 07-FEB-2018 ),5,PETROL,"1,302","1,621","2,131","2,152","1,609","3,140","2,152","2,219","2,152","2,092","3,653","2,534","26,757"
2019,Bihar,BHAGALPUR - BR10( 07-FEB-2018 ),6,PETROL/HYBRID,1,2,3,5,0,5,2,2,1,2,1,6,30
2019,Bihar,BHOJPUR - BR3( 15-FEB-2018 ),1,DIESEL,357,344,314,299,68,199,289,316,325,326,372,385,"3,594"
2019,Bihar,BHOJPUR - BR3( 15-FEB-2018 ),2,DIESEL/HYBRID,0,1,0,0,0,2,0,0,0,0,0,0,3
2019,Bihar,BHOJPUR - BR3( 15-FEB-2018 ),3,ELECTRIC(BOV),7,11,19,40,4,4,4,12,19,17,15,12,164
2019,Bihar,BHOJPUR - BR3( 15-FEB-2018 ),4,NOT APPLICABLE,42,37,58,37,15,16,13,8,10,48,44,48,376
2019,Bihar,BHOJPUR - BR3( 15-FEB-2018 ),5,PETROL,"1,590","2,035","2,377","2,784","2,120","2,391","2,032","2,074","1,820","1,864","3,075","2,086","26,248"
2019,Bihar,BHOJPUR - BR3( 15-FEB-2018 ),6,PETROL/CNG,1,0,0,0,0,0,0,0,0,0,0,0,1
2019,Bihar,BHOJPUR - BR3( 15-FEB-2018 ),7,PETROL/HYBRID,1,0,0,2,0,0,0,0,1,0,1,0,5
2019,Bihar,BUXUR - BR44( 01-FEB-2018 ),1,DIESEL,118,39,69,92,39,24,65,175,170,179,253,133,"1,356"
2019,Bihar,BUXUR - BR44( 01-FEB-2018 ),2,DIESEL/HYBRID,0,0,2,0,0,0,0,0,0,0,0,0,2
2019,Bihar,BUXUR - BR44( 01-FEB-2018 ),3,ELECTRIC(BOV),1,2,3,11,10,12,12,11,32,27,42,33,196
2019,Bihar,BUXUR - BR44( 01-FEB-2018 ),4,NOT APPLICABLE,29,0,61,25,0,0,8,23,11,3,70,50,280
2019,Bihar,BUXUR - BR44( 01-FEB-2018 ),5,PETROL,161,318,"1,057","1,350","1,286","1,476","1,239","1,043","1,392","1,182","1,217","1,309","13,030"
2019,Bihar,BUXUR - BR44( 01-FEB-2018 ),6,PETROL/CNG,0,0,0,0,0,0,0,1,0,0,1,0,2
2019,Bihar,BUXUR - BR44( 01-FEB-2018 ),7,PETROL/HYBRID,0,0,2,0,0,0,1,0,0,1,1,0,5
2019,Bihar,CHAPARA - BR4( 29-JAN-2018 ),1,DIESEL,157,417,323,239,169,274,274,264,251,316,268,441,"3,393"
2019,Bihar,CHAPARA - BR4( 29-JAN-2018 ),2,DIESEL/HYBRID,2,0,1,1,0,0,0,0,0,1,0,0,5
2019,Bihar,CHAPARA - BR4( 29-JAN-2018 ),3,ELECTRIC(BOV),0,22,14,10,2,6,6,14,32,14,18,21,159
2019,Bihar,CHAPARA - BR4( 29-JAN-2018 ),4,NOT APPLICABLE,30,38,21,26,6,17,18,12,30,28,18,40,284
2019,Bihar,CHAPARA - BR4( 29-JAN-2018 ),5,PETROL,"1,820","2,262","2,942","2,834","3,842","4,822","3,380","1,699","1,505","1,879","2,973","2,824","32,782"
2019,Bihar,CHAPARA - BR4( 29-JAN-2018 ),6,PETROL/CNG,0,0,0,0,0,0,0,0,0,1,0,2,3
2019,Bihar,CHAPARA - BR4( 29-JAN-2018 ),7,PETROL/HYBRID,0,1,1,0,0,3,2,0,0,1,2,0,10
2019,Bihar,DARBHANGA - BR7( 30-JAN-2018 ),1,DIESEL,434,395,410,380,364,451,509,391,566,676,775,586,"5,937"
2019,Bihar,DARBHANGA - BR7( 30-JAN-2018 ),2,DIESEL/HYBRID,1,10,2,1,1,2,0,0,0,1,0,0,18
2019,Bihar,DARBHANGA - BR7( 30-JAN-2018 ),3,ELECTRIC(BOV),16,3,12,28,12,7,33,21,46,36,42,13,269
2019,Bihar,DARBHANGA - BR7( 30-JAN-2018 ),4,NOT APPLICABLE,24,19,20,14,3,0,5,1,8,24,14,7,139
2019,Bihar,DARBHANGA - BR7( 30-JAN-2018 ),5,PETROL,"1,980","3,366","4,752","3,857","5,337","6,809","2,532","2,267","2,771","2,705","4,925","1,732","43,033"
2019,Bihar,DARBHANGA - BR7( 30-JAN-2018 ),6,PETROL/HYBRID,0,3,1,2,4,1,0,1,2,4,3,1,22
2019,Bihar,GAYA - BR2( 06-SEP-2017 ),1,DIESEL,600,496,970,314,617,500,584,869,602,566,823,711,"7,652"
2019,Bihar,GAYA - BR2( 06-SEP-2017 ),2,DIESEL/HYBRID,2,1,1,1,1,1,1,0,1,0,0,0,9
2019,Bihar,GAYA - BR2( 06-SEP-2017 ),3,ELECTRIC(BOV),10,17,53,1,42,20,21,45,60,65,55,129,518
2019,Bihar,GAYA - BR2( 06-SEP-2017 ),4,NOT APPLICABLE,20,121,52,24,24,3,144,110,34,34,41,36,643
2019,Bihar,GAYA - BR2( 06-SEP-2017 ),5,PETROL,"2,049","3,640","3,449","4,534","8,245","4,937","3,628","2,629","2,647","3,145","5,494","2,333","46,730"
2019,Bihar,GAYA - BR2( 06-SEP-2017 ),6,PETROL/CNG,0,0,0,1,0,0,0,0,1,0,0,1,3
2019,Bihar,GAYA - BR2( 06-SEP-2017 ),7,PETROL/HYBRID,1,4,0,1,1,1,1,2,4,3,5,1,24
2019,Bihar,GOPALGANJ - BR28( 08-JUN-2017 ),1,DIESEL,202,201,320,176,125,213,186,126,164,98,230,149,"2,190"
2019,Bihar,GOPALGANJ - BR28( 08-JUN-2017 ),2,DIESEL/HYBRID,0,2,0,0,0,1,1,0,1,0,0,0,5
2019,Bihar,GOPALGANJ - BR28( 08-JUN-2017 ),3,ELECTRIC(BOV),15,24,45,7,13,13,21,8,13,21,16,32,228
2019,Bihar,GOPALGANJ - BR28( 08-JUN-2017 ),4,NOT APPLICABLE,0,1,0,0,0,0,1,1,0,1,0,0,4
2019,Bihar,GOPALGANJ - BR28( 08-JUN-2017 ),5,PETROL,"1,213","2,253","2,549","2,204","1,922","2,238","1,686","1,730",826,"1,028","1,527","1,771","20,947"
2019,Bihar,GOPALGANJ - BR28( 08-JUN-2017 ),6,PETROL/CNG,0,1,0,0,1,1,0,0,0,1,0,0,4
2019,Bihar,GOPALGANJ - BR28( 08-JUN-2017 ),7,PETROL/HYBRID,0,1,0,0,1,4,0,0,0,0,1,2,9
2019,Bihar,JAMUI - BR46( 07-JUN-2017 ),1,DIESEL,256,150,112,93,121,169,153,155,180,169,158,291,"2,007"
2019,Bihar,JAMUI - BR46( 07-JUN-2017 ),2,DIESEL/HYBRID,0,0,0,0,0,0,1,0,0,0,0,0,1
2019,Bihar,JAMUI - BR46( 07-JUN-2017 ),3,ELECTRIC(BOV),8,6,5,3,5,8,26,8,26,11,16,17,139
2019,Bihar,JAMUI - BR46( 07-JUN-2017 ),4,NOT APPLICABLE,69,27,31,3,5,6,85,0,21,48,40,40,375
2019,Bihar,JAMUI - BR46( 07-JUN-2017 ),5,PETROL,515,550,806,964,"1,275","1,018",952,668,852,750,"1,086",860,"10,296"
2019,Bihar,JAMUI - BR46( 07-JUN-2017 ),6,PETROL/HYBRID,0,0,0,0,0,0,0,0,0,0,1,1,2
2019,Bihar,JEHANABAD - BR25( 26-MAY-2017 ),1,DIESEL,105,126,115,65,76,85,102,86,99,76,100,219,"1,254"
2019,Bihar,JEHANABAD - BR25( 26-MAY-2017 ),2,DIESEL/HYBRID,1,0,0,0,0,0,0,0,0,0,0,0,1
2019,Bihar,JEHANABAD - BR25( 26-MAY-2017 ),3,ELECTRIC(BOV),9,0,7,0,1,0,6,1,0,3,1,13,41
2019,Bihar,JEHANABAD - BR25( 26-MAY-2017 ),4,NOT APPLICABLE,23,50,34,0,0,1,9,2,20,12,19,47,217
2019,Bihar,JEHANABAD - BR25( 26-MAY-2017 ),5,PETROL,352,394,859,803,"1,133",746,682,429,460,348,714,555,"7,475"
2019,Bihar,JEHANABAD - BR25( 26-MAY-2017 ),6,PETROL/CNG,0,0,0,0,0,0,1,0,0,0,0,1,2
2019,Bihar,KATIHAR - BR39( 23-JAN-2018 ),1,DIESEL,249,127,323,76,124,197,287,274,179,255,144,105,"2,340"
2019,Bihar,KATIHAR - BR39( 23-JAN-2018 ),2,DIESEL/HYBRID,0,2,0,1,0,2,1,0,0,0,1,0,7
2019,Bihar,KATIHAR - BR39( 23-JAN-2018 ),3,ELECTRIC(BOV),3,18,26,10,6,5,10,6,25,42,44,25,220
2019,Bihar,KATIHAR - BR39( 23-JAN-2018 ),4,NOT APPLICABLE,19,5,9,10,1,0,10,2,17,26,12,10,121
2019,Bihar,KATIHAR - BR39( 23-JAN-2018 ),5,PETROL,"1,393","2,167","2,746","1,855","2,812","3,850","3,958","3,133","2,469","2,120","3,608","2,841","32,952"
2019,Bihar,KATIHAR - BR39( 23-JAN-2018 ),6,PETROL/HYBRID,0,1,0,0,1,1,1,0,1,0,2,0,7
2019,Bihar,KATIHAR - BR39( 23-JAN-2018 ),7,PETROL/LPG,1,0,1,0,0,0,0,0,0,0,0,0,2
2019,Bihar,KHAGARIA - BR34( 01-FEB-2018 ),1,DIESEL,209,134,101,52,129,169,105,240,124,151,192,138,"1,744"
2019,Bihar,KHAGARIA - BR34( 01-FEB-2018 ),2,DIESEL/HYBRID,0,1,0,0,0,0,0,0,0,0,0,0,1
2019,Bihar,KHAGARIA - BR34( 01-FEB-2018 ),3,ELECTRIC(BOV),11,13,20,14,9,9,0,17,16,0,7,14,130
2019,Bihar,KHAGARIA - BR34( 01-FEB-2018 ),4,NOT APPLICABLE,75,61,24,8,65,48,24,65,33,7,106,24,540
2019,Bihar,KHAGARIA - BR34( 01-FEB-2018 ),5,PETROL,580,889,"1,011",534,"1,374","1,278","1,402","1,174","1,012",525,"1,418","1,316","12,513"
2019,Bihar,KISHANGANJ - BR37( 07-FEB-2018 ),1,DIESEL,162,121,132,48,155,122,232,190,216,205,238,236,"2,057"
2019,Bihar,KISHANGANJ - BR37( 07-FEB-2018 ),2,DIESEL/HYBRID,0,0,0,1,0,0,1,0,0,0,1,0,3
2019,Bihar,KISHANGANJ - BR37( 07-FEB-2018 ),3,ELECTRIC(BOV),0,2,2,2,2,0,31,9,0,0,0,0,48
2019,Bihar,KISHANGANJ - BR37( 07-FEB-2018 ),4,NOT APPLICABLE,4,1,0,1,0,1,5,1,0,0,2,0,15
2019,Bihar,KISHANGANJ - BR37( 07-FEB-2018 ),5,PETROL,"1,469","2,441","4,047","2,968","3,084","2,251","2,173","2,456","1,921","1,532","2,364","1,267","27,973"
2019,Bihar,KISHANGANJ - BR37( 07-FEB-2018 ),6,PETROL/HYBRID,0,3,0,1,1,1,0,0,0,0,0,0,6
2019,Bihar,LAKHISARAI - BR53( 27-JAN-2017 ),1,DIESEL,111,137,167,75,76,77,142,71,70,73,54,68,"1,121"
2019,Bihar,LAKHISARAI - BR53( 27-JAN-2017 ),2,DIESEL/HYBRID,0,0,0,0,0,0,1,0,0,0,0,0,1
2019,Bihar,LAKHISARAI - BR53( 27-JAN-2017 ),3,ELECTRIC(BOV),5,14,6,8,1,1,19,1,7,17,20,8,107
2019,Bihar,LAKHISARAI - BR53( 27-JAN-2017 ),4,NOT APPLICABLE,14,28,16,24,14,2,27,3,0,10,14,11,163
2019,Bihar,LAKHISARAI - BR53( 27-JAN-2017 ),5,PETROL,118,356,409,446,303,347,756,297,247,302,416,472,"4,469"
2019,Bihar,LAKHISARAI - BR53( 27-JAN-2017 ),6,PETROL/HYBRID,0,0,0,0,0,0,0,1,0,0,0,0,1
2019,Bihar,MADHEPURA - BR43( 02-JUN-2017 ),1,DIESEL,523,286,90,91,182,146,198,258,181,320,138,378,"2,791"
2019,Bihar,MADHEPURA - BR43( 02-JUN-2017 ),2,DIESEL/HYBRID,0,0,0,0,1,0,0,0,0,0,0,0,1
2019,Bihar,MADHEPURA - BR43( 02-JUN-2017 ),3,ELECTRIC(BOV),11,27,1,2,1,1,1,1,9,7,14,6,81
2019,Bihar,MADHEPURA - BR43( 02-JUN-2017 ),4,NOT APPLICABLE,4,1,0,0,1,2,3,0,19,8,7,2,47
2019,Bihar,MADHEPURA - BR43( 02-JUN-2017 ),5,PETROL,"1,588","1,809","2,145","1,419","2,046","2,490","2,690","2,633","2,136","1,722","2,688","2,663","26,029"
2019,Bihar,MADHEPURA - BR43( 02-JUN-2017 ),6,PETROL/HYBRID,0,0,0,1,0,1,1,0,0,0,0,0,3
2019,Bihar,MADHUBANI - BR32( 01-FEB-2018 ),1,DIESEL,359,454,271,173,112,250,477,341,419,227,491,321,"3,895"
2019,Bihar,MADHUBANI - BR32( 01-FEB-2018 ),2,DIESEL/HYBRID,2,0,2,2,0,0,0,0,0,0,0,0,6
2019,Bihar,MADHUBANI - BR32( 01-FEB-2018 ),3,ELECTRIC(BOV),29,38,35,29,1,0,25,6,39,8,48,34,292
2019,Bihar,MADHUBANI - BR32( 01-FEB-2018 ),4,NOT APPLICABLE,9,8,18,4,0,6,9,2,1,13,5,19,94
2019,Bihar,MADHUBANI - BR32( 01-FEB-2018 ),5,PETROL,"2,102","2,892","4,138","4,281","4,594","4,105","2,932","2,020","2,290","2,779","3,824","2,185","38,142"
2019,Bihar,MADHUBANI - BR32( 01-FEB-2018 ),6,PETROL/CNG,0,0,0,0,0,0,0,0,0,0,1,0,1
2019,Bihar,MADHUBANI - BR32( 01-FEB-2018 ),7,PETROL/HYBRID,0,1,0,3,0,0,1,0,1,0,0,0,6
2019,Bihar,MOTIHARI - BR5( 05-JUL-2017 ),1,DIESEL,367,458,757,279,222,374,322,415,632,398,651,715,"5,590"
2019,Bihar,MOTIHARI - BR5( 05-JUL-2017 ),2,DIESEL/HYBRID,0,0,4,0,1,2,1,0,0,0,0,1,9
2019,Bihar,MOTIHARI - BR5( 05-JUL-2017 ),3,ELECTRIC(BOV),19,87,44,19,6,12,71,40,76,51,34,52,511
2019,Bihar,MOTIHARI - BR5( 05-JUL-2017 ),4,NOT APPLICABLE,15,1,5,0,0,1,1,4,2,12,34,55,130
2019,Bihar,MOTIHARI - BR5( 05-JUL-2017 ),5,PETROL,"2,831","3,926","5,675","4,001","3,915","4,260","3,471","3,206","4,780","3,311","4,462","4,036","47,874"
2019,Bihar,MOTIHARI - BR5( 05-JUL-2017 ),6,PETROL/HYBRID,0,0,0,0,0,0,0,0,1,0,4,1,6
2019,Bihar,MUNGER - BR8( 06-FEB-2018 ),1,DIESEL,83,125,54,49,36,71,80,36,107,89,45,65,840
2019,Bihar,MUNGER - BR8( 06-FEB-2018 ),2,ELECTRIC(BOV),14,30,19,27,6,3,2,17,20,43,26,32,239
2019,Bihar,MUNGER - BR8( 06-FEB-2018 ),3,NOT APPLICABLE,17,24,9,5,1,0,2,0,0,0,7,21,86
2019,Bihar,MUNGER - BR8( 06-FEB-2018 ),4,PETROL,242,704,"1,407",680,531,"1,045",887,514,"1,543",587,834,961,"9,935"
2019,Bihar,MUNGER - BR8( 06-FEB-2018 ),5,PETROL/CNG,0,0,0,0,0,0,0,0,0,0,0,1,1
2019,Bihar,MUNGER - BR8( 06-FEB-2018 ),6,PETROL/HYBRID,0,0,1,0,0,0,1,0,0,0,0,0,2
2019,Bihar,MUZAFFARPUR - BR6( 01-FEB-2018 ),1,CNG ONLY,0,0,0,0,0,1,0,0,0,0,0,0,1
2019,Bihar,MUZAFFARPUR - BR6( 01-FEB-2018 ),2,DIESEL,840,"1,149","1,101",994,864,925,914,741,"1,060","1,136","1,019","1,380","12,123"
2019,Bihar,MUZAFFARPUR - BR6( 01-FEB-2018 ),3,DIESEL/HYBRID,9,12,6,8,5,3,4,3,3,1,1,1,56
2019,Bihar,MUZAFFARPUR - BR6( 01-FEB-2018 ),4,ELECTRIC(BOV),51,52,42,48,60,53,52,12,52,58,78,72,630
2019,Bihar,MUZAFFARPUR - BR6( 01-FEB-2018 ),5,NOT APPLICABLE,7,19,16,2,4,11,5,1,3,6,2,15,91
2019,Bihar,MUZAFFARPUR - BR6( 01-FEB-2018 ),6,PETROL,"5,053","7,022","8,671","9,033","11,249","12,098","6,558","5,442","6,145","7,922","9,654","6,435","95,282"
2019,Bihar,MUZAFFARPUR - BR6( 01-FEB-2018 ),7,PETROL/CNG,3,2,2,1,0,0,1,2,1,1,0,0,13
2019,Bihar,MUZAFFARPUR - BR6( 01-FEB-2018 ),8,PETROL/HYBRID,11,9,12,10,16,10,7,5,13,20,20,11,144
2019,Bihar,NALANDA - BR21( 01-FEB-2018 ),1,DIESEL,229,322,300,265,225,177,204,194,385,317,169,369,"3,156"
2019,Bihar,NALANDA - BR21( 01-FEB-2018 ),2,DIESEL/HYBRID,0,0,0,1,0,0,0,1,1,1,1,0,5
2019,Bihar,NALANDA - BR21( 01-FEB-2018 ),3,ELECTRIC(BOV),27,32,26,36,14,20,32,10,65,89,61,90,502
2019,Bihar,NALANDA - BR21( 01-FEB-2018 ),4,NOT APPLICABLE,75,98,48,39,31,29,69,28,127,114,36,138,832
2019,Bihar,NALANDA - BR21( 01-FEB-2018 ),5,PETROL,"1,210","1,672","2,099","2,759","3,492","2,510","1,734","1,091","1,661","1,867","2,514","1,340","23,949"
2019,Bihar,NALANDA - BR21( 01-FEB-2018 ),6,PETROL/CNG,1,1,0,0,0,1,2,1,0,1,0,0,7
2019,Bihar,NALANDA - BR21( 01-FEB-2018 ),7,PETROL/HYBRID,1,0,0,0,0,0,0,1,1,0,1,2,6
2019,Bihar,NAWADA - BR27( 30-JAN-2018 ),1,DIESEL,138,209,141,100,100,128,180,145,205,133,140,168,"1,787"
2019,Bihar,NAWADA - BR27( 30-JAN-2018 ),2,DIESEL/HYBRID,0,0,0,0,1,0,0,0,0,0,0,0,1
2019,Bihar,NAWADA - BR27( 30-JAN-2018 ),3,ELECTRIC(BOV),10,6,1,5,4,41,13,32,29,35,51,48,275
2019,Bihar,NAWADA - BR27( 30-JAN-2018 ),4,NOT APPLICABLE,12,35,1,51,1,0,20,4,0,16,10,27,177
2019,Bihar,NAWADA - BR27( 30-JAN-2018 ),5,PETROL,720,"1,100","1,142",832,"1,756","1,238","2,084","1,535","1,331",694,"1,827",767,"15,026"
2019,Bihar,NAWADA - BR27( 30-JAN-2018 ),6,PETROL/HYBRID,0,1,1,0,0,1,0,0,1,1,0,0,5
2019,Bihar,PATNA - BR1( 02-FEB-2018 ),1,CNG ONLY,0,0,0,2,1,0,0,0,0,3,0,0,6
2019,Bihar,PATNA - BR1( 02-FEB-2018 ),2,DIESEL,"1,216","1,255","1,422","1,337","1,319","1,148","1,385","1,224","1,163","1,424","2,213","1,303","16,409"
2019,Bihar,PATNA - BR1( 02-FEB-2018 ),3,DIESEL/HYBRID,29,33,27,31,29,10,11,5,11,14,11,10,221
2019,Bihar,PATNA - BR1( 02-FEB-2018 ),4,ELECTRIC(BOV),250,316,243,185,175,134,260,209,354,270,438,350,"3,184"
2019,Bihar,PATNA - BR1( 02-FEB-2018 ),5,ETHANOL,0,0,0,1,2,1,0,0,2,0,0,0,6
2019,Bihar,PATNA - BR1( 02-FEB-2018 ),6,NOT APPLICABLE,219,123,124,54,74,60,123,102,132,183,185,275,"1,654"
2019,Bihar,PATNA - BR1( 02-FEB-2018 ),7,PETROL,"7,448","8,151","8,384","10,767","10,661","11,328","8,515","7,425","7,255","12,249","10,079","6,128","1,08,390"
2019,Bihar,PATNA - BR1( 02-FEB-2018 ),8,PETROL/CNG,16,14,264,276,340,342,233,281,413,396,437,590,"3,602"
2019,Bihar,PATNA - BR1( 02-FEB-2018 ),9,PETROL/HYBRID,24,41,31,50,43,25,28,47,47,99,59,51,545
2019,Bihar,PURNEA - BR11( 23-JAN-2018 ),1,DIESEL,737,919,884,901,806,830,"1,678",995,"1,409","1,333","1,537","1,374","13,403"
2019,Bihar,PURNEA - BR11( 23-JAN-2018 ),2,DIESEL/HYBRID,9,3,6,4,7,2,4,1,0,5,9,1,51
2019,Bihar,PURNEA - BR11( 23-JAN-2018 ),3,ELECTRIC(BOV),13,13,16,11,14,15,43,15,31,51,43,27,292
2019,Bihar,PURNEA - BR11( 23-JAN-2018 ),4,NOT APPLICABLE,15,37,80,45,70,52,42,41,33,38,25,20,498
2019,Bihar,PURNEA - BR11( 23-JAN-2018 ),5,PETROL,"2,414","3,397","3,643","3,146","4,452","4,177","5,597","3,789","5,529","3,377","5,429","3,580","48,530"
2019,Bihar,PURNEA - BR11( 23-JAN-2018 ),6,PETROL/HYBRID,5,3,3,3,2,3,5,4,8,7,13,7,63
2019,Bihar,PURNEA - BR11( 23-JAN-2018 ),7,PETROL/LPG,11,9,0,7,2,5,20,0,0,0,0,0,54
2019,Bihar,ROHTAS - BR24( 09-FEB-2018 ),1,DIESEL,395,452,340,303,87,260,309,307,391,359,402,400,"4,005"
2019,Bihar,ROHTAS - BR24( 09-FEB-2018 ),2,DIESEL/HYBRID,0,0,1,1,0,1,2,1,2,0,0,1,9
2019,Bihar,ROHTAS - BR24( 09-FEB-2018 ),3,ELECTRIC(BOV),3,2,3,1,2,0,0,1,0,9,15,9,45
2019,Bihar,ROHTAS - BR24( 09-FEB-2018 ),4,NOT APPLICABLE,198,52,206,70,31,0,1,1,20,17,3,24,623
2019,Bihar,ROHTAS - BR24( 09-FEB-2018 ),5,PETROL,"1,596","1,829","1,854","2,355","2,320","2,180","2,030","1,498","1,621","1,667","3,148","1,963","24,061"
2019,Bihar,ROHTAS - BR24( 09-FEB-2018 ),6,PETROL/CNG,0,0,2,0,0,0,1,0,1,2,0,2,8
2019,Bihar,ROHTAS - BR24( 09-FEB-2018 ),7,PETROL/HYBRID,0,0,0,2,1,1,0,1,1,3,1,1,11
2019,Bihar,ROHTAS - BR24( 09-FEB-2018 ),8,SOLAR,0,0,0,0,0,0,0,0,1,0,0,0,1
2019,Bihar,SAHARSA - BR19( 29-JAN-2018 ),1,DIESEL,159,142,98,31,145,108,152,168,254,156,168,197,"1,778"
2019,Bihar,SAHARSA - BR19( 29-JAN-2018 ),2,DIESEL/HYBRID,1,0,0,0,0,0,0,0,1,0,0,0,2
2019,Bihar,SAHARSA - BR19( 29-JAN-2018 ),3,ELECTRIC(BOV),17,3,3,6,14,6,18,22,36,34,43,61,263
2019,Bihar,SAHARSA - BR19( 29-JAN-2018 ),4,NOT APPLICABLE,24,8,10,5,8,0,13,41,2,20,7,9,147
2019,Bihar,SAHARSA - BR19( 29-JAN-2018 ),5,PETROL,701,"1,042","2,112","1,445","1,290","1,541","1,589","1,095","1,271",840,"1,518",792,"15,236"
2019,Bihar,SAHARSA - BR19( 29-JAN-2018 ),6,PETROL/CNG,0,0,0,0,1,0,0,0,0,0,0,0,1
2019,Bihar,SAHARSA - BR19( 29-JAN-2018 ),7,PETROL/HYBRID,0,0,0,0,1,0,0,0,0,0,0,0,1
2019,Bihar,SAMASTIPUR - BR33( 06-JUL-2017 ),1,DIESEL,327,216,192,100,265,141,211,202,258,193,380,256,"2,741"
2019,Bihar,SAMASTIPUR - BR33( 06-JUL-2017 ),2,DIESEL/HYBRID,1,0,0,1,0,3,0,1,0,0,0,0,6
2019,Bihar,SAMASTIPUR - BR33( 06-JUL-2017 ),3,ELECTRIC(BOV),58,28,22,38,41,25,118,103,122,66,119,54,794
2019,Bihar,SAMASTIPUR - BR33( 06-JUL-2017 ),4,NOT APPLICABLE,23,26,4,8,28,0,1,2,1,3,14,16,126
2019,Bihar,SAMASTIPUR - BR33( 06-JUL-2017 ),5,PETROL,"2,969","3,225","3,772","2,165","6,742","6,005","4,246","2,875","2,991","2,869","6,481","2,536","46,876"
2019,Bihar,SAMASTIPUR - BR33( 06-JUL-2017 ),6,PETROL/CNG,1,0,0,0,0,0,0,0,0,0,0,0,1
2019,Bihar,SAMASTIPUR - BR33( 06-JUL-2017 ),7,PETROL/HYBRID,0,0,0,0,0,0,0,0,0,0,1,1,2
2019,Bihar,SHEIKHPURA - BR52( 17-JUL-2017 ),1,DIESEL,85,68,78,33,71,29,55,53,85,56,70,63,746
2019,Bihar,SHEIKHPURA - BR52( 17-JUL-2017 ),2,ELECTRIC(BOV),5,3,1,3,2,1,9,7,13,24,5,40,113
2019,Bihar,SHEIKHPURA - BR52( 17-JUL-2017 ),3,NOT APPLICABLE,10,13,12,0,4,0,0,0,1,0,2,7,49
2019,Bihar,SHEIKHPURA - BR52( 17-JUL-2017 ),4,PETROL,113,237,505,250,430,441,276,199,258,199,267,271,"3,446"
2019,Bihar,SHEOHAR - BR55( 07-JUN-2017 ),1,DIESEL,4,9,17,4,10,11,21,38,28,41,32,67,282
2019,Bihar,SHEOHAR - BR55( 07-JUN-2017 ),2,ELECTRIC(BOV),0,0,0,0,0,0,0,0,0,0,1,0,1
2019,Bihar,SHEOHAR - BR55( 07-JUN-2017 ),3,NOT APPLICABLE,0,0,1,0,0,0,0,2,0,2,1,0,6
2019,Bihar,SHEOHAR - BR55( 07-JUN-2017 ),4,PETROL,235,70,279,261,320,247,165,290,283,262,357,262,"3,031"
2019,Bihar,SITAMARHI - BR30( 29-JAN-2018 ),1,DIESEL,289,143,302,236,182,200,212,217,292,357,364,404,"3,198"
2019,Bihar,SITAMARHI - BR30( 29-JAN-2018 ),2,DIESEL/HYBRID,0,0,0,1,0,0,0,0,0,0,0,0,1
2019,Bihar,SITAMARHI - BR30( 29-JAN-2018 ),3,ELECTRIC(BOV),18,8,16,9,11,15,10,40,7,20,24,47,225
2019,Bihar,SITAMARHI - BR30( 29-JAN-2018 ),4,NOT APPLICABLE,19,14,10,13,56,24,31,0,10,32,6,1,216
2019,Bihar,SITAMARHI - BR30( 29-JAN-2018 ),5,PETROL,"1,737","2,622","3,416","2,547","3,683","2,916","1,901","1,491","1,849","2,085","3,234","1,867","29,348"
2019,Bihar,SITAMARHI - BR30( 29-JAN-2018 ),6,PETROL/CNG,0,0,1,0,0,0,0,0,0,0,0,0,1
2019,Bihar,SITAMARHI - BR30( 29-JAN-2018 ),7,PETROL/HYBRID,0,0,1,0,0,0,0,0,0,0,1,0,2
2019,Bihar,SIWAN - BR29( 29-JAN-2018 ),1,DIESEL,331,376,378,216,205,242,320,287,284,343,368,290,"3,640"
2019,Bihar,SIWAN - BR29( 29-JAN-2018 ),2,DIESEL/HYBRID,0,1,1,0,1,0,2,0,0,0,0,0,5
2019,Bihar,SIWAN - BR29( 29-JAN-2018 ),3,ELECTRIC(BOV),0,42,11,8,11,1,20,23,35,19,18,29,217
2019,Bihar,SIWAN - BR29( 29-JAN-2018 ),4,NOT APPLICABLE,6,5,2,3,0,0,0,0,0,7,5,3,31
2019,Bihar,SIWAN - BR29( 29-JAN-2018 ),5,PETROL,"2,050","3,146","3,156","3,868","4,936","5,231","2,177","2,428","1,885","2,373","4,070","2,551","37,871"
2019,Bihar,SIWAN - BR29( 29-JAN-2018 ),6,PETROL/HYBRID,0,1,3,0,2,1,0,0,0,1,0,1,9
2019,Bihar,SUPAUL - BR50( 29-JAN-2018 ),1,DIESEL,331,220,323,139,153,217,244,261,270,329,366,435,"3,288"
2019,Bihar,SUPAUL - BR50( 29-JAN-2018 ),2,DIESEL/HYBRID,0,1,0,0,0,0,1,0,0,0,0,0,2
2019,Bihar,SUPAUL - BR50( 29-JAN-2018 ),3,ELECTRIC(BOV),4,3,6,4,10,7,54,18,47,35,28,27,243
2019,Bihar,SUPAUL - BR50( 29-JAN-2018 ),4,NOT APPLICABLE,6,10,3,11,6,0,13,0,1,9,7,8,74
2019,Bihar,SUPAUL - BR50( 29-JAN-2018 ),5,PETROL,"1,805","2,210","3,738","1,728","2,645","2,156","1,893","2,111","2,081","1,688","3,585","2,036","27,676"
2019,Bihar,SUPAUL - BR50( 29-JAN-2018 ),6,PETROL/HYBRID,0,0,0,0,1,0,2,0,0,0,1,4,8
2019,Bihar,VAISHALI - BR31( 13-FEB-2018 ),1,DIESEL,311,280,219,238,215,261,361,277,280,438,419,406,"3,705"
2019,Bihar,VAISHALI - BR31( 13-FEB-2018 ),2,DIESEL/HYBRID,0,3,1,1,1,0,0,0,0,0,1,0,7
2019,Bihar,VAISHALI - BR31( 13-FEB-2018 ),3,ELECTRIC(BOV),39,21,25,18,9,7,35,36,80,47,40,45,402
2019,Bihar,VAISHALI - BR31( 13-FEB-2018 ),4,NOT APPLICABLE,85,42,13,20,52,16,56,17,1,26,57,58,443
2019,Bihar,VAISHALI - BR31( 13-FEB-2018 ),5,PETROL,"2,300","2,424","2,693","2,862","4,368","4,197","2,953","2,206","2,273","2,392","4,906","2,271","35,845"
2019,Bihar,VAISHALI - BR31( 13-FEB-2018 ),6,PETROL/CNG,0,0,1,0,2,0,0,0,2,1,1,2,9
2019,Bihar,VAISHALI - BR31( 13-FEB-2018 ),7,PETROL/HYBRID,1,1,4,1,1,5,0,7,1,2,0,1,24
2018,Bihar,ARARIA - BR38( 30-JAN-2018 ),1,DIESEL,311,280,219,238,215,261,361,277,280,438,419,406,"3,705"
2018,Bihar,ARARIA - BR38( 30-JAN-2018 ),2,DIESEL/HYBRID,0,3,1,1,1,0,0,0,0,0,1,0,7
2018,Bihar,ARARIA - BR38( 30-JAN-2018 ),3,ELECTRIC(BOV),39,21,25,18,9,7,35,36,80,47,40,45,402
2018,Bihar,ARARIA - BR38( 30-JAN-2018 ),4,NOT APPLICABLE,85,42,13,20,52,16,56,17,1,26,57,58,443
2018,Bihar,ARARIA - BR38( 30-JAN-2018 ),5,PETROL,"2,300","2,424","2,693","2,862","4,368","4,197","2,953","2,206","2,273","2,392","4,906","2,271","35,845"
2018,Bihar,ARARIA - BR38( 30-JAN-2018 ),6,PETROL/CNG,0,0,1,0,2,0,0,0,2,1,1,2,9
2018,Bihar,ARARIA - BR38( 30-JAN-2018 ),7,PETROL/HYBRID,1,1,4,1,1,5,0,7,1,2,0,1,24
2018,Bihar,ARAWAL - BR56( 22-MAY-2017 ),1,DIESEL,104,127,90,68,76,50,23,84,36,46,31,55,790
2018,Bihar,ARAWAL - BR56( 22-MAY-2017 ),2,ELECTRIC(BOV),0,0,0,0,0,0,0,0,1,0,0,0,1
2018,Bihar,ARAWAL - BR56( 22-MAY-2017 ),3,NOT APPLICABLE,0,17,53,44,42,30,10,58,22,21,16,27,340
2018,Bihar,ARAWAL - BR56( 22-MAY-2017 ),4,PETROL,137,188,190,167,258,148,305,298,356,67,319,74,"2,507"
2018,Bihar,AURANGABAD - BR26( 13-JUN-2017 ),1,DIESEL,417,421,528,499,406,399,417,333,402,306,278,527,"4,933"
2018,Bihar,AURANGABAD - BR26( 13-JUN-2017 ),2,DIESEL/HYBRID,1,3,0,0,1,0,0,1,1,0,0,0,7
2018,Bihar,AURANGABAD - BR26( 13-JUN-2017 ),3,NOT APPLICABLE,197,187,235,222,201,107,212,156,210,65,61,106,"1,959"
2018,Bihar,AURANGABAD - BR26( 13-JUN-2017 ),4,PETROL,"1,058","1,122","2,050","1,801","1,880",791,804,876,"1,310",533,"1,926",819,"14,970"
2018,Bihar,AURANGABAD - BR26( 13-JUN-2017 ),5,PETROL/CNG,0,0,0,0,0,1,0,0,0,0,0,2,3
2018,Bihar,BANKA - BR51( 06-FEB-2018 ),1,DIESEL,135,13,59,60,71,77,79,89,86,50,72,90,881
2018,Bihar,BANKA - BR51( 06-FEB-2018 ),2,ELECTRIC(BOV),0,0,0,0,0,0,0,0,0,0,6,1,7
2018,Bihar,BANKA - BR51( 06-FEB-2018 ),3,NOT APPLICABLE,77,0,10,1,15,70,10,17,18,50,46,8,322
2018,Bihar,BANKA - BR51( 06-FEB-2018 ),4,PETROL,"1,146",375,587,411,"1,046",992,679,607,286,401,662,550,"7,742"
2018,Bihar,BEGUSARAI - BR9( 23-JAN-2018 ),1,CNG ONLY,1,1,0,0,1,0,0,0,0,0,1,0,4
2018,Bihar,BEGUSARAI - BR9( 23-JAN-2018 ),2,DIESEL,252,205,482,318,410,398,367,369,275,385,391,425,"4,277"
2018,Bihar,BEGUSARAI - BR9( 23-JAN-2018 ),3,DIESEL/HYBRID,0,0,4,0,0,0,1,3,1,2,0,1,12
2018,Bihar,BEGUSARAI - BR9( 23-JAN-2018 ),4,ELECTRIC(BOV),16,3,14,16,12,7,10,13,29,34,20,33,207
2018,Bihar,BEGUSARAI - BR9( 23-JAN-2018 ),5,NOT APPLICABLE,3,0,9,12,62,41,24,29,8,22,11,52,273
2018,Bihar,BEGUSARAI - BR9( 23-JAN-2018 ),6,PETROL,750,"1,217","3,699","2,257","2,467","2,420","3,062","2,617","1,984","1,945","2,832","2,220","27,470"
2018,Bihar,BEGUSARAI - BR9( 23-JAN-2018 ),7,PETROL/CNG,1,0,3,1,0,0,2,2,0,0,0,0,9
2018,Bihar,BETTIAH - BR22( 22-SEP-2017 ),1,DIESEL,786,399,631,362,275,383,208,283,343,313,414,414,"4,811"
2018,Bihar,BETTIAH - BR22( 22-SEP-2017 ),2,DIESEL/HYBRID,1,0,4,3,1,1,1,0,0,0,0,0,11
2018,Bihar,BETTIAH - BR22( 22-SEP-2017 ),3,ELECTRIC(BOV),1,8,14,9,5,10,7,14,23,3,8,9,111
2018,Bihar,BETTIAH - BR22( 22-SEP-2017 ),4,NOT APPLICABLE,1,1,11,10,7,13,5,5,28,29,17,28,155
2018,Bihar,BETTIAH - BR22( 22-SEP-2017 ),5,PETROL,"1,444","2,379","16,281","6,090","6,246","3,466","1,559","3,558","4,486","2,778","6,342","3,031","57,660"
2018,Bihar,BETTIAH - BR22( 22-SEP-2017 ),6,PETROL/HYBRID,0,0,0,0,0,0,0,0,0,0,1,0,1
2018,Bihar,BHABHUA - BR45( 23-JAN-2018 ),1,DIESEL,365,144,444,244,206,146,220,173,132,153,224,238,"2,689"
2018,Bihar,BHABHUA - BR45( 23-JAN-2018 ),2,DIESEL/HYBRID,0,1,1,0,0,0,0,1,0,0,0,0,3
2018,Bihar,BHABHUA - BR45( 23-JAN-2018 ),3,ELECTRIC(BOV),28,0,23,12,28,13,17,15,23,31,23,8,221
2018,Bihar,BHABHUA - BR45( 23-JAN-2018 ),4,NOT APPLICABLE,342,0,86,217,148,101,148,68,108,116,127,126,"1,587"
2018,Bihar,BHABHUA - BR45( 23-JAN-2018 ),5,PETROL,"1,398",475,"1,639",882,"2,006","1,250",745,561,515,416,"1,178",812,"11,877"
2018,Bihar,BHABHUA - BR45( 23-JAN-2018 ),6,SOLAR,2,0,0,0,0,0,0,0,0,0,0,0,2
2018,Bihar,BHAGALPUR - BR10( 07-FEB-2018 ),1,DIESEL,354,246,512,416,426,421,468,558,477,425,439,519,"5,261"
2018,Bihar,BHAGALPUR - BR10( 07-FEB-2018 ),2,DIESEL/HYBRID,0,0,2,0,2,0,0,1,1,0,2,1,9
2018,Bihar,BHAGALPUR - BR10( 07-FEB-2018 ),3,ELECTRIC(BOV),35,15,44,21,43,40,60,52,73,51,75,110,619
2018,Bihar,BHAGALPUR - BR10( 07-FEB-2018 ),4,NOT APPLICABLE,58,6,9,5,11,10,11,13,13,15,17,16,184
2018,Bihar,BHAGALPUR - BR10( 07-FEB-2018 ),5,PETROL,"1,227",590,"2,736","1,685","2,024","1,964","2,521","2,331","1,682","1,339","2,907","1,317","22,323"
2018,Bihar,BHAGALPUR - BR10( 07-FEB-2018 ),6,PETROL/CNG,14,0,0,0,0,0,0,0,0,0,0,0,14
2018,Bihar,BHOJPUR - BR3( 15-FEB-2018 ),1,DIESEL,289,294,358,300,336,316,313,346,250,315,361,356,"3,834"
2018,Bihar,BHOJPUR - BR3( 15-FEB-2018 ),2,DIESEL/HYBRID,0,0,2,1,0,2,1,0,0,0,0,0,6
2018,Bihar,BHOJPUR - BR3( 15-FEB-2018 ),3,ELECTRIC(BOV),0,1,13,9,3,10,9,22,25,23,20,8,143
2018,Bihar,BHOJPUR - BR3( 15-FEB-2018 ),4,LPG ONLY,0,0,0,0,0,0,1,0,0,0,0,0,1
2018,Bihar,BHOJPUR - BR3( 15-FEB-2018 ),5,NOT APPLICABLE,85,82,0,0,1,2,3,1,0,1,6,59,240
2018,Bihar,BHOJPUR - BR3( 15-FEB-2018 ),6,PETROL,"1,331","2,699","2,927","2,857","3,171","2,752","2,042","1,986","1,449","1,632","3,521","2,528","28,895"
2018,Bihar,BHOJPUR - BR3( 15-FEB-2018 ),7,PETROL/CNG,0,0,0,0,0,0,0,1,0,0,0,0,1
2018,Bihar,BHOJPUR - BR3( 15-FEB-2018 ),8,PETROL/HYBRID,0,0,0,0,0,0,0,0,0,0,0,1,1
2018,Bihar,BUXUR - BR44( 01-FEB-2018 ),1,DIESEL,294,55,115,79,155,171,167,133,178,121,114,334,"1,916"
2018,Bihar,BUXUR - BR44( 01-FEB-2018 ),2,DIESEL/HYBRID,0,2,2,0,2,0,0,0,0,0,0,0,6
2018,Bihar,BUXUR - BR44( 01-FEB-2018 ),3,ELECTRIC(BOV),0,5,14,14,26,10,8,5,29,5,17,9,142
2018,Bihar,BUXUR - BR44( 01-FEB-2018 ),4,NOT APPLICABLE,28,0,1,1,26,47,60,31,52,13,1,141,401
2018,Bihar,BUXUR - BR44( 01-FEB-2018 ),5,PETROL,"2,154",712,"1,487",666,"1,767",457,762,"1,024","1,202",269,"1,318",813,"12,631"
2018,Bihar,CHAPARA - BR4( 29-JAN-2018 ),1,CNG ONLY,0,0,0,0,0,0,0,0,0,0,1,0,1
2018,Bihar,CHAPARA - BR4( 29-JAN-2018 ),2,DIESEL,320,226,346,294,429,326,315,258,280,294,366,342,"3,796"
2018,Bihar,CHAPARA - BR4( 29-JAN-2018 ),3,DIESEL/HYBRID,0,1,2,0,2,0,0,1,0,0,0,0,6
2018,Bihar,CHAPARA - BR4( 29-JAN-2018 ),4,ELECTRIC(BOV),0,0,0,9,0,4,3,1,3,8,7,9,44
2018,Bihar,CHAPARA - BR4( 29-JAN-2018 ),5,NOT APPLICABLE,0,17,26,19,37,29,27,27,33,37,51,63,366
2018,Bihar,CHAPARA - BR4( 29-JAN-2018 ),6,PETROL,"1,038",457,"4,847","2,616","5,718","4,749","2,524","2,258","1,560","1,514","2,815","2,062","32,158"
2018,Bihar,CHAPARA - BR4( 29-JAN-2018 ),7,PETROL/CNG,0,0,0,0,0,0,0,1,0,0,0,0,1
2018,Bihar,CHAPARA - BR4( 29-JAN-2018 ),8,PETROL/HYBRID,0,0,0,0,0,0,0,0,0,0,1,0,1
2018,Bihar,DARBHANGA - BR7( 30-JAN-2018 ),1,DIESEL,760,334,566,356,432,428,541,454,309,485,679,631,"5,975"
2018,Bihar,DARBHANGA - BR7( 30-JAN-2018 ),2,DIESEL/HYBRID,0,0,1,2,1,2,2,2,1,0,1,0,12
2018,Bihar,DARBHANGA - BR7( 30-JAN-2018 ),3,ELECTRIC(BOV),0,0,0,0,4,1,6,10,2,10,5,7,45
2018,Bihar,DARBHANGA - BR7( 30-JAN-2018 ),4,NOT APPLICABLE,4,0,1,3,2,5,17,2,9,10,5,28,86
2018,Bihar,DARBHANGA - BR7( 30-JAN-2018 ),5,PETROL,"6,996","1,176","4,453","4,269","5,719","2,589","3,009","3,504","2,631","2,417","3,849","2,105","42,717"
2018,Bihar,DARBHANGA - BR7( 30-JAN-2018 ),6,PETROL/CNG,0,1,0,0,0,0,0,0,0,0,0,0,1
2018,Bihar,GAYA - BR2( 06-SEP-2017 ),1,DIESEL,583,752,777,581,567,626,590,603,643,483,539,862,"7,606"
2018,Bihar,GAYA - BR2( 06-SEP-2017 ),2,DIESEL/HYBRID,1,2,5,2,0,3,1,0,0,0,1,1,16
2018,Bihar,GAYA - BR2( 06-SEP-2017 ),3,ELECTRIC(BOV),0,1,0,2,0,3,3,4,10,33,25,16,97
2018,Bihar,GAYA - BR2( 06-SEP-2017 ),4,NOT APPLICABLE,134,126,51,65,56,113,91,85,67,73,46,55,962
2018,Bihar,GAYA - BR2( 06-SEP-2017 ),5,PETROL,"1,939","4,846","5,258","4,816","7,584","3,823","3,531","2,982","2,894","2,416","5,038","2,667","47,794"
2018,Bihar,GAYA - BR2( 06-SEP-2017 ),6,PETROL/CNG,0,0,0,1,0,0,0,0,0,0,0,1,2
2018,Bihar,GOPALGANJ - BR28( 08-JUN-2017 ),1,CNG ONLY,0,0,0,0,0,0,0,0,0,1,0,0,1
2018,Bihar,GOPALGANJ - BR28( 08-JUN-2017 ),2,DIESEL,179,217,161,180,208,161,140,196,202,131,130,291,"2,196"
2018,Bihar,GOPALGANJ - BR28( 08-JUN-2017 ),3,DIESEL/HYBRID,2,1,1,2,0,0,2,1,1,1,0,1,12
2018,Bihar,GOPALGANJ - BR28( 08-JUN-2017 ),4,ELECTRIC(BOV),11,9,6,14,6,14,1,12,32,7,31,54,197
2018,Bihar,GOPALGANJ - BR28( 08-JUN-2017 ),5,NOT APPLICABLE,3,5,7,3,1,0,0,0,2,0,0,1,22
2018,Bihar,GOPALGANJ - BR28( 08-JUN-2017 ),6,PETROL,"1,129","2,335","2,096","1,510","1,482","1,325","1,132","1,227","1,036","1,185","1,551","1,063","17,071"
2018,Bihar,GOPALGANJ - BR28( 08-JUN-2017 ),7,PETROL/CNG,0,0,0,0,1,0,0,2,0,2,0,0,5
2018,Bihar,JAMUI - BR46( 07-JUN-2017 ),1,DIESEL,122,184,315,178,220,170,231,255,246,185,238,192,"2,536"
2018,Bihar,JAMUI - BR46( 07-JUN-2017 ),2,ELECTRIC(BOV),0,0,0,0,0,0,0,0,0,1,0,59,60
2018,Bihar,JAMUI - BR46( 07-JUN-2017 ),3,NOT APPLICABLE,57,80,125,87,109,102,65,182,115,113,105,153,"1,293"
2018,Bihar,JAMUI - BR46( 07-JUN-2017 ),4,PETROL,326,880,"1,777",832,"1,485","1,029",987,954,772,468,949,618,"11,077"
2018,Bihar,JEHANABAD - BR25( 26-MAY-2017 ),1,DIESEL,168,251,223,229,182,237,194,118,140,221,159,257,"2,379"
2018,Bihar,JEHANABAD - BR25( 26-MAY-2017 ),2,DIESEL/HYBRID,0,1,0,1,1,0,0,0,0,0,0,0,3
2018,Bihar,JEHANABAD - BR25( 26-MAY-2017 ),3,ELECTRIC(BOV),0,0,0,0,8,0,4,3,5,6,7,7,40
2018,Bihar,JEHANABAD - BR25( 26-MAY-2017 ),4,NOT APPLICABLE,62,76,58,111,180,63,119,43,55,97,49,147,"1,060"
2018,Bihar,JEHANABAD - BR25( 26-MAY-2017 ),5,PETROL,219,457,651,709,"1,077",694,812,766,320,279,525,324,"6,833"
2018,Bihar,KATIHAR - BR39( 23-JAN-2018 ),1,DIESEL,165,52,233,114,131,164,201,137,116,171,159,271,"1,914"
2018,Bihar,KATIHAR - BR39( 23-JAN-2018 ),2,DIESEL/HYBRID,0,1,0,1,0,0,1,0,0,1,2,0,6
2018,Bihar,KATIHAR - BR39( 23-JAN-2018 ),3,ELECTRIC(BOV),0,13,21,3,20,17,25,28,23,35,25,42,252
2018,Bihar,KATIHAR - BR39( 23-JAN-2018 ),4,NOT APPLICABLE,63,3,51,20,44,51,19,64,35,35,45,60,490
2018,Bihar,KATIHAR - BR39( 23-JAN-2018 ),5,PETROL,"2,087","1,710","2,987","2,383","2,886","2,654","3,270","2,649","2,035","1,828","2,835","1,781","29,105"
2018,Bihar,KATIHAR - BR39( 23-JAN-2018 ),6,PETROL/CNG,2,0,0,0,0,0,0,0,0,0,0,0,2
2018,Bihar,KHAGARIA - BR34( 01-FEB-2018 ),1,DIESEL,131,45,72,94,95,106,115,137,131,166,151,208,"1,451"
2018,Bihar,KHAGARIA - BR34( 01-FEB-2018 ),2,DIESEL/HYBRID,0,0,1,0,1,1,0,0,0,0,0,0,3
2018,Bihar,KHAGARIA - BR34( 01-FEB-2018 ),3,ELECTRIC(BOV),8,0,1,0,0,7,9,6,13,16,8,31,99
2018,Bihar,KHAGARIA - BR34( 01-FEB-2018 ),4,ETHANOL,0,0,0,0,0,0,1,0,0,0,0,0,1
2018,Bihar,KHAGARIA - BR34( 01-FEB-2018 ),5,NOT APPLICABLE,29,0,12,42,32,51,38,47,24,19,23,53,370
2018,Bihar,KHAGARIA - BR34( 01-FEB-2018 ),6,PETROL,626,245,967,956,910,"1,070","1,191","1,435",554,665,"1,337","1,249","11,205"
2018,Bihar,KISHANGANJ - BR37( 07-FEB-2018 ),1,DIESEL,173,57,191,171,147,185,211,221,134,143,203,201,"2,037"
2018,Bihar,KISHANGANJ - BR37( 07-FEB-2018 ),2,DIESEL/HYBRID,0,0,3,2,2,1,2,2,0,0,1,0,13
2018,Bihar,KISHANGANJ - BR37( 07-FEB-2018 ),3,ELECTRIC(BOV),8,2,8,5,3,4,9,4,2,12,10,2,69
2018,Bihar,KISHANGANJ - BR37( 07-FEB-2018 ),4,NOT APPLICABLE,8,8,3,1,11,4,4,2,0,1,3,3,48
2018,Bihar,KISHANGANJ - BR37( 07-FEB-2018 ),5,PETROL,"2,496",348,"4,160","2,776","2,932","1,984","1,822","1,943","1,343","1,064","1,821","1,108","23,797"
2018,Bihar,LAKHISARAI - BR53( 27-JAN-2017 ),1,DIESEL,114,51,142,110,201,120,177,108,187,151,142,189,"1,692"
2018,Bihar,LAKHISARAI - BR53( 27-JAN-2017 ),2,DIESEL/HYBRID,1,0,0,0,1,0,1,0,0,0,0,0,3
2018,Bihar,LAKHISARAI - BR53( 27-JAN-2017 ),3,ELECTRIC(BOV),0,2,5,1,6,5,13,7,12,8,6,7,72
2018,Bihar,LAKHISARAI - BR53( 27-JAN-2017 ),4,NOT APPLICABLE,30,26,28,18,67,40,43,33,30,26,35,33,409
2018,Bihar,LAKHISARAI - BR53( 27-JAN-2017 ),5,PETROL,290,176,446,516,707,372,358,324,313,153,249,386,"4,290"
2018,Bihar,MADHEPURA - BR43( 02-JUN-2017 ),1,DIESEL,149,234,210,122,184,199,293,246,296,208,245,504,"2,890"
2018,Bihar,MADHEPURA - BR43( 02-JUN-2017 ),2,DIESEL/HYBRID,3,0,1,0,0,0,1,2,0,0,0,0,7
2018,Bihar,MADHEPURA - BR43( 02-JUN-2017 ),3,ELECTRIC(BOV),0,0,4,1,2,0,13,8,1,14,24,54,121
2018,Bihar,MADHEPURA - BR43( 02-JUN-2017 ),4,NOT APPLICABLE,54,78,64,29,46,59,65,17,29,12,12,40,505
2018,Bihar,MADHEPURA - BR43( 02-JUN-2017 ),5,PETROL,906,"1,563","2,039","1,186","1,711","1,668","2,206","2,060","1,338",967,"1,615","1,311","18,570"
2018,Bihar,MADHEPURA - BR43( 02-JUN-2017 ),6,PETROL/HYBRID,0,0,0,0,0,0,0,0,0,0,0,1,1
2018,Bihar,MADHUBANI - BR32( 01-FEB-2018 ),1,DIESEL,186,187,330,175,298,280,310,252,249,302,348,411,"3,328"
2018,Bihar,MADHUBANI - BR32( 01-FEB-2018 ),2,ELECTRIC(BOV),14,10,13,16,17,69,39,33,29,30,11,44,325
2018,Bihar,MADHUBANI - BR32( 01-FEB-2018 ),3,LPG ONLY,19,0,0,0,0,0,0,0,0,0,0,0,19
2018,Bihar,MADHUBANI - BR32( 01-FEB-2018 ),4,NOT APPLICABLE,4,14,69,21,27,31,12,8,14,10,6,26,242
2018,Bihar,MADHUBANI - BR32( 01-FEB-2018 ),5,PETROL,"1,598","2,030","4,739","3,941","4,651","2,761","2,283","2,214","1,883","2,296","3,822","2,100","34,318"
2018,Bihar,MADHUBANI - BR32( 01-FEB-2018 ),6,PETROL/HYBRID,0,0,0,0,0,0,0,0,0,0,1,1,2
2018,Bihar,MOTIHARI - BR5( 05-JUL-2017 ),1,DIESEL,624,915,556,298,545,593,513,445,484,377,561,591,"6,502"
2018,Bihar,MOTIHARI - BR5( 05-JUL-2017 ),2,DIESEL/HYBRID,6,3,8,1,1,3,2,2,0,0,0,0,26
2018,Bihar,MOTIHARI - BR5( 05-JUL-2017 ),3,ELECTRIC(BOV),22,17,25,5,28,6,15,56,14,52,35,50,325
2018,Bihar,MOTIHARI - BR5( 05-JUL-2017 ),4,NOT APPLICABLE,0,0,1,0,2,0,1,0,0,4,12,1,21
2018,Bihar,MOTIHARI - BR5( 05-JUL-2017 ),5,PETROL,"3,034","5,519","6,424","1,157","3,730","3,564","4,732","3,518","3,805","1,860","3,352","2,487","43,182"
2018,Bihar,MOTIHARI - BR5( 05-JUL-2017 ),6,PETROL/CNG,0,0,0,0,0,0,0,0,0,1,0,0,1
2018,Bihar,MOTIHARI - BR5( 05-JUL-2017 ),7,PETROL/HYBRID,0,0,0,0,0,0,0,0,0,0,0,1,1
2018,Bihar,MUNGER - BR8( 06-FEB-2018 ),1,DIESEL,79,56,93,62,84,44,40,44,114,80,106,73,875
2018,Bihar,MUNGER - BR8( 06-FEB-2018 ),2,DIESEL/HYBRID,0,0,1,0,0,0,0,0,0,0,0,0,1
2018,Bihar,MUNGER - BR8( 06-FEB-2018 ),3,ELECTRIC(BOV),0,6,22,11,10,14,19,20,54,45,21,23,245
2018,Bihar,MUNGER - BR8( 06-FEB-2018 ),4,NOT APPLICABLE,33,14,38,26,26,25,1,7,29,39,22,47,307
2018,Bihar,MUNGER - BR8( 06-FEB-2018 ),5,PETROL,"3,002",225,"1,222",714,836,533,634,473,"1,032",674,768,987,"11,100"
2018,Bihar,MUZAFFARPUR - BR6( 01-FEB-2018 ),1,DIESEL,785,707,"1,078",997,921,997,"1,019","1,042",954,"1,097","1,090","1,022","11,709"
2018,Bihar,MUZAFFARPUR - BR6( 01-FEB-2018 ),2,DIESEL/HYBRID,0,8,23,19,11,12,11,9,7,10,6,5,121
2018,Bihar,MUZAFFARPUR - BR6( 01-FEB-2018 ),3,ELECTRIC(BOV),13,1,9,19,17,22,29,30,22,49,38,35,284
2018,Bihar,MUZAFFARPUR - BR6( 01-FEB-2018 ),4,NOT APPLICABLE,17,1,4,17,20,6,9,15,7,14,14,12,136
2018,Bihar,MUZAFFARPUR - BR6( 01-FEB-2018 ),5,PETROL,"12,290",864,"10,582","10,172","10,957","8,862","8,076","7,705","5,821","7,064","10,353","5,408","98,154"
2018,Bihar,MUZAFFARPUR - BR6( 01-FEB-2018 ),6,PETROL/CNG,0,0,4,0,1,2,3,0,0,1,1,0,12
2018,Bihar,MUZAFFARPUR - BR6( 01-FEB-2018 ),7,PETROL/HYBRID,0,0,0,0,0,0,0,2,3,3,4,8,20
2018,Bihar,NALANDA - BR21( 01-FEB-2018 ),1,DIESEL,422,168,383,321,306,352,414,341,256,301,337,322,"3,923"
2018,Bihar,NALANDA - BR21( 01-FEB-2018 ),2,DIESEL/HYBRID,0,0,1,0,0,0,2,0,1,0,0,0,4
2018,Bihar,NALANDA - BR21( 01-FEB-2018 ),3,ELECTRIC(BOV),42,0,24,7,14,27,29,39,52,32,48,39,353
2018,Bihar,NALANDA - BR21( 01-FEB-2018 ),4,NOT APPLICABLE,160,3,65,195,123,67,135,89,140,98,108,98,"1,281"
2018,Bihar,NALANDA - BR21( 01-FEB-2018 ),5,PETROL,"2,112",690,"2,869","3,255","2,696","2,088","1,638","1,445","1,570","1,374","2,990","1,258","23,985"
2018,Bihar,NALANDA - BR21( 01-FEB-2018 ),6,PETROL/CNG,2,0,0,1,1,0,0,0,0,0,1,0,5
2018,Bihar,NAWADA - BR27( 30-JAN-2018 ),1,DIESEL,246,117,251,190,146,244,278,215,248,223,189,270,"2,617"
2018,Bihar,NAWADA - BR27( 30-JAN-2018 ),2,DIESEL/HYBRID,0,0,0,0,1,0,0,0,0,0,0,0,1
2018,Bihar,NAWADA - BR27( 30-JAN-2018 ),3,ELECTRIC(BOV),17,1,18,21,18,5,9,28,47,27,26,22,239
2018,Bihar,NAWADA - BR27( 30-JAN-2018 ),4,NOT APPLICABLE,0,28,36,24,45,77,59,35,44,99,32,58,537
2018,Bihar,NAWADA - BR27( 30-JAN-2018 ),5,PETROL,576,707,"1,086","1,767","1,755","1,293",620,824,703,"1,153","1,209",621,"12,314"
2018,Bihar,NAWADA - BR27( 30-JAN-2018 ),6,PETROL/CNG,0,0,0,0,0,0,0,1,0,0,0,0,1
2018,Bihar,PATNA - BR1( 02-FEB-2018 ),1,CNG ONLY,0,0,0,1,0,0,0,0,0,1,1,0,3
2018,Bihar,PATNA - BR1( 02-FEB-2018 ),2,DIESEL,"1,937",583,"2,064","1,647","1,818","1,357","1,763","1,685","1,167","1,555","1,809","1,627","19,012"
2018,Bihar,PATNA - BR1( 02-FEB-2018 ),3,DIESEL/HYBRID,0,10,66,43,31,34,33,49,19,26,47,38,396
2018,Bihar,PATNA - BR1( 02-FEB-2018 ),4,ELECTRIC(BOV),123,22,115,114,228,237,254,266,304,373,372,246,"2,654"
2018,Bihar,PATNA - BR1( 02-FEB-2018 ),5,ETHANOL,0,0,0,1,0,1,0,0,0,1,0,0,3
2018,Bihar,PATNA - BR1( 02-FEB-2018 ),6,LPG ONLY,3,0,0,0,0,0,0,0,0,0,0,0,3
2018,Bihar,PATNA - BR1( 02-FEB-2018 ),7,NOT APPLICABLE,52,0,20,62,237,109,133,170,90,233,223,273,"1,602"
2018,Bihar,PATNA - BR1( 02-FEB-2018 ),8,PETROL,"37,033",693,"13,571","14,724","12,896","9,456","9,836","10,131","6,854","10,514","14,689","8,993","1,49,390"
2018,Bihar,PATNA - BR1( 02-FEB-2018 ),9,PETROL/CNG,37,10,30,25,25,22,20,28,12,16,17,21,263
2018,Bihar,PATNA - BR1( 02-FEB-2018 ),10,PETROL/HYBRID,0,0,0,0,0,0,0,1,22,20,35,31,109
2018,Bihar,PATNA - BR1( 02-FEB-2018 ),11,SOLAR,2,0,0,0,1,0,0,0,0,0,0,0,3
2018,Bihar,PURNEA - BR11( 23-JAN-2018 ),1,DIESEL,919,828,874,696,912,"1,008","1,083","1,354","1,166",774,"1,404","1,207","12,225"
2018,Bihar,PURNEA - BR11( 23-JAN-2018 ),2,DIESEL/HYBRID,0,8,5,2,6,10,11,13,4,3,8,2,72
2018,Bihar,PURNEA - BR11( 23-JAN-2018 ),3,ELECTRIC(BOV),9,2,8,10,8,20,17,12,19,25,28,16,174
2018,Bihar,PURNEA - BR11( 23-JAN-2018 ),4,NOT APPLICABLE,79,10,102,38,53,101,45,54,66,73,65,49,735
2018,Bihar,PURNEA - BR11( 23-JAN-2018 ),5,PETROL,"6,059","2,162","4,586","2,659","4,090","3,572","4,479","3,824","3,022","2,793","4,701","3,368","45,315"
2018,Bihar,PURNEA - BR11( 23-JAN-2018 ),6,PETROL/CNG,2,0,0,0,0,0,0,0,0,0,0,0,2
2018,Bihar,PURNEA - BR11( 23-JAN-2018 ),7,PETROL/HYBRID,0,0,0,0,0,0,0,1,2,0,1,1,5
2018,Bihar,PURNEA - BR11( 23-JAN-2018 ),8,PETROL/LPG,1,0,0,0,0,0,4,2,0,0,0,0,7
2018,Bihar,PURNEA - BR11( 23-JAN-2018 ),9,SOLAR,1,0,0,0,0,0,0,0,0,0,0,0,1
2018,Bihar,ROHTAS - BR24( 09-FEB-2018 ),1,DIESEL,627,403,470,567,345,472,340,342,352,438,343,400,"5,099"
2018,Bihar,ROHTAS - BR24( 09-FEB-2018 ),2,DIESEL/HYBRID,0,0,0,3,0,1,3,0,3,0,0,0,10
2018,Bihar,ROHTAS - BR24( 09-FEB-2018 ),3,ELECTRIC(BOV),0,0,0,0,0,1,0,0,0,0,0,0,1
2018,Bihar,ROHTAS - BR24( 09-FEB-2018 ),4,NOT APPLICABLE,0,0,1,19,153,28,145,53,207,145,101,81,933
2018,Bihar,ROHTAS - BR24( 09-FEB-2018 ),5,PETROL,"4,584","1,644","3,291","2,959","2,715","2,134","1,465","1,795","1,418","1,468","2,819","2,370","28,662"
2018,Bihar,ROHTAS - BR24( 09-FEB-2018 ),6,PETROL/CNG,1,1,0,1,0,1,0,1,0,1,0,0,6
2018,Bihar,SAHARSA - BR19( 29-JAN-2018 ),1,DIESEL,124,85,68,91,100,128,101,119,127,82,79,174,"1,278"
2018,Bihar,SAHARSA - BR19( 29-JAN-2018 ),2,DIESEL/HYBRID,0,2,0,1,0,1,0,2,0,0,0,0,6
2018,Bihar,SAHARSA - BR19( 29-JAN-2018 ),3,ELECTRIC(BOV),63,5,4,10,19,31,28,25,19,37,16,26,283
2018,Bihar,SAHARSA - BR19( 29-JAN-2018 ),4,NOT APPLICABLE,18,28,31,18,15,36,9,5,5,3,10,34,212
2018,Bihar,SAHARSA - BR19( 29-JAN-2018 ),5,PETROL,968,925,"1,555","1,349","1,397","1,450","1,407","1,361","1,126",713,"1,214","1,017","14,482"
2018,Bihar,SAMASTIPUR - BR33( 06-JUL-2017 ),1,DIESEL,416,208,302,257,157,238,339,239,223,286,249,261,"3,175"
2018,Bihar,SAMASTIPUR - BR33( 06-JUL-2017 ),2,DIESEL/HYBRID,2,2,1,0,0,0,0,1,0,0,1,0,7
2018,Bihar,SAMASTIPUR - BR33( 06-JUL-2017 ),3,ELECTRIC(BOV),33,36,16,18,20,26,31,43,61,44,48,56,432
2018,Bihar,SAMASTIPUR - BR33( 06-JUL-2017 ),4,NOT APPLICABLE,48,23,86,68,26,24,41,24,13,15,19,29,416
2018,Bihar,SAMASTIPUR - BR33( 06-JUL-2017 ),5,PETROL,"3,371","4,554","4,509","4,388","5,157","3,608","4,343","3,271","2,862","2,982","5,342","3,084","47,471"
2018,Bihar,SHEIKHPURA - BR52( 17-JUL-2017 ),1,DIESEL,122,84,101,91,67,86,105,63,63,79,104,75,"1,040"
2018,Bihar,SHEIKHPURA - BR52( 17-JUL-2017 ),2,ELECTRIC(BOV),0,1,2,14,2,1,5,2,9,1,5,1,43
2018,Bihar,SHEIKHPURA - BR52( 17-JUL-2017 ),3,NOT APPLICABLE,44,18,30,29,11,25,19,9,11,11,9,14,230
2018,Bihar,SHEIKHPURA - BR52( 17-JUL-2017 ),4,PETROL,200,271,435,204,384,316,255,588,272,204,312,367,"3,808"
2018,Bihar,SHEOHAR - BR55( 07-JUN-2017 ),1,DIESEL,17,19,9,17,16,12,7,6,13,9,9,18,152
2018,Bihar,SHEOHAR - BR55( 07-JUN-2017 ),2,NOT APPLICABLE,0,4,1,4,1,2,2,2,0,3,0,0,19
2018,Bihar,SHEOHAR - BR55( 07-JUN-2017 ),3,PETROL,147,404,510,90,361,486,232,101,221,181,251,86,"3,070"
2018,Bihar,SITAMARHI - BR30( 29-JAN-2018 ),1,DIESEL,283,183,191,184,249,185,257,204,242,264,270,258,"2,770"
2018,Bihar,SITAMARHI - BR30( 29-JAN-2018 ),2,DIESEL/HYBRID,0,1,3,0,0,1,0,1,0,0,0,0,6
2018,Bihar,SITAMARHI - BR30( 29-JAN-2018 ),3,ELECTRIC(BOV),0,0,0,0,0,0,0,0,0,2,3,12,17
2018,Bihar,SITAMARHI - BR30( 29-JAN-2018 ),4,NOT APPLICABLE,0,0,4,22,27,24,16,13,27,36,32,20,221
2018,Bihar,SITAMARHI - BR30( 29-JAN-2018 ),5,PETROL,"3,349","1,040","2,823","3,190","3,368","2,462","2,038","2,384","1,908","1,946","2,711","1,842","29,061"
2018,Bihar,SITAMARHI - BR30( 29-JAN-2018 ),6,PETROL/CNG,0,0,1,0,1,0,2,0,0,0,0,0,4
2018,Bihar,SIWAN - BR29( 29-JAN-2018 ),1,CNG ONLY,1,0,0,0,0,0,0,0,0,0,0,0,1
2018,Bihar,SIWAN - BR29( 29-JAN-2018 ),2,DIESEL,309,398,402,270,319,266,354,379,313,274,438,485,"4,207"
2018,Bihar,SIWAN - BR29( 29-JAN-2018 ),3,DIESEL/HYBRID,0,3,2,1,0,1,0,0,0,0,1,0,8
2018,Bihar,SIWAN - BR29( 29-JAN-2018 ),4,ELECTRIC(BOV),2,4,2,4,4,1,5,1,0,2,7,5,37
2018,Bihar,SIWAN - BR29( 29-JAN-2018 ),5,NOT APPLICABLE,0,1,22,6,6,4,0,0,3,3,2,1,48
2018,Bihar,SIWAN - BR29( 29-JAN-2018 ),6,PETROL,"2,675","2,428","4,389","3,660","4,698","4,083","4,237","2,589","1,433","1,608","3,365","1,754","36,919"
2018,Bihar,SIWAN - BR29( 29-JAN-2018 ),7,PETROL/CNG,0,0,0,1,0,0,0,1,0,0,0,0,2
2018,Bihar,SUPAUL - BR50( 29-JAN-2018 ),1,DIESEL,171,109,109,135,209,204,210,274,195,201,297,321,"2,435"
2018,Bihar,SUPAUL - BR50( 29-JAN-2018 ),2,DIESEL/HYBRID,0,0,0,1,2,2,1,2,0,1,1,1,11
2018,Bihar,SUPAUL - BR50( 29-JAN-2018 ),3,ELECTRIC(BOV),0,0,0,1,2,0,8,8,8,11,35,1,74
2018,Bihar,SUPAUL - BR50( 29-JAN-2018 ),4,NOT APPLICABLE,28,0,1,17,11,10,13,20,7,13,7,25,152
2018,Bihar,SUPAUL - BR50( 29-JAN-2018 ),5,PETROL,"1,065","1,889","2,472","1,581","2,396","1,620","1,704","1,987","1,257","1,259","2,275","1,071","20,576"
2018,Bihar,SUPAUL - BR50( 29-JAN-2018 ),6,PETROL/HYBRID,0,0,0,0,0,0,0,0,0,0,0,1,1
2018,Bihar,VAISHALI - BR31( 13-FEB-2018 ),1,DIESEL,320,229,364,367,357,325,303,416,311,379,389,403,"4,163"
2018,Bihar,VAISHALI - BR31( 13-FEB-2018 ),2,DIESEL/HYBRID,0,0,1,1,1,0,0,1,0,0,0,0,4
2018,Bihar,VAISHALI - BR31( 13-FEB-2018 ),3,ELECTRIC(BOV),35,0,18,40,17,24,25,29,50,53,52,38,381
2018,Bihar,VAISHALI - BR31( 13-FEB-2018 ),4,NOT APPLICABLE,37,14,0,28,21,34,46,44,57,26,59,49,415
2018,Bihar,VAISHALI - BR31( 13-FEB-2018 ),5,PETROL,"7,991","4,161","4,007","3,663","4,581","4,008","4,081","3,326","2,746","2,264","3,470","3,258","47,556"
2018,Bihar,VAISHALI - BR31( 13-FEB-2018 ),6,PETROL/CNG,3,2,0,0,0,2,0,0,0,0,0,0,7
2018,Bihar,VAISHALI - BR31( 13-FEB-2018 ),7,PETROL/HYBRID,0,0,0,0,0,0,0,0,0,0,0,1,1
2018,Bihar,VAISHALI - BR31( 13-FEB-2018 ),8,SOLAR,3,0,0,0,0,0,0,0,0,0,0,0,3
2017,Bihar,ARARIA - BR38( 30-JAN-2018 ),1,DIESEL,145,190,289,113,147,242,554,241,181,270,385,274,"3,031"
2017,Bihar,ARARIA - BR38( 30-JAN-2018 ),2,ELECTRIC(BOV),0,0,0,0,0,0,1,0,0,0,0,0,1
2017,Bihar,ARARIA - BR38( 30-JAN-2018 ),3,NOT APPLICABLE,0,0,0,1,0,0,0,1,0,0,4,1,7
2017,Bihar,ARARIA - BR38( 30-JAN-2018 ),4,PETROL,516,694,"2,245",702,"3,195","1,718","1,831",714,"1,366",383,"2,815",985,"17,164"
2017,Bihar,ARARIA - BR38( 30-JAN-2018 ),5,PETROL/CNG,1,0,1,0,0,0,0,0,1,0,0,0,3
2017,Bihar,ARAWAL - BR56( 22-MAY-2017 ),1,DIESEL,32,56,68,42,0,3,116,78,63,41,61,89,649
2017,Bihar,ARAWAL - BR56( 22-MAY-2017 ),2,DIESEL/HYBRID,0,0,0,0,0,1,3,1,0,0,0,1,6
2017,Bihar,ARAWAL - BR56( 22-MAY-2017 ),3,PETROL,9,378,212,316,277,155,330,253,252,68,350,265,"2,865"
2017,Bihar,ARAWAL - BR56( 22-MAY-2017 ),4,PETROL/CNG,0,0,0,1,0,0,0,0,0,0,0,0,1
2017,Bihar,AURANGABAD - BR26( 13-JUN-2017 ),1,DIESEL,318,410,408,512,222,106,313,157,276,312,395,422,"3,851"
2017,Bihar,AURANGABAD - BR26( 13-JUN-2017 ),2,DIESEL/HYBRID,0,0,0,0,0,0,18,8,11,9,1,3,50
2017,Bihar,AURANGABAD - BR26( 13-JUN-2017 ),3,NOT APPLICABLE,63,117,88,79,28,69,4,16,20,10,24,89,607
2017,Bihar,AURANGABAD - BR26( 13-JUN-2017 ),4,PETROL,368,87,"1,202","1,773","3,243",578,"1,001",763,826,"1,041","1,741","1,024","13,647"
2017,Bihar,AURANGABAD - BR26( 13-JUN-2017 ),5,PETROL/CNG,0,1,0,0,0,0,0,0,0,0,0,0,1
2017,Bihar,AURANGABAD - BR26( 13-JUN-2017 ),6,PETROL/LPG,1,0,0,0,0,0,0,0,0,0,0,0,1
2017,Bihar,BANKA - BR51( 06-FEB-2018 ),1,DIESEL,78,50,131,128,84,109,155,113,144,85,174,103,"1,354"
2017,Bihar,BANKA - BR51( 06-FEB-2018 ),2,NOT APPLICABLE,25,13,41,30,3,38,129,85,117,37,87,60,665
2017,Bihar,BANKA - BR51( 06-FEB-2018 ),3,PETROL,449,296,261,661,"1,061","1,069",876,105,824,473,809,212,"7,096"
2017,Bihar,BANKA - BR51( 06-FEB-2018 ),4,PETROL/CNG,0,0,0,0,0,3,0,0,1,0,0,0,4
2017,Bihar,BEGUSARAI - BR9( 23-JAN-2018 ),1,CNG ONLY,0,0,0,0,0,0,1,0,0,0,0,1,2
2017,Bihar,BEGUSARAI - BR9( 23-JAN-2018 ),2,DIESEL,258,311,517,446,132,238,424,337,291,367,469,427,"4,217"
2017,Bihar,BEGUSARAI - BR9( 23-JAN-2018 ),3,DIESEL/HYBRID,1,0,0,0,0,0,0,0,0,0,0,0,1
2017,Bihar,BEGUSARAI - BR9( 23-JAN-2018 ),4,ELECTRIC(BOV),13,5,3,11,0,15,2,16,5,35,16,25,146
2017,Bihar,BEGUSARAI - BR9( 23-JAN-2018 ),5,PETROL,925,"1,508","2,095","1,881","3,926","2,859","2,215","1,325","1,735","3,226","2,186","1,384","25,265"
2017,Bihar,BEGUSARAI - BR9( 23-JAN-2018 ),6,PETROL/CNG,0,0,1,2,12,8,1,0,0,3,1,4,32
2017,Bihar,BETTIAH - BR22( 22-SEP-2017 ),1,DIESEL,295,165,393,282,194,103,95,94,1,30,168,494,"2,314"
2017,Bihar,BETTIAH - BR22( 22-SEP-2017 ),2,DIESEL/HYBRID,0,0,0,0,0,0,0,1,0,2,0,7,10
2017,Bihar,BETTIAH - BR22( 22-SEP-2017 ),3,ELECTRIC(BOV),0,0,4,0,2,2,0,0,0,0,1,11,20
2017,Bihar,BETTIAH - BR22( 22-SEP-2017 ),4,NOT APPLICABLE,7,11,40,17,6,0,0,4,0,0,0,1,86
2017,Bihar,BETTIAH - BR22( 22-SEP-2017 ),5,PETROL,"1,961","2,779","4,132","2,967",923,"2,033","2,035","1,550",22,26,"3,683","1,098","23,209"
2017,Bihar,BETTIAH - BR22( 22-SEP-2017 ),6,PETROL/CNG,17,0,4,1,0,0,0,0,0,0,0,0,22
2017,Bihar,BETTIAH - BR22( 22-SEP-2017 ),7,SOLAR,0,0,1,1,0,0,0,0,0,0,0,0,2
2017,Bihar,BHABHUA - BR45( 23-JAN-2018 ),1,CNG ONLY,0,0,0,0,0,0,0,0,0,0,1,0,1
2017,Bihar,BHABHUA - BR45( 23-JAN-2018 ),2,DIESEL,74,145,178,254,46,98,60,46,489,301,235,404,"2,330"
2017,Bihar,BHABHUA - BR45( 23-JAN-2018 ),3,ELECTRIC(BOV),5,9,4,0,5,8,4,20,6,41,6,20,128
2017,Bihar,BHABHUA - BR45( 23-JAN-2018 ),4,NOT APPLICABLE,16,64,79,25,13,9,1,6,547,180,33,312,"1,285"
2017,Bihar,BHABHUA - BR45( 23-JAN-2018 ),5,PETROL,398,374,813,759,384,222,"2,022","1,492",530,762,"1,058","1,027","9,841"
2017,Bihar,BHABHUA - BR45( 23-JAN-2018 ),6,PETROL/CNG,0,0,0,0,0,0,0,0,0,0,1,0,1
2017,Bihar,BHAGALPUR - BR10( 07-FEB-2018 ),1,DIESEL,174,213,248,256,216,226,226,279,294,279,410,342,"3,163"
2017,Bihar,BHAGALPUR - BR10( 07-FEB-2018 ),2,ELECTRIC(BOV),14,8,46,13,8,15,43,52,137,55,65,57,513
2017,Bihar,BHAGALPUR - BR10( 07-FEB-2018 ),3,NOT APPLICABLE,54,46,48,31,6,10,3,3,25,19,40,51,336
2017,Bihar,BHAGALPUR - BR10( 07-FEB-2018 ),4,PETROL,810,"1,225","1,201","1,249","2,100","2,387","1,573","1,938","1,406","2,295","2,670","1,270","20,124"
2017,Bihar,BHAGALPUR - BR10( 07-FEB-2018 ),5,PETROL/CNG,0,1,2,0,2,5,1,0,2,10,6,5,34
2017,Bihar,BHOJPUR - BR3( 15-FEB-2018 ),1,DIESEL,213,328,315,489,117,153,387,312,291,219,399,308,"3,531"
2017,Bihar,BHOJPUR - BR3( 15-FEB-2018 ),2,DIESEL/HYBRID,0,1,0,0,0,0,0,0,0,0,0,0,1
2017,Bihar,BHOJPUR - BR3( 15-FEB-2018 ),3,ELECTRIC(BOV),0,0,0,0,0,0,2,1,0,0,0,0,3
2017,Bihar,BHOJPUR - BR3( 15-FEB-2018 ),4,NOT APPLICABLE,46,121,78,40,6,1,204,132,82,67,137,105,"1,019"
2017,Bihar,BHOJPUR - BR3( 15-FEB-2018 ),5,PETROL,960,"1,029","1,585","1,476","1,238","3,913","2,818",891,"1,581",532,"3,837","3,268","23,128"
2017,Bihar,BUXUR - BR44( 01-FEB-2018 ),1,DIESEL,121,193,193,235,98,67,48,13,96,128,321,204,"1,717"
2017,Bihar,BUXUR - BR44( 01-FEB-2018 ),2,NOT APPLICABLE,0,0,0,0,1,0,0,0,0,3,18,11,33
2017,Bihar,BUXUR - BR44( 01-FEB-2018 ),3,PETROL,577,676,736,439,856,"1,068",162,777,795,"1,405",138,971,"8,600"
2017,Bihar,BUXUR - BR44( 01-FEB-2018 ),4,PETROL/CNG,0,0,0,0,1,0,0,0,2,1,0,0,4
2017,Bihar,CHAPARA - BR4( 29-JAN-2018 ),1,CNG ONLY,0,1,0,0,0,0,0,0,0,0,0,0,1
2017,Bihar,CHAPARA - BR4( 29-JAN-2018 ),2,DIESEL,215,232,202,337,126,211,276,163,196,184,376,317,"2,835"
2017,Bihar,CHAPARA - BR4( 29-JAN-2018 ),3,ELECTRIC(BOV),0,0,0,0,0,0,0,0,2,0,0,0,2
2017,Bihar,CHAPARA - BR4( 29-JAN-2018 ),4,PETROL,"1,205",419,"1,124","2,560","4,490","3,913","1,811","1,174","1,242","3,422","3,069","1,488","25,917"
2017,Bihar,CHAPARA - BR4( 29-JAN-2018 ),5,PETROL/CNG,0,0,0,0,0,0,0,0,1,0,0,0,1
2017,Bihar,DARBHANGA - BR7( 30-JAN-2018 ),1,DIESEL,391,389,494,501,185,269,333,487,481,441,440,574,"4,985"
2017,Bihar,DARBHANGA - BR7( 30-JAN-2018 ),2,DIESEL/HYBRID,0,0,0,0,0,0,0,0,1,0,0,0,1
2017,Bihar,DARBHANGA - BR7( 30-JAN-2018 ),3,ELECTRIC(BOV),1,0,0,0,0,0,0,0,0,2,1,0,4
2017,Bihar,DARBHANGA - BR7( 30-JAN-2018 ),4,NOT APPLICABLE,10,17,31,6,1,21,3,4,2,5,0,0,100
2017,Bihar,DARBHANGA - BR7( 30-JAN-2018 ),5,PETROL,"1,955","2,216","3,596","3,836",870,"1,571","3,319","2,826","2,215","1,661","1,402","1,940","27,407"
2017,Bihar,GAYA - BR2( 06-SEP-2017 ),1,DIESEL,430,456,572,620,339,419,549,563,96,518,904,706,"6,172"
2017,Bihar,GAYA - BR2( 06-SEP-2017 ),2,DIESEL/HYBRID,0,0,0,0,0,0,0,0,6,12,9,3,30
2017,Bihar,GAYA - BR2( 06-SEP-2017 ),3,ELECTRIC(BOV),0,0,0,0,0,1,1,1,0,0,0,0,3
2017,Bihar,GAYA - BR2( 06-SEP-2017 ),4,NOT APPLICABLE,51,67,47,24,46,112,136,80,1,0,29,89,682
2017,Bihar,GAYA - BR2( 06-SEP-2017 ),5,PETROL,"1,917","1,384","2,329","2,303","3,898","8,020","4,004","1,475",124,"1,768","3,195","5,384","35,801"
2017,Bihar,GAYA - BR2( 06-SEP-2017 ),6,PETROL/CNG,1,0,0,1,1,1,0,0,0,0,1,0,5
2017,Bihar,GAYA - BR2( 06-SEP-2017 ),7,PETROL/LPG,0,0,0,0,0,1,0,0,0,0,0,0,1
2017,Bihar,GOPALGANJ - BR28( 08-JUN-2017 ),1,DIESEL,36,32,281,229,165,4,115,98,101,117,228,342,"1,748"
2017,Bihar,GOPALGANJ - BR28( 08-JUN-2017 ),2,DIESEL/HYBRID,0,1,0,1,2,4,13,4,6,5,2,4,42
2017,Bihar,GOPALGANJ - BR28( 08-JUN-2017 ),3,ELECTRIC(BOV),0,0,0,0,1,0,0,0,0,7,29,34,71
2017,Bihar,GOPALGANJ - BR28( 08-JUN-2017 ),4,PETROL,907,"2,164","1,789",871,"2,413",47,"1,395","1,761","1,458","1,353","4,098","1,628","19,884"
2017,Bihar,GOPALGANJ - BR28( 08-JUN-2017 ),5,PETROL/CNG,0,0,0,0,0,0,0,1,0,0,0,0,1
2017,Bihar,JAMUI - BR46( 07-JUN-2017 ),1,DIESEL,92,91,166,74,57,0,133,88,147,95,145,192,"1,280"
2017,Bihar,JAMUI - BR46( 07-JUN-2017 ),2,DIESEL/HYBRID,0,0,0,1,0,0,3,2,1,1,5,0,13
2017,Bihar,JAMUI - BR46( 07-JUN-2017 ),3,NOT APPLICABLE,38,28,53,11,6,0,0,47,57,12,41,74,367
2017,Bihar,JAMUI - BR46( 07-JUN-2017 ),4,PETROL,220,33,487,305,"1,390",816,338,432,569,421,518,"1,938","7,467"
2017,Bihar,JEHANABAD - BR25( 26-MAY-2017 ),1,DIESEL,107,135,104,120,33,51,126,87,79,164,132,235,"1,373"
2017,Bihar,JEHANABAD - BR25( 26-MAY-2017 ),2,DIESEL/HYBRID,0,0,0,0,0,1,3,0,0,3,1,2,10
2017,Bihar,JEHANABAD - BR25( 26-MAY-2017 ),3,NOT APPLICABLE,47,71,42,34,0,0,0,68,0,1,0,25,288
2017,Bihar,JEHANABAD - BR25( 26-MAY-2017 ),4,PETROL,230,284,593,933,923,125,173,697,382,519,730,"1,009","6,598"
2017,Bihar,JEHANABAD - BR25( 26-MAY-2017 ),5,PETROL/LPG,0,0,0,0,0,0,0,0,1,0,0,0,1
2017,Bihar,KATIHAR - BR39( 23-JAN-2018 ),1,DIESEL,82,97,108,80,65,160,349,61,72,179,177,204,"1,634"
2017,Bihar,KATIHAR - BR39( 23-JAN-2018 ),2,NOT APPLICABLE,27,31,24,17,14,43,43,64,3,16,61,71,414
2017,Bihar,KATIHAR - BR39( 23-JAN-2018 ),3,PETROL,780,"1,003","1,271","1,856","4,536","3,217","3,181","1,732","1,770","2,620","2,289","1,813","26,068"
2017,Bihar,KATIHAR - BR39( 23-JAN-2018 ),4,PETROL/CNG,0,0,0,2,0,0,1,0,2,0,0,0,5
2017,Bihar,KHAGARIA - BR34( 01-FEB-2018 ),1,DIESEL,129,147,197,107,62,110,180,154,96,233,237,106,"1,758"
2017,Bihar,KHAGARIA - BR34( 01-FEB-2018 ),2,ELECTRIC(BOV),0,0,0,0,0,0,0,0,0,0,0,1,1
2017,Bihar,KHAGARIA - BR34( 01-FEB-2018 ),3,NOT APPLICABLE,28,8,13,42,30,37,100,81,21,112,66,44,582
2017,Bihar,KHAGARIA - BR34( 01-FEB-2018 ),4,PETROL,409,20,194,458,"1,995","2,176",941,568,646,"1,167",807,520,"9,901"
2017,Bihar,KISHANGANJ - BR37( 07-FEB-2018 ),1,DIESEL,96,82,137,59,57,111,230,96,106,95,205,180,"1,454"
2017,Bihar,KISHANGANJ - BR37( 07-FEB-2018 ),2,ELECTRIC(BOV),0,0,0,0,0,0,0,0,0,0,8,5,13
2017,Bihar,KISHANGANJ - BR37( 07-FEB-2018 ),3,NOT APPLICABLE,2,1,7,6,3,4,12,1,3,0,3,5,47
2017,Bihar,KISHANGANJ - BR37( 07-FEB-2018 ),4,PETROL,820,"1,141","1,892","1,572",397,"4,158","3,276","1,468",555,"1,536","1,680","1,259","19,754"
2017,Bihar,LAKHISARAI - BR53( 27-JAN-2017 ),1,DIESEL,28,15,92,69,38,45,90,58,48,71,110,111,775
2017,Bihar,LAKHISARAI - BR53( 27-JAN-2017 ),2,DIESEL/HYBRID,0,0,1,2,1,1,1,3,2,5,3,0,19
2017,Bihar,LAKHISARAI - BR53( 27-JAN-2017 ),3,NOT APPLICABLE,0,0,1,9,2,1,15,6,2,2,36,16,90
2017,Bihar,LAKHISARAI - BR53( 27-JAN-2017 ),4,PETROL,118,15,78,56,157,585,837,607,257,147,334,604,"3,795"
2017,Bihar,LAKHISARAI - BR53( 27-JAN-2017 ),5,PETROL/CNG,0,1,0,0,0,0,0,0,0,0,0,0,1
2017,Bihar,MADHEPURA - BR43( 02-JUN-2017 ),1,DIESEL,116,142,112,169,82,10,46,279,211,304,367,340,"2,178"
2017,Bihar,MADHEPURA - BR43( 02-JUN-2017 ),2,DIESEL/HYBRID,0,0,0,0,0,1,2,3,2,0,2,1,11
2017,Bihar,MADHEPURA - BR43( 02-JUN-2017 ),3,NOT APPLICABLE,29,29,32,38,7,0,0,2,1,28,47,54,267
2017,Bihar,MADHEPURA - BR43( 02-JUN-2017 ),4,PETROL,780,751,462,425,"2,407",131,262,650,"3,000","3,010","2,152","3,015","17,045"
2017,Bihar,MADHEPURA - BR43( 02-JUN-2017 ),5,PETROL/CNG,0,0,0,1,1,0,0,0,0,0,0,0,2
2017,Bihar,MADHUBANI - BR32( 01-FEB-2018 ),1,DIESEL,186,186,239,158,187,248,271,207,199,311,396,387,"2,975"
2017,Bihar,MADHUBANI - BR32( 01-FEB-2018 ),2,ELECTRIC(BOV),0,0,0,0,0,0,0,0,0,0,2,47,49
2017,Bihar,MADHUBANI - BR32( 01-FEB-2018 ),3,LPG ONLY,47,44,31,14,19,48,54,8,13,19,48,37,382
2017,Bihar,MADHUBANI - BR32( 01-FEB-2018 ),4,NOT APPLICABLE,0,0,2,0,0,1,1,0,0,2,8,7,21
2017,Bihar,MADHUBANI - BR32( 01-FEB-2018 ),5,PETROL,"1,091","1,851","2,804","3,275","5,625","2,393","1,914","1,170","1,714","2,368","2,642","2,450","29,297"
2017,Bihar,MADHUBANI - BR32( 01-FEB-2018 ),6,PETROL/CNG,0,0,1,0,0,0,0,0,0,0,0,0,1
2017,Bihar,MOTIHARI - BR5( 05-JUL-2017 ),1,DIESEL,270,292,478,410,192,27,51,332,220,315,564,575,"3,726"
2017,Bihar,MOTIHARI - BR5( 05-JUL-2017 ),2,DIESEL/HYBRID,0,0,0,0,1,1,17,52,16,19,19,11,136
2017,Bihar,MOTIHARI - BR5( 05-JUL-2017 ),3,ELECTRIC(BOV),2,2,4,11,5,0,2,18,4,7,8,4,67
2017,Bihar,MOTIHARI - BR5( 05-JUL-2017 ),4,NOT APPLICABLE,1,2,7,1,0,1,0,0,0,0,0,0,12
2017,Bihar,MOTIHARI - BR5( 05-JUL-2017 ),5,PETROL,"1,349",681,"1,223","1,203","2,919","7,879",161,"2,541","2,120",634,"4,036","2,008","26,754"
2017,Bihar,MOTIHARI - BR5( 05-JUL-2017 ),6,PETROL/CNG,0,0,0,0,0,1,0,0,0,0,0,0,1
2017,Bihar,MOTIHARI - BR5( 05-JUL-2017 ),7,PETROL/LPG,0,0,0,0,1,0,0,0,0,0,0,0,1
2017,Bihar,MUNGER - BR8( 06-FEB-2018 ),1,DIESEL,27,43,54,70,28,44,78,85,58,56,103,76,722
2017,Bihar,MUNGER - BR8( 06-FEB-2018 ),2,NOT APPLICABLE,7,12,13,3,13,5,35,28,9,12,52,36,225
2017,Bihar,MUNGER - BR8( 06-FEB-2018 ),3,PETROL,350,87,265,325,717,"1,199","1,185",510,764,483,265,565,"6,715"
2017,Bihar,MUZAFFARPUR - BR6( 01-FEB-2018 ),1,DIESEL,461,727,956,766,492,607,622,684,785,949,"1,095",807,"8,951"
2017,Bihar,MUZAFFARPUR - BR6( 01-FEB-2018 ),2,ELECTRIC(BOV),10,9,12,4,9,8,6,9,14,26,24,15,146
2017,Bihar,MUZAFFARPUR - BR6( 01-FEB-2018 ),3,LPG ONLY,0,0,0,0,0,1,0,0,1,0,0,0,2
2017,Bihar,MUZAFFARPUR - BR6( 01-FEB-2018 ),4,NOT APPLICABLE,10,15,20,5,3,15,11,11,2,2,12,12,118
2017,Bihar,MUZAFFARPUR - BR6( 01-FEB-2018 ),5,PETROL,"3,702","3,780","3,499",946,"8,045","8,131","3,189","9,673","5,511","4,193","9,611","5,587","65,867"
2017,Bihar,MUZAFFARPUR - BR6( 01-FEB-2018 ),6,PETROL/CNG,1,3,0,0,2,3,0,1,1,0,1,2,14
2017,Bihar,MUZAFFARPUR - BR6( 01-FEB-2018 ),7,PETROL/LPG,0,0,0,0,1,0,0,0,0,0,0,0,1
2017,Bihar,MUZAFFARPUR - BR6( 01-FEB-2018 ),8,SOLAR,0,0,0,0,1,0,0,0,1,0,0,0,2
2017,Bihar,NALANDA - BR21( 01-FEB-2018 ),1,DIESEL,209,240,378,248,102,226,276,219,194,262,366,469,"3,189"
2017,Bihar,NALANDA - BR21( 01-FEB-2018 ),2,DIESEL/HYBRID,0,0,0,0,0,1,0,0,0,0,0,0,1
2017,Bihar,NALANDA - BR21( 01-FEB-2018 ),3,ELECTRIC(BOV),1,1,0,10,3,17,36,30,49,48,39,38,272
2017,Bihar,NALANDA - BR21( 01-FEB-2018 ),4,NOT APPLICABLE,58,26,59,75,69,57,88,60,55,36,154,143,880
2017,Bihar,NALANDA - BR21( 01-FEB-2018 ),5,PETROL,"1,074",645,"2,690","2,717","2,667","1,776","1,232","1,031","1,349","2,688","1,916","1,492","21,277"
2017,Bihar,NALANDA - BR21( 01-FEB-2018 ),6,PETROL/CNG,0,0,1,0,0,0,0,0,0,0,0,1,2
2017,Bihar,NAWADA - BR27( 30-JAN-2018 ),1,DIESEL,160,197,309,212,72,319,552,266,204,345,456,340,"3,432"
2017,Bihar,NAWADA - BR27( 30-JAN-2018 ),2,ELECTRIC(BOV),4,2,11,10,9,33,418,92,46,49,29,48,751
2017,Bihar,NAWADA - BR27( 30-JAN-2018 ),3,PETROL,340,783,523,"1,135","2,133","1,154","1,855",787,668,"1,111",799,653,"11,941"
2017,Bihar,PATNA - BR1( 02-FEB-2018 ),1,CNG ONLY,2,0,10,1,0,1,1,0,0,0,0,1,16
2017,Bihar,PATNA - BR1( 02-FEB-2018 ),2,DIESEL,"1,217","1,385","1,853","1,693","1,306","1,111","1,494","1,494","1,059","1,282","1,809","1,582","17,285"
2017,Bihar,PATNA - BR1( 02-FEB-2018 ),3,DIESEL/HYBRID,1,0,1,1,6,1,2,0,1,1,0,0,14
2017,Bihar,PATNA - BR1( 02-FEB-2018 ),4,ELECTRIC(BOV),60,40,98,70,108,145,117,107,52,6,64,87,954
2017,Bihar,PATNA - BR1( 02-FEB-2018 ),5,LPG ONLY,0,0,0,0,0,0,2,0,0,1,0,0,3
2017,Bihar,PATNA - BR1( 02-FEB-2018 ),6,NOT APPLICABLE,107,104,96,77,25,84,109,77,53,64,92,98,986
2017,Bihar,PATNA - BR1( 02-FEB-2018 ),7,PETROL,"4,759","3,044","1,057",730,"2,305","1,936","7,375","8,305","7,437","6,384","11,443","11,850","66,625"
2017,Bihar,PATNA - BR1( 02-FEB-2018 ),8,PETROL/CNG,18,17,11,7,19,7,16,32,19,25,19,21,211
2017,Bihar,PATNA - BR1( 02-FEB-2018 ),9,SOLAR,0,0,1,0,0,0,0,2,0,0,1,1,5
2017,Bihar,PURNEA - BR11( 23-JAN-2018 ),1,DIESEL,545,522,"1,198",802,438,870,"1,216",766,870,"1,058","1,402",951,"10,638"
2017,Bihar,PURNEA - BR11( 23-JAN-2018 ),2,DIESEL/HYBRID,0,0,0,0,1,0,0,0,0,0,0,0,1
2017,Bihar,PURNEA - BR11( 23-JAN-2018 ),3,ELECTRIC(BOV),0,0,1,0,0,0,3,0,0,6,1,0,11
2017,Bihar,PURNEA - BR11( 23-JAN-2018 ),4,NOT APPLICABLE,6,21,67,24,43,51,34,55,75,27,32,43,478
2017,Bihar,PURNEA - BR11( 23-JAN-2018 ),5,PETROL,"1,618",497,"3,577","1,103","1,498","3,739","2,818","2,328","2,980","2,123","3,146","2,836","28,263"
2017,Bihar,PURNEA - BR11( 23-JAN-2018 ),6,PETROL/CNG,2,0,0,0,0,0,0,0,0,0,0,0,2
2017,Bihar,PURNEA - BR11( 23-JAN-2018 ),7,PETROL/LPG,0,0,0,1,0,0,0,0,0,0,0,0,1
2017,Bihar,PURNEA - BR11( 23-JAN-2018 ),8,SOLAR,0,0,1,0,0,0,1,1,0,1,0,1,5
2017,Bihar,ROHTAS - BR24( 09-FEB-2018 ),1,DIESEL,365,299,394,427,90,113,207,311,431,366,586,649,"4,238"
2017,Bihar,ROHTAS - BR24( 09-FEB-2018 ),2,NOT APPLICABLE,0,0,0,0,1,0,0,0,1,0,0,0,2
2017,Bihar,ROHTAS - BR24( 09-FEB-2018 ),3,PETROL,522,880,"1,357",268,706,"1,240",846,"1,908","1,582","2,044","3,315","2,381","17,049"
2017,Bihar,ROHTAS - BR24( 09-FEB-2018 ),4,PETROL/CNG,0,0,0,0,0,1,1,0,1,1,1,1,6
2017,Bihar,SAHARSA - BR19( 29-JAN-2018 ),1,DIESEL,132,138,88,146,176,79,203,192,119,150,176,238,"1,837"
2017,Bihar,SAHARSA - BR19( 29-JAN-2018 ),2,ELECTRIC(BOV),7,5,27,18,16,0,5,13,12,27,44,36,210
2017,Bihar,SAHARSA - BR19( 29-JAN-2018 ),3,NOT APPLICABLE,14,26,21,21,8,7,11,10,7,5,21,25,176
2017,Bihar,SAHARSA - BR19( 29-JAN-2018 ),4,PETROL,531,752,"1,092","1,275","1,289","1,101","1,178",682,896,774,"1,645",957,"12,172"
2017,Bihar,SAHARSA - BR19( 29-JAN-2018 ),5,SOLAR,0,1,0,0,0,0,1,0,0,0,0,0,2
2017,Bihar,SAMASTIPUR - BR33( 06-JUL-2017 ),1,DIESEL,203,208,183,295,130,145,86,243,180,166,208,314,"2,361"
2017,Bihar,SAMASTIPUR - BR33( 06-JUL-2017 ),2,DIESEL/HYBRID,0,0,0,0,0,0,2,4,1,2,1,1,11
2017,Bihar,SAMASTIPUR - BR33( 06-JUL-2017 ),3,ELECTRIC(BOV),2,3,3,4,2,8,0,9,18,14,26,34,123
2017,Bihar,SAMASTIPUR - BR33( 06-JUL-2017 ),4,NOT APPLICABLE,83,54,46,67,56,45,14,65,21,4,11,50,516
2017,Bihar,SAMASTIPUR - BR33( 06-JUL-2017 ),5,PETROL,"1,654","1,309","2,737","2,522","3,109","3,428","2,200","2,769","1,362","2,389","3,311","3,242","30,032"
2017,Bihar,SAMASTIPUR - BR33( 06-JUL-2017 ),6,PETROL/CNG,0,0,0,0,0,0,1,0,0,1,0,0,2
2017,Bihar,SHEIKHPURA - BR52( 17-JUL-2017 ),1,DIESEL,59,59,76,93,12,36,77,25,56,61,131,86,771
2017,Bihar,SHEIKHPURA - BR52( 17-JUL-2017 ),2,DIESEL/HYBRID,0,0,0,0,0,0,0,2,0,0,3,0,5
2017,Bihar,SHEIKHPURA - BR52( 17-JUL-2017 ),3,ELECTRIC(BOV),0,0,0,0,0,0,0,0,0,1,0,0,1
2017,Bihar,SHEIKHPURA - BR52( 17-JUL-2017 ),4,NOT APPLICABLE,0,0,0,0,0,0,0,0,0,0,0,3,3
2017,Bihar,SHEIKHPURA - BR52( 17-JUL-2017 ),5,PETROL,123,60,151,209,140,532,480,154,191,200,271,241,"2,752"
2017,Bihar,SHEOHAR - BR55( 07-JUN-2017 ),1,DIESEL,11,11,23,13,6,8,4,1,6,1,14,21,119
2017,Bihar,SHEOHAR - BR55( 07-JUN-2017 ),2,DIESEL/HYBRID,0,0,0,0,0,0,3,0,0,0,0,0,3
2017,Bihar,SHEOHAR - BR55( 07-JUN-2017 ),3,NOT APPLICABLE,0,2,1,0,0,0,0,0,0,0,0,0,3
2017,Bihar,SHEOHAR - BR55( 07-JUN-2017 ),4,PETROL,83,26,196,101,282,145,40,127,64,53,325,400,"1,842"
2017,Bihar,SITAMARHI - BR30( 29-JAN-2018 ),1,DIESEL,214,174,244,158,130,204,295,146,234,224,327,304,"2,654"
2017,Bihar,SITAMARHI - BR30( 29-JAN-2018 ),2,DIESEL/HYBRID,0,0,0,0,1,0,1,0,0,0,0,0,2
2017,Bihar,SITAMARHI - BR30( 29-JAN-2018 ),3,NOT APPLICABLE,1,0,0,0,0,0,0,0,0,0,0,0,1
2017,Bihar,SITAMARHI - BR30( 29-JAN-2018 ),4,PETROL,"1,318",592,"1,027",686,"3,599","2,922","2,233","2,484",833,959,"2,036","3,392","22,081"
2017,Bihar,SITAMARHI - BR30( 29-JAN-2018 ),5,PETROL/CNG,2,0,0,0,1,1,0,1,0,1,1,1,8
2017,Bihar,SIWAN - BR29( 29-JAN-2018 ),1,DIESEL,253,324,422,325,207,262,456,230,304,243,481,446,"3,953"
2017,Bihar,SIWAN - BR29( 29-JAN-2018 ),2,ELECTRIC(BOV),0,0,0,0,0,0,0,0,0,0,0,5,5
2017,Bihar,SIWAN - BR29( 29-JAN-2018 ),3,NOT APPLICABLE,0,1,0,0,0,0,0,0,0,0,0,0,1
2017,Bihar,SIWAN - BR29( 29-JAN-2018 ),4,PETROL,"2,136","1,393",241,"1,199","3,673","3,020","1,966","8,313","4,953","2,145","3,026","3,103","35,168"
2017,Bihar,SIWAN - BR29( 29-JAN-2018 ),5,PETROL/CNG,0,0,0,0,1,0,1,1,1,0,0,0,4
2017,Bihar,SIWAN - BR29( 29-JAN-2018 ),6,SOLAR,0,0,0,0,0,1,0,1,3,0,0,0,5
2017,Bihar,SUPAUL - BR50( 29-JAN-2018 ),1,DIESEL,158,77,115,97,73,160,201,99,144,171,330,297,"1,922"
2017,Bihar,SUPAUL - BR50( 29-JAN-2018 ),2,NOT APPLICABLE,74,17,17,33,9,19,34,12,24,26,81,120,466
2017,Bihar,SUPAUL - BR50( 29-JAN-2018 ),3,PETROL,895,"1,143","1,799","1,373","1,948","1,512","1,698",933,"1,337","1,070","2,075","1,287","17,070"
2017,Bihar,SUPAUL - BR50( 29-JAN-2018 ),4,PETROL/CNG,0,0,0,0,0,1,0,0,0,0,0,0,1
2017,Bihar,VAISHALI - BR31( 13-FEB-2018 ),1,CNG ONLY,4,1,0,0,0,0,0,0,0,0,0,0,5
2017,Bihar,VAISHALI - BR31( 13-FEB-2018 ),2,DIESEL,197,211,281,377,155,241,377,207,167,301,407,367,"3,288"
2017,Bihar,VAISHALI - BR31( 13-FEB-2018 ),3,ELECTRIC(BOV),0,1,1,0,0,2,5,8,1,11,28,42,99
2017,Bihar,VAISHALI - BR31( 13-FEB-2018 ),4,NOT APPLICABLE,64,49,60,48,35,65,56,112,15,31,53,57,645
2017,Bihar,VAISHALI - BR31( 13-FEB-2018 ),5,PETROL,"1,889",206,577,123,"1,767","3,314","3,023","3,381","8,671",31,260,"2,495","25,737"
2017,Bihar,VAISHALI - BR31( 13-FEB-2018 ),6,PETROL/CNG,10,0,0,0,0,0,1,2,1,0,0,0,14
2017,Bihar,VAISHALI - BR31( 13-FEB-2018 ),7,SOLAR,0,0,0,0,0,1,0,1,3,0,0,1,6
2016,Bihar,ARARIA - BR38( 30-JAN-2018 ),1,DIESEL,248,170,196,163,157,247,261,199,193,318,385,214,"2,751"
2016,Bihar,ARARIA - BR38( 30-JAN-2018 ),2,PETROL,"1,219","1,106","1,320","1,441","1,780","2,112","1,078","1,199","1,267",956,"1,177","1,255","15,910"
2016,Bihar,ARAWAL - BR56( 22-MAY-2017 ),1,DIESEL,68,76,71,61,47,94,68,93,52,51,59,165,905
2016,Bihar,ARAWAL - BR56( 22-MAY-2017 ),2,NOT APPLICABLE,0,0,0,0,0,0,2,2,0,1,0,0,5
2016,Bihar,ARAWAL - BR56( 22-MAY-2017 ),3,PETROL,94,78,48,284,325,261,235,128,204,144,80,411,"2,292"
2016,Bihar,AURANGABAD - BR26( 13-JUN-2017 ),1,DIESEL,253,416,492,371,356,286,347,297,239,380,340,364,"4,141"
2016,Bihar,AURANGABAD - BR26( 13-JUN-2017 ),2,NOT APPLICABLE,1,0,0,0,0,0,7,23,45,60,17,48,201
2016,Bihar,AURANGABAD - BR26( 13-JUN-2017 ),3,PETROL,670,789,847,"1,522",932,701,540,745,687,888,"1,365",856,"10,542"
2016,Bihar,AURANGABAD - BR26( 13-JUN-2017 ),4,PETROL/CNG,0,0,0,0,0,0,0,1,1,0,0,0,2
2016,Bihar,BANKA - BR51( 06-FEB-2018 ),1,DIESEL,20,79,58,49,77,102,135,127,121,89,60,86,"1,003"
2016,Bihar,BANKA - BR51( 06-FEB-2018 ),2,NOT APPLICABLE,7,54,28,22,48,75,97,57,75,55,29,53,600
2016,Bihar,BANKA - BR51( 06-FEB-2018 ),3,PETROL,313,321,379,954,577,493,627,82,335,315,250,448,"5,094"
2016,Bihar,BANKA - BR51( 06-FEB-2018 ),4,PETROL/CNG,0,0,0,0,0,0,0,0,1,0,0,0,1
2016,Bihar,BEGUSARAI - BR9( 23-JAN-2018 ),1,DIESEL,267,271,300,227,218,247,304,248,363,287,259,409,"3,400"
2016,Bihar,BEGUSARAI - BR9( 23-JAN-2018 ),2,ELECTRIC(BOV),0,0,0,1,2,5,8,0,0,6,3,0,25
2016,Bihar,BEGUSARAI - BR9( 23-JAN-2018 ),3,NOT APPLICABLE,32,44,33,47,37,32,47,18,0,3,0,0,293
2016,Bihar,BEGUSARAI - BR9( 23-JAN-2018 ),4,PETROL,"1,017","1,361","1,994","1,906","2,134","2,066","1,872","1,326","1,249","1,327","1,986","1,473","19,711"
2016,Bihar,BEGUSARAI - BR9( 23-JAN-2018 ),5,PETROL/CNG,1,1,0,0,0,0,0,4,4,0,1,0,11
2016,Bihar,BETTIAH - BR22( 22-SEP-2017 ),1,DIESEL,256,273,440,196,46,299,158,263,249,226,238,394,"3,038"
2016,Bihar,BETTIAH - BR22( 22-SEP-2017 ),2,DIESEL/HYBRID,0,0,0,0,0,0,0,0,1,0,0,0,1
2016,Bihar,BETTIAH - BR22( 22-SEP-2017 ),3,ELECTRIC(BOV),0,0,1,0,0,0,0,0,0,0,1,0,2
2016,Bihar,BETTIAH - BR22( 22-SEP-2017 ),4,NOT APPLICABLE,49,49,99,40,4,8,0,0,0,0,0,0,249
2016,Bihar,BETTIAH - BR22( 22-SEP-2017 ),5,PETROL,"2,271","2,817","3,496","3,286","1,846","2,664","1,294","1,925","1,954","2,145","3,172","1,378","28,248"
2016,Bihar,BETTIAH - BR22( 22-SEP-2017 ),6,PETROL/CNG,0,0,0,0,0,0,0,0,0,0,0,1,1
2016,Bihar,BETTIAH - BR22( 22-SEP-2017 ),7,SOLAR,1,0,0,0,0,0,1,0,0,0,0,0,2
2016,Bihar,BHABHUA - BR45( 23-JAN-2018 ),1,DIESEL,80,169,114,88,110,144,146,145,81,116,141,126,"1,460"
2016,Bihar,BHABHUA - BR45( 23-JAN-2018 ),2,ELECTRIC(BOV),0,0,0,0,0,0,0,0,0,0,39,3,42
2016,Bihar,BHABHUA - BR45( 23-JAN-2018 ),3,NOT APPLICABLE,27,68,42,65,18,49,71,80,35,39,87,61,642
2016,Bihar,BHABHUA - BR45( 23-JAN-2018 ),4,PETROL,928,520,254,422,414,869,"1,157","1,083",713,57,913,"1,187","8,517"
2016,Bihar,BHABHUA - BR45( 23-JAN-2018 ),5,PETROL/CNG,0,0,0,0,0,0,0,0,0,0,1,1,2
2016,Bihar,BHAGALPUR - BR10( 07-FEB-2018 ),1,CNG ONLY,0,0,0,0,0,0,0,0,0,1,0,0,1
2016,Bihar,BHAGALPUR - BR10( 07-FEB-2018 ),2,DIESEL,339,330,272,336,322,373,342,329,263,298,280,232,"3,716"
2016,Bihar,BHAGALPUR - BR10( 07-FEB-2018 ),3,ELECTRIC(BOV),0,0,1,0,0,0,0,1,17,21,1,24,65
2016,Bihar,BHAGALPUR - BR10( 07-FEB-2018 ),4,NOT APPLICABLE,28,37,47,68,54,63,70,65,42,47,55,54,630
2016,Bihar,BHAGALPUR - BR10( 07-FEB-2018 ),5,PETROL,634,"1,640","1,531","1,619","1,632","1,623","1,552","1,249","1,137","1,442","2,025","1,340","17,424"
2016,Bihar,BHAGALPUR - BR10( 07-FEB-2018 ),6,PETROL/CNG,0,1,0,0,0,0,0,1,0,0,0,4,6
2016,Bihar,BHOJPUR - BR3( 15-FEB-2018 ),1,DIESEL,346,397,255,322,333,311,391,242,250,229,273,277,"3,626"
2016,Bihar,BHOJPUR - BR3( 15-FEB-2018 ),2,NOT APPLICABLE,0,1,0,0,0,0,19,80,61,54,64,90,369
2016,Bihar,BHOJPUR - BR3( 15-FEB-2018 ),3,PETROL,"1,222","1,828","1,014",594,"3,319","1,958","1,506","1,244","1,013","1,470","1,896","1,847","18,911"
2016,Bihar,BHOJPUR - BR3( 15-FEB-2018 ),4,PETROL/CNG,0,0,0,0,0,0,0,0,0,1,0,0,1
2016,Bihar,BUXUR - BR44( 01-FEB-2018 ),1,DIESEL,280,279,445,102,186,283,163,204,135,221,107,256,"2,661"
2016,Bihar,BUXUR - BR44( 01-FEB-2018 ),2,PETROL,747,788,"1,246","1,074",931,505,517,488,344,502,765,"1,137","9,044"
2016,Bihar,BUXUR - BR44( 01-FEB-2018 ),3,PETROL/CNG,0,0,0,0,0,0,0,0,0,0,0,1,1
2016,Bihar,CHAPARA - BR4( 29-JAN-2018 ),1,CNG ONLY,0,0,0,1,0,0,0,0,0,0,0,0,1
2016,Bihar,CHAPARA - BR4( 29-JAN-2018 ),2,DIESEL,251,314,266,228,191,144,303,218,267,255,277,218,"2,932"
2016,Bihar,CHAPARA - BR4( 29-JAN-2018 ),3,PETROL,"1,382","1,533","1,438","2,632","1,802","1,621","1,959","1,039","1,109","1,452","2,523","1,220","19,710"
2016,Bihar,CHAPARA - BR4( 29-JAN-2018 ),4,PETROL/CNG,0,0,0,0,0,0,0,0,12,0,0,0,12
2016,Bihar,DARBHANGA - BR7( 30-JAN-2018 ),1,CNG ONLY,1,0,0,0,0,0,0,0,0,0,0,0,1
2016,Bihar,DARBHANGA - BR7( 30-JAN-2018 ),2,DIESEL,509,372,527,407,366,452,401,430,512,529,479,544,"5,528"
2016,Bihar,DARBHANGA - BR7( 30-JAN-2018 ),3,ELECTRIC(BOV),0,0,0,2,0,0,0,0,0,0,0,0,2
2016,Bihar,DARBHANGA - BR7( 30-JAN-2018 ),4,NOT APPLICABLE,36,53,50,26,15,47,27,26,16,13,2,24,335
2016,Bihar,DARBHANGA - BR7( 30-JAN-2018 ),5,PETROL,"1,991","1,543","2,163","3,186","3,046","2,856","2,443","1,589","1,642","2,999","2,694","1,463","27,615"
2016,Bihar,DARBHANGA - BR7( 30-JAN-2018 ),6,PETROL/CNG,0,1,0,0,0,0,0,1,0,0,0,0,2
2016,Bihar,GAYA - BR2( 06-SEP-2017 ),1,CNG ONLY,1,0,0,0,0,0,0,0,0,0,0,0,1
2016,Bihar,GAYA - BR2( 06-SEP-2017 ),2,DIESEL,544,545,620,468,466,537,593,598,555,590,680,543,"6,739"
2016,Bihar,GAYA - BR2( 06-SEP-2017 ),3,DIESEL/HYBRID,0,0,0,0,0,1,0,0,0,1,0,0,2
2016,Bihar,GAYA - BR2( 06-SEP-2017 ),4,NOT APPLICABLE,26,35,69,24,37,66,87,125,44,79,90,79,761
2016,Bihar,GAYA - BR2( 06-SEP-2017 ),5,PETROL,"1,931","2,233","2,567","4,530","2,439","2,287","2,623","1,814","1,995","2,704","3,450","1,849","30,422"
2016,Bihar,GAYA - BR2( 06-SEP-2017 ),6,PETROL/CNG,6,8,1,20,0,0,0,1,1,0,0,0,37
2016,Bihar,GOPALGANJ - BR28( 08-JUN-2017 ),1,DIESEL,201,182,225,254,127,149,142,160,113,189,140,186,"2,068"
2016,Bihar,GOPALGANJ - BR28( 08-JUN-2017 ),2,DIESEL/HYBRID,0,0,0,0,0,0,0,1,0,0,0,0,1
2016,Bihar,GOPALGANJ - BR28( 08-JUN-2017 ),3,NOT APPLICABLE,0,0,0,0,0,0,1,0,0,0,0,0,1
2016,Bihar,GOPALGANJ - BR28( 08-JUN-2017 ),4,PETROL,"1,399","1,983","2,112","2,920","1,561","1,721","1,554","1,367",966,"1,186","1,656",975,"19,400"
2016,Bihar,GOPALGANJ - BR28( 08-JUN-2017 ),5,PETROL/CNG,0,0,1,0,1,1,3,0,0,0,0,1,7
2016,Bihar,JAMUI - BR46( 07-JUN-2017 ),1,DIESEL,84,96,113,53,98,144,107,153,150,154,132,105,"1,389"
2016,Bihar,JAMUI - BR46( 07-JUN-2017 ),2,NOT APPLICABLE,26,32,41,20,27,46,41,39,60,37,30,31,430
2016,Bihar,JAMUI - BR46( 07-JUN-2017 ),3,PETROL,320,490,428,643,531,496,449,286,344,451,408,299,"5,145"
2016,Bihar,JAMUI - BR46( 07-JUN-2017 ),4,PETROL/CNG,0,0,0,0,0,1,0,0,0,0,0,0,1
2016,Bihar,JEHANABAD - BR25( 26-MAY-2017 ),1,DIESEL,130,142,160,97,132,179,207,155,170,112,165,165,"1,814"
2016,Bihar,JEHANABAD - BR25( 26-MAY-2017 ),2,NOT APPLICABLE,0,0,3,3,1,2,7,24,35,34,53,63,225
2016,Bihar,JEHANABAD - BR25( 26-MAY-2017 ),3,PETROL,314,354,437,950,382,524,313,283,193,422,200,713,"5,085"
2016,Bihar,JEHANABAD - BR25( 26-MAY-2017 ),4,PETROL/CNG,0,0,0,0,0,0,0,1,0,0,0,0,1
2016,Bihar,KATIHAR - BR39( 23-JAN-2018 ),1,DIESEL,76,149,178,120,145,208,145,115,190,141,340,167,"1,974"
2016,Bihar,KATIHAR - BR39( 23-JAN-2018 ),2,NOT APPLICABLE,12,39,51,36,72,46,37,36,29,27,28,65,478
2016,Bihar,KATIHAR - BR39( 23-JAN-2018 ),3,PETROL,"1,276","1,518","1,610","2,217","2,734","2,904","2,158","1,840","1,802","1,948","2,280","1,541","23,828"
2016,Bihar,KATIHAR - BR39( 23-JAN-2018 ),4,PETROL/CNG,0,0,1,3,1,1,0,0,0,0,0,0,6
2016,Bihar,KHAGARIA - BR34( 01-FEB-2018 ),1,DIESEL,95,69,118,47,55,71,81,150,160,178,242,171,"1,437"
2016,Bihar,KHAGARIA - BR34( 01-FEB-2018 ),2,NOT APPLICABLE,53,44,99,36,36,51,97,20,0,0,6,4,446
2016,Bihar,KHAGARIA - BR34( 01-FEB-2018 ),3,PETROL,500,562,619,725,792,"1,106",836,575,579,869,786,455,"8,404"
2016,Bihar,KHAGARIA - BR34( 01-FEB-2018 ),4,PETROL/CNG,0,0,0,0,1,0,0,0,0,0,0,0,1
2016,Bihar,KISHANGANJ - BR37( 07-FEB-2018 ),1,DIESEL,91,117,93,119,81,94,129,59,44,98,168,81,"1,174"
2016,Bihar,KISHANGANJ - BR37( 07-FEB-2018 ),2,NOT APPLICABLE,17,16,21,4,1,0,5,0,1,0,1,4,70
2016,Bihar,KISHANGANJ - BR37( 07-FEB-2018 ),3,PETROL,"1,076","2,168",652,688,"1,772",482,"1,823","4,035","3,198","2,024",718,"1,153","19,789"
2016,Bihar,LAKHISARAI - BR53( 27-JAN-2017 ),1,DIESEL,61,63,64,48,37,61,74,68,56,80,83,92,787
2016,Bihar,LAKHISARAI - BR53( 27-JAN-2017 ),2,NOT APPLICABLE,0,0,0,0,0,0,0,1,0,0,0,0,1
2016,Bihar,LAKHISARAI - BR53( 27-JAN-2017 ),3,PETROL,150,272,338,279,422,292,300,176,166,129,462,262,"3,248"
2016,Bihar,MADHEPURA - BR43( 02-JUN-2017 ),1,DIESEL,149,168,150,150,99,171,139,242,223,168,205,164,"2,028"
2016,Bihar,MADHEPURA - BR43( 02-JUN-2017 ),2,NOT APPLICABLE,32,22,30,35,26,65,28,54,53,51,27,47,470
2016,Bihar,MADHEPURA - BR43( 02-JUN-2017 ),3,PETROL,804,"1,097","1,000","1,088","1,345","1,080","1,657","1,023",373,707,"1,066",915,"12,155"
2016,Bihar,MADHEPURA - BR43( 02-JUN-2017 ),4,PETROL/CNG,0,0,0,0,0,0,0,0,0,1,0,0,1
2016,Bihar,MADHUBANI - BR32( 01-FEB-2018 ),1,DIESEL,301,262,290,211,223,314,314,293,275,306,362,313,"3,464"
2016,Bihar,MADHUBANI - BR32( 01-FEB-2018 ),2,LPG ONLY,0,0,0,0,0,0,6,43,31,116,115,91,402
2016,Bihar,MADHUBANI - BR32( 01-FEB-2018 ),3,NOT APPLICABLE,0,0,0,0,1,0,1,1,0,3,2,1,9
2016,Bihar,MADHUBANI - BR32( 01-FEB-2018 ),4,PETROL,"1,040","1,785","2,369","3,145","3,537","2,308","1,528","1,214","1,461","1,799","1,960","1,588","23,734"
2016,Bihar,MOTIHARI - BR5( 05-JUL-2017 ),1,DIESEL,236,412,696,277,232,360,347,333,377,365,400,489,"4,524"
2016,Bihar,MOTIHARI - BR5( 05-JUL-2017 ),2,ELECTRIC(BOV),0,0,0,0,0,0,0,0,0,1,3,2,6
2016,Bihar,MOTIHARI - BR5( 05-JUL-2017 ),3,NOT APPLICABLE,15,40,15,9,5,6,6,0,2,2,4,3,107
2016,Bihar,MOTIHARI - BR5( 05-JUL-2017 ),4,PETROL,"1,825","2,717","3,107","3,083","2,434","1,682","2,240","1,639","1,543","2,384","2,107","1,789","26,550"
2016,Bihar,MOTIHARI - BR5( 05-JUL-2017 ),5,PETROL/CNG,1,0,1,0,1,0,0,0,0,0,0,0,3
2016,Bihar,MOTIHARI - BR5( 05-JUL-2017 ),6,PETROL/LPG,0,0,0,0,0,0,0,0,0,1,0,0,1
2016,Bihar,MOTIHARI - BR5( 05-JUL-2017 ),7,SOLAR,0,1,0,0,0,0,0,0,0,0,0,0,1
2016,Bihar,MUNGER - BR8( 06-FEB-2018 ),1,DIESEL,75,57,67,28,69,61,61,40,47,72,50,28,655
2016,Bihar,MUNGER - BR8( 06-FEB-2018 ),2,NOT APPLICABLE,20,16,17,4,8,11,14,13,10,12,8,6,139
2016,Bihar,MUNGER - BR8( 06-FEB-2018 ),3,PETROL,537,516,595,663,652,665,664,495,564,705,824,501,"7,381"
2016,Bihar,MUNGER - BR8( 06-FEB-2018 ),4,PETROL/CNG,0,0,0,0,0,0,0,0,0,0,0,2,2
2016,Bihar,MUZAFFARPUR - BR6( 01-FEB-2018 ),1,DIESEL,650,736,802,678,690,670,748,702,724,826,748,664,"8,638"
2016,Bihar,MUZAFFARPUR - BR6( 01-FEB-2018 ),2,ELECTRIC(BOV),2,5,4,0,13,5,5,5,19,17,11,5,91
2016,Bihar,MUZAFFARPUR - BR6( 01-FEB-2018 ),3,NOT APPLICABLE,10,31,33,9,5,11,13,11,17,27,8,12,187
2016,Bihar,MUZAFFARPUR - BR6( 01-FEB-2018 ),4,PETROL,"4,039","4,726","5,265","8,006","5,720","5,996","5,386","4,028","4,763","5,468","5,953","2,999","62,349"
2016,Bihar,MUZAFFARPUR - BR6( 01-FEB-2018 ),5,PETROL/CNG,0,1,5,1,0,0,1,0,2,1,1,1,13
2016,Bihar,MUZAFFARPUR - BR6( 01-FEB-2018 ),6,PETROL/LPG,0,0,0,0,0,0,0,0,0,1,0,0,1
2016,Bihar,MUZAFFARPUR - BR6( 01-FEB-2018 ),7,SOLAR,0,0,0,0,0,0,0,2,0,0,0,0,2
2016,Bihar,NALANDA - BR21( 01-FEB-2018 ),1,DIESEL,232,311,282,256,296,299,364,381,311,339,276,266,"3,613"
2016,Bihar,NALANDA - BR21( 01-FEB-2018 ),2,NOT APPLICABLE,0,0,0,0,1,0,3,2,6,12,7,57,88
2016,Bihar,NALANDA - BR21( 01-FEB-2018 ),3,PETROL,795,"1,306","1,494","1,917","1,209","1,172","1,303","1,033","1,087","1,557","1,753","1,133","15,759"
2016,Bihar,NALANDA - BR21( 01-FEB-2018 ),4,PETROL/CNG,0,0,0,0,0,0,0,0,1,0,0,1,2
2016,Bihar,NAWADA - BR27( 30-JAN-2018 ),1,DIESEL,159,191,347,78,152,202,235,329,185,201,155,346,"2,580"
2016,Bihar,NAWADA - BR27( 30-JAN-2018 ),2,ELECTRIC(BOV),0,0,0,0,0,0,0,0,0,0,11,1,12
2016,Bihar,NAWADA - BR27( 30-JAN-2018 ),3,NOT APPLICABLE,0,0,0,0,0,0,0,0,0,1,0,0,1
2016,Bihar,NAWADA - BR27( 30-JAN-2018 ),4,PETROL,669,725,826,"1,857",708,654,945,819,612,767,"1,071",666,"10,319"
2016,Bihar,PATNA - BR1( 02-FEB-2018 ),1,CNG ONLY,0,0,0,0,0,0,0,1,1,2,2,18,24
2016,Bihar,PATNA - BR1( 02-FEB-2018 ),2,DIESEL,"1,465","1,684","1,676","1,394","1,565","1,619","1,637","1,770","1,630","1,702","1,628","1,830","19,600"
2016,Bihar,PATNA - BR1( 02-FEB-2018 ),3,ELECTRIC(BOV),33,28,38,22,32,43,81,113,147,107,70,131,845
2016,Bihar,PATNA - BR1( 02-FEB-2018 ),4,NOT APPLICABLE,0,1,1,0,0,0,3,78,132,173,113,153,654
2016,Bihar,PATNA - BR1( 02-FEB-2018 ),5,PETROL,"5,600","7,240","7,816","8,971","7,873","7,376","7,456","6,892","6,681","8,893","11,625","7,608","94,031"
2016,Bihar,PATNA - BR1( 02-FEB-2018 ),6,PETROL/CNG,7,9,20,16,14,13,34,17,20,41,36,20,247
2016,Bihar,PURNEA - BR11( 23-JAN-2018 ),1,DIESEL,686,648,805,506,786,997,983,931,938,"1,088",982,853,"10,203"
2016,Bihar,PURNEA - BR11( 23-JAN-2018 ),2,DIESEL/HYBRID,1,0,0,0,0,0,0,0,0,0,0,0,1
2016,Bihar,PURNEA - BR11( 23-JAN-2018 ),3,NOT APPLICABLE,15,54,12,26,97,39,94,66,13,41,13,39,509
2016,Bihar,PURNEA - BR11( 23-JAN-2018 ),4,PETROL,"1,530","1,838","1,769","2,325","3,115","2,969","2,380","2,077","2,077","2,190","2,390","1,524","26,184"
2016,Bihar,PURNEA - BR11( 23-JAN-2018 ),5,PETROL/CNG,0,0,0,0,0,0,15,5,9,61,8,6,104
2016,Bihar,PURNEA - BR11( 23-JAN-2018 ),6,PETROL/LPG,0,0,0,0,0,0,0,0,1,0,0,0,1
2016,Bihar,ROHTAS - BR24( 09-FEB-2018 ),1,DIESEL,346,317,397,333,280,390,347,350,225,270,245,347,"3,847"
2016,Bihar,ROHTAS - BR24( 09-FEB-2018 ),2,NOT APPLICABLE,0,0,0,0,0,0,1,0,0,0,0,0,1
2016,Bihar,ROHTAS - BR24( 09-FEB-2018 ),3,PETROL,"1,239",53,"2,051","1,600","1,120","1,835","2,488","1,736","1,161",555,"1,038",412,"15,288"
2016,Bihar,ROHTAS - BR24( 09-FEB-2018 ),4,PETROL/CNG,0,1,0,1,1,0,0,0,0,0,0,0,3
2016,Bihar,ROHTAS - BR24( 09-FEB-2018 ),5,PETROL/LPG,0,0,0,0,0,0,0,0,0,1,0,0,1
2016,Bihar,SAHARSA - BR19( 29-JAN-2018 ),1,DIESEL,138,139,150,54,119,104,132,170,131,184,219,171,"1,711"
2016,Bihar,SAHARSA - BR19( 29-JAN-2018 ),2,ELECTRIC(BOV),0,0,0,0,0,0,0,0,0,0,0,3,3
2016,Bihar,SAHARSA - BR19( 29-JAN-2018 ),3,NOT APPLICABLE,26,27,33,24,18,27,18,35,20,17,13,17,275
2016,Bihar,SAHARSA - BR19( 29-JAN-2018 ),4,PETROL,818,639,711,723,900,897,"1,221",964,642,781,"1,463",625,"10,384"
2016,Bihar,SAHARSA - BR19( 29-JAN-2018 ),5,PETROL/CNG,0,0,0,0,0,0,0,0,0,0,1,0,1
2016,Bihar,SAHARSA - BR19( 29-JAN-2018 ),6,PETROL/LPG,0,0,0,0,0,0,0,0,0,1,0,0,1
2016,Bihar,SAMASTIPUR - BR33( 06-JUL-2017 ),1,DIESEL,198,211,405,170,178,222,246,272,272,325,412,206,"3,117"
2016,Bihar,SAMASTIPUR - BR33( 06-JUL-2017 ),2,ELECTRIC(BOV),0,0,0,0,0,0,0,0,0,1,0,2,3
2016,Bihar,SAMASTIPUR - BR33( 06-JUL-2017 ),3,NOT APPLICABLE,46,53,172,39,38,63,74,94,75,119,170,79,"1,022"
2016,Bihar,SAMASTIPUR - BR33( 06-JUL-2017 ),4,PETROL,"1,285","1,272","2,608","2,915","3,591","2,769","2,920","2,020","1,967","1,948","3,407","1,224","27,926"
2016,Bihar,SHEIKHPURA - BR52( 17-JUL-2017 ),1,DIESEL,43,77,108,73,69,101,116,71,44,77,66,94,939
2016,Bihar,SHEIKHPURA - BR52( 17-JUL-2017 ),2,NOT APPLICABLE,0,0,0,0,0,0,0,0,0,0,0,1,1
2016,Bihar,SHEIKHPURA - BR52( 17-JUL-2017 ),3,PETROL,152,181,168,239,216,133,192,270,160,243,106,293,"2,353"
2016,Bihar,SHEIKHPURA - BR52( 17-JUL-2017 ),4,PETROL/CNG,0,0,0,1,0,0,0,0,0,0,0,0,1
2016,Bihar,SHEOHAR - BR55( 07-JUN-2017 ),1,DIESEL,32,21,47,8,7,26,17,35,16,3,4,65,281
2016,Bihar,SHEOHAR - BR55( 07-JUN-2017 ),2,NOT APPLICABLE,0,1,6,1,0,6,1,3,0,0,1,10,29
2016,Bihar,SHEOHAR - BR55( 07-JUN-2017 ),3,PETROL,256,120,232,138,62,473,132,345,70,239,156,217,"2,440"
2016,Bihar,SITAMARHI - BR30( 29-JAN-2018 ),1,DIESEL,180,206,274,145,157,179,166,232,216,344,255,353,"2,707"
2016,Bihar,SITAMARHI - BR30( 29-JAN-2018 ),2,NOT APPLICABLE,0,0,0,0,0,0,0,1,0,0,0,0,1
2016,Bihar,SITAMARHI - BR30( 29-JAN-2018 ),3,PETROL,"1,222","2,050","2,394","2,300","1,632","1,684","1,074","1,522","1,154","1,694","1,527","1,790","20,043"
2016,Bihar,SITAMARHI - BR30( 29-JAN-2018 ),4,PETROL/CNG,1,1,3,0,0,1,0,0,0,0,0,0,6
2016,Bihar,SIWAN - BR29( 29-JAN-2018 ),1,DIESEL,231,318,320,256,275,257,213,316,243,262,370,308,"3,369"
2016,Bihar,SIWAN - BR29( 29-JAN-2018 ),2,NOT APPLICABLE,5,31,6,0,1,0,0,2,2,5,0,0,52
2016,Bihar,SIWAN - BR29( 29-JAN-2018 ),3,PETROL,"1,663","2,369","2,771","4,061","1,875","3,968","2,848","1,910","1,973","2,191","3,006","2,171","30,806"
2016,Bihar,SIWAN - BR29( 29-JAN-2018 ),4,PETROL/CNG,0,1,1,2,0,0,0,0,0,0,0,0,4
2016,Bihar,SUPAUL - BR50( 29-JAN-2018 ),1,DIESEL,155,141,124,140,76,124,145,117,107,138,142,179,"1,588"
2016,Bihar,SUPAUL - BR50( 29-JAN-2018 ),2,NOT APPLICABLE,0,0,0,1,1,0,0,6,14,24,28,14,88
2016,Bihar,SUPAUL - BR50( 29-JAN-2018 ),3,PETROL,912,908,"1,206","1,806","1,090","1,114",972,"1,467",923,793,894,"1,287","13,372"
2016,Bihar,SUPAUL - BR50( 29-JAN-2018 ),4,PETROL/CNG,0,0,0,0,0,0,0,0,1,0,0,0,1
2016,Bihar,VAISHALI - BR31( 13-FEB-2018 ),1,CNG ONLY,0,0,0,0,0,13,0,1,0,0,10,4,28
2016,Bihar,VAISHALI - BR31( 13-FEB-2018 ),2,DIESEL,199,271,263,235,212,207,215,226,230,294,238,259,"2,849"
2016,Bihar,VAISHALI - BR31( 13-FEB-2018 ),3,ELECTRIC(BOV),0,0,0,0,0,0,0,0,0,0,4,0,4
2016,Bihar,VAISHALI - BR31( 13-FEB-2018 ),4,NOT APPLICABLE,49,15,52,22,17,33,23,27,47,69,30,90,474
2016,Bihar,VAISHALI - BR31( 13-FEB-2018 ),5,PETROL,"1,719","2,114","2,366","3,660","2,996","2,908","2,667","2,099","2,118","2,285","3,583","2,085","30,600"
2016,Bihar,VAISHALI - BR31( 13-FEB-2018 ),6,PETROL/CNG,0,0,0,0,3,10,10,9,6,1,19,9,67
2015,Bihar,ARARIA - BR38( 30-JAN-2018 ),1,CNG ONLY,0,0,0,0,0,13,0,1,0,0,10,4,28
2015,Bihar,ARARIA - BR38( 30-JAN-2018 ),2,DIESEL,199,271,263,235,212,207,215,226,230,294,238,259,"2,849"
2015,Bihar,ARARIA - BR38( 30-JAN-2018 ),3,ELECTRIC(BOV),0,0,0,0,0,0,0,0,0,0,4,0,4
2015,Bihar,ARARIA - BR38( 30-JAN-2018 ),4,NOT APPLICABLE,49,15,52,22,17,33,23,27,47,69,30,90,474
2015,Bihar,ARARIA - BR38( 30-JAN-2018 ),5,PETROL,"1,719","2,114","2,366","3,660","2,996","2,908","2,667","2,099","2,118","2,285","3,583","2,085","30,600"
2015,Bihar,ARARIA - BR38( 30-JAN-2018 ),6,PETROL/CNG,0,0,0,0,3,10,10,9,6,1,19,9,67
2015,Bihar,ARAWAL - BR56( 22-MAY-2017 ),1,CNG ONLY,0,0,1,0,0,0,0,0,0,0,0,0,1
2015,Bihar,ARAWAL - BR56( 22-MAY-2017 ),2,DIESEL,28,36,47,53,23,4,76,145,38,51,46,110,657
2015,Bihar,ARAWAL - BR56( 22-MAY-2017 ),3,NOT APPLICABLE,0,0,0,0,0,1,0,1,0,0,0,0,2
2015,Bihar,ARAWAL - BR56( 22-MAY-2017 ),4,PETROL,49,53,142,34,164,3,84,29,8,6,67,194,833
2015,Bihar,ARAWAL - BR56( 22-MAY-2017 ),5,PETROL/CNG,0,0,0,0,0,0,0,0,0,0,0,1,1
2015,Bihar,AURANGABAD - BR26( 13-JUN-2017 ),1,DIESEL,393,288,408,365,353,198,302,314,292,317,358,387,"3,975"
2015,Bihar,AURANGABAD - BR26( 13-JUN-2017 ),2,NOT APPLICABLE,1,0,0,0,3,0,0,0,0,0,0,0,4
2015,Bihar,AURANGABAD - BR26( 13-JUN-2017 ),3,PETROL,717,"1,026","1,074","1,233","1,656",978,551,638,658,469,912,652,"10,564"
2015,Bihar,AURANGABAD - BR26( 13-JUN-2017 ),4,PETROL/CNG,0,0,0,0,1,0,0,0,0,0,0,0,1
2015,Bihar,BANKA - BR51( 06-FEB-2018 ),1,DIESEL,55,33,43,30,38,33,87,59,69,34,42,52,575
2015,Bihar,BANKA - BR51( 06-FEB-2018 ),2,NOT APPLICABLE,15,19,12,21,8,14,51,41,41,12,25,41,300
2015,Bihar,BANKA - BR51( 06-FEB-2018 ),3,PETROL,299,291,312,503,613,209,343,142,300,74,446,341,"3,873"
2015,Bihar,BEGUSARAI - BR9( 23-JAN-2018 ),1,CNG ONLY,0,0,1,0,0,0,0,1,0,1,0,2,5
2015,Bihar,BEGUSARAI - BR9( 23-JAN-2018 ),2,DIESEL,266,254,326,244,302,236,210,330,314,238,335,329,"3,384"
2015,Bihar,BEGUSARAI - BR9( 23-JAN-2018 ),3,NOT APPLICABLE,53,28,54,30,33,24,28,36,39,21,71,50,467
2015,Bihar,BEGUSARAI - BR9( 23-JAN-2018 ),4,PETROL,817,969,907,"1,388","1,951","1,790",702,"1,593","1,089",878,"1,989","1,303","15,376"
2015,Bihar,BEGUSARAI - BR9( 23-JAN-2018 ),5,PETROL/CNG,0,0,0,1,1,1,0,0,0,0,1,1,5
2015,Bihar,BETTIAH - BR22( 22-SEP-2017 ),1,DIESEL,245,247,309,207,184,239,168,189,217,229,250,347,"2,831"
2015,Bihar,BETTIAH - BR22( 22-SEP-2017 ),2,NOT APPLICABLE,72,74,112,42,22,40,49,35,37,43,38,68,632
2015,Bihar,BETTIAH - BR22( 22-SEP-2017 ),3,PETROL,"1,702","1,767","2,192","1,621","1,571","1,154","1,178","1,206","1,267","1,198","2,399","1,485","18,740"
2015,Bihar,BETTIAH - BR22( 22-SEP-2017 ),4,PETROL/CNG,0,0,1,0,0,0,0,0,0,1,0,0,2
2015,Bihar,BETTIAH - BR22( 22-SEP-2017 ),5,SOLAR,0,1,0,0,0,0,0,0,0,0,0,0,1
2015,Bihar,BHABHUA - BR45( 23-JAN-2018 ),1,DIESEL,98,111,96,84,77,80,117,122,111,102,73,148,"1,219"
2015,Bihar,BHABHUA - BR45( 23-JAN-2018 ),2,NOT APPLICABLE,37,51,53,28,27,23,58,31,38,40,28,60,474
2015,Bihar,BHABHUA - BR45( 23-JAN-2018 ),3,PETROL,450,457,510,509,604,65,671,565,431,118,184,717,"5,281"
2015,Bihar,BHAGALPUR - BR10( 07-FEB-2018 ),1,DIESEL,377,333,386,262,265,386,311,394,431,322,421,333,"4,221"
2015,Bihar,BHAGALPUR - BR10( 07-FEB-2018 ),2,ELECTRIC(BOV),0,0,0,0,0,0,1,0,0,0,0,0,1
2015,Bihar,BHAGALPUR - BR10( 07-FEB-2018 ),3,NOT APPLICABLE,0,2,1,34,54,83,75,120,87,52,56,46,610
2015,Bihar,BHAGALPUR - BR10( 07-FEB-2018 ),4,PETROL,961,"1,122","1,152","1,194","1,548","1,644","1,262","1,224","1,185","1,136","1,460","2,055","15,943"
2015,Bihar,BHOJPUR - BR3( 15-FEB-2018 ),1,CNG ONLY,0,0,0,0,0,0,0,1,0,0,0,0,1
2015,Bihar,BHOJPUR - BR3( 15-FEB-2018 ),2,DIESEL,304,328,329,232,319,363,349,409,294,446,326,400,"4,099"
2015,Bihar,BHOJPUR - BR3( 15-FEB-2018 ),3,PETROL,"1,097","1,290","1,007",902,"1,218",598,"3,169","1,318",716,995,949,"2,520","15,779"
2015,Bihar,BUXUR - BR44( 01-FEB-2018 ),1,DIESEL,210,190,220,145,157,255,237,252,191,170,184,355,"2,566"
2015,Bihar,BUXUR - BR44( 01-FEB-2018 ),2,PETROL,447,703,551,508,740,585,446,358,555,411,842,"1,123","7,269"
2015,Bihar,BUXUR - BR44( 01-FEB-2018 ),3,PETROL/CNG,0,0,1,0,0,0,0,0,0,0,0,0,1
2015,Bihar,CHAPARA - BR4( 29-JAN-2018 ),1,DIESEL,238,232,238,214,149,257,221,209,246,218,240,330,"2,792"
2015,Bihar,CHAPARA - BR4( 29-JAN-2018 ),2,PETROL,"1,260","1,351","1,386","2,355","2,666","1,660",843,938,"1,183","1,037","2,191","1,305","18,175"
2015,Bihar,DARBHANGA - BR7( 30-JAN-2018 ),1,DIESEL,395,390,427,297,362,463,264,485,365,474,462,465,"4,849"
2015,Bihar,DARBHANGA - BR7( 30-JAN-2018 ),2,NOT APPLICABLE,36,42,19,10,24,39,20,33,14,44,5,22,308
2015,Bihar,DARBHANGA - BR7( 30-JAN-2018 ),3,PETROL,"1,416","1,731","1,852","2,177","2,522","2,287","1,110","1,550","1,621","1,618","2,195","1,680","21,759"
2015,Bihar,GAYA - BR2( 06-SEP-2017 ),1,CNG ONLY,0,0,0,0,0,0,0,0,1,0,0,0,1
2015,Bihar,GAYA - BR2( 06-SEP-2017 ),2,DIESEL,576,506,472,416,474,553,505,573,685,497,763,749,"6,769"
2015,Bihar,GAYA - BR2( 06-SEP-2017 ),3,DIESEL/HYBRID,0,0,0,0,0,0,0,0,0,0,1,0,1
2015,Bihar,GAYA - BR2( 06-SEP-2017 ),4,NOT APPLICABLE,64,50,29,44,24,86,51,57,30,37,27,68,567
2015,Bihar,GAYA - BR2( 06-SEP-2017 ),5,PETROL,"1,829","1,974","2,186","3,693","3,618","2,030","1,343","1,422","1,756","1,621","3,028","1,951","26,451"
2015,Bihar,GAYA - BR2( 06-SEP-2017 ),6,PETROL/CNG,0,0,0,0,1,1,0,4,4,1,0,0,11
2015,Bihar,GOPALGANJ - BR28( 08-JUN-2017 ),1,DIESEL,219,234,171,148,156,193,151,128,219,142,104,309,"2,174"
2015,Bihar,GOPALGANJ - BR28( 08-JUN-2017 ),2,PETROL,"1,150","1,400","1,656","2,530","3,161","1,650","1,051","1,107",814,"1,006","1,739","1,117","18,381"
2015,Bihar,JAMUI - BR46( 07-JUN-2017 ),1,DIESEL,101,96,91,76,45,71,125,65,113,103,126,97,"1,109"
2015,Bihar,JAMUI - BR46( 07-JUN-2017 ),2,NOT APPLICABLE,52,36,36,21,17,26,57,16,22,18,10,30,341
2015,Bihar,JAMUI - BR46( 07-JUN-2017 ),3,PETROL,354,342,428,442,466,629,264,247,309,243,567,473,"4,764"
2015,Bihar,JEHANABAD - BR25( 26-MAY-2017 ),1,DIESEL,158,118,149,188,118,190,182,113,147,178,166,176,"1,883"
2015,Bihar,JEHANABAD - BR25( 26-MAY-2017 ),2,NOT APPLICABLE,1,0,1,0,0,0,1,0,0,1,0,0,4
2015,Bihar,JEHANABAD - BR25( 26-MAY-2017 ),3,PETROL,150,181,203,388,250,402,303,273,367,69,416,392,"3,394"
2015,Bihar,KATIHAR - BR39( 23-JAN-2018 ),1,DIESEL,90,87,94,53,83,132,135,98,92,169,95,114,"1,242"
2015,Bihar,KATIHAR - BR39( 23-JAN-2018 ),2,NOT APPLICABLE,20,21,31,32,64,27,38,22,27,43,27,30,382
2015,Bihar,KATIHAR - BR39( 23-JAN-2018 ),3,PETROL,"1,284","1,394","1,459","1,450","2,510","2,478","1,529","1,682","1,403","1,375","1,926","1,183","19,673"
2015,Bihar,KATIHAR - BR39( 23-JAN-2018 ),4,PETROL/CNG,1,0,0,0,1,0,0,0,0,0,0,0,2
2015,Bihar,KHAGARIA - BR34( 01-FEB-2018 ),1,DIESEL,87,65,87,67,74,81,97,81,62,72,78,104,955
2015,Bihar,KHAGARIA - BR34( 01-FEB-2018 ),2,NOT APPLICABLE,58,48,47,76,49,62,70,62,23,57,68,43,663
2015,Bihar,KHAGARIA - BR34( 01-FEB-2018 ),3,PETROL,420,440,466,578,730,839,543,507,475,292,795,667,"6,752"
2015,Bihar,KHAGARIA - BR34( 01-FEB-2018 ),4,SOLAR,0,0,0,1,0,0,0,0,0,0,0,0,1
2015,Bihar,KISHANGANJ - BR37( 07-FEB-2018 ),1,DIESEL,74,33,94,68,73,60,94,70,87,90,64,109,916
2015,Bihar,KISHANGANJ - BR37( 07-FEB-2018 ),2,NOT APPLICABLE,2,2,4,4,2,2,5,1,10,3,3,3,41
2015,Bihar,KISHANGANJ - BR37( 07-FEB-2018 ),3,PETROL,64,170,774,990,"1,733","1,251","1,344","3,914","2,347",833,29,836,"14,285"
2015,Bihar,LAKHISARAI - BR53( 27-JAN-2017 ),1,DIESEL,81,75,58,79,54,70,74,103,86,51,52,88,871
2015,Bihar,LAKHISARAI - BR53( 27-JAN-2017 ),2,PETROL,219,187,335,374,394,287,124,176,234,138,527,205,"3,200"
2015,Bihar,MADHEPURA - BR43( 02-JUN-2017 ),1,DIESEL,113,117,104,30,84,121,182,151,161,238,187,316,"1,804"
2015,Bihar,MADHEPURA - BR43( 02-JUN-2017 ),2,NOT APPLICABLE,25,22,22,6,24,30,32,32,10,54,24,54,335
2015,Bihar,MADHEPURA - BR43( 02-JUN-2017 ),3,PETROL,669,761,893,649,"1,311","1,395",853,894,667,407,725,927,"10,151"
2015,Bihar,MADHUBANI - BR32( 01-FEB-2018 ),1,DIESEL,208,166,158,131,177,261,272,336,226,314,304,413,"2,966"
2015,Bihar,MADHUBANI - BR32( 01-FEB-2018 ),2,NOT APPLICABLE,0,0,0,1,2,1,0,0,0,1,0,0,5
2015,Bihar,MADHUBANI - BR32( 01-FEB-2018 ),3,PETROL,"1,177","1,969","1,721","1,679","3,005","1,859","1,028","1,246","1,028","1,491","1,857","1,732","19,792"
2015,Bihar,MADHUBANI - BR32( 01-FEB-2018 ),4,PETROL/CNG,0,0,0,0,0,0,0,0,0,1,0,0,1
2015,Bihar,MOTIHARI - BR5( 05-JUL-2017 ),1,DIESEL,326,367,308,204,233,356,322,276,335,367,374,407,"3,875"
2015,Bihar,MOTIHARI - BR5( 05-JUL-2017 ),2,NOT APPLICABLE,30,35,20,4,12,10,25,12,13,22,4,13,200
2015,Bihar,MOTIHARI - BR5( 05-JUL-2017 ),3,PETROL,"1,692","1,660","2,001","2,166","2,404","1,823","1,302","1,338","1,301","1,616","2,305","1,702","21,310"
2015,Bihar,MOTIHARI - BR5( 05-JUL-2017 ),4,PETROL/LPG,0,0,0,0,1,0,0,0,0,0,0,0,1
2015,Bihar,MOTIHARI - BR5( 05-JUL-2017 ),5,SOLAR,0,0,1,0,0,1,0,0,0,0,0,0,2
2015,Bihar,MUNGER - BR8( 06-FEB-2018 ),1,DIESEL,60,46,37,46,77,45,44,48,77,57,78,61,676
2015,Bihar,MUNGER - BR8( 06-FEB-2018 ),2,NOT APPLICABLE,23,9,8,6,13,7,7,14,11,8,12,10,128
2015,Bihar,MUNGER - BR8( 06-FEB-2018 ),3,PETROL,353,410,441,405,556,753,586,560,527,415,821,560,"6,387"
2015,Bihar,MUZAFFARPUR - BR6( 01-FEB-2018 ),1,DIESEL,679,558,788,604,661,742,575,673,698,653,762,805,"8,198"
2015,Bihar,MUZAFFARPUR - BR6( 01-FEB-2018 ),2,ELECTRIC(BOV),0,0,0,0,0,0,0,0,0,1,0,2,3
2015,Bihar,MUZAFFARPUR - BR6( 01-FEB-2018 ),3,NOT APPLICABLE,6,14,9,16,5,12,9,8,15,14,7,13,128
2015,Bihar,MUZAFFARPUR - BR6( 01-FEB-2018 ),4,PETROL,"3,090","3,915","4,435","5,988","6,660","6,124","3,603","3,862","3,715","3,674","5,714","3,576","54,356"
2015,Bihar,MUZAFFARPUR - BR6( 01-FEB-2018 ),5,PETROL/CNG,0,0,1,1,1,2,0,0,1,0,0,2,8
2015,Bihar,NALANDA - BR21( 01-FEB-2018 ),1,CNG ONLY,0,0,0,0,1,0,0,0,0,0,0,0,1
2015,Bihar,NALANDA - BR21( 01-FEB-2018 ),2,DIESEL,232,279,220,274,274,282,246,285,311,221,180,315,"3,119"
2015,Bihar,NALANDA - BR21( 01-FEB-2018 ),3,ELECTRIC(BOV),0,0,2,0,0,0,0,0,0,0,0,0,2
2015,Bihar,NALANDA - BR21( 01-FEB-2018 ),4,NOT APPLICABLE,0,0,1,2,1,0,0,0,4,0,0,0,8
2015,Bihar,NALANDA - BR21( 01-FEB-2018 ),5,PETROL,826,914,"1,146","1,839","1,418","1,038",748,855,"1,009",819,"1,613","1,092","13,317"
2015,Bihar,NALANDA - BR21( 01-FEB-2018 ),6,PETROL/CNG,0,1,0,1,0,0,0,1,0,0,1,1,5
2015,Bihar,NAWADA - BR27( 30-JAN-2018 ),1,DIESEL,180,225,214,190,233,277,304,204,168,181,149,242,"2,567"
2015,Bihar,NAWADA - BR27( 30-JAN-2018 ),2,PETROL,463,409,569,773,"1,192",581,551,446,731,551,"1,052",516,"7,834"
2015,Bihar,PATNA - BR1( 02-FEB-2018 ),1,CNG ONLY,0,1,0,0,0,0,0,0,0,1,0,0,2
2015,Bihar,PATNA - BR1( 02-FEB-2018 ),2,DIESEL,"1,755","1,463","1,333","1,062","1,270","1,328","1,380","1,539","1,608","1,627","1,756","1,887","18,008"
2015,Bihar,PATNA - BR1( 02-FEB-2018 ),3,ELECTRIC(BOV),0,0,0,0,0,0,7,8,10,10,6,20,61
2015,Bihar,PATNA - BR1( 02-FEB-2018 ),4,NOT APPLICABLE,1,56,34,15,0,2,0,0,0,0,0,0,108
2015,Bihar,PATNA - BR1( 02-FEB-2018 ),5,PETROL,"6,087","5,711","6,763","7,676","8,743","7,659","5,445","7,101","7,067","6,126","11,420","7,644","87,442"
2015,Bihar,PATNA - BR1( 02-FEB-2018 ),6,PETROL/CNG,12,11,5,5,16,14,12,8,4,12,9,16,124
2015,Bihar,PATNA - BR1( 02-FEB-2018 ),7,PETROL/LPG,2,0,0,0,1,0,0,0,0,1,0,0,4
2015,Bihar,PURNEA - BR11( 23-JAN-2018 ),1,DIESEL,814,537,696,452,650,942,792,"1,125",882,"1,017",879,"1,031","9,817"
2015,Bihar,PURNEA - BR11( 23-JAN-2018 ),2,NOT APPLICABLE,15,11,14,18,28,36,43,21,19,7,1,13,226
2015,Bihar,PURNEA - BR11( 23-JAN-2018 ),3,PETROL,"1,416","1,132","1,806","1,710","2,133","2,518","1,651","1,888","1,596","1,738","2,151","1,518","21,257"
2015,Bihar,PURNEA - BR11( 23-JAN-2018 ),4,PETROL/CNG,0,0,0,0,0,0,0,0,1,0,1,0,2
2015,Bihar,PURNEA - BR11( 23-JAN-2018 ),5,SOLAR,0,0,2,0,0,1,0,1,0,0,0,0,4
2015,Bihar,ROHTAS - BR24( 09-FEB-2018 ),1,CNG ONLY,1,0,0,0,0,0,0,0,0,0,0,0,1
2015,Bihar,ROHTAS - BR24( 09-FEB-2018 ),2,DIESEL,272,347,383,303,218,138,370,300,313,288,222,335,"3,489"
2015,Bihar,ROHTAS - BR24( 09-FEB-2018 ),3,ELECTRIC(BOV),0,0,0,0,0,0,0,1,0,1,0,0,2
2015,Bihar,ROHTAS - BR24( 09-FEB-2018 ),4,PETROL,777,807,"1,062",984,963,321,"1,219",575,854,412,949,"1,431","10,354"
2015,Bihar,ROHTAS - BR24( 09-FEB-2018 ),5,PETROL/CNG,0,0,1,1,1,0,0,0,0,1,0,1,5
2015,Bihar,SAHARSA - BR19( 29-JAN-2018 ),1,DIESEL,123,121,101,86,75,119,155,141,196,105,111,231,"1,564"
2015,Bihar,SAHARSA - BR19( 29-JAN-2018 ),2,NOT APPLICABLE,29,27,26,15,15,10,93,17,22,11,9,28,302
2015,Bihar,SAHARSA - BR19( 29-JAN-2018 ),3,PETROL,528,521,683,350,625,559,829,634,514,475,545,904,"7,167"
2015,Bihar,SAMASTIPUR - BR33( 06-JUL-2017 ),1,DIESEL,205,207,249,126,202,206,124,248,208,205,224,258,"2,462"
2015,Bihar,SAMASTIPUR - BR33( 06-JUL-2017 ),2,NOT APPLICABLE,41,48,91,37,52,62,34,66,53,65,48,90,687
2015,Bihar,SAMASTIPUR - BR33( 06-JUL-2017 ),3,PETROL,"1,429","1,615","1,834","2,468","3,060","2,496","1,360","1,698","1,565","1,369","2,453","1,713","23,060"
2015,Bihar,SAMASTIPUR - BR33( 06-JUL-2017 ),4,PETROL/CNG,0,1,0,0,0,0,0,0,0,0,0,0,1
2015,Bihar,SHEIKHPURA - BR52( 17-JUL-2017 ),1,DIESEL,75,60,87,30,59,49,55,91,48,39,31,66,690
2015,Bihar,SHEIKHPURA - BR52( 17-JUL-2017 ),2,NOT APPLICABLE,1,1,0,0,0,0,0,0,0,0,0,0,2
2015,Bihar,SHEIKHPURA - BR52( 17-JUL-2017 ),3,PETROL,162,148,70,185,197,176,164,82,128,32,94,249,"1,687"
2015,Bihar,SHEIKHPURA - BR52( 17-JUL-2017 ),4,PETROL/CNG,0,0,0,0,0,0,0,0,0,1,0,0,1
2015,Bihar,SHEOHAR - BR55( 07-JUN-2017 ),1,DIESEL,41,30,20,18,23,18,3,38,44,23,22,32,312
2015,Bihar,SHEOHAR - BR55( 07-JUN-2017 ),2,NOT APPLICABLE,5,2,0,1,0,1,1,7,2,3,3,1,26
2015,Bihar,SHEOHAR - BR55( 07-JUN-2017 ),3,PETROL,202,205,98,251,230,219,97,218,204,157,74,204,"2,159"
2015,Bihar,SITAMARHI - BR30( 29-JAN-2018 ),1,CNG ONLY,0,0,0,1,0,0,0,0,0,0,0,0,1
2015,Bihar,SITAMARHI - BR30( 29-JAN-2018 ),2,DIESEL,181,149,235,98,179,260,217,202,174,272,237,240,"2,444"
2015,Bihar,SITAMARHI - BR30( 29-JAN-2018 ),3,NOT APPLICABLE,0,0,0,0,0,0,1,0,0,0,0,0,1
2015,Bihar,SITAMARHI - BR30( 29-JAN-2018 ),4,PETROL,983,"1,132","1,491","1,119","1,586","1,776","1,457",921,984,"1,232","1,297","1,784","15,762"
2015,Bihar,SITAMARHI - BR30( 29-JAN-2018 ),5,PETROL/CNG,0,0,0,0,0,0,0,0,0,0,1,1,2
2015,Bihar,SIWAN - BR29( 29-JAN-2018 ),1,DIESEL,278,268,225,159,169,282,231,252,226,245,243,324,"2,902"
2015,Bihar,SIWAN - BR29( 29-JAN-2018 ),2,NOT APPLICABLE,0,3,0,1,0,1,1,6,3,0,0,0,15
2015,Bihar,SIWAN - BR29( 29-JAN-2018 ),3,PETROL,"1,815","2,288",396,19,8,"3,580","6,454","2,507","3,503","1,179","2,260","2,637","26,646"
2015,Bihar,SIWAN - BR29( 29-JAN-2018 ),4,PETROL/CNG,0,0,0,0,0,0,0,0,0,0,0,1,1
2015,Bihar,SIWAN - BR29( 29-JAN-2018 ),5,PETROL/LPG,0,0,0,0,0,0,0,0,0,0,1,0,1
2015,Bihar,SUPAUL - BR50( 29-JAN-2018 ),1,DIESEL,108,66,105,49,46,108,125,120,90,116,96,199,"1,228"
2015,Bihar,SUPAUL - BR50( 29-JAN-2018 ),2,PETROL,648,816,773,114,741,"1,126","1,282",706,707,611,422,"1,433","9,379"
2015,Bihar,SUPAUL - BR50( 29-JAN-2018 ),3,PETROL/CNG,0,0,1,0,0,0,2,0,1,0,0,0,4
2015,Bihar,VAISHALI - BR31( 13-FEB-2018 ),1,DIESEL,274,232,257,199,299,237,240,269,250,276,290,312,"3,135"
2015,Bihar,VAISHALI - BR31( 13-FEB-2018 ),2,NOT APPLICABLE,40,24,25,24,11,16,26,27,22,22,10,27,274
2015,Bihar,VAISHALI - BR31( 13-FEB-2018 ),3,PETROL,"1,612","1,634","1,811","2,585","2,942","2,323","1,351","1,781","1,872","1,704","3,528","1,743","24,886"
2015,Bihar,VAISHALI - BR31( 13-FEB-2018 ),4,PETROL/CNG,1,0,0,0,2,0,0,0,0,0,1,0,4
2014,Bihar,ARARIA - BR38( 30-JAN-2018 ),1,DIESEL,274,232,257,199,299,237,240,269,250,276,290,312,"3,135"
2014,Bihar,ARARIA - BR38( 30-JAN-2018 ),2,NOT APPLICABLE,40,24,25,24,11,16,26,27,22,22,10,27,274
2014,Bihar,ARARIA - BR38( 30-JAN-2018 ),3,PETROL,"1,612","1,634","1,811","2,585","2,942","2,323","1,351","1,781","1,872","1,704","3,528","1,743","24,886"
2014,Bihar,ARARIA - BR38( 30-JAN-2018 ),4,PETROL/CNG,1,0,0,0,2,0,0,0,0,0,1,0,4
2014,Bihar,ARAWAL - BR56( 22-MAY-2017 ),1,DIESEL,42,50,92,30,42,56,95,43,32,16,70,48,616
2014,Bihar,ARAWAL - BR56( 22-MAY-2017 ),2,NOT APPLICABLE,0,0,0,0,0,0,1,0,0,0,0,0,1
2014,Bihar,ARAWAL - BR56( 22-MAY-2017 ),3,PETROL,24,27,80,56,10,7,13,15,131,35,74,61,533
2014,Bihar,AURANGABAD - BR26( 13-JUN-2017 ),1,DIESEL,262,255,441,294,264,254,500,228,296,348,325,320,"3,787"
2014,Bihar,AURANGABAD - BR26( 13-JUN-2017 ),2,NOT APPLICABLE,0,0,0,4,1,0,0,0,1,0,0,1,7
2014,Bihar,AURANGABAD - BR26( 13-JUN-2017 ),3,PETROL,388,358,"1,326",820,"1,221","1,128",665,544,681,732,"1,025",944,"9,832"
2014,Bihar,AURANGABAD - BR26( 13-JUN-2017 ),4,PETROL/CNG,0,2,0,0,0,0,0,0,0,0,0,1,3
2014,Bihar,BANKA - BR51( 06-FEB-2018 ),1,DIESEL,32,27,26,17,43,29,25,32,19,41,60,56,407
2014,Bihar,BANKA - BR51( 06-FEB-2018 ),2,NOT APPLICABLE,13,8,4,7,11,3,0,3,4,33,28,27,141
2014,Bihar,BANKA - BR51( 06-FEB-2018 ),3,PETROL,202,154,285,298,578,344,228,175,186,300,286,203,"3,239"
2014,Bihar,BANKA - BR51( 06-FEB-2018 ),4,PETROL/CNG,0,0,0,0,1,0,0,0,0,0,0,0,1
2014,Bihar,BEGUSARAI - BR9( 23-JAN-2018 ),1,DIESEL,349,356,432,317,364,290,491,361,423,380,404,401,"4,568"
2014,Bihar,BEGUSARAI - BR9( 23-JAN-2018 ),2,ELECTRIC(BOV),0,0,0,1,0,0,0,0,0,0,0,0,1
2014,Bihar,BEGUSARAI - BR9( 23-JAN-2018 ),3,NOT APPLICABLE,0,0,0,0,1,0,0,0,0,0,0,44,45
2014,Bihar,BEGUSARAI - BR9( 23-JAN-2018 ),4,PETROL,713,996,"1,122","1,050","1,675","1,622","1,251","1,034","1,048","1,446","1,454","1,097","14,508"
2014,Bihar,BEGUSARAI - BR9( 23-JAN-2018 ),5,PETROL/CNG,1,0,1,0,0,0,0,0,0,0,1,0,3
2014,Bihar,BETTIAH - BR22( 22-SEP-2017 ),1,DIESEL,312,283,379,340,243,282,432,188,293,261,323,266,"3,602"
2014,Bihar,BETTIAH - BR22( 22-SEP-2017 ),2,ELECTRIC(BOV),0,0,0,1,0,0,0,0,0,0,0,0,1
2014,Bihar,BETTIAH - BR22( 22-SEP-2017 ),3,NOT APPLICABLE,28,21,17,24,9,12,22,13,16,28,66,61,317
2014,Bihar,BETTIAH - BR22( 22-SEP-2017 ),4,PETROL,"1,282","1,329","1,882","1,757","1,568","1,412",785,999,"1,130","2,052","1,841","1,254","17,291"
2014,Bihar,BETTIAH - BR22( 22-SEP-2017 ),5,PETROL/CNG,0,0,0,0,2,0,0,0,0,0,0,0,2
2014,Bihar,BETTIAH - BR22( 22-SEP-2017 ),6,PETROL/LPG,0,0,1,0,0,0,0,0,0,0,0,0,1
2014,Bihar,BETTIAH - BR22( 22-SEP-2017 ),7,SOLAR,1,0,0,0,0,1,0,0,0,0,0,0,2
2014,Bihar,BHABHUA - BR45( 23-JAN-2018 ),1,DIESEL,114,104,170,100,135,169,248,87,108,93,102,116,"1,546"
2014,Bihar,BHABHUA - BR45( 23-JAN-2018 ),2,NOT APPLICABLE,30,23,56,18,21,35,32,8,7,28,30,37,325
2014,Bihar,BHABHUA - BR45( 23-JAN-2018 ),3,PETROL,344,534,747,685,"1,242",718,506,380,394,589,522,413,"7,074"
2014,Bihar,BHABHUA - BR45( 23-JAN-2018 ),4,PETROL/CNG,0,0,0,0,0,1,0,0,0,0,2,0,3
2014,Bihar,BHAGALPUR - BR10( 07-FEB-2018 ),1,DIESEL,246,478,384,354,383,413,502,404,499,318,429,399,"4,809"
2014,Bihar,BHAGALPUR - BR10( 07-FEB-2018 ),2,ELECTRIC(BOV),0,0,1,0,0,0,0,0,0,0,0,0,1
2014,Bihar,BHAGALPUR - BR10( 07-FEB-2018 ),3,NOT APPLICABLE,0,0,0,0,0,0,0,1,1,2,0,0,4
2014,Bihar,BHAGALPUR - BR10( 07-FEB-2018 ),4,PETROL,903,"1,030","1,233","1,113","1,411","1,263","1,278","1,017",976,"1,419","1,770","1,352","14,765"
2014,Bihar,BHOJPUR - BR3( 15-FEB-2018 ),1,DIESEL,195,258,414,293,299,318,476,280,413,362,503,344,"4,155"
2014,Bihar,BHOJPUR - BR3( 15-FEB-2018 ),2,PETROL,697,"1,304","1,193","1,335","1,785","1,295",912,691,891,"1,578","1,661","1,089","14,431"
2014,Bihar,BHOJPUR - BR3( 15-FEB-2018 ),3,PETROL/CNG,0,0,0,0,0,0,1,0,0,0,1,0,2
2014,Bihar,BUXUR - BR44( 01-FEB-2018 ),1,CNG ONLY,0,0,0,0,0,0,0,0,0,0,0,1,1
2014,Bihar,BUXUR - BR44( 01-FEB-2018 ),2,DIESEL,171,182,277,162,197,294,347,223,218,210,267,251,"2,799"
2014,Bihar,BUXUR - BR44( 01-FEB-2018 ),3,PETROL,588,449,705,507,"1,033",680,375,643,404,537,596,461,"6,978"
2014,Bihar,BUXUR - BR44( 01-FEB-2018 ),4,PETROL/CNG,0,0,0,0,7,0,0,0,0,0,0,0,7
2014,Bihar,CHAPARA - BR4( 29-JAN-2018 ),1,DIESEL,410,336,334,288,206,257,326,283,291,253,260,240,"3,484"
2014,Bihar,CHAPARA - BR4( 29-JAN-2018 ),2,ELECTRIC(BOV),0,0,0,0,0,0,0,0,1,0,0,0,1
2014,Bihar,CHAPARA - BR4( 29-JAN-2018 ),3,PETROL,987,"1,389","1,536","1,710","2,251","1,769",942,755,956,"1,944","1,613",991,"16,843"
2014,Bihar,DARBHANGA - BR7( 30-JAN-2018 ),1,DIESEL,417,384,450,366,379,476,604,417,517,461,548,536,"5,555"
2014,Bihar,DARBHANGA - BR7( 30-JAN-2018 ),2,ELECTRIC(BOV),0,0,1,0,0,0,0,0,0,0,0,0,1
2014,Bihar,DARBHANGA - BR7( 30-JAN-2018 ),3,NOT APPLICABLE,31,18,24,16,7,12,18,7,9,12,22,33,209
2014,Bihar,DARBHANGA - BR7( 30-JAN-2018 ),4,PETROL,"1,254","1,448","1,775","1,716","2,178","1,818","1,394","1,115","1,253","2,155","1,493","1,285","18,884"
2014,Bihar,DARBHANGA - BR7( 30-JAN-2018 ),5,PETROL/CNG,0,0,0,0,0,1,0,0,0,1,0,0,2
2014,Bihar,GAYA - BR2( 06-SEP-2017 ),1,CNG ONLY,0,0,0,0,0,0,1,0,0,0,0,0,1
2014,Bihar,GAYA - BR2( 06-SEP-2017 ),2,DIESEL,415,527,514,488,498,451,553,469,552,546,528,458,"5,999"
2014,Bihar,GAYA - BR2( 06-SEP-2017 ),3,NOT APPLICABLE,14,12,24,23,15,9,29,11,12,70,72,51,342
2014,Bihar,GAYA - BR2( 06-SEP-2017 ),4,PETROL,"1,451","1,550","2,166","2,624","3,164","1,957","1,643","1,399","1,796","2,455","2,399","1,513","24,117"
2014,Bihar,GAYA - BR2( 06-SEP-2017 ),5,PETROL/CNG,0,0,0,0,1,0,0,0,0,0,0,0,1
2014,Bihar,GAYA - BR2( 06-SEP-2017 ),6,PETROL/LPG,0,0,0,0,0,0,0,0,0,1,0,0,1
2014,Bihar,GOPALGANJ - BR28( 08-JUN-2017 ),1,DIESEL,276,202,268,205,270,241,286,169,239,216,257,287,"2,916"
2014,Bihar,GOPALGANJ - BR28( 08-JUN-2017 ),2,ELECTRIC(BOV),0,0,0,1,0,0,0,0,0,0,1,0,2
2014,Bihar,GOPALGANJ - BR28( 08-JUN-2017 ),3,PETROL,"1,160","1,501","1,803","1,712","2,253","1,530","1,185",891,"1,058","1,186","1,630",900,"16,809"
2014,Bihar,GOPALGANJ - BR28( 08-JUN-2017 ),4,PETROL/CNG,0,0,1,0,1,0,0,1,0,0,1,0,4
2014,Bihar,GOPALGANJ - BR28( 08-JUN-2017 ),5,PETROL/LPG,0,1,0,0,0,1,1,0,0,0,0,0,3
2014,Bihar,JAMUI - BR46( 07-JUN-2017 ),1,DIESEL,106,82,138,71,79,116,112,102,172,109,116,94,"1,297"
2014,Bihar,JAMUI - BR46( 07-JUN-2017 ),2,NOT APPLICABLE,23,22,58,18,25,43,37,37,39,49,37,34,422
2014,Bihar,JAMUI - BR46( 07-JUN-2017 ),3,PETROL,230,263,440,370,427,479,487,443,315,331,574,381,"4,740"
2014,Bihar,JEHANABAD - BR25( 26-MAY-2017 ),1,DIESEL,89,99,130,75,139,93,166,107,134,119,231,146,"1,528"
2014,Bihar,JEHANABAD - BR25( 26-MAY-2017 ),2,NOT APPLICABLE,1,1,0,1,0,0,3,2,1,8,0,1,18
2014,Bihar,JEHANABAD - BR25( 26-MAY-2017 ),3,PETROL,131,122,165,276,270,378,127,117,121,161,195,198,"2,261"
2014,Bihar,KATIHAR - BR39( 23-JAN-2018 ),1,DIESEL,104,73,80,91,103,142,136,114,110,129,136,93,"1,311"
2014,Bihar,KATIHAR - BR39( 23-JAN-2018 ),2,NOT APPLICABLE,14,26,15,13,21,17,15,13,20,28,37,19,238
2014,Bihar,KATIHAR - BR39( 23-JAN-2018 ),3,PETROL,"1,189","1,137","1,657","1,313","2,079","2,092","1,716","1,434","1,304","2,227","1,352","1,173","18,673"
2014,Bihar,KHAGARIA - BR34( 01-FEB-2018 ),1,DIESEL,80,82,95,65,80,87,118,83,125,69,84,97,"1,065"
2014,Bihar,KHAGARIA - BR34( 01-FEB-2018 ),2,NOT APPLICABLE,31,32,25,23,29,19,44,15,38,53,66,52,427
2014,Bihar,KHAGARIA - BR34( 01-FEB-2018 ),3,PETROL,300,358,489,606,553,753,594,629,477,808,459,363,"6,389"
2014,Bihar,KHAGARIA - BR34( 01-FEB-2018 ),4,SOLAR,1,0,0,0,0,0,0,0,0,0,0,0,1
2014,Bihar,KISHANGANJ - BR37( 07-FEB-2018 ),1,DIESEL,66,53,77,55,57,91,95,74,100,54,99,72,893
2014,Bihar,KISHANGANJ - BR37( 07-FEB-2018 ),2,NOT APPLICABLE,5,2,4,0,2,4,5,6,1,4,2,3,38
2014,Bihar,KISHANGANJ - BR37( 07-FEB-2018 ),3,PETROL,934,"1,179","1,910","2,077","2,161","1,471",896,"1,082",727,891,821,306,"14,455"
2014,Bihar,KISHANGANJ - BR37( 07-FEB-2018 ),4,PETROL/CNG,1,0,1,0,0,0,0,0,0,0,0,0,2
2014,Bihar,LAKHISARAI - BR53( 27-JAN-2017 ),1,DIESEL,94,66,91,102,107,26,126,95,117,77,115,83,"1,099"
2014,Bihar,LAKHISARAI - BR53( 27-JAN-2017 ),2,NOT APPLICABLE,0,0,0,0,0,0,1,0,0,0,0,1,2
2014,Bihar,LAKHISARAI - BR53( 27-JAN-2017 ),3,PETROL,165,204,351,192,366,301,225,144,189,348,259,203,"2,947"
2014,Bihar,LAKHISARAI - BR53( 27-JAN-2017 ),4,PETROL/CNG,0,0,0,0,1,0,0,0,0,0,0,0,1
2014,Bihar,MADHEPURA - BR43( 02-JUN-2017 ),1,DIESEL,114,84,114,80,78,155,177,133,199,151,241,154,"1,680"
2014,Bihar,MADHEPURA - BR43( 02-JUN-2017 ),2,NOT APPLICABLE,19,17,12,14,10,8,10,8,8,6,2,14,128
2014,Bihar,MADHEPURA - BR43( 02-JUN-2017 ),3,PETROL,563,615,920,580,907,983,941,805,641,850,686,645,"9,136"
2014,Bihar,MADHUBANI - BR32( 01-FEB-2018 ),1,DIESEL,192,179,198,190,166,248,248,163,212,370,328,256,"2,750"
2014,Bihar,MADHUBANI - BR32( 01-FEB-2018 ),2,LPG ONLY,16,2,0,0,0,0,0,1,0,3,0,0,22
2014,Bihar,MADHUBANI - BR32( 01-FEB-2018 ),3,NOT APPLICABLE,0,0,0,0,0,0,0,0,0,0,0,1,1
2014,Bihar,MADHUBANI - BR32( 01-FEB-2018 ),4,PETROL,903,"1,442","1,927","1,738","2,278","1,661",867,889,961,"1,730","1,377","1,027","16,800"
2014,Bihar,MOTIHARI - BR5( 05-JUL-2017 ),1,DIESEL,494,418,428,437,362,374,634,293,393,400,481,402,"5,116"
2014,Bihar,MOTIHARI - BR5( 05-JUL-2017 ),2,ELECTRIC(BOV),0,0,0,1,0,0,0,0,0,0,0,0,1
2014,Bihar,MOTIHARI - BR5( 05-JUL-2017 ),3,NOT APPLICABLE,4,0,12,5,2,2,2,0,0,1,10,18,56
2014,Bihar,MOTIHARI - BR5( 05-JUL-2017 ),4,PETROL,"1,315","1,320","1,881","2,012","1,502","1,329",928,984,"1,119","1,883","1,840","1,110","17,223"
2014,Bihar,MOTIHARI - BR5( 05-JUL-2017 ),5,PETROL/LPG,0,0,0,0,0,0,0,1,0,0,0,0,1
2014,Bihar,MOTIHARI - BR5( 05-JUL-2017 ),6,SOLAR,0,1,0,0,0,0,0,0,0,1,0,0,2
2014,Bihar,MUNGER - BR8( 06-FEB-2018 ),1,DIESEL,34,48,63,44,53,61,65,55,54,92,62,72,703
2014,Bihar,MUNGER - BR8( 06-FEB-2018 ),2,NOT APPLICABLE,6,4,5,7,13,3,15,11,11,31,16,12,134
2014,Bihar,MUNGER - BR8( 06-FEB-2018 ),3,PETROL,206,285,680,526,643,580,547,390,424,792,578,431,"6,082"
2014,Bihar,MUZAFFARPUR - BR6( 01-FEB-2018 ),1,DIESEL,555,694,651,642,528,626,715,679,879,621,925,827,"8,342"
2014,Bihar,MUZAFFARPUR - BR6( 01-FEB-2018 ),2,ELECTRIC(BOV),0,0,0,0,0,0,0,0,0,1,1,0,2
2014,Bihar,MUZAFFARPUR - BR6( 01-FEB-2018 ),3,NOT APPLICABLE,0,0,0,0,0,0,0,0,0,0,0,8,8
2014,Bihar,MUZAFFARPUR - BR6( 01-FEB-2018 ),4,PETROL,"3,054","3,542","4,246","4,990","6,009","5,092","3,558","3,158","3,324","5,081","4,364","2,672","49,090"
2014,Bihar,MUZAFFARPUR - BR6( 01-FEB-2018 ),5,PETROL/CNG,1,0,0,0,1,0,0,0,0,1,1,0,4
2014,Bihar,MUZAFFARPUR - BR6( 01-FEB-2018 ),6,PETROL/LPG,0,2,0,1,0,0,1,0,2,0,0,3,9
2014,Bihar,NALANDA - BR21( 01-FEB-2018 ),1,DIESEL,154,148,184,199,171,278,321,205,339,176,353,334,"2,862"
2014,Bihar,NALANDA - BR21( 01-FEB-2018 ),2,PETROL,608,785,"1,019","1,104","1,382",985,946,846,943,"1,418","1,317",759,"12,112"
2014,Bihar,NALANDA - BR21( 01-FEB-2018 ),3,PETROL/CNG,0,0,0,1,0,1,0,0,0,0,0,0,2
2014,Bihar,NAWADA - BR27( 30-JAN-2018 ),1,DIESEL,172,175,188,140,161,134,277,191,221,198,229,194,"2,280"
2014,Bihar,NAWADA - BR27( 30-JAN-2018 ),2,PETROL,290,437,557,568,815,572,469,431,362,539,543,344,"5,927"
2014,Bihar,NAWADA - BR27( 30-JAN-2018 ),3,PETROL/CNG,0,0,1,0,0,0,0,0,0,1,0,0,2
2014,Bihar,PATNA - BR1( 02-FEB-2018 ),1,CNG ONLY,0,0,0,0,0,0,0,1,0,0,1,0,2
2014,Bihar,PATNA - BR1( 02-FEB-2018 ),2,DIESEL,"1,404","1,195","1,601","1,416","1,589","1,479","1,691","1,854","1,454","1,451","1,694","1,526","18,354"
2014,Bihar,PATNA - BR1( 02-FEB-2018 ),3,NOT APPLICABLE,0,0,0,0,0,0,1,0,0,0,0,0,1
2014,Bihar,PATNA - BR1( 02-FEB-2018 ),4,PETROL,"4,743","5,344","6,401","6,656","8,146","6,882","6,416","5,499","6,598","8,994","8,703","5,499","79,881"
2014,Bihar,PATNA - BR1( 02-FEB-2018 ),5,PETROL/CNG,14,22,24,15,15,35,15,6,7,7,11,8,179
2014,Bihar,PATNA - BR1( 02-FEB-2018 ),6,PETROL/LPG,0,0,0,0,0,0,0,1,0,1,0,0,2
2014,Bihar,PURNEA - BR11( 23-JAN-2018 ),1,DIESEL,726,633,704,560,638,772,947,933,934,969,896,734,"9,446"
2014,Bihar,PURNEA - BR11( 23-JAN-2018 ),2,NOT APPLICABLE,26,36,31,27,68,22,26,43,23,0,5,11,318
2014,Bihar,PURNEA - BR11( 23-JAN-2018 ),3,PETROL,871,"1,166","1,382","1,137","1,820","1,901","1,433","1,526","1,423","1,911","1,492","1,392","17,454"
2014,Bihar,PURNEA - BR11( 23-JAN-2018 ),4,PETROL/CNG,0,0,0,0,0,0,0,2,0,0,0,0,2
2014,Bihar,ROHTAS - BR24( 09-FEB-2018 ),1,DIESEL,242,222,291,361,302,286,361,190,186,222,286,278,"3,227"
2014,Bihar,ROHTAS - BR24( 09-FEB-2018 ),2,PETROL,768,636,"1,253",900,"1,029",979,931,869,667,877,"1,183",886,"10,978"
2014,Bihar,ROHTAS - BR24( 09-FEB-2018 ),3,PETROL/CNG,0,0,0,0,0,0,0,1,0,1,0,0,2
2014,Bihar,SAHARSA - BR19( 29-JAN-2018 ),1,DIESEL,196,104,156,115,146,167,206,141,173,121,167,143,"1,835"
2014,Bihar,SAHARSA - BR19( 29-JAN-2018 ),2,NOT APPLICABLE,43,30,33,15,12,35,35,13,24,7,2,13,262
2014,Bihar,SAHARSA - BR19( 29-JAN-2018 ),3,PETROL,344,289,486,443,341,485,416,527,409,338,789,534,"5,401"
2014,Bihar,SAHARSA - BR19( 29-JAN-2018 ),4,PETROL/CNG,0,0,0,2,0,0,0,0,0,0,0,0,2
2014,Bihar,SAHARSA - BR19( 29-JAN-2018 ),5,SOLAR,0,0,0,0,0,0,0,0,1,0,0,0,1
2014,Bihar,SAMASTIPUR - BR33( 06-JUL-2017 ),1,DIESEL,208,199,251,231,207,229,366,263,325,247,274,224,"3,024"
2014,Bihar,SAMASTIPUR - BR33( 06-JUL-2017 ),2,NOT APPLICABLE,6,10,17,11,2,11,7,8,14,62,83,80,311
2014,Bihar,SAMASTIPUR - BR33( 06-JUL-2017 ),3,PETROL,"1,192","1,299","1,669","1,794","2,362","2,317","1,624","1,114","1,458","2,213","1,694",970,"19,706"
2014,Bihar,SAMASTIPUR - BR33( 06-JUL-2017 ),4,PETROL/CNG,0,0,2,1,0,0,0,15,0,0,0,0,18
2014,Bihar,SHEIKHPURA - BR52( 17-JUL-2017 ),1,DIESEL,32,49,31,37,52,83,228,41,76,103,66,73,871
2014,Bihar,SHEIKHPURA - BR52( 17-JUL-2017 ),2,PETROL,34,60,133,103,211,115,220,26,177,231,172,111,"1,593"
2014,Bihar,SHEOHAR - BR55( 07-JUN-2017 ),1,DIESEL,27,17,45,15,14,20,28,15,27,18,38,33,297
2014,Bihar,SHEOHAR - BR55( 07-JUN-2017 ),2,NOT APPLICABLE,0,0,3,1,5,0,1,0,1,1,7,5,24
2014,Bihar,SHEOHAR - BR55( 07-JUN-2017 ),3,PETROL,218,322,262,369,210,247,116,174,158,165,246,129,"2,616"
2014,Bihar,SITAMARHI - BR30( 29-JAN-2018 ),1,DIESEL,177,250,235,185,185,300,329,224,287,300,259,223,"2,954"
2014,Bihar,SITAMARHI - BR30( 29-JAN-2018 ),2,DIESEL/HYBRID,0,0,0,1,0,0,0,0,0,0,0,0,1
2014,Bihar,SITAMARHI - BR30( 29-JAN-2018 ),3,PETROL,585,"1,122","1,371",954,831,"1,028",942,"1,030","1,057","1,235","1,357",856,"12,368"
2014,Bihar,SIWAN - BR29( 29-JAN-2018 ),1,DIESEL,264,292,415,290,239,291,258,269,297,292,315,294,"3,516"
2014,Bihar,SIWAN - BR29( 29-JAN-2018 ),2,NOT APPLICABLE,0,0,0,0,0,0,0,0,0,0,1,1,2
2014,Bihar,SIWAN - BR29( 29-JAN-2018 ),3,PETROL,"1,457","2,069","2,863","2,499","3,441","3,191","1,481","1,194","1,431","2,023","2,429","1,664","25,742"
2014,Bihar,SIWAN - BR29( 29-JAN-2018 ),4,SOLAR,0,0,0,0,2,1,0,0,0,1,0,0,4
2014,Bihar,SUPAUL - BR50( 29-JAN-2018 ),1,DIESEL,63,43,148,86,96,105,235,80,99,83,167,123,"1,328"
2014,Bihar,SUPAUL - BR50( 29-JAN-2018 ),2,ELECTRIC(BOV),0,0,0,0,1,0,0,0,0,0,0,0,1
2014,Bihar,SUPAUL - BR50( 29-JAN-2018 ),3,NOT APPLICABLE,0,0,0,0,0,0,0,0,0,0,0,4,4
2014,Bihar,SUPAUL - BR50( 29-JAN-2018 ),4,PETROL,496,206,355,615,920,967,555,629,"1,114",538,757,469,"7,621"
2014,Bihar,VAISHALI - BR31( 13-FEB-2018 ),1,DIESEL,401,316,370,309,312,387,471,354,474,394,402,341,"4,531"
2014,Bihar,VAISHALI - BR31( 13-FEB-2018 ),2,NOT APPLICABLE,17,15,13,4,7,22,23,15,21,137,112,36,422
2014,Bihar,VAISHALI - BR31( 13-FEB-2018 ),3,PETROL,"1,180","1,250","1,558","2,032","2,524","2,198","1,458","1,178","1,623","2,705","1,812","1,070","20,588"
2014,Bihar,VAISHALI - BR31( 13-FEB-2018 ),4,PETROL/CNG,1,1,6,0,0,1,1,0,0,1,0,0,11
