Year,State,RTO Name,3,Fuel,Jan,Feb,March,April,May,June,July,Aug,Sep,Oct,Nov,Dec,Total
2024,Odisha,ANGUL RTO - OR19( 25-DEC-2017 ),1,CNG ONLY,0,1,2,1,,,,,,,,,4
2024,Odisha,ANGUL RTO - OR19( 25-DEC-2017 ),2,DIESEL,316,303,388,152,,,,,,,,,"1,159"
2024,Odisha,ANGUL RTO - OR19( 25-DEC-2017 ),3,ELECTRIC(BOV),82,83,126,25,,,,,,,,,316
2024,Odisha,ANGUL RTO - OR19( 25-DEC-2017 ),4,NOT APPLICABLE,6,4,5,1,,,,,,,,,16
2024,Odisha,ANGUL RTO - OR19( 25-DEC-2017 ),5,PETROL,"1,112","1,312","1,701",599,,,,,,,,,"4,724"
2024,Odisha,ANGUL RTO - OR19( 25-DEC-2017 ),6,PETROL/CNG,1,4,0,0,,,,,,,,,5
2024,Odisha,ANGUL RTO - OR19( 25-DEC-2017 ),7,PETROL/ETHANOL,82,83,98,45,,,,,,,,,308
2024,Odisha,ANGUL RTO - OR19( 25-DEC-2017 ),8,PETROL/HYBRID,14,17,40,13,,,,,,,,,84
2024,Odisha,ARTO BARBIL - OR901( 04-DEC-2017 ),1,DIESEL,201,213,232,142,,,,,,,,,788
2024,Odisha,ARTO BARBIL - OR901( 04-DEC-2017 ),2,ELECTRIC(BOV),0,0,2,1,,,,,,,,,3
2024,Odisha,ARTO BARBIL - OR901( 04-DEC-2017 ),3,NOT APPLICABLE,4,0,0,0,,,,,,,,,4
2024,Odisha,ARTO BARBIL - OR901( 04-DEC-2017 ),4,PETROL,193,166,214,61,,,,,,,,,634
2024,Odisha,ARTO BARBIL - OR901( 04-DEC-2017 ),5,PETROL/ETHANOL,5,4,5,0,,,,,,,,,14
2024,Odisha,ARTO BARBIL - OR901( 04-DEC-2017 ),6,PETROL/HYBRID,2,1,0,0,,,,,,,,,3
2024,Odisha,ARTO BARBIL - OR901( 04-DEC-2017 ),7,STRONG HYBRID EV,0,0,1,0,,,,,,,,,1
2024,Odisha,BALASORE RTO - OR1( 07-NOV-2017 ),1,CNG ONLY,10,10,11,13,,,,,,,,,44
2024,Odisha,BALASORE RTO - OR1( 07-NOV-2017 ),2,DIESEL,289,283,286,78,,,,,,,,,936
2024,Odisha,BALASORE RTO - OR1( 07-NOV-2017 ),3,DIESEL/HYBRID,0,0,1,0,,,,,,,,,1
2024,Odisha,BALASORE RTO - OR1( 07-NOV-2017 ),4,ELECTRIC(BOV),283,300,454,112,,,,,,,,,"1,149"
2024,Odisha,BALASORE RTO - OR1( 07-NOV-2017 ),5,NOT APPLICABLE,3,4,6,4,,,,,,,,,17
2024,Odisha,BALASORE RTO - OR1( 07-NOV-2017 ),6,PETROL,"3,037","2,899","3,630","1,489",,,,,,,,,"11,055"
2024,Odisha,BALASORE RTO - OR1( 07-NOV-2017 ),7,PETROL/CNG,17,15,14,7,,,,,,,,,53
2024,Odisha,BALASORE RTO - OR1( 07-NOV-2017 ),8,PETROL/ETHANOL,170,155,220,69,,,,,,,,,614
2024,Odisha,BALASORE RTO - OR1( 07-NOV-2017 ),9,PETROL/HYBRID,34,15,39,10,,,,,,,,,98
2024,Odisha,BALASORE RTO - OR1( 07-NOV-2017 ),10,PURE EV,0,0,1,0,,,,,,,,,1
2024,Odisha,BALASORE RTO - OR1( 07-NOV-2017 ),11,STRONG HYBRID EV,0,0,1,1,,,,,,,,,2
2024,Odisha,BARGARH RTO - OR17( 04-DEC-2017 ),1,DIESEL,201,257,252,73,,,,,,,,,783
2024,Odisha,BARGARH RTO - OR17( 04-DEC-2017 ),2,ELECTRIC(BOV),74,61,146,28,,,,,,,,,309
2024,Odisha,BARGARH RTO - OR17( 04-DEC-2017 ),3,NOT APPLICABLE,2,4,2,0,,,,,,,,,8
2024,Odisha,BARGARH RTO - OR17( 04-DEC-2017 ),4,PETROL,"1,369","1,908","2,234",745,,,,,,,,,"6,256"
2024,Odisha,BARGARH RTO - OR17( 04-DEC-2017 ),5,PETROL/CNG,0,1,0,0,,,,,,,,,1
2024,Odisha,BARGARH RTO - OR17( 04-DEC-2017 ),6,PETROL/ETHANOL,44,38,50,10,,,,,,,,,142
2024,Odisha,BARGARH RTO - OR17( 04-DEC-2017 ),7,PETROL/HYBRID,13,24,17,18,,,,,,,,,72
2024,Odisha,BHADRAK RTO - OR22( 04-DEC-2017 ),1,CNG ONLY,39,32,33,15,,,,,,,,,119
2024,Odisha,BHADRAK RTO - OR22( 04-DEC-2017 ),2,DIESEL,233,250,283,92,,,,,,,,,858
2024,Odisha,BHADRAK RTO - OR22( 04-DEC-2017 ),3,ELECTRIC(BOV),104,110,179,34,,,,,,,,,427
2024,Odisha,BHADRAK RTO - OR22( 04-DEC-2017 ),4,NOT APPLICABLE,11,11,8,6,,,,,,,,,36
2024,Odisha,BHADRAK RTO - OR22( 04-DEC-2017 ),5,PETROL,"1,587","1,530","1,940",973,,,,,,,,,"6,030"
2024,Odisha,BHADRAK RTO - OR22( 04-DEC-2017 ),6,PETROL/CNG,4,2,5,0,,,,,,,,,11
2024,Odisha,BHADRAK RTO - OR22( 04-DEC-2017 ),7,PETROL/ETHANOL,75,75,125,58,,,,,,,,,333
2024,Odisha,BHADRAK RTO - OR22( 04-DEC-2017 ),8,PETROL/HYBRID,6,5,7,1,,,,,,,,,19
2024,Odisha,BHANJANAGAR RTO - OR32( 04-DEC-2017 ),1,CNG ONLY,3,0,4,0,,,,,,,,,7
2024,Odisha,BHANJANAGAR RTO - OR32( 04-DEC-2017 ),2,DIESEL,68,56,71,37,,,,,,,,,232
2024,Odisha,BHANJANAGAR RTO - OR32( 04-DEC-2017 ),3,ELECTRIC(BOV),15,18,32,5,,,,,,,,,70
2024,Odisha,BHANJANAGAR RTO - OR32( 04-DEC-2017 ),4,NOT APPLICABLE,5,1,3,1,,,,,,,,,10
2024,Odisha,BHANJANAGAR RTO - OR32( 04-DEC-2017 ),5,PETROL,704,976,"1,569",613,,,,,,,,,"3,862"
2024,Odisha,BHANJANAGAR RTO - OR32( 04-DEC-2017 ),6,PETROL/CNG,0,0,2,0,,,,,,,,,2
2024,Odisha,BHANJANAGAR RTO - OR32( 04-DEC-2017 ),7,PETROL/ETHANOL,33,22,71,23,,,,,,,,,149
2024,Odisha,BHANJANAGAR RTO - OR32( 04-DEC-2017 ),8,PETROL/HYBRID,3,1,3,2,,,,,,,,,9
2024,Odisha,BHUBANESWAR-II RTO - OR33( 23-OCT-2017 ),1,CNG ONLY,7,10,18,9,,,,,,,,,44
2024,Odisha,BHUBANESWAR-II RTO - OR33( 23-OCT-2017 ),2,DIESEL,329,333,356,186,,,,,,,,,"1,204"
2024,Odisha,BHUBANESWAR-II RTO - OR33( 23-OCT-2017 ),3,DIESEL/HYBRID,1,1,0,1,,,,,,,,,3
2024,Odisha,BHUBANESWAR-II RTO - OR33( 23-OCT-2017 ),4,ELECTRIC(BOV),486,538,"1,265",236,,,,,,,,,"2,525"
2024,Odisha,BHUBANESWAR-II RTO - OR33( 23-OCT-2017 ),5,NOT APPLICABLE,2,1,5,0,,,,,,,,,8
2024,Odisha,BHUBANESWAR-II RTO - OR33( 23-OCT-2017 ),6,PETROL,"2,490","2,380","2,685","1,273",,,,,,,,,"8,828"
2024,Odisha,BHUBANESWAR-II RTO - OR33( 23-OCT-2017 ),7,PETROL/CNG,29,28,38,18,,,,,,,,,113
2024,Odisha,BHUBANESWAR-II RTO - OR33( 23-OCT-2017 ),8,PETROL/ETHANOL,110,75,110,48,,,,,,,,,343
2024,Odisha,BHUBANESWAR-II RTO - OR33( 23-OCT-2017 ),9,PETROL/HYBRID,80,96,116,46,,,,,,,,,338
2024,Odisha,BHUBANESWAR-II RTO - OR33( 23-OCT-2017 ),10,STRONG HYBRID EV,0,0,3,3,,,,,,,,,6
2024,Odisha,BHUBANESWAR RTO - OR2( 22-JAN-2018 ),1,CNG ONLY,60,66,74,28,,,,,,,,,228
2024,Odisha,BHUBANESWAR RTO - OR2( 22-JAN-2018 ),2,DIESEL,986,890,976,432,,,,,,,,,"3,284"
2024,Odisha,BHUBANESWAR RTO - OR2( 22-JAN-2018 ),3,DIESEL/HYBRID,5,5,4,1,,,,,,,,,15
2024,Odisha,BHUBANESWAR RTO - OR2( 22-JAN-2018 ),4,ELECTRIC(BOV),627,634,917,168,,,,,,,,,"2,346"
2024,Odisha,BHUBANESWAR RTO - OR2( 22-JAN-2018 ),5,NOT APPLICABLE,5,1,0,1,,,,,,,,,7
2024,Odisha,BHUBANESWAR RTO - OR2( 22-JAN-2018 ),6,PETROL,"5,560","5,087","5,642","2,455",,,,,,,,,"18,744"
2024,Odisha,BHUBANESWAR RTO - OR2( 22-JAN-2018 ),7,PETROL/CNG,90,69,101,42,,,,,,,,,302
2024,Odisha,BHUBANESWAR RTO - OR2( 22-JAN-2018 ),8,PETROL/ETHANOL,250,249,295,119,,,,,,,,,913
2024,Odisha,BHUBANESWAR RTO - OR2( 22-JAN-2018 ),9,PETROL/HYBRID,288,263,273,135,,,,,,,,,959
2024,Odisha,BHUBANESWAR RTO - OR2( 22-JAN-2018 ),10,PURE EV,0,0,0,6,,,,,,,,,6
2024,Odisha,BHUBANESWAR RTO - OR2( 22-JAN-2018 ),11,STRONG HYBRID EV,0,0,2,6,,,,,,,,,8
2024,Odisha,BOLANGIR RTO - OR3( 25-DEC-2017 ),1,DIESEL,184,206,198,81,,,,,,,,,669
2024,Odisha,BOLANGIR RTO - OR3( 25-DEC-2017 ),2,ELECTRIC(BOV),140,104,180,31,,,,,,,,,455
2024,Odisha,BOLANGIR RTO - OR3( 25-DEC-2017 ),3,NOT APPLICABLE,4,1,2,3,,,,,,,,,10
2024,Odisha,BOLANGIR RTO - OR3( 25-DEC-2017 ),4,PETROL,"2,102","3,152","3,221","1,025",,,,,,,,,"9,500"
2024,Odisha,BOLANGIR RTO - OR3( 25-DEC-2017 ),5,PETROL/CNG,1,3,0,0,,,,,,,,,4
2024,Odisha,BOLANGIR RTO - OR3( 25-DEC-2017 ),6,PETROL/ETHANOL,111,107,111,37,,,,,,,,,366
2024,Odisha,BOLANGIR RTO - OR3( 25-DEC-2017 ),7,PETROL/HYBRID,31,31,37,9,,,,,,,,,108
2024,Odisha,BOLANGIR RTO - OR3( 25-DEC-2017 ),8,STRONG HYBRID EV,0,0,0,1,,,,,,,,,1
2024,Odisha,BOUDH RTO - OR27( 23-OCT-2017 ),1,DIESEL,50,40,59,13,,,,,,,,,162
2024,Odisha,BOUDH RTO - OR27( 23-OCT-2017 ),2,ELECTRIC(BOV),11,4,10,3,,,,,,,,,28
2024,Odisha,BOUDH RTO - OR27( 23-OCT-2017 ),3,NOT APPLICABLE,0,1,0,0,,,,,,,,,1
2024,Odisha,BOUDH RTO - OR27( 23-OCT-2017 ),4,PETROL,297,542,628,173,,,,,,,,,"1,640"
2024,Odisha,BOUDH RTO - OR27( 23-OCT-2017 ),5,PETROL/ETHANOL,4,11,8,3,,,,,,,,,26
2024,Odisha,BOUDH RTO - OR27( 23-OCT-2017 ),6,PETROL/HYBRID,1,2,0,1,,,,,,,,,4
2024,Odisha,CHANDIKHOLE RTO - OR4( 23-OCT-2017 ),1,CNG ONLY,0,0,4,0,,,,,,,,,4
2024,Odisha,CHANDIKHOLE RTO - OR4( 23-OCT-2017 ),2,DIESEL,201,197,229,152,,,,,,,,,779
2024,Odisha,CHANDIKHOLE RTO - OR4( 23-OCT-2017 ),3,DIESEL/HYBRID,0,1,0,0,,,,,,,,,1
2024,Odisha,CHANDIKHOLE RTO - OR4( 23-OCT-2017 ),4,ELECTRIC(BOV),50,48,62,19,,,,,,,,,179
2024,Odisha,CHANDIKHOLE RTO - OR4( 23-OCT-2017 ),5,NOT APPLICABLE,2,9,2,3,,,,,,,,,16
2024,Odisha,CHANDIKHOLE RTO - OR4( 23-OCT-2017 ),6,PETROL,"1,178","1,129","1,371",520,,,,,,,,,"4,198"
2024,Odisha,CHANDIKHOLE RTO - OR4( 23-OCT-2017 ),7,PETROL/CNG,1,0,5,0,,,,,,,,,6
2024,Odisha,CHANDIKHOLE RTO - OR4( 23-OCT-2017 ),8,PETROL/ETHANOL,29,37,47,14,,,,,,,,,127
2024,Odisha,CHANDIKHOLE RTO - OR4( 23-OCT-2017 ),9,PETROL/HYBRID,4,8,2,2,,,,,,,,,16
2024,Odisha,CUTTACK RTO - OR5( 31-MAY-2017 ),1,CNG ONLY,21,23,22,5,,,,,,,,,71
2024,Odisha,CUTTACK RTO - OR5( 31-MAY-2017 ),2,DIESEL,595,760,581,273,,,,,,,,,"2,209"
2024,Odisha,CUTTACK RTO - OR5( 31-MAY-2017 ),3,DIESEL/HYBRID,1,0,1,1,,,,,,,,,3
2024,Odisha,CUTTACK RTO - OR5( 31-MAY-2017 ),4,ELECTRIC(BOV),628,557,"1,113",171,,,,,,,,,"2,469"
2024,Odisha,CUTTACK RTO - OR5( 31-MAY-2017 ),5,NOT APPLICABLE,9,13,7,0,,,,,,,,,29
2024,Odisha,CUTTACK RTO - OR5( 31-MAY-2017 ),6,PETROL,"4,098","4,342","4,913","1,932",,,,,,,,,"15,285"
2024,Odisha,CUTTACK RTO - OR5( 31-MAY-2017 ),7,PETROL/CNG,26,18,23,5,,,,,,,,,72
2024,Odisha,CUTTACK RTO - OR5( 31-MAY-2017 ),8,PETROL/ETHANOL,207,203,221,108,,,,,,,,,739
2024,Odisha,CUTTACK RTO - OR5( 31-MAY-2017 ),9,PETROL/HYBRID,84,85,82,30,,,,,,,,,281
2024,Odisha,CUTTACK RTO - OR5( 31-MAY-2017 ),10,STRONG HYBRID EV,0,0,0,1,,,,,,,,,1
2024,Odisha,DEOGARH RTO - OR28( 23-OCT-2017 ),1,DIESEL,51,70,36,5,,,,,,,,,162
2024,Odisha,DEOGARH RTO - OR28( 23-OCT-2017 ),2,ELECTRIC(BOV),6,5,17,7,,,,,,,,,35
2024,Odisha,DEOGARH RTO - OR28( 23-OCT-2017 ),3,PETROL,195,234,258,67,,,,,,,,,754
2024,Odisha,DEOGARH RTO - OR28( 23-OCT-2017 ),4,PETROL/CNG,1,0,0,0,,,,,,,,,1
2024,Odisha,DEOGARH RTO - OR28( 23-OCT-2017 ),5,PETROL/ETHANOL,3,2,3,2,,,,,,,,,10
2024,Odisha,DEOGARH RTO - OR28( 23-OCT-2017 ),6,PETROL/HYBRID,1,1,2,0,,,,,,,,,4
2024,Odisha,DHENKANAL RTO - OR6( 07-NOV-2017 ),1,DIESEL,62,87,88,27,,,,,,,,,264
2024,Odisha,DHENKANAL RTO - OR6( 07-NOV-2017 ),2,ELECTRIC(BOV),47,28,56,16,,,,,,,,,147
2024,Odisha,DHENKANAL RTO - OR6( 07-NOV-2017 ),3,NOT APPLICABLE,2,6,0,1,,,,,,,,,9
2024,Odisha,DHENKANAL RTO - OR6( 07-NOV-2017 ),4,PETROL,810,861,"1,109",428,,,,,,,,,"3,208"
2024,Odisha,DHENKANAL RTO - OR6( 07-NOV-2017 ),5,PETROL/ETHANOL,4,8,13,2,,,,,,,,,27
2024,Odisha,DHENKANAL RTO - OR6( 07-NOV-2017 ),6,PETROL/HYBRID,3,2,2,0,,,,,,,,,7
2024,Odisha,GAJAPATI RTO - OR20( 07-NOV-2017 ),1,DIESEL,30,20,45,7,,,,,,,,,102
2024,Odisha,GAJAPATI RTO - OR20( 07-NOV-2017 ),2,ELECTRIC(BOV),2,11,9,1,,,,,,,,,23
2024,Odisha,GAJAPATI RTO - OR20( 07-NOV-2017 ),3,NOT APPLICABLE,5,8,5,2,,,,,,,,,20
2024,Odisha,GAJAPATI RTO - OR20( 07-NOV-2017 ),4,PETROL,377,390,443,196,,,,,,,,,"1,406"
2024,Odisha,GAJAPATI RTO - OR20( 07-NOV-2017 ),5,PETROL/CNG,0,0,1,0,,,,,,,,,1
2024,Odisha,GAJAPATI RTO - OR20( 07-NOV-2017 ),6,PETROL/ETHANOL,14,24,29,8,,,,,,,,,75
2024,Odisha,GAJAPATI RTO - OR20( 07-NOV-2017 ),7,PETROL/HYBRID,1,3,0,1,,,,,,,,,5
2024,Odisha,GANJAM RTO - OR7( 04-DEC-2017 ),1,CNG ONLY,0,0,1,0,,,,,,,,,1
2024,Odisha,GANJAM RTO - OR7( 04-DEC-2017 ),2,DIESEL,251,325,322,126,,,,,,,,,"1,024"
2024,Odisha,GANJAM RTO - OR7( 04-DEC-2017 ),3,ELECTRIC(BOV),248,261,538,45,,,,,,,,,"1,092"
2024,Odisha,GANJAM RTO - OR7( 04-DEC-2017 ),4,NOT APPLICABLE,1,2,8,4,,,,,,,,,15
2024,Odisha,GANJAM RTO - OR7( 04-DEC-2017 ),5,PETROL,"3,000","2,951","4,014","1,488",,,,,,,,,"11,453"
2024,Odisha,GANJAM RTO - OR7( 04-DEC-2017 ),6,PETROL/CNG,4,0,6,1,,,,,,,,,11
2024,Odisha,GANJAM RTO - OR7( 04-DEC-2017 ),7,PETROL/ETHANOL,119,58,318,91,,,,,,,,,586
2024,Odisha,GANJAM RTO - OR7( 04-DEC-2017 ),8,PETROL/HYBRID,17,13,17,7,,,,,,,,,54
2024,Odisha,GANJAM RTO - OR7( 04-DEC-2017 ),9,STRONG HYBRID EV,0,0,1,1,,,,,,,,,2
2024,Odisha,JAGATSINGHPUR RTO - OR21( 04-DEC-2017 ),1,DIESEL,71,87,69,21,,,,,,,,,248
2024,Odisha,JAGATSINGHPUR RTO - OR21( 04-DEC-2017 ),2,ELECTRIC(BOV),41,59,56,5,,,,,,,,,161
2024,Odisha,JAGATSINGHPUR RTO - OR21( 04-DEC-2017 ),3,NOT APPLICABLE,3,4,9,0,,,,,,,,,16
2024,Odisha,JAGATSINGHPUR RTO - OR21( 04-DEC-2017 ),4,PETROL,998,936,"1,163",398,,,,,,,,,"3,495"
2024,Odisha,JAGATSINGHPUR RTO - OR21( 04-DEC-2017 ),5,PETROL/CNG,0,1,0,0,,,,,,,,,1
2024,Odisha,JAGATSINGHPUR RTO - OR21( 04-DEC-2017 ),6,PETROL/ETHANOL,22,18,33,5,,,,,,,,,78
2024,Odisha,JAGATSINGHPUR RTO - OR21( 04-DEC-2017 ),7,PETROL/HYBRID,1,1,2,2,,,,,,,,,6
2024,Odisha,JAJPUR RTO - OR34( 23-OCT-2017 ),1,CNG ONLY,5,2,2,2,,,,,,,,,11
2024,Odisha,JAJPUR RTO - OR34( 23-OCT-2017 ),2,DIESEL,136,180,168,60,,,,,,,,,544
2024,Odisha,JAJPUR RTO - OR34( 23-OCT-2017 ),3,DIESEL/HYBRID,0,1,0,0,,,,,,,,,1
2024,Odisha,JAJPUR RTO - OR34( 23-OCT-2017 ),4,ELECTRIC(BOV),150,130,210,38,,,,,,,,,528
2024,Odisha,JAJPUR RTO - OR34( 23-OCT-2017 ),5,NOT APPLICABLE,0,3,0,1,,,,,,,,,4
2024,Odisha,JAJPUR RTO - OR34( 23-OCT-2017 ),6,PETROL,"1,589","1,517","1,798",684,,,,,,,,,"5,588"
2024,Odisha,JAJPUR RTO - OR34( 23-OCT-2017 ),7,PETROL/CNG,0,1,1,3,,,,,,,,,5
2024,Odisha,JAJPUR RTO - OR34( 23-OCT-2017 ),8,PETROL/ETHANOL,90,91,129,22,,,,,,,,,332
2024,Odisha,JAJPUR RTO - OR34( 23-OCT-2017 ),9,PETROL/HYBRID,1,15,6,5,,,,,,,,,27
2024,Odisha,JHARSUGUDA RTO - OR23( 07-NOV-2017 ),1,DIESEL,265,275,213,89,,,,,,,,,842
2024,Odisha,JHARSUGUDA RTO - OR23( 07-NOV-2017 ),2,ELECTRIC(BOV),43,36,88,17,,,,,,,,,184
2024,Odisha,JHARSUGUDA RTO - OR23( 07-NOV-2017 ),3,NOT APPLICABLE,8,7,9,4,,,,,,,,,28
2024,Odisha,JHARSUGUDA RTO - OR23( 07-NOV-2017 ),4,PETROL,989,"1,188","1,153",402,,,,,,,,,"3,732"
2024,Odisha,JHARSUGUDA RTO - OR23( 07-NOV-2017 ),5,PETROL/CNG,1,0,0,0,,,,,,,,,1
2024,Odisha,JHARSUGUDA RTO - OR23( 07-NOV-2017 ),6,PETROL/ETHANOL,17,19,36,11,,,,,,,,,83
2024,Odisha,JHARSUGUDA RTO - OR23( 07-NOV-2017 ),7,PETROL/HYBRID,25,13,32,15,,,,,,,,,85
2024,Odisha,KALAHANDI RTO - OR8( 23-OCT-2017 ),1,DIESEL,227,252,303,97,,,,,,,,,879
2024,Odisha,KALAHANDI RTO - OR8( 23-OCT-2017 ),2,ELECTRIC(BOV),44,39,76,6,,,,,,,,,165
2024,Odisha,KALAHANDI RTO - OR8( 23-OCT-2017 ),3,NOT APPLICABLE,12,4,0,3,,,,,,,,,19
2024,Odisha,KALAHANDI RTO - OR8( 23-OCT-2017 ),4,PETROL,"1,908","3,049","2,637",898,,,,,,,,,"8,492"
2024,Odisha,KALAHANDI RTO - OR8( 23-OCT-2017 ),5,PETROL/ETHANOL,80,119,101,29,,,,,,,,,329
2024,Odisha,KALAHANDI RTO - OR8( 23-OCT-2017 ),6,PETROL/HYBRID,17,21,25,3,,,,,,,,,66
2024,Odisha,KENDRAPARA RTO - OR29( 23-OCT-2017 ),1,CNG ONLY,12,13,10,3,,,,,,,,,38
2024,Odisha,KENDRAPARA RTO - OR29( 23-OCT-2017 ),2,DIESEL,192,176,162,54,,,,,,,,,584
2024,Odisha,KENDRAPARA RTO - OR29( 23-OCT-2017 ),3,ELECTRIC(BOV),77,63,137,29,,,,,,,,,306
2024,Odisha,KENDRAPARA RTO - OR29( 23-OCT-2017 ),4,NOT APPLICABLE,13,11,10,0,,,,,,,,,34
2024,Odisha,KENDRAPARA RTO - OR29( 23-OCT-2017 ),5,PETROL,"1,139","1,294","1,529",611,,,,,,,,,"4,573"
2024,Odisha,KENDRAPARA RTO - OR29( 23-OCT-2017 ),6,PETROL/CNG,1,0,0,0,,,,,,,,,1
2024,Odisha,KENDRAPARA RTO - OR29( 23-OCT-2017 ),7,PETROL/ETHANOL,37,84,107,31,,,,,,,,,259
2024,Odisha,KENDRAPARA RTO - OR29( 23-OCT-2017 ),8,PETROL/HYBRID,2,3,2,2,,,,,,,,,9
2024,Odisha,KEONJHAR RTO - OR9( 04-DEC-2017 ),1,CNG ONLY,0,0,4,2,,,,,,,,,6
2024,Odisha,KEONJHAR RTO - OR9( 04-DEC-2017 ),2,DIESEL,374,353,399,160,,,,,,,,,"1,286"
2024,Odisha,KEONJHAR RTO - OR9( 04-DEC-2017 ),3,ELECTRIC(BOV),118,108,177,28,,,,,,,,,431
2024,Odisha,KEONJHAR RTO - OR9( 04-DEC-2017 ),4,NOT APPLICABLE,7,21,8,2,,,,,,,,,38
2024,Odisha,KEONJHAR RTO - OR9( 04-DEC-2017 ),5,PETROL,"1,525","1,165","1,634",624,,,,,,,,,"4,948"
2024,Odisha,KEONJHAR RTO - OR9( 04-DEC-2017 ),6,PETROL/CNG,0,3,3,0,,,,,,,,,6
2024,Odisha,KEONJHAR RTO - OR9( 04-DEC-2017 ),7,PETROL/ETHANOL,104,88,84,30,,,,,,,,,306
2024,Odisha,KEONJHAR RTO - OR9( 04-DEC-2017 ),8,PETROL/HYBRID,9,9,17,6,,,,,,,,,41
2024,Odisha,KHORDHA ARTO - OR201( 20-JAN-2018 ),1,CNG ONLY,1,3,1,2,,,,,,,,,7
2024,Odisha,KHORDHA ARTO - OR201( 20-JAN-2018 ),2,DIESEL,106,107,91,54,,,,,,,,,358
2024,Odisha,KHORDHA ARTO - OR201( 20-JAN-2018 ),3,ELECTRIC(BOV),88,67,150,54,,,,,,,,,359
2024,Odisha,KHORDHA ARTO - OR201( 20-JAN-2018 ),4,NOT APPLICABLE,6,6,10,4,,,,,,,,,26
2024,Odisha,KHORDHA ARTO - OR201( 20-JAN-2018 ),5,PETROL,290,219,252,143,,,,,,,,,904
2024,Odisha,KHORDHA ARTO - OR201( 20-JAN-2018 ),6,PETROL/CNG,3,1,2,1,,,,,,,,,7
2024,Odisha,KHORDHA ARTO - OR201( 20-JAN-2018 ),7,PETROL/ETHANOL,2,1,1,0,,,,,,,,,4
2024,Odisha,KHORDHA ARTO - OR201( 20-JAN-2018 ),8,PETROL/HYBRID,3,6,2,4,,,,,,,,,15
2024,Odisha,KHORDHA ARTO - OR201( 20-JAN-2018 ),9,STRONG HYBRID EV,0,0,0,1,,,,,,,,,1
2024,Odisha,KORAPUT RTO - OR10( 25-DEC-2017 ),1,DIESEL,177,195,189,53,,,,,,,,,614
2024,Odisha,KORAPUT RTO - OR10( 25-DEC-2017 ),2,ELECTRIC(BOV),31,45,75,10,,,,,,,,,161
2024,Odisha,KORAPUT RTO - OR10( 25-DEC-2017 ),3,NOT APPLICABLE,6,9,19,5,,,,,,,,,39
2024,Odisha,KORAPUT RTO - OR10( 25-DEC-2017 ),4,PETROL,"1,755","2,023","1,901",716,,,,,,,,,"6,395"
2024,Odisha,KORAPUT RTO - OR10( 25-DEC-2017 ),5,PETROL/CNG,0,0,1,0,,,,,,,,,1
2024,Odisha,KORAPUT RTO - OR10( 25-DEC-2017 ),6,PETROL/ETHANOL,70,91,66,48,,,,,,,,,275
2024,Odisha,KORAPUT RTO - OR10( 25-DEC-2017 ),7,PETROL/HYBRID,19,17,18,11,,,,,,,,,65
2024,Odisha,KORAPUT RTO - OR10( 25-DEC-2017 ),8,STRONG HYBRID EV,0,0,1,0,,,,,,,,,1
2024,Odisha,MALKANAGIRI RTO - OR30( 25-DEC-2017 ),1,DIESEL,94,82,97,27,,,,,,,,,300
2024,Odisha,MALKANAGIRI RTO - OR30( 25-DEC-2017 ),2,ELECTRIC(BOV),4,9,12,2,,,,,,,,,27
2024,Odisha,MALKANAGIRI RTO - OR30( 25-DEC-2017 ),3,NOT APPLICABLE,2,9,2,0,,,,,,,,,13
2024,Odisha,MALKANAGIRI RTO - OR30( 25-DEC-2017 ),4,PETROL,740,619,729,238,,,,,,,,,"2,326"
2024,Odisha,MALKANAGIRI RTO - OR30( 25-DEC-2017 ),5,PETROL/CNG,0,2,0,0,,,,,,,,,2
2024,Odisha,MALKANAGIRI RTO - OR30( 25-DEC-2017 ),6,PETROL/ETHANOL,44,36,34,11,,,,,,,,,125
2024,Odisha,MALKANAGIRI RTO - OR30( 25-DEC-2017 ),7,PETROL/HYBRID,11,4,10,5,,,,,,,,,30
2024,Odisha,MAYURBHANJ RTO - OR11( 08-NOV-2017 ),1,CNG ONLY,9,5,3,4,,,,,,,,,21
2024,Odisha,MAYURBHANJ RTO - OR11( 08-NOV-2017 ),2,DIESEL,123,226,176,72,,,,,,,,,597
2024,Odisha,MAYURBHANJ RTO - OR11( 08-NOV-2017 ),3,ELECTRIC(BOV),200,200,244,59,,,,,,,,,703
2024,Odisha,MAYURBHANJ RTO - OR11( 08-NOV-2017 ),4,NOT APPLICABLE,7,8,8,4,,,,,,,,,27
2024,Odisha,MAYURBHANJ RTO - OR11( 08-NOV-2017 ),5,PETROL,"2,013","1,396","1,641",676,,,,,,,,,"5,726"
2024,Odisha,MAYURBHANJ RTO - OR11( 08-NOV-2017 ),6,PETROL/CNG,7,4,6,2,,,,,,,,,19
2024,Odisha,MAYURBHANJ RTO - OR11( 08-NOV-2017 ),7,PETROL/ETHANOL,82,50,66,20,,,,,,,,,218
2024,Odisha,MAYURBHANJ RTO - OR11( 08-NOV-2017 ),8,PETROL/HYBRID,17,12,23,9,,,,,,,,,61
2024,Odisha,NAWARANGPUR RTO - OR24( 07-NOV-2017 ),1,DIESEL,243,247,192,50,,,,,,,,,732
2024,Odisha,NAWARANGPUR RTO - OR24( 07-NOV-2017 ),2,ELECTRIC(BOV),11,22,27,4,,,,,,,,,64
2024,Odisha,NAWARANGPUR RTO - OR24( 07-NOV-2017 ),3,NOT APPLICABLE,17,2,17,2,,,,,,,,,38
2024,Odisha,NAWARANGPUR RTO - OR24( 07-NOV-2017 ),4,PETROL,"1,277","1,412","1,342",509,,,,,,,,,"4,540"
2024,Odisha,NAWARANGPUR RTO - OR24( 07-NOV-2017 ),5,PETROL/ETHANOL,31,47,45,21,,,,,,,,,144
2024,Odisha,NAWARANGPUR RTO - OR24( 07-NOV-2017 ),6,PETROL/HYBRID,11,16,9,2,,,,,,,,,38
2024,Odisha,NAYAGARH RTO - OR25( 25-DEC-2017 ),1,DIESEL,66,84,66,44,,,,,,,,,260
2024,Odisha,NAYAGARH RTO - OR25( 25-DEC-2017 ),2,ELECTRIC(BOV),56,66,87,15,,,,,,,,,224
2024,Odisha,NAYAGARH RTO - OR25( 25-DEC-2017 ),3,NOT APPLICABLE,1,6,1,0,,,,,,,,,8
2024,Odisha,NAYAGARH RTO - OR25( 25-DEC-2017 ),4,PETROL,"1,077","1,088","1,338",458,,,,,,,,,"3,961"
2024,Odisha,NAYAGARH RTO - OR25( 25-DEC-2017 ),5,PETROL/CNG,0,1,0,0,,,,,,,,,1
2024,Odisha,NAYAGARH RTO - OR25( 25-DEC-2017 ),6,PETROL/ETHANOL,32,39,49,12,,,,,,,,,132
2024,Odisha,NAYAGARH RTO - OR25( 25-DEC-2017 ),7,PETROL/HYBRID,1,0,0,0,,,,,,,,,1
2024,Odisha,NUAPADA RTO - OR26( 06-NOV-2017 ),1,DIESEL,52,112,123,21,,,,,,,,,308
2024,Odisha,NUAPADA RTO - OR26( 06-NOV-2017 ),2,ELECTRIC(BOV),20,12,29,4,,,,,,,,,65
2024,Odisha,NUAPADA RTO - OR26( 06-NOV-2017 ),3,PETROL,518,572,772,272,,,,,,,,,"2,134"
2024,Odisha,NUAPADA RTO - OR26( 06-NOV-2017 ),4,PETROL/CNG,0,1,0,0,,,,,,,,,1
2024,Odisha,NUAPADA RTO - OR26( 06-NOV-2017 ),5,PETROL/ETHANOL,19,24,29,8,,,,,,,,,80
2024,Odisha,NUAPADA RTO - OR26( 06-NOV-2017 ),6,PETROL/HYBRID,3,8,7,4,,,,,,,,,22
2024,Odisha,PHULBANI RTO - OR12( 23-OCT-2017 ),1,DIESEL,64,87,106,30,,,,,,,,,287
2024,Odisha,PHULBANI RTO - OR12( 23-OCT-2017 ),2,ELECTRIC(BOV),5,6,11,2,,,,,,,,,24
2024,Odisha,PHULBANI RTO - OR12( 23-OCT-2017 ),3,NOT APPLICABLE,4,9,2,0,,,,,,,,,15
2024,Odisha,PHULBANI RTO - OR12( 23-OCT-2017 ),4,PETROL,533,587,884,345,,,,,,,,,"2,349"
2024,Odisha,PHULBANI RTO - OR12( 23-OCT-2017 ),5,PETROL/ETHANOL,2,3,6,4,,,,,,,,,15
2024,Odisha,PHULBANI RTO - OR12( 23-OCT-2017 ),6,PETROL/HYBRID,1,0,0,0,,,,,,,,,1
2024,Odisha,PURI RTO - OR13( 25-DEC-2017 ),1,CNG ONLY,4,1,5,0,,,,,,,,,10
2024,Odisha,PURI RTO - OR13( 25-DEC-2017 ),2,DIESEL,100,93,111,45,,,,,,,,,349
2024,Odisha,PURI RTO - OR13( 25-DEC-2017 ),3,DIESEL/HYBRID,0,1,0,0,,,,,,,,,1
2024,Odisha,PURI RTO - OR13( 25-DEC-2017 ),4,ELECTRIC(BOV),285,325,562,118,,,,,,,,,"1,290"
2024,Odisha,PURI RTO - OR13( 25-DEC-2017 ),5,NOT APPLICABLE,2,3,1,1,,,,,,,,,7
2024,Odisha,PURI RTO - OR13( 25-DEC-2017 ),6,PETROL,"1,222","1,251","1,610",614,,,,,,,,,"4,697"
2024,Odisha,PURI RTO - OR13( 25-DEC-2017 ),7,PETROL/CNG,7,1,4,4,,,,,,,,,16
2024,Odisha,PURI RTO - OR13( 25-DEC-2017 ),8,PETROL/ETHANOL,107,83,106,49,,,,,,,,,345
2024,Odisha,PURI RTO - OR13( 25-DEC-2017 ),9,PETROL/HYBRID,5,8,2,3,,,,,,,,,18
2024,Odisha,PURI RTO - OR13( 25-DEC-2017 ),10,STRONG HYBRID EV,0,0,1,0,,,,,,,,,1
2024,Odisha,RAIRANGPUR ARTO - OR111( 08-NOV-2017 ),1,CNG ONLY,0,1,0,0,,,,,,,,,1
2024,Odisha,RAIRANGPUR ARTO - OR111( 08-NOV-2017 ),2,DIESEL,57,78,86,45,,,,,,,,,266
2024,Odisha,RAIRANGPUR ARTO - OR111( 08-NOV-2017 ),3,ELECTRIC(BOV),9,6,11,3,,,,,,,,,29
2024,Odisha,RAIRANGPUR ARTO - OR111( 08-NOV-2017 ),4,NOT APPLICABLE,7,3,6,5,,,,,,,,,21
2024,Odisha,RAIRANGPUR ARTO - OR111( 08-NOV-2017 ),5,PETROL,725,477,555,217,,,,,,,,,"1,974"
2024,Odisha,RAIRANGPUR ARTO - OR111( 08-NOV-2017 ),6,PETROL/CNG,1,0,0,0,,,,,,,,,1
2024,Odisha,RAIRANGPUR ARTO - OR111( 08-NOV-2017 ),7,PETROL/ETHANOL,27,27,21,19,,,,,,,,,94
2024,Odisha,RAIRANGPUR ARTO - OR111( 08-NOV-2017 ),8,PETROL/HYBRID,2,3,10,5,,,,,,,,,20
2024,Odisha,RAYGADA RTO - OR18( 25-DEC-2017 ),1,DIESEL,88,96,131,29,,,,,,,,,344
2024,Odisha,RAYGADA RTO - OR18( 25-DEC-2017 ),2,ELECTRIC(BOV),22,34,50,14,,,,,,,,,120
2024,Odisha,RAYGADA RTO - OR18( 25-DEC-2017 ),3,NOT APPLICABLE,7,6,4,0,,,,,,,,,17
2024,Odisha,RAYGADA RTO - OR18( 25-DEC-2017 ),4,PETROL,868,"1,131","1,373",387,,,,,,,,,"3,759"
2024,Odisha,RAYGADA RTO - OR18( 25-DEC-2017 ),5,PETROL/ETHANOL,24,49,65,22,,,,,,,,,160
2024,Odisha,RAYGADA RTO - OR18( 25-DEC-2017 ),6,PETROL/HYBRID,6,5,5,1,,,,,,,,,17
2024,Odisha,ROURKELA RTO - OR14( 25-DEC-2017 ),1,CNG ONLY,0,3,1,0,,,,,,,,,4
2024,Odisha,ROURKELA RTO - OR14( 25-DEC-2017 ),2,DIESEL,335,353,349,130,,,,,,,,,"1,167"
2024,Odisha,ROURKELA RTO - OR14( 25-DEC-2017 ),3,ELECTRIC(BOV),196,157,375,55,,,,,,,,,783
2024,Odisha,ROURKELA RTO - OR14( 25-DEC-2017 ),4,NOT APPLICABLE,12,6,13,1,,,,,,,,,32
2024,Odisha,ROURKELA RTO - OR14( 25-DEC-2017 ),5,PETROL,"1,524","1,489","1,811",703,,,,,,,,,"5,527"
2024,Odisha,ROURKELA RTO - OR14( 25-DEC-2017 ),6,PETROL/CNG,1,2,0,1,,,,,,,,,4
2024,Odisha,ROURKELA RTO - OR14( 25-DEC-2017 ),7,PETROL/ETHANOL,48,58,54,24,,,,,,,,,184
2024,Odisha,ROURKELA RTO - OR14( 25-DEC-2017 ),8,PETROL/HYBRID,35,44,57,16,,,,,,,,,152
2024,Odisha,SAMBALPUR RTO - OR15( 04-DEC-2017 ),1,CNG ONLY,1,1,1,0,,,,,,,,,3
2024,Odisha,SAMBALPUR RTO - OR15( 04-DEC-2017 ),2,DIESEL,405,326,416,166,,,,,,,,,"1,313"
2024,Odisha,SAMBALPUR RTO - OR15( 04-DEC-2017 ),3,ELECTRIC(BOV),130,117,198,39,,,,,,,,,484
2024,Odisha,SAMBALPUR RTO - OR15( 04-DEC-2017 ),4,NOT APPLICABLE,12,13,26,2,,,,,,,,,53
2024,Odisha,SAMBALPUR RTO - OR15( 04-DEC-2017 ),5,PETROL,"1,631","1,749","1,952",769,,,,,,,,,"6,101"
2024,Odisha,SAMBALPUR RTO - OR15( 04-DEC-2017 ),6,PETROL/CNG,2,2,2,2,,,,,,,,,8
2024,Odisha,SAMBALPUR RTO - OR15( 04-DEC-2017 ),7,PETROL/ETHANOL,54,64,63,20,,,,,,,,,201
2024,Odisha,SAMBALPUR RTO - OR15( 04-DEC-2017 ),8,PETROL/HYBRID,37,37,22,20,,,,,,,,,116
2024,Odisha,SONEPUR RTO - OR31( 08-NOV-2017 ),1,DIESEL,86,124,78,41,,,,,,,,,329
2024,Odisha,SONEPUR RTO - OR31( 08-NOV-2017 ),2,ELECTRIC(BOV),48,55,86,13,,,,,,,,,202
2024,Odisha,SONEPUR RTO - OR31( 08-NOV-2017 ),3,NOT APPLICABLE,0,6,0,1,,,,,,,,,7
2024,Odisha,SONEPUR RTO - OR31( 08-NOV-2017 ),4,PETROL,745,"1,344","1,405",357,,,,,,,,,"3,851"
2024,Odisha,SONEPUR RTO - OR31( 08-NOV-2017 ),5,PETROL/ETHANOL,24,46,35,9,,,,,,,,,114
2024,Odisha,SONEPUR RTO - OR31( 08-NOV-2017 ),6,PETROL/HYBRID,3,9,1,3,,,,,,,,,16
2024,Odisha,SUNDERGARH RTO - OR16( 08-NOV-2017 ),1,DIESEL,288,335,322,118,,,,,,,,,"1,063"
2024,Odisha,SUNDERGARH RTO - OR16( 08-NOV-2017 ),2,ELECTRIC(BOV),41,67,95,10,,,,,,,,,213
2024,Odisha,SUNDERGARH RTO - OR16( 08-NOV-2017 ),3,NOT APPLICABLE,4,18,7,11,,,,,,,,,40
2024,Odisha,SUNDERGARH RTO - OR16( 08-NOV-2017 ),4,PETROL,843,837,776,333,,,,,,,,,"2,789"
2024,Odisha,SUNDERGARH RTO - OR16( 08-NOV-2017 ),5,PETROL/CNG,0,1,2,0,,,,,,,,,3
2024,Odisha,SUNDERGARH RTO - OR16( 08-NOV-2017 ),6,PETROL/ETHANOL,15,6,11,5,,,,,,,,,37
2024,Odisha,SUNDERGARH RTO - OR16( 08-NOV-2017 ),7,PETROL/HYBRID,13,15,19,1,,,,,,,,,48
2024,Odisha,TALCHER RTO - OR35( 25-DEC-2017 ),1,DIESEL,179,153,145,95,,,,,,,,,572
2024,Odisha,TALCHER RTO - OR35( 25-DEC-2017 ),2,ELECTRIC(BOV),22,36,56,13,,,,,,,,,127
2024,Odisha,TALCHER RTO - OR35( 25-DEC-2017 ),3,NOT APPLICABLE,5,3,6,0,,,,,,,,,14
2024,Odisha,TALCHER RTO - OR35( 25-DEC-2017 ),4,PETROL,448,558,636,249,,,,,,,,,"1,891"
2024,Odisha,TALCHER RTO - OR35( 25-DEC-2017 ),5,PETROL/CNG,0,3,0,1,,,,,,,,,4
2024,Odisha,TALCHER RTO - OR35( 25-DEC-2017 ),6,PETROL/ETHANOL,0,0,3,1,,,,,,,,,4
2024,Odisha,TALCHER RTO - OR35( 25-DEC-2017 ),7,PETROL/HYBRID,6,3,1,3,,,,,,,,,13
2023,Odisha,ANGUL RTO - OR19( 25-DEC-2017 ),1,DIESEL,239,192,254,236,263,215,208,240,218,299,345,260,"2,969"
2023,Odisha,ANGUL RTO - OR19( 25-DEC-2017 ),2,DIESEL/HYBRID,0,0,0,0,0,0,0,0,1,0,0,0,1
2023,Odisha,ANGUL RTO - OR19( 25-DEC-2017 ),3,ELECTRIC(BOV),39,23,34,35,44,23,40,42,45,68,80,83,556
2023,Odisha,ANGUL RTO - OR19( 25-DEC-2017 ),4,NOT APPLICABLE,3,6,1,9,7,2,3,9,1,7,6,1,55
2023,Odisha,ANGUL RTO - OR19( 25-DEC-2017 ),5,PETROL,"1,124","1,136","1,252","1,161","1,075","1,030","1,225","1,033","1,317","2,579","1,635","1,421","15,988"
2023,Odisha,ANGUL RTO - OR19( 25-DEC-2017 ),6,PETROL/CNG,0,0,0,0,0,1,0,0,0,3,2,0,6
2023,Odisha,ANGUL RTO - OR19( 25-DEC-2017 ),7,PETROL/ETHANOL,0,3,30,38,30,33,42,47,56,162,95,77,613
2023,Odisha,ANGUL RTO - OR19( 25-DEC-2017 ),8,PETROL/HYBRID,17,13,16,12,15,17,20,5,10,8,13,8,154
2023,Odisha,ARTO BARBIL - OR901( 04-DEC-2017 ),1,DIESEL,150,230,236,182,197,149,136,179,166,208,225,200,"2,258"
2023,Odisha,ARTO BARBIL - OR901( 04-DEC-2017 ),2,ELECTRIC(BOV),1,0,1,1,1,0,0,0,0,0,0,2,6
2023,Odisha,ARTO BARBIL - OR901( 04-DEC-2017 ),3,NOT APPLICABLE,0,0,0,5,0,0,0,0,0,0,0,0,5
2023,Odisha,ARTO BARBIL - OR901( 04-DEC-2017 ),4,PETROL,198,174,178,132,204,177,195,203,209,228,376,214,"2,488"
2023,Odisha,ARTO BARBIL - OR901( 04-DEC-2017 ),5,PETROL/CNG,0,0,0,0,0,0,0,0,0,0,0,1,1
2023,Odisha,ARTO BARBIL - OR901( 04-DEC-2017 ),6,PETROL/ETHANOL,0,0,0,0,0,0,0,0,2,3,2,4,11
2023,Odisha,ARTO BARBIL - OR901( 04-DEC-2017 ),7,PETROL/HYBRID,0,1,1,0,0,0,0,2,0,0,1,0,5
2023,Odisha,BALASORE RTO - OR1( 07-NOV-2017 ),1,CNG ONLY,16,6,11,6,8,8,7,14,17,12,15,9,129
2023,Odisha,BALASORE RTO - OR1( 07-NOV-2017 ),2,DIESEL,222,227,266,190,212,232,262,229,188,260,249,254,"2,791"
2023,Odisha,BALASORE RTO - OR1( 07-NOV-2017 ),3,DIESEL/HYBRID,0,0,0,1,0,0,0,0,0,0,0,0,1
2023,Odisha,BALASORE RTO - OR1( 07-NOV-2017 ),4,ELECTRIC(BOV),147,154,252,155,244,160,203,151,219,342,350,328,"2,705"
2023,Odisha,BALASORE RTO - OR1( 07-NOV-2017 ),5,NOT APPLICABLE,0,4,3,3,3,1,1,3,1,3,3,5,30
2023,Odisha,BALASORE RTO - OR1( 07-NOV-2017 ),6,PETROL,"2,830","2,431","2,985","2,448","2,450","2,849","2,117","2,037","2,806","4,983","3,484","2,479","33,899"
2023,Odisha,BALASORE RTO - OR1( 07-NOV-2017 ),7,PETROL/CNG,13,5,3,3,8,13,8,14,13,26,18,16,140
2023,Odisha,BALASORE RTO - OR1( 07-NOV-2017 ),8,PETROL/ETHANOL,0,15,94,76,87,95,102,110,139,226,184,110,"1,238"
2023,Odisha,BALASORE RTO - OR1( 07-NOV-2017 ),9,PETROL/HYBRID,18,31,22,32,16,21,19,23,19,28,31,20,280
2023,Odisha,BARGARH RTO - OR17( 04-DEC-2017 ),1,DIESEL,185,141,143,129,175,169,238,193,127,176,250,225,"2,151"
2023,Odisha,BARGARH RTO - OR17( 04-DEC-2017 ),2,ELECTRIC(BOV),79,77,79,54,69,51,57,80,75,81,99,106,907
2023,Odisha,BARGARH RTO - OR17( 04-DEC-2017 ),3,NOT APPLICABLE,1,5,7,0,5,2,2,0,5,5,5,4,41
2023,Odisha,BARGARH RTO - OR17( 04-DEC-2017 ),4,PETROL,"1,558","1,966","1,922","1,458","1,310","1,153",976,871,972,"1,329","1,372","1,195","16,082"
2023,Odisha,BARGARH RTO - OR17( 04-DEC-2017 ),5,PETROL/CNG,0,0,0,0,0,0,1,2,3,3,0,2,11
2023,Odisha,BARGARH RTO - OR17( 04-DEC-2017 ),6,PETROL/ETHANOL,0,0,19,26,31,28,35,26,40,49,27,27,308
2023,Odisha,BARGARH RTO - OR17( 04-DEC-2017 ),7,PETROL/HYBRID,19,23,21,12,29,22,19,20,18,29,24,14,250
2023,Odisha,BHADRAK RTO - OR22( 04-DEC-2017 ),1,CNG ONLY,16,18,24,22,17,27,28,44,42,55,49,33,375
2023,Odisha,BHADRAK RTO - OR22( 04-DEC-2017 ),2,DIESEL,139,178,167,185,147,133,168,153,155,147,186,196,"1,954"
2023,Odisha,BHADRAK RTO - OR22( 04-DEC-2017 ),3,DIESEL/HYBRID,0,0,0,0,0,0,1,0,0,0,0,0,1
2023,Odisha,BHADRAK RTO - OR22( 04-DEC-2017 ),4,ELECTRIC(BOV),29,33,22,44,39,32,39,45,60,69,91,113,616
2023,Odisha,BHADRAK RTO - OR22( 04-DEC-2017 ),5,NOT APPLICABLE,10,7,11,12,8,1,3,5,4,8,4,13,86
2023,Odisha,BHADRAK RTO - OR22( 04-DEC-2017 ),6,PETROL,"1,199","1,725","1,823","1,342","1,286","1,267","1,159",955,"1,262","1,846","1,961","1,626","17,451"
2023,Odisha,BHADRAK RTO - OR22( 04-DEC-2017 ),7,PETROL/CNG,0,3,1,2,1,7,2,7,10,7,7,9,56
2023,Odisha,BHADRAK RTO - OR22( 04-DEC-2017 ),8,PETROL/ETHANOL,0,7,75,50,36,63,41,50,54,79,77,41,573
2023,Odisha,BHADRAK RTO - OR22( 04-DEC-2017 ),9,PETROL/HYBRID,2,8,1,2,2,2,1,0,4,1,3,1,27
2023,Odisha,BHANJANAGAR RTO - OR32( 04-DEC-2017 ),1,DIESEL,42,39,74,53,57,52,58,66,59,66,77,71,714
2023,Odisha,BHANJANAGAR RTO - OR32( 04-DEC-2017 ),2,ELECTRIC(BOV),10,16,16,8,33,13,13,14,21,27,27,16,214
2023,Odisha,BHANJANAGAR RTO - OR32( 04-DEC-2017 ),3,NOT APPLICABLE,0,3,3,0,4,1,1,4,3,1,3,4,27
2023,Odisha,BHANJANAGAR RTO - OR32( 04-DEC-2017 ),4,PETROL,662,921,"1,033",882,783,678,572,493,688,"1,160","1,157",719,"9,748"
2023,Odisha,BHANJANAGAR RTO - OR32( 04-DEC-2017 ),5,PETROL/CNG,1,0,0,0,1,0,1,0,1,1,0,0,5
2023,Odisha,BHANJANAGAR RTO - OR32( 04-DEC-2017 ),6,PETROL/ETHANOL,0,1,10,16,1,10,5,9,10,15,41,19,137
2023,Odisha,BHANJANAGAR RTO - OR32( 04-DEC-2017 ),7,PETROL/HYBRID,1,2,2,1,1,1,3,2,0,4,3,2,22
2023,Odisha,BHUBANESWAR-II RTO - OR33( 23-OCT-2017 ),1,CNG ONLY,1,0,3,2,0,0,2,1,1,20,8,13,51
2023,Odisha,BHUBANESWAR-II RTO - OR33( 23-OCT-2017 ),2,DIESEL,187,157,235,174,181,166,167,165,194,254,285,348,"2,513"
2023,Odisha,BHUBANESWAR-II RTO - OR33( 23-OCT-2017 ),3,DIESEL/HYBRID,0,1,0,0,0,2,0,0,1,0,1,1,6
2023,Odisha,BHUBANESWAR-II RTO - OR33( 23-OCT-2017 ),4,ELECTRIC(BOV),278,287,363,262,442,259,354,427,430,643,584,697,"5,026"
2023,Odisha,BHUBANESWAR-II RTO - OR33( 23-OCT-2017 ),5,NOT APPLICABLE,1,0,1,0,3,2,4,2,1,1,0,4,19
2023,Odisha,BHUBANESWAR-II RTO - OR33( 23-OCT-2017 ),6,PETROL,"1,946","1,817","2,103","1,875","1,847","1,988","1,794","2,023","2,179","3,450","2,791","2,515","26,328"
2023,Odisha,BHUBANESWAR-II RTO - OR33( 23-OCT-2017 ),7,PETROL/CNG,17,6,11,5,18,30,29,24,35,45,47,55,322
2023,Odisha,BHUBANESWAR-II RTO - OR33( 23-OCT-2017 ),8,PETROL/ETHANOL,0,10,38,51,39,67,71,91,84,140,103,83,777
2023,Odisha,BHUBANESWAR-II RTO - OR33( 23-OCT-2017 ),9,PETROL/HYBRID,86,71,81,81,67,57,45,53,52,88,54,79,814
2023,Odisha,BHUBANESWAR RTO - OR2( 22-JAN-2018 ),1,CNG ONLY,49,59,86,54,78,74,85,92,106,89,73,54,899
2023,Odisha,BHUBANESWAR RTO - OR2( 22-JAN-2018 ),2,DIESEL,901,700,997,808,905,812,858,976,"1,076","1,135","1,207",797,"11,172"
2023,Odisha,BHUBANESWAR RTO - OR2( 22-JAN-2018 ),3,DIESEL/HYBRID,2,0,2,0,0,1,0,3,3,7,3,4,25
2023,Odisha,BHUBANESWAR RTO - OR2( 22-JAN-2018 ),4,ELECTRIC(BOV),436,494,641,590,876,523,711,597,450,569,581,603,"7,071"
2023,Odisha,BHUBANESWAR RTO - OR2( 22-JAN-2018 ),5,NOT APPLICABLE,5,2,4,4,6,3,1,4,1,5,5,2,42
2023,Odisha,BHUBANESWAR RTO - OR2( 22-JAN-2018 ),6,PETROL,"5,378","4,721","5,494","4,945","4,913","5,019","4,918","4,946","5,432","8,253","6,417","5,375","65,811"
2023,Odisha,BHUBANESWAR RTO - OR2( 22-JAN-2018 ),7,PETROL/CNG,89,64,76,76,119,128,144,124,138,149,109,140,"1,356"
2023,Odisha,BHUBANESWAR RTO - OR2( 22-JAN-2018 ),8,PETROL/ETHANOL,0,9,93,116,139,183,183,209,259,473,328,270,"2,262"
2023,Odisha,BHUBANESWAR RTO - OR2( 22-JAN-2018 ),9,PETROL/HYBRID,356,310,322,266,304,295,232,241,265,351,225,276,"3,443"
2023,Odisha,BOLANGIR RTO - OR3( 25-DEC-2017 ),1,DIESEL,139,158,146,119,133,163,175,142,168,142,240,166,"1,891"
2023,Odisha,BOLANGIR RTO - OR3( 25-DEC-2017 ),2,ELECTRIC(BOV),116,129,94,113,114,50,71,100,84,115,147,111,"1,244"
2023,Odisha,BOLANGIR RTO - OR3( 25-DEC-2017 ),3,NOT APPLICABLE,7,7,1,7,5,0,2,4,4,2,2,4,45
2023,Odisha,BOLANGIR RTO - OR3( 25-DEC-2017 ),4,PETROL,"2,315","3,412","2,589","2,013","1,633","1,270","1,061",954,"1,142","1,425","1,549","1,330","20,693"
2023,Odisha,BOLANGIR RTO - OR3( 25-DEC-2017 ),5,PETROL/CNG,0,0,0,1,1,0,1,1,1,0,1,0,6
2023,Odisha,BOLANGIR RTO - OR3( 25-DEC-2017 ),6,PETROL/ETHANOL,0,0,36,68,38,43,32,36,39,66,57,51,466
2023,Odisha,BOLANGIR RTO - OR3( 25-DEC-2017 ),7,PETROL/HYBRID,24,26,16,15,27,17,14,20,22,15,26,29,251
2023,Odisha,BOUDH RTO - OR27( 23-OCT-2017 ),1,DIESEL,21,26,39,22,32,31,48,35,36,51,57,59,457
2023,Odisha,BOUDH RTO - OR27( 23-OCT-2017 ),2,ELECTRIC(BOV),4,4,3,6,5,2,2,3,6,10,13,8,66
2023,Odisha,BOUDH RTO - OR27( 23-OCT-2017 ),3,NOT APPLICABLE,1,3,0,0,0,3,0,0,2,1,1,3,14
2023,Odisha,BOUDH RTO - OR27( 23-OCT-2017 ),4,PETROL,390,725,435,419,262,222,186,152,188,346,287,183,"3,795"
2023,Odisha,BOUDH RTO - OR27( 23-OCT-2017 ),5,PETROL/ETHANOL,0,0,1,1,7,6,1,3,3,5,4,2,33
2023,Odisha,BOUDH RTO - OR27( 23-OCT-2017 ),6,PETROL/HYBRID,0,1,1,0,0,0,0,0,0,1,2,1,6
2023,Odisha,CHANDIKHOLE RTO - OR4( 23-OCT-2017 ),1,CNG ONLY,0,0,0,0,0,0,0,0,0,3,1,3,7
2023,Odisha,CHANDIKHOLE RTO - OR4( 23-OCT-2017 ),2,DIESEL,140,173,222,202,181,144,154,144,156,184,151,185,"2,036"
2023,Odisha,CHANDIKHOLE RTO - OR4( 23-OCT-2017 ),3,ELECTRIC(BOV),22,29,27,35,40,13,34,31,31,37,31,50,380
2023,Odisha,CHANDIKHOLE RTO - OR4( 23-OCT-2017 ),4,NOT APPLICABLE,5,11,5,2,2,6,6,2,3,3,5,5,55
2023,Odisha,CHANDIKHOLE RTO - OR4( 23-OCT-2017 ),5,PETROL,902,875,934,878,902,"1,108",864,735,919,"1,640","1,230",954,"11,941"
2023,Odisha,CHANDIKHOLE RTO - OR4( 23-OCT-2017 ),6,PETROL/CNG,0,1,0,0,1,2,0,1,1,1,2,0,9
2023,Odisha,CHANDIKHOLE RTO - OR4( 23-OCT-2017 ),7,PETROL/ETHANOL,0,1,15,20,23,15,20,20,24,38,27,22,225
2023,Odisha,CHANDIKHOLE RTO - OR4( 23-OCT-2017 ),8,PETROL/HYBRID,10,3,5,4,2,3,2,4,0,8,6,6,53
2023,Odisha,CUTTACK RTO - OR5( 31-MAY-2017 ),1,CNG ONLY,17,10,13,24,22,21,21,24,27,33,21,16,249
2023,Odisha,CUTTACK RTO - OR5( 31-MAY-2017 ),2,DIESEL,463,427,601,478,478,416,639,549,607,584,550,549,"6,341"
2023,Odisha,CUTTACK RTO - OR5( 31-MAY-2017 ),3,DIESEL/HYBRID,0,0,0,0,0,0,0,2,1,1,0,2,6
2023,Odisha,CUTTACK RTO - OR5( 31-MAY-2017 ),4,ELECTRIC(BOV),416,434,514,532,549,392,468,401,464,704,696,688,"6,258"
2023,Odisha,CUTTACK RTO - OR5( 31-MAY-2017 ),5,NOT APPLICABLE,13,11,19,14,7,3,12,8,7,8,16,12,130
2023,Odisha,CUTTACK RTO - OR5( 31-MAY-2017 ),6,PETROL,"3,844","3,183","4,036","3,280","3,339","3,748","3,198","3,155","4,438","7,352","5,163","4,217","48,953"
2023,Odisha,CUTTACK RTO - OR5( 31-MAY-2017 ),7,PETROL/CNG,33,14,19,23,33,28,41,29,27,45,35,40,367
2023,Odisha,CUTTACK RTO - OR5( 31-MAY-2017 ),8,PETROL/ETHANOL,0,14,94,96,103,156,113,165,179,326,233,196,"1,675"
2023,Odisha,CUTTACK RTO - OR5( 31-MAY-2017 ),9,PETROL/HYBRID,82,84,93,75,79,73,75,55,61,98,70,75,920
2023,Odisha,DEOGARH RTO - OR28( 23-OCT-2017 ),1,DIESEL,25,34,33,17,24,22,49,30,20,24,43,55,376
2023,Odisha,DEOGARH RTO - OR28( 23-OCT-2017 ),2,ELECTRIC(BOV),6,3,0,0,4,0,0,5,6,21,4,10,59
2023,Odisha,DEOGARH RTO - OR28( 23-OCT-2017 ),3,NOT APPLICABLE,0,2,1,1,1,0,1,1,1,1,1,1,11
2023,Odisha,DEOGARH RTO - OR28( 23-OCT-2017 ),4,PETROL,186,210,199,169,155,180,107,120,196,279,254,183,"2,238"
2023,Odisha,DEOGARH RTO - OR28( 23-OCT-2017 ),5,PETROL/CNG,0,1,0,0,0,0,0,0,0,0,0,0,1
2023,Odisha,DEOGARH RTO - OR28( 23-OCT-2017 ),6,PETROL/ETHANOL,0,0,3,2,7,2,0,3,0,3,2,8,30
2023,Odisha,DEOGARH RTO - OR28( 23-OCT-2017 ),7,PETROL/HYBRID,1,1,1,0,2,3,0,0,1,4,1,0,14
2023,Odisha,DHENKANAL RTO - OR6( 07-NOV-2017 ),1,DIESEL,56,59,62,49,47,78,77,92,46,74,67,52,759
2023,Odisha,DHENKANAL RTO - OR6( 07-NOV-2017 ),2,ELECTRIC(BOV),20,25,21,32,23,25,39,40,27,32,49,51,384
2023,Odisha,DHENKANAL RTO - OR6( 07-NOV-2017 ),3,NOT APPLICABLE,0,1,4,2,0,0,0,1,2,6,2,1,19
2023,Odisha,DHENKANAL RTO - OR6( 07-NOV-2017 ),4,PETROL,780,667,894,689,685,759,643,655,719,"1,480","1,187",783,"9,941"
2023,Odisha,DHENKANAL RTO - OR6( 07-NOV-2017 ),5,PETROL/CNG,2,0,1,1,1,1,1,0,0,4,0,2,13
2023,Odisha,DHENKANAL RTO - OR6( 07-NOV-2017 ),6,PETROL/ETHANOL,0,1,2,8,6,8,6,8,15,21,8,3,86
2023,Odisha,DHENKANAL RTO - OR6( 07-NOV-2017 ),7,PETROL/HYBRID,4,3,6,4,2,6,2,1,4,2,3,3,40
2023,Odisha,GAJAPATI RTO - OR20( 07-NOV-2017 ),1,DIESEL,16,16,31,21,27,27,28,28,25,70,37,25,351
2023,Odisha,GAJAPATI RTO - OR20( 07-NOV-2017 ),2,ELECTRIC(BOV),0,0,2,1,1,1,1,1,5,7,8,16,43
2023,Odisha,GAJAPATI RTO - OR20( 07-NOV-2017 ),3,NOT APPLICABLE,0,6,8,3,3,4,5,3,2,8,6,5,53
2023,Odisha,GAJAPATI RTO - OR20( 07-NOV-2017 ),4,PETROL,292,299,334,295,508,398,311,289,292,559,404,377,"4,358"
2023,Odisha,GAJAPATI RTO - OR20( 07-NOV-2017 ),5,PETROL/CNG,0,0,0,0,0,0,0,1,0,1,0,0,2
2023,Odisha,GAJAPATI RTO - OR20( 07-NOV-2017 ),6,PETROL/ETHANOL,0,0,0,7,14,9,4,6,6,24,19,12,101
2023,Odisha,GAJAPATI RTO - OR20( 07-NOV-2017 ),7,PETROL/HYBRID,2,0,1,3,1,2,2,1,0,5,0,2,19
2023,Odisha,GANJAM RTO - OR7( 04-DEC-2017 ),1,DIESEL,214,199,228,240,236,221,276,284,279,272,280,284,"3,013"
2023,Odisha,GANJAM RTO - OR7( 04-DEC-2017 ),2,ELECTRIC(BOV),135,137,206,175,282,132,180,158,190,212,247,302,"2,356"
2023,Odisha,GANJAM RTO - OR7( 04-DEC-2017 ),3,NOT APPLICABLE,6,5,2,0,3,4,2,6,14,4,5,0,51
2023,Odisha,GANJAM RTO - OR7( 04-DEC-2017 ),4,PETROL,"2,390","2,813","3,097","2,722","3,007","2,492","2,433","2,006","2,597","3,647","3,639","2,376","33,219"
2023,Odisha,GANJAM RTO - OR7( 04-DEC-2017 ),5,PETROL/CNG,3,1,3,1,5,5,7,0,1,3,3,3,35
2023,Odisha,GANJAM RTO - OR7( 04-DEC-2017 ),6,PETROL/ETHANOL,0,3,52,64,65,107,103,97,110,173,140,101,"1,015"
2023,Odisha,GANJAM RTO - OR7( 04-DEC-2017 ),7,PETROL/HYBRID,15,16,22,18,21,14,20,23,13,17,9,11,199
2023,Odisha,JAGATSINGHPUR RTO - OR21( 04-DEC-2017 ),1,CNG ONLY,0,0,1,0,0,0,1,0,0,0,0,1,3
2023,Odisha,JAGATSINGHPUR RTO - OR21( 04-DEC-2017 ),2,DIESEL,61,68,59,58,62,61,82,65,52,74,69,66,777
2023,Odisha,JAGATSINGHPUR RTO - OR21( 04-DEC-2017 ),3,ELECTRIC(BOV),27,21,22,35,34,16,19,29,39,51,41,44,378
2023,Odisha,JAGATSINGHPUR RTO - OR21( 04-DEC-2017 ),4,NOT APPLICABLE,8,17,6,13,9,3,8,1,11,5,6,8,95
2023,Odisha,JAGATSINGHPUR RTO - OR21( 04-DEC-2017 ),5,PETROL,897,802,789,803,766,934,816,598,"1,053","1,540","1,364",976,"11,338"
2023,Odisha,JAGATSINGHPUR RTO - OR21( 04-DEC-2017 ),6,PETROL/CNG,0,0,0,0,0,0,0,1,2,0,0,0,3
2023,Odisha,JAGATSINGHPUR RTO - OR21( 04-DEC-2017 ),7,PETROL/ETHANOL,0,0,9,9,16,10,6,9,19,22,16,20,136
2023,Odisha,JAGATSINGHPUR RTO - OR21( 04-DEC-2017 ),8,PETROL/HYBRID,0,0,1,1,0,2,0,0,1,1,1,0,7
2023,Odisha,JAJPUR RTO - OR34( 23-OCT-2017 ),1,CNG ONLY,1,1,2,0,0,0,1,1,1,1,0,4,12
2023,Odisha,JAJPUR RTO - OR34( 23-OCT-2017 ),2,DIESEL,111,103,158,142,163,122,150,136,129,154,148,157,"1,673"
2023,Odisha,JAJPUR RTO - OR34( 23-OCT-2017 ),3,ELECTRIC(BOV),104,84,110,89,102,48,61,107,92,144,143,165,"1,249"
2023,Odisha,JAJPUR RTO - OR34( 23-OCT-2017 ),4,NOT APPLICABLE,3,1,7,7,4,3,2,0,2,1,1,1,32
2023,Odisha,JAJPUR RTO - OR34( 23-OCT-2017 ),5,PETROL,"1,502","1,326","1,594","1,227","1,221","1,411","1,182","1,020","1,423","2,067","2,304","1,560","17,837"
2023,Odisha,JAJPUR RTO - OR34( 23-OCT-2017 ),6,PETROL/CNG,3,3,0,2,5,3,4,4,2,5,4,3,38
2023,Odisha,JAJPUR RTO - OR34( 23-OCT-2017 ),7,PETROL/ETHANOL,0,9,39,42,44,59,60,45,89,105,115,101,708
2023,Odisha,JAJPUR RTO - OR34( 23-OCT-2017 ),8,PETROL/HYBRID,3,4,8,3,4,7,1,2,2,28,6,5,73
2023,Odisha,JHARSUGUDA RTO - OR23( 07-NOV-2017 ),1,DIESEL,162,172,203,177,213,178,329,259,212,210,255,292,"2,662"
2023,Odisha,JHARSUGUDA RTO - OR23( 07-NOV-2017 ),2,ELECTRIC(BOV),34,60,36,24,56,14,38,21,39,22,54,54,452
2023,Odisha,JHARSUGUDA RTO - OR23( 07-NOV-2017 ),3,NOT APPLICABLE,3,3,6,2,5,11,3,6,0,1,6,5,51
2023,Odisha,JHARSUGUDA RTO - OR23( 07-NOV-2017 ),4,PETROL,973,880,"1,022",824,878,881,809,841,"1,044","1,329","1,616","1,085","12,182"
2023,Odisha,JHARSUGUDA RTO - OR23( 07-NOV-2017 ),5,PETROL/CNG,0,0,1,1,0,0,2,2,2,0,1,0,9
2023,Odisha,JHARSUGUDA RTO - OR23( 07-NOV-2017 ),6,PETROL/ETHANOL,0,0,0,1,5,17,11,29,26,33,45,32,199
2023,Odisha,JHARSUGUDA RTO - OR23( 07-NOV-2017 ),7,PETROL/HYBRID,14,18,22,21,24,25,17,17,19,23,35,18,253
2023,Odisha,KALAHANDI RTO - OR8( 23-OCT-2017 ),1,DIESEL,190,163,166,152,159,216,199,180,159,233,235,212,"2,264"
2023,Odisha,KALAHANDI RTO - OR8( 23-OCT-2017 ),2,ELECTRIC(BOV),10,14,22,15,23,11,33,10,17,12,43,49,259
2023,Odisha,KALAHANDI RTO - OR8( 23-OCT-2017 ),3,NOT APPLICABLE,3,3,6,1,4,3,3,6,6,4,5,2,46
2023,Odisha,KALAHANDI RTO - OR8( 23-OCT-2017 ),4,PETROL,"2,180","3,047","2,598","1,733","1,484","1,136",966,845,"1,244","1,408","1,424","1,151","19,216"
2023,Odisha,KALAHANDI RTO - OR8( 23-OCT-2017 ),5,PETROL/CNG,0,0,0,0,0,0,1,0,0,0,0,0,1
2023,Odisha,KALAHANDI RTO - OR8( 23-OCT-2017 ),6,PETROL/ETHANOL,0,2,52,33,40,26,34,29,52,54,56,63,441
2023,Odisha,KALAHANDI RTO - OR8( 23-OCT-2017 ),7,PETROL/HYBRID,20,8,18,16,10,11,11,19,8,18,17,12,168
2023,Odisha,KENDRAPARA RTO - OR29( 23-OCT-2017 ),1,CNG ONLY,0,0,0,0,0,1,0,0,0,4,5,11,21
2023,Odisha,KENDRAPARA RTO - OR29( 23-OCT-2017 ),2,DIESEL,111,118,134,84,114,120,142,152,126,141,139,196,"1,577"
2023,Odisha,KENDRAPARA RTO - OR29( 23-OCT-2017 ),3,ELECTRIC(BOV),31,21,23,28,42,34,39,50,49,55,109,90,571
2023,Odisha,KENDRAPARA RTO - OR29( 23-OCT-2017 ),4,NOT APPLICABLE,8,16,10,6,7,7,5,2,3,3,9,17,93
2023,Odisha,KENDRAPARA RTO - OR29( 23-OCT-2017 ),5,PETROL,"1,063",965,"1,173","1,007",893,"1,089",837,753,983,"1,564","1,539","1,041","12,907"
2023,Odisha,KENDRAPARA RTO - OR29( 23-OCT-2017 ),6,PETROL/CNG,0,0,1,0,0,0,0,0,2,2,1,1,7
2023,Odisha,KENDRAPARA RTO - OR29( 23-OCT-2017 ),7,PETROL/ETHANOL,0,0,16,17,23,50,34,26,30,62,49,41,348
2023,Odisha,KENDRAPARA RTO - OR29( 23-OCT-2017 ),8,PETROL/HYBRID,4,1,3,1,2,1,0,1,1,0,2,2,18
2023,Odisha,KEONJHAR RTO - OR9( 04-DEC-2017 ),1,DIESEL,213,208,274,208,217,240,295,253,231,286,311,325,"3,061"
2023,Odisha,KEONJHAR RTO - OR9( 04-DEC-2017 ),2,DIESEL/HYBRID,0,0,0,0,0,0,1,0,0,0,0,0,1
2023,Odisha,KEONJHAR RTO - OR9( 04-DEC-2017 ),3,ELECTRIC(BOV),104,101,204,125,121,81,80,104,142,174,147,111,"1,494"
2023,Odisha,KEONJHAR RTO - OR9( 04-DEC-2017 ),4,NOT APPLICABLE,7,14,8,16,8,2,7,11,4,8,27,15,127
2023,Odisha,KEONJHAR RTO - OR9( 04-DEC-2017 ),5,PETROL,"1,405","1,122","1,126","1,032","1,168","1,225","1,020",914,"1,389","2,059","1,538","1,292","15,290"
2023,Odisha,KEONJHAR RTO - OR9( 04-DEC-2017 ),6,PETROL/CNG,0,0,2,1,2,0,0,0,0,0,2,0,7
2023,Odisha,KEONJHAR RTO - OR9( 04-DEC-2017 ),7,PETROL/ETHANOL,0,4,32,33,46,64,49,63,92,108,103,61,655
2023,Odisha,KEONJHAR RTO - OR9( 04-DEC-2017 ),8,PETROL/HYBRID,6,2,6,12,10,4,3,2,2,9,4,4,64
2023,Odisha,KHORDHA ARTO - OR201( 20-JAN-2018 ),1,CNG ONLY,0,1,0,1,1,1,1,4,0,0,1,0,10
2023,Odisha,KHORDHA ARTO - OR201( 20-JAN-2018 ),2,DIESEL,89,71,95,95,84,66,101,72,90,102,116,82,"1,063"
2023,Odisha,KHORDHA ARTO - OR201( 20-JAN-2018 ),3,ELECTRIC(BOV),31,32,36,39,35,22,36,43,65,78,70,94,581
2023,Odisha,KHORDHA ARTO - OR201( 20-JAN-2018 ),4,NOT APPLICABLE,0,2,5,6,3,2,4,2,7,3,6,3,43
2023,Odisha,KHORDHA ARTO - OR201( 20-JAN-2018 ),5,PETROL,292,246,304,251,300,276,270,243,303,496,333,219,"3,533"
2023,Odisha,KHORDHA ARTO - OR201( 20-JAN-2018 ),6,PETROL/CNG,3,1,1,0,2,2,2,0,0,3,5,0,19
2023,Odisha,KHORDHA ARTO - OR201( 20-JAN-2018 ),7,PETROL/ETHANOL,0,0,1,1,1,1,2,2,3,1,1,1,14
2023,Odisha,KHORDHA ARTO - OR201( 20-JAN-2018 ),8,PETROL/HYBRID,4,2,2,5,5,2,1,4,5,1,3,2,36
2023,Odisha,KORAPUT RTO - OR10( 25-DEC-2017 ),1,DIESEL,182,134,177,155,179,145,165,140,138,198,203,196,"2,012"
2023,Odisha,KORAPUT RTO - OR10( 25-DEC-2017 ),2,ELECTRIC(BOV),22,23,27,33,33,19,15,23,30,29,43,41,338
2023,Odisha,KORAPUT RTO - OR10( 25-DEC-2017 ),3,NOT APPLICABLE,18,5,7,16,19,4,12,16,5,19,34,18,173
2023,Odisha,KORAPUT RTO - OR10( 25-DEC-2017 ),4,PETROL,"1,783","1,743","1,448","1,390","1,216","1,149","1,119","1,109","1,202","2,390","1,940","1,476","17,965"
2023,Odisha,KORAPUT RTO - OR10( 25-DEC-2017 ),5,PETROL/CNG,1,0,0,0,0,0,0,0,0,0,0,0,1
2023,Odisha,KORAPUT RTO - OR10( 25-DEC-2017 ),6,PETROL/ETHANOL,0,3,16,21,25,27,25,41,67,139,98,75,537
2023,Odisha,KORAPUT RTO - OR10( 25-DEC-2017 ),7,PETROL/HYBRID,32,14,23,16,16,14,14,14,15,18,12,21,209
2023,Odisha,MALKANAGIRI RTO - OR30( 25-DEC-2017 ),1,DIESEL,57,54,68,81,111,79,101,67,97,75,88,82,960
2023,Odisha,MALKANAGIRI RTO - OR30( 25-DEC-2017 ),2,ELECTRIC(BOV),2,5,4,16,7,4,4,3,5,7,8,5,70
2023,Odisha,MALKANAGIRI RTO - OR30( 25-DEC-2017 ),3,NOT APPLICABLE,4,5,1,3,1,1,3,1,8,9,5,3,44
2023,Odisha,MALKANAGIRI RTO - OR30( 25-DEC-2017 ),4,PETROL,627,658,584,420,562,498,420,342,441,742,636,567,"6,497"
2023,Odisha,MALKANAGIRI RTO - OR30( 25-DEC-2017 ),5,PETROL/ETHANOL,0,0,7,8,10,20,7,17,16,40,28,35,188
2023,Odisha,MALKANAGIRI RTO - OR30( 25-DEC-2017 ),6,PETROL/HYBRID,7,4,9,3,6,1,3,14,4,2,5,2,60
2023,Odisha,MAYURBHANJ RTO - OR11( 08-NOV-2017 ),1,CNG ONLY,2,5,4,3,8,8,10,10,11,11,7,10,89
2023,Odisha,MAYURBHANJ RTO - OR11( 08-NOV-2017 ),2,DIESEL,87,87,119,119,119,99,149,131,123,124,141,153,"1,451"
2023,Odisha,MAYURBHANJ RTO - OR11( 08-NOV-2017 ),3,ELECTRIC(BOV),116,135,165,157,160,88,114,154,206,253,271,174,"1,993"
2023,Odisha,MAYURBHANJ RTO - OR11( 08-NOV-2017 ),4,NOT APPLICABLE,5,13,11,19,15,12,0,4,9,6,14,8,116
2023,Odisha,MAYURBHANJ RTO - OR11( 08-NOV-2017 ),5,PETROL,"1,888","1,271","1,301","1,142","1,152","1,321",975,957,"1,362","2,161","1,681","1,234","16,445"
2023,Odisha,MAYURBHANJ RTO - OR11( 08-NOV-2017 ),6,PETROL/CNG,1,6,5,2,8,7,12,6,4,12,9,7,79
2023,Odisha,MAYURBHANJ RTO - OR11( 08-NOV-2017 ),7,PETROL/ETHANOL,0,0,18,22,20,34,29,24,55,62,63,34,361
2023,Odisha,MAYURBHANJ RTO - OR11( 08-NOV-2017 ),8,PETROL/HYBRID,14,9,16,9,10,11,12,9,8,16,3,7,124
2023,Odisha,NAWARANGPUR RTO - OR24( 07-NOV-2017 ),1,DIESEL,164,150,158,166,132,164,170,102,128,142,266,197,"1,939"
2023,Odisha,NAWARANGPUR RTO - OR24( 07-NOV-2017 ),2,ELECTRIC(BOV),25,5,8,7,10,9,11,11,9,18,15,8,136
2023,Odisha,NAWARANGPUR RTO - OR24( 07-NOV-2017 ),3,NOT APPLICABLE,23,17,12,2,16,1,26,24,25,8,8,7,169
2023,Odisha,NAWARANGPUR RTO - OR24( 07-NOV-2017 ),4,PETROL,"1,219","1,130","1,011",706,663,634,546,525,535,"1,082","1,083","1,135","10,269"
2023,Odisha,NAWARANGPUR RTO - OR24( 07-NOV-2017 ),5,PETROL/ETHANOL,0,0,5,13,11,17,12,21,16,46,46,39,226
2023,Odisha,NAWARANGPUR RTO - OR24( 07-NOV-2017 ),6,PETROL/HYBRID,12,4,11,6,5,4,1,11,8,14,12,8,96
2023,Odisha,NAYAGARH RTO - OR25( 25-DEC-2017 ),1,CNG ONLY,0,0,0,0,0,0,0,0,1,0,0,0,1
2023,Odisha,NAYAGARH RTO - OR25( 25-DEC-2017 ),2,DIESEL,40,37,55,52,54,50,73,78,44,96,91,81,751
2023,Odisha,NAYAGARH RTO - OR25( 25-DEC-2017 ),3,ELECTRIC(BOV),37,29,38,33,44,19,49,51,56,85,102,76,619
2023,Odisha,NAYAGARH RTO - OR25( 25-DEC-2017 ),4,NOT APPLICABLE,0,7,5,0,2,3,1,7,8,3,4,1,41
2023,Odisha,NAYAGARH RTO - OR25( 25-DEC-2017 ),5,PETROL,"1,024",888,"1,134",859,817,818,698,614,825,"1,263","1,742","1,002","11,684"
2023,Odisha,NAYAGARH RTO - OR25( 25-DEC-2017 ),6,PETROL/ETHANOL,0,0,13,28,15,24,19,20,45,68,62,39,333
2023,Odisha,NAYAGARH RTO - OR25( 25-DEC-2017 ),7,PETROL/HYBRID,1,2,2,1,0,1,0,1,0,1,2,0,11
2023,Odisha,NUAPADA RTO - OR26( 06-NOV-2017 ),1,DIESEL,47,41,50,39,37,56,57,37,48,71,86,85,654
2023,Odisha,NUAPADA RTO - OR26( 06-NOV-2017 ),2,ELECTRIC(BOV),12,11,19,11,20,15,17,9,16,29,21,23,203
2023,Odisha,NUAPADA RTO - OR26( 06-NOV-2017 ),3,NOT APPLICABLE,0,3,1,2,3,3,0,0,1,0,0,2,15
2023,Odisha,NUAPADA RTO - OR26( 06-NOV-2017 ),4,PETROL,592,731,679,500,454,321,264,237,309,464,466,437,"5,454"
2023,Odisha,NUAPADA RTO - OR26( 06-NOV-2017 ),5,PETROL/CNG,0,0,0,0,0,1,1,0,1,0,0,0,3
2023,Odisha,NUAPADA RTO - OR26( 06-NOV-2017 ),6,PETROL/ETHANOL,0,0,7,7,14,8,7,7,17,23,15,14,119
2023,Odisha,NUAPADA RTO - OR26( 06-NOV-2017 ),7,PETROL/HYBRID,1,6,1,5,5,7,4,4,4,5,10,3,55
2023,Odisha,PHULBANI RTO - OR12( 23-OCT-2017 ),1,DIESEL,31,41,43,46,54,48,63,65,75,99,97,76,738
2023,Odisha,PHULBANI RTO - OR12( 23-OCT-2017 ),2,ELECTRIC(BOV),2,0,1,2,5,1,1,1,2,3,7,6,31
2023,Odisha,PHULBANI RTO - OR12( 23-OCT-2017 ),3,NOT APPLICABLE,1,3,4,2,7,5,5,1,7,4,1,5,45
2023,Odisha,PHULBANI RTO - OR12( 23-OCT-2017 ),4,PETROL,455,479,496,591,654,546,428,447,520,986,685,641,"6,928"
2023,Odisha,PHULBANI RTO - OR12( 23-OCT-2017 ),5,PETROL/ETHANOL,0,0,1,1,0,1,1,0,4,4,2,7,21
2023,Odisha,PHULBANI RTO - OR12( 23-OCT-2017 ),6,PETROL/HYBRID,1,2,1,0,1,1,1,1,1,4,1,1,15
2023,Odisha,PURI RTO - OR13( 25-DEC-2017 ),1,CNG ONLY,2,4,2,6,4,2,1,1,0,3,0,0,25
2023,Odisha,PURI RTO - OR13( 25-DEC-2017 ),2,DIESEL,90,69,82,72,81,77,120,118,83,109,107,125,"1,133"
2023,Odisha,PURI RTO - OR13( 25-DEC-2017 ),3,ELECTRIC(BOV),215,186,278,237,377,277,282,301,271,387,357,354,"3,522"
2023,Odisha,PURI RTO - OR13( 25-DEC-2017 ),4,NOT APPLICABLE,4,5,6,6,2,1,2,3,2,5,6,7,49
2023,Odisha,PURI RTO - OR13( 25-DEC-2017 ),5,PETROL,"1,169","1,063","1,297","1,064","1,128","1,138","1,190","1,052","1,219","1,813","1,980","1,247","15,360"
2023,Odisha,PURI RTO - OR13( 25-DEC-2017 ),6,PETROL/CNG,8,5,2,3,4,13,3,7,6,9,10,13,83
2023,Odisha,PURI RTO - OR13( 25-DEC-2017 ),7,PETROL/ETHANOL,0,3,29,53,57,49,70,51,95,113,119,75,714
2023,Odisha,PURI RTO - OR13( 25-DEC-2017 ),8,PETROL/HYBRID,6,1,3,5,6,3,4,6,6,8,5,5,58
2023,Odisha,RAIRANGPUR ARTO - OR111( 08-NOV-2017 ),1,CNG ONLY,0,1,1,1,1,2,0,1,0,1,1,0,9
2023,Odisha,RAIRANGPUR ARTO - OR111( 08-NOV-2017 ),2,DIESEL,58,44,70,86,70,70,37,78,51,60,77,83,784
2023,Odisha,RAIRANGPUR ARTO - OR111( 08-NOV-2017 ),3,ELECTRIC(BOV),4,3,3,4,4,4,6,7,7,6,7,5,60
2023,Odisha,RAIRANGPUR ARTO - OR111( 08-NOV-2017 ),4,NOT APPLICABLE,4,9,3,6,9,4,7,6,3,9,0,2,62
2023,Odisha,RAIRANGPUR ARTO - OR111( 08-NOV-2017 ),5,PETROL,741,489,475,407,455,548,389,375,464,716,688,502,"6,249"
2023,Odisha,RAIRANGPUR ARTO - OR111( 08-NOV-2017 ),6,PETROL/CNG,1,2,0,1,2,3,1,1,1,2,1,1,16
2023,Odisha,RAIRANGPUR ARTO - OR111( 08-NOV-2017 ),7,PETROL/ETHANOL,0,0,2,4,9,7,5,4,3,3,8,8,53
2023,Odisha,RAIRANGPUR ARTO - OR111( 08-NOV-2017 ),8,PETROL/HYBRID,2,2,3,8,2,1,2,3,1,1,2,3,30
2023,Odisha,RAYGADA RTO - OR18( 25-DEC-2017 ),1,DIESEL,96,96,90,84,122,97,98,99,76,124,155,123,"1,260"
2023,Odisha,RAYGADA RTO - OR18( 25-DEC-2017 ),2,ELECTRIC(BOV),20,15,15,12,16,20,17,13,14,12,9,20,183
2023,Odisha,RAYGADA RTO - OR18( 25-DEC-2017 ),3,NOT APPLICABLE,8,12,11,24,10,3,5,10,7,10,14,13,127
2023,Odisha,RAYGADA RTO - OR18( 25-DEC-2017 ),4,PETROL,782,"1,094","1,085",866,"1,220",832,671,575,624,"1,350",931,746,"10,776"
2023,Odisha,RAYGADA RTO - OR18( 25-DEC-2017 ),5,PETROL/CNG,0,0,0,0,0,1,0,0,0,0,0,0,1
2023,Odisha,RAYGADA RTO - OR18( 25-DEC-2017 ),6,PETROL/ETHANOL,0,1,2,7,7,10,20,18,23,44,29,17,178
2023,Odisha,RAYGADA RTO - OR18( 25-DEC-2017 ),7,PETROL/HYBRID,5,3,10,6,4,4,5,4,4,5,4,3,57
2023,Odisha,ROURKELA RTO - OR14( 25-DEC-2017 ),1,CNG ONLY,0,0,0,1,1,1,0,0,0,0,2,3,8
2023,Odisha,ROURKELA RTO - OR14( 25-DEC-2017 ),2,DIESEL,251,279,351,294,301,232,245,267,267,276,335,362,"3,460"
2023,Odisha,ROURKELA RTO - OR14( 25-DEC-2017 ),3,ELECTRIC(BOV),180,157,223,159,221,146,174,126,216,222,280,241,"2,345"
2023,Odisha,ROURKELA RTO - OR14( 25-DEC-2017 ),4,NOT APPLICABLE,13,6,11,13,9,4,2,5,2,10,8,3,86
2023,Odisha,ROURKELA RTO - OR14( 25-DEC-2017 ),5,PETROL,"1,593","1,351","1,605","1,290","1,416","1,419","1,277","1,486","1,685","2,144","2,554","1,939","19,759"
2023,Odisha,ROURKELA RTO - OR14( 25-DEC-2017 ),6,PETROL/CNG,2,2,4,0,1,4,4,3,2,3,2,1,28
2023,Odisha,ROURKELA RTO - OR14( 25-DEC-2017 ),7,PETROL/ETHANOL,0,0,16,8,12,23,33,38,42,63,79,51,365
2023,Odisha,ROURKELA RTO - OR14( 25-DEC-2017 ),8,PETROL/HYBRID,32,42,56,38,59,58,49,42,41,46,40,47,550
2023,Odisha,SAMBALPUR RTO - OR15( 04-DEC-2017 ),1,CNG ONLY,0,0,0,0,0,0,0,0,0,0,0,1,1
2023,Odisha,SAMBALPUR RTO - OR15( 04-DEC-2017 ),2,DIESEL,302,242,273,219,312,244,290,247,261,294,343,306,"3,333"
2023,Odisha,SAMBALPUR RTO - OR15( 04-DEC-2017 ),3,DIESEL/HYBRID,0,0,0,0,0,0,1,0,0,0,0,0,1
2023,Odisha,SAMBALPUR RTO - OR15( 04-DEC-2017 ),4,ELECTRIC(BOV),50,51,65,60,93,81,100,87,124,97,186,140,"1,134"
2023,Odisha,SAMBALPUR RTO - OR15( 04-DEC-2017 ),5,NOT APPLICABLE,10,10,10,7,12,1,12,8,7,11,5,21,114
2023,Odisha,SAMBALPUR RTO - OR15( 04-DEC-2017 ),6,PETROL,"1,589","1,668","1,565","1,190","1,332","1,423","1,178","1,213","1,396","1,998","1,945","1,457","17,954"
2023,Odisha,SAMBALPUR RTO - OR15( 04-DEC-2017 ),7,PETROL/CNG,1,0,0,1,0,0,0,2,1,1,1,3,10
2023,Odisha,SAMBALPUR RTO - OR15( 04-DEC-2017 ),8,PETROL/ETHANOL,0,2,22,23,25,33,43,44,43,71,66,43,415
2023,Odisha,SAMBALPUR RTO - OR15( 04-DEC-2017 ),9,PETROL/HYBRID,26,28,54,19,31,36,30,27,35,42,37,27,392
2023,Odisha,SONEPUR RTO - OR31( 08-NOV-2017 ),1,DIESEL,57,81,85,55,46,70,91,88,63,67,86,137,926
2023,Odisha,SONEPUR RTO - OR31( 08-NOV-2017 ),2,ELECTRIC(BOV),23,48,49,39,37,26,28,45,55,57,64,55,526
2023,Odisha,SONEPUR RTO - OR31( 08-NOV-2017 ),3,NOT APPLICABLE,2,2,0,0,11,3,4,0,1,1,1,4,29
2023,Odisha,SONEPUR RTO - OR31( 08-NOV-2017 ),4,PETROL,848,"1,511","1,132",766,651,633,414,444,529,718,630,566,"8,842"
2023,Odisha,SONEPUR RTO - OR31( 08-NOV-2017 ),5,PETROL/CNG,0,0,0,0,0,0,0,0,0,0,0,1,1
2023,Odisha,SONEPUR RTO - OR31( 08-NOV-2017 ),6,PETROL/ETHANOL,0,3,14,20,15,15,10,13,24,16,20,11,161
2023,Odisha,SONEPUR RTO - OR31( 08-NOV-2017 ),7,PETROL/HYBRID,2,4,8,2,5,6,4,2,3,2,4,4,46
2023,Odisha,SUNDERGARH RTO - OR16( 08-NOV-2017 ),1,CNG ONLY,0,0,0,0,0,0,0,0,0,0,0,1,1
2023,Odisha,SUNDERGARH RTO - OR16( 08-NOV-2017 ),2,DIESEL,255,231,233,211,252,321,279,239,182,179,222,239,"2,843"
2023,Odisha,SUNDERGARH RTO - OR16( 08-NOV-2017 ),3,ELECTRIC(BOV),28,19,30,20,33,24,19,22,36,46,60,61,398
2023,Odisha,SUNDERGARH RTO - OR16( 08-NOV-2017 ),4,NOT APPLICABLE,12,12,8,6,8,10,10,6,5,6,3,10,96
2023,Odisha,SUNDERGARH RTO - OR16( 08-NOV-2017 ),5,PETROL,668,581,695,544,615,739,505,537,861,"1,043","1,104",771,"8,663"
2023,Odisha,SUNDERGARH RTO - OR16( 08-NOV-2017 ),6,PETROL/CNG,0,0,0,1,0,0,1,0,0,1,0,1,4
2023,Odisha,SUNDERGARH RTO - OR16( 08-NOV-2017 ),7,PETROL/ETHANOL,0,0,0,2,3,1,5,4,5,15,20,22,77
2023,Odisha,SUNDERGARH RTO - OR16( 08-NOV-2017 ),8,PETROL/HYBRID,10,8,15,7,16,14,3,7,8,15,12,9,124
2023,Odisha,TALCHER RTO - OR35( 25-DEC-2017 ),1,DIESEL,229,175,236,265,237,149,146,128,142,202,232,141,"2,282"
2023,Odisha,TALCHER RTO - OR35( 25-DEC-2017 ),2,ELECTRIC(BOV),7,3,2,7,8,6,6,5,8,17,26,24,119
2023,Odisha,TALCHER RTO - OR35( 25-DEC-2017 ),3,NOT APPLICABLE,5,5,2,7,1,2,3,6,6,5,6,3,51
2023,Odisha,TALCHER RTO - OR35( 25-DEC-2017 ),4,PETROL,518,422,473,393,373,434,407,439,572,"1,011",762,498,"6,302"
2023,Odisha,TALCHER RTO - OR35( 25-DEC-2017 ),5,PETROL/CNG,0,0,0,0,0,0,0,0,0,0,2,1,3
2023,Odisha,TALCHER RTO - OR35( 25-DEC-2017 ),6,PETROL/ETHANOL,0,0,1,0,0,3,2,2,3,0,1,2,14
2023,Odisha,TALCHER RTO - OR35( 25-DEC-2017 ),7,PETROL/HYBRID,4,6,3,3,4,1,3,3,4,3,2,3,39
2022,Odisha,ANGUL RTO - OR19( 25-DEC-2017 ),1,DIESEL,151,101,135,159,175,177,168,174,140,225,241,221,"2,067"
2022,Odisha,ANGUL RTO - OR19( 25-DEC-2017 ),2,ELECTRIC(BOV),1,3,18,8,2,35,19,32,26,41,38,35,258
2022,Odisha,ANGUL RTO - OR19( 25-DEC-2017 ),3,NOT APPLICABLE,9,5,7,21,8,2,3,11,1,2,3,3,75
2022,Odisha,ANGUL RTO - OR19( 25-DEC-2017 ),4,PETROL,"1,119",965,"1,245","1,163",970,967,810,885,"1,277","2,302","1,027","1,016","13,746"
2022,Odisha,ANGUL RTO - OR19( 25-DEC-2017 ),5,PETROL/CNG,0,0,0,1,0,0,0,0,0,0,0,0,1
2022,Odisha,ANGUL RTO - OR19( 25-DEC-2017 ),6,PETROL/HYBRID,13,7,6,1,15,8,9,24,18,19,15,14,149
2022,Odisha,ARTO BARBIL - OR901( 04-DEC-2017 ),1,DIESEL,159,161,176,339,250,181,89,87,203,116,102,147,"2,010"
2022,Odisha,ARTO BARBIL - OR901( 04-DEC-2017 ),2,ELECTRIC(BOV),3,0,1,0,0,0,1,0,0,0,0,2,7
2022,Odisha,ARTO BARBIL - OR901( 04-DEC-2017 ),3,PETROL,162,166,190,190,182,189,167,120,163,362,211,172,"2,274"
2022,Odisha,ARTO BARBIL - OR901( 04-DEC-2017 ),4,PETROL/HYBRID,0,0,0,0,0,1,0,0,0,0,1,1,3
2022,Odisha,BALASORE RTO - OR1( 07-NOV-2017 ),1,CNG ONLY,1,0,0,1,1,0,3,3,7,5,12,8,41
2022,Odisha,BALASORE RTO - OR1( 07-NOV-2017 ),2,DIESEL,256,175,243,227,201,226,289,186,203,246,204,235,"2,691"
2022,Odisha,BALASORE RTO - OR1( 07-NOV-2017 ),3,ELECTRIC(BOV),66,35,110,71,30,81,83,75,131,193,159,141,"1,175"
2022,Odisha,BALASORE RTO - OR1( 07-NOV-2017 ),4,NOT APPLICABLE,3,3,4,6,3,4,1,0,2,0,2,3,31
2022,Odisha,BALASORE RTO - OR1( 07-NOV-2017 ),5,PETROL,"2,680","2,100","2,674","2,317","2,163","2,486","1,983","1,899","2,249","4,887","2,056","2,147","29,641"
2022,Odisha,BALASORE RTO - OR1( 07-NOV-2017 ),6,PETROL/CNG,2,3,2,7,4,9,10,5,10,8,14,20,94
2022,Odisha,BALASORE RTO - OR1( 07-NOV-2017 ),7,PETROL/HYBRID,12,18,12,3,13,12,16,15,15,28,18,32,194
2022,Odisha,BARGARH RTO - OR17( 04-DEC-2017 ),1,DIESEL,204,134,134,124,144,153,204,154,116,176,220,170,"1,933"
2022,Odisha,BARGARH RTO - OR17( 04-DEC-2017 ),2,ELECTRIC(BOV),66,86,87,102,75,76,91,78,82,118,109,69,"1,039"
2022,Odisha,BARGARH RTO - OR17( 04-DEC-2017 ),3,NOT APPLICABLE,4,12,9,11,9,5,3,0,3,2,5,3,66
2022,Odisha,BARGARH RTO - OR17( 04-DEC-2017 ),4,PETROL,"1,545","1,598","1,711","1,703","1,166","1,271",881,738,771,"1,586",912,991,"14,873"
2022,Odisha,BARGARH RTO - OR17( 04-DEC-2017 ),5,PETROL/CNG,0,0,0,0,1,0,0,0,0,0,0,0,1
2022,Odisha,BARGARH RTO - OR17( 04-DEC-2017 ),6,PETROL/HYBRID,14,16,8,15,18,16,14,20,9,23,18,29,200
2022,Odisha,BHADRAK RTO - OR22( 04-DEC-2017 ),1,CNG ONLY,5,3,5,6,10,8,14,15,19,27,31,18,161
2022,Odisha,BHADRAK RTO - OR22( 04-DEC-2017 ),2,DIESEL,111,78,141,113,127,149,133,95,94,129,135,138,"1,443"
2022,Odisha,BHADRAK RTO - OR22( 04-DEC-2017 ),3,ELECTRIC(BOV),9,8,14,5,10,14,14,16,19,35,35,29,208
2022,Odisha,BHADRAK RTO - OR22( 04-DEC-2017 ),4,NOT APPLICABLE,1,11,13,22,12,6,9,4,4,2,11,11,106
2022,Odisha,BHADRAK RTO - OR22( 04-DEC-2017 ),5,PETROL,"1,355","1,173","1,474","1,186","1,009","1,304",958,881,934,"2,087","1,794","1,253","15,408"
2022,Odisha,BHADRAK RTO - OR22( 04-DEC-2017 ),6,PETROL/CNG,1,2,7,3,3,2,3,3,2,3,2,2,33
2022,Odisha,BHADRAK RTO - OR22( 04-DEC-2017 ),7,PETROL/HYBRID,0,4,1,0,1,3,1,7,3,1,2,6,29
2022,Odisha,BHANJANAGAR RTO - OR32( 04-DEC-2017 ),1,DIESEL,32,23,28,36,35,53,51,41,36,44,41,32,452
2022,Odisha,BHANJANAGAR RTO - OR32( 04-DEC-2017 ),2,ELECTRIC(BOV),3,0,3,5,19,11,4,12,9,13,27,10,116
2022,Odisha,BHANJANAGAR RTO - OR32( 04-DEC-2017 ),3,NOT APPLICABLE,2,0,0,0,0,7,0,1,0,0,1,1,12
2022,Odisha,BHANJANAGAR RTO - OR32( 04-DEC-2017 ),4,PETROL,624,670,870,932,624,505,422,388,489,"1,096",610,487,"7,717"
2022,Odisha,BHANJANAGAR RTO - OR32( 04-DEC-2017 ),5,PETROL/CNG,0,0,0,0,0,0,0,0,0,0,1,1,2
2022,Odisha,BHANJANAGAR RTO - OR32( 04-DEC-2017 ),6,PETROL/HYBRID,2,2,0,1,5,2,1,5,3,3,1,1,26
2022,Odisha,BHUBANESWAR-II RTO - OR33( 23-OCT-2017 ),1,CNG ONLY,1,0,0,0,0,2,2,3,0,0,2,2,12
2022,Odisha,BHUBANESWAR-II RTO - OR33( 23-OCT-2017 ),2,DIESEL,160,151,178,189,209,208,216,197,172,226,206,195,"2,307"
2022,Odisha,BHUBANESWAR-II RTO - OR33( 23-OCT-2017 ),3,ELECTRIC(BOV),208,284,529,497,206,164,198,207,232,328,230,315,"3,398"
2022,Odisha,BHUBANESWAR-II RTO - OR33( 23-OCT-2017 ),4,NOT APPLICABLE,0,1,1,5,1,4,9,2,2,0,4,1,30
2022,Odisha,BHUBANESWAR-II RTO - OR33( 23-OCT-2017 ),5,PETROL,"1,702","1,346","1,589","1,857","1,618","1,939","1,967","1,986","2,131","3,704","1,980","2,082","23,901"
2022,Odisha,BHUBANESWAR-II RTO - OR33( 23-OCT-2017 ),6,PETROL/CNG,13,13,7,12,21,17,17,25,22,12,20,11,190
2022,Odisha,BHUBANESWAR-II RTO - OR33( 23-OCT-2017 ),7,PETROL/HYBRID,33,23,17,25,31,29,30,35,45,74,71,94,507
2022,Odisha,BHUBANESWAR RTO - OR2( 22-JAN-2018 ),1,CNG ONLY,20,24,39,40,44,47,57,46,78,72,61,60,588
2022,Odisha,BHUBANESWAR RTO - OR2( 22-JAN-2018 ),2,DIESEL,713,653,864,771,652,817,690,673,761,858,818,782,"9,052"
2022,Odisha,BHUBANESWAR RTO - OR2( 22-JAN-2018 ),3,DIESEL/HYBRID,0,0,0,0,0,0,0,1,1,2,2,0,6
2022,Odisha,BHUBANESWAR RTO - OR2( 22-JAN-2018 ),4,ELECTRIC(BOV),276,207,386,404,390,333,352,367,367,665,539,442,"4,728"
2022,Odisha,BHUBANESWAR RTO - OR2( 22-JAN-2018 ),5,NOT APPLICABLE,4,11,13,9,11,12,2,2,4,4,1,3,76
2022,Odisha,BHUBANESWAR RTO - OR2( 22-JAN-2018 ),6,PETROL,"5,413","4,421","5,571","5,058","4,919","5,152","4,496","4,692","4,997","7,942","4,758","5,219","62,638"
2022,Odisha,BHUBANESWAR RTO - OR2( 22-JAN-2018 ),7,PETROL/CNG,75,56,76,64,84,107,92,72,98,94,114,121,"1,053"
2022,Odisha,BHUBANESWAR RTO - OR2( 22-JAN-2018 ),8,PETROL/HYBRID,167,123,91,78,211,121,137,223,222,291,312,350,"2,326"
2022,Odisha,BOLANGIR RTO - OR3( 25-DEC-2017 ),1,DIESEL,122,116,133,131,116,127,183,109,137,173,135,157,"1,639"
2022,Odisha,BOLANGIR RTO - OR3( 25-DEC-2017 ),2,ELECTRIC(BOV),22,16,36,33,32,21,35,127,93,186,118,123,842
2022,Odisha,BOLANGIR RTO - OR3( 25-DEC-2017 ),3,NOT APPLICABLE,13,13,11,12,11,3,7,1,2,2,1,5,81
2022,Odisha,BOLANGIR RTO - OR3( 25-DEC-2017 ),4,PETROL,"2,714","2,852","2,667","2,246","1,514","1,197","1,016",886,834,"1,511","1,269","1,452","20,158"
2022,Odisha,BOLANGIR RTO - OR3( 25-DEC-2017 ),5,PETROL/CNG,0,0,0,0,0,0,0,0,1,0,0,1,2
2022,Odisha,BOLANGIR RTO - OR3( 25-DEC-2017 ),6,PETROL/HYBRID,19,17,10,13,25,21,23,13,12,18,21,34,226
2022,Odisha,BOUDH RTO - OR27( 23-OCT-2017 ),1,DIESEL,22,35,27,23,13,21,49,19,33,16,25,25,308
2022,Odisha,BOUDH RTO - OR27( 23-OCT-2017 ),2,ELECTRIC(BOV),6,3,0,4,5,4,3,1,3,6,11,0,46
2022,Odisha,BOUDH RTO - OR27( 23-OCT-2017 ),3,NOT APPLICABLE,1,8,3,0,0,1,2,1,3,0,1,0,20
2022,Odisha,BOUDH RTO - OR27( 23-OCT-2017 ),4,PETROL,406,662,591,481,351,225,139,117,165,291,144,172,"3,744"
2022,Odisha,BOUDH RTO - OR27( 23-OCT-2017 ),5,PETROL/HYBRID,0,0,0,0,0,0,0,0,0,0,0,2,2
2022,Odisha,CHANDIKHOLE RTO - OR4( 23-OCT-2017 ),1,CNG ONLY,0,1,0,0,0,2,0,0,0,0,0,0,3
2022,Odisha,CHANDIKHOLE RTO - OR4( 23-OCT-2017 ),2,DIESEL,116,119,140,128,129,128,145,95,114,103,114,145,"1,476"
2022,Odisha,CHANDIKHOLE RTO - OR4( 23-OCT-2017 ),3,ELECTRIC(BOV),1,0,3,5,18,10,8,8,14,24,29,20,140
2022,Odisha,CHANDIKHOLE RTO - OR4( 23-OCT-2017 ),4,NOT APPLICABLE,1,7,13,2,3,3,8,0,2,0,5,7,51
2022,Odisha,CHANDIKHOLE RTO - OR4( 23-OCT-2017 ),5,PETROL,821,694,919,760,731,793,645,551,796,"1,640",685,708,"9,743"
2022,Odisha,CHANDIKHOLE RTO - OR4( 23-OCT-2017 ),6,PETROL/CNG,0,1,1,0,0,0,0,0,1,0,0,0,3
2022,Odisha,CHANDIKHOLE RTO - OR4( 23-OCT-2017 ),7,PETROL/HYBRID,1,2,0,0,1,1,2,2,3,2,8,3,25
2022,Odisha,CUTTACK RTO - OR5( 31-MAY-2017 ),1,CNG ONLY,6,1,27,9,6,6,6,9,8,10,10,19,117
2022,Odisha,CUTTACK RTO - OR5( 31-MAY-2017 ),2,DIESEL,325,263,382,398,378,464,390,415,374,427,457,381,"4,654"
2022,Odisha,CUTTACK RTO - OR5( 31-MAY-2017 ),3,DIESEL/HYBRID,0,0,0,0,0,0,0,0,0,0,1,0,1
2022,Odisha,CUTTACK RTO - OR5( 31-MAY-2017 ),4,ELECTRIC(BOV),142,165,336,313,258,247,276,307,318,579,446,338,"3,725"
2022,Odisha,CUTTACK RTO - OR5( 31-MAY-2017 ),5,NOT APPLICABLE,13,10,10,14,6,12,9,8,12,6,13,21,134
2022,Odisha,CUTTACK RTO - OR5( 31-MAY-2017 ),6,PETROL,"3,707","3,054","3,546","3,350","3,122","3,568","2,881","3,162","3,723","6,674","3,201","3,590","43,578"
2022,Odisha,CUTTACK RTO - OR5( 31-MAY-2017 ),7,PETROL/CNG,23,15,16,14,25,18,19,19,16,22,20,35,242
2022,Odisha,CUTTACK RTO - OR5( 31-MAY-2017 ),8,PETROL/HYBRID,28,23,20,41,40,33,48,52,65,74,81,78,583
2022,Odisha,DEOGARH RTO - OR28( 23-OCT-2017 ),1,DIESEL,32,19,26,33,33,27,42,12,20,30,51,39,364
2022,Odisha,DEOGARH RTO - OR28( 23-OCT-2017 ),2,ELECTRIC(BOV),1,0,3,0,1,0,3,0,0,7,0,2,17
2022,Odisha,DEOGARH RTO - OR28( 23-OCT-2017 ),3,NOT APPLICABLE,1,1,0,0,3,1,0,1,0,0,1,0,8
2022,Odisha,DEOGARH RTO - OR28( 23-OCT-2017 ),4,PETROL,186,182,244,196,185,163,153,124,130,352,145,181,"2,241"
2022,Odisha,DEOGARH RTO - OR28( 23-OCT-2017 ),5,PETROL/HYBRID,0,0,0,0,1,1,1,0,2,1,0,0,6
2022,Odisha,DHENKANAL RTO - OR6( 07-NOV-2017 ),1,DIESEL,42,36,47,60,82,90,65,56,51,49,58,40,676
2022,Odisha,DHENKANAL RTO - OR6( 07-NOV-2017 ),2,ELECTRIC(BOV),46,36,37,39,6,25,17,12,26,37,28,17,326
2022,Odisha,DHENKANAL RTO - OR6( 07-NOV-2017 ),3,NOT APPLICABLE,3,1,3,2,2,3,3,0,2,0,1,1,21
2022,Odisha,DHENKANAL RTO - OR6( 07-NOV-2017 ),4,PETROL,700,593,784,653,594,731,509,570,721,"1,408",640,623,"8,526"
2022,Odisha,DHENKANAL RTO - OR6( 07-NOV-2017 ),5,PETROL/CNG,0,0,1,1,0,0,1,1,2,4,2,0,12
2022,Odisha,DHENKANAL RTO - OR6( 07-NOV-2017 ),6,PETROL/HYBRID,0,0,0,0,2,1,1,5,4,2,1,2,18
2022,Odisha,GAJAPATI RTO - OR20( 07-NOV-2017 ),1,DIESEL,20,17,22,9,18,21,16,11,17,15,14,10,190
2022,Odisha,GAJAPATI RTO - OR20( 07-NOV-2017 ),2,ELECTRIC(BOV),1,1,0,1,3,0,1,2,1,2,3,5,20
2022,Odisha,GAJAPATI RTO - OR20( 07-NOV-2017 ),3,NOT APPLICABLE,7,3,7,5,1,3,3,0,0,3,2,0,34
2022,Odisha,GAJAPATI RTO - OR20( 07-NOV-2017 ),4,PETROL,310,299,345,357,417,290,235,237,233,391,190,221,"3,525"
2022,Odisha,GAJAPATI RTO - OR20( 07-NOV-2017 ),5,PETROL/CNG,0,0,0,0,0,0,0,0,0,0,0,1,1
2022,Odisha,GAJAPATI RTO - OR20( 07-NOV-2017 ),6,PETROL/HYBRID,1,1,2,1,0,1,1,1,4,1,2,2,17
2022,Odisha,GANJAM RTO - OR7( 04-DEC-2017 ),1,DIESEL,155,141,180,131,137,186,205,161,166,155,198,174,"1,989"
2022,Odisha,GANJAM RTO - OR7( 04-DEC-2017 ),2,ELECTRIC(BOV),71,83,104,80,60,78,66,86,96,195,217,208,"1,344"
2022,Odisha,GANJAM RTO - OR7( 04-DEC-2017 ),3,NOT APPLICABLE,0,1,3,1,1,2,0,71,0,1,1,0,81
2022,Odisha,GANJAM RTO - OR7( 04-DEC-2017 ),4,PETROL,"2,585","2,523","2,939","3,118","2,650","2,193","2,194","1,756","1,876","4,001","2,325","2,048","30,208"
2022,Odisha,GANJAM RTO - OR7( 04-DEC-2017 ),5,PETROL/CNG,1,0,2,1,0,0,1,0,0,0,2,1,8
2022,Odisha,GANJAM RTO - OR7( 04-DEC-2017 ),6,PETROL/HYBRID,14,13,16,10,32,9,11,14,20,17,13,22,191
2022,Odisha,JAGATSINGHPUR RTO - OR21( 04-DEC-2017 ),1,DIESEL,39,30,32,40,50,56,65,50,48,37,49,52,548
2022,Odisha,JAGATSINGHPUR RTO - OR21( 04-DEC-2017 ),2,ELECTRIC(BOV),0,0,0,4,2,16,9,16,13,39,41,38,178
2022,Odisha,JAGATSINGHPUR RTO - OR21( 04-DEC-2017 ),3,NOT APPLICABLE,6,11,5,8,9,7,5,0,3,5,13,9,81
2022,Odisha,JAGATSINGHPUR RTO - OR21( 04-DEC-2017 ),4,PETROL,829,699,821,792,766,956,729,589,734,"1,784",806,745,"10,250"
2022,Odisha,JAGATSINGHPUR RTO - OR21( 04-DEC-2017 ),5,PETROL/CNG,0,0,0,0,1,0,0,0,0,0,0,0,1
2022,Odisha,JAGATSINGHPUR RTO - OR21( 04-DEC-2017 ),6,PETROL/HYBRID,1,0,0,0,0,0,0,0,0,1,2,0,4
2022,Odisha,JAJPUR RTO - OR34( 23-OCT-2017 ),1,CNG ONLY,0,1,0,0,0,1,0,2,3,0,0,1,8
2022,Odisha,JAJPUR RTO - OR34( 23-OCT-2017 ),2,DIESEL,97,67,125,88,108,115,136,109,106,119,129,127,"1,326"
2022,Odisha,JAJPUR RTO - OR34( 23-OCT-2017 ),3,ELECTRIC(BOV),83,34,86,82,156,101,85,115,140,162,169,81,"1,294"
2022,Odisha,JAJPUR RTO - OR34( 23-OCT-2017 ),4,NOT APPLICABLE,7,5,8,3,5,3,9,3,2,2,6,7,60
2022,Odisha,JAJPUR RTO - OR34( 23-OCT-2017 ),5,PETROL,"1,154","1,004","1,172","1,199","1,058","1,284","1,011",970,"1,001","2,563","1,379","1,209","15,004"
2022,Odisha,JAJPUR RTO - OR34( 23-OCT-2017 ),6,PETROL/CNG,1,1,0,0,1,0,1,0,0,2,5,5,16
2022,Odisha,JAJPUR RTO - OR34( 23-OCT-2017 ),7,PETROL/HYBRID,1,2,0,0,1,1,1,2,3,4,3,5,23
2022,Odisha,JHARSUGUDA RTO - OR23( 07-NOV-2017 ),1,DIESEL,191,128,168,172,182,144,213,191,168,165,183,147,"2,052"
2022,Odisha,JHARSUGUDA RTO - OR23( 07-NOV-2017 ),2,DIESEL/HYBRID,0,0,0,0,0,0,0,0,0,0,1,0,1
2022,Odisha,JHARSUGUDA RTO - OR23( 07-NOV-2017 ),3,ELECTRIC(BOV),17,33,44,46,36,30,50,26,46,63,62,28,481
2022,Odisha,JHARSUGUDA RTO - OR23( 07-NOV-2017 ),4,NOT APPLICABLE,3,6,2,4,2,0,4,6,4,6,7,10,54
2022,Odisha,JHARSUGUDA RTO - OR23( 07-NOV-2017 ),5,PETROL,"1,016",958,"1,078",964,959,926,900,784,790,"1,776","1,127",855,"12,133"
2022,Odisha,JHARSUGUDA RTO - OR23( 07-NOV-2017 ),6,PETROL/CNG,1,0,0,0,0,0,0,0,0,0,0,1,2
2022,Odisha,JHARSUGUDA RTO - OR23( 07-NOV-2017 ),7,PETROL/HYBRID,10,13,16,8,16,16,15,14,12,22,23,28,193
2022,Odisha,KALAHANDI RTO - OR8( 23-OCT-2017 ),1,DIESEL,122,132,133,145,123,135,161,106,120,167,168,167,"1,679"
2022,Odisha,KALAHANDI RTO - OR8( 23-OCT-2017 ),2,ELECTRIC(BOV),2,3,14,12,3,14,11,7,19,18,16,13,132
2022,Odisha,KALAHANDI RTO - OR8( 23-OCT-2017 ),3,NOT APPLICABLE,7,3,7,5,12,8,3,4,1,1,10,12,73
2022,Odisha,KALAHANDI RTO - OR8( 23-OCT-2017 ),4,PETROL,"2,278","2,552","2,278","1,881","1,275","1,067",753,804,"1,044","1,704",920,"1,148","17,704"
2022,Odisha,KALAHANDI RTO - OR8( 23-OCT-2017 ),5,PETROL/HYBRID,9,9,7,5,17,16,11,8,11,13,13,19,138
2022,Odisha,KENDRAPARA RTO - OR29( 23-OCT-2017 ),1,CNG ONLY,0,0,0,0,0,0,1,0,1,0,0,0,2
2022,Odisha,KENDRAPARA RTO - OR29( 23-OCT-2017 ),2,DIESEL,89,62,71,102,75,92,93,79,102,107,90,87,"1,049"
2022,Odisha,KENDRAPARA RTO - OR29( 23-OCT-2017 ),3,ELECTRIC(BOV),2,4,55,18,14,20,20,5,28,23,29,25,243
2022,Odisha,KENDRAPARA RTO - OR29( 23-OCT-2017 ),4,NOT APPLICABLE,8,15,15,7,6,3,3,3,4,5,11,11,91
2022,Odisha,KENDRAPARA RTO - OR29( 23-OCT-2017 ),5,PETROL,830,803,906,921,701,857,665,594,739,"1,634",781,852,"10,283"
2022,Odisha,KENDRAPARA RTO - OR29( 23-OCT-2017 ),6,PETROL/CNG,0,1,0,0,0,0,0,1,0,0,0,1,3
2022,Odisha,KENDRAPARA RTO - OR29( 23-OCT-2017 ),7,PETROL/HYBRID,0,1,0,1,0,0,0,1,1,1,0,3,8
2022,Odisha,KEONJHAR RTO - OR9( 04-DEC-2017 ),1,DIESEL,179,148,200,193,203,191,195,161,148,200,146,190,"2,154"
2022,Odisha,KEONJHAR RTO - OR9( 04-DEC-2017 ),2,ELECTRIC(BOV),20,17,76,4,9,44,42,46,56,58,99,43,514
2022,Odisha,KEONJHAR RTO - OR9( 04-DEC-2017 ),3,NOT APPLICABLE,4,5,18,10,9,14,15,5,6,4,8,13,111
2022,Odisha,KEONJHAR RTO - OR9( 04-DEC-2017 ),4,PETROL,"1,413","1,144","1,333","1,205","1,121","1,196","1,007",768,"1,000","2,083","1,024","1,004","14,298"
2022,Odisha,KEONJHAR RTO - OR9( 04-DEC-2017 ),5,PETROL/CNG,0,0,0,0,0,0,0,0,0,0,0,2,2
2022,Odisha,KEONJHAR RTO - OR9( 04-DEC-2017 ),6,PETROL/HYBRID,1,6,0,1,4,2,4,2,6,10,6,12,54
2022,Odisha,KHORDHA ARTO - OR201( 20-JAN-2018 ),1,CNG ONLY,0,0,0,0,0,0,0,4,2,0,0,0,6
2022,Odisha,KHORDHA ARTO - OR201( 20-JAN-2018 ),2,DIESEL,53,47,58,85,70,57,81,71,72,73,64,79,810
2022,Odisha,KHORDHA ARTO - OR201( 20-JAN-2018 ),3,ELECTRIC(BOV),7,5,5,8,19,12,9,17,17,32,25,29,185
2022,Odisha,KHORDHA ARTO - OR201( 20-JAN-2018 ),4,NOT APPLICABLE,1,6,1,1,4,1,2,2,2,0,2,2,24
2022,Odisha,KHORDHA ARTO - OR201( 20-JAN-2018 ),5,PETROL,215,236,344,255,206,207,202,189,203,491,255,236,"3,039"
2022,Odisha,KHORDHA ARTO - OR201( 20-JAN-2018 ),6,PETROL/CNG,0,1,1,1,0,1,0,0,0,0,2,2,8
2022,Odisha,KHORDHA ARTO - OR201( 20-JAN-2018 ),7,PETROL/HYBRID,1,0,1,1,2,0,3,4,1,2,5,5,25
2022,Odisha,KORAPUT RTO - OR10( 25-DEC-2017 ),1,DIESEL,120,120,156,128,117,136,130,90,121,117,157,135,"1,527"
2022,Odisha,KORAPUT RTO - OR10( 25-DEC-2017 ),2,ELECTRIC(BOV),6,0,4,14,12,21,11,30,32,24,38,26,218
2022,Odisha,KORAPUT RTO - OR10( 25-DEC-2017 ),3,NOT APPLICABLE,13,11,13,25,21,10,9,6,10,7,11,12,148
2022,Odisha,KORAPUT RTO - OR10( 25-DEC-2017 ),4,PETROL,"1,726","1,576","1,585","1,482","1,311","1,189",941,912,"1,421","2,152","1,170","1,186","16,651"
2022,Odisha,KORAPUT RTO - OR10( 25-DEC-2017 ),5,PETROL/CNG,0,0,0,0,0,0,0,0,0,0,0,1,1
2022,Odisha,KORAPUT RTO - OR10( 25-DEC-2017 ),6,PETROL/HYBRID,12,11,11,11,19,13,22,22,18,29,20,17,205
2022,Odisha,MALKANAGIRI RTO - OR30( 25-DEC-2017 ),1,DIESEL,56,63,78,60,48,80,86,60,52,64,63,49,759
2022,Odisha,MALKANAGIRI RTO - OR30( 25-DEC-2017 ),2,ELECTRIC(BOV),0,0,0,2,2,4,2,2,6,5,5,4,32
2022,Odisha,MALKANAGIRI RTO - OR30( 25-DEC-2017 ),3,NOT APPLICABLE,6,1,3,2,5,1,4,2,1,3,2,1,31
2022,Odisha,MALKANAGIRI RTO - OR30( 25-DEC-2017 ),4,PETROL,481,516,522,421,452,446,310,325,340,689,369,448,"5,319"
2022,Odisha,MALKANAGIRI RTO - OR30( 25-DEC-2017 ),5,PETROL/CNG,0,0,0,0,0,0,0,0,0,0,0,1,1
2022,Odisha,MALKANAGIRI RTO - OR30( 25-DEC-2017 ),6,PETROL/HYBRID,4,4,7,4,12,1,5,5,8,4,2,3,59
2022,Odisha,MAYURBHANJ RTO - OR11( 08-NOV-2017 ),1,CNG ONLY,1,1,5,1,0,5,4,1,7,6,5,6,42
2022,Odisha,MAYURBHANJ RTO - OR11( 08-NOV-2017 ),2,DIESEL,92,73,95,97,100,148,115,64,85,83,110,98,"1,160"
2022,Odisha,MAYURBHANJ RTO - OR11( 08-NOV-2017 ),3,ELECTRIC(BOV),97,83,140,117,123,110,123,111,117,231,91,93,"1,436"
2022,Odisha,MAYURBHANJ RTO - OR11( 08-NOV-2017 ),4,NOT APPLICABLE,8,2,12,13,9,6,11,4,9,6,15,6,101
2022,Odisha,MAYURBHANJ RTO - OR11( 08-NOV-2017 ),5,PETROL,"1,666","1,198","1,257","1,139","1,014","1,268",995,892,"1,084","2,012",862,"1,024","14,411"
2022,Odisha,MAYURBHANJ RTO - OR11( 08-NOV-2017 ),6,PETROL/CNG,2,0,1,3,6,4,6,2,5,4,3,5,41
2022,Odisha,MAYURBHANJ RTO - OR11( 08-NOV-2017 ),7,PETROL/HYBRID,11,6,2,4,10,8,4,10,6,12,10,15,98
2022,Odisha,NAWARANGPUR RTO - OR24( 07-NOV-2017 ),1,DIESEL,130,130,149,78,130,173,113,89,101,108,128,114,"1,443"
2022,Odisha,NAWARANGPUR RTO - OR24( 07-NOV-2017 ),2,ELECTRIC(BOV),8,7,14,27,12,11,9,9,6,17,15,11,146
2022,Odisha,NAWARANGPUR RTO - OR24( 07-NOV-2017 ),3,NOT APPLICABLE,6,16,11,23,19,14,2,23,21,0,18,3,156
2022,Odisha,NAWARANGPUR RTO - OR24( 07-NOV-2017 ),4,PETROL,985,"1,006",908,756,675,607,441,390,552,958,644,866,"8,788"
2022,Odisha,NAWARANGPUR RTO - OR24( 07-NOV-2017 ),5,PETROL/HYBRID,10,4,3,2,6,10,7,6,7,5,7,11,78
2022,Odisha,NAYAGARH RTO - OR25( 25-DEC-2017 ),1,DIESEL,29,24,38,31,23,27,44,29,44,40,49,46,424
2022,Odisha,NAYAGARH RTO - OR25( 25-DEC-2017 ),2,ELECTRIC(BOV),0,0,0,1,1,1,8,19,27,30,50,28,165
2022,Odisha,NAYAGARH RTO - OR25( 25-DEC-2017 ),3,NOT APPLICABLE,3,4,0,3,3,3,2,0,3,0,0,1,22
2022,Odisha,NAYAGARH RTO - OR25( 25-DEC-2017 ),4,PETROL,828,701,906,879,738,745,656,596,659,"1,639","1,049",799,"10,195"
2022,Odisha,NAYAGARH RTO - OR25( 25-DEC-2017 ),5,PETROL/HYBRID,0,0,0,0,1,0,0,0,0,0,1,0,2
2022,Odisha,NUAPADA RTO - OR26( 06-NOV-2017 ),1,DIESEL,50,42,61,41,29,52,49,54,36,46,53,60,573
2022,Odisha,NUAPADA RTO - OR26( 06-NOV-2017 ),2,ELECTRIC(BOV),26,15,16,29,23,10,19,14,27,15,55,28,277
2022,Odisha,NUAPADA RTO - OR26( 06-NOV-2017 ),3,NOT APPLICABLE,1,1,1,3,2,0,5,1,1,2,0,1,18
2022,Odisha,NUAPADA RTO - OR26( 06-NOV-2017 ),4,PETROL,695,597,695,519,391,358,329,214,228,499,340,336,"5,201"
2022,Odisha,NUAPADA RTO - OR26( 06-NOV-2017 ),5,PETROL/HYBRID,4,3,1,2,8,8,4,3,4,3,6,8,54
2022,Odisha,PHULBANI RTO - OR12( 23-OCT-2017 ),1,DIESEL,36,28,41,35,36,35,37,29,40,41,45,36,439
2022,Odisha,PHULBANI RTO - OR12( 23-OCT-2017 ),2,ELECTRIC(BOV),0,0,0,0,0,0,0,0,2,1,4,0,7
2022,Odisha,PHULBANI RTO - OR12( 23-OCT-2017 ),3,NOT APPLICABLE,4,2,2,2,9,4,5,3,6,3,4,4,48
2022,Odisha,PHULBANI RTO - OR12( 23-OCT-2017 ),4,PETROL,476,402,517,527,608,469,383,291,412,729,467,423,"5,704"
2022,Odisha,PHULBANI RTO - OR12( 23-OCT-2017 ),5,PETROL/HYBRID,0,0,1,1,0,0,0,0,0,0,1,4,7
2022,Odisha,PURI RTO - OR13( 25-DEC-2017 ),1,CNG ONLY,0,0,1,2,0,0,0,0,1,1,1,1,7
2022,Odisha,PURI RTO - OR13( 25-DEC-2017 ),2,DIESEL,31,35,28,41,41,73,63,68,56,93,97,106,732
2022,Odisha,PURI RTO - OR13( 25-DEC-2017 ),3,DIESEL/HYBRID,0,0,0,0,0,0,1,0,0,0,0,0,1
2022,Odisha,PURI RTO - OR13( 25-DEC-2017 ),4,ELECTRIC(BOV),70,50,123,203,173,181,151,186,175,287,214,233,"2,046"
2022,Odisha,PURI RTO - OR13( 25-DEC-2017 ),5,NOT APPLICABLE,3,2,6,1,4,3,1,4,0,2,1,4,31
2022,Odisha,PURI RTO - OR13( 25-DEC-2017 ),6,PETROL,"1,129",850,"1,157","1,009","1,038","1,146",977,959,946,"2,263","1,181","1,069","13,724"
2022,Odisha,PURI RTO - OR13( 25-DEC-2017 ),7,PETROL/CNG,3,2,0,3,2,2,2,6,8,7,6,7,48
2022,Odisha,PURI RTO - OR13( 25-DEC-2017 ),8,PETROL/HYBRID,0,3,2,2,1,4,3,2,3,5,5,7,37
2022,Odisha,RAIRANGPUR ARTO - OR111( 08-NOV-2017 ),1,CNG ONLY,0,0,0,1,1,0,2,1,0,1,1,3,10
2022,Odisha,RAIRANGPUR ARTO - OR111( 08-NOV-2017 ),2,DIESEL,69,58,71,63,85,89,79,69,73,76,65,55,852
2022,Odisha,RAIRANGPUR ARTO - OR111( 08-NOV-2017 ),3,ELECTRIC(BOV),1,1,2,1,1,1,2,1,5,2,1,2,20
2022,Odisha,RAIRANGPUR ARTO - OR111( 08-NOV-2017 ),4,NOT APPLICABLE,4,30,18,16,10,9,2,2,16,8,6,26,147
2022,Odisha,RAIRANGPUR ARTO - OR111( 08-NOV-2017 ),5,PETROL,731,538,625,446,464,522,373,352,466,941,429,477,"6,364"
2022,Odisha,RAIRANGPUR ARTO - OR111( 08-NOV-2017 ),6,PETROL/CNG,0,0,2,1,2,2,2,1,0,4,4,2,20
2022,Odisha,RAIRANGPUR ARTO - OR111( 08-NOV-2017 ),7,PETROL/HYBRID,3,1,2,5,6,1,1,6,0,4,1,5,35
2022,Odisha,RAYGADA RTO - OR18( 25-DEC-2017 ),1,DIESEL,87,113,91,102,96,104,92,68,76,73,101,87,"1,090"
2022,Odisha,RAYGADA RTO - OR18( 25-DEC-2017 ),2,ELECTRIC(BOV),2,1,0,0,4,3,4,2,4,10,14,17,61
2022,Odisha,RAYGADA RTO - OR18( 25-DEC-2017 ),3,NOT APPLICABLE,3,20,14,15,9,6,8,9,3,8,7,18,120
2022,Odisha,RAYGADA RTO - OR18( 25-DEC-2017 ),4,PETROL,"1,009","1,056","1,076","1,006",977,771,609,512,769,"1,249",628,679,"10,341"
2022,Odisha,RAYGADA RTO - OR18( 25-DEC-2017 ),5,PETROL/HYBRID,6,3,1,5,4,2,2,8,9,3,4,4,51
2022,Odisha,ROURKELA RTO - OR14( 25-DEC-2017 ),1,CNG ONLY,1,0,0,0,0,0,0,1,0,0,0,0,2
2022,Odisha,ROURKELA RTO - OR14( 25-DEC-2017 ),2,DIESEL,190,225,293,293,271,251,263,250,280,260,221,245,"3,042"
2022,Odisha,ROURKELA RTO - OR14( 25-DEC-2017 ),3,ELECTRIC(BOV),128,126,225,185,138,127,186,179,187,330,221,158,"2,190"
2022,Odisha,ROURKELA RTO - OR14( 25-DEC-2017 ),4,NOT APPLICABLE,16,28,11,12,11,8,12,7,6,12,17,2,142
2022,Odisha,ROURKELA RTO - OR14( 25-DEC-2017 ),5,PETROL,"1,760","1,514","1,655","1,496","1,405","1,543","1,386","1,323","1,624","3,226","1,495","1,867","20,294"
2022,Odisha,ROURKELA RTO - OR14( 25-DEC-2017 ),6,PETROL/CNG,3,4,3,2,2,6,2,1,2,2,5,2,34
2022,Odisha,ROURKELA RTO - OR14( 25-DEC-2017 ),7,PETROL/HYBRID,37,17,18,16,39,23,26,50,44,36,49,77,432
2022,Odisha,SAMBALPUR RTO - OR15( 04-DEC-2017 ),1,DIESEL,208,205,193,201,201,272,246,207,186,255,234,242,"2,650"
2022,Odisha,SAMBALPUR RTO - OR15( 04-DEC-2017 ),2,ELECTRIC(BOV),30,43,72,68,30,43,47,31,42,93,92,60,651
2022,Odisha,SAMBALPUR RTO - OR15( 04-DEC-2017 ),3,NOT APPLICABLE,3,26,15,9,10,7,13,13,5,9,7,8,125
2022,Odisha,SAMBALPUR RTO - OR15( 04-DEC-2017 ),4,PETROL,"1,661","1,497","1,571","1,599","1,477","1,460","1,215","1,095","1,235","2,138","1,289","1,344","17,581"
2022,Odisha,SAMBALPUR RTO - OR15( 04-DEC-2017 ),5,PETROL/CNG,0,1,1,0,0,0,0,0,0,0,0,1,3
2022,Odisha,SAMBALPUR RTO - OR15( 04-DEC-2017 ),6,PETROL/HYBRID,9,14,11,12,18,16,20,24,27,39,26,34,250
2022,Odisha,SONEPUR RTO - OR31( 08-NOV-2017 ),1,DIESEL,77,63,67,46,41,41,107,80,31,33,49,56,691
2022,Odisha,SONEPUR RTO - OR31( 08-NOV-2017 ),2,ELECTRIC(BOV),22,20,17,26,13,24,39,32,24,65,44,38,364
2022,Odisha,SONEPUR RTO - OR31( 08-NOV-2017 ),3,NOT APPLICABLE,0,1,1,17,9,0,1,4,3,5,6,8,55
2022,Odisha,SONEPUR RTO - OR31( 08-NOV-2017 ),4,PETROL,882,"1,289","1,222","1,045",785,692,461,376,444,727,353,474,"8,750"
2022,Odisha,SONEPUR RTO - OR31( 08-NOV-2017 ),5,PETROL/CNG,0,0,1,0,0,0,0,0,0,0,0,0,1
2022,Odisha,SONEPUR RTO - OR31( 08-NOV-2017 ),6,PETROL/HYBRID,1,1,0,0,5,2,3,4,2,1,0,3,22
2022,Odisha,SUNDERGARH RTO - OR16( 08-NOV-2017 ),1,DIESEL,114,131,135,168,167,267,192,232,202,179,222,241,"2,250"
2022,Odisha,SUNDERGARH RTO - OR16( 08-NOV-2017 ),2,ELECTRIC(BOV),26,11,43,28,16,29,36,36,35,40,33,23,356
2022,Odisha,SUNDERGARH RTO - OR16( 08-NOV-2017 ),3,NOT APPLICABLE,1,33,7,17,12,8,4,11,8,2,11,4,118
2022,Odisha,SUNDERGARH RTO - OR16( 08-NOV-2017 ),4,PETROL,761,586,605,642,609,680,541,460,531,"1,029",797,732,"7,973"
2022,Odisha,SUNDERGARH RTO - OR16( 08-NOV-2017 ),5,PETROL/CNG,0,0,1,0,0,0,0,0,0,0,0,0,1
2022,Odisha,SUNDERGARH RTO - OR16( 08-NOV-2017 ),6,PETROL/HYBRID,1,5,3,7,8,5,4,11,8,6,9,7,74
2022,Odisha,TALCHER RTO - OR35( 25-DEC-2017 ),1,DIESEL,125,88,100,108,109,98,69,85,69,119,163,95,"1,228"
2022,Odisha,TALCHER RTO - OR35( 25-DEC-2017 ),2,ELECTRIC(BOV),1,1,2,6,2,2,6,2,8,5,11,13,59
2022,Odisha,TALCHER RTO - OR35( 25-DEC-2017 ),3,NOT APPLICABLE,5,2,3,7,4,2,3,2,2,9,3,5,47
2022,Odisha,TALCHER RTO - OR35( 25-DEC-2017 ),4,PETROL,457,431,511,436,406,441,373,333,555,958,345,373,"5,619"
2022,Odisha,TALCHER RTO - OR35( 25-DEC-2017 ),5,PETROL/CNG,0,0,0,0,1,0,0,0,0,0,0,0,1
2022,Odisha,TALCHER RTO - OR35( 25-DEC-2017 ),6,PETROL/HYBRID,1,0,3,0,2,0,0,1,2,3,4,1,17
2021,Odisha,ANGUL RTO - OR19( 25-DEC-2017 ),1,DIESEL,207,167,191,164,77,100,163,146,133,145,100,99,"1,692"
2021,Odisha,ANGUL RTO - OR19( 25-DEC-2017 ),2,ELECTRIC(BOV),1,0,2,1,0,1,8,2,17,26,18,5,81
2021,Odisha,ANGUL RTO - OR19( 25-DEC-2017 ),3,NOT APPLICABLE,5,1,22,2,0,0,0,1,24,2,6,18,81
2021,Odisha,ANGUL RTO - OR19( 25-DEC-2017 ),4,PETROL,"1,226","1,155","1,062",980,211,559,"1,201","1,049",897,"1,824","1,135",787,"12,086"
2021,Odisha,ANGUL RTO - OR19( 25-DEC-2017 ),5,PETROL/CNG,0,0,0,0,0,0,0,0,0,0,1,0,1
2021,Odisha,ANGUL RTO - OR19( 25-DEC-2017 ),6,PETROL/HYBRID,6,4,5,4,1,3,5,1,3,9,5,4,50
2021,Odisha,ARTO BARBIL - OR901( 04-DEC-2017 ),1,DIESEL,226,242,290,274,162,189,286,249,223,88,108,172,"2,509"
2021,Odisha,ARTO BARBIL - OR901( 04-DEC-2017 ),2,ELECTRIC(BOV),0,0,1,0,0,0,0,0,3,5,0,2,11
2021,Odisha,ARTO BARBIL - OR901( 04-DEC-2017 ),3,PETROL,223,218,182,138,15,42,257,184,189,280,245,253,"2,226"
2021,Odisha,ARTO BARBIL - OR901( 04-DEC-2017 ),4,PETROL/HYBRID,0,0,1,0,0,0,1,0,1,0,2,0,5
2021,Odisha,BALASORE RTO - OR1( 07-NOV-2017 ),1,CNG ONLY,0,0,0,0,0,0,0,0,0,1,0,0,1
2021,Odisha,BALASORE RTO - OR1( 07-NOV-2017 ),2,DIESEL,314,279,340,265,62,201,284,209,162,253,239,230,"2,838"
2021,Odisha,BALASORE RTO - OR1( 07-NOV-2017 ),3,ELECTRIC(BOV),2,2,4,7,0,9,13,20,25,81,49,41,253
2021,Odisha,BALASORE RTO - OR1( 07-NOV-2017 ),4,NOT APPLICABLE,9,2,5,5,0,0,0,0,6,2,4,8,41
2021,Odisha,BALASORE RTO - OR1( 07-NOV-2017 ),5,PETROL,"2,603","2,306","2,676","2,260",299,"1,556","2,338","2,086","1,635","3,787","2,330","1,465","25,341"
2021,Odisha,BALASORE RTO - OR1( 07-NOV-2017 ),6,PETROL/CNG,0,0,0,0,0,0,3,3,2,1,3,2,14
2021,Odisha,BALASORE RTO - OR1( 07-NOV-2017 ),7,PETROL/HYBRID,19,12,16,16,1,8,11,15,19,21,12,15,165
2021,Odisha,BARGARH RTO - OR17( 04-DEC-2017 ),1,DIESEL,263,232,287,189,44,170,351,181,125,167,166,131,"2,306"
2021,Odisha,BARGARH RTO - OR17( 04-DEC-2017 ),2,ELECTRIC(BOV),8,19,11,21,0,13,16,47,64,52,49,37,337
2021,Odisha,BARGARH RTO - OR17( 04-DEC-2017 ),3,NOT APPLICABLE,1,1,4,14,3,0,0,16,5,5,5,26,80
2021,Odisha,BARGARH RTO - OR17( 04-DEC-2017 ),4,PETROL,"1,336","2,845","2,817","1,910",346,958,"1,739","1,003",916,"1,170","1,086",664,"16,790"
2021,Odisha,BARGARH RTO - OR17( 04-DEC-2017 ),5,PETROL/HYBRID,15,13,16,11,0,9,13,9,14,21,12,7,140
2021,Odisha,BHADRAK RTO - OR22( 04-DEC-2017 ),1,CNG ONLY,0,0,0,0,0,0,0,3,5,8,10,2,28
2021,Odisha,BHADRAK RTO - OR22( 04-DEC-2017 ),2,DIESEL,154,131,189,115,25,65,102,102,80,102,116,92,"1,273"
2021,Odisha,BHADRAK RTO - OR22( 04-DEC-2017 ),3,ELECTRIC(BOV),0,1,0,0,1,0,0,2,3,2,9,2,20
2021,Odisha,BHADRAK RTO - OR22( 04-DEC-2017 ),4,NOT APPLICABLE,23,24,17,2,0,0,0,1,8,1,12,5,93
2021,Odisha,BHADRAK RTO - OR22( 04-DEC-2017 ),5,PETROL,"1,324","1,265","1,330","1,240",213,563,"1,112","1,059",922,"1,699","1,594",824,"13,145"
2021,Odisha,BHADRAK RTO - OR22( 04-DEC-2017 ),6,PETROL/CNG,0,0,0,0,0,0,0,0,0,1,1,1,3
2021,Odisha,BHADRAK RTO - OR22( 04-DEC-2017 ),7,PETROL/HYBRID,0,1,0,3,0,1,1,1,3,8,1,1,20
2021,Odisha,BHANJANAGAR RTO - OR32( 04-DEC-2017 ),1,DIESEL,26,33,25,28,10,17,38,28,19,35,43,28,330
2021,Odisha,BHANJANAGAR RTO - OR32( 04-DEC-2017 ),2,ELECTRIC(BOV),0,0,0,0,0,0,0,1,0,3,2,3,9
2021,Odisha,BHANJANAGAR RTO - OR32( 04-DEC-2017 ),3,NOT APPLICABLE,0,2,3,0,0,0,1,1,4,1,1,4,17
2021,Odisha,BHANJANAGAR RTO - OR32( 04-DEC-2017 ),4,PETROL,463,505,644,786,111,487,675,540,373,826,717,376,"6,503"
2021,Odisha,BHANJANAGAR RTO - OR32( 04-DEC-2017 ),5,PETROL/HYBRID,0,1,1,3,0,0,1,1,0,3,0,1,11
2021,Odisha,BHUBANESWAR-II RTO - OR33( 23-OCT-2017 ),1,CNG ONLY,10,5,5,1,0,0,0,0,0,1,0,1,23
2021,Odisha,BHUBANESWAR-II RTO - OR33( 23-OCT-2017 ),2,DIESEL,180,171,291,157,27,68,128,162,132,150,160,112,"1,738"
2021,Odisha,BHUBANESWAR-II RTO - OR33( 23-OCT-2017 ),3,ELECTRIC(BOV),17,23,52,41,1,18,48,85,84,132,121,133,755
2021,Odisha,BHUBANESWAR-II RTO - OR33( 23-OCT-2017 ),4,NOT APPLICABLE,2,6,32,0,0,0,0,1,2,3,0,2,48
2021,Odisha,BHUBANESWAR-II RTO - OR33( 23-OCT-2017 ),5,PETROL,"1,306","1,648","1,525","1,231",92,450,"1,241","1,386","1,289","2,368","1,713","1,275","15,524"
2021,Odisha,BHUBANESWAR-II RTO - OR33( 23-OCT-2017 ),6,PETROL/CNG,4,2,3,7,0,0,6,3,2,9,16,21,73
2021,Odisha,BHUBANESWAR-II RTO - OR33( 23-OCT-2017 ),7,PETROL/HYBRID,6,15,20,27,4,8,18,19,30,30,39,29,245
2021,Odisha,BHUBANESWAR-II RTO - OR33( 23-OCT-2017 ),8,PETROL/LPG,0,0,0,0,0,0,0,0,0,0,1,0,1
2021,Odisha,BHUBANESWAR RTO - OR2( 22-JAN-2018 ),1,CNG ONLY,7,3,10,6,0,1,3,7,17,26,29,19,128
2021,Odisha,BHUBANESWAR RTO - OR2( 22-JAN-2018 ),2,DIESEL,644,747,770,603,190,374,733,630,558,635,613,550,"7,047"
2021,Odisha,BHUBANESWAR RTO - OR2( 22-JAN-2018 ),3,ELECTRIC(BOV),20,50,62,70,15,81,80,93,77,172,165,284,"1,169"
2021,Odisha,BHUBANESWAR RTO - OR2( 22-JAN-2018 ),4,NOT APPLICABLE,7,15,7,23,1,7,13,18,14,14,28,23,170
2021,Odisha,BHUBANESWAR RTO - OR2( 22-JAN-2018 ),5,PETROL,"5,486","5,039","5,596","4,689",535,"2,004","4,592","4,663","4,456","6,500","4,945","3,772","52,277"
2021,Odisha,BHUBANESWAR RTO - OR2( 22-JAN-2018 ),6,PETROL/CNG,18,20,50,35,2,10,33,39,32,59,91,61,450
2021,Odisha,BHUBANESWAR RTO - OR2( 22-JAN-2018 ),7,PETROL/HYBRID,113,140,155,113,13,51,127,131,138,215,112,107,"1,415"
2021,Odisha,BHUBANESWAR RTO - OR2( 22-JAN-2018 ),8,PETROL/LPG,5,0,0,0,0,0,0,0,0,0,0,0,5
2021,Odisha,BOLANGIR RTO - OR3( 25-DEC-2017 ),1,DIESEL,207,199,171,111,47,150,157,149,78,107,131,108,"1,615"
2021,Odisha,BOLANGIR RTO - OR3( 25-DEC-2017 ),2,ELECTRIC(BOV),3,1,3,2,0,6,3,11,20,28,47,10,134
2021,Odisha,BOLANGIR RTO - OR3( 25-DEC-2017 ),3,NOT APPLICABLE,2,4,2,25,0,0,8,25,18,20,19,7,130
2021,Odisha,BOLANGIR RTO - OR3( 25-DEC-2017 ),4,PETROL,"2,509","3,778","3,419","1,960",283,"1,195","1,236","1,044",923,"1,238","1,412","1,177","20,174"
2021,Odisha,BOLANGIR RTO - OR3( 25-DEC-2017 ),5,PETROL/HYBRID,13,20,15,8,0,13,22,7,12,19,13,15,157
2021,Odisha,BOLANGIR RTO - OR3( 25-DEC-2017 ),6,PETROL/LPG,0,0,0,0,0,0,1,0,0,0,0,0,1
2021,Odisha,BOUDH RTO - OR27( 23-OCT-2017 ),1,DIESEL,35,40,35,30,12,24,48,29,23,28,30,17,351
2021,Odisha,BOUDH RTO - OR27( 23-OCT-2017 ),2,ELECTRIC(BOV),0,0,0,0,0,0,0,0,0,3,2,5,10
2021,Odisha,BOUDH RTO - OR27( 23-OCT-2017 ),3,NOT APPLICABLE,1,4,3,0,2,3,0,0,0,8,0,7,28
2021,Odisha,BOUDH RTO - OR27( 23-OCT-2017 ),4,PETROL,408,910,804,530,165,288,292,194,160,270,232,164,"4,417"
2021,Odisha,BOUDH RTO - OR27( 23-OCT-2017 ),5,PETROL/HYBRID,1,0,1,2,0,0,1,1,0,3,0,0,9
2021,Odisha,CHANDIKHOLE RTO - OR4( 23-OCT-2017 ),1,DIESEL,162,160,196,173,67,133,180,132,91,132,87,64,"1,577"
2021,Odisha,CHANDIKHOLE RTO - OR4( 23-OCT-2017 ),2,ELECTRIC(BOV),0,0,0,0,0,0,0,0,0,0,0,1,1
2021,Odisha,CHANDIKHOLE RTO - OR4( 23-OCT-2017 ),3,NOT APPLICABLE,26,17,11,13,1,3,8,8,3,7,14,8,119
2021,Odisha,CHANDIKHOLE RTO - OR4( 23-OCT-2017 ),4,PETROL,847,786,749,805,95,445,817,782,673,"1,347",878,564,"8,788"
2021,Odisha,CHANDIKHOLE RTO - OR4( 23-OCT-2017 ),5,PETROL/CNG,0,0,1,1,0,0,0,0,1,1,3,0,7
2021,Odisha,CHANDIKHOLE RTO - OR4( 23-OCT-2017 ),6,PETROL/HYBRID,0,0,0,1,0,0,2,1,1,4,2,2,13
2021,Odisha,CUTTACK RTO - OR5( 31-MAY-2017 ),1,CNG ONLY,0,5,2,2,1,0,1,4,2,9,10,3,39
2021,Odisha,CUTTACK RTO - OR5( 31-MAY-2017 ),2,DIESEL,376,380,452,416,157,242,330,325,275,309,330,232,"3,824"
2021,Odisha,CUTTACK RTO - OR5( 31-MAY-2017 ),3,ELECTRIC(BOV),8,15,23,20,1,14,31,36,35,96,74,124,477
2021,Odisha,CUTTACK RTO - OR5( 31-MAY-2017 ),4,NOT APPLICABLE,4,8,18,11,0,1,3,14,16,13,19,20,127
2021,Odisha,CUTTACK RTO - OR5( 31-MAY-2017 ),5,PETROL,"3,652","3,414","4,270","2,967",285,"1,342","2,904","3,140","2,722","5,006","3,555","2,377","35,634"
2021,Odisha,CUTTACK RTO - OR5( 31-MAY-2017 ),6,PETROL/CNG,5,3,10,6,1,4,10,8,4,17,13,12,93
2021,Odisha,CUTTACK RTO - OR5( 31-MAY-2017 ),7,PETROL/HYBRID,25,21,20,38,4,20,29,27,25,32,22,19,282
2021,Odisha,CUTTACK RTO - OR5( 31-MAY-2017 ),8,PETROL/LPG,0,0,1,0,0,0,0,0,0,0,0,1,2
2021,Odisha,DEOGARH RTO - OR28( 23-OCT-2017 ),1,DIESEL,18,35,23,23,3,16,30,27,14,31,34,26,280
2021,Odisha,DEOGARH RTO - OR28( 23-OCT-2017 ),2,NOT APPLICABLE,7,4,6,4,0,1,0,1,0,5,2,3,33
2021,Odisha,DEOGARH RTO - OR28( 23-OCT-2017 ),3,PETROL,92,204,136,142,24,66,130,214,140,220,148,119,"1,635"
2021,Odisha,DEOGARH RTO - OR28( 23-OCT-2017 ),4,PETROL/HYBRID,0,0,0,1,0,0,0,1,0,2,0,0,4
2021,Odisha,DHENKANAL RTO - OR6( 07-NOV-2017 ),1,DIESEL,46,61,68,83,27,58,93,75,35,47,57,27,677
2021,Odisha,DHENKANAL RTO - OR6( 07-NOV-2017 ),2,ELECTRIC(BOV),6,10,8,8,1,0,4,3,7,14,7,6,74
2021,Odisha,DHENKANAL RTO - OR6( 07-NOV-2017 ),3,NOT APPLICABLE,6,1,7,19,2,0,0,0,2,0,0,15,52
2021,Odisha,DHENKANAL RTO - OR6( 07-NOV-2017 ),4,PETROL,716,623,697,604,136,268,711,571,472,"1,010",602,473,"6,883"
2021,Odisha,DHENKANAL RTO - OR6( 07-NOV-2017 ),5,PETROL/CNG,0,0,1,1,0,1,0,0,0,0,0,0,3
2021,Odisha,DHENKANAL RTO - OR6( 07-NOV-2017 ),6,PETROL/HYBRID,4,1,0,1,0,0,0,1,0,0,0,0,7
2021,Odisha,GAJAPATI RTO - OR20( 07-NOV-2017 ),1,DIESEL,15,28,24,26,9,15,45,20,22,33,19,10,266
2021,Odisha,GAJAPATI RTO - OR20( 07-NOV-2017 ),2,ELECTRIC(BOV),0,0,0,0,0,0,0,0,0,6,3,0,9
2021,Odisha,GAJAPATI RTO - OR20( 07-NOV-2017 ),3,NOT APPLICABLE,7,8,11,13,0,7,7,10,8,6,10,3,90
2021,Odisha,GAJAPATI RTO - OR20( 07-NOV-2017 ),4,PETROL,291,349,327,326,59,479,346,321,218,388,266,151,"3,521"
2021,Odisha,GAJAPATI RTO - OR20( 07-NOV-2017 ),5,PETROL/CNG,0,0,0,0,0,0,0,0,0,0,1,0,1
2021,Odisha,GAJAPATI RTO - OR20( 07-NOV-2017 ),6,PETROL/HYBRID,3,0,1,0,0,0,0,0,2,1,1,1,9
2021,Odisha,GANJAM RTO - OR7( 04-DEC-2017 ),1,DIESEL,230,215,209,195,51,112,236,189,150,152,186,144,"2,069"
2021,Odisha,GANJAM RTO - OR7( 04-DEC-2017 ),2,ELECTRIC(BOV),16,8,18,9,0,24,32,25,37,52,47,48,316
2021,Odisha,GANJAM RTO - OR7( 04-DEC-2017 ),3,NOT APPLICABLE,4,7,14,14,1,0,12,18,14,5,11,23,123
2021,Odisha,GANJAM RTO - OR7( 04-DEC-2017 ),4,PETROL,"2,215","2,571","2,663","2,279",342,"1,529","2,735","2,011","1,786","3,031","2,429","1,853","25,444"
2021,Odisha,GANJAM RTO - OR7( 04-DEC-2017 ),5,PETROL/CNG,0,0,0,0,0,0,0,0,0,0,2,0,2
2021,Odisha,GANJAM RTO - OR7( 04-DEC-2017 ),6,PETROL/HYBRID,3,10,13,13,0,13,16,10,11,31,9,18,147
2021,Odisha,JAGATSINGHPUR RTO - OR21( 04-DEC-2017 ),1,DIESEL,42,54,78,68,20,56,62,56,49,28,64,38,615
2021,Odisha,JAGATSINGHPUR RTO - OR21( 04-DEC-2017 ),2,ELECTRIC(BOV),0,0,1,0,0,0,0,0,0,0,0,0,1
2021,Odisha,JAGATSINGHPUR RTO - OR21( 04-DEC-2017 ),3,NOT APPLICABLE,10,9,8,2,1,0,0,2,2,1,2,11,48
2021,Odisha,JAGATSINGHPUR RTO - OR21( 04-DEC-2017 ),4,PETROL,762,781,789,704,104,441,763,785,519,"1,108",893,484,"8,133"
2021,Odisha,JAGATSINGHPUR RTO - OR21( 04-DEC-2017 ),5,PETROL/CNG,0,0,0,0,0,0,0,0,0,0,1,0,1
2021,Odisha,JAGATSINGHPUR RTO - OR21( 04-DEC-2017 ),6,PETROL/HYBRID,0,1,0,1,0,0,0,0,2,1,0,1,6
2021,Odisha,JAJPUR RTO - OR34( 23-OCT-2017 ),1,CNG ONLY,0,0,0,0,0,0,0,0,1,1,0,1,3
2021,Odisha,JAJPUR RTO - OR34( 23-OCT-2017 ),2,DIESEL,109,100,139,103,22,86,123,92,85,91,92,64,"1,106"
2021,Odisha,JAJPUR RTO - OR34( 23-OCT-2017 ),3,ELECTRIC(BOV),0,0,1,12,0,0,1,12,12,40,40,65,183
2021,Odisha,JAJPUR RTO - OR34( 23-OCT-2017 ),4,NOT APPLICABLE,6,6,9,13,0,3,8,0,4,4,0,0,53
2021,Odisha,JAJPUR RTO - OR34( 23-OCT-2017 ),5,PETROL,"1,270","1,209","1,273","1,170",236,609,"1,243","1,173",861,"1,775","1,454",788,"13,061"
2021,Odisha,JAJPUR RTO - OR34( 23-OCT-2017 ),6,PETROL/CNG,0,0,1,0,0,0,0,1,0,1,0,0,3
2021,Odisha,JAJPUR RTO - OR34( 23-OCT-2017 ),7,PETROL/HYBRID,3,2,0,2,1,1,0,1,1,0,0,1,12
2021,Odisha,JHARSUGUDA RTO - OR23( 07-NOV-2017 ),1,DIESEL,157,139,131,115,62,115,142,163,132,189,203,119,"1,667"
2021,Odisha,JHARSUGUDA RTO - OR23( 07-NOV-2017 ),2,ELECTRIC(BOV),3,2,5,3,3,2,5,12,11,25,27,34,132
2021,Odisha,JHARSUGUDA RTO - OR23( 07-NOV-2017 ),3,NOT APPLICABLE,4,4,8,8,2,0,5,4,13,10,5,2,65
2021,Odisha,JHARSUGUDA RTO - OR23( 07-NOV-2017 ),4,PETROL,"1,109","1,132","1,049",802,145,551,"1,008",980,859,"1,184","1,537",736,"11,092"
2021,Odisha,JHARSUGUDA RTO - OR23( 07-NOV-2017 ),5,PETROL/HYBRID,12,13,8,10,2,6,21,10,10,24,11,6,133
2021,Odisha,KALAHANDI RTO - OR8( 23-OCT-2017 ),1,DIESEL,172,221,183,105,30,100,212,135,96,93,207,77,"1,631"
2021,Odisha,KALAHANDI RTO - OR8( 23-OCT-2017 ),2,ELECTRIC(BOV),0,0,0,0,0,0,0,0,0,0,0,3,3
2021,Odisha,KALAHANDI RTO - OR8( 23-OCT-2017 ),3,NOT APPLICABLE,16,21,48,18,1,9,11,14,7,8,12,10,175
2021,Odisha,KALAHANDI RTO - OR8( 23-OCT-2017 ),4,PETROL,"2,080","2,974","1,948","1,230",276,"1,096","1,130",883,717,"1,082","1,130",862,"15,408"
2021,Odisha,KALAHANDI RTO - OR8( 23-OCT-2017 ),5,PETROL/HYBRID,12,9,14,5,1,10,19,9,11,20,10,13,133
2021,Odisha,KENDRAPARA RTO - OR29( 23-OCT-2017 ),1,DIESEL,121,122,134,127,44,66,90,90,72,59,84,43,"1,052"
2021,Odisha,KENDRAPARA RTO - OR29( 23-OCT-2017 ),2,ELECTRIC(BOV),1,0,0,1,0,0,0,3,0,1,0,0,6
2021,Odisha,KENDRAPARA RTO - OR29( 23-OCT-2017 ),3,NOT APPLICABLE,17,11,12,11,1,1,1,4,11,11,8,25,113
2021,Odisha,KENDRAPARA RTO - OR29( 23-OCT-2017 ),4,PETROL,781,758,857,737,97,347,763,647,612,"1,080",758,502,"7,939"
2021,Odisha,KENDRAPARA RTO - OR29( 23-OCT-2017 ),5,PETROL/HYBRID,0,1,1,1,0,0,1,2,0,0,2,0,8
2021,Odisha,KEONJHAR RTO - OR9( 04-DEC-2017 ),1,DIESEL,288,264,274,220,83,165,300,235,193,219,178,129,"2,548"
2021,Odisha,KEONJHAR RTO - OR9( 04-DEC-2017 ),2,ELECTRIC(BOV),9,11,20,0,1,9,8,12,13,35,1,5,124
2021,Odisha,KEONJHAR RTO - OR9( 04-DEC-2017 ),3,NOT APPLICABLE,6,4,11,5,4,0,1,5,4,0,4,15,59
2021,Odisha,KEONJHAR RTO - OR9( 04-DEC-2017 ),4,PETROL,"1,401","1,361","1,316","1,170",242,435,"1,619","1,247",951,"1,726","1,156",818,"13,442"
2021,Odisha,KEONJHAR RTO - OR9( 04-DEC-2017 ),5,PETROL/CNG,0,0,0,0,0,0,0,1,0,0,0,0,1
2021,Odisha,KEONJHAR RTO - OR9( 04-DEC-2017 ),6,PETROL/HYBRID,0,2,2,5,0,0,3,7,3,5,0,2,29
2021,Odisha,KHORDHA ARTO - OR201( 20-JAN-2018 ),1,CNG ONLY,1,2,0,0,0,0,1,0,1,0,0,0,5
2021,Odisha,KHORDHA ARTO - OR201( 20-JAN-2018 ),2,DIESEL,115,164,167,131,6,24,60,50,57,53,63,39,929
2021,Odisha,KHORDHA ARTO - OR201( 20-JAN-2018 ),3,ELECTRIC(BOV),0,0,0,0,0,1,7,0,0,1,1,2,12
2021,Odisha,KHORDHA ARTO - OR201( 20-JAN-2018 ),4,NOT APPLICABLE,1,6,2,7,0,0,0,1,0,1,0,2,20
2021,Odisha,KHORDHA ARTO - OR201( 20-JAN-2018 ),5,PETROL,328,283,305,236,23,76,275,246,151,324,225,144,"2,616"
2021,Odisha,KHORDHA ARTO - OR201( 20-JAN-2018 ),6,PETROL/CNG,0,0,5,0,0,0,1,1,1,1,1,0,10
2021,Odisha,KHORDHA ARTO - OR201( 20-JAN-2018 ),7,PETROL/HYBRID,2,2,1,2,0,0,1,2,1,0,0,0,11
2021,Odisha,KORAPUT RTO - OR10( 25-DEC-2017 ),1,DIESEL,124,175,189,125,43,84,144,130,95,127,121,96,"1,453"
2021,Odisha,KORAPUT RTO - OR10( 25-DEC-2017 ),2,ELECTRIC(BOV),0,0,0,0,0,0,1,4,1,9,4,12,31
2021,Odisha,KORAPUT RTO - OR10( 25-DEC-2017 ),3,NOT APPLICABLE,2,10,22,19,5,2,15,12,9,15,7,12,130
2021,Odisha,KORAPUT RTO - OR10( 25-DEC-2017 ),4,PETROL,"1,434","1,849","1,639","1,309",232,"1,024","1,366","1,186","1,023","1,994","1,407",911,"15,374"
2021,Odisha,KORAPUT RTO - OR10( 25-DEC-2017 ),5,PETROL/HYBRID,9,7,13,8,5,9,11,15,11,18,11,13,130
2021,Odisha,MALKANAGIRI RTO - OR30( 25-DEC-2017 ),1,DIESEL,67,66,74,66,15,57,117,90,53,52,81,59,797
2021,Odisha,MALKANAGIRI RTO - OR30( 25-DEC-2017 ),2,ELECTRIC(BOV),0,0,0,0,0,0,0,0,0,0,4,0,4
2021,Odisha,MALKANAGIRI RTO - OR30( 25-DEC-2017 ),3,NOT APPLICABLE,3,0,5,1,2,0,1,2,4,3,5,4,30
2021,Odisha,MALKANAGIRI RTO - OR30( 25-DEC-2017 ),4,PETROL,618,623,525,484,94,369,495,372,291,483,432,263,"5,049"
2021,Odisha,MALKANAGIRI RTO - OR30( 25-DEC-2017 ),5,PETROL/HYBRID,2,1,1,1,0,4,3,4,1,3,2,2,24
2021,Odisha,MAYURBHANJ RTO - OR11( 08-NOV-2017 ),1,CNG ONLY,0,0,0,0,0,0,0,0,0,1,3,1,5
2021,Odisha,MAYURBHANJ RTO - OR11( 08-NOV-2017 ),2,DIESEL,128,113,110,66,44,93,105,88,56,80,113,71,"1,067"
2021,Odisha,MAYURBHANJ RTO - OR11( 08-NOV-2017 ),3,ELECTRIC(BOV),0,1,3,0,3,3,8,2,5,26,54,36,141
2021,Odisha,MAYURBHANJ RTO - OR11( 08-NOV-2017 ),4,NOT APPLICABLE,8,13,28,15,6,2,0,3,1,2,16,26,120
2021,Odisha,MAYURBHANJ RTO - OR11( 08-NOV-2017 ),5,PETROL,"1,630","1,086","1,200","1,001",137,709,"1,064","1,134",855,"1,739","1,147",729,"12,431"
2021,Odisha,MAYURBHANJ RTO - OR11( 08-NOV-2017 ),6,PETROL/CNG,0,0,0,0,0,0,0,0,0,0,1,2,3
2021,Odisha,MAYURBHANJ RTO - OR11( 08-NOV-2017 ),7,PETROL/HYBRID,7,4,13,5,0,4,9,8,4,8,1,6,69
2021,Odisha,NAWARANGPUR RTO - OR24( 07-NOV-2017 ),1,DIESEL,158,227,155,90,36,69,89,80,57,107,84,66,"1,218"
2021,Odisha,NAWARANGPUR RTO - OR24( 07-NOV-2017 ),2,ELECTRIC(BOV),0,0,0,1,0,0,0,1,7,7,1,7,24
2021,Odisha,NAWARANGPUR RTO - OR24( 07-NOV-2017 ),3,NOT APPLICABLE,15,24,3,26,2,8,8,6,39,55,19,10,215
2021,Odisha,NAWARANGPUR RTO - OR24( 07-NOV-2017 ),4,PETROL,"1,036","1,044",823,645,107,354,556,445,344,693,567,478,"7,092"
2021,Odisha,NAWARANGPUR RTO - OR24( 07-NOV-2017 ),5,PETROL/HYBRID,4,7,5,5,1,1,3,5,8,12,8,4,63
2021,Odisha,NAYAGARH RTO - OR25( 25-DEC-2017 ),1,DIESEL,48,44,65,44,9,19,68,26,39,33,33,34,462
2021,Odisha,NAYAGARH RTO - OR25( 25-DEC-2017 ),2,NOT APPLICABLE,3,1,9,10,0,0,10,7,9,0,8,12,69
2021,Odisha,NAYAGARH RTO - OR25( 25-DEC-2017 ),3,PETROL,639,792,858,734,165,476,786,704,554,"1,331",937,502,"8,478"
2021,Odisha,NAYAGARH RTO - OR25( 25-DEC-2017 ),4,PETROL/HYBRID,1,0,0,0,0,0,1,0,0,1,1,0,4
2021,Odisha,NUAPADA RTO - OR26( 06-NOV-2017 ),1,DIESEL,78,75,70,44,26,40,32,54,71,42,68,46,646
2021,Odisha,NUAPADA RTO - OR26( 06-NOV-2017 ),2,ELECTRIC(BOV),0,0,0,0,0,1,0,4,7,7,16,25,60
2021,Odisha,NUAPADA RTO - OR26( 06-NOV-2017 ),3,NOT APPLICABLE,4,3,1,1,0,2,0,3,0,1,3,1,19
2021,Odisha,NUAPADA RTO - OR26( 06-NOV-2017 ),4,PETROL,814,"1,041",673,347,104,436,349,298,273,305,411,307,"5,358"
2021,Odisha,NUAPADA RTO - OR26( 06-NOV-2017 ),5,PETROL/CNG,0,0,0,0,0,0,0,1,0,0,0,0,1
2021,Odisha,NUAPADA RTO - OR26( 06-NOV-2017 ),6,PETROL/HYBRID,7,10,5,4,0,4,7,7,4,13,1,2,64
2021,Odisha,PHULBANI RTO - OR12( 23-OCT-2017 ),1,DIESEL,39,51,54,41,7,8,55,39,31,57,33,25,440
2021,Odisha,PHULBANI RTO - OR12( 23-OCT-2017 ),2,NOT APPLICABLE,5,4,4,11,7,0,3,8,5,6,7,5,65
2021,Odisha,PHULBANI RTO - OR12( 23-OCT-2017 ),3,PETROL,408,465,458,423,83,466,616,483,408,689,487,338,"5,324"
2021,Odisha,PHULBANI RTO - OR12( 23-OCT-2017 ),4,PETROL/HYBRID,0,0,1,2,0,0,2,0,0,0,0,0,5
2021,Odisha,PURI RTO - OR13( 25-DEC-2017 ),1,CNG ONLY,1,1,1,1,0,0,0,0,0,0,0,0,4
2021,Odisha,PURI RTO - OR13( 25-DEC-2017 ),2,DIESEL,49,45,48,34,12,24,41,73,30,42,55,35,488
2021,Odisha,PURI RTO - OR13( 25-DEC-2017 ),3,ELECTRIC(BOV),24,24,34,13,1,1,12,38,17,14,23,29,230
2021,Odisha,PURI RTO - OR13( 25-DEC-2017 ),4,NOT APPLICABLE,7,7,6,3,0,0,4,6,4,0,3,4,44
2021,Odisha,PURI RTO - OR13( 25-DEC-2017 ),5,PETROL,"1,151","1,010","1,185",923,119,413,901,"1,053",804,"1,574","1,247",679,"11,059"
2021,Odisha,PURI RTO - OR13( 25-DEC-2017 ),6,PETROL/CNG,0,1,0,0,0,0,0,0,0,0,1,4,6
2021,Odisha,PURI RTO - OR13( 25-DEC-2017 ),7,PETROL/HYBRID,3,2,1,5,0,2,0,1,1,3,0,1,19
2021,Odisha,RAIRANGPUR ARTO - OR111( 08-NOV-2017 ),1,DIESEL,52,76,89,77,33,74,63,82,62,64,79,45,796
2021,Odisha,RAIRANGPUR ARTO - OR111( 08-NOV-2017 ),2,ELECTRIC(BOV),0,0,0,0,0,0,1,0,0,1,0,0,2
2021,Odisha,RAIRANGPUR ARTO - OR111( 08-NOV-2017 ),3,NOT APPLICABLE,19,15,29,13,11,0,0,0,2,14,16,12,131
2021,Odisha,RAIRANGPUR ARTO - OR111( 08-NOV-2017 ),4,PETROL,828,576,532,509,92,354,516,557,435,768,755,371,"6,293"
2021,Odisha,RAIRANGPUR ARTO - OR111( 08-NOV-2017 ),5,PETROL/CNG,0,0,0,0,0,0,1,0,0,1,0,0,2
2021,Odisha,RAIRANGPUR ARTO - OR111( 08-NOV-2017 ),6,PETROL/HYBRID,5,4,4,2,1,2,5,4,5,1,1,5,39
2021,Odisha,RAYGADA RTO - OR18( 25-DEC-2017 ),1,DIESEL,107,94,113,83,61,70,107,107,73,72,72,73,"1,032"
2021,Odisha,RAYGADA RTO - OR18( 25-DEC-2017 ),2,ELECTRIC(BOV),0,2,0,0,0,0,1,0,0,0,0,0,3
2021,Odisha,RAYGADA RTO - OR18( 25-DEC-2017 ),3,NOT APPLICABLE,21,13,17,13,7,8,9,12,5,9,7,13,134
2021,Odisha,RAYGADA RTO - OR18( 25-DEC-2017 ),4,PETROL,920,"1,150","1,067","1,025",172,976,"1,018",762,525,"1,238",715,585,"10,153"
2021,Odisha,RAYGADA RTO - OR18( 25-DEC-2017 ),5,PETROL/HYBRID,0,1,3,0,1,5,3,5,4,3,6,0,31
2021,Odisha,ROURKELA RTO - OR14( 25-DEC-2017 ),1,CNG ONLY,0,0,0,0,0,1,0,0,0,0,1,0,2
2021,Odisha,ROURKELA RTO - OR14( 25-DEC-2017 ),2,DIESEL,274,319,293,257,116,201,256,206,196,178,229,178,"2,703"
2021,Odisha,ROURKELA RTO - OR14( 25-DEC-2017 ),3,ELECTRIC(BOV),16,37,60,24,6,29,63,72,69,127,118,94,715
2021,Odisha,ROURKELA RTO - OR14( 25-DEC-2017 ),4,NOT APPLICABLE,1,12,12,10,3,22,13,10,0,4,50,12,149
2021,Odisha,ROURKELA RTO - OR14( 25-DEC-2017 ),5,PETROL,"1,957","1,935","1,754","1,320",136,"1,474","1,696","1,557","1,338","2,352","2,162","1,418","19,099"
2021,Odisha,ROURKELA RTO - OR14( 25-DEC-2017 ),6,PETROL/CNG,0,0,3,1,0,2,1,2,0,2,1,1,13
2021,Odisha,ROURKELA RTO - OR14( 25-DEC-2017 ),7,PETROL/HYBRID,16,23,19,19,4,16,33,30,25,65,16,20,286
2021,Odisha,ROURKELA RTO - OR14( 25-DEC-2017 ),8,PETROL/LPG,0,0,0,0,0,0,0,1,0,0,0,2,3
2021,Odisha,SAMBALPUR RTO - OR15( 04-DEC-2017 ),1,DIESEL,186,277,246,153,60,174,227,181,183,192,195,205,"2,279"
2021,Odisha,SAMBALPUR RTO - OR15( 04-DEC-2017 ),2,ELECTRIC(BOV),16,10,13,4,1,2,10,18,11,37,41,16,179
2021,Odisha,SAMBALPUR RTO - OR15( 04-DEC-2017 ),3,NOT APPLICABLE,20,12,39,15,8,0,4,17,4,3,9,38,169
2021,Odisha,SAMBALPUR RTO - OR15( 04-DEC-2017 ),4,PETROL,"1,595","1,937","1,803","1,239",285,870,"1,694","1,357","1,139","1,702","1,540","1,016","16,177"
2021,Odisha,SAMBALPUR RTO - OR15( 04-DEC-2017 ),5,PETROL/CNG,0,0,0,0,0,0,0,0,0,0,1,0,1
2021,Odisha,SAMBALPUR RTO - OR15( 04-DEC-2017 ),6,PETROL/HYBRID,13,16,19,15,3,17,14,11,18,23,15,6,170
2021,Odisha,SONEPUR RTO - OR31( 08-NOV-2017 ),1,DIESEL,99,116,106,58,27,50,105,85,48,48,61,38,841
2021,Odisha,SONEPUR RTO - OR31( 08-NOV-2017 ),2,ELECTRIC(BOV),0,0,2,0,0,0,7,7,11,18,21,17,83
2021,Odisha,SONEPUR RTO - OR31( 08-NOV-2017 ),3,NOT APPLICABLE,12,25,13,10,0,0,0,3,1,3,10,8,85
2021,Odisha,SONEPUR RTO - OR31( 08-NOV-2017 ),4,PETROL,814,"1,862","1,568","1,026",273,669,731,454,403,495,470,325,"9,090"
2021,Odisha,SONEPUR RTO - OR31( 08-NOV-2017 ),5,PETROL/HYBRID,1,3,0,5,1,1,5,1,1,5,0,2,25
2021,Odisha,SUNDERGARH RTO - OR16( 08-NOV-2017 ),1,DIESEL,95,108,109,90,58,129,157,90,97,114,105,135,"1,287"
2021,Odisha,SUNDERGARH RTO - OR16( 08-NOV-2017 ),2,ELECTRIC(BOV),0,1,4,2,1,1,4,4,3,4,8,4,36
2021,Odisha,SUNDERGARH RTO - OR16( 08-NOV-2017 ),3,NOT APPLICABLE,5,4,21,22,0,2,12,10,24,20,3,27,150
2021,Odisha,SUNDERGARH RTO - OR16( 08-NOV-2017 ),4,PETROL,849,806,733,505,49,682,672,582,565,757,994,509,"7,703"
2021,Odisha,SUNDERGARH RTO - OR16( 08-NOV-2017 ),5,PETROL/CNG,0,0,0,0,0,0,0,0,0,0,1,0,1
2021,Odisha,SUNDERGARH RTO - OR16( 08-NOV-2017 ),6,PETROL/HYBRID,7,5,8,2,0,4,5,4,6,12,3,2,58
2021,Odisha,TALCHER RTO - OR35( 25-DEC-2017 ),1,DIESEL,148,170,111,75,67,52,76,105,62,72,97,98,"1,133"
2021,Odisha,TALCHER RTO - OR35( 25-DEC-2017 ),2,ELECTRIC(BOV),0,0,0,0,0,0,0,0,0,0,1,0,1
2021,Odisha,TALCHER RTO - OR35( 25-DEC-2017 ),3,NOT APPLICABLE,1,9,2,9,0,0,2,1,5,2,3,1,35
2021,Odisha,TALCHER RTO - OR35( 25-DEC-2017 ),4,PETROL,458,460,496,395,63,326,543,506,376,940,513,324,"5,400"
2021,Odisha,TALCHER RTO - OR35( 25-DEC-2017 ),5,PETROL/HYBRID,5,0,1,2,2,1,1,2,2,4,2,2,24
2020,Odisha,ANGUL RTO - OR19( 25-DEC-2017 ),1,DIESEL,286,244,333,12,31,136,144,109,216,192,210,204,"2,117"
2020,Odisha,ANGUL RTO - OR19( 25-DEC-2017 ),2,ELECTRIC(BOV),0,2,1,0,0,3,1,1,4,0,1,2,15
2020,Odisha,ANGUL RTO - OR19( 25-DEC-2017 ),3,NOT APPLICABLE,9,43,42,1,4,13,16,13,25,21,20,1,208
2020,Odisha,ANGUL RTO - OR19( 25-DEC-2017 ),4,PETROL,"1,164","1,180","1,843",20,534,"1,266","1,073","1,020","1,179","2,303","1,666","1,069","14,317"
2020,Odisha,ANGUL RTO - OR19( 25-DEC-2017 ),5,PETROL/HYBRID,4,7,11,0,4,10,7,6,3,6,7,7,72
2020,Odisha,ARTO BARBIL - OR901( 04-DEC-2017 ),1,DIESEL,121,141,230,2,9,22,16,107,135,140,180,213,"1,316"
2020,Odisha,ARTO BARBIL - OR901( 04-DEC-2017 ),2,DIESEL/HYBRID,0,1,0,0,0,0,0,0,0,0,0,0,1
2020,Odisha,ARTO BARBIL - OR901( 04-DEC-2017 ),3,ELECTRIC(BOV),0,0,0,0,0,0,0,1,0,0,0,0,1
2020,Odisha,ARTO BARBIL - OR901( 04-DEC-2017 ),4,NOT APPLICABLE,0,0,2,2,0,0,0,0,0,0,0,1,5
2020,Odisha,ARTO BARBIL - OR901( 04-DEC-2017 ),5,PETROL,253,267,303,7,94,331,127,283,410,335,421,298,"3,129"
2020,Odisha,ARTO BARBIL - OR901( 04-DEC-2017 ),6,PETROL/HYBRID,0,0,0,0,0,0,0,1,0,0,0,1,2
2020,Odisha,BALASORE RTO - OR1( 07-NOV-2017 ),1,DIESEL,409,364,358,6,35,213,262,202,256,248,279,303,"2,935"
2020,Odisha,BALASORE RTO - OR1( 07-NOV-2017 ),2,ELECTRIC(BOV),4,2,4,0,0,2,3,2,4,3,5,3,32
2020,Odisha,BALASORE RTO - OR1( 07-NOV-2017 ),3,NOT APPLICABLE,51,42,43,0,3,26,19,27,35,7,2,8,263
2020,Odisha,BALASORE RTO - OR1( 07-NOV-2017 ),4,PETROL,"3,241","2,688","3,773",36,267,"2,398","2,519","2,083","2,542","4,066","3,110","2,483","29,206"
2020,Odisha,BALASORE RTO - OR1( 07-NOV-2017 ),5,PETROL/HYBRID,2,8,4,0,0,8,9,14,8,18,17,20,108
2020,Odisha,BARGARH RTO - OR17( 04-DEC-2017 ),1,DIESEL,294,269,364,29,80,179,245,222,223,212,209,272,"2,598"
2020,Odisha,BARGARH RTO - OR17( 04-DEC-2017 ),2,ELECTRIC(BOV),7,3,2,0,2,3,5,3,5,11,4,2,47
2020,Odisha,BARGARH RTO - OR17( 04-DEC-2017 ),3,NOT APPLICABLE,25,17,22,0,13,18,18,30,32,9,28,7,219
2020,Odisha,BARGARH RTO - OR17( 04-DEC-2017 ),4,PETROL,"2,324","2,410","4,259",633,624,"1,528","1,875","1,198","1,523","1,425","1,939","1,502","21,240"
2020,Odisha,BARGARH RTO - OR17( 04-DEC-2017 ),5,PETROL/HYBRID,6,4,12,1,4,5,5,10,11,19,6,12,95
2020,Odisha,BHADRAK RTO - OR22( 04-DEC-2017 ),1,DIESEL,211,184,196,6,3,73,107,119,131,85,111,144,"1,370"
2020,Odisha,BHADRAK RTO - OR22( 04-DEC-2017 ),2,ELECTRIC(BOV),3,7,0,0,0,0,0,0,0,0,0,0,10
2020,Odisha,BHADRAK RTO - OR22( 04-DEC-2017 ),3,NOT APPLICABLE,39,39,43,0,0,25,11,22,25,3,11,13,231
2020,Odisha,BHADRAK RTO - OR22( 04-DEC-2017 ),4,PETROL,"1,586","1,588","2,017",7,99,"1,189",960,895,"1,266","2,010","1,881","1,229","14,727"
2020,Odisha,BHADRAK RTO - OR22( 04-DEC-2017 ),5,PETROL/HYBRID,0,2,0,0,0,0,3,0,2,3,3,1,14
2020,Odisha,BHANJANAGAR RTO - OR32( 04-DEC-2017 ),1,DIESEL,63,68,53,0,7,11,4,12,53,51,40,43,405
2020,Odisha,BHANJANAGAR RTO - OR32( 04-DEC-2017 ),2,NOT APPLICABLE,6,14,7,0,1,4,0,0,16,0,0,1,49
2020,Odisha,BHANJANAGAR RTO - OR32( 04-DEC-2017 ),3,PETROL,780,970,992,1,272,593,271,681,718,903,736,524,"7,441"
2020,Odisha,BHANJANAGAR RTO - OR32( 04-DEC-2017 ),4,PETROL/HYBRID,1,0,2,0,1,1,0,0,0,2,2,0,9
2020,Odisha,BHUBANESWAR-II RTO - OR33( 23-OCT-2017 ),1,CNG ONLY,0,0,2,0,0,0,1,0,0,0,2,2,7
2020,Odisha,BHUBANESWAR-II RTO - OR33( 23-OCT-2017 ),2,DIESEL,411,400,355,27,44,92,105,138,162,137,145,155,"2,171"
2020,Odisha,BHUBANESWAR-II RTO - OR33( 23-OCT-2017 ),3,DIESEL/HYBRID,5,0,1,0,0,0,0,0,0,0,0,0,6
2020,Odisha,BHUBANESWAR-II RTO - OR33( 23-OCT-2017 ),4,ELECTRIC(BOV),13,13,18,1,4,13,5,9,15,13,17,20,141
2020,Odisha,BHUBANESWAR-II RTO - OR33( 23-OCT-2017 ),5,NOT APPLICABLE,24,17,19,0,1,7,5,6,4,2,4,3,92
2020,Odisha,BHUBANESWAR-II RTO - OR33( 23-OCT-2017 ),6,PETROL,"2,268","2,023","2,441",42,493,"1,426",910,"1,658","1,577","2,530","1,697","1,381","18,446"
2020,Odisha,BHUBANESWAR-II RTO - OR33( 23-OCT-2017 ),7,PETROL/CNG,53,44,33,17,0,2,0,2,4,2,3,2,162
2020,Odisha,BHUBANESWAR-II RTO - OR33( 23-OCT-2017 ),8,PETROL/HYBRID,8,10,13,0,6,15,11,23,9,26,7,8,136
2020,Odisha,BHUBANESWAR-II RTO - OR33( 23-OCT-2017 ),9,PETROL/LPG,0,0,1,0,0,0,0,0,0,1,0,0,2
2020,Odisha,BHUBANESWAR RTO - OR2( 22-JAN-2018 ),1,CNG ONLY,2,0,3,0,0,3,2,1,3,9,3,2,28
2020,Odisha,BHUBANESWAR RTO - OR2( 22-JAN-2018 ),2,DIESEL,821,675,835,9,71,203,212,325,465,593,701,606,"5,516"
2020,Odisha,BHUBANESWAR RTO - OR2( 22-JAN-2018 ),3,DIESEL/HYBRID,3,0,1,0,0,0,0,0,0,0,0,0,4
2020,Odisha,BHUBANESWAR RTO - OR2( 22-JAN-2018 ),4,ELECTRIC(BOV),6,2,8,0,2,10,4,10,35,18,9,26,130
2020,Odisha,BHUBANESWAR RTO - OR2( 22-JAN-2018 ),5,NOT APPLICABLE,3,4,8,0,1,11,1,4,8,2,3,11,56
2020,Odisha,BHUBANESWAR RTO - OR2( 22-JAN-2018 ),6,PETROL,"4,677","4,306","4,793",54,"1,220","3,023","2,261","3,308","3,809","6,409","6,518","5,279","45,657"
2020,Odisha,BHUBANESWAR RTO - OR2( 22-JAN-2018 ),7,PETROL/CNG,66,58,53,3,2,2,3,4,9,18,12,20,250
2020,Odisha,BHUBANESWAR RTO - OR2( 22-JAN-2018 ),8,PETROL/HYBRID,41,55,50,1,18,55,46,55,64,116,145,151,797
2020,Odisha,BHUBANESWAR RTO - OR2( 22-JAN-2018 ),9,PETROL/LPG,0,3,5,0,1,1,0,1,0,1,2,2,16
2020,Odisha,BOLANGIR RTO - OR3( 25-DEC-2017 ),1,DIESEL,274,282,481,14,8,68,174,176,168,197,184,203,"2,229"
2020,Odisha,BOLANGIR RTO - OR3( 25-DEC-2017 ),2,ELECTRIC(BOV),1,0,0,0,0,0,1,1,0,1,1,0,5
2020,Odisha,BOLANGIR RTO - OR3( 25-DEC-2017 ),3,NOT APPLICABLE,32,40,89,3,0,4,48,58,30,9,11,5,329
2020,Odisha,BOLANGIR RTO - OR3( 25-DEC-2017 ),4,PETROL,"1,894","2,750","6,600",104,453,"1,235","1,513",890,"1,216","1,457","2,244","2,101","22,457"
2020,Odisha,BOLANGIR RTO - OR3( 25-DEC-2017 ),5,PETROL/HYBRID,4,4,5,1,1,9,10,14,19,21,20,19,127
2020,Odisha,BOLANGIR RTO - OR3( 25-DEC-2017 ),6,PETROL/LPG,0,1,0,0,0,0,0,0,0,0,0,1,2
2020,Odisha,BOUDH RTO - OR27( 23-OCT-2017 ),1,DIESEL,32,60,61,5,9,36,41,25,29,72,30,43,443
2020,Odisha,BOUDH RTO - OR27( 23-OCT-2017 ),2,NOT APPLICABLE,5,13,15,0,2,10,8,1,2,8,1,13,78
2020,Odisha,BOUDH RTO - OR27( 23-OCT-2017 ),3,PETROL,457,877,970,14,134,302,324,249,268,438,354,279,"4,666"
2020,Odisha,BOUDH RTO - OR27( 23-OCT-2017 ),4,PETROL/HYBRID,1,0,2,0,0,0,2,0,0,1,1,0,7
2020,Odisha,CHANDIKHOLE RTO - OR4( 23-OCT-2017 ),1,DIESEL,172,188,269,20,8,30,98,85,106,160,176,148,"1,460"
2020,Odisha,CHANDIKHOLE RTO - OR4( 23-OCT-2017 ),2,ELECTRIC(BOV),0,0,0,0,0,0,0,0,31,0,0,0,31
2020,Odisha,CHANDIKHOLE RTO - OR4( 23-OCT-2017 ),3,NOT APPLICABLE,22,19,19,0,0,0,2,0,6,30,10,20,128
2020,Odisha,CHANDIKHOLE RTO - OR4( 23-OCT-2017 ),4,PETROL,"1,086","1,014","1,295",17,86,680,533,764,729,"1,339","1,059",695,"9,297"
2020,Odisha,CHANDIKHOLE RTO - OR4( 23-OCT-2017 ),5,PETROL/HYBRID,0,0,1,0,0,0,0,1,0,1,0,1,4
2020,Odisha,CUTTACK RTO - OR5( 31-MAY-2017 ),1,CNG ONLY,0,0,2,0,0,2,1,1,0,0,3,0,9
2020,Odisha,CUTTACK RTO - OR5( 31-MAY-2017 ),2,DIESEL,654,650,867,18,78,214,211,301,413,417,369,383,"4,575"
2020,Odisha,CUTTACK RTO - OR5( 31-MAY-2017 ),3,DIESEL/HYBRID,2,2,0,0,0,0,0,0,0,0,0,0,4
2020,Odisha,CUTTACK RTO - OR5( 31-MAY-2017 ),4,ELECTRIC(BOV),4,1,0,0,1,3,8,3,3,9,2,10,44
2020,Odisha,CUTTACK RTO - OR5( 31-MAY-2017 ),5,NOT APPLICABLE,42,24,24,0,0,23,17,33,43,33,32,7,278
2020,Odisha,CUTTACK RTO - OR5( 31-MAY-2017 ),6,PETROL,"4,075","3,752","4,462",18,"1,325","2,704","1,352","2,704","3,070","5,457","4,803","3,570","37,292"
2020,Odisha,CUTTACK RTO - OR5( 31-MAY-2017 ),7,PETROL/CNG,39,43,57,0,0,2,0,3,5,4,7,6,166
2020,Odisha,CUTTACK RTO - OR5( 31-MAY-2017 ),8,PETROL/HYBRID,11,13,19,0,6,12,8,15,15,27,21,30,177
2020,Odisha,CUTTACK RTO - OR5( 31-MAY-2017 ),9,PETROL/LPG,0,2,0,0,0,0,0,0,2,0,1,0,5
2020,Odisha,DEOGARH RTO - OR28( 23-OCT-2017 ),1,DIESEL,26,30,69,0,1,2,13,11,23,32,32,26,265
2020,Odisha,DEOGARH RTO - OR28( 23-OCT-2017 ),2,NOT APPLICABLE,4,3,6,0,0,0,5,1,5,3,0,0,27
2020,Odisha,DEOGARH RTO - OR28( 23-OCT-2017 ),3,PETROL,165,252,470,1,55,158,200,160,216,312,219,160,"2,368"
2020,Odisha,DEOGARH RTO - OR28( 23-OCT-2017 ),4,PETROL/HYBRID,0,0,0,0,0,0,0,0,2,1,0,0,3
2020,Odisha,DHENKANAL RTO - OR6( 07-NOV-2017 ),1,DIESEL,86,78,118,4,21,43,80,57,80,95,61,80,803
2020,Odisha,DHENKANAL RTO - OR6( 07-NOV-2017 ),2,ELECTRIC(BOV),0,8,2,0,0,1,6,2,2,0,3,14,38
2020,Odisha,DHENKANAL RTO - OR6( 07-NOV-2017 ),3,NOT APPLICABLE,17,14,17,2,5,2,18,5,17,7,1,6,111
2020,Odisha,DHENKANAL RTO - OR6( 07-NOV-2017 ),4,PETROL,862,857,"1,220",24,294,677,566,377,446,"1,156",902,597,"7,978"
2020,Odisha,DHENKANAL RTO - OR6( 07-NOV-2017 ),5,PETROL/HYBRID,0,1,1,0,0,0,2,0,0,0,0,1,5
2020,Odisha,GAJAPATI RTO - OR20( 07-NOV-2017 ),1,DIESEL,16,34,31,1,10,29,18,21,28,22,30,16,256
2020,Odisha,GAJAPATI RTO - OR20( 07-NOV-2017 ),2,NOT APPLICABLE,7,22,18,0,0,20,14,14,19,9,20,12,155
2020,Odisha,GAJAPATI RTO - OR20( 07-NOV-2017 ),3,PETROL,248,379,361,1,82,262,230,269,361,467,337,247,"3,244"
2020,Odisha,GAJAPATI RTO - OR20( 07-NOV-2017 ),4,PETROL/HYBRID,0,0,0,0,1,0,1,0,0,0,0,0,2
2020,Odisha,GANJAM RTO - OR7( 04-DEC-2017 ),1,DIESEL,345,300,275,10,49,105,98,172,228,286,239,225,"2,332"
2020,Odisha,GANJAM RTO - OR7( 04-DEC-2017 ),2,ELECTRIC(BOV),15,1,8,0,5,2,0,4,17,13,11,10,86
2020,Odisha,GANJAM RTO - OR7( 04-DEC-2017 ),3,NOT APPLICABLE,35,31,33,0,8,17,4,29,20,12,4,3,196
2020,Odisha,GANJAM RTO - OR7( 04-DEC-2017 ),4,PETROL,"2,364","3,268","4,212",46,"1,071","2,016","1,294","1,935","3,057","3,866","3,457","2,592","29,178"
2020,Odisha,GANJAM RTO - OR7( 04-DEC-2017 ),5,PETROL/HYBRID,3,1,5,0,2,2,3,5,12,17,19,6,75
2020,Odisha,JAGATSINGHPUR RTO - OR21( 04-DEC-2017 ),1,DIESEL,86,93,92,8,1,11,48,24,62,50,42,47,564
2020,Odisha,JAGATSINGHPUR RTO - OR21( 04-DEC-2017 ),2,NOT APPLICABLE,33,32,24,0,0,0,17,9,20,8,10,12,165
2020,Odisha,JAGATSINGHPUR RTO - OR21( 04-DEC-2017 ),3,PETROL,"1,060",994,"1,516",72,346,853,778,952,872,"1,379","1,129",952,"10,903"
2020,Odisha,JAGATSINGHPUR RTO - OR21( 04-DEC-2017 ),4,PETROL/CNG,0,0,1,0,0,0,0,0,0,0,0,0,1
2020,Odisha,JAGATSINGHPUR RTO - OR21( 04-DEC-2017 ),5,PETROL/HYBRID,0,0,0,0,0,0,0,2,0,0,0,1,3
2020,Odisha,JAJPUR RTO - OR34( 23-OCT-2017 ),1,DIESEL,181,190,155,4,8,63,87,120,121,141,127,129,"1,326"
2020,Odisha,JAJPUR RTO - OR34( 23-OCT-2017 ),2,ELECTRIC(BOV),1,4,1,0,0,0,1,3,0,0,1,0,11
2020,Odisha,JAJPUR RTO - OR34( 23-OCT-2017 ),3,METHANOL,0,1,0,0,0,0,0,0,0,0,0,0,1
2020,Odisha,JAJPUR RTO - OR34( 23-OCT-2017 ),4,NOT APPLICABLE,10,15,26,0,0,1,10,7,15,9,3,4,100
2020,Odisha,JAJPUR RTO - OR34( 23-OCT-2017 ),5,PETROL,"1,460","1,705","2,385",8,35,979,824,"1,017","1,141","1,945","1,862","1,270","14,631"
2020,Odisha,JAJPUR RTO - OR34( 23-OCT-2017 ),6,PETROL/CNG,0,0,0,0,0,0,0,1,0,0,0,0,1
2020,Odisha,JAJPUR RTO - OR34( 23-OCT-2017 ),7,PETROL/HYBRID,1,0,5,0,0,1,0,1,2,2,2,3,17
2020,Odisha,JHARSUGUDA RTO - OR23( 07-NOV-2017 ),1,DIESEL,145,298,229,3,10,49,89,74,96,98,140,151,"1,382"
2020,Odisha,JHARSUGUDA RTO - OR23( 07-NOV-2017 ),2,DIESEL/HYBRID,1,0,1,0,0,0,0,0,0,0,0,0,2
2020,Odisha,JHARSUGUDA RTO - OR23( 07-NOV-2017 ),3,ELECTRIC(BOV),2,3,2,0,3,7,2,1,0,5,5,0,30
2020,Odisha,JHARSUGUDA RTO - OR23( 07-NOV-2017 ),4,NOT APPLICABLE,11,7,6,0,0,5,6,7,6,6,1,8,63
2020,Odisha,JHARSUGUDA RTO - OR23( 07-NOV-2017 ),5,PETROL,521,"1,336","1,822",43,284,"1,009",700,"1,117",828,"1,359","1,687","1,226","11,932"
2020,Odisha,JHARSUGUDA RTO - OR23( 07-NOV-2017 ),6,PETROL/HYBRID,2,3,8,0,2,6,2,15,16,15,14,10,93
2020,Odisha,KALAHANDI RTO - OR8( 23-OCT-2017 ),1,DIESEL,280,291,229,21,58,143,181,115,130,203,178,151,"1,980"
2020,Odisha,KALAHANDI RTO - OR8( 23-OCT-2017 ),2,ELECTRIC(BOV),0,3,0,0,0,0,0,0,0,0,0,0,3
2020,Odisha,KALAHANDI RTO - OR8( 23-OCT-2017 ),3,NOT APPLICABLE,37,71,27,3,11,28,30,16,26,14,13,16,292
2020,Odisha,KALAHANDI RTO - OR8( 23-OCT-2017 ),4,PETROL,"1,571","2,322","4,652",165,457,"1,304","1,566",858,"1,288","1,340","2,011","1,847","19,381"
2020,Odisha,KALAHANDI RTO - OR8( 23-OCT-2017 ),5,PETROL/HYBRID,3,3,10,0,3,7,8,8,12,17,12,8,91
2020,Odisha,KENDRAPARA RTO - OR29( 23-OCT-2017 ),1,DIESEL,139,189,207,2,5,43,100,70,124,135,101,103,"1,218"
2020,Odisha,KENDRAPARA RTO - OR29( 23-OCT-2017 ),2,NOT APPLICABLE,31,49,26,0,0,0,3,5,10,11,12,14,161
2020,Odisha,KENDRAPARA RTO - OR29( 23-OCT-2017 ),3,PETROL,738,849,715,8,190,566,689,574,661,980,958,720,"7,648"
2020,Odisha,KENDRAPARA RTO - OR29( 23-OCT-2017 ),4,PETROL/CNG,0,0,0,0,0,0,0,0,0,1,0,0,1
2020,Odisha,KENDRAPARA RTO - OR29( 23-OCT-2017 ),5,PETROL/HYBRID,1,0,0,0,0,1,0,1,0,0,0,1,4
2020,Odisha,KEONJHAR RTO - OR9( 04-DEC-2017 ),1,DIESEL,304,308,354,6,30,140,121,213,226,292,292,347,"2,633"
2020,Odisha,KEONJHAR RTO - OR9( 04-DEC-2017 ),2,DIESEL/HYBRID,2,0,0,0,0,0,0,0,0,0,0,0,2
2020,Odisha,KEONJHAR RTO - OR9( 04-DEC-2017 ),3,ELECTRIC(BOV),3,2,6,0,1,1,3,4,2,3,6,2,33
2020,Odisha,KEONJHAR RTO - OR9( 04-DEC-2017 ),4,NOT APPLICABLE,50,44,40,1,4,37,19,29,35,17,11,5,292
2020,Odisha,KEONJHAR RTO - OR9( 04-DEC-2017 ),5,PETROL,"1,583","1,212","2,399",62,432,"1,250","1,393","1,238","1,302","2,504","1,956","1,273","16,604"
2020,Odisha,KEONJHAR RTO - OR9( 04-DEC-2017 ),6,PETROL/CNG,0,0,0,0,0,0,0,0,0,1,0,0,1
2020,Odisha,KEONJHAR RTO - OR9( 04-DEC-2017 ),7,PETROL/HYBRID,3,0,3,0,0,1,0,3,1,0,2,2,15
2020,Odisha,KHORDHA ARTO - OR201( 20-JAN-2018 ),1,DIESEL,165,192,248,3,25,45,71,65,74,69,94,102,"1,153"
2020,Odisha,KHORDHA ARTO - OR201( 20-JAN-2018 ),2,ELECTRIC(BOV),0,1,0,0,0,0,0,1,2,0,0,0,4
2020,Odisha,KHORDHA ARTO - OR201( 20-JAN-2018 ),3,NOT APPLICABLE,6,7,6,0,1,1,7,7,4,11,8,8,66
2020,Odisha,KHORDHA ARTO - OR201( 20-JAN-2018 ),4,PETROL,248,282,406,27,57,152,175,221,195,440,461,380,"3,044"
2020,Odisha,KHORDHA ARTO - OR201( 20-JAN-2018 ),5,PETROL/CNG,2,0,0,1,0,0,0,0,0,0,0,1,4
2020,Odisha,KHORDHA ARTO - OR201( 20-JAN-2018 ),6,PETROL/HYBRID,0,1,0,0,0,1,0,0,1,1,2,0,6
2020,Odisha,KORAPUT RTO - OR10( 25-DEC-2017 ),1,DIESEL,218,184,304,47,9,115,116,116,158,302,159,177,"1,905"
2020,Odisha,KORAPUT RTO - OR10( 25-DEC-2017 ),2,DIESEL/HYBRID,0,0,0,0,0,0,0,0,1,0,0,0,1
2020,Odisha,KORAPUT RTO - OR10( 25-DEC-2017 ),3,ELECTRIC(BOV),1,1,0,0,0,0,1,0,0,0,0,0,3
2020,Odisha,KORAPUT RTO - OR10( 25-DEC-2017 ),4,NOT APPLICABLE,30,12,33,0,0,18,18,15,15,39,7,6,193
2020,Odisha,KORAPUT RTO - OR10( 25-DEC-2017 ),5,PETROL,"2,313","2,134","2,968",162,698,"1,696","1,418","1,289","2,078","2,838","2,434","1,782","21,810"
2020,Odisha,KORAPUT RTO - OR10( 25-DEC-2017 ),6,PETROL/HYBRID,6,2,9,0,2,9,8,9,17,38,13,11,124
2020,Odisha,MALKANAGIRI RTO - OR30( 25-DEC-2017 ),1,DIESEL,59,106,158,2,0,19,32,47,75,119,61,124,802
2020,Odisha,MALKANAGIRI RTO - OR30( 25-DEC-2017 ),2,NOT APPLICABLE,1,1,12,1,0,0,1,0,0,3,0,0,19
2020,Odisha,MALKANAGIRI RTO - OR30( 25-DEC-2017 ),3,PETROL,337,968,"1,483",10,0,273,379,217,118,772,571,581,"5,709"
2020,Odisha,MALKANAGIRI RTO - OR30( 25-DEC-2017 ),4,PETROL/CNG,0,0,0,0,0,0,0,0,0,1,0,0,1
2020,Odisha,MALKANAGIRI RTO - OR30( 25-DEC-2017 ),5,PETROL/HYBRID,0,0,1,0,0,1,0,1,5,1,4,0,13
2020,Odisha,MAYURBHANJ RTO - OR11( 08-NOV-2017 ),1,DIESEL,175,197,286,1,46,164,156,143,112,140,136,140,"1,696"
2020,Odisha,MAYURBHANJ RTO - OR11( 08-NOV-2017 ),2,ELECTRIC(BOV),1,1,4,0,2,2,2,4,0,3,4,0,23
2020,Odisha,MAYURBHANJ RTO - OR11( 08-NOV-2017 ),3,NOT APPLICABLE,13,10,7,0,4,6,5,3,29,5,3,15,100
2020,Odisha,MAYURBHANJ RTO - OR11( 08-NOV-2017 ),4,PETROL,"1,986","1,374","1,571",4,568,"1,225","1,278","1,263","1,257","1,941","1,677","1,128","15,272"
2020,Odisha,MAYURBHANJ RTO - OR11( 08-NOV-2017 ),5,PETROL/HYBRID,5,0,3,0,0,6,2,5,4,3,6,3,37
2020,Odisha,NAWARANGPUR RTO - OR24( 07-NOV-2017 ),1,DIESEL,206,168,204,28,6,70,208,152,158,133,125,160,"1,618"
2020,Odisha,NAWARANGPUR RTO - OR24( 07-NOV-2017 ),2,NOT APPLICABLE,51,65,51,2,2,1,64,77,68,3,19,8,411
2020,Odisha,NAWARANGPUR RTO - OR24( 07-NOV-2017 ),3,PETROL,"1,399","1,262","1,955",88,37,905,495,388,668,791,900,906,"9,794"
2020,Odisha,NAWARANGPUR RTO - OR24( 07-NOV-2017 ),4,PETROL/HYBRID,4,0,0,0,0,2,1,1,4,5,3,5,25
2020,Odisha,NAYAGARH RTO - OR25( 25-DEC-2017 ),1,DIESEL,87,85,103,7,10,47,57,52,22,46,35,75,626
2020,Odisha,NAYAGARH RTO - OR25( 25-DEC-2017 ),2,NOT APPLICABLE,11,10,21,3,1,22,21,13,0,0,3,22,127
2020,Odisha,NAYAGARH RTO - OR25( 25-DEC-2017 ),3,PETROL,"1,042","1,083","1,716",10,483,864,721,612,676,"1,527","1,419",676,"10,829"
2020,Odisha,NAYAGARH RTO - OR25( 25-DEC-2017 ),4,PETROL/HYBRID,1,0,0,0,0,0,0,0,0,0,0,0,1
2020,Odisha,NAYAGARH RTO - OR25( 25-DEC-2017 ),5,PETROL/LPG,0,0,1,0,0,0,0,0,0,0,0,0,1
2020,Odisha,NUAPADA RTO - OR26( 06-NOV-2017 ),1,DIESEL,88,96,150,6,13,42,83,44,68,91,78,98,857
2020,Odisha,NUAPADA RTO - OR26( 06-NOV-2017 ),2,NOT APPLICABLE,17,12,23,1,4,7,6,4,12,4,3,5,98
2020,Odisha,NUAPADA RTO - OR26( 06-NOV-2017 ),3,PETROL,607,575,"2,178",27,74,327,618,250,343,443,757,619,"6,818"
2020,Odisha,NUAPADA RTO - OR26( 06-NOV-2017 ),4,PETROL/CNG,0,0,1,0,0,0,0,0,0,0,0,0,1
2020,Odisha,NUAPADA RTO - OR26( 06-NOV-2017 ),5,PETROL/HYBRID,1,1,1,0,0,2,5,8,6,9,3,3,39
2020,Odisha,PHULBANI RTO - OR12( 23-OCT-2017 ),1,DIESEL,54,84,90,2,5,31,30,27,67,108,66,57,621
2020,Odisha,PHULBANI RTO - OR12( 23-OCT-2017 ),2,NOT APPLICABLE,5,10,19,1,0,4,4,9,10,11,7,8,88
2020,Odisha,PHULBANI RTO - OR12( 23-OCT-2017 ),3,PETROL,476,477,766,8,229,672,364,386,608,979,630,447,"6,042"
2020,Odisha,PHULBANI RTO - OR12( 23-OCT-2017 ),4,PETROL/HYBRID,1,0,0,0,0,0,0,1,2,1,0,1,6
2020,Odisha,PURI RTO - OR13( 25-DEC-2017 ),1,DIESEL,103,74,62,1,3,30,33,55,42,70,65,55,593
2020,Odisha,PURI RTO - OR13( 25-DEC-2017 ),2,ELECTRIC(BOV),11,17,14,0,0,1,5,3,0,2,1,9,63
2020,Odisha,PURI RTO - OR13( 25-DEC-2017 ),3,NOT APPLICABLE,16,13,7,1,0,3,4,6,4,4,2,15,75
2020,Odisha,PURI RTO - OR13( 25-DEC-2017 ),4,PETROL,"1,407","1,177","1,650",28,402,851,"1,013",869,947,"1,605","1,697",991,"12,637"
2020,Odisha,PURI RTO - OR13( 25-DEC-2017 ),5,PETROL/CNG,0,2,2,2,0,0,0,0,0,0,0,0,6
2020,Odisha,PURI RTO - OR13( 25-DEC-2017 ),6,PETROL/HYBRID,1,0,2,0,0,0,0,0,1,4,1,2,11
2020,Odisha,RAIRANGPUR ARTO - OR111( 08-NOV-2017 ),1,DIESEL,78,105,83,7,13,47,26,64,75,81,102,87,768
2020,Odisha,RAIRANGPUR ARTO - OR111( 08-NOV-2017 ),2,ELECTRIC(BOV),1,0,0,0,0,0,0,0,0,0,0,0,1
2020,Odisha,RAIRANGPUR ARTO - OR111( 08-NOV-2017 ),3,NOT APPLICABLE,15,17,26,0,9,20,12,17,29,12,16,5,178
2020,Odisha,RAIRANGPUR ARTO - OR111( 08-NOV-2017 ),4,PETROL,786,606,728,2,243,585,558,519,748,828,"1,101",577,"7,281"
2020,Odisha,RAIRANGPUR ARTO - OR111( 08-NOV-2017 ),5,PETROL/HYBRID,0,2,0,0,0,1,1,2,0,1,4,2,13
2020,Odisha,RAYGADA RTO - OR18( 25-DEC-2017 ),1,DIESEL,108,132,209,3,21,43,72,56,106,116,105,119,"1,090"
2020,Odisha,RAYGADA RTO - OR18( 25-DEC-2017 ),2,ELECTRIC(BOV),2,1,0,0,0,1,0,1,0,0,2,0,7
2020,Odisha,RAYGADA RTO - OR18( 25-DEC-2017 ),3,NOT APPLICABLE,25,25,24,1,2,10,10,13,20,7,14,28,179
2020,Odisha,RAYGADA RTO - OR18( 25-DEC-2017 ),4,PETROL,678,"1,129","1,805",22,585,949,"1,037",481,"1,011","1,650","1,513",914,"11,774"
2020,Odisha,RAYGADA RTO - OR18( 25-DEC-2017 ),5,PETROL/HYBRID,3,2,2,0,0,0,3,2,3,8,1,0,24
2020,Odisha,ROURKELA RTO - OR14( 25-DEC-2017 ),1,DIESEL,346,327,479,11,38,93,116,193,230,185,336,320,"2,674"
2020,Odisha,ROURKELA RTO - OR14( 25-DEC-2017 ),2,DIESEL/HYBRID,0,0,1,0,0,0,0,0,0,0,0,0,1
2020,Odisha,ROURKELA RTO - OR14( 25-DEC-2017 ),3,ELECTRIC(BOV),0,0,1,0,0,11,5,4,6,4,54,14,99
2020,Odisha,ROURKELA RTO - OR14( 25-DEC-2017 ),4,NOT APPLICABLE,19,14,10,0,2,8,12,27,15,10,12,14,143
2020,Odisha,ROURKELA RTO - OR14( 25-DEC-2017 ),5,PETROL,"2,344","1,859","2,389",21,805,"1,708","1,361","1,828","2,265","2,315","3,440","2,884","23,219"
2020,Odisha,ROURKELA RTO - OR14( 25-DEC-2017 ),6,PETROL/CNG,4,4,12,0,0,0,0,0,1,1,1,0,23
2020,Odisha,ROURKELA RTO - OR14( 25-DEC-2017 ),7,PETROL/HYBRID,20,15,13,0,4,15,10,20,21,29,22,36,205
2020,Odisha,ROURKELA RTO - OR14( 25-DEC-2017 ),8,PETROL/LPG,1,4,4,0,0,0,0,1,0,0,0,0,10
2020,Odisha,SAMBALPUR RTO - OR15( 04-DEC-2017 ),1,DIESEL,264,306,459,22,21,134,128,159,133,199,206,143,"2,174"
2020,Odisha,SAMBALPUR RTO - OR15( 04-DEC-2017 ),2,ELECTRIC(BOV),4,0,1,0,0,0,2,1,4,1,1,7,21
2020,Odisha,SAMBALPUR RTO - OR15( 04-DEC-2017 ),3,NOT APPLICABLE,21,23,15,3,3,22,20,11,17,16,15,18,184
2020,Odisha,SAMBALPUR RTO - OR15( 04-DEC-2017 ),4,PETROL,"1,998","1,934","2,631",301,583,"1,646","1,135","1,012","1,629","2,051","2,421","1,652","18,993"
2020,Odisha,SAMBALPUR RTO - OR15( 04-DEC-2017 ),5,PETROL/HYBRID,6,8,16,1,5,5,11,9,13,19,12,18,123
2020,Odisha,SONEPUR RTO - OR31( 08-NOV-2017 ),1,DIESEL,104,109,162,6,19,97,82,63,96,158,100,93,"1,089"
2020,Odisha,SONEPUR RTO - OR31( 08-NOV-2017 ),2,DIESEL/HYBRID,0,0,1,0,0,0,0,0,0,0,0,0,1
2020,Odisha,SONEPUR RTO - OR31( 08-NOV-2017 ),3,ELECTRIC(BOV),0,0,0,0,0,0,0,1,0,0,0,0,1
2020,Odisha,SONEPUR RTO - OR31( 08-NOV-2017 ),4,NOT APPLICABLE,17,27,44,0,2,33,13,11,16,18,1,4,186
2020,Odisha,SONEPUR RTO - OR31( 08-NOV-2017 ),5,PETROL,"1,053",962,"3,179",72,394,"1,081",952,389,523,686,726,563,"10,580"
2020,Odisha,SONEPUR RTO - OR31( 08-NOV-2017 ),6,PETROL/HYBRID,1,0,0,0,0,0,2,2,2,3,1,2,13
2020,Odisha,SUNDERGARH RTO - OR16( 08-NOV-2017 ),1,DIESEL,192,259,449,4,5,112,113,100,98,105,117,108,"1,662"
2020,Odisha,SUNDERGARH RTO - OR16( 08-NOV-2017 ),2,DIESEL/HYBRID,1,0,0,0,0,0,0,0,0,0,0,0,1
2020,Odisha,SUNDERGARH RTO - OR16( 08-NOV-2017 ),3,ELECTRIC(BOV),2,0,13,0,0,1,0,2,4,0,1,0,23
2020,Odisha,SUNDERGARH RTO - OR16( 08-NOV-2017 ),4,NOT APPLICABLE,15,21,11,0,0,32,7,19,23,3,4,8,143
2020,Odisha,SUNDERGARH RTO - OR16( 08-NOV-2017 ),5,PETROL,"1,080",767,"1,601",10,4,507,877,691,750,960,926,"1,024","9,197"
2020,Odisha,SUNDERGARH RTO - OR16( 08-NOV-2017 ),6,PETROL/HYBRID,1,1,0,0,1,3,0,4,4,4,4,7,29
2020,Odisha,TALCHER RTO - OR35( 25-DEC-2017 ),1,DIESEL,178,134,270,17,8,26,37,34,50,81,78,115,"1,028"
2020,Odisha,TALCHER RTO - OR35( 25-DEC-2017 ),2,ELECTRIC(BOV),0,0,1,0,0,0,0,0,0,0,0,0,1
2020,Odisha,TALCHER RTO - OR35( 25-DEC-2017 ),3,NOT APPLICABLE,2,3,2,0,0,3,1,5,8,1,0,3,28
2020,Odisha,TALCHER RTO - OR35( 25-DEC-2017 ),4,PETROL,548,517,"1,006",13,206,427,452,456,467,"1,024",768,490,"6,374"
2020,Odisha,TALCHER RTO - OR35( 25-DEC-2017 ),5,PETROL/HYBRID,2,1,0,0,0,1,2,2,2,1,1,0,12
2019,Odisha,ANGUL RTO - OR19( 25-DEC-2017 ),1,DIESEL,318,288,304,283,282,224,245,288,280,446,302,304,"3,564"
2019,Odisha,ANGUL RTO - OR19( 25-DEC-2017 ),2,DIESEL/HYBRID,3,2,2,0,1,2,1,0,2,1,2,1,17
2019,Odisha,ANGUL RTO - OR19( 25-DEC-2017 ),3,ELECTRIC(BOV),0,2,1,6,3,2,0,2,0,0,3,0,19
2019,Odisha,ANGUL RTO - OR19( 25-DEC-2017 ),4,NOT APPLICABLE,16,33,22,17,17,15,20,12,9,32,20,37,250
2019,Odisha,ANGUL RTO - OR19( 25-DEC-2017 ),5,PETROL,"1,843","1,392","1,649","2,154","1,448","1,321","1,384","1,129","1,600","3,333","1,687","1,391","20,331"
2019,Odisha,ANGUL RTO - OR19( 25-DEC-2017 ),6,PETROL/HYBRID,1,2,3,1,2,6,3,8,5,10,8,4,53
2019,Odisha,ARTO BARBIL - OR901( 04-DEC-2017 ),1,DIESEL,127,159,160,133,229,224,235,248,145,191,114,136,"2,101"
2019,Odisha,ARTO BARBIL - OR901( 04-DEC-2017 ),2,DIESEL/HYBRID,0,0,0,0,0,1,0,0,0,0,0,0,1
2019,Odisha,ARTO BARBIL - OR901( 04-DEC-2017 ),3,ELECTRIC(BOV),1,0,0,1,1,1,0,0,0,0,0,0,4
2019,Odisha,ARTO BARBIL - OR901( 04-DEC-2017 ),4,NOT APPLICABLE,2,1,1,0,1,0,2,1,0,1,0,0,9
2019,Odisha,ARTO BARBIL - OR901( 04-DEC-2017 ),5,PETROL,296,266,283,338,355,316,407,286,429,553,462,287,"4,278"
2019,Odisha,BALASORE RTO - OR1( 07-NOV-2017 ),1,DIESEL,338,336,371,239,313,300,465,326,293,402,358,368,"4,109"
2019,Odisha,BALASORE RTO - OR1( 07-NOV-2017 ),2,DIESEL/HYBRID,8,0,6,2,5,2,0,0,1,4,2,1,31
2019,Odisha,BALASORE RTO - OR1( 07-NOV-2017 ),3,ELECTRIC(BOV),0,3,25,1,0,2,3,9,8,2,3,6,62
2019,Odisha,BALASORE RTO - OR1( 07-NOV-2017 ),4,NOT APPLICABLE,30,33,40,33,23,17,17,17,8,27,51,44,340
2019,Odisha,BALASORE RTO - OR1( 07-NOV-2017 ),5,PETROL,"3,500","2,898","4,251","3,953","3,573","3,546","3,661","2,541","3,077","6,493","3,155","2,447","43,095"
2019,Odisha,BALASORE RTO - OR1( 07-NOV-2017 ),6,PETROL/HYBRID,9,5,7,1,2,6,7,4,10,14,10,11,86
2019,Odisha,BARGARH RTO - OR17( 04-DEC-2017 ),1,DIESEL,277,330,311,238,237,236,291,287,235,261,369,313,"3,385"
2019,Odisha,BARGARH RTO - OR17( 04-DEC-2017 ),2,DIESEL/HYBRID,9,11,5,5,5,4,0,1,1,2,0,0,43
2019,Odisha,BARGARH RTO - OR17( 04-DEC-2017 ),3,ELECTRIC(BOV),5,0,4,1,0,0,2,0,0,0,3,2,17
2019,Odisha,BARGARH RTO - OR17( 04-DEC-2017 ),4,NOT APPLICABLE,24,58,26,31,24,23,31,18,14,25,53,46,373
2019,Odisha,BARGARH RTO - OR17( 04-DEC-2017 ),5,PETROL,"1,900","2,275","3,205","2,648","3,058","2,093","2,380","1,670","1,836","1,943","2,668","1,876","27,552"
2019,Odisha,BARGARH RTO - OR17( 04-DEC-2017 ),6,PETROL/HYBRID,6,6,5,5,5,3,4,3,2,6,7,4,56
2019,Odisha,BHADRAK RTO - OR22( 04-DEC-2017 ),1,DIESEL,208,186,187,120,156,144,160,142,185,186,208,182,"2,064"
2019,Odisha,BHADRAK RTO - OR22( 04-DEC-2017 ),2,DIESEL/HYBRID,0,0,2,1,0,0,0,0,0,1,1,0,5
2019,Odisha,BHADRAK RTO - OR22( 04-DEC-2017 ),3,METHANOL,0,0,0,0,0,0,0,0,0,0,1,0,1
2019,Odisha,BHADRAK RTO - OR22( 04-DEC-2017 ),4,NOT APPLICABLE,59,37,44,17,18,28,40,17,20,19,43,34,376
2019,Odisha,BHADRAK RTO - OR22( 04-DEC-2017 ),5,PETROL,"2,140","1,747","2,065","2,258","2,469","1,806","1,439","1,862","1,889","3,185","2,129","1,357","24,346"
2019,Odisha,BHADRAK RTO - OR22( 04-DEC-2017 ),6,PETROL/HYBRID,1,1,1,2,0,1,2,1,1,0,2,1,13
2019,Odisha,BHANJANAGAR RTO - OR32( 04-DEC-2017 ),1,DIESEL,68,81,80,57,66,46,68,44,46,79,85,64,784
2019,Odisha,BHANJANAGAR RTO - OR32( 04-DEC-2017 ),2,NOT APPLICABLE,23,16,14,6,15,8,9,8,6,15,16,13,149
2019,Odisha,BHANJANAGAR RTO - OR32( 04-DEC-2017 ),3,PETROL,"1,191",908,"1,306","1,545","1,763","1,052",854,695,712,"1,696",995,518,"13,235"
2019,Odisha,BHANJANAGAR RTO - OR32( 04-DEC-2017 ),4,PETROL/HYBRID,1,0,0,1,1,0,0,0,2,0,0,2,7
2019,Odisha,BHUBANESWAR-II RTO - OR33( 23-OCT-2017 ),1,DIESEL,373,305,306,334,227,301,341,342,405,672,488,466,"4,560"
2019,Odisha,BHUBANESWAR-II RTO - OR33( 23-OCT-2017 ),2,DIESEL/HYBRID,17,9,10,8,4,4,9,9,1,7,4,3,85
2019,Odisha,BHUBANESWAR-II RTO - OR33( 23-OCT-2017 ),3,ELECTRIC(BOV),34,18,13,20,3,13,13,15,8,17,18,10,182
2019,Odisha,BHUBANESWAR-II RTO - OR33( 23-OCT-2017 ),4,NOT APPLICABLE,1,15,1,24,1,6,5,13,4,18,30,23,141
2019,Odisha,BHUBANESWAR-II RTO - OR33( 23-OCT-2017 ),5,PETROL,"2,972","2,770","2,857","3,098","2,037","2,643","3,085","2,760","2,802","5,458","2,427","2,142","35,051"
2019,Odisha,BHUBANESWAR-II RTO - OR33( 23-OCT-2017 ),6,PETROL/CNG,89,76,129,116,62,75,134,101,160,140,79,66,"1,227"
2019,Odisha,BHUBANESWAR-II RTO - OR33( 23-OCT-2017 ),7,PETROL/HYBRID,17,15,14,12,14,12,12,8,15,33,13,20,185
2019,Odisha,BHUBANESWAR-II RTO - OR33( 23-OCT-2017 ),8,PETROL/LPG,0,0,1,0,0,1,0,0,0,0,0,0,2
2019,Odisha,BHUBANESWAR RTO - OR2( 22-JAN-2018 ),1,CNG ONLY,0,0,0,0,0,0,0,1,1,0,0,1,3
2019,Odisha,BHUBANESWAR RTO - OR2( 22-JAN-2018 ),2,DIESEL,780,687,822,795,519,686,771,691,595,967,748,732,"8,793"
2019,Odisha,BHUBANESWAR RTO - OR2( 22-JAN-2018 ),3,DIESEL/HYBRID,34,21,23,19,6,23,8,9,7,10,10,8,178
2019,Odisha,BHUBANESWAR RTO - OR2( 22-JAN-2018 ),4,ELECTRIC(BOV),9,7,3,11,1,9,12,13,9,13,17,6,110
2019,Odisha,BHUBANESWAR RTO - OR2( 22-JAN-2018 ),5,NOT APPLICABLE,6,12,15,15,11,5,9,5,2,9,8,9,106
2019,Odisha,BHUBANESWAR RTO - OR2( 22-JAN-2018 ),6,PETROL,"5,110","4,672","5,730","5,575","3,967","5,304","4,804","4,760","4,957","9,361","5,409","4,344","63,993"
2019,Odisha,BHUBANESWAR RTO - OR2( 22-JAN-2018 ),7,PETROL/CNG,47,92,71,70,27,93,69,85,93,91,76,67,881
2019,Odisha,BHUBANESWAR RTO - OR2( 22-JAN-2018 ),8,PETROL/HYBRID,61,35,38,49,31,42,28,46,53,67,45,44,539
2019,Odisha,BHUBANESWAR RTO - OR2( 22-JAN-2018 ),9,PETROL/LPG,6,1,1,1,1,1,3,3,2,1,2,3,25
2019,Odisha,BOLANGIR RTO - OR3( 25-DEC-2017 ),1,DIESEL,212,273,260,159,161,201,303,173,113,199,240,297,"2,591"
2019,Odisha,BOLANGIR RTO - OR3( 25-DEC-2017 ),2,DIESEL/HYBRID,1,2,6,9,0,1,1,0,0,0,0,0,20
2019,Odisha,BOLANGIR RTO - OR3( 25-DEC-2017 ),3,ELECTRIC(BOV),0,0,5,2,5,0,1,3,1,0,1,2,20
2019,Odisha,BOLANGIR RTO - OR3( 25-DEC-2017 ),4,NOT APPLICABLE,17,53,46,14,31,31,51,23,16,17,39,42,380
2019,Odisha,BOLANGIR RTO - OR3( 25-DEC-2017 ),5,PETROL,"1,938","3,026","2,255","4,633","1,953","1,835","2,357","1,733","1,383","1,149","1,866","1,906","26,034"
2019,Odisha,BOLANGIR RTO - OR3( 25-DEC-2017 ),6,PETROL/HYBRID,3,2,2,5,2,7,1,3,4,5,7,5,46
2019,Odisha,BOLANGIR RTO - OR3( 25-DEC-2017 ),7,PETROL/LPG,0,1,0,1,0,0,0,0,0,1,0,0,3
2019,Odisha,BOUDH RTO - OR27( 23-OCT-2017 ),1,DIESEL,37,39,50,36,47,22,36,22,25,61,49,32,456
2019,Odisha,BOUDH RTO - OR27( 23-OCT-2017 ),2,DIESEL/HYBRID,0,1,1,0,0,0,0,0,0,0,0,0,2
2019,Odisha,BOUDH RTO - OR27( 23-OCT-2017 ),3,NOT APPLICABLE,7,6,10,3,8,1,7,2,5,10,13,9,81
2019,Odisha,BOUDH RTO - OR27( 23-OCT-2017 ),4,PETROL,354,379,563,693,769,492,854,280,285,480,327,242,"5,718"
2019,Odisha,BOUDH RTO - OR27( 23-OCT-2017 ),5,PETROL/HYBRID,0,1,0,0,0,1,0,1,0,1,0,0,4
2019,Odisha,CHANDIKHOLE RTO - OR4( 23-OCT-2017 ),1,DIESEL,231,226,304,220,183,166,305,318,264,242,179,182,"2,820"
2019,Odisha,CHANDIKHOLE RTO - OR4( 23-OCT-2017 ),2,DIESEL/HYBRID,0,1,1,1,1,0,0,0,0,0,0,0,4
2019,Odisha,CHANDIKHOLE RTO - OR4( 23-OCT-2017 ),3,ELECTRIC(BOV),4,0,0,3,0,0,0,0,0,0,0,0,7
2019,Odisha,CHANDIKHOLE RTO - OR4( 23-OCT-2017 ),4,NOT APPLICABLE,23,15,21,9,11,12,15,13,6,19,26,21,191
2019,Odisha,CHANDIKHOLE RTO - OR4( 23-OCT-2017 ),5,PETROL,"1,032",861,"1,399","1,204",837,"1,404","1,171","1,047","1,095","2,424",920,911,"14,305"
2019,Odisha,CHANDIKHOLE RTO - OR4( 23-OCT-2017 ),6,PETROL/HYBRID,1,1,1,0,0,1,1,0,1,1,1,0,8
2019,Odisha,CHANDIKHOLE RTO - OR4( 23-OCT-2017 ),7,PETROL/LPG,1,0,0,0,0,0,0,0,0,0,0,0,1
2019,Odisha,CUTTACK RTO - OR5( 31-MAY-2017 ),1,DIESEL,555,656,737,494,470,514,570,617,537,842,611,626,"7,229"
2019,Odisha,CUTTACK RTO - OR5( 31-MAY-2017 ),2,DIESEL/HYBRID,8,3,5,4,5,3,2,5,1,1,0,1,38
2019,Odisha,CUTTACK RTO - OR5( 31-MAY-2017 ),3,ELECTRIC(BOV),3,10,3,0,2,0,6,1,1,9,2,5,42
2019,Odisha,CUTTACK RTO - OR5( 31-MAY-2017 ),4,NOT APPLICABLE,30,58,41,26,21,33,37,27,16,75,63,60,487
2019,Odisha,CUTTACK RTO - OR5( 31-MAY-2017 ),5,PETROL,"4,678","5,423","5,588","4,867","3,581","4,882","4,205","4,342","3,896","9,608","4,510","3,949","59,529"
2019,Odisha,CUTTACK RTO - OR5( 31-MAY-2017 ),6,PETROL/CNG,47,18,25,30,19,19,45,56,76,58,57,40,490
2019,Odisha,CUTTACK RTO - OR5( 31-MAY-2017 ),7,PETROL/HYBRID,14,8,14,9,7,8,11,8,9,18,11,17,134
2019,Odisha,CUTTACK RTO - OR5( 31-MAY-2017 ),8,PETROL/LPG,0,0,0,0,1,0,0,0,0,0,0,0,1
2019,Odisha,DEOGARH RTO - OR28( 23-OCT-2017 ),1,DIESEL,27,25,37,36,19,31,29,26,15,38,35,31,349
2019,Odisha,DEOGARH RTO - OR28( 23-OCT-2017 ),2,DIESEL/HYBRID,0,1,0,0,0,0,0,0,0,0,0,0,1
2019,Odisha,DEOGARH RTO - OR28( 23-OCT-2017 ),3,ELECTRIC(BOV),0,0,1,0,0,0,0,0,0,0,0,0,1
2019,Odisha,DEOGARH RTO - OR28( 23-OCT-2017 ),4,NOT APPLICABLE,2,6,4,4,3,3,6,1,2,8,6,5,50
2019,Odisha,DEOGARH RTO - OR28( 23-OCT-2017 ),5,PETROL,197,223,433,179,269,275,238,158,221,343,305,285,"3,126"
2019,Odisha,DEOGARH RTO - OR28( 23-OCT-2017 ),6,PETROL/HYBRID,0,0,1,0,0,0,0,0,1,0,0,0,2
2019,Odisha,DHENKANAL RTO - OR6( 07-NOV-2017 ),1,DIESEL,63,56,102,51,53,60,65,87,64,116,99,84,900
2019,Odisha,DHENKANAL RTO - OR6( 07-NOV-2017 ),2,DIESEL/HYBRID,1,0,0,1,1,1,0,0,0,0,0,0,4
2019,Odisha,DHENKANAL RTO - OR6( 07-NOV-2017 ),3,ELECTRIC(BOV),0,0,6,8,2,5,0,2,8,2,3,1,37
2019,Odisha,DHENKANAL RTO - OR6( 07-NOV-2017 ),4,NOT APPLICABLE,9,9,13,9,5,11,16,9,4,14,13,19,131
2019,Odisha,DHENKANAL RTO - OR6( 07-NOV-2017 ),5,PETROL,"1,129",360,"2,034","1,309","1,064","1,183",907,972,"1,037","2,081",992,842,"13,910"
2019,Odisha,DHENKANAL RTO - OR6( 07-NOV-2017 ),6,PETROL/CNG,0,0,1,0,0,0,0,0,0,0,0,0,1
2019,Odisha,DHENKANAL RTO - OR6( 07-NOV-2017 ),7,PETROL/HYBRID,1,0,0,1,0,0,1,0,1,0,0,1,5
2019,Odisha,GAJAPATI RTO - OR20( 07-NOV-2017 ),1,DIESEL,21,33,37,16,32,30,28,17,25,52,35,28,354
2019,Odisha,GAJAPATI RTO - OR20( 07-NOV-2017 ),2,NOT APPLICABLE,11,11,23,9,16,12,13,6,13,24,20,12,170
2019,Odisha,GAJAPATI RTO - OR20( 07-NOV-2017 ),3,PETROL,299,285,435,318,537,452,253,102,474,652,333,228,"4,368"
2019,Odisha,GAJAPATI RTO - OR20( 07-NOV-2017 ),4,PETROL/HYBRID,1,1,0,0,0,0,0,0,0,0,2,2,6
2019,Odisha,GANJAM RTO - OR7( 04-DEC-2017 ),1,DIESEL,271,326,358,310,283,360,308,308,330,446,388,304,"3,992"
2019,Odisha,GANJAM RTO - OR7( 04-DEC-2017 ),2,DIESEL/HYBRID,3,0,2,1,4,1,2,1,0,0,0,0,14
2019,Odisha,GANJAM RTO - OR7( 04-DEC-2017 ),3,ELECTRIC(BOV),3,5,53,2,2,0,5,0,2,2,15,17,106
2019,Odisha,GANJAM RTO - OR7( 04-DEC-2017 ),4,NOT APPLICABLE,20,45,39,31,27,19,24,29,18,36,51,41,380
2019,Odisha,GANJAM RTO - OR7( 04-DEC-2017 ),5,PETROL,"2,995","3,414","2,964","3,807","3,404","4,025","3,727","2,263","3,115","4,837","3,865","2,711","41,127"
2019,Odisha,GANJAM RTO - OR7( 04-DEC-2017 ),6,PETROL/CNG,0,0,0,0,0,0,0,1,0,0,0,1,2
2019,Odisha,GANJAM RTO - OR7( 04-DEC-2017 ),7,PETROL/HYBRID,2,1,5,3,3,1,1,4,3,5,1,4,33
2019,Odisha,GANJAM RTO - OR7( 04-DEC-2017 ),8,PETROL/LPG,0,0,0,0,0,0,1,0,0,0,0,0,1
2019,Odisha,JAGATSINGHPUR RTO - OR21( 04-DEC-2017 ),1,DIESEL,101,102,95,85,62,69,75,75,62,77,101,114,"1,018"
2019,Odisha,JAGATSINGHPUR RTO - OR21( 04-DEC-2017 ),2,DIESEL/HYBRID,0,0,0,0,1,0,0,0,0,0,0,0,1
2019,Odisha,JAGATSINGHPUR RTO - OR21( 04-DEC-2017 ),3,ELECTRIC(BOV),0,0,0,0,0,0,0,0,0,0,0,1,1
2019,Odisha,JAGATSINGHPUR RTO - OR21( 04-DEC-2017 ),4,NOT APPLICABLE,15,22,26,27,9,13,13,7,14,13,32,37,228
2019,Odisha,JAGATSINGHPUR RTO - OR21( 04-DEC-2017 ),5,PETROL,"1,339","1,337","1,414","1,272","1,098","1,685","1,350","1,135","1,155","2,258","1,244","1,477","16,764"
2019,Odisha,JAGATSINGHPUR RTO - OR21( 04-DEC-2017 ),6,PETROL/CNG,0,0,0,0,1,0,0,0,0,0,1,1,3
2019,Odisha,JAGATSINGHPUR RTO - OR21( 04-DEC-2017 ),7,PETROL/HYBRID,0,0,0,0,0,1,0,1,0,0,0,1,3
2019,Odisha,JAJPUR RTO - OR34( 23-OCT-2017 ),1,DIESEL,163,162,198,166,150,137,153,122,146,208,162,166,"1,933"
2019,Odisha,JAJPUR RTO - OR34( 23-OCT-2017 ),2,DIESEL/HYBRID,0,1,3,4,0,0,1,0,0,0,0,0,9
2019,Odisha,JAJPUR RTO - OR34( 23-OCT-2017 ),3,ELECTRIC(BOV),0,1,0,0,0,0,0,0,5,0,3,2,11
2019,Odisha,JAJPUR RTO - OR34( 23-OCT-2017 ),4,NOT APPLICABLE,16,14,25,17,18,14,11,6,3,10,18,20,172
2019,Odisha,JAJPUR RTO - OR34( 23-OCT-2017 ),5,PETROL,"1,635","1,511","2,019","2,142","1,914","1,574","1,929","1,466","2,000","2,648","2,226","1,869","22,933"
2019,Odisha,JAJPUR RTO - OR34( 23-OCT-2017 ),6,PETROL/HYBRID,1,1,1,1,0,2,1,1,1,4,3,2,18
2019,Odisha,JHARSUGUDA RTO - OR23( 07-NOV-2017 ),1,DIESEL,248,243,207,156,171,153,123,158,113,179,221,147,"2,119"
2019,Odisha,JHARSUGUDA RTO - OR23( 07-NOV-2017 ),2,DIESEL/HYBRID,3,5,5,2,5,0,0,0,0,1,1,0,22
2019,Odisha,JHARSUGUDA RTO - OR23( 07-NOV-2017 ),3,ELECTRIC(BOV),0,6,0,14,5,0,6,5,4,9,11,3,63
2019,Odisha,JHARSUGUDA RTO - OR23( 07-NOV-2017 ),4,NOT APPLICABLE,0,4,3,1,6,3,4,4,6,13,16,8,68
2019,Odisha,JHARSUGUDA RTO - OR23( 07-NOV-2017 ),5,PETROL,"1,040",966,"1,036",991,"1,182","1,038","1,068","1,417",930,"1,863","1,384","1,360","14,275"
2019,Odisha,JHARSUGUDA RTO - OR23( 07-NOV-2017 ),6,PETROL/HYBRID,3,2,3,4,10,2,4,0,4,3,3,2,40
2019,Odisha,KALAHANDI RTO - OR8( 23-OCT-2017 ),1,DIESEL,209,185,221,140,139,186,235,146,129,238,278,250,"2,356"
2019,Odisha,KALAHANDI RTO - OR8( 23-OCT-2017 ),2,DIESEL/HYBRID,5,6,5,6,1,2,0,0,3,0,0,0,28
2019,Odisha,KALAHANDI RTO - OR8( 23-OCT-2017 ),3,ELECTRIC(BOV),1,5,3,5,0,1,0,4,4,2,0,0,25
2019,Odisha,KALAHANDI RTO - OR8( 23-OCT-2017 ),4,NOT APPLICABLE,39,51,27,29,37,38,30,17,8,18,50,37,381
2019,Odisha,KALAHANDI RTO - OR8( 23-OCT-2017 ),5,PETROL,"1,422","2,272","2,233","3,278","2,259","1,504","1,297","1,013",690,"1,930","1,144","1,042","20,084"
2019,Odisha,KALAHANDI RTO - OR8( 23-OCT-2017 ),6,PETROL/HYBRID,3,8,1,6,6,2,0,2,2,5,3,2,40
2019,Odisha,KENDRAPARA RTO - OR29( 23-OCT-2017 ),1,DIESEL,202,198,187,166,155,121,154,157,183,207,192,187,"2,109"
2019,Odisha,KENDRAPARA RTO - OR29( 23-OCT-2017 ),2,ELECTRIC(BOV),1,0,0,0,0,0,0,0,0,0,0,0,1
2019,Odisha,KENDRAPARA RTO - OR29( 23-OCT-2017 ),3,NOT APPLICABLE,29,34,40,23,18,12,16,9,16,26,35,37,295
2019,Odisha,KENDRAPARA RTO - OR29( 23-OCT-2017 ),4,PETROL,816,857,853,925,769,874,851,632,851,"1,285",730,700,"10,143"
2019,Odisha,KENDRAPARA RTO - OR29( 23-OCT-2017 ),5,PETROL/CNG,0,0,0,0,0,0,0,0,0,1,0,0,1
2019,Odisha,KENDRAPARA RTO - OR29( 23-OCT-2017 ),6,PETROL/HYBRID,1,0,0,0,1,0,1,0,1,0,0,0,4
2019,Odisha,KEONJHAR RTO - OR9( 04-DEC-2017 ),1,DIESEL,235,203,235,148,308,221,281,333,316,441,361,320,"3,402"
2019,Odisha,KEONJHAR RTO - OR9( 04-DEC-2017 ),2,DIESEL/HYBRID,2,0,0,0,1,0,0,0,0,0,0,0,3
2019,Odisha,KEONJHAR RTO - OR9( 04-DEC-2017 ),3,ELECTRIC(BOV),0,5,1,8,2,0,0,0,2,11,11,0,40
2019,Odisha,KEONJHAR RTO - OR9( 04-DEC-2017 ),4,NOT APPLICABLE,30,42,33,23,41,32,31,20,16,35,58,54,415
2019,Odisha,KEONJHAR RTO - OR9( 04-DEC-2017 ),5,PETROL,"1,408","1,445","1,147","1,626","1,823","1,338","1,828","1,225","1,711","2,081","2,022","1,070","18,724"
2019,Odisha,KEONJHAR RTO - OR9( 04-DEC-2017 ),6,PETROL/CNG,0,0,0,0,0,0,0,0,0,1,0,0,1
2019,Odisha,KEONJHAR RTO - OR9( 04-DEC-2017 ),7,PETROL/HYBRID,0,0,3,0,1,1,0,2,0,1,3,0,11
2019,Odisha,KHORDHA ARTO - OR201( 20-JAN-2018 ),1,DIESEL,118,105,114,112,71,89,122,102,104,173,147,173,"1,430"
2019,Odisha,KHORDHA ARTO - OR201( 20-JAN-2018 ),2,DIESEL/HYBRID,1,1,1,0,0,0,0,0,0,0,0,0,3
2019,Odisha,KHORDHA ARTO - OR201( 20-JAN-2018 ),3,ELECTRIC(BOV),31,10,0,5,0,0,0,0,1,0,0,0,47
2019,Odisha,KHORDHA ARTO - OR201( 20-JAN-2018 ),4,NOT APPLICABLE,6,7,8,10,1,0,5,7,0,5,5,9,63
2019,Odisha,KHORDHA ARTO - OR201( 20-JAN-2018 ),5,PETROL,382,315,342,447,260,309,498,298,409,602,405,276,"4,543"
2019,Odisha,KHORDHA ARTO - OR201( 20-JAN-2018 ),6,PETROL/CNG,7,4,0,9,7,5,8,8,6,5,7,1,67
2019,Odisha,KHORDHA ARTO - OR201( 20-JAN-2018 ),7,PETROL/HYBRID,0,0,1,0,0,0,0,0,3,0,0,1,5
2019,Odisha,KHORDHA ARTO - OR201( 20-JAN-2018 ),8,PETROL/LPG,0,0,0,0,1,0,0,0,0,0,0,0,1
2019,Odisha,KORAPUT RTO - OR10( 25-DEC-2017 ),1,DIESEL,210,243,214,163,188,173,180,223,158,221,210,235,"2,418"
2019,Odisha,KORAPUT RTO - OR10( 25-DEC-2017 ),2,DIESEL/HYBRID,3,4,2,3,3,2,1,0,0,0,0,0,18
2019,Odisha,KORAPUT RTO - OR10( 25-DEC-2017 ),3,ELECTRIC(BOV),0,0,0,1,0,0,0,0,0,0,0,0,1
2019,Odisha,KORAPUT RTO - OR10( 25-DEC-2017 ),4,NOT APPLICABLE,17,21,24,16,23,12,14,11,12,8,17,18,193
2019,Odisha,KORAPUT RTO - OR10( 25-DEC-2017 ),5,PETROL,"2,187","2,476","2,042","2,708","1,891","1,518","1,650","1,212","1,926","2,607","2,771","2,229","25,217"
2019,Odisha,KORAPUT RTO - OR10( 25-DEC-2017 ),6,PETROL/HYBRID,3,5,2,5,9,3,5,3,1,2,12,8,58
2019,Odisha,MALKANAGIRI RTO - OR30( 25-DEC-2017 ),1,DIESEL,70,96,87,34,78,106,84,109,58,49,108,51,930
2019,Odisha,MALKANAGIRI RTO - OR30( 25-DEC-2017 ),2,DIESEL/HYBRID,1,1,1,1,1,2,0,0,0,0,0,0,7
2019,Odisha,MALKANAGIRI RTO - OR30( 25-DEC-2017 ),3,NOT APPLICABLE,4,14,11,2,9,5,2,4,5,0,3,2,61
2019,Odisha,MALKANAGIRI RTO - OR30( 25-DEC-2017 ),4,PETROL,458,254,"1,004",193,494,637,372,620,477,365,422,611,"5,907"
2019,Odisha,MALKANAGIRI RTO - OR30( 25-DEC-2017 ),5,PETROL/HYBRID,1,2,0,0,0,1,1,0,0,3,2,0,10
2019,Odisha,MAYURBHANJ RTO - OR11( 08-NOV-2017 ),1,DIESEL,167,151,185,142,159,136,219,135,179,231,238,201,"2,143"
2019,Odisha,MAYURBHANJ RTO - OR11( 08-NOV-2017 ),2,DIESEL/HYBRID,1,0,0,1,1,1,1,0,1,1,0,0,7
2019,Odisha,MAYURBHANJ RTO - OR11( 08-NOV-2017 ),3,ELECTRIC(BOV),0,0,0,0,0,0,0,1,3,0,2,3,9
2019,Odisha,MAYURBHANJ RTO - OR11( 08-NOV-2017 ),4,NOT APPLICABLE,36,30,11,5,5,4,12,6,6,12,20,15,162
2019,Odisha,MAYURBHANJ RTO - OR11( 08-NOV-2017 ),5,PETROL,"1,063","1,574","1,810","2,398","2,075","1,164","1,525","1,733","1,111","2,621","1,325",931,"19,330"
2019,Odisha,MAYURBHANJ RTO - OR11( 08-NOV-2017 ),6,PETROL/HYBRID,9,4,2,0,2,0,2,3,3,1,4,2,32
2019,Odisha,NAWARANGPUR RTO - OR24( 07-NOV-2017 ),1,DIESEL,164,218,173,112,136,175,106,142,75,187,172,120,"1,780"
2019,Odisha,NAWARANGPUR RTO - OR24( 07-NOV-2017 ),2,DIESEL/HYBRID,1,0,2,1,0,1,0,0,0,0,0,0,5
2019,Odisha,NAWARANGPUR RTO - OR24( 07-NOV-2017 ),3,ELECTRIC(BOV),0,0,0,0,0,0,0,0,1,0,0,1,2
2019,Odisha,NAWARANGPUR RTO - OR24( 07-NOV-2017 ),4,NOT APPLICABLE,20,55,55,21,42,26,19,30,22,15,11,30,346
2019,Odisha,NAWARANGPUR RTO - OR24( 07-NOV-2017 ),5,PETROL,842,630,"1,025",486,844,715,578,526,560,"1,087",598,659,"8,550"
2019,Odisha,NAWARANGPUR RTO - OR24( 07-NOV-2017 ),6,PETROL/HYBRID,1,1,0,0,2,1,0,0,1,0,1,2,9
2019,Odisha,NAYAGARH RTO - OR25( 25-DEC-2017 ),1,DIESEL,71,92,64,73,66,66,84,55,63,108,80,98,920
2019,Odisha,NAYAGARH RTO - OR25( 25-DEC-2017 ),2,DIESEL/HYBRID,1,0,0,0,0,0,0,0,0,0,0,0,1
2019,Odisha,NAYAGARH RTO - OR25( 25-DEC-2017 ),3,ELECTRIC(BOV),0,1,0,0,0,0,0,0,0,0,0,2,3
2019,Odisha,NAYAGARH RTO - OR25( 25-DEC-2017 ),4,NOT APPLICABLE,10,16,15,12,7,9,9,9,4,7,15,17,130
2019,Odisha,NAYAGARH RTO - OR25( 25-DEC-2017 ),5,PETROL,"1,129","1,116","1,296","1,267","1,337","1,412","1,115","1,005","1,080","2,005","1,468","1,062","15,292"
2019,Odisha,NAYAGARH RTO - OR25( 25-DEC-2017 ),6,PETROL/CNG,0,1,0,1,0,0,0,0,0,1,0,0,3
2019,Odisha,NAYAGARH RTO - OR25( 25-DEC-2017 ),7,PETROL/HYBRID,0,0,0,1,1,0,0,1,0,1,0,1,5
2019,Odisha,NAYAGARH RTO - OR25( 25-DEC-2017 ),8,PETROL/LPG,1,0,0,0,0,0,0,0,0,0,0,0,1
2019,Odisha,NUAPADA RTO - OR26( 06-NOV-2017 ),1,DIESEL,52,54,76,46,85,67,65,63,48,88,117,134,895
2019,Odisha,NUAPADA RTO - OR26( 06-NOV-2017 ),2,DIESEL/HYBRID,2,1,4,0,1,0,1,0,0,0,0,0,9
2019,Odisha,NUAPADA RTO - OR26( 06-NOV-2017 ),3,NOT APPLICABLE,10,6,14,8,7,8,7,9,9,14,26,34,152
2019,Odisha,NUAPADA RTO - OR26( 06-NOV-2017 ),4,PETROL,553,"1,069",922,551,"1,134",471,670,658,242,"1,099",604,584,"8,557"
2019,Odisha,NUAPADA RTO - OR26( 06-NOV-2017 ),5,PETROL/HYBRID,1,1,0,1,2,1,0,0,2,2,1,3,14
2019,Odisha,PHULBANI RTO - OR12( 23-OCT-2017 ),1,DIESEL,90,89,71,59,87,104,79,99,86,137,115,77,"1,093"
2019,Odisha,PHULBANI RTO - OR12( 23-OCT-2017 ),2,NOT APPLICABLE,23,15,9,12,7,9,7,26,12,19,20,18,177
2019,Odisha,PHULBANI RTO - OR12( 23-OCT-2017 ),3,PETROL,528,475,569,512,828,487,696,384,402,934,548,692,"7,055"
2019,Odisha,PHULBANI RTO - OR12( 23-OCT-2017 ),4,PETROL/HYBRID,0,0,0,0,0,2,1,0,1,0,0,0,4
2019,Odisha,PURI RTO - OR13( 25-DEC-2017 ),1,DIESEL,131,112,147,68,19,82,103,149,93,155,145,74,"1,278"
2019,Odisha,PURI RTO - OR13( 25-DEC-2017 ),2,DIESEL/HYBRID,2,3,1,2,0,0,0,0,0,0,0,0,8
2019,Odisha,PURI RTO - OR13( 25-DEC-2017 ),3,ELECTRIC(BOV),16,13,46,4,3,20,13,17,4,18,20,12,186
2019,Odisha,PURI RTO - OR13( 25-DEC-2017 ),4,NOT APPLICABLE,10,6,12,7,1,7,4,11,6,14,15,14,107
2019,Odisha,PURI RTO - OR13( 25-DEC-2017 ),5,PETROL,"1,731","1,410","1,837","1,558",264,"1,824","1,677","1,844","2,222","3,171","1,986","1,309","20,833"
2019,Odisha,PURI RTO - OR13( 25-DEC-2017 ),6,PETROL/CNG,0,2,7,20,9,12,21,29,15,10,9,1,135
2019,Odisha,PURI RTO - OR13( 25-DEC-2017 ),7,PETROL/HYBRID,0,0,0,1,0,1,2,0,2,1,1,0,8
2019,Odisha,RAIRANGPUR ARTO - OR111( 08-NOV-2017 ),1,DIESEL,80,90,87,80,91,75,83,58,73,90,73,58,938
2019,Odisha,RAIRANGPUR ARTO - OR111( 08-NOV-2017 ),2,DIESEL/HYBRID,0,2,0,1,0,0,0,0,0,0,0,0,3
2019,Odisha,RAIRANGPUR ARTO - OR111( 08-NOV-2017 ),3,ELECTRIC(BOV),1,0,0,0,0,0,0,0,0,0,0,0,1
2019,Odisha,RAIRANGPUR ARTO - OR111( 08-NOV-2017 ),4,NOT APPLICABLE,24,22,25,23,13,13,17,17,10,22,25,20,231
2019,Odisha,RAIRANGPUR ARTO - OR111( 08-NOV-2017 ),5,PETROL,482,901,856,701,621,737,742,564,709,957,798,398,"8,466"
2019,Odisha,RAIRANGPUR ARTO - OR111( 08-NOV-2017 ),6,PETROL/HYBRID,0,0,0,1,0,0,0,1,0,0,0,0,2
2019,Odisha,RAYGADA RTO - OR18( 25-DEC-2017 ),1,DIESEL,87,118,118,113,99,116,156,97,65,147,154,154,"1,424"
2019,Odisha,RAYGADA RTO - OR18( 25-DEC-2017 ),2,DIESEL/HYBRID,1,1,0,0,0,0,1,1,0,0,0,0,4
2019,Odisha,RAYGADA RTO - OR18( 25-DEC-2017 ),3,ELECTRIC(BOV),6,5,2,0,5,2,5,2,1,3,0,1,32
2019,Odisha,RAYGADA RTO - OR18( 25-DEC-2017 ),4,NOT APPLICABLE,21,22,17,25,15,15,18,16,11,29,31,31,251
2019,Odisha,RAYGADA RTO - OR18( 25-DEC-2017 ),5,PETROL,719,844,"1,448",812,"1,579","1,062","1,214",655,803,"1,832",954,715,"12,637"
2019,Odisha,RAYGADA RTO - OR18( 25-DEC-2017 ),6,PETROL/HYBRID,0,1,0,0,1,0,0,0,0,1,1,1,5
2019,Odisha,ROURKELA RTO - OR14( 25-DEC-2017 ),1,DIESEL,306,306,443,275,348,352,310,222,281,331,447,307,"3,928"
2019,Odisha,ROURKELA RTO - OR14( 25-DEC-2017 ),2,DIESEL/HYBRID,5,2,2,4,3,1,4,2,1,2,4,1,31
2019,Odisha,ROURKELA RTO - OR14( 25-DEC-2017 ),3,ELECTRIC(BOV),0,1,1,1,2,2,0,0,0,0,1,0,8
2019,Odisha,ROURKELA RTO - OR14( 25-DEC-2017 ),4,NOT APPLICABLE,8,18,24,11,13,10,9,12,19,11,25,19,179
2019,Odisha,ROURKELA RTO - OR14( 25-DEC-2017 ),5,PETROL,"2,043","2,218","2,172","2,001","1,948","1,788","1,812","1,349","2,189","2,514","2,603","3,082","25,719"
2019,Odisha,ROURKELA RTO - OR14( 25-DEC-2017 ),6,PETROL/CNG,0,0,0,5,11,5,14,13,20,14,14,23,119
2019,Odisha,ROURKELA RTO - OR14( 25-DEC-2017 ),7,PETROL/HYBRID,13,4,9,11,11,7,13,4,12,18,11,9,122
2019,Odisha,ROURKELA RTO - OR14( 25-DEC-2017 ),8,PETROL/LPG,14,7,10,4,5,4,3,1,7,5,7,5,72
2019,Odisha,SAMBALPUR RTO - OR15( 04-DEC-2017 ),1,DIESEL,30,107,605,342,223,295,264,233,259,269,335,299,"3,261"
2019,Odisha,SAMBALPUR RTO - OR15( 04-DEC-2017 ),2,DIESEL/HYBRID,0,3,12,0,2,1,2,3,3,1,2,2,31
2019,Odisha,SAMBALPUR RTO - OR15( 04-DEC-2017 ),3,ELECTRIC(BOV),0,7,3,6,6,4,5,2,2,8,9,0,52
2019,Odisha,SAMBALPUR RTO - OR15( 04-DEC-2017 ),4,NOT APPLICABLE,0,2,63,37,27,32,28,23,27,35,44,30,348
2019,Odisha,SAMBALPUR RTO - OR15( 04-DEC-2017 ),5,PETROL,101,"2,424","5,066","2,091","1,906","2,234","1,779","1,619","1,900","2,491","2,545","1,211","25,367"
2019,Odisha,SAMBALPUR RTO - OR15( 04-DEC-2017 ),6,PETROL/HYBRID,0,4,13,8,6,4,4,6,8,14,7,12,86
2019,Odisha,SONEPUR RTO - OR31( 08-NOV-2017 ),1,DIESEL,86,108,112,62,74,51,110,81,81,131,140,68,"1,104"
2019,Odisha,SONEPUR RTO - OR31( 08-NOV-2017 ),2,DIESEL/HYBRID,0,0,0,1,0,0,1,0,0,0,0,0,2
2019,Odisha,SONEPUR RTO - OR31( 08-NOV-2017 ),3,NOT APPLICABLE,28,27,26,12,25,9,18,9,9,26,30,11,230
2019,Odisha,SONEPUR RTO - OR31( 08-NOV-2017 ),4,PETROL,777,"1,173","1,946","1,015","1,828",987,"1,098",514,528,"1,068",562,630,"12,126"
2019,Odisha,SONEPUR RTO - OR31( 08-NOV-2017 ),5,PETROL/HYBRID,0,1,0,0,1,1,1,0,1,1,0,0,6
2019,Odisha,SUNDERGARH RTO - OR16( 08-NOV-2017 ),1,DIESEL,201,234,292,178,242,214,217,179,128,166,188,156,"2,395"
2019,Odisha,SUNDERGARH RTO - OR16( 08-NOV-2017 ),2,DIESEL/HYBRID,0,0,3,3,1,0,0,1,1,0,1,0,10
2019,Odisha,SUNDERGARH RTO - OR16( 08-NOV-2017 ),3,ELECTRIC(BOV),9,7,9,2,4,0,10,1,12,0,16,1,71
2019,Odisha,SUNDERGARH RTO - OR16( 08-NOV-2017 ),4,NOT APPLICABLE,14,20,19,15,22,17,20,15,9,25,24,21,221
2019,Odisha,SUNDERGARH RTO - OR16( 08-NOV-2017 ),5,PETROL,900,739,799,"1,178","1,091",500,"1,138",928,718,926,"1,239",955,"11,111"
2019,Odisha,SUNDERGARH RTO - OR16( 08-NOV-2017 ),6,PETROL/HYBRID,2,2,2,3,2,3,2,2,3,2,4,2,29
2019,Odisha,TALCHER RTO - OR35( 25-DEC-2017 ),1,DIESEL,200,153,175,154,156,117,154,178,172,183,185,146,"1,973"
2019,Odisha,TALCHER RTO - OR35( 25-DEC-2017 ),2,DIESEL/HYBRID,0,0,0,0,0,2,0,0,0,0,1,0,3
2019,Odisha,TALCHER RTO - OR35( 25-DEC-2017 ),3,NOT APPLICABLE,2,4,7,3,7,2,2,3,4,3,8,1,46
2019,Odisha,TALCHER RTO - OR35( 25-DEC-2017 ),4,PETROL,690,624,867,705,683,554,623,574,692,"1,601",576,465,"8,654"
2019,Odisha,TALCHER RTO - OR35( 25-DEC-2017 ),5,PETROL/HYBRID,2,0,1,1,1,1,0,0,1,3,1,1,12
2018,Odisha,ANGUL RTO - OR19( 25-DEC-2017 ),1,DIESEL,239,304,295,264,280,233,282,259,197,270,281,349,"3,253"
2018,Odisha,ANGUL RTO - OR19( 25-DEC-2017 ),2,DIESEL/HYBRID,4,0,1,2,0,1,1,0,2,1,0,5,17
2018,Odisha,ANGUL RTO - OR19( 25-DEC-2017 ),3,ELECTRIC(BOV),3,5,0,17,8,3,9,0,1,5,5,1,57
2018,Odisha,ANGUL RTO - OR19( 25-DEC-2017 ),4,NOT APPLICABLE,1,20,22,27,5,21,37,18,12,17,24,26,230
2018,Odisha,ANGUL RTO - OR19( 25-DEC-2017 ),5,PETROL,951,"2,332","2,020","1,561","2,359","1,404","1,984","1,458","1,282","2,076","2,319","1,694","21,440"
2018,Odisha,ANGUL RTO - OR19( 25-DEC-2017 ),6,PETROL/HYBRID,0,0,0,0,0,0,0,0,0,1,1,8,10
2018,Odisha,ARTO BARBIL - OR901( 04-DEC-2017 ),1,DIESEL,109,159,181,166,187,177,148,179,201,214,135,193,"2,049"
2018,Odisha,ARTO BARBIL - OR901( 04-DEC-2017 ),2,DIESEL/HYBRID,1,0,0,1,0,0,0,0,0,0,0,0,2
2018,Odisha,ARTO BARBIL - OR901( 04-DEC-2017 ),3,NOT APPLICABLE,0,1,1,0,0,2,0,0,0,0,0,0,4
2018,Odisha,ARTO BARBIL - OR901( 04-DEC-2017 ),4,PETROL,117,294,301,406,379,283,420,371,305,395,446,401,"4,118"
2018,Odisha,BALASORE RTO - OR1( 07-NOV-2017 ),1,DIESEL,389,309,407,425,320,318,298,278,267,381,424,296,"4,112"
2018,Odisha,BALASORE RTO - OR1( 07-NOV-2017 ),2,DIESEL/HYBRID,1,5,2,2,4,4,4,8,5,7,5,3,50
2018,Odisha,BALASORE RTO - OR1( 07-NOV-2017 ),3,NOT APPLICABLE,36,32,55,67,36,25,15,15,17,17,26,36,377
2018,Odisha,BALASORE RTO - OR1( 07-NOV-2017 ),4,PETROL,"5,689","3,607","4,066","5,355","4,701","3,902","3,635","3,014","2,439","4,821","5,723","2,905","49,857"
2018,Odisha,BALASORE RTO - OR1( 07-NOV-2017 ),5,PETROL/CNG,1,0,1,0,0,0,1,0,0,0,0,0,3
2018,Odisha,BALASORE RTO - OR1( 07-NOV-2017 ),6,PETROL/HYBRID,0,0,0,0,0,0,0,0,1,2,6,7,16
2018,Odisha,BALASORE RTO - OR1( 07-NOV-2017 ),7,PETROL/LPG,2,0,1,1,0,0,0,0,0,0,0,0,4
2018,Odisha,BARGARH RTO - OR17( 04-DEC-2017 ),1,DIESEL,218,247,241,197,268,188,243,201,191,245,320,244,"2,803"
2018,Odisha,BARGARH RTO - OR17( 04-DEC-2017 ),2,DIESEL/HYBRID,4,3,2,2,1,7,3,4,4,1,3,6,40
2018,Odisha,BARGARH RTO - OR17( 04-DEC-2017 ),3,ELECTRIC(BOV),1,0,0,0,0,0,0,0,1,0,0,5,7
2018,Odisha,BARGARH RTO - OR17( 04-DEC-2017 ),4,NOT APPLICABLE,31,29,24,35,17,30,43,17,18,29,33,34,340
2018,Odisha,BARGARH RTO - OR17( 04-DEC-2017 ),5,PETROL,"1,818","2,605","3,026","2,829","2,822","2,193","2,363","1,683","1,877","2,972","2,587","1,829","28,604"
2018,Odisha,BARGARH RTO - OR17( 04-DEC-2017 ),6,PETROL/HYBRID,0,0,0,0,0,0,0,0,0,0,0,5,5
2018,Odisha,BARGARH RTO - OR17( 04-DEC-2017 ),7,PETROL/LPG,3,2,0,1,2,0,0,0,0,0,0,0,8
2018,Odisha,BHADRAK RTO - OR22( 04-DEC-2017 ),1,DIESEL,220,234,218,239,196,183,182,115,130,181,203,216,"2,317"
2018,Odisha,BHADRAK RTO - OR22( 04-DEC-2017 ),2,DIESEL/HYBRID,0,1,0,0,0,2,2,0,4,0,1,1,11
2018,Odisha,BHADRAK RTO - OR22( 04-DEC-2017 ),3,NOT APPLICABLE,36,53,46,62,61,47,38,23,25,19,39,54,503
2018,Odisha,BHADRAK RTO - OR22( 04-DEC-2017 ),4,PETROL,820,"1,793","2,092","3,353","3,145","2,043","2,855","2,337","1,006","2,197","2,701","1,972","26,314"
2018,Odisha,BHADRAK RTO - OR22( 04-DEC-2017 ),5,PETROL/CNG,0,0,0,0,0,0,0,0,0,0,0,1,1
2018,Odisha,BHADRAK RTO - OR22( 04-DEC-2017 ),6,PETROL/HYBRID,0,0,0,0,0,0,0,0,0,0,0,1,1
2018,Odisha,BHANJANAGAR RTO - OR32( 04-DEC-2017 ),1,DIESEL,46,63,75,83,55,60,55,60,51,78,77,52,755
2018,Odisha,BHANJANAGAR RTO - OR32( 04-DEC-2017 ),2,DIESEL/HYBRID,0,0,0,0,0,1,0,0,0,0,0,0,1
2018,Odisha,BHANJANAGAR RTO - OR32( 04-DEC-2017 ),3,ELECTRIC(BOV),1,0,0,1,0,0,1,1,0,1,0,0,5
2018,Odisha,BHANJANAGAR RTO - OR32( 04-DEC-2017 ),4,NOT APPLICABLE,5,32,22,26,10,18,15,19,9,23,9,11,199
2018,Odisha,BHANJANAGAR RTO - OR32( 04-DEC-2017 ),5,PETROL,764,577,944,"1,306","1,108","1,242",607,781,789,607,"1,236",775,"10,736"
2018,Odisha,BHUBANESWAR-II RTO - OR33( 23-OCT-2017 ),1,CNG ONLY,6,9,6,2,0,0,0,0,0,0,0,0,23
2018,Odisha,BHUBANESWAR-II RTO - OR33( 23-OCT-2017 ),2,DIESEL,377,308,355,366,277,244,300,273,246,410,440,325,"3,921"
2018,Odisha,BHUBANESWAR-II RTO - OR33( 23-OCT-2017 ),3,DIESEL/HYBRID,17,24,19,16,17,12,6,10,12,11,12,11,167
2018,Odisha,BHUBANESWAR-II RTO - OR33( 23-OCT-2017 ),4,ELECTRIC(BOV),25,11,10,18,9,17,4,13,28,37,43,36,251
2018,Odisha,BHUBANESWAR-II RTO - OR33( 23-OCT-2017 ),5,NOT APPLICABLE,20,12,12,18,7,9,6,11,13,10,7,5,130
2018,Odisha,BHUBANESWAR-II RTO - OR33( 23-OCT-2017 ),6,PETROL,"3,125","3,589","3,900","4,458","3,348","3,128","3,209","2,902","2,730","3,407","5,105","2,736","41,637"
2018,Odisha,BHUBANESWAR-II RTO - OR33( 23-OCT-2017 ),7,PETROL/CNG,29,44,55,61,57,67,94,104,117,143,141,106,"1,018"
2018,Odisha,BHUBANESWAR-II RTO - OR33( 23-OCT-2017 ),8,PETROL/HYBRID,0,0,0,0,0,0,0,0,5,12,17,16,50
2018,Odisha,BHUBANESWAR-II RTO - OR33( 23-OCT-2017 ),9,PETROL/LPG,4,2,3,2,1,1,1,0,0,1,1,0,16
2018,Odisha,BHUBANESWAR RTO - OR2( 22-JAN-2018 ),1,CNG ONLY,11,6,3,3,0,0,0,0,1,0,0,0,24
2018,Odisha,BHUBANESWAR RTO - OR2( 22-JAN-2018 ),2,DIESEL,786,808,841,973,748,809,754,889,746,914,825,768,"9,861"
2018,Odisha,BHUBANESWAR RTO - OR2( 22-JAN-2018 ),3,DIESEL/HYBRID,5,37,46,54,38,45,29,33,32,43,30,33,425
2018,Odisha,BHUBANESWAR RTO - OR2( 22-JAN-2018 ),4,ELECTRIC(BOV),0,4,13,6,5,18,9,6,6,1,20,11,99
2018,Odisha,BHUBANESWAR RTO - OR2( 22-JAN-2018 ),5,LPG ONLY,3,0,1,1,0,0,0,0,0,0,0,0,5
2018,Odisha,BHUBANESWAR RTO - OR2( 22-JAN-2018 ),6,NOT APPLICABLE,553,1,5,8,7,12,6,7,5,8,10,9,631
2018,Odisha,BHUBANESWAR RTO - OR2( 22-JAN-2018 ),7,PETROL,"4,790","5,091","6,472","7,372","6,031","6,052","5,433","5,540","5,055","7,693","7,345","4,710","71,584"
2018,Odisha,BHUBANESWAR RTO - OR2( 22-JAN-2018 ),8,PETROL/CNG,13,7,30,42,37,41,33,30,38,53,71,53,448
2018,Odisha,BHUBANESWAR RTO - OR2( 22-JAN-2018 ),9,PETROL/HYBRID,0,0,0,1,1,0,0,2,20,22,21,34,101
2018,Odisha,BHUBANESWAR RTO - OR2( 22-JAN-2018 ),10,PETROL/LPG,4,4,3,16,10,4,1,7,6,5,4,4,68
2018,Odisha,BOLANGIR RTO - OR3( 25-DEC-2017 ),1,DIESEL,58,304,289,223,73,226,241,197,149,223,263,291,"2,537"
2018,Odisha,BOLANGIR RTO - OR3( 25-DEC-2017 ),2,DIESEL/HYBRID,0,4,2,3,0,3,0,2,2,1,5,2,24
2018,Odisha,BOLANGIR RTO - OR3( 25-DEC-2017 ),3,ELECTRIC(BOV),0,2,0,0,0,0,1,7,4,13,9,6,42
2018,Odisha,BOLANGIR RTO - OR3( 25-DEC-2017 ),4,NOT APPLICABLE,10,51,76,51,4,63,35,26,23,38,55,67,499
2018,Odisha,BOLANGIR RTO - OR3( 25-DEC-2017 ),5,PETROL,453,"2,369","3,600","3,047",328,"4,576","2,556","1,584","1,233","1,637","2,544","2,199","26,126"
2018,Odisha,BOLANGIR RTO - OR3( 25-DEC-2017 ),6,PETROL/HYBRID,0,0,0,0,0,0,0,0,1,1,1,1,4
2018,Odisha,BOLANGIR RTO - OR3( 25-DEC-2017 ),7,PETROL/LPG,0,0,0,0,0,0,0,0,0,0,0,1,1
2018,Odisha,BOUDH RTO - OR27( 23-OCT-2017 ),1,DIESEL,30,40,78,39,31,31,36,26,20,29,40,41,441
2018,Odisha,BOUDH RTO - OR27( 23-OCT-2017 ),2,DIESEL/HYBRID,0,0,1,0,0,0,0,0,0,0,0,0,1
2018,Odisha,BOUDH RTO - OR27( 23-OCT-2017 ),3,NOT APPLICABLE,12,7,17,16,9,9,8,3,5,7,9,3,105
2018,Odisha,BOUDH RTO - OR27( 23-OCT-2017 ),4,PETROL,581,436,915,417,192,596,527,302,223,280,435,245,"5,149"
2018,Odisha,CHANDIKHOLE RTO - OR4( 23-OCT-2017 ),1,CNG ONLY,0,0,0,0,1,0,0,0,0,0,0,0,1
2018,Odisha,CHANDIKHOLE RTO - OR4( 23-OCT-2017 ),2,DIESEL,289,284,356,278,235,227,253,238,232,333,297,213,"3,235"
2018,Odisha,CHANDIKHOLE RTO - OR4( 23-OCT-2017 ),3,DIESEL/HYBRID,1,1,3,0,0,2,2,1,0,1,1,3,15
2018,Odisha,CHANDIKHOLE RTO - OR4( 23-OCT-2017 ),4,ELECTRIC(BOV),0,1,0,0,0,0,0,0,1,3,0,0,5
2018,Odisha,CHANDIKHOLE RTO - OR4( 23-OCT-2017 ),5,NOT APPLICABLE,26,43,45,24,33,24,21,21,16,23,25,26,327
2018,Odisha,CHANDIKHOLE RTO - OR4( 23-OCT-2017 ),6,PETROL,950,"1,372","1,081","1,624",848,"1,036","1,130",861,"1,154","1,669","1,246",799,"13,770"
2018,Odisha,CHANDIKHOLE RTO - OR4( 23-OCT-2017 ),7,PETROL/LPG,2,0,0,0,0,0,0,0,0,0,0,0,2
2018,Odisha,CUTTACK RTO - OR5( 31-MAY-2017 ),1,CNG ONLY,1,0,1,1,0,0,0,0,0,0,0,0,3
2018,Odisha,CUTTACK RTO - OR5( 31-MAY-2017 ),2,DIESEL,521,468,633,700,520,487,513,532,413,749,665,599,"6,800"
2018,Odisha,CUTTACK RTO - OR5( 31-MAY-2017 ),3,DIESEL/HYBRID,14,15,13,12,9,8,11,7,6,9,11,8,123
2018,Odisha,CUTTACK RTO - OR5( 31-MAY-2017 ),4,ELECTRIC(BOV),0,0,0,0,0,0,0,0,1,2,2,1,6
2018,Odisha,CUTTACK RTO - OR5( 31-MAY-2017 ),5,NOT APPLICABLE,23,38,42,42,41,46,39,29,15,31,41,47,434
2018,Odisha,CUTTACK RTO - OR5( 31-MAY-2017 ),6,PETROL,"4,511","4,308","5,950","7,032","5,661","5,978","4,760","4,562","4,092","8,611","7,648","4,115","67,228"
2018,Odisha,CUTTACK RTO - OR5( 31-MAY-2017 ),7,PETROL/CNG,1,2,5,10,9,22,33,23,16,35,25,24,205
2018,Odisha,CUTTACK RTO - OR5( 31-MAY-2017 ),8,PETROL/HYBRID,0,0,0,0,0,0,0,0,5,9,9,16,39
2018,Odisha,CUTTACK RTO - OR5( 31-MAY-2017 ),9,PETROL/LPG,7,6,4,1,1,1,2,6,0,0,1,0,29
2018,Odisha,DEOGARH RTO - OR28( 23-OCT-2017 ),1,DIESEL,12,27,34,30,41,36,27,31,20,21,21,38,338
2018,Odisha,DEOGARH RTO - OR28( 23-OCT-2017 ),2,DIESEL/HYBRID,0,0,1,0,1,0,0,1,0,1,1,1,6
2018,Odisha,DEOGARH RTO - OR28( 23-OCT-2017 ),3,ELECTRIC(BOV),0,0,0,0,0,0,0,0,2,6,0,0,8
2018,Odisha,DEOGARH RTO - OR28( 23-OCT-2017 ),4,NOT APPLICABLE,1,4,8,1,3,11,5,6,6,2,0,3,50
2018,Odisha,DEOGARH RTO - OR28( 23-OCT-2017 ),5,PETROL,139,133,323,164,269,210,95,154,157,61,316,256,"2,277"
2018,Odisha,DEOGARH RTO - OR28( 23-OCT-2017 ),6,PETROL/HYBRID,0,0,0,0,0,0,0,0,0,0,0,1,1
2018,Odisha,DHENKANAL RTO - OR6( 07-NOV-2017 ),1,DIESEL,102,89,102,102,66,58,72,78,52,111,102,79,"1,013"
2018,Odisha,DHENKANAL RTO - OR6( 07-NOV-2017 ),2,DIESEL/HYBRID,1,0,0,0,0,0,0,0,0,2,1,0,4
2018,Odisha,DHENKANAL RTO - OR6( 07-NOV-2017 ),3,ELECTRIC(BOV),1,0,0,0,0,0,0,0,1,0,0,0,2
2018,Odisha,DHENKANAL RTO - OR6( 07-NOV-2017 ),4,NOT APPLICABLE,17,13,10,16,10,10,14,18,6,14,5,12,145
2018,Odisha,DHENKANAL RTO - OR6( 07-NOV-2017 ),5,PETROL,"1,035","1,610","1,577","1,422","1,330","1,284","1,120","1,039",979,"1,615","1,661",737,"15,409"
2018,Odisha,DHENKANAL RTO - OR6( 07-NOV-2017 ),6,PETROL/CNG,0,0,0,0,0,0,0,1,0,0,0,0,1
2018,Odisha,DHENKANAL RTO - OR6( 07-NOV-2017 ),7,PETROL/HYBRID,0,0,0,0,0,0,0,0,0,0,1,2,3
2018,Odisha,GAJAPATI RTO - OR20( 07-NOV-2017 ),1,DIESEL,31,30,32,34,25,27,25,29,23,14,35,16,321
2018,Odisha,GAJAPATI RTO - OR20( 07-NOV-2017 ),2,DIESEL/HYBRID,1,0,2,1,0,0,0,1,0,0,1,0,6
2018,Odisha,GAJAPATI RTO - OR20( 07-NOV-2017 ),3,NOT APPLICABLE,10,11,17,11,11,16,15,8,11,3,9,6,128
2018,Odisha,GAJAPATI RTO - OR20( 07-NOV-2017 ),4,PETROL,232,273,254,502,392,285,302,258,196,203,287,280,"3,464"
2018,Odisha,GANJAM RTO - OR7( 04-DEC-2017 ),1,DIESEL,373,346,390,349,327,345,290,322,315,315,372,288,"4,032"
2018,Odisha,GANJAM RTO - OR7( 04-DEC-2017 ),2,DIESEL/HYBRID,2,2,1,0,0,2,1,0,3,1,3,2,17
2018,Odisha,GANJAM RTO - OR7( 04-DEC-2017 ),3,ELECTRIC(BOV),0,0,11,10,7,4,8,4,10,8,2,11,75
2018,Odisha,GANJAM RTO - OR7( 04-DEC-2017 ),4,NOT APPLICABLE,43,45,57,49,34,44,21,30,45,21,28,38,455
2018,Odisha,GANJAM RTO - OR7( 04-DEC-2017 ),5,PETROL,"2,260","3,073","4,000","3,660","5,073","4,165","3,166","2,833","2,415","3,252","2,853","3,951","40,701"
2018,Odisha,GANJAM RTO - OR7( 04-DEC-2017 ),6,PETROL/HYBRID,0,0,0,0,0,0,0,0,0,0,0,2,2
2018,Odisha,GANJAM RTO - OR7( 04-DEC-2017 ),7,PETROL/LPG,0,1,0,0,0,0,1,0,1,1,0,2,6
2018,Odisha,JAGATSINGHPUR RTO - OR21( 04-DEC-2017 ),1,DIESEL,114,117,113,139,115,108,111,91,83,107,126,110,"1,334"
2018,Odisha,JAGATSINGHPUR RTO - OR21( 04-DEC-2017 ),2,DIESEL/HYBRID,0,0,1,0,1,0,0,0,0,0,0,0,2
2018,Odisha,JAGATSINGHPUR RTO - OR21( 04-DEC-2017 ),3,ELECTRIC(BOV),0,0,0,0,0,0,0,0,0,0,0,1,1
2018,Odisha,JAGATSINGHPUR RTO - OR21( 04-DEC-2017 ),4,NOT APPLICABLE,13,21,17,32,26,18,20,9,15,13,30,27,241
2018,Odisha,JAGATSINGHPUR RTO - OR21( 04-DEC-2017 ),5,PETROL,"1,331","1,640","1,658","2,319","1,612","1,918","1,411","1,235","1,130","1,927","2,036","1,264","19,481"
2018,Odisha,JAGATSINGHPUR RTO - OR21( 04-DEC-2017 ),6,PETROL/CNG,0,0,0,0,0,0,0,0,0,1,1,0,2
2018,Odisha,JAGATSINGHPUR RTO - OR21( 04-DEC-2017 ),7,PETROL/HYBRID,0,0,0,0,0,0,0,0,1,1,1,0,3
2018,Odisha,JAGATSINGHPUR RTO - OR21( 04-DEC-2017 ),8,PETROL/LPG,0,0,0,1,0,1,0,0,0,0,0,0,2
2018,Odisha,JAJPUR RTO - OR34( 23-OCT-2017 ),1,DIESEL,191,125,144,143,123,94,149,151,145,167,148,157,"1,737"
2018,Odisha,JAJPUR RTO - OR34( 23-OCT-2017 ),2,DIESEL/HYBRID,0,1,2,0,0,0,0,0,0,4,1,2,10
2018,Odisha,JAJPUR RTO - OR34( 23-OCT-2017 ),3,NOT APPLICABLE,32,8,19,18,11,11,15,14,13,14,8,17,180
2018,Odisha,JAJPUR RTO - OR34( 23-OCT-2017 ),4,PETROL,"2,380","1,687","2,580","2,974","2,099","2,287","2,692","1,812","1,536","2,147","2,014","2,587","26,795"
2018,Odisha,JAJPUR RTO - OR34( 23-OCT-2017 ),5,PETROL/HYBRID,0,0,0,0,0,0,0,0,0,0,1,0,1
2018,Odisha,JHARSUGUDA RTO - OR23( 07-NOV-2017 ),1,DIESEL,187,114,205,231,169,170,128,160,106,180,209,230,"2,089"
2018,Odisha,JHARSUGUDA RTO - OR23( 07-NOV-2017 ),2,DIESEL/HYBRID,8,1,4,5,1,2,1,5,1,4,1,6,39
2018,Odisha,JHARSUGUDA RTO - OR23( 07-NOV-2017 ),3,ELECTRIC(BOV),0,0,6,13,6,4,10,18,10,28,13,3,111
2018,Odisha,JHARSUGUDA RTO - OR23( 07-NOV-2017 ),4,NOT APPLICABLE,2,1,4,5,3,4,1,0,2,3,2,1,28
2018,Odisha,JHARSUGUDA RTO - OR23( 07-NOV-2017 ),5,PETROL,"1,378",763,"1,258","1,629",984,995,"1,001","1,017",559,"1,230","1,600",915,"13,329"
2018,Odisha,JHARSUGUDA RTO - OR23( 07-NOV-2017 ),6,PETROL/HYBRID,0,0,0,0,0,0,0,0,0,1,1,4,6
2018,Odisha,JHARSUGUDA RTO - OR23( 07-NOV-2017 ),7,PETROL/LPG,1,0,0,0,0,0,0,0,0,0,0,0,1
2018,Odisha,KALAHANDI RTO - OR8( 23-OCT-2017 ),1,DIESEL,210,232,189,205,178,161,151,132,92,127,232,166,"2,075"
2018,Odisha,KALAHANDI RTO - OR8( 23-OCT-2017 ),2,DIESEL/HYBRID,2,2,5,4,2,1,2,2,0,1,2,4,27
2018,Odisha,KALAHANDI RTO - OR8( 23-OCT-2017 ),3,ELECTRIC(BOV),14,8,21,2,19,10,6,8,9,2,9,4,112
2018,Odisha,KALAHANDI RTO - OR8( 23-OCT-2017 ),4,NOT APPLICABLE,46,49,37,41,47,35,35,24,22,17,33,33,419
2018,Odisha,KALAHANDI RTO - OR8( 23-OCT-2017 ),5,PETROL,"1,027","2,325","3,638","2,081","2,959","2,169","1,306","1,145","1,049",814,"1,419","1,370","21,302"
2018,Odisha,KENDRAPARA RTO - OR29( 23-OCT-2017 ),1,DIESEL,172,209,230,187,183,148,180,168,173,222,195,199,"2,266"
2018,Odisha,KENDRAPARA RTO - OR29( 23-OCT-2017 ),2,DIESEL/HYBRID,0,0,1,1,1,0,0,0,1,0,0,0,4
2018,Odisha,KENDRAPARA RTO - OR29( 23-OCT-2017 ),3,ELECTRIC(BOV),0,0,0,0,0,0,0,0,1,0,0,0,1
2018,Odisha,KENDRAPARA RTO - OR29( 23-OCT-2017 ),4,NOT APPLICABLE,34,38,34,36,35,20,12,25,10,18,31,39,332
2018,Odisha,KENDRAPARA RTO - OR29( 23-OCT-2017 ),5,PETROL,818,649,"1,235","1,424","1,065",846,805,717,657,967,948,728,"10,859"
2018,Odisha,KENDRAPARA RTO - OR29( 23-OCT-2017 ),6,PETROL/CNG,1,0,0,0,0,1,0,0,0,0,0,0,2
2018,Odisha,KENDRAPARA RTO - OR29( 23-OCT-2017 ),7,PETROL/HYBRID,0,0,0,0,0,0,0,0,1,0,0,0,1
2018,Odisha,KENDRAPARA RTO - OR29( 23-OCT-2017 ),8,PETROL/LPG,1,0,0,0,0,0,0,0,0,0,0,0,1
2018,Odisha,KEONJHAR RTO - OR9( 04-DEC-2017 ),1,DIESEL,210,283,305,257,276,194,265,269,239,314,278,292,"3,182"
2018,Odisha,KEONJHAR RTO - OR9( 04-DEC-2017 ),2,DIESEL/HYBRID,2,1,1,0,0,2,2,0,1,0,2,1,12
2018,Odisha,KEONJHAR RTO - OR9( 04-DEC-2017 ),3,ELECTRIC(BOV),37,20,8,8,3,1,4,5,1,0,2,0,89
2018,Odisha,KEONJHAR RTO - OR9( 04-DEC-2017 ),4,NOT APPLICABLE,12,42,39,50,39,28,41,33,28,35,37,43,427
2018,Odisha,KEONJHAR RTO - OR9( 04-DEC-2017 ),5,PETROL,766,"1,055","2,242","1,484",665,"1,852","2,237","1,583",998,998,"1,435","1,645","16,960"
2018,Odisha,KEONJHAR RTO - OR9( 04-DEC-2017 ),6,PETROL/HYBRID,0,0,0,0,0,0,0,0,1,0,0,0,1
2018,Odisha,KHORDHA ARTO - OR201( 20-JAN-2018 ),1,CNG ONLY,0,0,0,1,0,0,0,0,0,0,0,0,1
2018,Odisha,KHORDHA ARTO - OR201( 20-JAN-2018 ),2,DIESEL,141,49,149,124,128,119,109,103,84,135,122,120,"1,383"
2018,Odisha,KHORDHA ARTO - OR201( 20-JAN-2018 ),3,DIESEL/HYBRID,0,0,0,0,0,1,1,1,0,2,0,1,6
2018,Odisha,KHORDHA ARTO - OR201( 20-JAN-2018 ),4,ELECTRIC(BOV),0,0,0,1,0,0,0,0,0,0,0,0,1
2018,Odisha,KHORDHA ARTO - OR201( 20-JAN-2018 ),5,NOT APPLICABLE,10,1,10,2,7,5,11,8,7,4,10,15,90
2018,Odisha,KHORDHA ARTO - OR201( 20-JAN-2018 ),6,PETROL,533,190,514,462,590,372,436,356,400,395,547,359,"5,154"
2018,Odisha,KHORDHA ARTO - OR201( 20-JAN-2018 ),7,PETROL/CNG,0,0,1,2,6,3,6,2,3,8,4,2,37
2018,Odisha,KHORDHA ARTO - OR201( 20-JAN-2018 ),8,PETROL/HYBRID,0,0,0,0,0,0,0,0,0,0,0,1,1
2018,Odisha,KHORDHA ARTO - OR201( 20-JAN-2018 ),9,PETROL/LPG,1,0,0,0,0,0,0,0,0,0,1,0,2
2018,Odisha,KORAPUT RTO - OR10( 25-DEC-2017 ),1,DIESEL,75,186,198,218,183,231,227,180,155,217,184,110,"2,164"
2018,Odisha,KORAPUT RTO - OR10( 25-DEC-2017 ),2,DIESEL/HYBRID,0,3,2,5,2,4,0,0,4,3,4,2,29
2018,Odisha,KORAPUT RTO - OR10( 25-DEC-2017 ),3,NOT APPLICABLE,5,31,24,23,26,27,18,25,8,25,23,8,243
2018,Odisha,KORAPUT RTO - OR10( 25-DEC-2017 ),4,PETROL,515,"2,439","2,033","1,931","3,605","1,862","2,011","1,379","1,325","1,613","1,747","2,410","22,870"
2018,Odisha,KORAPUT RTO - OR10( 25-DEC-2017 ),5,PETROL/HYBRID,0,0,0,0,0,0,0,0,0,0,0,1,1
2018,Odisha,MALKANAGIRI RTO - OR30( 25-DEC-2017 ),1,DIESEL,13,57,84,44,90,53,92,100,72,46,79,94,824
2018,Odisha,MALKANAGIRI RTO - OR30( 25-DEC-2017 ),2,DIESEL/HYBRID,0,1,0,0,0,1,0,0,0,1,1,1,5
2018,Odisha,MALKANAGIRI RTO - OR30( 25-DEC-2017 ),3,NOT APPLICABLE,0,11,18,6,7,3,7,8,9,6,12,12,99
2018,Odisha,MALKANAGIRI RTO - OR30( 25-DEC-2017 ),4,PETROL,5,478,434,236,894,358,668,729,399,473,388,503,"5,565"
2018,Odisha,MAYURBHANJ RTO - OR11( 08-NOV-2017 ),1,DIESEL,203,196,196,172,141,188,163,186,131,175,177,175,"2,103"
2018,Odisha,MAYURBHANJ RTO - OR11( 08-NOV-2017 ),2,DIESEL/HYBRID,3,1,0,1,2,0,1,2,3,2,0,2,17
2018,Odisha,MAYURBHANJ RTO - OR11( 08-NOV-2017 ),3,ELECTRIC(BOV),1,0,0,0,0,0,0,0,0,0,2,2,5
2018,Odisha,MAYURBHANJ RTO - OR11( 08-NOV-2017 ),4,NOT APPLICABLE,46,48,46,34,21,30,28,35,20,21,31,38,398
2018,Odisha,MAYURBHANJ RTO - OR11( 08-NOV-2017 ),5,PETROL,"2,588","1,810","3,314","2,747","1,563","1,628","2,980","1,207","1,420","1,310","2,982","1,418","24,967"
2018,Odisha,MAYURBHANJ RTO - OR11( 08-NOV-2017 ),6,PETROL/HYBRID,0,0,0,0,0,0,0,0,0,0,0,1,1
2018,Odisha,NAWARANGPUR RTO - OR24( 07-NOV-2017 ),1,CNG ONLY,0,0,0,0,0,1,0,0,0,0,0,0,1
2018,Odisha,NAWARANGPUR RTO - OR24( 07-NOV-2017 ),2,DIESEL,91,145,124,108,211,145,289,110,132,126,95,195,"1,771"
2018,Odisha,NAWARANGPUR RTO - OR24( 07-NOV-2017 ),3,DIESEL/HYBRID,0,1,0,1,0,3,0,1,0,0,0,0,6
2018,Odisha,NAWARANGPUR RTO - OR24( 07-NOV-2017 ),4,NOT APPLICABLE,18,53,40,28,75,48,69,33,14,23,21,47,469
2018,Odisha,NAWARANGPUR RTO - OR24( 07-NOV-2017 ),5,PETROL,671,399,702,254,"2,342",798,770,748,695,728,525,539,"9,171"
2018,Odisha,NAWARANGPUR RTO - OR24( 07-NOV-2017 ),6,PETROL/HYBRID,0,0,0,0,0,0,0,0,0,0,0,2,2
2018,Odisha,NAYAGARH RTO - OR25( 25-DEC-2017 ),1,DIESEL,67,126,109,102,80,89,100,98,67,73,83,83,"1,077"
2018,Odisha,NAYAGARH RTO - OR25( 25-DEC-2017 ),2,ELECTRIC(BOV),0,4,3,0,4,9,3,5,2,4,2,5,41
2018,Odisha,NAYAGARH RTO - OR25( 25-DEC-2017 ),3,NOT APPLICABLE,13,24,20,24,15,16,21,12,13,9,12,16,195
2018,Odisha,NAYAGARH RTO - OR25( 25-DEC-2017 ),4,PETROL,974,"1,242","1,395","1,223","1,628","1,484","1,508","1,322","1,168","1,178","2,257","1,374","16,753"
2018,Odisha,NAYAGARH RTO - OR25( 25-DEC-2017 ),5,PETROL/CNG,0,0,0,0,0,0,0,0,0,0,1,0,1
2018,Odisha,NUAPADA RTO - OR26( 06-NOV-2017 ),1,DIESEL,21,31,79,73,73,54,70,48,21,72,55,63,660
2018,Odisha,NUAPADA RTO - OR26( 06-NOV-2017 ),2,DIESEL/HYBRID,1,2,2,1,1,1,0,0,1,0,2,2,13
2018,Odisha,NUAPADA RTO - OR26( 06-NOV-2017 ),3,NOT APPLICABLE,0,3,24,5,10,12,10,5,5,10,8,9,101
2018,Odisha,NUAPADA RTO - OR26( 06-NOV-2017 ),4,PETROL,622,"1,056","1,085",803,813,633,"1,096",460,458,648,724,629,"9,027"
2018,Odisha,NUAPADA RTO - OR26( 06-NOV-2017 ),5,PETROL/HYBRID,0,0,0,0,0,0,0,0,0,1,0,0,1
2018,Odisha,PHULBANI RTO - OR12( 23-OCT-2017 ),1,DIESEL,105,49,44,95,57,81,76,41,69,103,80,65,865
2018,Odisha,PHULBANI RTO - OR12( 23-OCT-2017 ),2,NOT APPLICABLE,18,5,11,11,16,12,12,12,13,23,13,18,164
2018,Odisha,PHULBANI RTO - OR12( 23-OCT-2017 ),3,PETROL,340,421,300,604,625,507,639,268,744,434,754,596,"6,232"
2018,Odisha,PHULBANI RTO - OR12( 23-OCT-2017 ),4,PETROL/CNG,0,0,0,0,0,1,0,0,0,0,0,0,1
2018,Odisha,PURI RTO - OR13( 25-DEC-2017 ),1,DIESEL,105,111,96,154,114,109,129,118,109,159,181,120,"1,505"
2018,Odisha,PURI RTO - OR13( 25-DEC-2017 ),2,DIESEL/HYBRID,0,4,2,4,1,0,5,1,0,3,4,1,25
2018,Odisha,PURI RTO - OR13( 25-DEC-2017 ),3,ELECTRIC(BOV),16,4,26,13,25,17,14,16,11,28,51,22,243
2018,Odisha,PURI RTO - OR13( 25-DEC-2017 ),4,NOT APPLICABLE,14,13,4,14,10,15,10,6,11,5,5,5,112
2018,Odisha,PURI RTO - OR13( 25-DEC-2017 ),5,PETROL,"1,175","1,427","1,568","1,866","2,103","1,801","1,706","1,580","1,521","1,470","2,501","2,026","20,744"
2018,Odisha,PURI RTO - OR13( 25-DEC-2017 ),6,PETROL/CNG,0,0,0,0,1,0,0,0,1,0,1,0,3
2018,Odisha,PURI RTO - OR13( 25-DEC-2017 ),7,PETROL/HYBRID,0,0,0,0,0,0,0,0,0,0,1,0,1
2018,Odisha,RAIRANGPUR ARTO - OR111( 08-NOV-2017 ),1,DIESEL,122,103,103,106,109,117,97,84,84,82,131,96,"1,234"
2018,Odisha,RAIRANGPUR ARTO - OR111( 08-NOV-2017 ),2,DIESEL/HYBRID,1,1,0,2,0,0,0,0,0,0,1,1,6
2018,Odisha,RAIRANGPUR ARTO - OR111( 08-NOV-2017 ),3,ELECTRIC(BOV),0,0,1,0,0,0,0,0,0,0,0,0,1
2018,Odisha,RAIRANGPUR ARTO - OR111( 08-NOV-2017 ),4,NOT APPLICABLE,25,30,31,23,36,28,26,20,17,21,33,20,310
2018,Odisha,RAIRANGPUR ARTO - OR111( 08-NOV-2017 ),5,PETROL,165,144,458,662,593,505,842,614,504,509,"1,140",564,"6,700"
2018,Odisha,RAIRANGPUR ARTO - OR111( 08-NOV-2017 ),6,PETROL/HYBRID,0,0,0,0,0,0,0,0,0,0,1,0,1
2018,Odisha,RAYGADA RTO - OR18( 25-DEC-2017 ),1,DIESEL,47,127,79,125,148,157,194,133,129,112,115,108,"1,474"
2018,Odisha,RAYGADA RTO - OR18( 25-DEC-2017 ),2,DIESEL/HYBRID,0,0,1,0,1,0,1,1,0,1,0,0,5
2018,Odisha,RAYGADA RTO - OR18( 25-DEC-2017 ),3,ELECTRIC(BOV),0,0,0,3,3,4,8,6,18,22,5,2,71
2018,Odisha,RAYGADA RTO - OR18( 25-DEC-2017 ),4,NOT APPLICABLE,1,5,11,20,22,20,25,15,20,28,21,17,205
2018,Odisha,RAYGADA RTO - OR18( 25-DEC-2017 ),5,PETROL,399,625,853,"1,510","1,905","1,193","1,172",727,865,666,"1,378",506,"11,799"
2018,Odisha,RAYGADA RTO - OR18( 25-DEC-2017 ),6,PETROL/HYBRID,0,0,0,0,0,0,0,0,1,1,0,0,2
2018,Odisha,ROURKELA RTO - OR14( 25-DEC-2017 ),1,DIESEL,229,307,471,419,401,316,270,363,287,331,405,319,"4,118"
2018,Odisha,ROURKELA RTO - OR14( 25-DEC-2017 ),2,DIESEL/HYBRID,3,7,6,4,7,2,3,7,3,5,5,3,55
2018,Odisha,ROURKELA RTO - OR14( 25-DEC-2017 ),3,ELECTRIC(BOV),0,20,0,0,1,0,0,0,7,1,3,1,33
2018,Odisha,ROURKELA RTO - OR14( 25-DEC-2017 ),4,NOT APPLICABLE,0,4,8,41,29,20,9,27,14,2,26,22,202
2018,Odisha,ROURKELA RTO - OR14( 25-DEC-2017 ),5,PETROL,"1,918","2,891","2,317","2,229","2,475","2,063","1,895","2,144","1,996","2,201","3,098","2,808","28,035"
2018,Odisha,ROURKELA RTO - OR14( 25-DEC-2017 ),6,PETROL/CNG,0,0,0,0,0,0,1,0,0,0,0,0,1
2018,Odisha,ROURKELA RTO - OR14( 25-DEC-2017 ),7,PETROL/HYBRID,0,0,0,0,0,0,1,0,2,4,2,5,14
2018,Odisha,ROURKELA RTO - OR14( 25-DEC-2017 ),8,PETROL/LPG,0,0,0,0,0,0,0,0,0,0,4,1,5
2018,Odisha,SAMBALPUR RTO - OR15( 04-DEC-2017 ),1,DIESEL,234,203,346,322,270,247,270,269,187,109,215,15,"2,687"
2018,Odisha,SAMBALPUR RTO - OR15( 04-DEC-2017 ),2,DIESEL/HYBRID,4,5,7,2,11,2,4,8,5,4,5,0,57
2018,Odisha,SAMBALPUR RTO - OR15( 04-DEC-2017 ),3,ELECTRIC(BOV),0,0,4,3,3,1,10,8,5,0,24,0,58
2018,Odisha,SAMBALPUR RTO - OR15( 04-DEC-2017 ),4,NOT APPLICABLE,4,7,32,41,26,38,26,23,25,4,4,0,230
2018,Odisha,SAMBALPUR RTO - OR15( 04-DEC-2017 ),5,PETROL,"1,560","2,279","1,989","2,261","2,216","1,469","1,910","1,860","1,388","1,064","2,254",79,"20,329"
2018,Odisha,SAMBALPUR RTO - OR15( 04-DEC-2017 ),6,PETROL/CNG,0,0,0,0,1,0,0,0,0,0,0,0,1
2018,Odisha,SAMBALPUR RTO - OR15( 04-DEC-2017 ),7,PETROL/HYBRID,0,0,0,0,0,0,0,0,3,1,2,0,6
2018,Odisha,SAMBALPUR RTO - OR15( 04-DEC-2017 ),8,PETROL/LPG,5,9,0,2,1,0,0,0,0,0,0,0,17
2018,Odisha,SONEPUR RTO - OR31( 08-NOV-2017 ),1,DIESEL,65,73,114,107,84,77,77,83,89,91,72,91,"1,023"
2018,Odisha,SONEPUR RTO - OR31( 08-NOV-2017 ),2,DIESEL/HYBRID,0,0,2,3,1,1,0,2,0,0,0,1,10
2018,Odisha,SONEPUR RTO - OR31( 08-NOV-2017 ),3,NOT APPLICABLE,31,22,33,37,26,17,27,20,14,23,14,25,289
2018,Odisha,SONEPUR RTO - OR31( 08-NOV-2017 ),4,PETROL,575,"1,493","1,793","2,732","1,394",887,890,806,687,878,526,"1,064","13,725"
2018,Odisha,SUNDERGARH RTO - OR16( 08-NOV-2017 ),1,DIESEL,255,197,205,302,220,183,179,250,214,212,160,278,"2,655"
2018,Odisha,SUNDERGARH RTO - OR16( 08-NOV-2017 ),2,DIESEL/HYBRID,2,1,1,0,1,1,0,2,1,1,0,2,12
2018,Odisha,SUNDERGARH RTO - OR16( 08-NOV-2017 ),3,ELECTRIC(BOV),0,0,0,0,0,0,1,0,2,7,1,13,24
2018,Odisha,SUNDERGARH RTO - OR16( 08-NOV-2017 ),4,NOT APPLICABLE,34,13,12,39,23,24,27,26,18,9,27,20,272
2018,Odisha,SUNDERGARH RTO - OR16( 08-NOV-2017 ),5,PETROL,594,697,"1,010",611,910,"1,087",719,765,612,626,460,"1,263","9,354"
2018,Odisha,SUNDERGARH RTO - OR16( 08-NOV-2017 ),6,PETROL/HYBRID,0,0,0,0,0,0,0,0,0,0,0,2,2
2018,Odisha,TALCHER RTO - OR35( 25-DEC-2017 ),1,DIESEL,128,126,138,144,125,197,163,172,150,211,220,223,"1,997"
2018,Odisha,TALCHER RTO - OR35( 25-DEC-2017 ),2,DIESEL/HYBRID,0,0,0,0,0,0,0,0,1,0,0,0,1
2018,Odisha,TALCHER RTO - OR35( 25-DEC-2017 ),3,ELECTRIC(BOV),0,0,0,0,2,7,1,0,0,0,0,0,10
2018,Odisha,TALCHER RTO - OR35( 25-DEC-2017 ),4,NOT APPLICABLE,1,1,2,1,1,3,2,1,0,2,6,3,23
2018,Odisha,TALCHER RTO - OR35( 25-DEC-2017 ),5,PETROL,409,797,777,903,903,743,721,674,554,"1,240",886,594,"9,201"
2017,Odisha,ANGUL RTO - OR19( 25-DEC-2017 ),1,DIESEL,128,126,138,144,125,197,163,172,150,211,220,223,"1,997"
2017,Odisha,ANGUL RTO - OR19( 25-DEC-2017 ),2,DIESEL/HYBRID,0,0,0,0,0,0,0,0,1,0,0,0,1
2017,Odisha,ANGUL RTO - OR19( 25-DEC-2017 ),3,ELECTRIC(BOV),0,0,0,0,2,7,1,0,0,0,0,0,10
2017,Odisha,ANGUL RTO - OR19( 25-DEC-2017 ),4,NOT APPLICABLE,1,1,2,1,1,3,2,1,0,2,6,3,23
2017,Odisha,ANGUL RTO - OR19( 25-DEC-2017 ),5,PETROL,409,797,777,903,903,743,721,674,554,"1,240",886,594,"9,201"
2017,Odisha,ARTO BARBIL - OR901( 04-DEC-2017 ),1,DIESEL,83,121,185,114,122,91,86,112,116,157,199,72,"1,458"
2017,Odisha,ARTO BARBIL - OR901( 04-DEC-2017 ),2,LPG ONLY,0,1,0,0,0,0,0,0,1,0,0,0,2
2017,Odisha,ARTO BARBIL - OR901( 04-DEC-2017 ),3,NOT APPLICABLE,7,5,1,1,3,0,4,0,3,3,1,0,28
2017,Odisha,ARTO BARBIL - OR901( 04-DEC-2017 ),4,PETROL,271,349,384,425,388,298,302,426,259,896,708,48,"4,754"
2017,Odisha,ARTO BARBIL - OR901( 04-DEC-2017 ),5,PETROL/CNG,0,0,0,0,2,0,0,1,0,0,1,0,4
2017,Odisha,BALASORE RTO - OR1( 07-NOV-2017 ),1,DIESEL,332,292,345,346,308,349,301,288,266,477,145,328,"3,777"
2017,Odisha,BALASORE RTO - OR1( 07-NOV-2017 ),2,DIESEL/HYBRID,0,0,0,0,0,0,0,0,0,0,1,3,4
2017,Odisha,BALASORE RTO - OR1( 07-NOV-2017 ),3,LPG ONLY,0,0,0,0,0,0,1,0,1,0,0,0,2
2017,Odisha,BALASORE RTO - OR1( 07-NOV-2017 ),4,NOT APPLICABLE,50,34,43,33,37,30,23,24,24,30,4,5,337
2017,Odisha,BALASORE RTO - OR1( 07-NOV-2017 ),5,PETROL,"2,539","3,403","3,973","5,423","4,095","4,288","4,009","2,497","2,673","6,985","1,488","3,507","44,880"
2017,Odisha,BALASORE RTO - OR1( 07-NOV-2017 ),6,PETROL/CNG,1,1,0,1,1,0,2,2,1,2,0,0,11
2017,Odisha,BALASORE RTO - OR1( 07-NOV-2017 ),7,PETROL/LPG,0,1,1,0,0,0,6,4,1,3,2,1,19
2017,Odisha,BARGARH RTO - OR17( 04-DEC-2017 ),1,DIESEL,150,168,324,169,227,127,342,266,196,259,385,104,"2,717"
2017,Odisha,BARGARH RTO - OR17( 04-DEC-2017 ),2,ELECTRIC(BOV),0,0,0,0,1,0,0,1,0,0,0,0,2
2017,Odisha,BARGARH RTO - OR17( 04-DEC-2017 ),3,LPG ONLY,0,0,0,0,1,0,0,0,0,0,0,0,1
2017,Odisha,BARGARH RTO - OR17( 04-DEC-2017 ),4,NOT APPLICABLE,20,30,63,35,51,24,45,34,27,42,78,10,459
2017,Odisha,BARGARH RTO - OR17( 04-DEC-2017 ),5,PETROL,"1,027","1,846","2,474","3,413","2,961","1,849","2,155","1,481","1,681","2,665","2,634","1,266","25,452"
2017,Odisha,BARGARH RTO - OR17( 04-DEC-2017 ),6,PETROL/CNG,0,0,1,3,1,1,5,0,1,0,7,0,19
2017,Odisha,BARGARH RTO - OR17( 04-DEC-2017 ),7,PETROL/LPG,0,2,1,0,2,1,0,0,0,0,3,4,13
2017,Odisha,BHADRAK RTO - OR22( 04-DEC-2017 ),1,DIESEL,173,181,282,182,154,199,178,136,154,236,232,89,"2,196"
2017,Odisha,BHADRAK RTO - OR22( 04-DEC-2017 ),2,LPG ONLY,0,0,0,1,0,0,0,0,0,0,0,0,1
2017,Odisha,BHADRAK RTO - OR22( 04-DEC-2017 ),3,NOT APPLICABLE,42,36,51,39,36,64,57,34,37,48,56,3,503
2017,Odisha,BHADRAK RTO - OR22( 04-DEC-2017 ),4,PETROL,"1,306","1,792","2,236","1,804","2,093","2,171","2,203","1,288","1,149","1,695","5,018",372,"23,127"
2017,Odisha,BHADRAK RTO - OR22( 04-DEC-2017 ),5,PETROL/CNG,1,1,0,7,3,2,1,0,0,0,4,0,19
2017,Odisha,BHADRAK RTO - OR22( 04-DEC-2017 ),6,PETROL/LPG,0,0,1,0,1,0,0,0,1,0,1,0,4
2017,Odisha,BHANJANAGAR RTO - OR32( 04-DEC-2017 ),1,DIESEL,28,95,86,56,56,59,78,63,59,81,142,21,824
2017,Odisha,BHANJANAGAR RTO - OR32( 04-DEC-2017 ),2,NOT APPLICABLE,9,28,39,11,18,21,44,24,24,28,58,2,306
2017,Odisha,BHANJANAGAR RTO - OR32( 04-DEC-2017 ),3,PETROL,258,745,"1,100","1,314",909,630,867,730,266,"1,154","1,222",320,"9,515"
2017,Odisha,BHANJANAGAR RTO - OR32( 04-DEC-2017 ),4,PETROL/CNG,1,0,0,1,0,0,0,1,0,1,1,0,5
2017,Odisha,BHUBANESWAR-II RTO - OR33( 23-OCT-2017 ),1,DIESEL,301,337,375,445,253,272,314,316,289,287,359,279,"3,827"
2017,Odisha,BHUBANESWAR-II RTO - OR33( 23-OCT-2017 ),2,DIESEL/HYBRID,0,0,0,0,0,0,0,0,0,0,12,11,23
2017,Odisha,BHUBANESWAR-II RTO - OR33( 23-OCT-2017 ),3,ELECTRIC(BOV),0,0,0,3,2,0,1,6,5,18,6,10,51
2017,Odisha,BHUBANESWAR-II RTO - OR33( 23-OCT-2017 ),4,LPG ONLY,0,0,0,1,0,0,0,0,0,1,0,0,2
2017,Odisha,BHUBANESWAR-II RTO - OR33( 23-OCT-2017 ),5,NOT APPLICABLE,16,34,15,42,10,14,26,38,44,16,4,13,272
2017,Odisha,BHUBANESWAR-II RTO - OR33( 23-OCT-2017 ),6,PETROL,"2,137","3,674","2,928","4,748","3,360","3,109","2,850","3,515","2,705","3,976","3,226","3,757","39,985"
2017,Odisha,BHUBANESWAR-II RTO - OR33( 23-OCT-2017 ),7,PETROL/CNG,1,2,0,1,5,0,1,3,1,3,0,7,24
2017,Odisha,BHUBANESWAR-II RTO - OR33( 23-OCT-2017 ),8,PETROL/LPG,0,0,0,1,2,1,1,1,1,4,0,1,12
2017,Odisha,BHUBANESWAR RTO - OR2( 22-JAN-2018 ),1,DIESEL,824,845,848,850,787,804,877,877,833,"1,186",966,779,"10,476"
2017,Odisha,BHUBANESWAR RTO - OR2( 22-JAN-2018 ),2,DIESEL/HYBRID,0,0,1,0,0,0,1,0,0,0,5,5,12
2017,Odisha,BHUBANESWAR RTO - OR2( 22-JAN-2018 ),3,ELECTRIC(BOV),0,1,0,0,0,1,0,2,0,1,4,2,11
2017,Odisha,BHUBANESWAR RTO - OR2( 22-JAN-2018 ),4,LPG ONLY,0,0,0,0,0,0,0,0,2,0,0,0,2
2017,Odisha,BHUBANESWAR RTO - OR2( 22-JAN-2018 ),5,NOT APPLICABLE,9,12,12,6,16,5,20,15,9,24,24,178,330
2017,Odisha,BHUBANESWAR RTO - OR2( 22-JAN-2018 ),6,PETROL,"3,887","4,359","4,790","5,374","5,409","4,254","4,964","6,168","4,752","7,939","6,426","5,205","63,527"
2017,Odisha,BHUBANESWAR RTO - OR2( 22-JAN-2018 ),7,PETROL/CNG,2,1,3,0,2,0,0,7,0,0,1,2,18
2017,Odisha,BHUBANESWAR RTO - OR2( 22-JAN-2018 ),8,PETROL/LPG,0,2,8,6,12,7,3,0,3,6,2,4,53
2017,Odisha,BOLANGIR RTO - OR3( 25-DEC-2017 ),1,DIESEL,192,181,224,176,166,138,231,150,206,314,235,127,"2,340"
2017,Odisha,BOLANGIR RTO - OR3( 25-DEC-2017 ),2,ELECTRIC(BOV),0,0,0,0,0,0,2,0,2,0,0,0,4
2017,Odisha,BOLANGIR RTO - OR3( 25-DEC-2017 ),3,NOT APPLICABLE,45,35,59,29,58,23,71,36,69,72,71,20,588
2017,Odisha,BOLANGIR RTO - OR3( 25-DEC-2017 ),4,PETROL,"1,565","2,318","2,762","2,085","3,207","1,458","1,265","1,067","1,814","2,139","1,411","1,391","22,482"
2017,Odisha,BOLANGIR RTO - OR3( 25-DEC-2017 ),5,PETROL/CNG,0,0,0,1,1,0,1,0,1,0,1,0,5
2017,Odisha,BOLANGIR RTO - OR3( 25-DEC-2017 ),6,PETROL/LPG,0,0,2,1,3,0,0,0,1,0,1,0,8
2017,Odisha,BOUDH RTO - OR27( 23-OCT-2017 ),1,DIESEL,17,23,52,24,55,22,22,17,39,5,5,13,294
2017,Odisha,BOUDH RTO - OR27( 23-OCT-2017 ),2,LPG ONLY,0,0,0,0,0,0,0,1,0,0,0,0,1
2017,Odisha,BOUDH RTO - OR27( 23-OCT-2017 ),3,NOT APPLICABLE,3,8,18,4,22,8,7,8,19,1,3,5,106
2017,Odisha,BOUDH RTO - OR27( 23-OCT-2017 ),4,PETROL,137,193,477,237,685,290,230,78,299,144,3,296,"3,069"
2017,Odisha,BOUDH RTO - OR27( 23-OCT-2017 ),5,PETROL/LPG,0,1,0,0,0,3,0,0,0,0,0,0,4
2017,Odisha,CHANDIKHOLE RTO - OR4( 23-OCT-2017 ),1,DIESEL,221,218,240,297,260,207,234,207,212,272,314,236,"2,918"
2017,Odisha,CHANDIKHOLE RTO - OR4( 23-OCT-2017 ),2,DIESEL/HYBRID,0,0,0,0,0,0,0,0,0,0,0,1,1
2017,Odisha,CHANDIKHOLE RTO - OR4( 23-OCT-2017 ),3,LPG ONLY,0,1,0,0,0,0,0,0,0,0,0,0,1
2017,Odisha,CHANDIKHOLE RTO - OR4( 23-OCT-2017 ),4,NOT APPLICABLE,43,39,47,37,51,30,46,29,25,23,21,26,417
2017,Odisha,CHANDIKHOLE RTO - OR4( 23-OCT-2017 ),5,PETROL,747,782,920,"1,180","1,230",775,887,525,447,669,962,888,"10,012"
2017,Odisha,CHANDIKHOLE RTO - OR4( 23-OCT-2017 ),6,PETROL/LPG,1,2,5,3,2,0,0,0,1,0,0,0,14
2017,Odisha,CUTTACK RTO - OR5( 31-MAY-2017 ),1,DIESEL,566,531,682,594,683,290,418,477,373,763,499,488,"6,364"
2017,Odisha,CUTTACK RTO - OR5( 31-MAY-2017 ),2,DIESEL/HYBRID,0,0,0,0,0,7,8,6,5,6,12,11,55
2017,Odisha,CUTTACK RTO - OR5( 31-MAY-2017 ),3,ELECTRIC(BOV),0,6,0,0,4,0,0,2,0,3,0,0,15
2017,Odisha,CUTTACK RTO - OR5( 31-MAY-2017 ),4,NOT APPLICABLE,45,38,60,43,64,3,56,62,34,52,48,26,531
2017,Odisha,CUTTACK RTO - OR5( 31-MAY-2017 ),5,PETROL,"3,774","4,446","4,667","6,069","6,082","2,221","6,280","4,879","3,522","9,236","5,534","4,009","60,719"
2017,Odisha,CUTTACK RTO - OR5( 31-MAY-2017 ),6,PETROL/CNG,0,2,3,0,0,0,0,1,0,1,0,2,9
2017,Odisha,CUTTACK RTO - OR5( 31-MAY-2017 ),7,PETROL/HYBRID,0,0,0,0,1,0,0,0,0,0,0,0,1
2017,Odisha,CUTTACK RTO - OR5( 31-MAY-2017 ),8,PETROL/LPG,1,3,1,0,1,2,0,0,0,0,2,4,14
2017,Odisha,DEOGARH RTO - OR28( 23-OCT-2017 ),1,DIESEL,23,32,31,18,28,20,30,17,18,30,22,17,286
2017,Odisha,DEOGARH RTO - OR28( 23-OCT-2017 ),2,NOT APPLICABLE,0,6,6,4,6,5,9,3,1,4,1,1,46
2017,Odisha,DEOGARH RTO - OR28( 23-OCT-2017 ),3,PETROL,117,137,177,280,154,58,163,195,142,359,103,119,"2,004"
2017,Odisha,DEOGARH RTO - OR28( 23-OCT-2017 ),4,PETROL/CNG,0,0,1,0,0,0,0,0,0,1,0,0,2
2017,Odisha,DHENKANAL RTO - OR6( 07-NOV-2017 ),1,DIESEL,75,80,91,54,78,76,94,69,88,102,39,70,916
2017,Odisha,DHENKANAL RTO - OR6( 07-NOV-2017 ),2,DIESEL/HYBRID,0,0,0,0,0,0,0,0,0,0,1,0,1
2017,Odisha,DHENKANAL RTO - OR6( 07-NOV-2017 ),3,ELECTRIC(BOV),0,0,0,0,0,0,0,0,1,0,0,0,1
2017,Odisha,DHENKANAL RTO - OR6( 07-NOV-2017 ),4,NOT APPLICABLE,19,17,25,11,18,16,30,14,18,23,2,11,204
2017,Odisha,DHENKANAL RTO - OR6( 07-NOV-2017 ),5,PETROL,745,"1,067","1,224","1,095","1,271","1,210","1,139",974,789,"2,112",417,"1,423","13,466"
2017,Odisha,DHENKANAL RTO - OR6( 07-NOV-2017 ),6,PETROL/CNG,1,1,0,1,1,1,1,2,0,1,0,0,9
2017,Odisha,DHENKANAL RTO - OR6( 07-NOV-2017 ),7,PETROL/LPG,0,1,0,0,2,1,0,0,0,1,0,0,5
2017,Odisha,GAJAPATI RTO - OR20( 07-NOV-2017 ),1,DIESEL,14,11,20,37,35,28,44,23,12,44,23,41,332
2017,Odisha,GAJAPATI RTO - OR20( 07-NOV-2017 ),2,NOT APPLICABLE,7,8,11,13,19,15,19,12,6,11,13,9,143
2017,Odisha,GAJAPATI RTO - OR20( 07-NOV-2017 ),3,PETROL,119,58,202,223,397,352,284,208,172,432,25,282,"2,754"
2017,Odisha,GANJAM RTO - OR7( 04-DEC-2017 ),1,DIESEL,275,334,356,304,270,351,261,241,291,391,356,250,"3,680"
2017,Odisha,GANJAM RTO - OR7( 04-DEC-2017 ),2,DIESEL/HYBRID,0,0,0,0,1,0,0,0,0,0,0,3,4
2017,Odisha,GANJAM RTO - OR7( 04-DEC-2017 ),3,NOT APPLICABLE,30,59,149,129,124,162,142,139,121,175,208,10,"1,448"
2017,Odisha,GANJAM RTO - OR7( 04-DEC-2017 ),4,PETROL,"1,784","2,298","3,288","3,679","4,602","3,581","3,913","2,429","2,384","3,701","5,716","1,263","38,638"
2017,Odisha,GANJAM RTO - OR7( 04-DEC-2017 ),5,PETROL/CNG,0,1,0,0,0,0,2,0,0,1,0,0,4
2017,Odisha,GANJAM RTO - OR7( 04-DEC-2017 ),6,PETROL/LPG,2,1,0,2,0,1,2,1,0,1,1,0,11
2017,Odisha,JAGATSINGHPUR RTO - OR21( 04-DEC-2017 ),1,DIESEL,80,93,130,77,75,57,117,86,141,102,119,54,"1,131"
2017,Odisha,JAGATSINGHPUR RTO - OR21( 04-DEC-2017 ),2,NOT APPLICABLE,24,18,30,12,18,13,18,14,30,9,19,2,207
2017,Odisha,JAGATSINGHPUR RTO - OR21( 04-DEC-2017 ),3,PETROL,985,"1,153","1,641",952,"1,743",903,522,"1,573","1,561","1,405","2,005",713,"15,156"
2017,Odisha,JAGATSINGHPUR RTO - OR21( 04-DEC-2017 ),4,PETROL/CNG,1,1,2,0,0,0,0,0,1,1,0,0,6
2017,Odisha,JAGATSINGHPUR RTO - OR21( 04-DEC-2017 ),5,PETROL/LPG,0,1,0,0,3,1,0,3,4,1,1,0,14
2017,Odisha,JAJPUR RTO - OR34( 23-OCT-2017 ),1,DIESEL,108,132,163,113,103,72,110,93,87,148,106,160,"1,395"
2017,Odisha,JAJPUR RTO - OR34( 23-OCT-2017 ),2,DIESEL/HYBRID,0,0,0,0,1,0,0,0,0,0,0,0,1
2017,Odisha,JAJPUR RTO - OR34( 23-OCT-2017 ),3,ELECTRIC(BOV),0,0,0,0,0,0,0,0,0,0,1,0,1
2017,Odisha,JAJPUR RTO - OR34( 23-OCT-2017 ),4,NOT APPLICABLE,35,58,64,52,48,27,40,38,36,44,11,7,460
2017,Odisha,JAJPUR RTO - OR34( 23-OCT-2017 ),5,PETROL,670,"3,195","1,978","1,858","3,025","1,753","2,436","1,523","1,664","1,667","1,744","4,411","25,924"
2017,Odisha,JHARSUGUDA RTO - OR23( 07-NOV-2017 ),1,DIESEL,106,138,168,151,133,122,164,108,140,168,207,146,"1,751"
2017,Odisha,JHARSUGUDA RTO - OR23( 07-NOV-2017 ),2,DIESEL/HYBRID,0,0,0,0,0,0,0,0,0,0,1,2,3
2017,Odisha,JHARSUGUDA RTO - OR23( 07-NOV-2017 ),3,NOT APPLICABLE,6,5,19,8,15,12,12,13,9,7,4,0,110
2017,Odisha,JHARSUGUDA RTO - OR23( 07-NOV-2017 ),4,PETROL,624,919,"1,018","1,481","1,262",930,"1,015",713,"1,098","1,925","1,072",969,"13,026"
2017,Odisha,JHARSUGUDA RTO - OR23( 07-NOV-2017 ),5,PETROL/CNG,0,0,0,0,0,1,0,0,1,0,0,0,2
2017,Odisha,JHARSUGUDA RTO - OR23( 07-NOV-2017 ),6,PETROL/LPG,0,0,0,0,2,0,0,0,0,0,1,0,3
2017,Odisha,KALAHANDI RTO - OR8( 23-OCT-2017 ),1,DIESEL,162,177,184,293,135,121,234,158,130,98,103,258,"2,053"
2017,Odisha,KALAHANDI RTO - OR8( 23-OCT-2017 ),2,ELECTRIC(BOV),1,1,0,0,0,0,0,1,0,0,25,18,46
2017,Odisha,KALAHANDI RTO - OR8( 23-OCT-2017 ),3,LPG ONLY,0,1,0,0,0,0,0,0,0,0,0,0,1
2017,Odisha,KALAHANDI RTO - OR8( 23-OCT-2017 ),4,NOT APPLICABLE,34,51,46,90,32,18,65,40,36,27,9,53,501
2017,Odisha,KALAHANDI RTO - OR8( 23-OCT-2017 ),5,PETROL,857,"1,873","1,684","1,900","3,640","1,980","1,304",928,958,"1,179",487,"1,349","18,139"
2017,Odisha,KALAHANDI RTO - OR8( 23-OCT-2017 ),6,PETROL/CNG,0,2,4,3,1,2,2,2,2,2,0,0,20
2017,Odisha,KALAHANDI RTO - OR8( 23-OCT-2017 ),7,PETROL/LPG,0,0,0,0,0,0,0,0,1,0,0,0,1
2017,Odisha,KENDRAPARA RTO - OR29( 23-OCT-2017 ),1,DIESEL,129,132,200,150,142,101,160,120,146,168,156,141,"1,745"
2017,Odisha,KENDRAPARA RTO - OR29( 23-OCT-2017 ),2,DIESEL/HYBRID,0,0,0,0,0,0,0,0,0,0,0,1,1
2017,Odisha,KENDRAPARA RTO - OR29( 23-OCT-2017 ),3,NOT APPLICABLE,15,32,60,23,21,14,29,28,25,20,13,21,301
2017,Odisha,KENDRAPARA RTO - OR29( 23-OCT-2017 ),4,PETROL,629,898,"1,022","1,088","1,240",857,911,631,752,726,668,"1,218","10,640"
2017,Odisha,KENDRAPARA RTO - OR29( 23-OCT-2017 ),5,PETROL/CNG,1,0,0,0,0,0,0,1,2,2,0,0,6
2017,Odisha,KENDRAPARA RTO - OR29( 23-OCT-2017 ),6,PETROL/LPG,0,0,0,1,0,0,1,0,0,0,0,0,2
2017,Odisha,KEONJHAR RTO - OR9( 04-DEC-2017 ),1,DIESEL,104,115,258,191,183,160,193,144,189,302,448,94,"2,381"
2017,Odisha,KEONJHAR RTO - OR9( 04-DEC-2017 ),2,DIESEL/HYBRID,0,0,0,0,0,0,0,0,0,0,0,2,2
2017,Odisha,KEONJHAR RTO - OR9( 04-DEC-2017 ),3,ELECTRIC(BOV),0,0,0,0,0,0,0,0,0,0,0,5,5
2017,Odisha,KEONJHAR RTO - OR9( 04-DEC-2017 ),4,NOT APPLICABLE,20,15,62,29,58,47,58,29,41,59,138,8,564
2017,Odisha,KEONJHAR RTO - OR9( 04-DEC-2017 ),5,PETROL,615,"1,061","1,133","1,301",891,"1,722","1,605","1,121",925,"1,271","3,059",35,"14,739"
2017,Odisha,KEONJHAR RTO - OR9( 04-DEC-2017 ),6,PETROL/CNG,0,0,1,1,0,1,1,0,0,0,0,0,4
2017,Odisha,KEONJHAR RTO - OR9( 04-DEC-2017 ),7,PETROL/LPG,0,0,0,0,0,0,1,0,0,0,0,0,1
2017,Odisha,KHORDHA ARTO - OR201( 20-JAN-2018 ),1,DIESEL,112,100,121,127,111,72,128,81,95,146,112,61,"1,266"
2017,Odisha,KHORDHA ARTO - OR201( 20-JAN-2018 ),2,ELECTRIC(BOV),0,0,0,0,0,0,1,0,0,0,0,0,1
2017,Odisha,KHORDHA ARTO - OR201( 20-JAN-2018 ),3,NOT APPLICABLE,18,18,14,19,14,8,22,7,19,13,17,4,173
2017,Odisha,KHORDHA ARTO - OR201( 20-JAN-2018 ),4,PETROL,229,374,482,457,575,347,472,518,522,514,819,566,"5,875"
2017,Odisha,KHORDHA ARTO - OR201( 20-JAN-2018 ),5,PETROL/CNG,0,0,0,0,1,0,0,0,1,1,0,0,3
2017,Odisha,KORAPUT RTO - OR10( 25-DEC-2017 ),1,DIESEL,120,126,232,124,205,164,181,136,182,187,274,244,"2,175"
2017,Odisha,KORAPUT RTO - OR10( 25-DEC-2017 ),2,ELECTRIC(BOV),0,0,0,0,0,0,0,1,0,0,0,0,1
2017,Odisha,KORAPUT RTO - OR10( 25-DEC-2017 ),3,NOT APPLICABLE,29,20,43,22,38,28,27,23,28,28,39,60,385
2017,Odisha,KORAPUT RTO - OR10( 25-DEC-2017 ),4,PETROL,"1,069","1,343","1,698","1,574","2,380","1,534","1,871","1,137","1,164","2,268","2,559","1,508","20,105"
2017,Odisha,KORAPUT RTO - OR10( 25-DEC-2017 ),5,PETROL/CNG,0,0,0,0,0,0,1,0,0,0,1,1,3
2017,Odisha,KORAPUT RTO - OR10( 25-DEC-2017 ),6,PETROL/LPG,0,0,0,0,0,0,0,0,0,1,0,0,1
2017,Odisha,MALKANAGIRI RTO - OR30( 25-DEC-2017 ),1,DIESEL,36,75,92,53,126,63,49,90,77,112,112,92,977
2017,Odisha,MALKANAGIRI RTO - OR30( 25-DEC-2017 ),2,NOT APPLICABLE,5,13,31,5,38,9,5,7,15,20,20,11,179
2017,Odisha,MALKANAGIRI RTO - OR30( 25-DEC-2017 ),3,PETROL,173,313,234,318,930,517,"1,196",418,305,590,610,714,"6,318"
2017,Odisha,MALKANAGIRI RTO - OR30( 25-DEC-2017 ),4,PETROL/CNG,0,0,0,0,0,0,0,0,1,0,2,0,3
2017,Odisha,MALKANAGIRI RTO - OR30( 25-DEC-2017 ),5,PETROL/LPG,0,0,0,0,0,0,0,1,0,0,0,0,1
2017,Odisha,MAYURBHANJ RTO - OR11( 08-NOV-2017 ),1,DIESEL,136,160,206,197,204,189,181,184,131,211,85,175,"2,059"
2017,Odisha,MAYURBHANJ RTO - OR11( 08-NOV-2017 ),2,DIESEL/HYBRID,0,0,0,0,0,0,0,0,0,0,1,2,3
2017,Odisha,MAYURBHANJ RTO - OR11( 08-NOV-2017 ),3,NOT APPLICABLE,29,36,59,50,47,44,43,35,30,43,6,26,448
2017,Odisha,MAYURBHANJ RTO - OR11( 08-NOV-2017 ),4,PETROL,"1,739","1,509","2,220","1,811","2,235","1,521","2,024","1,487","1,078","2,372","2,104","1,459","21,559"
2017,Odisha,MAYURBHANJ RTO - OR11( 08-NOV-2017 ),5,PETROL/CNG,1,0,1,0,0,0,0,1,0,1,3,0,7
2017,Odisha,MAYURBHANJ RTO - OR11( 08-NOV-2017 ),6,PETROL/LPG,0,0,2,0,0,1,0,1,0,0,0,0,4
2017,Odisha,NAWARANGPUR RTO - OR24( 07-NOV-2017 ),1,DIESEL,63,90,169,122,104,108,98,101,121,180,70,132,"1,358"
2017,Odisha,NAWARANGPUR RTO - OR24( 07-NOV-2017 ),2,ELECTRIC(BOV),0,0,1,0,0,0,0,0,0,0,0,0,1
2017,Odisha,NAWARANGPUR RTO - OR24( 07-NOV-2017 ),3,NOT APPLICABLE,8,55,58,45,27,46,22,46,62,51,15,24,459
2017,Odisha,NAWARANGPUR RTO - OR24( 07-NOV-2017 ),4,PETROL,459,590,631,349,"1,620",969,305,752,385,"1,089",219,370,"7,738"
2017,Odisha,NAWARANGPUR RTO - OR24( 07-NOV-2017 ),5,PETROL/CNG,0,0,0,0,0,0,0,0,0,1,0,0,1
2017,Odisha,NAYAGARH RTO - OR25( 25-DEC-2017 ),1,DIESEL,64,79,87,87,66,78,74,80,68,124,104,64,975
2017,Odisha,NAYAGARH RTO - OR25( 25-DEC-2017 ),2,NOT APPLICABLE,12,23,21,12,16,17,14,17,16,23,21,2,194
2017,Odisha,NAYAGARH RTO - OR25( 25-DEC-2017 ),3,PETROL,624,"1,036","1,155","1,651","1,374","1,495","1,475","1,155",964,"1,665","2,066","1,911","16,571"
2017,Odisha,NAYAGARH RTO - OR25( 25-DEC-2017 ),4,PETROL/CNG,1,1,1,0,1,0,0,1,0,0,0,0,5
2017,Odisha,NAYAGARH RTO - OR25( 25-DEC-2017 ),5,PETROL/LPG,0,0,0,0,1,0,0,0,0,0,1,0,2
2017,Odisha,NUAPADA RTO - OR26( 06-NOV-2017 ),1,DIESEL,41,43,47,23,42,50,104,54,44,87,49,20,604
2017,Odisha,NUAPADA RTO - OR26( 06-NOV-2017 ),2,DIESEL/HYBRID,0,0,0,0,0,0,0,0,0,0,0,1,1
2017,Odisha,NUAPADA RTO - OR26( 06-NOV-2017 ),3,LPG ONLY,0,0,0,1,0,0,0,0,0,0,1,0,2
2017,Odisha,NUAPADA RTO - OR26( 06-NOV-2017 ),4,NOT APPLICABLE,19,18,16,4,11,4,36,10,16,40,17,1,192
2017,Odisha,NUAPADA RTO - OR26( 06-NOV-2017 ),5,PETROL,387,543,562,465,"1,029",643,793,518,403,306,277,521,"6,447"
2017,Odisha,NUAPADA RTO - OR26( 06-NOV-2017 ),6,PETROL/CNG,1,0,1,0,1,0,0,0,0,1,0,0,4
2017,Odisha,NUAPADA RTO - OR26( 06-NOV-2017 ),7,PETROL/LPG,0,0,1,0,3,2,1,1,1,0,1,0,10
2017,Odisha,PHULBANI RTO - OR12( 23-OCT-2017 ),1,DIESEL,48,72,58,59,55,56,61,57,67,71,88,110,802
2017,Odisha,PHULBANI RTO - OR12( 23-OCT-2017 ),2,NOT APPLICABLE,6,7,9,5,5,13,15,10,9,13,15,13,120
2017,Odisha,PHULBANI RTO - OR12( 23-OCT-2017 ),3,PETROL,242,256,426,485,417,242,347,232,270,767,133,378,"4,195"
2017,Odisha,PHULBANI RTO - OR12( 23-OCT-2017 ),4,PETROL/LPG,0,0,0,0,0,0,0,0,0,0,0,1,1
2017,Odisha,PURI RTO - OR13( 25-DEC-2017 ),1,DIESEL,93,115,162,79,93,79,98,91,77,111,171,87,"1,256"
2017,Odisha,PURI RTO - OR13( 25-DEC-2017 ),2,ELECTRIC(BOV),0,0,0,14,28,11,2,8,2,1,4,2,72
2017,Odisha,PURI RTO - OR13( 25-DEC-2017 ),3,NOT APPLICABLE,3,16,22,12,13,5,6,7,22,7,14,7,134
2017,Odisha,PURI RTO - OR13( 25-DEC-2017 ),4,PETROL,766,"1,441","1,587","1,755","1,521","1,420","1,365","1,443",929,"1,093","2,389","2,111","17,820"
2017,Odisha,PURI RTO - OR13( 25-DEC-2017 ),5,PETROL/CNG,0,0,0,1,0,0,0,0,0,0,1,0,2
2017,Odisha,PURI RTO - OR13( 25-DEC-2017 ),6,PETROL/LPG,0,1,0,0,0,0,2,0,0,0,1,0,4
2017,Odisha,RAIRANGPUR ARTO - OR111( 08-NOV-2017 ),1,DIESEL,79,76,111,79,107,108,86,81,77,126,76,72,"1,078"
2017,Odisha,RAIRANGPUR ARTO - OR111( 08-NOV-2017 ),2,NOT APPLICABLE,21,21,32,8,23,38,44,22,14,39,35,17,314
2017,Odisha,RAIRANGPUR ARTO - OR111( 08-NOV-2017 ),3,PETROL,311,311,463,286,390,357,386,303,275,729,399,71,"4,281"
2017,Odisha,RAIRANGPUR ARTO - OR111( 08-NOV-2017 ),4,PETROL/LPG,0,0,0,0,0,0,0,0,0,1,1,0,2
2017,Odisha,RAYGADA RTO - OR18( 25-DEC-2017 ),1,DIESEL,60,70,111,95,95,88,164,109,77,115,121,123,"1,228"
2017,Odisha,RAYGADA RTO - OR18( 25-DEC-2017 ),2,NOT APPLICABLE,14,19,24,8,22,14,40,21,13,23,38,22,258
2017,Odisha,RAYGADA RTO - OR18( 25-DEC-2017 ),3,PETROL,495,196,818,"1,364","1,370","1,022","1,052",781,742,953,782,790,"10,365"
2017,Odisha,RAYGADA RTO - OR18( 25-DEC-2017 ),4,PETROL/CNG,0,0,0,0,0,0,0,0,0,0,0,1,1
2017,Odisha,RAYGADA RTO - OR18( 25-DEC-2017 ),5,PETROL/LPG,0,0,0,2,2,0,0,0,1,0,0,0,5
2017,Odisha,ROURKELA RTO - OR14( 25-DEC-2017 ),1,DIESEL,236,301,261,356,263,243,281,248,264,347,410,225,"3,435"
2017,Odisha,ROURKELA RTO - OR14( 25-DEC-2017 ),2,DIESEL/HYBRID,0,0,0,0,0,0,0,1,0,0,0,0,1
2017,Odisha,ROURKELA RTO - OR14( 25-DEC-2017 ),3,ELECTRIC(BOV),0,0,0,0,0,1,0,0,0,0,0,0,1
2017,Odisha,ROURKELA RTO - OR14( 25-DEC-2017 ),4,LPG ONLY,0,0,0,1,0,0,0,0,0,0,0,0,1
2017,Odisha,ROURKELA RTO - OR14( 25-DEC-2017 ),5,NOT APPLICABLE,13,15,14,27,14,22,19,22,26,18,23,34,247
2017,Odisha,ROURKELA RTO - OR14( 25-DEC-2017 ),6,PETROL,"1,649","1,907","1,341","2,698","2,374","1,834","2,345","1,647","1,429","2,833","3,477","1,685","25,219"
2017,Odisha,ROURKELA RTO - OR14( 25-DEC-2017 ),7,PETROL/CNG,0,0,0,1,0,1,0,0,1,2,1,0,6
2017,Odisha,ROURKELA RTO - OR14( 25-DEC-2017 ),8,PETROL/LPG,1,0,1,2,1,0,1,0,0,0,3,1,10
2017,Odisha,SAMBALPUR RTO - OR15( 04-DEC-2017 ),1,DIESEL,211,309,295,287,250,240,224,277,241,317,362,98,"3,111"
2017,Odisha,SAMBALPUR RTO - OR15( 04-DEC-2017 ),2,DIESEL/HYBRID,0,0,0,0,0,0,0,0,0,0,1,0,1
2017,Odisha,SAMBALPUR RTO - OR15( 04-DEC-2017 ),3,NOT APPLICABLE,23,44,37,25,44,31,29,74,29,36,56,1,429
2017,Odisha,SAMBALPUR RTO - OR15( 04-DEC-2017 ),4,PETROL,"1,306","1,607","1,712","2,228","1,765","1,522","1,817","1,324","1,278","2,746","2,389",643,"20,337"
2017,Odisha,SAMBALPUR RTO - OR15( 04-DEC-2017 ),5,PETROL/CNG,0,0,0,0,0,1,1,0,1,2,0,0,5
2017,Odisha,SAMBALPUR RTO - OR15( 04-DEC-2017 ),6,PETROL/LPG,0,0,0,1,0,0,0,0,1,0,3,0,5
2017,Odisha,SONEPUR RTO - OR31( 08-NOV-2017 ),1,DIESEL,33,61,86,36,48,18,89,73,53,78,9,55,639
2017,Odisha,SONEPUR RTO - OR31( 08-NOV-2017 ),2,NOT APPLICABLE,0,30,48,16,19,3,39,45,36,41,1,21,299
2017,Odisha,SONEPUR RTO - OR31( 08-NOV-2017 ),3,PETROL,612,435,"1,445","1,334","1,893",670,"1,861",868,548,911,13,281,"10,871"
2017,Odisha,SONEPUR RTO - OR31( 08-NOV-2017 ),4,PETROL/CNG,0,0,0,0,0,0,0,1,0,0,0,0,1
2017,Odisha,SONEPUR RTO - OR31( 08-NOV-2017 ),5,PETROL/LPG,0,0,2,2,0,0,1,1,0,1,0,0,7
2017,Odisha,SUNDERGARH RTO - OR16( 08-NOV-2017 ),1,DIESEL,151,208,230,210,170,171,231,197,214,207,119,145,"2,253"
2017,Odisha,SUNDERGARH RTO - OR16( 08-NOV-2017 ),2,NOT APPLICABLE,14,30,36,9,18,33,52,37,28,28,15,27,327
2017,Odisha,SUNDERGARH RTO - OR16( 08-NOV-2017 ),3,PETROL,338,691,653,383,"1,277",594,825,436,590,"1,391",171,582,"7,931"
2017,Odisha,SUNDERGARH RTO - OR16( 08-NOV-2017 ),4,PETROL/LPG,0,0,0,0,0,1,0,0,0,1,0,0,2
2017,Odisha,TALCHER RTO - OR35( 25-DEC-2017 ),1,DIESEL,102,107,132,133,119,69,87,57,83,135,92,91,"1,207"
2017,Odisha,TALCHER RTO - OR35( 25-DEC-2017 ),2,NOT APPLICABLE,1,4,2,2,0,1,3,0,2,3,1,2,21
2017,Odisha,TALCHER RTO - OR35( 25-DEC-2017 ),3,PETROL,518,418,786,929,316,56,"1,601",495,384,"1,023","1,373",467,"8,366"
2017,Odisha,TALCHER RTO - OR35( 25-DEC-2017 ),4,PETROL/CNG,0,0,1,1,0,0,0,0,0,0,2,0,4
2017,Odisha,TALCHER RTO - OR35( 25-DEC-2017 ),5,PETROL/LPG,0,0,0,1,0,0,0,0,0,0,0,0,1
2016,Odisha,ANGUL RTO - OR19( 25-DEC-2017 ),1,DIESEL,160,234,214,234,196,176,165,167,155,190,210,228,"2,329"
2016,Odisha,ANGUL RTO - OR19( 25-DEC-2017 ),2,NOT APPLICABLE,9,23,28,35,7,21,18,29,13,23,24,46,276
2016,Odisha,ANGUL RTO - OR19( 25-DEC-2017 ),3,PETROL,"1,022","1,340","1,380","1,362","1,481","1,241","1,384","1,125","1,130","1,509","1,876","1,527","16,377"
2016,Odisha,ANGUL RTO - OR19( 25-DEC-2017 ),4,PETROL/CNG,0,0,0,1,0,0,0,1,0,0,1,0,3
2016,Odisha,ANGUL RTO - OR19( 25-DEC-2017 ),5,PETROL/LPG,1,0,0,0,2,0,1,1,2,2,0,1,10
2016,Odisha,ARTO BARBIL - OR901( 04-DEC-2017 ),1,DIESEL,68,81,106,83,80,151,91,46,66,93,150,153,"1,168"
2016,Odisha,ARTO BARBIL - OR901( 04-DEC-2017 ),2,NOT APPLICABLE,0,1,0,0,3,0,0,0,3,2,1,2,12
2016,Odisha,ARTO BARBIL - OR901( 04-DEC-2017 ),3,PETROL,265,451,270,338,220,381,303,265,265,536,529,281,"4,104"
2016,Odisha,BALASORE RTO - OR1( 07-NOV-2017 ),1,DIESEL,371,371,432,304,325,337,337,277,236,318,388,338,"4,034"
2016,Odisha,BALASORE RTO - OR1( 07-NOV-2017 ),2,LPG ONLY,0,0,0,0,1,0,0,0,0,0,1,0,2
2016,Odisha,BALASORE RTO - OR1( 07-NOV-2017 ),3,NOT APPLICABLE,48,67,62,23,48,51,22,16,30,34,66,42,509
2016,Odisha,BALASORE RTO - OR1( 07-NOV-2017 ),4,PETROL,"3,035","2,806","3,712","3,654","3,884","3,501","3,510","2,609","2,162","3,771","4,618","2,875","40,137"
2016,Odisha,BALASORE RTO - OR1( 07-NOV-2017 ),5,PETROL/CNG,0,0,0,3,3,0,0,0,0,1,0,1,8
2016,Odisha,BALASORE RTO - OR1( 07-NOV-2017 ),6,PETROL/LPG,2,0,1,1,1,5,3,1,3,2,2,1,22
2016,Odisha,BARGARH RTO - OR17( 04-DEC-2017 ),1,DIESEL,239,221,238,180,188,194,199,141,173,232,227,225,"2,457"
2016,Odisha,BARGARH RTO - OR17( 04-DEC-2017 ),2,LPG ONLY,0,0,0,0,0,0,0,1,0,0,0,0,1
2016,Odisha,BARGARH RTO - OR17( 04-DEC-2017 ),3,NOT APPLICABLE,41,44,45,29,31,40,33,17,26,29,35,47,417
2016,Odisha,BARGARH RTO - OR17( 04-DEC-2017 ),4,PETROL,"1,296","1,523","1,656","2,250","1,983","1,921","1,338","1,472","1,114","1,257","1,807","1,202","18,819"
2016,Odisha,BARGARH RTO - OR17( 04-DEC-2017 ),5,PETROL/CNG,0,1,1,1,3,4,2,1,0,0,1,1,15
2016,Odisha,BARGARH RTO - OR17( 04-DEC-2017 ),6,PETROL/LPG,0,0,0,0,0,0,0,0,0,0,1,0,1
2016,Odisha,BHADRAK RTO - OR22( 04-DEC-2017 ),1,DIESEL,160,183,197,180,160,159,128,96,180,197,235,216,"2,091"
2016,Odisha,BHADRAK RTO - OR22( 04-DEC-2017 ),2,NOT APPLICABLE,43,54,45,49,38,26,23,11,22,43,52,63,469
2016,Odisha,BHADRAK RTO - OR22( 04-DEC-2017 ),3,PETROL,"1,234","1,477","1,855","2,086","1,781","1,636","1,536","1,121","1,160","2,182","2,317","1,612","19,997"
2016,Odisha,BHADRAK RTO - OR22( 04-DEC-2017 ),4,PETROL/CNG,4,1,1,0,1,0,3,0,2,3,3,3,21
2016,Odisha,BHADRAK RTO - OR22( 04-DEC-2017 ),5,PETROL/LPG,0,0,0,0,1,1,2,0,0,1,0,0,5
2016,Odisha,BHANJANAGAR RTO - OR32( 04-DEC-2017 ),1,DIESEL,74,90,82,51,57,74,80,65,68,44,142,70,897
2016,Odisha,BHANJANAGAR RTO - OR32( 04-DEC-2017 ),2,NOT APPLICABLE,41,29,35,19,17,32,43,34,36,16,48,23,373
2016,Odisha,BHANJANAGAR RTO - OR32( 04-DEC-2017 ),3,PETROL,566,703,883,"1,030","1,104",598,830,609,602,650,"1,224",686,"9,485"
2016,Odisha,BHANJANAGAR RTO - OR32( 04-DEC-2017 ),4,PETROL/CNG,1,2,1,0,1,0,0,0,0,1,0,1,7
2016,Odisha,BHUBANESWAR-II RTO - OR33( 23-OCT-2017 ),1,DIESEL,474,360,424,361,375,323,382,391,377,383,431,376,"4,657"
2016,Odisha,BHUBANESWAR-II RTO - OR33( 23-OCT-2017 ),2,LPG ONLY,1,0,1,0,0,0,0,0,0,0,1,0,3
2016,Odisha,BHUBANESWAR-II RTO - OR33( 23-OCT-2017 ),3,NOT APPLICABLE,19,30,46,25,34,10,29,18,20,13,12,23,279
2016,Odisha,BHUBANESWAR-II RTO - OR33( 23-OCT-2017 ),4,PETROL,"3,034","2,485","3,052","3,576","3,049","3,645","2,937","2,613","2,731","3,815","4,464","3,588","38,989"
2016,Odisha,BHUBANESWAR-II RTO - OR33( 23-OCT-2017 ),5,PETROL/CNG,4,0,0,5,1,1,1,0,1,0,1,1,15
2016,Odisha,BHUBANESWAR-II RTO - OR33( 23-OCT-2017 ),6,PETROL/LPG,2,1,0,0,0,3,1,1,1,1,0,1,11
2016,Odisha,BHUBANESWAR RTO - OR2( 22-JAN-2018 ),1,DIESEL,941,888,752,781,814,732,740,726,705,788,912,753,"9,532"
2016,Odisha,BHUBANESWAR RTO - OR2( 22-JAN-2018 ),2,DIESEL/HYBRID,0,0,0,1,0,0,0,0,0,0,0,0,1
2016,Odisha,BHUBANESWAR RTO - OR2( 22-JAN-2018 ),3,ELECTRIC(BOV),1,0,0,0,4,2,0,0,0,0,0,0,7
2016,Odisha,BHUBANESWAR RTO - OR2( 22-JAN-2018 ),4,NOT APPLICABLE,26,35,27,33,53,4,9,6,14,15,21,17,260
2016,Odisha,BHUBANESWAR RTO - OR2( 22-JAN-2018 ),5,PETROL,"4,279","4,182","3,612","3,634","4,498","3,933","4,260","3,729","4,404","4,655","6,456","4,573","52,215"
2016,Odisha,BHUBANESWAR RTO - OR2( 22-JAN-2018 ),6,PETROL/CNG,2,2,2,1,2,3,2,2,1,2,1,2,22
2016,Odisha,BHUBANESWAR RTO - OR2( 22-JAN-2018 ),7,PETROL/LPG,2,2,2,1,2,1,3,2,1,3,5,2,26
2016,Odisha,BOLANGIR RTO - OR3( 25-DEC-2017 ),1,DIESEL,144,162,191,165,123,141,141,121,166,167,164,150,"1,835"
2016,Odisha,BOLANGIR RTO - OR3( 25-DEC-2017 ),2,NOT APPLICABLE,47,41,49,48,34,35,51,27,49,48,34,35,498
2016,Odisha,BOLANGIR RTO - OR3( 25-DEC-2017 ),3,PETROL,"1,400","1,950","2,007","2,061","1,981","1,196",928,870,"1,034","1,212","1,073","1,052","16,764"
2016,Odisha,BOLANGIR RTO - OR3( 25-DEC-2017 ),4,PETROL/CNG,0,0,0,0,0,0,1,2,0,0,0,1,4
2016,Odisha,BOLANGIR RTO - OR3( 25-DEC-2017 ),5,PETROL/LPG,3,2,0,1,0,1,0,0,0,0,1,0,8
2016,Odisha,BOUDH RTO - OR27( 23-OCT-2017 ),1,DIESEL,26,25,27,26,23,25,27,16,18,24,30,43,310
2016,Odisha,BOUDH RTO - OR27( 23-OCT-2017 ),2,LPG ONLY,0,0,0,0,0,1,0,0,0,0,0,0,1
2016,Odisha,BOUDH RTO - OR27( 23-OCT-2017 ),3,NOT APPLICABLE,8,5,7,6,1,1,16,3,7,10,8,17,89
2016,Odisha,BOUDH RTO - OR27( 23-OCT-2017 ),4,PETROL,85,298,175,282,217,310,249,128,117,143,299,205,"2,508"
2016,Odisha,BOUDH RTO - OR27( 23-OCT-2017 ),5,PETROL/CNG,0,0,1,0,0,0,0,0,0,0,0,1,2
2016,Odisha,BOUDH RTO - OR27( 23-OCT-2017 ),6,PETROL/LPG,0,0,0,1,3,2,1,0,0,0,0,0,7
2016,Odisha,CHANDIKHOLE RTO - OR4( 23-OCT-2017 ),1,DIESEL,191,284,241,264,163,196,125,259,179,176,193,228,"2,499"
2016,Odisha,CHANDIKHOLE RTO - OR4( 23-OCT-2017 ),2,LPG ONLY,0,0,0,0,0,0,0,0,0,0,1,0,1
2016,Odisha,CHANDIKHOLE RTO - OR4( 23-OCT-2017 ),3,NOT APPLICABLE,25,72,67,51,23,7,19,60,41,29,28,54,476
2016,Odisha,CHANDIKHOLE RTO - OR4( 23-OCT-2017 ),4,PETROL,472,922,973,800,574,900,464,"1,260",924,"1,099",912,903,"10,203"
2016,Odisha,CHANDIKHOLE RTO - OR4( 23-OCT-2017 ),5,PETROL/CNG,0,0,0,0,0,1,0,1,0,0,0,0,2
2016,Odisha,CHANDIKHOLE RTO - OR4( 23-OCT-2017 ),6,PETROL/LPG,1,0,2,2,0,3,0,1,1,1,0,3,14
2016,Odisha,CUTTACK RTO - OR5( 31-MAY-2017 ),1,DIESEL,564,489,503,619,506,460,400,411,525,564,520,539,"6,100"
2016,Odisha,CUTTACK RTO - OR5( 31-MAY-2017 ),2,ELECTRIC(BOV),3,1,1,1,0,0,2,1,0,0,0,0,9
2016,Odisha,CUTTACK RTO - OR5( 31-MAY-2017 ),3,LPG ONLY,0,1,0,0,0,0,0,0,0,0,1,0,2
2016,Odisha,CUTTACK RTO - OR5( 31-MAY-2017 ),4,NOT APPLICABLE,46,71,62,57,40,33,28,42,58,42,46,58,583
2016,Odisha,CUTTACK RTO - OR5( 31-MAY-2017 ),5,PETROL,"3,873","4,063","4,387","4,403","4,679","4,237","4,230","3,765","3,999","5,600","6,009","4,637","53,882"
2016,Odisha,CUTTACK RTO - OR5( 31-MAY-2017 ),6,PETROL/CNG,3,1,2,0,5,2,0,0,0,1,1,1,16
2016,Odisha,CUTTACK RTO - OR5( 31-MAY-2017 ),7,PETROL/LPG,1,2,2,0,2,0,2,1,1,3,2,1,17
2016,Odisha,DEOGARH RTO - OR28( 23-OCT-2017 ),1,DIESEL,564,489,503,619,506,460,400,411,525,564,520,539,"6,100"
2016,Odisha,DEOGARH RTO - OR28( 23-OCT-2017 ),2,ELECTRIC(BOV),3,1,1,1,0,0,2,1,0,0,0,0,9
2016,Odisha,DEOGARH RTO - OR28( 23-OCT-2017 ),3,LPG ONLY,0,1,0,0,0,0,0,0,0,0,1,0,2
2016,Odisha,DEOGARH RTO - OR28( 23-OCT-2017 ),4,NOT APPLICABLE,46,71,62,57,40,33,28,42,58,42,46,58,583
2016,Odisha,DEOGARH RTO - OR28( 23-OCT-2017 ),5,PETROL,"3,873","4,063","4,387","4,403","4,679","4,237","4,230","3,765","3,999","5,600","6,009","4,637","53,882"
2016,Odisha,DEOGARH RTO - OR28( 23-OCT-2017 ),6,PETROL/CNG,3,1,2,0,5,2,0,0,0,1,1,1,16
2016,Odisha,DEOGARH RTO - OR28( 23-OCT-2017 ),7,PETROL/LPG,1,2,2,0,2,0,2,1,1,3,2,1,17
2016,Odisha,DHENKANAL RTO - OR6( 07-NOV-2017 ),1,DIESEL,71,69,119,81,58,66,58,63,68,97,93,78,921
2016,Odisha,DHENKANAL RTO - OR6( 07-NOV-2017 ),2,NOT APPLICABLE,12,8,30,14,16,14,8,21,17,21,15,24,200
2016,Odisha,DHENKANAL RTO - OR6( 07-NOV-2017 ),3,PETROL,651,734,"1,080",849,897,996,781,741,736,"1,190","1,129",574,"10,358"
2016,Odisha,DHENKANAL RTO - OR6( 07-NOV-2017 ),4,PETROL/CNG,0,1,3,0,0,0,1,1,0,0,1,0,7
2016,Odisha,DHENKANAL RTO - OR6( 07-NOV-2017 ),5,PETROL/LPG,2,0,0,1,0,0,0,0,0,0,0,0,3
2016,Odisha,GAJAPATI RTO - OR20( 07-NOV-2017 ),1,DIESEL,27,25,22,20,27,11,33,12,18,43,14,34,286
2016,Odisha,GAJAPATI RTO - OR20( 07-NOV-2017 ),2,NOT APPLICABLE,7,8,13,9,9,5,21,7,11,23,4,20,137
2016,Odisha,GAJAPATI RTO - OR20( 07-NOV-2017 ),3,PETROL,137,219,186,179,199,239,195,156,234,264,124,163,"2,295"
2016,Odisha,GAJAPATI RTO - OR20( 07-NOV-2017 ),4,PETROL/CNG,0,0,0,0,0,0,0,0,0,0,1,0,1
2016,Odisha,GAJAPATI RTO - OR20( 07-NOV-2017 ),5,PETROL/LPG,0,0,0,0,0,1,0,0,0,0,0,0,1
2016,Odisha,GANJAM RTO - OR7( 04-DEC-2017 ),1,DIESEL,283,395,367,370,345,318,367,282,333,411,493,397,"4,361"
2016,Odisha,GANJAM RTO - OR7( 04-DEC-2017 ),2,LPG ONLY,0,0,0,0,0,1,0,0,0,0,0,0,1
2016,Odisha,GANJAM RTO - OR7( 04-DEC-2017 ),3,NOT APPLICABLE,63,72,72,68,81,60,78,74,88,68,103,83,910
2016,Odisha,GANJAM RTO - OR7( 04-DEC-2017 ),4,PETROL,"2,211","2,431","2,776","3,172","3,569","2,961","1,936","3,155","1,823","2,424","3,949","3,703","34,110"
2016,Odisha,GANJAM RTO - OR7( 04-DEC-2017 ),5,PETROL/CNG,2,1,2,0,2,0,1,0,2,0,2,1,13
2016,Odisha,GANJAM RTO - OR7( 04-DEC-2017 ),6,PETROL/LPG,0,0,1,0,1,0,1,2,0,1,3,0,9
2016,Odisha,JAGATSINGHPUR RTO - OR21( 04-DEC-2017 ),1,DIESEL,78,90,97,92,58,89,114,67,93,134,98,96,"1,106"
2016,Odisha,JAGATSINGHPUR RTO - OR21( 04-DEC-2017 ),2,NOT APPLICABLE,16,25,31,24,14,17,17,17,24,29,18,17,249
2016,Odisha,JAGATSINGHPUR RTO - OR21( 04-DEC-2017 ),3,PETROL,905,954,"1,150",963,"1,002","1,331","1,168",781,980,"1,504","1,693","1,007","13,438"
2016,Odisha,JAGATSINGHPUR RTO - OR21( 04-DEC-2017 ),4,PETROL/CNG,0,1,0,0,0,1,1,0,0,0,1,1,5
2016,Odisha,JAGATSINGHPUR RTO - OR21( 04-DEC-2017 ),5,PETROL/LPG,0,0,1,3,0,2,2,1,0,0,0,0,9
2016,Odisha,JAJPUR RTO - OR34( 23-OCT-2017 ),1,DIESEL,52,51,58,72,63,59,86,99,66,73,117,122,918
2016,Odisha,JAJPUR RTO - OR34( 23-OCT-2017 ),2,NOT APPLICABLE,15,34,31,27,41,58,55,46,23,40,36,45,451
2016,Odisha,JAJPUR RTO - OR34( 23-OCT-2017 ),3,PETROL,"1,700","1,427","1,414","1,531","1,680","2,122","1,666","2,379","1,124","1,270","1,826","1,568","19,707"
2016,Odisha,JAJPUR RTO - OR34( 23-OCT-2017 ),4,PETROL/CNG,0,0,1,0,0,0,0,0,0,0,0,0,1
2016,Odisha,JHARSUGUDA RTO - OR23( 07-NOV-2017 ),1,DIESEL,140,145,124,150,165,152,133,148,105,121,164,161,"1,708"
2016,Odisha,JHARSUGUDA RTO - OR23( 07-NOV-2017 ),2,NOT APPLICABLE,5,3,5,6,2,4,9,10,6,11,4,7,72
2016,Odisha,JHARSUGUDA RTO - OR23( 07-NOV-2017 ),3,PETROL,866,816,804,"1,012",984,803,990,834,605,"1,237","1,346",903,"11,200"
2016,Odisha,JHARSUGUDA RTO - OR23( 07-NOV-2017 ),4,PETROL/CNG,1,0,0,1,0,0,0,0,0,0,0,0,2
2016,Odisha,KALAHANDI RTO - OR8( 23-OCT-2017 ),1,DIESEL,140,201,118,196,113,111,136,110,131,122,155,122,"1,655"
2016,Odisha,KALAHANDI RTO - OR8( 23-OCT-2017 ),2,ELECTRIC(BOV),0,0,0,1,2,1,0,0,0,0,0,0,4
2016,Odisha,KALAHANDI RTO - OR8( 23-OCT-2017 ),3,LPG ONLY,0,0,0,0,0,0,0,0,1,1,1,0,3
2016,Odisha,KALAHANDI RTO - OR8( 23-OCT-2017 ),4,NOT APPLICABLE,34,64,26,55,23,24,34,22,30,18,26,25,381
2016,Odisha,KALAHANDI RTO - OR8( 23-OCT-2017 ),5,PETROL,825,"1,689","1,744","1,694","1,718",962,"1,347",782,776,870,710,626,"13,743"
2016,Odisha,KALAHANDI RTO - OR8( 23-OCT-2017 ),6,PETROL/CNG,2,3,2,1,0,1,1,0,0,2,0,1,13
2016,Odisha,KENDRAPARA RTO - OR29( 23-OCT-2017 ),1,DIESEL,109,116,137,91,96,89,95,97,93,80,144,164,"1,311"
2016,Odisha,KENDRAPARA RTO - OR29( 23-OCT-2017 ),2,LPG ONLY,0,1,0,0,0,0,0,0,0,0,0,0,1
2016,Odisha,KENDRAPARA RTO - OR29( 23-OCT-2017 ),3,NOT APPLICABLE,34,34,45,27,21,15,5,5,8,11,39,28,272
2016,Odisha,KENDRAPARA RTO - OR29( 23-OCT-2017 ),4,PETROL,548,567,777,635,845,880,743,522,541,669,952,634,"8,313"
2016,Odisha,KENDRAPARA RTO - OR29( 23-OCT-2017 ),5,PETROL/CNG,0,0,0,0,0,1,1,0,0,0,0,0,2
2016,Odisha,KEONJHAR RTO - OR9( 04-DEC-2017 ),1,DIESEL,153,173,107,155,75,201,149,181,128,134,231,167,"1,854"
2016,Odisha,KEONJHAR RTO - OR9( 04-DEC-2017 ),2,LPG ONLY,0,1,0,0,0,0,0,0,0,0,0,0,1
2016,Odisha,KEONJHAR RTO - OR9( 04-DEC-2017 ),3,NOT APPLICABLE,26,29,11,32,10,31,36,31,41,23,44,41,355
2016,Odisha,KEONJHAR RTO - OR9( 04-DEC-2017 ),4,PETROL,785,827,599,889,759,"1,292","1,380",817,763,625,"1,628",844,"11,208"
2016,Odisha,KEONJHAR RTO - OR9( 04-DEC-2017 ),5,PETROL/CNG,0,0,0,0,0,0,0,0,0,0,1,0,1
2016,Odisha,KEONJHAR RTO - OR9( 04-DEC-2017 ),6,PETROL/LPG,0,0,0,1,0,1,0,0,0,0,0,0,2
2016,Odisha,KHORDHA ARTO - OR201( 20-JAN-2018 ),1,DIESEL,126,82,88,116,125,120,95,135,81,117,113,124,"1,322"
2016,Odisha,KHORDHA ARTO - OR201( 20-JAN-2018 ),2,NOT APPLICABLE,19,8,6,5,9,3,10,7,12,11,13,9,112
2016,Odisha,KHORDHA ARTO - OR201( 20-JAN-2018 ),3,PETROL,535,529,296,465,392,583,373,527,402,425,611,586,"5,724"
2016,Odisha,KHORDHA ARTO - OR201( 20-JAN-2018 ),4,PETROL/CNG,0,0,0,0,0,1,0,0,0,1,1,0,3
2016,Odisha,KHORDHA ARTO - OR201( 20-JAN-2018 ),5,PETROL/LPG,0,0,1,0,0,0,1,0,1,1,0,1,5
2016,Odisha,KORAPUT RTO - OR10( 25-DEC-2017 ),1,DIESEL,191,135,181,169,213,121,132,133,161,123,217,146,"1,922"
2016,Odisha,KORAPUT RTO - OR10( 25-DEC-2017 ),2,LPG ONLY,0,0,0,0,0,0,0,0,0,0,1,0,1
2016,Odisha,KORAPUT RTO - OR10( 25-DEC-2017 ),3,NOT APPLICABLE,26,30,27,27,31,15,16,23,34,20,26,39,314
2016,Odisha,KORAPUT RTO - OR10( 25-DEC-2017 ),4,PETROL,"1,193","1,278","1,561","1,196","1,418","1,314",929,901,"1,154","1,268","1,887",945,"15,044"
2016,Odisha,KORAPUT RTO - OR10( 25-DEC-2017 ),5,PETROL/CNG,0,0,1,0,2,1,1,1,1,0,0,0,7
2016,Odisha,KORAPUT RTO - OR10( 25-DEC-2017 ),6,PETROL/LPG,0,0,1,0,0,0,0,0,0,0,0,0,1
2016,Odisha,MALKANAGIRI RTO - OR30( 25-DEC-2017 ),1,DIESEL,36,49,58,53,64,37,52,53,105,60,73,56,696
2016,Odisha,MALKANAGIRI RTO - OR30( 25-DEC-2017 ),2,NOT APPLICABLE,5,3,13,12,15,7,9,7,24,12,8,13,128
2016,Odisha,MALKANAGIRI RTO - OR30( 25-DEC-2017 ),3,PETROL,193,328,305,207,419,370,222,314,477,144,411,480,"3,870"
2016,Odisha,MALKANAGIRI RTO - OR30( 25-DEC-2017 ),4,PETROL/CNG,0,0,0,0,0,0,0,0,0,1,0,0,1
2016,Odisha,MAYURBHANJ RTO - OR11( 08-NOV-2017 ),1,DIESEL,135,161,147,163,152,116,163,150,107,173,153,132,"1,752"
2016,Odisha,MAYURBHANJ RTO - OR11( 08-NOV-2017 ),2,ELECTRIC(BOV),0,0,0,0,0,1,0,0,0,0,0,0,1
2016,Odisha,MAYURBHANJ RTO - OR11( 08-NOV-2017 ),3,NOT APPLICABLE,23,42,37,30,36,27,23,38,29,29,33,32,379
2016,Odisha,MAYURBHANJ RTO - OR11( 08-NOV-2017 ),4,PETROL,"1,513","1,147","1,551","1,553","1,514","1,376","1,664","1,108","1,125","2,127","1,765",988,"17,431"
2016,Odisha,MAYURBHANJ RTO - OR11( 08-NOV-2017 ),5,PETROL/CNG,3,1,0,2,0,0,0,1,1,0,2,0,10
2016,Odisha,MAYURBHANJ RTO - OR11( 08-NOV-2017 ),6,PETROL/LPG,0,0,1,0,0,0,0,0,0,1,0,0,2
2016,Odisha,NAWARANGPUR RTO - OR24( 07-NOV-2017 ),1,DIESEL,76,97,115,113,38,68,41,124,72,70,84,56,954
2016,Odisha,NAWARANGPUR RTO - OR24( 07-NOV-2017 ),2,NOT APPLICABLE,31,25,34,45,7,10,5,79,21,17,11,23,308
2016,Odisha,NAWARANGPUR RTO - OR24( 07-NOV-2017 ),3,PETROL,353,480,387,568,202,652,242,400,371,386,442,130,"4,613"
2016,Odisha,NAYAGARH RTO - OR25( 25-DEC-2017 ),1,DIESEL,86,109,66,67,72,77,67,84,59,82,113,53,935
2016,Odisha,NAYAGARH RTO - OR25( 25-DEC-2017 ),2,ELECTRIC(BOV),0,0,0,0,0,0,0,0,0,0,1,0,1
2016,Odisha,NAYAGARH RTO - OR25( 25-DEC-2017 ),3,NOT APPLICABLE,25,32,18,29,14,21,15,13,11,15,28,11,232
2016,Odisha,NAYAGARH RTO - OR25( 25-DEC-2017 ),4,PETROL,"1,130",720,985,"1,132","1,096",941,"1,128",739,981,"1,331","1,524",722,"12,429"
2016,Odisha,NAYAGARH RTO - OR25( 25-DEC-2017 ),5,PETROL/CNG,0,0,0,0,0,1,1,0,1,2,6,4,15
2016,Odisha,NAYAGARH RTO - OR25( 25-DEC-2017 ),6,PETROL/LPG,1,0,0,0,0,0,0,0,0,0,0,0,1
2016,Odisha,NUAPADA RTO - OR26( 06-NOV-2017 ),1,DIESEL,50,71,64,23,52,27,40,43,41,34,30,73,548
2016,Odisha,NUAPADA RTO - OR26( 06-NOV-2017 ),2,LPG ONLY,0,0,0,0,1,1,0,0,0,0,0,0,2
2016,Odisha,NUAPADA RTO - OR26( 06-NOV-2017 ),3,NOT APPLICABLE,10,38,22,9,8,3,10,10,20,4,12,12,158
2016,Odisha,NUAPADA RTO - OR26( 06-NOV-2017 ),4,PETROL,312,397,514,319,558,390,324,388,257,307,279,474,"4,519"
2016,Odisha,NUAPADA RTO - OR26( 06-NOV-2017 ),5,PETROL/LPG,0,1,3,2,4,2,1,3,1,1,0,1,19
2016,Odisha,PHULBANI RTO - OR12( 23-OCT-2017 ),1,DIESEL,85,82,71,60,77,80,80,78,60,101,80,62,916
2016,Odisha,PHULBANI RTO - OR12( 23-OCT-2017 ),2,NOT APPLICABLE,12,11,9,8,13,8,2,5,5,7,6,12,98
2016,Odisha,PHULBANI RTO - OR12( 23-OCT-2017 ),3,PETROL,270,298,302,353,364,226,310,264,299,381,446,245,"3,758"
2016,Odisha,PHULBANI RTO - OR12( 23-OCT-2017 ),4,PETROL/CNG,0,0,1,0,0,0,1,0,0,0,0,0,2
2016,Odisha,PURI RTO - OR13( 25-DEC-2017 ),1,DIESEL,81,117,93,95,118,93,109,109,128,126,130,103,"1,302"
2016,Odisha,PURI RTO - OR13( 25-DEC-2017 ),2,ELECTRIC(BOV),0,0,0,0,0,0,0,0,0,1,0,0,1
2016,Odisha,PURI RTO - OR13( 25-DEC-2017 ),3,LPG ONLY,0,0,0,0,1,0,0,0,0,0,0,0,1
2016,Odisha,PURI RTO - OR13( 25-DEC-2017 ),4,NOT APPLICABLE,3,2,5,4,0,1,6,17,18,9,19,13,97
2016,Odisha,PURI RTO - OR13( 25-DEC-2017 ),5,PETROL,494,"1,162","1,374","1,167",984,739,"1,373","1,540","1,091",962,"1,930","1,153","13,969"
2016,Odisha,PURI RTO - OR13( 25-DEC-2017 ),6,PETROL/CNG,0,0,0,1,0,0,1,0,0,0,0,1,3
2016,Odisha,PURI RTO - OR13( 25-DEC-2017 ),7,PETROL/LPG,0,1,0,2,0,1,0,1,0,0,0,0,5
2016,Odisha,RAIRANGPUR ARTO - OR111( 08-NOV-2017 ),1,DIESEL,77,73,90,62,82,76,86,76,70,99,94,89,974
2016,Odisha,RAIRANGPUR ARTO - OR111( 08-NOV-2017 ),2,NOT APPLICABLE,13,7,34,13,22,24,18,15,14,28,29,15,232
2016,Odisha,RAIRANGPUR ARTO - OR111( 08-NOV-2017 ),3,PETROL,202,169,135,160,172,206,195,198,194,225,314,189,"2,359"
2016,Odisha,RAIRANGPUR ARTO - OR111( 08-NOV-2017 ),4,PETROL/CNG,0,0,0,1,0,0,0,0,0,0,0,0,1
2016,Odisha,RAYGADA RTO - OR18( 25-DEC-2017 ),1,DIESEL,71,114,105,91,107,80,85,88,90,74,100,87,"1,092"
2016,Odisha,RAYGADA RTO - OR18( 25-DEC-2017 ),2,NOT APPLICABLE,20,33,30,17,23,10,25,17,21,19,28,26,269
2016,Odisha,RAYGADA RTO - OR18( 25-DEC-2017 ),3,PETROL,479,778,704,587,"1,053",900,741,484,596,709,878,426,"8,335"
2016,Odisha,RAYGADA RTO - OR18( 25-DEC-2017 ),4,PETROL/CNG,0,2,0,1,0,0,0,0,1,1,0,1,6
2016,Odisha,RAYGADA RTO - OR18( 25-DEC-2017 ),5,PETROL/LPG,0,0,0,0,0,1,0,0,0,0,0,0,1
2016,Odisha,ROURKELA RTO - OR14( 25-DEC-2017 ),1,DIESEL,240,282,279,208,256,246,175,154,218,227,248,238,"2,771"
2016,Odisha,ROURKELA RTO - OR14( 25-DEC-2017 ),2,NOT APPLICABLE,8,13,13,16,11,20,27,6,12,10,13,10,159
2016,Odisha,ROURKELA RTO - OR14( 25-DEC-2017 ),3,PETROL,"1,525","1,657","1,574","1,556","1,746","1,653","1,548","1,408","1,560","1,829","2,525","1,967","20,548"
2016,Odisha,ROURKELA RTO - OR14( 25-DEC-2017 ),4,PETROL/CNG,0,3,0,0,0,0,0,0,2,0,0,1,6
2016,Odisha,ROURKELA RTO - OR14( 25-DEC-2017 ),5,PETROL/LPG,3,1,0,1,0,1,0,0,1,0,1,0,8
2016,Odisha,SAMBALPUR RTO - OR15( 04-DEC-2017 ),1,DIESEL,285,295,266,316,319,238,206,159,213,266,247,299,"3,109"
2016,Odisha,SAMBALPUR RTO - OR15( 04-DEC-2017 ),2,ELECTRIC(BOV),0,0,0,0,0,0,1,0,0,1,0,0,2
2016,Odisha,SAMBALPUR RTO - OR15( 04-DEC-2017 ),3,NOT APPLICABLE,21,27,27,33,46,12,30,13,22,24,25,35,315
2016,Odisha,SAMBALPUR RTO - OR15( 04-DEC-2017 ),4,PETROL,"1,577","1,504","1,648","1,359","1,490","1,557","1,180",993,"1,194","1,625","1,360","1,570","17,057"
2016,Odisha,SAMBALPUR RTO - OR15( 04-DEC-2017 ),5,PETROL/CNG,0,0,1,0,1,4,0,1,0,1,0,1,9
2016,Odisha,SAMBALPUR RTO - OR15( 04-DEC-2017 ),6,PETROL/LPG,0,0,0,0,0,1,0,0,0,1,0,1,3
2016,Odisha,SONEPUR RTO - OR31( 08-NOV-2017 ),1,DIESEL,55,42,62,49,35,49,51,40,45,56,61,58,603
2016,Odisha,SONEPUR RTO - OR31( 08-NOV-2017 ),2,NOT APPLICABLE,24,22,38,31,21,25,35,20,20,27,32,20,315
2016,Odisha,SONEPUR RTO - OR31( 08-NOV-2017 ),3,PETROL,432,811,992,"1,296",704,"1,663",435,694,333,666,640,513,"9,179"
2016,Odisha,SONEPUR RTO - OR31( 08-NOV-2017 ),4,PETROL/CNG,0,1,1,3,0,2,0,0,0,0,1,0,8
2016,Odisha,SONEPUR RTO - OR31( 08-NOV-2017 ),5,PETROL/LPG,0,2,1,0,1,0,0,0,0,0,1,0,5
2016,Odisha,SUNDERGARH RTO - OR16( 08-NOV-2017 ),1,DIESEL,197,151,163,229,277,234,180,163,138,142,146,126,"2,146"
2016,Odisha,SUNDERGARH RTO - OR16( 08-NOV-2017 ),2,NOT APPLICABLE,22,28,37,31,42,28,34,16,24,14,19,27,322
2016,Odisha,SUNDERGARH RTO - OR16( 08-NOV-2017 ),3,PETROL,513,463,737,662,642,603,788,471,402,494,711,677,"7,163"
2016,Odisha,SUNDERGARH RTO - OR16( 08-NOV-2017 ),4,PETROL/CNG,0,0,0,1,0,0,0,0,0,2,2,2,7
2016,Odisha,SUNDERGARH RTO - OR16( 08-NOV-2017 ),5,PETROL/LPG,2,0,0,0,0,0,0,0,0,0,0,0,2
2016,Odisha,TALCHER RTO - OR35( 25-DEC-2017 ),1,DIESEL,84,91,76,80,69,58,86,88,37,106,95,132,"1,002"
2016,Odisha,TALCHER RTO - OR35( 25-DEC-2017 ),2,LPG ONLY,0,0,0,0,1,0,0,0,0,0,0,0,1
2016,Odisha,TALCHER RTO - OR35( 25-DEC-2017 ),3,NOT APPLICABLE,1,3,6,1,1,0,0,1,0,0,4,6,23
2016,Odisha,TALCHER RTO - OR35( 25-DEC-2017 ),4,PETROL,401,441,587,341,730,467,412,586,276,707,561,869,"6,378"
2016,Odisha,TALCHER RTO - OR35( 25-DEC-2017 ),5,PETROL/CNG,0,0,0,0,1,0,0,1,0,0,1,1,4
2016,Odisha,TALCHER RTO - OR35( 25-DEC-2017 ),6,PETROL/LPG,0,0,0,0,0,0,0,1,0,2,0,1,4
2015,Odisha,ANGUL RTO - OR19( 25-DEC-2017 ),1,DIESEL,192,183,174,175,175,187,195,169,211,227,236,224,"2,348"
2015,Odisha,ANGUL RTO - OR19( 25-DEC-2017 ),2,LPG ONLY,0,0,0,1,0,0,0,1,1,0,2,1,6
2015,Odisha,ANGUL RTO - OR19( 25-DEC-2017 ),3,NOT APPLICABLE,19,26,26,19,22,6,24,24,48,44,10,23,291
2015,Odisha,ANGUL RTO - OR19( 25-DEC-2017 ),4,PETROL,868,876,"1,184","1,044","1,228","1,047","1,219","1,266","1,011","1,363","1,995","1,188","14,289"
2015,Odisha,ANGUL RTO - OR19( 25-DEC-2017 ),5,PETROL/CNG,0,0,2,0,2,0,0,1,0,1,0,0,6
2015,Odisha,ANGUL RTO - OR19( 25-DEC-2017 ),6,PETROL/LPG,2,1,2,1,0,0,0,0,0,0,0,2,8
2015,Odisha,ARTO BARBIL - OR901( 04-DEC-2017 ),1,DIESEL,53,38,58,50,103,79,113,82,93,73,100,108,950
2015,Odisha,ARTO BARBIL - OR901( 04-DEC-2017 ),2,NOT APPLICABLE,0,0,1,0,0,0,0,0,2,2,1,0,6
2015,Odisha,ARTO BARBIL - OR901( 04-DEC-2017 ),3,PETROL,181,176,179,221,287,356,297,245,258,313,396,354,"3,263"
2015,Odisha,ARTO BARBIL - OR901( 04-DEC-2017 ),4,PETROL/CNG,0,0,0,0,0,1,0,1,0,0,0,0,2
2015,Odisha,BALASORE RTO - OR1( 07-NOV-2017 ),1,CNG ONLY,0,0,0,0,0,0,0,0,0,0,1,0,1
2015,Odisha,BALASORE RTO - OR1( 07-NOV-2017 ),2,DIESEL,334,334,363,303,304,289,321,270,278,364,428,407,"3,995"
2015,Odisha,BALASORE RTO - OR1( 07-NOV-2017 ),3,ELECTRIC(BOV),0,1,0,0,1,0,0,0,0,0,0,0,2
2015,Odisha,BALASORE RTO - OR1( 07-NOV-2017 ),4,LPG ONLY,0,1,0,0,1,0,0,0,1,0,0,1,4
2015,Odisha,BALASORE RTO - OR1( 07-NOV-2017 ),5,NOT APPLICABLE,47,52,52,38,36,24,25,19,30,40,60,47,470
2015,Odisha,BALASORE RTO - OR1( 07-NOV-2017 ),6,PETROL,"2,513","2,171","2,601","2,503","2,900","3,225","2,955","2,049","2,119","3,227","4,402","2,867","33,532"
2015,Odisha,BALASORE RTO - OR1( 07-NOV-2017 ),7,PETROL/CNG,0,1,0,1,4,4,0,1,1,0,4,2,18
2015,Odisha,BALASORE RTO - OR1( 07-NOV-2017 ),8,PETROL/LPG,0,0,0,2,0,1,1,0,0,0,13,1,18
2015,Odisha,BARGARH RTO - OR17( 04-DEC-2017 ),1,DIESEL,201,197,169,147,176,154,149,210,186,198,214,230,"2,231"
2015,Odisha,BARGARH RTO - OR17( 04-DEC-2017 ),2,LPG ONLY,0,0,0,0,1,0,0,1,0,0,0,0,2
2015,Odisha,BARGARH RTO - OR17( 04-DEC-2017 ),3,NOT APPLICABLE,31,39,40,40,39,33,44,28,28,45,41,33,441
2015,Odisha,BARGARH RTO - OR17( 04-DEC-2017 ),4,PETROL,"1,413","1,792","1,896","1,732","1,903","1,749","1,608","1,149","1,112","1,270","1,587","1,171","18,382"
2015,Odisha,BARGARH RTO - OR17( 04-DEC-2017 ),5,PETROL/CNG,0,0,1,0,2,1,0,0,1,0,0,0,5
2015,Odisha,BARGARH RTO - OR17( 04-DEC-2017 ),6,PETROL/LPG,1,0,0,1,0,0,2,0,0,0,1,0,5
2015,Odisha,BHADRAK RTO - OR22( 04-DEC-2017 ),1,DIESEL,138,127,149,124,134,103,110,119,112,161,174,198,"1,649"
2015,Odisha,BHADRAK RTO - OR22( 04-DEC-2017 ),2,NOT APPLICABLE,24,20,33,27,21,17,18,16,25,31,38,38,308
2015,Odisha,BHADRAK RTO - OR22( 04-DEC-2017 ),3,PETROL,"1,312","1,229","1,388","1,200","1,470","1,563","1,315","1,089","1,003","1,703","2,153","1,637","17,062"
2015,Odisha,BHADRAK RTO - OR22( 04-DEC-2017 ),4,PETROL/CNG,0,0,1,0,0,0,1,1,0,1,3,1,8
2015,Odisha,BHADRAK RTO - OR22( 04-DEC-2017 ),5,PETROL/LPG,1,0,0,0,0,0,1,0,0,0,0,0,2
2015,Odisha,BHANJANAGAR RTO - OR32( 04-DEC-2017 ),1,DIESEL,64,85,60,54,62,79,70,65,71,80,82,96,868
2015,Odisha,BHANJANAGAR RTO - OR32( 04-DEC-2017 ),2,NOT APPLICABLE,21,26,13,10,21,21,24,12,31,39,35,21,274
2015,Odisha,BHANJANAGAR RTO - OR32( 04-DEC-2017 ),3,PETROL,399,749,693,628,717,586,519,632,427,589,"1,024",709,"7,672"
2015,Odisha,BHANJANAGAR RTO - OR32( 04-DEC-2017 ),4,PETROL/CNG,0,0,0,0,0,0,0,1,0,0,1,2,4
2015,Odisha,BHANJANAGAR RTO - OR32( 04-DEC-2017 ),5,PETROL/LPG,0,0,0,0,1,0,0,0,0,2,0,0,3
2015,Odisha,BHUBANESWAR-II RTO - OR33( 23-OCT-2017 ),1,DIESEL,302,333,399,406,323,353,476,346,365,445,483,463,"4,694"
2015,Odisha,BHUBANESWAR-II RTO - OR33( 23-OCT-2017 ),2,ELECTRIC(BOV),0,0,0,1,0,0,0,0,0,0,0,0,1
2015,Odisha,BHUBANESWAR-II RTO - OR33( 23-OCT-2017 ),3,LPG ONLY,0,0,0,0,0,0,0,0,0,0,2,0,2
2015,Odisha,BHUBANESWAR-II RTO - OR33( 23-OCT-2017 ),4,NOT APPLICABLE,32,37,34,51,30,43,48,13,61,78,12,42,481
2015,Odisha,BHUBANESWAR-II RTO - OR33( 23-OCT-2017 ),5,PETROL,"2,136","2,124","2,187","2,280","2,298","2,541","2,979","2,372","2,445","2,745","3,829","3,462","31,398"
2015,Odisha,BHUBANESWAR-II RTO - OR33( 23-OCT-2017 ),6,PETROL/CNG,2,2,3,1,3,0,1,0,0,6,2,2,22
2015,Odisha,BHUBANESWAR-II RTO - OR33( 23-OCT-2017 ),7,PETROL/LPG,0,0,0,2,0,1,1,0,3,2,2,0,11
2015,Odisha,BHUBANESWAR RTO - OR2( 22-JAN-2018 ),1,CNG ONLY,0,0,0,0,0,0,0,0,0,1,0,0,1
2015,Odisha,BHUBANESWAR RTO - OR2( 22-JAN-2018 ),2,DIESEL,809,774,632,703,599,631,732,667,748,914,"1,101",873,"9,183"
2015,Odisha,BHUBANESWAR RTO - OR2( 22-JAN-2018 ),3,ELECTRIC(BOV),0,0,3,2,3,0,7,0,0,2,1,10,28
2015,Odisha,BHUBANESWAR RTO - OR2( 22-JAN-2018 ),4,LPG ONLY,0,0,0,0,0,0,0,1,0,0,0,0,1
2015,Odisha,BHUBANESWAR RTO - OR2( 22-JAN-2018 ),5,NOT APPLICABLE,8,8,4,12,7,6,11,13,6,27,26,31,159
2015,Odisha,BHUBANESWAR RTO - OR2( 22-JAN-2018 ),6,PETROL,"3,334","3,523","3,241","3,591","3,455","3,679","4,453","3,754","3,658","4,183","5,832","4,504","47,207"
2015,Odisha,BHUBANESWAR RTO - OR2( 22-JAN-2018 ),7,PETROL/CNG,1,2,0,1,0,1,1,3,0,4,2,3,18
2015,Odisha,BHUBANESWAR RTO - OR2( 22-JAN-2018 ),8,PETROL/LPG,3,3,2,2,3,3,3,5,2,3,2,2,33
2015,Odisha,BOLANGIR RTO - OR3( 25-DEC-2017 ),1,DIESEL,167,171,162,133,129,130,191,118,120,184,170,170,"1,845"
2015,Odisha,BOLANGIR RTO - OR3( 25-DEC-2017 ),2,NOT APPLICABLE,29,45,41,26,30,29,72,27,28,57,41,35,460
2015,Odisha,BOLANGIR RTO - OR3( 25-DEC-2017 ),3,PETROL,"1,565","2,183","2,002","1,920","1,358","1,148",938,846,791,"1,150",945,"1,072","15,918"
2015,Odisha,BOLANGIR RTO - OR3( 25-DEC-2017 ),4,PETROL/CNG,2,2,3,2,1,2,0,0,0,0,0,0,12
2015,Odisha,BOLANGIR RTO - OR3( 25-DEC-2017 ),5,PETROL/LPG,0,5,2,1,2,0,0,1,0,1,2,0,14
2015,Odisha,BOUDH RTO - OR27( 23-OCT-2017 ),1,DIESEL,28,20,30,23,12,14,41,22,22,16,22,21,271
2015,Odisha,BOUDH RTO - OR27( 23-OCT-2017 ),2,NOT APPLICABLE,3,2,7,7,3,7,18,7,6,2,3,3,68
2015,Odisha,BOUDH RTO - OR27( 23-OCT-2017 ),3,PETROL,121,216,395,248,194,193,180,134,104,130,204,107,"2,226"
2015,Odisha,BOUDH RTO - OR27( 23-OCT-2017 ),4,PETROL/CNG,0,1,0,0,0,0,0,0,0,0,0,0,1
2015,Odisha,BOUDH RTO - OR27( 23-OCT-2017 ),5,PETROL/LPG,0,0,2,0,1,0,1,0,0,0,1,0,5
2015,Odisha,CHANDIKHOLE RTO - OR4( 23-OCT-2017 ),1,DIESEL,252,224,286,219,230,183,232,223,249,235,288,176,"2,797"
2015,Odisha,CHANDIKHOLE RTO - OR4( 23-OCT-2017 ),2,ELECTRIC(BOV),0,0,1,0,0,0,0,0,0,0,0,0,1
2015,Odisha,CHANDIKHOLE RTO - OR4( 23-OCT-2017 ),3,LPG ONLY,0,0,0,1,0,0,0,1,0,0,0,0,2
2015,Odisha,CHANDIKHOLE RTO - OR4( 23-OCT-2017 ),4,NOT APPLICABLE,38,33,66,31,34,42,55,45,45,46,57,30,522
2015,Odisha,CHANDIKHOLE RTO - OR4( 23-OCT-2017 ),5,PETROL,"1,623","2,578","2,054","2,031","2,290","1,879","1,643","1,060",724,709,"1,458","1,022","19,071"
2015,Odisha,CHANDIKHOLE RTO - OR4( 23-OCT-2017 ),6,PETROL/CNG,1,4,1,0,3,1,0,0,2,1,0,0,13
2015,Odisha,CHANDIKHOLE RTO - OR4( 23-OCT-2017 ),7,PETROL/LPG,0,9,5,1,3,1,0,0,2,0,13,1,35
2015,Odisha,CUTTACK RTO - OR5( 31-MAY-2017 ),1,DIESEL,547,620,481,489,428,427,440,424,604,656,661,581,"6,358"
2015,Odisha,CUTTACK RTO - OR5( 31-MAY-2017 ),2,ELECTRIC(BOV),1,0,0,1,0,0,0,0,0,0,2,2,6
2015,Odisha,CUTTACK RTO - OR5( 31-MAY-2017 ),3,LPG ONLY,0,0,0,0,0,0,1,0,0,0,0,0,1
2015,Odisha,CUTTACK RTO - OR5( 31-MAY-2017 ),4,NOT APPLICABLE,44,28,40,30,37,47,26,48,85,42,64,65,556
2015,Odisha,CUTTACK RTO - OR5( 31-MAY-2017 ),5,PETROL,"3,820","3,684","3,491","3,611","3,889","4,523","4,032","3,576","3,509","4,398","6,505","4,592","49,630"
2015,Odisha,CUTTACK RTO - OR5( 31-MAY-2017 ),6,PETROL/CNG,3,1,3,1,1,0,0,0,0,0,2,3,14
2015,Odisha,CUTTACK RTO - OR5( 31-MAY-2017 ),7,PETROL/LPG,3,3,0,1,1,1,0,1,3,0,8,2,23
2015,Odisha,DEOGARH RTO - OR28( 23-OCT-2017 ),1,DIESEL,22,20,18,18,9,12,11,13,13,15,23,28,202
2015,Odisha,DEOGARH RTO - OR28( 23-OCT-2017 ),2,NOT APPLICABLE,3,4,1,2,1,6,4,6,1,3,1,7,39
2015,Odisha,DEOGARH RTO - OR28( 23-OCT-2017 ),3,PETROL,162,140,100,119,115,79,198,135,55,112,206,188,"1,609"
2015,Odisha,DEOGARH RTO - OR28( 23-OCT-2017 ),4,PETROL/CNG,1,0,0,0,0,0,0,0,0,0,0,0,1
2015,Odisha,DEOGARH RTO - OR28( 23-OCT-2017 ),5,PETROL/LPG,2,3,0,0,1,0,2,0,0,0,0,0,8
2015,Odisha,DHENKANAL RTO - OR6( 07-NOV-2017 ),1,DIESEL,66,59,61,55,65,51,69,72,52,85,86,90,811
2015,Odisha,DHENKANAL RTO - OR6( 07-NOV-2017 ),2,ELECTRIC(BOV),0,0,1,0,0,0,0,0,0,1,0,0,2
2015,Odisha,DHENKANAL RTO - OR6( 07-NOV-2017 ),3,NOT APPLICABLE,5,15,9,14,24,15,15,19,10,17,25,19,187
2015,Odisha,DHENKANAL RTO - OR6( 07-NOV-2017 ),4,PETROL,805,724,862,774,709,920,791,593,703,"1,308","1,020",756,"9,965"
2015,Odisha,DHENKANAL RTO - OR6( 07-NOV-2017 ),5,PETROL/CNG,1,1,1,1,0,0,0,0,0,1,0,1,6
2015,Odisha,DHENKANAL RTO - OR6( 07-NOV-2017 ),6,PETROL/LPG,0,0,0,0,0,1,1,0,0,0,0,0,2
2015,Odisha,GAJAPATI RTO - OR20( 07-NOV-2017 ),1,DIESEL,14,24,18,20,9,20,25,17,18,14,30,47,256
2015,Odisha,GAJAPATI RTO - OR20( 07-NOV-2017 ),2,NOT APPLICABLE,5,10,8,8,3,10,2,9,11,9,13,29,117
2015,Odisha,GAJAPATI RTO - OR20( 07-NOV-2017 ),3,PETROL,107,149,104,323,190,118,95,95,163,110,176,215,"1,845"
2015,Odisha,GAJAPATI RTO - OR20( 07-NOV-2017 ),4,PETROL/LPG,0,0,0,1,0,0,0,0,0,0,0,0,1
2015,Odisha,GANJAM RTO - OR7( 04-DEC-2017 ),1,DIESEL,363,345,363,293,342,372,392,322,299,362,335,363,"4,151"
2015,Odisha,GANJAM RTO - OR7( 04-DEC-2017 ),2,NOT APPLICABLE,78,59,78,49,56,85,56,54,46,72,57,66,756
2015,Odisha,GANJAM RTO - OR7( 04-DEC-2017 ),3,PETROL,"2,437","2,438","2,448","2,543","2,881","3,009","3,515","2,065","1,854","2,110","3,277","3,540","32,117"
2015,Odisha,GANJAM RTO - OR7( 04-DEC-2017 ),4,PETROL/CNG,0,1,0,0,3,0,1,1,0,1,3,0,10
2015,Odisha,GANJAM RTO - OR7( 04-DEC-2017 ),5,PETROL/LPG,0,1,2,0,0,1,1,0,0,0,2,1,8
2015,Odisha,JAGATSINGHPUR RTO - OR21( 04-DEC-2017 ),1,DIESEL,90,86,102,59,73,69,82,76,85,103,109,106,"1,040"
2015,Odisha,JAGATSINGHPUR RTO - OR21( 04-DEC-2017 ),2,NOT APPLICABLE,12,20,33,16,17,19,25,15,29,28,22,31,267
2015,Odisha,JAGATSINGHPUR RTO - OR21( 04-DEC-2017 ),3,PETROL,946,664,884,767,982,"1,218","1,117",753,856,860,"1,584","1,040","11,671"
2015,Odisha,JAGATSINGHPUR RTO - OR21( 04-DEC-2017 ),4,PETROL/CNG,0,0,1,0,0,0,0,0,0,0,1,0,2
2015,Odisha,JAGATSINGHPUR RTO - OR21( 04-DEC-2017 ),5,PETROL/LPG,2,2,2,0,1,8,1,5,2,4,2,0,29
2015,Odisha,JAJPUR RTO - OR34( 23-OCT-2017 ),1,DIESEL,11,6,9,10,9,17,27,17,33,22,104,62,327
2015,Odisha,JAJPUR RTO - OR34( 23-OCT-2017 ),2,NOT APPLICABLE,0,1,1,1,0,4,7,8,11,10,24,27,94
2015,Odisha,JAJPUR RTO - OR34( 23-OCT-2017 ),3,PETROL,22,14,19,17,217,475,"1,168",909,401,593,"1,195","2,250","7,280"
2015,Odisha,JAJPUR RTO - OR34( 23-OCT-2017 ),4,PETROL/LPG,0,1,0,0,0,0,0,0,0,0,0,0,1
2015,Odisha,JHARSUGUDA RTO - OR23( 07-NOV-2017 ),1,DIESEL,133,103,134,121,105,77,96,96,164,167,138,159,"1,493"
2015,Odisha,JHARSUGUDA RTO - OR23( 07-NOV-2017 ),2,NOT APPLICABLE,8,2,7,4,8,5,3,5,11,3,5,4,65
2015,Odisha,JHARSUGUDA RTO - OR23( 07-NOV-2017 ),3,PETROL,717,916,706,906,623,"1,231",675,545,"1,077","1,026","1,322","1,034","10,778"
2015,Odisha,JHARSUGUDA RTO - OR23( 07-NOV-2017 ),4,PETROL/CNG,0,0,0,0,0,0,0,1,0,0,0,0,1
2015,Odisha,JHARSUGUDA RTO - OR23( 07-NOV-2017 ),5,PETROL/LPG,1,0,1,2,0,0,0,1,0,1,2,1,9
2015,Odisha,KALAHANDI RTO - OR8( 23-OCT-2017 ),1,DIESEL,143,159,121,133,146,95,152,117,87,104,143,144,"1,544"
2015,Odisha,KALAHANDI RTO - OR8( 23-OCT-2017 ),2,NOT APPLICABLE,34,34,24,43,42,26,58,35,24,39,21,31,411
2015,Odisha,KALAHANDI RTO - OR8( 23-OCT-2017 ),3,PETROL,858,"1,576","1,480","1,589","1,374",994,"1,099",697,582,641,736,893,"12,519"
2015,Odisha,KALAHANDI RTO - OR8( 23-OCT-2017 ),4,PETROL/CNG,1,0,2,0,1,1,0,0,0,1,0,1,7
2015,Odisha,KENDRAPARA RTO - OR29( 23-OCT-2017 ),1,DIESEL,75,100,108,69,65,88,108,78,108,99,117,75,"1,090"
2015,Odisha,KENDRAPARA RTO - OR29( 23-OCT-2017 ),2,NOT APPLICABLE,12,31,25,11,9,14,19,22,35,25,32,23,258
2015,Odisha,KENDRAPARA RTO - OR29( 23-OCT-2017 ),3,PETROL,537,569,737,601,866,854,831,517,470,634,"1,081",702,"8,399"
2015,Odisha,KENDRAPARA RTO - OR29( 23-OCT-2017 ),4,PETROL/CNG,0,0,0,0,0,1,0,0,0,0,0,0,1
2015,Odisha,KENDRAPARA RTO - OR29( 23-OCT-2017 ),5,PETROL/LPG,0,0,0,0,0,0,0,0,0,0,5,0,5
2015,Odisha,KEONJHAR RTO - OR9( 04-DEC-2017 ),1,DIESEL,182,130,132,133,167,189,164,158,122,221,207,166,"1,971"
2015,Odisha,KEONJHAR RTO - OR9( 04-DEC-2017 ),2,ELECTRIC(BOV),0,0,0,0,1,0,0,0,0,0,0,0,1
2015,Odisha,KEONJHAR RTO - OR9( 04-DEC-2017 ),3,LPG ONLY,0,0,0,0,0,0,0,0,0,0,0,1,1
2015,Odisha,KEONJHAR RTO - OR9( 04-DEC-2017 ),4,NOT APPLICABLE,30,23,33,26,28,31,18,25,22,43,28,33,340
2015,Odisha,KEONJHAR RTO - OR9( 04-DEC-2017 ),5,PETROL,735,568,687,861,"1,070",899,"1,060",654,535,671,"1,235",823,"9,798"
2015,Odisha,KEONJHAR RTO - OR9( 04-DEC-2017 ),6,PETROL/CNG,1,0,0,2,0,1,0,0,0,1,0,0,5
2015,Odisha,KHORDHA ARTO - OR201( 20-JAN-2018 ),1,DIESEL,103,110,122,118,89,124,110,135,77,69,135,119,"1,311"
2015,Odisha,KHORDHA ARTO - OR201( 20-JAN-2018 ),2,LPG ONLY,0,0,0,0,0,0,0,0,1,0,0,0,1
2015,Odisha,KHORDHA ARTO - OR201( 20-JAN-2018 ),3,NOT APPLICABLE,5,7,22,17,10,26,3,10,3,3,6,8,120
2015,Odisha,KHORDHA ARTO - OR201( 20-JAN-2018 ),4,PETROL,493,340,516,429,506,513,633,509,353,331,592,826,"6,041"
2015,Odisha,KHORDHA ARTO - OR201( 20-JAN-2018 ),5,PETROL/CNG,0,0,0,0,0,0,0,1,0,0,3,1,5
2015,Odisha,KORAPUT RTO - OR10( 25-DEC-2017 ),1,DIESEL,160,179,171,158,144,172,159,163,155,152,198,234,"2,045"
2015,Odisha,KORAPUT RTO - OR10( 25-DEC-2017 ),2,NOT APPLICABLE,19,38,26,33,24,26,32,24,46,19,36,42,365
2015,Odisha,KORAPUT RTO - OR10( 25-DEC-2017 ),3,PETROL,"1,035","1,217",933,975,"1,000","1,137","1,038",858,997,885,"1,570","1,587","13,232"
2015,Odisha,KORAPUT RTO - OR10( 25-DEC-2017 ),4,PETROL/CNG,1,1,0,0,2,0,0,1,1,0,2,0,8
2015,Odisha,MALKANAGIRI RTO - OR30( 25-DEC-2017 ),1,DIESEL,21,43,34,34,31,45,86,68,28,55,49,42,536
2015,Odisha,MALKANAGIRI RTO - OR30( 25-DEC-2017 ),2,NOT APPLICABLE,3,6,4,3,5,1,13,13,3,9,9,6,75
2015,Odisha,MALKANAGIRI RTO - OR30( 25-DEC-2017 ),3,PETROL,172,346,230,395,240,295,353,211,357,348,261,325,"3,533"
2015,Odisha,MALKANAGIRI RTO - OR30( 25-DEC-2017 ),4,PETROL/CNG,0,1,0,0,0,0,0,0,0,0,0,0,1
2015,Odisha,MAYURBHANJ RTO - OR11( 08-NOV-2017 ),1,DIESEL,129,158,143,137,92,163,136,114,131,152,176,155,"1,686"
2015,Odisha,MAYURBHANJ RTO - OR11( 08-NOV-2017 ),2,NOT APPLICABLE,23,33,35,13,12,23,27,22,12,20,28,36,284
2015,Odisha,MAYURBHANJ RTO - OR11( 08-NOV-2017 ),3,PETROL,"1,324","1,085",987,"1,216","1,293","1,444","1,146","1,109","1,051","1,718","1,875","1,049","15,297"
2015,Odisha,MAYURBHANJ RTO - OR11( 08-NOV-2017 ),4,PETROL/CNG,0,0,0,0,2,0,0,0,0,2,0,2,6
2015,Odisha,MAYURBHANJ RTO - OR11( 08-NOV-2017 ),5,PETROL/LPG,0,1,1,0,0,1,0,0,0,0,3,0,6
2015,Odisha,NAWARANGPUR RTO - OR24( 07-NOV-2017 ),1,DIESEL,104,106,160,59,51,62,84,75,65,97,87,120,"1,070"
2015,Odisha,NAWARANGPUR RTO - OR24( 07-NOV-2017 ),2,NOT APPLICABLE,26,24,69,18,11,12,16,22,26,43,25,23,315
2015,Odisha,NAWARANGPUR RTO - OR24( 07-NOV-2017 ),3,PETROL,410,566,531,290,342,292,265,283,210,265,358,409,"4,221"
2015,Odisha,NAWARANGPUR RTO - OR24( 07-NOV-2017 ),4,PETROL/LPG,0,0,0,0,0,0,0,0,0,0,0,2,2
2015,Odisha,NAYAGARH RTO - OR25( 25-DEC-2017 ),1,DIESEL,64,73,90,64,70,71,73,58,66,61,79,71,840
2015,Odisha,NAYAGARH RTO - OR25( 25-DEC-2017 ),2,NOT APPLICABLE,10,15,22,14,11,16,12,13,13,8,14,14,162
2015,Odisha,NAYAGARH RTO - OR25( 25-DEC-2017 ),3,PETROL,920,777,898,990,977,"1,003","1,025",855,656,877,"1,613",861,"11,452"
2015,Odisha,NAYAGARH RTO - OR25( 25-DEC-2017 ),4,PETROL/CNG,0,0,0,0,0,0,0,0,0,0,1,0,1
2015,Odisha,NAYAGARH RTO - OR25( 25-DEC-2017 ),5,PETROL/LPG,0,1,0,0,0,0,0,0,0,0,0,0,1
2015,Odisha,NUAPADA RTO - OR26( 06-NOV-2017 ),1,DIESEL,58,30,29,40,23,27,35,25,14,22,41,43,387
2015,Odisha,NUAPADA RTO - OR26( 06-NOV-2017 ),2,LPG ONLY,1,0,0,0,0,0,0,0,0,0,0,0,1
2015,Odisha,NUAPADA RTO - OR26( 06-NOV-2017 ),3,NOT APPLICABLE,15,7,5,4,5,6,7,15,0,8,9,8,89
2015,Odisha,NUAPADA RTO - OR26( 06-NOV-2017 ),4,PETROL,314,401,401,339,442,235,381,205,88,246,263,392,"3,707"
2015,Odisha,NUAPADA RTO - OR26( 06-NOV-2017 ),5,PETROL/CNG,0,0,0,0,0,0,0,0,0,0,0,1,1
2015,Odisha,NUAPADA RTO - OR26( 06-NOV-2017 ),6,PETROL/LPG,0,0,0,1,0,0,1,0,0,0,0,0,2
2015,Odisha,PHULBANI RTO - OR12( 23-OCT-2017 ),1,DIESEL,56,40,53,51,47,64,52,72,80,80,97,80,772
2015,Odisha,PHULBANI RTO - OR12( 23-OCT-2017 ),2,LPG ONLY,0,0,0,0,0,0,0,0,1,0,0,0,1
2015,Odisha,PHULBANI RTO - OR12( 23-OCT-2017 ),3,NOT APPLICABLE,10,6,15,3,7,10,7,11,15,8,12,12,116
2015,Odisha,PHULBANI RTO - OR12( 23-OCT-2017 ),4,PETROL,219,294,274,192,354,330,275,265,262,291,410,272,"3,438"
2015,Odisha,PHULBANI RTO - OR12( 23-OCT-2017 ),5,PETROL/CNG,0,0,0,0,0,0,0,0,0,0,0,1,1
2015,Odisha,PURI RTO - OR13( 25-DEC-2017 ),1,DIESEL,111,81,98,87,115,86,122,136,115,134,175,133,"1,393"
2015,Odisha,PURI RTO - OR13( 25-DEC-2017 ),2,ELECTRIC(BOV),0,0,0,0,0,0,0,2,0,0,1,0,3
2015,Odisha,PURI RTO - OR13( 25-DEC-2017 ),3,LPG ONLY,0,0,0,0,0,0,0,0,0,0,1,0,1
2015,Odisha,PURI RTO - OR13( 25-DEC-2017 ),4,NOT APPLICABLE,8,6,7,7,1,4,7,3,2,4,12,16,77
2015,Odisha,PURI RTO - OR13( 25-DEC-2017 ),5,PETROL,"1,011","1,034","1,248","1,139","1,150","1,373","1,238","1,282","1,023","1,223","1,554","2,171","15,446"
2015,Odisha,PURI RTO - OR13( 25-DEC-2017 ),6,PETROL/CNG,0,1,0,1,1,0,1,0,0,0,1,0,5
2015,Odisha,PURI RTO - OR13( 25-DEC-2017 ),7,PETROL/LPG,0,0,3,1,0,0,1,1,0,2,0,1,9
2015,Odisha,RAIRANGPUR ARTO - OR111( 08-NOV-2017 ),1,DIESEL,69,90,73,71,65,78,93,73,55,75,79,83,904
2015,Odisha,RAIRANGPUR ARTO - OR111( 08-NOV-2017 ),2,ELECTRIC(BOV),0,0,0,0,0,1,0,0,0,0,0,0,1
2015,Odisha,RAIRANGPUR ARTO - OR111( 08-NOV-2017 ),3,NOT APPLICABLE,19,32,13,14,8,22,25,20,25,8,17,21,224
2015,Odisha,RAIRANGPUR ARTO - OR111( 08-NOV-2017 ),4,PETROL,224,176,204,195,246,252,188,176,148,146,179,248,"2,382"
2015,Odisha,RAYGADA RTO - OR18( 25-DEC-2017 ),1,DIESEL,82,91,122,90,77,77,88,111,56,115,92,87,"1,088"
2015,Odisha,RAYGADA RTO - OR18( 25-DEC-2017 ),2,LPG ONLY,0,0,0,0,0,1,0,0,0,0,0,0,1
2015,Odisha,RAYGADA RTO - OR18( 25-DEC-2017 ),3,NOT APPLICABLE,13,17,28,21,14,26,16,24,20,36,16,22,253
2015,Odisha,RAYGADA RTO - OR18( 25-DEC-2017 ),4,PETROL,539,478,647,625,411,"1,121",708,560,490,555,873,556,"7,563"
2015,Odisha,RAYGADA RTO - OR18( 25-DEC-2017 ),5,PETROL/CNG,0,1,1,0,0,0,0,0,0,1,0,0,3
2015,Odisha,RAYGADA RTO - OR18( 25-DEC-2017 ),6,PETROL/LPG,0,1,1,0,0,1,0,0,0,0,0,0,3
2015,Odisha,ROURKELA RTO - OR14( 25-DEC-2017 ),1,DIESEL,257,259,218,186,193,298,222,217,224,226,283,240,"2,823"
2015,Odisha,ROURKELA RTO - OR14( 25-DEC-2017 ),2,NOT APPLICABLE,16,18,15,9,7,21,17,23,10,12,15,18,181
2015,Odisha,ROURKELA RTO - OR14( 25-DEC-2017 ),3,PETROL,"1,624","1,388","1,506","1,507","1,625","1,618","1,664","1,238","1,850","1,883","2,395","1,865","20,163"
2015,Odisha,ROURKELA RTO - OR14( 25-DEC-2017 ),4,PETROL/CNG,1,0,1,0,0,0,0,1,0,0,0,1,4
2015,Odisha,ROURKELA RTO - OR14( 25-DEC-2017 ),5,PETROL/LPG,0,0,0,0,0,0,0,1,0,0,0,0,1
2015,Odisha,SAMBALPUR RTO - OR15( 04-DEC-2017 ),1,DIESEL,262,265,254,226,209,211,237,223,254,257,332,290,"3,020"
2015,Odisha,SAMBALPUR RTO - OR15( 04-DEC-2017 ),2,ELECTRIC(BOV),0,0,0,0,0,2,0,0,0,0,0,0,2
2015,Odisha,SAMBALPUR RTO - OR15( 04-DEC-2017 ),3,LPG ONLY,0,0,0,0,0,0,0,1,0,0,0,0,1
2015,Odisha,SAMBALPUR RTO - OR15( 04-DEC-2017 ),4,NOT APPLICABLE,19,27,26,23,15,15,16,25,32,31,23,32,284
2015,Odisha,SAMBALPUR RTO - OR15( 04-DEC-2017 ),5,PETROL,"1,267","1,293","1,336","1,291","1,222","1,348","1,212","1,076",984,"1,554","1,787","1,265","15,635"
2015,Odisha,SAMBALPUR RTO - OR15( 04-DEC-2017 ),6,PETROL/CNG,1,0,1,0,0,0,3,1,0,0,0,0,6
2015,Odisha,SAMBALPUR RTO - OR15( 04-DEC-2017 ),7,PETROL/LPG,0,0,1,1,1,0,1,0,0,1,0,1,6
2015,Odisha,SONEPUR RTO - OR31( 08-NOV-2017 ),1,DIESEL,34,46,43,38,33,50,53,46,18,65,44,74,544
2015,Odisha,SONEPUR RTO - OR31( 08-NOV-2017 ),2,NOT APPLICABLE,12,28,11,21,16,30,28,35,10,40,21,36,288
2015,Odisha,SONEPUR RTO - OR31( 08-NOV-2017 ),3,PETROL,541,913,"1,142",905,"1,334",854,480,549,416,631,616,400,"8,781"
2015,Odisha,SONEPUR RTO - OR31( 08-NOV-2017 ),4,PETROL/CNG,2,0,0,1,1,1,0,0,1,0,1,1,8
2015,Odisha,SONEPUR RTO - OR31( 08-NOV-2017 ),5,PETROL/LPG,0,0,1,0,0,0,2,2,0,0,4,0,9
2015,Odisha,SUNDERGARH RTO - OR16( 08-NOV-2017 ),1,DIESEL,154,135,136,140,122,108,150,102,137,151,153,179,"1,667"
2015,Odisha,SUNDERGARH RTO - OR16( 08-NOV-2017 ),2,NOT APPLICABLE,15,21,40,32,32,26,29,26,15,30,29,34,329
2015,Odisha,SUNDERGARH RTO - OR16( 08-NOV-2017 ),3,PETROL,568,475,528,507,674,684,693,461,430,572,791,735,"7,118"
2015,Odisha,SUNDERGARH RTO - OR16( 08-NOV-2017 ),4,PETROL/CNG,0,0,0,0,0,0,0,0,0,0,0,2,2
2015,Odisha,SUNDERGARH RTO - OR16( 08-NOV-2017 ),5,PETROL/LPG,0,0,0,1,0,0,0,0,0,0,0,0,1
2015,Odisha,TALCHER RTO - OR35( 25-DEC-2017 ),1,DIESEL,96,108,68,87,56,98,59,64,82,115,118,100,"1,051"
2015,Odisha,TALCHER RTO - OR35( 25-DEC-2017 ),2,NOT APPLICABLE,0,2,0,2,4,2,1,4,4,3,4,5,31
2015,Odisha,TALCHER RTO - OR35( 25-DEC-2017 ),3,PETROL,412,448,366,534,306,562,711,304,501,492,976,626,"6,238"
2015,Odisha,TALCHER RTO - OR35( 25-DEC-2017 ),4,PETROL/CNG,0,0,0,0,0,0,1,0,0,0,0,0,1
2015,Odisha,TALCHER RTO - OR35( 25-DEC-2017 ),5,PETROL/LPG,0,0,0,0,0,0,0,0,0,1,1,1,3
2014,Odisha,ANGUL RTO - OR19( 25-DEC-2017 ),1,DIESEL,96,108,68,87,56,98,59,64,82,115,118,100,"1,051"
2014,Odisha,ANGUL RTO - OR19( 25-DEC-2017 ),2,NOT APPLICABLE,0,2,0,2,4,2,1,4,4,3,4,5,31
2014,Odisha,ANGUL RTO - OR19( 25-DEC-2017 ),3,PETROL,412,448,366,534,306,562,711,304,501,492,976,626,"6,238"
2014,Odisha,ANGUL RTO - OR19( 25-DEC-2017 ),4,PETROL/CNG,0,0,0,0,0,0,1,0,0,0,0,0,1
2014,Odisha,ANGUL RTO - OR19( 25-DEC-2017 ),5,PETROL/LPG,0,0,0,0,0,0,0,0,0,1,1,1,3
2014,Odisha,ARTO BARBIL - OR901( 04-DEC-2017 ),1,DIESEL,115,103,106,129,108,77,88,33,59,54,65,83,"1,020"
2014,Odisha,ARTO BARBIL - OR901( 04-DEC-2017 ),2,ELECTRIC(BOV),0,0,0,0,0,0,0,0,0,0,0,1,1
2014,Odisha,ARTO BARBIL - OR901( 04-DEC-2017 ),3,NOT APPLICABLE,2,1,0,0,1,0,4,0,1,0,0,0,9
2014,Odisha,ARTO BARBIL - OR901( 04-DEC-2017 ),4,PETROL,241,231,217,225,257,250,308,156,219,370,235,257,"2,966"
2014,Odisha,ARTO BARBIL - OR901( 04-DEC-2017 ),5,PETROL/CNG,0,0,2,0,0,0,0,0,0,0,0,0,2
2014,Odisha,BALASORE RTO - OR1( 07-NOV-2017 ),1,DIESEL,338,304,397,285,283,270,242,233,305,309,308,317,"3,591"
2014,Odisha,BALASORE RTO - OR1( 07-NOV-2017 ),2,LPG ONLY,0,0,0,1,0,0,0,0,0,0,0,0,1
2014,Odisha,BALASORE RTO - OR1( 07-NOV-2017 ),3,NOT APPLICABLE,62,44,70,56,35,27,16,16,23,24,37,36,446
2014,Odisha,BALASORE RTO - OR1( 07-NOV-2017 ),4,PETROL,"1,992","1,947","2,719","2,607","2,626","2,427","2,460","1,790","2,194","3,579","2,366","1,977","28,684"
2014,Odisha,BALASORE RTO - OR1( 07-NOV-2017 ),5,PETROL/CNG,0,3,0,0,1,0,1,0,1,0,0,1,7
2014,Odisha,BALASORE RTO - OR1( 07-NOV-2017 ),6,PETROL/LPG,0,1,1,1,2,1,3,2,2,1,1,1,16
2014,Odisha,BARGARH RTO - OR17( 04-DEC-2017 ),1,DIESEL,202,64,223,289,177,255,259,154,140,162,136,203,"2,264"
2014,Odisha,BARGARH RTO - OR17( 04-DEC-2017 ),2,ELECTRIC(BOV),1,0,0,2,0,0,3,0,0,1,1,0,8
2014,Odisha,BARGARH RTO - OR17( 04-DEC-2017 ),3,NOT APPLICABLE,63,18,75,98,59,71,62,48,21,28,17,42,602
2014,Odisha,BARGARH RTO - OR17( 04-DEC-2017 ),4,PETROL,"1,219",618,"2,580","2,077","1,345","1,817","1,399",873,947,"1,308","1,194","1,155","16,532"
2014,Odisha,BARGARH RTO - OR17( 04-DEC-2017 ),5,PETROL/CNG,1,0,3,5,0,1,1,0,0,0,0,0,11
2014,Odisha,BARGARH RTO - OR17( 04-DEC-2017 ),6,PETROL/LPG,3,0,0,1,1,1,0,0,0,1,0,0,7
2014,Odisha,BHADRAK RTO - OR22( 04-DEC-2017 ),1,DIESEL,145,131,165,106,123,115,118,81,139,164,166,160,"1,613"
2014,Odisha,BHADRAK RTO - OR22( 04-DEC-2017 ),2,ELECTRIC(BOV),0,0,0,0,0,1,0,0,0,0,0,0,1
2014,Odisha,BHADRAK RTO - OR22( 04-DEC-2017 ),3,NOT APPLICABLE,41,30,46,22,20,22,15,7,22,30,39,40,334
2014,Odisha,BHADRAK RTO - OR22( 04-DEC-2017 ),4,PETROL,"1,264","1,136","1,460","1,311","1,321","1,239","1,014",896,"1,023","1,750","1,239",910,"14,563"
2014,Odisha,BHADRAK RTO - OR22( 04-DEC-2017 ),5,PETROL/CNG,4,1,2,1,0,1,0,0,0,0,0,0,9
2014,Odisha,BHADRAK RTO - OR22( 04-DEC-2017 ),6,PETROL/LPG,2,0,1,0,0,0,0,0,0,0,0,0,3
2014,Odisha,BHANJANAGAR RTO - OR32( 04-DEC-2017 ),1,DIESEL,21,16,54,34,57,36,37,50,75,79,101,70,630
2014,Odisha,BHANJANAGAR RTO - OR32( 04-DEC-2017 ),2,NOT APPLICABLE,1,3,25,17,31,14,12,23,25,29,38,28,246
2014,Odisha,BHANJANAGAR RTO - OR32( 04-DEC-2017 ),3,PETROL,35,29,275,279,355,292,298,338,331,420,605,469,"3,726"
2014,Odisha,BHANJANAGAR RTO - OR32( 04-DEC-2017 ),4,PETROL/LPG,0,0,0,0,1,0,0,0,1,0,0,0,2
2014,Odisha,BHUBANESWAR-II RTO - OR33( 23-OCT-2017 ),1,DIESEL,14,25,38,106,278,262,318,301,321,345,334,316,"2,658"
2014,Odisha,BHUBANESWAR-II RTO - OR33( 23-OCT-2017 ),2,NOT APPLICABLE,0,0,0,0,1,1,5,22,10,11,16,14,80
2014,Odisha,BHUBANESWAR-II RTO - OR33( 23-OCT-2017 ),3,PETROL,33,17,369,"1,496","2,259","1,843","2,330","2,013","2,545","3,018","2,572","2,048","20,543"
2014,Odisha,BHUBANESWAR-II RTO - OR33( 23-OCT-2017 ),4,PETROL/CNG,0,0,0,0,0,0,3,0,1,5,2,1,12
2014,Odisha,BHUBANESWAR-II RTO - OR33( 23-OCT-2017 ),5,PETROL/LPG,0,0,0,2,1,0,4,1,0,0,2,2,12
2014,Odisha,BHUBANESWAR RTO - OR2( 22-JAN-2018 ),1,DIESEL,"1,110","1,083","1,209",899,853,742,826,700,793,900,771,666,"10,552"
2014,Odisha,BHUBANESWAR RTO - OR2( 22-JAN-2018 ),2,ELECTRIC(BOV),2,1,0,0,0,0,0,0,0,0,0,0,3
2014,Odisha,BHUBANESWAR RTO - OR2( 22-JAN-2018 ),3,NOT APPLICABLE,45,58,63,36,24,41,18,16,12,12,15,6,346
2014,Odisha,BHUBANESWAR RTO - OR2( 22-JAN-2018 ),4,PETROL,"5,450","4,774","5,309","4,403","3,642","3,223","3,897","3,027","3,201","4,340","5,134","3,426","49,826"
2014,Odisha,BHUBANESWAR RTO - OR2( 22-JAN-2018 ),5,PETROL/CNG,2,0,1,1,2,0,2,0,0,3,4,1,16
2014,Odisha,BHUBANESWAR RTO - OR2( 22-JAN-2018 ),6,PETROL/LPG,6,2,4,4,6,5,5,4,4,2,6,5,53
2014,Odisha,BOLANGIR RTO - OR3( 25-DEC-2017 ),1,DIESEL,168,141,170,125,146,116,145,106,122,154,187,167,"1,747"
2014,Odisha,BOLANGIR RTO - OR3( 25-DEC-2017 ),2,NOT APPLICABLE,49,43,42,38,50,28,28,17,26,25,40,28,414
2014,Odisha,BOLANGIR RTO - OR3( 25-DEC-2017 ),3,PETROL,"1,525","1,680","2,171","2,015","1,526","1,099",851,641,783,"1,067",951,"1,047","15,356"
2014,Odisha,BOLANGIR RTO - OR3( 25-DEC-2017 ),4,PETROL/CNG,0,2,0,1,1,1,1,0,2,1,1,0,10
2014,Odisha,BOLANGIR RTO - OR3( 25-DEC-2017 ),5,PETROL/LPG,0,2,1,3,1,0,1,0,0,0,1,0,9
2014,Odisha,BOUDH RTO - OR27( 23-OCT-2017 ),1,DIESEL,16,16,27,22,13,16,16,6,9,23,19,29,212
2014,Odisha,BOUDH RTO - OR27( 23-OCT-2017 ),2,NOT APPLICABLE,1,2,6,2,2,2,1,3,2,1,2,5,29
2014,Odisha,BOUDH RTO - OR27( 23-OCT-2017 ),3,PETROL,184,177,252,224,266,170,139,42,125,191,112,133,"2,015"
2014,Odisha,BOUDH RTO - OR27( 23-OCT-2017 ),4,PETROL/CNG,1,0,0,2,0,0,0,0,0,0,0,0,3
2014,Odisha,BOUDH RTO - OR27( 23-OCT-2017 ),5,PETROL/LPG,0,0,0,0,0,0,0,0,1,1,0,0,2
2014,Odisha,CHANDIKHOLE RTO - OR4( 23-OCT-2017 ),1,DIESEL,245,228,279,226,239,234,242,172,210,265,239,189,"2,768"
2014,Odisha,CHANDIKHOLE RTO - OR4( 23-OCT-2017 ),2,ELECTRIC(BOV),0,1,0,0,0,0,1,0,0,0,0,0,2
2014,Odisha,CHANDIKHOLE RTO - OR4( 23-OCT-2017 ),3,NOT APPLICABLE,41,34,57,44,44,35,42,23,10,35,44,26,435
2014,Odisha,CHANDIKHOLE RTO - OR4( 23-OCT-2017 ),4,PETROL,"1,886","1,855","2,324","2,161","2,339","2,007","2,516","1,545","1,523","2,126","2,829","1,726","24,837"
2014,Odisha,CHANDIKHOLE RTO - OR4( 23-OCT-2017 ),5,PETROL/CNG,0,1,0,2,0,0,0,0,0,0,0,2,5
2014,Odisha,CHANDIKHOLE RTO - OR4( 23-OCT-2017 ),6,PETROL/LPG,0,0,0,0,1,3,2,1,2,0,3,0,12
2014,Odisha,CUTTACK RTO - OR5( 31-MAY-2017 ),1,DIESEL,525,446,519,669,442,434,484,364,528,535,480,462,"5,888"
2014,Odisha,CUTTACK RTO - OR5( 31-MAY-2017 ),2,ELECTRIC(BOV),2,3,3,2,3,0,1,3,0,3,1,0,21
2014,Odisha,CUTTACK RTO - OR5( 31-MAY-2017 ),3,LPG ONLY,0,0,0,0,0,0,0,1,0,0,0,0,1
2014,Odisha,CUTTACK RTO - OR5( 31-MAY-2017 ),4,NOT APPLICABLE,66,53,51,53,27,16,34,34,33,33,44,29,473
2014,Odisha,CUTTACK RTO - OR5( 31-MAY-2017 ),5,PETROL,"3,865","3,184","4,189","4,573","3,958","3,747","3,645","2,608","3,339","4,790","3,680","3,403","44,981"
2014,Odisha,CUTTACK RTO - OR5( 31-MAY-2017 ),6,PETROL/CNG,1,2,0,3,3,1,2,1,1,1,1,3,19
2014,Odisha,CUTTACK RTO - OR5( 31-MAY-2017 ),7,PETROL/LPG,0,1,2,1,1,2,0,0,3,5,3,0,18
2014,Odisha,DEOGARH RTO - OR28( 23-OCT-2017 ),1,DIESEL,31,13,40,12,16,8,16,7,16,17,42,15,233
2014,Odisha,DEOGARH RTO - OR28( 23-OCT-2017 ),2,NOT APPLICABLE,11,1,16,3,7,3,4,3,5,3,15,2,73
2014,Odisha,DEOGARH RTO - OR28( 23-OCT-2017 ),3,PETROL,66,48,106,92,139,90,126,84,103,7,192,86,"1,139"
2014,Odisha,DHENKANAL RTO - OR6( 07-NOV-2017 ),1,DIESEL,68,74,82,63,59,89,67,44,80,63,70,45,804
2014,Odisha,DHENKANAL RTO - OR6( 07-NOV-2017 ),2,NOT APPLICABLE,14,26,34,16,8,16,11,16,11,14,9,10,185
2014,Odisha,DHENKANAL RTO - OR6( 07-NOV-2017 ),3,PETROL,684,531,903,794,747,838,750,478,710,"1,037",714,552,"8,738"
2014,Odisha,DHENKANAL RTO - OR6( 07-NOV-2017 ),4,PETROL/CNG,1,2,1,3,1,1,1,0,1,1,0,0,12
2014,Odisha,DHENKANAL RTO - OR6( 07-NOV-2017 ),5,PETROL/LPG,1,1,3,2,2,3,0,0,1,1,1,0,15
2014,Odisha,GAJAPATI RTO - OR20( 07-NOV-2017 ),1,DIESEL,19,15,14,13,14,42,21,15,17,10,19,16,215
2014,Odisha,GAJAPATI RTO - OR20( 07-NOV-2017 ),2,NOT APPLICABLE,10,5,6,2,7,27,13,9,9,0,8,9,105
2014,Odisha,GAJAPATI RTO - OR20( 07-NOV-2017 ),3,PETROL,68,159,136,202,197,150,173,174,127,112,122,141,"1,761"
2014,Odisha,GAJAPATI RTO - OR20( 07-NOV-2017 ),4,PETROL/CNG,0,0,0,0,1,0,0,0,1,0,0,0,2
2014,Odisha,GANJAM RTO - OR7( 04-DEC-2017 ),1,DIESEL,422,309,500,323,336,333,423,211,348,308,326,316,"4,155"
2014,Odisha,GANJAM RTO - OR7( 04-DEC-2017 ),2,ELECTRIC(BOV),0,0,0,1,0,0,0,0,0,0,0,0,1
2014,Odisha,GANJAM RTO - OR7( 04-DEC-2017 ),3,NOT APPLICABLE,73,41,111,50,51,66,75,32,44,31,53,44,671
2014,Odisha,GANJAM RTO - OR7( 04-DEC-2017 ),4,PETROL,"2,248","2,219","2,984","2,735","3,180","2,354","2,504","1,461","2,042","2,476","2,213","2,053","28,469"
2014,Odisha,GANJAM RTO - OR7( 04-DEC-2017 ),5,PETROL/CNG,1,2,4,1,2,3,1,2,3,1,0,0,20
2014,Odisha,GANJAM RTO - OR7( 04-DEC-2017 ),6,PETROL/LPG,1,1,5,3,0,0,0,0,1,3,0,2,16
2014,Odisha,JAGATSINGHPUR RTO - OR21( 04-DEC-2017 ),1,DIESEL,81,81,84,79,58,63,73,62,54,94,101,86,916
2014,Odisha,JAGATSINGHPUR RTO - OR21( 04-DEC-2017 ),2,NOT APPLICABLE,19,18,31,21,13,11,12,14,5,12,20,13,189
2014,Odisha,JAGATSINGHPUR RTO - OR21( 04-DEC-2017 ),3,PETROL,802,719,884,734,894,"1,116",706,578,848,"1,043",880,747,"9,951"
2014,Odisha,JAGATSINGHPUR RTO - OR21( 04-DEC-2017 ),4,PETROL/CNG,0,0,2,0,1,1,1,1,0,0,0,0,6
2014,Odisha,JAGATSINGHPUR RTO - OR21( 04-DEC-2017 ),5,PETROL/LPG,0,0,0,0,0,2,2,2,0,0,5,0,11
2014,Odisha,JAJPUR RTO - OR34( 23-OCT-2017 ),1,DIESEL,24,7,15,15,12,5,8,5,10,10,9,14,134
2014,Odisha,JAJPUR RTO - OR34( 23-OCT-2017 ),2,NOT APPLICABLE,0,0,0,0,1,1,3,0,0,0,0,0,5
2014,Odisha,JAJPUR RTO - OR34( 23-OCT-2017 ),3,PETROL,26,17,23,12,28,15,27,16,19,19,29,25,256
2014,Odisha,JHARSUGUDA RTO - OR23( 07-NOV-2017 ),1,DIESEL,158,80,218,179,174,145,118,100,115,75,103,146,"1,611"
2014,Odisha,JHARSUGUDA RTO - OR23( 07-NOV-2017 ),2,ELECTRIC(BOV),0,0,0,1,0,0,0,0,0,0,0,0,1
2014,Odisha,JHARSUGUDA RTO - OR23( 07-NOV-2017 ),3,NOT APPLICABLE,13,3,19,10,11,7,11,5,6,1,7,8,101
2014,Odisha,JHARSUGUDA RTO - OR23( 07-NOV-2017 ),4,PETROL,942,577,"1,110",787,"1,082",945,803,605,587,"1,037",967,756,"10,198"
2014,Odisha,JHARSUGUDA RTO - OR23( 07-NOV-2017 ),5,PETROL/CNG,1,1,0,2,0,1,0,0,0,0,0,0,5
2014,Odisha,JHARSUGUDA RTO - OR23( 07-NOV-2017 ),6,PETROL/LPG,0,5,0,1,1,0,0,0,0,0,1,0,8
2014,Odisha,KALAHANDI RTO - OR8( 23-OCT-2017 ),1,DIESEL,138,145,139,134,144,110,93,115,81,98,126,139,"1,462"
2014,Odisha,KALAHANDI RTO - OR8( 23-OCT-2017 ),2,NOT APPLICABLE,38,42,36,27,38,38,22,21,9,11,22,31,335
2014,Odisha,KALAHANDI RTO - OR8( 23-OCT-2017 ),3,PETROL,836,"1,360","1,589","1,300","1,765",938,906,708,563,689,730,681,"12,065"
2014,Odisha,KALAHANDI RTO - OR8( 23-OCT-2017 ),4,PETROL/CNG,0,0,0,1,3,1,0,0,0,0,0,1,6
2014,Odisha,KALAHANDI RTO - OR8( 23-OCT-2017 ),5,PETROL/LPG,0,5,12,2,0,1,1,1,0,1,0,0,23
2014,Odisha,KENDRAPARA RTO - OR29( 23-OCT-2017 ),1,DIESEL,95,97,107,66,99,87,92,66,101,105,100,96,"1,111"
2014,Odisha,KENDRAPARA RTO - OR29( 23-OCT-2017 ),2,ELECTRIC(BOV),2,0,0,0,0,0,0,0,0,0,0,0,2
2014,Odisha,KENDRAPARA RTO - OR29( 23-OCT-2017 ),3,LPG ONLY,0,0,0,0,0,1,0,0,0,0,0,0,1
2014,Odisha,KENDRAPARA RTO - OR29( 23-OCT-2017 ),4,NOT APPLICABLE,17,18,17,13,31,17,9,9,15,5,11,21,183
2014,Odisha,KENDRAPARA RTO - OR29( 23-OCT-2017 ),5,PETROL,619,495,619,568,802,681,540,500,564,530,717,669,"7,304"
2014,Odisha,KENDRAPARA RTO - OR29( 23-OCT-2017 ),6,PETROL/CNG,0,0,0,0,1,0,0,0,1,0,0,0,2
2014,Odisha,KENDRAPARA RTO - OR29( 23-OCT-2017 ),7,PETROL/LPG,0,0,0,0,0,7,0,3,0,1,0,1,12
2014,Odisha,KEONJHAR RTO - OR9( 04-DEC-2017 ),1,DIESEL,207,210,225,151,166,150,188,113,161,187,191,165,"2,114"
2014,Odisha,KEONJHAR RTO - OR9( 04-DEC-2017 ),2,NOT APPLICABLE,40,42,52,25,24,28,48,27,23,31,44,30,414
2014,Odisha,KEONJHAR RTO - OR9( 04-DEC-2017 ),3,PETROL,696,898,893,691,"1,269",841,821,566,683,842,803,762,"9,765"
2014,Odisha,KEONJHAR RTO - OR9( 04-DEC-2017 ),4,PETROL/CNG,0,0,0,1,0,0,0,0,0,0,0,0,1
2014,Odisha,KHORDHA ARTO - OR201( 20-JAN-2018 ),1,DIESEL,68,56,93,75,82,100,65,104,76,80,110,96,"1,005"
2014,Odisha,KHORDHA ARTO - OR201( 20-JAN-2018 ),2,NOT APPLICABLE,19,9,19,14,14,35,0,37,21,6,26,19,219
2014,Odisha,KHORDHA ARTO - OR201( 20-JAN-2018 ),3,PETROL,554,566,642,624,707,619,511,421,483,511,588,361,"6,587"
2014,Odisha,KHORDHA ARTO - OR201( 20-JAN-2018 ),4,PETROL/LPG,0,1,1,1,6,0,2,0,0,1,1,0,13
2014,Odisha,KORAPUT RTO - OR10( 25-DEC-2017 ),1,DIESEL,156,158,290,139,180,194,192,142,153,176,219,165,"2,164"
2014,Odisha,KORAPUT RTO - OR10( 25-DEC-2017 ),2,NOT APPLICABLE,14,27,82,19,30,40,46,24,19,23,36,44,404
2014,Odisha,KORAPUT RTO - OR10( 25-DEC-2017 ),3,PETROL,"1,054","1,017","1,405",992,975,821,914,619,835,"1,103","1,316",810,"11,861"
2014,Odisha,KORAPUT RTO - OR10( 25-DEC-2017 ),4,PETROL/CNG,0,0,3,0,4,5,1,0,0,3,0,1,17
2014,Odisha,KORAPUT RTO - OR10( 25-DEC-2017 ),5,PETROL/LPG,0,0,0,0,0,0,0,0,1,0,0,0,1
2014,Odisha,MALKANAGIRI RTO - OR30( 25-DEC-2017 ),1,DIESEL,60,37,52,21,36,41,35,35,58,30,12,41,458
2014,Odisha,MALKANAGIRI RTO - OR30( 25-DEC-2017 ),2,NOT APPLICABLE,13,0,9,1,5,6,3,1,10,1,0,10,59
2014,Odisha,MALKANAGIRI RTO - OR30( 25-DEC-2017 ),3,PETROL,302,398,439,438,294,218,343,215,194,210,323,214,"3,588"
2014,Odisha,MAYURBHANJ RTO - OR11( 08-NOV-2017 ),1,DIESEL,141,141,166,121,166,148,147,138,150,147,145,158,"1,768"
2014,Odisha,MAYURBHANJ RTO - OR11( 08-NOV-2017 ),2,NOT APPLICABLE,31,32,37,28,20,20,16,23,14,14,12,30,277
2014,Odisha,MAYURBHANJ RTO - OR11( 08-NOV-2017 ),3,PETROL,"1,059",877,"1,060","1,038","1,093","1,063",996,738,"1,064","1,677",934,797,"12,396"
2014,Odisha,MAYURBHANJ RTO - OR11( 08-NOV-2017 ),4,PETROL/CNG,0,0,0,0,2,0,0,0,0,0,0,0,2
2014,Odisha,MAYURBHANJ RTO - OR11( 08-NOV-2017 ),5,PETROL/LPG,1,0,1,0,0,0,1,1,2,0,0,0,6
2014,Odisha,NAWARANGPUR RTO - OR24( 07-NOV-2017 ),1,DIESEL,152,115,184,74,93,111,143,92,81,53,139,77,"1,314"
2014,Odisha,NAWARANGPUR RTO - OR24( 07-NOV-2017 ),2,NOT APPLICABLE,55,23,79,17,29,49,72,25,5,7,25,10,396
2014,Odisha,NAWARANGPUR RTO - OR24( 07-NOV-2017 ),3,PETROL,581,567,579,444,456,355,259,298,276,272,344,324,"4,755"
2014,Odisha,NAYAGARH RTO - OR25( 25-DEC-2017 ),1,DIESEL,81,83,94,70,74,64,75,63,74,85,75,42,880
2014,Odisha,NAYAGARH RTO - OR25( 25-DEC-2017 ),2,NOT APPLICABLE,23,31,27,19,23,16,14,13,10,18,19,12,225
2014,Odisha,NAYAGARH RTO - OR25( 25-DEC-2017 ),3,PETROL,694,763,"1,154",742,826,746,694,413,702,"1,055",923,533,"9,245"
2014,Odisha,NAYAGARH RTO - OR25( 25-DEC-2017 ),4,PETROL/CNG,0,1,1,3,0,0,0,0,0,1,2,1,9
2014,Odisha,NAYAGARH RTO - OR25( 25-DEC-2017 ),5,PETROL/LPG,0,2,0,0,1,0,2,0,1,0,1,0,7
2014,Odisha,NUAPADA RTO - OR26( 06-NOV-2017 ),1,DIESEL,42,32,50,28,52,43,45,12,31,17,19,74,445
2014,Odisha,NUAPADA RTO - OR26( 06-NOV-2017 ),2,NOT APPLICABLE,17,11,16,12,17,30,13,2,13,4,3,20,158
2014,Odisha,NUAPADA RTO - OR26( 06-NOV-2017 ),3,PETROL,334,394,435,376,387,317,271,187,245,120,76,488,"3,630"
2014,Odisha,NUAPADA RTO - OR26( 06-NOV-2017 ),4,PETROL/CNG,0,1,1,0,0,0,0,0,0,0,0,0,2
2014,Odisha,PHULBANI RTO - OR12( 23-OCT-2017 ),1,DIESEL,36,37,45,39,48,49,59,39,64,46,51,59,572
2014,Odisha,PHULBANI RTO - OR12( 23-OCT-2017 ),2,NOT APPLICABLE,5,5,5,11,5,12,13,6,15,7,5,9,98
2014,Odisha,PHULBANI RTO - OR12( 23-OCT-2017 ),3,PETROL,157,164,258,252,222,257,222,153,221,249,201,217,"2,573"
2014,Odisha,PHULBANI RTO - OR12( 23-OCT-2017 ),4,PETROL/LPG,0,0,0,1,0,0,0,0,0,0,0,0,1
2014,Odisha,PURI RTO - OR13( 25-DEC-2017 ),1,DIESEL,141,124,101,93,104,104,98,107,99,126,122,106,"1,325"
2014,Odisha,PURI RTO - OR13( 25-DEC-2017 ),2,ELECTRIC(BOV),0,0,0,4,3,0,0,0,0,0,0,0,7
2014,Odisha,PURI RTO - OR13( 25-DEC-2017 ),3,NOT APPLICABLE,39,25,17,16,13,11,10,19,15,13,24,17,219
2014,Odisha,PURI RTO - OR13( 25-DEC-2017 ),4,PETROL,"1,026",941,"1,184","1,196","1,334","1,032","1,168",967,921,"1,306","1,390",864,"13,329"
2014,Odisha,PURI RTO - OR13( 25-DEC-2017 ),5,PETROL/CNG,0,1,1,1,0,0,0,2,0,1,1,0,7
2014,Odisha,PURI RTO - OR13( 25-DEC-2017 ),6,PETROL/LPG,0,0,1,0,1,0,0,1,1,0,0,1,5
2014,Odisha,RAIRANGPUR ARTO - OR111( 08-NOV-2017 ),1,DIESEL,65,74,66,63,66,126,79,51,67,76,61,60,854
2014,Odisha,RAIRANGPUR ARTO - OR111( 08-NOV-2017 ),2,NOT APPLICABLE,22,21,23,14,17,17,15,16,9,15,10,13,192
2014,Odisha,RAIRANGPUR ARTO - OR111( 08-NOV-2017 ),3,PETROL,184,147,191,221,189,245,227,141,178,261,172,168,"2,324"
2014,Odisha,RAYGADA RTO - OR18( 25-DEC-2017 ),1,DIESEL,86,94,137,76,108,117,87,77,85,87,84,94,"1,132"
2014,Odisha,RAYGADA RTO - OR18( 25-DEC-2017 ),2,NOT APPLICABLE,16,12,44,5,35,20,13,12,23,5,10,25,220
2014,Odisha,RAYGADA RTO - OR18( 25-DEC-2017 ),3,PETROL,490,651,703,575,796,604,469,368,371,729,382,342,"6,480"
2014,Odisha,RAYGADA RTO - OR18( 25-DEC-2017 ),4,PETROL/CNG,1,0,5,0,3,2,2,0,0,0,0,0,13
2014,Odisha,RAYGADA RTO - OR18( 25-DEC-2017 ),5,PETROL/LPG,0,0,0,0,0,0,0,0,0,1,0,1,2
2014,Odisha,ROURKELA RTO - OR14( 25-DEC-2017 ),1,DIESEL,266,210,257,176,220,219,223,182,232,200,291,219,"2,695"
2014,Odisha,ROURKELA RTO - OR14( 25-DEC-2017 ),2,NOT APPLICABLE,9,5,14,1,1,21,6,9,3,2,6,13,90
2014,Odisha,ROURKELA RTO - OR14( 25-DEC-2017 ),3,PETROL,"1,518","1,157","1,566","1,416","1,577","1,397","1,595","1,316","1,555","1,786","2,121","1,922","18,926"
2014,Odisha,ROURKELA RTO - OR14( 25-DEC-2017 ),4,PETROL/CNG,0,0,1,0,1,0,2,0,0,0,2,0,6
2014,Odisha,ROURKELA RTO - OR14( 25-DEC-2017 ),5,PETROL/LPG,1,0,0,0,0,3,0,0,0,0,1,0,5
2014,Odisha,SAMBALPUR RTO - OR15( 04-DEC-2017 ),1,DIESEL,346,192,302,244,284,240,270,200,229,237,273,214,"3,031"
2014,Odisha,SAMBALPUR RTO - OR15( 04-DEC-2017 ),2,ELECTRIC(BOV),0,0,0,0,0,2,0,1,0,0,0,0,3
2014,Odisha,SAMBALPUR RTO - OR15( 04-DEC-2017 ),3,NOT APPLICABLE,47,23,44,16,29,41,32,11,19,33,36,20,351
2014,Odisha,SAMBALPUR RTO - OR15( 04-DEC-2017 ),4,PETROL,"1,215",938,"1,398","1,223","1,370","1,116","1,182",942,"1,039","1,384","1,079","1,148","14,034"
2014,Odisha,SAMBALPUR RTO - OR15( 04-DEC-2017 ),5,PETROL/CNG,0,1,2,1,3,0,1,0,0,0,0,0,8
2014,Odisha,SAMBALPUR RTO - OR15( 04-DEC-2017 ),6,PETROL/LPG,1,0,1,1,0,2,1,0,0,0,1,1,8
2014,Odisha,SONEPUR RTO - OR31( 08-NOV-2017 ),1,DIESEL,22,20,22,27,15,10,16,19,32,11,50,38,282
2014,Odisha,SONEPUR RTO - OR31( 08-NOV-2017 ),2,NOT APPLICABLE,2,1,1,0,2,0,3,4,12,0,35,22,82
2014,Odisha,SONEPUR RTO - OR31( 08-NOV-2017 ),3,PETROL,444,538,779,874,591,759,731,422,467,357,430,315,"6,707"
2014,Odisha,SONEPUR RTO - OR31( 08-NOV-2017 ),4,PETROL/LPG,1,0,1,0,0,0,0,0,0,0,0,1,3
2014,Odisha,SUNDERGARH RTO - OR16( 08-NOV-2017 ),1,DIESEL,139,109,176,92,90,142,123,117,91,93,96,113,"1,381"
2014,Odisha,SUNDERGARH RTO - OR16( 08-NOV-2017 ),2,NOT APPLICABLE,46,26,30,18,12,60,26,28,9,6,14,24,299
2014,Odisha,SUNDERGARH RTO - OR16( 08-NOV-2017 ),3,PETROL,545,480,680,463,670,557,537,430,441,586,517,515,"6,421"
2014,Odisha,SUNDERGARH RTO - OR16( 08-NOV-2017 ),4,PETROL/CNG,0,1,4,0,2,0,0,0,0,0,0,3,10
2014,Odisha,SUNDERGARH RTO - OR16( 08-NOV-2017 ),5,PETROL/LPG,1,0,0,0,0,0,0,0,0,0,0,1,2
2014,Odisha,TALCHER RTO - OR35( 25-DEC-2017 ),1,DIESEL,43,48,148,132,68,71,60,52,53,58,70,57,860
2014,Odisha,TALCHER RTO - OR35( 25-DEC-2017 ),2,NOT APPLICABLE,7,2,7,2,3,5,3,3,3,3,1,1,40
2014,Odisha,TALCHER RTO - OR35( 25-DEC-2017 ),3,PETROL,27,21,26,33,23,26,35,237,394,626,587,381,"2,416"
2014,Odisha,TALCHER RTO - OR35( 25-DEC-2017 ),4,PETROL/LPG,1,0,0,0,0,0,0,0,0,0,0,0,1
