0,1,2,3,4,5,6,7,8,9,10,11,12,13,14,15,16,17
2024,Odisha,ANGUL RTO - OR19( 25-DEC-2017 ),1,AGRICULTURAL TRACTOR,23,19,38,5,,,,,,,,,85
2024,Odisha,ANGUL RTO - OR19( 25-DEC-2017 ),2,AMBULANCE,0,0,0,1,,,,,,,,,1
2024,Odisha,ANGUL RTO - OR19( 25-DEC-2017 ),3,ARTICULATED VEHICLE,2,12,50,16,,,,,,,,,80
2024,Odisha,ANGUL RTO - OR19( 25-DEC-2017 ),4,BUS,1,27,4,0,,,,,,,,,32
2024,Odisha,ANGUL RTO - OR19( 25-DEC-2017 ),5,CONSTRUCTION EQUIPMENT VEHICLE,33,31,33,37,,,,,,,,,134
2024,Odisha,ANGUL RTO - OR19( 25-DEC-2017 ),6,CRANE MOUNTED VEHICLE,9,7,2,2,,,,,,,,,20
2024,Odisha,ANGUL RTO - OR19( 25-DEC-2017 ),7,DUMPER,0,0,1,0,,,,,,,,,1
2024,Odisha,ANGUL RTO - OR19( 25-DEC-2017 ),8,EDUCATIONAL INSTITUTION BUS,0,0,3,3,,,,,,,,,6
2024,Odisha,ANGUL RTO - OR19( 25-DEC-2017 ),9,EXCAVATOR (NT),0,0,0,1,,,,,,,,,1
2024,Odisha,ANGUL RTO - OR19( 25-DEC-2017 ),10,FIRE TENDERS,0,0,1,0,,,,,,,,,1
2024,Odisha,ANGUL RTO - OR19( 25-DEC-2017 ),11,FORK LIFT,2,0,0,1,,,,,,,,,3
2024,Odisha,ANGUL RTO - OR19( 25-DEC-2017 ),12,GOODS CARRIER,155,139,157,81,,,,,,,,,532
2024,Odisha,ANGUL RTO - OR19( 25-DEC-2017 ),13,MAXI CAB,4,4,0,3,,,,,,,,,11
2024,Odisha,ANGUL RTO - OR19( 25-DEC-2017 ),14,M-CYCLE/SCOOTER,"1,129","1,310","1,735",874,,,,,,,,,"5,048"
2024,Odisha,ANGUL RTO - OR19( 25-DEC-2017 ),15,MOPED,23,29,37,9,,,,,,,,,98
2024,Odisha,ANGUL RTO - OR19( 25-DEC-2017 ),16,MOTOR CAB,22,11,22,9,,,,,,,,,64
2024,Odisha,ANGUL RTO - OR19( 25-DEC-2017 ),17,MOTOR CAR,126,144,167,78,,,,,,,,,515
2024,Odisha,ANGUL RTO - OR19( 25-DEC-2017 ),18,MOTORISED CYCLE (CC > 25CC),7,7,5,4,,,,,,,,,23
2024,Odisha,ANGUL RTO - OR19( 25-DEC-2017 ),19,OMNI BUS,7,9,17,12,,,,,,,,,45
2024,Odisha,ANGUL RTO - OR19( 25-DEC-2017 ),20,OMNI BUS (PRIVATE USE),0,0,0,1,,,,,,,,,1
2024,Odisha,ANGUL RTO - OR19( 25-DEC-2017 ),21,PRIVATE SERVICE VEHICLE,0,1,0,1,,,,,,,,,2
2024,Odisha,ANGUL RTO - OR19( 25-DEC-2017 ),22,THREE WHEELER (GOODS),20,22,31,14,,,,,,,,,87
2024,Odisha,ANGUL RTO - OR19( 25-DEC-2017 ),23,THREE WHEELER (PASSENGER),43,28,52,23,,,,,,,,,146
2024,Odisha,ANGUL RTO - OR19( 25-DEC-2017 ),24,TRACTOR (COMMERCIAL),1,3,0,0,,,,,,,,,4
2024,Odisha,ANGUL RTO - OR19( 25-DEC-2017 ),25,TRAILER (COMMERCIAL),6,4,5,9,,,,,,,,,24
2024,Odisha,ARTO BARBIL - OR901( 04-DEC-2017 ),1,AMBULANCE,0,0,1,0,,,,,,,,,1
2024,Odisha,ARTO BARBIL - OR901( 04-DEC-2017 ),2,ARTICULATED VEHICLE,4,21,56,24,,,,,,,,,105
2024,Odisha,ARTO BARBIL - OR901( 04-DEC-2017 ),3,BUS,2,0,2,1,,,,,,,,,5
2024,Odisha,ARTO BARBIL - OR901( 04-DEC-2017 ),4,CONSTRUCTION EQUIPMENT VEHICLE,14,7,9,12,,,,,,,,,42
2024,Odisha,ARTO BARBIL - OR901( 04-DEC-2017 ),5,CRANE MOUNTED VEHICLE,2,0,1,0,,,,,,,,,3
2024,Odisha,ARTO BARBIL - OR901( 04-DEC-2017 ),6,EARTH MOVING EQUIPMENT,2,0,0,0,,,,,,,,,2
2024,Odisha,ARTO BARBIL - OR901( 04-DEC-2017 ),7,GOODS CARRIER,153,145,151,153,,,,,,,,,602
2024,Odisha,ARTO BARBIL - OR901( 04-DEC-2017 ),8,M-CYCLE/SCOOTER,168,125,187,106,,,,,,,,,586
2024,Odisha,ARTO BARBIL - OR901( 04-DEC-2017 ),9,MOPED,1,3,3,1,,,,,,,,,8
2024,Odisha,ARTO BARBIL - OR901( 04-DEC-2017 ),10,MOTOR CAB,9,27,7,11,,,,,,,,,54
2024,Odisha,ARTO BARBIL - OR901( 04-DEC-2017 ),11,MOTOR CAR,28,15,14,11,,,,,,,,,68
2024,Odisha,ARTO BARBIL - OR901( 04-DEC-2017 ),12,MOTORISED CYCLE (CC > 25CC),17,36,22,35,,,,,,,,,110
2024,Odisha,ARTO BARBIL - OR901( 04-DEC-2017 ),13,OMNI BUS,0,3,1,0,,,,,,,,,4
2024,Odisha,ARTO BARBIL - OR901( 04-DEC-2017 ),14,PRIVATE SERVICE VEHICLE,1,0,0,0,,,,,,,,,1
2024,Odisha,ARTO BARBIL - OR901( 04-DEC-2017 ),15,THREE WHEELER (GOODS),0,2,0,0,,,,,,,,,2
2024,Odisha,ARTO BARBIL - OR901( 04-DEC-2017 ),16,TRAILER (COMMERCIAL),4,0,0,0,,,,,,,,,4
2024,Odisha,BALASORE RTO - OR1( 07-NOV-2017 ),1,AGRICULTURAL TRACTOR,83,88,100,21,,,,,,,,,292
2024,Odisha,BALASORE RTO - OR1( 07-NOV-2017 ),2,AMBULANCE,1,0,0,0,,,,,,,,,1
2024,Odisha,BALASORE RTO - OR1( 07-NOV-2017 ),3,ARTICULATED VEHICLE,1,9,0,0,,,,,,,,,10
2024,Odisha,BALASORE RTO - OR1( 07-NOV-2017 ),4,BUS,0,29,23,0,,,,,,,,,52
2024,Odisha,BALASORE RTO - OR1( 07-NOV-2017 ),5,CONSTRUCTION EQUIPMENT VEHICLE,10,9,2,10,,,,,,,,,31
2024,Odisha,BALASORE RTO - OR1( 07-NOV-2017 ),6,CRANE MOUNTED VEHICLE,0,0,1,0,,,,,,,,,1
2024,Odisha,BALASORE RTO - OR1( 07-NOV-2017 ),7,DUMPER,0,0,2,0,,,,,,,,,2
2024,Odisha,BALASORE RTO - OR1( 07-NOV-2017 ),8,EDUCATIONAL INSTITUTION BUS,0,1,0,1,,,,,,,,,2
2024,Odisha,BALASORE RTO - OR1( 07-NOV-2017 ),9,E-RICKSHAW(P),38,45,40,34,,,,,,,,,157
2024,Odisha,BALASORE RTO - OR1( 07-NOV-2017 ),10,E-RICKSHAW WITH CART (G),13,11,10,7,,,,,,,,,41
2024,Odisha,BALASORE RTO - OR1( 07-NOV-2017 ),11,GOODS CARRIER,96,96,95,53,,,,,,,,,340
2024,Odisha,BALASORE RTO - OR1( 07-NOV-2017 ),12,MAXI CAB,2,3,4,2,,,,,,,,,11
2024,Odisha,BALASORE RTO - OR1( 07-NOV-2017 ),13,M-CYCLE/SCOOTER,"3,182","3,018","3,923","2,418",,,,,,,,,"12,541"
2024,Odisha,BALASORE RTO - OR1( 07-NOV-2017 ),14,MOPED,61,74,75,55,,,,,,,,,265
2024,Odisha,BALASORE RTO - OR1( 07-NOV-2017 ),15,MOTOR CAB,37,20,19,13,,,,,,,,,89
2024,Odisha,BALASORE RTO - OR1( 07-NOV-2017 ),16,MOTOR CAR,244,216,280,135,,,,,,,,,875
2024,Odisha,BALASORE RTO - OR1( 07-NOV-2017 ),17,MOTORISED CYCLE (CC > 25CC),2,0,0,0,,,,,,,,,2
2024,Odisha,BALASORE RTO - OR1( 07-NOV-2017 ),18,OMNI BUS,3,2,1,0,,,,,,,,,6
2024,Odisha,BALASORE RTO - OR1( 07-NOV-2017 ),19,OMNI BUS (PRIVATE USE),0,0,1,0,,,,,,,,,1
2024,Odisha,BALASORE RTO - OR1( 07-NOV-2017 ),20,THREE WHEELER (GOODS),28,19,36,11,,,,,,,,,94
2024,Odisha,BALASORE RTO - OR1( 07-NOV-2017 ),21,THREE WHEELER (PASSENGER),37,34,44,32,,,,,,,,,147
2024,Odisha,BALASORE RTO - OR1( 07-NOV-2017 ),22,TRACTOR (COMMERCIAL),2,3,1,0,,,,,,,,,6
2024,Odisha,BALASORE RTO - OR1( 07-NOV-2017 ),23,TRAILER (COMMERCIAL),3,4,6,5,,,,,,,,,18
2024,Odisha,BARGARH RTO - OR17( 04-DEC-2017 ),1,AGRICULTURAL TRACTOR,118,115,144,42,,,,,,,,,419
2024,Odisha,BARGARH RTO - OR17( 04-DEC-2017 ),2,ARTICULATED VEHICLE,5,1,1,2,,,,,,,,,9
2024,Odisha,BARGARH RTO - OR17( 04-DEC-2017 ),3,BUS,2,38,19,10,,,,,,,,,69
2024,Odisha,BARGARH RTO - OR17( 04-DEC-2017 ),4,CONSTRUCTION EQUIPMENT VEHICLE,5,10,7,8,,,,,,,,,30
2024,Odisha,BARGARH RTO - OR17( 04-DEC-2017 ),5,CRANE MOUNTED VEHICLE,0,1,0,1,,,,,,,,,2
2024,Odisha,BARGARH RTO - OR17( 04-DEC-2017 ),6,EDUCATIONAL INSTITUTION BUS,0,0,6,6,,,,,,,,,12
2024,Odisha,BARGARH RTO - OR17( 04-DEC-2017 ),7,E-RICKSHAW WITH CART (G),5,0,0,0,,,,,,,,,5
2024,Odisha,BARGARH RTO - OR17( 04-DEC-2017 ),8,GOODS CARRIER,56,61,48,26,,,,,,,,,191
2024,Odisha,BARGARH RTO - OR17( 04-DEC-2017 ),9,HARVESTER,0,1,1,0,,,,,,,,,2
2024,Odisha,BARGARH RTO - OR17( 04-DEC-2017 ),10,MAXI CAB,0,0,2,0,,,,,,,,,2
2024,Odisha,BARGARH RTO - OR17( 04-DEC-2017 ),11,M-CYCLE/SCOOTER,"1,284","1,777","2,201","1,095",,,,,,,,,"6,357"
2024,Odisha,BARGARH RTO - OR17( 04-DEC-2017 ),12,MOPED,76,90,108,61,,,,,,,,,335
2024,Odisha,BARGARH RTO - OR17( 04-DEC-2017 ),13,MOTOR CAB,3,9,4,2,,,,,,,,,18
2024,Odisha,BARGARH RTO - OR17( 04-DEC-2017 ),14,MOTOR CAR,137,165,136,109,,,,,,,,,547
2024,Odisha,BARGARH RTO - OR17( 04-DEC-2017 ),15,OMNI BUS,1,4,1,3,,,,,,,,,9
2024,Odisha,BARGARH RTO - OR17( 04-DEC-2017 ),16,OMNI BUS (PRIVATE USE),0,0,0,1,,,,,,,,,1
2024,Odisha,BARGARH RTO - OR17( 04-DEC-2017 ),17,THREE WHEELER (GOODS),3,5,9,2,,,,,,,,,19
2024,Odisha,BARGARH RTO - OR17( 04-DEC-2017 ),18,THREE WHEELER (PASSENGER),5,12,11,3,,,,,,,,,31
2024,Odisha,BARGARH RTO - OR17( 04-DEC-2017 ),19,TRACTOR (COMMERCIAL),1,0,1,1,,,,,,,,,3
2024,Odisha,BARGARH RTO - OR17( 04-DEC-2017 ),20,TRAILER (COMMERCIAL),2,4,2,0,,,,,,,,,8
2024,Odisha,BHADRAK RTO - OR22( 04-DEC-2017 ),1,AGRICULTURAL TRACTOR,58,61,69,33,,,,,,,,,221
2024,Odisha,BHADRAK RTO - OR22( 04-DEC-2017 ),2,AMBULANCE,1,0,0,0,,,,,,,,,1
2024,Odisha,BHADRAK RTO - OR22( 04-DEC-2017 ),3,ARTICULATED VEHICLE,4,0,0,0,,,,,,,,,4
2024,Odisha,BHADRAK RTO - OR22( 04-DEC-2017 ),4,BUS,4,10,19,1,,,,,,,,,34
2024,Odisha,BHADRAK RTO - OR22( 04-DEC-2017 ),5,CONSTRUCTION EQUIPMENT VEHICLE,8,6,6,3,,,,,,,,,23
2024,Odisha,BHADRAK RTO - OR22( 04-DEC-2017 ),6,CRANE MOUNTED VEHICLE,0,1,1,0,,,,,,,,,2
2024,Odisha,BHADRAK RTO - OR22( 04-DEC-2017 ),7,DUMPER,0,0,4,0,,,,,,,,,4
2024,Odisha,BHADRAK RTO - OR22( 04-DEC-2017 ),8,E-RICKSHAW(P),3,3,3,6,,,,,,,,,15
2024,Odisha,BHADRAK RTO - OR22( 04-DEC-2017 ),9,E-RICKSHAW WITH CART (G),2,2,3,2,,,,,,,,,9
2024,Odisha,BHADRAK RTO - OR22( 04-DEC-2017 ),10,FORK LIFT,0,2,0,0,,,,,,,,,2
2024,Odisha,BHADRAK RTO - OR22( 04-DEC-2017 ),11,GOODS CARRIER,105,109,116,46,,,,,,,,,376
2024,Odisha,BHADRAK RTO - OR22( 04-DEC-2017 ),12,MAXI CAB,1,2,1,0,,,,,,,,,4
2024,Odisha,BHADRAK RTO - OR22( 04-DEC-2017 ),13,M-CYCLE/SCOOTER,"1,661","1,611","2,095","1,660",,,,,,,,,"7,027"
2024,Odisha,BHADRAK RTO - OR22( 04-DEC-2017 ),14,MOPED,10,14,19,10,,,,,,,,,53
2024,Odisha,BHADRAK RTO - OR22( 04-DEC-2017 ),15,MOTOR CAB,3,3,6,2,,,,,,,,,14
2024,Odisha,BHADRAK RTO - OR22( 04-DEC-2017 ),16,MOTOR CAR,70,52,68,31,,,,,,,,,221
2024,Odisha,BHADRAK RTO - OR22( 04-DEC-2017 ),17,MOTORISED CYCLE (CC > 25CC),34,40,67,15,,,,,,,,,156
2024,Odisha,BHADRAK RTO - OR22( 04-DEC-2017 ),18,OMNI BUS,0,2,0,3,,,,,,,,,5
2024,Odisha,BHADRAK RTO - OR22( 04-DEC-2017 ),19,THREE WHEELER (GOODS),25,39,36,24,,,,,,,,,124
2024,Odisha,BHADRAK RTO - OR22( 04-DEC-2017 ),20,THREE WHEELER (PASSENGER),53,46,58,33,,,,,,,,,190
2024,Odisha,BHADRAK RTO - OR22( 04-DEC-2017 ),21,TRACTOR (COMMERCIAL),6,2,1,0,,,,,,,,,9
2024,Odisha,BHADRAK RTO - OR22( 04-DEC-2017 ),22,TRAILER (COMMERCIAL),11,11,8,7,,,,,,,,,37
2024,Odisha,BHANJANAGAR RTO - OR32( 04-DEC-2017 ),1,AGRICULTURAL TRACTOR,20,8,16,15,,,,,,,,,59
2024,Odisha,BHANJANAGAR RTO - OR32( 04-DEC-2017 ),2,BUS,1,1,10,6,,,,,,,,,18
2024,Odisha,BHANJANAGAR RTO - OR32( 04-DEC-2017 ),3,CONSTRUCTION EQUIPMENT VEHICLE,2,1,1,1,,,,,,,,,5
2024,Odisha,BHANJANAGAR RTO - OR32( 04-DEC-2017 ),4,EDUCATIONAL INSTITUTION BUS,0,1,0,0,,,,,,,,,1
2024,Odisha,BHANJANAGAR RTO - OR32( 04-DEC-2017 ),5,E-RICKSHAW(P),2,2,2,1,,,,,,,,,7
2024,Odisha,BHANJANAGAR RTO - OR32( 04-DEC-2017 ),6,E-RICKSHAW WITH CART (G),1,1,1,0,,,,,,,,,3
2024,Odisha,BHANJANAGAR RTO - OR32( 04-DEC-2017 ),7,GOODS CARRIER,40,31,40,21,,,,,,,,,132
2024,Odisha,BHANJANAGAR RTO - OR32( 04-DEC-2017 ),8,MAXI CAB,0,1,0,0,,,,,,,,,1
2024,Odisha,BHANJANAGAR RTO - OR32( 04-DEC-2017 ),9,M-CYCLE/SCOOTER,657,922,"1,557",894,,,,,,,,,"4,030"
2024,Odisha,BHANJANAGAR RTO - OR32( 04-DEC-2017 ),10,MOPED,58,66,87,61,,,,,,,,,272
2024,Odisha,BHANJANAGAR RTO - OR32( 04-DEC-2017 ),11,MOTOR CAB,4,1,4,0,,,,,,,,,9
2024,Odisha,BHANJANAGAR RTO - OR32( 04-DEC-2017 ),12,MOTOR CAR,20,14,15,10,,,,,,,,,59
2024,Odisha,BHANJANAGAR RTO - OR32( 04-DEC-2017 ),13,MOTORISED CYCLE (CC > 25CC),0,0,1,0,,,,,,,,,1
2024,Odisha,BHANJANAGAR RTO - OR32( 04-DEC-2017 ),14,THREE WHEELER (GOODS),8,11,8,4,,,,,,,,,31
2024,Odisha,BHANJANAGAR RTO - OR32( 04-DEC-2017 ),15,THREE WHEELER (PASSENGER),11,13,10,5,,,,,,,,,39
2024,Odisha,BHANJANAGAR RTO - OR32( 04-DEC-2017 ),16,TRACTOR (COMMERCIAL),2,0,0,1,,,,,,,,,3
2024,Odisha,BHANJANAGAR RTO - OR32( 04-DEC-2017 ),17,TRAILER (COMMERCIAL),5,1,3,2,,,,,,,,,11
2024,Odisha,BHANJANAGAR RTO - OR32( 04-DEC-2017 ),18,VEHICLE FITTED WITH COMPRESSOR,0,0,0,1,,,,,,,,,1
2024,Odisha,BHUBANESWAR-II RTO - OR33( 23-OCT-2017 ),1,ADAPTED VEHICLE,0,1,0,0,,,,,,,,,1
2024,Odisha,BHUBANESWAR-II RTO - OR33( 23-OCT-2017 ),2,AGRICULTURAL TRACTOR,3,12,16,6,,,,,,,,,37
2024,Odisha,BHUBANESWAR-II RTO - OR33( 23-OCT-2017 ),3,AMBULANCE,0,2,2,2,,,,,,,,,6
2024,Odisha,BHUBANESWAR-II RTO - OR33( 23-OCT-2017 ),4,ARTICULATED VEHICLE,1,0,0,0,,,,,,,,,1
2024,Odisha,BHUBANESWAR-II RTO - OR33( 23-OCT-2017 ),5,BUS,1,6,0,1,,,,,,,,,8
2024,Odisha,BHUBANESWAR-II RTO - OR33( 23-OCT-2017 ),6,CONSTRUCTION EQUIPMENT VEHICLE,71,88,86,65,,,,,,,,,310
2024,Odisha,BHUBANESWAR-II RTO - OR33( 23-OCT-2017 ),7,EDUCATIONAL INSTITUTION BUS,0,5,8,5,,,,,,,,,18
2024,Odisha,BHUBANESWAR-II RTO - OR33( 23-OCT-2017 ),8,E-RICKSHAW(P),4,1,7,1,,,,,,,,,13
2024,Odisha,BHUBANESWAR-II RTO - OR33( 23-OCT-2017 ),9,E-RICKSHAW WITH CART (G),4,22,16,7,,,,,,,,,49
2024,Odisha,BHUBANESWAR-II RTO - OR33( 23-OCT-2017 ),10,GOODS CARRIER,89,74,77,72,,,,,,,,,312
2024,Odisha,BHUBANESWAR-II RTO - OR33( 23-OCT-2017 ),11,MAXI CAB,7,6,4,3,,,,,,,,,20
2024,Odisha,BHUBANESWAR-II RTO - OR33( 23-OCT-2017 ),12,M-CYCLE/SCOOTER,"2,438","2,400","3,294","1,890",,,,,,,,,"10,022"
2024,Odisha,BHUBANESWAR-II RTO - OR33( 23-OCT-2017 ),13,MOPED,13,15,11,12,,,,,,,,,51
2024,Odisha,BHUBANESWAR-II RTO - OR33( 23-OCT-2017 ),14,MOTOR CAB,65,80,77,58,,,,,,,,,280
2024,Odisha,BHUBANESWAR-II RTO - OR33( 23-OCT-2017 ),15,MOTOR CAR,720,649,767,455,,,,,,,,,"2,591"
2024,Odisha,BHUBANESWAR-II RTO - OR33( 23-OCT-2017 ),16,MOTOR CYCLE/SCOOTER-USED FOR HIRE,18,8,108,15,,,,,,,,,149
2024,Odisha,BHUBANESWAR-II RTO - OR33( 23-OCT-2017 ),17,MOTORISED CYCLE (CC > 25CC),0,0,1,0,,,,,,,,,1
2024,Odisha,BHUBANESWAR-II RTO - OR33( 23-OCT-2017 ),18,OMNI BUS,15,11,9,3,,,,,,,,,38
2024,Odisha,BHUBANESWAR-II RTO - OR33( 23-OCT-2017 ),19,OMNI BUS (PRIVATE USE),6,6,8,3,,,,,,,,,23
2024,Odisha,BHUBANESWAR-II RTO - OR33( 23-OCT-2017 ),20,PRIVATE SERVICE VEHICLE,1,1,0,0,,,,,,,,,2
2024,Odisha,BHUBANESWAR-II RTO - OR33( 23-OCT-2017 ),21,THREE WHEELER (GOODS),33,20,34,21,,,,,,,,,108
2024,Odisha,BHUBANESWAR-II RTO - OR33( 23-OCT-2017 ),22,THREE WHEELER (PASSENGER),44,47,65,39,,,,,,,,,195
2024,Odisha,BHUBANESWAR-II RTO - OR33( 23-OCT-2017 ),23,TRACTOR (COMMERCIAL),0,4,0,0,,,,,,,,,4
2024,Odisha,BHUBANESWAR-II RTO - OR33( 23-OCT-2017 ),24,TRAILER (COMMERCIAL),2,1,5,0,,,,,,,,,8
2024,Odisha,BHUBANESWAR RTO - OR2( 22-JAN-2018 ),1,ADAPTED VEHICLE,1,0,0,0,,,,,,,,,1
2024,Odisha,BHUBANESWAR RTO - OR2( 22-JAN-2018 ),2,AGRICULTURAL TRACTOR,10,11,9,6,,,,,,,,,36
2024,Odisha,BHUBANESWAR RTO - OR2( 22-JAN-2018 ),3,AMBULANCE,31,8,6,3,,,,,,,,,48
2024,Odisha,BHUBANESWAR RTO - OR2( 22-JAN-2018 ),4,ARMOURED/SPECIALISED VEHICLE,5,0,6,5,,,,,,,,,16
2024,Odisha,BHUBANESWAR RTO - OR2( 22-JAN-2018 ),5,ARTICULATED VEHICLE,2,0,0,0,,,,,,,,,2
2024,Odisha,BHUBANESWAR RTO - OR2( 22-JAN-2018 ),6,BUS,26,24,16,14,,,,,,,,,80
2024,Odisha,BHUBANESWAR RTO - OR2( 22-JAN-2018 ),7,CAMPER VAN / TRAILER (PRIVATE USE),0,0,0,4,,,,,,,,,4
2024,Odisha,BHUBANESWAR RTO - OR2( 22-JAN-2018 ),8,CASH VAN,0,0,1,0,,,,,,,,,1
2024,Odisha,BHUBANESWAR RTO - OR2( 22-JAN-2018 ),9,CONSTRUCTION EQUIPMENT VEHICLE,60,66,59,64,,,,,,,,,249
2024,Odisha,BHUBANESWAR RTO - OR2( 22-JAN-2018 ),10,EDUCATIONAL INSTITUTION BUS,7,1,9,8,,,,,,,,,25
2024,Odisha,BHUBANESWAR RTO - OR2( 22-JAN-2018 ),11,E-RICKSHAW(P),2,1,1,4,,,,,,,,,8
2024,Odisha,BHUBANESWAR RTO - OR2( 22-JAN-2018 ),12,E-RICKSHAW WITH CART (G),5,0,0,0,,,,,,,,,5
2024,Odisha,BHUBANESWAR RTO - OR2( 22-JAN-2018 ),13,GOODS CARRIER,357,347,380,223,,,,,,,,,"1,307"
2024,Odisha,BHUBANESWAR RTO - OR2( 22-JAN-2018 ),14,HEARSES,15,0,0,0,,,,,,,,,15
2024,Odisha,BHUBANESWAR RTO - OR2( 22-JAN-2018 ),15,LUXURY CAB,0,1,0,0,,,,,,,,,1
2024,Odisha,BHUBANESWAR RTO - OR2( 22-JAN-2018 ),16,MAXI CAB,18,20,25,14,,,,,,,,,77
2024,Odisha,BHUBANESWAR RTO - OR2( 22-JAN-2018 ),17,M-CYCLE/SCOOTER,"4,426","4,357","5,079","3,106",,,,,,,,,"16,968"
2024,Odisha,BHUBANESWAR RTO - OR2( 22-JAN-2018 ),18,MOBILE CLINIC,1,0,0,0,,,,,,,,,1
2024,Odisha,BHUBANESWAR RTO - OR2( 22-JAN-2018 ),19,MOPED,101,110,87,61,,,,,,,,,359
2024,Odisha,BHUBANESWAR RTO - OR2( 22-JAN-2018 ),20,MOTOR CAB,177,142,222,109,,,,,,,,,650
2024,Odisha,BHUBANESWAR RTO - OR2( 22-JAN-2018 ),21,MOTOR CAR,"2,347","1,883","2,035","1,303",,,,,,,,,"7,568"
2024,Odisha,BHUBANESWAR RTO - OR2( 22-JAN-2018 ),22,MOTOR CYCLE/SCOOTER-USED FOR HIRE,13,1,26,12,,,,,,,,,52
2024,Odisha,BHUBANESWAR RTO - OR2( 22-JAN-2018 ),23,MOTORISED CYCLE (CC > 25CC),0,1,0,1,,,,,,,,,2
2024,Odisha,BHUBANESWAR RTO - OR2( 22-JAN-2018 ),24,OMNI BUS,16,12,14,6,,,,,,,,,48
2024,Odisha,BHUBANESWAR RTO - OR2( 22-JAN-2018 ),25,OMNI BUS (PRIVATE USE),15,21,10,8,,,,,,,,,54
2024,Odisha,BOLANGIR RTO - OR3( 25-DEC-2017 ),1,AGRICULTURAL TRACTOR,62,41,62,39,,,,,,,,,204
2024,Odisha,BOLANGIR RTO - OR3( 25-DEC-2017 ),2,AMBULANCE,0,0,1,0,,,,,,,,,1
2024,Odisha,BOLANGIR RTO - OR3( 25-DEC-2017 ),3,BUS,0,29,18,0,,,,,,,,,47
2024,Odisha,BOLANGIR RTO - OR3( 25-DEC-2017 ),4,CONSTRUCTION EQUIPMENT VEHICLE,7,16,13,10,,,,,,,,,46
2024,Odisha,BOLANGIR RTO - OR3( 25-DEC-2017 ),5,CRANE MOUNTED VEHICLE,0,0,1,0,,,,,,,,,1
2024,Odisha,BOLANGIR RTO - OR3( 25-DEC-2017 ),6,EDUCATIONAL INSTITUTION BUS,0,0,3,1,,,,,,,,,4
2024,Odisha,BOLANGIR RTO - OR3( 25-DEC-2017 ),7,E-RICKSHAW(P),0,0,1,0,,,,,,,,,1
2024,Odisha,BOLANGIR RTO - OR3( 25-DEC-2017 ),8,GOODS CARRIER,74,81,65,42,,,,,,,,,262
2024,Odisha,BOLANGIR RTO - OR3( 25-DEC-2017 ),9,MAXI CAB,2,2,3,1,,,,,,,,,8
2024,Odisha,BOLANGIR RTO - OR3( 25-DEC-2017 ),10,M-CYCLE/SCOOTER,"2,123","3,143","3,304","1,572",,,,,,,,,"10,142"
2024,Odisha,BOLANGIR RTO - OR3( 25-DEC-2017 ),11,M-CYCLE/SCOOTER-WITH SIDE CAR,0,0,0,1,,,,,,,,,1
2024,Odisha,BOLANGIR RTO - OR3( 25-DEC-2017 ),12,MOPED,94,113,94,45,,,,,,,,,346
2024,Odisha,BOLANGIR RTO - OR3( 25-DEC-2017 ),13,MOTOR CAB,12,11,12,6,,,,,,,,,41
2024,Odisha,BOLANGIR RTO - OR3( 25-DEC-2017 ),14,MOTOR CAR,179,141,148,90,,,,,,,,,558
2024,Odisha,BOLANGIR RTO - OR3( 25-DEC-2017 ),15,OMNI BUS,0,3,0,2,,,,,,,,,5
2024,Odisha,BOLANGIR RTO - OR3( 25-DEC-2017 ),16,OMNI BUS (PRIVATE USE),0,1,0,1,,,,,,,,,2
2024,Odisha,BOLANGIR RTO - OR3( 25-DEC-2017 ),17,THREE WHEELER (GOODS),7,6,9,1,,,,,,,,,23
2024,Odisha,BOLANGIR RTO - OR3( 25-DEC-2017 ),18,THREE WHEELER (PASSENGER),9,16,13,8,,,,,,,,,46
2024,Odisha,BOLANGIR RTO - OR3( 25-DEC-2017 ),19,TRACTOR-TROLLEY(COMMERCIAL),3,0,0,3,,,,,,,,,6
2024,Odisha,BOLANGIR RTO - OR3( 25-DEC-2017 ),20,TRAILER (COMMERCIAL),1,1,2,0,,,,,,,,,4
2024,Odisha,BOUDH RTO - OR27( 23-OCT-2017 ),1,AGRICULTURAL TRACTOR,35,24,29,15,,,,,,,,,103
2024,Odisha,BOUDH RTO - OR27( 23-OCT-2017 ),2,BUS,0,6,4,0,,,,,,,,,10
2024,Odisha,BOUDH RTO - OR27( 23-OCT-2017 ),3,CONSTRUCTION EQUIPMENT VEHICLE,1,0,2,1,,,,,,,,,4
2024,Odisha,BOUDH RTO - OR27( 23-OCT-2017 ),4,E-RICKSHAW(P),0,0,0,2,,,,,,,,,2
2024,Odisha,BOUDH RTO - OR27( 23-OCT-2017 ),5,GOODS CARRIER,8,7,3,3,,,,,,,,,21
2024,Odisha,BOUDH RTO - OR27( 23-OCT-2017 ),6,MAXI CAB,0,0,1,0,,,,,,,,,1
2024,Odisha,BOUDH RTO - OR27( 23-OCT-2017 ),7,M-CYCLE/SCOOTER,302,550,643,267,,,,,,,,,"1,762"
2024,Odisha,BOUDH RTO - OR27( 23-OCT-2017 ),8,MOTOR CAB,2,0,3,0,,,,,,,,,5
2024,Odisha,BOUDH RTO - OR27( 23-OCT-2017 ),9,MOTOR CAR,7,9,4,2,,,,,,,,,22
2024,Odisha,BOUDH RTO - OR27( 23-OCT-2017 ),10,OMNI BUS,0,0,1,0,,,,,,,,,1
2024,Odisha,BOUDH RTO - OR27( 23-OCT-2017 ),11,THREE WHEELER (GOODS),3,0,2,0,,,,,,,,,5
2024,Odisha,BOUDH RTO - OR27( 23-OCT-2017 ),12,THREE WHEELER (PASSENGER),5,3,13,1,,,,,,,,,22
2024,Odisha,BOUDH RTO - OR27( 23-OCT-2017 ),13,TRACTOR-TROLLEY(COMMERCIAL),0,1,0,0,,,,,,,,,1
2024,Odisha,CHANDIKHOLE RTO - OR4( 23-OCT-2017 ),1,AGRICULTURAL TRACTOR,21,19,25,32,,,,,,,,,97
2024,Odisha,CHANDIKHOLE RTO - OR4( 23-OCT-2017 ),2,ARTICULATED VEHICLE,2,5,13,26,,,,,,,,,46
2024,Odisha,CHANDIKHOLE RTO - OR4( 23-OCT-2017 ),3,BUS,0,4,15,2,,,,,,,,,21
2024,Odisha,CHANDIKHOLE RTO - OR4( 23-OCT-2017 ),4,CONSTRUCTION EQUIPMENT VEHICLE,8,17,17,11,,,,,,,,,53
2024,Odisha,CHANDIKHOLE RTO - OR4( 23-OCT-2017 ),5,CRANE MOUNTED VEHICLE,2,1,3,0,,,,,,,,,6
2024,Odisha,CHANDIKHOLE RTO - OR4( 23-OCT-2017 ),6,E-RICKSHAW(P),0,1,0,0,,,,,,,,,1
2024,Odisha,CHANDIKHOLE RTO - OR4( 23-OCT-2017 ),7,E-RICKSHAW WITH CART (G),1,0,0,0,,,,,,,,,1
2024,Odisha,CHANDIKHOLE RTO - OR4( 23-OCT-2017 ),8,GOODS CARRIER,127,104,126,97,,,,,,,,,454
2024,Odisha,CHANDIKHOLE RTO - OR4( 23-OCT-2017 ),9,MAXI CAB,7,3,1,1,,,,,,,,,12
2024,Odisha,CHANDIKHOLE RTO - OR4( 23-OCT-2017 ),10,M-CYCLE/SCOOTER,"1,174","1,154","1,403",865,,,,,,,,,"4,596"
2024,Odisha,CHANDIKHOLE RTO - OR4( 23-OCT-2017 ),11,MOPED,48,39,47,19,,,,,,,,,153
2024,Odisha,CHANDIKHOLE RTO - OR4( 23-OCT-2017 ),12,MOTOR CAB,12,18,14,3,,,,,,,,,47
2024,Odisha,CHANDIKHOLE RTO - OR4( 23-OCT-2017 ),13,MOTOR CAR,29,31,25,19,,,,,,,,,104
2024,Odisha,CHANDIKHOLE RTO - OR4( 23-OCT-2017 ),14,MOTORISED CYCLE (CC > 25CC),2,2,2,0,,,,,,,,,6
2024,Odisha,CHANDIKHOLE RTO - OR4( 23-OCT-2017 ),15,OMNI BUS,2,1,2,2,,,,,,,,,7
2024,Odisha,CHANDIKHOLE RTO - OR4( 23-OCT-2017 ),16,PRIVATE SERVICE VEHICLE,0,0,0,1,,,,,,,,,1
2024,Odisha,CHANDIKHOLE RTO - OR4( 23-OCT-2017 ),17,THREE WHEELER (GOODS),18,9,15,7,,,,,,,,,49
2024,Odisha,CHANDIKHOLE RTO - OR4( 23-OCT-2017 ),18,THREE WHEELER (PASSENGER),10,6,11,8,,,,,,,,,35
2024,Odisha,CHANDIKHOLE RTO - OR4( 23-OCT-2017 ),19,TRACTOR (COMMERCIAL),0,6,1,3,,,,,,,,,10
2024,Odisha,CHANDIKHOLE RTO - OR4( 23-OCT-2017 ),20,TRACTOR-TROLLEY(COMMERCIAL),0,2,0,2,,,,,,,,,4
2024,Odisha,CHANDIKHOLE RTO - OR4( 23-OCT-2017 ),21,TRAILER (COMMERCIAL),2,7,2,2,,,,,,,,,13
2024,Odisha,CUTTACK RTO - OR5( 31-MAY-2017 ),1,ADAPTED VEHICLE,0,0,0,1,,,,,,,,,1
2024,Odisha,CUTTACK RTO - OR5( 31-MAY-2017 ),2,AGRICULTURAL TRACTOR,74,77,72,29,,,,,,,,,252
2024,Odisha,CUTTACK RTO - OR5( 31-MAY-2017 ),3,AMBULANCE,0,141,1,4,,,,,,,,,146
2024,Odisha,CUTTACK RTO - OR5( 31-MAY-2017 ),4,ARTICULATED VEHICLE,9,4,3,15,,,,,,,,,31
2024,Odisha,CUTTACK RTO - OR5( 31-MAY-2017 ),5,BUS,6,32,14,3,,,,,,,,,55
2024,Odisha,CUTTACK RTO - OR5( 31-MAY-2017 ),6,CONSTRUCTION EQUIPMENT VEHICLE,1,15,10,8,,,,,,,,,34
2024,Odisha,CUTTACK RTO - OR5( 31-MAY-2017 ),7,CRANE MOUNTED VEHICLE,4,1,0,0,,,,,,,,,5
2024,Odisha,CUTTACK RTO - OR5( 31-MAY-2017 ),8,EARTH MOVING EQUIPMENT,0,2,0,0,,,,,,,,,2
2024,Odisha,CUTTACK RTO - OR5( 31-MAY-2017 ),9,EDUCATIONAL INSTITUTION BUS,2,3,1,3,,,,,,,,,9
2024,Odisha,CUTTACK RTO - OR5( 31-MAY-2017 ),10,E-RICKSHAW(P),6,1,1,1,,,,,,,,,9
2024,Odisha,CUTTACK RTO - OR5( 31-MAY-2017 ),11,E-RICKSHAW WITH CART (G),5,6,4,2,,,,,,,,,17
2024,Odisha,CUTTACK RTO - OR5( 31-MAY-2017 ),12,FIRE FIGHTING VEHICLE,0,0,20,0,,,,,,,,,20
2024,Odisha,CUTTACK RTO - OR5( 31-MAY-2017 ),13,FIRE TENDERS,0,0,17,4,,,,,,,,,21
2024,Odisha,CUTTACK RTO - OR5( 31-MAY-2017 ),14,GOODS CARRIER,253,334,268,207,,,,,,,,,"1,062"
2024,Odisha,CUTTACK RTO - OR5( 31-MAY-2017 ),15,MAXI CAB,6,4,9,4,,,,,,,,,23
2024,Odisha,CUTTACK RTO - OR5( 31-MAY-2017 ),16,M-CYCLE/SCOOTER,"4,116","4,329","5,405","3,096",,,,,,,,,"16,946"
2024,Odisha,CUTTACK RTO - OR5( 31-MAY-2017 ),17,M-CYCLE/SCOOTER-WITH SIDE CAR,0,0,2,8,,,,,,,,,10
2024,Odisha,CUTTACK RTO - OR5( 31-MAY-2017 ),18,MOPED,87,63,78,61,,,,,,,,,289
2024,Odisha,CUTTACK RTO - OR5( 31-MAY-2017 ),19,MOTOR CAB,57,50,111,31,,,,,,,,,249
2024,Odisha,CUTTACK RTO - OR5( 31-MAY-2017 ),20,MOTOR CAR,891,773,775,455,,,,,,,,,"2,894"
2024,Odisha,CUTTACK RTO - OR5( 31-MAY-2017 ),21,MOTOR CYCLE/SCOOTER-USED FOR HIRE,0,0,0,1,,,,,,,,,1
2024,Odisha,CUTTACK RTO - OR5( 31-MAY-2017 ),22,MOTORISED CYCLE (CC > 25CC),13,11,10,4,,,,,,,,,38
2024,Odisha,CUTTACK RTO - OR5( 31-MAY-2017 ),23,OMNI BUS,10,5,3,5,,,,,,,,,23
2024,Odisha,CUTTACK RTO - OR5( 31-MAY-2017 ),24,OMNI BUS (PRIVATE USE),6,4,29,18,,,,,,,,,57
2024,Odisha,CUTTACK RTO - OR5( 31-MAY-2017 ),25,PRIVATE SERVICE VEHICLE,1,1,0,3,,,,,,,,,5
2024,Odisha,DEOGARH RTO - OR28( 23-OCT-2017 ),1,AGRICULTURAL TRACTOR,24,25,15,4,,,,,,,,,68
2024,Odisha,DEOGARH RTO - OR28( 23-OCT-2017 ),2,BUS,2,19,0,1,,,,,,,,,22
2024,Odisha,DEOGARH RTO - OR28( 23-OCT-2017 ),3,CONSTRUCTION EQUIPMENT VEHICLE,0,3,1,0,,,,,,,,,4
2024,Odisha,DEOGARH RTO - OR28( 23-OCT-2017 ),4,GOODS CARRIER,5,3,8,1,,,,,,,,,17
2024,Odisha,DEOGARH RTO - OR28( 23-OCT-2017 ),5,M-CYCLE/SCOOTER,192,224,253,122,,,,,,,,,791
2024,Odisha,DEOGARH RTO - OR28( 23-OCT-2017 ),6,MOPED,3,5,4,5,,,,,,,,,17
2024,Odisha,DEOGARH RTO - OR28( 23-OCT-2017 ),7,MOTOR CAB,1,3,3,2,,,,,,,,,9
2024,Odisha,DEOGARH RTO - OR28( 23-OCT-2017 ),8,MOTOR CAR,12,12,20,5,,,,,,,,,49
2024,Odisha,DEOGARH RTO - OR28( 23-OCT-2017 ),9,THREE WHEELER (GOODS),8,3,2,1,,,,,,,,,14
2024,Odisha,DEOGARH RTO - OR28( 23-OCT-2017 ),10,THREE WHEELER (PASSENGER),10,15,10,4,,,,,,,,,39
2024,Odisha,DHENKANAL RTO - OR6( 07-NOV-2017 ),1,AGRICULTURAL TRACTOR,18,26,31,21,,,,,,,,,96
2024,Odisha,DHENKANAL RTO - OR6( 07-NOV-2017 ),2,ARTICULATED VEHICLE,1,2,0,0,,,,,,,,,3
2024,Odisha,DHENKANAL RTO - OR6( 07-NOV-2017 ),3,BUS,8,19,30,0,,,,,,,,,57
2024,Odisha,DHENKANAL RTO - OR6( 07-NOV-2017 ),4,CONSTRUCTION EQUIPMENT VEHICLE,7,6,2,2,,,,,,,,,17
2024,Odisha,DHENKANAL RTO - OR6( 07-NOV-2017 ),5,CRANE MOUNTED VEHICLE,0,1,0,1,,,,,,,,,2
2024,Odisha,DHENKANAL RTO - OR6( 07-NOV-2017 ),6,DUMPER,0,0,2,0,,,,,,,,,2
2024,Odisha,DHENKANAL RTO - OR6( 07-NOV-2017 ),7,EDUCATIONAL INSTITUTION BUS,0,0,1,1,,,,,,,,,2
2024,Odisha,DHENKANAL RTO - OR6( 07-NOV-2017 ),8,GOODS CARRIER,15,22,19,16,,,,,,,,,72
2024,Odisha,DHENKANAL RTO - OR6( 07-NOV-2017 ),9,MAXI CAB,1,2,2,2,,,,,,,,,7
2024,Odisha,DHENKANAL RTO - OR6( 07-NOV-2017 ),10,M-CYCLE/SCOOTER,806,848,"1,124",604,,,,,,,,,"3,382"
2024,Odisha,DHENKANAL RTO - OR6( 07-NOV-2017 ),11,MOPED,22,27,26,10,,,,,,,,,85
2024,Odisha,DHENKANAL RTO - OR6( 07-NOV-2017 ),12,MOTOR CAB,2,2,2,0,,,,,,,,,6
2024,Odisha,DHENKANAL RTO - OR6( 07-NOV-2017 ),13,MOTOR CAR,29,19,20,20,,,,,,,,,88
2024,Odisha,DHENKANAL RTO - OR6( 07-NOV-2017 ),14,MOTORISED CYCLE (CC > 25CC),1,0,0,0,,,,,,,,,1
2024,Odisha,DHENKANAL RTO - OR6( 07-NOV-2017 ),15,OMNI BUS,1,0,1,1,,,,,,,,,3
2024,Odisha,DHENKANAL RTO - OR6( 07-NOV-2017 ),16,PRIVATE SERVICE VEHICLE,0,1,0,0,,,,,,,,,1
2024,Odisha,DHENKANAL RTO - OR6( 07-NOV-2017 ),17,THREE WHEELER (GOODS),5,4,4,2,,,,,,,,,15
2024,Odisha,DHENKANAL RTO - OR6( 07-NOV-2017 ),18,THREE WHEELER (PASSENGER),9,5,4,3,,,,,,,,,21
2024,Odisha,DHENKANAL RTO - OR6( 07-NOV-2017 ),19,TRACTOR (COMMERCIAL),1,2,0,0,,,,,,,,,3
2024,Odisha,DHENKANAL RTO - OR6( 07-NOV-2017 ),20,TRACTOR-TROLLEY(COMMERCIAL),0,1,0,0,,,,,,,,,1
2024,Odisha,DHENKANAL RTO - OR6( 07-NOV-2017 ),21,TRAILER (COMMERCIAL),2,5,0,1,,,,,,,,,8
2024,Odisha,GAJAPATI RTO - OR20( 07-NOV-2017 ),1,AGRICULTURAL TRACTOR,17,10,22,9,,,,,,,,,58
2024,Odisha,GAJAPATI RTO - OR20( 07-NOV-2017 ),2,BUS,0,0,4,0,,,,,,,,,4
2024,Odisha,GAJAPATI RTO - OR20( 07-NOV-2017 ),3,CONSTRUCTION EQUIPMENT VEHICLE,0,0,2,0,,,,,,,,,2
2024,Odisha,GAJAPATI RTO - OR20( 07-NOV-2017 ),4,CRANE MOUNTED VEHICLE,0,0,1,0,,,,,,,,,1
2024,Odisha,GAJAPATI RTO - OR20( 07-NOV-2017 ),5,EDUCATIONAL INSTITUTION BUS,0,0,2,0,,,,,,,,,2
2024,Odisha,GAJAPATI RTO - OR20( 07-NOV-2017 ),6,GOODS CARRIER,2,2,4,1,,,,,,,,,9
2024,Odisha,GAJAPATI RTO - OR20( 07-NOV-2017 ),7,M-CYCLE/SCOOTER,358,396,445,278,,,,,,,,,"1,477"
2024,Odisha,GAJAPATI RTO - OR20( 07-NOV-2017 ),8,MOPED,4,3,2,1,,,,,,,,,10
2024,Odisha,GAJAPATI RTO - OR20( 07-NOV-2017 ),9,MOTOR CAB,0,0,2,1,,,,,,,,,3
2024,Odisha,GAJAPATI RTO - OR20( 07-NOV-2017 ),10,MOTOR CAR,16,12,10,10,,,,,,,,,48
2024,Odisha,GAJAPATI RTO - OR20( 07-NOV-2017 ),11,MOTORISED CYCLE (CC > 25CC),17,18,24,13,,,,,,,,,72
2024,Odisha,GAJAPATI RTO - OR20( 07-NOV-2017 ),12,OMNI BUS,0,0,2,0,,,,,,,,,2
2024,Odisha,GAJAPATI RTO - OR20( 07-NOV-2017 ),13,THREE WHEELER (GOODS),0,1,0,0,,,,,,,,,1
2024,Odisha,GAJAPATI RTO - OR20( 07-NOV-2017 ),14,THREE WHEELER (PASSENGER),5,2,6,1,,,,,,,,,14
2024,Odisha,GAJAPATI RTO - OR20( 07-NOV-2017 ),15,TRACTOR (COMMERCIAL),5,4,1,0,,,,,,,,,10
2024,Odisha,GAJAPATI RTO - OR20( 07-NOV-2017 ),16,TRAILER (COMMERCIAL),5,8,5,7,,,,,,,,,25
2024,Odisha,GANJAM RTO - OR7( 04-DEC-2017 ),1,AGRICULTURAL TRACTOR,30,34,47,19,,,,,,,,,130
2024,Odisha,GANJAM RTO - OR7( 04-DEC-2017 ),2,AMBULANCE,1,3,1,0,,,,,,,,,5
2024,Odisha,GANJAM RTO - OR7( 04-DEC-2017 ),3,ARTICULATED VEHICLE,0,1,0,0,,,,,,,,,1
2024,Odisha,GANJAM RTO - OR7( 04-DEC-2017 ),4,BUS,2,52,32,3,,,,,,,,,89
2024,Odisha,GANJAM RTO - OR7( 04-DEC-2017 ),5,CONSTRUCTION EQUIPMENT VEHICLE,0,4,4,3,,,,,,,,,11
2024,Odisha,GANJAM RTO - OR7( 04-DEC-2017 ),6,CRANE MOUNTED VEHICLE,0,1,0,1,,,,,,,,,2
2024,Odisha,GANJAM RTO - OR7( 04-DEC-2017 ),7,EDUCATIONAL INSTITUTION BUS,0,0,0,1,,,,,,,,,1
2024,Odisha,GANJAM RTO - OR7( 04-DEC-2017 ),8,E-RICKSHAW(P),0,0,1,0,,,,,,,,,1
2024,Odisha,GANJAM RTO - OR7( 04-DEC-2017 ),9,E-RICKSHAW WITH CART (G),4,1,0,1,,,,,,,,,6
2024,Odisha,GANJAM RTO - OR7( 04-DEC-2017 ),10,GOODS CARRIER,107,128,114,66,,,,,,,,,415
2024,Odisha,GANJAM RTO - OR7( 04-DEC-2017 ),11,M-CYCLE/SCOOTER,"2,764","2,674","3,969","2,089",,,,,,,,,"11,496"
2024,Odisha,GANJAM RTO - OR7( 04-DEC-2017 ),12,M-CYCLE/SCOOTER-WITH SIDE CAR,0,0,0,1,,,,,,,,,1
2024,Odisha,GANJAM RTO - OR7( 04-DEC-2017 ),13,MOBILE CLINIC,1,0,0,0,,,,,,,,,1
2024,Odisha,GANJAM RTO - OR7( 04-DEC-2017 ),14,MOPED,236,166,243,142,,,,,,,,,787
2024,Odisha,GANJAM RTO - OR7( 04-DEC-2017 ),15,MOTOR CAB,10,12,11,4,,,,,,,,,37
2024,Odisha,GANJAM RTO - OR7( 04-DEC-2017 ),16,MOTOR CAR,148,130,133,93,,,,,,,,,504
2024,Odisha,GANJAM RTO - OR7( 04-DEC-2017 ),17,MOTORISED CYCLE (CC > 25CC),234,312,548,330,,,,,,,,,"1,424"
2024,Odisha,GANJAM RTO - OR7( 04-DEC-2017 ),18,OMNI BUS,1,2,1,1,,,,,,,,,5
2024,Odisha,GANJAM RTO - OR7( 04-DEC-2017 ),19,OMNI BUS (PRIVATE USE),0,0,2,0,,,,,,,,,2
2024,Odisha,GANJAM RTO - OR7( 04-DEC-2017 ),20,THREE WHEELER (GOODS),36,32,45,19,,,,,,,,,132
2024,Odisha,GANJAM RTO - OR7( 04-DEC-2017 ),21,THREE WHEELER (PASSENGER),65,53,66,47,,,,,,,,,231
2024,Odisha,GANJAM RTO - OR7( 04-DEC-2017 ),22,TRACTOR (COMMERCIAL),0,3,0,0,,,,,,,,,3
2024,Odisha,GANJAM RTO - OR7( 04-DEC-2017 ),23,TRAILER (COMMERCIAL),1,2,8,5,,,,,,,,,16
2024,Odisha,JAGATSINGHPUR RTO - OR21( 04-DEC-2017 ),1,AGRICULTURAL TRACTOR,33,43,39,9,,,,,,,,,124
2024,Odisha,JAGATSINGHPUR RTO - OR21( 04-DEC-2017 ),2,AMBULANCE,0,1,0,0,,,,,,,,,1
2024,Odisha,JAGATSINGHPUR RTO - OR21( 04-DEC-2017 ),3,ARTICULATED VEHICLE,0,0,1,1,,,,,,,,,2
2024,Odisha,JAGATSINGHPUR RTO - OR21( 04-DEC-2017 ),4,BUS,0,12,0,0,,,,,,,,,12
2024,Odisha,JAGATSINGHPUR RTO - OR21( 04-DEC-2017 ),5,CONSTRUCTION EQUIPMENT VEHICLE,7,5,5,2,,,,,,,,,19
2024,Odisha,JAGATSINGHPUR RTO - OR21( 04-DEC-2017 ),6,CRANE MOUNTED VEHICLE,1,0,0,0,,,,,,,,,1
2024,Odisha,JAGATSINGHPUR RTO - OR21( 04-DEC-2017 ),7,E-RICKSHAW WITH CART (G),0,1,0,0,,,,,,,,,1
2024,Odisha,JAGATSINGHPUR RTO - OR21( 04-DEC-2017 ),8,GOODS CARRIER,25,21,20,17,,,,,,,,,83
2024,Odisha,JAGATSINGHPUR RTO - OR21( 04-DEC-2017 ),9,MAXI CAB,0,1,0,0,,,,,,,,,1
2024,Odisha,JAGATSINGHPUR RTO - OR21( 04-DEC-2017 ),10,M-CYCLE/SCOOTER,"1,029",997,"1,239",687,,,,,,,,,"3,952"
2024,Odisha,JAGATSINGHPUR RTO - OR21( 04-DEC-2017 ),11,MOPED,19,7,3,16,,,,,,,,,45
2024,Odisha,JAGATSINGHPUR RTO - OR21( 04-DEC-2017 ),12,MOTOR CAB,2,0,1,1,,,,,,,,,4
2024,Odisha,JAGATSINGHPUR RTO - OR21( 04-DEC-2017 ),13,MOTOR CAR,12,10,6,4,,,,,,,,,32
2024,Odisha,JAGATSINGHPUR RTO - OR21( 04-DEC-2017 ),14,OMNI BUS,1,0,0,0,,,,,,,,,1
2024,Odisha,JAGATSINGHPUR RTO - OR21( 04-DEC-2017 ),15,THREE WHEELER (GOODS),3,3,6,1,,,,,,,,,13
2024,Odisha,JAGATSINGHPUR RTO - OR21( 04-DEC-2017 ),16,THREE WHEELER (PASSENGER),2,1,3,1,,,,,,,,,7
2024,Odisha,JAGATSINGHPUR RTO - OR21( 04-DEC-2017 ),17,TRAILER (COMMERCIAL),3,4,9,0,,,,,,,,,16
2024,Odisha,JAJPUR RTO - OR34( 23-OCT-2017 ),1,AGRICULTURAL TRACTOR,35,26,44,14,,,,,,,,,119
2024,Odisha,JAJPUR RTO - OR34( 23-OCT-2017 ),2,ARTICULATED VEHICLE,0,8,1,2,,,,,,,,,11
2024,Odisha,JAJPUR RTO - OR34( 23-OCT-2017 ),3,BUS,0,25,1,0,,,,,,,,,26
2024,Odisha,JAJPUR RTO - OR34( 23-OCT-2017 ),4,CONSTRUCTION EQUIPMENT VEHICLE,1,7,8,2,,,,,,,,,18
2024,Odisha,JAJPUR RTO - OR34( 23-OCT-2017 ),5,CRANE MOUNTED VEHICLE,2,4,2,0,,,,,,,,,8
2024,Odisha,JAJPUR RTO - OR34( 23-OCT-2017 ),6,EARTH MOVING EQUIPMENT,0,0,3,0,,,,,,,,,3
2024,Odisha,JAJPUR RTO - OR34( 23-OCT-2017 ),7,EDUCATIONAL INSTITUTION BUS,0,1,1,0,,,,,,,,,2
2024,Odisha,JAJPUR RTO - OR34( 23-OCT-2017 ),8,GOODS CARRIER,37,38,51,32,,,,,,,,,158
2024,Odisha,JAJPUR RTO - OR34( 23-OCT-2017 ),9,MAXI CAB,2,7,3,2,,,,,,,,,14
2024,Odisha,JAJPUR RTO - OR34( 23-OCT-2017 ),10,M-CYCLE/SCOOTER,"1,707","1,610","1,990","1,157",,,,,,,,,"6,464"
2024,Odisha,JAJPUR RTO - OR34( 23-OCT-2017 ),11,M-CYCLE/SCOOTER-WITH SIDE CAR,1,0,0,0,,,,,,,,,1
2024,Odisha,JAJPUR RTO - OR34( 23-OCT-2017 ),12,MOPED,9,6,7,6,,,,,,,,,28
2024,Odisha,JAJPUR RTO - OR34( 23-OCT-2017 ),13,MOTOR CAB,17,15,10,7,,,,,,,,,49
2024,Odisha,JAJPUR RTO - OR34( 23-OCT-2017 ),14,MOTOR CAR,48,61,60,44,,,,,,,,,213
2024,Odisha,JAJPUR RTO - OR34( 23-OCT-2017 ),15,MOTORISED CYCLE (CC > 25CC),66,66,80,20,,,,,,,,,232
2024,Odisha,JAJPUR RTO - OR34( 23-OCT-2017 ),16,OMNI BUS,5,11,5,8,,,,,,,,,29
2024,Odisha,JAJPUR RTO - OR34( 23-OCT-2017 ),17,PRIVATE SERVICE VEHICLE,0,0,0,1,,,,,,,,,1
2024,Odisha,JAJPUR RTO - OR34( 23-OCT-2017 ),18,THREE WHEELER (GOODS),15,24,23,16,,,,,,,,,78
2024,Odisha,JAJPUR RTO - OR34( 23-OCT-2017 ),19,THREE WHEELER (PASSENGER),24,27,24,15,,,,,,,,,90
2024,Odisha,JAJPUR RTO - OR34( 23-OCT-2017 ),20,TRACTOR (COMMERCIAL),2,0,1,1,,,,,,,,,4
2024,Odisha,JAJPUR RTO - OR34( 23-OCT-2017 ),21,TRACTOR-TROLLEY(COMMERCIAL),0,1,0,0,,,,,,,,,1
2024,Odisha,JAJPUR RTO - OR34( 23-OCT-2017 ),22,TRAILER (COMMERCIAL),0,2,0,1,,,,,,,,,3
2024,Odisha,JHARSUGUDA RTO - OR23( 07-NOV-2017 ),1,AGRICULTURAL TRACTOR,17,15,13,5,,,,,,,,,50
2024,Odisha,JHARSUGUDA RTO - OR23( 07-NOV-2017 ),2,AMBULANCE,1,0,1,0,,,,,,,,,2
2024,Odisha,JHARSUGUDA RTO - OR23( 07-NOV-2017 ),3,ARTICULATED VEHICLE,18,7,19,15,,,,,,,,,59
2024,Odisha,JHARSUGUDA RTO - OR23( 07-NOV-2017 ),4,BUS,0,12,6,1,,,,,,,,,19
2024,Odisha,JHARSUGUDA RTO - OR23( 07-NOV-2017 ),5,CONSTRUCTION EQUIPMENT VEHICLE,17,20,13,19,,,,,,,,,69
2024,Odisha,JHARSUGUDA RTO - OR23( 07-NOV-2017 ),6,CRANE MOUNTED VEHICLE,7,6,5,6,,,,,,,,,24
2024,Odisha,JHARSUGUDA RTO - OR23( 07-NOV-2017 ),7,DUMPER,10,0,3,0,,,,,,,,,13
2024,Odisha,JHARSUGUDA RTO - OR23( 07-NOV-2017 ),8,EARTH MOVING EQUIPMENT,0,7,0,0,,,,,,,,,7
2024,Odisha,JHARSUGUDA RTO - OR23( 07-NOV-2017 ),9,E-RICKSHAW(P),7,8,4,1,,,,,,,,,20
2024,Odisha,JHARSUGUDA RTO - OR23( 07-NOV-2017 ),10,E-RICKSHAW WITH CART (G),2,0,3,0,,,,,,,,,5
2024,Odisha,JHARSUGUDA RTO - OR23( 07-NOV-2017 ),11,EXCAVATOR (NT),0,3,1,0,,,,,,,,,4
2024,Odisha,JHARSUGUDA RTO - OR23( 07-NOV-2017 ),12,FORK LIFT,2,0,0,0,,,,,,,,,2
2024,Odisha,JHARSUGUDA RTO - OR23( 07-NOV-2017 ),13,GOODS CARRIER,145,142,105,68,,,,,,,,,460
2024,Odisha,JHARSUGUDA RTO - OR23( 07-NOV-2017 ),14,HEARSES,0,0,1,0,,,,,,,,,1
2024,Odisha,JHARSUGUDA RTO - OR23( 07-NOV-2017 ),15,MAXI CAB,0,4,2,1,,,,,,,,,7
2024,Odisha,JHARSUGUDA RTO - OR23( 07-NOV-2017 ),16,M-CYCLE/SCOOTER,898,"1,028","1,067",559,,,,,,,,,"3,552"
2024,Odisha,JHARSUGUDA RTO - OR23( 07-NOV-2017 ),17,MOPED,40,80,91,40,,,,,,,,,251
2024,Odisha,JHARSUGUDA RTO - OR23( 07-NOV-2017 ),18,MOTOR CAB,15,15,16,9,,,,,,,,,55
2024,Odisha,JHARSUGUDA RTO - OR23( 07-NOV-2017 ),19,MOTOR CAR,130,160,144,95,,,,,,,,,529
2024,Odisha,JHARSUGUDA RTO - OR23( 07-NOV-2017 ),20,OMNI BUS,3,4,6,0,,,,,,,,,13
2024,Odisha,JHARSUGUDA RTO - OR23( 07-NOV-2017 ),21,OMNI BUS (PRIVATE USE),1,0,0,0,,,,,,,,,1
2024,Odisha,JHARSUGUDA RTO - OR23( 07-NOV-2017 ),22,THREE WHEELER (GOODS),10,3,7,3,,,,,,,,,23
2024,Odisha,JHARSUGUDA RTO - OR23( 07-NOV-2017 ),23,THREE WHEELER (PASSENGER),8,13,9,4,,,,,,,,,34
2024,Odisha,JHARSUGUDA RTO - OR23( 07-NOV-2017 ),24,TRACTOR (COMMERCIAL),9,4,6,4,,,,,,,,,23
2024,Odisha,JHARSUGUDA RTO - OR23( 07-NOV-2017 ),25,TRACTOR-TROLLEY(COMMERCIAL),8,7,9,5,,,,,,,,,29
2024,Odisha,KALAHANDI RTO - OR8( 23-OCT-2017 ),1,AGRICULTURAL TRACTOR,86,87,109,39,,,,,,,,,321
2024,Odisha,KALAHANDI RTO - OR8( 23-OCT-2017 ),2,ARMOURED/SPECIALISED VEHICLE,0,0,1,0,,,,,,,,,1
2024,Odisha,KALAHANDI RTO - OR8( 23-OCT-2017 ),3,BUS,0,2,6,0,,,,,,,,,8
2024,Odisha,KALAHANDI RTO - OR8( 23-OCT-2017 ),4,CONSTRUCTION EQUIPMENT VEHICLE,26,25,37,7,,,,,,,,,95
2024,Odisha,KALAHANDI RTO - OR8( 23-OCT-2017 ),5,CRANE MOUNTED VEHICLE,1,0,1,1,,,,,,,,,3
2024,Odisha,KALAHANDI RTO - OR8( 23-OCT-2017 ),6,DUMPER,0,0,1,0,,,,,,,,,1
2024,Odisha,KALAHANDI RTO - OR8( 23-OCT-2017 ),7,EDUCATIONAL INSTITUTION BUS,0,2,2,0,,,,,,,,,4
2024,Odisha,KALAHANDI RTO - OR8( 23-OCT-2017 ),8,E-RICKSHAW(P),0,1,2,0,,,,,,,,,3
2024,Odisha,KALAHANDI RTO - OR8( 23-OCT-2017 ),9,E-RICKSHAW WITH CART (G),1,0,0,0,,,,,,,,,1
2024,Odisha,KALAHANDI RTO - OR8( 23-OCT-2017 ),10,GOODS CARRIER,69,78,81,58,,,,,,,,,286
2024,Odisha,KALAHANDI RTO - OR8( 23-OCT-2017 ),11,MAXI CAB,0,1,1,1,,,,,,,,,3
2024,Odisha,KALAHANDI RTO - OR8( 23-OCT-2017 ),12,M-CYCLE/SCOOTER,"1,862","3,023","2,638","1,308",,,,,,,,,"8,831"
2024,Odisha,KALAHANDI RTO - OR8( 23-OCT-2017 ),13,MOPED,81,106,86,46,,,,,,,,,319
2024,Odisha,KALAHANDI RTO - OR8( 23-OCT-2017 ),14,MOTOR CAB,5,13,12,9,,,,,,,,,39
2024,Odisha,KALAHANDI RTO - OR8( 23-OCT-2017 ),15,MOTOR CAR,113,97,116,47,,,,,,,,,373
2024,Odisha,KALAHANDI RTO - OR8( 23-OCT-2017 ),16,OMNI BUS,1,1,0,0,,,,,,,,,2
2024,Odisha,KALAHANDI RTO - OR8( 23-OCT-2017 ),17,OMNI BUS (PRIVATE USE),1,0,1,0,,,,,,,,,2
2024,Odisha,KALAHANDI RTO - OR8( 23-OCT-2017 ),18,ROAD ROLLER,0,0,1,0,,,,,,,,,1
2024,Odisha,KALAHANDI RTO - OR8( 23-OCT-2017 ),19,THREE WHEELER (GOODS),4,10,9,8,,,,,,,,,31
2024,Odisha,KALAHANDI RTO - OR8( 23-OCT-2017 ),20,THREE WHEELER (PASSENGER),21,34,38,13,,,,,,,,,106
2024,Odisha,KALAHANDI RTO - OR8( 23-OCT-2017 ),21,TRACTOR (COMMERCIAL),5,0,0,0,,,,,,,,,5
2024,Odisha,KALAHANDI RTO - OR8( 23-OCT-2017 ),22,TRACTOR-TROLLEY(COMMERCIAL),0,0,0,2,,,,,,,,,2
2024,Odisha,KALAHANDI RTO - OR8( 23-OCT-2017 ),23,TRAILER (COMMERCIAL),12,4,0,2,,,,,,,,,18
2024,Odisha,KENDRAPARA RTO - OR29( 23-OCT-2017 ),1,AGRICULTURAL TRACTOR,44,42,44,19,,,,,,,,,149
2024,Odisha,KENDRAPARA RTO - OR29( 23-OCT-2017 ),2,ARTICULATED VEHICLE,2,1,1,5,,,,,,,,,9
2024,Odisha,KENDRAPARA RTO - OR29( 23-OCT-2017 ),3,BUS,0,18,0,1,,,,,,,,,19
2024,Odisha,KENDRAPARA RTO - OR29( 23-OCT-2017 ),4,CONSTRUCTION EQUIPMENT VEHICLE,3,2,2,5,,,,,,,,,12
2024,Odisha,KENDRAPARA RTO - OR29( 23-OCT-2017 ),5,DUMPER,2,0,0,0,,,,,,,,,2
2024,Odisha,KENDRAPARA RTO - OR29( 23-OCT-2017 ),6,EDUCATIONAL INSTITUTION BUS,0,0,0,1,,,,,,,,,1
2024,Odisha,KENDRAPARA RTO - OR29( 23-OCT-2017 ),7,E-RICKSHAW WITH CART (G),0,0,1,0,,,,,,,,,1
2024,Odisha,KENDRAPARA RTO - OR29( 23-OCT-2017 ),8,GOODS CARRIER,92,64,74,35,,,,,,,,,265
2024,Odisha,KENDRAPARA RTO - OR29( 23-OCT-2017 ),9,MAXI CAB,1,4,1,5,,,,,,,,,11
2024,Odisha,KENDRAPARA RTO - OR29( 23-OCT-2017 ),10,M-CYCLE/SCOOTER,"1,203","1,387","1,710","1,043",,,,,,,,,"5,343"
2024,Odisha,KENDRAPARA RTO - OR29( 23-OCT-2017 ),11,MOPED,30,28,26,12,,,,,,,,,96
2024,Odisha,KENDRAPARA RTO - OR29( 23-OCT-2017 ),12,MOTOR CAB,6,1,0,0,,,,,,,,,7
2024,Odisha,KENDRAPARA RTO - OR29( 23-OCT-2017 ),13,MOTOR CAR,13,12,14,4,,,,,,,,,43
2024,Odisha,KENDRAPARA RTO - OR29( 23-OCT-2017 ),14,OMNI BUS,2,0,0,1,,,,,,,,,3
2024,Odisha,KENDRAPARA RTO - OR29( 23-OCT-2017 ),15,THREE WHEELER (GOODS),25,31,31,11,,,,,,,,,98
2024,Odisha,KENDRAPARA RTO - OR29( 23-OCT-2017 ),16,THREE WHEELER (PASSENGER),34,39,41,26,,,,,,,,,140
2024,Odisha,KENDRAPARA RTO - OR29( 23-OCT-2017 ),17,TRACTOR (COMMERCIAL),3,4,2,0,,,,,,,,,9
2024,Odisha,KENDRAPARA RTO - OR29( 23-OCT-2017 ),18,TRACTOR-TROLLEY(COMMERCIAL),1,0,0,0,,,,,,,,,1
2024,Odisha,KENDRAPARA RTO - OR29( 23-OCT-2017 ),19,TRAILER (COMMERCIAL),12,11,10,0,,,,,,,,,33
2024,Odisha,KEONJHAR RTO - OR9( 04-DEC-2017 ),1,AGRICULTURAL TRACTOR,50,44,58,31,,,,,,,,,183
2024,Odisha,KEONJHAR RTO - OR9( 04-DEC-2017 ),2,AMBULANCE,0,1,0,0,,,,,,,,,1
2024,Odisha,KEONJHAR RTO - OR9( 04-DEC-2017 ),3,ARTICULATED VEHICLE,25,11,35,26,,,,,,,,,97
2024,Odisha,KEONJHAR RTO - OR9( 04-DEC-2017 ),4,BUS,2,47,20,12,,,,,,,,,81
2024,Odisha,KEONJHAR RTO - OR9( 04-DEC-2017 ),5,CONSTRUCTION EQUIPMENT VEHICLE,10,10,3,8,,,,,,,,,31
2024,Odisha,KEONJHAR RTO - OR9( 04-DEC-2017 ),6,E-RICKSHAW(P),0,0,1,0,,,,,,,,,1
2024,Odisha,KEONJHAR RTO - OR9( 04-DEC-2017 ),7,GOODS CARRIER,174,162,178,127,,,,,,,,,641
2024,Odisha,KEONJHAR RTO - OR9( 04-DEC-2017 ),8,MAXI CAB,2,0,3,1,,,,,,,,,6
2024,Odisha,KEONJHAR RTO - OR9( 04-DEC-2017 ),9,M-CYCLE/SCOOTER,"1,681","1,318","1,843","1,186",,,,,,,,,"6,028"
2024,Odisha,KEONJHAR RTO - OR9( 04-DEC-2017 ),10,MOTOR CAB,11,9,18,9,,,,,,,,,47
2024,Odisha,KEONJHAR RTO - OR9( 04-DEC-2017 ),11,MOTOR CAR,73,53,63,36,,,,,,,,,225
2024,Odisha,KEONJHAR RTO - OR9( 04-DEC-2017 ),12,MOTORISED CYCLE (CC > 25CC),0,0,1,0,,,,,,,,,1
2024,Odisha,KEONJHAR RTO - OR9( 04-DEC-2017 ),13,OMNI BUS,0,1,1,2,,,,,,,,,4
2024,Odisha,KEONJHAR RTO - OR9( 04-DEC-2017 ),14,PRIVATE SERVICE VEHICLE,0,2,0,0,,,,,,,,,2
2024,Odisha,KEONJHAR RTO - OR9( 04-DEC-2017 ),15,THREE WHEELER (GOODS),33,40,50,20,,,,,,,,,143
2024,Odisha,KEONJHAR RTO - OR9( 04-DEC-2017 ),16,THREE WHEELER (PASSENGER),64,25,44,34,,,,,,,,,167
2024,Odisha,KEONJHAR RTO - OR9( 04-DEC-2017 ),17,TRACTOR (COMMERCIAL),5,3,0,0,,,,,,,,,8
2024,Odisha,KEONJHAR RTO - OR9( 04-DEC-2017 ),18,TRAILER (COMMERCIAL),7,21,8,7,,,,,,,,,43
2024,Odisha,KHORDHA ARTO - OR201( 20-JAN-2018 ),1,AGRICULTURAL TRACTOR,20,21,20,22,,,,,,,,,83
2024,Odisha,KHORDHA ARTO - OR201( 20-JAN-2018 ),2,BUS,0,0,1,1,,,,,,,,,2
2024,Odisha,KHORDHA ARTO - OR201( 20-JAN-2018 ),3,CONSTRUCTION EQUIPMENT VEHICLE,10,8,3,0,,,,,,,,,21
2024,Odisha,KHORDHA ARTO - OR201( 20-JAN-2018 ),4,CRANE MOUNTED VEHICLE,1,0,0,0,,,,,,,,,1
2024,Odisha,KHORDHA ARTO - OR201( 20-JAN-2018 ),5,EARTH MOVING EQUIPMENT,0,0,0,1,,,,,,,,,1
2024,Odisha,KHORDHA ARTO - OR201( 20-JAN-2018 ),6,EDUCATIONAL INSTITUTION BUS,0,0,1,0,,,,,,,,,1
2024,Odisha,KHORDHA ARTO - OR201( 20-JAN-2018 ),7,E-RICKSHAW(P),1,1,2,2,,,,,,,,,6
2024,Odisha,KHORDHA ARTO - OR201( 20-JAN-2018 ),8,E-RICKSHAW WITH CART (G),10,12,16,3,,,,,,,,,41
2024,Odisha,KHORDHA ARTO - OR201( 20-JAN-2018 ),9,GOODS CARRIER,36,39,35,30,,,,,,,,,140
2024,Odisha,KHORDHA ARTO - OR201( 20-JAN-2018 ),10,MAXI CAB,0,1,0,0,,,,,,,,,1
2024,Odisha,KHORDHA ARTO - OR201( 20-JAN-2018 ),11,M-CYCLE/SCOOTER,344,256,364,254,,,,,,,,,"1,218"
2024,Odisha,KHORDHA ARTO - OR201( 20-JAN-2018 ),12,MOBILE WORKSHOP,0,1,0,0,,,,,,,,,1
2024,Odisha,KHORDHA ARTO - OR201( 20-JAN-2018 ),13,MOPED,5,3,3,0,,,,,,,,,11
2024,Odisha,KHORDHA ARTO - OR201( 20-JAN-2018 ),14,MOTOR CAB,1,1,0,0,,,,,,,,,2
2024,Odisha,KHORDHA ARTO - OR201( 20-JAN-2018 ),15,MOTOR CAR,35,26,20,12,,,,,,,,,93
2024,Odisha,KHORDHA ARTO - OR201( 20-JAN-2018 ),16,OMNI BUS (PRIVATE USE),0,0,0,1,,,,,,,,,1
2024,Odisha,KHORDHA ARTO - OR201( 20-JAN-2018 ),17,THREE WHEELER (GOODS),7,15,12,8,,,,,,,,,42
2024,Odisha,KHORDHA ARTO - OR201( 20-JAN-2018 ),18,THREE WHEELER (PASSENGER),20,16,16,12,,,,,,,,,64
2024,Odisha,KHORDHA ARTO - OR201( 20-JAN-2018 ),19,TRACTOR (COMMERCIAL),3,4,6,0,,,,,,,,,13
2024,Odisha,KHORDHA ARTO - OR201( 20-JAN-2018 ),20,TRAILER (COMMERCIAL),6,6,10,4,,,,,,,,,26
2024,Odisha,KORAPUT RTO - OR10( 25-DEC-2017 ),1,AGRICULTURAL TRACTOR,50,40,56,19,,,,,,,,,165
2024,Odisha,KORAPUT RTO - OR10( 25-DEC-2017 ),2,BUS,1,7,3,1,,,,,,,,,12
2024,Odisha,KORAPUT RTO - OR10( 25-DEC-2017 ),3,CONSTRUCTION EQUIPMENT VEHICLE,1,0,4,0,,,,,,,,,5
2024,Odisha,KORAPUT RTO - OR10( 25-DEC-2017 ),4,CRANE MOUNTED VEHICLE,0,1,1,2,,,,,,,,,4
2024,Odisha,KORAPUT RTO - OR10( 25-DEC-2017 ),5,DUMPER,0,0,0,2,,,,,,,,,2
2024,Odisha,KORAPUT RTO - OR10( 25-DEC-2017 ),6,EDUCATIONAL INSTITUTION BUS,0,0,0,1,,,,,,,,,1
2024,Odisha,KORAPUT RTO - OR10( 25-DEC-2017 ),7,E-RICKSHAW WITH CART (G),0,0,30,0,,,,,,,,,30
2024,Odisha,KORAPUT RTO - OR10( 25-DEC-2017 ),8,EXCAVATOR (NT),0,1,0,0,,,,,,,,,1
2024,Odisha,KORAPUT RTO - OR10( 25-DEC-2017 ),9,GOODS CARRIER,60,71,59,26,,,,,,,,,216
2024,Odisha,KORAPUT RTO - OR10( 25-DEC-2017 ),10,MAXI CAB,2,3,1,2,,,,,,,,,8
2024,Odisha,KORAPUT RTO - OR10( 25-DEC-2017 ),11,M-CYCLE/SCOOTER,"1,738","2,033","1,906","1,086",,,,,,,,,"6,763"
2024,Odisha,KORAPUT RTO - OR10( 25-DEC-2017 ),12,MOPED,16,24,16,15,,,,,,,,,71
2024,Odisha,KORAPUT RTO - OR10( 25-DEC-2017 ),13,MOTOR CAB,12,9,11,8,,,,,,,,,40
2024,Odisha,KORAPUT RTO - OR10( 25-DEC-2017 ),14,MOTOR CAR,136,130,129,68,,,,,,,,,463
2024,Odisha,KORAPUT RTO - OR10( 25-DEC-2017 ),15,OMNI BUS,1,0,0,1,,,,,,,,,2
2024,Odisha,KORAPUT RTO - OR10( 25-DEC-2017 ),16,OMNI BUS (PRIVATE USE),0,1,1,0,,,,,,,,,2
2024,Odisha,KORAPUT RTO - OR10( 25-DEC-2017 ),17,THREE WHEELER (GOODS),6,6,7,7,,,,,,,,,26
2024,Odisha,KORAPUT RTO - OR10( 25-DEC-2017 ),18,THREE WHEELER (PASSENGER),21,36,20,17,,,,,,,,,94
2024,Odisha,KORAPUT RTO - OR10( 25-DEC-2017 ),19,TRACTOR (COMMERCIAL),8,9,6,0,,,,,,,,,23
2024,Odisha,KORAPUT RTO - OR10( 25-DEC-2017 ),20,TRAILER (COMMERCIAL),6,9,19,11,,,,,,,,,45
2024,Odisha,KORAPUT RTO - OR10( 25-DEC-2017 ),21,VEHICLE FITTED WITH COMPRESSOR,0,0,1,0,,,,,,,,,1
2024,Odisha,MALKANAGIRI RTO - OR30( 25-DEC-2017 ),1,AGRICULTURAL TRACTOR,42,25,25,10,,,,,,,,,102
2024,Odisha,MALKANAGIRI RTO - OR30( 25-DEC-2017 ),2,CONSTRUCTION EQUIPMENT VEHICLE,0,0,4,0,,,,,,,,,4
2024,Odisha,MALKANAGIRI RTO - OR30( 25-DEC-2017 ),3,GOODS CARRIER,23,30,23,18,,,,,,,,,94
2024,Odisha,MALKANAGIRI RTO - OR30( 25-DEC-2017 ),4,MAXI CAB,1,0,0,0,,,,,,,,,1
2024,Odisha,MALKANAGIRI RTO - OR30( 25-DEC-2017 ),5,M-CYCLE/SCOOTER,753,645,755,480,,,,,,,,,"2,633"
2024,Odisha,MALKANAGIRI RTO - OR30( 25-DEC-2017 ),6,MOBILE CLINIC,0,0,1,0,,,,,,,,,1
2024,Odisha,MALKANAGIRI RTO - OR30( 25-DEC-2017 ),7,MOPED,9,4,3,2,,,,,,,,,18
2024,Odisha,MALKANAGIRI RTO - OR30( 25-DEC-2017 ),8,MOTOR CAB,2,4,5,5,,,,,,,,,16
2024,Odisha,MALKANAGIRI RTO - OR30( 25-DEC-2017 ),9,MOTOR CAR,39,26,37,17,,,,,,,,,119
2024,Odisha,MALKANAGIRI RTO - OR30( 25-DEC-2017 ),10,THREE WHEELER (GOODS),3,3,3,2,,,,,,,,,11
2024,Odisha,MALKANAGIRI RTO - OR30( 25-DEC-2017 ),11,THREE WHEELER (PASSENGER),19,14,25,8,,,,,,,,,66
2024,Odisha,MALKANAGIRI RTO - OR30( 25-DEC-2017 ),12,TRACTOR (COMMERCIAL),2,1,1,0,,,,,,,,,4
2024,Odisha,MALKANAGIRI RTO - OR30( 25-DEC-2017 ),13,TRAILER (COMMERCIAL),2,9,2,3,,,,,,,,,16
2024,Odisha,MAYURBHANJ RTO - OR11( 08-NOV-2017 ),1,AGRICULTURAL TRACTOR,40,66,36,37,,,,,,,,,179
2024,Odisha,MAYURBHANJ RTO - OR11( 08-NOV-2017 ),2,BUS,1,63,47,2,,,,,,,,,113
2024,Odisha,MAYURBHANJ RTO - OR11( 08-NOV-2017 ),3,CONSTRUCTION EQUIPMENT VEHICLE,9,14,7,10,,,,,,,,,40
2024,Odisha,MAYURBHANJ RTO - OR11( 08-NOV-2017 ),4,DUMPER,0,0,2,1,,,,,,,,,3
2024,Odisha,MAYURBHANJ RTO - OR11( 08-NOV-2017 ),5,EDUCATIONAL INSTITUTION BUS,0,0,1,1,,,,,,,,,2
2024,Odisha,MAYURBHANJ RTO - OR11( 08-NOV-2017 ),6,E-RICKSHAW(P),3,15,11,4,,,,,,,,,33
2024,Odisha,MAYURBHANJ RTO - OR11( 08-NOV-2017 ),7,E-RICKSHAW WITH CART (G),0,4,4,1,,,,,,,,,9
2024,Odisha,MAYURBHANJ RTO - OR11( 08-NOV-2017 ),8,GOODS CARRIER,30,45,49,24,,,,,,,,,148
2024,Odisha,MAYURBHANJ RTO - OR11( 08-NOV-2017 ),9,HARVESTER,0,0,0,1,,,,,,,,,1
2024,Odisha,MAYURBHANJ RTO - OR11( 08-NOV-2017 ),10,MAXI CAB,0,2,2,1,,,,,,,,,5
2024,Odisha,MAYURBHANJ RTO - OR11( 08-NOV-2017 ),11,M-CYCLE/SCOOTER,"2,138","1,496","1,775","1,107",,,,,,,,,"6,516"
2024,Odisha,MAYURBHANJ RTO - OR11( 08-NOV-2017 ),12,MOPED,42,33,59,32,,,,,,,,,166
2024,Odisha,MAYURBHANJ RTO - OR11( 08-NOV-2017 ),13,MOTOR CAB,7,8,6,4,,,,,,,,,25
2024,Odisha,MAYURBHANJ RTO - OR11( 08-NOV-2017 ),14,MOTOR CAR,132,101,128,60,,,,,,,,,421
2024,Odisha,MAYURBHANJ RTO - OR11( 08-NOV-2017 ),15,OMNI BUS,0,0,0,1,,,,,,,,,1
2024,Odisha,MAYURBHANJ RTO - OR11( 08-NOV-2017 ),16,THREE WHEELER (GOODS),8,11,10,10,,,,,,,,,39
2024,Odisha,MAYURBHANJ RTO - OR11( 08-NOV-2017 ),17,THREE WHEELER (PASSENGER),38,29,20,20,,,,,,,,,107
2024,Odisha,MAYURBHANJ RTO - OR11( 08-NOV-2017 ),18,TRACTOR (COMMERCIAL),3,6,2,1,,,,,,,,,12
2024,Odisha,MAYURBHANJ RTO - OR11( 08-NOV-2017 ),19,TRAILER (COMMERCIAL),7,8,8,6,,,,,,,,,29
2024,Odisha,NAWARANGPUR RTO - OR24( 07-NOV-2017 ),1,AGRICULTURAL TRACTOR,40,66,36,37,,,,,,,,,179
2024,Odisha,NAWARANGPUR RTO - OR24( 07-NOV-2017 ),2,BUS,1,63,47,2,,,,,,,,,113
2024,Odisha,NAWARANGPUR RTO - OR24( 07-NOV-2017 ),3,CONSTRUCTION EQUIPMENT VEHICLE,9,14,7,10,,,,,,,,,40
2024,Odisha,NAWARANGPUR RTO - OR24( 07-NOV-2017 ),4,DUMPER,0,0,2,1,,,,,,,,,3
2024,Odisha,NAWARANGPUR RTO - OR24( 07-NOV-2017 ),5,EDUCATIONAL INSTITUTION BUS,0,0,1,1,,,,,,,,,2
2024,Odisha,NAWARANGPUR RTO - OR24( 07-NOV-2017 ),6,E-RICKSHAW(P),3,15,11,4,,,,,,,,,33
2024,Odisha,NAWARANGPUR RTO - OR24( 07-NOV-2017 ),7,E-RICKSHAW WITH CART (G),0,4,4,1,,,,,,,,,9
2024,Odisha,NAWARANGPUR RTO - OR24( 07-NOV-2017 ),8,GOODS CARRIER,30,45,49,24,,,,,,,,,148
2024,Odisha,NAWARANGPUR RTO - OR24( 07-NOV-2017 ),9,HARVESTER,0,0,0,1,,,,,,,,,1
2024,Odisha,NAWARANGPUR RTO - OR24( 07-NOV-2017 ),10,MAXI CAB,0,2,2,1,,,,,,,,,5
2024,Odisha,NAWARANGPUR RTO - OR24( 07-NOV-2017 ),11,M-CYCLE/SCOOTER,"2,138","1,496","1,775","1,107",,,,,,,,,"6,516"
2024,Odisha,NAWARANGPUR RTO - OR24( 07-NOV-2017 ),12,MOPED,42,33,59,32,,,,,,,,,166
2024,Odisha,NAWARANGPUR RTO - OR24( 07-NOV-2017 ),13,MOTOR CAB,7,8,6,4,,,,,,,,,25
2024,Odisha,NAWARANGPUR RTO - OR24( 07-NOV-2017 ),14,MOTOR CAR,132,101,128,60,,,,,,,,,421
2024,Odisha,NAWARANGPUR RTO - OR24( 07-NOV-2017 ),15,OMNI BUS,0,0,0,1,,,,,,,,,1
2024,Odisha,NAWARANGPUR RTO - OR24( 07-NOV-2017 ),16,THREE WHEELER (GOODS),8,11,10,10,,,,,,,,,39
2024,Odisha,NAWARANGPUR RTO - OR24( 07-NOV-2017 ),17,THREE WHEELER (PASSENGER),38,29,20,20,,,,,,,,,107
2024,Odisha,NAWARANGPUR RTO - OR24( 07-NOV-2017 ),18,TRACTOR (COMMERCIAL),3,6,2,1,,,,,,,,,12
2024,Odisha,NAWARANGPUR RTO - OR24( 07-NOV-2017 ),19,TRAILER (COMMERCIAL),7,8,8,6,,,,,,,,,29
2024,Odisha,NAYAGARH RTO - OR25( 25-DEC-2017 ),1,AGRICULTURAL TRACTOR,26,19,14,17,,,,,,,,,76
2024,Odisha,NAYAGARH RTO - OR25( 25-DEC-2017 ),2,BUS,0,17,16,0,,,,,,,,,33
2024,Odisha,NAYAGARH RTO - OR25( 25-DEC-2017 ),3,CONSTRUCTION EQUIPMENT VEHICLE,0,0,2,2,,,,,,,,,4
2024,Odisha,NAYAGARH RTO - OR25( 25-DEC-2017 ),4,E-RICKSHAW(P),6,4,4,0,,,,,,,,,14
2024,Odisha,NAYAGARH RTO - OR25( 25-DEC-2017 ),5,GOODS CARRIER,6,17,14,10,,,,,,,,,47
2024,Odisha,NAYAGARH RTO - OR25( 25-DEC-2017 ),6,MAXI CAB,0,1,1,0,,,,,,,,,2
2024,Odisha,NAYAGARH RTO - OR25( 25-DEC-2017 ),7,M-CYCLE/SCOOTER,"1,045","1,092","1,365",741,,,,,,,,,"4,243"
2024,Odisha,NAYAGARH RTO - OR25( 25-DEC-2017 ),8,MOPED,104,88,97,51,,,,,,,,,340
2024,Odisha,NAYAGARH RTO - OR25( 25-DEC-2017 ),9,MOTOR CAB,1,4,1,0,,,,,,,,,6
2024,Odisha,NAYAGARH RTO - OR25( 25-DEC-2017 ),10,MOTOR CAR,7,2,1,3,,,,,,,,,13
2024,Odisha,NAYAGARH RTO - OR25( 25-DEC-2017 ),11,MOTOR CYCLE/SCOOTER-USED FOR HIRE,0,1,0,0,,,,,,,,,1
2024,Odisha,NAYAGARH RTO - OR25( 25-DEC-2017 ),12,THREE WHEELER (GOODS),8,6,7,3,,,,,,,,,24
2024,Odisha,NAYAGARH RTO - OR25( 25-DEC-2017 ),13,THREE WHEELER (PASSENGER),27,26,18,27,,,,,,,,,98
2024,Odisha,NAYAGARH RTO - OR25( 25-DEC-2017 ),14,TRACTOR (COMMERCIAL),2,1,0,1,,,,,,,,,4
2024,Odisha,NAYAGARH RTO - OR25( 25-DEC-2017 ),15,TRAILER (COMMERCIAL),1,6,1,2,,,,,,,,,10
2024,Odisha,NUAPADA RTO - OR26( 06-NOV-2017 ),1,ADAPTED VEHICLE,14,3,0,0,,,,,,,,,17
2024,Odisha,NUAPADA RTO - OR26( 06-NOV-2017 ),2,AGRICULTURAL TRACTOR,33,64,87,0,,,,,,,,,184
2024,Odisha,NUAPADA RTO - OR26( 06-NOV-2017 ),3,AMBULANCE,0,0,1,0,,,,,,,,,1
2024,Odisha,NUAPADA RTO - OR26( 06-NOV-2017 ),4,BUS,0,12,13,3,,,,,,,,,28
2024,Odisha,NUAPADA RTO - OR26( 06-NOV-2017 ),5,CONSTRUCTION EQUIPMENT VEHICLE,0,3,6,3,,,,,,,,,12
2024,Odisha,NUAPADA RTO - OR26( 06-NOV-2017 ),6,EDUCATIONAL INSTITUTION BUS,0,0,0,2,,,,,,,,,2
2024,Odisha,NUAPADA RTO - OR26( 06-NOV-2017 ),7,GOODS CARRIER,18,29,11,18,,,,,,,,,76
2024,Odisha,NUAPADA RTO - OR26( 06-NOV-2017 ),8,HARVESTER,1,0,0,0,,,,,,,,,1
2024,Odisha,NUAPADA RTO - OR26( 06-NOV-2017 ),9,M-CYCLE/SCOOTER,500,557,805,405,,,,,,,,,"2,267"
2024,Odisha,NUAPADA RTO - OR26( 06-NOV-2017 ),10,MOPED,29,28,12,14,,,,,,,,,83
2024,Odisha,NUAPADA RTO - OR26( 06-NOV-2017 ),11,MOTOR CAB,1,1,1,2,,,,,,,,,5
2024,Odisha,NUAPADA RTO - OR26( 06-NOV-2017 ),12,MOTOR CAR,16,31,20,22,,,,,,,,,89
2024,Odisha,NUAPADA RTO - OR26( 06-NOV-2017 ),13,OMNI BUS,0,0,1,0,,,,,,,,,1
2024,Odisha,NUAPADA RTO - OR26( 06-NOV-2017 ),14,THREE WHEELER (GOODS),0,0,2,0,,,,,,,,,2
2024,Odisha,NUAPADA RTO - OR26( 06-NOV-2017 ),15,THREE WHEELER (PASSENGER),0,1,1,0,,,,,,,,,2
2024,Odisha,PHULBANI RTO - OR12( 23-OCT-2017 ),1,AGRICULTURAL TRACTOR,12,31,18,5,,,,,,,,,66
2024,Odisha,PHULBANI RTO - OR12( 23-OCT-2017 ),2,BUS,0,13,44,1,,,,,,,,,58
2024,Odisha,PHULBANI RTO - OR12( 23-OCT-2017 ),3,CONSTRUCTION EQUIPMENT VEHICLE,1,0,0,2,,,,,,,,,3
2024,Odisha,PHULBANI RTO - OR12( 23-OCT-2017 ),4,GOODS CARRIER,13,9,11,4,,,,,,,,,37
2024,Odisha,PHULBANI RTO - OR12( 23-OCT-2017 ),5,M-CYCLE/SCOOTER,524,583,887,478,,,,,,,,,"2,472"
2024,Odisha,PHULBANI RTO - OR12( 23-OCT-2017 ),6,MOPED,14,9,12,10,,,,,,,,,45
2024,Odisha,PHULBANI RTO - OR12( 23-OCT-2017 ),7,MOTOR CAB,1,1,0,0,,,,,,,,,2
2024,Odisha,PHULBANI RTO - OR12( 23-OCT-2017 ),8,MOTOR CAR,2,2,3,6,,,,,,,,,13
2024,Odisha,PHULBANI RTO - OR12( 23-OCT-2017 ),9,THREE WHEELER (GOODS),3,4,6,0,,,,,,,,,13
2024,Odisha,PHULBANI RTO - OR12( 23-OCT-2017 ),10,THREE WHEELER (PASSENGER),34,30,26,24,,,,,,,,,114
2024,Odisha,PHULBANI RTO - OR12( 23-OCT-2017 ),11,TRACTOR (COMMERCIAL),1,1,0,0,,,,,,,,,2
2024,Odisha,PHULBANI RTO - OR12( 23-OCT-2017 ),12,TRAILER (COMMERCIAL),4,9,2,0,,,,,,,,,15
2024,Odisha,PURI RTO - OR13( 25-DEC-2017 ),1,AGRICULTURAL TRACTOR,47,29,38,21,,,,,,,,,135
2024,Odisha,PURI RTO - OR13( 25-DEC-2017 ),2,BUS,1,33,25,1,,,,,,,,,60
2024,Odisha,PURI RTO - OR13( 25-DEC-2017 ),3,CONSTRUCTION EQUIPMENT VEHICLE,1,1,2,2,,,,,,,,,6
2024,Odisha,PURI RTO - OR13( 25-DEC-2017 ),4,E-RICKSHAW(P),118,125,171,75,,,,,,,,,489
2024,Odisha,PURI RTO - OR13( 25-DEC-2017 ),5,E-RICKSHAW WITH CART (G),2,0,3,0,,,,,,,,,5
2024,Odisha,PURI RTO - OR13( 25-DEC-2017 ),6,GOODS CARRIER,11,14,25,14,,,,,,,,,64
2024,Odisha,PURI RTO - OR13( 25-DEC-2017 ),7,MAXI CAB,3,2,5,2,,,,,,,,,12
2024,Odisha,PURI RTO - OR13( 25-DEC-2017 ),8,M-CYCLE/SCOOTER,"1,449","1,468","2,020","1,065",,,,,,,,,"6,002"
2024,Odisha,PURI RTO - OR13( 25-DEC-2017 ),9,MOPED,4,6,11,6,,,,,,,,,27
2024,Odisha,PURI RTO - OR13( 25-DEC-2017 ),10,MOTOR CAB,4,1,4,1,,,,,,,,,10
2024,Odisha,PURI RTO - OR13( 25-DEC-2017 ),11,MOTOR CAR,37,45,34,28,,,,,,,,,144
2024,Odisha,PURI RTO - OR13( 25-DEC-2017 ),12,OMNI BUS,3,0,5,7,,,,,,,,,15
2024,Odisha,PURI RTO - OR13( 25-DEC-2017 ),13,OMNI BUS (PRIVATE USE),1,0,0,0,,,,,,,,,1
2024,Odisha,PURI RTO - OR13( 25-DEC-2017 ),14,THREE WHEELER (GOODS),9,6,15,13,,,,,,,,,43
2024,Odisha,PURI RTO - OR13( 25-DEC-2017 ),15,THREE WHEELER (PASSENGER),40,32,42,27,,,,,,,,,141
2024,Odisha,PURI RTO - OR13( 25-DEC-2017 ),16,TRACTOR (COMMERCIAL),0,1,1,0,,,,,,,,,2
2024,Odisha,PURI RTO - OR13( 25-DEC-2017 ),17,TRAILER (COMMERCIAL),2,3,1,1,,,,,,,,,7
2024,Odisha,RAIRANGPUR ARTO - OR111( 08-NOV-2017 ),1,AGRICULTURAL TRACTOR,25,45,39,23,,,,,,,,,132
2024,Odisha,RAIRANGPUR ARTO - OR111( 08-NOV-2017 ),2,ARTICULATED VEHICLE,0,0,13,2,,,,,,,,,15
2024,Odisha,RAIRANGPUR ARTO - OR111( 08-NOV-2017 ),3,BUS,1,1,4,0,,,,,,,,,6
2024,Odisha,RAIRANGPUR ARTO - OR111( 08-NOV-2017 ),4,CONSTRUCTION EQUIPMENT VEHICLE,3,1,4,0,,,,,,,,,8
2024,Odisha,RAIRANGPUR ARTO - OR111( 08-NOV-2017 ),5,EDUCATIONAL INSTITUTION BUS,0,0,1,0,,,,,,,,,1
2024,Odisha,RAIRANGPUR ARTO - OR111( 08-NOV-2017 ),6,GOODS CARRIER,17,15,18,32,,,,,,,,,82
2024,Odisha,RAIRANGPUR ARTO - OR111( 08-NOV-2017 ),7,MAXI CAB,1,1,0,2,,,,,,,,,4
2024,Odisha,RAIRANGPUR ARTO - OR111( 08-NOV-2017 ),8,M-CYCLE/SCOOTER,743,484,566,353,,,,,,,,,"2,146"
2024,Odisha,RAIRANGPUR ARTO - OR111( 08-NOV-2017 ),9,MOPED,2,9,3,1,,,,,,,,,15
2024,Odisha,RAIRANGPUR ARTO - OR111( 08-NOV-2017 ),10,MOTOR CAB,2,4,3,0,,,,,,,,,9
2024,Odisha,RAIRANGPUR ARTO - OR111( 08-NOV-2017 ),11,MOTOR CAR,16,16,22,17,,,,,,,,,71
2024,Odisha,RAIRANGPUR ARTO - OR111( 08-NOV-2017 ),12,OMNI BUS,0,0,0,1,,,,,,,,,1
2024,Odisha,RAIRANGPUR ARTO - OR111( 08-NOV-2017 ),13,THREE WHEELER (GOODS),6,4,4,3,,,,,,,,,17
2024,Odisha,RAIRANGPUR ARTO - OR111( 08-NOV-2017 ),14,THREE WHEELER (PASSENGER),4,5,6,3,,,,,,,,,18
2024,Odisha,RAIRANGPUR ARTO - OR111( 08-NOV-2017 ),15,TRACTOR (COMMERCIAL),1,7,0,0,,,,,,,,,8
2024,Odisha,RAIRANGPUR ARTO - OR111( 08-NOV-2017 ),16,TRAILER (COMMERCIAL),7,3,6,6,,,,,,,,,22
2024,Odisha,RAYGADA RTO - OR18( 25-DEC-2017 ),1,AGRICULTURAL TRACTOR,27,39,44,11,,,,,,,,,121
2024,Odisha,RAYGADA RTO - OR18( 25-DEC-2017 ),2,BUS,0,0,8,0,,,,,,,,,8
2024,Odisha,RAYGADA RTO - OR18( 25-DEC-2017 ),3,CONSTRUCTION EQUIPMENT VEHICLE,2,3,6,1,,,,,,,,,12
2024,Odisha,RAYGADA RTO - OR18( 25-DEC-2017 ),4,EDUCATIONAL INSTITUTION BUS,0,0,1,0,,,,,,,,,1
2024,Odisha,RAYGADA RTO - OR18( 25-DEC-2017 ),5,E-RICKSHAW(P),0,1,0,0,,,,,,,,,1
2024,Odisha,RAYGADA RTO - OR18( 25-DEC-2017 ),6,GOODS CARRIER,27,18,36,25,,,,,,,,,106
2024,Odisha,RAYGADA RTO - OR18( 25-DEC-2017 ),7,MAXI CAB,0,1,0,2,,,,,,,,,3
2024,Odisha,RAYGADA RTO - OR18( 25-DEC-2017 ),8,M-CYCLE/SCOOTER,783,"1,056","1,280",647,,,,,,,,,"3,766"
2024,Odisha,RAYGADA RTO - OR18( 25-DEC-2017 ),9,MOPED,107,132,182,90,,,,,,,,,511
2024,Odisha,RAYGADA RTO - OR18( 25-DEC-2017 ),10,MOTOR CAB,3,5,7,1,,,,,,,,,16
2024,Odisha,RAYGADA RTO - OR18( 25-DEC-2017 ),11,MOTOR CAR,42,36,34,25,,,,,,,,,137
2024,Odisha,RAYGADA RTO - OR18( 25-DEC-2017 ),12,MOTORISED CYCLE (CC > 25CC),0,2,0,0,,,,,,,,,2
2024,Odisha,RAYGADA RTO - OR18( 25-DEC-2017 ),13,OMNI BUS,1,6,2,0,,,,,,,,,9
2024,Odisha,RAYGADA RTO - OR18( 25-DEC-2017 ),14,PRIVATE SERVICE VEHICLE,1,1,1,0,,,,,,,,,3
2024,Odisha,RAYGADA RTO - OR18( 25-DEC-2017 ),15,RECOVERY VEHICLE,0,1,0,0,,,,,,,,,1
2024,Odisha,RAYGADA RTO - OR18( 25-DEC-2017 ),16,THREE WHEELER (GOODS),2,3,2,3,,,,,,,,,10
2024,Odisha,RAYGADA RTO - OR18( 25-DEC-2017 ),17,THREE WHEELER (PASSENGER),12,11,20,8,,,,,,,,,51
2024,Odisha,RAYGADA RTO - OR18( 25-DEC-2017 ),18,TRACTOR (COMMERCIAL),1,0,1,0,,,,,,,,,2
2024,Odisha,RAYGADA RTO - OR18( 25-DEC-2017 ),19,TRAILER (COMMERCIAL),7,6,4,1,,,,,,,,,18
2024,Odisha,ROURKELA RTO - OR14( 25-DEC-2017 ),1,ADAPTED VEHICLE,1,0,0,0,,,,,,,,,1
2024,Odisha,ROURKELA RTO - OR14( 25-DEC-2017 ),2,AGRICULTURAL TRACTOR,23,24,28,8,,,,,,,,,83
2024,Odisha,ROURKELA RTO - OR14( 25-DEC-2017 ),3,AMBULANCE,0,0,2,0,,,,,,,,,2
2024,Odisha,ROURKELA RTO - OR14( 25-DEC-2017 ),4,ARTICULATED VEHICLE,0,0,5,0,,,,,,,,,5
2024,Odisha,ROURKELA RTO - OR14( 25-DEC-2017 ),5,BUS,3,27,6,4,,,,,,,,,40
2024,Odisha,ROURKELA RTO - OR14( 25-DEC-2017 ),6,CONSTRUCTION EQUIPMENT VEHICLE,13,7,19,15,,,,,,,,,54
2024,Odisha,ROURKELA RTO - OR14( 25-DEC-2017 ),7,CRANE MOUNTED VEHICLE,6,0,3,2,,,,,,,,,11
2024,Odisha,ROURKELA RTO - OR14( 25-DEC-2017 ),8,EARTH MOVING EQUIPMENT,0,0,1,0,,,,,,,,,1
2024,Odisha,ROURKELA RTO - OR14( 25-DEC-2017 ),9,EDUCATIONAL INSTITUTION BUS,0,0,0,2,,,,,,,,,2
2024,Odisha,ROURKELA RTO - OR14( 25-DEC-2017 ),10,E-RICKSHAW(P),0,1,0,0,,,,,,,,,1
2024,Odisha,ROURKELA RTO - OR14( 25-DEC-2017 ),11,E-RICKSHAW WITH CART (G),3,0,1,1,,,,,,,,,5
2024,Odisha,ROURKELA RTO - OR14( 25-DEC-2017 ),12,FORK LIFT,1,0,0,0,,,,,,,,,1
2024,Odisha,ROURKELA RTO - OR14( 25-DEC-2017 ),13,GOODS CARRIER,197,191,188,123,,,,,,,,,699
2024,Odisha,ROURKELA RTO - OR14( 25-DEC-2017 ),14,MAXI CAB,6,4,5,2,,,,,,,,,17
2024,Odisha,ROURKELA RTO - OR14( 25-DEC-2017 ),15,M-CYCLE/SCOOTER,"1,595","1,519","2,004","1,064",,,,,,,,,"6,182"
2024,Odisha,ROURKELA RTO - OR14( 25-DEC-2017 ),16,MOTOR CAB,11,4,10,6,,,,,,,,,31
2024,Odisha,ROURKELA RTO - OR14( 25-DEC-2017 ),17,MOTOR CAR,229,263,318,149,,,,,,,,,959
2024,Odisha,ROURKELA RTO - OR14( 25-DEC-2017 ),18,OMNI BUS,2,2,2,2,,,,,,,,,8
2024,Odisha,ROURKELA RTO - OR14( 25-DEC-2017 ),19,OMNI BUS (PRIVATE USE),0,0,1,0,,,,,,,,,1
2024,Odisha,ROURKELA RTO - OR14( 25-DEC-2017 ),20,PRIVATE SERVICE VEHICLE,0,1,0,0,,,,,,,,,1
2024,Odisha,ROURKELA RTO - OR14( 25-DEC-2017 ),21,THREE WHEELER (GOODS),17,17,19,8,,,,,,,,,61
2024,Odisha,ROURKELA RTO - OR14( 25-DEC-2017 ),22,THREE WHEELER (PASSENGER),28,36,30,9,,,,,,,,,103
2024,Odisha,ROURKELA RTO - OR14( 25-DEC-2017 ),23,TRACTOR (COMMERCIAL),5,10,5,0,,,,,,,,,20
2024,Odisha,ROURKELA RTO - OR14( 25-DEC-2017 ),24,TRAILER (COMMERCIAL),12,6,13,7,,,,,,,,,38
2024,Odisha,SAMBALPUR RTO - OR15( 04-DEC-2017 ),1,AGRICULTURAL TRACTOR,65,46,63,36,,,,,,,,,210
2024,Odisha,SAMBALPUR RTO - OR15( 04-DEC-2017 ),2,AMBULANCE,1,0,3,0,,,,,,,,,4
2024,Odisha,SAMBALPUR RTO - OR15( 04-DEC-2017 ),3,ARTICULATED VEHICLE,4,27,51,3,,,,,,,,,85
2024,Odisha,SAMBALPUR RTO - OR15( 04-DEC-2017 ),4,BUS,1,23,20,2,,,,,,,,,46
2024,Odisha,SAMBALPUR RTO - OR15( 04-DEC-2017 ),5,CONSTRUCTION EQUIPMENT VEHICLE,49,38,36,22,,,,,,,,,145
2024,Odisha,SAMBALPUR RTO - OR15( 04-DEC-2017 ),6,CRANE MOUNTED VEHICLE,6,2,6,0,,,,,,,,,14
2024,Odisha,SAMBALPUR RTO - OR15( 04-DEC-2017 ),7,EDUCATIONAL INSTITUTION BUS,0,2,3,3,,,,,,,,,8
2024,Odisha,SAMBALPUR RTO - OR15( 04-DEC-2017 ),8,E-RICKSHAW(P),7,3,5,1,,,,,,,,,16
2024,Odisha,SAMBALPUR RTO - OR15( 04-DEC-2017 ),9,E-RICKSHAW WITH CART (G),2,0,0,3,,,,,,,,,5
2024,Odisha,SAMBALPUR RTO - OR15( 04-DEC-2017 ),10,FORK LIFT,0,0,4,7,,,,,,,,,11
2024,Odisha,SAMBALPUR RTO - OR15( 04-DEC-2017 ),11,GOODS CARRIER,161,85,129,112,,,,,,,,,487
2024,Odisha,SAMBALPUR RTO - OR15( 04-DEC-2017 ),12,MAXI CAB,3,0,1,2,,,,,,,,,6
2024,Odisha,SAMBALPUR RTO - OR15( 04-DEC-2017 ),13,M-CYCLE/SCOOTER,"1,506","1,684","1,987","1,172",,,,,,,,,"6,349"
2024,Odisha,SAMBALPUR RTO - OR15( 04-DEC-2017 ),14,MOPED,48,39,49,49,,,,,,,,,185
2024,Odisha,SAMBALPUR RTO - OR15( 04-DEC-2017 ),15,MOTOR CAB,27,23,22,12,,,,,,,,,84
2024,Odisha,SAMBALPUR RTO - OR15( 04-DEC-2017 ),16,MOTOR CAR,297,247,198,174,,,,,,,,,916
2024,Odisha,SAMBALPUR RTO - OR15( 04-DEC-2017 ),17,OMNI BUS,6,6,5,3,,,,,,,,,20
2024,Odisha,SAMBALPUR RTO - OR15( 04-DEC-2017 ),18,OMNI BUS (PRIVATE USE),2,0,0,2,,,,,,,,,4
2024,Odisha,SAMBALPUR RTO - OR15( 04-DEC-2017 ),19,THREE WHEELER (GOODS),9,13,21,8,,,,,,,,,51
2024,Odisha,SAMBALPUR RTO - OR15( 04-DEC-2017 ),20,THREE WHEELER (PASSENGER),63,57,46,30,,,,,,,,,196
2024,Odisha,SAMBALPUR RTO - OR15( 04-DEC-2017 ),21,TRACTOR (COMMERCIAL),3,1,6,2,,,,,,,,,12
2024,Odisha,SAMBALPUR RTO - OR15( 04-DEC-2017 ),22,TRACTOR-TROLLEY(COMMERCIAL),11,12,24,11,,,,,,,,,58
2024,Odisha,SAMBALPUR RTO - OR15( 04-DEC-2017 ),23,TRAILER (COMMERCIAL),1,1,1,0,,,,,,,,,3
2024,Odisha,SONEPUR RTO - OR31( 08-NOV-2017 ),1,AGRICULTURAL TRACTOR,53,84,41,41,,,,,,,,,219
2024,Odisha,SONEPUR RTO - OR31( 08-NOV-2017 ),2,AMBULANCE,0,0,1,0,,,,,,,,,1
2024,Odisha,SONEPUR RTO - OR31( 08-NOV-2017 ),3,BUS,0,12,11,2,,,,,,,,,25
2024,Odisha,SONEPUR RTO - OR31( 08-NOV-2017 ),4,CONSTRUCTION EQUIPMENT VEHICLE,0,8,1,2,,,,,,,,,11
2024,Odisha,SONEPUR RTO - OR31( 08-NOV-2017 ),5,EDUCATIONAL INSTITUTION BUS,0,0,0,2,,,,,,,,,2
2024,Odisha,SONEPUR RTO - OR31( 08-NOV-2017 ),6,E-RICKSHAW(P),0,0,1,0,,,,,,,,,1
2024,Odisha,SONEPUR RTO - OR31( 08-NOV-2017 ),7,GOODS CARRIER,29,17,15,9,,,,,,,,,70
2024,Odisha,SONEPUR RTO - OR31( 08-NOV-2017 ),8,MAXI CAB,0,0,1,0,,,,,,,,,1
2024,Odisha,SONEPUR RTO - OR31( 08-NOV-2017 ),9,M-CYCLE/SCOOTER,785,"1,400","1,487",633,,,,,,,,,"4,305"
2024,Odisha,SONEPUR RTO - OR31( 08-NOV-2017 ),10,MOPED,12,11,10,2,,,,,,,,,35
2024,Odisha,SONEPUR RTO - OR31( 08-NOV-2017 ),11,MOTOR CAB,2,1,3,2,,,,,,,,,8
2024,Odisha,SONEPUR RTO - OR31( 08-NOV-2017 ),12,MOTOR CAR,19,30,25,15,,,,,,,,,89
2024,Odisha,SONEPUR RTO - OR31( 08-NOV-2017 ),13,OMNI BUS,1,1,1,0,,,,,,,,,3
2024,Odisha,SONEPUR RTO - OR31( 08-NOV-2017 ),14,PRIVATE SERVICE VEHICLE,0,0,0,1,,,,,,,,,1
2024,Odisha,SONEPUR RTO - OR31( 08-NOV-2017 ),15,THREE WHEELER (GOODS),1,4,2,1,,,,,,,,,8
2024,Odisha,SONEPUR RTO - OR31( 08-NOV-2017 ),16,THREE WHEELER (PASSENGER),4,8,6,2,,,,,,,,,20
2024,Odisha,SONEPUR RTO - OR31( 08-NOV-2017 ),17,TRACTOR (COMMERCIAL),0,2,0,0,,,,,,,,,2
2024,Odisha,SONEPUR RTO - OR31( 08-NOV-2017 ),18,TRACTOR-TROLLEY(COMMERCIAL),0,6,0,1,,,,,,,,,7
2024,Odisha,SUNDERGARH RTO - OR16( 08-NOV-2017 ),1,AGRICULTURAL TRACTOR,26,37,45,18,,,,,,,,,126
2024,Odisha,SUNDERGARH RTO - OR16( 08-NOV-2017 ),2,ARTICULATED VEHICLE,125,118,144,72,,,,,,,,,459
2024,Odisha,SUNDERGARH RTO - OR16( 08-NOV-2017 ),3,BUS,0,59,15,0,,,,,,,,,74
2024,Odisha,SUNDERGARH RTO - OR16( 08-NOV-2017 ),4,CONSTRUCTION EQUIPMENT VEHICLE,4,18,18,9,,,,,,,,,49
2024,Odisha,SUNDERGARH RTO - OR16( 08-NOV-2017 ),5,CRANE MOUNTED VEHICLE,0,4,1,0,,,,,,,,,5
2024,Odisha,SUNDERGARH RTO - OR16( 08-NOV-2017 ),6,EARTH MOVING EQUIPMENT,0,1,0,1,,,,,,,,,2
2024,Odisha,SUNDERGARH RTO - OR16( 08-NOV-2017 ),7,EDUCATIONAL INSTITUTION BUS,0,0,2,4,,,,,,,,,6
2024,Odisha,SUNDERGARH RTO - OR16( 08-NOV-2017 ),8,E-RICKSHAW(P),0,1,0,0,,,,,,,,,1
2024,Odisha,SUNDERGARH RTO - OR16( 08-NOV-2017 ),9,FORK LIFT,0,0,6,4,,,,,,,,,10
2024,Odisha,SUNDERGARH RTO - OR16( 08-NOV-2017 ),10,GOODS CARRIER,94,46,47,52,,,,,,,,,239
2024,Odisha,SUNDERGARH RTO - OR16( 08-NOV-2017 ),11,MAXI CAB,3,2,3,2,,,,,,,,,10
2024,Odisha,SUNDERGARH RTO - OR16( 08-NOV-2017 ),12,M-CYCLE/SCOOTER,841,814,780,543,,,,,,,,,"2,978"
2024,Odisha,SUNDERGARH RTO - OR16( 08-NOV-2017 ),13,M-CYCLE/SCOOTER-WITH SIDE CAR,0,0,1,0,,,,,,,,,1
2024,Odisha,SUNDERGARH RTO - OR16( 08-NOV-2017 ),14,MOPED,19,27,20,13,,,,,,,,,79
2024,Odisha,SUNDERGARH RTO - OR16( 08-NOV-2017 ),15,MOTOR CAB,17,13,9,3,,,,,,,,,42
2024,Odisha,SUNDERGARH RTO - OR16( 08-NOV-2017 ),16,MOTOR CAR,56,83,107,53,,,,,,,,,299
2024,Odisha,SUNDERGARH RTO - OR16( 08-NOV-2017 ),17,OMNI BUS,0,0,1,2,,,,,,,,,3
2024,Odisha,SUNDERGARH RTO - OR16( 08-NOV-2017 ),18,OMNI BUS (PRIVATE USE),0,0,0,1,,,,,,,,,1
2024,Odisha,SUNDERGARH RTO - OR16( 08-NOV-2017 ),19,ROAD ROLLER,0,1,0,0,,,,,,,,,1
2024,Odisha,SUNDERGARH RTO - OR16( 08-NOV-2017 ),20,THREE WHEELER (GOODS),2,8,5,2,,,,,,,,,17
2024,Odisha,SUNDERGARH RTO - OR16( 08-NOV-2017 ),21,THREE WHEELER (PASSENGER),11,15,16,8,,,,,,,,,50
2024,Odisha,SUNDERGARH RTO - OR16( 08-NOV-2017 ),22,TRACTOR (COMMERCIAL),1,14,4,6,,,,,,,,,25
2024,Odisha,SUNDERGARH RTO - OR16( 08-NOV-2017 ),23,TRACTOR-TROLLEY(COMMERCIAL),1,0,1,4,,,,,,,,,6
2024,Odisha,SUNDERGARH RTO - OR16( 08-NOV-2017 ),24,TRAILER (COMMERCIAL),3,18,6,7,,,,,,,,,34
2024,Odisha,TALCHER RTO - OR35( 25-DEC-2017 ),1,AGRICULTURAL TRACTOR,3,1,9,1,,,,,,,,,14
2024,Odisha,TALCHER RTO - OR35( 25-DEC-2017 ),2,AMBULANCE,0,1,0,0,,,,,,,,,1
2024,Odisha,TALCHER RTO - OR35( 25-DEC-2017 ),3,ARTICULATED VEHICLE,0,0,0,38,,,,,,,,,38
2024,Odisha,TALCHER RTO - OR35( 25-DEC-2017 ),4,BUS,0,0,0,1,,,,,,,,,1
2024,Odisha,TALCHER RTO - OR35( 25-DEC-2017 ),5,CONSTRUCTION EQUIPMENT VEHICLE,6,8,19,3,,,,,,,,,36
2024,Odisha,TALCHER RTO - OR35( 25-DEC-2017 ),6,CRANE MOUNTED VEHICLE,0,0,1,0,,,,,,,,,1
2024,Odisha,TALCHER RTO - OR35( 25-DEC-2017 ),7,EARTH MOVING EQUIPMENT,6,0,0,0,,,,,,,,,6
2024,Odisha,TALCHER RTO - OR35( 25-DEC-2017 ),8,GOODS CARRIER,150,131,106,116,,,,,,,,,503
2024,Odisha,TALCHER RTO - OR35( 25-DEC-2017 ),9,MAXI CAB,0,1,0,0,,,,,,,,,1
2024,Odisha,TALCHER RTO - OR35( 25-DEC-2017 ),10,M-CYCLE/SCOOTER,447,582,663,373,,,,,,,,,"2,065"
2024,Odisha,TALCHER RTO - OR35( 25-DEC-2017 ),11,MOPED,11,6,13,1,,,,,,,,,31
2024,Odisha,TALCHER RTO - OR35( 25-DEC-2017 ),12,MOTOR CAB,2,4,3,0,,,,,,,,,9
2024,Odisha,TALCHER RTO - OR35( 25-DEC-2017 ),13,MOTOR CAR,18,12,18,11,,,,,,,,,59
2024,Odisha,TALCHER RTO - OR35( 25-DEC-2017 ),14,OMNI BUS,2,2,2,0,,,,,,,,,6
2024,Odisha,TALCHER RTO - OR35( 25-DEC-2017 ),15,THREE WHEELER (GOODS),3,2,1,1,,,,,,,,,7
2024,Odisha,TALCHER RTO - OR35( 25-DEC-2017 ),16,THREE WHEELER (PASSENGER),3,3,2,1,,,,,,,,,9
2024,Odisha,TALCHER RTO - OR35( 25-DEC-2017 ),17,TRACTOR (COMMERCIAL),4,0,4,0,,,,,,,,,8
2024,Odisha,TALCHER RTO - OR35( 25-DEC-2017 ),18,TRACTOR-TROLLEY(COMMERCIAL),0,0,1,0,,,,,,,,,1
2024,Odisha,TALCHER RTO - OR35( 25-DEC-2017 ),19,TRAILER (COMMERCIAL),5,3,5,0,,,,,,,,,13
2023,Odisha,ANGUL RTO - OR19( 25-DEC-2017 ),1,AGRICULTURAL TRACTOR,13,22,22,14,27,28,50,33,16,25,24,35,309
2023,Odisha,ANGUL RTO - OR19( 25-DEC-2017 ),2,AMBULANCE,0,0,0,0,0,0,0,0,0,1,0,0,1
2023,Odisha,ANGUL RTO - OR19( 25-DEC-2017 ),3,ARMOURED/SPECIALISED VEHICLE,0,0,0,1,0,0,0,0,0,0,0,0,1
2023,Odisha,ANGUL RTO - OR19( 25-DEC-2017 ),4,ARTICULATED VEHICLE,4,4,10,15,1,8,8,12,16,0,3,9,90
2023,Odisha,ANGUL RTO - OR19( 25-DEC-2017 ),5,BUS,3,0,3,2,1,1,1,4,2,1,1,2,21
2023,Odisha,ANGUL RTO - OR19( 25-DEC-2017 ),6,CONSTRUCTION EQUIPMENT VEHICLE,9,17,21,17,21,17,7,12,17,12,32,26,208
2023,Odisha,ANGUL RTO - OR19( 25-DEC-2017 ),7,CRANE MOUNTED VEHICLE,12,9,19,23,6,8,3,8,11,20,17,2,138
2023,Odisha,ANGUL RTO - OR19( 25-DEC-2017 ),8,DUMPER,0,0,0,0,0,0,0,0,0,5,0,0,5
2023,Odisha,ANGUL RTO - OR19( 25-DEC-2017 ),9,EARTH MOVING EQUIPMENT,6,0,0,0,0,1,0,0,0,0,0,0,7
2023,Odisha,ANGUL RTO - OR19( 25-DEC-2017 ),10,EDUCATIONAL INSTITUTION BUS,1,3,3,1,1,0,4,5,0,0,1,0,19
2023,Odisha,ANGUL RTO - OR19( 25-DEC-2017 ),11,E-RICKSHAW(P),1,2,1,0,3,0,0,0,0,0,0,0,7
2023,Odisha,ANGUL RTO - OR19( 25-DEC-2017 ),12,E-RICKSHAW WITH CART (G),1,1,0,0,0,0,0,0,1,0,0,0,3
2023,Odisha,ANGUL RTO - OR19( 25-DEC-2017 ),13,FIRE FIGHTING VEHICLE,0,0,0,0,0,0,1,0,0,0,0,0,1
2023,Odisha,ANGUL RTO - OR19( 25-DEC-2017 ),14,FIRE TENDERS,0,0,0,0,0,0,1,0,0,0,0,0,1
2023,Odisha,ANGUL RTO - OR19( 25-DEC-2017 ),15,FORK LIFT,0,0,0,0,0,2,0,2,0,0,0,3,7
2023,Odisha,ANGUL RTO - OR19( 25-DEC-2017 ),16,GOODS CARRIER,129,76,126,108,156,104,88,104,92,127,152,106,"1,368"
2023,Odisha,ANGUL RTO - OR19( 25-DEC-2017 ),17,MAXI CAB,1,2,0,0,0,0,4,2,1,2,3,3,18
2023,Odisha,ANGUL RTO - OR19( 25-DEC-2017 ),18,M-CYCLE/SCOOTER,"1,048","1,064","1,182","1,120","1,015",985,"1,174",978,"1,255","2,533","1,592","1,412","15,358"
2023,Odisha,ANGUL RTO - OR19( 25-DEC-2017 ),19,MOPED,34,29,31,31,34,23,29,18,31,66,44,33,403
2023,Odisha,ANGUL RTO - OR19( 25-DEC-2017 ),20,MOTOR CAB,13,5,12,11,8,6,12,12,13,17,22,16,147
2023,Odisha,ANGUL RTO - OR19( 25-DEC-2017 ),21,MOTOR CAR,97,81,111,92,117,102,108,129,136,200,173,130,"1,476"
2023,Odisha,ANGUL RTO - OR19( 25-DEC-2017 ),22,MOTORISED CYCLE (CC > 25CC),6,3,4,1,0,0,0,0,0,18,9,8,49
2023,Odisha,ANGUL RTO - OR19( 25-DEC-2017 ),23,OMNI BUS,7,5,3,7,4,8,5,9,10,11,9,10,88
2023,Odisha,ANGUL RTO - OR19( 25-DEC-2017 ),24,OMNI BUS (PRIVATE USE),0,0,0,0,0,1,0,2,1,0,1,1,6
2023,Odisha,ANGUL RTO - OR19( 25-DEC-2017 ),25,PRIVATE SERVICE VEHICLE,2,3,0,1,3,1,1,0,1,0,1,0,13
2023,Odisha,ARTO BARBIL - OR901( 04-DEC-2017 ),1,AGRICULTURAL TRACTOR,0,5,2,1,1,1,0,1,1,0,0,0,12
2023,Odisha,ARTO BARBIL - OR901( 04-DEC-2017 ),2,AMBULANCE,0,0,0,0,0,0,0,0,0,1,0,3,4
2023,Odisha,ARTO BARBIL - OR901( 04-DEC-2017 ),3,ARTICULATED VEHICLE,7,2,12,14,22,10,4,0,7,0,11,12,101
2023,Odisha,ARTO BARBIL - OR901( 04-DEC-2017 ),4,BUS,0,1,0,1,0,0,1,1,0,1,0,0,5
2023,Odisha,ARTO BARBIL - OR901( 04-DEC-2017 ),5,CONSTRUCTION EQUIPMENT VEHICLE,3,12,2,12,7,8,7,7,5,22,9,7,101
2023,Odisha,ARTO BARBIL - OR901( 04-DEC-2017 ),6,CRANE MOUNTED VEHICLE,1,0,1,4,1,0,0,0,0,0,0,0,7
2023,Odisha,ARTO BARBIL - OR901( 04-DEC-2017 ),7,EARTH MOVING EQUIPMENT,0,1,0,0,0,0,0,0,0,0,0,0,1
2023,Odisha,ARTO BARBIL - OR901( 04-DEC-2017 ),8,FIRE TENDERS,0,0,0,0,0,0,0,0,0,3,0,0,3
2023,Odisha,ARTO BARBIL - OR901( 04-DEC-2017 ),9,GOODS CARRIER,115,187,195,127,143,98,105,150,139,165,185,158,"1,767"
2023,Odisha,ARTO BARBIL - OR901( 04-DEC-2017 ),10,MAXI CAB,1,1,1,0,0,2,0,0,1,1,0,0,7
2023,Odisha,ARTO BARBIL - OR901( 04-DEC-2017 ),11,M-CYCLE/SCOOTER,168,133,147,112,154,155,146,178,174,215,320,159,"2,061"
2023,Odisha,ARTO BARBIL - OR901( 04-DEC-2017 ),12,MOBILE CANTEEN,0,0,0,0,0,0,0,0,0,0,0,4,4
2023,Odisha,ARTO BARBIL - OR901( 04-DEC-2017 ),13,MOPED,1,2,1,0,4,6,3,6,8,6,9,4,50
2023,Odisha,ARTO BARBIL - OR901( 04-DEC-2017 ),14,MOTOR CAB,8,6,10,9,8,7,8,8,4,4,7,4,83
2023,Odisha,ARTO BARBIL - OR901( 04-DEC-2017 ),15,MOTOR CAR,22,16,13,14,13,22,14,15,11,13,17,13,183
2023,Odisha,ARTO BARBIL - OR901( 04-DEC-2017 ),16,MOTORISED CYCLE (CC > 25CC),22,37,29,19,46,15,43,16,27,7,43,55,359
2023,Odisha,ARTO BARBIL - OR901( 04-DEC-2017 ),17,OMNI BUS,0,0,2,1,2,1,0,0,0,0,2,0,8
2023,Odisha,ARTO BARBIL - OR901( 04-DEC-2017 ),18,OMNI BUS (PRIVATE USE),0,0,0,0,0,0,0,1,0,0,0,0,1
2023,Odisha,ARTO BARBIL - OR901( 04-DEC-2017 ),19,PRIVATE SERVICE VEHICLE,1,0,0,0,0,1,0,1,0,0,0,2,5
2023,Odisha,ARTO BARBIL - OR901( 04-DEC-2017 ),20,ROAD ROLLER,0,0,0,0,0,0,0,0,0,1,1,0,2
2023,Odisha,ARTO BARBIL - OR901( 04-DEC-2017 ),21,TRACTOR (COMMERCIAL),0,2,1,1,1,0,0,0,0,0,0,0,5
2023,Odisha,ARTO BARBIL - OR901( 04-DEC-2017 ),22,TRAILER (COMMERCIAL),0,0,0,5,0,0,0,0,0,0,0,0,5
2023,Odisha,BALASORE RTO - OR1( 07-NOV-2017 ),1,AGRICULTURAL TRACTOR,67,62,74,47,73,108,115,73,39,75,78,94,905
2023,Odisha,BALASORE RTO - OR1( 07-NOV-2017 ),2,AMBULANCE,1,0,0,0,0,0,0,2,0,0,1,0,4
2023,Odisha,BALASORE RTO - OR1( 07-NOV-2017 ),3,ARTICULATED VEHICLE,0,0,0,0,0,0,0,0,0,0,2,2,4
2023,Odisha,BALASORE RTO - OR1( 07-NOV-2017 ),4,BUS,2,2,1,4,0,1,3,0,3,1,0,5,22
2023,Odisha,BALASORE RTO - OR1( 07-NOV-2017 ),5,CONSTRUCTION EQUIPMENT VEHICLE,16,7,7,6,4,2,8,8,4,6,4,8,80
2023,Odisha,BALASORE RTO - OR1( 07-NOV-2017 ),6,CRANE MOUNTED VEHICLE,0,0,2,0,0,1,1,1,1,0,0,0,6
2023,Odisha,BALASORE RTO - OR1( 07-NOV-2017 ),7,EDUCATIONAL INSTITUTION BUS,0,0,2,7,2,0,3,1,1,0,0,0,16
2023,Odisha,BALASORE RTO - OR1( 07-NOV-2017 ),8,E-RICKSHAW(P),42,21,34,14,25,23,35,20,27,59,46,54,400
2023,Odisha,BALASORE RTO - OR1( 07-NOV-2017 ),9,E-RICKSHAW WITH CART (G),5,8,5,7,6,3,3,5,10,6,10,12,80
2023,Odisha,BALASORE RTO - OR1( 07-NOV-2017 ),10,GOODS CARRIER,79,100,105,65,67,58,72,82,79,104,93,86,990
2023,Odisha,BALASORE RTO - OR1( 07-NOV-2017 ),11,MAXI CAB,2,2,1,2,2,3,2,1,1,3,3,1,23
2023,Odisha,BALASORE RTO - OR1( 07-NOV-2017 ),12,M-CYCLE/SCOOTER,"2,710","2,396","3,089","2,458","2,519","2,824","2,185","2,027","2,897","5,065","3,656","2,554","34,380"
2023,Odisha,BALASORE RTO - OR1( 07-NOV-2017 ),13,MOPED,56,34,42,44,41,64,35,57,56,114,86,67,696
2023,Odisha,BALASORE RTO - OR1( 07-NOV-2017 ),14,MOTOR CAB,13,12,19,12,12,8,7,16,11,20,15,11,156
2023,Odisha,BALASORE RTO - OR1( 07-NOV-2017 ),15,MOTOR CAR,204,187,203,207,199,223,184,215,217,332,257,262,"2,690"
2023,Odisha,BALASORE RTO - OR1( 07-NOV-2017 ),16,MOTORISED CYCLE (CC > 25CC),0,0,0,0,0,1,0,0,0,0,1,1,3
2023,Odisha,BALASORE RTO - OR1( 07-NOV-2017 ),17,OMNI BUS,3,3,2,1,0,3,1,1,2,4,2,5,27
2023,Odisha,BALASORE RTO - OR1( 07-NOV-2017 ),18,PRIVATE SERVICE VEHICLE,0,0,0,1,0,0,0,0,0,1,1,0,3
2023,Odisha,BALASORE RTO - OR1( 07-NOV-2017 ),19,THREE WHEELER (GOODS),11,20,25,14,24,18,24,21,13,24,24,21,239
2023,Odisha,BALASORE RTO - OR1( 07-NOV-2017 ),20,THREE WHEELER (PASSENGER),35,13,22,22,46,38,40,45,37,62,50,33,443
2023,Odisha,BALASORE RTO - OR1( 07-NOV-2017 ),21,THREE WHEELER (PERSONAL),0,0,0,0,0,0,0,1,0,0,0,0,1
2023,Odisha,BALASORE RTO - OR1( 07-NOV-2017 ),22,TRACTOR (COMMERCIAL),0,2,0,0,4,0,0,3,3,1,2,0,15
2023,Odisha,BALASORE RTO - OR1( 07-NOV-2017 ),23,TRACTOR-TROLLEY(COMMERCIAL),0,0,0,0,1,0,0,0,0,0,0,0,1
2023,Odisha,BALASORE RTO - OR1( 07-NOV-2017 ),24,TRAILER (COMMERCIAL),0,4,3,3,3,1,1,3,1,3,3,5,30
2023,Odisha,BALASORE RTO - OR1( 07-NOV-2017 ),25,VEHICLE FITTED WITH RIG,0,0,0,0,1,0,0,0,0,0,0,0,1
2023,Odisha,BARGARH RTO - OR17( 04-DEC-2017 ),1,AGRICULTURAL TRACTOR,95,64,60,64,99,116,173,116,59,77,133,138,"1,194"
2023,Odisha,BARGARH RTO - OR17( 04-DEC-2017 ),2,AMBULANCE,0,0,0,0,0,0,0,0,0,0,0,1,1
2023,Odisha,BARGARH RTO - OR17( 04-DEC-2017 ),3,ARTICULATED VEHICLE,0,0,0,0,0,0,0,0,0,0,8,0,8
2023,Odisha,BARGARH RTO - OR17( 04-DEC-2017 ),4,BUS,1,2,3,0,0,0,0,0,1,6,2,0,15
2023,Odisha,BARGARH RTO - OR17( 04-DEC-2017 ),5,CONSTRUCTION EQUIPMENT VEHICLE,1,4,3,6,4,2,4,2,1,6,4,3,40
2023,Odisha,BARGARH RTO - OR17( 04-DEC-2017 ),6,CRANE MOUNTED VEHICLE,0,0,0,0,3,0,1,1,0,0,0,0,5
2023,Odisha,BARGARH RTO - OR17( 04-DEC-2017 ),7,EDUCATIONAL INSTITUTION BUS,1,1,1,5,0,5,1,0,1,1,1,0,17
2023,Odisha,BARGARH RTO - OR17( 04-DEC-2017 ),8,E-RICKSHAW(P),0,8,3,0,0,0,0,0,0,0,1,0,12
2023,Odisha,BARGARH RTO - OR17( 04-DEC-2017 ),9,E-RICKSHAW WITH CART (G),0,1,0,0,1,0,2,0,0,0,5,1,10
2023,Odisha,BARGARH RTO - OR17( 04-DEC-2017 ),10,EXCAVATOR (NT),0,0,0,0,0,0,0,1,0,0,0,1,2
2023,Odisha,BARGARH RTO - OR17( 04-DEC-2017 ),11,GOODS CARRIER,50,37,47,43,52,34,33,44,42,47,72,60,561
2023,Odisha,BARGARH RTO - OR17( 04-DEC-2017 ),12,HARVESTER,0,0,0,0,2,4,2,0,0,0,1,1,10
2023,Odisha,BARGARH RTO - OR17( 04-DEC-2017 ),13,MAXI CAB,4,4,2,2,2,1,1,3,0,0,1,1,21
2023,Odisha,BARGARH RTO - OR17( 04-DEC-2017 ),14,M-CYCLE/SCOOTER,"1,442","1,874","1,815","1,381","1,243","1,085",933,795,930,"1,266","1,243","1,083","15,090"
2023,Odisha,BARGARH RTO - OR17( 04-DEC-2017 ),15,MOPED,98,77,86,75,75,59,60,66,73,60,116,79,924
2023,Odisha,BARGARH RTO - OR17( 04-DEC-2017 ),16,MOTOR CAB,1,3,3,1,1,4,6,4,2,1,5,4,35
2023,Odisha,BARGARH RTO - OR17( 04-DEC-2017 ),17,MOTOR CAR,131,119,145,92,123,109,96,126,116,179,147,158,"1,541"
2023,Odisha,BARGARH RTO - OR17( 04-DEC-2017 ),18,OMNI BUS,2,0,3,1,0,1,0,1,1,4,4,4,21
2023,Odisha,BARGARH RTO - OR17( 04-DEC-2017 ),19,OMNI BUS (PRIVATE USE),0,0,0,0,0,1,0,1,0,1,2,0,5
2023,Odisha,BARGARH RTO - OR17( 04-DEC-2017 ),20,PRIVATE SERVICE VEHICLE,0,1,0,0,0,0,0,0,0,0,0,1,2
2023,Odisha,BARGARH RTO - OR17( 04-DEC-2017 ),21,THREE WHEELER (GOODS),1,1,5,2,4,0,6,20,3,3,18,26,89
2023,Odisha,BARGARH RTO - OR17( 04-DEC-2017 ),22,THREE WHEELER (PASSENGER),15,9,8,7,4,2,7,10,6,16,9,6,99
2023,Odisha,BARGARH RTO - OR17( 04-DEC-2017 ),23,TRACTOR (COMMERCIAL),0,2,0,0,1,0,1,1,0,0,0,2,7
2023,Odisha,BARGARH RTO - OR17( 04-DEC-2017 ),24,TRAILER (COMMERCIAL),1,5,7,0,5,2,2,0,5,5,5,4,41
2023,Odisha,BHADRAK RTO - OR22( 04-DEC-2017 ),1,AGRICULTURAL TRACTOR,53,61,39,53,36,37,77,62,36,18,48,53,573
2023,Odisha,BHADRAK RTO - OR22( 04-DEC-2017 ),2,AMBULANCE,0,0,0,0,0,0,0,0,1,1,0,0,2
2023,Odisha,BHADRAK RTO - OR22( 04-DEC-2017 ),3,BUS,0,2,6,3,1,2,1,2,1,2,0,2,22
2023,Odisha,BHADRAK RTO - OR22( 04-DEC-2017 ),4,CONSTRUCTION EQUIPMENT VEHICLE,2,3,1,2,0,0,3,4,3,2,4,2,26
2023,Odisha,BHADRAK RTO - OR22( 04-DEC-2017 ),5,CRANE MOUNTED VEHICLE,0,1,0,1,0,2,0,1,0,0,0,0,5
2023,Odisha,BHADRAK RTO - OR22( 04-DEC-2017 ),6,EDUCATIONAL INSTITUTION BUS,0,0,0,3,1,0,0,1,0,0,0,0,5
2023,Odisha,BHADRAK RTO - OR22( 04-DEC-2017 ),7,E-RICKSHAW(P),4,2,1,0,0,0,0,1,12,3,4,9,36
2023,Odisha,BHADRAK RTO - OR22( 04-DEC-2017 ),8,E-RICKSHAW WITH CART (G),0,1,0,0,0,0,0,1,1,3,5,4,15
2023,Odisha,BHADRAK RTO - OR22( 04-DEC-2017 ),9,GOODS CARRIER,35,60,57,70,53,54,45,46,58,62,63,78,681
2023,Odisha,BHADRAK RTO - OR22( 04-DEC-2017 ),10,MAXI CAB,1,4,3,0,4,2,1,2,0,2,1,1,21
2023,Odisha,BHADRAK RTO - OR22( 04-DEC-2017 ),11,M-CYCLE/SCOOTER,"1,179","1,685","1,841","1,370","1,297","1,287","1,176",987,"1,297","1,900","2,034","1,684","17,737"
2023,Odisha,BHADRAK RTO - OR22( 04-DEC-2017 ),12,M-CYCLE/SCOOTER-WITH SIDE CAR,0,0,1,0,0,0,0,0,0,0,0,0,1
2023,Odisha,BHADRAK RTO - OR22( 04-DEC-2017 ),13,MOPED,10,35,31,13,16,22,16,15,20,17,14,7,216
2023,Odisha,BHADRAK RTO - OR22( 04-DEC-2017 ),14,MOTOR CAB,8,3,12,5,6,5,5,4,12,4,1,11,76
2023,Odisha,BHADRAK RTO - OR22( 04-DEC-2017 ),15,MOTOR CAR,40,50,37,43,32,51,37,43,54,59,48,54,548
2023,Odisha,BHADRAK RTO - OR22( 04-DEC-2017 ),16,MOTORISED CYCLE (CC > 25CC),5,5,9,10,9,6,9,6,10,19,30,32,150
2023,Odisha,BHADRAK RTO - OR22( 04-DEC-2017 ),17,OMNI BUS,1,0,0,0,1,2,1,0,0,0,1,0,6
2023,Odisha,BHADRAK RTO - OR22( 04-DEC-2017 ),18,PRIVATE SERVICE VEHICLE,0,0,0,0,0,0,0,0,0,0,0,1,1
2023,Odisha,BHADRAK RTO - OR22( 04-DEC-2017 ),19,THREE WHEELER (GOODS),13,22,28,18,29,18,13,12,23,23,26,28,253
2023,Odisha,BHADRAK RTO - OR22( 04-DEC-2017 ),20,THREE WHEELER (PASSENGER),28,32,42,49,38,41,53,65,58,88,82,46,622
2023,Odisha,BHADRAK RTO - OR22( 04-DEC-2017 ),21,TRACTOR (COMMERCIAL),5,6,5,9,5,2,2,2,1,1,13,8,59
2023,Odisha,BHADRAK RTO - OR22( 04-DEC-2017 ),22,TRAILER (COMMERCIAL),10,7,11,12,8,1,3,5,4,8,4,12,85
2023,Odisha,BHANJANAGAR RTO - OR32( 04-DEC-2017 ),1,AGRICULTURAL TRACTOR,16,4,20,17,24,22,24,21,22,13,16,27,226
2023,Odisha,BHANJANAGAR RTO - OR32( 04-DEC-2017 ),2,BUS,1,1,1,1,0,1,2,0,0,0,0,1,8
2023,Odisha,BHANJANAGAR RTO - OR32( 04-DEC-2017 ),3,CONSTRUCTION EQUIPMENT VEHICLE,2,2,3,2,0,1,0,1,0,1,1,1,14
2023,Odisha,BHANJANAGAR RTO - OR32( 04-DEC-2017 ),4,EDUCATIONAL INSTITUTION BUS,0,0,0,0,0,0,2,2,0,0,0,0,4
2023,Odisha,BHANJANAGAR RTO - OR32( 04-DEC-2017 ),5,E-RICKSHAW(P),0,0,0,1,2,4,3,1,1,6,2,3,23
2023,Odisha,BHANJANAGAR RTO - OR32( 04-DEC-2017 ),6,E-RICKSHAW WITH CART (G),0,0,0,0,0,2,3,1,8,0,2,3,19
2023,Odisha,BHANJANAGAR RTO - OR32( 04-DEC-2017 ),7,GOODS CARRIER,16,20,25,15,15,21,7,21,20,31,31,29,251
2023,Odisha,BHANJANAGAR RTO - OR32( 04-DEC-2017 ),8,MAXI CAB,0,0,0,1,0,0,1,0,0,0,1,0,3
2023,Odisha,BHANJANAGAR RTO - OR32( 04-DEC-2017 ),9,M-CYCLE/SCOOTER,584,855,951,830,739,608,506,468,648,"1,072","1,118",663,"9,042"
2023,Odisha,BHANJANAGAR RTO - OR32( 04-DEC-2017 ),10,MOPED,67,63,90,58,62,61,61,33,41,96,74,59,765
2023,Odisha,BHANJANAGAR RTO - OR32( 04-DEC-2017 ),11,MOTOR CAB,2,0,2,2,5,3,1,3,2,1,1,3,25
2023,Odisha,BHANJANAGAR RTO - OR32( 04-DEC-2017 ),12,MOTOR CAR,16,14,13,9,8,16,18,13,15,19,19,20,180
2023,Odisha,BHANJANAGAR RTO - OR32( 04-DEC-2017 ),13,MOTORISED CYCLE (CC > 25CC),0,5,1,6,0,0,0,0,0,1,1,1,15
2023,Odisha,BHANJANAGAR RTO - OR32( 04-DEC-2017 ),14,OMNI BUS,0,0,0,1,0,0,0,0,0,0,1,1,3
2023,Odisha,BHANJANAGAR RTO - OR32( 04-DEC-2017 ),15,OMNI BUS (PRIVATE USE),0,0,0,0,0,0,0,0,0,1,0,0,1
2023,Odisha,BHANJANAGAR RTO - OR32( 04-DEC-2017 ),16,THREE WHEELER (GOODS),2,4,6,5,12,4,12,7,6,11,11,6,86
2023,Odisha,BHANJANAGAR RTO - OR32( 04-DEC-2017 ),17,THREE WHEELER (PASSENGER),8,10,21,12,6,10,11,9,15,20,25,9,156
2023,Odisha,BHANJANAGAR RTO - OR32( 04-DEC-2017 ),18,TRACTOR (COMMERCIAL),2,1,0,0,3,1,1,4,1,1,1,1,16
2023,Odisha,BHANJANAGAR RTO - OR32( 04-DEC-2017 ),19,TRAILER (COMMERCIAL),0,3,3,0,4,1,1,4,3,1,3,4,27
2023,Odisha,BHANJANAGAR RTO - OR32( 04-DEC-2017 ),20,VEHICLE FITTED WITH COMPRESSOR,0,0,2,0,0,0,0,0,0,0,0,0,2
2023,Odisha,BHUBANESWAR-II RTO - OR33( 23-OCT-2017 ),1,ADAPTED VEHICLE,2,0,1,0,0,1,0,0,0,0,0,0,4
2023,Odisha,BHUBANESWAR-II RTO - OR33( 23-OCT-2017 ),2,AGRICULTURAL TRACTOR,2,2,10,5,11,11,6,3,7,8,15,1,81
2023,Odisha,BHUBANESWAR-II RTO - OR33( 23-OCT-2017 ),3,AMBULANCE,2,0,0,0,1,1,2,0,2,2,4,2,16
2023,Odisha,BHUBANESWAR-II RTO - OR33( 23-OCT-2017 ),4,ARTICULATED VEHICLE,0,0,1,0,0,0,0,0,0,0,0,0,1
2023,Odisha,BHUBANESWAR-II RTO - OR33( 23-OCT-2017 ),5,BUS,5,1,1,0,8,9,0,0,0,0,1,0,25
2023,Odisha,BHUBANESWAR-II RTO - OR33( 23-OCT-2017 ),6,CASH VAN,0,0,0,0,0,0,0,0,0,0,0,1,1
2023,Odisha,BHUBANESWAR-II RTO - OR33( 23-OCT-2017 ),7,CONSTRUCTION EQUIPMENT VEHICLE,54,48,50,34,37,29,39,38,42,65,77,69,582
2023,Odisha,BHUBANESWAR-II RTO - OR33( 23-OCT-2017 ),8,CRANE MOUNTED VEHICLE,0,0,0,1,0,0,0,0,0,0,1,0,2
2023,Odisha,BHUBANESWAR-II RTO - OR33( 23-OCT-2017 ),9,EDUCATIONAL INSTITUTION BUS,0,0,23,1,0,2,0,0,1,2,2,0,31
2023,Odisha,BHUBANESWAR-II RTO - OR33( 23-OCT-2017 ),10,E-RICKSHAW(P),0,1,1,2,2,2,5,2,4,4,1,2,26
2023,Odisha,BHUBANESWAR-II RTO - OR33( 23-OCT-2017 ),11,E-RICKSHAW WITH CART (G),0,0,0,1,0,0,1,3,11,7,7,22,52
2023,Odisha,BHUBANESWAR-II RTO - OR33( 23-OCT-2017 ),12,GOODS CARRIER,46,37,41,33,30,25,33,26,52,46,33,106,508
2023,Odisha,BHUBANESWAR-II RTO - OR33( 23-OCT-2017 ),13,MAXI CAB,0,1,2,4,6,3,3,4,4,3,3,2,35
2023,Odisha,BHUBANESWAR-II RTO - OR33( 23-OCT-2017 ),14,M-CYCLE/SCOOTER,"1,845","1,821","2,052","1,835","1,934","1,924","1,859","2,061","2,199","3,566","2,819","2,566","26,481"
2023,Odisha,BHUBANESWAR-II RTO - OR33( 23-OCT-2017 ),15,MOBILE WORKSHOP,0,0,0,0,0,0,0,0,0,0,1,0,1
2023,Odisha,BHUBANESWAR-II RTO - OR33( 23-OCT-2017 ),16,MOPED,13,11,13,11,13,15,17,17,11,26,17,15,179
2023,Odisha,BHUBANESWAR-II RTO - OR33( 23-OCT-2017 ),17,MOTOR CAB,23,12,32,25,33,42,35,45,67,88,104,112,618
2023,Odisha,BHUBANESWAR-II RTO - OR33( 23-OCT-2017 ),18,MOTOR CAR,512,389,549,477,492,469,419,553,548,742,691,778,"6,619"
2023,Odisha,BHUBANESWAR-II RTO - OR33( 23-OCT-2017 ),19,MOTOR CYCLE/SCOOTER-USED FOR HIRE,0,2,2,2,0,1,1,0,0,3,3,5,19
2023,Odisha,BHUBANESWAR-II RTO - OR33( 23-OCT-2017 ),20,MOTORISED CYCLE (CC > 25CC),0,0,0,0,1,0,0,0,0,0,0,0,1
2023,Odisha,BHUBANESWAR-II RTO - OR33( 23-OCT-2017 ),21,OMNI BUS,0,0,29,3,0,0,0,2,8,2,10,14,68
2023,Odisha,BHUBANESWAR-II RTO - OR33( 23-OCT-2017 ),22,OMNI BUS (PRIVATE USE),0,0,0,0,1,11,7,2,1,3,4,8,37
2023,Odisha,BHUBANESWAR-II RTO - OR33( 23-OCT-2017 ),23,PRIVATE SERVICE VEHICLE,0,0,0,0,0,0,1,0,0,0,3,0,4
2023,Odisha,BHUBANESWAR-II RTO - OR33( 23-OCT-2017 ),24,THREE WHEELER (GOODS),7,14,16,8,14,14,23,17,12,25,17,31,198
2023,Odisha,BHUBANESWAR-II RTO - OR33( 23-OCT-2017 ),25,THREE WHEELER (PASSENGER),3,8,8,6,9,8,10,10,4,47,56,56,225
2023,Odisha,BHUBANESWAR RTO - OR2( 22-JAN-2018 ),1,ADAPTED VEHICLE,0,0,0,0,0,1,0,0,0,0,1,2,4
2023,Odisha,BHUBANESWAR RTO - OR2( 22-JAN-2018 ),2,AGRICULTURAL TRACTOR,11,5,4,7,28,5,10,4,6,3,12,5,100
2023,Odisha,BHUBANESWAR RTO - OR2( 22-JAN-2018 ),3,AMBULANCE,7,5,2,26,1,0,7,1,69,41,197,36,392
2023,Odisha,BHUBANESWAR RTO - OR2( 22-JAN-2018 ),4,ANIMAL AMBULANCE,0,0,0,0,1,0,0,0,0,0,0,0,1
2023,Odisha,BHUBANESWAR RTO - OR2( 22-JAN-2018 ),5,ARMOURED/SPECIALISED VEHICLE,0,0,0,0,0,0,0,0,0,1,0,0,1
2023,Odisha,BHUBANESWAR RTO - OR2( 22-JAN-2018 ),6,ARTICULATED VEHICLE,0,0,1,0,0,2,33,45,3,25,2,3,114
2023,Odisha,BHUBANESWAR RTO - OR2( 22-JAN-2018 ),7,AUXILIARY TRAILER,0,0,0,0,0,0,0,0,0,0,2,0,2
2023,Odisha,BHUBANESWAR RTO - OR2( 22-JAN-2018 ),8,BREAKDOWN VAN,0,0,0,0,1,0,0,0,1,1,0,0,3
2023,Odisha,BHUBANESWAR RTO - OR2( 22-JAN-2018 ),9,BUS,11,6,6,8,6,6,6,2,8,6,4,5,74
2023,Odisha,BHUBANESWAR RTO - OR2( 22-JAN-2018 ),10,CASH VAN,2,0,5,5,0,0,0,3,3,3,24,0,45
2023,Odisha,BHUBANESWAR RTO - OR2( 22-JAN-2018 ),11,CONSTRUCTION EQUIPMENT VEHICLE,30,24,39,28,39,30,44,49,44,40,51,54,472
2023,Odisha,BHUBANESWAR RTO - OR2( 22-JAN-2018 ),12,CRANE MOUNTED VEHICLE,0,0,1,1,0,1,0,0,0,4,0,0,7
2023,Odisha,BHUBANESWAR RTO - OR2( 22-JAN-2018 ),13,EDUCATIONAL INSTITUTION BUS,1,7,17,14,2,3,8,11,4,2,4,0,73
2023,Odisha,BHUBANESWAR RTO - OR2( 22-JAN-2018 ),14,E-RICKSHAW(P),4,3,6,6,5,7,7,6,16,11,3,4,78
2023,Odisha,BHUBANESWAR RTO - OR2( 22-JAN-2018 ),15,E-RICKSHAW WITH CART (G),2,5,3,5,3,3,2,5,2,4,2,0,36
2023,Odisha,BHUBANESWAR RTO - OR2( 22-JAN-2018 ),16,GOODS CARRIER,382,306,408,322,311,279,293,298,346,408,419,320,"4,092"
2023,Odisha,BHUBANESWAR RTO - OR2( 22-JAN-2018 ),17,HEARSES,0,0,1,0,0,0,0,3,1,0,0,0,5
2023,Odisha,BHUBANESWAR RTO - OR2( 22-JAN-2018 ),18,MAXI CAB,9,10,15,16,11,27,17,22,12,21,18,19,197
2023,Odisha,BHUBANESWAR RTO - OR2( 22-JAN-2018 ),19,M-CYCLE/SCOOTER,"3,778","3,360","4,218","3,801","4,056","3,898","4,028","3,810","4,215","6,674","5,272","4,278","51,388"
2023,Odisha,BHUBANESWAR RTO - OR2( 22-JAN-2018 ),20,MOBILE WORKSHOP,0,0,0,0,0,0,0,0,1,0,0,0,1
2023,Odisha,BHUBANESWAR RTO - OR2( 22-JAN-2018 ),21,MOPED,137,178,203,206,200,143,124,128,144,191,142,95,"1,891"
2023,Odisha,BHUBANESWAR RTO - OR2( 22-JAN-2018 ),22,MOTOR CAB,208,194,237,184,202,184,229,270,263,231,173,240,"2,615"
2023,Odisha,BHUBANESWAR RTO - OR2( 22-JAN-2018 ),23,MOTOR CAR,"2,381","2,005","2,206","1,971","2,167","2,136","2,011","2,177","2,204","2,971","2,317","2,239","26,785"
2023,Odisha,BHUBANESWAR RTO - OR2( 22-JAN-2018 ),24,MOTOR CYCLE/SCOOTER-USED FOR HIRE,5,2,2,2,2,2,6,4,2,8,3,5,43
2023,Odisha,BHUBANESWAR RTO - OR2( 22-JAN-2018 ),25,MOTORISED CYCLE (CC > 25CC),62,63,69,69,44,47,16,28,1,3,0,0,402
2023,Odisha,BOLANGIR RTO - OR3( 25-DEC-2017 ),1,AGRICULTURAL TRACTOR,36,45,28,34,52,81,90,44,48,35,70,61,624
2023,Odisha,BOLANGIR RTO - OR3( 25-DEC-2017 ),2,AMBULANCE,0,0,0,1,0,0,0,1,0,0,1,0,3
2023,Odisha,BOLANGIR RTO - OR3( 25-DEC-2017 ),3,BUS,1,1,0,1,1,1,0,0,0,1,1,0,7
2023,Odisha,BOLANGIR RTO - OR3( 25-DEC-2017 ),4,CONSTRUCTION EQUIPMENT VEHICLE,3,9,10,4,7,0,6,4,8,3,12,2,68
2023,Odisha,BOLANGIR RTO - OR3( 25-DEC-2017 ),5,CRANE MOUNTED VEHICLE,1,1,0,0,1,0,1,0,0,0,2,0,6
2023,Odisha,BOLANGIR RTO - OR3( 25-DEC-2017 ),6,EARTH MOVING EQUIPMENT,0,0,0,0,0,0,0,0,0,0,0,1,1
2023,Odisha,BOLANGIR RTO - OR3( 25-DEC-2017 ),7,EDUCATIONAL INSTITUTION BUS,0,3,5,3,3,0,5,3,4,0,2,1,29
2023,Odisha,BOLANGIR RTO - OR3( 25-DEC-2017 ),8,E-RICKSHAW(P),1,1,0,0,0,0,0,0,1,1,1,1,6
2023,Odisha,BOLANGIR RTO - OR3( 25-DEC-2017 ),9,E-RICKSHAW WITH CART (G),2,2,0,0,0,0,0,0,0,0,1,0,5
2023,Odisha,BOLANGIR RTO - OR3( 25-DEC-2017 ),10,FIRE TENDERS,0,0,0,0,0,0,0,0,3,0,2,0,5
2023,Odisha,BOLANGIR RTO - OR3( 25-DEC-2017 ),11,GOODS CARRIER,62,45,58,38,40,44,50,58,80,73,102,75,725
2023,Odisha,BOLANGIR RTO - OR3( 25-DEC-2017 ),12,MAXI CAB,10,15,7,7,6,1,1,1,0,0,0,0,48
2023,Odisha,BOLANGIR RTO - OR3( 25-DEC-2017 ),13,M-CYCLE/SCOOTER,"2,227","3,340","2,538","2,043","1,624","1,222","1,025",978,"1,145","1,436","1,574","1,340","20,492"
2023,Odisha,BOLANGIR RTO - OR3( 25-DEC-2017 ),14,MOPED,89,113,100,72,68,57,59,48,41,58,67,50,822
2023,Odisha,BOLANGIR RTO - OR3( 25-DEC-2017 ),15,MOTOR CAB,1,2,3,7,2,8,9,6,6,10,10,14,78
2023,Odisha,BOLANGIR RTO - OR3( 25-DEC-2017 ),16,MOTOR CAR,138,119,105,105,130,114,96,97,103,133,147,132,"1,419"
2023,Odisha,BOLANGIR RTO - OR3( 25-DEC-2017 ),17,OMNI BUS,0,3,0,2,0,0,0,1,0,2,6,1,15
2023,Odisha,BOLANGIR RTO - OR3( 25-DEC-2017 ),18,OMNI BUS (PRIVATE USE),0,0,0,0,1,3,2,1,1,1,1,2,12
2023,Odisha,BOLANGIR RTO - OR3( 25-DEC-2017 ),19,PRIVATE SERVICE VEHICLE,0,0,0,1,0,0,0,0,0,0,0,0,1
2023,Odisha,BOLANGIR RTO - OR3( 25-DEC-2017 ),20,THREE WHEELER (GOODS),4,3,4,0,1,0,0,3,2,3,3,1,24
2023,Odisha,BOLANGIR RTO - OR3( 25-DEC-2017 ),21,THREE WHEELER (PASSENGER),17,19,21,8,8,9,8,6,12,4,14,5,131
2023,Odisha,BOLANGIR RTO - OR3( 25-DEC-2017 ),22,TRACTOR (COMMERCIAL),2,4,2,3,2,3,2,2,2,3,4,1,30
2023,Odisha,BOLANGIR RTO - OR3( 25-DEC-2017 ),23,TRACTOR-TROLLEY(COMMERCIAL),5,7,1,5,5,0,2,4,4,2,2,4,41
2023,Odisha,BOLANGIR RTO - OR3( 25-DEC-2017 ),24,TRAILER (COMMERCIAL),2,0,0,2,0,0,0,0,0,0,0,0,4
2023,Odisha,BOUDH RTO - OR27( 23-OCT-2017 ),1,AGRICULTURAL TRACTOR,11,11,11,12,11,13,25,21,18,30,32,41,236
2023,Odisha,BOUDH RTO - OR27( 23-OCT-2017 ),2,BUS,0,0,0,0,0,1,0,0,0,0,0,0,1
2023,Odisha,BOUDH RTO - OR27( 23-OCT-2017 ),3,CONSTRUCTION EQUIPMENT VEHICLE,0,0,0,2,0,1,3,0,0,0,0,0,6
2023,Odisha,BOUDH RTO - OR27( 23-OCT-2017 ),4,EARTH MOVING EQUIPMENT,0,0,0,0,0,0,0,0,0,0,2,0,2
2023,Odisha,BOUDH RTO - OR27( 23-OCT-2017 ),5,EDUCATIONAL INSTITUTION BUS,0,0,1,0,0,0,2,0,0,0,0,0,3
2023,Odisha,BOUDH RTO - OR27( 23-OCT-2017 ),6,GOODS CARRIER,6,7,15,6,6,5,5,8,8,5,12,10,93
2023,Odisha,BOUDH RTO - OR27( 23-OCT-2017 ),7,LUXURY CAB,0,0,0,0,0,1,0,0,0,0,0,0,1
2023,Odisha,BOUDH RTO - OR27( 23-OCT-2017 ),8,MAXI CAB,0,1,0,0,1,0,0,0,0,0,0,0,2
2023,Odisha,BOUDH RTO - OR27( 23-OCT-2017 ),9,M-CYCLE/SCOOTER,393,726,431,421,269,225,186,151,192,354,297,185,"3,830"
2023,Odisha,BOUDH RTO - OR27( 23-OCT-2017 ),10,MOPED,0,0,1,1,0,0,0,0,0,0,0,0,2
2023,Odisha,BOUDH RTO - OR27( 23-OCT-2017 ),11,MOTOR CAB,0,2,3,1,5,0,1,1,1,1,0,1,16
2023,Odisha,BOUDH RTO - OR27( 23-OCT-2017 ),12,MOTOR CAR,2,3,9,4,4,5,3,7,5,7,9,6,64
2023,Odisha,BOUDH RTO - OR27( 23-OCT-2017 ),13,MOTORISED CYCLE (CC > 25CC),0,0,0,0,0,0,0,0,0,0,0,2,2
2023,Odisha,BOUDH RTO - OR27( 23-OCT-2017 ),14,OMNI BUS,0,1,0,0,0,0,0,0,0,1,0,0,2
2023,Odisha,BOUDH RTO - OR27( 23-OCT-2017 ),15,THREE WHEELER (GOODS),0,0,2,1,0,2,2,1,0,3,4,2,17
2023,Odisha,BOUDH RTO - OR27( 23-OCT-2017 ),16,THREE WHEELER (PASSENGER),3,4,6,0,10,8,10,4,9,12,7,6,79
2023,Odisha,BOUDH RTO - OR27( 23-OCT-2017 ),17,TRACTOR (COMMERCIAL),0,1,0,0,0,0,0,0,0,0,0,0,1
2023,Odisha,BOUDH RTO - OR27( 23-OCT-2017 ),18,TRACTOR-TROLLEY(COMMERCIAL),0,2,0,0,0,3,0,0,2,1,0,3,11
2023,Odisha,BOUDH RTO - OR27( 23-OCT-2017 ),19,TRAILER (COMMERCIAL),1,1,0,0,0,0,0,0,0,0,1,0,3
2023,Odisha,CHANDIKHOLE RTO - OR4( 23-OCT-2017 ),1,AGRICULTURAL TRACTOR,16,13,30,34,29,23,21,19,12,36,35,26,294
2023,Odisha,CHANDIKHOLE RTO - OR4( 23-OCT-2017 ),2,AMBULANCE,0,0,0,0,0,0,0,0,0,0,1,0,1
2023,Odisha,CHANDIKHOLE RTO - OR4( 23-OCT-2017 ),3,ARTICULATED VEHICLE,16,27,47,11,7,1,0,0,2,2,4,4,121
2023,Odisha,CHANDIKHOLE RTO - OR4( 23-OCT-2017 ),4,BUS,1,0,3,0,0,4,0,1,1,0,3,0,13
2023,Odisha,CHANDIKHOLE RTO - OR4( 23-OCT-2017 ),5,CONSTRUCTION EQUIPMENT VEHICLE,8,8,5,11,17,7,6,10,9,8,5,13,107
2023,Odisha,CHANDIKHOLE RTO - OR4( 23-OCT-2017 ),6,CRANE MOUNTED VEHICLE,2,2,0,2,4,7,1,7,8,9,1,2,45
2023,Odisha,CHANDIKHOLE RTO - OR4( 23-OCT-2017 ),7,EARTH MOVING EQUIPMENT,0,0,0,0,0,0,0,1,0,0,0,0,1
2023,Odisha,CHANDIKHOLE RTO - OR4( 23-OCT-2017 ),8,EDUCATIONAL INSTITUTION BUS,0,0,0,0,0,0,2,3,2,0,0,0,7
2023,Odisha,CHANDIKHOLE RTO - OR4( 23-OCT-2017 ),9,E-RICKSHAW WITH CART (G),1,0,0,0,0,0,0,0,0,0,0,0,1
2023,Odisha,CHANDIKHOLE RTO - OR4( 23-OCT-2017 ),10,FORK LIFT,0,1,0,0,0,0,1,0,0,0,0,0,2
2023,Odisha,CHANDIKHOLE RTO - OR4( 23-OCT-2017 ),11,GOODS CARRIER,68,80,101,107,92,63,85,75,81,85,79,92,"1,008"
2023,Odisha,CHANDIKHOLE RTO - OR4( 23-OCT-2017 ),12,MAXI CAB,2,1,5,1,0,2,1,3,1,3,1,3,23
2023,Odisha,CHANDIKHOLE RTO - OR4( 23-OCT-2017 ),13,M-CYCLE/SCOOTER,879,841,902,908,906,"1,083",873,732,920,"1,633","1,217",959,"11,853"
2023,Odisha,CHANDIKHOLE RTO - OR4( 23-OCT-2017 ),14,MOPED,28,47,49,18,35,36,21,26,23,52,38,30,403
2023,Odisha,CHANDIKHOLE RTO - OR4( 23-OCT-2017 ),15,MOTOR CAB,18,11,6,9,6,7,6,8,16,15,13,31,146
2023,Odisha,CHANDIKHOLE RTO - OR4( 23-OCT-2017 ),16,MOTOR CAR,21,26,29,18,30,28,26,28,31,26,23,28,314
2023,Odisha,CHANDIKHOLE RTO - OR4( 23-OCT-2017 ),17,MOTORISED CYCLE (CC > 25CC),0,0,0,0,0,0,4,0,5,6,4,3,22
2023,Odisha,CHANDIKHOLE RTO - OR4( 23-OCT-2017 ),18,OMNI BUS,7,3,3,6,3,9,4,3,3,5,3,8,57
2023,Odisha,CHANDIKHOLE RTO - OR4( 23-OCT-2017 ),19,OMNI BUS (PRIVATE USE),0,0,0,0,0,0,0,0,0,1,0,0,1
2023,Odisha,CHANDIKHOLE RTO - OR4( 23-OCT-2017 ),20,PRIVATE SERVICE VEHICLE,0,0,0,0,0,0,0,0,0,0,1,0,1
2023,Odisha,CHANDIKHOLE RTO - OR4( 23-OCT-2017 ),21,THREE WHEELER (GOODS),3,10,11,7,10,8,10,9,7,12,11,13,111
2023,Odisha,CHANDIKHOLE RTO - OR4( 23-OCT-2017 ),22,THREE WHEELER (PASSENGER),1,6,7,2,8,4,7,9,10,12,5,5,76
2023,Odisha,CHANDIKHOLE RTO - OR4( 23-OCT-2017 ),23,TRACTOR (COMMERCIAL),3,6,5,5,2,3,6,1,0,5,3,3,42
2023,Odisha,CHANDIKHOLE RTO - OR4( 23-OCT-2017 ),24,TRACTOR-TROLLEY(COMMERCIAL),0,3,0,0,1,0,0,0,0,1,0,0,5
2023,Odisha,CHANDIKHOLE RTO - OR4( 23-OCT-2017 ),25,TRAILER (COMMERCIAL),5,8,5,2,1,6,6,2,3,2,5,5,50
2023,Odisha,CUTTACK RTO - OR5( 31-MAY-2017 ),1,AGRICULTURAL TRACTOR,27,34,40,25,48,52,58,58,39,41,47,54,523
2023,Odisha,CUTTACK RTO - OR5( 31-MAY-2017 ),2,AMBULANCE,4,6,2,2,3,2,6,16,174,4,3,5,227
2023,Odisha,CUTTACK RTO - OR5( 31-MAY-2017 ),3,ANIMAL AMBULANCE,0,0,0,1,0,0,0,0,0,0,0,0,1
2023,Odisha,CUTTACK RTO - OR5( 31-MAY-2017 ),4,ARTICULATED VEHICLE,0,1,0,3,1,0,9,3,1,0,4,1,23
2023,Odisha,CUTTACK RTO - OR5( 31-MAY-2017 ),5,BUS,7,11,5,8,3,9,8,5,8,3,10,5,82
2023,Odisha,CUTTACK RTO - OR5( 31-MAY-2017 ),6,CONSTRUCTION EQUIPMENT VEHICLE,1,4,10,3,6,7,3,6,4,6,9,11,70
2023,Odisha,CUTTACK RTO - OR5( 31-MAY-2017 ),7,CRANE MOUNTED VEHICLE,6,1,3,5,2,1,4,1,0,1,3,2,29
2023,Odisha,CUTTACK RTO - OR5( 31-MAY-2017 ),8,EARTH MOVING EQUIPMENT,0,3,0,0,4,0,0,0,0,0,0,0,7
2023,Odisha,CUTTACK RTO - OR5( 31-MAY-2017 ),9,EDUCATIONAL INSTITUTION BUS,2,1,2,5,0,16,1,3,4,1,0,13,48
2023,Odisha,CUTTACK RTO - OR5( 31-MAY-2017 ),10,E-RICKSHAW(P),0,2,0,2,0,4,5,4,6,11,2,2,38
2023,Odisha,CUTTACK RTO - OR5( 31-MAY-2017 ),11,E-RICKSHAW WITH CART (G),2,0,2,1,2,2,1,6,7,0,2,3,28
2023,Odisha,CUTTACK RTO - OR5( 31-MAY-2017 ),12,EXCAVATOR (NT),0,0,0,0,0,1,0,0,0,0,0,0,1
2023,Odisha,CUTTACK RTO - OR5( 31-MAY-2017 ),13,FIRE FIGHTING VEHICLE,0,0,0,10,48,0,0,0,0,0,0,0,58
2023,Odisha,CUTTACK RTO - OR5( 31-MAY-2017 ),14,FIRE TENDERS,0,0,1,0,0,0,0,0,0,0,0,0,1
2023,Odisha,CUTTACK RTO - OR5( 31-MAY-2017 ),15,FORK LIFT,0,0,0,0,1,0,0,0,0,0,0,0,1
2023,Odisha,CUTTACK RTO - OR5( 31-MAY-2017 ),16,GOODS CARRIER,268,222,309,242,186,173,209,221,245,262,233,245,"2,815"
2023,Odisha,CUTTACK RTO - OR5( 31-MAY-2017 ),17,MAXI CAB,4,4,11,6,5,10,11,3,9,12,8,5,88
2023,Odisha,CUTTACK RTO - OR5( 31-MAY-2017 ),18,M-CYCLE/SCOOTER,"3,682","3,130","4,012","3,406","3,422","3,709","3,228","3,102","4,337","7,333","5,333","4,307","49,001"
2023,Odisha,CUTTACK RTO - OR5( 31-MAY-2017 ),19,M-CYCLE/SCOOTER-WITH SIDE CAR,0,1,0,0,0,1,0,1,0,0,4,0,7
2023,Odisha,CUTTACK RTO - OR5( 31-MAY-2017 ),20,MOPED,64,42,64,60,47,69,66,56,70,126,85,75,824
2023,Odisha,CUTTACK RTO - OR5( 31-MAY-2017 ),21,MOTOR CAB,69,34,54,30,38,39,81,45,48,105,67,73,683
2023,Odisha,CUTTACK RTO - OR5( 31-MAY-2017 ),22,MOTOR CAR,602,553,711,561,670,613,741,703,695,"1,003",766,840,"8,458"
2023,Odisha,CUTTACK RTO - OR5( 31-MAY-2017 ),23,MOTOR CYCLE/SCOOTER-USED FOR HIRE,1,10,0,10,0,0,0,0,0,0,0,1,22
2023,Odisha,CUTTACK RTO - OR5( 31-MAY-2017 ),24,MOTORISED CYCLE (CC > 25CC),6,5,9,11,7,3,3,5,9,17,6,5,86
2023,Odisha,CUTTACK RTO - OR5( 31-MAY-2017 ),25,OMNI BUS,10,6,4,3,5,11,7,11,6,11,12,13,99
2023,Odisha,DEOGARH RTO - OR28( 23-OCT-2017 ),1,AGRICULTURAL TRACTOR,8,15,18,6,14,12,31,21,6,10,23,26,190
2023,Odisha,DEOGARH RTO - OR28( 23-OCT-2017 ),2,BUS,1,1,1,0,0,1,0,1,0,1,2,1,9
2023,Odisha,DEOGARH RTO - OR28( 23-OCT-2017 ),3,CONSTRUCTION EQUIPMENT VEHICLE,0,0,0,1,0,2,1,0,0,0,2,2,8
2023,Odisha,DEOGARH RTO - OR28( 23-OCT-2017 ),4,EDUCATIONAL INSTITUTION BUS,0,0,0,0,0,0,0,0,0,0,0,1,1
2023,Odisha,DEOGARH RTO - OR28( 23-OCT-2017 ),5,E-RICKSHAW(P),0,1,0,0,0,0,0,0,0,0,0,0,1
2023,Odisha,DEOGARH RTO - OR28( 23-OCT-2017 ),6,E-RICKSHAW WITH CART (G),0,1,0,0,0,0,0,0,0,0,0,0,1
2023,Odisha,DEOGARH RTO - OR28( 23-OCT-2017 ),7,GOODS CARRIER,3,6,5,2,2,3,3,4,6,4,6,8,52
2023,Odisha,DEOGARH RTO - OR28( 23-OCT-2017 ),8,MAXI CAB,2,0,1,0,0,0,1,0,0,0,0,0,4
2023,Odisha,DEOGARH RTO - OR28( 23-OCT-2017 ),9,M-CYCLE/SCOOTER,183,196,194,161,155,168,101,113,188,269,241,178,"2,147"
2023,Odisha,DEOGARH RTO - OR28( 23-OCT-2017 ),10,MOPED,5,3,3,2,2,2,3,7,2,7,8,7,51
2023,Odisha,DEOGARH RTO - OR28( 23-OCT-2017 ),11,MOTOR CAB,1,2,0,2,1,0,2,1,2,3,0,2,16
2023,Odisha,DEOGARH RTO - OR28( 23-OCT-2017 ),12,MOTOR CAR,6,14,6,8,12,15,2,5,12,12,11,16,119
2023,Odisha,DEOGARH RTO - OR28( 23-OCT-2017 ),13,MOTORISED CYCLE (CC > 25CC),0,0,0,0,0,0,0,0,0,0,0,1,1
2023,Odisha,DEOGARH RTO - OR28( 23-OCT-2017 ),14,OMNI BUS (PRIVATE USE),0,0,0,0,0,0,1,0,0,0,0,0,1
2023,Odisha,DEOGARH RTO - OR28( 23-OCT-2017 ),15,THREE WHEELER (GOODS),0,1,0,0,0,1,1,1,0,18,4,3,29
2023,Odisha,DEOGARH RTO - OR28( 23-OCT-2017 ),16,THREE WHEELER (PASSENGER),9,8,8,6,6,3,10,5,6,7,7,11,86
2023,Odisha,DEOGARH RTO - OR28( 23-OCT-2017 ),17,TRACTOR (COMMERCIAL),0,1,0,0,0,0,0,0,0,0,0,0,1
2023,Odisha,DEOGARH RTO - OR28( 23-OCT-2017 ),18,TRACTOR-TROLLEY(COMMERCIAL),0,1,1,0,0,0,1,0,0,0,1,1,5
2023,Odisha,DEOGARH RTO - OR28( 23-OCT-2017 ),19,TRAILER (COMMERCIAL),0,1,0,1,1,0,0,1,1,1,0,0,6
2023,Odisha,DHENKANAL RTO - OR6( 07-NOV-2017 ),1,AGRICULTURAL TRACTOR,13,17,30,26,24,60,53,57,21,29,26,24,380
2023,Odisha,DHENKANAL RTO - OR6( 07-NOV-2017 ),2,AMBULANCE,0,0,0,0,0,0,0,4,1,1,0,0,6
2023,Odisha,DHENKANAL RTO - OR6( 07-NOV-2017 ),3,ARTICULATED VEHICLE,0,2,0,0,0,0,0,0,2,0,0,2,6
2023,Odisha,DHENKANAL RTO - OR6( 07-NOV-2017 ),4,BUS,1,0,0,1,0,0,0,1,0,2,1,0,6
2023,Odisha,DHENKANAL RTO - OR6( 07-NOV-2017 ),5,CONSTRUCTION EQUIPMENT VEHICLE,5,2,1,1,2,1,2,2,2,4,2,3,27
2023,Odisha,DHENKANAL RTO - OR6( 07-NOV-2017 ),6,CRANE MOUNTED VEHICLE,0,1,0,0,0,0,0,0,0,0,0,0,1
2023,Odisha,DHENKANAL RTO - OR6( 07-NOV-2017 ),7,EARTH MOVING EQUIPMENT,2,3,0,0,0,0,0,0,1,0,0,0,6
2023,Odisha,DHENKANAL RTO - OR6( 07-NOV-2017 ),8,EDUCATIONAL INSTITUTION BUS,0,0,0,0,1,0,1,1,0,2,0,0,5
2023,Odisha,DHENKANAL RTO - OR6( 07-NOV-2017 ),9,GOODS CARRIER,33,23,21,11,16,8,10,23,6,22,27,22,222
2023,Odisha,DHENKANAL RTO - OR6( 07-NOV-2017 ),10,MAXI CAB,1,0,1,1,1,1,1,0,0,1,0,0,7
2023,Odisha,DHENKANAL RTO - OR6( 07-NOV-2017 ),11,M-CYCLE/SCOOTER,740,649,868,688,673,754,655,653,728,"1,454","1,197",792,"9,851"
2023,Odisha,DHENKANAL RTO - OR6( 07-NOV-2017 ),12,M-CYCLE/SCOOTER-WITH SIDE CAR,0,0,0,2,0,0,1,1,0,0,0,0,4
2023,Odisha,DHENKANAL RTO - OR6( 07-NOV-2017 ),13,MOPED,28,23,28,25,25,20,14,17,16,40,13,19,268
2023,Odisha,DHENKANAL RTO - OR6( 07-NOV-2017 ),14,MOTOR CAB,0,2,3,1,2,3,0,2,1,2,8,0,24
2023,Odisha,DHENKANAL RTO - OR6( 07-NOV-2017 ),15,MOTOR CAR,32,23,25,15,13,21,20,26,18,40,29,25,287
2023,Odisha,DHENKANAL RTO - OR6( 07-NOV-2017 ),16,MOTORISED CYCLE (CC > 25CC),1,0,0,0,0,0,0,0,0,0,0,0,1
2023,Odisha,DHENKANAL RTO - OR6( 07-NOV-2017 ),17,OMNI BUS,1,2,1,0,0,0,0,0,4,6,0,2,16
2023,Odisha,DHENKANAL RTO - OR6( 07-NOV-2017 ),18,OMNI BUS (PRIVATE USE),0,0,0,0,0,0,1,0,1,0,0,0,2
2023,Odisha,DHENKANAL RTO - OR6( 07-NOV-2017 ),19,PRIVATE SERVICE VEHICLE,0,0,1,0,0,0,0,0,0,0,0,0,1
2023,Odisha,DHENKANAL RTO - OR6( 07-NOV-2017 ),20,PRIVATE SERVICE VEHICLE (INDIVIDUAL USE),0,0,0,1,0,0,0,0,0,0,0,0,1
2023,Odisha,DHENKANAL RTO - OR6( 07-NOV-2017 ),21,SEMI-TRAILER (COMMERCIAL),0,0,0,0,0,1,0,0,0,0,0,0,1
2023,Odisha,DHENKANAL RTO - OR6( 07-NOV-2017 ),22,THREE WHEELER (GOODS),4,2,0,3,3,5,3,2,1,3,5,1,32
2023,Odisha,DHENKANAL RTO - OR6( 07-NOV-2017 ),23,THREE WHEELER (PASSENGER),0,5,4,7,4,3,5,3,6,6,4,4,51
2023,Odisha,DHENKANAL RTO - OR6( 07-NOV-2017 ),24,TRACTOR (COMMERCIAL),0,1,3,1,0,0,2,4,3,1,2,0,17
2023,Odisha,DHENKANAL RTO - OR6( 07-NOV-2017 ),25,TRACTOR-TROLLEY(COMMERCIAL),0,1,2,0,0,0,0,1,0,1,0,0,5
2023,Odisha,GAJAPATI RTO - OR20( 07-NOV-2017 ),1,AGRICULTURAL TRACTOR,3,4,7,8,8,12,11,12,7,13,11,11,107
2023,Odisha,GAJAPATI RTO - OR20( 07-NOV-2017 ),2,BUS,0,0,1,0,0,1,0,0,0,31,0,0,33
2023,Odisha,GAJAPATI RTO - OR20( 07-NOV-2017 ),3,CRANE MOUNTED VEHICLE,0,0,4,0,0,0,0,0,0,0,0,1,5
2023,Odisha,GAJAPATI RTO - OR20( 07-NOV-2017 ),4,GOODS CARRIER,3,0,3,3,3,1,3,4,4,4,3,5,36
2023,Odisha,GAJAPATI RTO - OR20( 07-NOV-2017 ),5,M-CYCLE/SCOOTER,266,279,300,268,489,371,287,268,269,540,405,384,"4,126"
2023,Odisha,GAJAPATI RTO - OR20( 07-NOV-2017 ),6,MOPED,2,0,5,0,4,1,1,1,4,3,3,3,27
2023,Odisha,GAJAPATI RTO - OR20( 07-NOV-2017 ),7,MOTOR CAB,0,2,1,1,0,0,1,1,3,0,0,2,11
2023,Odisha,GAJAPATI RTO - OR20( 07-NOV-2017 ),8,MOTOR CAR,7,4,8,7,9,8,15,14,13,24,12,11,132
2023,Odisha,GAJAPATI RTO - OR20( 07-NOV-2017 ),9,MOTORISED CYCLE (CC > 25CC),19,16,26,31,23,31,15,14,18,29,13,9,244
2023,Odisha,GAJAPATI RTO - OR20( 07-NOV-2017 ),10,PRIVATE SERVICE VEHICLE,0,1,0,0,0,0,0,0,0,0,0,0,1
2023,Odisha,GAJAPATI RTO - OR20( 07-NOV-2017 ),11,THREE WHEELER (GOODS),0,1,2,2,2,0,2,2,3,5,2,0,21
2023,Odisha,GAJAPATI RTO - OR20( 07-NOV-2017 ),12,THREE WHEELER (PASSENGER),4,2,4,3,8,9,7,7,7,12,10,3,76
2023,Odisha,GAJAPATI RTO - OR20( 07-NOV-2017 ),13,TRACTOR (COMMERCIAL),6,6,7,4,5,3,4,3,0,5,9,3,55
2023,Odisha,GAJAPATI RTO - OR20( 07-NOV-2017 ),14,TRAILER (COMMERCIAL),0,6,8,3,3,4,5,3,2,8,6,5,53
2023,Odisha,GANJAM RTO - OR7( 04-DEC-2017 ),1,ADAPTED VEHICLE,0,0,0,1,0,0,0,0,0,0,0,0,1
2023,Odisha,GANJAM RTO - OR7( 04-DEC-2017 ),2,AGRICULTURAL TRACTOR,21,40,34,36,61,61,78,77,64,35,40,63,610
2023,Odisha,GANJAM RTO - OR7( 04-DEC-2017 ),3,AMBULANCE,3,0,1,2,0,0,0,2,0,0,0,0,8
2023,Odisha,GANJAM RTO - OR7( 04-DEC-2017 ),4,ARTICULATED VEHICLE,0,1,0,0,0,0,0,0,1,0,0,0,2
2023,Odisha,GANJAM RTO - OR7( 04-DEC-2017 ),5,BUS,2,3,5,3,7,3,2,1,7,1,3,5,42
2023,Odisha,GANJAM RTO - OR7( 04-DEC-2017 ),6,CONSTRUCTION EQUIPMENT VEHICLE,5,2,5,1,5,4,1,3,3,2,4,3,38
2023,Odisha,GANJAM RTO - OR7( 04-DEC-2017 ),7,CRANE MOUNTED VEHICLE,0,0,2,1,2,1,1,0,1,0,0,0,8
2023,Odisha,GANJAM RTO - OR7( 04-DEC-2017 ),8,EDUCATIONAL INSTITUTION BUS,2,0,0,3,0,2,3,1,5,4,5,4,29
2023,Odisha,GANJAM RTO - OR7( 04-DEC-2017 ),9,E-RICKSHAW(P),7,4,4,3,1,1,1,1,0,0,3,2,27
2023,Odisha,GANJAM RTO - OR7( 04-DEC-2017 ),10,E-RICKSHAW WITH CART (G),2,0,5,3,6,1,2,3,8,4,1,3,38
2023,Odisha,GANJAM RTO - OR7( 04-DEC-2017 ),11,GOODS CARRIER,90,86,93,91,73,60,50,73,72,103,92,95,978
2023,Odisha,GANJAM RTO - OR7( 04-DEC-2017 ),12,MAXI CAB,0,1,2,1,1,0,0,1,0,0,1,0,7
2023,Odisha,GANJAM RTO - OR7( 04-DEC-2017 ),13,M-CYCLE/SCOOTER,"2,074","2,491","2,717","2,309","2,729","2,204","2,267","1,891","2,456","3,509","3,273","2,283","30,203"
2023,Odisha,GANJAM RTO - OR7( 04-DEC-2017 ),14,M-CYCLE/SCOOTER-WITH SIDE CAR,1,1,0,0,0,0,0,0,0,2,0,0,4
2023,Odisha,GANJAM RTO - OR7( 04-DEC-2017 ),15,MOPED,119,123,174,165,175,115,131,110,139,178,243,183,"1,855"
2023,Odisha,GANJAM RTO - OR7( 04-DEC-2017 ),16,MOTOR CAB,10,5,13,13,10,9,27,9,15,4,12,12,139
2023,Odisha,GANJAM RTO - OR7( 04-DEC-2017 ),17,MOTOR CAR,161,124,143,145,147,147,127,143,138,172,154,143,"1,744"
2023,Odisha,GANJAM RTO - OR7( 04-DEC-2017 ),18,MOTORISED CYCLE (CC > 25CC),197,232,329,363,326,280,218,145,180,195,370,177,"3,012"
2023,Odisha,GANJAM RTO - OR7( 04-DEC-2017 ),19,OMNI BUS,2,3,2,1,0,1,2,0,1,1,1,2,16
2023,Odisha,GANJAM RTO - OR7( 04-DEC-2017 ),20,OMNI BUS (PRIVATE USE),0,0,0,0,2,3,3,0,1,1,2,3,15
2023,Odisha,GANJAM RTO - OR7( 04-DEC-2017 ),21,PRIVATE SERVICE VEHICLE,0,0,1,0,0,0,0,0,1,0,0,0,2
2023,Odisha,GANJAM RTO - OR7( 04-DEC-2017 ),22,THREE WHEELER (GOODS),28,12,43,27,22,23,27,33,31,34,43,36,359
2023,Odisha,GANJAM RTO - OR7( 04-DEC-2017 ),23,THREE WHEELER (PASSENGER),31,41,32,51,48,55,78,75,67,80,72,62,692
2023,Odisha,GANJAM RTO - OR7( 04-DEC-2017 ),24,TRACTOR (COMMERCIAL),2,0,3,2,1,1,1,1,0,0,0,0,11
2023,Odisha,GANJAM RTO - OR7( 04-DEC-2017 ),25,TRAILER (COMMERCIAL),6,5,2,0,3,4,2,6,14,4,5,0,51
2023,Odisha,JAGATSINGHPUR RTO - OR21( 04-DEC-2017 ),1,AGRICULTURAL TRACTOR,22,23,17,23,31,30,52,30,29,30,39,28,354
2023,Odisha,JAGATSINGHPUR RTO - OR21( 04-DEC-2017 ),2,AMBULANCE,0,0,0,0,0,0,3,0,0,0,0,0,3
2023,Odisha,JAGATSINGHPUR RTO - OR21( 04-DEC-2017 ),3,ARTICULATED VEHICLE,0,0,0,0,0,0,0,0,0,2,0,0,2
2023,Odisha,JAGATSINGHPUR RTO - OR21( 04-DEC-2017 ),4,BUS,0,0,0,0,0,0,0,0,1,0,0,0,1
2023,Odisha,JAGATSINGHPUR RTO - OR21( 04-DEC-2017 ),5,CONSTRUCTION EQUIPMENT VEHICLE,3,4,7,5,0,5,2,5,2,6,2,4,45
2023,Odisha,JAGATSINGHPUR RTO - OR21( 04-DEC-2017 ),6,CRANE MOUNTED VEHICLE,0,4,0,1,0,1,1,2,4,0,0,0,13
2023,Odisha,JAGATSINGHPUR RTO - OR21( 04-DEC-2017 ),7,EARTH MOVING EQUIPMENT,0,0,0,2,0,0,0,0,0,0,0,0,2
2023,Odisha,JAGATSINGHPUR RTO - OR21( 04-DEC-2017 ),8,EDUCATIONAL INSTITUTION BUS,0,0,0,0,0,0,0,0,0,1,0,0,1
2023,Odisha,JAGATSINGHPUR RTO - OR21( 04-DEC-2017 ),9,FIRE TENDERS,0,0,0,0,0,1,0,0,0,1,0,0,2
2023,Odisha,JAGATSINGHPUR RTO - OR21( 04-DEC-2017 ),10,GOODS CARRIER,20,26,16,15,19,19,14,10,12,23,19,28,221
2023,Odisha,JAGATSINGHPUR RTO - OR21( 04-DEC-2017 ),11,HARVESTER,1,0,0,0,0,0,0,0,0,0,0,0,1
2023,Odisha,JAGATSINGHPUR RTO - OR21( 04-DEC-2017 ),12,MAXI CAB,1,0,1,0,1,0,0,0,0,0,0,0,3
2023,Odisha,JAGATSINGHPUR RTO - OR21( 04-DEC-2017 ),13,M-CYCLE/SCOOTER,906,799,809,834,809,948,822,617,"1,085","1,570","1,395","1,014","11,608"
2023,Odisha,JAGATSINGHPUR RTO - OR21( 04-DEC-2017 ),14,MOPED,13,21,5,8,2,5,15,12,22,36,19,11,169
2023,Odisha,JAGATSINGHPUR RTO - OR21( 04-DEC-2017 ),15,MOTOR CAB,2,2,1,1,0,0,1,0,1,0,0,0,8
2023,Odisha,JAGATSINGHPUR RTO - OR21( 04-DEC-2017 ),16,MOTOR CAR,3,3,6,6,4,11,5,9,6,10,4,12,79
2023,Odisha,JAGATSINGHPUR RTO - OR21( 04-DEC-2017 ),17,PRIVATE SERVICE VEHICLE,0,0,1,1,0,0,0,0,0,0,0,0,2
2023,Odisha,JAGATSINGHPUR RTO - OR21( 04-DEC-2017 ),18,THREE WHEELER (GOODS),2,3,5,3,2,0,0,3,0,7,4,5,34
2023,Odisha,JAGATSINGHPUR RTO - OR21( 04-DEC-2017 ),19,THREE WHEELER (PASSENGER),3,3,8,2,0,1,4,6,2,2,8,2,41
2023,Odisha,JAGATSINGHPUR RTO - OR21( 04-DEC-2017 ),20,TRACTOR (COMMERCIAL),9,3,5,5,10,2,5,8,2,0,1,3,53
2023,Odisha,JAGATSINGHPUR RTO - OR21( 04-DEC-2017 ),21,TRAILER (COMMERCIAL),8,17,6,13,9,3,8,1,11,5,6,8,95
2023,Odisha,JAJPUR RTO - OR34( 23-OCT-2017 ),1,AGRICULTURAL TRACTOR,9,16,33,26,36,33,36,39,43,30,46,28,375
2023,Odisha,JAJPUR RTO - OR34( 23-OCT-2017 ),2,AMBULANCE,0,1,0,0,0,0,0,0,1,0,0,0,2
2023,Odisha,JAJPUR RTO - OR34( 23-OCT-2017 ),3,ARTICULATED VEHICLE,1,0,0,0,0,0,0,7,5,12,2,5,32
2023,Odisha,JAJPUR RTO - OR34( 23-OCT-2017 ),4,BUS,0,0,1,0,0,0,0,0,0,0,0,0,1
2023,Odisha,JAJPUR RTO - OR34( 23-OCT-2017 ),5,CONSTRUCTION EQUIPMENT VEHICLE,5,11,3,4,3,3,18,1,0,5,10,5,68
2023,Odisha,JAJPUR RTO - OR34( 23-OCT-2017 ),6,CRANE MOUNTED VEHICLE,3,3,2,3,3,5,3,2,3,2,4,3,36
2023,Odisha,JAJPUR RTO - OR34( 23-OCT-2017 ),7,EARTH MOVING EQUIPMENT,0,0,0,0,0,0,0,0,0,0,2,0,2
2023,Odisha,JAJPUR RTO - OR34( 23-OCT-2017 ),8,EDUCATIONAL INSTITUTION BUS,0,0,1,3,2,2,6,0,1,0,0,0,15
2023,Odisha,JAJPUR RTO - OR34( 23-OCT-2017 ),9,E-RICKSHAW(P),0,1,0,0,0,0,0,0,0,0,0,0,1
2023,Odisha,JAJPUR RTO - OR34( 23-OCT-2017 ),10,E-RICKSHAW WITH CART (G),0,0,0,0,0,0,0,0,0,0,1,0,1
2023,Odisha,JAJPUR RTO - OR34( 23-OCT-2017 ),11,EXCAVATOR (COMMERCIAL),0,4,1,0,1,0,0,0,0,0,0,0,6
2023,Odisha,JAJPUR RTO - OR34( 23-OCT-2017 ),12,FORK LIFT,0,0,0,0,0,0,0,0,0,1,0,0,1
2023,Odisha,JAJPUR RTO - OR34( 23-OCT-2017 ),13,GOODS CARRIER,41,32,53,48,45,34,49,44,24,36,27,49,482
2023,Odisha,JAJPUR RTO - OR34( 23-OCT-2017 ),14,MAXI CAB,3,3,2,4,4,3,5,4,1,1,4,6,40
2023,Odisha,JAJPUR RTO - OR34( 23-OCT-2017 ),15,M-CYCLE/SCOOTER,"1,571","1,376","1,690","1,321","1,312","1,483","1,244","1,118","1,549","2,231","2,447","1,678","19,020"
2023,Odisha,JAJPUR RTO - OR34( 23-OCT-2017 ),16,MOPED,9,12,9,8,5,2,10,4,5,11,14,13,102
2023,Odisha,JAJPUR RTO - OR34( 23-OCT-2017 ),17,MOTOR CAB,15,5,9,17,11,7,10,7,4,32,6,15,138
2023,Odisha,JAJPUR RTO - OR34( 23-OCT-2017 ),18,MOTOR CAR,30,26,47,24,47,33,39,41,43,61,59,68,518
2023,Odisha,JAJPUR RTO - OR34( 23-OCT-2017 ),19,MOTORISED CYCLE (CC > 25CC),1,8,4,4,13,5,4,7,9,22,44,72,193
2023,Odisha,JAJPUR RTO - OR34( 23-OCT-2017 ),20,OMNI BUS,4,1,11,5,5,6,5,6,9,9,9,8,78
2023,Odisha,JAJPUR RTO - OR34( 23-OCT-2017 ),21,PRIVATE SERVICE VEHICLE,1,0,0,1,0,1,1,0,0,0,1,0,5
2023,Odisha,JAJPUR RTO - OR34( 23-OCT-2017 ),22,THREE WHEELER (GOODS),17,15,27,22,27,10,11,13,23,20,18,22,225
2023,Odisha,JAJPUR RTO - OR34( 23-OCT-2017 ),23,THREE WHEELER (PASSENGER),10,16,15,13,21,20,17,21,17,31,26,23,230
2023,Odisha,JAJPUR RTO - OR34( 23-OCT-2017 ),24,TRACTOR (COMMERCIAL),4,0,3,2,4,3,1,1,1,0,1,0,20
2023,Odisha,JAJPUR RTO - OR34( 23-OCT-2017 ),25,TRACTOR-TROLLEY(COMMERCIAL),0,0,5,3,2,1,2,0,0,0,0,0,13
2023,Odisha,JHARSUGUDA RTO - OR23( 07-NOV-2017 ),1,AGRICULTURAL TRACTOR,9,10,16,4,22,20,38,18,13,11,12,23,196
2023,Odisha,JHARSUGUDA RTO - OR23( 07-NOV-2017 ),2,AMBULANCE,0,0,0,0,0,0,0,0,0,0,1,0,1
2023,Odisha,JHARSUGUDA RTO - OR23( 07-NOV-2017 ),3,ARMOURED/SPECIALISED VEHICLE,0,0,1,0,0,0,0,0,0,0,0,0,1
2023,Odisha,JHARSUGUDA RTO - OR23( 07-NOV-2017 ),4,ARTICULATED VEHICLE,26,4,15,16,14,3,105,64,37,44,23,59,410
2023,Odisha,JHARSUGUDA RTO - OR23( 07-NOV-2017 ),5,BUS,1,2,1,2,3,1,1,2,1,0,1,2,17
2023,Odisha,JHARSUGUDA RTO - OR23( 07-NOV-2017 ),6,CONSTRUCTION EQUIPMENT VEHICLE,17,16,19,25,25,22,20,11,14,11,14,15,209
2023,Odisha,JHARSUGUDA RTO - OR23( 07-NOV-2017 ),7,CRANE MOUNTED VEHICLE,9,1,6,6,4,3,6,4,4,4,6,6,59
2023,Odisha,JHARSUGUDA RTO - OR23( 07-NOV-2017 ),8,EARTH MOVING EQUIPMENT,0,0,2,3,0,0,0,0,0,0,0,0,5
2023,Odisha,JHARSUGUDA RTO - OR23( 07-NOV-2017 ),9,EDUCATIONAL INSTITUTION BUS,1,0,3,3,0,0,0,2,2,0,2,0,13
2023,Odisha,JHARSUGUDA RTO - OR23( 07-NOV-2017 ),10,E-RICKSHAW(P),6,6,2,3,2,2,4,0,1,2,4,11,43
2023,Odisha,JHARSUGUDA RTO - OR23( 07-NOV-2017 ),11,E-RICKSHAW WITH CART (G),2,2,0,0,2,0,1,2,0,1,3,1,14
2023,Odisha,JHARSUGUDA RTO - OR23( 07-NOV-2017 ),12,EXCAVATOR (NT),0,0,2,2,9,0,2,2,1,3,1,3,25
2023,Odisha,JHARSUGUDA RTO - OR23( 07-NOV-2017 ),13,FORK LIFT,1,2,0,0,8,1,3,5,1,1,1,0,23
2023,Odisha,JHARSUGUDA RTO - OR23( 07-NOV-2017 ),14,GOODS CARRIER,59,88,100,72,84,80,94,95,96,80,113,121,"1,082"
2023,Odisha,JHARSUGUDA RTO - OR23( 07-NOV-2017 ),15,MAXI CAB,3,2,0,1,2,2,2,1,1,2,5,1,22
2023,Odisha,JHARSUGUDA RTO - OR23( 07-NOV-2017 ),16,M-CYCLE/SCOOTER,830,781,892,722,798,783,693,726,897,"1,158","1,434",954,"10,668"
2023,Odisha,JHARSUGUDA RTO - OR23( 07-NOV-2017 ),17,MOPED,59,50,67,45,50,42,61,46,88,87,115,92,802
2023,Odisha,JHARSUGUDA RTO - OR23( 07-NOV-2017 ),18,MOTOR CAB,7,11,13,14,13,11,18,13,16,8,17,18,159
2023,Odisha,JHARSUGUDA RTO - OR23( 07-NOV-2017 ),19,MOTOR CAR,134,120,121,113,120,122,128,147,148,171,196,145,"1,665"
2023,Odisha,JHARSUGUDA RTO - OR23( 07-NOV-2017 ),20,OMNI BUS,3,3,3,1,2,1,5,6,3,4,19,8,58
2023,Odisha,JHARSUGUDA RTO - OR23( 07-NOV-2017 ),21,OMNI BUS (PRIVATE USE),0,0,0,0,0,0,2,2,0,3,1,0,8
2023,Odisha,JHARSUGUDA RTO - OR23( 07-NOV-2017 ),22,PRIVATE SERVICE VEHICLE,0,1,0,0,1,0,1,0,0,0,1,0,4
2023,Odisha,JHARSUGUDA RTO - OR23( 07-NOV-2017 ),23,SNORKED LADDERS,0,0,0,0,0,0,0,0,0,0,1,0,1
2023,Odisha,JHARSUGUDA RTO - OR23( 07-NOV-2017 ),24,THREE WHEELER (GOODS),3,14,6,6,5,3,3,5,4,10,13,8,80
2023,Odisha,JHARSUGUDA RTO - OR23( 07-NOV-2017 ),25,THREE WHEELER (PASSENGER),11,14,10,9,9,12,15,14,14,16,16,9,149
2023,Odisha,KALAHANDI RTO - OR8( 23-OCT-2017 ),1,AGRICULTURAL TRACTOR,67,30,44,47,59,86,116,78,55,29,60,74,745
2023,Odisha,KALAHANDI RTO - OR8( 23-OCT-2017 ),2,AMBULANCE,1,0,0,0,0,1,0,0,0,0,0,0,2
2023,Odisha,KALAHANDI RTO - OR8( 23-OCT-2017 ),3,BUS,3,4,0,2,2,1,1,0,0,54,0,1,68
2023,Odisha,KALAHANDI RTO - OR8( 23-OCT-2017 ),4,CONSTRUCTION EQUIPMENT VEHICLE,11,16,11,8,17,10,4,11,5,11,26,10,140
2023,Odisha,KALAHANDI RTO - OR8( 23-OCT-2017 ),5,CRANE MOUNTED VEHICLE,0,0,0,0,1,0,1,0,0,0,0,0,2
2023,Odisha,KALAHANDI RTO - OR8( 23-OCT-2017 ),6,EDUCATIONAL INSTITUTION BUS,0,2,3,1,0,3,6,1,0,1,0,1,18
2023,Odisha,KALAHANDI RTO - OR8( 23-OCT-2017 ),7,E-RICKSHAW WITH CART (G),0,0,1,0,0,0,0,0,0,0,0,2,3
2023,Odisha,KALAHANDI RTO - OR8( 23-OCT-2017 ),8,FORK LIFT,0,0,1,0,0,0,0,0,0,0,0,0,1
2023,Odisha,KALAHANDI RTO - OR8( 23-OCT-2017 ),9,GOODS CARRIER,52,48,50,39,36,58,30,42,62,68,94,73,652
2023,Odisha,KALAHANDI RTO - OR8( 23-OCT-2017 ),10,MAXI CAB,17,7,11,11,6,5,2,0,1,1,3,0,64
2023,Odisha,KALAHANDI RTO - OR8( 23-OCT-2017 ),11,M-CYCLE/SCOOTER,"2,035","2,913","2,519","1,678","1,458","1,072",940,783,"1,218","1,352","1,401","1,129","18,498"
2023,Odisha,KALAHANDI RTO - OR8( 23-OCT-2017 ),12,MOPED,71,74,77,54,41,47,39,34,27,37,56,49,606
2023,Odisha,KALAHANDI RTO - OR8( 23-OCT-2017 ),13,MOTOR CAB,1,1,1,5,0,11,6,11,9,6,9,12,72
2023,Odisha,KALAHANDI RTO - OR8( 23-OCT-2017 ),14,MOTOR CAR,110,90,98,72,64,65,74,94,75,116,86,110,"1,054"
2023,Odisha,KALAHANDI RTO - OR8( 23-OCT-2017 ),15,MOTORISED CYCLE (CC > 25CC),0,0,0,0,0,0,0,1,0,0,0,0,1
2023,Odisha,KALAHANDI RTO - OR8( 23-OCT-2017 ),16,OMNI BUS,0,1,2,0,0,2,1,2,2,1,0,1,12
2023,Odisha,KALAHANDI RTO - OR8( 23-OCT-2017 ),17,OMNI BUS (PRIVATE USE),0,0,0,0,2,2,0,2,0,1,2,0,9
2023,Odisha,KALAHANDI RTO - OR8( 23-OCT-2017 ),18,ROAD ROLLER,0,0,1,0,0,0,0,0,0,0,0,0,1
2023,Odisha,KALAHANDI RTO - OR8( 23-OCT-2017 ),19,THREE WHEELER (GOODS),5,7,3,4,3,7,4,4,5,4,4,6,56
2023,Odisha,KALAHANDI RTO - OR8( 23-OCT-2017 ),20,THREE WHEELER (PASSENGER),26,39,33,26,23,28,19,20,21,44,34,15,328
2023,Odisha,KALAHANDI RTO - OR8( 23-OCT-2017 ),21,TRACTOR (COMMERCIAL),1,1,1,1,3,1,2,0,0,0,0,4,14
2023,Odisha,KALAHANDI RTO - OR8( 23-OCT-2017 ),22,TRACTOR-TROLLEY(COMMERCIAL),0,1,0,2,1,1,0,0,1,0,0,0,6
2023,Odisha,KALAHANDI RTO - OR8( 23-OCT-2017 ),23,TRAILER (COMMERCIAL),3,3,6,0,4,3,2,6,5,4,5,2,43
2023,Odisha,KENDRAPARA RTO - OR29( 23-OCT-2017 ),1,AGRICULTURAL TRACTOR,19,28,35,21,40,49,59,66,28,23,34,29,431
2023,Odisha,KENDRAPARA RTO - OR29( 23-OCT-2017 ),2,ARTICULATED VEHICLE,0,0,0,0,1,0,0,0,0,0,0,1,2
2023,Odisha,KENDRAPARA RTO - OR29( 23-OCT-2017 ),3,BUS,1,0,0,1,0,0,1,0,0,0,1,0,4
2023,Odisha,KENDRAPARA RTO - OR29( 23-OCT-2017 ),4,CONSTRUCTION EQUIPMENT VEHICLE,2,2,3,0,3,1,2,2,4,3,3,11,36
2023,Odisha,KENDRAPARA RTO - OR29( 23-OCT-2017 ),5,CRANE MOUNTED VEHICLE,3,1,0,2,0,0,0,0,0,2,0,0,8
2023,Odisha,KENDRAPARA RTO - OR29( 23-OCT-2017 ),6,EDUCATIONAL INSTITUTION BUS,0,0,0,0,1,0,0,0,0,0,0,0,1
2023,Odisha,KENDRAPARA RTO - OR29( 23-OCT-2017 ),7,E-RICKSHAW(P),0,0,0,0,1,0,0,0,1,0,0,1,3
2023,Odisha,KENDRAPARA RTO - OR29( 23-OCT-2017 ),8,E-RICKSHAW WITH CART (G),0,0,1,0,0,0,0,0,0,0,0,0,1
2023,Odisha,KENDRAPARA RTO - OR29( 23-OCT-2017 ),9,GOODS CARRIER,42,42,48,26,30,29,39,39,48,54,51,91,539
2023,Odisha,KENDRAPARA RTO - OR29( 23-OCT-2017 ),10,MAXI CAB,0,2,0,0,1,2,1,3,2,0,2,0,13
2023,Odisha,KENDRAPARA RTO - OR29( 23-OCT-2017 ),11,M-CYCLE/SCOOTER,"1,051",947,"1,165","1,010",912,"1,130",875,788,"1,015","1,629","1,634","1,140","13,296"
2023,Odisha,KENDRAPARA RTO - OR29( 23-OCT-2017 ),12,MOPED,27,26,30,26,23,18,20,17,26,29,38,19,299
2023,Odisha,KENDRAPARA RTO - OR29( 23-OCT-2017 ),13,MOTOR CAB,5,0,1,1,1,3,1,4,4,7,2,1,30
2023,Odisha,KENDRAPARA RTO - OR29( 23-OCT-2017 ),14,MOTOR CAR,12,6,14,6,13,10,6,8,2,9,9,12,107
2023,Odisha,KENDRAPARA RTO - OR29( 23-OCT-2017 ),15,MOTORISED CYCLE (CC > 25CC),0,0,0,0,0,0,0,0,0,0,0,1,1
2023,Odisha,KENDRAPARA RTO - OR29( 23-OCT-2017 ),16,OMNI BUS,0,0,0,1,0,0,1,0,2,1,0,0,5
2023,Odisha,KENDRAPARA RTO - OR29( 23-OCT-2017 ),17,PRIVATE SERVICE VEHICLE,0,0,0,0,5,0,0,0,0,0,0,0,5
2023,Odisha,KENDRAPARA RTO - OR29( 23-OCT-2017 ),18,THREE WHEELER (GOODS),10,20,23,24,19,17,26,20,25,38,30,27,279
2023,Odisha,KENDRAPARA RTO - OR29( 23-OCT-2017 ),19,THREE WHEELER (PASSENGER),30,23,23,14,21,31,18,32,30,28,34,35,319
2023,Odisha,KENDRAPARA RTO - OR29( 23-OCT-2017 ),20,TRACTOR (COMMERCIAL),6,8,7,5,3,5,3,3,4,5,6,14,69
2023,Odisha,KENDRAPARA RTO - OR29( 23-OCT-2017 ),21,TRACTOR-TROLLEY(COMMERCIAL),0,0,0,0,0,0,0,0,0,0,0,1,1
2023,Odisha,KENDRAPARA RTO - OR29( 23-OCT-2017 ),22,TRAILER (COMMERCIAL),8,16,10,6,7,7,5,2,3,3,9,16,92
2023,Odisha,KEONJHAR RTO - OR9( 04-DEC-2017 ),1,AGRICULTURAL TRACTOR,24,37,35,46,55,79,114,52,37,31,53,74,637
2023,Odisha,KEONJHAR RTO - OR9( 04-DEC-2017 ),2,AMBULANCE,10,0,3,0,1,0,0,0,1,0,1,0,16
2023,Odisha,KEONJHAR RTO - OR9( 04-DEC-2017 ),3,ARMOURED/SPECIALISED VEHICLE,0,0,0,2,0,0,0,0,0,0,0,0,2
2023,Odisha,KEONJHAR RTO - OR9( 04-DEC-2017 ),4,ARTICULATED VEHICLE,1,2,6,11,11,13,25,12,8,5,7,14,115
2023,Odisha,KEONJHAR RTO - OR9( 04-DEC-2017 ),5,BUS,3,2,4,3,1,2,1,1,1,1,0,0,19
2023,Odisha,KEONJHAR RTO - OR9( 04-DEC-2017 ),6,CONSTRUCTION EQUIPMENT VEHICLE,2,10,2,16,5,6,3,5,3,3,12,5,72
2023,Odisha,KEONJHAR RTO - OR9( 04-DEC-2017 ),7,CRANE MOUNTED VEHICLE,2,1,0,0,1,0,1,0,0,1,0,1,7
2023,Odisha,KEONJHAR RTO - OR9( 04-DEC-2017 ),8,EDUCATIONAL INSTITUTION BUS,0,1,1,1,0,2,3,0,1,2,0,0,11
2023,Odisha,KEONJHAR RTO - OR9( 04-DEC-2017 ),9,GOODS CARRIER,81,67,131,67,72,64,65,92,74,105,107,125,"1,050"
2023,Odisha,KEONJHAR RTO - OR9( 04-DEC-2017 ),10,MAXI CAB,2,1,3,1,0,2,0,3,2,2,1,1,18
2023,Odisha,KEONJHAR RTO - OR9( 04-DEC-2017 ),11,M-CYCLE/SCOOTER,"1,471","1,173","1,300","1,149","1,288","1,326","1,101","1,040","1,582","2,267","1,733","1,408","16,838"
2023,Odisha,KEONJHAR RTO - OR9( 04-DEC-2017 ),12,M-CYCLE/SCOOTER-WITH SIDE CAR,0,1,0,0,0,0,0,0,0,3,0,1,5
2023,Odisha,KEONJHAR RTO - OR9( 04-DEC-2017 ),13,MOPED,8,6,17,2,4,0,0,0,0,0,1,0,38
2023,Odisha,KEONJHAR RTO - OR9( 04-DEC-2017 ),14,MOTOR CAB,12,8,9,8,8,7,9,5,8,8,10,9,101
2023,Odisha,KEONJHAR RTO - OR9( 04-DEC-2017 ),15,MOTOR CAR,39,48,51,56,46,49,56,49,49,74,60,62,639
2023,Odisha,KEONJHAR RTO - OR9( 04-DEC-2017 ),16,MOTORISED CYCLE (CC > 25CC),0,0,2,0,1,0,0,1,0,0,0,1,5
2023,Odisha,KEONJHAR RTO - OR9( 04-DEC-2017 ),17,OMNI BUS,4,1,0,0,0,2,2,0,0,1,2,1,13
2023,Odisha,KEONJHAR RTO - OR9( 04-DEC-2017 ),18,OMNI BUS (PRIVATE USE),0,0,0,0,0,1,0,0,0,0,0,0,1
2023,Odisha,KEONJHAR RTO - OR9( 04-DEC-2017 ),19,THREE WHEELER (GOODS),24,16,25,17,20,24,35,22,38,51,49,33,354
2023,Odisha,KEONJHAR RTO - OR9( 04-DEC-2017 ),20,THREE WHEELER (PASSENGER),41,59,48,28,43,30,27,44,45,74,62,52,553
2023,Odisha,KEONJHAR RTO - OR9( 04-DEC-2017 ),21,TRACTOR (COMMERCIAL),4,5,7,4,8,7,6,10,7,8,7,6,79
2023,Odisha,KEONJHAR RTO - OR9( 04-DEC-2017 ),22,TRAILER (COMMERCIAL),7,14,8,16,8,2,7,11,4,8,27,15,127
2023,Odisha,KHORDHA ARTO - OR201( 20-JAN-2018 ),1,AGRICULTURAL TRACTOR,17,20,19,33,29,24,42,22,25,30,25,22,308
2023,Odisha,KHORDHA ARTO - OR201( 20-JAN-2018 ),2,AMBULANCE,0,0,0,0,0,0,1,0,0,0,0,0,1
2023,Odisha,KHORDHA ARTO - OR201( 20-JAN-2018 ),3,ARTICULATED VEHICLE,0,0,1,0,0,0,0,0,0,0,0,0,1
2023,Odisha,KHORDHA ARTO - OR201( 20-JAN-2018 ),4,BUS,1,1,1,2,0,0,0,0,3,1,4,0,13
2023,Odisha,KHORDHA ARTO - OR201( 20-JAN-2018 ),5,CONSTRUCTION EQUIPMENT VEHICLE,0,1,5,2,1,2,0,2,0,2,2,2,19
2023,Odisha,KHORDHA ARTO - OR201( 20-JAN-2018 ),6,CRANE MOUNTED VEHICLE,0,2,0,0,0,1,1,0,0,1,0,0,5
2023,Odisha,KHORDHA ARTO - OR201( 20-JAN-2018 ),7,DUMPER,0,0,0,3,0,0,0,0,0,0,0,0,3
2023,Odisha,KHORDHA ARTO - OR201( 20-JAN-2018 ),8,EARTH MOVING EQUIPMENT,0,0,0,0,0,1,2,0,0,0,0,0,3
2023,Odisha,KHORDHA ARTO - OR201( 20-JAN-2018 ),9,EDUCATIONAL INSTITUTION BUS,3,0,1,0,0,0,1,2,3,3,1,4,18
2023,Odisha,KHORDHA ARTO - OR201( 20-JAN-2018 ),10,E-RICKSHAW(P),0,1,4,1,1,0,0,3,3,2,0,0,15
2023,Odisha,KHORDHA ARTO - OR201( 20-JAN-2018 ),11,E-RICKSHAW WITH CART (G),3,2,5,3,4,1,4,14,28,22,31,1,118
2023,Odisha,KHORDHA ARTO - OR201( 20-JAN-2018 ),12,EXCAVATOR (NT),0,2,2,0,0,0,0,0,0,0,0,0,4
2023,Odisha,KHORDHA ARTO - OR201( 20-JAN-2018 ),13,GOODS CARRIER,38,28,33,30,31,20,29,21,18,33,37,27,345
2023,Odisha,KHORDHA ARTO - OR201( 20-JAN-2018 ),14,HEARSES,0,0,0,0,0,0,1,0,0,0,1,0,2
2023,Odisha,KHORDHA ARTO - OR201( 20-JAN-2018 ),15,M-CYCLE/SCOOTER,298,263,317,268,311,282,283,258,322,523,354,300,"3,779"
2023,Odisha,KHORDHA ARTO - OR201( 20-JAN-2018 ),16,M-CYCLE/SCOOTER-WITH SIDE CAR,0,1,0,0,0,0,0,0,0,0,0,0,1
2023,Odisha,KHORDHA ARTO - OR201( 20-JAN-2018 ),17,MOPED,4,1,5,8,5,7,7,0,1,3,3,2,46
2023,Odisha,KHORDHA ARTO - OR201( 20-JAN-2018 ),18,MOTOR CAB,5,4,2,3,3,2,4,3,3,5,7,2,43
2023,Odisha,KHORDHA ARTO - OR201( 20-JAN-2018 ),19,MOTOR CAR,31,12,16,22,28,18,18,17,26,30,17,17,252
2023,Odisha,KHORDHA ARTO - OR201( 20-JAN-2018 ),20,MOTORISED CYCLE (CC > 25CC),1,0,0,0,0,0,0,0,0,0,0,0,1
2023,Odisha,KHORDHA ARTO - OR201( 20-JAN-2018 ),21,OMNI BUS,0,0,2,0,0,0,0,2,0,2,1,0,7
2023,Odisha,KHORDHA ARTO - OR201( 20-JAN-2018 ),22,PRIVATE SERVICE VEHICLE,0,0,0,4,0,0,0,0,0,0,0,0,4
2023,Odisha,KHORDHA ARTO - OR201( 20-JAN-2018 ),23,THREE WHEELER (GOODS),8,5,11,4,4,2,4,4,9,14,14,4,83
2023,Odisha,KHORDHA ARTO - OR201( 20-JAN-2018 ),24,THREE WHEELER (PASSENGER),10,10,12,8,8,6,16,17,20,8,28,12,155
2023,Odisha,KHORDHA ARTO - OR201( 20-JAN-2018 ),25,TRACTOR (COMMERCIAL),0,0,3,2,2,4,0,3,5,2,4,5,30
2023,Odisha,KORAPUT RTO - OR10( 25-DEC-2017 ),1,AGRICULTURAL TRACTOR,29,23,20,19,37,46,53,19,20,29,45,42,382
2023,Odisha,KORAPUT RTO - OR10( 25-DEC-2017 ),2,AMBULANCE,2,2,0,0,0,0,0,0,0,1,0,1,6
2023,Odisha,KORAPUT RTO - OR10( 25-DEC-2017 ),3,BUS,2,1,1,1,1,7,1,1,0,5,4,40,64
2023,Odisha,KORAPUT RTO - OR10( 25-DEC-2017 ),4,CONSTRUCTION EQUIPMENT VEHICLE,2,3,5,9,4,2,6,8,1,3,0,3,46
2023,Odisha,KORAPUT RTO - OR10( 25-DEC-2017 ),5,CONSTRUCTION EQUIPMENT VEHICLE (COMMERCIAL),0,0,0,3,0,0,0,0,0,0,0,0,3
2023,Odisha,KORAPUT RTO - OR10( 25-DEC-2017 ),6,CRANE MOUNTED VEHICLE,0,2,6,2,0,0,0,2,1,1,0,0,14
2023,Odisha,KORAPUT RTO - OR10( 25-DEC-2017 ),7,DUMPER,16,0,17,0,16,6,4,2,0,0,0,0,61
2023,Odisha,KORAPUT RTO - OR10( 25-DEC-2017 ),8,EDUCATIONAL INSTITUTION BUS,0,0,0,3,1,0,1,1,0,1,0,0,7
2023,Odisha,KORAPUT RTO - OR10( 25-DEC-2017 ),9,E-RICKSHAW(P),1,0,0,0,1,0,0,0,0,0,0,0,2
2023,Odisha,KORAPUT RTO - OR10( 25-DEC-2017 ),10,E-RICKSHAW WITH CART (G),0,0,2,3,0,0,0,0,0,0,0,0,5
2023,Odisha,KORAPUT RTO - OR10( 25-DEC-2017 ),11,GOODS CARRIER,77,58,69,49,52,44,38,39,49,67,76,44,662
2023,Odisha,KORAPUT RTO - OR10( 25-DEC-2017 ),12,MAXI CAB,0,1,1,0,2,0,1,0,0,1,0,3,9
2023,Odisha,KORAPUT RTO - OR10( 25-DEC-2017 ),13,M-CYCLE/SCOOTER,"1,688","1,678","1,413","1,350","1,173","1,105","1,097","1,100","1,222","2,409","1,965","1,476","17,676"
2023,Odisha,KORAPUT RTO - OR10( 25-DEC-2017 ),14,M-CYCLE/SCOOTER-WITH SIDE CAR,0,0,1,0,0,0,0,0,0,0,0,0,1
2023,Odisha,KORAPUT RTO - OR10( 25-DEC-2017 ),15,MOPED,17,4,14,11,19,16,8,10,13,24,26,12,174
2023,Odisha,KORAPUT RTO - OR10( 25-DEC-2017 ),16,MOTOR CAB,8,4,13,7,6,5,11,14,4,2,5,4,83
2023,Odisha,KORAPUT RTO - OR10( 25-DEC-2017 ),17,MOTOR CAR,151,114,97,107,109,96,79,88,96,159,117,137,"1,350"
2023,Odisha,KORAPUT RTO - OR10( 25-DEC-2017 ),18,OMNI BUS,3,0,0,0,1,0,0,0,1,0,0,2,7
2023,Odisha,KORAPUT RTO - OR10( 25-DEC-2017 ),19,OMNI BUS (PRIVATE USE),0,0,0,0,0,0,1,0,0,2,1,0,4
2023,Odisha,KORAPUT RTO - OR10( 25-DEC-2017 ),20,RECOVERY VEHICLE,0,0,0,0,0,0,0,0,1,0,0,0,1
2023,Odisha,KORAPUT RTO - OR10( 25-DEC-2017 ),21,ROAD ROLLER,0,0,1,0,0,0,0,0,0,0,0,0,1
2023,Odisha,KORAPUT RTO - OR10( 25-DEC-2017 ),22,THREE WHEELER (GOODS),3,10,2,3,2,8,9,7,7,12,7,5,75
2023,Odisha,KORAPUT RTO - OR10( 25-DEC-2017 ),23,THREE WHEELER (PASSENGER),13,7,15,37,34,14,18,26,23,32,39,29,287
2023,Odisha,KORAPUT RTO - OR10( 25-DEC-2017 ),24,THREE WHEELER (PERSONAL),0,0,0,0,0,0,0,0,2,0,0,0,2
2023,Odisha,KORAPUT RTO - OR10( 25-DEC-2017 ),25,TRACTOR (COMMERCIAL),8,10,14,11,11,5,11,10,12,26,11,11,140
2023,Odisha,MALKANAGIRI RTO - OR30( 25-DEC-2017 ),1,AGRICULTURAL TRACTOR,20,12,12,28,55,35,49,36,24,26,28,25,350
2023,Odisha,MALKANAGIRI RTO - OR30( 25-DEC-2017 ),2,BUS,0,0,0,1,0,0,1,0,36,0,0,0,38
2023,Odisha,MALKANAGIRI RTO - OR30( 25-DEC-2017 ),3,CONSTRUCTION EQUIPMENT VEHICLE,0,1,4,1,1,0,0,0,0,0,2,5,14
2023,Odisha,MALKANAGIRI RTO - OR30( 25-DEC-2017 ),4,EDUCATIONAL INSTITUTION BUS,0,1,0,0,0,0,0,0,0,0,0,0,1
2023,Odisha,MALKANAGIRI RTO - OR30( 25-DEC-2017 ),5,E-RICKSHAW(P),0,1,1,2,1,0,0,0,0,0,0,0,5
2023,Odisha,MALKANAGIRI RTO - OR30( 25-DEC-2017 ),6,E-RICKSHAW WITH CART (G),1,0,2,12,0,0,0,0,0,0,0,0,15
2023,Odisha,MALKANAGIRI RTO - OR30( 25-DEC-2017 ),7,GOODS CARRIER,17,12,19,24,20,18,12,11,16,12,26,33,220
2023,Odisha,MALKANAGIRI RTO - OR30( 25-DEC-2017 ),8,MAXI CAB,0,0,2,0,0,0,0,0,1,1,0,1,5
2023,Odisha,MALKANAGIRI RTO - OR30( 25-DEC-2017 ),9,M-CYCLE/SCOOTER,610,642,576,417,546,490,405,335,420,751,642,576,"6,410"
2023,Odisha,MALKANAGIRI RTO - OR30( 25-DEC-2017 ),10,MOPED,0,0,0,0,2,5,4,2,3,3,1,9,29
2023,Odisha,MALKANAGIRI RTO - OR30( 25-DEC-2017 ),11,MOTOR CAB,1,0,4,1,1,4,5,2,1,3,3,4,29
2023,Odisha,MALKANAGIRI RTO - OR30( 25-DEC-2017 ),12,MOTOR CAR,28,28,32,23,39,27,30,41,37,43,32,22,382
2023,Odisha,MALKANAGIRI RTO - OR30( 25-DEC-2017 ),13,MOTORISED CYCLE (CC > 25CC),0,0,0,0,0,0,0,0,0,0,1,0,1
2023,Odisha,MALKANAGIRI RTO - OR30( 25-DEC-2017 ),14,ROAD ROLLER,0,0,0,0,0,0,0,0,0,0,0,1,1
2023,Odisha,MALKANAGIRI RTO - OR30( 25-DEC-2017 ),15,THREE WHEELER (GOODS),0,10,2,6,3,1,3,1,1,4,5,4,40
2023,Odisha,MALKANAGIRI RTO - OR30( 25-DEC-2017 ),16,THREE WHEELER (PASSENGER),12,11,14,12,27,20,23,13,24,19,24,10,209
2023,Odisha,MALKANAGIRI RTO - OR30( 25-DEC-2017 ),17,TRACTOR (COMMERCIAL),4,3,4,1,1,2,3,2,0,4,1,1,26
2023,Odisha,MALKANAGIRI RTO - OR30( 25-DEC-2017 ),18,TRAILER (COMMERCIAL),4,5,1,3,1,1,3,1,8,9,5,3,44
2023,Odisha,MAYURBHANJ RTO - OR11( 08-NOV-2017 ),1,AGRICULTURAL TRACTOR,19,16,29,38,52,34,74,55,26,36,33,49,461
2023,Odisha,MAYURBHANJ RTO - OR11( 08-NOV-2017 ),2,AMBULANCE,0,0,0,0,0,0,0,0,1,0,0,0,1
2023,Odisha,MAYURBHANJ RTO - OR11( 08-NOV-2017 ),3,BUS,0,1,1,0,1,1,0,1,3,3,1,2,14
2023,Odisha,MAYURBHANJ RTO - OR11( 08-NOV-2017 ),4,CONSTRUCTION EQUIPMENT VEHICLE,2,7,4,7,5,1,7,2,6,6,4,5,56
2023,Odisha,MAYURBHANJ RTO - OR11( 08-NOV-2017 ),5,CRANE MOUNTED VEHICLE,0,0,0,1,0,0,0,0,0,0,0,0,1
2023,Odisha,MAYURBHANJ RTO - OR11( 08-NOV-2017 ),6,EARTH MOVING EQUIPMENT,2,0,0,0,0,0,0,0,0,0,0,0,2
2023,Odisha,MAYURBHANJ RTO - OR11( 08-NOV-2017 ),7,EDUCATIONAL INSTITUTION BUS,1,0,1,1,1,1,1,0,0,0,0,0,6
2023,Odisha,MAYURBHANJ RTO - OR11( 08-NOV-2017 ),8,E-RICKSHAW(P),2,6,5,3,3,6,2,8,6,11,10,6,68
2023,Odisha,MAYURBHANJ RTO - OR11( 08-NOV-2017 ),9,E-RICKSHAW WITH CART (G),1,1,0,0,1,2,0,0,2,3,2,3,15
2023,Odisha,MAYURBHANJ RTO - OR11( 08-NOV-2017 ),10,GOODS CARRIER,25,37,35,29,21,27,23,22,39,32,42,41,373
2023,Odisha,MAYURBHANJ RTO - OR11( 08-NOV-2017 ),11,MAXI CAB,2,2,2,0,1,2,1,0,1,2,2,3,18
2023,Odisha,MAYURBHANJ RTO - OR11( 08-NOV-2017 ),12,M-CYCLE/SCOOTER,"1,859","1,270","1,349","1,212","1,198","1,317","1,007","1,008","1,502","2,261","1,842","1,261","17,086"
2023,Odisha,MAYURBHANJ RTO - OR11( 08-NOV-2017 ),13,MOPED,60,53,45,39,45,42,31,27,25,59,57,37,520
2023,Odisha,MAYURBHANJ RTO - OR11( 08-NOV-2017 ),14,MOTOR CAB,7,5,10,6,4,3,4,7,7,2,6,10,71
2023,Odisha,MAYURBHANJ RTO - OR11( 08-NOV-2017 ),15,MOTOR CAR,103,83,106,77,101,97,105,118,107,170,111,140,"1,318"
2023,Odisha,MAYURBHANJ RTO - OR11( 08-NOV-2017 ),16,OMNI BUS,0,0,0,0,0,0,2,0,1,0,0,0,3
2023,Odisha,MAYURBHANJ RTO - OR11( 08-NOV-2017 ),17,OMNI BUS (PRIVATE USE),0,0,0,0,0,0,0,1,0,0,0,0,1
2023,Odisha,MAYURBHANJ RTO - OR11( 08-NOV-2017 ),18,THREE WHEELER (GOODS),8,7,10,7,11,3,14,5,13,11,13,17,119
2023,Odisha,MAYURBHANJ RTO - OR11( 08-NOV-2017 ),19,THREE WHEELER (PASSENGER),13,17,22,22,27,26,24,31,25,38,43,39,327
2023,Odisha,MAYURBHANJ RTO - OR11( 08-NOV-2017 ),20,TRACTOR (COMMERCIAL),4,8,9,12,6,6,6,5,5,5,9,6,81
2023,Odisha,MAYURBHANJ RTO - OR11( 08-NOV-2017 ),21,TRAILER (COMMERCIAL),5,13,11,19,15,12,0,4,9,6,14,8,116
2023,Odisha,NAWARANGPUR RTO - OR24( 07-NOV-2017 ),1,AGRICULTURAL TRACTOR,70,74,72,76,73,96,107,57,58,60,102,93,938
2023,Odisha,NAWARANGPUR RTO - OR24( 07-NOV-2017 ),2,AMBULANCE,0,0,0,0,0,1,0,0,0,0,0,0,1
2023,Odisha,NAWARANGPUR RTO - OR24( 07-NOV-2017 ),3,BUS,1,1,1,0,0,1,1,1,1,2,42,0,51
2023,Odisha,NAWARANGPUR RTO - OR24( 07-NOV-2017 ),4,CONSTRUCTION EQUIPMENT VEHICLE,2,6,1,2,2,0,1,1,2,0,2,3,22
2023,Odisha,NAWARANGPUR RTO - OR24( 07-NOV-2017 ),5,CRANE MOUNTED VEHICLE,0,0,0,0,0,0,0,2,0,0,0,0,2
2023,Odisha,NAWARANGPUR RTO - OR24( 07-NOV-2017 ),6,EARTH MOVING EQUIPMENT,0,0,0,0,0,0,0,0,0,0,0,1,1
2023,Odisha,NAWARANGPUR RTO - OR24( 07-NOV-2017 ),7,EDUCATIONAL INSTITUTION BUS,0,0,0,3,0,2,1,0,2,1,2,0,11
2023,Odisha,NAWARANGPUR RTO - OR24( 07-NOV-2017 ),8,E-RICKSHAW(P),0,0,0,1,1,0,0,1,0,2,1,0,6
2023,Odisha,NAWARANGPUR RTO - OR24( 07-NOV-2017 ),9,E-RICKSHAW WITH CART (G),0,1,0,1,0,0,0,0,0,0,1,0,3
2023,Odisha,NAWARANGPUR RTO - OR24( 07-NOV-2017 ),10,GOODS CARRIER,48,33,30,26,17,36,19,20,18,38,51,34,370
2023,Odisha,NAWARANGPUR RTO - OR24( 07-NOV-2017 ),11,MAXI CAB,1,0,0,0,1,0,0,0,1,0,2,1,6
2023,Odisha,NAWARANGPUR RTO - OR24( 07-NOV-2017 ),12,M-CYCLE/SCOOTER,"1,165","1,091",962,688,642,614,526,518,521,"1,077","1,086","1,112","10,002"
2023,Odisha,NAWARANGPUR RTO - OR24( 07-NOV-2017 ),13,MOPED,47,16,25,15,10,13,8,7,11,19,21,26,218
2023,Odisha,NAWARANGPUR RTO - OR24( 07-NOV-2017 ),14,MOTOR CAB,5,1,6,2,2,3,4,3,6,4,2,5,43
2023,Odisha,NAWARANGPUR RTO - OR24( 07-NOV-2017 ),15,MOTOR CAR,51,38,57,33,36,36,35,41,37,61,59,51,535
2023,Odisha,NAWARANGPUR RTO - OR24( 07-NOV-2017 ),16,OMNI BUS,0,0,0,0,0,0,0,0,1,0,0,0,1
2023,Odisha,NAWARANGPUR RTO - OR24( 07-NOV-2017 ),17,THREE WHEELER (GOODS),0,0,1,1,0,4,2,1,7,6,3,4,29
2023,Odisha,NAWARANGPUR RTO - OR24( 07-NOV-2017 ),18,THREE WHEELER (PASSENGER),12,15,27,28,28,10,24,11,27,27,40,44,293
2023,Odisha,NAWARANGPUR RTO - OR24( 07-NOV-2017 ),19,TRACTOR (COMMERCIAL),20,12,11,20,9,12,12,7,4,5,8,13,133
2023,Odisha,NAWARANGPUR RTO - OR24( 07-NOV-2017 ),20,TRACTOR-TROLLEY(COMMERCIAL),0,1,0,2,0,0,0,0,0,0,0,0,3
2023,Odisha,NAWARANGPUR RTO - OR24( 07-NOV-2017 ),21,TRAILER (COMMERCIAL),22,17,12,2,16,1,26,24,25,8,8,7,168
2023,Odisha,NAYAGARH RTO - OR25( 25-DEC-2017 ),1,AGRICULTURAL TRACTOR,9,6,13,18,23,15,41,32,11,28,31,35,262
2023,Odisha,NAYAGARH RTO - OR25( 25-DEC-2017 ),2,BUS,1,0,1,0,0,0,0,1,0,3,0,3,9
2023,Odisha,NAYAGARH RTO - OR25( 25-DEC-2017 ),3,CONSTRUCTION EQUIPMENT VEHICLE,0,1,1,1,0,1,1,0,1,0,0,1,7
2023,Odisha,NAYAGARH RTO - OR25( 25-DEC-2017 ),4,CRANE MOUNTED VEHICLE,0,0,0,1,0,0,0,0,0,0,1,1,3
2023,Odisha,NAYAGARH RTO - OR25( 25-DEC-2017 ),5,EDUCATIONAL INSTITUTION BUS,0,0,0,0,0,0,0,0,0,0,2,0,2
2023,Odisha,NAYAGARH RTO - OR25( 25-DEC-2017 ),6,E-RICKSHAW(P),0,0,0,0,0,0,0,0,1,1,2,1,5
2023,Odisha,NAYAGARH RTO - OR25( 25-DEC-2017 ),7,GOODS CARRIER,6,4,6,6,2,2,3,9,7,9,14,15,83
2023,Odisha,NAYAGARH RTO - OR25( 25-DEC-2017 ),8,MAXI CAB,0,0,0,0,0,0,0,1,0,0,0,1,2
2023,Odisha,NAYAGARH RTO - OR25( 25-DEC-2017 ),9,M-CYCLE/SCOOTER,759,693,966,735,760,761,690,608,850,"1,275","1,737","1,036","10,870"
2023,Odisha,NAYAGARH RTO - OR25( 25-DEC-2017 ),10,MOPED,129,92,109,88,89,94,70,68,71,131,155,71,"1,167"
2023,Odisha,NAYAGARH RTO - OR25( 25-DEC-2017 ),11,MOTOR CAB,1,0,3,1,2,1,1,0,0,0,0,0,9
2023,Odisha,NAYAGARH RTO - OR25( 25-DEC-2017 ),12,MOTOR CAR,4,9,9,5,5,8,5,6,3,4,8,8,74
2023,Odisha,NAYAGARH RTO - OR25( 25-DEC-2017 ),13,MOTOR CYCLE/SCOOTER-USED FOR HIRE,0,0,0,0,0,0,0,1,0,0,1,0,2
2023,Odisha,NAYAGARH RTO - OR25( 25-DEC-2017 ),14,MOTORISED CYCLE (CC > 25CC),167,127,102,92,19,0,0,0,0,0,0,0,507
2023,Odisha,NAYAGARH RTO - OR25( 25-DEC-2017 ),15,OMNI BUS,0,0,0,0,0,0,0,0,0,0,1,0,1
2023,Odisha,NAYAGARH RTO - OR25( 25-DEC-2017 ),16,THREE WHEELER (GOODS),7,3,8,4,6,4,3,9,6,12,17,5,84
2023,Odisha,NAYAGARH RTO - OR25( 25-DEC-2017 ),17,THREE WHEELER (PASSENGER),18,17,23,21,18,24,22,26,20,44,28,21,282
2023,Odisha,NAYAGARH RTO - OR25( 25-DEC-2017 ),18,TRACTOR (COMMERCIAL),0,4,1,1,6,2,3,3,1,6,2,0,29
2023,Odisha,NAYAGARH RTO - OR25( 25-DEC-2017 ),19,TRAILER (COMMERCIAL),0,7,5,0,2,3,1,7,8,3,4,1,41
2023,Odisha,NUAPADA RTO - OR26( 06-NOV-2017 ),1,AGRICULTURAL TRACTOR,26,24,26,26,29,33,44,26,30,43,45,55,407
2023,Odisha,NUAPADA RTO - OR26( 06-NOV-2017 ),2,BUS,0,0,0,1,0,1,1,1,1,0,0,0,5
2023,Odisha,NUAPADA RTO - OR26( 06-NOV-2017 ),3,CONSTRUCTION EQUIPMENT VEHICLE,0,0,0,0,1,1,1,0,0,0,5,3,11
2023,Odisha,NUAPADA RTO - OR26( 06-NOV-2017 ),4,EDUCATIONAL INSTITUTION BUS,0,2,1,0,0,0,3,1,1,3,2,0,13
2023,Odisha,NUAPADA RTO - OR26( 06-NOV-2017 ),5,GOODS CARRIER,15,12,18,7,7,6,7,5,10,17,28,28,160
2023,Odisha,NUAPADA RTO - OR26( 06-NOV-2017 ),6,HARVESTER,0,0,0,0,0,3,0,1,0,0,0,0,4
2023,Odisha,NUAPADA RTO - OR26( 06-NOV-2017 ),7,MAXI CAB,1,3,1,0,1,0,2,0,0,0,0,0,8
2023,Odisha,NUAPADA RTO - OR26( 06-NOV-2017 ),8,M-CYCLE/SCOOTER,560,698,645,477,454,312,252,220,312,474,451,441,"5,296"
2023,Odisha,NUAPADA RTO - OR26( 06-NOV-2017 ),9,MOPED,29,32,40,33,22,16,18,17,11,17,27,19,281
2023,Odisha,NUAPADA RTO - OR26( 06-NOV-2017 ),10,MOTOR CAB,0,0,1,0,1,2,1,1,0,2,3,0,11
2023,Odisha,NUAPADA RTO - OR26( 06-NOV-2017 ),11,MOTOR CAR,21,16,21,15,15,31,20,21,27,35,36,16,274
2023,Odisha,NUAPADA RTO - OR26( 06-NOV-2017 ),12,OMNI BUS,0,0,1,0,0,0,1,0,0,1,1,0,4
2023,Odisha,NUAPADA RTO - OR26( 06-NOV-2017 ),13,OMNI BUS (PRIVATE USE),0,0,0,0,0,0,0,1,1,0,0,0,2
2023,Odisha,NUAPADA RTO - OR26( 06-NOV-2017 ),14,THREE WHEELER (GOODS),0,1,0,0,0,0,0,0,0,0,0,0,1
2023,Odisha,NUAPADA RTO - OR26( 06-NOV-2017 ),15,THREE WHEELER (PASSENGER),0,1,2,2,0,2,0,0,2,0,0,0,9
2023,Odisha,NUAPADA RTO - OR26( 06-NOV-2017 ),16,TRACTOR (COMMERCIAL),0,0,0,1,0,1,0,0,0,0,0,0,2
2023,Odisha,NUAPADA RTO - OR26( 06-NOV-2017 ),17,TRAILER (COMMERCIAL),0,3,1,2,3,3,0,0,1,0,0,2,15
2023,Odisha,PHULBANI RTO - OR12( 23-OCT-2017 ),1,AGRICULTURAL TRACTOR,2,11,12,9,18,9,20,17,17,19,16,22,172
2023,Odisha,PHULBANI RTO - OR12( 23-OCT-2017 ),2,AMBULANCE,0,1,0,0,0,0,0,0,0,0,0,0,1
2023,Odisha,PHULBANI RTO - OR12( 23-OCT-2017 ),3,ARMOURED/SPECIALISED VEHICLE,0,0,0,1,0,0,0,0,0,0,0,0,1
2023,Odisha,PHULBANI RTO - OR12( 23-OCT-2017 ),4,BUS,0,0,1,0,1,0,2,1,2,0,1,0,8
2023,Odisha,PHULBANI RTO - OR12( 23-OCT-2017 ),5,CONSTRUCTION EQUIPMENT VEHICLE,0,0,0,0,0,1,1,1,1,2,0,0,6
2023,Odisha,PHULBANI RTO - OR12( 23-OCT-2017 ),6,EDUCATIONAL INSTITUTION BUS,1,0,0,0,0,0,0,0,1,0,0,0,2
2023,Odisha,PHULBANI RTO - OR12( 23-OCT-2017 ),7,GOODS CARRIER,5,8,2,5,7,2,4,10,8,4,7,6,68
2023,Odisha,PHULBANI RTO - OR12( 23-OCT-2017 ),8,MAXI CAB,1,0,2,0,1,0,0,0,0,0,0,0,4
2023,Odisha,PHULBANI RTO - OR12( 23-OCT-2017 ),9,M-CYCLE/SCOOTER,433,468,491,576,644,536,417,434,512,970,672,636,"6,789"
2023,Odisha,PHULBANI RTO - OR12( 23-OCT-2017 ),10,M-CYCLE/SCOOTER-WITH SIDE CAR,0,0,0,0,0,0,0,0,0,1,1,0,2
2023,Odisha,PHULBANI RTO - OR12( 23-OCT-2017 ),11,MOPED,16,7,3,12,7,8,8,9,6,14,17,11,118
2023,Odisha,PHULBANI RTO - OR12( 23-OCT-2017 ),12,MOTOR CAB,1,0,1,0,4,1,1,1,2,8,0,0,19
2023,Odisha,PHULBANI RTO - OR12( 23-OCT-2017 ),13,MOTOR CAR,9,6,5,3,10,5,5,7,6,12,6,9,83
2023,Odisha,PHULBANI RTO - OR12( 23-OCT-2017 ),14,MOTORISED CYCLE (CC > 25CC),0,1,0,3,0,0,0,0,0,0,0,0,4
2023,Odisha,PHULBANI RTO - OR12( 23-OCT-2017 ),15,THREE WHEELER (GOODS),0,1,4,3,1,5,3,0,3,6,6,6,38
2023,Odisha,PHULBANI RTO - OR12( 23-OCT-2017 ),16,THREE WHEELER (PASSENGER),21,16,15,26,19,28,28,29,40,57,62,40,381
2023,Odisha,PHULBANI RTO - OR12( 23-OCT-2017 ),17,TRACTOR (COMMERCIAL),0,3,6,2,2,2,5,5,4,3,4,1,37
2023,Odisha,PHULBANI RTO - OR12( 23-OCT-2017 ),18,TRACTOR-TROLLEY(COMMERCIAL),0,0,0,0,0,0,0,0,0,0,0,1,1
2023,Odisha,PHULBANI RTO - OR12( 23-OCT-2017 ),19,TRAILER (COMMERCIAL),1,3,4,2,7,5,5,1,7,4,1,4,44
2023,Odisha,PURI RTO - OR13( 25-DEC-2017 ),1,AGRICULTURAL TRACTOR,34,28,25,27,42,26,56,64,27,38,46,67,480
2023,Odisha,PURI RTO - OR13( 25-DEC-2017 ),2,BUS,2,1,6,3,1,1,1,2,1,3,2,2,25
2023,Odisha,PURI RTO - OR13( 25-DEC-2017 ),3,CONSTRUCTION EQUIPMENT VEHICLE,1,1,0,0,0,0,1,0,1,1,0,1,6
2023,Odisha,PURI RTO - OR13( 25-DEC-2017 ),4,CRANE MOUNTED VEHICLE,0,1,0,0,0,1,0,0,0,0,0,0,2
2023,Odisha,PURI RTO - OR13( 25-DEC-2017 ),5,EDUCATIONAL INSTITUTION BUS,0,0,1,0,0,1,0,1,0,1,0,0,4
2023,Odisha,PURI RTO - OR13( 25-DEC-2017 ),6,E-RICKSHAW(P),71,69,105,83,179,178,141,155,143,198,141,116,"1,579"
2023,Odisha,PURI RTO - OR13( 25-DEC-2017 ),7,E-RICKSHAW WITH CART (G),2,0,2,2,2,1,0,0,1,0,1,1,12
2023,Odisha,PURI RTO - OR13( 25-DEC-2017 ),8,GOODS CARRIER,12,16,19,18,11,11,20,6,7,7,20,11,158
2023,Odisha,PURI RTO - OR13( 25-DEC-2017 ),9,MAXI CAB,1,2,4,2,0,2,2,1,0,3,1,2,20
2023,Odisha,PURI RTO - OR13( 25-DEC-2017 ),10,M-CYCLE/SCOOTER,"1,271","1,141","1,448","1,221","1,345","1,239","1,357","1,204","1,402","2,064","2,267","1,500","17,459"
2023,Odisha,PURI RTO - OR13( 25-DEC-2017 ),11,MOPED,2,6,3,7,11,5,5,2,7,8,5,4,65
2023,Odisha,PURI RTO - OR13( 25-DEC-2017 ),12,MOTOR CAB,8,1,4,3,2,6,5,9,5,7,3,12,65
2023,Odisha,PURI RTO - OR13( 25-DEC-2017 ),13,MOTOR CAR,41,33,31,31,33,37,29,47,34,44,44,54,458
2023,Odisha,PURI RTO - OR13( 25-DEC-2017 ),14,MOTOR CYCLE/SCOOTER-USED FOR HIRE,0,0,0,1,0,0,0,0,0,0,0,0,1
2023,Odisha,PURI RTO - OR13( 25-DEC-2017 ),15,MOTORISED CYCLE (CC > 25CC),0,0,0,0,0,0,0,1,0,0,0,0,1
2023,Odisha,PURI RTO - OR13( 25-DEC-2017 ),16,OMNI BUS,3,3,6,4,0,1,2,7,11,18,7,6,68
2023,Odisha,PURI RTO - OR13( 25-DEC-2017 ),17,THREE WHEELER (GOODS),9,5,8,4,5,10,5,6,9,9,7,9,86
2023,Odisha,PURI RTO - OR13( 25-DEC-2017 ),18,THREE WHEELER (PASSENGER),22,21,28,30,25,37,42,30,28,38,33,33,367
2023,Odisha,PURI RTO - OR13( 25-DEC-2017 ),19,TRACTOR (COMMERCIAL),11,2,3,3,1,3,4,1,4,3,1,1,37
2023,Odisha,PURI RTO - OR13( 25-DEC-2017 ),20,TRAILER (COMMERCIAL),4,5,6,6,2,1,2,3,2,5,6,7,49
2023,Odisha,RAIRANGPUR ARTO - OR111( 08-NOV-2017 ),1,AGRICULTURAL TRACTOR,6,13,24,23,35,32,14,44,14,28,32,39,304
2023,Odisha,RAIRANGPUR ARTO - OR111( 08-NOV-2017 ),2,AMBULANCE,0,0,0,0,0,0,0,0,0,0,0,2,2
2023,Odisha,RAIRANGPUR ARTO - OR111( 08-NOV-2017 ),3,ARTICULATED VEHICLE,0,0,0,0,0,0,0,0,0,1,1,1,3
2023,Odisha,RAIRANGPUR ARTO - OR111( 08-NOV-2017 ),4,BUS,2,0,2,1,2,2,2,0,0,0,2,0,13
2023,Odisha,RAIRANGPUR ARTO - OR111( 08-NOV-2017 ),5,CONSTRUCTION EQUIPMENT VEHICLE,1,0,6,0,1,0,2,2,1,1,1,0,15
2023,Odisha,RAIRANGPUR ARTO - OR111( 08-NOV-2017 ),6,EDUCATIONAL INSTITUTION BUS,0,0,1,0,0,1,0,0,1,0,0,0,3
2023,Odisha,RAIRANGPUR ARTO - OR111( 08-NOV-2017 ),7,E-RICKSHAW(P),1,0,0,0,0,0,0,0,0,0,0,0,1
2023,Odisha,RAIRANGPUR ARTO - OR111( 08-NOV-2017 ),8,E-RICKSHAW WITH CART (G),1,0,0,0,0,0,0,0,0,0,0,0,1
2023,Odisha,RAIRANGPUR ARTO - OR111( 08-NOV-2017 ),9,GOODS CARRIER,24,12,15,40,8,16,11,11,15,14,21,27,214
2023,Odisha,RAIRANGPUR ARTO - OR111( 08-NOV-2017 ),10,MAXI CAB,2,3,2,0,1,2,0,1,1,2,0,1,15
2023,Odisha,RAIRANGPUR ARTO - OR111( 08-NOV-2017 ),11,M-CYCLE/SCOOTER,697,452,445,394,439,525,381,362,447,693,671,491,"5,997"
2023,Odisha,RAIRANGPUR ARTO - OR111( 08-NOV-2017 ),12,MOPED,28,17,18,13,14,16,6,13,12,6,8,5,156
2023,Odisha,RAIRANGPUR ARTO - OR111( 08-NOV-2017 ),13,MOTOR CAB,4,1,3,1,6,5,2,5,2,3,2,4,38
2023,Odisha,RAIRANGPUR ARTO - OR111( 08-NOV-2017 ),14,MOTOR CAR,21,26,19,21,22,17,14,17,20,25,24,18,244
2023,Odisha,RAIRANGPUR ARTO - OR111( 08-NOV-2017 ),15,OMNI BUS,0,0,0,0,0,0,0,2,0,1,0,1,4
2023,Odisha,RAIRANGPUR ARTO - OR111( 08-NOV-2017 ),16,THREE WHEELER (GOODS),8,4,6,7,5,7,2,3,5,6,10,4,67
2023,Odisha,RAIRANGPUR ARTO - OR111( 08-NOV-2017 ),17,THREE WHEELER (PASSENGER),7,9,11,6,6,8,4,5,6,6,8,7,83
2023,Odisha,RAIRANGPUR ARTO - OR111( 08-NOV-2017 ),18,TRACTOR (COMMERCIAL),4,4,2,5,4,4,2,4,3,3,4,2,41
2023,Odisha,RAIRANGPUR ARTO - OR111( 08-NOV-2017 ),19,TRAILER (COMMERCIAL),4,9,3,6,9,4,7,6,3,9,0,2,62
2023,Odisha,RAYGADA RTO - OR18( 25-DEC-2017 ),1,AGRICULTURAL TRACTOR,18,14,22,27,55,31,40,36,36,31,37,46,393
2023,Odisha,RAYGADA RTO - OR18( 25-DEC-2017 ),2,AMBULANCE,0,1,0,0,0,1,0,0,0,0,0,1,3
2023,Odisha,RAYGADA RTO - OR18( 25-DEC-2017 ),3,BUS,0,0,0,0,0,0,0,0,0,0,42,0,42
2023,Odisha,RAYGADA RTO - OR18( 25-DEC-2017 ),4,CONSTRUCTION EQUIPMENT VEHICLE,4,4,6,5,3,5,2,3,2,4,4,8,50
2023,Odisha,RAYGADA RTO - OR18( 25-DEC-2017 ),5,CRANE MOUNTED VEHICLE,0,1,1,0,0,1,0,0,0,0,1,1,5
2023,Odisha,RAYGADA RTO - OR18( 25-DEC-2017 ),6,DUMPER,0,0,0,0,0,0,1,0,0,0,0,0,1
2023,Odisha,RAYGADA RTO - OR18( 25-DEC-2017 ),7,EARTH MOVING EQUIPMENT,0,0,0,0,1,0,0,0,0,0,1,0,2
2023,Odisha,RAYGADA RTO - OR18( 25-DEC-2017 ),8,EDUCATIONAL INSTITUTION BUS,1,0,0,0,0,2,1,1,2,2,1,0,10
2023,Odisha,RAYGADA RTO - OR18( 25-DEC-2017 ),9,E-RICKSHAW(P),1,0,0,0,0,0,0,0,0,0,0,1,2
2023,Odisha,RAYGADA RTO - OR18( 25-DEC-2017 ),10,E-RICKSHAW WITH CART (G),0,0,1,0,2,0,0,0,1,0,0,0,4
2023,Odisha,RAYGADA RTO - OR18( 25-DEC-2017 ),11,FORK LIFT,0,1,0,0,0,0,0,0,0,0,0,0,1
2023,Odisha,RAYGADA RTO - OR18( 25-DEC-2017 ),12,GOODS CARRIER,45,43,36,22,27,31,23,20,20,32,34,25,358
2023,Odisha,RAYGADA RTO - OR18( 25-DEC-2017 ),13,MAXI CAB,1,2,0,1,0,1,4,1,0,1,0,2,13
2023,Odisha,RAYGADA RTO - OR18( 25-DEC-2017 ),14,M-CYCLE/SCOOTER,710,980,975,778,"1,112",735,629,517,555,"1,161",841,674,"9,667"
2023,Odisha,RAYGADA RTO - OR18( 25-DEC-2017 ),15,MOPED,66,97,89,89,103,99,51,65,78,204,100,77,"1,118"
2023,Odisha,RAYGADA RTO - OR18( 25-DEC-2017 ),16,MOTOR CAB,10,4,7,7,6,4,6,10,3,8,8,5,78
2023,Odisha,RAYGADA RTO - OR18( 25-DEC-2017 ),17,MOTOR CAR,32,38,48,26,36,41,34,39,34,62,37,37,464
2023,Odisha,RAYGADA RTO - OR18( 25-DEC-2017 ),18,MOTORISED CYCLE (CC > 25CC),0,0,0,0,0,0,0,0,0,0,1,0,1
2023,Odisha,RAYGADA RTO - OR18( 25-DEC-2017 ),19,OMNI BUS,0,2,0,0,1,1,0,1,0,4,2,3,14
2023,Odisha,RAYGADA RTO - OR18( 25-DEC-2017 ),20,OMNI BUS (PRIVATE USE),0,0,0,0,0,0,0,0,1,0,1,0,2
2023,Odisha,RAYGADA RTO - OR18( 25-DEC-2017 ),21,PRIVATE SERVICE VEHICLE,0,0,0,0,0,0,3,1,0,0,0,0,4
2023,Odisha,RAYGADA RTO - OR18( 25-DEC-2017 ),22,THREE WHEELER (GOODS),4,2,3,2,2,0,0,1,2,2,4,2,24
2023,Odisha,RAYGADA RTO - OR18( 25-DEC-2017 ),23,THREE WHEELER (PASSENGER),5,8,8,6,17,10,14,5,2,14,10,23,122
2023,Odisha,RAYGADA RTO - OR18( 25-DEC-2017 ),24,THREE WHEELER (PERSONAL),0,0,0,0,0,0,0,0,0,1,0,0,1
2023,Odisha,RAYGADA RTO - OR18( 25-DEC-2017 ),25,TRACTOR (COMMERCIAL),6,12,6,13,4,2,3,9,5,9,4,4,77
2023,Odisha,ROURKELA RTO - OR14( 25-DEC-2017 ),1,AGRICULTURAL TRACTOR,22,8,21,23,30,33,35,32,15,26,8,15,268
2023,Odisha,ROURKELA RTO - OR14( 25-DEC-2017 ),2,AMBULANCE,0,0,0,1,0,0,0,1,1,3,2,0,8
2023,Odisha,ROURKELA RTO - OR14( 25-DEC-2017 ),3,ARTICULATED VEHICLE,0,2,0,0,0,0,0,0,0,0,0,0,2
2023,Odisha,ROURKELA RTO - OR14( 25-DEC-2017 ),4,BUS,14,18,33,25,2,1,0,4,1,2,1,3,104
2023,Odisha,ROURKELA RTO - OR14( 25-DEC-2017 ),5,CONSTRUCTION EQUIPMENT VEHICLE,15,9,7,12,14,7,15,21,14,6,9,24,153
2023,Odisha,ROURKELA RTO - OR14( 25-DEC-2017 ),6,CRANE MOUNTED VEHICLE,1,4,1,2,7,2,4,5,3,5,3,5,42
2023,Odisha,ROURKELA RTO - OR14( 25-DEC-2017 ),7,DUMPER,0,0,0,0,7,4,6,0,0,0,0,0,17
2023,Odisha,ROURKELA RTO - OR14( 25-DEC-2017 ),8,EARTH MOVING EQUIPMENT,0,2,0,0,1,0,0,0,0,2,1,0,6
2023,Odisha,ROURKELA RTO - OR14( 25-DEC-2017 ),9,EDUCATIONAL INSTITUTION BUS,2,1,2,2,0,1,1,1,0,1,0,0,11
2023,Odisha,ROURKELA RTO - OR14( 25-DEC-2017 ),10,E-RICKSHAW(P),2,2,0,1,2,0,0,1,1,0,0,0,9
2023,Odisha,ROURKELA RTO - OR14( 25-DEC-2017 ),11,E-RICKSHAW WITH CART (G),1,0,0,0,2,0,0,0,0,1,0,0,4
2023,Odisha,ROURKELA RTO - OR14( 25-DEC-2017 ),12,FIRE TENDERS,0,1,0,0,0,0,0,0,0,0,0,0,1
2023,Odisha,ROURKELA RTO - OR14( 25-DEC-2017 ),13,FORK LIFT,0,0,2,0,2,0,0,0,0,3,0,0,7
2023,Odisha,ROURKELA RTO - OR14( 25-DEC-2017 ),14,GOODS CARRIER,120,151,163,149,157,95,107,125,136,145,196,211,"1,755"
2023,Odisha,ROURKELA RTO - OR14( 25-DEC-2017 ),15,MAXI CAB,11,11,9,4,3,1,4,2,2,1,5,1,54
2023,Odisha,ROURKELA RTO - OR14( 25-DEC-2017 ),16,M-CYCLE/SCOOTER,"1,575","1,333","1,594","1,317","1,458","1,390","1,295","1,463","1,724","2,148","2,636","1,913","19,846"
2023,Odisha,ROURKELA RTO - OR14( 25-DEC-2017 ),17,MOTOR CAB,5,3,4,9,10,16,15,5,16,12,17,16,128
2023,Odisha,ROURKELA RTO - OR14( 25-DEC-2017 ),18,MOTOR CAR,246,247,348,212,276,288,253,262,287,352,343,385,"3,499"
2023,Odisha,ROURKELA RTO - OR14( 25-DEC-2017 ),19,OMNI BUS,2,1,11,3,2,0,1,5,1,1,2,2,31
2023,Odisha,ROURKELA RTO - OR14( 25-DEC-2017 ),20,OMNI BUS (PRIVATE USE),0,0,0,0,0,6,0,1,0,1,1,1,10
2023,Odisha,ROURKELA RTO - OR14( 25-DEC-2017 ),21,PRIVATE SERVICE VEHICLE,0,0,0,0,0,0,1,0,0,0,0,0,1
2023,Odisha,ROURKELA RTO - OR14( 25-DEC-2017 ),22,THREE WHEELER (GOODS),14,11,15,6,7,6,19,12,18,19,31,36,194
2023,Odisha,ROURKELA RTO - OR14( 25-DEC-2017 ),23,THREE WHEELER (PASSENGER),19,21,33,19,22,25,21,21,26,24,30,26,287
2023,Odisha,ROURKELA RTO - OR14( 25-DEC-2017 ),24,TRACTOR (COMMERCIAL),7,6,11,4,9,8,5,1,8,2,7,6,74
2023,Odisha,ROURKELA RTO - OR14( 25-DEC-2017 ),25,TRAILER (COMMERCIAL),13,6,11,13,9,4,2,5,2,10,8,3,86
2023,Odisha,SAMBALPUR RTO - OR15( 04-DEC-2017 ),1,AGRICULTURAL TRACTOR,42,48,58,32,55,51,89,46,32,38,65,55,611
2023,Odisha,SAMBALPUR RTO - OR15( 04-DEC-2017 ),2,AMBULANCE,1,0,1,1,0,0,2,1,3,2,0,0,11
2023,Odisha,SAMBALPUR RTO - OR15( 04-DEC-2017 ),3,ARTICULATED VEHICLE,0,0,0,0,5,10,0,0,0,2,6,2,25
2023,Odisha,SAMBALPUR RTO - OR15( 04-DEC-2017 ),4,BUS,2,1,5,1,2,5,3,0,2,1,0,1,23
2023,Odisha,SAMBALPUR RTO - OR15( 04-DEC-2017 ),5,CONSTRUCTION EQUIPMENT VEHICLE,19,17,10,16,18,9,17,21,17,23,24,29,220
2023,Odisha,SAMBALPUR RTO - OR15( 04-DEC-2017 ),6,CRANE MOUNTED VEHICLE,2,0,0,0,2,2,1,2,2,1,0,1,13
2023,Odisha,SAMBALPUR RTO - OR15( 04-DEC-2017 ),7,EDUCATIONAL INSTITUTION BUS,1,2,5,1,1,1,6,1,1,2,0,0,21
2023,Odisha,SAMBALPUR RTO - OR15( 04-DEC-2017 ),8,E-RICKSHAW(P),4,5,5,6,4,12,12,5,39,5,49,3,149
2023,Odisha,SAMBALPUR RTO - OR15( 04-DEC-2017 ),9,E-RICKSHAW WITH CART (G),0,1,2,0,0,0,1,0,2,2,3,0,11
2023,Odisha,SAMBALPUR RTO - OR15( 04-DEC-2017 ),10,EXCAVATOR (NT),1,0,0,0,0,0,0,0,0,0,0,0,1
2023,Odisha,SAMBALPUR RTO - OR15( 04-DEC-2017 ),11,FORK LIFT,0,0,0,0,0,0,0,1,0,0,0,1,2
2023,Odisha,SAMBALPUR RTO - OR15( 04-DEC-2017 ),12,GOODS CARRIER,132,104,94,104,150,74,74,63,90,95,96,106,"1,182"
2023,Odisha,SAMBALPUR RTO - OR15( 04-DEC-2017 ),13,MAXI CAB,6,1,7,1,2,2,2,2,4,0,3,3,33
2023,Odisha,SAMBALPUR RTO - OR15( 04-DEC-2017 ),14,M-CYCLE/SCOOTER,"1,393","1,483","1,407","1,086","1,253","1,277","1,079","1,122","1,298","1,860","1,851","1,350","16,459"
2023,Odisha,SAMBALPUR RTO - OR15( 04-DEC-2017 ),15,M-CYCLE/SCOOTER-WITH SIDE CAR,0,0,0,1,0,0,0,0,0,0,0,0,1
2023,Odisha,SAMBALPUR RTO - OR15( 04-DEC-2017 ),16,MOPED,59,52,60,37,31,56,38,40,38,58,55,54,578
2023,Odisha,SAMBALPUR RTO - OR15( 04-DEC-2017 ),17,MOTOR CAB,18,28,21,15,20,17,22,29,17,30,33,24,274
2023,Odisha,SAMBALPUR RTO - OR15( 04-DEC-2017 ),18,MOTOR CAR,246,210,248,171,201,240,220,224,246,297,285,255,"2,843"
2023,Odisha,SAMBALPUR RTO - OR15( 04-DEC-2017 ),19,OMNI BUS,7,6,5,4,5,5,3,6,7,10,10,5,73
2023,Odisha,SAMBALPUR RTO - OR15( 04-DEC-2017 ),20,OMNI BUS (PRIVATE USE),0,0,0,0,0,8,5,1,1,2,0,0,17
2023,Odisha,SAMBALPUR RTO - OR15( 04-DEC-2017 ),21,PRIVATE SERVICE VEHICLE,0,0,0,0,0,0,0,0,0,0,1,0,1
2023,Odisha,SAMBALPUR RTO - OR15( 04-DEC-2017 ),22,THREE WHEELER (GOODS),10,4,11,6,11,20,18,10,10,14,11,28,153
2023,Odisha,SAMBALPUR RTO - OR15( 04-DEC-2017 ),23,THREE WHEELER (PASSENGER),23,30,38,28,31,25,50,47,52,61,83,58,526
2023,Odisha,SAMBALPUR RTO - OR15( 04-DEC-2017 ),24,TRACTOR (COMMERCIAL),4,0,2,2,2,3,0,1,0,0,3,2,19
2023,Odisha,SAMBALPUR RTO - OR15( 04-DEC-2017 ),25,TRACTOR-TROLLEY(COMMERCIAL),10,10,9,7,11,1,10,8,6,11,4,19,106
2023,Odisha,SONEPUR RTO - OR31( 08-NOV-2017 ),1,AGRICULTURAL TRACTOR,27,48,52,32,27,53,64,68,36,42,52,99,600
2023,Odisha,SONEPUR RTO - OR31( 08-NOV-2017 ),2,BUS,1,0,1,1,0,0,0,0,0,0,2,0,5
2023,Odisha,SONEPUR RTO - OR31( 08-NOV-2017 ),3,CONSTRUCTION EQUIPMENT VEHICLE,3,3,3,0,5,3,0,2,2,0,3,2,26
2023,Odisha,SONEPUR RTO - OR31( 08-NOV-2017 ),4,CRANE MOUNTED VEHICLE,0,0,0,0,1,0,0,0,0,0,0,0,1
2023,Odisha,SONEPUR RTO - OR31( 08-NOV-2017 ),5,EARTH MOVING EQUIPMENT,0,0,0,0,0,0,0,1,0,0,0,0,1
2023,Odisha,SONEPUR RTO - OR31( 08-NOV-2017 ),6,EDUCATIONAL INSTITUTION BUS,0,1,0,0,1,0,2,1,2,0,1,0,8
2023,Odisha,SONEPUR RTO - OR31( 08-NOV-2017 ),7,E-RICKSHAW(P),0,0,0,0,0,0,0,0,1,0,0,0,1
2023,Odisha,SONEPUR RTO - OR31( 08-NOV-2017 ),8,E-RICKSHAW WITH CART (G),0,1,0,0,0,0,0,0,0,0,0,0,1
2023,Odisha,SONEPUR RTO - OR31( 08-NOV-2017 ),9,GOODS CARRIER,13,14,8,13,6,4,18,8,13,20,17,27,161
2023,Odisha,SONEPUR RTO - OR31( 08-NOV-2017 ),10,MAXI CAB,5,1,3,4,1,1,0,0,0,0,0,0,15
2023,Odisha,SONEPUR RTO - OR31( 08-NOV-2017 ),11,M-CYCLE/SCOOTER,842,"1,518","1,164",802,679,650,430,475,579,753,679,592,"9,163"
2023,Odisha,SONEPUR RTO - OR31( 08-NOV-2017 ),12,MOPED,11,20,12,6,7,9,3,9,9,16,7,14,123
2023,Odisha,SONEPUR RTO - OR31( 08-NOV-2017 ),13,MOTOR CAB,1,1,1,1,0,2,3,4,4,1,0,0,18
2023,Odisha,SONEPUR RTO - OR31( 08-NOV-2017 ),14,MOTOR CAR,18,27,30,18,20,22,17,16,24,24,31,32,279
2023,Odisha,SONEPUR RTO - OR31( 08-NOV-2017 ),15,OMNI BUS,0,3,1,1,1,2,5,2,0,1,2,1,19
2023,Odisha,SONEPUR RTO - OR31( 08-NOV-2017 ),16,THREE WHEELER (GOODS),2,2,1,1,3,1,0,2,0,2,2,0,16
2023,Odisha,SONEPUR RTO - OR31( 08-NOV-2017 ),17,THREE WHEELER (PASSENGER),4,5,10,1,2,3,5,4,4,1,8,6,53
2023,Odisha,SONEPUR RTO - OR31( 08-NOV-2017 ),18,TRACTOR (COMMERCIAL),2,2,2,2,1,0,0,0,0,0,0,1,10
2023,Odisha,SONEPUR RTO - OR31( 08-NOV-2017 ),19,TRACTOR-TROLLEY(COMMERCIAL),2,2,0,0,10,3,4,0,1,1,1,3,27
2023,Odisha,SONEPUR RTO - OR31( 08-NOV-2017 ),20,TRAILER (COMMERCIAL),0,0,0,0,1,0,0,0,0,0,0,1,2
2023,Odisha,SUNDERGARH RTO - OR16( 08-NOV-2017 ),1,AGRICULTURAL TRACTOR,13,14,19,20,24,34,60,33,13,20,28,24,302
2023,Odisha,SUNDERGARH RTO - OR16( 08-NOV-2017 ),2,AMBULANCE,0,1,0,0,0,0,0,0,0,0,0,0,1
2023,Odisha,SUNDERGARH RTO - OR16( 08-NOV-2017 ),3,ARTICULATED VEHICLE,0,0,0,0,5,15,9,0,75,80,91,102,377
2023,Odisha,SUNDERGARH RTO - OR16( 08-NOV-2017 ),4,BUS,3,2,7,1,0,3,3,1,8,0,0,1,29
2023,Odisha,SUNDERGARH RTO - OR16( 08-NOV-2017 ),5,CONSTRUCTION EQUIPMENT VEHICLE,1,0,3,4,20,3,3,2,7,1,8,4,56
2023,Odisha,SUNDERGARH RTO - OR16( 08-NOV-2017 ),6,CRANE MOUNTED VEHICLE,1,0,0,0,0,0,0,1,0,0,0,0,2
2023,Odisha,SUNDERGARH RTO - OR16( 08-NOV-2017 ),7,EARTH MOVING EQUIPMENT,1,0,0,0,0,0,0,4,0,0,2,0,7
2023,Odisha,SUNDERGARH RTO - OR16( 08-NOV-2017 ),8,EDUCATIONAL INSTITUTION BUS,0,2,0,0,2,0,2,0,0,0,1,0,7
2023,Odisha,SUNDERGARH RTO - OR16( 08-NOV-2017 ),9,E-RICKSHAW(P),3,0,1,0,1,0,0,0,0,3,3,0,11
2023,Odisha,SUNDERGARH RTO - OR16( 08-NOV-2017 ),10,E-RICKSHAW WITH CART (G),0,0,0,0,0,0,0,1,0,0,0,0,1
2023,Odisha,SUNDERGARH RTO - OR16( 08-NOV-2017 ),11,EXCAVATOR (NT),0,0,0,0,0,0,1,0,0,0,0,0,1
2023,Odisha,SUNDERGARH RTO - OR16( 08-NOV-2017 ),12,GOODS CARRIER,205,176,159,164,156,225,156,143,34,25,29,61,"1,533"
2023,Odisha,SUNDERGARH RTO - OR16( 08-NOV-2017 ),13,HARVESTER,0,0,0,0,0,2,0,0,0,0,0,0,2
2023,Odisha,SUNDERGARH RTO - OR16( 08-NOV-2017 ),14,MAXI CAB,10,9,14,2,1,1,3,2,1,1,4,1,49
2023,Odisha,SUNDERGARH RTO - OR16( 08-NOV-2017 ),15,M-CYCLE/SCOOTER,620,522,640,505,581,694,468,496,806,987,"1,067",755,"8,141"
2023,Odisha,SUNDERGARH RTO - OR16( 08-NOV-2017 ),16,MOPED,33,19,21,18,13,15,17,15,15,24,38,10,238
2023,Odisha,SUNDERGARH RTO - OR16( 08-NOV-2017 ),17,MOTOR CAB,1,2,4,11,11,10,11,26,19,15,12,12,134
2023,Odisha,SUNDERGARH RTO - OR16( 08-NOV-2017 ),18,MOTOR CAR,59,82,89,53,92,79,57,69,99,127,113,113,"1,032"
2023,Odisha,SUNDERGARH RTO - OR16( 08-NOV-2017 ),19,OMNI BUS,0,0,1,0,1,0,1,2,3,1,0,0,9
2023,Odisha,SUNDERGARH RTO - OR16( 08-NOV-2017 ),20,OMNI BUS (PRIVATE USE),0,0,0,0,0,2,1,0,0,0,1,0,4
2023,Odisha,SUNDERGARH RTO - OR16( 08-NOV-2017 ),21,PRIVATE SERVICE VEHICLE,0,0,0,0,0,0,1,1,0,0,0,1,3
2023,Odisha,SUNDERGARH RTO - OR16( 08-NOV-2017 ),22,THREE WHEELER (GOODS),0,0,3,1,0,0,1,1,1,2,1,0,10
2023,Odisha,SUNDERGARH RTO - OR16( 08-NOV-2017 ),23,THREE WHEELER (PASSENGER),6,7,3,4,5,6,10,7,10,8,15,10,91
2023,Odisha,SUNDERGARH RTO - OR16( 08-NOV-2017 ),24,TRACTOR (COMMERCIAL),5,3,8,2,7,10,8,5,1,5,5,10,69
2023,Odisha,SUNDERGARH RTO - OR16( 08-NOV-2017 ),25,TRACTOR-TROLLEY(COMMERCIAL),1,2,0,2,1,1,3,2,1,0,0,0,13
2023,Odisha,TALCHER RTO - OR35( 25-DEC-2017 ),1,AGRICULTURAL TRACTOR,5,3,3,14,11,7,14,9,4,6,8,3,87
2023,Odisha,TALCHER RTO - OR35( 25-DEC-2017 ),2,AMBULANCE,0,0,0,0,0,0,0,0,0,0,0,1,1
2023,Odisha,TALCHER RTO - OR35( 25-DEC-2017 ),3,ARTICULATED VEHICLE,0,0,1,0,0,0,0,1,0,0,0,0,2
2023,Odisha,TALCHER RTO - OR35( 25-DEC-2017 ),4,BUS,0,0,0,0,0,0,1,1,1,2,1,1,7
2023,Odisha,TALCHER RTO - OR35( 25-DEC-2017 ),5,CONSTRUCTION EQUIPMENT VEHICLE,11,1,17,19,8,7,11,16,3,2,13,15,123
2023,Odisha,TALCHER RTO - OR35( 25-DEC-2017 ),6,CRANE MOUNTED VEHICLE,1,2,3,1,1,0,0,0,0,1,0,0,9
2023,Odisha,TALCHER RTO - OR35( 25-DEC-2017 ),7,DUMPER,0,0,2,0,1,0,0,0,0,0,0,0,3
2023,Odisha,TALCHER RTO - OR35( 25-DEC-2017 ),8,EARTH MOVING EQUIPMENT,0,0,1,0,0,2,0,0,0,0,0,0,3
2023,Odisha,TALCHER RTO - OR35( 25-DEC-2017 ),9,EDUCATIONAL INSTITUTION BUS,0,0,0,0,0,0,1,0,0,1,0,0,2
2023,Odisha,TALCHER RTO - OR35( 25-DEC-2017 ),10,GOODS CARRIER,201,153,190,211,205,124,99,88,127,180,200,112,"1,890"
2023,Odisha,TALCHER RTO - OR35( 25-DEC-2017 ),11,MAXI CAB,0,0,1,0,0,0,0,0,0,0,0,0,1
2023,Odisha,TALCHER RTO - OR35( 25-DEC-2017 ),12,M-CYCLE/SCOOTER,502,399,458,375,371,428,394,420,552,"1,000",755,492,"6,146"
2023,Odisha,TALCHER RTO - OR35( 25-DEC-2017 ),13,MOPED,2,8,4,8,1,4,3,1,3,6,14,6,60
2023,Odisha,TALCHER RTO - OR35( 25-DEC-2017 ),14,MOTOR CAB,4,2,4,3,1,2,2,3,3,1,3,4,32
2023,Odisha,TALCHER RTO - OR35( 25-DEC-2017 ),15,MOTOR CAR,22,29,15,25,14,14,23,28,30,25,20,27,272
2023,Odisha,TALCHER RTO - OR35( 25-DEC-2017 ),16,OMNI BUS,2,0,1,0,0,1,2,1,1,0,4,0,12
2023,Odisha,TALCHER RTO - OR35( 25-DEC-2017 ),17,OMNI BUS (PRIVATE USE),0,0,0,0,0,0,1,0,0,0,0,0,1
2023,Odisha,TALCHER RTO - OR35( 25-DEC-2017 ),18,PRIVATE SERVICE VEHICLE,0,0,0,1,0,0,1,0,0,1,0,0,3
2023,Odisha,TALCHER RTO - OR35( 25-DEC-2017 ),19,THREE WHEELER (GOODS),3,2,3,0,1,1,2,2,0,0,2,0,16
2023,Odisha,TALCHER RTO - OR35( 25-DEC-2017 ),20,THREE WHEELER (PASSENGER),3,1,7,4,4,1,5,5,2,5,3,3,43
2023,Odisha,TALCHER RTO - OR35( 25-DEC-2017 ),21,TRACTOR (COMMERCIAL),2,6,5,7,4,2,5,2,2,3,2,5,45
2023,Odisha,TALCHER RTO - OR35( 25-DEC-2017 ),22,TRAILER (COMMERCIAL),5,5,2,7,1,2,3,6,6,5,6,3,51
2022,Odisha,ANGUL RTO - OR19( 25-DEC-2017 ),1,AGRICULTURAL TRACTOR,36,15,17,25,13,23,26,23,17,17,31,27,270
2022,Odisha,ANGUL RTO - OR19( 25-DEC-2017 ),2,AMBULANCE,1,2,0,1,0,0,0,0,0,0,0,0,4
2022,Odisha,ANGUL RTO - OR19( 25-DEC-2017 ),3,ARTICULATED VEHICLE,0,0,20,0,30,11,0,0,0,1,10,24,96
2022,Odisha,ANGUL RTO - OR19( 25-DEC-2017 ),4,AUXILIARY TRAILER,0,1,0,0,0,0,0,4,0,0,0,0,5
2022,Odisha,ANGUL RTO - OR19( 25-DEC-2017 ),5,BUS,0,0,0,0,0,0,0,1,0,1,1,0,3
2022,Odisha,ANGUL RTO - OR19( 25-DEC-2017 ),6,CAMPER VAN / TRAILER,0,0,0,0,0,0,0,0,1,0,0,0,1
2022,Odisha,ANGUL RTO - OR19( 25-DEC-2017 ),7,CAMPER VAN / TRAILER (PRIVATE USE),1,0,0,0,0,0,0,0,0,0,0,0,1
2022,Odisha,ANGUL RTO - OR19( 25-DEC-2017 ),8,CONSTRUCTION EQUIPMENT VEHICLE,14,4,5,17,11,8,5,13,7,3,7,4,98
2022,Odisha,ANGUL RTO - OR19( 25-DEC-2017 ),9,CRANE MOUNTED VEHICLE,14,10,7,9,20,5,10,8,7,10,5,5,110
2022,Odisha,ANGUL RTO - OR19( 25-DEC-2017 ),10,DUMPER,0,0,1,0,0,0,0,0,0,6,0,0,7
2022,Odisha,ANGUL RTO - OR19( 25-DEC-2017 ),11,EARTH MOVING EQUIPMENT,0,0,0,0,2,1,7,0,2,12,8,5,37
2022,Odisha,ANGUL RTO - OR19( 25-DEC-2017 ),12,EDUCATIONAL INSTITUTION BUS,0,0,1,0,0,3,1,1,1,2,0,1,10
2022,Odisha,ANGUL RTO - OR19( 25-DEC-2017 ),13,E-RICKSHAW(P),0,1,0,1,0,0,1,0,0,3,1,1,8
2022,Odisha,ANGUL RTO - OR19( 25-DEC-2017 ),14,E-RICKSHAW WITH CART (G),1,1,1,4,2,0,0,0,0,1,2,2,14
2022,Odisha,ANGUL RTO - OR19( 25-DEC-2017 ),15,EXCAVATOR (COMMERCIAL),0,0,0,0,1,0,0,0,0,0,0,0,1
2022,Odisha,ANGUL RTO - OR19( 25-DEC-2017 ),16,EXCAVATOR (NT),0,0,1,0,0,0,0,1,0,0,0,0,2
2022,Odisha,ANGUL RTO - OR19( 25-DEC-2017 ),17,FIRE FIGHTING VEHICLE,0,0,0,0,0,0,0,0,0,0,1,0,1
2022,Odisha,ANGUL RTO - OR19( 25-DEC-2017 ),18,FORK LIFT,0,0,1,0,0,0,0,0,1,0,0,0,2
2022,Odisha,ANGUL RTO - OR19( 25-DEC-2017 ),19,GOODS CARRIER,49,55,49,66,53,78,72,80,60,98,128,106,894
2022,Odisha,ANGUL RTO - OR19( 25-DEC-2017 ),20,MAXI CAB,1,1,0,3,0,0,1,0,0,1,0,0,7
2022,Odisha,ANGUL RTO - OR19( 25-DEC-2017 ),21,M-CYCLE/SCOOTER,964,871,"1,105","1,042",870,900,752,802,"1,217","2,201",959,945,"12,628"
2022,Odisha,ANGUL RTO - OR19( 25-DEC-2017 ),22,MOPED,42,20,34,30,24,20,16,17,26,57,22,26,334
2022,Odisha,ANGUL RTO - OR19( 25-DEC-2017 ),23,MOTOR CAB,6,4,7,13,21,9,9,17,3,7,9,17,122
2022,Odisha,ANGUL RTO - OR19( 25-DEC-2017 ),24,MOTOR CAR,131,75,119,100,94,81,69,113,83,107,100,100,"1,172"
2022,Odisha,ANGUL RTO - OR19( 25-DEC-2017 ),25,MOTORISED CYCLE (CC > 25CC),0,0,15,1,0,11,4,14,1,0,0,5,51
2022,Odisha,ARTO BARBIL - OR901( 04-DEC-2017 ),1,AGRICULTURAL TRACTOR,0,0,0,0,5,1,1,2,2,1,0,0,12
2022,Odisha,ARTO BARBIL - OR901( 04-DEC-2017 ),2,AMBULANCE,0,0,1,0,1,0,1,0,0,0,0,0,3
2022,Odisha,ARTO BARBIL - OR901( 04-DEC-2017 ),3,ARTICULATED VEHICLE,0,1,0,0,30,1,0,0,30,5,1,3,71
2022,Odisha,ARTO BARBIL - OR901( 04-DEC-2017 ),4,BUS,0,0,0,0,2,1,0,0,3,1,0,1,8
2022,Odisha,ARTO BARBIL - OR901( 04-DEC-2017 ),5,CONSTRUCTION EQUIPMENT VEHICLE,7,6,11,10,6,5,4,8,8,6,8,6,85
2022,Odisha,ARTO BARBIL - OR901( 04-DEC-2017 ),6,CRANE MOUNTED VEHICLE,1,0,0,1,1,1,0,3,1,0,1,0,9
2022,Odisha,ARTO BARBIL - OR901( 04-DEC-2017 ),7,GOODS CARRIER,127,145,136,288,180,154,60,55,136,74,71,109,"1,535"
2022,Odisha,ARTO BARBIL - OR901( 04-DEC-2017 ),8,MAXI CAB,2,0,0,2,4,2,1,1,0,3,1,2,18
2022,Odisha,ARTO BARBIL - OR901( 04-DEC-2017 ),9,M-CYCLE/SCOOTER,143,122,143,155,149,127,137,100,139,317,156,138,"1,826"
2022,Odisha,ARTO BARBIL - OR901( 04-DEC-2017 ),10,MOBILE WORKSHOP,0,0,0,0,0,0,0,0,1,0,0,0,1
2022,Odisha,ARTO BARBIL - OR901( 04-DEC-2017 ),11,MOPED,7,8,6,5,7,10,2,5,5,12,5,4,76
2022,Odisha,ARTO BARBIL - OR901( 04-DEC-2017 ),12,MOTOR CAB,9,2,9,11,6,9,12,9,13,8,8,9,105
2022,Odisha,ARTO BARBIL - OR901( 04-DEC-2017 ),13,MOTOR CAR,18,7,19,24,15,8,5,9,13,17,13,17,165
2022,Odisha,ARTO BARBIL - OR901( 04-DEC-2017 ),14,MOTORISED CYCLE (CC > 25CC),6,34,36,24,23,51,28,14,12,30,47,30,335
2022,Odisha,ARTO BARBIL - OR901( 04-DEC-2017 ),15,OMNI BUS,0,0,5,9,1,0,4,0,1,2,2,3,27
2022,Odisha,ARTO BARBIL - OR901( 04-DEC-2017 ),16,PRIVATE SERVICE VEHICLE,0,2,1,0,1,1,0,1,1,0,1,0,8
2022,Odisha,ARTO BARBIL - OR901( 04-DEC-2017 ),17,THREE WHEELER (GOODS),4,0,0,0,0,0,1,0,0,1,0,0,6
2022,Odisha,ARTO BARBIL - OR901( 04-DEC-2017 ),18,TRACTOR (COMMERCIAL),0,0,0,0,1,0,1,0,1,1,0,0,4
2022,Odisha,BALASORE RTO - OR1( 07-NOV-2017 ),1,AGRICULTURAL TRACTOR,111,48,71,58,66,93,145,36,57,61,76,84,906
2022,Odisha,BALASORE RTO - OR1( 07-NOV-2017 ),2,AMBULANCE,1,0,0,0,0,0,0,0,1,0,0,0,2
2022,Odisha,BALASORE RTO - OR1( 07-NOV-2017 ),3,ARTICULATED VEHICLE,0,0,0,0,0,0,0,0,1,0,0,0,1
2022,Odisha,BALASORE RTO - OR1( 07-NOV-2017 ),4,BUS,0,0,1,1,0,0,0,2,0,2,3,2,11
2022,Odisha,BALASORE RTO - OR1( 07-NOV-2017 ),5,CONSTRUCTION EQUIPMENT VEHICLE,6,5,5,7,4,6,3,2,5,7,7,6,63
2022,Odisha,BALASORE RTO - OR1( 07-NOV-2017 ),6,CRANE MOUNTED VEHICLE,0,0,0,0,0,0,0,0,0,0,0,1,1
2022,Odisha,BALASORE RTO - OR1( 07-NOV-2017 ),7,EDUCATIONAL INSTITUTION BUS,0,0,0,5,0,2,0,2,1,0,0,1,11
2022,Odisha,BALASORE RTO - OR1( 07-NOV-2017 ),8,E-RICKSHAW(P),2,5,9,1,4,7,8,7,7,6,13,31,100
2022,Odisha,BALASORE RTO - OR1( 07-NOV-2017 ),9,E-RICKSHAW WITH CART (G),3,0,1,1,0,2,2,2,1,1,2,2,17
2022,Odisha,BALASORE RTO - OR1( 07-NOV-2017 ),10,GOODS CARRIER,73,63,94,92,77,73,72,75,73,90,63,72,917
2022,Odisha,BALASORE RTO - OR1( 07-NOV-2017 ),11,MAXI CAB,4,2,2,1,4,3,4,2,1,3,1,2,29
2022,Odisha,BALASORE RTO - OR1( 07-NOV-2017 ),12,M-CYCLE/SCOOTER,"2,488","1,946","2,539","2,151","1,968","2,318","1,823","1,773","2,144","4,767","1,988","2,015","27,920"
2022,Odisha,BALASORE RTO - OR1( 07-NOV-2017 ),13,M-CYCLE/SCOOTER-WITH SIDE CAR,1,1,0,1,0,2,0,0,1,1,0,0,7
2022,Odisha,BALASORE RTO - OR1( 07-NOV-2017 ),14,MOPED,55,33,53,40,47,53,53,30,39,103,49,43,598
2022,Odisha,BALASORE RTO - OR1( 07-NOV-2017 ),15,MOTOR CAB,9,9,20,6,3,7,16,19,14,22,19,15,159
2022,Odisha,BALASORE RTO - OR1( 07-NOV-2017 ),16,MOTOR CAR,218,173,211,212,203,208,204,192,217,254,195,265,"2,552"
2022,Odisha,BALASORE RTO - OR1( 07-NOV-2017 ),17,MOTORISED CYCLE (CC > 25CC),7,6,4,3,2,4,1,4,2,0,0,0,33
2022,Odisha,BALASORE RTO - OR1( 07-NOV-2017 ),18,OMNI BUS,1,0,0,0,0,1,0,0,2,1,2,1,8
2022,Odisha,BALASORE RTO - OR1( 07-NOV-2017 ),19,PRIVATE SERVICE VEHICLE,0,0,0,0,1,0,0,0,0,0,1,0,2
2022,Odisha,BALASORE RTO - OR1( 07-NOV-2017 ),20,THREE WHEELER (GOODS),18,21,23,20,15,18,28,16,17,18,10,16,220
2022,Odisha,BALASORE RTO - OR1( 07-NOV-2017 ),21,THREE WHEELER (PASSENGER),16,16,9,25,16,16,25,20,31,28,33,25,260
2022,Odisha,BALASORE RTO - OR1( 07-NOV-2017 ),22,TRACTOR (COMMERCIAL),4,3,0,2,2,1,0,1,1,3,2,2,21
2022,Odisha,BALASORE RTO - OR1( 07-NOV-2017 ),23,TRAILER (COMMERCIAL),3,3,4,6,3,4,1,0,2,0,2,3,31
2022,Odisha,BARGARH RTO - OR17( 04-DEC-2017 ),1,AGRICULTURAL TRACTOR,126,66,40,45,75,88,121,69,35,67,120,94,946
2022,Odisha,BARGARH RTO - OR17( 04-DEC-2017 ),2,AMBULANCE,0,0,0,0,0,0,0,0,2,1,0,0,3
2022,Odisha,BARGARH RTO - OR17( 04-DEC-2017 ),3,ARTICULATED VEHICLE,1,0,0,0,10,1,2,0,0,20,0,0,34
2022,Odisha,BARGARH RTO - OR17( 04-DEC-2017 ),4,BUS,0,1,0,0,0,0,0,0,1,0,2,1,5
2022,Odisha,BARGARH RTO - OR17( 04-DEC-2017 ),5,CONSTRUCTION EQUIPMENT VEHICLE,4,5,2,5,3,2,5,1,2,0,2,2,33
2022,Odisha,BARGARH RTO - OR17( 04-DEC-2017 ),6,CRANE MOUNTED VEHICLE,0,0,1,0,0,0,0,0,0,1,0,2,4
2022,Odisha,BARGARH RTO - OR17( 04-DEC-2017 ),7,EARTH MOVING EQUIPMENT,0,1,0,0,0,0,0,0,0,0,0,0,1
2022,Odisha,BARGARH RTO - OR17( 04-DEC-2017 ),8,EDUCATIONAL INSTITUTION BUS,0,0,0,0,1,1,2,3,0,6,1,1,15
2022,Odisha,BARGARH RTO - OR17( 04-DEC-2017 ),9,E-RICKSHAW(P),0,0,1,0,0,6,0,1,0,1,3,0,12
2022,Odisha,BARGARH RTO - OR17( 04-DEC-2017 ),10,E-RICKSHAW WITH CART (G),0,0,1,1,1,0,0,0,1,1,0,0,5
2022,Odisha,BARGARH RTO - OR17( 04-DEC-2017 ),11,EXCAVATOR (NT),0,0,0,0,0,0,4,0,0,0,0,1,5
2022,Odisha,BARGARH RTO - OR17( 04-DEC-2017 ),12,FIRE FIGHTING VEHICLE,0,0,0,0,0,1,0,0,0,0,0,0,1
2022,Odisha,BARGARH RTO - OR17( 04-DEC-2017 ),13,GOODS CARRIER,51,42,46,40,27,29,49,60,45,50,47,38,524
2022,Odisha,BARGARH RTO - OR17( 04-DEC-2017 ),14,HARVESTER,3,0,6,5,1,1,1,3,3,2,8,7,40
2022,Odisha,BARGARH RTO - OR17( 04-DEC-2017 ),15,MAXI CAB,2,2,3,4,3,2,3,5,0,5,4,4,37
2022,Odisha,BARGARH RTO - OR17( 04-DEC-2017 ),16,M-CYCLE/SCOOTER,"1,367","1,509","1,642","1,620","1,083","1,158",826,664,682,"1,452",828,891,"13,722"
2022,Odisha,BARGARH RTO - OR17( 04-DEC-2017 ),17,M-CYCLE/SCOOTER-WITH SIDE CAR,0,0,1,0,0,0,0,0,0,0,0,0,1
2022,Odisha,BARGARH RTO - OR17( 04-DEC-2017 ),18,MOPED,135,86,72,87,62,82,76,63,94,129,91,81,"1,058"
2022,Odisha,BARGARH RTO - OR17( 04-DEC-2017 ),19,MOTOR CAB,0,1,10,5,1,6,0,1,2,3,3,2,34
2022,Odisha,BARGARH RTO - OR17( 04-DEC-2017 ),20,MOTOR CAR,129,112,101,124,126,129,92,109,102,148,133,126,"1,431"
2022,Odisha,BARGARH RTO - OR17( 04-DEC-2017 ),21,MOTOR CYCLE/SCOOTER-USED FOR HIRE,0,0,0,0,0,0,0,0,0,1,1,0,2
2022,Odisha,BARGARH RTO - OR17( 04-DEC-2017 ),22,MOTORISED CYCLE (CC > 25CC),0,1,0,0,0,0,0,0,0,0,0,0,1
2022,Odisha,BARGARH RTO - OR17( 04-DEC-2017 ),23,OMNI BUS,0,0,1,0,0,0,0,0,0,0,2,1,4
2022,Odisha,BARGARH RTO - OR17( 04-DEC-2017 ),24,THREE WHEELER (GOODS),4,5,1,2,5,5,4,3,3,5,2,2,41
2022,Odisha,BARGARH RTO - OR17( 04-DEC-2017 ),25,THREE WHEELER (PASSENGER),6,2,9,5,6,5,4,8,6,10,8,4,73
2022,Odisha,BHADRAK RTO - OR22( 04-DEC-2017 ),1,ADAPTED VEHICLE,0,0,0,0,0,0,0,0,0,0,0,1,1
2022,Odisha,BHADRAK RTO - OR22( 04-DEC-2017 ),2,AGRICULTURAL TRACTOR,35,21,47,27,41,67,70,30,30,34,41,48,491
2022,Odisha,BHADRAK RTO - OR22( 04-DEC-2017 ),3,AMBULANCE,0,0,0,0,0,0,0,2,0,0,0,0,2
2022,Odisha,BHADRAK RTO - OR22( 04-DEC-2017 ),4,BUS,0,0,2,2,2,0,1,0,1,3,0,2,13
2022,Odisha,BHADRAK RTO - OR22( 04-DEC-2017 ),5,CONSTRUCTION EQUIPMENT VEHICLE,1,6,4,2,3,2,1,3,0,1,2,3,28
2022,Odisha,BHADRAK RTO - OR22( 04-DEC-2017 ),6,CRANE MOUNTED VEHICLE,0,1,0,0,1,0,0,0,0,1,0,0,3
2022,Odisha,BHADRAK RTO - OR22( 04-DEC-2017 ),7,EDUCATIONAL INSTITUTION BUS,0,0,1,2,0,1,0,0,1,0,1,3,9
2022,Odisha,BHADRAK RTO - OR22( 04-DEC-2017 ),8,E-RICKSHAW(P),0,1,0,0,1,1,1,2,3,1,4,2,16
2022,Odisha,BHADRAK RTO - OR22( 04-DEC-2017 ),9,E-RICKSHAW WITH CART (G),0,1,1,0,1,1,2,0,3,1,1,0,11
2022,Odisha,BHADRAK RTO - OR22( 04-DEC-2017 ),10,GOODS CARRIER,26,26,35,35,48,37,26,34,26,42,43,47,425
2022,Odisha,BHADRAK RTO - OR22( 04-DEC-2017 ),11,MAXI CAB,1,0,1,0,1,0,0,1,3,1,0,0,8
2022,Odisha,BHADRAK RTO - OR22( 04-DEC-2017 ),12,M-CYCLE/SCOOTER,"1,300","1,132","1,419","1,127",951,"1,262",922,833,886,"2,052","1,736","1,184","14,804"
2022,Odisha,BHADRAK RTO - OR22( 04-DEC-2017 ),13,M-CYCLE/SCOOTER-WITH SIDE CAR,0,0,0,0,0,0,1,0,0,1,0,0,2
2022,Odisha,BHADRAK RTO - OR22( 04-DEC-2017 ),14,MOPED,21,12,29,30,27,23,12,10,20,20,46,37,287
2022,Odisha,BHADRAK RTO - OR22( 04-DEC-2017 ),15,MOTOR CAB,2,2,5,0,1,0,1,1,3,4,8,7,34
2022,Odisha,BHADRAK RTO - OR22( 04-DEC-2017 ),16,MOTOR CAR,37,32,37,33,37,32,32,54,45,50,50,59,498
2022,Odisha,BHADRAK RTO - OR22( 04-DEC-2017 ),17,MOTORISED CYCLE (CC > 25CC),8,7,13,2,8,7,9,12,5,13,7,8,99
2022,Odisha,BHADRAK RTO - OR22( 04-DEC-2017 ),18,OMNI BUS,0,0,0,0,0,0,1,0,2,0,0,0,3
2022,Odisha,BHADRAK RTO - OR22( 04-DEC-2017 ),19,THREE WHEELER (GOODS),27,11,21,21,14,21,14,7,17,17,14,10,194
2022,Odisha,BHADRAK RTO - OR22( 04-DEC-2017 ),20,THREE WHEELER (PASSENGER),8,10,14,24,18,14,26,23,26,40,40,27,270
2022,Odisha,BHADRAK RTO - OR22( 04-DEC-2017 ),21,TRACTOR (COMMERCIAL),15,8,11,8,6,11,4,5,0,1,6,8,83
2022,Odisha,BHADRAK RTO - OR22( 04-DEC-2017 ),22,TRAILER (COMMERCIAL),1,11,13,22,12,6,9,4,4,2,11,11,106
2022,Odisha,BHANJANAGAR RTO - OR32( 04-DEC-2017 ),1,ADAPTED VEHICLE,0,0,0,1,0,0,0,0,0,0,0,0,1
2022,Odisha,BHANJANAGAR RTO - OR32( 04-DEC-2017 ),2,AGRICULTURAL TRACTOR,7,4,5,8,9,21,30,13,9,14,16,14,150
2022,Odisha,BHANJANAGAR RTO - OR32( 04-DEC-2017 ),3,BUS,0,0,1,0,0,1,0,0,0,0,1,0,3
2022,Odisha,BHANJANAGAR RTO - OR32( 04-DEC-2017 ),4,CONSTRUCTION EQUIPMENT VEHICLE,0,0,2,0,1,1,0,0,0,0,1,0,5
2022,Odisha,BHANJANAGAR RTO - OR32( 04-DEC-2017 ),5,EDUCATIONAL INSTITUTION BUS,0,0,0,0,0,0,0,0,0,0,1,0,1
2022,Odisha,BHANJANAGAR RTO - OR32( 04-DEC-2017 ),6,E-RICKSHAW WITH CART (G),1,0,0,0,0,0,0,0,0,0,0,0,1
2022,Odisha,BHANJANAGAR RTO - OR32( 04-DEC-2017 ),7,GOODS CARRIER,13,16,12,8,9,11,11,15,16,13,14,14,152
2022,Odisha,BHANJANAGAR RTO - OR32( 04-DEC-2017 ),8,MAXI CAB,0,0,0,1,0,0,0,0,0,0,0,0,1
2022,Odisha,BHANJANAGAR RTO - OR32( 04-DEC-2017 ),9,M-CYCLE/SCOOTER,540,605,779,847,553,416,360,321,414,960,547,438,"6,780"
2022,Odisha,BHANJANAGAR RTO - OR32( 04-DEC-2017 ),10,MOPED,62,44,65,73,64,74,45,60,50,116,57,46,756
2022,Odisha,BHANJANAGAR RTO - OR32( 04-DEC-2017 ),11,MOTOR CAB,2,1,1,4,5,4,3,7,2,0,3,0,32
2022,Odisha,BHANJANAGAR RTO - OR32( 04-DEC-2017 ),12,MOTOR CAR,22,17,19,13,12,13,13,16,24,18,14,8,189
2022,Odisha,BHANJANAGAR RTO - OR32( 04-DEC-2017 ),13,MOTORISED CYCLE (CC > 25CC),3,2,6,5,16,17,2,2,5,13,11,5,87
2022,Odisha,BHANJANAGAR RTO - OR32( 04-DEC-2017 ),14,OMNI BUS,0,0,0,0,0,0,0,0,0,1,1,0,2
2022,Odisha,BHANJANAGAR RTO - OR32( 04-DEC-2017 ),15,THREE WHEELER (GOODS),6,3,4,4,6,4,6,5,8,7,7,4,64
2022,Odisha,BHANJANAGAR RTO - OR32( 04-DEC-2017 ),16,THREE WHEELER (PASSENGER),3,1,7,7,3,8,7,6,9,10,5,2,68
2022,Odisha,BHANJANAGAR RTO - OR32( 04-DEC-2017 ),17,TRACTOR (COMMERCIAL),2,0,0,0,4,2,0,1,0,4,2,0,15
2022,Odisha,BHANJANAGAR RTO - OR32( 04-DEC-2017 ),18,TRAILER (COMMERCIAL),2,1,0,3,1,7,0,1,0,0,1,1,17
2022,Odisha,BHANJANAGAR RTO - OR32( 04-DEC-2017 ),19,VEHICLE FITTED WITH COMPRESSOR,0,1,0,0,0,0,1,0,0,0,0,0,2
2022,Odisha,BHUBANESWAR-II RTO - OR33( 23-OCT-2017 ),1,ADAPTED VEHICLE,0,0,0,0,0,0,0,2,0,0,0,0,2
2022,Odisha,BHUBANESWAR-II RTO - OR33( 23-OCT-2017 ),2,AGRICULTURAL TRACTOR,14,12,5,5,15,20,29,12,9,4,3,6,134
2022,Odisha,BHUBANESWAR-II RTO - OR33( 23-OCT-2017 ),3,AMBULANCE,0,0,0,0,3,0,0,0,1,0,0,1,5
2022,Odisha,BHUBANESWAR-II RTO - OR33( 23-OCT-2017 ),4,ARTICULATED VEHICLE,1,0,0,2,0,2,0,0,0,0,0,0,5
2022,Odisha,BHUBANESWAR-II RTO - OR33( 23-OCT-2017 ),5,BREAKDOWN VAN,0,0,0,0,0,0,0,0,0,0,1,0,1
2022,Odisha,BHUBANESWAR-II RTO - OR33( 23-OCT-2017 ),6,BUS,0,0,0,0,2,3,5,0,0,1,2,20,33
2022,Odisha,BHUBANESWAR-II RTO - OR33( 23-OCT-2017 ),7,CAMPER VAN / TRAILER (PRIVATE USE),1,0,0,0,0,0,0,0,0,0,0,0,1
2022,Odisha,BHUBANESWAR-II RTO - OR33( 23-OCT-2017 ),8,CONSTRUCTION EQUIPMENT VEHICLE,33,21,34,41,32,22,26,29,34,35,38,44,389
2022,Odisha,BHUBANESWAR-II RTO - OR33( 23-OCT-2017 ),9,CRANE MOUNTED VEHICLE,1,0,0,0,0,0,0,0,1,0,0,0,2
2022,Odisha,BHUBANESWAR-II RTO - OR33( 23-OCT-2017 ),10,EARTH MOVING EQUIPMENT,0,0,1,0,0,0,0,0,0,0,0,1,2
2022,Odisha,BHUBANESWAR-II RTO - OR33( 23-OCT-2017 ),11,EDUCATIONAL INSTITUTION BUS,0,0,0,0,5,10,11,12,5,8,1,2,54
2022,Odisha,BHUBANESWAR-II RTO - OR33( 23-OCT-2017 ),12,E-RICKSHAW(P),7,0,1,1,1,3,2,0,3,6,1,5,30
2022,Odisha,BHUBANESWAR-II RTO - OR33( 23-OCT-2017 ),13,E-RICKSHAW WITH CART (G),3,2,2,4,3,4,2,3,0,0,0,0,23
2022,Odisha,BHUBANESWAR-II RTO - OR33( 23-OCT-2017 ),14,GOODS CARRIER,53,47,66,51,65,49,41,41,40,39,62,57,611
2022,Odisha,BHUBANESWAR-II RTO - OR33( 23-OCT-2017 ),15,MAXI CAB,1,1,1,1,3,1,4,4,2,2,0,0,20
2022,Odisha,BHUBANESWAR-II RTO - OR33( 23-OCT-2017 ),16,M-CYCLE/SCOOTER,"1,561","1,383","1,806","1,972","1,485","1,683","1,665","1,722","1,944","3,423","1,728","1,889","22,261"
2022,Odisha,BHUBANESWAR-II RTO - OR33( 23-OCT-2017 ),17,M-CYCLE/SCOOTER-WITH SIDE CAR,0,0,0,3,1,0,0,0,0,0,0,0,4
2022,Odisha,BHUBANESWAR-II RTO - OR33( 23-OCT-2017 ),18,MOPED,12,11,19,9,11,9,13,16,9,30,21,14,174
2022,Odisha,BHUBANESWAR-II RTO - OR33( 23-OCT-2017 ),19,MOTOR CAB,24,24,28,33,50,42,52,52,27,20,27,26,405
2022,Odisha,BHUBANESWAR-II RTO - OR33( 23-OCT-2017 ),20,MOTOR CAR,397,311,347,447,396,486,566,542,510,744,595,609,"5,950"
2022,Odisha,BHUBANESWAR-II RTO - OR33( 23-OCT-2017 ),21,MOTOR CYCLE/SCOOTER-USED FOR HIRE,1,0,2,2,2,2,2,3,0,5,1,0,20
2022,Odisha,BHUBANESWAR-II RTO - OR33( 23-OCT-2017 ),22,MOTORISED CYCLE (CC > 25CC),0,0,0,0,0,0,0,0,3,5,1,2,11
2022,Odisha,BHUBANESWAR-II RTO - OR33( 23-OCT-2017 ),23,OMNI BUS,1,1,1,0,0,0,0,1,1,3,3,1,12
2022,Odisha,BHUBANESWAR-II RTO - OR33( 23-OCT-2017 ),24,PRIVATE SERVICE VEHICLE,1,0,0,1,1,1,0,0,0,1,6,0,11
2022,Odisha,BHUBANESWAR-II RTO - OR33( 23-OCT-2017 ),25,THREE WHEELER (GOODS),4,3,2,4,6,9,1,4,8,11,9,8,69
2022,Odisha,BHUBANESWAR RTO - OR2( 22-JAN-2018 ),1,ADAPTED VEHICLE,0,1,0,1,0,0,0,0,0,0,0,0,2
2022,Odisha,BHUBANESWAR RTO - OR2( 22-JAN-2018 ),2,AGRICULTURAL TRACTOR,24,18,18,12,18,11,24,5,13,3,15,11,172
2022,Odisha,BHUBANESWAR RTO - OR2( 22-JAN-2018 ),3,AMBULANCE,5,9,4,10,3,3,3,1,1,2,2,0,43
2022,Odisha,BHUBANESWAR RTO - OR2( 22-JAN-2018 ),4,BREAKDOWN VAN,0,0,0,1,0,0,0,0,0,0,0,0,1
2022,Odisha,BHUBANESWAR RTO - OR2( 22-JAN-2018 ),5,BUS,4,6,6,3,2,2,1,2,3,3,10,21,63
2022,Odisha,BHUBANESWAR RTO - OR2( 22-JAN-2018 ),6,CASH VAN,17,0,0,0,0,0,0,1,0,0,0,0,18
2022,Odisha,BHUBANESWAR RTO - OR2( 22-JAN-2018 ),7,CONSTRUCTION EQUIPMENT VEHICLE,13,16,26,26,13,24,13,9,9,23,29,22,223
2022,Odisha,BHUBANESWAR RTO - OR2( 22-JAN-2018 ),8,CONSTRUCTION EQUIPMENT VEHICLE (COMMERCIAL),0,0,0,1,0,0,0,0,0,0,0,0,1
2022,Odisha,BHUBANESWAR RTO - OR2( 22-JAN-2018 ),9,CRANE MOUNTED VEHICLE,1,1,0,0,0,0,0,0,0,0,0,0,2
2022,Odisha,BHUBANESWAR RTO - OR2( 22-JAN-2018 ),10,EARTH MOVING EQUIPMENT,0,0,0,0,1,0,0,0,0,0,0,0,1
2022,Odisha,BHUBANESWAR RTO - OR2( 22-JAN-2018 ),11,EDUCATIONAL INSTITUTION BUS,0,0,1,3,15,10,6,24,8,5,2,4,78
2022,Odisha,BHUBANESWAR RTO - OR2( 22-JAN-2018 ),12,E-RICKSHAW(P),17,2,16,16,3,6,13,4,8,3,6,3,97
2022,Odisha,BHUBANESWAR RTO - OR2( 22-JAN-2018 ),13,E-RICKSHAW WITH CART (G),8,9,15,2,5,0,0,2,5,1,2,4,53
2022,Odisha,BHUBANESWAR RTO - OR2( 22-JAN-2018 ),14,FORK LIFT,2,0,1,0,0,0,0,0,0,0,0,0,3
2022,Odisha,BHUBANESWAR RTO - OR2( 22-JAN-2018 ),15,GOODS CARRIER,291,243,340,281,218,301,237,246,281,355,344,307,"3,444"
2022,Odisha,BHUBANESWAR RTO - OR2( 22-JAN-2018 ),16,HARVESTER,0,1,0,0,0,0,0,0,0,0,0,0,1
2022,Odisha,BHUBANESWAR RTO - OR2( 22-JAN-2018 ),17,MAXI CAB,5,4,10,16,8,15,17,9,18,22,13,10,147
2022,Odisha,BHUBANESWAR RTO - OR2( 22-JAN-2018 ),18,M-CYCLE/SCOOTER,"3,533","2,773","3,536","3,423","3,232","3,371","2,999","3,120","3,382","6,039","3,319","3,553","42,280"
2022,Odisha,BHUBANESWAR RTO - OR2( 22-JAN-2018 ),19,M-CYCLE/SCOOTER-WITH SIDE CAR,0,2,0,0,0,0,0,0,0,4,0,0,6
2022,Odisha,BHUBANESWAR RTO - OR2( 22-JAN-2018 ),20,MOBILE CLINIC,1,0,0,0,0,1,0,0,0,0,0,0,2
2022,Odisha,BHUBANESWAR RTO - OR2( 22-JAN-2018 ),21,MOPED,155,172,263,234,224,157,208,151,114,390,178,144,"2,390"
2022,Odisha,BHUBANESWAR RTO - OR2( 22-JAN-2018 ),22,MOTOR CAB,137,112,195,159,149,179,174,156,167,194,180,190,"1,992"
2022,Odisha,BHUBANESWAR RTO - OR2( 22-JAN-2018 ),23,MOTOR CAR,"2,305","1,976","2,402","2,029","2,184","2,280","1,929","2,158","2,215","2,504","2,220","2,431","26,633"
2022,Odisha,BHUBANESWAR RTO - OR2( 22-JAN-2018 ),24,MOTOR CYCLE/SCOOTER-USED FOR HIRE,4,5,16,7,9,0,0,4,3,5,3,5,61
2022,Odisha,BHUBANESWAR RTO - OR2( 22-JAN-2018 ),25,MOTORISED CYCLE (CC > 25CC),72,66,75,82,73,62,39,33,85,134,94,55,870
2022,Odisha,BOLANGIR RTO - OR3( 25-DEC-2017 ),1,AGRICULTURAL TRACTOR,32,43,30,45,48,45,75,35,43,50,34,41,521
2022,Odisha,BOLANGIR RTO - OR3( 25-DEC-2017 ),2,BUS,0,0,2,0,3,0,3,0,0,6,3,2,19
2022,Odisha,BOLANGIR RTO - OR3( 25-DEC-2017 ),3,CONSTRUCTION EQUIPMENT VEHICLE,3,2,2,3,3,3,3,0,0,0,2,2,23
2022,Odisha,BOLANGIR RTO - OR3( 25-DEC-2017 ),4,CRANE MOUNTED VEHICLE,1,0,0,0,0,1,0,1,0,0,2,0,5
2022,Odisha,BOLANGIR RTO - OR3( 25-DEC-2017 ),5,EDUCATIONAL INSTITUTION BUS,0,0,0,0,3,6,4,2,5,1,1,0,22
2022,Odisha,BOLANGIR RTO - OR3( 25-DEC-2017 ),6,E-RICKSHAW(P),0,0,2,0,3,1,0,1,1,0,0,1,9
2022,Odisha,BOLANGIR RTO - OR3( 25-DEC-2017 ),7,E-RICKSHAW WITH CART (G),0,1,0,2,1,1,4,3,2,0,1,2,17
2022,Odisha,BOLANGIR RTO - OR3( 25-DEC-2017 ),8,FORK LIFT,0,0,0,0,0,0,2,0,0,0,0,0,2
2022,Odisha,BOLANGIR RTO - OR3( 25-DEC-2017 ),9,GOODS CARRIER,50,33,49,46,32,40,44,37,53,67,48,67,566
2022,Odisha,BOLANGIR RTO - OR3( 25-DEC-2017 ),10,MAXI CAB,3,1,15,9,11,10,9,10,6,6,13,6,99
2022,Odisha,BOLANGIR RTO - OR3( 25-DEC-2017 ),11,M-CYCLE/SCOOTER,"2,528","2,685","2,502","2,138","1,368","1,079",894,890,820,"1,539","1,247","1,404","19,094"
2022,Odisha,BOLANGIR RTO - OR3( 25-DEC-2017 ),12,MOPED,111,98,98,51,85,65,72,46,37,74,54,77,868
2022,Odisha,BOLANGIR RTO - OR3( 25-DEC-2017 ),13,MOTOR CAB,5,1,7,3,0,2,1,0,1,1,2,1,24
2022,Odisha,BOLANGIR RTO - OR3( 25-DEC-2017 ),14,MOTOR CAR,122,117,123,109,116,98,119,101,94,118,114,143,"1,374"
2022,Odisha,BOLANGIR RTO - OR3( 25-DEC-2017 ),15,MOTORISED CYCLE (CC > 25CC),3,0,1,0,1,0,0,0,0,0,0,0,5
2022,Odisha,BOLANGIR RTO - OR3( 25-DEC-2017 ),16,OMNI BUS,0,0,0,0,0,1,0,0,0,1,0,1,3
2022,Odisha,BOLANGIR RTO - OR3( 25-DEC-2017 ),17,PRIVATE SERVICE VEHICLE,0,0,0,0,0,0,1,0,0,0,0,0,1
2022,Odisha,BOLANGIR RTO - OR3( 25-DEC-2017 ),18,THREE WHEELER (GOODS),2,1,1,5,1,3,2,1,2,4,2,3,27
2022,Odisha,BOLANGIR RTO - OR3( 25-DEC-2017 ),19,THREE WHEELER (PASSENGER),12,9,13,9,6,7,20,5,13,16,19,14,143
2022,Odisha,BOLANGIR RTO - OR3( 25-DEC-2017 ),20,TRACTOR (COMMERCIAL),5,9,1,3,6,4,4,3,0,5,1,2,43
2022,Odisha,BOLANGIR RTO - OR3( 25-DEC-2017 ),21,TRACTOR-TROLLEY(COMMERCIAL),12,12,11,10,8,3,6,1,1,2,1,4,71
2022,Odisha,BOLANGIR RTO - OR3( 25-DEC-2017 ),22,TRAILER (COMMERCIAL),1,1,0,2,3,0,1,0,1,0,0,1,10
2022,Odisha,BOUDH RTO - OR27( 23-OCT-2017 ),1,AGRICULTURAL TRACTOR,7,11,11,10,4,14,34,8,14,2,7,12,134
2022,Odisha,BOUDH RTO - OR27( 23-OCT-2017 ),2,CONSTRUCTION EQUIPMENT VEHICLE,1,2,2,2,0,4,3,0,0,0,1,0,15
2022,Odisha,BOUDH RTO - OR27( 23-OCT-2017 ),3,CRANE MOUNTED VEHICLE,0,0,0,0,0,0,1,0,1,0,0,0,2
2022,Odisha,BOUDH RTO - OR27( 23-OCT-2017 ),4,EDUCATIONAL INSTITUTION BUS,0,0,0,0,0,1,0,0,0,0,0,0,1
2022,Odisha,BOUDH RTO - OR27( 23-OCT-2017 ),5,EXCAVATOR (COMMERCIAL),0,1,0,0,0,0,0,0,0,0,0,0,1
2022,Odisha,BOUDH RTO - OR27( 23-OCT-2017 ),6,EXCAVATOR (NT),0,0,1,0,0,0,0,0,0,0,0,0,1
2022,Odisha,BOUDH RTO - OR27( 23-OCT-2017 ),7,GOODS CARRIER,9,7,7,3,5,1,4,6,12,9,9,11,83
2022,Odisha,BOUDH RTO - OR27( 23-OCT-2017 ),8,MAXI CAB,0,0,1,2,0,0,1,0,0,0,0,0,4
2022,Odisha,BOUDH RTO - OR27( 23-OCT-2017 ),9,M-CYCLE/SCOOTER,402,652,577,476,352,226,138,115,166,295,148,168,"3,715"
2022,Odisha,BOUDH RTO - OR27( 23-OCT-2017 ),10,MOPED,0,0,0,0,0,1,1,0,0,0,6,0,8
2022,Odisha,BOUDH RTO - OR27( 23-OCT-2017 ),11,MOTOR CAB,3,2,1,4,1,1,0,1,0,0,2,1,16
2022,Odisha,BOUDH RTO - OR27( 23-OCT-2017 ),12,MOTOR CAR,2,11,8,7,5,2,5,5,3,3,0,3,54
2022,Odisha,BOUDH RTO - OR27( 23-OCT-2017 ),13,MOTORISED CYCLE (CC > 25CC),3,5,5,1,1,0,0,0,0,0,0,0,15
2022,Odisha,BOUDH RTO - OR27( 23-OCT-2017 ),14,THREE WHEELER (GOODS),0,2,2,0,0,0,0,0,1,0,0,0,5
2022,Odisha,BOUDH RTO - OR27( 23-OCT-2017 ),15,THREE WHEELER (PASSENGER),2,3,3,2,1,0,3,2,3,4,4,3,30
2022,Odisha,BOUDH RTO - OR27( 23-OCT-2017 ),16,TRACTOR (COMMERCIAL),1,4,0,1,0,0,1,0,1,0,3,1,12
2022,Odisha,BOUDH RTO - OR27( 23-OCT-2017 ),17,TRACTOR-TROLLEY(COMMERCIAL),0,3,1,0,0,1,0,1,0,0,1,0,7
2022,Odisha,BOUDH RTO - OR27( 23-OCT-2017 ),18,TRAILER (COMMERCIAL),1,5,2,0,0,0,2,0,3,0,0,0,13
2022,Odisha,CHANDIKHOLE RTO - OR4( 23-OCT-2017 ),1,AGRICULTURAL TRACTOR,13,16,19,16,29,33,38,14,8,22,12,24,244
2022,Odisha,CHANDIKHOLE RTO - OR4( 23-OCT-2017 ),2,AMBULANCE,1,1,0,0,0,0,0,0,0,0,0,0,2
2022,Odisha,CHANDIKHOLE RTO - OR4( 23-OCT-2017 ),3,ARTICULATED VEHICLE,0,0,1,0,5,0,0,4,3,4,0,3,20
2022,Odisha,CHANDIKHOLE RTO - OR4( 23-OCT-2017 ),4,BUS,0,0,0,0,0,0,0,0,0,0,3,2,5
2022,Odisha,CHANDIKHOLE RTO - OR4( 23-OCT-2017 ),5,CONSTRUCTION EQUIPMENT VEHICLE,4,12,5,7,3,7,11,2,7,2,3,6,69
2022,Odisha,CHANDIKHOLE RTO - OR4( 23-OCT-2017 ),6,CRANE MOUNTED VEHICLE,1,1,3,3,2,1,4,2,2,3,3,5,30
2022,Odisha,CHANDIKHOLE RTO - OR4( 23-OCT-2017 ),7,DUMPER,16,0,0,0,0,0,0,0,0,0,0,0,16
2022,Odisha,CHANDIKHOLE RTO - OR4( 23-OCT-2017 ),8,EARTH MOVING EQUIPMENT,0,0,0,0,1,0,0,0,3,0,1,0,5
2022,Odisha,CHANDIKHOLE RTO - OR4( 23-OCT-2017 ),9,EDUCATIONAL INSTITUTION BUS,0,0,0,0,0,0,0,0,0,2,0,0,2
2022,Odisha,CHANDIKHOLE RTO - OR4( 23-OCT-2017 ),10,E-RICKSHAW(P),0,0,1,0,0,0,0,0,0,0,0,0,1
2022,Odisha,CHANDIKHOLE RTO - OR4( 23-OCT-2017 ),11,E-RICKSHAW WITH CART (G),0,0,1,0,0,0,0,0,0,0,0,0,1
2022,Odisha,CHANDIKHOLE RTO - OR4( 23-OCT-2017 ),12,EXCAVATOR (COMMERCIAL),0,0,0,2,0,0,0,3,1,2,0,0,8
2022,Odisha,CHANDIKHOLE RTO - OR4( 23-OCT-2017 ),13,FORK LIFT,1,1,0,0,0,1,0,1,0,0,0,0,4
2022,Odisha,CHANDIKHOLE RTO - OR4( 23-OCT-2017 ),14,GOODS CARRIER,68,71,84,88,71,63,61,40,60,39,63,62,770
2022,Odisha,CHANDIKHOLE RTO - OR4( 23-OCT-2017 ),15,MAXI CAB,2,0,1,0,4,3,2,0,1,0,4,4,21
2022,Odisha,CHANDIKHOLE RTO - OR4( 23-OCT-2017 ),16,M-CYCLE/SCOOTER,764,641,848,707,682,731,606,522,743,"1,571",656,668,"9,139"
2022,Odisha,CHANDIKHOLE RTO - OR4( 23-OCT-2017 ),17,MOPED,30,35,47,38,53,41,27,23,40,71,40,33,478
2022,Odisha,CHANDIKHOLE RTO - OR4( 23-OCT-2017 ),18,MOTOR CAB,3,1,7,2,3,3,5,9,11,9,1,8,62
2022,Odisha,CHANDIKHOLE RTO - OR4( 23-OCT-2017 ),19,MOTOR CAR,26,22,34,16,16,29,27,19,29,26,32,38,314
2022,Odisha,CHANDIKHOLE RTO - OR4( 23-OCT-2017 ),20,MOTOR CYCLE/SCOOTER-USED FOR HIRE,0,0,0,0,0,0,0,0,1,0,0,0,1
2022,Odisha,CHANDIKHOLE RTO - OR4( 23-OCT-2017 ),21,MOTORISED CYCLE (CC > 25CC),2,4,0,1,0,0,0,0,0,0,0,0,7
2022,Odisha,CHANDIKHOLE RTO - OR4( 23-OCT-2017 ),22,OMNI BUS,4,0,0,1,3,5,8,6,10,6,3,3,49
2022,Odisha,CHANDIKHOLE RTO - OR4( 23-OCT-2017 ),23,PRIVATE SERVICE VEHICLE,0,0,0,1,0,0,0,0,0,0,0,0,1
2022,Odisha,CHANDIKHOLE RTO - OR4( 23-OCT-2017 ),24,THREE WHEELER (GOODS),2,1,3,2,4,8,5,6,5,6,4,7,53
2022,Odisha,CHANDIKHOLE RTO - OR4( 23-OCT-2017 ),25,THREE WHEELER (PASSENGER),2,2,1,5,2,1,1,4,3,6,6,7,40
2022,Odisha,CUTTACK RTO - OR5( 31-MAY-2017 ),1,AGRICULTURAL TRACTOR,25,28,21,24,40,46,48,37,35,35,40,27,406
2022,Odisha,CUTTACK RTO - OR5( 31-MAY-2017 ),2,AMBULANCE,4,2,2,8,3,8,8,5,5,2,1,7,55
2022,Odisha,CUTTACK RTO - OR5( 31-MAY-2017 ),3,BUS,1,1,1,2,3,0,3,5,3,5,5,9,38
2022,Odisha,CUTTACK RTO - OR5( 31-MAY-2017 ),4,CONSTRUCTION EQUIPMENT VEHICLE,6,3,0,1,7,2,5,1,2,6,9,7,49
2022,Odisha,CUTTACK RTO - OR5( 31-MAY-2017 ),5,CRANE MOUNTED VEHICLE,0,1,2,1,1,0,1,0,3,1,4,1,15
2022,Odisha,CUTTACK RTO - OR5( 31-MAY-2017 ),6,EARTH MOVING EQUIPMENT,0,0,1,0,0,1,0,0,0,0,0,2,4
2022,Odisha,CUTTACK RTO - OR5( 31-MAY-2017 ),7,EDUCATIONAL INSTITUTION BUS,1,0,1,5,4,28,3,9,0,1,3,1,56
2022,Odisha,CUTTACK RTO - OR5( 31-MAY-2017 ),8,E-RICKSHAW(P),5,5,11,7,2,1,2,3,0,2,3,1,42
2022,Odisha,CUTTACK RTO - OR5( 31-MAY-2017 ),9,E-RICKSHAW WITH CART (G),6,7,13,15,7,5,3,6,1,1,0,2,66
2022,Odisha,CUTTACK RTO - OR5( 31-MAY-2017 ),10,FIRE TENDERS,0,1,0,0,0,0,0,0,0,0,0,0,1
2022,Odisha,CUTTACK RTO - OR5( 31-MAY-2017 ),11,FORK LIFT,0,0,0,1,0,1,1,0,0,1,2,0,6
2022,Odisha,CUTTACK RTO - OR5( 31-MAY-2017 ),12,GOODS CARRIER,181,134,242,180,188,230,207,203,201,210,201,219,"2,396"
2022,Odisha,CUTTACK RTO - OR5( 31-MAY-2017 ),13,MAXI CAB,3,6,5,5,4,3,14,10,3,11,5,1,70
2022,Odisha,CUTTACK RTO - OR5( 31-MAY-2017 ),14,M-CYCLE/SCOOTER,"3,327","2,795","3,408","3,179","2,901","3,295","2,675","2,964","3,475","6,621","3,140","3,346","41,126"
2022,Odisha,CUTTACK RTO - OR5( 31-MAY-2017 ),15,M-CYCLE/SCOOTER-WITH SIDE CAR,0,0,0,0,1,0,1,0,0,0,1,0,3
2022,Odisha,CUTTACK RTO - OR5( 31-MAY-2017 ),16,MOBILE CLINIC,0,0,0,0,0,0,0,0,0,1,0,0,1
2022,Odisha,CUTTACK RTO - OR5( 31-MAY-2017 ),17,MOPED,92,53,61,67,68,65,56,47,75,150,68,59,861
2022,Odisha,CUTTACK RTO - OR5( 31-MAY-2017 ),18,MOTOR CAB,27,25,68,52,52,65,58,82,44,41,40,40,594
2022,Odisha,CUTTACK RTO - OR5( 31-MAY-2017 ),19,MOTOR CAR,502,424,452,483,486,512,460,525,567,571,548,600,"6,130"
2022,Odisha,CUTTACK RTO - OR5( 31-MAY-2017 ),20,MOTOR CYCLE/SCOOTER-USED FOR HIRE,1,0,0,0,1,0,0,0,0,1,13,0,16
2022,Odisha,CUTTACK RTO - OR5( 31-MAY-2017 ),21,MOTORISED CYCLE (CC > 25CC),6,7,6,6,2,6,14,9,29,13,9,10,117
2022,Odisha,CUTTACK RTO - OR5( 31-MAY-2017 ),22,OMNI BUS,1,2,1,3,4,4,2,3,4,8,13,14,59
2022,Odisha,CUTTACK RTO - OR5( 31-MAY-2017 ),23,OMNI BUS (PRIVATE USE),1,0,2,34,0,1,1,0,0,0,0,0,39
2022,Odisha,CUTTACK RTO - OR5( 31-MAY-2017 ),24,PRIVATE SERVICE VEHICLE,2,0,0,0,0,0,0,1,2,1,0,2,8
2022,Odisha,CUTTACK RTO - OR5( 31-MAY-2017 ),25,RECOVERY VEHICLE,0,0,0,1,0,0,0,0,0,0,0,0,1
2022,Odisha,DEOGARH RTO - OR28( 23-OCT-2017 ),1,AGRICULTURAL TRACTOR,20,13,12,14,20,17,24,2,8,11,37,22,200
2022,Odisha,DEOGARH RTO - OR28( 23-OCT-2017 ),2,BUS,1,0,2,1,1,0,1,0,0,0,1,2,9
2022,Odisha,DEOGARH RTO - OR28( 23-OCT-2017 ),3,CONSTRUCTION EQUIPMENT VEHICLE,0,2,0,0,2,0,0,0,0,1,0,2,7
2022,Odisha,DEOGARH RTO - OR28( 23-OCT-2017 ),4,E-RICKSHAW(P),1,0,1,0,0,0,2,0,0,0,0,0,4
2022,Odisha,DEOGARH RTO - OR28( 23-OCT-2017 ),5,E-RICKSHAW WITH CART (G),0,0,0,0,0,0,0,0,0,7,0,0,7
2022,Odisha,DEOGARH RTO - OR28( 23-OCT-2017 ),6,GOODS CARRIER,5,0,2,6,1,7,7,4,5,8,2,5,52
2022,Odisha,DEOGARH RTO - OR28( 23-OCT-2017 ),7,MAXI CAB,1,0,0,1,0,0,0,2,0,1,0,0,5
2022,Odisha,DEOGARH RTO - OR28( 23-OCT-2017 ),8,M-CYCLE/SCOOTER,175,165,229,185,170,158,148,110,120,334,137,161,"2,092"
2022,Odisha,DEOGARH RTO - OR28( 23-OCT-2017 ),9,M-CYCLE/SCOOTER-WITH SIDE CAR,0,1,0,0,0,0,0,0,0,2,0,0,3
2022,Odisha,DEOGARH RTO - OR28( 23-OCT-2017 ),10,MOPED,1,3,4,4,7,2,2,7,5,5,0,11,51
2022,Odisha,DEOGARH RTO - OR28( 23-OCT-2017 ),11,MOTOR CAB,0,0,3,3,1,0,1,1,1,0,0,2,12
2022,Odisha,DEOGARH RTO - OR28( 23-OCT-2017 ),12,MOTOR CAR,10,13,10,7,11,5,7,7,7,12,10,12,111
2022,Odisha,DEOGARH RTO - OR28( 23-OCT-2017 ),13,MOTORISED CYCLE (CC > 25CC),0,1,4,2,1,0,0,0,0,0,0,0,8
2022,Odisha,DEOGARH RTO - OR28( 23-OCT-2017 ),14,OMNI BUS,0,0,0,1,0,0,1,0,0,0,0,0,2
2022,Odisha,DEOGARH RTO - OR28( 23-OCT-2017 ),15,THREE WHEELER (GOODS),2,1,2,0,1,0,0,0,4,1,1,0,12
2022,Odisha,DEOGARH RTO - OR28( 23-OCT-2017 ),16,THREE WHEELER (PASSENGER),2,1,4,4,5,2,5,3,2,7,7,5,47
2022,Odisha,DEOGARH RTO - OR28( 23-OCT-2017 ),17,TRACTOR (COMMERCIAL),1,1,0,1,0,0,1,0,0,1,1,0,6
2022,Odisha,DEOGARH RTO - OR28( 23-OCT-2017 ),18,TRACTOR-TROLLEY(COMMERCIAL),0,1,0,0,2,0,0,0,0,0,1,0,4
2022,Odisha,DEOGARH RTO - OR28( 23-OCT-2017 ),19,TRAILER (COMMERCIAL),1,0,0,0,1,1,0,1,0,0,0,0,4
2022,Odisha,DHENKANAL RTO - OR6( 07-NOV-2017 ),1,AGRICULTURAL TRACTOR,22,15,12,26,47,45,42,37,22,15,12,13,308
2022,Odisha,DHENKANAL RTO - OR6( 07-NOV-2017 ),2,AMBULANCE,0,0,1,0,0,0,0,0,0,0,0,0,1
2022,Odisha,DHENKANAL RTO - OR6( 07-NOV-2017 ),3,BUS,0,1,0,1,0,0,0,0,0,0,0,0,2
2022,Odisha,DHENKANAL RTO - OR6( 07-NOV-2017 ),4,CONSTRUCTION EQUIPMENT VEHICLE,2,4,2,4,3,2,2,1,1,2,5,5,33
2022,Odisha,DHENKANAL RTO - OR6( 07-NOV-2017 ),5,CRANE MOUNTED VEHICLE,0,0,0,0,1,0,0,0,0,0,0,0,1
2022,Odisha,DHENKANAL RTO - OR6( 07-NOV-2017 ),6,EARTH MOVING EQUIPMENT,0,0,1,1,0,2,0,0,0,0,0,0,4
2022,Odisha,DHENKANAL RTO - OR6( 07-NOV-2017 ),7,EDUCATIONAL INSTITUTION BUS,0,0,0,0,1,0,0,0,1,0,0,0,2
2022,Odisha,DHENKANAL RTO - OR6( 07-NOV-2017 ),8,E-RICKSHAW(P),0,0,0,1,0,0,0,0,0,0,0,0,1
2022,Odisha,DHENKANAL RTO - OR6( 07-NOV-2017 ),9,E-RICKSHAW WITH CART (G),1,0,0,1,0,0,0,0,1,0,0,0,3
2022,Odisha,DHENKANAL RTO - OR6( 07-NOV-2017 ),10,EXCAVATOR (NT),0,1,0,1,0,0,0,0,0,0,0,0,2
2022,Odisha,DHENKANAL RTO - OR6( 07-NOV-2017 ),11,FORK LIFT,0,1,0,0,0,0,0,0,0,0,0,0,1
2022,Odisha,DHENKANAL RTO - OR6( 07-NOV-2017 ),12,GOODS CARRIER,11,8,19,19,20,28,16,9,29,21,28,18,226
2022,Odisha,DHENKANAL RTO - OR6( 07-NOV-2017 ),13,MAXI CAB,0,1,0,1,1,3,0,1,1,0,1,4,13
2022,Odisha,DHENKANAL RTO - OR6( 07-NOV-2017 ),14,M-CYCLE/SCOOTER,684,565,728,616,536,689,470,529,675,"1,317",599,575,"7,983"
2022,Odisha,DHENKANAL RTO - OR6( 07-NOV-2017 ),15,M-CYCLE/SCOOTER-WITH SIDE CAR,1,0,0,0,0,1,0,0,0,0,0,0,2
2022,Odisha,DHENKANAL RTO - OR6( 07-NOV-2017 ),16,MOPED,36,38,49,50,36,42,26,32,37,88,42,38,514
2022,Odisha,DHENKANAL RTO - OR6( 07-NOV-2017 ),17,MOTOR CAB,1,4,5,1,3,1,1,3,0,1,3,0,23
2022,Odisha,DHENKANAL RTO - OR6( 07-NOV-2017 ),18,MOTOR CAR,22,16,37,23,27,27,26,26,27,36,22,25,314
2022,Odisha,DHENKANAL RTO - OR6( 07-NOV-2017 ),19,MOTOR CYCLE/SCOOTER-USED FOR HIRE,0,0,0,0,0,0,0,0,1,0,0,0,1
2022,Odisha,DHENKANAL RTO - OR6( 07-NOV-2017 ),20,MOTORISED CYCLE (CC > 25CC),1,6,4,5,1,1,2,1,2,7,5,1,36
2022,Odisha,DHENKANAL RTO - OR6( 07-NOV-2017 ),21,OMNI BUS,1,1,0,0,0,0,0,1,1,0,0,1,5
2022,Odisha,DHENKANAL RTO - OR6( 07-NOV-2017 ),22,PRIVATE SERVICE VEHICLE,0,0,0,0,2,1,1,0,0,0,0,0,4
2022,Odisha,DHENKANAL RTO - OR6( 07-NOV-2017 ),23,THREE WHEELER (GOODS),5,2,7,3,3,3,4,1,0,9,2,2,41
2022,Odisha,DHENKANAL RTO - OR6( 07-NOV-2017 ),24,THREE WHEELER (PASSENGER),0,1,1,0,2,2,2,3,4,3,9,0,27
2022,Odisha,DHENKANAL RTO - OR6( 07-NOV-2017 ),25,TRACTOR (COMMERCIAL),2,1,3,0,1,0,1,0,2,1,1,0,12
2022,Odisha,GAJAPATI RTO - OR20( 07-NOV-2017 ),1,AGRICULTURAL TRACTOR,5,2,12,2,7,8,5,3,1,5,4,1,55
2022,Odisha,GAJAPATI RTO - OR20( 07-NOV-2017 ),2,AMBULANCE,0,0,0,0,0,0,0,0,0,0,1,0,1
2022,Odisha,GAJAPATI RTO - OR20( 07-NOV-2017 ),3,CONSTRUCTION EQUIPMENT VEHICLE,0,2,0,0,0,0,0,0,0,0,1,0,3
2022,Odisha,GAJAPATI RTO - OR20( 07-NOV-2017 ),4,E-RICKSHAW WITH CART (G),0,0,0,0,0,0,0,1,0,0,0,0,1
2022,Odisha,GAJAPATI RTO - OR20( 07-NOV-2017 ),5,GOODS CARRIER,1,2,0,1,1,0,0,1,3,0,5,1,15
2022,Odisha,GAJAPATI RTO - OR20( 07-NOV-2017 ),6,M-CYCLE/SCOOTER,272,272,311,321,365,262,211,211,214,346,179,216,"3,180"
2022,Odisha,GAJAPATI RTO - OR20( 07-NOV-2017 ),7,MOPED,0,0,0,0,0,0,0,8,3,7,1,2,21
2022,Odisha,GAJAPATI RTO - OR20( 07-NOV-2017 ),8,MOTOR CAB,3,1,1,2,0,2,0,2,2,0,1,2,16
2022,Odisha,GAJAPATI RTO - OR20( 07-NOV-2017 ),9,MOTOR CAR,22,10,13,17,5,8,13,12,8,11,8,6,133
2022,Odisha,GAJAPATI RTO - OR20( 07-NOV-2017 ),10,MOTORISED CYCLE (CC > 25CC),19,18,24,21,51,21,14,10,12,31,7,4,232
2022,Odisha,GAJAPATI RTO - OR20( 07-NOV-2017 ),11,THREE WHEELER (GOODS),0,3,2,0,2,0,0,0,0,1,0,0,8
2022,Odisha,GAJAPATI RTO - OR20( 07-NOV-2017 ),12,THREE WHEELER (PASSENGER),1,5,3,2,5,5,9,1,7,7,2,6,53
2022,Odisha,GAJAPATI RTO - OR20( 07-NOV-2017 ),13,TRACTOR (COMMERCIAL),9,3,3,2,2,6,1,2,5,1,0,1,35
2022,Odisha,GAJAPATI RTO - OR20( 07-NOV-2017 ),14,TRAILER (COMMERCIAL),7,3,7,5,1,3,3,0,0,3,2,0,34
2022,Odisha,GANJAM RTO - OR7( 04-DEC-2017 ),1,AGRICULTURAL TRACTOR,10,36,29,17,40,48,57,39,40,21,41,39,417
2022,Odisha,GANJAM RTO - OR7( 04-DEC-2017 ),2,AMBULANCE,0,0,0,0,0,1,0,0,0,1,4,0,6
2022,Odisha,GANJAM RTO - OR7( 04-DEC-2017 ),3,ARTICULATED VEHICLE,0,0,0,0,0,2,0,0,3,2,0,0,7
2022,Odisha,GANJAM RTO - OR7( 04-DEC-2017 ),4,BUS,2,0,0,2,2,2,2,1,1,4,5,5,26
2022,Odisha,GANJAM RTO - OR7( 04-DEC-2017 ),5,CONSTRUCTION EQUIPMENT VEHICLE,0,9,4,6,2,4,3,3,3,1,3,2,40
2022,Odisha,GANJAM RTO - OR7( 04-DEC-2017 ),6,CRANE MOUNTED VEHICLE,0,1,0,2,1,0,0,1,0,1,0,0,6
2022,Odisha,GANJAM RTO - OR7( 04-DEC-2017 ),7,EARTH MOVING EQUIPMENT,0,0,0,0,0,1,0,0,0,0,0,0,1
2022,Odisha,GANJAM RTO - OR7( 04-DEC-2017 ),8,EDUCATIONAL INSTITUTION BUS,1,0,0,0,0,1,3,0,2,2,7,3,19
2022,Odisha,GANJAM RTO - OR7( 04-DEC-2017 ),9,E-RICKSHAW(P),1,4,4,1,6,2,3,2,1,7,4,8,43
2022,Odisha,GANJAM RTO - OR7( 04-DEC-2017 ),10,E-RICKSHAW WITH CART (G),2,3,1,0,0,4,0,1,2,4,2,0,19
2022,Odisha,GANJAM RTO - OR7( 04-DEC-2017 ),11,GOODS CARRIER,83,59,68,55,45,49,68,60,51,54,63,54,709
2022,Odisha,GANJAM RTO - OR7( 04-DEC-2017 ),12,MAXI CAB,0,1,2,1,2,0,1,3,1,0,0,2,13
2022,Odisha,GANJAM RTO - OR7( 04-DEC-2017 ),13,M-CYCLE/SCOOTER,"2,148","2,119","2,503","2,626","2,180","1,781","1,806","1,494","1,648","3,447","2,149","1,913","25,814"
2022,Odisha,GANJAM RTO - OR7( 04-DEC-2017 ),14,M-CYCLE/SCOOTER-WITH SIDE CAR,0,0,0,0,0,0,0,0,0,1,0,0,1
2022,Odisha,GANJAM RTO - OR7( 04-DEC-2017 ),15,MOPED,143,148,164,150,169,173,163,103,85,278,152,103,"1,831"
2022,Odisha,GANJAM RTO - OR7( 04-DEC-2017 ),16,MOTOR CAB,4,2,6,3,7,3,5,4,4,2,2,3,45
2022,Odisha,GANJAM RTO - OR7( 04-DEC-2017 ),17,MOTOR CAR,187,150,200,156,169,144,135,128,131,139,107,132,"1,778"
2022,Odisha,GANJAM RTO - OR7( 04-DEC-2017 ),18,MOTORISED CYCLE (CC > 25CC),194,195,198,273,219,180,161,129,124,341,138,131,"2,283"
2022,Odisha,GANJAM RTO - OR7( 04-DEC-2017 ),19,OMNI BUS,2,0,0,0,0,0,0,1,0,2,1,3,9
2022,Odisha,GANJAM RTO - OR7( 04-DEC-2017 ),20,PRIVATE SERVICE VEHICLE,0,1,1,0,0,0,0,0,0,0,0,0,2
2022,Odisha,GANJAM RTO - OR7( 04-DEC-2017 ),21,PRIVATE SERVICE VEHICLE (INDIVIDUAL USE),1,1,0,0,0,0,1,0,0,0,0,0,3
2022,Odisha,GANJAM RTO - OR7( 04-DEC-2017 ),22,THREE WHEELER (GOODS),17,15,22,21,15,13,15,28,21,23,20,27,237
2022,Odisha,GANJAM RTO - OR7( 04-DEC-2017 ),23,THREE WHEELER (PASSENGER),26,15,35,22,19,22,26,17,37,33,49,26,327
2022,Odisha,GANJAM RTO - OR7( 04-DEC-2017 ),24,TRACTOR (COMMERCIAL),5,1,4,5,3,36,29,3,4,5,8,4,107
2022,Odisha,GANJAM RTO - OR7( 04-DEC-2017 ),25,TRAILER (COMMERCIAL),0,1,3,1,1,2,0,71,0,1,1,0,81
2022,Odisha,JAGATSINGHPUR RTO - OR21( 04-DEC-2017 ),1,AGRICULTURAL TRACTOR,13,10,12,11,16,26,30,30,20,13,18,14,213
2022,Odisha,JAGATSINGHPUR RTO - OR21( 04-DEC-2017 ),2,AMBULANCE,0,0,0,1,0,0,0,0,0,0,0,0,1
2022,Odisha,JAGATSINGHPUR RTO - OR21( 04-DEC-2017 ),3,BUS,0,0,0,0,0,1,0,0,0,0,0,1,2
2022,Odisha,JAGATSINGHPUR RTO - OR21( 04-DEC-2017 ),4,CONSTRUCTION EQUIPMENT VEHICLE,0,1,1,1,0,3,2,3,0,2,2,3,18
2022,Odisha,JAGATSINGHPUR RTO - OR21( 04-DEC-2017 ),5,CRANE MOUNTED VEHICLE,1,0,3,1,0,3,2,0,2,0,1,3,16
2022,Odisha,JAGATSINGHPUR RTO - OR21( 04-DEC-2017 ),6,DUMPER,0,0,0,1,0,0,0,0,0,0,0,0,1
2022,Odisha,JAGATSINGHPUR RTO - OR21( 04-DEC-2017 ),7,EARTH MOVING EQUIPMENT,1,0,0,3,0,0,0,0,1,0,0,0,5
2022,Odisha,JAGATSINGHPUR RTO - OR21( 04-DEC-2017 ),8,FIRE TENDERS,0,0,2,2,0,0,0,0,1,0,0,0,5
2022,Odisha,JAGATSINGHPUR RTO - OR21( 04-DEC-2017 ),9,GOODS CARRIER,13,7,8,12,18,14,20,7,18,14,15,17,163
2022,Odisha,JAGATSINGHPUR RTO - OR21( 04-DEC-2017 ),10,MAXI CAB,0,0,0,0,0,0,2,0,0,0,0,0,2
2022,Odisha,JAGATSINGHPUR RTO - OR21( 04-DEC-2017 ),11,M-CYCLE/SCOOTER,805,674,799,771,750,949,726,590,729,"1,792",831,771,"10,187"
2022,Odisha,JAGATSINGHPUR RTO - OR21( 04-DEC-2017 ),12,MOPED,18,20,19,20,13,18,9,12,10,24,11,6,180
2022,Odisha,JAGATSINGHPUR RTO - OR21( 04-DEC-2017 ),13,MOTOR CAB,2,2,1,0,1,0,0,1,1,1,1,2,12
2022,Odisha,JAGATSINGHPUR RTO - OR21( 04-DEC-2017 ),14,MOTOR CAR,5,4,4,6,7,7,6,5,5,8,9,3,69
2022,Odisha,JAGATSINGHPUR RTO - OR21( 04-DEC-2017 ),15,OMNI BUS,0,0,0,0,0,0,0,0,0,1,1,0,2
2022,Odisha,JAGATSINGHPUR RTO - OR21( 04-DEC-2017 ),16,THREE WHEELER (GOODS),3,2,1,0,3,1,1,1,0,0,0,2,14
2022,Odisha,JAGATSINGHPUR RTO - OR21( 04-DEC-2017 ),17,THREE WHEELER (PASSENGER),0,1,0,0,2,0,1,1,1,0,1,0,7
2022,Odisha,JAGATSINGHPUR RTO - OR21( 04-DEC-2017 ),18,TRACTOR (COMMERCIAL),7,8,3,7,9,6,4,5,6,6,8,13,82
2022,Odisha,JAGATSINGHPUR RTO - OR21( 04-DEC-2017 ),19,TRAILER (COMMERCIAL),6,11,5,8,9,7,5,0,3,5,13,9,81
2022,Odisha,JAJPUR RTO - OR34( 23-OCT-2017 ),1,AGRICULTURAL TRACTOR,25,4,35,23,29,29,38,29,18,27,25,17,299
2022,Odisha,JAJPUR RTO - OR34( 23-OCT-2017 ),2,AMBULANCE,0,1,0,0,0,0,0,0,0,0,0,0,1
2022,Odisha,JAJPUR RTO - OR34( 23-OCT-2017 ),3,ARTICULATED VEHICLE,1,0,0,0,0,0,1,0,0,0,0,0,2
2022,Odisha,JAJPUR RTO - OR34( 23-OCT-2017 ),4,CONSTRUCTION EQUIPMENT VEHICLE,4,1,4,1,5,4,4,6,2,4,7,3,45
2022,Odisha,JAJPUR RTO - OR34( 23-OCT-2017 ),5,CONSTRUCTION EQUIPMENT VEHICLE (COMMERCIAL),1,0,0,0,0,0,0,0,0,0,0,0,1
2022,Odisha,JAJPUR RTO - OR34( 23-OCT-2017 ),6,CRANE MOUNTED VEHICLE,0,5,2,2,1,0,0,1,2,0,7,2,22
2022,Odisha,JAJPUR RTO - OR34( 23-OCT-2017 ),7,EARTH MOVING EQUIPMENT,0,3,0,0,0,1,0,1,0,0,2,3,10
2022,Odisha,JAJPUR RTO - OR34( 23-OCT-2017 ),8,EDUCATIONAL INSTITUTION BUS,0,0,0,2,3,0,1,4,1,0,0,0,11
2022,Odisha,JAJPUR RTO - OR34( 23-OCT-2017 ),9,E-RICKSHAW(P),1,0,0,0,1,0,0,0,0,0,0,0,2
2022,Odisha,JAJPUR RTO - OR34( 23-OCT-2017 ),10,EXCAVATOR (COMMERCIAL),0,0,0,0,3,0,2,2,0,0,0,1,8
2022,Odisha,JAJPUR RTO - OR34( 23-OCT-2017 ),11,GOODS CARRIER,36,26,37,25,26,34,33,25,27,29,26,38,362
2022,Odisha,JAJPUR RTO - OR34( 23-OCT-2017 ),12,MAXI CAB,2,1,0,2,2,4,3,3,2,3,2,3,27
2022,Odisha,JAJPUR RTO - OR34( 23-OCT-2017 ),13,M-CYCLE/SCOOTER,"1,194","1,021","1,219","1,243","1,191","1,341","1,066","1,037","1,097","2,658","1,503","1,238","15,808"
2022,Odisha,JAJPUR RTO - OR34( 23-OCT-2017 ),14,M-CYCLE/SCOOTER-WITH SIDE CAR,0,0,0,0,0,0,0,0,0,0,1,0,1
2022,Odisha,JAJPUR RTO - OR34( 23-OCT-2017 ),15,MOPED,10,2,12,9,6,15,6,6,10,28,13,8,125
2022,Odisha,JAJPUR RTO - OR34( 23-OCT-2017 ),16,MOTOR CAB,6,2,11,7,9,13,19,10,20,14,14,12,137
2022,Odisha,JAJPUR RTO - OR34( 23-OCT-2017 ),17,MOTOR CAR,38,20,33,28,19,28,29,44,38,40,39,50,406
2022,Odisha,JAJPUR RTO - OR34( 23-OCT-2017 ),18,MOTORISED CYCLE (CC > 25CC),0,0,0,1,1,3,3,0,1,2,0,5,16
2022,Odisha,JAJPUR RTO - OR34( 23-OCT-2017 ),19,OMNI BUS,3,1,4,4,1,3,6,9,9,9,10,10,69
2022,Odisha,JAJPUR RTO - OR34( 23-OCT-2017 ),20,PRIVATE SERVICE VEHICLE,1,0,0,0,0,0,0,0,1,0,0,0,2
2022,Odisha,JAJPUR RTO - OR34( 23-OCT-2017 ),21,THREE WHEELER (GOODS),11,11,18,16,16,15,18,12,15,15,17,13,177
2022,Odisha,JAJPUR RTO - OR34( 23-OCT-2017 ),22,THREE WHEELER (PASSENGER),1,9,6,4,8,9,6,7,10,19,15,21,115
2022,Odisha,JAJPUR RTO - OR34( 23-OCT-2017 ),23,TRACTOR (COMMERCIAL),2,2,2,2,3,2,1,3,0,2,4,2,25
2022,Odisha,JAJPUR RTO - OR34( 23-OCT-2017 ),24,TRACTOR-TROLLEY(COMMERCIAL),0,0,0,0,0,2,0,1,0,0,2,1,6
2022,Odisha,JAJPUR RTO - OR34( 23-OCT-2017 ),25,TRAILER (COMMERCIAL),7,5,8,3,5,2,9,2,2,2,4,7,56
2022,Odisha,JHARSUGUDA RTO - OR23( 07-NOV-2017 ),1,AGRICULTURAL TRACTOR,11,2,8,12,11,23,19,18,8,11,20,9,152
2022,Odisha,JHARSUGUDA RTO - OR23( 07-NOV-2017 ),2,AMBULANCE,0,1,5,0,0,0,0,0,0,0,0,0,6
2022,Odisha,JHARSUGUDA RTO - OR23( 07-NOV-2017 ),3,ARMOURED/SPECIALISED VEHICLE,0,0,0,0,0,0,0,0,0,1,0,0,1
2022,Odisha,JHARSUGUDA RTO - OR23( 07-NOV-2017 ),4,ARTICULATED VEHICLE,0,0,0,0,0,0,0,0,0,14,24,14,52
2022,Odisha,JHARSUGUDA RTO - OR23( 07-NOV-2017 ),5,BUS,1,0,3,0,1,1,0,3,3,3,3,3,21
2022,Odisha,JHARSUGUDA RTO - OR23( 07-NOV-2017 ),6,CONSTRUCTION EQUIPMENT VEHICLE,23,12,24,14,15,28,10,16,7,15,15,13,192
2022,Odisha,JHARSUGUDA RTO - OR23( 07-NOV-2017 ),7,CRANE MOUNTED VEHICLE,1,2,4,5,2,5,3,7,5,3,5,4,46
2022,Odisha,JHARSUGUDA RTO - OR23( 07-NOV-2017 ),8,EARTH MOVING EQUIPMENT,0,5,3,3,5,1,0,0,0,0,0,0,17
2022,Odisha,JHARSUGUDA RTO - OR23( 07-NOV-2017 ),9,EDUCATIONAL INSTITUTION BUS,0,0,2,3,2,1,1,1,1,0,0,2,13
2022,Odisha,JHARSUGUDA RTO - OR23( 07-NOV-2017 ),10,E-RICKSHAW(P),0,0,0,1,0,0,1,2,4,2,6,6,22
2022,Odisha,JHARSUGUDA RTO - OR23( 07-NOV-2017 ),11,E-RICKSHAW WITH CART (G),0,0,0,2,1,0,0,0,1,1,1,4,10
2022,Odisha,JHARSUGUDA RTO - OR23( 07-NOV-2017 ),12,EXCAVATOR (NT),0,0,0,1,0,0,4,2,2,2,1,1,13
2022,Odisha,JHARSUGUDA RTO - OR23( 07-NOV-2017 ),13,FIRE FIGHTING VEHICLE,0,0,0,0,0,0,0,1,0,0,0,0,1
2022,Odisha,JHARSUGUDA RTO - OR23( 07-NOV-2017 ),14,FORK LIFT,3,8,13,4,0,1,11,1,1,1,0,1,44
2022,Odisha,JHARSUGUDA RTO - OR23( 07-NOV-2017 ),15,GOODS CARRIER,128,47,50,78,119,35,112,99,82,61,59,46,916
2022,Odisha,JHARSUGUDA RTO - OR23( 07-NOV-2017 ),16,MAXI CAB,2,5,3,3,3,6,1,3,1,0,3,5,35
2022,Odisha,JHARSUGUDA RTO - OR23( 07-NOV-2017 ),17,M-CYCLE/SCOOTER,852,805,898,835,816,781,809,658,657,"1,557",983,721,"10,372"
2022,Odisha,JHARSUGUDA RTO - OR23( 07-NOV-2017 ),18,M-CYCLE/SCOOTER-WITH SIDE CAR,1,0,0,0,0,0,0,0,0,0,0,0,1
2022,Odisha,JHARSUGUDA RTO - OR23( 07-NOV-2017 ),19,MOPED,79,81,91,76,79,75,59,55,58,143,84,58,938
2022,Odisha,JHARSUGUDA RTO - OR23( 07-NOV-2017 ),20,MOTOR CAB,7,7,9,12,6,9,14,8,13,4,9,11,109
2022,Odisha,JHARSUGUDA RTO - OR23( 07-NOV-2017 ),21,MOTOR CAR,111,123,166,116,120,126,103,114,135,168,150,134,"1,566"
2022,Odisha,JHARSUGUDA RTO - OR23( 07-NOV-2017 ),22,MOTORISED CYCLE (CC > 25CC),1,0,0,0,0,0,0,0,0,0,0,0,1
2022,Odisha,JHARSUGUDA RTO - OR23( 07-NOV-2017 ),23,OMNI BUS,3,17,11,3,4,5,2,10,11,7,4,5,82
2022,Odisha,JHARSUGUDA RTO - OR23( 07-NOV-2017 ),24,OMNI BUS (PRIVATE USE),0,0,0,1,0,0,0,0,0,0,0,0,1
2022,Odisha,JHARSUGUDA RTO - OR23( 07-NOV-2017 ),25,PRIVATE SERVICE VEHICLE,1,0,0,2,0,1,4,3,2,0,2,0,15
2022,Odisha,KALAHANDI RTO - OR8( 23-OCT-2017 ),1,AGRICULTURAL TRACTOR,38,33,25,27,39,45,64,31,13,27,54,66,462
2022,Odisha,KALAHANDI RTO - OR8( 23-OCT-2017 ),2,AMBULANCE,0,0,0,0,1,0,0,0,0,0,0,0,1
2022,Odisha,KALAHANDI RTO - OR8( 23-OCT-2017 ),3,BUS,0,0,0,0,0,0,0,1,1,1,0,2,5
2022,Odisha,KALAHANDI RTO - OR8( 23-OCT-2017 ),4,CONSTRUCTION EQUIPMENT VEHICLE,9,6,4,6,8,4,2,2,3,7,4,8,63
2022,Odisha,KALAHANDI RTO - OR8( 23-OCT-2017 ),5,CONSTRUCTION EQUIPMENT VEHICLE (COMMERCIAL),0,0,0,0,0,0,0,0,0,0,0,1,1
2022,Odisha,KALAHANDI RTO - OR8( 23-OCT-2017 ),6,CRANE MOUNTED VEHICLE,0,1,0,1,1,0,0,0,0,0,0,1,4
2022,Odisha,KALAHANDI RTO - OR8( 23-OCT-2017 ),7,EDUCATIONAL INSTITUTION BUS,0,0,1,2,0,2,2,1,1,1,0,0,10
2022,Odisha,KALAHANDI RTO - OR8( 23-OCT-2017 ),8,E-RICKSHAW(P),0,0,1,0,0,0,0,0,0,0,0,0,1
2022,Odisha,KALAHANDI RTO - OR8( 23-OCT-2017 ),9,E-RICKSHAW WITH CART (G),2,0,4,0,1,0,1,0,1,0,0,0,9
2022,Odisha,KALAHANDI RTO - OR8( 23-OCT-2017 ),10,GOODS CARRIER,29,57,43,47,26,29,46,40,49,59,51,37,513
2022,Odisha,KALAHANDI RTO - OR8( 23-OCT-2017 ),11,MAXI CAB,5,6,11,9,7,11,8,11,10,9,10,9,106
2022,Odisha,KALAHANDI RTO - OR8( 23-OCT-2017 ),12,M-CYCLE/SCOOTER,"2,101","2,429","2,159","1,770","1,192","1,000",681,737,970,"1,592",833,"1,022","16,486"
2022,Odisha,KALAHANDI RTO - OR8( 23-OCT-2017 ),13,MOPED,92,62,60,53,41,26,40,32,30,59,35,57,587
2022,Odisha,KALAHANDI RTO - OR8( 23-OCT-2017 ),14,MOTOR CAB,2,1,0,0,2,3,3,1,0,1,0,2,15
2022,Odisha,KALAHANDI RTO - OR8( 23-OCT-2017 ),15,MOTOR CAR,101,73,87,91,69,81,64,50,78,95,78,104,971
2022,Odisha,KALAHANDI RTO - OR8( 23-OCT-2017 ),16,MOTORISED CYCLE (CC > 25CC),0,2,0,0,0,0,0,0,0,1,0,0,3
2022,Odisha,KALAHANDI RTO - OR8( 23-OCT-2017 ),17,OMNI BUS,0,0,0,1,0,1,0,0,0,0,0,2,4
2022,Odisha,KALAHANDI RTO - OR8( 23-OCT-2017 ),18,OMNI BUS (PRIVATE USE),0,0,1,0,0,0,0,0,0,0,0,0,1
2022,Odisha,KALAHANDI RTO - OR8( 23-OCT-2017 ),19,PRIVATE SERVICE VEHICLE,0,0,0,0,0,0,0,0,0,1,0,0,1
2022,Odisha,KALAHANDI RTO - OR8( 23-OCT-2017 ),20,THREE WHEELER (GOODS),1,2,1,1,3,3,4,4,7,6,5,5,42
2022,Odisha,KALAHANDI RTO - OR8( 23-OCT-2017 ),21,THREE WHEELER (PASSENGER),16,13,21,19,17,12,12,11,24,38,28,26,237
2022,Odisha,KALAHANDI RTO - OR8( 23-OCT-2017 ),22,THREE WHEELER (PERSONAL),0,0,0,2,0,0,0,0,0,0,0,0,2
2022,Odisha,KALAHANDI RTO - OR8( 23-OCT-2017 ),23,TRACTOR (COMMERCIAL),14,11,14,15,11,13,8,4,6,3,17,4,120
2022,Odisha,KALAHANDI RTO - OR8( 23-OCT-2017 ),24,TRACTOR-TROLLEY(COMMERCIAL),1,0,0,0,0,2,1,0,0,2,3,2,11
2022,Odisha,KALAHANDI RTO - OR8( 23-OCT-2017 ),25,TRAILER (COMMERCIAL),7,3,7,5,12,8,3,4,1,1,9,12,72
2022,Odisha,KENDRAPARA RTO - OR29( 23-OCT-2017 ),1,AGRICULTURAL TRACTOR,21,16,14,17,22,28,32,27,30,21,19,23,270
2022,Odisha,KENDRAPARA RTO - OR29( 23-OCT-2017 ),2,BUS,0,0,0,0,0,0,1,0,0,0,0,1,2
2022,Odisha,KENDRAPARA RTO - OR29( 23-OCT-2017 ),3,CONSTRUCTION EQUIPMENT VEHICLE,2,2,0,1,0,1,2,0,0,0,1,0,9
2022,Odisha,KENDRAPARA RTO - OR29( 23-OCT-2017 ),4,CRANE MOUNTED VEHICLE,1,0,0,0,0,1,1,0,0,1,1,1,6
2022,Odisha,KENDRAPARA RTO - OR29( 23-OCT-2017 ),5,EDUCATIONAL INSTITUTION BUS,0,0,0,0,0,1,0,1,1,0,0,0,3
2022,Odisha,KENDRAPARA RTO - OR29( 23-OCT-2017 ),6,E-RICKSHAW(P),0,4,25,1,1,0,1,1,1,0,0,0,34
2022,Odisha,KENDRAPARA RTO - OR29( 23-OCT-2017 ),7,E-RICKSHAW WITH CART (G),0,0,0,0,7,0,2,0,1,0,0,0,10
2022,Odisha,KENDRAPARA RTO - OR29( 23-OCT-2017 ),8,GOODS CARRIER,29,24,24,46,22,24,23,17,17,30,36,30,322
2022,Odisha,KENDRAPARA RTO - OR29( 23-OCT-2017 ),9,MAXI CAB,0,0,0,0,0,1,0,0,0,0,0,1,2
2022,Odisha,KENDRAPARA RTO - OR29( 23-OCT-2017 ),10,M-CYCLE/SCOOTER,776,759,894,886,654,837,657,566,718,"1,574",763,831,"9,915"
2022,Odisha,KENDRAPARA RTO - OR29( 23-OCT-2017 ),11,MOPED,47,37,32,41,48,33,16,24,36,72,41,34,461
2022,Odisha,KENDRAPARA RTO - OR29( 23-OCT-2017 ),12,MOTOR CAB,3,0,0,5,1,3,0,4,4,4,4,2,30
2022,Odisha,KENDRAPARA RTO - OR29( 23-OCT-2017 ),13,MOTOR CAR,8,10,8,9,3,6,10,11,10,7,3,10,95
2022,Odisha,KENDRAPARA RTO - OR29( 23-OCT-2017 ),14,MOTORISED CYCLE (CC > 25CC),1,0,0,0,0,0,0,0,0,0,0,0,1
2022,Odisha,KENDRAPARA RTO - OR29( 23-OCT-2017 ),15,OMNI BUS,0,0,0,0,0,0,0,0,0,1,0,0,1
2022,Odisha,KENDRAPARA RTO - OR29( 23-OCT-2017 ),16,PRIVATE SERVICE VEHICLE,0,0,0,0,0,0,0,0,0,0,1,0,1
2022,Odisha,KENDRAPARA RTO - OR29( 23-OCT-2017 ),17,THREE WHEELER (GOODS),18,11,22,18,16,14,16,12,20,25,11,12,195
2022,Odisha,KENDRAPARA RTO - OR29( 23-OCT-2017 ),18,THREE WHEELER (PASSENGER),6,4,7,14,7,10,10,11,27,24,14,18,152
2022,Odisha,KENDRAPARA RTO - OR29( 23-OCT-2017 ),19,TRACTOR (COMMERCIAL),9,4,6,4,8,10,7,6,6,5,6,4,75
2022,Odisha,KENDRAPARA RTO - OR29( 23-OCT-2017 ),20,TRACTOR-TROLLEY(COMMERCIAL),2,0,1,0,0,0,0,0,0,0,0,0,3
2022,Odisha,KENDRAPARA RTO - OR29( 23-OCT-2017 ),21,TRAILER (COMMERCIAL),6,15,14,7,6,3,3,3,4,5,11,11,88
2022,Odisha,KEONJHAR RTO - OR9( 04-DEC-2017 ),1,AGRICULTURAL TRACTOR,34,36,45,37,46,67,90,49,28,32,33,48,545
2022,Odisha,KEONJHAR RTO - OR9( 04-DEC-2017 ),2,AMBULANCE,0,0,0,1,2,2,0,0,0,0,0,0,5
2022,Odisha,KEONJHAR RTO - OR9( 04-DEC-2017 ),3,BUS,0,0,0,1,1,1,0,0,0,3,1,6,13
2022,Odisha,KEONJHAR RTO - OR9( 04-DEC-2017 ),4,CONSTRUCTION EQUIPMENT VEHICLE,5,4,7,5,5,6,3,3,1,1,4,11,55
2022,Odisha,KEONJHAR RTO - OR9( 04-DEC-2017 ),5,CRANE MOUNTED VEHICLE,1,1,0,0,1,2,3,0,1,0,0,1,10
2022,Odisha,KEONJHAR RTO - OR9( 04-DEC-2017 ),6,EARTH MOVING EQUIPMENT,0,0,0,0,0,0,0,0,0,2,1,0,3
2022,Odisha,KEONJHAR RTO - OR9( 04-DEC-2017 ),7,EDUCATIONAL INSTITUTION BUS,0,0,1,3,0,0,0,2,1,1,0,0,8
2022,Odisha,KEONJHAR RTO - OR9( 04-DEC-2017 ),8,E-RICKSHAW WITH CART (G),1,0,0,0,0,0,0,0,1,0,0,0,2
2022,Odisha,KEONJHAR RTO - OR9( 04-DEC-2017 ),9,EXCAVATOR (COMMERCIAL),0,0,0,0,1,0,0,0,0,0,0,0,1
2022,Odisha,KEONJHAR RTO - OR9( 04-DEC-2017 ),10,EXCAVATOR (NT),0,0,0,1,0,0,0,0,0,0,0,0,1
2022,Odisha,KEONJHAR RTO - OR9( 04-DEC-2017 ),11,GOODS CARRIER,55,47,46,63,53,50,31,42,41,57,38,47,570
2022,Odisha,KEONJHAR RTO - OR9( 04-DEC-2017 ),12,HARVESTER,0,0,0,0,0,0,0,0,0,0,0,1,1
2022,Odisha,KEONJHAR RTO - OR9( 04-DEC-2017 ),13,MAXI CAB,0,1,0,2,3,0,3,2,0,3,2,2,18
2022,Odisha,KEONJHAR RTO - OR9( 04-DEC-2017 ),14,M-CYCLE/SCOOTER,"1,374","1,109","1,356","1,169","1,084","1,194","1,013",787,"1,013","2,076","1,077",984,"14,236"
2022,Odisha,KEONJHAR RTO - OR9( 04-DEC-2017 ),15,M-CYCLE/SCOOTER-WITH SIDE CAR,1,0,0,0,0,3,0,1,0,1,1,0,7
2022,Odisha,KEONJHAR RTO - OR9( 04-DEC-2017 ),16,MOPED,7,9,13,8,13,9,3,3,4,8,12,7,96
2022,Odisha,KEONJHAR RTO - OR9( 04-DEC-2017 ),17,MOTOR CAB,8,3,9,9,15,9,8,9,2,6,5,7,90
2022,Odisha,KEONJHAR RTO - OR9( 04-DEC-2017 ),18,MOTOR CAR,47,51,50,39,44,38,34,33,51,69,35,69,560
2022,Odisha,KEONJHAR RTO - OR9( 04-DEC-2017 ),19,MOTORISED CYCLE (CC > 25CC),0,0,0,1,1,0,0,0,0,0,1,0,3
2022,Odisha,KEONJHAR RTO - OR9( 04-DEC-2017 ),20,OMNI BUS,2,0,2,2,1,0,0,0,1,1,0,0,9
2022,Odisha,KEONJHAR RTO - OR9( 04-DEC-2017 ),21,PRIVATE SERVICE VEHICLE,0,0,0,0,0,0,0,1,0,0,1,0,2
2022,Odisha,KEONJHAR RTO - OR9( 04-DEC-2017 ),22,THREE WHEELER (GOODS),29,20,28,25,23,23,17,13,24,27,20,24,273
2022,Odisha,KEONJHAR RTO - OR9( 04-DEC-2017 ),23,THREE WHEELER (PASSENGER),38,28,39,29,37,20,25,26,36,54,36,29,397
2022,Odisha,KEONJHAR RTO - OR9( 04-DEC-2017 ),24,TRACTOR (COMMERCIAL),11,6,13,8,7,9,18,6,6,10,8,14,116
2022,Odisha,KEONJHAR RTO - OR9( 04-DEC-2017 ),25,TRAILER (COMMERCIAL),4,5,18,10,9,14,15,5,6,4,8,13,111
2022,Odisha,KHORDHA ARTO - OR201( 20-JAN-2018 ),1,AGRICULTURAL TRACTOR,9,13,10,13,11,18,27,17,14,31,28,19,210
2022,Odisha,KHORDHA ARTO - OR201( 20-JAN-2018 ),2,BUS,1,0,0,3,0,1,1,2,3,2,0,1,14
2022,Odisha,KHORDHA ARTO - OR201( 20-JAN-2018 ),3,CONSTRUCTION EQUIPMENT VEHICLE,0,2,0,2,2,0,0,1,1,1,0,1,10
2022,Odisha,KHORDHA ARTO - OR201( 20-JAN-2018 ),4,CRANE MOUNTED VEHICLE,0,1,0,1,0,0,1,0,0,0,0,0,3
2022,Odisha,KHORDHA ARTO - OR201( 20-JAN-2018 ),5,EARTH MOVING EQUIPMENT,0,0,0,2,0,0,0,0,1,0,0,0,3
2022,Odisha,KHORDHA ARTO - OR201( 20-JAN-2018 ),6,EDUCATIONAL INSTITUTION BUS,2,0,0,0,0,0,0,1,0,3,1,1,8
2022,Odisha,KHORDHA ARTO - OR201( 20-JAN-2018 ),7,E-RICKSHAW(P),1,2,1,0,7,1,1,1,0,0,2,2,18
2022,Odisha,KHORDHA ARTO - OR201( 20-JAN-2018 ),8,E-RICKSHAW WITH CART (G),6,3,4,4,5,7,1,8,2,1,3,5,49
2022,Odisha,KHORDHA ARTO - OR201( 20-JAN-2018 ),9,EXCAVATOR (NT),1,0,0,0,0,0,0,0,0,0,1,0,2
2022,Odisha,KHORDHA ARTO - OR201( 20-JAN-2018 ),10,GOODS CARRIER,29,25,34,48,45,27,52,23,32,26,26,40,407
2022,Odisha,KHORDHA ARTO - OR201( 20-JAN-2018 ),11,LIBRARY VAN,0,0,0,0,0,0,0,0,0,1,0,0,1
2022,Odisha,KHORDHA ARTO - OR201( 20-JAN-2018 ),12,MAXI CAB,0,0,1,1,0,0,2,0,0,1,0,0,5
2022,Odisha,KHORDHA ARTO - OR201( 20-JAN-2018 ),13,M-CYCLE/SCOOTER,194,215,327,242,196,196,170,169,192,494,253,236,"2,884"
2022,Odisha,KHORDHA ARTO - OR201( 20-JAN-2018 ),14,MOPED,3,0,2,1,2,4,4,4,4,8,8,5,45
2022,Odisha,KHORDHA ARTO - OR201( 20-JAN-2018 ),15,MOTOR CAB,0,1,3,1,0,2,1,1,1,0,1,3,14
2022,Odisha,KHORDHA ARTO - OR201( 20-JAN-2018 ),16,MOTOR CAR,14,18,17,28,19,12,27,31,27,19,13,26,251
2022,Odisha,KHORDHA ARTO - OR201( 20-JAN-2018 ),17,MOTOR CYCLE/SCOOTER-USED FOR HIRE,0,0,0,1,0,0,0,1,0,0,0,0,2
2022,Odisha,KHORDHA ARTO - OR201( 20-JAN-2018 ),18,MOTORISED CYCLE (CC > 25CC),8,5,6,2,2,2,1,0,4,4,7,3,44
2022,Odisha,KHORDHA ARTO - OR201( 20-JAN-2018 ),19,OMNI BUS,0,0,0,0,0,0,1,0,1,0,0,1,3
2022,Odisha,KHORDHA ARTO - OR201( 20-JAN-2018 ),20,PRIVATE SERVICE VEHICLE,0,0,0,0,0,1,0,4,0,0,1,0,6
2022,Odisha,KHORDHA ARTO - OR201( 20-JAN-2018 ),21,THREE WHEELER (GOODS),5,3,2,1,1,5,1,7,3,2,1,2,33
2022,Odisha,KHORDHA ARTO - OR201( 20-JAN-2018 ),22,THREE WHEELER (PASSENGER),1,0,1,0,2,1,3,13,9,3,3,3,39
2022,Odisha,KHORDHA ARTO - OR201( 20-JAN-2018 ),23,TRACTOR (COMMERCIAL),2,1,2,0,4,0,1,2,1,2,3,3,21
2022,Odisha,KHORDHA ARTO - OR201( 20-JAN-2018 ),24,TRACTOR-TROLLEY(COMMERCIAL),0,0,0,0,1,0,0,0,0,0,0,0,1
2022,Odisha,KHORDHA ARTO - OR201( 20-JAN-2018 ),25,TRAILER (COMMERCIAL),1,6,1,1,4,1,2,2,2,0,2,2,24
2022,Odisha,KORAPUT RTO - OR10( 25-DEC-2017 ),1,AGRICULTURAL TRACTOR,11,6,3,7,3,5,4,0,1,2,16,14,72
2022,Odisha,KORAPUT RTO - OR10( 25-DEC-2017 ),2,AMBULANCE,0,1,0,0,1,0,0,1,2,0,0,1,6
2022,Odisha,KORAPUT RTO - OR10( 25-DEC-2017 ),3,BUS,0,0,0,0,2,0,1,0,0,0,0,5,8
2022,Odisha,KORAPUT RTO - OR10( 25-DEC-2017 ),4,CONSTRUCTION EQUIPMENT VEHICLE,3,4,3,4,0,6,2,1,6,1,4,12,46
2022,Odisha,KORAPUT RTO - OR10( 25-DEC-2017 ),5,CRANE MOUNTED VEHICLE,1,0,0,1,0,0,1,0,0,0,2,1,6
2022,Odisha,KORAPUT RTO - OR10( 25-DEC-2017 ),6,DUMPER,4,0,0,0,0,0,0,0,0,0,0,0,4
2022,Odisha,KORAPUT RTO - OR10( 25-DEC-2017 ),7,EARTH MOVING EQUIPMENT,0,0,0,0,0,0,0,0,0,0,2,0,2
2022,Odisha,KORAPUT RTO - OR10( 25-DEC-2017 ),8,EDUCATIONAL INSTITUTION BUS,0,0,0,2,0,1,2,0,1,0,0,0,6
2022,Odisha,KORAPUT RTO - OR10( 25-DEC-2017 ),9,E-RICKSHAW(P),1,0,0,0,0,0,0,4,0,0,2,0,7
2022,Odisha,KORAPUT RTO - OR10( 25-DEC-2017 ),10,E-RICKSHAW WITH CART (G),0,0,0,2,0,3,3,1,3,1,0,1,14
2022,Odisha,KORAPUT RTO - OR10( 25-DEC-2017 ),11,GOODS CARRIER,40,39,46,34,26,37,43,29,51,45,71,60,521
2022,Odisha,KORAPUT RTO - OR10( 25-DEC-2017 ),12,MAXI CAB,0,0,0,1,0,0,0,1,2,0,1,1,6
2022,Odisha,KORAPUT RTO - OR10( 25-DEC-2017 ),13,M-CYCLE/SCOOTER,"1,546","1,389","1,425","1,367","1,215","1,090",804,813,"1,249","1,987","1,059","1,067","15,011"
2022,Odisha,KORAPUT RTO - OR10( 25-DEC-2017 ),14,M-CYCLE/SCOOTER-WITH SIDE CAR,0,1,0,0,0,0,0,1,0,0,0,1,3
2022,Odisha,KORAPUT RTO - OR10( 25-DEC-2017 ),15,MOPED,7,10,16,17,12,11,12,9,10,18,22,24,168
2022,Odisha,KORAPUT RTO - OR10( 25-DEC-2017 ),16,MOTOR CAB,6,7,11,13,10,12,12,5,7,8,9,14,114
2022,Odisha,KORAPUT RTO - OR10( 25-DEC-2017 ),17,MOTOR CAR,114,132,135,122,115,118,122,111,155,161,113,113,"1,511"
2022,Odisha,KORAPUT RTO - OR10( 25-DEC-2017 ),18,MOTORISED CYCLE (CC > 25CC),81,65,48,21,16,18,46,36,65,65,39,33,533
2022,Odisha,KORAPUT RTO - OR10( 25-DEC-2017 ),19,OMNI BUS,0,1,0,1,1,0,0,1,0,2,0,0,6
2022,Odisha,KORAPUT RTO - OR10( 25-DEC-2017 ),20,OMNI BUS (PRIVATE USE),0,0,0,0,1,0,0,0,0,0,0,0,1
2022,Odisha,KORAPUT RTO - OR10( 25-DEC-2017 ),21,PRIVATE SERVICE VEHICLE,0,0,0,1,0,0,0,0,2,0,0,0,3
2022,Odisha,KORAPUT RTO - OR10( 25-DEC-2017 ),22,THREE WHEELER (GOODS),3,2,6,2,5,7,1,2,4,2,4,2,40
2022,Odisha,KORAPUT RTO - OR10( 25-DEC-2017 ),23,THREE WHEELER (PASSENGER),10,12,16,13,23,17,16,12,6,5,5,12,147
2022,Odisha,KORAPUT RTO - OR10( 25-DEC-2017 ),24,TRACTOR (COMMERCIAL),37,35,46,27,29,34,35,27,28,25,36,4,363
2022,Odisha,KORAPUT RTO - OR10( 25-DEC-2017 ),25,TRACTOR-TROLLEY(COMMERCIAL),0,3,0,0,1,0,0,0,0,2,0,0,6
2022,Odisha,MALKANAGIRI RTO - OR30( 25-DEC-2017 ),1,AGRICULTURAL TRACTOR,0,10,16,17,8,26,25,3,3,1,3,18,130
2022,Odisha,MALKANAGIRI RTO - OR30( 25-DEC-2017 ),2,CONSTRUCTION EQUIPMENT VEHICLE,3,1,1,6,0,1,1,1,0,0,0,1,15
2022,Odisha,MALKANAGIRI RTO - OR30( 25-DEC-2017 ),3,CONSTRUCTION EQUIPMENT VEHICLE (COMMERCIAL),0,0,0,0,0,0,0,0,0,1,0,0,1
2022,Odisha,MALKANAGIRI RTO - OR30( 25-DEC-2017 ),4,DUMPER,1,0,0,0,0,0,0,0,0,0,0,0,1
2022,Odisha,MALKANAGIRI RTO - OR30( 25-DEC-2017 ),5,EDUCATIONAL INSTITUTION BUS,0,0,0,0,0,0,0,0,0,0,1,0,1
2022,Odisha,MALKANAGIRI RTO - OR30( 25-DEC-2017 ),6,E-RICKSHAW(P),0,0,0,0,1,1,1,1,2,0,0,2,8
2022,Odisha,MALKANAGIRI RTO - OR30( 25-DEC-2017 ),7,E-RICKSHAW WITH CART (G),0,0,0,0,0,0,0,1,2,1,1,0,5
2022,Odisha,MALKANAGIRI RTO - OR30( 25-DEC-2017 ),8,EXCAVATOR (NT),0,0,0,0,0,2,0,0,0,0,0,0,2
2022,Odisha,MALKANAGIRI RTO - OR30( 25-DEC-2017 ),9,GOODS CARRIER,14,19,24,17,16,10,13,12,21,24,19,13,202
2022,Odisha,MALKANAGIRI RTO - OR30( 25-DEC-2017 ),10,MAXI CAB,0,0,1,1,0,0,0,2,1,0,0,0,5
2022,Odisha,MALKANAGIRI RTO - OR30( 25-DEC-2017 ),11,M-CYCLE/SCOOTER,456,493,493,393,420,415,274,286,298,632,343,407,"4,910"
2022,Odisha,MALKANAGIRI RTO - OR30( 25-DEC-2017 ),12,MOPED,1,1,0,0,0,1,2,0,0,1,0,0,6
2022,Odisha,MALKANAGIRI RTO - OR30( 25-DEC-2017 ),13,MOTOR CAB,3,0,8,4,3,3,3,2,4,2,3,4,39
2022,Odisha,MALKANAGIRI RTO - OR30( 25-DEC-2017 ),14,MOTOR CAR,18,20,25,20,34,20,20,18,30,25,19,31,280
2022,Odisha,MALKANAGIRI RTO - OR30( 25-DEC-2017 ),15,MOTORISED CYCLE (CC > 25CC),11,7,11,16,13,16,21,25,24,42,19,21,226
2022,Odisha,MALKANAGIRI RTO - OR30( 25-DEC-2017 ),16,OMNI BUS,0,0,0,0,0,0,0,0,0,0,1,0,1
2022,Odisha,MALKANAGIRI RTO - OR30( 25-DEC-2017 ),17,THREE WHEELER (GOODS),3,3,3,0,5,0,2,2,1,2,1,1,23
2022,Odisha,MALKANAGIRI RTO - OR30( 25-DEC-2017 ),18,THREE WHEELER (PASSENGER),6,10,15,4,4,14,5,8,7,7,7,2,89
2022,Odisha,MALKANAGIRI RTO - OR30( 25-DEC-2017 ),19,TRACTOR (COMMERCIAL),25,19,10,8,10,22,36,31,13,24,22,5,225
2022,Odisha,MALKANAGIRI RTO - OR30( 25-DEC-2017 ),20,TRAILER (COMMERCIAL),6,1,3,2,5,1,4,2,1,3,2,1,31
2022,Odisha,MAYURBHANJ RTO - OR11( 08-NOV-2017 ),1,ADAPTED VEHICLE,0,0,0,0,0,1,0,0,0,0,0,0,1
2022,Odisha,MAYURBHANJ RTO - OR11( 08-NOV-2017 ),2,AGRICULTURAL TRACTOR,16,20,20,35,30,64,65,27,20,15,35,19,366
2022,Odisha,MAYURBHANJ RTO - OR11( 08-NOV-2017 ),3,BUS,0,0,1,1,0,0,0,1,0,0,2,1,6
2022,Odisha,MAYURBHANJ RTO - OR11( 08-NOV-2017 ),4,CONSTRUCTION EQUIPMENT VEHICLE,3,2,6,2,6,2,1,0,1,0,2,4,29
2022,Odisha,MAYURBHANJ RTO - OR11( 08-NOV-2017 ),5,EARTH MOVING EQUIPMENT,0,0,0,0,0,0,0,0,0,0,1,0,1
2022,Odisha,MAYURBHANJ RTO - OR11( 08-NOV-2017 ),6,EDUCATIONAL INSTITUTION BUS,0,0,0,0,0,2,1,1,1,0,1,0,6
2022,Odisha,MAYURBHANJ RTO - OR11( 08-NOV-2017 ),7,E-RICKSHAW(P),5,5,3,5,2,4,3,1,2,6,6,9,51
2022,Odisha,MAYURBHANJ RTO - OR11( 08-NOV-2017 ),8,E-RICKSHAW WITH CART (G),0,0,0,2,1,3,2,1,4,0,0,2,15
2022,Odisha,MAYURBHANJ RTO - OR11( 08-NOV-2017 ),9,GOODS CARRIER,33,22,28,26,23,45,20,26,23,27,27,28,328
2022,Odisha,MAYURBHANJ RTO - OR11( 08-NOV-2017 ),10,HARVESTER,0,0,1,0,0,0,0,0,0,0,0,0,1
2022,Odisha,MAYURBHANJ RTO - OR11( 08-NOV-2017 ),11,MAXI CAB,0,0,0,1,0,3,0,0,1,1,0,0,6
2022,Odisha,MAYURBHANJ RTO - OR11( 08-NOV-2017 ),12,M-CYCLE/SCOOTER,"1,616","1,148","1,261","1,095","1,027","1,232",993,873,"1,066","2,052",851,968,"14,182"
2022,Odisha,MAYURBHANJ RTO - OR11( 08-NOV-2017 ),13,M-CYCLE/SCOOTER-WITH SIDE CAR,0,0,0,1,0,0,1,0,0,0,0,0,2
2022,Odisha,MAYURBHANJ RTO - OR11( 08-NOV-2017 ),14,MOPED,47,47,57,60,39,66,42,37,58,90,32,33,608
2022,Odisha,MAYURBHANJ RTO - OR11( 08-NOV-2017 ),15,MOTOR CAB,2,1,1,0,0,3,2,3,6,6,6,4,34
2022,Odisha,MAYURBHANJ RTO - OR11( 08-NOV-2017 ),16,MOTOR CAR,118,91,83,103,88,84,93,96,88,117,84,132,"1,177"
2022,Odisha,MAYURBHANJ RTO - OR11( 08-NOV-2017 ),17,THREE WHEELER (GOODS),13,10,17,10,17,10,7,7,9,5,7,9,121
2022,Odisha,MAYURBHANJ RTO - OR11( 08-NOV-2017 ),18,THREE WHEELER (PASSENGER),14,9,16,12,9,14,11,5,24,17,17,22,170
2022,Odisha,MAYURBHANJ RTO - OR11( 08-NOV-2017 ),19,TRACTOR (COMMERCIAL),2,5,7,8,11,11,6,2,1,11,10,10,84
2022,Odisha,MAYURBHANJ RTO - OR11( 08-NOV-2017 ),20,TRAILER (COMMERCIAL),8,2,12,13,9,6,11,4,9,6,15,6,101
2022,Odisha,NAWARANGPUR RTO - OR24( 07-NOV-2017 ),1,AGRICULTURAL TRACTOR,3,3,2,0,2,3,0,0,0,43,70,54,180
2022,Odisha,NAWARANGPUR RTO - OR24( 07-NOV-2017 ),2,BUS,0,0,0,0,0,0,0,1,0,0,0,0,1
2022,Odisha,NAWARANGPUR RTO - OR24( 07-NOV-2017 ),3,CONSTRUCTION EQUIPMENT VEHICLE,0,3,6,0,2,2,2,2,3,0,5,3,28
2022,Odisha,NAWARANGPUR RTO - OR24( 07-NOV-2017 ),4,CRANE MOUNTED VEHICLE,0,0,3,0,0,0,0,1,0,0,0,0,4
2022,Odisha,NAWARANGPUR RTO - OR24( 07-NOV-2017 ),5,EARTH MOVING EQUIPMENT,0,0,1,0,0,0,0,0,0,0,1,0,2
2022,Odisha,NAWARANGPUR RTO - OR24( 07-NOV-2017 ),6,EDUCATIONAL INSTITUTION BUS,0,0,1,1,0,2,1,1,0,0,1,0,7
2022,Odisha,NAWARANGPUR RTO - OR24( 07-NOV-2017 ),7,E-RICKSHAW(P),0,0,0,0,0,0,0,0,0,1,0,0,1
2022,Odisha,NAWARANGPUR RTO - OR24( 07-NOV-2017 ),8,E-RICKSHAW WITH CART (G),0,2,1,0,0,0,0,0,0,0,1,1,5
2022,Odisha,NAWARANGPUR RTO - OR24( 07-NOV-2017 ),9,EXCAVATOR (COMMERCIAL),1,0,0,0,0,0,0,0,0,0,0,1,2
2022,Odisha,NAWARANGPUR RTO - OR24( 07-NOV-2017 ),10,EXCAVATOR (NT),1,0,0,0,0,0,0,0,0,0,0,0,1
2022,Odisha,NAWARANGPUR RTO - OR24( 07-NOV-2017 ),11,GOODS CARRIER,26,37,33,13,24,21,24,18,36,34,26,25,317
2022,Odisha,NAWARANGPUR RTO - OR24( 07-NOV-2017 ),12,MAXI CAB,0,1,2,0,0,0,0,1,0,0,2,1,7
2022,Odisha,NAWARANGPUR RTO - OR24( 07-NOV-2017 ),13,M-CYCLE/SCOOTER,918,941,855,722,639,567,408,357,505,929,611,822,"8,274"
2022,Odisha,NAWARANGPUR RTO - OR24( 07-NOV-2017 ),14,MOPED,36,36,32,37,24,18,14,14,11,19,21,21,283
2022,Odisha,NAWARANGPUR RTO - OR24( 07-NOV-2017 ),15,MOTOR CAB,5,4,3,7,3,4,4,1,5,3,2,5,46
2022,Odisha,NAWARANGPUR RTO - OR24( 07-NOV-2017 ),16,MOTOR CAR,49,39,47,37,37,47,37,35,51,32,32,48,491
2022,Odisha,NAWARANGPUR RTO - OR24( 07-NOV-2017 ),17,MOTORISED CYCLE (CC > 25CC),3,6,3,2,0,1,0,1,5,4,3,6,34
2022,Odisha,NAWARANGPUR RTO - OR24( 07-NOV-2017 ),18,OMNI BUS (PRIVATE USE),0,0,0,0,1,0,0,0,0,0,0,0,1
2022,Odisha,NAWARANGPUR RTO - OR24( 07-NOV-2017 ),19,THREE WHEELER (GOODS),1,2,2,0,0,0,0,0,1,1,0,3,10
2022,Odisha,NAWARANGPUR RTO - OR24( 07-NOV-2017 ),20,THREE WHEELER (PASSENGER),3,13,1,0,8,2,2,0,3,2,9,7,50
2022,Odisha,NAWARANGPUR RTO - OR24( 07-NOV-2017 ),21,TRACTOR (COMMERCIAL),87,59,83,44,83,134,78,62,46,20,10,5,711
2022,Odisha,NAWARANGPUR RTO - OR24( 07-NOV-2017 ),22,TRACTOR-TROLLEY(COMMERCIAL),0,1,0,0,0,0,0,0,0,0,1,1,3
2022,Odisha,NAWARANGPUR RTO - OR24( 07-NOV-2017 ),23,TRAILER (COMMERCIAL),6,16,11,23,19,14,2,23,21,0,17,2,154
2022,Odisha,NAYAGARH RTO - OR25( 25-DEC-2017 ),1,AGRICULTURAL TRACTOR,12,10,17,13,8,11,18,8,23,9,16,11,156
2022,Odisha,NAYAGARH RTO - OR25( 25-DEC-2017 ),2,AMBULANCE,0,0,0,0,1,0,0,0,0,0,0,0,1
2022,Odisha,NAYAGARH RTO - OR25( 25-DEC-2017 ),3,BUS,0,0,0,0,0,0,0,0,1,0,1,3,5
2022,Odisha,NAYAGARH RTO - OR25( 25-DEC-2017 ),4,CONSTRUCTION EQUIPMENT VEHICLE,0,0,1,0,0,1,2,0,0,0,1,0,5
2022,Odisha,NAYAGARH RTO - OR25( 25-DEC-2017 ),5,CRANE MOUNTED VEHICLE,0,0,0,0,0,0,1,0,0,0,0,0,1
2022,Odisha,NAYAGARH RTO - OR25( 25-DEC-2017 ),6,GOODS CARRIER,5,7,9,4,3,5,4,12,7,6,13,5,80
2022,Odisha,NAYAGARH RTO - OR25( 25-DEC-2017 ),7,MAXI CAB,0,0,0,0,0,0,0,0,0,1,0,0,1
2022,Odisha,NAYAGARH RTO - OR25( 25-DEC-2017 ),8,M-CYCLE/SCOOTER,610,502,608,614,507,521,481,449,478,"1,166",809,624,"7,369"
2022,Odisha,NAYAGARH RTO - OR25( 25-DEC-2017 ),9,MOPED,104,97,126,131,107,117,84,79,104,249,101,99,"1,398"
2022,Odisha,NAYAGARH RTO - OR25( 25-DEC-2017 ),10,MOTOR CAB,2,2,0,0,0,1,2,1,1,1,0,3,13
2022,Odisha,NAYAGARH RTO - OR25( 25-DEC-2017 ),11,MOTOR CAR,3,5,6,7,5,5,9,4,2,6,7,5,64
2022,Odisha,NAYAGARH RTO - OR25( 25-DEC-2017 ),12,MOTORISED CYCLE (CC > 25CC),111,97,166,130,120,101,92,82,103,249,178,101,"1,530"
2022,Odisha,NAYAGARH RTO - OR25( 25-DEC-2017 ),13,THREE WHEELER (GOODS),2,4,2,8,2,5,2,2,4,4,7,3,45
2022,Odisha,NAYAGARH RTO - OR25( 25-DEC-2017 ),14,THREE WHEELER (PASSENGER),7,1,5,0,7,6,6,7,6,16,15,17,93
2022,Odisha,NAYAGARH RTO - OR25( 25-DEC-2017 ),15,TRACTOR (COMMERCIAL),1,0,4,4,3,0,7,0,1,2,1,2,25
2022,Odisha,NAYAGARH RTO - OR25( 25-DEC-2017 ),16,TRAILER (COMMERCIAL),3,4,0,3,3,3,2,0,3,0,0,1,22
2022,Odisha,NUAPADA RTO - OR26( 06-NOV-2017 ),1,AGRICULTURAL TRACTOR,19,20,31,14,11,38,40,32,19,20,24,36,304
2022,Odisha,NUAPADA RTO - OR26( 06-NOV-2017 ),2,AMBULANCE,1,0,0,0,0,0,0,0,0,0,0,0,1
2022,Odisha,NUAPADA RTO - OR26( 06-NOV-2017 ),3,BUS,1,0,0,0,0,0,0,0,0,1,0,1,3
2022,Odisha,NUAPADA RTO - OR26( 06-NOV-2017 ),4,CONSTRUCTION EQUIPMENT VEHICLE,4,1,3,1,0,1,0,1,2,0,2,0,15
2022,Odisha,NUAPADA RTO - OR26( 06-NOV-2017 ),5,EDUCATIONAL INSTITUTION BUS,0,0,0,1,1,0,0,0,0,2,0,0,4
2022,Odisha,NUAPADA RTO - OR26( 06-NOV-2017 ),6,E-RICKSHAW(P),0,1,0,0,0,0,0,5,5,0,0,0,11
2022,Odisha,NUAPADA RTO - OR26( 06-NOV-2017 ),7,E-RICKSHAW WITH CART (G),0,0,1,0,1,0,0,0,0,0,0,0,2
2022,Odisha,NUAPADA RTO - OR26( 06-NOV-2017 ),8,GOODS CARRIER,16,12,19,14,7,9,12,14,7,19,21,19,169
2022,Odisha,NUAPADA RTO - OR26( 06-NOV-2017 ),9,HARVESTER,1,0,0,0,0,0,0,0,0,0,0,0,1
2022,Odisha,NUAPADA RTO - OR26( 06-NOV-2017 ),10,MAXI CAB,1,1,1,1,4,2,1,3,0,1,1,2,18
2022,Odisha,NUAPADA RTO - OR26( 06-NOV-2017 ),11,M-CYCLE/SCOOTER,667,576,649,525,379,323,302,177,214,437,353,306,"4,908"
2022,Odisha,NUAPADA RTO - OR26( 06-NOV-2017 ),12,MOPED,36,24,29,7,19,27,25,29,22,59,28,33,338
2022,Odisha,NUAPADA RTO - OR26( 06-NOV-2017 ),13,MOTOR CAB,0,2,0,0,0,1,0,0,0,0,0,0,3
2022,Odisha,NUAPADA RTO - OR26( 06-NOV-2017 ),14,MOTOR CAR,25,18,36,22,26,24,21,21,25,21,23,33,295
2022,Odisha,NUAPADA RTO - OR26( 06-NOV-2017 ),15,THREE WHEELER (GOODS),1,0,1,0,1,0,0,0,0,1,1,1,6
2022,Odisha,NUAPADA RTO - OR26( 06-NOV-2017 ),16,THREE WHEELER (PASSENGER),1,2,1,4,2,1,0,3,1,1,0,0,16
2022,Odisha,NUAPADA RTO - OR26( 06-NOV-2017 ),17,TRACTOR (COMMERCIAL),2,0,2,2,0,2,0,0,1,0,1,1,11
2022,Odisha,NUAPADA RTO - OR26( 06-NOV-2017 ),18,TRAILER (COMMERCIAL),1,1,1,3,2,0,5,1,0,2,0,1,17
2022,Odisha,PHULBANI RTO - OR12( 23-OCT-2017 ),1,AGRICULTURAL TRACTOR,7,1,9,8,6,4,6,3,6,6,7,4,67
2022,Odisha,PHULBANI RTO - OR12( 23-OCT-2017 ),2,CONSTRUCTION EQUIPMENT VEHICLE,0,1,0,0,0,0,0,0,0,1,1,1,4
2022,Odisha,PHULBANI RTO - OR12( 23-OCT-2017 ),3,CRANE MOUNTED VEHICLE,0,0,0,1,0,0,0,0,0,0,0,0,1
2022,Odisha,PHULBANI RTO - OR12( 23-OCT-2017 ),4,EDUCATIONAL INSTITUTION BUS,0,0,0,0,0,1,0,1,1,0,0,0,3
2022,Odisha,PHULBANI RTO - OR12( 23-OCT-2017 ),5,GOODS CARRIER,5,10,5,4,3,3,6,3,6,3,6,4,58
2022,Odisha,PHULBANI RTO - OR12( 23-OCT-2017 ),6,MAXI CAB,0,0,1,0,0,0,1,2,0,1,0,0,5
2022,Odisha,PHULBANI RTO - OR12( 23-OCT-2017 ),7,M-CYCLE/SCOOTER,453,391,501,510,597,447,376,280,395,701,449,404,"5,504"
2022,Odisha,PHULBANI RTO - OR12( 23-OCT-2017 ),8,M-CYCLE/SCOOTER-WITH SIDE CAR,0,0,0,0,0,0,0,0,0,1,0,0,1
2022,Odisha,PHULBANI RTO - OR12( 23-OCT-2017 ),9,MOPED,16,6,9,12,8,14,5,4,14,22,12,12,134
2022,Odisha,PHULBANI RTO - OR12( 23-OCT-2017 ),10,MOTOR CAB,0,0,3,2,1,0,3,1,0,0,0,1,11
2022,Odisha,PHULBANI RTO - OR12( 23-OCT-2017 ),11,MOTOR CAR,6,4,7,5,3,6,3,6,6,3,10,10,69
2022,Odisha,PHULBANI RTO - OR12( 23-OCT-2017 ),12,MOTORISED CYCLE (CC > 25CC),0,0,0,0,1,0,0,0,0,3,1,0,5
2022,Odisha,PHULBANI RTO - OR12( 23-OCT-2017 ),13,THREE WHEELER (GOODS),5,2,2,2,2,2,0,0,4,1,2,1,23
2022,Odisha,PHULBANI RTO - OR12( 23-OCT-2017 ),14,THREE WHEELER (PASSENGER),18,13,19,17,18,23,20,18,20,25,25,21,237
2022,Odisha,PHULBANI RTO - OR12( 23-OCT-2017 ),15,TRACTOR (COMMERCIAL),2,1,3,2,4,3,0,2,2,4,4,5,32
2022,Odisha,PHULBANI RTO - OR12( 23-OCT-2017 ),16,TRAILER (COMMERCIAL),4,3,2,2,9,4,5,3,6,3,4,4,49
2022,Odisha,PURI RTO - OR13( 25-DEC-2017 ),1,AGRICULTURAL TRACTOR,13,17,6,6,7,19,24,43,17,32,39,34,257
2022,Odisha,PURI RTO - OR13( 25-DEC-2017 ),2,AMBULANCE,0,1,0,0,0,0,0,0,0,0,0,0,1
2022,Odisha,PURI RTO - OR13( 25-DEC-2017 ),3,BUS,0,1,0,4,1,1,1,0,0,1,2,14,25
2022,Odisha,PURI RTO - OR13( 25-DEC-2017 ),4,CRANE MOUNTED VEHICLE,0,0,0,0,0,0,1,0,0,0,0,0,1
2022,Odisha,PURI RTO - OR13( 25-DEC-2017 ),5,EDUCATIONAL INSTITUTION BUS,0,0,0,4,0,0,5,0,0,0,0,0,9
2022,Odisha,PURI RTO - OR13( 25-DEC-2017 ),6,E-RICKSHAW(P),12,8,27,26,50,70,53,57,57,98,84,123,665
2022,Odisha,PURI RTO - OR13( 25-DEC-2017 ),7,E-RICKSHAW WITH CART (G),2,1,0,0,0,2,0,1,2,10,2,0,20
2022,Odisha,PURI RTO - OR13( 25-DEC-2017 ),8,GOODS CARRIER,9,10,10,10,8,8,23,14,14,24,14,11,155
2022,Odisha,PURI RTO - OR13( 25-DEC-2017 ),9,MAXI CAB,0,1,1,0,0,0,1,1,0,0,2,2,8
2022,Odisha,PURI RTO - OR13( 25-DEC-2017 ),10,M-CYCLE/SCOOTER,"1,157",860,"1,217","1,164","1,135","1,218","1,034","1,052","1,028","2,401","1,267","1,145","14,678"
2022,Odisha,PURI RTO - OR13( 25-DEC-2017 ),11,MOPED,2,6,9,5,5,3,8,3,3,4,8,4,60
2022,Odisha,PURI RTO - OR13( 25-DEC-2017 ),12,MOTOR CAB,2,3,2,3,7,5,3,4,3,5,4,4,45
2022,Odisha,PURI RTO - OR13( 25-DEC-2017 ),13,MOTOR CAR,30,25,26,19,25,41,27,23,36,41,33,36,362
2022,Odisha,PURI RTO - OR13( 25-DEC-2017 ),14,MOTORISED CYCLE (CC > 25CC),0,0,1,0,0,0,0,0,0,1,0,0,2
2022,Odisha,PURI RTO - OR13( 25-DEC-2017 ),15,OMNI BUS,0,0,0,1,2,1,1,2,1,2,2,4,16
2022,Odisha,PURI RTO - OR13( 25-DEC-2017 ),16,OMNI BUS (PRIVATE USE),0,0,0,0,0,0,1,0,0,0,0,0,1
2022,Odisha,PURI RTO - OR13( 25-DEC-2017 ),17,THREE WHEELER (GOODS),2,3,3,1,1,3,2,4,1,2,6,2,30
2022,Odisha,PURI RTO - OR13( 25-DEC-2017 ),18,THREE WHEELER (PASSENGER),1,1,2,9,3,4,4,4,7,16,23,29,103
2022,Odisha,PURI RTO - OR13( 25-DEC-2017 ),19,TRACTOR (COMMERCIAL),3,3,7,8,12,30,9,13,20,19,18,15,157
2022,Odisha,PURI RTO - OR13( 25-DEC-2017 ),20,TRACTOR-TROLLEY(COMMERCIAL),0,0,0,0,0,0,0,1,0,0,0,0,1
2022,Odisha,PURI RTO - OR13( 25-DEC-2017 ),21,TRAILER (COMMERCIAL),3,2,6,1,4,3,1,3,0,2,1,4,30
2022,Odisha,RAIRANGPUR ARTO - OR111( 08-NOV-2017 ),1,ADAPTED VEHICLE,0,0,0,0,0,0,0,0,0,1,0,0,1
2022,Odisha,RAIRANGPUR ARTO - OR111( 08-NOV-2017 ),2,AGRICULTURAL TRACTOR,11,9,21,13,35,37,31,32,40,24,13,16,282
2022,Odisha,RAIRANGPUR ARTO - OR111( 08-NOV-2017 ),3,BUS,0,2,1,1,1,0,0,1,0,0,1,1,8
2022,Odisha,RAIRANGPUR ARTO - OR111( 08-NOV-2017 ),4,CONSTRUCTION EQUIPMENT VEHICLE,2,4,5,3,2,0,3,1,0,0,2,0,22
2022,Odisha,RAIRANGPUR ARTO - OR111( 08-NOV-2017 ),5,CRANE MOUNTED VEHICLE,0,0,0,1,0,0,1,0,0,0,0,0,2
2022,Odisha,RAIRANGPUR ARTO - OR111( 08-NOV-2017 ),6,EDUCATIONAL INSTITUTION BUS,0,0,0,0,0,1,0,0,2,0,0,0,3
2022,Odisha,RAIRANGPUR ARTO - OR111( 08-NOV-2017 ),7,E-RICKSHAW(P),1,0,0,1,0,1,1,0,0,0,1,0,5
2022,Odisha,RAIRANGPUR ARTO - OR111( 08-NOV-2017 ),8,E-RICKSHAW WITH CART (G),0,0,2,0,0,0,0,0,2,1,0,1,6
2022,Odisha,RAIRANGPUR ARTO - OR111( 08-NOV-2017 ),9,GOODS CARRIER,13,16,14,8,14,15,8,16,15,34,17,17,187
2022,Odisha,RAIRANGPUR ARTO - OR111( 08-NOV-2017 ),10,MAXI CAB,4,0,3,6,4,1,2,1,0,2,1,1,25
2022,Odisha,RAIRANGPUR ARTO - OR111( 08-NOV-2017 ),11,M-CYCLE/SCOOTER,681,508,596,414,439,492,345,329,419,902,393,439,"5,957"
2022,Odisha,RAIRANGPUR ARTO - OR111( 08-NOV-2017 ),12,M-CYCLE/SCOOTER-WITH SIDE CAR,0,0,0,0,0,0,1,0,0,0,0,0,1
2022,Odisha,RAIRANGPUR ARTO - OR111( 08-NOV-2017 ),13,MOPED,30,17,8,15,13,16,15,4,28,26,25,21,218
2022,Odisha,RAIRANGPUR ARTO - OR111( 08-NOV-2017 ),14,MOTOR CAB,10,5,10,4,2,3,4,7,2,3,3,2,55
2022,Odisha,RAIRANGPUR ARTO - OR111( 08-NOV-2017 ),15,MOTOR CAR,24,14,21,23,20,18,21,20,19,22,19,24,245
2022,Odisha,RAIRANGPUR ARTO - OR111( 08-NOV-2017 ),16,MOTORISED CYCLE (CC > 25CC),0,0,0,0,1,0,0,0,0,0,0,0,1
2022,Odisha,RAIRANGPUR ARTO - OR111( 08-NOV-2017 ),17,OMNI BUS,0,0,0,0,0,0,2,0,0,0,0,0,2
2022,Odisha,RAIRANGPUR ARTO - OR111( 08-NOV-2017 ),18,THREE WHEELER (GOODS),7,7,8,5,6,9,8,6,3,2,11,9,81
2022,Odisha,RAIRANGPUR ARTO - OR111( 08-NOV-2017 ),19,THREE WHEELER (PASSENGER),9,8,3,11,8,7,7,6,9,4,12,8,92
2022,Odisha,RAIRANGPUR ARTO - OR111( 08-NOV-2017 ),20,TRACTOR (COMMERCIAL),12,8,10,11,14,15,10,7,5,6,3,5,106
2022,Odisha,RAIRANGPUR ARTO - OR111( 08-NOV-2017 ),21,TRAILER (COMMERCIAL),4,30,18,16,10,9,2,2,16,8,6,26,147
2022,Odisha,RAYGADA RTO - OR18( 25-DEC-2017 ),1,AGRICULTURAL TRACTOR,24,35,24,22,27,33,27,16,17,18,24,24,291
2022,Odisha,RAYGADA RTO - OR18( 25-DEC-2017 ),2,AMBULANCE,1,0,0,0,0,0,0,0,0,0,0,0,1
2022,Odisha,RAYGADA RTO - OR18( 25-DEC-2017 ),3,CONSTRUCTION EQUIPMENT VEHICLE,8,3,0,4,3,5,2,2,6,4,7,8,52
2022,Odisha,RAYGADA RTO - OR18( 25-DEC-2017 ),4,CRANE MOUNTED VEHICLE,0,0,0,1,1,1,0,0,1,0,0,0,4
2022,Odisha,RAYGADA RTO - OR18( 25-DEC-2017 ),5,DUMPER,2,0,0,0,1,1,0,0,0,0,0,0,4
2022,Odisha,RAYGADA RTO - OR18( 25-DEC-2017 ),6,EARTH MOVING EQUIPMENT,0,0,0,0,1,0,0,0,0,0,0,0,1
2022,Odisha,RAYGADA RTO - OR18( 25-DEC-2017 ),7,EDUCATIONAL INSTITUTION BUS,0,0,0,0,1,2,4,2,0,1,0,0,10
2022,Odisha,RAYGADA RTO - OR18( 25-DEC-2017 ),8,E-RICKSHAW(P),0,1,0,0,1,1,1,0,0,0,0,2,6
2022,Odisha,RAYGADA RTO - OR18( 25-DEC-2017 ),9,E-RICKSHAW WITH CART (G),1,0,0,0,0,0,0,1,0,0,0,1,3
2022,Odisha,RAYGADA RTO - OR18( 25-DEC-2017 ),10,EXCAVATOR (NT),0,0,0,0,0,1,0,0,0,0,0,0,1
2022,Odisha,RAYGADA RTO - OR18( 25-DEC-2017 ),11,FORK LIFT,0,0,1,0,0,0,0,0,0,0,0,0,1
2022,Odisha,RAYGADA RTO - OR18( 25-DEC-2017 ),12,GOODS CARRIER,33,35,36,47,30,29,35,41,38,29,28,28,409
2022,Odisha,RAYGADA RTO - OR18( 25-DEC-2017 ),13,MAXI CAB,2,1,4,2,2,2,0,1,0,1,1,1,17
2022,Odisha,RAYGADA RTO - OR18( 25-DEC-2017 ),14,M-CYCLE/SCOOTER,872,934,942,893,870,678,528,426,656,"1,098",538,606,"9,041"
2022,Odisha,RAYGADA RTO - OR18( 25-DEC-2017 ),15,MOPED,102,91,94,92,74,66,51,50,73,117,69,53,932
2022,Odisha,RAYGADA RTO - OR18( 25-DEC-2017 ),16,MOTOR CAB,3,2,4,3,9,2,5,1,2,7,8,8,54
2022,Odisha,RAYGADA RTO - OR18( 25-DEC-2017 ),17,MOTOR CAR,40,40,43,33,44,39,39,41,48,45,45,36,493
2022,Odisha,RAYGADA RTO - OR18( 25-DEC-2017 ),18,MOTORISED CYCLE (CC > 25CC),5,4,1,0,0,0,1,2,5,6,0,2,26
2022,Odisha,RAYGADA RTO - OR18( 25-DEC-2017 ),19,OMNI BUS,0,0,1,1,2,0,0,0,0,0,1,1,6
2022,Odisha,RAYGADA RTO - OR18( 25-DEC-2017 ),20,PRIVATE SERVICE VEHICLE,0,0,0,1,0,0,0,0,0,0,1,0,2
2022,Odisha,RAYGADA RTO - OR18( 25-DEC-2017 ),21,THREE WHEELER (GOODS),1,2,1,1,1,3,0,0,2,0,1,0,12
2022,Odisha,RAYGADA RTO - OR18( 25-DEC-2017 ),22,THREE WHEELER (PASSENGER),2,5,5,6,8,10,4,3,7,6,12,8,76
2022,Odisha,RAYGADA RTO - OR18( 25-DEC-2017 ),23,TRACTOR (COMMERCIAL),8,20,12,8,6,8,10,4,3,3,12,9,103
2022,Odisha,RAYGADA RTO - OR18( 25-DEC-2017 ),24,TRAILER (AGRICULTURAL),0,0,0,0,1,0,0,0,0,0,0,0,1
2022,Odisha,RAYGADA RTO - OR18( 25-DEC-2017 ),25,TRAILER (COMMERCIAL),3,20,14,15,8,6,8,9,3,8,7,18,119
2022,Odisha,ROURKELA RTO - OR14( 25-DEC-2017 ),1,ADAPTED VEHICLE,0,0,0,0,0,0,0,0,0,1,0,0,1
2022,Odisha,ROURKELA RTO - OR14( 25-DEC-2017 ),2,AGRICULTURAL TRACTOR,6,11,14,15,30,34,45,39,18,12,24,11,259
2022,Odisha,ROURKELA RTO - OR14( 25-DEC-2017 ),3,AMBULANCE,0,0,0,0,0,0,1,0,0,1,1,0,3
2022,Odisha,ROURKELA RTO - OR14( 25-DEC-2017 ),4,ARTICULATED VEHICLE,0,1,0,0,0,0,0,0,0,0,0,0,1
2022,Odisha,ROURKELA RTO - OR14( 25-DEC-2017 ),5,BUS,3,1,4,1,4,4,5,2,6,1,3,33,67
2022,Odisha,ROURKELA RTO - OR14( 25-DEC-2017 ),6,CONSTRUCTION EQUIPMENT VEHICLE,1,5,10,13,15,12,13,13,13,7,23,14,139
2022,Odisha,ROURKELA RTO - OR14( 25-DEC-2017 ),7,CRANE MOUNTED VEHICLE,1,1,6,6,2,1,3,1,3,0,2,2,28
2022,Odisha,ROURKELA RTO - OR14( 25-DEC-2017 ),8,DUMPER,0,0,0,0,0,0,0,0,7,0,0,0,7
2022,Odisha,ROURKELA RTO - OR14( 25-DEC-2017 ),9,EARTH MOVING EQUIPMENT,0,0,0,0,0,1,0,0,1,0,0,0,2
2022,Odisha,ROURKELA RTO - OR14( 25-DEC-2017 ),10,EDUCATIONAL INSTITUTION BUS,0,0,3,2,2,1,3,1,4,0,0,1,17
2022,Odisha,ROURKELA RTO - OR14( 25-DEC-2017 ),11,E-RICKSHAW(P),0,0,0,3,0,0,1,1,2,1,2,1,11
2022,Odisha,ROURKELA RTO - OR14( 25-DEC-2017 ),12,E-RICKSHAW WITH CART (G),0,0,0,0,0,0,16,3,1,0,0,0,20
2022,Odisha,ROURKELA RTO - OR14( 25-DEC-2017 ),13,EXCAVATOR (NT),0,0,0,0,0,0,1,0,0,1,0,0,2
2022,Odisha,ROURKELA RTO - OR14( 25-DEC-2017 ),14,FIRE FIGHTING VEHICLE,0,0,0,0,0,0,0,0,0,1,0,0,1
2022,Odisha,ROURKELA RTO - OR14( 25-DEC-2017 ),15,FORK LIFT,2,0,0,1,0,0,0,0,2,0,0,0,5
2022,Odisha,ROURKELA RTO - OR14( 25-DEC-2017 ),16,GOODS CARRIER,98,123,148,149,125,106,102,102,119,112,91,99,"1,374"
2022,Odisha,ROURKELA RTO - OR14( 25-DEC-2017 ),17,HEARSES,0,0,0,0,0,0,0,0,1,0,0,0,1
2022,Odisha,ROURKELA RTO - OR14( 25-DEC-2017 ),18,LIBRARY VAN,0,0,0,0,0,1,0,0,0,0,0,0,1
2022,Odisha,ROURKELA RTO - OR14( 25-DEC-2017 ),19,MAXI CAB,8,6,15,12,8,5,8,4,14,14,9,7,110
2022,Odisha,ROURKELA RTO - OR14( 25-DEC-2017 ),20,M-CYCLE/SCOOTER,"1,650","1,427","1,631","1,496","1,318","1,421","1,372","1,297","1,580","3,220","1,499","1,749","19,660"
2022,Odisha,ROURKELA RTO - OR14( 25-DEC-2017 ),21,MOBILE CLINIC,0,0,0,0,0,0,1,0,0,0,0,0,1
2022,Odisha,ROURKELA RTO - OR14( 25-DEC-2017 ),22,MOPED,0,1,0,0,0,1,1,0,0,0,0,1,4
2022,Odisha,ROURKELA RTO - OR14( 25-DEC-2017 ),23,MOTOR CAB,2,6,4,9,9,6,3,1,2,3,6,3,54
2022,Odisha,ROURKELA RTO - OR14( 25-DEC-2017 ),24,MOTOR CAR,313,274,314,237,292,303,235,287,317,423,285,383,"3,663"
2022,Odisha,ROURKELA RTO - OR14( 25-DEC-2017 ),25,MOTORISED CYCLE (CC > 25CC),0,0,0,0,0,0,0,0,0,0,1,0,1
2022,Odisha,SAMBALPUR RTO - OR15( 04-DEC-2017 ),1,AGRICULTURAL TRACTOR,48,56,37,30,42,60,82,49,19,45,61,33,562
2022,Odisha,SAMBALPUR RTO - OR15( 04-DEC-2017 ),2,AMBULANCE,0,2,0,6,1,0,0,0,0,0,0,0,9
2022,Odisha,SAMBALPUR RTO - OR15( 04-DEC-2017 ),3,BUS,4,2,1,1,5,2,2,1,1,7,3,7,36
2022,Odisha,SAMBALPUR RTO - OR15( 04-DEC-2017 ),4,CAMPER VAN / TRAILER (PRIVATE USE),0,0,0,0,0,0,0,1,0,0,0,0,1
2022,Odisha,SAMBALPUR RTO - OR15( 04-DEC-2017 ),5,CONSTRUCTION EQUIPMENT VEHICLE,14,10,7,13,12,23,11,8,7,14,14,21,154
2022,Odisha,SAMBALPUR RTO - OR15( 04-DEC-2017 ),6,CRANE MOUNTED VEHICLE,11,0,2,6,2,0,1,0,1,0,1,0,24
2022,Odisha,SAMBALPUR RTO - OR15( 04-DEC-2017 ),7,EARTH MOVING EQUIPMENT,0,0,0,0,0,9,0,0,0,0,0,0,9
2022,Odisha,SAMBALPUR RTO - OR15( 04-DEC-2017 ),8,EDUCATIONAL INSTITUTION BUS,0,8,0,9,5,2,2,5,0,0,1,1,33
2022,Odisha,SAMBALPUR RTO - OR15( 04-DEC-2017 ),9,E-RICKSHAW(P),0,3,4,4,1,0,2,0,1,2,2,6,25
2022,Odisha,SAMBALPUR RTO - OR15( 04-DEC-2017 ),10,E-RICKSHAW WITH CART (G),0,2,32,23,2,0,0,1,2,2,25,2,91
2022,Odisha,SAMBALPUR RTO - OR15( 04-DEC-2017 ),11,FORK LIFT,0,0,0,3,0,0,0,0,0,0,0,5,8
2022,Odisha,SAMBALPUR RTO - OR15( 04-DEC-2017 ),12,GOODS CARRIER,72,61,64,71,69,106,80,86,67,93,88,95,952
2022,Odisha,SAMBALPUR RTO - OR15( 04-DEC-2017 ),13,LUXURY CAB,0,0,0,0,0,0,0,0,1,0,0,0,1
2022,Odisha,SAMBALPUR RTO - OR15( 04-DEC-2017 ),14,MAXI CAB,0,1,2,2,3,2,4,1,4,6,0,1,26
2022,Odisha,SAMBALPUR RTO - OR15( 04-DEC-2017 ),15,M-CYCLE/SCOOTER,"1,405","1,285","1,346","1,412","1,253","1,289","1,057",914,"1,053","1,951","1,168","1,153","15,286"
2022,Odisha,SAMBALPUR RTO - OR15( 04-DEC-2017 ),16,M-CYCLE/SCOOTER-WITH SIDE CAR,0,0,0,1,1,0,1,1,0,0,1,0,5
2022,Odisha,SAMBALPUR RTO - OR15( 04-DEC-2017 ),17,MOBILE CLINIC,0,0,0,1,0,0,0,0,0,0,0,0,1
2022,Odisha,SAMBALPUR RTO - OR15( 04-DEC-2017 ),18,MOPED,62,51,44,53,92,45,41,32,55,69,49,50,643
2022,Odisha,SAMBALPUR RTO - OR15( 04-DEC-2017 ),19,MOTOR CAB,12,12,28,19,23,17,19,13,18,16,15,9,201
2022,Odisha,SAMBALPUR RTO - OR15( 04-DEC-2017 ),20,MOTOR CAR,259,245,255,201,189,209,195,218,225,267,179,246,"2,688"
2022,Odisha,SAMBALPUR RTO - OR15( 04-DEC-2017 ),21,MOTORISED CYCLE (CC > 25CC),1,0,1,0,0,0,0,0,1,0,0,0,3
2022,Odisha,SAMBALPUR RTO - OR15( 04-DEC-2017 ),22,OMNI BUS,1,1,1,2,4,2,0,2,2,4,2,6,27
2022,Odisha,SAMBALPUR RTO - OR15( 04-DEC-2017 ),23,THREE WHEELER (GOODS),7,10,8,9,9,7,7,12,5,13,10,10,107
2022,Odisha,SAMBALPUR RTO - OR15( 04-DEC-2017 ),24,THREE WHEELER (PASSENGER),15,11,15,14,12,17,24,11,26,33,20,34,232
2022,Odisha,SAMBALPUR RTO - OR15( 04-DEC-2017 ),25,TRACTOR (COMMERCIAL),2,1,2,0,1,1,0,1,3,3,2,2,18
2022,Odisha,SONEPUR RTO - OR31( 08-NOV-2017 ),1,AGRICULTURAL TRACTOR,43,49,47,24,22,31,79,45,11,7,26,30,414
2022,Odisha,SONEPUR RTO - OR31( 08-NOV-2017 ),2,BUS,0,0,0,0,0,0,1,0,1,0,1,0,3
2022,Odisha,SONEPUR RTO - OR31( 08-NOV-2017 ),3,CONSTRUCTION EQUIPMENT VEHICLE,0,2,0,4,1,0,5,2,2,0,2,3,21
2022,Odisha,SONEPUR RTO - OR31( 08-NOV-2017 ),4,EDUCATIONAL INSTITUTION BUS,0,0,0,0,2,0,0,0,0,0,0,0,2
2022,Odisha,SONEPUR RTO - OR31( 08-NOV-2017 ),5,E-RICKSHAW(P),0,0,0,0,1,0,1,0,0,0,0,0,2
2022,Odisha,SONEPUR RTO - OR31( 08-NOV-2017 ),6,E-RICKSHAW WITH CART (G),0,1,0,0,0,0,1,0,0,0,0,0,2
2022,Odisha,SONEPUR RTO - OR31( 08-NOV-2017 ),7,GOODS CARRIER,20,5,10,10,5,7,11,20,10,17,10,14,139
2022,Odisha,SONEPUR RTO - OR31( 08-NOV-2017 ),8,MAXI CAB,3,0,1,1,1,0,1,1,1,2,1,5,17
2022,Odisha,SONEPUR RTO - OR31( 08-NOV-2017 ),9,M-CYCLE/SCOOTER,855,"1,251","1,196","1,044",770,699,471,384,439,759,373,487,"8,728"
2022,Odisha,SONEPUR RTO - OR31( 08-NOV-2017 ),10,MOPED,8,10,12,13,10,6,10,9,6,12,6,9,111
2022,Odisha,SONEPUR RTO - OR31( 08-NOV-2017 ),11,MOTOR CAB,0,1,2,0,0,1,1,0,2,0,2,0,9
2022,Odisha,SONEPUR RTO - OR31( 08-NOV-2017 ),12,MOTOR CAR,24,22,20,15,23,13,20,22,24,18,18,17,236
2022,Odisha,SONEPUR RTO - OR31( 08-NOV-2017 ),13,MOTORISED CYCLE (CC > 25CC),18,27,11,0,3,0,0,0,0,0,0,0,59
2022,Odisha,SONEPUR RTO - OR31( 08-NOV-2017 ),14,OMNI BUS,0,0,0,1,1,0,0,0,1,0,0,0,3
2022,Odisha,SONEPUR RTO - OR31( 08-NOV-2017 ),15,PRIVATE SERVICE VEHICLE,0,0,0,0,0,0,0,1,0,0,0,0,1
2022,Odisha,SONEPUR RTO - OR31( 08-NOV-2017 ),16,THREE WHEELER (GOODS),4,1,0,2,2,1,0,1,0,6,1,1,19
2022,Odisha,SONEPUR RTO - OR31( 08-NOV-2017 ),17,THREE WHEELER (PASSENGER),2,1,3,0,1,0,3,2,2,4,5,5,28
2022,Odisha,SONEPUR RTO - OR31( 08-NOV-2017 ),18,TRACTOR (COMMERCIAL),5,3,4,3,2,1,6,5,2,1,1,0,33
2022,Odisha,SONEPUR RTO - OR31( 08-NOV-2017 ),19,TRACTOR-TROLLEY(COMMERCIAL),0,0,1,11,6,0,0,1,3,4,4,7,37
2022,Odisha,SONEPUR RTO - OR31( 08-NOV-2017 ),20,TRAILER (COMMERCIAL),0,1,0,6,3,0,1,3,0,1,2,1,18
2022,Odisha,SUNDERGARH RTO - OR16( 08-NOV-2017 ),1,AGRICULTURAL TRACTOR,16,14,17,21,25,54,39,24,15,29,27,19,300
2022,Odisha,SUNDERGARH RTO - OR16( 08-NOV-2017 ),2,AMBULANCE,0,1,0,0,0,0,0,0,0,0,0,0,1
2022,Odisha,SUNDERGARH RTO - OR16( 08-NOV-2017 ),3,BUS,3,2,1,1,0,2,6,3,1,5,1,3,28
2022,Odisha,SUNDERGARH RTO - OR16( 08-NOV-2017 ),4,CONSTRUCTION EQUIPMENT VEHICLE,2,7,10,4,4,16,4,4,10,8,0,12,81
2022,Odisha,SUNDERGARH RTO - OR16( 08-NOV-2017 ),5,CRANE MOUNTED VEHICLE,0,2,0,0,2,1,0,0,0,0,0,1,6
2022,Odisha,SUNDERGARH RTO - OR16( 08-NOV-2017 ),6,EARTH MOVING EQUIPMENT,0,1,0,0,25,0,0,0,0,0,2,0,28
2022,Odisha,SUNDERGARH RTO - OR16( 08-NOV-2017 ),7,EDUCATIONAL INSTITUTION BUS,0,0,0,0,0,0,2,0,0,0,2,0,4
2022,Odisha,SUNDERGARH RTO - OR16( 08-NOV-2017 ),8,E-RICKSHAW(P),10,0,0,1,0,0,1,0,0,1,2,0,15
2022,Odisha,SUNDERGARH RTO - OR16( 08-NOV-2017 ),9,E-RICKSHAW WITH CART (G),0,0,17,0,0,0,1,0,0,0,0,0,18
2022,Odisha,SUNDERGARH RTO - OR16( 08-NOV-2017 ),10,FORK LIFT,0,0,0,0,0,0,0,0,0,1,0,0,1
2022,Odisha,SUNDERGARH RTO - OR16( 08-NOV-2017 ),11,GOODS CARRIER,51,62,61,98,75,148,65,162,136,96,164,174,"1,292"
2022,Odisha,SUNDERGARH RTO - OR16( 08-NOV-2017 ),12,HARVESTER,0,0,0,0,1,0,0,0,0,0,0,0,1
2022,Odisha,SUNDERGARH RTO - OR16( 08-NOV-2017 ),13,HEARSES,1,0,0,0,0,0,0,1,0,0,0,0,2
2022,Odisha,SUNDERGARH RTO - OR16( 08-NOV-2017 ),14,MAXI CAB,5,3,11,9,4,10,13,9,9,6,5,5,89
2022,Odisha,SUNDERGARH RTO - OR16( 08-NOV-2017 ),15,M-CYCLE/SCOOTER,709,526,557,599,554,654,505,431,484,972,737,660,"7,388"
2022,Odisha,SUNDERGARH RTO - OR16( 08-NOV-2017 ),16,M-CYCLE/SCOOTER-WITH SIDE CAR,0,0,0,0,0,1,0,0,0,0,0,0,1
2022,Odisha,SUNDERGARH RTO - OR16( 08-NOV-2017 ),17,MOPED,29,26,22,28,19,21,24,27,20,36,43,22,317
2022,Odisha,SUNDERGARH RTO - OR16( 08-NOV-2017 ),18,MOTOR CAB,2,1,1,6,1,1,2,4,2,2,0,4,26
2022,Odisha,SUNDERGARH RTO - OR16( 08-NOV-2017 ),19,MOTOR CAR,50,55,68,62,75,46,61,56,85,79,63,90,790
2022,Odisha,SUNDERGARH RTO - OR16( 08-NOV-2017 ),20,OMNI BUS,0,0,1,0,0,1,3,0,0,3,0,0,8
2022,Odisha,SUNDERGARH RTO - OR16( 08-NOV-2017 ),21,PRIVATE SERVICE VEHICLE,9,3,0,1,0,2,24,0,0,0,0,0,39
2022,Odisha,SUNDERGARH RTO - OR16( 08-NOV-2017 ),22,THREE WHEELER (GOODS),2,3,2,3,1,1,3,2,3,0,2,0,22
2022,Odisha,SUNDERGARH RTO - OR16( 08-NOV-2017 ),23,THREE WHEELER (PASSENGER),4,5,6,2,6,6,10,9,9,12,8,10,87
2022,Odisha,SUNDERGARH RTO - OR16( 08-NOV-2017 ),24,TRACTOR (COMMERCIAL),9,12,13,10,8,16,10,7,2,5,4,3,99
2022,Odisha,SUNDERGARH RTO - OR16( 08-NOV-2017 ),25,TRACTOR-TROLLEY(COMMERCIAL),0,11,0,0,0,1,0,0,1,1,1,0,15
2022,Odisha,TALCHER RTO - OR35( 25-DEC-2017 ),1,AGRICULTURAL TRACTOR,11,3,5,1,4,6,5,6,2,4,0,1,48
2022,Odisha,TALCHER RTO - OR35( 25-DEC-2017 ),2,BUS,0,0,1,0,0,0,0,0,1,1,0,0,3
2022,Odisha,TALCHER RTO - OR35( 25-DEC-2017 ),3,CONSTRUCTION EQUIPMENT VEHICLE,16,37,13,19,11,4,2,7,1,2,5,6,123
2022,Odisha,TALCHER RTO - OR35( 25-DEC-2017 ),4,CRANE MOUNTED VEHICLE,0,0,0,1,1,2,0,1,1,0,1,1,8
2022,Odisha,TALCHER RTO - OR35( 25-DEC-2017 ),5,DUMPER,0,0,0,0,0,0,0,0,0,0,2,0,2
2022,Odisha,TALCHER RTO - OR35( 25-DEC-2017 ),6,EDUCATIONAL INSTITUTION BUS,0,0,0,0,0,1,0,0,0,0,0,0,1
2022,Odisha,TALCHER RTO - OR35( 25-DEC-2017 ),7,FORK LIFT,2,0,0,0,0,0,0,0,0,0,0,0,2
2022,Odisha,TALCHER RTO - OR35( 25-DEC-2017 ),8,GOODS CARRIER,81,41,70,77,84,71,53,67,56,94,148,78,920
2022,Odisha,TALCHER RTO - OR35( 25-DEC-2017 ),9,MAXI CAB,0,1,0,1,0,0,2,0,0,0,0,0,4
2022,Odisha,TALCHER RTO - OR35( 25-DEC-2017 ),10,M-CYCLE/SCOOTER,439,413,474,414,395,428,365,322,540,930,342,371,"5,433"
2022,Odisha,TALCHER RTO - OR35( 25-DEC-2017 ),11,MOPED,8,0,13,6,5,5,6,2,8,18,5,5,81
2022,Odisha,TALCHER RTO - OR35( 25-DEC-2017 ),12,MOTOR CAB,1,3,4,1,6,1,1,2,2,5,2,3,31
2022,Odisha,TALCHER RTO - OR35( 25-DEC-2017 ),13,MOTOR CAR,17,18,28,22,12,14,9,11,17,21,13,11,193
2022,Odisha,TALCHER RTO - OR35( 25-DEC-2017 ),14,OMNI BUS,2,0,0,0,0,3,0,0,0,1,0,0,6
2022,Odisha,TALCHER RTO - OR35( 25-DEC-2017 ),15,PRIVATE SERVICE VEHICLE,0,0,1,0,0,0,0,0,0,0,0,0,1
2022,Odisha,TALCHER RTO - OR35( 25-DEC-2017 ),16,THREE WHEELER (GOODS),1,0,0,1,0,1,1,0,0,0,3,0,7
2022,Odisha,TALCHER RTO - OR35( 25-DEC-2017 ),17,THREE WHEELER (PASSENGER),2,2,4,3,1,0,3,2,2,6,0,3,28
2022,Odisha,TALCHER RTO - OR35( 25-DEC-2017 ),18,TRACTOR (COMMERCIAL),5,2,3,4,1,5,1,1,4,3,2,3,34
2022,Odisha,TALCHER RTO - OR35( 25-DEC-2017 ),19,TRAILER (AGRICULTURAL),0,0,0,0,0,0,1,0,0,0,0,0,1
2022,Odisha,TALCHER RTO - OR35( 25-DEC-2017 ),20,TRAILER (COMMERCIAL),5,2,3,7,4,2,2,2,2,9,3,5,46
2021,Odisha,ANGUL RTO - OR19( 25-DEC-2017 ),1,AGRICULTURAL TRACTOR,41,21,23,25,31,33,46,25,9,17,9,15,295
2021,Odisha,ANGUL RTO - OR19( 25-DEC-2017 ),2,AMBULANCE,1,0,0,0,2,0,1,7,2,0,0,0,13
2021,Odisha,ANGUL RTO - OR19( 25-DEC-2017 ),3,BUS,1,0,0,0,4,0,0,2,1,0,2,0,10
2021,Odisha,ANGUL RTO - OR19( 25-DEC-2017 ),4,CAMPER VAN / TRAILER (PRIVATE USE),0,0,1,0,0,0,0,0,0,0,0,0,1
2021,Odisha,ANGUL RTO - OR19( 25-DEC-2017 ),5,CONSTRUCTION EQUIPMENT VEHICLE,26,29,37,15,9,10,17,7,19,10,6,16,201
2021,Odisha,ANGUL RTO - OR19( 25-DEC-2017 ),6,CONSTRUCTION EQUIPMENT VEHICLE (COMMERCIAL),0,0,1,0,0,0,1,0,0,0,0,0,2
2021,Odisha,ANGUL RTO - OR19( 25-DEC-2017 ),7,CRANE MOUNTED VEHICLE,2,2,0,2,0,3,1,3,2,1,4,8,28
2021,Odisha,ANGUL RTO - OR19( 25-DEC-2017 ),8,EARTH MOVING EQUIPMENT,0,1,1,0,1,0,0,1,0,0,0,1,5
2021,Odisha,ANGUL RTO - OR19( 25-DEC-2017 ),9,E-RICKSHAW(P),0,0,1,0,0,1,1,0,1,0,0,1,5
2021,Odisha,ANGUL RTO - OR19( 25-DEC-2017 ),10,E-RICKSHAW WITH CART (G),0,0,0,0,0,0,0,0,1,4,1,1,7
2021,Odisha,ANGUL RTO - OR19( 25-DEC-2017 ),11,EXCAVATOR (COMMERCIAL),0,0,0,2,0,0,0,0,0,0,0,0,2
2021,Odisha,ANGUL RTO - OR19( 25-DEC-2017 ),12,EXCAVATOR (NT),0,0,0,0,0,0,1,0,0,0,0,0,1
2021,Odisha,ANGUL RTO - OR19( 25-DEC-2017 ),13,FORK LIFT,0,0,4,0,0,0,1,0,17,0,0,0,22
2021,Odisha,ANGUL RTO - OR19( 25-DEC-2017 ),14,GOODS CARRIER,73,78,71,86,13,35,52,63,55,67,41,36,670
2021,Odisha,ANGUL RTO - OR19( 25-DEC-2017 ),15,MAXI CAB,3,1,1,0,0,1,0,2,1,0,0,0,9
2021,Odisha,ANGUL RTO - OR19( 25-DEC-2017 ),16,M-CYCLE/SCOOTER,"1,053","1,015",940,862,191,474,"1,039",923,798,"1,681","1,030",693,"10,699"
2021,Odisha,ANGUL RTO - OR19( 25-DEC-2017 ),17,MOPED,40,25,23,28,4,16,52,35,26,59,48,15,371
2021,Odisha,ANGUL RTO - OR19( 25-DEC-2017 ),18,MOTOR CAB,14,10,11,11,6,9,11,11,10,5,8,2,108
2021,Odisha,ANGUL RTO - OR19( 25-DEC-2017 ),19,MOTOR CAR,141,121,111,89,15,68,121,99,75,95,66,85,"1,086"
2021,Odisha,ANGUL RTO - OR19( 25-DEC-2017 ),20,MOTORISED CYCLE (CC > 25CC),1,0,1,1,0,0,6,2,15,22,17,0,65
2021,Odisha,ANGUL RTO - OR19( 25-DEC-2017 ),21,OMNI BUS,1,1,1,3,2,2,1,2,1,1,4,1,20
2021,Odisha,ANGUL RTO - OR19( 25-DEC-2017 ),22,PRIVATE SERVICE VEHICLE,1,1,0,0,3,2,3,0,1,2,0,0,13
2021,Odisha,ANGUL RTO - OR19( 25-DEC-2017 ),23,THREE WHEELER (GOODS),15,8,10,12,1,4,11,10,5,15,11,7,109
2021,Odisha,ANGUL RTO - OR19( 25-DEC-2017 ),24,THREE WHEELER (PASSENGER),13,11,16,11,2,2,9,4,9,22,8,11,118
2021,Odisha,ANGUL RTO - OR19( 25-DEC-2017 ),25,TOWER WAGON,0,0,0,0,0,0,0,0,0,0,1,0,1
2021,Odisha,ARTO BARBIL - OR901( 04-DEC-2017 ),1,AGRICULTURAL TRACTOR,1,0,1,0,0,0,0,0,0,0,0,0,2
2021,Odisha,ARTO BARBIL - OR901( 04-DEC-2017 ),2,AMBULANCE,0,0,1,0,0,3,0,1,0,1,0,0,6
2021,Odisha,ARTO BARBIL - OR901( 04-DEC-2017 ),3,ARTICULATED VEHICLE,0,0,0,0,0,0,11,7,5,0,0,0,23
2021,Odisha,ARTO BARBIL - OR901( 04-DEC-2017 ),4,BUS,0,0,0,0,0,0,0,0,0,0,1,1,2
2021,Odisha,ARTO BARBIL - OR901( 04-DEC-2017 ),5,CAMPER VAN / TRAILER,0,0,0,0,0,0,0,0,1,0,0,0,1
2021,Odisha,ARTO BARBIL - OR901( 04-DEC-2017 ),6,CONSTRUCTION EQUIPMENT VEHICLE,4,18,18,9,9,12,15,6,9,12,3,9,124
2021,Odisha,ARTO BARBIL - OR901( 04-DEC-2017 ),7,CRANE MOUNTED VEHICLE,0,1,2,0,2,2,3,2,1,3,0,1,17
2021,Odisha,ARTO BARBIL - OR901( 04-DEC-2017 ),8,DUMPER,0,0,0,0,0,0,2,0,0,0,0,0,2
2021,Odisha,ARTO BARBIL - OR901( 04-DEC-2017 ),9,EARTH MOVING EQUIPMENT,0,0,0,0,0,4,0,7,1,0,0,0,12
2021,Odisha,ARTO BARBIL - OR901( 04-DEC-2017 ),10,GOODS CARRIER,198,202,239,243,134,151,229,192,180,55,70,143,"2,036"
2021,Odisha,ARTO BARBIL - OR901( 04-DEC-2017 ),11,MAXI CAB,1,0,0,0,1,1,1,0,3,4,5,2,18
2021,Odisha,ARTO BARBIL - OR901( 04-DEC-2017 ),12,M-CYCLE/SCOOTER,157,122,105,100,13,37,142,117,142,241,220,148,"1,544"
2021,Odisha,ARTO BARBIL - OR901( 04-DEC-2017 ),13,M-CYCLE/SCOOTER-WITH SIDE CAR,0,0,0,1,0,0,0,0,0,0,0,0,1
2021,Odisha,ARTO BARBIL - OR901( 04-DEC-2017 ),14,MOPED,7,11,9,7,1,4,7,10,10,3,9,6,84
2021,Odisha,ARTO BARBIL - OR901( 04-DEC-2017 ),15,MOTOR CAB,11,13,14,7,2,4,10,8,4,5,16,11,105
2021,Odisha,ARTO BARBIL - OR901( 04-DEC-2017 ),16,MOTOR CAR,13,13,15,19,12,13,14,27,21,11,19,11,188
2021,Odisha,ARTO BARBIL - OR901( 04-DEC-2017 ),17,MOTORISED CYCLE (CC > 25CC),56,78,67,26,0,0,106,55,37,38,11,94,568
2021,Odisha,ARTO BARBIL - OR901( 04-DEC-2017 ),18,OMNI BUS,0,0,0,0,0,0,1,0,0,0,0,0,1
2021,Odisha,ARTO BARBIL - OR901( 04-DEC-2017 ),19,PRIVATE SERVICE VEHICLE,0,0,0,0,3,0,2,0,0,0,0,0,5
2021,Odisha,ARTO BARBIL - OR901( 04-DEC-2017 ),20,THREE WHEELER (GOODS),1,0,2,0,0,0,1,1,2,0,1,1,9
2021,Odisha,ARTO BARBIL - OR901( 04-DEC-2017 ),21,THREE WHEELER (PASSENGER),0,2,1,0,0,0,0,0,0,0,0,0,3
2021,Odisha,BALASORE RTO - OR1( 07-NOV-2017 ),1,AGRICULTURAL TRACTOR,147,119,126,89,29,100,136,78,49,84,84,85,"1,126"
2021,Odisha,BALASORE RTO - OR1( 07-NOV-2017 ),2,AMBULANCE,0,0,0,0,0,0,2,0,0,1,0,0,3
2021,Odisha,BALASORE RTO - OR1( 07-NOV-2017 ),3,BUS,0,0,1,0,0,0,0,0,1,0,3,2,7
2021,Odisha,BALASORE RTO - OR1( 07-NOV-2017 ),4,CONSTRUCTION EQUIPMENT VEHICLE,4,14,4,6,2,0,3,6,4,10,15,8,76
2021,Odisha,BALASORE RTO - OR1( 07-NOV-2017 ),5,CRANE MOUNTED VEHICLE,0,2,1,1,0,1,0,0,0,0,0,0,5
2021,Odisha,BALASORE RTO - OR1( 07-NOV-2017 ),6,DUMPER,0,1,1,0,0,0,0,0,0,0,0,0,2
2021,Odisha,BALASORE RTO - OR1( 07-NOV-2017 ),7,EARTH MOVING EQUIPMENT,1,4,5,7,3,3,0,1,1,0,0,0,25
2021,Odisha,BALASORE RTO - OR1( 07-NOV-2017 ),8,EDUCATIONAL INSTITUTION BUS,0,0,0,2,0,0,0,0,0,0,0,0,2
2021,Odisha,BALASORE RTO - OR1( 07-NOV-2017 ),9,E-RICKSHAW(P),1,0,0,0,0,0,0,0,0,0,4,1,6
2021,Odisha,BALASORE RTO - OR1( 07-NOV-2017 ),10,E-RICKSHAW WITH CART (G),0,1,1,0,0,0,0,0,0,2,0,13,17
2021,Odisha,BALASORE RTO - OR1( 07-NOV-2017 ),11,GOODS CARRIER,83,74,125,82,16,44,73,67,62,71,64,77,838
2021,Odisha,BALASORE RTO - OR1( 07-NOV-2017 ),12,HARVESTER,1,1,2,3,0,0,0,0,0,0,0,0,7
2021,Odisha,BALASORE RTO - OR1( 07-NOV-2017 ),13,MAXI CAB,2,2,2,3,0,0,3,6,3,3,1,4,29
2021,Odisha,BALASORE RTO - OR1( 07-NOV-2017 ),14,M-CYCLE/SCOOTER,"2,293","2,060","2,404","2,002",260,"1,440","2,097","1,842","1,466","3,589","2,144","1,329","22,926"
2021,Odisha,BALASORE RTO - OR1( 07-NOV-2017 ),15,M-CYCLE/SCOOTER-WITH SIDE CAR,0,2,0,0,0,0,0,0,1,0,0,1,4
2021,Odisha,BALASORE RTO - OR1( 07-NOV-2017 ),16,MOPED,68,41,67,45,5,21,56,45,39,88,65,26,566
2021,Odisha,BALASORE RTO - OR1( 07-NOV-2017 ),17,MOTOR CAB,8,14,13,13,4,8,8,7,8,12,13,4,112
2021,Odisha,BALASORE RTO - OR1( 07-NOV-2017 ),18,MOTOR CAR,243,206,223,229,30,125,220,253,186,243,203,176,"2,337"
2021,Odisha,BALASORE RTO - OR1( 07-NOV-2017 ),19,MOTORISED CYCLE (CC > 25CC),35,28,22,25,9,9,13,5,1,0,3,1,151
2021,Odisha,BALASORE RTO - OR1( 07-NOV-2017 ),20,OMNI BUS,0,0,0,2,0,1,0,0,0,0,0,0,3
2021,Odisha,BALASORE RTO - OR1( 07-NOV-2017 ),21,OMNI BUS (PRIVATE USE),0,0,0,0,0,0,1,0,0,0,0,0,1
2021,Odisha,BALASORE RTO - OR1( 07-NOV-2017 ),22,PRIVATE SERVICE VEHICLE (INDIVIDUAL USE),0,0,0,0,0,0,0,0,0,0,1,0,1
2021,Odisha,BALASORE RTO - OR1( 07-NOV-2017 ),23,ROAD ROLLER,0,1,0,0,0,0,0,0,0,0,0,0,1
2021,Odisha,BALASORE RTO - OR1( 07-NOV-2017 ),24,THREE WHEELER (GOODS),28,14,26,26,3,10,23,11,11,20,20,15,207
2021,Odisha,BALASORE RTO - OR1( 07-NOV-2017 ),25,THREE WHEELER (PASSENGER),14,8,8,9,1,7,12,10,9,17,9,10,114
2021,Odisha,BARGARH RTO - OR17( 04-DEC-2017 ),1,AGRICULTURAL TRACTOR,167,129,149,91,28,132,259,96,58,87,97,76,"1,369"
2021,Odisha,BARGARH RTO - OR17( 04-DEC-2017 ),2,AMBULANCE,0,0,0,0,1,0,1,0,1,0,0,1,4
2021,Odisha,BARGARH RTO - OR17( 04-DEC-2017 ),3,ARTICULATED VEHICLE,0,0,0,0,0,0,0,0,0,0,0,1,1
2021,Odisha,BARGARH RTO - OR17( 04-DEC-2017 ),4,BUS,0,0,0,0,2,0,0,1,0,2,0,0,5
2021,Odisha,BARGARH RTO - OR17( 04-DEC-2017 ),5,CONSTRUCTION EQUIPMENT VEHICLE,11,16,26,16,3,3,5,6,17,5,4,3,115
2021,Odisha,BARGARH RTO - OR17( 04-DEC-2017 ),6,CRANE MOUNTED VEHICLE,1,0,0,3,0,0,0,1,0,0,0,0,5
2021,Odisha,BARGARH RTO - OR17( 04-DEC-2017 ),7,EARTH MOVING EQUIPMENT,1,0,1,0,0,0,0,3,1,0,0,0,6
2021,Odisha,BARGARH RTO - OR17( 04-DEC-2017 ),8,EDUCATIONAL INSTITUTION BUS,0,0,0,0,0,0,0,0,0,1,0,0,1
2021,Odisha,BARGARH RTO - OR17( 04-DEC-2017 ),9,E-RICKSHAW(P),0,0,0,0,0,0,0,0,0,0,0,2,2
2021,Odisha,BARGARH RTO - OR17( 04-DEC-2017 ),10,E-RICKSHAW WITH CART (G),0,0,0,0,0,0,0,0,1,0,0,0,1
2021,Odisha,BARGARH RTO - OR17( 04-DEC-2017 ),11,EXCAVATOR (NT),0,0,1,0,0,0,0,0,0,0,0,1,2
2021,Odisha,BARGARH RTO - OR17( 04-DEC-2017 ),12,GOODS CARRIER,35,47,51,52,2,14,36,32,26,33,31,18,377
2021,Odisha,BARGARH RTO - OR17( 04-DEC-2017 ),13,HARVESTER,1,3,10,6,1,1,9,8,4,17,7,2,69
2021,Odisha,BARGARH RTO - OR17( 04-DEC-2017 ),14,MAXI CAB,2,3,3,2,2,3,4,4,3,0,2,2,30
2021,Odisha,BARGARH RTO - OR17( 04-DEC-2017 ),15,M-CYCLE/SCOOTER,"1,101","2,608","2,608","1,737",326,871,"1,549",824,772,976,933,549,"14,854"
2021,Odisha,BARGARH RTO - OR17( 04-DEC-2017 ),16,M-CYCLE/SCOOTER-WITH SIDE CAR,0,0,0,1,0,0,0,0,0,0,0,0,1
2021,Odisha,BARGARH RTO - OR17( 04-DEC-2017 ),17,MOPED,119,156,109,95,9,46,108,135,121,129,127,64,"1,218"
2021,Odisha,BARGARH RTO - OR17( 04-DEC-2017 ),18,MOTOR CAB,2,0,2,2,1,3,2,0,4,4,2,3,25
2021,Odisha,BARGARH RTO - OR17( 04-DEC-2017 ),19,MOTOR CAR,159,128,143,106,13,70,123,115,101,138,101,107,"1,304"
2021,Odisha,BARGARH RTO - OR17( 04-DEC-2017 ),20,MOTORISED CYCLE (CC > 25CC),1,0,1,2,1,1,0,1,1,1,0,0,9
2021,Odisha,BARGARH RTO - OR17( 04-DEC-2017 ),21,OMNI BUS,1,1,0,0,0,1,0,0,0,0,0,0,3
2021,Odisha,BARGARH RTO - OR17( 04-DEC-2017 ),22,THREE WHEELER (GOODS),6,7,8,9,1,1,11,5,1,6,1,5,61
2021,Odisha,BARGARH RTO - OR17( 04-DEC-2017 ),23,THREE WHEELER (PASSENGER),6,6,10,7,0,1,7,7,6,8,6,3,67
2021,Odisha,BARGARH RTO - OR17( 04-DEC-2017 ),24,TRACTOR (COMMERCIAL),9,4,9,1,0,3,5,1,2,3,2,2,41
2021,Odisha,BARGARH RTO - OR17( 04-DEC-2017 ),25,TRACTOR-TROLLEY(COMMERCIAL),2,1,3,14,3,0,0,15,0,0,0,5,43
2021,Odisha,BHADRAK RTO - OR22( 04-DEC-2017 ),1,ADAPTED VEHICLE,0,0,0,0,0,0,0,1,0,0,0,0,1
2021,Odisha,BHADRAK RTO - OR22( 04-DEC-2017 ),2,AGRICULTURAL TRACTOR,57,43,67,40,11,36,42,49,32,29,47,41,494
2021,Odisha,BHADRAK RTO - OR22( 04-DEC-2017 ),3,BUS,0,1,1,0,0,0,0,0,1,0,0,0,3
2021,Odisha,BHADRAK RTO - OR22( 04-DEC-2017 ),4,CONSTRUCTION EQUIPMENT VEHICLE,1,0,10,1,1,0,2,4,5,0,1,1,26
2021,Odisha,BHADRAK RTO - OR22( 04-DEC-2017 ),5,CRANE MOUNTED VEHICLE,0,0,2,1,0,0,1,0,0,1,1,1,7
2021,Odisha,BHADRAK RTO - OR22( 04-DEC-2017 ),6,EARTH MOVING EQUIPMENT,0,0,0,0,0,0,0,0,0,1,1,1,3
2021,Odisha,BHADRAK RTO - OR22( 04-DEC-2017 ),7,E-RICKSHAW(P),0,0,0,0,1,0,0,0,0,0,0,0,1
2021,Odisha,BHADRAK RTO - OR22( 04-DEC-2017 ),8,E-RICKSHAW WITH CART (G),0,0,0,0,0,0,0,0,0,1,0,0,1
2021,Odisha,BHADRAK RTO - OR22( 04-DEC-2017 ),9,FIRE TENDERS,0,0,0,0,0,0,1,0,0,0,0,0,1
2021,Odisha,BHADRAK RTO - OR22( 04-DEC-2017 ),10,GOODS CARRIER,36,32,51,22,7,7,18,21,14,21,24,22,275
2021,Odisha,BHADRAK RTO - OR22( 04-DEC-2017 ),11,MAXI CAB,0,2,1,1,0,0,2,1,0,1,0,3,11
2021,Odisha,BHADRAK RTO - OR22( 04-DEC-2017 ),12,M-CYCLE/SCOOTER,"1,259","1,206","1,274","1,203",206,539,"1,043","1,003",863,"1,654","1,527",773,"12,550"
2021,Odisha,BHADRAK RTO - OR22( 04-DEC-2017 ),13,M-CYCLE/SCOOTER-WITH SIDE CAR,0,0,0,0,0,0,1,0,0,0,1,0,2
2021,Odisha,BHADRAK RTO - OR22( 04-DEC-2017 ),14,MOPED,32,24,20,17,4,10,36,18,27,21,33,10,252
2021,Odisha,BHADRAK RTO - OR22( 04-DEC-2017 ),15,MOTOR CAB,3,4,2,1,0,2,4,5,1,1,3,0,26
2021,Odisha,BHADRAK RTO - OR22( 04-DEC-2017 ),16,MOTOR CAR,35,36,39,28,5,18,37,41,35,34,36,37,381
2021,Odisha,BHADRAK RTO - OR22( 04-DEC-2017 ),17,MOTORISED CYCLE (CC > 25CC),0,0,0,0,0,0,0,4,2,0,9,2,17
2021,Odisha,BHADRAK RTO - OR22( 04-DEC-2017 ),18,OMNI BUS,0,0,0,0,0,0,0,0,0,0,0,1,1
2021,Odisha,BHADRAK RTO - OR22( 04-DEC-2017 ),19,PRIVATE SERVICE VEHICLE,0,0,0,0,0,0,0,0,0,0,0,1,1
2021,Odisha,BHADRAK RTO - OR22( 04-DEC-2017 ),20,PRIVATE SERVICE VEHICLE (INDIVIDUAL USE),0,1,0,0,0,0,0,0,0,0,0,0,1
2021,Odisha,BHADRAK RTO - OR22( 04-DEC-2017 ),21,THREE WHEELER (GOODS),30,21,29,20,0,8,19,11,13,28,23,14,216
2021,Odisha,BHADRAK RTO - OR22( 04-DEC-2017 ),22,THREE WHEELER (PASSENGER),4,12,13,10,0,0,6,4,18,22,10,8,107
2021,Odisha,BHADRAK RTO - OR22( 04-DEC-2017 ),23,TRACTOR (COMMERCIAL),20,16,11,14,4,9,3,5,2,6,14,6,110
2021,Odisha,BHADRAK RTO - OR22( 04-DEC-2017 ),24,TRAILER (COMMERCIAL),23,24,17,2,0,0,0,1,8,1,12,5,93
2021,Odisha,BHANJANAGAR RTO - OR32( 04-DEC-2017 ),1,ADAPTED VEHICLE,0,0,1,0,0,0,0,0,0,0,0,0,1
2021,Odisha,BHANJANAGAR RTO - OR32( 04-DEC-2017 ),2,AGRICULTURAL TRACTOR,12,4,4,16,6,11,14,14,7,11,11,14,124
2021,Odisha,BHANJANAGAR RTO - OR32( 04-DEC-2017 ),3,AMBULANCE,0,0,0,1,0,0,0,0,0,0,0,0,1
2021,Odisha,BHANJANAGAR RTO - OR32( 04-DEC-2017 ),4,BUS,0,0,0,0,0,0,0,1,0,2,1,3,7
2021,Odisha,BHANJANAGAR RTO - OR32( 04-DEC-2017 ),5,CONSTRUCTION EQUIPMENT VEHICLE,0,2,2,0,0,1,1,1,1,0,3,1,12
2021,Odisha,BHANJANAGAR RTO - OR32( 04-DEC-2017 ),6,E-RICKSHAW WITH CART (G),0,0,0,0,0,0,0,1,0,0,1,0,2
2021,Odisha,BHANJANAGAR RTO - OR32( 04-DEC-2017 ),7,EXCAVATOR (COMMERCIAL),1,3,0,1,0,0,0,0,0,0,0,0,5
2021,Odisha,BHANJANAGAR RTO - OR32( 04-DEC-2017 ),8,GOODS CARRIER,6,8,8,2,3,4,3,6,2,4,11,7,64
2021,Odisha,BHANJANAGAR RTO - OR32( 04-DEC-2017 ),9,MAXI CAB,0,0,0,0,0,0,0,0,0,0,0,1,1
2021,Odisha,BHANJANAGAR RTO - OR32( 04-DEC-2017 ),10,M-CYCLE/SCOOTER,385,436,565,691,94,405,563,457,320,705,620,327,"5,568"
2021,Odisha,BHANJANAGAR RTO - OR32( 04-DEC-2017 ),11,MOPED,63,61,63,81,14,72,95,69,40,109,76,40,783
2021,Odisha,BHANJANAGAR RTO - OR32( 04-DEC-2017 ),12,MOTOR CAB,4,0,1,1,0,0,4,0,2,1,2,1,16
2021,Odisha,BHANJANAGAR RTO - OR32( 04-DEC-2017 ),13,MOTOR CAR,8,10,12,15,2,8,15,14,11,16,16,12,139
2021,Odisha,BHANJANAGAR RTO - OR32( 04-DEC-2017 ),14,MOTORISED CYCLE (CC > 25CC),1,0,0,3,0,0,1,2,2,2,5,0,16
2021,Odisha,BHANJANAGAR RTO - OR32( 04-DEC-2017 ),15,THREE WHEELER (GOODS),2,4,8,2,1,0,7,3,2,7,7,1,44
2021,Odisha,BHANJANAGAR RTO - OR32( 04-DEC-2017 ),16,THREE WHEELER (PASSENGER),2,4,3,4,1,1,8,2,5,8,4,1,43
2021,Odisha,BHANJANAGAR RTO - OR32( 04-DEC-2017 ),17,TRACTOR (COMMERCIAL),5,7,3,0,0,2,3,0,0,2,5,0,27
2021,Odisha,BHANJANAGAR RTO - OR32( 04-DEC-2017 ),18,TRAILER (COMMERCIAL),0,2,3,0,0,0,1,1,4,1,1,4,17
2021,Odisha,BHUBANESWAR-II RTO - OR33( 23-OCT-2017 ),1,AGRICULTURAL TRACTOR,13,3,3,6,1,9,12,22,7,9,11,5,101
2021,Odisha,BHUBANESWAR-II RTO - OR33( 23-OCT-2017 ),2,AMBULANCE,6,2,1,1,1,2,0,1,4,3,1,1,23
2021,Odisha,BHUBANESWAR-II RTO - OR33( 23-OCT-2017 ),3,ARTICULATED VEHICLE,0,0,0,0,0,0,0,2,2,2,0,0,6
2021,Odisha,BHUBANESWAR-II RTO - OR33( 23-OCT-2017 ),4,CONSTRUCTION EQUIPMENT VEHICLE,39,31,21,8,3,5,20,31,26,20,22,10,236
2021,Odisha,BHUBANESWAR-II RTO - OR33( 23-OCT-2017 ),5,CRANE MOUNTED VEHICLE,2,0,1,0,0,0,0,0,0,0,0,0,3
2021,Odisha,BHUBANESWAR-II RTO - OR33( 23-OCT-2017 ),6,EARTH MOVING EQUIPMENT,0,0,39,36,9,4,1,0,0,3,0,0,92
2021,Odisha,BHUBANESWAR-II RTO - OR33( 23-OCT-2017 ),7,E-RICKSHAW(P),4,2,5,1,0,0,1,2,2,3,0,4,24
2021,Odisha,BHUBANESWAR-II RTO - OR33( 23-OCT-2017 ),8,E-RICKSHAW WITH CART (G),4,1,5,7,1,1,2,2,0,4,1,11,39
2021,Odisha,BHUBANESWAR-II RTO - OR33( 23-OCT-2017 ),9,GOODS CARRIER,57,70,126,48,4,18,30,41,32,36,57,44,563
2021,Odisha,BHUBANESWAR-II RTO - OR33( 23-OCT-2017 ),10,MAXI CAB,1,0,0,0,1,0,0,4,0,1,2,1,10
2021,Odisha,BHUBANESWAR-II RTO - OR33( 23-OCT-2017 ),11,M-CYCLE/SCOOTER,"1,202","1,475","1,390","1,124",78,390,"1,129","1,234","1,135","2,207","1,575","1,133","14,072"
2021,Odisha,BHUBANESWAR-II RTO - OR33( 23-OCT-2017 ),12,MOPED,10,20,13,10,0,6,19,8,14,38,13,8,159
2021,Odisha,BHUBANESWAR-II RTO - OR33( 23-OCT-2017 ),13,MOTOR CAB,13,10,14,20,1,8,29,14,13,12,22,20,176
2021,Odisha,BHUBANESWAR-II RTO - OR33( 23-OCT-2017 ),14,MOTOR CAR,135,211,212,180,23,94,182,271,276,327,320,323,"2,554"
2021,Odisha,BHUBANESWAR-II RTO - OR33( 23-OCT-2017 ),15,MOTOR CYCLE/SCOOTER-USED FOR HIRE,2,1,6,0,0,0,0,1,1,2,3,0,16
2021,Odisha,BHUBANESWAR-II RTO - OR33( 23-OCT-2017 ),16,MOTORISED CYCLE (CC > 25CC),0,2,1,1,0,0,1,2,1,0,1,3,12
2021,Odisha,BHUBANESWAR-II RTO - OR33( 23-OCT-2017 ),17,PRIVATE SERVICE VEHICLE,1,0,2,0,2,0,0,0,1,0,0,0,6
2021,Odisha,BHUBANESWAR-II RTO - OR33( 23-OCT-2017 ),18,THREE WHEELER (GOODS),12,10,11,7,0,2,13,17,18,20,18,6,134
2021,Odisha,BHUBANESWAR-II RTO - OR33( 23-OCT-2017 ),19,THREE WHEELER (PASSENGER),21,20,17,12,0,2,0,1,5,2,4,2,86
2021,Odisha,BHUBANESWAR-II RTO - OR33( 23-OCT-2017 ),20,TRACTOR (COMMERCIAL),1,6,29,2,0,2,1,2,0,1,1,0,45
2021,Odisha,BHUBANESWAR-II RTO - OR33( 23-OCT-2017 ),21,TRACTOR-TROLLEY(COMMERCIAL),0,3,0,0,0,0,0,0,0,0,0,0,3
2021,Odisha,BHUBANESWAR-II RTO - OR33( 23-OCT-2017 ),22,TRAILER (COMMERCIAL),2,3,32,0,0,0,0,1,2,3,0,2,45
2021,Odisha,BHUBANESWAR RTO - OR2( 22-JAN-2018 ),1,ADAPTED VEHICLE,0,0,0,0,0,0,0,0,0,1,0,0,1
2021,Odisha,BHUBANESWAR RTO - OR2( 22-JAN-2018 ),2,AGRICULTURAL TRACTOR,38,37,33,28,12,14,46,26,13,13,23,20,303
2021,Odisha,BHUBANESWAR RTO - OR2( 22-JAN-2018 ),3,AMBULANCE,27,32,2,14,13,20,32,20,5,15,4,10,194
2021,Odisha,BHUBANESWAR RTO - OR2( 22-JAN-2018 ),4,ANIMAL AMBULANCE,0,0,1,0,0,0,0,0,0,1,0,0,2
2021,Odisha,BHUBANESWAR RTO - OR2( 22-JAN-2018 ),5,ARTICULATED VEHICLE,1,0,0,0,0,0,0,0,1,2,0,0,4
2021,Odisha,BHUBANESWAR RTO - OR2( 22-JAN-2018 ),6,BUS,0,0,2,0,6,0,0,21,8,12,9,0,58
2021,Odisha,BHUBANESWAR RTO - OR2( 22-JAN-2018 ),7,CAMPER VAN / TRAILER (PRIVATE USE),0,0,0,0,0,0,0,1,0,0,1,0,2
2021,Odisha,BHUBANESWAR RTO - OR2( 22-JAN-2018 ),8,CASH VAN,0,0,0,3,7,3,0,2,2,4,0,0,21
2021,Odisha,BHUBANESWAR RTO - OR2( 22-JAN-2018 ),9,CONSTRUCTION EQUIPMENT VEHICLE,20,18,21,15,13,6,17,16,22,16,12,23,199
2021,Odisha,BHUBANESWAR RTO - OR2( 22-JAN-2018 ),10,CRANE MOUNTED VEHICLE,0,1,3,0,1,1,0,0,3,0,1,2,12
2021,Odisha,BHUBANESWAR RTO - OR2( 22-JAN-2018 ),11,EARTH MOVING EQUIPMENT,1,2,0,0,0,0,0,1,0,0,0,0,4
2021,Odisha,BHUBANESWAR RTO - OR2( 22-JAN-2018 ),12,EDUCATIONAL INSTITUTION BUS,0,1,0,1,0,0,0,1,2,3,1,2,11
2021,Odisha,BHUBANESWAR RTO - OR2( 22-JAN-2018 ),13,E-RICKSHAW(P),0,0,2,2,0,0,2,2,5,3,1,1,18
2021,Odisha,BHUBANESWAR RTO - OR2( 22-JAN-2018 ),14,E-RICKSHAW WITH CART (G),0,0,0,13,1,55,11,6,5,3,9,5,108
2021,Odisha,BHUBANESWAR RTO - OR2( 22-JAN-2018 ),15,EXCAVATOR (NT),1,18,8,3,0,0,0,0,0,0,0,0,30
2021,Odisha,BHUBANESWAR RTO - OR2( 22-JAN-2018 ),16,FORK LIFT,0,0,1,0,0,0,0,0,0,0,0,0,1
2021,Odisha,BHUBANESWAR RTO - OR2( 22-JAN-2018 ),17,GOODS CARRIER,206,266,285,180,98,125,286,176,209,261,191,184,"2,467"
2021,Odisha,BHUBANESWAR RTO - OR2( 22-JAN-2018 ),18,HEARSES,0,1,0,0,0,0,0,0,0,0,0,0,1
2021,Odisha,BHUBANESWAR RTO - OR2( 22-JAN-2018 ),19,LUXURY CAB,1,0,0,0,0,0,0,0,0,0,0,0,1
2021,Odisha,BHUBANESWAR RTO - OR2( 22-JAN-2018 ),20,MAXI CAB,6,10,6,6,1,1,8,9,13,9,9,10,88
2021,Odisha,BHUBANESWAR RTO - OR2( 22-JAN-2018 ),21,M-CYCLE/SCOOTER,"3,159","2,953","3,303","2,702",276,999,"2,533","2,707","2,597","4,468","3,219","2,378","31,294"
2021,Odisha,BHUBANESWAR RTO - OR2( 22-JAN-2018 ),22,MOPED,137,172,187,121,21,73,133,210,160,223,167,149,"1,753"
2021,Odisha,BHUBANESWAR RTO - OR2( 22-JAN-2018 ),23,MOTOR CAB,109,146,151,114,9,40,80,91,98,91,149,97,"1,175"
2021,Odisha,BHUBANESWAR RTO - OR2( 22-JAN-2018 ),24,MOTOR CAR,"2,437","2,144","2,479","2,142",282,"1,128","2,301","2,140","2,003","2,348","1,984","1,776","23,164"
2021,Odisha,BHUBANESWAR RTO - OR2( 22-JAN-2018 ),25,MOTOR CYCLE/SCOOTER-USED FOR HIRE,0,0,2,1,1,0,0,2,1,0,6,1,14
2021,Odisha,BOLANGIR RTO - OR3( 25-DEC-2017 ),1,AGRICULTURAL TRACTOR,61,98,70,24,29,86,89,73,22,24,46,42,664
2021,Odisha,BOLANGIR RTO - OR3( 25-DEC-2017 ),2,AMBULANCE,0,0,0,0,0,0,1,0,0,0,0,1,2
2021,Odisha,BOLANGIR RTO - OR3( 25-DEC-2017 ),3,BUS,0,0,1,0,0,0,0,7,0,0,2,2,12
2021,Odisha,BOLANGIR RTO - OR3( 25-DEC-2017 ),4,CONSTRUCTION EQUIPMENT VEHICLE,9,13,10,8,3,1,0,4,8,3,2,3,64
2021,Odisha,BOLANGIR RTO - OR3( 25-DEC-2017 ),5,CRANE MOUNTED VEHICLE,1,0,1,0,0,1,0,0,0,0,0,0,3
2021,Odisha,BOLANGIR RTO - OR3( 25-DEC-2017 ),6,EARTH MOVING EQUIPMENT,0,0,0,0,0,0,0,0,0,1,1,0,2
2021,Odisha,BOLANGIR RTO - OR3( 25-DEC-2017 ),7,EDUCATIONAL INSTITUTION BUS,0,0,1,1,0,0,0,0,0,0,0,0,2
2021,Odisha,BOLANGIR RTO - OR3( 25-DEC-2017 ),8,E-RICKSHAW(P),0,0,0,0,0,0,0,1,3,0,1,1,6
2021,Odisha,BOLANGIR RTO - OR3( 25-DEC-2017 ),9,E-RICKSHAW WITH CART (G),0,0,0,0,0,1,1,0,2,2,4,2,12
2021,Odisha,BOLANGIR RTO - OR3( 25-DEC-2017 ),10,GOODS CARRIER,67,41,39,41,11,33,32,32,27,50,45,30,448
2021,Odisha,BOLANGIR RTO - OR3( 25-DEC-2017 ),11,HEARSES,0,0,0,0,0,0,0,1,0,0,0,0,1
2021,Odisha,BOLANGIR RTO - OR3( 25-DEC-2017 ),12,MAXI CAB,13,8,9,5,2,4,3,3,2,4,7,4,64
2021,Odisha,BOLANGIR RTO - OR3( 25-DEC-2017 ),13,M-CYCLE/SCOOTER,"2,273","3,545","3,190","1,807",267,"1,054","1,010",821,777,"1,082","1,281","1,034","18,141"
2021,Odisha,BOLANGIR RTO - OR3( 25-DEC-2017 ),14,MOPED,104,66,84,42,7,88,108,101,71,83,92,74,920
2021,Odisha,BOLANGIR RTO - OR3( 25-DEC-2017 ),15,MOTOR CAB,3,2,1,0,0,1,1,4,2,2,4,3,23
2021,Odisha,BOLANGIR RTO - OR3( 25-DEC-2017 ),16,MOTOR CAR,120,142,133,102,9,66,108,111,78,100,88,100,"1,157"
2021,Odisha,BOLANGIR RTO - OR3( 25-DEC-2017 ),17,MOTORISED CYCLE (CC > 25CC),42,55,35,28,2,9,47,44,25,26,2,1,316
2021,Odisha,BOLANGIR RTO - OR3( 25-DEC-2017 ),18,THREE WHEELER (GOODS),5,3,3,3,0,0,1,3,3,2,2,0,25
2021,Odisha,BOLANGIR RTO - OR3( 25-DEC-2017 ),19,THREE WHEELER (PASSENGER),8,6,17,7,0,4,8,3,4,9,17,10,93
2021,Odisha,BOLANGIR RTO - OR3( 25-DEC-2017 ),20,TRACTOR (COMMERCIAL),27,20,14,12,0,15,10,3,9,4,9,2,125
2021,Odisha,BOLANGIR RTO - OR3( 25-DEC-2017 ),21,TRACTOR-TROLLEY(COMMERCIAL),0,3,2,25,0,0,7,25,17,19,19,7,124
2021,Odisha,BOLANGIR RTO - OR3( 25-DEC-2017 ),22,TRAILER (COMMERCIAL),0,1,0,0,0,0,1,0,1,1,0,0,4
2021,Odisha,BOUDH RTO - OR27( 23-OCT-2017 ),1,AGRICULTURAL TRACTOR,22,21,14,17,9,20,34,17,7,16,19,6,202
2021,Odisha,BOUDH RTO - OR27( 23-OCT-2017 ),2,AMBULANCE,0,0,0,0,0,2,1,0,0,0,0,0,3
2021,Odisha,BOUDH RTO - OR27( 23-OCT-2017 ),3,CONSTRUCTION EQUIPMENT VEHICLE,2,2,2,0,1,0,1,3,2,0,1,1,15
2021,Odisha,BOUDH RTO - OR27( 23-OCT-2017 ),4,CRANE MOUNTED VEHICLE,0,0,0,0,0,0,1,1,0,1,0,1,4
2021,Odisha,BOUDH RTO - OR27( 23-OCT-2017 ),5,DUMPER,1,0,0,0,0,0,0,0,0,0,0,0,1
2021,Odisha,BOUDH RTO - OR27( 23-OCT-2017 ),6,EARTH MOVING EQUIPMENT,0,0,0,0,2,0,0,0,0,0,0,0,2
2021,Odisha,BOUDH RTO - OR27( 23-OCT-2017 ),7,GOODS CARRIER,3,6,9,9,0,4,8,5,10,4,0,5,63
2021,Odisha,BOUDH RTO - OR27( 23-OCT-2017 ),8,MAXI CAB,1,1,0,0,0,0,0,0,0,0,1,1,4
2021,Odisha,BOUDH RTO - OR27( 23-OCT-2017 ),9,M-CYCLE/SCOOTER,399,903,793,517,164,279,282,187,154,268,230,165,"4,341"
2021,Odisha,BOUDH RTO - OR27( 23-OCT-2017 ),10,MOTOR CAB,0,0,5,2,0,0,2,2,1,2,3,2,19
2021,Odisha,BOUDH RTO - OR27( 23-OCT-2017 ),11,MOTOR CAR,9,10,9,14,0,7,8,9,6,7,6,3,88
2021,Odisha,BOUDH RTO - OR27( 23-OCT-2017 ),12,MOTORISED CYCLE (CC > 25CC),1,3,2,1,1,0,2,0,0,1,0,1,12
2021,Odisha,BOUDH RTO - OR27( 23-OCT-2017 ),13,OMNI BUS (PRIVATE USE),0,0,0,0,0,0,0,0,0,0,0,1,1
2021,Odisha,BOUDH RTO - OR27( 23-OCT-2017 ),14,THREE WHEELER (GOODS),1,1,1,0,0,0,0,0,1,0,1,0,5
2021,Odisha,BOUDH RTO - OR27( 23-OCT-2017 ),15,THREE WHEELER (PASSENGER),3,0,4,0,0,0,2,0,2,2,2,0,15
2021,Odisha,BOUDH RTO - OR27( 23-OCT-2017 ),16,TRACTOR (COMMERCIAL),2,2,1,2,0,0,0,0,0,3,1,0,11
2021,Odisha,BOUDH RTO - OR27( 23-OCT-2017 ),17,TRACTOR-TROLLEY(COMMERCIAL),0,0,0,0,0,0,0,0,0,1,0,0,1
2021,Odisha,BOUDH RTO - OR27( 23-OCT-2017 ),18,TRAILER (COMMERCIAL),1,4,3,0,2,3,0,0,0,7,0,7,27
2021,Odisha,CHANDIKHOLE RTO - OR4( 23-OCT-2017 ),1,AGRICULTURAL TRACTOR,19,17,14,22,9,21,47,31,8,24,16,17,245
2021,Odisha,CHANDIKHOLE RTO - OR4( 23-OCT-2017 ),2,AMBULANCE,0,0,0,0,0,0,1,0,0,0,2,0,3
2021,Odisha,CHANDIKHOLE RTO - OR4( 23-OCT-2017 ),3,ARTICULATED VEHICLE,0,0,0,5,0,0,0,0,0,0,0,0,5
2021,Odisha,CHANDIKHOLE RTO - OR4( 23-OCT-2017 ),4,BUS,1,3,0,0,0,0,0,0,0,0,0,1,5
2021,Odisha,CHANDIKHOLE RTO - OR4( 23-OCT-2017 ),5,CONSTRUCTION EQUIPMENT VEHICLE,7,8,9,6,1,4,15,5,3,3,6,3,70
2021,Odisha,CHANDIKHOLE RTO - OR4( 23-OCT-2017 ),6,CRANE MOUNTED VEHICLE,3,1,1,2,0,0,0,5,1,2,1,2,18
2021,Odisha,CHANDIKHOLE RTO - OR4( 23-OCT-2017 ),7,EARTH MOVING EQUIPMENT,1,1,2,2,4,0,4,1,0,1,0,0,16
2021,Odisha,CHANDIKHOLE RTO - OR4( 23-OCT-2017 ),8,EDUCATIONAL INSTITUTION BUS,0,0,0,0,0,0,0,0,0,2,0,0,2
2021,Odisha,CHANDIKHOLE RTO - OR4( 23-OCT-2017 ),9,EXCAVATOR (COMMERCIAL),0,2,3,1,0,0,3,0,1,2,0,0,12
2021,Odisha,CHANDIKHOLE RTO - OR4( 23-OCT-2017 ),10,EXCAVATOR (NT),1,0,0,0,0,0,0,0,0,0,0,1,2
2021,Odisha,CHANDIKHOLE RTO - OR4( 23-OCT-2017 ),11,FORK LIFT,2,0,0,0,0,0,0,0,0,9,0,0,11
2021,Odisha,CHANDIKHOLE RTO - OR4( 23-OCT-2017 ),12,GOODS CARRIER,91,94,134,104,50,92,82,60,52,60,41,26,886
2021,Odisha,CHANDIKHOLE RTO - OR4( 23-OCT-2017 ),13,MAXI CAB,0,0,2,0,0,1,0,0,0,1,1,0,5
2021,Odisha,CHANDIKHOLE RTO - OR4( 23-OCT-2017 ),14,M-CYCLE/SCOOTER,802,721,704,748,89,413,732,697,585,"1,241",807,504,"8,043"
2021,Odisha,CHANDIKHOLE RTO - OR4( 23-OCT-2017 ),15,MOPED,26,28,24,32,1,22,38,39,61,72,45,37,425
2021,Odisha,CHANDIKHOLE RTO - OR4( 23-OCT-2017 ),16,MOTOR CAB,4,2,1,6,0,4,3,3,4,8,2,2,39
2021,Odisha,CHANDIKHOLE RTO - OR4( 23-OCT-2017 ),17,MOTOR CAR,21,31,24,23,4,9,49,40,21,22,24,23,291
2021,Odisha,CHANDIKHOLE RTO - OR4( 23-OCT-2017 ),18,MOTORISED CYCLE (CC > 25CC),1,10,6,7,1,1,5,10,7,13,7,5,73
2021,Odisha,CHANDIKHOLE RTO - OR4( 23-OCT-2017 ),19,OMNI BUS,0,0,1,0,0,0,0,1,0,2,1,2,7
2021,Odisha,CHANDIKHOLE RTO - OR4( 23-OCT-2017 ),20,PRIVATE SERVICE VEHICLE,0,0,0,0,0,0,0,0,1,0,0,0,1
2021,Odisha,CHANDIKHOLE RTO - OR4( 23-OCT-2017 ),21,THREE WHEELER (GOODS),14,10,10,10,0,6,7,10,13,10,4,5,99
2021,Odisha,CHANDIKHOLE RTO - OR4( 23-OCT-2017 ),22,THREE WHEELER (PASSENGER),1,3,3,3,0,0,4,2,4,4,3,1,28
2021,Odisha,CHANDIKHOLE RTO - OR4( 23-OCT-2017 ),23,TRACTOR (COMMERCIAL),15,14,8,9,3,5,9,10,4,8,10,2,97
2021,Odisha,CHANDIKHOLE RTO - OR4( 23-OCT-2017 ),24,TRACTOR-TROLLEY(COMMERCIAL),0,0,0,0,0,0,0,0,1,1,0,0,2
2021,Odisha,CHANDIKHOLE RTO - OR4( 23-OCT-2017 ),25,TRAILER (COMMERCIAL),26,18,11,13,1,3,8,8,2,6,14,8,118
2021,Odisha,CUTTACK RTO - OR5( 31-MAY-2017 ),1,ADAPTED VEHICLE,0,1,0,0,0,0,0,0,0,0,0,0,1
2021,Odisha,CUTTACK RTO - OR5( 31-MAY-2017 ),2,AGRICULTURAL TRACTOR,33,30,51,37,13,30,54,56,41,23,41,25,434
2021,Odisha,CUTTACK RTO - OR5( 31-MAY-2017 ),3,AMBULANCE,7,3,2,3,5,7,0,3,5,6,0,3,44
2021,Odisha,CUTTACK RTO - OR5( 31-MAY-2017 ),4,BUS,1,4,2,0,5,0,2,2,2,22,2,5,47
2021,Odisha,CUTTACK RTO - OR5( 31-MAY-2017 ),5,CONSTRUCTION EQUIPMENT VEHICLE,7,7,8,8,2,3,4,5,6,3,5,4,62
2021,Odisha,CUTTACK RTO - OR5( 31-MAY-2017 ),6,CRANE MOUNTED VEHICLE,0,2,1,2,7,1,1,1,0,1,0,1,17
2021,Odisha,CUTTACK RTO - OR5( 31-MAY-2017 ),7,EARTH MOVING EQUIPMENT,0,0,1,1,2,0,0,0,0,0,0,0,4
2021,Odisha,CUTTACK RTO - OR5( 31-MAY-2017 ),8,EDUCATIONAL INSTITUTION BUS,0,0,0,0,0,0,0,0,1,0,0,1,2
2021,Odisha,CUTTACK RTO - OR5( 31-MAY-2017 ),9,E-RICKSHAW(P),0,7,2,1,0,0,0,0,0,1,3,3,17
2021,Odisha,CUTTACK RTO - OR5( 31-MAY-2017 ),10,E-RICKSHAW WITH CART (G),0,0,0,0,0,4,1,2,4,17,12,6,46
2021,Odisha,CUTTACK RTO - OR5( 31-MAY-2017 ),11,FIRE FIGHTING VEHICLE,0,0,0,0,0,0,0,0,0,0,2,0,2
2021,Odisha,CUTTACK RTO - OR5( 31-MAY-2017 ),12,FORK LIFT,0,0,0,0,1,0,0,0,0,0,0,0,1
2021,Odisha,CUTTACK RTO - OR5( 31-MAY-2017 ),13,GOODS CARRIER,223,224,222,232,89,143,192,162,137,166,190,121,"2,101"
2021,Odisha,CUTTACK RTO - OR5( 31-MAY-2017 ),14,MAXI CAB,5,1,5,2,1,5,1,1,5,5,7,0,38
2021,Odisha,CUTTACK RTO - OR5( 31-MAY-2017 ),15,M-CYCLE/SCOOTER,"3,074","2,937","3,777","2,511",232,"1,111","2,422","2,656","2,324","4,549","3,063","2,097","30,753"
2021,Odisha,CUTTACK RTO - OR5( 31-MAY-2017 ),16,M-CYCLE/SCOOTER-WITH SIDE CAR,2,0,1,0,0,0,0,1,0,0,0,2,6
2021,Odisha,CUTTACK RTO - OR5( 31-MAY-2017 ),17,MOPED,104,81,94,83,13,38,140,108,87,120,104,51,"1,023"
2021,Odisha,CUTTACK RTO - OR5( 31-MAY-2017 ),18,MOTOR CAB,26,30,30,34,2,12,28,34,19,17,30,15,277
2021,Odisha,CUTTACK RTO - OR5( 31-MAY-2017 ),19,MOTOR CAR,529,454,506,484,44,250,435,468,399,482,474,401,"4,926"
2021,Odisha,CUTTACK RTO - OR5( 31-MAY-2017 ),20,MOTOR CYCLE/SCOOTER-USED FOR HIRE,0,0,0,0,0,0,0,0,0,0,1,0,1
2021,Odisha,CUTTACK RTO - OR5( 31-MAY-2017 ),21,MOTORISED CYCLE (CC > 25CC),8,4,6,3,1,1,6,4,4,12,11,5,65
2021,Odisha,CUTTACK RTO - OR5( 31-MAY-2017 ),22,OMNI BUS,0,1,2,1,1,3,2,1,0,1,3,1,16
2021,Odisha,CUTTACK RTO - OR5( 31-MAY-2017 ),23,OMNI BUS (PRIVATE USE),0,0,18,4,20,0,1,0,0,0,1,0,44
2021,Odisha,CUTTACK RTO - OR5( 31-MAY-2017 ),24,PRIVATE SERVICE VEHICLE,0,0,0,0,0,0,0,1,0,0,2,0,3
2021,Odisha,CUTTACK RTO - OR5( 31-MAY-2017 ),25,PRIVATE SERVICE VEHICLE (INDIVIDUAL USE),0,0,0,0,0,0,0,0,0,0,0,1,1
2021,Odisha,DEOGARH RTO - OR28( 23-OCT-2017 ),1,AGRICULTURAL TRACTOR,5,9,14,11,0,9,13,14,8,14,16,14,127
2021,Odisha,DEOGARH RTO - OR28( 23-OCT-2017 ),2,AMBULANCE,0,0,0,0,0,0,1,0,0,0,0,0,1
2021,Odisha,DEOGARH RTO - OR28( 23-OCT-2017 ),3,BUS,0,0,0,0,0,0,0,0,0,1,1,2,4
2021,Odisha,DEOGARH RTO - OR28( 23-OCT-2017 ),4,CONSTRUCTION EQUIPMENT VEHICLE,0,0,3,1,0,1,1,0,0,2,3,0,11
2021,Odisha,DEOGARH RTO - OR28( 23-OCT-2017 ),5,CRANE MOUNTED VEHICLE,0,0,0,1,0,0,0,0,0,0,0,0,1
2021,Odisha,DEOGARH RTO - OR28( 23-OCT-2017 ),6,GOODS CARRIER,3,14,2,6,1,3,4,5,2,3,5,6,54
2021,Odisha,DEOGARH RTO - OR28( 23-OCT-2017 ),7,MAXI CAB,1,2,1,0,0,1,0,0,0,0,0,0,5
2021,Odisha,DEOGARH RTO - OR28( 23-OCT-2017 ),8,M-CYCLE/SCOOTER,82,188,124,129,24,65,123,195,116,204,130,102,"1,482"
2021,Odisha,DEOGARH RTO - OR28( 23-OCT-2017 ),9,M-CYCLE/SCOOTER-WITH SIDE CAR,2,0,0,0,0,0,0,0,0,0,0,1,3
2021,Odisha,DEOGARH RTO - OR28( 23-OCT-2017 ),10,MOPED,4,3,1,6,0,0,0,3,8,5,5,3,38
2021,Odisha,DEOGARH RTO - OR28( 23-OCT-2017 ),11,MOTOR CAB,0,2,0,2,0,0,3,4,0,1,1,0,13
2021,Odisha,DEOGARH RTO - OR28( 23-OCT-2017 ),12,MOTOR CAR,3,12,13,6,1,2,8,17,17,15,13,11,118
2021,Odisha,DEOGARH RTO - OR28( 23-OCT-2017 ),13,THREE WHEELER (GOODS),1,1,0,1,0,0,1,0,1,1,1,1,8
2021,Odisha,DEOGARH RTO - OR28( 23-OCT-2017 ),14,THREE WHEELER (PASSENGER),1,3,1,3,0,0,4,2,1,6,5,4,30
2021,Odisha,DEOGARH RTO - OR28( 23-OCT-2017 ),15,TRACTOR (COMMERCIAL),8,5,0,0,1,1,2,2,1,1,2,1,24
2021,Odisha,DEOGARH RTO - OR28( 23-OCT-2017 ),16,TRACTOR-TROLLEY(COMMERCIAL),2,0,1,0,0,1,0,0,0,0,0,0,4
2021,Odisha,DEOGARH RTO - OR28( 23-OCT-2017 ),17,TRAILER (COMMERCIAL),5,4,5,4,0,0,0,1,0,5,2,3,29
2021,Odisha,DHENKANAL RTO - OR6( 07-NOV-2017 ),1,AGRICULTURAL TRACTOR,19,25,28,36,17,47,63,46,14,23,30,7,355
2021,Odisha,DHENKANAL RTO - OR6( 07-NOV-2017 ),2,BUS,0,0,0,0,0,0,0,1,1,0,0,0,2
2021,Odisha,DHENKANAL RTO - OR6( 07-NOV-2017 ),3,CONSTRUCTION EQUIPMENT VEHICLE,2,4,4,6,2,3,2,5,3,3,1,1,36
2021,Odisha,DHENKANAL RTO - OR6( 07-NOV-2017 ),4,CRANE MOUNTED VEHICLE,0,1,1,0,1,0,0,0,0,0,0,0,3
2021,Odisha,DHENKANAL RTO - OR6( 07-NOV-2017 ),5,EARTH MOVING EQUIPMENT,0,0,2,0,0,0,0,0,0,0,3,1,6
2021,Odisha,DHENKANAL RTO - OR6( 07-NOV-2017 ),6,EDUCATIONAL INSTITUTION BUS,0,0,0,0,0,0,0,0,0,1,0,0,1
2021,Odisha,DHENKANAL RTO - OR6( 07-NOV-2017 ),7,E-RICKSHAW(P),0,0,0,0,0,0,0,0,0,0,0,1,1
2021,Odisha,DHENKANAL RTO - OR6( 07-NOV-2017 ),8,E-RICKSHAW WITH CART (G),0,0,0,0,0,0,0,0,0,1,0,0,1
2021,Odisha,DHENKANAL RTO - OR6( 07-NOV-2017 ),9,EXCAVATOR (COMMERCIAL),0,0,0,0,2,0,1,0,0,0,0,0,3
2021,Odisha,DHENKANAL RTO - OR6( 07-NOV-2017 ),10,EXCAVATOR (NT),0,0,0,3,0,0,2,0,1,0,0,0,6
2021,Odisha,DHENKANAL RTO - OR6( 07-NOV-2017 ),11,FORK LIFT,0,0,0,0,1,0,1,0,0,1,0,0,3
2021,Odisha,DHENKANAL RTO - OR6( 07-NOV-2017 ),12,GOODS CARRIER,9,17,25,20,4,4,11,12,15,12,13,11,153
2021,Odisha,DHENKANAL RTO - OR6( 07-NOV-2017 ),13,LUXURY CAB,1,0,0,0,0,0,0,0,0,0,0,0,1
2021,Odisha,DHENKANAL RTO - OR6( 07-NOV-2017 ),14,MAXI CAB,0,0,0,0,0,0,1,0,0,0,1,0,2
2021,Odisha,DHENKANAL RTO - OR6( 07-NOV-2017 ),15,M-CYCLE/SCOOTER,617,568,642,537,125,228,630,494,413,929,526,438,"6,147"
2021,Odisha,DHENKANAL RTO - OR6( 07-NOV-2017 ),16,MOPED,71,33,34,50,4,23,56,52,43,71,64,25,526
2021,Odisha,DHENKANAL RTO - OR6( 07-NOV-2017 ),17,MOTOR CAB,2,3,1,3,1,2,3,3,0,1,2,3,24
2021,Odisha,DHENKANAL RTO - OR6( 07-NOV-2017 ),18,MOTOR CAR,36,31,27,22,5,16,25,25,23,19,15,10,254
2021,Odisha,DHENKANAL RTO - OR6( 07-NOV-2017 ),19,MOTORISED CYCLE (CC > 25CC),2,2,2,5,1,0,0,1,0,2,2,0,17
2021,Odisha,DHENKANAL RTO - OR6( 07-NOV-2017 ),20,OMNI BUS,0,0,0,1,0,0,0,0,0,0,0,0,1
2021,Odisha,DHENKANAL RTO - OR6( 07-NOV-2017 ),21,PRIVATE SERVICE VEHICLE,0,0,0,1,0,0,1,1,0,0,2,0,5
2021,Odisha,DHENKANAL RTO - OR6( 07-NOV-2017 ),22,PRIVATE SERVICE VEHICLE (INDIVIDUAL USE),0,0,0,0,0,0,0,0,0,0,0,6,6
2021,Odisha,DHENKANAL RTO - OR6( 07-NOV-2017 ),23,THREE WHEELER (GOODS),6,5,2,3,1,1,5,5,1,2,5,1,37
2021,Odisha,DHENKANAL RTO - OR6( 07-NOV-2017 ),24,THREE WHEELER (PASSENGER),6,1,5,5,0,0,2,3,0,4,1,0,27
2021,Odisha,DHENKANAL RTO - OR6( 07-NOV-2017 ),25,TRACTOR (COMMERCIAL),2,5,1,5,0,3,5,2,0,1,1,3,28
2021,Odisha,GAJAPATI RTO - OR20( 07-NOV-2017 ),1,AGRICULTURAL TRACTOR,4,9,10,9,4,6,22,2,5,7,2,3,83
2021,Odisha,GAJAPATI RTO - OR20( 07-NOV-2017 ),2,CONSTRUCTION EQUIPMENT VEHICLE,0,1,0,1,0,0,0,0,0,1,0,0,3
2021,Odisha,GAJAPATI RTO - OR20( 07-NOV-2017 ),3,CRANE MOUNTED VEHICLE,0,0,0,0,0,0,0,1,0,0,0,0,1
2021,Odisha,GAJAPATI RTO - OR20( 07-NOV-2017 ),4,EARTH MOVING EQUIPMENT,0,0,0,0,0,0,1,0,0,0,0,0,1
2021,Odisha,GAJAPATI RTO - OR20( 07-NOV-2017 ),5,EXCAVATOR (NT),0,0,0,0,0,0,0,1,0,0,0,0,1
2021,Odisha,GAJAPATI RTO - OR20( 07-NOV-2017 ),6,GOODS CARRIER,1,3,7,0,0,1,0,1,2,5,1,2,23
2021,Odisha,GAJAPATI RTO - OR20( 07-NOV-2017 ),7,M-CYCLE/SCOOTER,234,294,285,290,43,444,310,290,191,337,231,130,"3,079"
2021,Odisha,GAJAPATI RTO - OR20( 07-NOV-2017 ),8,MOPED,1,0,0,0,0,0,1,0,0,0,0,0,2
2021,Odisha,GAJAPATI RTO - OR20( 07-NOV-2017 ),9,MOTOR CAB,0,1,0,0,0,0,0,0,1,1,2,1,6
2021,Odisha,GAJAPATI RTO - OR20( 07-NOV-2017 ),10,MOTOR CAR,14,11,9,11,2,2,10,9,13,10,19,10,120
2021,Odisha,GAJAPATI RTO - OR20( 07-NOV-2017 ),11,MOTORISED CYCLE (CC > 25CC),45,42,34,25,14,32,25,23,18,49,24,13,344
2021,Odisha,GAJAPATI RTO - OR20( 07-NOV-2017 ),12,THREE WHEELER (GOODS),0,3,1,2,0,0,1,1,1,3,0,0,12
2021,Odisha,GAJAPATI RTO - OR20( 07-NOV-2017 ),13,THREE WHEELER (PASSENGER),0,0,0,0,0,0,9,7,7,4,4,3,34
2021,Odisha,GAJAPATI RTO - OR20( 07-NOV-2017 ),14,TRACTOR (COMMERCIAL),10,13,6,14,5,9,12,6,4,11,7,0,97
2021,Odisha,GAJAPATI RTO - OR20( 07-NOV-2017 ),15,TRAILER (COMMERCIAL),7,8,11,13,0,7,7,10,8,6,10,3,90
2021,Odisha,GANJAM RTO - OR7( 04-DEC-2017 ),1,ADAPTED VEHICLE,1,0,0,0,0,1,1,0,0,0,0,0,3
2021,Odisha,GANJAM RTO - OR7( 04-DEC-2017 ),2,AGRICULTURAL TRACTOR,43,36,25,42,18,34,72,51,26,20,42,28,437
2021,Odisha,GANJAM RTO - OR7( 04-DEC-2017 ),3,AMBULANCE,0,1,0,0,0,0,2,0,2,0,2,1,8
2021,Odisha,GANJAM RTO - OR7( 04-DEC-2017 ),4,BUS,1,0,1,4,14,0,1,0,0,4,2,1,28
2021,Odisha,GANJAM RTO - OR7( 04-DEC-2017 ),5,CONSTRUCTION EQUIPMENT VEHICLE,4,10,16,4,1,0,0,4,15,0,5,5,64
2021,Odisha,GANJAM RTO - OR7( 04-DEC-2017 ),6,CRANE MOUNTED VEHICLE,0,0,1,3,0,0,1,0,1,0,1,0,7
2021,Odisha,GANJAM RTO - OR7( 04-DEC-2017 ),7,EARTH MOVING EQUIPMENT,0,0,0,5,1,0,1,2,1,1,0,1,12
2021,Odisha,GANJAM RTO - OR7( 04-DEC-2017 ),8,E-RICKSHAW(P),0,0,1,0,0,0,1,0,0,2,1,5,10
2021,Odisha,GANJAM RTO - OR7( 04-DEC-2017 ),9,E-RICKSHAW WITH CART (G),0,0,1,0,0,0,0,5,3,1,8,3,21
2021,Odisha,GANJAM RTO - OR7( 04-DEC-2017 ),10,GOODS CARRIER,99,88,105,84,11,47,92,92,70,79,57,50,874
2021,Odisha,GANJAM RTO - OR7( 04-DEC-2017 ),11,MAXI CAB,2,0,0,0,0,0,0,2,1,0,0,3,8
2021,Odisha,GANJAM RTO - OR7( 04-DEC-2017 ),12,M-CYCLE/SCOOTER,"1,684","1,943","2,046","1,750",249,"1,171","2,130","1,514","1,388","2,404","1,868","1,516","19,663"
2021,Odisha,GANJAM RTO - OR7( 04-DEC-2017 ),13,MOPED,152,172,217,147,32,129,191,163,128,227,207,112,"1,877"
2021,Odisha,GANJAM RTO - OR7( 04-DEC-2017 ),14,MOTOR CAB,4,6,8,3,1,3,6,3,3,1,5,3,46
2021,Odisha,GANJAM RTO - OR7( 04-DEC-2017 ),15,MOTOR CAR,148,176,178,176,21,101,172,153,151,195,145,154,"1,770"
2021,Odisha,GANJAM RTO - OR7( 04-DEC-2017 ),16,MOTOR CYCLE/SCOOTER-USED FOR HIRE,0,0,0,1,0,0,0,0,0,0,0,0,1
2021,Odisha,GANJAM RTO - OR7( 04-DEC-2017 ),17,MOTORISED CYCLE (CC > 25CC),262,305,243,236,39,166,287,203,158,282,264,145,"2,590"
2021,Odisha,GANJAM RTO - OR7( 04-DEC-2017 ),18,OMNI BUS,0,4,1,0,0,0,0,0,0,0,0,1,6
2021,Odisha,GANJAM RTO - OR7( 04-DEC-2017 ),19,OMNI BUS (PRIVATE USE),0,0,0,0,0,0,0,0,0,0,1,0,1
2021,Odisha,GANJAM RTO - OR7( 04-DEC-2017 ),20,PRIVATE SERVICE VEHICLE,1,0,0,0,0,0,1,0,0,0,1,0,3
2021,Odisha,GANJAM RTO - OR7( 04-DEC-2017 ),21,THREE WHEELER (GOODS),29,26,29,15,0,9,29,11,20,24,16,16,224
2021,Odisha,GANJAM RTO - OR7( 04-DEC-2017 ),22,THREE WHEELER (PASSENGER),20,27,18,20,1,10,19,25,13,23,37,18,231
2021,Odisha,GANJAM RTO - OR7( 04-DEC-2017 ),23,TRACTOR (COMMERCIAL),14,10,13,6,5,8,13,7,4,3,11,1,95
2021,Odisha,GANJAM RTO - OR7( 04-DEC-2017 ),24,TRAILER (COMMERCIAL),4,7,14,14,1,0,12,18,14,5,11,23,123
2021,Odisha,JAGATSINGHPUR RTO - OR21( 04-DEC-2017 ),1,AGRICULTURAL TRACTOR,9,20,38,30,11,26,31,28,26,7,30,16,272
2021,Odisha,JAGATSINGHPUR RTO - OR21( 04-DEC-2017 ),2,AMBULANCE,0,1,0,0,0,0,0,0,0,0,0,0,1
2021,Odisha,JAGATSINGHPUR RTO - OR21( 04-DEC-2017 ),3,BUS,0,0,0,0,0,0,1,0,0,0,0,0,1
2021,Odisha,JAGATSINGHPUR RTO - OR21( 04-DEC-2017 ),4,CONSTRUCTION EQUIPMENT VEHICLE,2,1,3,4,2,2,3,2,1,1,3,0,24
2021,Odisha,JAGATSINGHPUR RTO - OR21( 04-DEC-2017 ),5,CRANE MOUNTED VEHICLE,2,0,2,5,0,2,2,1,0,1,2,3,20
2021,Odisha,JAGATSINGHPUR RTO - OR21( 04-DEC-2017 ),6,EARTH MOVING EQUIPMENT,0,0,1,0,0,0,0,2,1,0,3,2,9
2021,Odisha,JAGATSINGHPUR RTO - OR21( 04-DEC-2017 ),7,FORK LIFT,0,0,0,1,0,0,2,0,0,1,0,0,4
2021,Odisha,JAGATSINGHPUR RTO - OR21( 04-DEC-2017 ),8,GOODS CARRIER,13,19,17,16,2,10,14,11,16,13,7,6,144
2021,Odisha,JAGATSINGHPUR RTO - OR21( 04-DEC-2017 ),9,M-CYCLE/SCOOTER,720,738,754,684,97,429,730,741,494,"1,080",856,464,"7,787"
2021,Odisha,JAGATSINGHPUR RTO - OR21( 04-DEC-2017 ),10,MOPED,35,36,25,14,7,8,23,36,20,25,27,13,269
2021,Odisha,JAGATSINGHPUR RTO - OR21( 04-DEC-2017 ),11,MOTOR CAB,0,0,1,1,0,0,1,1,0,0,4,1,9
2021,Odisha,JAGATSINGHPUR RTO - OR21( 04-DEC-2017 ),12,MOTOR CAR,6,7,9,9,2,4,10,10,9,4,7,8,85
2021,Odisha,JAGATSINGHPUR RTO - OR21( 04-DEC-2017 ),13,OMNI BUS,0,0,0,2,0,2,0,1,0,0,0,0,5
2021,Odisha,JAGATSINGHPUR RTO - OR21( 04-DEC-2017 ),14,THREE WHEELER (GOODS),6,4,2,3,1,2,1,3,1,2,5,3,33
2021,Odisha,JAGATSINGHPUR RTO - OR21( 04-DEC-2017 ),15,THREE WHEELER (PASSENGER),1,1,1,2,0,0,0,0,0,0,4,1,10
2021,Odisha,JAGATSINGHPUR RTO - OR21( 04-DEC-2017 ),16,TRACTOR (COMMERCIAL),8,9,15,2,2,11,7,6,2,3,10,6,81
2021,Odisha,JAGATSINGHPUR RTO - OR21( 04-DEC-2017 ),17,TRAILER (COMMERCIAL),10,9,8,2,1,0,0,2,2,1,2,11,48
2021,Odisha,JAJPUR RTO - OR34( 23-OCT-2017 ),1,AGRICULTURAL TRACTOR,26,25,36,30,14,36,38,39,21,24,37,19,345
2021,Odisha,JAJPUR RTO - OR34( 23-OCT-2017 ),2,AMBULANCE,6,0,0,0,0,0,0,0,0,0,1,0,7
2021,Odisha,JAJPUR RTO - OR34( 23-OCT-2017 ),3,BUS,0,0,0,0,0,0,1,0,0,0,0,0,1
2021,Odisha,JAJPUR RTO - OR34( 23-OCT-2017 ),4,CAMPER VAN / TRAILER,0,0,0,0,0,1,0,0,0,0,1,0,2
2021,Odisha,JAJPUR RTO - OR34( 23-OCT-2017 ),5,CONSTRUCTION EQUIPMENT VEHICLE,4,7,0,5,1,2,1,2,0,1,1,3,27
2021,Odisha,JAJPUR RTO - OR34( 23-OCT-2017 ),6,CRANE MOUNTED VEHICLE,0,0,0,0,1,1,3,1,0,3,2,0,11
2021,Odisha,JAJPUR RTO - OR34( 23-OCT-2017 ),7,EARTH MOVING EQUIPMENT,0,0,1,1,1,0,1,0,1,1,0,0,6
2021,Odisha,JAJPUR RTO - OR34( 23-OCT-2017 ),8,E-RICKSHAW WITH CART (G),0,0,0,0,0,0,0,0,0,1,0,0,1
2021,Odisha,JAJPUR RTO - OR34( 23-OCT-2017 ),9,EXCAVATOR (NT),0,0,0,0,0,0,0,0,0,0,0,1,1
2021,Odisha,JAJPUR RTO - OR34( 23-OCT-2017 ),10,GOODS CARRIER,30,25,36,29,2,21,36,26,18,14,17,13,267
2021,Odisha,JAJPUR RTO - OR34( 23-OCT-2017 ),11,HARVESTER,0,0,0,0,0,0,0,0,0,0,0,2,2
2021,Odisha,JAJPUR RTO - OR34( 23-OCT-2017 ),12,LUXURY CAB,0,0,0,1,0,0,0,0,0,0,0,0,1
2021,Odisha,JAJPUR RTO - OR34( 23-OCT-2017 ),13,MAXI CAB,2,0,1,0,0,1,0,0,4,0,0,0,8
2021,Odisha,JAJPUR RTO - OR34( 23-OCT-2017 ),14,M-CYCLE/SCOOTER,"1,196","1,157","1,203","1,125",233,579,"1,207","1,145",826,"1,748","1,447",822,"12,688"
2021,Odisha,JAJPUR RTO - OR34( 23-OCT-2017 ),15,M-CYCLE/SCOOTER-WITH SIDE CAR,0,0,0,0,0,0,1,0,0,0,0,0,1
2021,Odisha,JAJPUR RTO - OR34( 23-OCT-2017 ),16,MOPED,9,8,11,6,0,3,1,5,5,27,18,8,101
2021,Odisha,JAJPUR RTO - OR34( 23-OCT-2017 ),17,MOTOR CAB,3,13,4,5,1,2,3,3,13,1,13,2,63
2021,Odisha,JAJPUR RTO - OR34( 23-OCT-2017 ),18,MOTOR CAR,74,50,64,53,4,34,35,31,40,40,28,26,479
2021,Odisha,JAJPUR RTO - OR34( 23-OCT-2017 ),19,MOTORISED CYCLE (CC > 25CC),0,0,0,1,0,0,0,0,0,0,0,0,1
2021,Odisha,JAJPUR RTO - OR34( 23-OCT-2017 ),20,OMNI BUS,0,0,0,3,0,0,2,4,3,2,1,3,18
2021,Odisha,JAJPUR RTO - OR34( 23-OCT-2017 ),21,PRIVATE SERVICE VEHICLE,0,0,0,1,0,0,0,0,0,0,0,0,1
2021,Odisha,JAJPUR RTO - OR34( 23-OCT-2017 ),22,THREE WHEELER (GOODS),26,18,25,9,2,7,26,16,19,31,13,17,209
2021,Odisha,JAJPUR RTO - OR34( 23-OCT-2017 ),23,THREE WHEELER (PASSENGER),4,5,14,6,0,0,6,5,7,11,7,3,68
2021,Odisha,JAJPUR RTO - OR34( 23-OCT-2017 ),24,TRACTOR (COMMERCIAL),2,3,19,8,0,9,4,2,2,4,0,1,54
2021,Odisha,JAJPUR RTO - OR34( 23-OCT-2017 ),25,TRACTOR-TROLLEY(COMMERCIAL),0,0,0,0,0,0,0,0,1,0,0,0,1
2021,Odisha,JHARSUGUDA RTO - OR23( 07-NOV-2017 ),1,AGRICULTURAL TRACTOR,14,10,14,20,9,26,24,17,12,17,9,7,179
2021,Odisha,JHARSUGUDA RTO - OR23( 07-NOV-2017 ),2,AMBULANCE,0,0,1,0,0,0,0,1,0,0,0,0,2
2021,Odisha,JHARSUGUDA RTO - OR23( 07-NOV-2017 ),3,ARTICULATED VEHICLE,0,0,0,0,0,0,0,0,0,0,0,5,5
2021,Odisha,JHARSUGUDA RTO - OR23( 07-NOV-2017 ),4,AUXILIARY TRAILER,0,0,0,0,0,0,0,1,0,0,0,0,1
2021,Odisha,JHARSUGUDA RTO - OR23( 07-NOV-2017 ),5,BUS,1,0,0,3,0,0,1,0,1,0,0,1,7
2021,Odisha,JHARSUGUDA RTO - OR23( 07-NOV-2017 ),6,CONSTRUCTION EQUIPMENT VEHICLE,20,29,27,24,8,13,20,13,17,34,26,23,254
2021,Odisha,JHARSUGUDA RTO - OR23( 07-NOV-2017 ),7,CRANE MOUNTED VEHICLE,1,3,1,1,4,1,1,3,5,3,3,2,28
2021,Odisha,JHARSUGUDA RTO - OR23( 07-NOV-2017 ),8,DUMPER,0,0,0,0,0,0,0,0,0,0,2,0,2
2021,Odisha,JHARSUGUDA RTO - OR23( 07-NOV-2017 ),9,EARTH MOVING EQUIPMENT,1,0,0,1,0,0,0,0,1,0,1,6,10
2021,Odisha,JHARSUGUDA RTO - OR23( 07-NOV-2017 ),10,EDUCATIONAL INSTITUTION BUS,0,0,0,0,0,0,0,0,0,0,1,0,1
2021,Odisha,JHARSUGUDA RTO - OR23( 07-NOV-2017 ),11,E-RICKSHAW WITH CART (G),0,0,0,0,0,0,0,0,1,0,0,1,2
2021,Odisha,JHARSUGUDA RTO - OR23( 07-NOV-2017 ),12,EXCAVATOR (NT),0,1,0,0,0,0,0,0,5,0,0,0,6
2021,Odisha,JHARSUGUDA RTO - OR23( 07-NOV-2017 ),13,FORK LIFT,0,2,3,0,0,0,2,5,2,5,2,1,22
2021,Odisha,JHARSUGUDA RTO - OR23( 07-NOV-2017 ),14,GOODS CARRIER,86,54,45,30,36,57,63,75,57,89,113,44,749
2021,Odisha,JHARSUGUDA RTO - OR23( 07-NOV-2017 ),15,MAXI CAB,4,6,2,4,1,3,3,8,4,3,3,4,45
2021,Odisha,JHARSUGUDA RTO - OR23( 07-NOV-2017 ),16,M-CYCLE/SCOOTER,920,984,896,669,124,471,822,824,697,"1,007","1,351",602,"9,367"
2021,Odisha,JHARSUGUDA RTO - OR23( 07-NOV-2017 ),17,M-CYCLE/SCOOTER-WITH SIDE CAR,0,0,0,0,0,0,0,1,2,0,0,0,3
2021,Odisha,JHARSUGUDA RTO - OR23( 07-NOV-2017 ),18,MOPED,40,51,51,48,5,29,75,60,71,89,117,79,715
2021,Odisha,JHARSUGUDA RTO - OR23( 07-NOV-2017 ),19,MOTOR CAB,6,4,4,6,4,5,9,11,13,9,5,5,81
2021,Odisha,JHARSUGUDA RTO - OR23( 07-NOV-2017 ),20,MOTOR CAR,168,113,125,109,19,64,139,129,117,145,125,102,"1,355"
2021,Odisha,JHARSUGUDA RTO - OR23( 07-NOV-2017 ),21,OMNI BUS,0,0,0,3,0,0,2,0,1,3,2,0,11
2021,Odisha,JHARSUGUDA RTO - OR23( 07-NOV-2017 ),22,THREE WHEELER (GOODS),2,14,4,1,1,0,5,8,1,6,6,7,55
2021,Odisha,JHARSUGUDA RTO - OR23( 07-NOV-2017 ),23,THREE WHEELER (PASSENGER),3,5,9,5,0,1,4,3,3,10,8,4,55
2021,Odisha,JHARSUGUDA RTO - OR23( 07-NOV-2017 ),24,TRACTOR (COMMERCIAL),14,9,11,5,1,4,6,7,2,1,3,2,65
2021,Odisha,JHARSUGUDA RTO - OR23( 07-NOV-2017 ),25,TRACTOR-TROLLEY(COMMERCIAL),5,5,8,8,2,0,5,0,12,10,5,2,62
2021,Odisha,KALAHANDI RTO - OR8( 23-OCT-2017 ),1,AGRICULTURAL TRACTOR,19,7,5,9,8,44,84,45,32,22,57,14,346
2021,Odisha,KALAHANDI RTO - OR8( 23-OCT-2017 ),2,AMBULANCE,0,0,0,0,1,0,0,0,0,0,0,0,1
2021,Odisha,KALAHANDI RTO - OR8( 23-OCT-2017 ),3,BUS,0,0,1,0,0,0,0,3,0,6,0,0,10
2021,Odisha,KALAHANDI RTO - OR8( 23-OCT-2017 ),4,CONSTRUCTION EQUIPMENT VEHICLE,7,25,30,10,2,12,8,4,2,2,21,3,126
2021,Odisha,KALAHANDI RTO - OR8( 23-OCT-2017 ),5,CRANE MOUNTED VEHICLE,0,0,0,1,0,0,1,0,0,0,0,0,2
2021,Odisha,KALAHANDI RTO - OR8( 23-OCT-2017 ),6,EARTH MOVING EQUIPMENT,0,0,1,1,1,0,0,0,0,1,0,0,4
2021,Odisha,KALAHANDI RTO - OR8( 23-OCT-2017 ),7,EDUCATIONAL INSTITUTION BUS,0,0,0,0,0,0,0,0,0,0,1,0,1
2021,Odisha,KALAHANDI RTO - OR8( 23-OCT-2017 ),8,E-RICKSHAW WITH CART (G),0,0,0,0,0,0,0,0,0,0,0,3,3
2021,Odisha,KALAHANDI RTO - OR8( 23-OCT-2017 ),9,EXCAVATOR (COMMERCIAL),0,0,0,0,0,1,0,0,0,0,0,0,1
2021,Odisha,KALAHANDI RTO - OR8( 23-OCT-2017 ),10,GOODS CARRIER,28,38,40,29,3,21,50,31,32,36,67,23,398
2021,Odisha,KALAHANDI RTO - OR8( 23-OCT-2017 ),11,MAXI CAB,2,4,4,11,2,2,4,3,6,10,7,7,62
2021,Odisha,KALAHANDI RTO - OR8( 23-OCT-2017 ),12,M-CYCLE/SCOOTER,"1,900","2,799","1,796","1,133",248,983,984,754,627,915,982,742,"13,863"
2021,Odisha,KALAHANDI RTO - OR8( 23-OCT-2017 ),13,MOPED,103,94,74,48,20,67,85,63,40,76,83,44,797
2021,Odisha,KALAHANDI RTO - OR8( 23-OCT-2017 ),14,MOTOR CAB,0,1,2,0,0,2,1,4,0,2,0,1,13
2021,Odisha,KALAHANDI RTO - OR8( 23-OCT-2017 ),15,MOTOR CAR,101,82,94,60,15,54,87,83,60,109,88,96,929
2021,Odisha,KALAHANDI RTO - OR8( 23-OCT-2017 ),16,MOTORISED CYCLE (CC > 25CC),3,13,7,1,0,0,1,0,1,0,0,0,26
2021,Odisha,KALAHANDI RTO - OR8( 23-OCT-2017 ),17,OMNI BUS,2,2,0,0,0,0,2,0,0,1,1,0,8
2021,Odisha,KALAHANDI RTO - OR8( 23-OCT-2017 ),18,OMNI BUS (PRIVATE USE),1,4,0,0,0,0,1,0,0,0,0,0,6
2021,Odisha,KALAHANDI RTO - OR8( 23-OCT-2017 ),19,THREE WHEELER (GOODS),2,14,6,1,0,2,5,5,3,4,3,3,48
2021,Odisha,KALAHANDI RTO - OR8( 23-OCT-2017 ),20,THREE WHEELER (PASSENGER),2,50,20,10,0,0,20,9,7,10,26,14,168
2021,Odisha,KALAHANDI RTO - OR8( 23-OCT-2017 ),21,TRACTOR (COMMERCIAL),95,71,65,27,7,18,28,22,14,1,10,6,364
2021,Odisha,KALAHANDI RTO - OR8( 23-OCT-2017 ),22,TRACTOR-TROLLEY(COMMERCIAL),0,0,0,0,0,0,0,1,0,0,0,0,1
2021,Odisha,KALAHANDI RTO - OR8( 23-OCT-2017 ),23,TRAILER (COMMERCIAL),16,21,48,18,1,9,11,14,7,8,12,10,175
2021,Odisha,KALAHANDI RTO - OR8( 23-OCT-2017 ),24,VEHICLE FITTED WITH RIG,0,0,0,0,0,0,0,0,0,0,1,0,1
2021,Odisha,KENDRAPARA RTO - OR29( 23-OCT-2017 ),1,AGRICULTURAL TRACTOR,34,33,34,37,11,24,36,31,18,13,30,15,316
2021,Odisha,KENDRAPARA RTO - OR29( 23-OCT-2017 ),2,AMBULANCE,0,0,0,0,1,0,1,0,1,0,0,0,3
2021,Odisha,KENDRAPARA RTO - OR29( 23-OCT-2017 ),3,BUS,0,0,1,0,0,0,0,0,0,0,0,1,2
2021,Odisha,KENDRAPARA RTO - OR29( 23-OCT-2017 ),4,CONSTRUCTION EQUIPMENT VEHICLE,0,2,4,0,1,2,0,0,1,3,2,1,16
2021,Odisha,KENDRAPARA RTO - OR29( 23-OCT-2017 ),5,CRANE MOUNTED VEHICLE,0,2,0,3,1,0,0,0,0,0,0,0,6
2021,Odisha,KENDRAPARA RTO - OR29( 23-OCT-2017 ),6,EARTH MOVING EQUIPMENT,0,0,1,0,0,0,0,0,0,0,0,0,1
2021,Odisha,KENDRAPARA RTO - OR29( 23-OCT-2017 ),7,E-RICKSHAW(P),0,0,0,1,0,0,0,0,0,0,0,0,1
2021,Odisha,KENDRAPARA RTO - OR29( 23-OCT-2017 ),8,E-RICKSHAW WITH CART (G),0,0,0,0,0,0,0,0,0,1,0,0,1
2021,Odisha,KENDRAPARA RTO - OR29( 23-OCT-2017 ),9,GOODS CARRIER,42,41,55,47,25,21,25,34,21,16,17,9,353
2021,Odisha,KENDRAPARA RTO - OR29( 23-OCT-2017 ),10,LUXURY CAB,0,0,0,1,0,0,0,0,0,0,0,0,1
2021,Odisha,KENDRAPARA RTO - OR29( 23-OCT-2017 ),11,MAXI CAB,0,1,0,0,0,0,0,0,0,0,0,0,1
2021,Odisha,KENDRAPARA RTO - OR29( 23-OCT-2017 ),12,M-CYCLE/SCOOTER,722,706,791,689,91,310,706,585,555,975,693,466,"7,289"
2021,Odisha,KENDRAPARA RTO - OR29( 23-OCT-2017 ),13,MOPED,51,47,57,40,2,35,46,51,52,98,57,31,567
2021,Odisha,KENDRAPARA RTO - OR29( 23-OCT-2017 ),14,MOTOR CAB,0,0,3,4,0,4,2,3,2,0,3,2,23
2021,Odisha,KENDRAPARA RTO - OR29( 23-OCT-2017 ),15,MOTOR CAR,10,5,6,9,2,1,7,10,2,4,8,5,69
2021,Odisha,KENDRAPARA RTO - OR29( 23-OCT-2017 ),16,MOTORISED CYCLE (CC > 25CC),0,0,0,0,0,0,0,0,0,0,1,0,1
2021,Odisha,KENDRAPARA RTO - OR29( 23-OCT-2017 ),17,OMNI BUS (PRIVATE USE),0,0,0,0,0,0,0,1,0,0,0,0,1
2021,Odisha,KENDRAPARA RTO - OR29( 23-OCT-2017 ),18,THREE WHEELER (GOODS),19,21,26,19,1,9,15,12,18,15,13,6,174
2021,Odisha,KENDRAPARA RTO - OR29( 23-OCT-2017 ),19,THREE WHEELER (PASSENGER),10,6,5,4,1,0,0,5,3,7,6,4,51
2021,Odisha,KENDRAPARA RTO - OR29( 23-OCT-2017 ),20,TRACTOR (COMMERCIAL),15,16,9,12,5,7,15,9,11,8,14,5,126
2021,Odisha,KENDRAPARA RTO - OR29( 23-OCT-2017 ),21,TRACTOR-TROLLEY(COMMERCIAL),0,0,0,0,0,0,0,0,0,0,0,5,5
2021,Odisha,KENDRAPARA RTO - OR29( 23-OCT-2017 ),22,TRAILER (COMMERCIAL),17,11,12,11,1,1,1,4,11,11,8,20,108
2021,Odisha,KEONJHAR RTO - OR9( 04-DEC-2017 ),1,AGRICULTURAL TRACTOR,39,40,49,36,30,52,94,63,39,45,41,30,558
2021,Odisha,KEONJHAR RTO - OR9( 04-DEC-2017 ),2,AMBULANCE,0,13,0,0,0,0,0,6,0,0,0,1,20
2021,Odisha,KEONJHAR RTO - OR9( 04-DEC-2017 ),3,BUS,1,0,0,1,3,0,0,1,0,2,0,1,9
2021,Odisha,KEONJHAR RTO - OR9( 04-DEC-2017 ),4,CONSTRUCTION EQUIPMENT VEHICLE,8,9,4,7,3,3,7,4,7,9,2,5,68
2021,Odisha,KEONJHAR RTO - OR9( 04-DEC-2017 ),5,CONSTRUCTION EQUIPMENT VEHICLE (COMMERCIAL),0,0,0,0,0,0,0,1,0,0,0,0,1
2021,Odisha,KEONJHAR RTO - OR9( 04-DEC-2017 ),6,CRANE MOUNTED VEHICLE,1,2,0,0,1,0,4,0,1,0,1,0,10
2021,Odisha,KEONJHAR RTO - OR9( 04-DEC-2017 ),7,EARTH MOVING EQUIPMENT,0,0,0,0,0,0,0,1,0,0,0,0,1
2021,Odisha,KEONJHAR RTO - OR9( 04-DEC-2017 ),8,EXCAVATOR (COMMERCIAL),0,0,0,0,0,0,0,0,0,1,0,0,1
2021,Odisha,KEONJHAR RTO - OR9( 04-DEC-2017 ),9,GOODS CARRIER,111,101,120,101,33,66,127,78,61,60,48,41,947
2021,Odisha,KEONJHAR RTO - OR9( 04-DEC-2017 ),10,MAXI CAB,1,4,2,0,1,0,0,0,2,1,0,1,12
2021,Odisha,KEONJHAR RTO - OR9( 04-DEC-2017 ),11,M-CYCLE/SCOOTER,"1,376","1,335","1,294","1,137",234,420,"1,575","1,225",918,"1,701","1,102",796,"13,113"
2021,Odisha,KEONJHAR RTO - OR9( 04-DEC-2017 ),12,M-CYCLE/SCOOTER-WITH SIDE CAR,2,0,1,1,0,0,0,4,0,1,1,0,10
2021,Odisha,KEONJHAR RTO - OR9( 04-DEC-2017 ),13,MOPED,13,16,10,12,4,6,8,4,7,9,13,4,106
2021,Odisha,KEONJHAR RTO - OR9( 04-DEC-2017 ),14,MOTOR CAB,9,9,6,5,1,3,3,5,2,6,6,2,57
2021,Odisha,KEONJHAR RTO - OR9( 04-DEC-2017 ),15,MOTOR CAR,31,33,44,34,7,22,61,49,42,52,38,28,441
2021,Odisha,KEONJHAR RTO - OR9( 04-DEC-2017 ),16,MOTORISED CYCLE (CC > 25CC),0,0,0,0,0,0,0,0,1,0,1,1,3
2021,Odisha,KEONJHAR RTO - OR9( 04-DEC-2017 ),17,OMNI BUS,1,0,0,0,0,0,0,0,0,0,0,0,1
2021,Odisha,KEONJHAR RTO - OR9( 04-DEC-2017 ),18,OMNI BUS (PRIVATE USE),0,0,0,0,0,0,0,0,0,0,0,1,1
2021,Odisha,KEONJHAR RTO - OR9( 04-DEC-2017 ),19,THREE WHEELER (GOODS),32,24,30,28,5,16,20,27,24,49,38,19,312
2021,Odisha,KEONJHAR RTO - OR9( 04-DEC-2017 ),20,THREE WHEELER (PASSENGER),57,37,35,25,2,19,21,28,46,40,36,19,365
2021,Odisha,KEONJHAR RTO - OR9( 04-DEC-2017 ),21,TRACTOR (COMMERCIAL),16,16,16,8,2,2,10,6,10,8,9,5,108
2021,Odisha,KEONJHAR RTO - OR9( 04-DEC-2017 ),22,TRAILER (COMMERCIAL),6,4,11,5,4,0,1,5,4,0,4,15,59
2021,Odisha,KHORDHA ARTO - OR201( 20-JAN-2018 ),1,AGRICULTURAL TRACTOR,17,22,26,20,1,3,19,13,14,5,28,11,179
2021,Odisha,KHORDHA ARTO - OR201( 20-JAN-2018 ),2,AMBULANCE,0,0,0,0,0,0,1,0,0,0,0,0,1
2021,Odisha,KHORDHA ARTO - OR201( 20-JAN-2018 ),3,BUS,0,0,0,0,0,0,0,1,0,0,0,1,2
2021,Odisha,KHORDHA ARTO - OR201( 20-JAN-2018 ),4,CASH VAN,0,0,19,26,0,0,0,0,0,0,0,0,45
2021,Odisha,KHORDHA ARTO - OR201( 20-JAN-2018 ),5,CONSTRUCTION EQUIPMENT VEHICLE,3,18,1,2,0,0,1,0,0,0,0,0,25
2021,Odisha,KHORDHA ARTO - OR201( 20-JAN-2018 ),6,CRANE MOUNTED VEHICLE,0,3,4,2,0,2,0,0,0,1,0,1,13
2021,Odisha,KHORDHA ARTO - OR201( 20-JAN-2018 ),7,DUMPER,1,2,0,0,0,0,0,0,0,0,0,0,3
2021,Odisha,KHORDHA ARTO - OR201( 20-JAN-2018 ),8,EARTH MOVING EQUIPMENT,0,6,2,1,0,0,0,0,2,3,0,0,14
2021,Odisha,KHORDHA ARTO - OR201( 20-JAN-2018 ),9,EXCAVATOR (NT),0,1,0,1,0,0,0,0,0,0,0,1,3
2021,Odisha,KHORDHA ARTO - OR201( 20-JAN-2018 ),10,GOODS CARRIER,65,87,84,53,3,14,30,27,23,26,15,18,445
2021,Odisha,KHORDHA ARTO - OR201( 20-JAN-2018 ),11,M-CYCLE/SCOOTER,262,251,273,204,22,60,246,222,129,306,208,127,"2,310"
2021,Odisha,KHORDHA ARTO - OR201( 20-JAN-2018 ),12,M-CYCLE/SCOOTER-WITH SIDE CAR,0,0,0,0,0,0,0,0,1,0,0,0,1
2021,Odisha,KHORDHA ARTO - OR201( 20-JAN-2018 ),13,MOPED,19,3,1,2,0,3,2,6,5,3,1,1,46
2021,Odisha,KHORDHA ARTO - OR201( 20-JAN-2018 ),14,MOTOR CAB,2,0,0,2,0,0,0,0,2,0,2,2,10
2021,Odisha,KHORDHA ARTO - OR201( 20-JAN-2018 ),15,MOTOR CAR,19,20,19,33,2,7,15,18,19,17,23,16,208
2021,Odisha,KHORDHA ARTO - OR201( 20-JAN-2018 ),16,MOTORISED CYCLE (CC > 25CC),33,19,17,9,0,8,22,2,6,3,0,1,120
2021,Odisha,KHORDHA ARTO - OR201( 20-JAN-2018 ),17,PRIVATE SERVICE VEHICLE (INDIVIDUAL USE),1,0,0,0,0,0,0,0,0,0,0,0,1
2021,Odisha,KHORDHA ARTO - OR201( 20-JAN-2018 ),18,ROAD ROLLER,1,0,0,0,0,0,0,0,0,0,0,0,1
2021,Odisha,KHORDHA ARTO - OR201( 20-JAN-2018 ),19,THREE WHEELER (GOODS),15,8,11,4,0,1,5,5,6,6,2,1,64
2021,Odisha,KHORDHA ARTO - OR201( 20-JAN-2018 ),20,THREE WHEELER (PASSENGER),6,6,16,7,0,2,3,4,4,4,5,2,59
2021,Odisha,KHORDHA ARTO - OR201( 20-JAN-2018 ),21,TRACTOR (COMMERCIAL),2,5,4,3,1,0,2,1,0,5,6,3,32
2021,Odisha,KHORDHA ARTO - OR201( 20-JAN-2018 ),22,TRAILER (COMMERCIAL),1,6,2,7,0,0,0,1,0,1,0,2,20
2021,Odisha,KORAPUT RTO - OR10( 25-DEC-2017 ),1,AGRICULTURAL TRACTOR,28,28,21,15,14,14,10,15,8,13,14,8,188
2021,Odisha,KORAPUT RTO - OR10( 25-DEC-2017 ),2,AMBULANCE,0,0,1,0,0,0,0,0,1,1,5,1,9
2021,Odisha,KORAPUT RTO - OR10( 25-DEC-2017 ),3,BUS,0,0,2,3,0,0,0,15,1,4,0,2,27
2021,Odisha,KORAPUT RTO - OR10( 25-DEC-2017 ),4,CONSTRUCTION EQUIPMENT VEHICLE,0,11,10,4,0,5,3,4,7,6,4,3,57
2021,Odisha,KORAPUT RTO - OR10( 25-DEC-2017 ),5,CRANE MOUNTED VEHICLE,0,0,0,0,0,1,0,1,0,0,0,0,2
2021,Odisha,KORAPUT RTO - OR10( 25-DEC-2017 ),6,EARTH MOVING EQUIPMENT,0,0,1,0,0,0,0,0,0,0,0,0,1
2021,Odisha,KORAPUT RTO - OR10( 25-DEC-2017 ),7,EDUCATIONAL INSTITUTION BUS,0,0,0,0,1,0,0,0,0,0,0,0,1
2021,Odisha,KORAPUT RTO - OR10( 25-DEC-2017 ),8,E-RICKSHAW(P),0,0,0,0,0,0,0,0,0,1,0,0,1
2021,Odisha,KORAPUT RTO - OR10( 25-DEC-2017 ),9,E-RICKSHAW WITH CART (G),0,0,0,0,0,0,0,0,0,0,1,0,1
2021,Odisha,KORAPUT RTO - OR10( 25-DEC-2017 ),10,EXCAVATOR (COMMERCIAL),0,0,0,0,0,0,0,1,0,0,0,0,1
2021,Odisha,KORAPUT RTO - OR10( 25-DEC-2017 ),11,EXCAVATOR (NT),0,1,0,0,0,0,0,0,0,0,0,0,1
2021,Odisha,KORAPUT RTO - OR10( 25-DEC-2017 ),12,GOODS CARRIER,25,39,47,39,9,21,47,40,31,38,36,27,399
2021,Odisha,KORAPUT RTO - OR10( 25-DEC-2017 ),13,MAXI CAB,0,0,0,0,0,1,1,0,0,1,1,0,4
2021,Odisha,KORAPUT RTO - OR10( 25-DEC-2017 ),14,M-CYCLE/SCOOTER,"1,275","1,625","1,457","1,164",198,909,"1,184","1,030",891,"1,780","1,253",784,"13,550"
2021,Odisha,KORAPUT RTO - OR10( 25-DEC-2017 ),15,M-CYCLE/SCOOTER-WITH SIDE CAR,0,0,2,0,0,2,0,0,0,0,0,0,4
2021,Odisha,KORAPUT RTO - OR10( 25-DEC-2017 ),16,MOPED,19,29,30,24,3,15,21,17,14,19,14,20,225
2021,Odisha,KORAPUT RTO - OR10( 25-DEC-2017 ),17,MOTOR CAB,5,13,10,7,1,13,18,13,4,5,6,7,102
2021,Odisha,KORAPUT RTO - OR10( 25-DEC-2017 ),18,MOTOR CAR,137,145,139,103,30,90,153,136,108,153,114,115,"1,423"
2021,Odisha,KORAPUT RTO - OR10( 25-DEC-2017 ),19,MOTORISED CYCLE (CC > 25CC),30,69,41,40,5,26,32,30,36,77,46,27,459
2021,Odisha,KORAPUT RTO - OR10( 25-DEC-2017 ),20,OMNI BUS,0,2,0,0,0,1,0,0,0,0,1,0,4
2021,Odisha,KORAPUT RTO - OR10( 25-DEC-2017 ),21,THREE WHEELER (GOODS),10,6,9,8,0,3,5,4,1,12,10,3,71
2021,Odisha,KORAPUT RTO - OR10( 25-DEC-2017 ),22,THREE WHEELER (PASSENGER),22,31,36,11,0,1,18,11,5,21,6,12,174
2021,Odisha,KORAPUT RTO - OR10( 25-DEC-2017 ),23,TOW TRUCK,0,1,0,0,0,0,0,0,0,0,0,0,1
2021,Odisha,KORAPUT RTO - OR10( 25-DEC-2017 ),24,TRACTOR (COMMERCIAL),14,31,34,24,19,15,30,18,23,17,32,23,280
2021,Odisha,KORAPUT RTO - OR10( 25-DEC-2017 ),25,TRACTOR-TROLLEY(COMMERCIAL),3,0,1,0,0,0,0,0,0,0,0,0,4
2021,Odisha,MALKANAGIRI RTO - OR30( 25-DEC-2017 ),1,AGRICULTURAL TRACTOR,14,0,0,3,0,7,1,3,3,0,3,1,35
2021,Odisha,MALKANAGIRI RTO - OR30( 25-DEC-2017 ),2,AMBULANCE,0,0,0,0,0,0,0,0,0,1,0,0,1
2021,Odisha,MALKANAGIRI RTO - OR30( 25-DEC-2017 ),3,CONSTRUCTION EQUIPMENT VEHICLE,2,3,4,1,0,1,6,3,1,0,1,1,23
2021,Odisha,MALKANAGIRI RTO - OR30( 25-DEC-2017 ),4,CRANE MOUNTED VEHICLE,0,1,0,0,0,2,0,0,0,0,0,0,3
2021,Odisha,MALKANAGIRI RTO - OR30( 25-DEC-2017 ),5,DUMPER,0,0,4,0,0,0,0,0,0,0,0,0,4
2021,Odisha,MALKANAGIRI RTO - OR30( 25-DEC-2017 ),6,E-RICKSHAW(P),0,0,0,0,0,0,0,0,0,0,4,0,4
2021,Odisha,MALKANAGIRI RTO - OR30( 25-DEC-2017 ),7,GOODS CARRIER,14,15,25,14,5,11,21,16,11,11,18,12,173
2021,Odisha,MALKANAGIRI RTO - OR30( 25-DEC-2017 ),8,MAXI CAB,1,0,0,0,0,1,0,1,1,0,1,0,5
2021,Odisha,MALKANAGIRI RTO - OR30( 25-DEC-2017 ),9,M-CYCLE/SCOOTER,578,589,492,452,86,342,461,341,276,447,413,245,"4,722"
2021,Odisha,MALKANAGIRI RTO - OR30( 25-DEC-2017 ),10,MOPED,22,20,11,20,4,14,15,7,0,3,1,0,117
2021,Odisha,MALKANAGIRI RTO - OR30( 25-DEC-2017 ),11,MOTOR CAB,2,3,0,2,0,1,4,3,2,1,6,4,28
2021,Odisha,MALKANAGIRI RTO - OR30( 25-DEC-2017 ),12,MOTOR CAR,20,18,15,11,2,17,23,26,18,32,18,13,213
2021,Odisha,MALKANAGIRI RTO - OR30( 25-DEC-2017 ),13,MOTORISED CYCLE (CC > 25CC),0,0,5,2,0,1,5,4,2,5,4,8,36
2021,Odisha,MALKANAGIRI RTO - OR30( 25-DEC-2017 ),14,OMNI BUS,0,1,0,0,0,0,0,0,0,0,0,0,1
2021,Odisha,MALKANAGIRI RTO - OR30( 25-DEC-2017 ),15,PRIVATE SERVICE VEHICLE (INDIVIDUAL USE),0,0,0,4,0,0,0,0,0,0,0,0,4
2021,Odisha,MALKANAGIRI RTO - OR30( 25-DEC-2017 ),16,THREE WHEELER (GOODS),4,5,6,7,2,1,0,4,3,2,3,2,39
2021,Odisha,MALKANAGIRI RTO - OR30( 25-DEC-2017 ),17,THREE WHEELER (PASSENGER),13,11,20,15,3,1,7,8,7,10,15,4,114
2021,Odisha,MALKANAGIRI RTO - OR30( 25-DEC-2017 ),18,TRACTOR (COMMERCIAL),17,23,18,20,7,31,72,50,20,26,32,33,349
2021,Odisha,MALKANAGIRI RTO - OR30( 25-DEC-2017 ),19,TRACTOR-TROLLEY(COMMERCIAL),0,1,0,0,0,0,0,0,1,0,0,1,3
2021,Odisha,MALKANAGIRI RTO - OR30( 25-DEC-2017 ),20,TRAILER (COMMERCIAL),3,0,5,1,2,0,1,2,4,3,5,4,30
2021,Odisha,MAYURBHANJ RTO - OR11( 08-NOV-2017 ),1,AGRICULTURAL TRACTOR,29,22,39,18,23,44,48,40,21,18,28,20,350
2021,Odisha,MAYURBHANJ RTO - OR11( 08-NOV-2017 ),2,AMBULANCE,0,0,0,0,1,4,0,0,0,0,0,0,5
2021,Odisha,MAYURBHANJ RTO - OR11( 08-NOV-2017 ),3,BUS,0,1,0,0,0,0,0,0,2,0,2,0,5
2021,Odisha,MAYURBHANJ RTO - OR11( 08-NOV-2017 ),4,CONSTRUCTION EQUIPMENT VEHICLE,1,1,6,2,1,2,2,0,1,0,2,1,19
2021,Odisha,MAYURBHANJ RTO - OR11( 08-NOV-2017 ),5,CRANE MOUNTED VEHICLE,0,0,0,0,0,0,1,0,0,0,0,0,1
2021,Odisha,MAYURBHANJ RTO - OR11( 08-NOV-2017 ),6,E-RICKSHAW(P),0,1,2,0,3,1,0,2,2,5,5,3,24
2021,Odisha,MAYURBHANJ RTO - OR11( 08-NOV-2017 ),7,E-RICKSHAW WITH CART (G),0,0,1,0,0,2,8,0,0,1,2,0,14
2021,Odisha,MAYURBHANJ RTO - OR11( 08-NOV-2017 ),8,GOODS CARRIER,35,32,26,24,7,20,21,16,15,25,31,18,270
2021,Odisha,MAYURBHANJ RTO - OR11( 08-NOV-2017 ),9,HARVESTER,1,0,1,0,0,0,0,0,0,0,0,0,2
2021,Odisha,MAYURBHANJ RTO - OR11( 08-NOV-2017 ),10,MAXI CAB,2,0,2,0,0,0,0,0,1,1,0,1,7
2021,Odisha,MAYURBHANJ RTO - OR11( 08-NOV-2017 ),11,M-CYCLE/SCOOTER,"1,474",957,"1,038",884,118,628,929,"1,007",719,"1,588","1,074",678,"11,094"
2021,Odisha,MAYURBHANJ RTO - OR11( 08-NOV-2017 ),12,M-CYCLE/SCOOTER-WITH SIDE CAR,0,0,0,0,0,1,0,0,0,0,0,0,1
2021,Odisha,MAYURBHANJ RTO - OR11( 08-NOV-2017 ),13,MOPED,53,48,51,52,3,27,51,50,43,91,48,30,547
2021,Odisha,MAYURBHANJ RTO - OR11( 08-NOV-2017 ),14,MOTOR CAB,9,4,4,2,0,1,1,1,0,0,2,1,25
2021,Odisha,MAYURBHANJ RTO - OR11( 08-NOV-2017 ),15,MOTOR CAR,111,85,125,72,16,62,98,92,99,91,79,68,998
2021,Odisha,MAYURBHANJ RTO - OR11( 08-NOV-2017 ),16,MOTORISED CYCLE (CC > 25CC),0,1,0,0,0,0,0,0,0,0,0,0,1
2021,Odisha,MAYURBHANJ RTO - OR11( 08-NOV-2017 ),17,PRIVATE SERVICE VEHICLE,0,0,0,0,0,0,0,0,0,0,0,1,1
2021,Odisha,MAYURBHANJ RTO - OR11( 08-NOV-2017 ),18,THREE WHEELER (GOODS),22,24,15,10,5,5,12,9,5,14,11,10,142
2021,Odisha,MAYURBHANJ RTO - OR11( 08-NOV-2017 ),19,THREE WHEELER (PASSENGER),9,10,10,4,1,2,7,10,7,11,18,8,97
2021,Odisha,MAYURBHANJ RTO - OR11( 08-NOV-2017 ),20,TRACTOR (COMMERCIAL),20,18,4,4,6,10,6,6,5,9,17,6,111
2021,Odisha,MAYURBHANJ RTO - OR11( 08-NOV-2017 ),21,TRAILER (COMMERCIAL),8,13,28,15,6,2,0,3,1,2,16,26,120
2021,Odisha,NAWARANGPUR RTO - OR24( 07-NOV-2017 ),1,AGRICULTURAL TRACTOR,93,152,70,32,22,37,56,41,25,62,41,22,653
2021,Odisha,NAWARANGPUR RTO - OR24( 07-NOV-2017 ),2,BUS,0,0,0,0,0,1,0,0,0,0,0,0,1
2021,Odisha,NAWARANGPUR RTO - OR24( 07-NOV-2017 ),3,CONSTRUCTION EQUIPMENT VEHICLE,0,0,0,0,0,0,0,0,1,0,4,0,5
2021,Odisha,NAWARANGPUR RTO - OR24( 07-NOV-2017 ),4,CRANE MOUNTED VEHICLE,0,0,0,0,0,0,0,0,0,1,0,1,2
2021,Odisha,NAWARANGPUR RTO - OR24( 07-NOV-2017 ),5,E-RICKSHAW WITH CART (G),0,0,0,0,0,0,0,0,0,0,1,0,1
2021,Odisha,NAWARANGPUR RTO - OR24( 07-NOV-2017 ),6,EXCAVATOR (COMMERCIAL),6,9,15,6,0,2,0,4,3,1,0,1,47
2021,Odisha,NAWARANGPUR RTO - OR24( 07-NOV-2017 ),7,EXCAVATOR (NT),0,0,0,0,0,0,0,0,0,0,1,0,1
2021,Odisha,NAWARANGPUR RTO - OR24( 07-NOV-2017 ),8,GOODS CARRIER,17,13,27,30,1,8,8,8,7,21,22,15,177
2021,Odisha,NAWARANGPUR RTO - OR24( 07-NOV-2017 ),9,MAXI CAB,0,0,1,0,0,0,0,1,0,0,0,0,2
2021,Odisha,NAWARANGPUR RTO - OR24( 07-NOV-2017 ),10,M-CYCLE/SCOOTER,954,980,760,586,103,318,515,409,309,637,508,436,"6,515"
2021,Odisha,NAWARANGPUR RTO - OR24( 07-NOV-2017 ),11,MOPED,54,35,28,25,2,14,14,12,19,27,26,22,278
2021,Odisha,NAWARANGPUR RTO - OR24( 07-NOV-2017 ),12,MOTOR CAB,1,1,2,3,0,2,0,5,5,1,1,1,22
2021,Odisha,NAWARANGPUR RTO - OR24( 07-NOV-2017 ),13,MOTOR CAR,40,37,38,36,2,28,38,31,32,45,41,32,400
2021,Odisha,NAWARANGPUR RTO - OR24( 07-NOV-2017 ),14,MOTORISED CYCLE (CC > 25CC),0,1,5,3,1,0,0,1,1,4,2,3,21
2021,Odisha,NAWARANGPUR RTO - OR24( 07-NOV-2017 ),15,THREE WHEELER (GOODS),4,8,2,4,0,1,0,2,2,1,1,4,29
2021,Odisha,NAWARANGPUR RTO - OR24( 07-NOV-2017 ),16,THREE WHEELER (PASSENGER),20,20,24,12,1,3,9,3,1,1,2,9,105
2021,Odisha,NAWARANGPUR RTO - OR24( 07-NOV-2017 ),17,TOWER WAGON,0,0,0,0,0,0,0,0,0,0,1,0,1
2021,Odisha,NAWARANGPUR RTO - OR24( 07-NOV-2017 ),18,TRACTOR (COMMERCIAL),8,18,10,4,12,10,8,14,9,18,9,9,129
2021,Odisha,NAWARANGPUR RTO - OR24( 07-NOV-2017 ),19,TRACTOR-TROLLEY(COMMERCIAL),2,4,1,0,0,0,0,0,2,0,0,0,9
2021,Odisha,NAWARANGPUR RTO - OR24( 07-NOV-2017 ),20,TRAILER (COMMERCIAL),15,24,3,26,2,8,8,6,39,55,19,10,215
2021,Odisha,NAYAGARH RTO - OR25( 25-DEC-2017 ),1,AGRICULTURAL TRACTOR,17,19,19,17,3,8,31,11,14,12,15,13,179
2021,Odisha,NAYAGARH RTO - OR25( 25-DEC-2017 ),2,BUS,0,0,0,0,0,0,0,0,0,0,0,1,1
2021,Odisha,NAYAGARH RTO - OR25( 25-DEC-2017 ),3,CONSTRUCTION EQUIPMENT VEHICLE,0,0,3,1,1,1,0,0,2,0,0,2,10
2021,Odisha,NAYAGARH RTO - OR25( 25-DEC-2017 ),4,EARTH MOVING EQUIPMENT,0,0,0,0,0,0,0,0,2,0,0,0,2
2021,Odisha,NAYAGARH RTO - OR25( 25-DEC-2017 ),5,EXCAVATOR (COMMERCIAL),0,1,0,0,0,0,0,0,0,0,0,0,1
2021,Odisha,NAYAGARH RTO - OR25( 25-DEC-2017 ),6,GOODS CARRIER,15,10,16,8,4,5,14,7,8,16,9,5,117
2021,Odisha,NAYAGARH RTO - OR25( 25-DEC-2017 ),7,MAXI CAB,0,0,0,0,0,0,0,0,1,0,0,0,1
2021,Odisha,NAYAGARH RTO - OR25( 25-DEC-2017 ),8,M-CYCLE/SCOOTER,428,534,572,481,116,311,510,462,366,873,660,355,"5,668"
2021,Odisha,NAYAGARH RTO - OR25( 25-DEC-2017 ),9,MOPED,92,87,104,81,6,79,107,127,98,250,124,70,"1,225"
2021,Odisha,NAYAGARH RTO - OR25( 25-DEC-2017 ),10,MOTOR CAB,2,0,1,2,0,0,2,1,2,2,2,0,14
2021,Odisha,NAYAGARH RTO - OR25( 25-DEC-2017 ),11,MOTOR CAR,7,5,6,8,0,3,10,3,3,3,3,3,54
2021,Odisha,NAYAGARH RTO - OR25( 25-DEC-2017 ),12,MOTOR CYCLE/SCOOTER-USED FOR HIRE,0,0,1,0,0,0,1,0,0,1,0,0,3
2021,Odisha,NAYAGARH RTO - OR25( 25-DEC-2017 ),13,MOTORISED CYCLE (CC > 25CC),112,166,175,163,43,84,159,109,86,200,145,75,"1,517"
2021,Odisha,NAYAGARH RTO - OR25( 25-DEC-2017 ),14,OMNI BUS,0,0,0,2,0,0,0,0,0,0,0,0,2
2021,Odisha,NAYAGARH RTO - OR25( 25-DEC-2017 ),15,THREE WHEELER (GOODS),6,5,13,4,0,1,7,2,3,2,2,2,47
2021,Odisha,NAYAGARH RTO - OR25( 25-DEC-2017 ),16,THREE WHEELER (PASSENGER),3,2,7,2,0,0,3,4,3,4,7,5,40
2021,Odisha,NAYAGARH RTO - OR25( 25-DEC-2017 ),17,TRACTOR (COMMERCIAL),6,7,6,9,1,3,10,3,6,2,4,6,63
2021,Odisha,NAYAGARH RTO - OR25( 25-DEC-2017 ),18,TRAILER (COMMERCIAL),3,1,9,10,0,0,10,7,9,0,8,12,69
2021,Odisha,NUAPADA RTO - OR26( 06-NOV-2017 ),1,AGRICULTURAL TRACTOR,46,46,37,20,19,29,21,37,43,16,40,29,383
2021,Odisha,NUAPADA RTO - OR26( 06-NOV-2017 ),2,AMBULANCE,0,0,1,0,0,0,0,0,0,0,1,0,2
2021,Odisha,NUAPADA RTO - OR26( 06-NOV-2017 ),3,BUS,1,0,0,1,0,0,0,0,0,2,0,1,5
2021,Odisha,NUAPADA RTO - OR26( 06-NOV-2017 ),4,CONSTRUCTION EQUIPMENT VEHICLE,2,4,8,1,3,0,0,3,1,3,3,2,30
2021,Odisha,NUAPADA RTO - OR26( 06-NOV-2017 ),5,EDUCATIONAL INSTITUTION BUS,0,0,0,0,0,0,0,0,0,0,2,0,2
2021,Odisha,NUAPADA RTO - OR26( 06-NOV-2017 ),6,E-RICKSHAW(P),0,0,0,0,0,1,0,0,0,1,0,0,2
2021,Odisha,NUAPADA RTO - OR26( 06-NOV-2017 ),7,E-RICKSHAW WITH CART (G),0,0,0,0,0,0,0,0,1,0,1,0,2
2021,Odisha,NUAPADA RTO - OR26( 06-NOV-2017 ),8,GOODS CARRIER,13,17,14,10,1,6,6,11,10,11,14,11,124
2021,Odisha,NUAPADA RTO - OR26( 06-NOV-2017 ),9,HARVESTER,0,1,0,0,0,0,0,1,2,0,0,0,4
2021,Odisha,NUAPADA RTO - OR26( 06-NOV-2017 ),10,MAXI CAB,4,1,2,2,1,3,1,2,10,2,3,4,35
2021,Odisha,NUAPADA RTO - OR26( 06-NOV-2017 ),11,M-CYCLE/SCOOTER,760,990,631,319,97,392,309,254,243,274,388,289,"4,946"
2021,Odisha,NUAPADA RTO - OR26( 06-NOV-2017 ),12,MOPED,35,31,26,13,6,31,21,26,15,19,25,31,279
2021,Odisha,NUAPADA RTO - OR26( 06-NOV-2017 ),13,MOTOR CAB,0,2,0,0,0,0,0,0,0,0,0,0,2
2021,Odisha,NUAPADA RTO - OR26( 06-NOV-2017 ),14,MOTOR CAR,28,27,19,23,2,18,30,29,24,33,15,12,260
2021,Odisha,NUAPADA RTO - OR26( 06-NOV-2017 ),15,MOTORISED CYCLE (CC > 25CC),0,0,0,0,0,0,0,0,2,0,0,0,2
2021,Odisha,NUAPADA RTO - OR26( 06-NOV-2017 ),16,OMNI BUS,0,0,1,0,0,0,0,0,0,0,1,0,2
2021,Odisha,NUAPADA RTO - OR26( 06-NOV-2017 ),17,THREE WHEELER (GOODS),2,0,4,2,0,0,0,0,1,1,1,0,11
2021,Odisha,NUAPADA RTO - OR26( 06-NOV-2017 ),18,THREE WHEELER (PASSENGER),4,0,4,2,0,0,0,1,2,1,1,1,16
2021,Odisha,NUAPADA RTO - OR26( 06-NOV-2017 ),19,TRACTOR (COMMERCIAL),4,7,1,2,1,1,0,0,1,4,2,0,23
2021,Odisha,NUAPADA RTO - OR26( 06-NOV-2017 ),20,TRAILER (COMMERCIAL),4,3,1,1,0,2,0,3,0,1,3,1,19
2021,Odisha,PHULBANI RTO - OR12( 23-OCT-2017 ),1,AGRICULTURAL TRACTOR,7,6,9,8,2,1,8,12,7,14,5,7,86
2021,Odisha,PHULBANI RTO - OR12( 23-OCT-2017 ),2,BUS,0,0,0,0,0,0,0,0,0,1,0,0,1
2021,Odisha,PHULBANI RTO - OR12( 23-OCT-2017 ),3,CONSTRUCTION EQUIPMENT VEHICLE,3,3,1,3,1,0,0,5,1,0,0,2,19
2021,Odisha,PHULBANI RTO - OR12( 23-OCT-2017 ),4,EARTH MOVING EQUIPMENT,0,0,0,0,0,0,0,1,0,0,0,0,1
2021,Odisha,PHULBANI RTO - OR12( 23-OCT-2017 ),5,GOODS CARRIER,5,7,14,4,1,3,11,4,4,5,5,4,67
2021,Odisha,PHULBANI RTO - OR12( 23-OCT-2017 ),6,MAXI CAB,1,1,1,0,0,0,0,0,0,0,4,0,7
2021,Odisha,PHULBANI RTO - OR12( 23-OCT-2017 ),7,M-CYCLE/SCOOTER,384,434,445,405,79,462,590,461,394,662,460,320,"5,096"
2021,Odisha,PHULBANI RTO - OR12( 23-OCT-2017 ),8,M-CYCLE/SCOOTER-WITH SIDE CAR,0,1,0,0,0,0,1,0,0,0,0,0,2
2021,Odisha,PHULBANI RTO - OR12( 23-OCT-2017 ),9,MOPED,15,18,6,9,3,2,12,11,8,18,19,10,131
2021,Odisha,PHULBANI RTO - OR12( 23-OCT-2017 ),10,MOTOR CAB,1,2,1,1,0,0,0,1,2,0,1,0,9
2021,Odisha,PHULBANI RTO - OR12( 23-OCT-2017 ),11,MOTOR CAR,9,11,5,11,0,2,12,6,7,4,6,8,81
2021,Odisha,PHULBANI RTO - OR12( 23-OCT-2017 ),12,MOTORISED CYCLE (CC > 25CC),0,0,1,0,0,0,2,2,0,2,0,0,7
2021,Odisha,PHULBANI RTO - OR12( 23-OCT-2017 ),13,OMNI BUS,1,0,0,0,0,0,4,0,0,0,0,0,5
2021,Odisha,PHULBANI RTO - OR12( 23-OCT-2017 ),14,THREE WHEELER (GOODS),1,5,3,3,0,3,5,2,1,1,2,0,26
2021,Odisha,PHULBANI RTO - OR12( 23-OCT-2017 ),15,THREE WHEELER (PASSENGER),18,25,24,14,1,0,23,15,12,38,16,12,198
2021,Odisha,PHULBANI RTO - OR12( 23-OCT-2017 ),16,TRACTOR (COMMERCIAL),2,3,3,8,3,1,5,2,3,1,2,0,33
2021,Odisha,PHULBANI RTO - OR12( 23-OCT-2017 ),17,TRAILER (COMMERCIAL),5,4,4,11,7,0,3,8,5,6,7,5,65
2021,Odisha,PURI RTO - OR13( 25-DEC-2017 ),1,AGRICULTURAL TRACTOR,7,13,11,12,8,11,25,50,16,13,33,16,215
2021,Odisha,PURI RTO - OR13( 25-DEC-2017 ),2,AMBULANCE,0,0,1,0,0,1,0,0,1,0,0,0,3
2021,Odisha,PURI RTO - OR13( 25-DEC-2017 ),3,BUS,0,0,0,0,0,0,0,6,0,3,0,1,10
2021,Odisha,PURI RTO - OR13( 25-DEC-2017 ),4,CONSTRUCTION EQUIPMENT VEHICLE,1,0,0,0,0,0,0,0,0,0,0,0,1
2021,Odisha,PURI RTO - OR13( 25-DEC-2017 ),5,EARTH MOVING EQUIPMENT,0,0,0,0,0,0,1,0,0,0,0,0,1
2021,Odisha,PURI RTO - OR13( 25-DEC-2017 ),6,E-RICKSHAW(P),18,14,17,13,0,0,1,3,12,14,21,17,130
2021,Odisha,PURI RTO - OR13( 25-DEC-2017 ),7,E-RICKSHAW WITH CART (G),1,1,0,0,0,0,0,0,0,0,2,2,6
2021,Odisha,PURI RTO - OR13( 25-DEC-2017 ),8,GOODS CARRIER,12,8,12,5,0,3,4,7,6,6,13,8,84
2021,Odisha,PURI RTO - OR13( 25-DEC-2017 ),9,MAXI CAB,0,1,0,1,0,0,0,1,0,0,1,0,4
2021,Odisha,PURI RTO - OR13( 25-DEC-2017 ),10,M-CYCLE/SCOOTER,"1,119",984,"1,163",902,119,405,890,"1,061",778,"1,540","1,219",670,"10,850"
2021,Odisha,PURI RTO - OR13( 25-DEC-2017 ),11,MOPED,8,6,11,2,0,4,8,6,10,9,6,1,71
2021,Odisha,PURI RTO - OR13( 25-DEC-2017 ),12,MOTOR CAB,2,1,1,6,1,2,2,1,1,1,6,5,29
2021,Odisha,PURI RTO - OR13( 25-DEC-2017 ),13,MOTOR CAR,30,30,26,16,1,9,11,17,22,26,18,21,227
2021,Odisha,PURI RTO - OR13( 25-DEC-2017 ),14,MOTORISED CYCLE (CC > 25CC),2,0,0,4,0,0,1,2,0,1,0,0,10
2021,Odisha,PURI RTO - OR13( 25-DEC-2017 ),15,OMNI BUS,0,0,1,0,0,0,0,0,0,0,0,0,1
2021,Odisha,PURI RTO - OR13( 25-DEC-2017 ),16,THREE WHEELER (GOODS),9,5,9,3,0,0,3,1,2,8,2,0,42
2021,Odisha,PURI RTO - OR13( 25-DEC-2017 ),17,THREE WHEELER (PASSENGER),6,5,5,2,0,0,0,0,0,1,0,1,20
2021,Odisha,PURI RTO - OR13( 25-DEC-2017 ),18,TRACTOR (COMMERCIAL),12,15,11,9,3,6,7,10,4,10,5,6,98
2021,Odisha,PURI RTO - OR13( 25-DEC-2017 ),19,TRAILER (COMMERCIAL),7,7,6,3,0,0,4,6,4,0,3,4,44
2021,Odisha,PURI RTO - OR13( 25-DEC-2017 ),20,VEHICLE FITTED WITH GENERATOR,0,0,0,0,0,0,0,0,0,1,0,0,1
2021,Odisha,RAIRANGPUR ARTO - OR111( 08-NOV-2017 ),1,AGRICULTURAL TRACTOR,7,17,27,36,21,33,28,45,17,23,23,17,294
2021,Odisha,RAIRANGPUR ARTO - OR111( 08-NOV-2017 ),2,BUS,0,0,0,0,0,0,0,0,0,1,1,0,2
2021,Odisha,RAIRANGPUR ARTO - OR111( 08-NOV-2017 ),3,CONSTRUCTION EQUIPMENT VEHICLE,0,2,2,0,0,0,2,0,3,2,0,2,13
2021,Odisha,RAIRANGPUR ARTO - OR111( 08-NOV-2017 ),4,CRANE MOUNTED VEHICLE,0,0,0,0,0,0,0,1,0,0,0,0,1
2021,Odisha,RAIRANGPUR ARTO - OR111( 08-NOV-2017 ),5,E-RICKSHAW WITH CART (G),0,0,0,0,0,0,0,0,0,1,0,0,1
2021,Odisha,RAIRANGPUR ARTO - OR111( 08-NOV-2017 ),6,GOODS CARRIER,12,21,13,12,1,5,9,9,14,20,16,6,138
2021,Odisha,RAIRANGPUR ARTO - OR111( 08-NOV-2017 ),7,MAXI CAB,1,1,1,2,0,0,1,2,4,0,3,0,15
2021,Odisha,RAIRANGPUR ARTO - OR111( 08-NOV-2017 ),8,M-CYCLE/SCOOTER,796,534,498,481,91,344,488,516,398,715,698,333,"5,892"
2021,Odisha,RAIRANGPUR ARTO - OR111( 08-NOV-2017 ),9,M-CYCLE/SCOOTER-WITH SIDE CAR,0,0,0,0,0,0,1,0,1,0,0,0,2
2021,Odisha,RAIRANGPUR ARTO - OR111( 08-NOV-2017 ),10,MOPED,17,17,16,20,1,4,14,20,17,33,42,28,229
2021,Odisha,RAIRANGPUR ARTO - OR111( 08-NOV-2017 ),11,MOTOR CAB,3,2,5,7,2,9,4,8,1,1,9,1,52
2021,Odisha,RAIRANGPUR ARTO - OR111( 08-NOV-2017 ),12,MOTOR CAR,19,29,19,11,1,7,23,25,23,23,15,15,210
2021,Odisha,RAIRANGPUR ARTO - OR111( 08-NOV-2017 ),13,MOTORISED CYCLE (CC > 25CC),1,1,0,0,0,0,0,0,0,0,0,0,2
2021,Odisha,RAIRANGPUR ARTO - OR111( 08-NOV-2017 ),14,THREE WHEELER (GOODS),8,6,16,7,2,3,4,6,10,6,11,10,89
2021,Odisha,RAIRANGPUR ARTO - OR111( 08-NOV-2017 ),15,THREE WHEELER (PASSENGER),5,7,11,5,2,2,5,5,8,5,7,4,66
2021,Odisha,RAIRANGPUR ARTO - OR111( 08-NOV-2017 ),16,TRACTOR (COMMERCIAL),15,19,18,7,5,23,7,6,6,5,10,5,126
2021,Odisha,RAIRANGPUR ARTO - OR111( 08-NOV-2017 ),17,TRAILER (COMMERCIAL),19,15,29,13,11,0,0,0,2,14,16,12,131
2021,Odisha,RAYGADA RTO - OR18( 25-DEC-2017 ),1,AGRICULTURAL TRACTOR,2,0,0,1,2,22,37,42,20,17,26,18,187
2021,Odisha,RAYGADA RTO - OR18( 25-DEC-2017 ),2,BUS,0,0,0,3,0,0,0,0,0,0,0,0,3
2021,Odisha,RAYGADA RTO - OR18( 25-DEC-2017 ),3,CAMPER VAN / TRAILER (PRIVATE USE),0,0,0,0,0,0,0,1,0,0,0,0,1
2021,Odisha,RAYGADA RTO - OR18( 25-DEC-2017 ),4,CONSTRUCTION EQUIPMENT VEHICLE,13,12,11,6,5,4,4,3,3,3,3,4,71
2021,Odisha,RAYGADA RTO - OR18( 25-DEC-2017 ),5,CRANE MOUNTED VEHICLE,1,0,0,0,0,1,0,0,5,0,0,0,7
2021,Odisha,RAYGADA RTO - OR18( 25-DEC-2017 ),6,DUMPER,0,0,0,0,0,0,0,0,0,1,0,1,2
2021,Odisha,RAYGADA RTO - OR18( 25-DEC-2017 ),7,EARTH MOVING EQUIPMENT,0,0,0,1,1,1,2,0,0,0,0,0,5
2021,Odisha,RAYGADA RTO - OR18( 25-DEC-2017 ),8,EDUCATIONAL INSTITUTION BUS,0,0,0,0,0,0,0,0,0,0,2,0,2
2021,Odisha,RAYGADA RTO - OR18( 25-DEC-2017 ),9,EXCAVATOR (COMMERCIAL),0,1,0,0,0,0,0,1,0,0,0,0,2
2021,Odisha,RAYGADA RTO - OR18( 25-DEC-2017 ),10,FORK LIFT,0,0,0,0,0,0,0,0,0,1,0,2,3
2021,Odisha,RAYGADA RTO - OR18( 25-DEC-2017 ),11,GOODS CARRIER,23,23,26,29,22,23,27,28,26,25,20,21,293
2021,Odisha,RAYGADA RTO - OR18( 25-DEC-2017 ),12,HEARSES,0,0,0,0,0,0,0,1,0,0,0,0,1
2021,Odisha,RAYGADA RTO - OR18( 25-DEC-2017 ),13,LUXURY CAB,0,0,1,0,0,0,0,0,0,0,0,0,1
2021,Odisha,RAYGADA RTO - OR18( 25-DEC-2017 ),14,MAXI CAB,0,0,0,0,0,0,2,2,2,0,0,1,7
2021,Odisha,RAYGADA RTO - OR18( 25-DEC-2017 ),15,M-CYCLE/SCOOTER,806,999,928,899,150,857,888,673,441,"1,062",616,495,"8,814"
2021,Odisha,RAYGADA RTO - OR18( 25-DEC-2017 ),16,MOPED,71,105,101,88,19,88,102,53,56,140,76,59,958
2021,Odisha,RAYGADA RTO - OR18( 25-DEC-2017 ),17,MOTOR CAB,6,5,3,2,0,1,2,7,0,3,3,4,36
2021,Odisha,RAYGADA RTO - OR18( 25-DEC-2017 ),18,MOTOR CAR,47,52,46,36,5,36,34,42,34,36,29,36,433
2021,Odisha,RAYGADA RTO - OR18( 25-DEC-2017 ),19,MOTORISED CYCLE (CC > 25CC),2,3,1,2,0,2,3,3,3,5,1,1,26
2021,Odisha,RAYGADA RTO - OR18( 25-DEC-2017 ),20,OMNI BUS,0,0,1,1,0,0,0,0,0,0,0,0,2
2021,Odisha,RAYGADA RTO - OR18( 25-DEC-2017 ),21,PRIVATE SERVICE VEHICLE,0,0,0,0,0,0,1,0,1,0,0,0,2
2021,Odisha,RAYGADA RTO - OR18( 25-DEC-2017 ),22,THREE WHEELER (GOODS),4,3,3,1,1,1,1,3,1,2,0,0,20
2021,Odisha,RAYGADA RTO - OR18( 25-DEC-2017 ),23,THREE WHEELER (PASSENGER),10,7,15,11,2,1,7,4,5,4,4,5,75
2021,Odisha,RAYGADA RTO - OR18( 25-DEC-2017 ),24,TRACTOR (COMMERCIAL),39,36,46,26,26,13,19,11,4,13,13,11,257
2021,Odisha,RAYGADA RTO - OR18( 25-DEC-2017 ),25,TRACTOR-TROLLEY(COMMERCIAL),3,1,0,1,0,0,0,0,0,0,0,0,5
2021,Odisha,ROURKELA RTO - OR14( 25-DEC-2017 ),1,AGRICULTURAL TRACTOR,14,15,16,10,13,21,47,35,15,7,21,10,224
2021,Odisha,ROURKELA RTO - OR14( 25-DEC-2017 ),2,AMBULANCE,0,1,0,0,0,1,1,0,3,0,0,1,7
2021,Odisha,ROURKELA RTO - OR14( 25-DEC-2017 ),3,ARTICULATED VEHICLE,0,0,0,2,0,0,0,0,0,0,0,0,2
2021,Odisha,ROURKELA RTO - OR14( 25-DEC-2017 ),4,BUS,0,1,4,0,0,1,0,2,2,1,0,1,12
2021,Odisha,ROURKELA RTO - OR14( 25-DEC-2017 ),5,CONSTRUCTION EQUIPMENT VEHICLE,5,16,10,6,6,5,4,6,11,7,7,4,87
2021,Odisha,ROURKELA RTO - OR14( 25-DEC-2017 ),6,CRANE MOUNTED VEHICLE,2,3,6,1,1,2,2,2,0,1,4,1,25
2021,Odisha,ROURKELA RTO - OR14( 25-DEC-2017 ),7,EARTH MOVING EQUIPMENT,0,0,0,0,1,0,1,1,2,0,1,0,6
2021,Odisha,ROURKELA RTO - OR14( 25-DEC-2017 ),8,EDUCATIONAL INSTITUTION BUS,0,0,1,0,0,0,0,0,0,0,0,0,1
2021,Odisha,ROURKELA RTO - OR14( 25-DEC-2017 ),9,E-RICKSHAW WITH CART (G),0,20,0,0,0,0,0,0,1,0,0,0,21
2021,Odisha,ROURKELA RTO - OR14( 25-DEC-2017 ),10,FORK LIFT,2,1,0,1,2,1,0,1,0,0,1,0,9
2021,Odisha,ROURKELA RTO - OR14( 25-DEC-2017 ),11,GOODS CARRIER,158,185,166,156,76,93,84,78,85,69,85,79,"1,314"
2021,Odisha,ROURKELA RTO - OR14( 25-DEC-2017 ),12,MAXI CAB,16,10,9,8,1,8,10,8,6,4,9,4,93
2021,Odisha,ROURKELA RTO - OR14( 25-DEC-2017 ),13,M-CYCLE/SCOOTER,"1,790","1,686","1,567","1,153",120,"1,304","1,494","1,377","1,207","2,221","2,065","1,274","17,258"
2021,Odisha,ROURKELA RTO - OR14( 25-DEC-2017 ),14,M-CYCLE/SCOOTER-WITH SIDE CAR,0,1,0,0,0,0,0,1,0,0,0,0,2
2021,Odisha,ROURKELA RTO - OR14( 25-DEC-2017 ),15,MOBILE CLINIC,1,0,0,0,0,0,0,0,0,0,0,0,1
2021,Odisha,ROURKELA RTO - OR14( 25-DEC-2017 ),16,MOPED,0,0,1,0,0,0,0,2,1,0,1,1,6
2021,Odisha,ROURKELA RTO - OR14( 25-DEC-2017 ),17,MOTOR CAB,2,4,4,4,1,3,8,7,5,7,3,7,55
2021,Odisha,ROURKELA RTO - OR14( 25-DEC-2017 ),18,MOTOR CAR,227,318,292,243,30,252,334,305,260,362,272,291,"3,186"
2021,Odisha,ROURKELA RTO - OR14( 25-DEC-2017 ),19,MOTORISED CYCLE (CC > 25CC),1,0,0,0,0,0,0,0,0,0,0,0,1
2021,Odisha,ROURKELA RTO - OR14( 25-DEC-2017 ),20,OMNI BUS,0,0,1,0,0,0,0,0,0,1,1,0,3
2021,Odisha,ROURKELA RTO - OR14( 25-DEC-2017 ),21,THREE WHEELER (GOODS),9,23,15,11,2,5,31,15,9,15,24,9,168
2021,Odisha,ROURKELA RTO - OR14( 25-DEC-2017 ),22,THREE WHEELER (PASSENGER),21,17,19,11,2,5,9,11,14,19,21,20,169
2021,Odisha,ROURKELA RTO - OR14( 25-DEC-2017 ),23,TRACTOR (COMMERCIAL),14,14,19,15,7,21,24,16,7,10,13,11,171
2021,Odisha,ROURKELA RTO - OR14( 25-DEC-2017 ),24,TRACTOR-TROLLEY(COMMERCIAL),0,0,0,0,0,0,0,0,0,0,0,1,1
2021,Odisha,ROURKELA RTO - OR14( 25-DEC-2017 ),25,TRAILER (COMMERCIAL),1,12,12,10,3,22,13,10,0,4,50,11,148
2021,Odisha,SAMBALPUR RTO - OR15( 04-DEC-2017 ),1,AGRICULTURAL TRACTOR,49,66,73,31,23,83,110,55,60,46,53,46,695
2021,Odisha,SAMBALPUR RTO - OR15( 04-DEC-2017 ),2,AMBULANCE,0,2,0,0,1,1,1,4,3,2,0,6,20
2021,Odisha,SAMBALPUR RTO - OR15( 04-DEC-2017 ),3,ARTICULATED VEHICLE,0,0,0,0,0,0,0,2,2,0,0,6,10
2021,Odisha,SAMBALPUR RTO - OR15( 04-DEC-2017 ),4,BUS,0,0,0,1,4,0,0,2,0,3,2,4,16
2021,Odisha,SAMBALPUR RTO - OR15( 04-DEC-2017 ),5,CAMPER VAN / TRAILER,0,0,0,0,0,1,0,0,0,0,0,0,1
2021,Odisha,SAMBALPUR RTO - OR15( 04-DEC-2017 ),6,CONSTRUCTION EQUIPMENT VEHICLE,22,39,39,15,4,3,7,12,8,13,14,17,193
2021,Odisha,SAMBALPUR RTO - OR15( 04-DEC-2017 ),7,CRANE MOUNTED VEHICLE,4,2,1,1,0,1,5,1,2,3,4,4,28
2021,Odisha,SAMBALPUR RTO - OR15( 04-DEC-2017 ),8,EDUCATIONAL INSTITUTION BUS,0,0,1,0,0,0,0,0,0,0,0,2,3
2021,Odisha,SAMBALPUR RTO - OR15( 04-DEC-2017 ),9,E-RICKSHAW(P),14,0,0,3,0,0,0,0,0,0,0,0,17
2021,Odisha,SAMBALPUR RTO - OR15( 04-DEC-2017 ),10,E-RICKSHAW WITH CART (G),0,0,0,0,0,0,0,0,0,0,0,1,1
2021,Odisha,SAMBALPUR RTO - OR15( 04-DEC-2017 ),11,EXCAVATOR (NT),1,1,0,0,0,0,0,0,0,0,0,0,2
2021,Odisha,SAMBALPUR RTO - OR15( 04-DEC-2017 ),12,FIRE TENDERS,0,0,0,0,0,0,0,1,0,0,0,0,1
2021,Odisha,SAMBALPUR RTO - OR15( 04-DEC-2017 ),13,FORK LIFT,1,2,1,0,0,1,0,0,0,0,0,1,6
2021,Odisha,SAMBALPUR RTO - OR15( 04-DEC-2017 ),14,GOODS CARRIER,63,89,52,45,14,38,58,45,53,72,53,67,649
2021,Odisha,SAMBALPUR RTO - OR15( 04-DEC-2017 ),15,HARVESTER,3,1,2,1,0,0,1,0,1,2,1,0,12
2021,Odisha,SAMBALPUR RTO - OR15( 04-DEC-2017 ),16,HEARSES,0,0,0,0,0,0,0,0,1,0,0,1,2
2021,Odisha,SAMBALPUR RTO - OR15( 04-DEC-2017 ),17,MAXI CAB,2,5,3,2,0,0,1,0,1,2,2,1,19
2021,Odisha,SAMBALPUR RTO - OR15( 04-DEC-2017 ),18,M-CYCLE/SCOOTER,"1,308","1,621","1,535","1,033",235,758,"1,428","1,113",934,"1,426","1,350",800,"13,541"
2021,Odisha,SAMBALPUR RTO - OR15( 04-DEC-2017 ),19,M-CYCLE/SCOOTER-WITH SIDE CAR,1,0,0,1,1,1,0,0,0,0,0,0,4
2021,Odisha,SAMBALPUR RTO - OR15( 04-DEC-2017 ),20,MOPED,70,92,57,43,4,21,72,66,51,85,89,61,711
2021,Odisha,SAMBALPUR RTO - OR15( 04-DEC-2017 ),21,MOTOR CAB,18,12,10,10,4,8,12,19,11,11,21,12,148
2021,Odisha,SAMBALPUR RTO - OR15( 04-DEC-2017 ),22,MOTOR CAR,225,270,272,199,58,137,231,227,201,269,175,190,"2,454"
2021,Odisha,SAMBALPUR RTO - OR15( 04-DEC-2017 ),23,MOTORISED CYCLE (CC > 25CC),2,3,1,0,0,0,4,0,0,1,0,0,11
2021,Odisha,SAMBALPUR RTO - OR15( 04-DEC-2017 ),24,OMNI BUS,0,0,0,0,0,0,0,0,0,1,0,1,2
2021,Odisha,SAMBALPUR RTO - OR15( 04-DEC-2017 ),25,PRIVATE SERVICE VEHICLE,0,0,1,0,0,0,0,0,0,0,1,1,3
2021,Odisha,SONEPUR RTO - OR31( 08-NOV-2017 ),1,AGRICULTURAL TRACTOR,39,57,58,30,22,44,76,54,25,25,37,16,483
2021,Odisha,SONEPUR RTO - OR31( 08-NOV-2017 ),2,AMBULANCE,0,0,0,0,0,0,0,0,0,0,0,1,1
2021,Odisha,SONEPUR RTO - OR31( 08-NOV-2017 ),3,BUS,0,0,0,0,0,0,0,0,0,0,0,1,1
2021,Odisha,SONEPUR RTO - OR31( 08-NOV-2017 ),4,CONSTRUCTION EQUIPMENT VEHICLE,15,10,14,2,0,0,2,8,4,4,0,2,61
2021,Odisha,SONEPUR RTO - OR31( 08-NOV-2017 ),5,CRANE MOUNTED VEHICLE,0,0,0,0,0,0,0,0,0,1,0,0,1
2021,Odisha,SONEPUR RTO - OR31( 08-NOV-2017 ),6,E-RICKSHAW(P),0,0,0,0,0,0,1,0,0,0,0,1,2
2021,Odisha,SONEPUR RTO - OR31( 08-NOV-2017 ),7,E-RICKSHAW WITH CART (G),0,0,0,0,0,0,0,0,1,0,0,0,1
2021,Odisha,SONEPUR RTO - OR31( 08-NOV-2017 ),8,EXCAVATOR (COMMERCIAL),3,3,2,1,0,0,0,0,0,0,0,0,9
2021,Odisha,SONEPUR RTO - OR31( 08-NOV-2017 ),9,EXCAVATOR (NT),1,0,0,0,0,0,0,0,0,0,0,0,1
2021,Odisha,SONEPUR RTO - OR31( 08-NOV-2017 ),10,GOODS CARRIER,7,15,8,20,3,2,7,11,7,8,10,14,112
2021,Odisha,SONEPUR RTO - OR31( 08-NOV-2017 ),11,MAXI CAB,0,1,1,2,0,0,1,0,3,2,0,1,11
2021,Odisha,SONEPUR RTO - OR31( 08-NOV-2017 ),12,M-CYCLE/SCOOTER,778,"1,814","1,542",981,264,656,706,422,377,480,465,316,"8,801"
2021,Odisha,SONEPUR RTO - OR31( 08-NOV-2017 ),13,MOPED,5,6,6,4,0,2,3,3,5,6,3,6,49
2021,Odisha,SONEPUR RTO - OR31( 08-NOV-2017 ),14,MOTOR CAB,0,0,0,1,1,1,0,2,0,0,1,0,6
2021,Odisha,SONEPUR RTO - OR31( 08-NOV-2017 ),15,MOTOR CAR,30,29,20,23,4,9,22,17,20,19,16,12,221
2021,Odisha,SONEPUR RTO - OR31( 08-NOV-2017 ),16,MOTORISED CYCLE (CC > 25CC),7,17,6,20,4,3,13,17,11,13,9,7,127
2021,Odisha,SONEPUR RTO - OR31( 08-NOV-2017 ),17,OMNI BUS,1,0,0,0,0,0,0,0,1,0,0,1,3
2021,Odisha,SONEPUR RTO - OR31( 08-NOV-2017 ),18,PRIVATE SERVICE VEHICLE,0,0,0,0,1,0,0,0,0,0,0,0,1
2021,Odisha,SONEPUR RTO - OR31( 08-NOV-2017 ),19,THREE WHEELER (GOODS),1,2,1,0,0,0,5,0,2,0,2,0,13
2021,Odisha,SONEPUR RTO - OR31( 08-NOV-2017 ),20,THREE WHEELER (PASSENGER),10,7,4,1,1,0,6,3,3,5,7,1,48
2021,Odisha,SONEPUR RTO - OR31( 08-NOV-2017 ),21,TRACTOR (COMMERCIAL),16,20,14,4,1,2,6,10,4,3,2,3,85
2021,Odisha,SONEPUR RTO - OR31( 08-NOV-2017 ),22,TRACTOR-TROLLEY(COMMERCIAL),1,0,2,1,0,0,0,0,0,0,0,0,4
2021,Odisha,SONEPUR RTO - OR31( 08-NOV-2017 ),23,TRAILER (COMMERCIAL),12,25,11,9,0,0,0,3,1,3,10,8,82
2021,Odisha,SUNDERGARH RTO - OR16( 08-NOV-2017 ),1,AGRICULTURAL TRACTOR,24,29,23,20,29,50,61,22,30,17,21,19,345
2021,Odisha,SUNDERGARH RTO - OR16( 08-NOV-2017 ),2,AMBULANCE,1,0,0,0,0,0,0,0,0,2,1,0,4
2021,Odisha,SUNDERGARH RTO - OR16( 08-NOV-2017 ),3,ARTICULATED VEHICLE,0,0,0,0,0,0,0,0,0,0,1,0,1
2021,Odisha,SUNDERGARH RTO - OR16( 08-NOV-2017 ),4,BUS,2,1,2,1,3,0,1,3,0,0,1,3,17
2021,Odisha,SUNDERGARH RTO - OR16( 08-NOV-2017 ),5,CONSTRUCTION EQUIPMENT VEHICLE,12,12,7,5,2,3,1,3,1,1,2,5,54
2021,Odisha,SUNDERGARH RTO - OR16( 08-NOV-2017 ),6,CRANE MOUNTED VEHICLE,0,1,0,0,1,1,0,0,0,0,0,0,3
2021,Odisha,SUNDERGARH RTO - OR16( 08-NOV-2017 ),7,EARTH MOVING EQUIPMENT,0,0,1,0,0,1,0,0,0,0,0,2,4
2021,Odisha,SUNDERGARH RTO - OR16( 08-NOV-2017 ),8,E-RICKSHAW WITH CART (G),0,0,0,0,0,0,0,0,0,1,0,1,2
2021,Odisha,SUNDERGARH RTO - OR16( 08-NOV-2017 ),9,EXCAVATOR (COMMERCIAL),0,0,0,0,1,0,4,0,0,0,0,0,5
2021,Odisha,SUNDERGARH RTO - OR16( 08-NOV-2017 ),10,GOODS CARRIER,20,37,27,40,11,37,54,33,42,71,63,82,517
2021,Odisha,SUNDERGARH RTO - OR16( 08-NOV-2017 ),11,MAXI CAB,6,1,6,2,1,8,8,5,4,4,2,5,52
2021,Odisha,SUNDERGARH RTO - OR16( 08-NOV-2017 ),12,M-CYCLE/SCOOTER,781,721,661,447,45,630,598,513,500,683,884,463,"6,926"
2021,Odisha,SUNDERGARH RTO - OR16( 08-NOV-2017 ),13,MOPED,13,29,18,22,1,17,30,26,24,37,64,9,290
2021,Odisha,SUNDERGARH RTO - OR16( 08-NOV-2017 ),14,MOTOR CAB,0,0,7,1,0,2,0,6,1,1,1,4,23
2021,Odisha,SUNDERGARH RTO - OR16( 08-NOV-2017 ),15,MOTOR CAR,71,72,67,45,4,45,61,56,53,58,64,49,645
2021,Odisha,SUNDERGARH RTO - OR16( 08-NOV-2017 ),16,MOTORISED CYCLE (CC > 25CC),0,0,0,0,0,0,0,0,1,0,0,0,1
2021,Odisha,SUNDERGARH RTO - OR16( 08-NOV-2017 ),17,OMNI BUS,0,0,0,0,0,0,0,2,0,0,0,0,2
2021,Odisha,SUNDERGARH RTO - OR16( 08-NOV-2017 ),18,PRIVATE SERVICE VEHICLE,0,0,0,0,0,0,0,0,0,5,0,0,5
2021,Odisha,SUNDERGARH RTO - OR16( 08-NOV-2017 ),19,THREE WHEELER (GOODS),0,0,1,1,0,1,0,0,2,1,0,0,6
2021,Odisha,SUNDERGARH RTO - OR16( 08-NOV-2017 ),20,THREE WHEELER (PASSENGER),7,2,8,6,1,2,1,5,6,2,1,4,45
2021,Odisha,SUNDERGARH RTO - OR16( 08-NOV-2017 ),21,THREE WHEELER (PERSONAL),0,1,0,0,0,0,0,0,0,0,0,0,1
2021,Odisha,SUNDERGARH RTO - OR16( 08-NOV-2017 ),22,TRACTOR (COMMERCIAL),13,14,20,10,9,18,17,6,6,4,4,1,122
2021,Odisha,SUNDERGARH RTO - OR16( 08-NOV-2017 ),23,TRACTOR-TROLLEY(COMMERCIAL),0,0,7,0,0,0,1,0,1,0,1,3,13
2021,Odisha,SUNDERGARH RTO - OR16( 08-NOV-2017 ),24,TRAILER (COMMERCIAL),6,4,21,22,0,2,12,10,24,20,3,27,151
2021,Odisha,TALCHER RTO - OR35( 25-DEC-2017 ),1,AGRICULTURAL TRACTOR,16,10,6,5,4,5,7,8,5,8,9,6,89
2021,Odisha,TALCHER RTO - OR35( 25-DEC-2017 ),2,AMBULANCE,0,0,0,2,0,0,0,0,0,1,0,0,3
2021,Odisha,TALCHER RTO - OR35( 25-DEC-2017 ),3,ARTICULATED VEHICLE,0,0,0,0,0,0,0,0,0,0,0,1,1
2021,Odisha,TALCHER RTO - OR35( 25-DEC-2017 ),4,BUS,0,2,0,0,0,0,0,0,0,0,0,0,2
2021,Odisha,TALCHER RTO - OR35( 25-DEC-2017 ),5,CONSTRUCTION EQUIPMENT VEHICLE,10,8,16,8,2,1,15,12,20,12,14,11,129
2021,Odisha,TALCHER RTO - OR35( 25-DEC-2017 ),6,CRANE MOUNTED VEHICLE,0,1,2,0,0,0,0,0,3,1,3,0,10
2021,Odisha,TALCHER RTO - OR35( 25-DEC-2017 ),7,EARTH MOVING EQUIPMENT,1,0,0,0,1,0,0,0,0,0,1,0,3
2021,Odisha,TALCHER RTO - OR35( 25-DEC-2017 ),8,E-RICKSHAW WITH CART (G),0,0,0,0,0,0,0,0,0,0,1,0,1
2021,Odisha,TALCHER RTO - OR35( 25-DEC-2017 ),9,EXCAVATOR (COMMERCIAL),0,0,2,1,0,0,0,0,0,0,0,0,3
2021,Odisha,TALCHER RTO - OR35( 25-DEC-2017 ),10,EXCAVATOR (NT),0,0,1,0,0,1,0,0,0,0,0,0,2
2021,Odisha,TALCHER RTO - OR35( 25-DEC-2017 ),11,GOODS CARRIER,105,143,71,52,55,38,45,75,29,49,63,71,796
2021,Odisha,TALCHER RTO - OR35( 25-DEC-2017 ),12,LUXURY CAB,0,0,0,0,0,0,0,0,0,0,0,1,1
2021,Odisha,TALCHER RTO - OR35( 25-DEC-2017 ),13,MAXI CAB,0,0,0,0,0,0,1,0,0,0,0,0,1
2021,Odisha,TALCHER RTO - OR35( 25-DEC-2017 ),14,M-CYCLE/SCOOTER,440,437,473,376,59,320,514,471,348,898,489,297,"5,122"
2021,Odisha,TALCHER RTO - OR35( 25-DEC-2017 ),15,MOPED,6,7,3,2,0,2,9,13,7,17,4,9,79
2021,Odisha,TALCHER RTO - OR35( 25-DEC-2017 ),16,MOTOR CAB,5,2,4,0,0,1,3,5,1,0,4,2,27
2021,Odisha,TALCHER RTO - OR35( 25-DEC-2017 ),17,MOTOR CAR,19,14,22,19,7,7,23,22,22,28,20,17,220
2021,Odisha,TALCHER RTO - OR35( 25-DEC-2017 ),18,MOTORISED CYCLE (CC > 25CC),0,0,1,0,0,0,0,1,0,0,0,0,2
2021,Odisha,TALCHER RTO - OR35( 25-DEC-2017 ),19,OMNI BUS,0,0,0,0,0,0,0,1,0,0,0,0,1
2021,Odisha,TALCHER RTO - OR35( 25-DEC-2017 ),20,THREE WHEELER (GOODS),1,0,0,2,0,0,1,0,0,1,1,3,9
2021,Odisha,TALCHER RTO - OR35( 25-DEC-2017 ),21,THREE WHEELER (PASSENGER),3,4,3,2,1,0,1,0,3,0,0,2,19
2021,Odisha,TALCHER RTO - OR35( 25-DEC-2017 ),22,TRACTOR (COMMERCIAL),4,2,3,2,3,4,1,4,2,1,4,4,34
2021,Odisha,TALCHER RTO - OR35( 25-DEC-2017 ),23,TRACTOR-TROLLEY(COMMERCIAL),0,4,0,0,0,0,0,0,0,0,0,0,4
2021,Odisha,TALCHER RTO - OR35( 25-DEC-2017 ),24,TRAILER (COMMERCIAL),1,5,2,9,0,0,2,1,5,2,3,1,31
0,1,2,3,4,5,6,7,8,9,10,11,12,13,14,15,16,17
2020,Odisha,ANGUL RTO - OR19( 25-DEC-2017 ),1,AGRICULTURAL TRACTOR,2,1,4,0,1,2,3,0,1,22,37,46,119
2020,Odisha,ANGUL RTO - OR19( 25-DEC-2017 ),2,AMBULANCE,2,1,0,0,0,0,1,0,3,1,0,0,8
2020,Odisha,ANGUL RTO - OR19( 25-DEC-2017 ),3,ARTICULATED VEHICLE,0,0,0,0,0,0,0,0,0,0,0,4,4
2020,Odisha,ANGUL RTO - OR19( 25-DEC-2017 ),4,BUS,6,2,3,0,0,0,0,0,1,0,1,1,14
2020,Odisha,ANGUL RTO - OR19( 25-DEC-2017 ),5,CAMPER VAN / TRAILER,0,0,1,0,0,0,0,0,0,0,0,0,1
2020,Odisha,ANGUL RTO - OR19( 25-DEC-2017 ),6,CAMPER VAN / TRAILER (PRIVATE USE),1,0,0,0,0,0,0,0,0,0,1,0,2
2020,Odisha,ANGUL RTO - OR19( 25-DEC-2017 ),7,CONSTRUCTION EQUIPMENT VEHICLE,11,9,14,1,4,14,18,6,15,10,27,13,142
2020,Odisha,ANGUL RTO - OR19( 25-DEC-2017 ),8,CRANE MOUNTED VEHICLE,0,3,2,0,0,2,1,0,4,0,5,1,18
2020,Odisha,ANGUL RTO - OR19( 25-DEC-2017 ),9,EARTH MOVING EQUIPMENT,1,0,1,0,0,0,1,0,0,0,0,0,3
2020,Odisha,ANGUL RTO - OR19( 25-DEC-2017 ),10,EDUCATIONAL INSTITUTION BUS,2,0,0,0,0,0,0,0,0,0,0,0,2
2020,Odisha,ANGUL RTO - OR19( 25-DEC-2017 ),11,E-RICKSHAW(P),0,0,0,0,0,1,0,0,0,0,1,1,3
2020,Odisha,ANGUL RTO - OR19( 25-DEC-2017 ),12,EXCAVATOR (NT),0,0,0,0,0,0,0,0,0,1,0,0,1
2020,Odisha,ANGUL RTO - OR19( 25-DEC-2017 ),13,FORK LIFT,0,0,0,0,0,0,0,3,1,0,0,0,4
2020,Odisha,ANGUL RTO - OR19( 25-DEC-2017 ),14,GOODS CARRIER,91,91,174,5,1,38,42,34,69,68,78,86,777
2020,Odisha,ANGUL RTO - OR19( 25-DEC-2017 ),15,MAXI CAB,5,7,5,1,0,0,0,1,1,0,0,0,20
2020,Odisha,ANGUL RTO - OR19( 25-DEC-2017 ),16,M-CYCLE/SCOOTER,996,"1,049","1,733",16,460,"1,114",931,854,"1,016","2,013","1,450",877,"12,509"
2020,Odisha,ANGUL RTO - OR19( 25-DEC-2017 ),17,M-CYCLE/SCOOTER-WITH SIDE CAR,0,0,0,0,0,1,0,0,0,0,0,0,1
2020,Odisha,ANGUL RTO - OR19( 25-DEC-2017 ),18,MOPED,42,44,32,1,28,42,31,39,56,85,65,55,520
2020,Odisha,ANGUL RTO - OR19( 25-DEC-2017 ),19,MOTOR CAB,21,5,9,1,5,11,16,10,17,5,8,5,113
2020,Odisha,ANGUL RTO - OR19( 25-DEC-2017 ),20,MOTOR CAR,161,119,94,3,51,126,118,142,121,221,160,149,"1,465"
2020,Odisha,ANGUL RTO - OR19( 25-DEC-2017 ),21,MOTORISED CYCLE (CC > 25CC),0,2,1,0,0,0,0,0,1,2,1,0,7
2020,Odisha,ANGUL RTO - OR19( 25-DEC-2017 ),22,OMNI BUS,6,11,10,0,0,0,0,0,1,1,0,4,33
2020,Odisha,ANGUL RTO - OR19( 25-DEC-2017 ),23,PRIVATE SERVICE VEHICLE,0,0,0,0,0,0,0,0,1,0,0,3,4
2020,Odisha,ANGUL RTO - OR19( 25-DEC-2017 ),24,PRIVATE SERVICE VEHICLE (INDIVIDUAL USE),5,0,0,1,0,0,0,0,0,0,0,0,6
2020,Odisha,ANGUL RTO - OR19( 25-DEC-2017 ),25,THREE WHEELER (GOODS),34,14,18,0,4,12,6,12,17,19,15,12,163
2020,Odisha,ARTO BARBIL - OR901( 04-DEC-2017 ),1,AGRICULTURAL TRACTOR,0,0,0,0,0,0,0,0,0,0,2,0,2
2020,Odisha,ARTO BARBIL - OR901( 04-DEC-2017 ),2,AMBULANCE,0,0,0,0,0,0,0,1,0,1,0,0,2
2020,Odisha,ARTO BARBIL - OR901( 04-DEC-2017 ),3,BUS,3,0,1,0,0,0,0,0,0,0,0,0,4
2020,Odisha,ARTO BARBIL - OR901( 04-DEC-2017 ),4,CONSTRUCTION EQUIPMENT VEHICLE,1,6,17,0,0,3,0,11,20,7,6,9,80
2020,Odisha,ARTO BARBIL - OR901( 04-DEC-2017 ),5,CRANE MOUNTED VEHICLE,0,2,0,0,0,0,0,1,1,1,1,0,6
2020,Odisha,ARTO BARBIL - OR901( 04-DEC-2017 ),6,EARTH MOVING EQUIPMENT,0,0,0,0,0,0,0,1,1,0,0,0,2
2020,Odisha,ARTO BARBIL - OR901( 04-DEC-2017 ),7,EXCAVATOR (COMMERCIAL),4,6,10,0,1,1,0,0,1,0,0,0,23
2020,Odisha,ARTO BARBIL - OR901( 04-DEC-2017 ),8,FIRE TENDERS,0,0,0,0,0,0,0,0,1,0,0,0,1
2020,Odisha,ARTO BARBIL - OR901( 04-DEC-2017 ),9,GOODS CARRIER,87,103,178,2,4,5,4,69,86,105,148,180,971
2020,Odisha,ARTO BARBIL - OR901( 04-DEC-2017 ),10,MAXI CAB,3,1,1,0,0,0,0,0,0,1,1,1,8
2020,Odisha,ARTO BARBIL - OR901( 04-DEC-2017 ),11,M-CYCLE/SCOOTER,189,199,236,4,80,235,72,191,313,286,293,196,"2,294"
2020,Odisha,ARTO BARBIL - OR901( 04-DEC-2017 ),12,MOPED,12,6,12,0,8,12,1,20,17,17,14,8,127
2020,Odisha,ARTO BARBIL - OR901( 04-DEC-2017 ),13,MOTOR CAB,5,5,1,0,2,3,6,4,4,8,9,5,52
2020,Odisha,ARTO BARBIL - OR901( 04-DEC-2017 ),14,MOTOR CAR,19,20,13,0,3,14,7,20,23,18,19,20,176
2020,Odisha,ARTO BARBIL - OR901( 04-DEC-2017 ),15,MOTORISED CYCLE (CC > 25CC),49,55,51,3,5,80,53,71,74,30,107,92,670
2020,Odisha,ARTO BARBIL - OR901( 04-DEC-2017 ),16,OMNI BUS,1,0,0,0,0,0,0,1,0,0,0,0,2
2020,Odisha,ARTO BARBIL - OR901( 04-DEC-2017 ),17,PRIVATE SERVICE VEHICLE,0,0,2,0,0,0,0,0,1,0,0,0,3
2020,Odisha,ARTO BARBIL - OR901( 04-DEC-2017 ),18,THREE WHEELER (GOODS),0,2,3,0,0,0,0,3,1,1,1,1,12
2020,Odisha,ARTO BARBIL - OR901( 04-DEC-2017 ),19,THREE WHEELER (PASSENGER),0,3,6,0,0,0,0,0,1,0,0,0,10
2020,Odisha,ARTO BARBIL - OR901( 04-DEC-2017 ),20,TRACTOR (COMMERCIAL),1,1,2,0,0,0,0,0,1,0,0,0,5
2020,Odisha,ARTO BARBIL - OR901( 04-DEC-2017 ),21,TRAILER (COMMERCIAL),0,0,2,2,0,0,0,0,0,0,0,1,5
2020,Odisha,BALASORE RTO - OR1( 07-NOV-2017 ),1,AGRICULTURAL TRACTOR,64,77,33,0,12,111,113,48,52,40,101,120,771
2020,Odisha,BALASORE RTO - OR1( 07-NOV-2017 ),2,AMBULANCE,0,2,0,0,0,0,0,0,0,0,0,1,3
2020,Odisha,BALASORE RTO - OR1( 07-NOV-2017 ),3,BUS,1,3,4,1,0,0,0,0,2,1,0,0,12
2020,Odisha,BALASORE RTO - OR1( 07-NOV-2017 ),4,CONSTRUCTION EQUIPMENT VEHICLE,1,0,1,0,1,2,1,4,0,0,1,6,17
2020,Odisha,BALASORE RTO - OR1( 07-NOV-2017 ),5,CRANE MOUNTED VEHICLE,0,0,1,0,0,0,0,0,0,0,0,0,1
2020,Odisha,BALASORE RTO - OR1( 07-NOV-2017 ),6,DUMPER,15,0,0,0,0,0,0,0,0,0,0,2,17
2020,Odisha,BALASORE RTO - OR1( 07-NOV-2017 ),7,EARTH MOVING EQUIPMENT,1,2,0,0,0,0,0,0,0,0,0,1,4
2020,Odisha,BALASORE RTO - OR1( 07-NOV-2017 ),8,EDUCATIONAL INSTITUTION BUS,0,1,4,0,0,0,0,0,0,0,0,0,5
2020,Odisha,BALASORE RTO - OR1( 07-NOV-2017 ),9,E-RICKSHAW(P),3,1,1,0,0,1,0,0,0,1,1,0,8
2020,Odisha,BALASORE RTO - OR1( 07-NOV-2017 ),10,EXCAVATOR (COMMERCIAL),0,0,0,0,1,1,1,1,0,0,0,0,4
2020,Odisha,BALASORE RTO - OR1( 07-NOV-2017 ),11,GOODS CARRIER,132,133,156,2,6,35,70,72,104,114,99,90,"1,013"
2020,Odisha,BALASORE RTO - OR1( 07-NOV-2017 ),12,HARVESTER,0,0,0,0,0,1,0,0,0,0,0,0,1
2020,Odisha,BALASORE RTO - OR1( 07-NOV-2017 ),13,MAXI CAB,17,9,9,0,0,1,1,1,1,4,7,1,51
2020,Odisha,BALASORE RTO - OR1( 07-NOV-2017 ),14,M-CYCLE/SCOOTER,"2,950","2,444","3,504",23,221,"2,210","2,241","1,869","2,218","3,641","2,768","2,160","26,249"
2020,Odisha,BALASORE RTO - OR1( 07-NOV-2017 ),15,M-CYCLE/SCOOTER-WITH SIDE CAR,3,0,2,0,0,1,2,1,0,0,0,1,10
2020,Odisha,BALASORE RTO - OR1( 07-NOV-2017 ),16,MOPED,110,75,95,10,1,41,86,37,87,72,98,68,780
2020,Odisha,BALASORE RTO - OR1( 07-NOV-2017 ),17,MOTOR CAB,9,7,3,0,2,10,9,9,17,8,11,13,98
2020,Odisha,BALASORE RTO - OR1( 07-NOV-2017 ),18,MOTOR CAR,198,151,132,2,49,128,160,180,203,354,244,270,"2,071"
2020,Odisha,BALASORE RTO - OR1( 07-NOV-2017 ),19,MOTORISED CYCLE (CC > 25CC),26,45,61,1,0,33,48,24,55,58,45,27,423
2020,Odisha,BALASORE RTO - OR1( 07-NOV-2017 ),20,OMNI BUS,1,0,5,0,0,0,1,0,0,0,1,0,8
2020,Odisha,BALASORE RTO - OR1( 07-NOV-2017 ),21,THREE WHEELER (GOODS),38,36,33,0,4,13,24,23,23,22,18,28,262
2020,Odisha,BALASORE RTO - OR1( 07-NOV-2017 ),22,THREE WHEELER (PASSENGER),38,38,52,3,1,3,13,5,13,8,13,4,191
2020,Odisha,BALASORE RTO - OR1( 07-NOV-2017 ),23,TRACTOR (COMMERCIAL),47,37,42,0,4,29,22,25,34,12,3,17,272
2020,Odisha,BALASORE RTO - OR1( 07-NOV-2017 ),24,TRACTOR-TROLLEY(COMMERCIAL),2,0,1,0,0,0,1,2,1,0,0,0,7
2020,Odisha,BALASORE RTO - OR1( 07-NOV-2017 ),25,TRAILER (COMMERCIAL),51,42,43,0,3,26,19,27,35,7,2,8,263
2020,Odisha,BARGARH RTO - OR17( 04-DEC-2017 ),1,ADAPTED VEHICLE,0,0,0,0,0,0,0,0,0,1,0,0,1
2020,Odisha,BARGARH RTO - OR17( 04-DEC-2017 ),2,AGRICULTURAL TRACTOR,97,55,66,2,43,123,179,140,102,117,89,158,"1,171"
2020,Odisha,BARGARH RTO - OR17( 04-DEC-2017 ),3,AMBULANCE,0,0,0,0,0,0,0,1,0,0,0,0,1
2020,Odisha,BARGARH RTO - OR17( 04-DEC-2017 ),4,BUS,7,3,4,0,0,0,0,0,1,0,0,0,15
2020,Odisha,BARGARH RTO - OR17( 04-DEC-2017 ),5,CONSTRUCTION EQUIPMENT VEHICLE,8,4,10,4,1,3,2,2,3,5,6,9,57
2020,Odisha,BARGARH RTO - OR17( 04-DEC-2017 ),6,CRANE MOUNTED VEHICLE,0,0,0,0,1,0,0,0,1,0,0,1,3
2020,Odisha,BARGARH RTO - OR17( 04-DEC-2017 ),7,EARTH MOVING EQUIPMENT,3,0,1,0,0,1,0,0,0,0,0,1,6
2020,Odisha,BARGARH RTO - OR17( 04-DEC-2017 ),8,EDUCATIONAL INSTITUTION BUS,2,2,8,0,0,0,0,0,0,0,0,0,12
2020,Odisha,BARGARH RTO - OR17( 04-DEC-2017 ),9,E-RICKSHAW(P),1,0,0,0,0,0,0,0,0,1,0,0,2
2020,Odisha,BARGARH RTO - OR17( 04-DEC-2017 ),10,GOODS CARRIER,57,77,138,2,3,8,18,28,47,39,53,34,504
2020,Odisha,BARGARH RTO - OR17( 04-DEC-2017 ),11,HARVESTER,6,22,19,0,11,16,5,9,16,2,5,33,144
2020,Odisha,BARGARH RTO - OR17( 04-DEC-2017 ),12,MAXI CAB,4,4,7,1,1,0,0,2,3,5,3,2,32
2020,Odisha,BARGARH RTO - OR17( 04-DEC-2017 ),13,M-CYCLE/SCOOTER,"2,017","2,148","3,934",603,573,"1,352","1,650","1,034","1,292","1,174","1,685","1,229","18,691"
2020,Odisha,BARGARH RTO - OR17( 04-DEC-2017 ),14,M-CYCLE/SCOOTER-WITH SIDE CAR,0,1,4,1,0,0,1,0,0,1,0,1,9
2020,Odisha,BARGARH RTO - OR17( 04-DEC-2017 ),15,MOPED,213,180,243,20,21,121,146,104,159,113,131,161,"1,612"
2020,Odisha,BARGARH RTO - OR17( 04-DEC-2017 ),16,MOTOR CAB,3,6,4,1,0,2,4,1,2,2,0,0,25
2020,Odisha,BARGARH RTO - OR17( 04-DEC-2017 ),17,MOTOR CAR,149,115,112,10,38,68,95,80,87,184,141,131,"1,210"
2020,Odisha,BARGARH RTO - OR17( 04-DEC-2017 ),18,MOTORISED CYCLE (CC > 25CC),0,0,0,0,0,1,0,0,0,0,0,1,2
2020,Odisha,BARGARH RTO - OR17( 04-DEC-2017 ),19,OMNI BUS,3,4,5,0,0,0,0,0,0,0,0,0,12
2020,Odisha,BARGARH RTO - OR17( 04-DEC-2017 ),20,OMNI BUS (PRIVATE USE),3,3,0,0,0,0,0,0,0,0,0,1,7
2020,Odisha,BARGARH RTO - OR17( 04-DEC-2017 ),21,PRIVATE SERVICE VEHICLE,0,0,1,0,0,0,0,0,0,0,0,0,1
2020,Odisha,BARGARH RTO - OR17( 04-DEC-2017 ),22,THREE WHEELER (GOODS),10,12,19,2,0,1,5,6,9,4,3,5,76
2020,Odisha,BARGARH RTO - OR17( 04-DEC-2017 ),23,THREE WHEELER (PASSENGER),30,35,41,17,0,3,5,4,10,6,15,8,174
2020,Odisha,BARGARH RTO - OR17( 04-DEC-2017 ),24,TRACTOR (COMMERCIAL),19,14,20,0,19,16,19,22,29,13,26,13,210
2020,Odisha,BARGARH RTO - OR17( 04-DEC-2017 ),25,TRACTOR-TROLLEY(COMMERCIAL),25,17,22,0,13,19,19,30,32,9,28,7,221
2020,Odisha,BHADRAK RTO - OR22( 04-DEC-2017 ),1,AGRICULTURAL TRACTOR,0,0,1,0,0,2,2,1,2,7,31,57,103
2020,Odisha,BHADRAK RTO - OR22( 04-DEC-2017 ),2,AMBULANCE,0,0,1,0,0,0,0,0,0,0,0,0,1
2020,Odisha,BHADRAK RTO - OR22( 04-DEC-2017 ),3,BUS,2,3,5,0,0,0,0,0,0,0,0,0,10
2020,Odisha,BHADRAK RTO - OR22( 04-DEC-2017 ),4,CONSTRUCTION EQUIPMENT VEHICLE,0,0,1,0,0,1,8,2,1,1,4,3,21
2020,Odisha,BHADRAK RTO - OR22( 04-DEC-2017 ),5,CRANE MOUNTED VEHICLE,0,0,0,0,0,1,4,0,0,2,0,0,7
2020,Odisha,BHADRAK RTO - OR22( 04-DEC-2017 ),6,EARTH MOVING EQUIPMENT,0,0,0,0,0,0,0,0,0,0,0,1,1
2020,Odisha,BHADRAK RTO - OR22( 04-DEC-2017 ),7,EDUCATIONAL INSTITUTION BUS,0,1,2,0,0,0,0,0,0,0,0,0,3
2020,Odisha,BHADRAK RTO - OR22( 04-DEC-2017 ),8,E-RICKSHAW(P),3,7,0,0,0,0,0,0,0,0,0,0,10
2020,Odisha,BHADRAK RTO - OR22( 04-DEC-2017 ),9,EXCAVATOR (COMMERCIAL),0,0,1,0,0,0,0,0,0,0,0,0,1
2020,Odisha,BHADRAK RTO - OR22( 04-DEC-2017 ),10,GOODS CARRIER,59,56,66,0,1,10,9,17,28,28,33,31,338
2020,Odisha,BHADRAK RTO - OR22( 04-DEC-2017 ),11,MAXI CAB,4,0,0,0,0,0,0,2,0,0,0,1,7
2020,Odisha,BHADRAK RTO - OR22( 04-DEC-2017 ),12,M-CYCLE/SCOOTER,"1,505","1,498","1,937",7,86,"1,112",899,836,"1,149","1,898","1,772","1,138","13,837"
2020,Odisha,BHADRAK RTO - OR22( 04-DEC-2017 ),13,M-CYCLE/SCOOTER-WITH SIDE CAR,2,1,0,0,0,2,0,0,0,0,1,1,7
2020,Odisha,BHADRAK RTO - OR22( 04-DEC-2017 ),14,MOPED,48,58,59,0,5,39,29,32,66,57,69,51,513
2020,Odisha,BHADRAK RTO - OR22( 04-DEC-2017 ),15,MOTOR CAB,2,4,2,0,0,1,9,3,3,3,2,3,32
2020,Odisha,BHADRAK RTO - OR22( 04-DEC-2017 ),16,MOTOR CAR,39,34,21,0,8,33,35,30,54,61,42,40,397
2020,Odisha,BHADRAK RTO - OR22( 04-DEC-2017 ),17,MOTOR CYCLE/SCOOTER-USED FOR HIRE,0,0,0,0,0,0,0,0,0,0,0,1,1
2020,Odisha,BHADRAK RTO - OR22( 04-DEC-2017 ),18,MOTORISED CYCLE (CC > 25CC),0,0,1,0,0,1,0,0,0,0,0,0,2
2020,Odisha,BHADRAK RTO - OR22( 04-DEC-2017 ),19,PRIVATE SERVICE VEHICLE (INDIVIDUAL USE),0,0,0,0,0,0,0,0,0,1,0,0,1
2020,Odisha,BHADRAK RTO - OR22( 04-DEC-2017 ),20,THREE WHEELER (GOODS),34,31,25,3,2,16,24,34,38,22,24,27,280
2020,Odisha,BHADRAK RTO - OR22( 04-DEC-2017 ),21,THREE WHEELER (PASSENGER),38,38,37,3,0,8,11,4,14,9,8,5,175
2020,Odisha,BHADRAK RTO - OR22( 04-DEC-2017 ),22,TRACTOR (COMMERCIAL),63,51,54,0,0,35,41,53,44,6,9,15,371
2020,Odisha,BHADRAK RTO - OR22( 04-DEC-2017 ),23,TRACTOR-TROLLEY(COMMERCIAL),0,0,0,0,0,0,0,0,0,3,0,0,3
2020,Odisha,BHADRAK RTO - OR22( 04-DEC-2017 ),24,TRAILER (COMMERCIAL),39,38,43,0,0,25,11,22,25,3,11,13,230
2020,Odisha,BHANJANAGAR RTO - OR32( 04-DEC-2017 ),1,ADAPTED VEHICLE,0,0,0,0,0,0,0,0,0,0,0,1,1
2020,Odisha,BHANJANAGAR RTO - OR32( 04-DEC-2017 ),2,AGRICULTURAL TRACTOR,0,0,0,0,0,0,0,0,0,5,15,15,35
2020,Odisha,BHANJANAGAR RTO - OR32( 04-DEC-2017 ),3,AMBULANCE,0,0,1,0,0,0,0,0,0,0,0,0,1
2020,Odisha,BHANJANAGAR RTO - OR32( 04-DEC-2017 ),4,BUS,1,1,0,0,0,0,0,0,0,0,0,0,2
2020,Odisha,BHANJANAGAR RTO - OR32( 04-DEC-2017 ),5,CONSTRUCTION EQUIPMENT VEHICLE,0,0,2,0,0,0,0,0,0,0,0,0,2
2020,Odisha,BHANJANAGAR RTO - OR32( 04-DEC-2017 ),6,EDUCATIONAL INSTITUTION BUS,1,0,0,0,0,0,0,0,0,0,0,0,1
2020,Odisha,BHANJANAGAR RTO - OR32( 04-DEC-2017 ),7,EXCAVATOR (COMMERCIAL),3,1,7,0,0,0,0,3,1,0,0,0,15
2020,Odisha,BHANJANAGAR RTO - OR32( 04-DEC-2017 ),8,GOODS CARRIER,17,11,14,0,0,4,2,2,9,16,6,5,86
2020,Odisha,BHANJANAGAR RTO - OR32( 04-DEC-2017 ),9,MAXI CAB,3,3,4,0,0,0,0,0,1,0,2,1,14
2020,Odisha,BHANJANAGAR RTO - OR32( 04-DEC-2017 ),10,M-CYCLE/SCOOTER,649,860,876,1,158,410,201,435,571,714,619,450,"5,944"
2020,Odisha,BHANJANAGAR RTO - OR32( 04-DEC-2017 ),11,M-CYCLE/SCOOTER-WITH SIDE CAR,0,0,0,0,0,0,0,0,0,0,1,0,1
2020,Odisha,BHANJANAGAR RTO - OR32( 04-DEC-2017 ),12,MOPED,122,99,106,0,113,182,66,243,140,164,102,61,"1,398"
2020,Odisha,BHANJANAGAR RTO - OR32( 04-DEC-2017 ),13,MOTOR CAB,4,0,0,0,0,0,0,1,0,1,2,2,10
2020,Odisha,BHANJANAGAR RTO - OR32( 04-DEC-2017 ),14,MOTOR CAR,11,10,9,0,2,2,4,2,4,26,15,14,99
2020,Odisha,BHANJANAGAR RTO - OR32( 04-DEC-2017 ),15,MOTORISED CYCLE (CC > 25CC),2,4,4,0,0,0,1,0,2,6,1,2,22
2020,Odisha,BHANJANAGAR RTO - OR32( 04-DEC-2017 ),16,THREE WHEELER (GOODS),8,11,5,0,3,4,2,3,14,10,5,3,68
2020,Odisha,BHANJANAGAR RTO - OR32( 04-DEC-2017 ),17,THREE WHEELER (PASSENGER),13,20,9,0,1,0,0,4,8,11,6,7,79
2020,Odisha,BHANJANAGAR RTO - OR32( 04-DEC-2017 ),18,TRACTOR (COMMERCIAL),10,18,10,0,3,3,0,0,21,2,4,5,76
2020,Odisha,BHANJANAGAR RTO - OR32( 04-DEC-2017 ),19,TRAILER (COMMERCIAL),6,14,7,0,1,4,0,0,16,0,0,1,49
2020,Odisha,BHANJANAGAR RTO - OR32( 04-DEC-2017 ),20,VEHICLE FITTED WITH COMPRESSOR,0,0,0,0,0,0,0,0,0,0,0,1,1
2020,Odisha,BHUBANESWAR-II RTO - OR33( 23-OCT-2017 ),1,ADAPTED VEHICLE,0,1,0,0,0,0,0,0,0,0,0,0,1
2020,Odisha,BHUBANESWAR-II RTO - OR33( 23-OCT-2017 ),2,AGRICULTURAL TRACTOR,11,21,19,2,8,16,34,27,7,4,9,12,170
2020,Odisha,BHUBANESWAR-II RTO - OR33( 23-OCT-2017 ),3,AMBULANCE,2,3,2,0,0,5,2,1,2,0,1,1,19
2020,Odisha,BHUBANESWAR-II RTO - OR33( 23-OCT-2017 ),4,BUS,0,1,3,2,0,0,0,0,0,0,0,0,6
2020,Odisha,BHUBANESWAR-II RTO - OR33( 23-OCT-2017 ),5,CONSTRUCTION EQUIPMENT VEHICLE,5,8,2,7,14,6,13,5,10,23,21,41,155
2020,Odisha,BHUBANESWAR-II RTO - OR33( 23-OCT-2017 ),6,CRANE MOUNTED VEHICLE,0,0,1,0,0,0,1,2,0,0,2,0,6
2020,Odisha,BHUBANESWAR-II RTO - OR33( 23-OCT-2017 ),7,DUMPER,0,0,0,0,0,0,0,0,0,0,0,1,1
2020,Odisha,BHUBANESWAR-II RTO - OR33( 23-OCT-2017 ),8,EARTH MOVING EQUIPMENT,0,1,0,0,0,0,0,0,0,0,0,0,1
2020,Odisha,BHUBANESWAR-II RTO - OR33( 23-OCT-2017 ),9,EDUCATIONAL INSTITUTION BUS,0,5,0,0,0,0,0,0,0,0,0,0,5
2020,Odisha,BHUBANESWAR-II RTO - OR33( 23-OCT-2017 ),10,E-RICKSHAW(P),5,2,2,0,0,2,0,0,0,1,1,0,13
2020,Odisha,BHUBANESWAR-II RTO - OR33( 23-OCT-2017 ),11,E-RICKSHAW WITH CART (G),1,2,1,0,0,1,0,3,1,1,1,5,16
2020,Odisha,BHUBANESWAR-II RTO - OR33( 23-OCT-2017 ),12,EXCAVATOR (COMMERCIAL),0,0,1,0,0,0,0,0,0,0,0,0,1
2020,Odisha,BHUBANESWAR-II RTO - OR33( 23-OCT-2017 ),13,EXCAVATOR (NT),0,4,0,0,0,0,0,0,0,0,0,0,4
2020,Odisha,BHUBANESWAR-II RTO - OR33( 23-OCT-2017 ),14,FIRE FIGHTING VEHICLE,0,0,2,0,0,0,0,0,0,0,0,0,2
2020,Odisha,BHUBANESWAR-II RTO - OR33( 23-OCT-2017 ),15,FORK LIFT,0,0,1,0,0,0,0,0,0,0,0,0,1
2020,Odisha,BHUBANESWAR-II RTO - OR33( 23-OCT-2017 ),16,GOODS CARRIER,53,72,108,0,3,15,21,25,37,34,48,53,469
2020,Odisha,BHUBANESWAR-II RTO - OR33( 23-OCT-2017 ),17,HARVESTER,0,0,0,0,0,0,0,0,13,0,0,0,13
2020,Odisha,BHUBANESWAR-II RTO - OR33( 23-OCT-2017 ),18,MAXI CAB,12,13,10,0,0,1,3,1,1,1,1,0,43
2020,Odisha,BHUBANESWAR-II RTO - OR33( 23-OCT-2017 ),19,M-CYCLE/SCOOTER,"1,872","1,771","2,235",41,411,"1,200",744,"1,423","1,302","2,211","1,545","1,264","16,019"
2020,Odisha,BHUBANESWAR-II RTO - OR33( 23-OCT-2017 ),20,M-CYCLE/SCOOTER-WITH SIDE CAR,0,0,1,0,0,0,0,0,0,0,0,0,1
2020,Odisha,BHUBANESWAR-II RTO - OR33( 23-OCT-2017 ),21,MOPED,32,22,21,0,18,32,21,29,26,43,24,15,283
2020,Odisha,BHUBANESWAR-II RTO - OR33( 23-OCT-2017 ),22,MOTOR CAB,54,47,28,0,2,23,12,11,19,10,10,5,221
2020,Odisha,BHUBANESWAR-II RTO - OR33( 23-OCT-2017 ),23,MOTOR CAR,431,284,249,4,75,216,170,268,326,352,170,146,"2,691"
2020,Odisha,BHUBANESWAR-II RTO - OR33( 23-OCT-2017 ),24,MOTOR CYCLE/SCOOTER-USED FOR HIRE,2,7,1,1,1,0,0,0,1,1,2,1,17
2020,Odisha,BHUBANESWAR-II RTO - OR33( 23-OCT-2017 ),25,MOTORISED CYCLE (CC > 25CC),1,0,0,0,0,0,0,0,0,0,0,0,1
2020,Odisha,BHUBANESWAR RTO - OR2( 22-JAN-2018 ),1,AGRICULTURAL TRACTOR,10,9,8,0,7,24,12,45,34,27,33,43,252
2020,Odisha,BHUBANESWAR RTO - OR2( 22-JAN-2018 ),2,AMBULANCE,56,74,229,0,6,1,5,3,7,5,92,5,483
2020,Odisha,BHUBANESWAR RTO - OR2( 22-JAN-2018 ),3,BUS,10,4,39,0,0,0,0,0,0,0,0,0,53
2020,Odisha,BHUBANESWAR RTO - OR2( 22-JAN-2018 ),4,CONSTRUCTION EQUIPMENT VEHICLE,3,6,14,0,3,2,4,5,17,7,7,14,82
2020,Odisha,BHUBANESWAR RTO - OR2( 22-JAN-2018 ),5,CRANE MOUNTED VEHICLE,0,1,1,0,0,0,0,0,0,0,0,1,3
2020,Odisha,BHUBANESWAR RTO - OR2( 22-JAN-2018 ),6,EARTH MOVING EQUIPMENT,0,0,1,0,0,0,0,0,1,1,0,0,3
2020,Odisha,BHUBANESWAR RTO - OR2( 22-JAN-2018 ),7,EDUCATIONAL INSTITUTION BUS,4,2,6,0,0,0,0,2,0,0,0,0,14
2020,Odisha,BHUBANESWAR RTO - OR2( 22-JAN-2018 ),8,E-RICKSHAW(P),1,0,1,0,1,0,0,0,0,1,0,2,6
2020,Odisha,BHUBANESWAR RTO - OR2( 22-JAN-2018 ),9,E-RICKSHAW WITH CART (G),0,0,0,0,0,0,0,3,20,2,0,2,27
2020,Odisha,BHUBANESWAR RTO - OR2( 22-JAN-2018 ),10,EXCAVATOR (NT),0,1,0,0,0,0,0,0,0,0,0,0,1
2020,Odisha,BHUBANESWAR RTO - OR2( 22-JAN-2018 ),11,GOODS CARRIER,227,199,260,3,12,36,69,102,164,174,195,148,"1,589"
2020,Odisha,BHUBANESWAR RTO - OR2( 22-JAN-2018 ),12,HARVESTER,1,0,0,0,0,0,0,0,0,0,0,0,1
2020,Odisha,BHUBANESWAR RTO - OR2( 22-JAN-2018 ),13,LUXURY CAB,0,0,0,0,0,1,0,0,0,0,0,0,1
2020,Odisha,BHUBANESWAR RTO - OR2( 22-JAN-2018 ),14,MAXI CAB,28,24,16,0,0,3,0,2,8,7,11,10,109
2020,Odisha,BHUBANESWAR RTO - OR2( 22-JAN-2018 ),15,M-CYCLE/SCOOTER,"3,223","3,021","3,675",48,793,"1,928","1,324","2,045","2,422","3,973","4,114","3,082","29,648"
2020,Odisha,BHUBANESWAR RTO - OR2( 22-JAN-2018 ),16,M-CYCLE/SCOOTER-WITH SIDE CAR,0,0,1,0,0,0,0,0,1,0,0,1,3
2020,Odisha,BHUBANESWAR RTO - OR2( 22-JAN-2018 ),17,MOPED,140,151,156,0,80,110,85,125,160,244,213,127,"1,591"
2020,Odisha,BHUBANESWAR RTO - OR2( 22-JAN-2018 ),18,MOTOR CAB,129,93,66,2,19,50,33,31,49,72,103,107,754
2020,Odisha,BHUBANESWAR RTO - OR2( 22-JAN-2018 ),19,MOTOR CAR,"1,586","1,309","1,089",11,364,"1,052",925,"1,251","1,391","2,458","2,465","2,340","16,241"
2020,Odisha,BHUBANESWAR RTO - OR2( 22-JAN-2018 ),20,MOTOR CYCLE/SCOOTER-USED FOR HIRE,3,6,1,0,0,1,0,3,1,4,5,1,25
2020,Odisha,BHUBANESWAR RTO - OR2( 22-JAN-2018 ),21,MOTORISED CYCLE (CC > 25CC),56,62,59,1,24,67,50,52,47,100,106,146,770
2020,Odisha,BHUBANESWAR RTO - OR2( 22-JAN-2018 ),22,OMNI BUS,10,15,8,0,0,0,0,0,0,0,0,1,34
2020,Odisha,BHUBANESWAR RTO - OR2( 22-JAN-2018 ),23,OMNI BUS (PRIVATE USE),0,2,2,0,0,0,2,0,1,0,0,2,9
2020,Odisha,BHUBANESWAR RTO - OR2( 22-JAN-2018 ),24,PRIVATE SERVICE VEHICLE,1,1,0,0,0,0,0,0,0,0,0,2,4
2020,Odisha,BHUBANESWAR RTO - OR2( 22-JAN-2018 ),25,PRIVATE SERVICE VEHICLE (INDIVIDUAL USE),3,0,0,0,0,0,0,3,0,0,0,0,6
2020,Odisha,BOLANGIR RTO - OR3( 25-DEC-2017 ),1,AGRICULTURAL TRACTOR,44,15,19,0,0,4,18,6,32,28,71,70,307
2020,Odisha,BOLANGIR RTO - OR3( 25-DEC-2017 ),2,AMBULANCE,3,0,1,0,0,0,0,0,0,0,0,0,4
2020,Odisha,BOLANGIR RTO - OR3( 25-DEC-2017 ),3,BUS,2,2,6,0,0,0,0,0,0,0,0,0,10
2020,Odisha,BOLANGIR RTO - OR3( 25-DEC-2017 ),4,CONSTRUCTION EQUIPMENT VEHICLE,6,7,10,2,0,2,7,2,5,2,5,9,57
2020,Odisha,BOLANGIR RTO - OR3( 25-DEC-2017 ),5,CRANE MOUNTED VEHICLE,2,0,0,0,0,0,0,0,0,0,0,0,2
2020,Odisha,BOLANGIR RTO - OR3( 25-DEC-2017 ),6,EARTH MOVING EQUIPMENT,0,2,2,1,0,2,1,0,1,0,0,2,11
2020,Odisha,BOLANGIR RTO - OR3( 25-DEC-2017 ),7,EDUCATIONAL INSTITUTION BUS,1,4,10,0,0,1,0,0,0,0,0,0,16
2020,Odisha,BOLANGIR RTO - OR3( 25-DEC-2017 ),8,E-RICKSHAW(P),0,0,0,0,0,0,1,0,0,0,0,0,1
2020,Odisha,BOLANGIR RTO - OR3( 25-DEC-2017 ),9,EXCAVATOR (COMMERCIAL),0,0,0,1,0,0,0,0,0,0,0,0,1
2020,Odisha,BOLANGIR RTO - OR3( 25-DEC-2017 ),10,EXCAVATOR (NT),0,0,0,0,0,0,0,0,0,0,0,1,1
2020,Odisha,BOLANGIR RTO - OR3( 25-DEC-2017 ),11,FIRE TENDERS,0,0,2,0,0,0,0,0,0,0,0,0,2
2020,Odisha,BOLANGIR RTO - OR3( 25-DEC-2017 ),12,GOODS CARRIER,73,90,125,4,3,29,36,31,30,56,39,47,563
2020,Odisha,BOLANGIR RTO - OR3( 25-DEC-2017 ),13,LUXURY CAB,0,0,0,0,0,0,0,0,0,1,0,0,1
2020,Odisha,BOLANGIR RTO - OR3( 25-DEC-2017 ),14,MAXI CAB,13,16,20,0,4,4,6,6,5,7,4,6,91
2020,Odisha,BOLANGIR RTO - OR3( 25-DEC-2017 ),15,M-CYCLE/SCOOTER,"1,646","2,499","6,274",95,383,"1,095","1,336",761,"1,012","1,217","1,963","1,813","20,094"
2020,Odisha,BOLANGIR RTO - OR3( 25-DEC-2017 ),16,M-CYCLE/SCOOTER-WITH SIDE CAR,0,0,1,0,0,0,0,0,0,0,0,0,1
2020,Odisha,BOLANGIR RTO - OR3( 25-DEC-2017 ),17,MOPED,144,157,243,5,45,88,112,58,142,134,178,149,"1,455"
2020,Odisha,BOLANGIR RTO - OR3( 25-DEC-2017 ),18,MOTOR CAB,1,1,3,0,0,2,1,1,3,3,3,3,21
2020,Odisha,BOLANGIR RTO - OR3( 25-DEC-2017 ),19,MOTOR CAR,118,119,104,4,24,58,78,80,87,131,125,148,"1,076"
2020,Odisha,BOLANGIR RTO - OR3( 25-DEC-2017 ),20,MOTOR CYCLE/SCOOTER-USED FOR HIRE,0,0,0,0,0,0,1,0,0,0,0,0,1
2020,Odisha,BOLANGIR RTO - OR3( 25-DEC-2017 ),21,MOTORISED CYCLE (CC > 25CC),14,8,2,1,3,5,6,5,8,3,4,22,81
2020,Odisha,BOLANGIR RTO - OR3( 25-DEC-2017 ),22,OMNI BUS,0,2,1,0,0,0,0,0,0,0,1,0,4
2020,Odisha,BOLANGIR RTO - OR3( 25-DEC-2017 ),23,OMNI BUS (PRIVATE USE),3,1,0,0,0,0,0,0,0,0,0,0,4
2020,Odisha,BOLANGIR RTO - OR3( 25-DEC-2017 ),24,ROAD ROLLER,0,0,0,0,0,0,1,0,0,0,0,0,1
2020,Odisha,BOLANGIR RTO - OR3( 25-DEC-2017 ),25,THREE WHEELER (GOODS),8,4,12,1,0,2,1,3,4,4,6,2,47
2020,Odisha,BOUDH RTO - OR27( 23-OCT-2017 ),1,AGRICULTURAL TRACTOR,0,0,0,0,0,0,0,0,0,15,13,27,55
2020,Odisha,BOUDH RTO - OR27( 23-OCT-2017 ),2,AMBULANCE,0,1,0,0,0,0,0,0,0,0,0,0,1
2020,Odisha,BOUDH RTO - OR27( 23-OCT-2017 ),3,CONSTRUCTION EQUIPMENT VEHICLE,1,1,1,1,1,0,5,1,2,0,2,0,15
2020,Odisha,BOUDH RTO - OR27( 23-OCT-2017 ),4,CRANE MOUNTED VEHICLE,0,0,1,0,0,0,0,0,0,0,0,0,1
2020,Odisha,BOUDH RTO - OR27( 23-OCT-2017 ),5,DUMPER,0,0,2,0,0,0,0,0,0,0,0,0,2
2020,Odisha,BOUDH RTO - OR27( 23-OCT-2017 ),6,EARTH MOVING EQUIPMENT,0,1,0,0,0,0,0,0,0,0,0,0,1
2020,Odisha,BOUDH RTO - OR27( 23-OCT-2017 ),7,EDUCATIONAL INSTITUTION BUS,0,1,1,0,0,0,0,0,0,0,0,0,2
2020,Odisha,BOUDH RTO - OR27( 23-OCT-2017 ),8,EXCAVATOR (COMMERCIAL),0,1,0,0,0,0,0,0,1,0,0,0,2
2020,Odisha,BOUDH RTO - OR27( 23-OCT-2017 ),9,GOODS CARRIER,8,14,18,2,0,0,2,5,1,7,7,6,70
2020,Odisha,BOUDH RTO - OR27( 23-OCT-2017 ),10,LUXURY CAB,0,0,0,1,0,0,0,0,0,0,0,0,1
2020,Odisha,BOUDH RTO - OR27( 23-OCT-2017 ),11,MAXI CAB,2,1,0,0,0,0,0,0,1,0,0,1,5
2020,Odisha,BOUDH RTO - OR27( 23-OCT-2017 ),12,M-CYCLE/SCOOTER,456,871,959,13,132,296,321,246,260,421,343,266,"4,584"
2020,Odisha,BOUDH RTO - OR27( 23-OCT-2017 ),13,MOPED,1,0,1,0,0,0,0,0,0,0,0,0,2
2020,Odisha,BOUDH RTO - OR27( 23-OCT-2017 ),14,MOTOR CAB,0,0,2,0,0,0,1,0,0,1,1,2,7
2020,Odisha,BOUDH RTO - OR27( 23-OCT-2017 ),15,MOTOR CAR,3,8,8,0,2,6,5,3,7,19,13,11,85
2020,Odisha,BOUDH RTO - OR27( 23-OCT-2017 ),16,MOTORISED CYCLE (CC > 25CC),0,0,0,0,0,0,0,1,1,0,0,0,2
2020,Odisha,BOUDH RTO - OR27( 23-OCT-2017 ),17,PRIVATE SERVICE VEHICLE (INDIVIDUAL USE),0,0,1,0,0,0,0,0,0,0,0,0,1
2020,Odisha,BOUDH RTO - OR27( 23-OCT-2017 ),18,THREE WHEELER (GOODS),0,2,1,0,0,4,3,0,0,1,0,2,13
2020,Odisha,BOUDH RTO - OR27( 23-OCT-2017 ),19,THREE WHEELER (PASSENGER),6,6,8,0,2,2,2,0,2,3,3,2,36
2020,Odisha,BOUDH RTO - OR27( 23-OCT-2017 ),20,TRACTOR (COMMERCIAL),14,29,27,2,6,30,28,18,22,44,3,4,227
2020,Odisha,BOUDH RTO - OR27( 23-OCT-2017 ),21,TRACTOR-TROLLEY(COMMERCIAL),5,12,9,0,0,1,0,0,0,4,0,2,33
2020,Odisha,BOUDH RTO - OR27( 23-OCT-2017 ),22,TRAILER (COMMERCIAL),0,1,6,0,2,9,8,1,2,4,1,12,46
2020,Odisha,CHANDIKHOLE RTO - OR4( 23-OCT-2017 ),1,AGRICULTURAL TRACTOR,11,14,13,1,0,6,28,6,7,16,31,22,155
2020,Odisha,CHANDIKHOLE RTO - OR4( 23-OCT-2017 ),2,AMBULANCE,0,0,0,0,0,0,0,0,0,0,0,1,1
2020,Odisha,CHANDIKHOLE RTO - OR4( 23-OCT-2017 ),3,ARTICULATED VEHICLE,3,10,23,0,0,0,0,0,0,0,0,0,36
2020,Odisha,CHANDIKHOLE RTO - OR4( 23-OCT-2017 ),4,BUS,4,2,4,0,0,0,0,0,1,0,0,1,12
2020,Odisha,CHANDIKHOLE RTO - OR4( 23-OCT-2017 ),5,CONSTRUCTION EQUIPMENT VEHICLE,1,2,9,0,0,1,3,4,2,0,4,5,31
2020,Odisha,CHANDIKHOLE RTO - OR4( 23-OCT-2017 ),6,CRANE MOUNTED VEHICLE,1,2,2,0,0,1,0,1,0,0,1,3,11
2020,Odisha,CHANDIKHOLE RTO - OR4( 23-OCT-2017 ),7,DUMPER,0,0,0,2,0,0,0,0,0,0,0,0,2
2020,Odisha,CHANDIKHOLE RTO - OR4( 23-OCT-2017 ),8,EARTH MOVING EQUIPMENT,0,0,3,0,0,1,0,1,0,0,0,0,5
2020,Odisha,CHANDIKHOLE RTO - OR4( 23-OCT-2017 ),9,EDUCATIONAL INSTITUTION BUS,0,0,0,2,0,0,0,0,0,0,0,0,2
2020,Odisha,CHANDIKHOLE RTO - OR4( 23-OCT-2017 ),10,EXCAVATOR (COMMERCIAL),1,2,1,0,0,1,1,1,1,0,0,0,8
2020,Odisha,CHANDIKHOLE RTO - OR4( 23-OCT-2017 ),11,FORK LIFT,0,0,1,0,0,0,0,0,0,0,0,0,1
2020,Odisha,CHANDIKHOLE RTO - OR4( 23-OCT-2017 ),12,GOODS CARRIER,94,105,166,14,0,5,17,21,39,87,98,78,724
2020,Odisha,CHANDIKHOLE RTO - OR4( 23-OCT-2017 ),13,HARVESTER,1,0,0,0,0,0,0,0,0,0,0,0,1
2020,Odisha,CHANDIKHOLE RTO - OR4( 23-OCT-2017 ),14,MAXI CAB,3,0,0,0,0,0,1,0,0,0,1,0,5
2020,Odisha,CHANDIKHOLE RTO - OR4( 23-OCT-2017 ),15,M-CYCLE/SCOOTER,"1,029",952,"1,208",17,79,636,487,715,690,"1,252",987,629,"8,681"
2020,Odisha,CHANDIKHOLE RTO - OR4( 23-OCT-2017 ),16,MOPED,46,49,73,0,7,36,34,40,46,51,44,42,468
2020,Odisha,CHANDIKHOLE RTO - OR4( 23-OCT-2017 ),17,MOTOR CAB,1,5,1,0,1,4,0,14,2,1,1,2,32
2020,Odisha,CHANDIKHOLE RTO - OR4( 23-OCT-2017 ),18,MOTOR CAR,17,14,17,1,0,8,16,12,27,38,32,30,212
2020,Odisha,CHANDIKHOLE RTO - OR4( 23-OCT-2017 ),19,MOTOR CYCLE/SCOOTER-USED FOR HIRE,0,0,0,0,0,0,0,0,0,1,0,0,1
2020,Odisha,CHANDIKHOLE RTO - OR4( 23-OCT-2017 ),20,OMNI BUS,1,0,1,0,0,0,0,0,0,1,0,0,3
2020,Odisha,CHANDIKHOLE RTO - OR4( 23-OCT-2017 ),21,PRIVATE SERVICE VEHICLE,0,1,1,0,0,0,0,0,0,0,0,1,3
2020,Odisha,CHANDIKHOLE RTO - OR4( 23-OCT-2017 ),22,THREE WHEELER (GOODS),11,15,8,0,7,6,7,11,16,20,17,15,133
2020,Odisha,CHANDIKHOLE RTO - OR4( 23-OCT-2017 ),23,THREE WHEELER (PASSENGER),11,13,15,0,0,1,2,3,9,5,2,1,62
2020,Odisha,CHANDIKHOLE RTO - OR4( 23-OCT-2017 ),24,TRACTOR (COMMERCIAL),22,17,20,0,0,3,35,21,26,18,12,13,187
2020,Odisha,CHANDIKHOLE RTO - OR4( 23-OCT-2017 ),25,TRACTOR-TROLLEY(COMMERCIAL),0,0,0,0,0,0,0,0,0,7,5,1,13
2020,Odisha,CUTTACK RTO - OR5( 31-MAY-2017 ),1,AGRICULTURAL TRACTOR,22,14,21,0,15,27,26,48,25,13,27,51,289
2020,Odisha,CUTTACK RTO - OR5( 31-MAY-2017 ),2,AMBULANCE,8,5,3,0,0,3,1,5,6,9,6,5,51
2020,Odisha,CUTTACK RTO - OR5( 31-MAY-2017 ),3,BUS,10,12,18,12,0,0,0,0,3,0,1,2,58
2020,Odisha,CUTTACK RTO - OR5( 31-MAY-2017 ),4,CONSTRUCTION EQUIPMENT VEHICLE,5,8,5,0,4,2,3,8,4,5,6,5,55
2020,Odisha,CUTTACK RTO - OR5( 31-MAY-2017 ),5,CRANE MOUNTED VEHICLE,2,3,3,0,0,0,0,0,0,0,1,0,9
2020,Odisha,CUTTACK RTO - OR5( 31-MAY-2017 ),6,EARTH MOVING EQUIPMENT,0,0,0,0,0,0,0,1,0,0,0,0,1
2020,Odisha,CUTTACK RTO - OR5( 31-MAY-2017 ),7,EDUCATIONAL INSTITUTION BUS,2,2,3,1,0,0,0,0,0,0,0,0,8
2020,Odisha,CUTTACK RTO - OR5( 31-MAY-2017 ),8,E-RICKSHAW WITH CART (G),0,0,0,0,1,2,0,0,0,0,0,0,3
2020,Odisha,CUTTACK RTO - OR5( 31-MAY-2017 ),9,EXCAVATOR (NT),0,2,1,0,0,2,0,0,0,0,0,0,5
2020,Odisha,CUTTACK RTO - OR5( 31-MAY-2017 ),10,GOODS CARRIER,290,301,533,5,24,93,93,139,220,230,211,212,"2,351"
2020,Odisha,CUTTACK RTO - OR5( 31-MAY-2017 ),11,MAXI CAB,33,24,20,0,1,2,3,1,1,3,3,7,98
2020,Odisha,CUTTACK RTO - OR5( 31-MAY-2017 ),12,M-CYCLE/SCOOTER,"3,589","3,343","4,107",16,"1,109","2,308","1,093","2,255","2,553","4,703","4,128","2,989","32,193"
2020,Odisha,CUTTACK RTO - OR5( 31-MAY-2017 ),13,M-CYCLE/SCOOTER-WITH SIDE CAR,2,0,1,0,0,1,0,4,1,1,0,0,10
2020,Odisha,CUTTACK RTO - OR5( 31-MAY-2017 ),14,MOPED,149,142,140,0,102,126,62,146,122,150,152,111,"1,402"
2020,Odisha,CUTTACK RTO - OR5( 31-MAY-2017 ),15,MOTOR CAB,31,32,21,0,22,39,25,31,29,32,27,25,314
2020,Odisha,CUTTACK RTO - OR5( 31-MAY-2017 ),16,MOTOR CAR,446,380,331,2,121,283,221,334,443,674,573,522,"4,330"
2020,Odisha,CUTTACK RTO - OR5( 31-MAY-2017 ),17,MOTOR CYCLE/SCOOTER-USED FOR HIRE,0,0,0,0,0,0,0,1,0,0,1,1,3
2020,Odisha,CUTTACK RTO - OR5( 31-MAY-2017 ),18,MOTORISED CYCLE (CC > 25CC),8,6,12,0,4,6,9,2,3,15,11,6,82
2020,Odisha,CUTTACK RTO - OR5( 31-MAY-2017 ),19,OMNI BUS,9,8,11,0,0,0,0,0,6,0,0,1,35
2020,Odisha,CUTTACK RTO - OR5( 31-MAY-2017 ),20,OMNI BUS (PRIVATE USE),2,17,5,0,0,0,1,3,0,0,0,1,29
2020,Odisha,CUTTACK RTO - OR5( 31-MAY-2017 ),21,PRIVATE SERVICE VEHICLE,0,0,0,0,0,0,0,0,0,0,0,1,1
2020,Odisha,CUTTACK RTO - OR5( 31-MAY-2017 ),22,THREE WHEELER (GOODS),41,36,28,0,4,17,21,9,26,24,21,22,249
2020,Odisha,CUTTACK RTO - OR5( 31-MAY-2017 ),23,THREE WHEELER (PASSENGER),98,105,107,0,1,8,6,3,24,7,13,9,381
2020,Odisha,CUTTACK RTO - OR5( 31-MAY-2017 ),24,THREE WHEELER (PERSONAL),0,0,1,0,0,0,0,0,0,0,0,0,1
2020,Odisha,CUTTACK RTO - OR5( 31-MAY-2017 ),25,TRACTOR (COMMERCIAL),42,23,37,0,2,18,18,37,43,48,27,28,323
2020,Odisha,DEOGARH RTO - OR28( 23-OCT-2017 ),1,AGRICULTURAL TRACTOR,0,0,0,0,0,0,0,1,1,6,3,6,17
2020,Odisha,DEOGARH RTO - OR28( 23-OCT-2017 ),2,BUS,0,3,2,0,0,0,0,0,0,0,0,0,5
2020,Odisha,DEOGARH RTO - OR28( 23-OCT-2017 ),3,CONSTRUCTION EQUIPMENT VEHICLE,1,1,1,0,1,1,0,0,2,0,1,1,9
2020,Odisha,DEOGARH RTO - OR28( 23-OCT-2017 ),4,EXCAVATOR (COMMERCIAL),0,4,0,0,0,0,0,0,0,0,0,0,4
2020,Odisha,DEOGARH RTO - OR28( 23-OCT-2017 ),5,GOODS CARRIER,11,7,46,0,0,0,1,1,7,8,9,8,98
2020,Odisha,DEOGARH RTO - OR28( 23-OCT-2017 ),6,MAXI CAB,1,3,3,0,0,0,1,0,0,1,1,2,12
2020,Odisha,DEOGARH RTO - OR28( 23-OCT-2017 ),7,M-CYCLE/SCOOTER,154,235,453,0,55,155,188,152,180,276,192,142,"2,182"
2020,Odisha,DEOGARH RTO - OR28( 23-OCT-2017 ),8,M-CYCLE/SCOOTER-WITH SIDE CAR,0,0,0,0,0,0,1,0,0,0,0,0,1
2020,Odisha,DEOGARH RTO - OR28( 23-OCT-2017 ),9,MOPED,2,5,9,0,0,0,6,0,20,8,13,9,72
2020,Odisha,DEOGARH RTO - OR28( 23-OCT-2017 ),10,MOTOR CAB,1,0,2,0,0,0,0,0,2,2,2,1,10
2020,Odisha,DEOGARH RTO - OR28( 23-OCT-2017 ),11,MOTOR CAR,14,12,9,1,0,3,5,8,15,27,14,9,117
2020,Odisha,DEOGARH RTO - OR28( 23-OCT-2017 ),12,MOTORISED CYCLE (CC > 25CC),0,1,0,0,0,0,0,0,0,0,0,0,1
2020,Odisha,DEOGARH RTO - OR28( 23-OCT-2017 ),13,OMNI BUS,0,1,0,0,0,0,0,0,0,0,0,0,1
2020,Odisha,DEOGARH RTO - OR28( 23-OCT-2017 ),14,OMNI BUS (PRIVATE USE),1,0,0,0,0,0,0,0,0,0,0,0,1
2020,Odisha,DEOGARH RTO - OR28( 23-OCT-2017 ),15,THREE WHEELER (GOODS),0,1,2,0,0,0,1,0,0,1,0,0,5
2020,Odisha,DEOGARH RTO - OR28( 23-OCT-2017 ),16,THREE WHEELER (PASSENGER),2,2,4,0,0,0,2,2,5,2,7,5,31
2020,Odisha,DEOGARH RTO - OR28( 23-OCT-2017 ),17,TRACTOR (COMMERCIAL),4,7,8,0,0,1,8,7,9,13,9,3,69
2020,Odisha,DEOGARH RTO - OR28( 23-OCT-2017 ),18,TRACTOR-TROLLEY(COMMERCIAL),0,0,2,0,0,0,2,0,4,2,0,0,10
2020,Odisha,DEOGARH RTO - OR28( 23-OCT-2017 ),19,TRAILER (COMMERCIAL),4,3,4,0,0,0,3,1,1,2,0,0,18
2020,Odisha,DHENKANAL RTO - OR6( 07-NOV-2017 ),1,AGRICULTURAL TRACTOR,1,0,1,0,0,2,0,1,1,10,31,36,83
2020,Odisha,DHENKANAL RTO - OR6( 07-NOV-2017 ),2,AMBULANCE,0,0,0,0,0,0,0,0,1,0,0,1,2
2020,Odisha,DHENKANAL RTO - OR6( 07-NOV-2017 ),3,BUS,1,1,1,0,0,0,0,0,0,0,0,0,3
2020,Odisha,DHENKANAL RTO - OR6( 07-NOV-2017 ),4,CAMPER VAN / TRAILER (PRIVATE USE),0,0,0,0,0,0,0,0,0,0,0,1,1
2020,Odisha,DHENKANAL RTO - OR6( 07-NOV-2017 ),5,CONSTRUCTION EQUIPMENT VEHICLE,3,3,7,0,2,2,8,7,5,2,3,2,44
2020,Odisha,DHENKANAL RTO - OR6( 07-NOV-2017 ),6,CRANE MOUNTED VEHICLE,1,0,2,0,0,1,0,0,1,1,0,0,6
2020,Odisha,DHENKANAL RTO - OR6( 07-NOV-2017 ),7,EARTH MOVING EQUIPMENT,0,0,0,0,0,4,0,2,3,0,0,1,10
2020,Odisha,DHENKANAL RTO - OR6( 07-NOV-2017 ),8,EDUCATIONAL INSTITUTION BUS,2,0,0,0,0,0,0,0,0,0,0,0,2
2020,Odisha,DHENKANAL RTO - OR6( 07-NOV-2017 ),9,EXCAVATOR (COMMERCIAL),1,2,3,0,2,0,0,0,0,0,0,1,9
2020,Odisha,DHENKANAL RTO - OR6( 07-NOV-2017 ),10,EXCAVATOR (NT),0,0,0,0,0,0,0,0,1,2,1,0,4
2020,Odisha,DHENKANAL RTO - OR6( 07-NOV-2017 ),11,FORK LIFT,0,0,0,0,0,1,1,0,0,0,0,0,2
2020,Odisha,DHENKANAL RTO - OR6( 07-NOV-2017 ),12,GOODS CARRIER,16,20,50,2,0,1,4,9,19,15,10,16,162
2020,Odisha,DHENKANAL RTO - OR6( 07-NOV-2017 ),13,LUXURY CAB,0,0,0,0,0,0,0,0,1,0,0,0,1
2020,Odisha,DHENKANAL RTO - OR6( 07-NOV-2017 ),14,MAXI CAB,2,0,0,0,0,0,1,0,0,0,0,1,4
2020,Odisha,DHENKANAL RTO - OR6( 07-NOV-2017 ),15,M-CYCLE/SCOOTER,792,764,"1,167",24,249,611,477,320,381,"1,021",796,559,"7,161"
2020,Odisha,DHENKANAL RTO - OR6( 07-NOV-2017 ),16,M-CYCLE/SCOOTER-WITH SIDE CAR,1,1,0,0,0,0,0,0,0,0,0,0,2
2020,Odisha,DHENKANAL RTO - OR6( 07-NOV-2017 ),17,MOBILE WORKSHOP,0,0,0,0,0,0,0,0,0,0,1,0,1
2020,Odisha,DHENKANAL RTO - OR6( 07-NOV-2017 ),18,MOPED,42,74,31,0,39,50,61,37,40,85,69,31,559
2020,Odisha,DHENKANAL RTO - OR6( 07-NOV-2017 ),19,MOTOR CAB,1,3,1,0,0,0,2,1,1,1,3,1,14
2020,Odisha,DHENKANAL RTO - OR6( 07-NOV-2017 ),20,MOTOR CAR,28,27,15,0,5,13,24,21,24,48,31,21,257
2020,Odisha,DHENKANAL RTO - OR6( 07-NOV-2017 ),21,MOTORISED CYCLE (CC > 25CC),4,2,11,0,1,1,9,1,1,4,7,2,43
2020,Odisha,DHENKANAL RTO - OR6( 07-NOV-2017 ),22,OMNI BUS,0,0,0,0,0,0,0,0,1,0,0,0,1
2020,Odisha,DHENKANAL RTO - OR6( 07-NOV-2017 ),23,OMNI BUS (PRIVATE USE),0,0,0,0,0,0,0,0,1,0,0,0,1
2020,Odisha,DHENKANAL RTO - OR6( 07-NOV-2017 ),24,PRIVATE SERVICE VEHICLE,0,1,2,0,0,0,0,0,0,0,0,2,5
2020,Odisha,DHENKANAL RTO - OR6( 07-NOV-2017 ),25,PRIVATE SERVICE VEHICLE (INDIVIDUAL USE),0,0,0,0,0,2,1,0,0,0,0,0,3
2020,Odisha,GAJAPATI RTO - OR20( 07-NOV-2017 ),1,AGRICULTURAL TRACTOR,2,3,0,1,7,0,1,2,4,2,8,5,35
2020,Odisha,GAJAPATI RTO - OR20( 07-NOV-2017 ),2,AMBULANCE,0,2,0,0,0,0,0,0,0,0,0,0,2
2020,Odisha,GAJAPATI RTO - OR20( 07-NOV-2017 ),3,CONSTRUCTION EQUIPMENT VEHICLE,0,0,1,0,0,0,0,0,1,0,0,1,3
2020,Odisha,GAJAPATI RTO - OR20( 07-NOV-2017 ),4,EARTH MOVING EQUIPMENT,0,0,0,0,0,0,0,0,1,0,0,0,1
2020,Odisha,GAJAPATI RTO - OR20( 07-NOV-2017 ),5,EXCAVATOR (COMMERCIAL),0,0,1,0,0,1,0,0,0,0,0,0,2
2020,Odisha,GAJAPATI RTO - OR20( 07-NOV-2017 ),6,FORK LIFT,0,0,0,0,0,0,0,0,0,0,0,1,1
2020,Odisha,GAJAPATI RTO - OR20( 07-NOV-2017 ),7,GOODS CARRIER,2,5,6,0,0,1,0,3,10,4,0,1,32
2020,Odisha,GAJAPATI RTO - OR20( 07-NOV-2017 ),8,HARVESTER,0,0,0,0,0,0,0,0,0,1,0,0,1
2020,Odisha,GAJAPATI RTO - OR20( 07-NOV-2017 ),9,MAXI CAB,0,0,2,0,0,1,0,0,0,4,0,0,7
2020,Odisha,GAJAPATI RTO - OR20( 07-NOV-2017 ),10,M-CYCLE/SCOOTER,200,333,301,1,81,243,200,237,314,414,285,216,"2,825"
2020,Odisha,GAJAPATI RTO - OR20( 07-NOV-2017 ),11,MOPED,0,1,0,0,0,0,0,0,0,1,0,0,2
2020,Odisha,GAJAPATI RTO - OR20( 07-NOV-2017 ),12,MOTOR CAB,2,1,1,0,0,0,0,0,0,5,1,2,12
2020,Odisha,GAJAPATI RTO - OR20( 07-NOV-2017 ),13,MOTOR CAR,7,5,9,0,2,2,6,2,8,19,7,3,70
2020,Odisha,GAJAPATI RTO - OR20( 07-NOV-2017 ),14,MOTORISED CYCLE (CC > 25CC),41,40,54,0,0,17,25,29,33,29,45,28,341
2020,Odisha,GAJAPATI RTO - OR20( 07-NOV-2017 ),15,THREE WHEELER (GOODS),1,0,0,0,0,1,0,0,0,0,0,0,2
2020,Odisha,GAJAPATI RTO - OR20( 07-NOV-2017 ),16,THREE WHEELER (PASSENGER),2,1,0,0,0,0,0,0,0,0,0,0,3
2020,Odisha,GAJAPATI RTO - OR20( 07-NOV-2017 ),17,TRACTOR (COMMERCIAL),7,22,17,0,3,25,17,17,18,11,21,6,164
2020,Odisha,GAJAPATI RTO - OR20( 07-NOV-2017 ),18,TRAILER (COMMERCIAL),7,22,18,0,0,20,14,14,19,9,20,12,155
2020,Odisha,GANJAM RTO - OR7( 04-DEC-2017 ),1,ADAPTED VEHICLE,6,5,1,0,0,0,2,1,6,2,2,5,30
2020,Odisha,GANJAM RTO - OR7( 04-DEC-2017 ),2,AGRICULTURAL TRACTOR,1,0,0,0,0,0,0,0,0,17,37,38,93
2020,Odisha,GANJAM RTO - OR7( 04-DEC-2017 ),3,AMBULANCE,2,1,2,0,0,0,0,0,1,0,0,0,6
2020,Odisha,GANJAM RTO - OR7( 04-DEC-2017 ),4,BUS,4,7,8,0,0,0,0,0,0,1,0,2,22
2020,Odisha,GANJAM RTO - OR7( 04-DEC-2017 ),5,CONSTRUCTION EQUIPMENT VEHICLE,4,4,4,0,1,0,2,0,2,2,0,3,22
2020,Odisha,GANJAM RTO - OR7( 04-DEC-2017 ),6,CRANE MOUNTED VEHICLE,0,0,1,0,1,0,0,0,0,0,0,0,2
2020,Odisha,GANJAM RTO - OR7( 04-DEC-2017 ),7,DUMPER,0,0,2,0,0,0,0,0,0,0,0,0,2
2020,Odisha,GANJAM RTO - OR7( 04-DEC-2017 ),8,EARTH MOVING EQUIPMENT,1,0,0,0,0,0,0,0,0,0,0,0,1
2020,Odisha,GANJAM RTO - OR7( 04-DEC-2017 ),9,EDUCATIONAL INSTITUTION BUS,1,2,4,0,0,0,0,0,0,0,0,0,7
2020,Odisha,GANJAM RTO - OR7( 04-DEC-2017 ),10,E-RICKSHAW(P),1,0,0,0,2,0,0,0,2,5,1,0,11
2020,Odisha,GANJAM RTO - OR7( 04-DEC-2017 ),11,E-RICKSHAW WITH CART (G),0,0,0,0,0,0,0,2,5,7,2,2,18
2020,Odisha,GANJAM RTO - OR7( 04-DEC-2017 ),12,GOODS CARRIER,124,101,120,2,2,8,17,47,75,92,70,79,737
2020,Odisha,GANJAM RTO - OR7( 04-DEC-2017 ),13,MAXI CAB,10,8,6,0,0,0,2,1,1,12,3,2,45
2020,Odisha,GANJAM RTO - OR7( 04-DEC-2017 ),14,M-CYCLE/SCOOTER,"1,716","2,258","3,086",38,754,"1,407",876,"1,333","2,154","2,713","2,511","2,019","20,865"
2020,Odisha,GANJAM RTO - OR7( 04-DEC-2017 ),15,M-CYCLE/SCOOTER-WITH SIDE CAR,0,1,0,0,0,1,0,0,0,0,0,0,2
2020,Odisha,GANJAM RTO - OR7( 04-DEC-2017 ),16,MOPED,188,269,400,5,170,296,231,298,328,401,316,159,"3,061"
2020,Odisha,GANJAM RTO - OR7( 04-DEC-2017 ),17,MOTOR CAB,4,7,2,0,1,2,1,6,11,10,8,7,59
2020,Odisha,GANJAM RTO - OR7( 04-DEC-2017 ),18,MOTOR CAR,131,87,69,7,14,57,32,79,166,252,182,107,"1,183"
2020,Odisha,GANJAM RTO - OR7( 04-DEC-2017 ),19,MOTORISED CYCLE (CC > 25CC),359,670,677,0,137,263,159,228,429,530,481,323,"4,256"
2020,Odisha,GANJAM RTO - OR7( 04-DEC-2017 ),20,OMNI BUS,2,3,3,2,0,0,0,0,0,0,0,0,10
2020,Odisha,GANJAM RTO - OR7( 04-DEC-2017 ),21,OMNI BUS (PRIVATE USE),0,0,0,0,0,0,0,0,0,1,0,0,1
2020,Odisha,GANJAM RTO - OR7( 04-DEC-2017 ),22,THREE WHEELER (GOODS),46,29,32,0,16,21,14,27,45,44,39,33,346
2020,Odisha,GANJAM RTO - OR7( 04-DEC-2017 ),23,THREE WHEELER (PASSENGER),75,73,36,1,9,30,16,23,50,51,42,40,446
2020,Odisha,GANJAM RTO - OR7( 04-DEC-2017 ),24,TRACTOR (COMMERCIAL),52,44,48,1,20,40,43,70,40,44,32,14,448
2020,Odisha,GANJAM RTO - OR7( 04-DEC-2017 ),25,TRACTOR-TROLLEY(COMMERCIAL),0,0,0,0,0,0,0,1,0,0,0,0,1
2020,Odisha,JAGATSINGHPUR RTO - OR21( 04-DEC-2017 ),1,AGRICULTURAL TRACTOR,5,8,14,0,0,7,13,12,24,7,10,7,107
2020,Odisha,JAGATSINGHPUR RTO - OR21( 04-DEC-2017 ),2,BUS,1,0,0,0,0,0,0,0,0,0,0,0,1
2020,Odisha,JAGATSINGHPUR RTO - OR21( 04-DEC-2017 ),3,CONSTRUCTION EQUIPMENT VEHICLE,0,6,3,0,0,0,2,0,2,2,7,4,26
2020,Odisha,JAGATSINGHPUR RTO - OR21( 04-DEC-2017 ),4,CRANE MOUNTED VEHICLE,3,1,1,1,0,1,2,0,3,3,0,3,18
2020,Odisha,JAGATSINGHPUR RTO - OR21( 04-DEC-2017 ),5,EARTH MOVING EQUIPMENT,1,1,0,0,0,0,0,0,0,0,1,0,3
2020,Odisha,JAGATSINGHPUR RTO - OR21( 04-DEC-2017 ),6,EDUCATIONAL INSTITUTION BUS,0,0,1,0,0,0,0,0,0,0,0,0,1
2020,Odisha,JAGATSINGHPUR RTO - OR21( 04-DEC-2017 ),7,EXCAVATOR (COMMERCIAL),1,3,0,0,0,0,0,0,0,0,0,0,4
2020,Odisha,JAGATSINGHPUR RTO - OR21( 04-DEC-2017 ),8,EXCAVATOR (NT),2,0,1,0,0,0,0,0,0,0,0,0,3
2020,Odisha,JAGATSINGHPUR RTO - OR21( 04-DEC-2017 ),9,GOODS CARRIER,14,16,14,5,0,0,1,1,9,9,8,9,86
2020,Odisha,JAGATSINGHPUR RTO - OR21( 04-DEC-2017 ),10,MAXI CAB,0,3,1,0,0,0,0,0,0,1,0,0,5
2020,Odisha,JAGATSINGHPUR RTO - OR21( 04-DEC-2017 ),11,M-CYCLE/SCOOTER,998,963,"1,454",49,346,828,741,900,836,"1,337","1,080",908,"10,440"
2020,Odisha,JAGATSINGHPUR RTO - OR21( 04-DEC-2017 ),12,MOPED,59,25,58,23,0,22,33,47,30,32,39,39,407
2020,Odisha,JAGATSINGHPUR RTO - OR21( 04-DEC-2017 ),13,MOTOR CAB,0,1,0,0,0,1,1,1,0,0,0,0,4
2020,Odisha,JAGATSINGHPUR RTO - OR21( 04-DEC-2017 ),14,MOTOR CAR,6,6,7,0,0,3,2,6,6,13,11,6,66
2020,Odisha,JAGATSINGHPUR RTO - OR21( 04-DEC-2017 ),15,MOTORISED CYCLE (CC > 25CC),0,1,0,0,0,0,0,0,0,0,0,0,1
2020,Odisha,JAGATSINGHPUR RTO - OR21( 04-DEC-2017 ),16,OMNI BUS,0,0,1,0,0,0,0,0,0,0,0,1,2
2020,Odisha,JAGATSINGHPUR RTO - OR21( 04-DEC-2017 ),17,PRIVATE SERVICE VEHICLE,0,0,1,0,0,0,0,0,0,0,0,0,1
2020,Odisha,JAGATSINGHPUR RTO - OR21( 04-DEC-2017 ),18,THREE WHEELER (GOODS),11,11,14,1,1,0,8,1,3,7,7,8,72
2020,Odisha,JAGATSINGHPUR RTO - OR21( 04-DEC-2017 ),19,THREE WHEELER (PASSENGER),12,11,18,1,0,0,0,1,0,1,0,0,44
2020,Odisha,JAGATSINGHPUR RTO - OR21( 04-DEC-2017 ),20,TRACTOR (COMMERCIAL),33,31,21,0,0,1,21,9,20,17,8,15,176
2020,Odisha,JAGATSINGHPUR RTO - OR21( 04-DEC-2017 ),21,TRAILER (COMMERCIAL),33,32,24,0,0,0,17,9,20,8,10,12,165
2020,Odisha,JAJPUR RTO - OR34( 23-OCT-2017 ),1,AGRICULTURAL TRACTOR,10,13,1,0,0,4,5,22,7,11,50,51,174
2020,Odisha,JAJPUR RTO - OR34( 23-OCT-2017 ),2,AMBULANCE,0,0,1,0,0,0,0,0,0,0,0,0,1
2020,Odisha,JAJPUR RTO - OR34( 23-OCT-2017 ),3,ARTICULATED VEHICLE,0,1,2,0,0,0,0,0,0,0,0,0,3
2020,Odisha,JAJPUR RTO - OR34( 23-OCT-2017 ),4,BUS,2,2,4,2,0,0,0,0,0,0,0,0,10
2020,Odisha,JAJPUR RTO - OR34( 23-OCT-2017 ),5,CAMPER VAN / TRAILER,0,0,0,0,0,0,0,0,0,0,0,3,3
2020,Odisha,JAJPUR RTO - OR34( 23-OCT-2017 ),6,CONSTRUCTION EQUIPMENT VEHICLE,2,3,6,1,0,0,1,0,0,0,1,4,18
2020,Odisha,JAJPUR RTO - OR34( 23-OCT-2017 ),7,CRANE MOUNTED VEHICLE,0,3,3,0,0,1,1,0,0,0,3,0,11
2020,Odisha,JAJPUR RTO - OR34( 23-OCT-2017 ),8,DUMPER,0,1,0,0,0,0,0,0,0,0,0,0,1
2020,Odisha,JAJPUR RTO - OR34( 23-OCT-2017 ),9,EARTH MOVING EQUIPMENT,1,0,2,0,0,1,0,0,0,0,0,0,4
2020,Odisha,JAJPUR RTO - OR34( 23-OCT-2017 ),10,EDUCATIONAL INSTITUTION BUS,0,0,1,0,0,0,0,0,0,0,0,0,1
2020,Odisha,JAJPUR RTO - OR34( 23-OCT-2017 ),11,E-RICKSHAW(P),0,1,0,0,0,0,0,0,0,0,0,0,1
2020,Odisha,JAJPUR RTO - OR34( 23-OCT-2017 ),12,EXCAVATOR (COMMERCIAL),0,1,0,0,0,0,0,0,0,0,1,0,2
2020,Odisha,JAJPUR RTO - OR34( 23-OCT-2017 ),13,EXCAVATOR (NT),1,0,0,0,0,0,0,0,0,0,0,0,1
2020,Odisha,JAJPUR RTO - OR34( 23-OCT-2017 ),14,GOODS CARRIER,62,61,60,1,0,16,14,19,20,41,32,30,356
2020,Odisha,JAJPUR RTO - OR34( 23-OCT-2017 ),15,HARVESTER,0,0,1,0,0,0,0,1,0,0,0,1,3
2020,Odisha,JAJPUR RTO - OR34( 23-OCT-2017 ),16,MAXI CAB,7,3,1,0,0,0,0,0,0,1,0,2,14
2020,Odisha,JAJPUR RTO - OR34( 23-OCT-2017 ),17,M-CYCLE/SCOOTER,"1,408","1,664","2,347",8,32,953,799,956,"1,074","1,852","1,798","1,209","14,100"
2020,Odisha,JAJPUR RTO - OR34( 23-OCT-2017 ),18,MOPED,14,3,14,0,1,3,4,23,13,10,18,5,108
2020,Odisha,JAJPUR RTO - OR34( 23-OCT-2017 ),19,MOTOR CAB,4,11,8,0,2,2,5,20,8,5,6,0,71
2020,Odisha,JAJPUR RTO - OR34( 23-OCT-2017 ),20,MOTOR CAR,58,54,32,0,3,28,25,43,59,93,49,60,504
2020,Odisha,JAJPUR RTO - OR34( 23-OCT-2017 ),21,MOTORISED CYCLE (CC > 25CC),0,0,0,0,1,0,0,0,0,0,0,0,1
2020,Odisha,JAJPUR RTO - OR34( 23-OCT-2017 ),22,OMNI BUS,0,1,0,0,0,0,0,0,0,0,1,0,2
2020,Odisha,JAJPUR RTO - OR34( 23-OCT-2017 ),23,PRIVATE SERVICE VEHICLE (INDIVIDUAL USE),1,0,0,0,0,0,0,0,0,0,0,0,1
2020,Odisha,JAJPUR RTO - OR34( 23-OCT-2017 ),24,THREE WHEELER (GOODS),20,30,14,0,2,19,20,18,34,43,22,21,243
2020,Odisha,JAJPUR RTO - OR34( 23-OCT-2017 ),25,THREE WHEELER (PASSENGER),32,23,19,0,0,2,4,7,8,13,3,10,121
2020,Odisha,JHARSUGUDA RTO - OR23( 07-NOV-2017 ),1,AGRICULTURAL TRACTOR,0,0,0,0,0,0,0,0,1,1,17,7,26
2020,Odisha,JHARSUGUDA RTO - OR23( 07-NOV-2017 ),2,AMBULANCE,1,0,1,0,0,0,0,1,0,0,0,0,3
2020,Odisha,JHARSUGUDA RTO - OR23( 07-NOV-2017 ),3,ARTICULATED VEHICLE,0,1,0,0,0,0,0,0,0,0,0,0,1
2020,Odisha,JHARSUGUDA RTO - OR23( 07-NOV-2017 ),4,BUS,3,2,1,0,0,0,0,0,0,0,0,0,6
2020,Odisha,JHARSUGUDA RTO - OR23( 07-NOV-2017 ),5,CONSTRUCTION EQUIPMENT VEHICLE,5,12,16,2,3,15,7,10,10,8,16,17,121
2020,Odisha,JHARSUGUDA RTO - OR23( 07-NOV-2017 ),6,CRANE MOUNTED VEHICLE,1,5,2,0,1,0,1,2,0,0,2,1,15
2020,Odisha,JHARSUGUDA RTO - OR23( 07-NOV-2017 ),7,EARTH MOVING EQUIPMENT,1,1,0,0,0,0,0,1,0,0,0,0,3
2020,Odisha,JHARSUGUDA RTO - OR23( 07-NOV-2017 ),8,EDUCATIONAL INSTITUTION BUS,0,1,2,0,0,0,0,0,0,0,0,0,3
2020,Odisha,JHARSUGUDA RTO - OR23( 07-NOV-2017 ),9,EXCAVATOR (COMMERCIAL),1,0,0,0,0,0,0,0,0,0,0,0,1
2020,Odisha,JHARSUGUDA RTO - OR23( 07-NOV-2017 ),10,EXCAVATOR (NT),0,1,3,0,0,0,0,0,0,0,0,1,5
2020,Odisha,JHARSUGUDA RTO - OR23( 07-NOV-2017 ),11,FIRE TENDERS,0,0,0,0,0,0,0,0,1,0,0,0,1
2020,Odisha,JHARSUGUDA RTO - OR23( 07-NOV-2017 ),12,FORK LIFT,0,2,0,0,3,0,0,0,0,0,0,1,6
2020,Odisha,JHARSUGUDA RTO - OR23( 07-NOV-2017 ),13,GOODS CARRIER,73,205,140,1,1,8,16,19,35,52,49,80,679
2020,Odisha,JHARSUGUDA RTO - OR23( 07-NOV-2017 ),14,HARVESTER,0,0,0,0,0,0,0,0,1,0,0,0,1
2020,Odisha,JHARSUGUDA RTO - OR23( 07-NOV-2017 ),15,MAXI CAB,4,11,6,0,2,3,4,4,8,5,7,1,55
2020,Odisha,JHARSUGUDA RTO - OR23( 07-NOV-2017 ),16,M-CYCLE/SCOOTER,450,"1,183","1,696",42,252,895,614,996,708,"1,154","1,468","1,031","10,489"
2020,Odisha,JHARSUGUDA RTO - OR23( 07-NOV-2017 ),17,M-CYCLE/SCOOTER-WITH SIDE CAR,0,0,0,0,0,0,0,0,1,0,1,1,3
2020,Odisha,JHARSUGUDA RTO - OR23( 07-NOV-2017 ),18,MOPED,22,65,48,1,5,42,27,39,30,55,73,67,474
2020,Odisha,JHARSUGUDA RTO - OR23( 07-NOV-2017 ),19,MOTOR CAB,5,6,6,0,0,4,1,5,7,2,4,4,44
2020,Odisha,JHARSUGUDA RTO - OR23( 07-NOV-2017 ),20,MOTOR CAR,61,111,97,0,32,87,69,102,104,182,178,146,"1,169"
2020,Odisha,JHARSUGUDA RTO - OR23( 07-NOV-2017 ),21,OMNI BUS,1,0,3,0,0,0,0,0,0,0,1,1,6
2020,Odisha,JHARSUGUDA RTO - OR23( 07-NOV-2017 ),22,OMNI BUS (PRIVATE USE),1,1,0,0,0,0,0,0,0,0,0,0,2
2020,Odisha,JHARSUGUDA RTO - OR23( 07-NOV-2017 ),23,PRIVATE SERVICE VEHICLE,0,0,1,0,0,0,0,0,0,0,0,0,1
2020,Odisha,JHARSUGUDA RTO - OR23( 07-NOV-2017 ),24,ROAD ROLLER,0,0,0,0,0,0,0,0,1,0,0,0,1
2020,Odisha,JHARSUGUDA RTO - OR23( 07-NOV-2017 ),25,THREE WHEELER (GOODS),10,8,7,0,0,7,4,1,4,9,9,8,67
2020,Odisha,KALAHANDI RTO - OR8( 23-OCT-2017 ),1,AGRICULTURAL TRACTOR,1,0,0,0,0,8,13,2,1,2,12,9,48
2020,Odisha,KALAHANDI RTO - OR8( 23-OCT-2017 ),2,AMBULANCE,1,0,2,0,0,0,0,0,0,0,0,0,3
2020,Odisha,KALAHANDI RTO - OR8( 23-OCT-2017 ),3,BUS,1,4,3,0,0,0,0,0,0,0,0,0,8
2020,Odisha,KALAHANDI RTO - OR8( 23-OCT-2017 ),4,CONSTRUCTION EQUIPMENT VEHICLE,10,10,10,0,7,8,3,7,5,3,6,1,70
2020,Odisha,KALAHANDI RTO - OR8( 23-OCT-2017 ),5,CRANE MOUNTED VEHICLE,0,0,1,0,0,0,1,0,0,0,0,0,2
2020,Odisha,KALAHANDI RTO - OR8( 23-OCT-2017 ),6,DUMPER,0,2,0,0,0,0,0,0,0,0,0,0,2
2020,Odisha,KALAHANDI RTO - OR8( 23-OCT-2017 ),7,EARTH MOVING EQUIPMENT,0,0,0,0,0,0,0,1,0,0,0,0,1
2020,Odisha,KALAHANDI RTO - OR8( 23-OCT-2017 ),8,EDUCATIONAL INSTITUTION BUS,2,0,8,1,0,0,0,0,0,0,0,0,11
2020,Odisha,KALAHANDI RTO - OR8( 23-OCT-2017 ),9,EXCAVATOR (COMMERCIAL),1,2,2,0,0,0,0,0,1,0,1,0,7
2020,Odisha,KALAHANDI RTO - OR8( 23-OCT-2017 ),10,EXCAVATOR (NT),0,0,0,0,0,0,0,0,0,0,0,1,1
2020,Odisha,KALAHANDI RTO - OR8( 23-OCT-2017 ),11,GOODS CARRIER,72,81,65,4,1,21,31,21,25,47,36,39,443
2020,Odisha,KALAHANDI RTO - OR8( 23-OCT-2017 ),12,LUXURY CAB,3,0,0,0,0,0,0,0,0,0,0,0,3
2020,Odisha,KALAHANDI RTO - OR8( 23-OCT-2017 ),13,MAXI CAB,6,8,12,0,3,3,7,5,4,7,10,10,75
2020,Odisha,KALAHANDI RTO - OR8( 23-OCT-2017 ),14,M-CYCLE/SCOOTER,"1,411","2,141","4,372",140,412,"1,189","1,388",674,"1,121","1,160","1,820","1,680","17,508"
2020,Odisha,KALAHANDI RTO - OR8( 23-OCT-2017 ),15,MOPED,101,132,208,22,37,74,123,131,102,105,97,90,"1,222"
2020,Odisha,KALAHANDI RTO - OR8( 23-OCT-2017 ),16,MOTOR CAB,8,0,2,0,0,2,1,1,3,1,1,1,20
2020,Odisha,KALAHANDI RTO - OR8( 23-OCT-2017 ),17,MOTOR CAR,77,65,93,4,11,51,64,64,84,106,121,90,830
2020,Odisha,KALAHANDI RTO - OR8( 23-OCT-2017 ),18,MOTORISED CYCLE (CC > 25CC),2,3,1,0,0,0,2,0,0,2,0,8,18
2020,Odisha,KALAHANDI RTO - OR8( 23-OCT-2017 ),19,OMNI BUS,2,0,2,0,0,0,0,0,0,0,1,0,5
2020,Odisha,KALAHANDI RTO - OR8( 23-OCT-2017 ),20,OMNI BUS (PRIVATE USE),2,2,1,1,0,1,2,0,1,0,0,0,10
2020,Odisha,KALAHANDI RTO - OR8( 23-OCT-2017 ),21,PRIVATE SERVICE VEHICLE,0,1,0,0,0,0,0,0,0,0,0,0,1
2020,Odisha,KALAHANDI RTO - OR8( 23-OCT-2017 ),22,THREE WHEELER (GOODS),3,5,2,1,0,1,5,2,2,8,3,2,34
2020,Odisha,KALAHANDI RTO - OR8( 23-OCT-2017 ),23,THREE WHEELER (PASSENGER),34,48,46,6,1,15,13,16,27,21,19,18,264
2020,Odisha,KALAHANDI RTO - OR8( 23-OCT-2017 ),24,TRACTOR (COMMERCIAL),116,115,60,7,46,80,100,56,54,98,73,56,861
2020,Odisha,KALAHANDI RTO - OR8( 23-OCT-2017 ),25,TRACTOR-TROLLEY(COMMERCIAL),1,1,2,0,0,3,2,1,0,0,1,0,11
2020,Odisha,KENDRAPARA RTO - OR29( 23-OCT-2017 ),1,AGRICULTURAL TRACTOR,3,2,7,0,0,0,3,5,15,9,21,41,106
2020,Odisha,KENDRAPARA RTO - OR29( 23-OCT-2017 ),2,AMBULANCE,1,0,0,0,0,0,0,0,0,1,0,0,2
2020,Odisha,KENDRAPARA RTO - OR29( 23-OCT-2017 ),3,BUS,0,1,0,0,0,0,0,0,0,0,0,0,1
2020,Odisha,KENDRAPARA RTO - OR29( 23-OCT-2017 ),4,CONSTRUCTION EQUIPMENT VEHICLE,1,0,2,0,0,0,2,2,3,0,0,0,10
2020,Odisha,KENDRAPARA RTO - OR29( 23-OCT-2017 ),5,CRANE MOUNTED VEHICLE,1,0,0,0,0,0,3,0,0,0,0,1,5
2020,Odisha,KENDRAPARA RTO - OR29( 23-OCT-2017 ),6,EXCAVATOR (COMMERCIAL),1,2,1,0,0,0,0,0,1,0,0,0,5
2020,Odisha,KENDRAPARA RTO - OR29( 23-OCT-2017 ),7,EXCAVATOR (NT),0,0,0,0,0,0,1,0,0,0,0,0,1
2020,Odisha,KENDRAPARA RTO - OR29( 23-OCT-2017 ),8,GOODS CARRIER,37,47,87,0,1,0,3,3,29,42,27,30,306
2020,Odisha,KENDRAPARA RTO - OR29( 23-OCT-2017 ),9,LUXURY CAB,0,0,0,0,0,0,2,0,0,0,0,0,2
2020,Odisha,KENDRAPARA RTO - OR29( 23-OCT-2017 ),10,MAXI CAB,2,2,3,1,0,1,0,0,0,0,0,0,9
2020,Odisha,KENDRAPARA RTO - OR29( 23-OCT-2017 ),11,M-CYCLE/SCOOTER,669,776,651,8,151,496,595,514,578,887,852,668,"6,845"
2020,Odisha,KENDRAPARA RTO - OR29( 23-OCT-2017 ),12,MOPED,66,67,59,0,39,67,92,57,79,79,95,47,747
2020,Odisha,KENDRAPARA RTO - OR29( 23-OCT-2017 ),13,MOTOR CAB,2,1,1,0,0,2,2,0,0,0,1,0,9
2020,Odisha,KENDRAPARA RTO - OR29( 23-OCT-2017 ),14,MOTOR CAR,7,7,5,0,0,5,2,5,7,16,19,6,79
2020,Odisha,KENDRAPARA RTO - OR29( 23-OCT-2017 ),15,OMNI BUS,1,2,2,0,0,0,0,0,1,0,0,0,6
2020,Odisha,KENDRAPARA RTO - OR29( 23-OCT-2017 ),16,PRIVATE SERVICE VEHICLE,0,0,0,0,0,0,0,0,1,0,0,0,1
2020,Odisha,KENDRAPARA RTO - OR29( 23-OCT-2017 ),17,THREE WHEELER (GOODS),22,33,27,0,3,11,18,31,24,39,17,8,233
2020,Odisha,KENDRAPARA RTO - OR29( 23-OCT-2017 ),18,THREE WHEELER (PASSENGER),26,32,31,1,1,6,7,3,8,8,9,2,134
2020,Odisha,KENDRAPARA RTO - OR29( 23-OCT-2017 ),19,TRACTOR (COMMERCIAL),39,66,46,0,0,22,59,25,39,35,18,21,370
2020,Odisha,KENDRAPARA RTO - OR29( 23-OCT-2017 ),20,TRACTOR-TROLLEY(COMMERCIAL),1,0,1,0,0,0,0,0,0,0,1,0,3
2020,Odisha,KENDRAPARA RTO - OR29( 23-OCT-2017 ),21,TRAILER (COMMERCIAL),30,49,25,0,0,0,3,5,10,11,11,14,158
2020,Odisha,KEONJHAR RTO - OR9( 04-DEC-2017 ),1,AGRICULTURAL TRACTOR,13,14,16,1,3,24,16,28,22,30,45,65,277
2020,Odisha,KEONJHAR RTO - OR9( 04-DEC-2017 ),2,AMBULANCE,1,0,0,0,0,0,0,0,0,1,0,0,2
2020,Odisha,KEONJHAR RTO - OR9( 04-DEC-2017 ),3,ANIMAL AMBULANCE,0,1,0,0,0,0,0,0,0,0,0,0,1
2020,Odisha,KEONJHAR RTO - OR9( 04-DEC-2017 ),4,BUS,2,3,2,0,0,0,0,0,0,1,0,0,8
2020,Odisha,KEONJHAR RTO - OR9( 04-DEC-2017 ),5,CONSTRUCTION EQUIPMENT VEHICLE,1,6,4,0,2,1,3,7,6,2,8,4,44
2020,Odisha,KEONJHAR RTO - OR9( 04-DEC-2017 ),6,CRANE MOUNTED VEHICLE,0,0,0,0,1,0,0,0,1,0,0,0,2
2020,Odisha,KEONJHAR RTO - OR9( 04-DEC-2017 ),7,DUMPER,0,0,0,0,0,0,0,0,0,0,0,1,1
2020,Odisha,KEONJHAR RTO - OR9( 04-DEC-2017 ),8,EARTH MOVING EQUIPMENT,0,1,0,0,0,1,1,0,0,0,0,0,3
2020,Odisha,KEONJHAR RTO - OR9( 04-DEC-2017 ),9,EDUCATIONAL INSTITUTION BUS,1,1,4,0,0,0,0,0,0,0,0,0,6
2020,Odisha,KEONJHAR RTO - OR9( 04-DEC-2017 ),10,E-RICKSHAW(P),0,0,0,0,0,0,0,1,1,0,0,0,2
2020,Odisha,KEONJHAR RTO - OR9( 04-DEC-2017 ),11,E-RICKSHAW WITH CART (G),0,0,0,0,0,0,0,0,1,1,0,1,3
2020,Odisha,KEONJHAR RTO - OR9( 04-DEC-2017 ),12,EXCAVATOR (COMMERCIAL),1,3,3,0,0,0,1,0,0,0,0,0,8
2020,Odisha,KEONJHAR RTO - OR9( 04-DEC-2017 ),13,GOODS CARRIER,86,128,159,3,3,16,26,51,68,85,107,142,874
2020,Odisha,KEONJHAR RTO - OR9( 04-DEC-2017 ),14,HARVESTER,0,1,0,0,0,0,0,0,0,1,0,0,2
2020,Odisha,KEONJHAR RTO - OR9( 04-DEC-2017 ),15,MAXI CAB,10,4,7,0,0,4,0,0,2,5,2,1,35
2020,Odisha,KEONJHAR RTO - OR9( 04-DEC-2017 ),16,M-CYCLE/SCOOTER,"1,509","1,142","2,322",53,401,"1,193","1,323","1,200","1,222","2,426","1,906","1,244","15,941"
2020,Odisha,KEONJHAR RTO - OR9( 04-DEC-2017 ),17,M-CYCLE/SCOOTER-WITH SIDE CAR,1,1,7,0,2,0,1,0,0,3,1,1,17
2020,Odisha,KEONJHAR RTO - OR9( 04-DEC-2017 ),18,MOPED,53,52,53,7,25,44,47,29,59,49,33,11,462
2020,Odisha,KEONJHAR RTO - OR9( 04-DEC-2017 ),19,MOTOR CAB,7,12,14,1,1,2,5,10,5,6,2,5,70
2020,Odisha,KEONJHAR RTO - OR9( 04-DEC-2017 ),20,MOTOR CAR,40,26,30,3,7,21,25,21,26,40,31,33,303
2020,Odisha,KEONJHAR RTO - OR9( 04-DEC-2017 ),21,MOTORISED CYCLE (CC > 25CC),0,0,2,0,0,0,1,2,0,0,0,1,6
2020,Odisha,KEONJHAR RTO - OR9( 04-DEC-2017 ),22,OMNI BUS,0,1,0,0,0,0,0,0,0,0,0,0,1
2020,Odisha,KEONJHAR RTO - OR9( 04-DEC-2017 ),23,THREE WHEELER (GOODS),37,28,30,0,9,28,25,31,47,62,48,38,383
2020,Odisha,KEONJHAR RTO - OR9( 04-DEC-2017 ),24,THREE WHEELER (PASSENGER),85,53,69,0,5,22,21,49,36,58,49,57,504
2020,Odisha,KEONJHAR RTO - OR9( 04-DEC-2017 ),25,TRACTOR (COMMERCIAL),48,45,40,1,4,36,21,29,35,31,24,20,334
2020,Odisha,KHORDHA ARTO - OR201( 20-JAN-2018 ),1,AGRICULTURAL TRACTOR,5,11,6,0,17,23,34,21,19,5,20,12,173
2020,Odisha,KHORDHA ARTO - OR201( 20-JAN-2018 ),2,AMBULANCE,0,0,0,0,0,0,0,0,0,1,0,0,1
2020,Odisha,KHORDHA ARTO - OR201( 20-JAN-2018 ),3,BUS,3,1,2,0,0,0,0,0,0,1,0,0,7
2020,Odisha,KHORDHA ARTO - OR201( 20-JAN-2018 ),4,CAMPER VAN / TRAILER (PRIVATE USE),0,0,0,0,0,0,0,0,0,0,1,0,1
2020,Odisha,KHORDHA ARTO - OR201( 20-JAN-2018 ),5,CONSTRUCTION EQUIPMENT VEHICLE,0,1,0,0,0,3,4,2,2,3,2,1,18
2020,Odisha,KHORDHA ARTO - OR201( 20-JAN-2018 ),6,CRANE MOUNTED VEHICLE,1,0,0,0,0,0,0,0,0,0,0,1,2
2020,Odisha,KHORDHA ARTO - OR201( 20-JAN-2018 ),7,EARTH MOVING EQUIPMENT,0,0,1,0,1,0,1,0,0,0,0,0,3
2020,Odisha,KHORDHA ARTO - OR201( 20-JAN-2018 ),8,EDUCATIONAL INSTITUTION BUS,0,2,2,0,0,0,0,0,0,0,0,0,4
2020,Odisha,KHORDHA ARTO - OR201( 20-JAN-2018 ),9,E-RICKSHAW WITH CART (G),0,0,0,0,0,0,0,0,2,0,0,0,2
2020,Odisha,KHORDHA ARTO - OR201( 20-JAN-2018 ),10,EXCAVATOR (COMMERCIAL),3,3,3,0,0,1,2,0,0,0,0,0,12
2020,Odisha,KHORDHA ARTO - OR201( 20-JAN-2018 ),11,GOODS CARRIER,95,126,188,0,0,4,17,23,30,29,45,50,607
2020,Odisha,KHORDHA ARTO - OR201( 20-JAN-2018 ),12,MAXI CAB,3,1,4,0,0,0,0,0,0,1,0,0,9
2020,Odisha,KHORDHA ARTO - OR201( 20-JAN-2018 ),13,M-CYCLE/SCOOTER,222,259,382,27,52,140,156,196,172,401,418,306,"2,731"
2020,Odisha,KHORDHA ARTO - OR201( 20-JAN-2018 ),14,MOPED,8,7,5,0,2,3,7,6,10,11,8,21,88
2020,Odisha,KHORDHA ARTO - OR201( 20-JAN-2018 ),15,MOTOR CAB,3,2,1,0,0,1,0,1,1,0,1,1,11
2020,Odisha,KHORDHA ARTO - OR201( 20-JAN-2018 ),16,MOTOR CAR,10,14,9,0,2,8,7,11,10,23,22,16,132
2020,Odisha,KHORDHA ARTO - OR201( 20-JAN-2018 ),17,MOTORISED CYCLE (CC > 25CC),10,4,9,0,1,3,7,11,4,10,18,41,118
2020,Odisha,KHORDHA ARTO - OR201( 20-JAN-2018 ),18,OMNI BUS,2,0,1,0,0,0,0,0,0,0,0,0,3
2020,Odisha,KHORDHA ARTO - OR201( 20-JAN-2018 ),19,THREE WHEELER (GOODS),17,16,11,0,3,9,3,8,10,9,9,16,111
2020,Odisha,KHORDHA ARTO - OR201( 20-JAN-2018 ),20,THREE WHEELER (PASSENGER),27,22,24,4,1,1,0,0,7,7,2,8,103
2020,Odisha,KHORDHA ARTO - OR201( 20-JAN-2018 ),21,TRACTOR (COMMERCIAL),6,7,6,0,3,2,8,8,5,10,9,10,74
2020,Odisha,KHORDHA ARTO - OR201( 20-JAN-2018 ),22,TRACTOR-TROLLEY(COMMERCIAL),0,0,1,0,0,0,0,0,0,0,0,0,1
2020,Odisha,KHORDHA ARTO - OR201( 20-JAN-2018 ),23,TRAILER (COMMERCIAL),6,7,5,0,1,1,7,7,4,11,8,8,65
2020,Odisha,KORAPUT RTO - OR10( 25-DEC-2017 ),1,AGRICULTURAL TRACTOR,0,0,0,0,0,0,0,0,0,9,27,41,77
2020,Odisha,KORAPUT RTO - OR10( 25-DEC-2017 ),2,AMBULANCE,4,0,4,1,0,0,0,0,0,1,0,0,10
2020,Odisha,KORAPUT RTO - OR10( 25-DEC-2017 ),3,ARTICULATED VEHICLE,0,1,0,0,0,0,0,0,0,0,0,0,1
2020,Odisha,KORAPUT RTO - OR10( 25-DEC-2017 ),4,BUS,4,0,0,0,0,0,0,0,1,0,0,0,5
2020,Odisha,KORAPUT RTO - OR10( 25-DEC-2017 ),5,CONSTRUCTION EQUIPMENT VEHICLE,3,7,9,0,0,9,3,1,4,0,0,9,45
2020,Odisha,KORAPUT RTO - OR10( 25-DEC-2017 ),6,CRANE MOUNTED VEHICLE,1,3,2,0,0,0,0,0,0,0,0,0,6
2020,Odisha,KORAPUT RTO - OR10( 25-DEC-2017 ),7,EARTH MOVING EQUIPMENT,2,0,1,0,0,0,0,0,0,0,0,0,3
2020,Odisha,KORAPUT RTO - OR10( 25-DEC-2017 ),8,EDUCATIONAL INSTITUTION BUS,0,1,0,5,0,0,0,0,0,0,0,0,6
2020,Odisha,KORAPUT RTO - OR10( 25-DEC-2017 ),9,EXCAVATOR (COMMERCIAL),1,0,0,0,0,0,0,0,0,0,0,0,1
2020,Odisha,KORAPUT RTO - OR10( 25-DEC-2017 ),10,GOODS CARRIER,46,49,84,13,0,25,19,26,31,68,39,35,435
2020,Odisha,KORAPUT RTO - OR10( 25-DEC-2017 ),11,LUXURY CAB,1,0,0,0,0,0,0,0,0,0,0,0,1
2020,Odisha,KORAPUT RTO - OR10( 25-DEC-2017 ),12,MAXI CAB,6,9,13,1,0,1,1,0,2,2,2,0,37
2020,Odisha,KORAPUT RTO - OR10( 25-DEC-2017 ),13,M-CYCLE/SCOOTER,"2,175","1,942","2,768",147,664,"1,553","1,215","1,118","1,857","2,508","2,198","1,601","19,746"
2020,Odisha,KORAPUT RTO - OR10( 25-DEC-2017 ),14,M-CYCLE/SCOOTER-WITH SIDE CAR,0,0,0,0,0,0,0,0,0,0,1,1,2
2020,Odisha,KORAPUT RTO - OR10( 25-DEC-2017 ),15,MOPED,19,37,39,1,0,44,31,30,36,41,32,28,338
2020,Odisha,KORAPUT RTO - OR10( 25-DEC-2017 ),16,MOTOR CAB,10,12,12,0,0,10,13,8,12,19,11,7,114
2020,Odisha,KORAPUT RTO - OR10( 25-DEC-2017 ),17,MOTOR CAR,101,114,129,13,36,75,108,115,173,293,184,111,"1,452"
2020,Odisha,KORAPUT RTO - OR10( 25-DEC-2017 ),18,MOTORISED CYCLE (CC > 25CC),41,65,64,8,0,31,73,35,45,67,56,62,547
2020,Odisha,KORAPUT RTO - OR10( 25-DEC-2017 ),19,OMNI BUS,0,3,2,1,0,0,0,0,1,4,0,2,13
2020,Odisha,KORAPUT RTO - OR10( 25-DEC-2017 ),20,OMNI BUS (PRIVATE USE),1,0,0,0,0,0,1,0,0,0,0,0,2
2020,Odisha,KORAPUT RTO - OR10( 25-DEC-2017 ),21,PRIVATE SERVICE VEHICLE,0,0,0,1,0,0,0,0,0,0,0,0,1
2020,Odisha,KORAPUT RTO - OR10( 25-DEC-2017 ),22,THREE WHEELER (GOODS),7,9,11,0,0,10,6,11,13,13,5,11,96
2020,Odisha,KORAPUT RTO - OR10( 25-DEC-2017 ),23,THREE WHEELER (PASSENGER),55,40,76,18,5,19,12,13,41,40,22,35,376
2020,Odisha,KORAPUT RTO - OR10( 25-DEC-2017 ),24,TRACTOR (COMMERCIAL),61,29,60,0,3,36,60,50,36,107,27,23,492
2020,Odisha,KORAPUT RTO - OR10( 25-DEC-2017 ),25,TRACTOR-TROLLEY(COMMERCIAL),0,3,23,0,1,22,2,7,2,7,3,4,74
2020,Odisha,MALKANAGIRI RTO - OR30( 25-DEC-2017 ),1,AGRICULTURAL TRACTOR,0,0,1,0,0,0,0,1,0,0,3,4,9
2020,Odisha,MALKANAGIRI RTO - OR30( 25-DEC-2017 ),2,BUS,0,0,2,0,0,0,0,0,0,0,0,0,2
2020,Odisha,MALKANAGIRI RTO - OR30( 25-DEC-2017 ),3,CONSTRUCTION EQUIPMENT VEHICLE,4,2,6,0,0,0,0,0,3,0,0,2,17
2020,Odisha,MALKANAGIRI RTO - OR30( 25-DEC-2017 ),4,EARTH MOVING EQUIPMENT,0,1,0,0,0,0,0,0,0,0,0,0,1
2020,Odisha,MALKANAGIRI RTO - OR30( 25-DEC-2017 ),5,EDUCATIONAL INSTITUTION BUS,0,0,2,0,0,0,0,0,0,0,0,0,2
2020,Odisha,MALKANAGIRI RTO - OR30( 25-DEC-2017 ),6,GOODS CARRIER,16,17,37,0,0,1,4,9,17,39,12,11,163
2020,Odisha,MALKANAGIRI RTO - OR30( 25-DEC-2017 ),7,LUXURY CAB,1,1,0,0,0,0,0,0,0,0,0,0,2
2020,Odisha,MALKANAGIRI RTO - OR30( 25-DEC-2017 ),8,MAXI CAB,3,0,3,0,0,0,0,0,0,1,0,0,7
2020,Odisha,MALKANAGIRI RTO - OR30( 25-DEC-2017 ),9,M-CYCLE/SCOOTER,313,951,"1,433",8,0,268,369,186,113,732,544,553,"5,470"
2020,Odisha,MALKANAGIRI RTO - OR30( 25-DEC-2017 ),10,M-CYCLE/SCOOTER-WITH SIDE CAR,0,0,0,0,0,0,0,0,0,4,0,0,4
2020,Odisha,MALKANAGIRI RTO - OR30( 25-DEC-2017 ),11,MOPED,9,8,35,0,0,0,9,29,0,16,11,14,131
2020,Odisha,MALKANAGIRI RTO - OR30( 25-DEC-2017 ),12,MOTOR CAB,0,0,1,0,0,2,1,3,4,0,0,3,14
2020,Odisha,MALKANAGIRI RTO - OR30( 25-DEC-2017 ),13,MOTOR CAR,23,18,20,3,0,7,1,5,11,30,24,15,157
2020,Odisha,MALKANAGIRI RTO - OR30( 25-DEC-2017 ),14,MOTORISED CYCLE (CC > 25CC),0,0,1,0,0,0,0,0,1,0,0,2,4
2020,Odisha,MALKANAGIRI RTO - OR30( 25-DEC-2017 ),15,THREE WHEELER (GOODS),4,10,7,0,0,6,5,3,9,4,1,8,57
2020,Odisha,MALKANAGIRI RTO - OR30( 25-DEC-2017 ),16,THREE WHEELER (PASSENGER),16,38,57,1,0,2,8,1,14,17,6,24,184
2020,Odisha,MALKANAGIRI RTO - OR30( 25-DEC-2017 ),17,TRACTOR (COMMERCIAL),6,28,35,0,0,7,14,28,24,45,34,67,288
2020,Odisha,MALKANAGIRI RTO - OR30( 25-DEC-2017 ),18,TRACTOR-TROLLEY(COMMERCIAL),0,0,2,0,0,0,0,0,2,5,1,2,12
2020,Odisha,MALKANAGIRI RTO - OR30( 25-DEC-2017 ),19,TRAILER (COMMERCIAL),1,1,12,1,0,0,1,0,0,3,0,0,19
2020,Odisha,MALKANAGIRI RTO - OR30( 25-DEC-2017 ),20,VEHICLE FITTED WITH RIG,1,0,0,0,0,0,0,0,0,0,0,0,1
2020,Odisha,MAYURBHANJ RTO - OR11( 08-NOV-2017 ),1,AGRICULTURAL TRACTOR,7,12,15,0,18,55,43,29,25,26,44,49,323
2020,Odisha,MAYURBHANJ RTO - OR11( 08-NOV-2017 ),2,AMBULANCE,2,0,0,0,0,0,0,0,0,0,0,1,3
2020,Odisha,MAYURBHANJ RTO - OR11( 08-NOV-2017 ),3,BUS,1,2,14,0,0,0,0,0,0,1,1,0,19
2020,Odisha,MAYURBHANJ RTO - OR11( 08-NOV-2017 ),4,CONSTRUCTION EQUIPMENT VEHICLE,0,0,2,0,1,3,2,1,0,0,1,2,12
2020,Odisha,MAYURBHANJ RTO - OR11( 08-NOV-2017 ),5,CRANE MOUNTED VEHICLE,0,0,0,0,0,0,0,0,2,0,0,0,2
2020,Odisha,MAYURBHANJ RTO - OR11( 08-NOV-2017 ),6,EARTH MOVING EQUIPMENT,0,0,0,0,0,0,0,1,0,0,0,0,1
2020,Odisha,MAYURBHANJ RTO - OR11( 08-NOV-2017 ),7,EDUCATIONAL INSTITUTION BUS,1,0,2,0,0,0,0,0,0,0,0,0,3
2020,Odisha,MAYURBHANJ RTO - OR11( 08-NOV-2017 ),8,E-RICKSHAW(P),1,1,4,0,2,1,0,1,0,1,2,0,13
2020,Odisha,MAYURBHANJ RTO - OR11( 08-NOV-2017 ),9,E-RICKSHAW WITH CART (G),0,0,0,0,0,1,0,1,0,0,1,0,3
2020,Odisha,MAYURBHANJ RTO - OR11( 08-NOV-2017 ),10,EXCAVATOR (COMMERCIAL),0,0,0,0,0,1,0,0,0,0,0,0,1
2020,Odisha,MAYURBHANJ RTO - OR11( 08-NOV-2017 ),11,EXCAVATOR (NT),2,1,0,0,0,0,0,0,0,0,0,0,3
2020,Odisha,MAYURBHANJ RTO - OR11( 08-NOV-2017 ),12,GOODS CARRIER,41,42,70,0,1,15,26,16,20,28,35,22,316
2020,Odisha,MAYURBHANJ RTO - OR11( 08-NOV-2017 ),13,MAXI CAB,10,5,2,0,0,1,0,0,2,0,2,0,22
2020,Odisha,MAYURBHANJ RTO - OR11( 08-NOV-2017 ),14,M-CYCLE/SCOOTER,"1,841","1,254","1,473",4,518,"1,101","1,150","1,144","1,125","1,706","1,530",983,"13,829"
2020,Odisha,MAYURBHANJ RTO - OR11( 08-NOV-2017 ),15,M-CYCLE/SCOOTER-WITH SIDE CAR,0,2,0,0,0,0,1,1,0,0,0,3,7
2020,Odisha,MAYURBHANJ RTO - OR11( 08-NOV-2017 ),16,MOPED,71,61,45,0,27,62,41,51,43,100,39,51,591
2020,Odisha,MAYURBHANJ RTO - OR11( 08-NOV-2017 ),17,MOTOR CAB,3,0,0,1,2,10,6,4,5,8,4,4,47
2020,Odisha,MAYURBHANJ RTO - OR11( 08-NOV-2017 ),18,MOTOR CAR,92,68,59,0,23,68,87,75,93,146,109,100,920
2020,Odisha,MAYURBHANJ RTO - OR11( 08-NOV-2017 ),19,OMNI BUS,0,0,1,0,0,0,0,0,0,0,0,0,1
2020,Odisha,MAYURBHANJ RTO - OR11( 08-NOV-2017 ),20,OMNI BUS (PRIVATE USE),1,0,0,0,0,0,0,0,0,0,0,0,1
2020,Odisha,MAYURBHANJ RTO - OR11( 08-NOV-2017 ),21,THREE WHEELER (GOODS),23,32,32,0,3,16,14,14,19,20,16,16,205
2020,Odisha,MAYURBHANJ RTO - OR11( 08-NOV-2017 ),22,THREE WHEELER (PASSENGER),31,39,63,0,0,9,10,14,9,14,16,17,222
2020,Odisha,MAYURBHANJ RTO - OR11( 08-NOV-2017 ),23,TRACTOR (COMMERCIAL),27,32,46,0,13,32,35,35,28,37,23,23,331
2020,Odisha,MAYURBHANJ RTO - OR11( 08-NOV-2017 ),24,TRAILER (COMMERCIAL),26,31,43,0,12,28,27,31,31,5,3,15,252
2020,Odisha,NAWARANGPUR RTO - OR24( 07-NOV-2017 ),1,AGRICULTURAL TRACTOR,0,0,0,0,0,0,0,0,0,8,38,60,106
2020,Odisha,NAWARANGPUR RTO - OR24( 07-NOV-2017 ),2,AMBULANCE,0,3,3,0,0,0,0,0,0,0,0,0,6
2020,Odisha,NAWARANGPUR RTO - OR24( 07-NOV-2017 ),3,BUS,0,0,1,0,0,0,0,0,0,0,0,0,1
2020,Odisha,NAWARANGPUR RTO - OR24( 07-NOV-2017 ),4,CONSTRUCTION EQUIPMENT VEHICLE,0,0,1,1,0,0,1,0,2,0,1,1,7
2020,Odisha,NAWARANGPUR RTO - OR24( 07-NOV-2017 ),5,CRANE MOUNTED VEHICLE,0,0,0,0,0,0,0,0,1,0,0,0,1
2020,Odisha,NAWARANGPUR RTO - OR24( 07-NOV-2017 ),6,EDUCATIONAL INSTITUTION BUS,1,1,1,0,0,0,0,0,0,0,0,0,3
2020,Odisha,NAWARANGPUR RTO - OR24( 07-NOV-2017 ),7,EXCAVATOR (COMMERCIAL),0,0,1,0,0,0,3,3,5,4,6,0,22
2020,Odisha,NAWARANGPUR RTO - OR24( 07-NOV-2017 ),8,GOODS CARRIER,20,23,47,0,0,7,3,12,16,22,34,19,203
2020,Odisha,NAWARANGPUR RTO - OR24( 07-NOV-2017 ),9,MAXI CAB,0,1,4,0,0,0,0,0,0,0,1,1,7
2020,Odisha,NAWARANGPUR RTO - OR24( 07-NOV-2017 ),10,M-CYCLE/SCOOTER,"1,327","1,187","1,843",83,33,850,460,360,620,729,841,835,"9,168"
2020,Odisha,NAWARANGPUR RTO - OR24( 07-NOV-2017 ),11,MOPED,55,60,87,2,0,44,26,16,24,37,39,42,432
2020,Odisha,NAWARANGPUR RTO - OR24( 07-NOV-2017 ),12,MOTOR CAB,0,0,0,0,0,1,0,0,1,5,0,3,10
2020,Odisha,NAWARANGPUR RTO - OR24( 07-NOV-2017 ),13,MOTOR CAR,24,18,32,3,4,15,9,12,26,35,29,36,243
2020,Odisha,NAWARANGPUR RTO - OR24( 07-NOV-2017 ),14,MOTORISED CYCLE (CC > 25CC),0,1,1,0,0,1,0,2,2,0,1,2,10
2020,Odisha,NAWARANGPUR RTO - OR24( 07-NOV-2017 ),15,OMNI BUS,0,0,2,0,0,0,0,0,0,0,0,0,2
2020,Odisha,NAWARANGPUR RTO - OR24( 07-NOV-2017 ),16,OMNI BUS (PRIVATE USE),0,0,0,1,0,0,0,0,0,0,0,0,1
2020,Odisha,NAWARANGPUR RTO - OR24( 07-NOV-2017 ),17,THREE WHEELER (GOODS),11,6,2,0,0,5,4,4,1,3,1,8,45
2020,Odisha,NAWARANGPUR RTO - OR24( 07-NOV-2017 ),18,THREE WHEELER (PASSENGER),66,37,36,25,0,16,11,6,18,7,0,37,259
2020,Odisha,NAWARANGPUR RTO - OR24( 07-NOV-2017 ),19,THREE WHEELER (PERSONAL),0,0,0,0,0,0,0,0,1,1,0,0,2
2020,Odisha,NAWARANGPUR RTO - OR24( 07-NOV-2017 ),20,TRACTOR (COMMERCIAL),77,38,53,1,5,35,156,65,61,58,21,13,583
2020,Odisha,NAWARANGPUR RTO - OR24( 07-NOV-2017 ),21,TRACTOR-TROLLEY(COMMERCIAL),28,55,45,0,1,3,32,61,51,20,16,14,326
2020,Odisha,NAWARANGPUR RTO - OR24( 07-NOV-2017 ),22,TRAILER (COMMERCIAL),51,65,51,2,2,1,63,77,68,3,19,8,410
2020,Odisha,NAYAGARH RTO - OR25( 25-DEC-2017 ),1,AGRICULTURAL TRACTOR,9,6,7,4,0,10,21,15,1,0,5,22,100
2020,Odisha,NAYAGARH RTO - OR25( 25-DEC-2017 ),2,AMBULANCE,0,0,0,0,0,0,0,0,1,1,0,0,2
2020,Odisha,NAYAGARH RTO - OR25( 25-DEC-2017 ),3,BUS,1,1,2,0,0,0,0,0,0,0,0,0,4
2020,Odisha,NAYAGARH RTO - OR25( 25-DEC-2017 ),4,CONSTRUCTION EQUIPMENT VEHICLE,0,0,0,0,0,0,0,0,0,0,2,2,4
2020,Odisha,NAYAGARH RTO - OR25( 25-DEC-2017 ),5,CRANE MOUNTED VEHICLE,0,0,0,0,0,0,1,0,0,0,0,1,2
2020,Odisha,NAYAGARH RTO - OR25( 25-DEC-2017 ),6,EXCAVATOR (COMMERCIAL),0,0,0,0,0,4,1,2,0,1,1,1,10
2020,Odisha,NAYAGARH RTO - OR25( 25-DEC-2017 ),7,GOODS CARRIER,23,25,31,0,2,5,6,9,11,14,9,10,145
2020,Odisha,NAYAGARH RTO - OR25( 25-DEC-2017 ),8,MAXI CAB,3,0,0,0,0,0,0,0,0,0,0,0,3
2020,Odisha,NAYAGARH RTO - OR25( 25-DEC-2017 ),9,M-CYCLE/SCOOTER,727,798,"1,371",9,284,529,415,406,420,"1,060",910,461,"7,390"
2020,Odisha,NAYAGARH RTO - OR25( 25-DEC-2017 ),10,MOPED,168,149,169,0,110,179,146,107,124,243,170,88,"1,653"
2020,Odisha,NAYAGARH RTO - OR25( 25-DEC-2017 ),11,MOTOR CAB,2,4,0,0,6,4,0,4,0,1,1,0,22
2020,Odisha,NAYAGARH RTO - OR25( 25-DEC-2017 ),12,MOTOR CAR,10,3,8,0,3,2,3,7,3,17,9,6,71
2020,Odisha,NAYAGARH RTO - OR25( 25-DEC-2017 ),13,MOTOR CYCLE/SCOOTER-USED FOR HIRE,0,0,0,0,0,0,0,0,1,0,0,0,1
2020,Odisha,NAYAGARH RTO - OR25( 25-DEC-2017 ),14,MOTORISED CYCLE (CC > 25CC),141,134,169,0,85,152,158,97,126,209,330,120,"1,721"
2020,Odisha,NAYAGARH RTO - OR25( 25-DEC-2017 ),15,OMNI BUS,4,0,0,0,0,0,0,0,0,0,0,0,4
2020,Odisha,NAYAGARH RTO - OR25( 25-DEC-2017 ),16,OMNI BUS (PRIVATE USE),0,0,1,0,0,0,0,0,0,0,0,0,1
2020,Odisha,NAYAGARH RTO - OR25( 25-DEC-2017 ),17,PRIVATE SERVICE VEHICLE (INDIVIDUAL USE),0,0,0,1,0,0,0,0,0,0,0,0,1
2020,Odisha,NAYAGARH RTO - OR25( 25-DEC-2017 ),18,THREE WHEELER (GOODS),15,14,11,0,0,3,3,5,8,14,5,10,88
2020,Odisha,NAYAGARH RTO - OR25( 25-DEC-2017 ),19,THREE WHEELER (PASSENGER),16,25,30,0,2,2,1,0,3,12,5,5,101
2020,Odisha,NAYAGARH RTO - OR25( 25-DEC-2017 ),20,TRACTOR (COMMERCIAL),11,9,21,3,1,21,23,13,0,1,7,24,134
2020,Odisha,NAYAGARH RTO - OR25( 25-DEC-2017 ),21,TRAILER (COMMERCIAL),11,10,21,3,1,22,21,13,0,0,3,22,127
2020,Odisha,NUAPADA RTO - OR26( 06-NOV-2017 ),1,AGRICULTURAL TRACTOR,25,12,12,0,3,10,46,14,27,37,36,59,281
2020,Odisha,NUAPADA RTO - OR26( 06-NOV-2017 ),2,AMBULANCE,2,0,0,0,0,0,0,0,0,0,1,0,3
2020,Odisha,NUAPADA RTO - OR26( 06-NOV-2017 ),3,BUS,0,0,2,1,0,0,0,0,0,0,0,0,3
2020,Odisha,NUAPADA RTO - OR26( 06-NOV-2017 ),4,CONSTRUCTION EQUIPMENT VEHICLE,1,5,6,0,0,1,1,1,1,0,2,1,19
2020,Odisha,NUAPADA RTO - OR26( 06-NOV-2017 ),5,EARTH MOVING EQUIPMENT,0,2,1,0,0,0,0,0,0,0,0,0,3
2020,Odisha,NUAPADA RTO - OR26( 06-NOV-2017 ),6,EDUCATIONAL INSTITUTION BUS,2,3,9,0,0,0,0,0,0,0,0,0,14
2020,Odisha,NUAPADA RTO - OR26( 06-NOV-2017 ),7,EXCAVATOR (COMMERCIAL),0,0,1,0,0,0,0,0,0,0,0,0,1
2020,Odisha,NUAPADA RTO - OR26( 06-NOV-2017 ),8,GOODS CARRIER,14,24,52,2,0,1,9,10,9,20,11,17,169
2020,Odisha,NUAPADA RTO - OR26( 06-NOV-2017 ),9,HARVESTER,0,0,1,0,0,0,0,0,0,0,0,4,5
2020,Odisha,NUAPADA RTO - OR26( 06-NOV-2017 ),10,MAXI CAB,5,5,3,1,0,2,1,1,1,2,0,3,24
2020,Odisha,NUAPADA RTO - OR26( 06-NOV-2017 ),11,M-CYCLE/SCOOTER,548,517,"2,104",23,61,267,551,210,292,371,695,560,"6,199"
2020,Odisha,NUAPADA RTO - OR26( 06-NOV-2017 ),12,MOPED,38,40,53,0,12,46,48,30,33,46,46,44,436
2020,Odisha,NUAPADA RTO - OR26( 06-NOV-2017 ),13,MOTOR CAB,1,1,1,0,0,1,0,0,0,0,0,1,5
2020,Odisha,NUAPADA RTO - OR26( 06-NOV-2017 ),14,MOTOR CAR,29,27,28,4,1,18,27,19,28,42,23,20,266
2020,Odisha,NUAPADA RTO - OR26( 06-NOV-2017 ),15,MOTORISED CYCLE (CC > 25CC),0,0,0,0,0,0,1,0,0,0,0,0,1
2020,Odisha,NUAPADA RTO - OR26( 06-NOV-2017 ),16,OMNI BUS (PRIVATE USE),0,1,2,0,0,0,0,0,0,0,0,0,3
2020,Odisha,NUAPADA RTO - OR26( 06-NOV-2017 ),17,PRIVATE SERVICE VEHICLE,0,1,0,0,0,0,0,0,0,0,0,0,1
2020,Odisha,NUAPADA RTO - OR26( 06-NOV-2017 ),18,THREE WHEELER (GOODS),3,5,3,0,0,0,0,0,1,3,0,2,17
2020,Odisha,NUAPADA RTO - OR26( 06-NOV-2017 ),19,THREE WHEELER (PASSENGER),9,21,25,0,0,2,2,2,3,4,0,2,70
2020,Odisha,NUAPADA RTO - OR26( 06-NOV-2017 ),20,TRACTOR (COMMERCIAL),19,8,27,3,9,23,16,15,21,18,24,7,190
2020,Odisha,NUAPADA RTO - OR26( 06-NOV-2017 ),21,TRACTOR-TROLLEY(COMMERCIAL),0,0,1,0,1,0,4,0,1,0,0,1,8
2020,Odisha,NUAPADA RTO - OR26( 06-NOV-2017 ),22,TRAILER (COMMERCIAL),17,12,22,0,4,7,6,4,12,4,3,4,95
2020,Odisha,PHULBANI RTO - OR12( 23-OCT-2017 ),1,AGRICULTURAL TRACTOR,0,0,0,0,0,0,0,0,2,5,15,9,31
2020,Odisha,PHULBANI RTO - OR12( 23-OCT-2017 ),2,AMBULANCE,1,0,0,0,0,0,0,0,0,0,0,0,1
2020,Odisha,PHULBANI RTO - OR12( 23-OCT-2017 ),3,BUS,1,1,1,0,0,0,0,0,0,0,1,0,4
2020,Odisha,PHULBANI RTO - OR12( 23-OCT-2017 ),4,CONSTRUCTION EQUIPMENT VEHICLE,0,0,0,1,0,0,0,1,1,0,1,0,4
2020,Odisha,PHULBANI RTO - OR12( 23-OCT-2017 ),5,CRANE MOUNTED VEHICLE,0,0,0,1,0,0,1,0,0,0,0,0,2
2020,Odisha,PHULBANI RTO - OR12( 23-OCT-2017 ),6,EARTH MOVING EQUIPMENT,0,0,0,0,0,0,0,1,0,0,0,0,1
2020,Odisha,PHULBANI RTO - OR12( 23-OCT-2017 ),7,EDUCATIONAL INSTITUTION BUS,0,1,1,0,0,0,0,0,0,0,0,0,2
2020,Odisha,PHULBANI RTO - OR12( 23-OCT-2017 ),8,EXCAVATOR (COMMERCIAL),0,0,1,0,0,0,0,1,0,0,0,0,2
2020,Odisha,PHULBANI RTO - OR12( 23-OCT-2017 ),9,GOODS CARRIER,12,17,14,0,0,6,2,2,6,8,3,7,77
2020,Odisha,PHULBANI RTO - OR12( 23-OCT-2017 ),10,MAXI CAB,2,4,4,0,0,2,2,1,1,4,1,1,22
2020,Odisha,PHULBANI RTO - OR12( 23-OCT-2017 ),11,M-CYCLE/SCOOTER,463,461,753,8,225,640,352,368,582,930,605,423,"5,810"
2020,Odisha,PHULBANI RTO - OR12( 23-OCT-2017 ),12,M-CYCLE/SCOOTER-WITH SIDE CAR,0,0,1,0,0,0,0,0,0,0,0,0,1
2020,Odisha,PHULBANI RTO - OR12( 23-OCT-2017 ),13,MOPED,12,13,8,0,5,26,6,14,18,33,16,15,166
2020,Odisha,PHULBANI RTO - OR12( 23-OCT-2017 ),14,MOTOR CAB,2,1,0,0,0,2,1,2,0,1,2,0,11
2020,Odisha,PHULBANI RTO - OR12( 23-OCT-2017 ),15,MOTOR CAR,2,5,5,0,0,3,5,5,9,18,8,10,70
2020,Odisha,PHULBANI RTO - OR12( 23-OCT-2017 ),16,MOTORISED CYCLE (CC > 25CC),0,0,0,0,0,0,0,0,1,0,1,0,2
2020,Odisha,PHULBANI RTO - OR12( 23-OCT-2017 ),17,THREE WHEELER (GOODS),3,5,4,0,3,3,4,1,3,11,6,7,50
2020,Odisha,PHULBANI RTO - OR12( 23-OCT-2017 ),18,THREE WHEELER (PASSENGER),29,39,43,0,2,18,16,9,45,49,34,24,308
2020,Odisha,PHULBANI RTO - OR12( 23-OCT-2017 ),19,TRACTOR (COMMERCIAL),5,14,21,0,0,3,4,9,9,28,3,9,105
2020,Odisha,PHULBANI RTO - OR12( 23-OCT-2017 ),20,TRACTOR-TROLLEY(COMMERCIAL),0,0,0,0,0,0,0,0,0,1,0,0,1
2020,Odisha,PHULBANI RTO - OR12( 23-OCT-2017 ),21,TRAILER (COMMERCIAL),5,10,19,1,0,4,4,9,10,11,7,8,88
2020,Odisha,PURI RTO - OR13( 25-DEC-2017 ),1,AGRICULTURAL TRACTOR,15,10,13,0,0,10,14,32,22,29,19,22,186
2020,Odisha,PURI RTO - OR13( 25-DEC-2017 ),2,AMBULANCE,0,0,0,0,0,0,0,0,0,0,0,1,1
2020,Odisha,PURI RTO - OR13( 25-DEC-2017 ),3,BUS,2,3,1,0,0,0,0,0,0,0,0,0,6
2020,Odisha,PURI RTO - OR13( 25-DEC-2017 ),4,CONSTRUCTION EQUIPMENT VEHICLE,0,2,0,0,0,0,0,0,0,0,0,1,3
2020,Odisha,PURI RTO - OR13( 25-DEC-2017 ),5,EDUCATIONAL INSTITUTION BUS,0,1,2,0,0,0,0,0,0,0,0,0,3
2020,Odisha,PURI RTO - OR13( 25-DEC-2017 ),6,E-RICKSHAW(P),8,13,12,0,0,1,5,0,0,1,1,5,46
2020,Odisha,PURI RTO - OR13( 25-DEC-2017 ),7,E-RICKSHAW WITH CART (G),0,1,0,0,0,0,0,0,0,0,0,0,1
2020,Odisha,PURI RTO - OR13( 25-DEC-2017 ),8,EXCAVATOR (COMMERCIAL),1,0,0,0,0,0,0,0,0,0,0,0,1
2020,Odisha,PURI RTO - OR13( 25-DEC-2017 ),9,GOODS CARRIER,27,17,13,0,0,6,4,9,7,12,13,5,113
2020,Odisha,PURI RTO - OR13( 25-DEC-2017 ),10,MAXI CAB,2,1,4,0,0,1,0,0,0,0,0,0,8
2020,Odisha,PURI RTO - OR13( 25-DEC-2017 ),11,M-CYCLE/SCOOTER,"1,392","1,160","1,645",26,392,830,996,849,920,"1,573","1,663",955,"12,401"
2020,Odisha,PURI RTO - OR13( 25-DEC-2017 ),12,MOPED,2,6,2,0,2,6,9,6,4,4,11,6,58
2020,Odisha,PURI RTO - OR13( 25-DEC-2017 ),13,MOTOR CAB,5,3,3,2,1,0,0,0,0,1,0,1,16
2020,Odisha,PURI RTO - OR13( 25-DEC-2017 ),14,MOTOR CAR,26,15,8,1,6,15,9,15,19,30,21,39,204
2020,Odisha,PURI RTO - OR13( 25-DEC-2017 ),15,MOTOR CYCLE/SCOOTER-USED FOR HIRE,0,0,0,0,0,1,0,0,0,0,0,0,1
2020,Odisha,PURI RTO - OR13( 25-DEC-2017 ),16,MOTORISED CYCLE (CC > 25CC),1,0,0,0,0,0,0,0,1,0,0,0,2
2020,Odisha,PURI RTO - OR13( 25-DEC-2017 ),17,OMNI BUS,2,4,2,0,0,0,0,0,1,0,0,0,9
2020,Odisha,PURI RTO - OR13( 25-DEC-2017 ),18,THREE WHEELER (GOODS),15,15,7,0,3,9,10,9,8,20,10,10,116
2020,Odisha,PURI RTO - OR13( 25-DEC-2017 ),19,THREE WHEELER (PASSENGER),8,6,10,1,0,0,0,0,2,1,3,2,33
2020,Odisha,PURI RTO - OR13( 25-DEC-2017 ),20,TRACTOR (COMMERCIAL),16,13,7,1,0,4,4,7,4,9,22,11,98
2020,Odisha,PURI RTO - OR13( 25-DEC-2017 ),21,TRACTOR-TROLLEY(COMMERCIAL),0,0,0,0,0,0,0,0,1,1,0,0,2
2020,Odisha,PURI RTO - OR13( 25-DEC-2017 ),22,TRAILER (COMMERCIAL),15,13,8,1,0,3,4,6,3,3,2,14,72
2020,Odisha,RAIRANGPUR ARTO - OR111( 08-NOV-2017 ),1,AGRICULTURAL TRACTOR,1,7,2,1,1,9,4,11,7,15,13,17,88
2020,Odisha,RAIRANGPUR ARTO - OR111( 08-NOV-2017 ),2,BUS,2,1,2,6,0,0,0,0,0,0,0,0,11
2020,Odisha,RAIRANGPUR ARTO - OR111( 08-NOV-2017 ),3,CONSTRUCTION EQUIPMENT VEHICLE,0,0,0,0,2,2,2,2,3,0,0,0,11
2020,Odisha,RAIRANGPUR ARTO - OR111( 08-NOV-2017 ),4,CRANE MOUNTED VEHICLE,0,0,0,0,0,0,0,0,0,1,0,0,1
2020,Odisha,RAIRANGPUR ARTO - OR111( 08-NOV-2017 ),5,E-RICKSHAW(P),1,0,0,0,0,0,0,0,0,0,0,0,1
2020,Odisha,RAIRANGPUR ARTO - OR111( 08-NOV-2017 ),6,GOODS CARRIER,19,24,18,0,0,3,3,10,15,17,14,13,136
2020,Odisha,RAIRANGPUR ARTO - OR111( 08-NOV-2017 ),7,MAXI CAB,6,6,2,0,0,0,0,0,0,2,2,3,21
2020,Odisha,RAIRANGPUR ARTO - OR111( 08-NOV-2017 ),8,M-CYCLE/SCOOTER,722,568,689,2,228,554,532,478,696,766,"1,029",521,"6,785"
2020,Odisha,RAIRANGPUR ARTO - OR111( 08-NOV-2017 ),9,M-CYCLE/SCOOTER-WITH SIDE CAR,1,0,1,0,0,0,0,0,0,1,0,1,4
2020,Odisha,RAIRANGPUR ARTO - OR111( 08-NOV-2017 ),10,MOPED,47,24,29,0,11,22,15,29,31,42,52,39,341
2020,Odisha,RAIRANGPUR ARTO - OR111( 08-NOV-2017 ),11,MOTOR CAB,3,1,0,0,0,5,3,6,4,2,5,7,36
2020,Odisha,RAIRANGPUR ARTO - OR111( 08-NOV-2017 ),12,MOTOR CAR,19,16,10,0,4,10,11,13,18,20,23,16,160
2020,Odisha,RAIRANGPUR ARTO - OR111( 08-NOV-2017 ),13,MOTORISED CYCLE (CC > 25CC),1,2,0,0,0,0,0,1,2,0,0,3,9
2020,Odisha,RAIRANGPUR ARTO - OR111( 08-NOV-2017 ),14,THREE WHEELER (GOODS),11,10,10,0,0,3,0,10,13,9,7,17,90
2020,Odisha,RAIRANGPUR ARTO - OR111( 08-NOV-2017 ),15,THREE WHEELER (PASSENGER),15,33,19,0,0,0,0,4,7,8,13,6,105
2020,Odisha,RAIRANGPUR ARTO - OR111( 08-NOV-2017 ),16,TRACTOR (COMMERCIAL),17,21,29,0,10,25,15,21,27,27,48,23,263
2020,Odisha,RAIRANGPUR ARTO - OR111( 08-NOV-2017 ),17,TRAILER (COMMERCIAL),15,17,26,0,9,20,12,17,29,12,16,5,178
2020,Odisha,RAYGADA RTO - OR18( 25-DEC-2017 ),1,AGRICULTURAL TRACTOR,0,3,3,0,0,0,0,1,0,0,1,4,12
2020,Odisha,RAYGADA RTO - OR18( 25-DEC-2017 ),2,AMBULANCE,4,0,1,0,0,0,0,1,1,0,0,1,8
2020,Odisha,RAYGADA RTO - OR18( 25-DEC-2017 ),3,BUS,1,0,5,0,0,0,0,0,0,1,0,2,9
2020,Odisha,RAYGADA RTO - OR18( 25-DEC-2017 ),4,CONSTRUCTION EQUIPMENT VEHICLE,5,6,11,0,2,3,6,5,3,1,7,2,51
2020,Odisha,RAYGADA RTO - OR18( 25-DEC-2017 ),5,CRANE MOUNTED VEHICLE,0,1,0,0,0,0,1,0,0,0,0,0,2
2020,Odisha,RAYGADA RTO - OR18( 25-DEC-2017 ),6,EDUCATIONAL INSTITUTION BUS,0,0,7,0,0,0,0,0,0,0,0,0,7
2020,Odisha,RAYGADA RTO - OR18( 25-DEC-2017 ),7,GOODS CARRIER,21,39,73,0,4,3,6,13,18,19,27,21,244
2020,Odisha,RAYGADA RTO - OR18( 25-DEC-2017 ),8,LUXURY CAB,0,0,0,0,0,0,0,0,1,0,0,0,1
2020,Odisha,RAYGADA RTO - OR18( 25-DEC-2017 ),9,MAXI CAB,2,1,9,0,0,1,1,3,1,4,2,0,24
2020,Odisha,RAYGADA RTO - OR18( 25-DEC-2017 ),10,M-CYCLE/SCOOTER,616,"1,029","1,676",18,530,863,918,454,846,"1,516","1,239",790,"10,495"
2020,Odisha,RAYGADA RTO - OR18( 25-DEC-2017 ),11,M-CYCLE/SCOOTER-WITH SIDE CAR,0,0,0,0,0,0,1,0,0,0,1,0,2
2020,Odisha,RAYGADA RTO - OR18( 25-DEC-2017 ),12,MOPED,48,75,105,1,53,73,97,16,133,80,219,74,974
2020,Odisha,RAYGADA RTO - OR18( 25-DEC-2017 ),13,MOTOR CAB,4,5,6,0,1,0,1,4,6,6,5,2,40
2020,Odisha,RAYGADA RTO - OR18( 25-DEC-2017 ),14,MOTOR CAR,22,34,29,3,2,11,30,15,39,66,63,55,369
2020,Odisha,RAYGADA RTO - OR18( 25-DEC-2017 ),15,MOTORISED CYCLE (CC > 25CC),1,3,1,0,0,3,1,0,1,1,3,1,15
2020,Odisha,RAYGADA RTO - OR18( 25-DEC-2017 ),16,OMNI BUS,4,0,2,0,0,0,0,0,1,0,0,0,7
2020,Odisha,RAYGADA RTO - OR18( 25-DEC-2017 ),17,OMNI BUS (PRIVATE USE),2,0,0,0,0,0,0,0,0,1,0,0,3
2020,Odisha,RAYGADA RTO - OR18( 25-DEC-2017 ),18,PRIVATE SERVICE VEHICLE,0,0,0,0,0,0,1,0,0,1,0,0,2
2020,Odisha,RAYGADA RTO - OR18( 25-DEC-2017 ),19,THREE WHEELER (GOODS),5,5,4,0,0,1,1,1,2,3,5,6,33
2020,Odisha,RAYGADA RTO - OR18( 25-DEC-2017 ),20,THREE WHEELER (PASSENGER),27,27,32,1,1,3,11,0,13,14,5,27,161
2020,Odisha,RAYGADA RTO - OR18( 25-DEC-2017 ),21,TRACTOR (COMMERCIAL),30,37,50,2,13,32,35,24,54,59,46,46,428
2020,Odisha,RAYGADA RTO - OR18( 25-DEC-2017 ),22,TRACTOR-TROLLEY(COMMERCIAL),0,0,2,0,0,0,2,1,0,0,0,1,6
2020,Odisha,RAYGADA RTO - OR18( 25-DEC-2017 ),23,TRAILER (COMMERCIAL),26,25,24,1,2,10,10,15,21,8,13,29,184
2020,Odisha,ROURKELA RTO - OR14( 25-DEC-2017 ),1,AGRICULTURAL TRACTOR,0,0,0,0,0,4,5,1,3,3,23,20,59
2020,Odisha,ROURKELA RTO - OR14( 25-DEC-2017 ),2,AMBULANCE,3,1,0,0,0,0,0,0,0,0,6,0,10
2020,Odisha,ROURKELA RTO - OR14( 25-DEC-2017 ),3,BUS,0,4,4,0,0,0,1,0,0,0,0,0,9
2020,Odisha,ROURKELA RTO - OR14( 25-DEC-2017 ),4,CONSTRUCTION EQUIPMENT VEHICLE,5,4,11,1,1,3,1,3,5,1,7,13,55
2020,Odisha,ROURKELA RTO - OR14( 25-DEC-2017 ),5,CRANE MOUNTED VEHICLE,0,3,5,1,1,1,1,2,4,0,2,2,22
2020,Odisha,ROURKELA RTO - OR14( 25-DEC-2017 ),6,EARTH MOVING EQUIPMENT,1,1,1,0,0,0,0,0,0,0,0,0,3
2020,Odisha,ROURKELA RTO - OR14( 25-DEC-2017 ),7,EDUCATIONAL INSTITUTION BUS,0,1,1,0,0,0,0,0,0,0,0,0,2
2020,Odisha,ROURKELA RTO - OR14( 25-DEC-2017 ),8,E-RICKSHAW WITH CART (G),0,0,0,0,0,0,0,0,0,0,45,7,52
2020,Odisha,ROURKELA RTO - OR14( 25-DEC-2017 ),9,FORK LIFT,2,0,0,0,0,0,1,0,0,0,0,0,3
2020,Odisha,ROURKELA RTO - OR14( 25-DEC-2017 ),10,GOODS CARRIER,135,144,287,8,3,27,31,55,108,81,143,159,"1,181"
2020,Odisha,ROURKELA RTO - OR14( 25-DEC-2017 ),11,LUXURY CAB,0,1,0,0,0,0,0,0,0,0,0,0,1
2020,Odisha,ROURKELA RTO - OR14( 25-DEC-2017 ),12,MAXI CAB,0,15,8,0,3,4,8,12,6,12,18,8,94
2020,Odisha,ROURKELA RTO - OR14( 25-DEC-2017 ),13,M-CYCLE/SCOOTER,"2,099","1,668","2,201",21,749,"1,550","1,202","1,652","2,037","1,958","3,144","2,570","20,851"
2020,Odisha,ROURKELA RTO - OR14( 25-DEC-2017 ),14,M-CYCLE/SCOOTER-WITH SIDE CAR,0,0,0,0,0,0,1,1,1,0,1,0,4
2020,Odisha,ROURKELA RTO - OR14( 25-DEC-2017 ),15,MOPED,0,1,1,0,0,0,1,2,0,0,2,0,7
2020,Odisha,ROURKELA RTO - OR14( 25-DEC-2017 ),16,MOTOR CAB,19,15,8,0,3,2,0,3,2,1,6,5,64
2020,Odisha,ROURKELA RTO - OR14( 25-DEC-2017 ),17,MOTOR CAR,334,231,230,0,65,195,189,218,277,424,357,396,"2,916"
2020,Odisha,ROURKELA RTO - OR14( 25-DEC-2017 ),18,OMNI BUS,3,0,1,0,0,0,0,0,0,0,0,1,5
2020,Odisha,ROURKELA RTO - OR14( 25-DEC-2017 ),19,OMNI BUS (PRIVATE USE),1,1,1,0,0,0,0,0,0,1,0,1,5
2020,Odisha,ROURKELA RTO - OR14( 25-DEC-2017 ),20,THREE WHEELER (GOODS),19,19,23,0,3,13,6,14,17,7,43,25,189
2020,Odisha,ROURKELA RTO - OR14( 25-DEC-2017 ),21,THREE WHEELER (PASSENGER),63,69,97,0,1,7,5,6,18,9,19,26,320
2020,Odisha,ROURKELA RTO - OR14( 25-DEC-2017 ),22,TRACTOR (COMMERCIAL),31,31,19,1,18,18,39,77,45,37,36,21,373
2020,Odisha,ROURKELA RTO - OR14( 25-DEC-2017 ),23,TRACTOR-TROLLEY(COMMERCIAL),0,0,0,0,0,2,0,0,0,0,0,0,2
2020,Odisha,ROURKELA RTO - OR14( 25-DEC-2017 ),24,TRAILER (COMMERCIAL),19,15,11,0,2,8,12,27,15,10,12,14,145
2020,Odisha,ROURKELA RTO - OR14( 25-DEC-2017 ),25,VEHICLE FITTED WITH COMPRESSOR,0,0,0,0,0,0,0,0,0,0,1,0,1
2020,Odisha,SAMBALPUR RTO - OR15( 04-DEC-2017 ),1,ADAPTED VEHICLE,0,0,0,0,0,0,0,0,0,2,0,0,2
2020,Odisha,SAMBALPUR RTO - OR15( 04-DEC-2017 ),2,AGRICULTURAL TRACTOR,0,3,3,0,0,1,1,1,11,14,57,35,126
2020,Odisha,SAMBALPUR RTO - OR15( 04-DEC-2017 ),3,AMBULANCE,2,1,0,0,0,0,0,0,0,0,0,2,5
2020,Odisha,SAMBALPUR RTO - OR15( 04-DEC-2017 ),4,BUS,3,1,11,0,0,0,0,1,0,0,0,0,16
2020,Odisha,SAMBALPUR RTO - OR15( 04-DEC-2017 ),5,CONSTRUCTION EQUIPMENT VEHICLE,8,10,16,0,1,13,8,7,5,9,10,9,96
2020,Odisha,SAMBALPUR RTO - OR15( 04-DEC-2017 ),6,CRANE MOUNTED VEHICLE,4,0,0,0,0,0,0,0,1,1,1,1,8
2020,Odisha,SAMBALPUR RTO - OR15( 04-DEC-2017 ),7,EARTH MOVING EQUIPMENT,0,0,1,0,0,0,0,0,1,0,0,0,2
2020,Odisha,SAMBALPUR RTO - OR15( 04-DEC-2017 ),8,EDUCATIONAL INSTITUTION BUS,0,3,13,0,0,0,0,0,0,2,0,0,18
2020,Odisha,SAMBALPUR RTO - OR15( 04-DEC-2017 ),9,E-RICKSHAW(P),0,0,0,0,0,0,0,0,0,0,1,4,5
2020,Odisha,SAMBALPUR RTO - OR15( 04-DEC-2017 ),10,EXCAVATOR (COMMERCIAL),0,0,1,0,0,0,0,0,0,0,0,0,1
2020,Odisha,SAMBALPUR RTO - OR15( 04-DEC-2017 ),11,EXCAVATOR (NT),1,0,0,0,0,0,0,0,0,0,0,0,1
2020,Odisha,SAMBALPUR RTO - OR15( 04-DEC-2017 ),12,FIRE FIGHTING VEHICLE,0,0,1,0,0,0,0,0,0,0,0,0,1
2020,Odisha,SAMBALPUR RTO - OR15( 04-DEC-2017 ),13,FIRE TENDERS,0,0,0,0,0,0,0,0,1,0,0,0,1
2020,Odisha,SAMBALPUR RTO - OR15( 04-DEC-2017 ),14,FORK LIFT,0,0,2,0,0,0,0,1,0,0,0,0,3
2020,Odisha,SAMBALPUR RTO - OR15( 04-DEC-2017 ),15,GOODS CARRIER,84,113,219,3,0,10,18,26,26,36,70,54,659
2020,Odisha,SAMBALPUR RTO - OR15( 04-DEC-2017 ),16,HARVESTER,1,0,1,0,0,0,1,0,0,0,0,6,9
2020,Odisha,SAMBALPUR RTO - OR15( 04-DEC-2017 ),17,MAXI CAB,15,10,26,0,2,7,2,7,8,7,4,2,90
2020,Odisha,SAMBALPUR RTO - OR15( 04-DEC-2017 ),18,M-CYCLE/SCOOTER,"1,754","1,713","2,398",223,499,"1,477",996,854,"1,400","1,764","2,083","1,360","16,521"
2020,Odisha,SAMBALPUR RTO - OR15( 04-DEC-2017 ),19,M-CYCLE/SCOOTER-WITH SIDE CAR,0,0,0,0,0,2,0,0,0,2,1,2,7
2020,Odisha,SAMBALPUR RTO - OR15( 04-DEC-2017 ),20,MOPED,100,69,121,66,15,33,48,31,62,41,140,85,811
2020,Odisha,SAMBALPUR RTO - OR15( 04-DEC-2017 ),21,MOTOR CAB,8,12,4,1,3,2,0,4,3,2,2,10,51
2020,Odisha,SAMBALPUR RTO - OR15( 04-DEC-2017 ),22,MOTOR CAR,191,196,164,12,74,147,122,154,196,281,235,229,"2,001"
2020,Odisha,SAMBALPUR RTO - OR15( 04-DEC-2017 ),23,MOTORISED CYCLE (CC > 25CC),0,0,1,0,0,0,0,0,0,0,0,1,2
2020,Odisha,SAMBALPUR RTO - OR15( 04-DEC-2017 ),24,OMNI BUS,1,0,0,0,0,0,0,1,5,0,0,0,7
2020,Odisha,SAMBALPUR RTO - OR15( 04-DEC-2017 ),25,OMNI BUS (PRIVATE USE),0,0,0,0,0,1,0,0,0,0,0,0,1
2020,Odisha,SONEPUR RTO - OR31( 08-NOV-2017 ),1,AGRICULTURAL TRACTOR,9,5,3,0,1,7,14,3,8,9,50,62,171
2020,Odisha,SONEPUR RTO - OR31( 08-NOV-2017 ),2,AMBULANCE,1,0,0,0,0,0,0,0,0,0,0,0,1
2020,Odisha,SONEPUR RTO - OR31( 08-NOV-2017 ),3,BUS,1,0,0,0,0,0,0,0,0,0,0,0,1
2020,Odisha,SONEPUR RTO - OR31( 08-NOV-2017 ),4,CONSTRUCTION EQUIPMENT VEHICLE,3,5,7,0,0,1,0,1,4,0,0,2,23
2020,Odisha,SONEPUR RTO - OR31( 08-NOV-2017 ),5,CRANE MOUNTED VEHICLE,0,0,0,0,0,0,0,1,0,0,0,0,1
2020,Odisha,SONEPUR RTO - OR31( 08-NOV-2017 ),6,EDUCATIONAL INSTITUTION BUS,0,0,2,0,0,0,0,0,0,0,0,0,2
2020,Odisha,SONEPUR RTO - OR31( 08-NOV-2017 ),7,E-RICKSHAW(P),0,0,0,0,0,0,0,1,0,0,0,0,1
2020,Odisha,SONEPUR RTO - OR31( 08-NOV-2017 ),8,EXCAVATOR (COMMERCIAL),0,0,1,0,0,0,0,0,0,0,0,0,1
2020,Odisha,SONEPUR RTO - OR31( 08-NOV-2017 ),9,GOODS CARRIER,14,22,37,0,1,11,11,6,14,16,14,11,157
2020,Odisha,SONEPUR RTO - OR31( 08-NOV-2017 ),10,HARVESTER,0,0,0,6,1,0,0,0,0,0,0,1,8
2020,Odisha,SONEPUR RTO - OR31( 08-NOV-2017 ),11,MAXI CAB,2,2,4,0,1,3,0,0,0,3,0,0,15
2020,Odisha,SONEPUR RTO - OR31( 08-NOV-2017 ),12,M-CYCLE/SCOOTER,"1,034",943,"3,156",72,383,"1,065",930,373,500,654,675,534,"10,319"
2020,Odisha,SONEPUR RTO - OR31( 08-NOV-2017 ),13,MOPED,1,3,7,0,9,2,3,5,4,2,20,7,63
2020,Odisha,SONEPUR RTO - OR31( 08-NOV-2017 ),14,MOTOR CAB,2,0,1,0,0,0,1,1,1,1,0,0,7
2020,Odisha,SONEPUR RTO - OR31( 08-NOV-2017 ),15,MOTOR CAR,17,20,21,0,2,13,18,11,19,33,22,16,192
2020,Odisha,SONEPUR RTO - OR31( 08-NOV-2017 ),16,MOTOR CYCLE/SCOOTER-USED FOR HIRE,0,0,0,0,0,1,0,0,0,0,0,0,1
2020,Odisha,SONEPUR RTO - OR31( 08-NOV-2017 ),17,MOTORISED CYCLE (CC > 25CC),2,0,1,0,0,0,1,1,0,1,11,9,26
2020,Odisha,SONEPUR RTO - OR31( 08-NOV-2017 ),18,OMNI BUS (PRIVATE USE),1,1,0,0,0,0,0,0,0,0,0,0,2
2020,Odisha,SONEPUR RTO - OR31( 08-NOV-2017 ),19,THREE WHEELER (GOODS),1,0,2,0,1,0,0,1,2,2,7,2,18
2020,Odisha,SONEPUR RTO - OR31( 08-NOV-2017 ),20,THREE WHEELER (PASSENGER),12,10,21,0,0,0,3,1,2,1,6,2,58
2020,Odisha,SONEPUR RTO - OR31( 08-NOV-2017 ),21,TRACTOR (COMMERCIAL),59,59,77,0,14,74,54,50,67,124,22,12,612
2020,Odisha,SONEPUR RTO - OR31( 08-NOV-2017 ),22,TRACTOR-TROLLEY(COMMERCIAL),15,27,39,0,1,18,4,2,11,9,0,2,128
2020,Odisha,SONEPUR RTO - OR31( 08-NOV-2017 ),23,TRAILER (COMMERCIAL),2,2,7,0,1,16,9,9,7,9,1,2,65
2020,Odisha,SUNDERGARH RTO - OR16( 08-NOV-2017 ),1,AGRICULTURAL TRACTOR,0,0,0,0,0,0,0,0,0,7,11,35,53
2020,Odisha,SUNDERGARH RTO - OR16( 08-NOV-2017 ),2,AMBULANCE,1,31,15,0,0,0,0,0,2,0,0,0,49
2020,Odisha,SUNDERGARH RTO - OR16( 08-NOV-2017 ),3,ARTICULATED VEHICLE,0,8,33,0,0,0,0,0,0,0,0,0,41
2020,Odisha,SUNDERGARH RTO - OR16( 08-NOV-2017 ),4,BUS,3,3,4,0,0,0,0,0,0,0,0,0,10
2020,Odisha,SUNDERGARH RTO - OR16( 08-NOV-2017 ),5,CONSTRUCTION EQUIPMENT VEHICLE,8,19,9,0,0,3,3,3,8,0,1,3,57
2020,Odisha,SUNDERGARH RTO - OR16( 08-NOV-2017 ),6,CRANE MOUNTED VEHICLE,1,0,4,0,0,0,0,0,1,0,0,0,6
2020,Odisha,SUNDERGARH RTO - OR16( 08-NOV-2017 ),7,DUMPER,0,16,5,0,0,0,0,0,0,0,0,0,21
2020,Odisha,SUNDERGARH RTO - OR16( 08-NOV-2017 ),8,EARTH MOVING EQUIPMENT,0,0,0,0,0,0,0,0,1,1,2,3,7
2020,Odisha,SUNDERGARH RTO - OR16( 08-NOV-2017 ),9,EDUCATIONAL INSTITUTION BUS,0,0,1,0,0,0,0,0,0,0,1,0,2
2020,Odisha,SUNDERGARH RTO - OR16( 08-NOV-2017 ),10,FORK LIFT,0,0,1,0,0,0,0,0,0,0,0,0,1
2020,Odisha,SUNDERGARH RTO - OR16( 08-NOV-2017 ),11,GOODS CARRIER,89,110,260,4,0,9,19,10,16,17,25,26,585
2020,Odisha,SUNDERGARH RTO - OR16( 08-NOV-2017 ),12,MAXI CAB,24,15,16,0,2,11,7,4,15,7,19,6,126
2020,Odisha,SUNDERGARH RTO - OR16( 08-NOV-2017 ),13,M-CYCLE/SCOOTER,995,689,"1,530",2,2,468,825,624,681,855,820,931,"8,422"
2020,Odisha,SUNDERGARH RTO - OR16( 08-NOV-2017 ),14,M-CYCLE/SCOOTER-WITH SIDE CAR,1,0,1,0,0,1,0,0,1,0,0,1,5
2020,Odisha,SUNDERGARH RTO - OR16( 08-NOV-2017 ),15,MOPED,35,26,47,1,0,8,21,32,23,31,49,21,294
2020,Odisha,SUNDERGARH RTO - OR16( 08-NOV-2017 ),16,MOTOR CAB,4,1,1,2,0,0,0,1,0,2,1,0,12
2020,Odisha,SUNDERGARH RTO - OR16( 08-NOV-2017 ),17,MOTOR CAR,72,62,48,6,4,41,37,47,61,97,76,86,637
2020,Odisha,SUNDERGARH RTO - OR16( 08-NOV-2017 ),18,MOTORISED CYCLE (CC > 25CC),0,0,0,0,0,0,0,0,0,0,1,0,1
2020,Odisha,SUNDERGARH RTO - OR16( 08-NOV-2017 ),19,OMNI BUS,0,0,0,0,0,0,0,0,1,0,0,0,1
2020,Odisha,SUNDERGARH RTO - OR16( 08-NOV-2017 ),20,PRIVATE SERVICE VEHICLE,0,0,36,0,0,0,0,0,0,0,0,0,36
2020,Odisha,SUNDERGARH RTO - OR16( 08-NOV-2017 ),21,THREE WHEELER (GOODS),2,2,1,0,0,0,0,1,4,2,1,0,13
2020,Odisha,SUNDERGARH RTO - OR16( 08-NOV-2017 ),22,THREE WHEELER (PASSENGER),10,9,25,0,2,0,1,4,2,4,3,1,61
2020,Odisha,SUNDERGARH RTO - OR16( 08-NOV-2017 ),23,TRACTOR (COMMERCIAL),29,35,26,0,0,79,75,71,38,46,39,26,464
2020,Odisha,SUNDERGARH RTO - OR16( 08-NOV-2017 ),24,TRAILER (COMMERCIAL),16,22,11,0,0,35,9,19,25,3,4,8,152
2020,Odisha,TALCHER RTO - OR35( 25-DEC-2017 ),1,AGRICULTURAL TRACTOR,0,1,0,0,0,0,0,0,0,4,1,9,15
2020,Odisha,TALCHER RTO - OR35( 25-DEC-2017 ),2,BUS,1,0,0,0,0,0,0,0,0,0,0,0,1
2020,Odisha,TALCHER RTO - OR35( 25-DEC-2017 ),3,CONSTRUCTION EQUIPMENT VEHICLE,12,8,6,0,1,5,9,8,3,11,8,9,80
2020,Odisha,TALCHER RTO - OR35( 25-DEC-2017 ),4,CRANE MOUNTED VEHICLE,0,0,0,0,0,0,1,0,0,1,0,1,3
2020,Odisha,TALCHER RTO - OR35( 25-DEC-2017 ),5,EARTH MOVING EQUIPMENT,0,2,0,0,0,1,0,0,0,0,0,0,3
2020,Odisha,TALCHER RTO - OR35( 25-DEC-2017 ),6,EDUCATIONAL INSTITUTION BUS,0,0,3,0,0,0,0,0,0,0,0,0,3
2020,Odisha,TALCHER RTO - OR35( 25-DEC-2017 ),7,EXCAVATOR (COMMERCIAL),0,0,0,0,0,5,2,1,1,0,1,1,11
2020,Odisha,TALCHER RTO - OR35( 25-DEC-2017 ),8,EXCAVATOR (NT),0,0,0,0,2,1,2,0,0,0,0,0,5
2020,Odisha,TALCHER RTO - OR35( 25-DEC-2017 ),9,GOODS CARRIER,145,106,237,15,2,4,15,13,29,48,56,87,757
2020,Odisha,TALCHER RTO - OR35( 25-DEC-2017 ),10,MAXI CAB,1,1,2,0,0,0,0,0,0,1,1,1,7
2020,Odisha,TALCHER RTO - OR35( 25-DEC-2017 ),11,M-CYCLE/SCOOTER,536,509,"1,001",8,202,414,431,444,455,999,757,479,"6,235"
2020,Odisha,TALCHER RTO - OR35( 25-DEC-2017 ),12,MOPED,4,4,3,4,0,0,0,0,1,3,2,0,21
2020,Odisha,TALCHER RTO - OR35( 25-DEC-2017 ),13,MOTOR CAB,3,2,0,0,3,6,5,2,2,4,1,3,31
2020,Odisha,TALCHER RTO - OR35( 25-DEC-2017 ),14,MOTOR CAR,14,8,4,1,3,12,22,16,17,28,13,12,150
2020,Odisha,TALCHER RTO - OR35( 25-DEC-2017 ),15,OMNI BUS,0,1,0,0,0,0,0,0,0,2,0,0,3
2020,Odisha,TALCHER RTO - OR35( 25-DEC-2017 ),16,PRIVATE SERVICE VEHICLE,0,0,4,2,0,0,0,0,0,0,0,0,6
2020,Odisha,TALCHER RTO - OR35( 25-DEC-2017 ),17,THREE WHEELER (GOODS),5,2,6,0,0,3,2,3,1,3,2,1,28
2020,Odisha,TALCHER RTO - OR35( 25-DEC-2017 ),18,THREE WHEELER (PASSENGER),5,6,6,0,0,0,1,0,1,0,3,1,23
2020,Odisha,TALCHER RTO - OR35( 25-DEC-2017 ),19,TRACTOR (COMMERCIAL),2,3,4,0,1,3,1,5,9,1,2,1,32
2020,Odisha,TALCHER RTO - OR35( 25-DEC-2017 ),20,TRACTOR-TROLLEY(COMMERCIAL),0,0,0,0,0,0,0,0,2,1,0,2,5
2020,Odisha,TALCHER RTO - OR35( 25-DEC-2017 ),21,TRAILER (COMMERCIAL),2,3,2,0,0,3,1,5,6,1,0,1,24
2019,Odisha,ANGUL RTO - OR19( 25-DEC-2017 ),1,AGRICULTURAL TRACTOR,0,1,0,0,0,0,0,0,0,4,1,9,15
2019,Odisha,ANGUL RTO - OR19( 25-DEC-2017 ),2,BUS,1,0,0,0,0,0,0,0,0,0,0,0,1
2019,Odisha,ANGUL RTO - OR19( 25-DEC-2017 ),3,CONSTRUCTION EQUIPMENT VEHICLE,12,8,6,0,1,5,9,8,3,11,8,9,80
2019,Odisha,ANGUL RTO - OR19( 25-DEC-2017 ),4,CRANE MOUNTED VEHICLE,0,0,0,0,0,0,1,0,0,1,0,1,3
2019,Odisha,ANGUL RTO - OR19( 25-DEC-2017 ),5,EARTH MOVING EQUIPMENT,0,2,0,0,0,1,0,0,0,0,0,0,3
2019,Odisha,ANGUL RTO - OR19( 25-DEC-2017 ),6,EDUCATIONAL INSTITUTION BUS,0,0,3,0,0,0,0,0,0,0,0,0,3
2019,Odisha,ANGUL RTO - OR19( 25-DEC-2017 ),7,EXCAVATOR (COMMERCIAL),0,0,0,0,0,5,2,1,1,0,1,1,11
2019,Odisha,ANGUL RTO - OR19( 25-DEC-2017 ),8,EXCAVATOR (NT),0,0,0,0,2,1,2,0,0,0,0,0,5
2019,Odisha,ANGUL RTO - OR19( 25-DEC-2017 ),9,GOODS CARRIER,145,106,237,15,2,4,15,13,29,48,56,87,757
2019,Odisha,ANGUL RTO - OR19( 25-DEC-2017 ),10,MAXI CAB,1,1,2,0,0,0,0,0,0,1,1,1,7
2019,Odisha,ANGUL RTO - OR19( 25-DEC-2017 ),11,M-CYCLE/SCOOTER,536,509,"1,001",8,202,414,431,444,455,999,757,479,"6,235"
2019,Odisha,ANGUL RTO - OR19( 25-DEC-2017 ),12,MOPED,4,4,3,4,0,0,0,0,1,3,2,0,21
2019,Odisha,ANGUL RTO - OR19( 25-DEC-2017 ),13,MOTOR CAB,3,2,0,0,3,6,5,2,2,4,1,3,31
2019,Odisha,ANGUL RTO - OR19( 25-DEC-2017 ),14,MOTOR CAR,14,8,4,1,3,12,22,16,17,28,13,12,150
2019,Odisha,ANGUL RTO - OR19( 25-DEC-2017 ),15,OMNI BUS,0,1,0,0,0,0,0,0,0,2,0,0,3
2019,Odisha,ANGUL RTO - OR19( 25-DEC-2017 ),16,PRIVATE SERVICE VEHICLE,0,0,4,2,0,0,0,0,0,0,0,0,6
2019,Odisha,ANGUL RTO - OR19( 25-DEC-2017 ),17,THREE WHEELER (GOODS),5,2,6,0,0,3,2,3,1,3,2,1,28
2019,Odisha,ANGUL RTO - OR19( 25-DEC-2017 ),18,THREE WHEELER (PASSENGER),5,6,6,0,0,0,1,0,1,0,3,1,23
2019,Odisha,ANGUL RTO - OR19( 25-DEC-2017 ),19,TRACTOR (COMMERCIAL),2,3,4,0,1,3,1,5,9,1,2,1,32
2019,Odisha,ANGUL RTO - OR19( 25-DEC-2017 ),20,TRACTOR-TROLLEY(COMMERCIAL),0,0,0,0,0,0,0,0,2,1,0,2,5
2019,Odisha,ANGUL RTO - OR19( 25-DEC-2017 ),21,TRAILER (COMMERCIAL),2,3,2,0,0,3,1,5,6,1,0,1,24
2019,Odisha,ARTO BARBIL - OR901( 04-DEC-2017 ),1,AGRICULTURAL TRACTOR,0,0,0,0,0,0,0,1,0,0,0,0,1
2019,Odisha,ARTO BARBIL - OR901( 04-DEC-2017 ),2,AMBULANCE,0,1,1,0,0,1,2,2,0,0,2,0,9
2019,Odisha,ARTO BARBIL - OR901( 04-DEC-2017 ),3,ARTICULATED VEHICLE,0,0,1,0,0,0,0,0,0,0,0,0,1
2019,Odisha,ARTO BARBIL - OR901( 04-DEC-2017 ),4,BUS,0,1,1,0,3,1,0,1,0,1,0,1,9
2019,Odisha,ARTO BARBIL - OR901( 04-DEC-2017 ),5,CAMPER VAN / TRAILER (PRIVATE USE),0,0,0,0,0,2,0,0,0,0,0,0,2
2019,Odisha,ARTO BARBIL - OR901( 04-DEC-2017 ),6,CONSTRUCTION EQUIPMENT VEHICLE,1,1,0,1,0,1,5,3,1,1,2,3,19
2019,Odisha,ARTO BARBIL - OR901( 04-DEC-2017 ),7,CRANE MOUNTED VEHICLE,0,0,0,0,0,0,0,2,0,0,0,1,3
2019,Odisha,ARTO BARBIL - OR901( 04-DEC-2017 ),8,EARTH MOVING EQUIPMENT,0,1,0,0,0,0,1,1,0,0,0,0,3
2019,Odisha,ARTO BARBIL - OR901( 04-DEC-2017 ),9,EDUCATIONAL INSTITUTION BUS,0,0,0,1,0,0,0,0,0,0,0,0,1
2019,Odisha,ARTO BARBIL - OR901( 04-DEC-2017 ),10,EXCAVATOR (COMMERCIAL),5,4,6,5,5,1,4,4,2,2,6,3,47
2019,Odisha,ARTO BARBIL - OR901( 04-DEC-2017 ),11,FIRE FIGHTING VEHICLE,1,0,0,0,0,0,0,0,0,0,0,0,1
2019,Odisha,ARTO BARBIL - OR901( 04-DEC-2017 ),12,GOODS CARRIER,99,127,123,114,203,191,197,214,123,165,86,114,"1,756"
2019,Odisha,ARTO BARBIL - OR901( 04-DEC-2017 ),13,MAXI CAB,2,1,0,2,0,1,4,2,0,5,3,2,22
2019,Odisha,ARTO BARBIL - OR901( 04-DEC-2017 ),14,M-CYCLE/SCOOTER,242,195,237,269,282,249,295,230,375,478,381,225,"3,458"
2019,Odisha,ARTO BARBIL - OR901( 04-DEC-2017 ),15,MOPED,10,14,6,13,10,10,9,5,18,21,8,14,138
2019,Odisha,ARTO BARBIL - OR901( 04-DEC-2017 ),16,MOTOR CAB,3,3,5,0,4,6,6,6,5,3,5,3,49
2019,Odisha,ARTO BARBIL - OR901( 04-DEC-2017 ),17,MOTOR CAR,19,12,15,11,14,19,18,11,7,12,11,8,157
2019,Odisha,ARTO BARBIL - OR901( 04-DEC-2017 ),18,MOTORISED CYCLE (CC > 25CC),36,55,37,53,59,53,99,48,36,50,68,47,641
2019,Odisha,ARTO BARBIL - OR901( 04-DEC-2017 ),19,OMNI BUS,1,1,1,1,0,0,0,0,0,1,1,0,6
2019,Odisha,ARTO BARBIL - OR901( 04-DEC-2017 ),20,PRIVATE SERVICE VEHICLE,1,0,0,0,0,0,0,0,0,0,0,0,1
2019,Odisha,ARTO BARBIL - OR901( 04-DEC-2017 ),21,SNORKED LADDERS,0,1,0,1,0,0,0,0,0,0,0,0,2
2019,Odisha,ARTO BARBIL - OR901( 04-DEC-2017 ),22,THREE WHEELER (GOODS),1,0,5,1,3,4,0,1,3,2,1,1,22
2019,Odisha,ARTO BARBIL - OR901( 04-DEC-2017 ),23,THREE WHEELER (PASSENGER),2,6,4,0,1,3,0,2,4,3,1,1,27
2019,Odisha,ARTO BARBIL - OR901( 04-DEC-2017 ),24,TRACTOR (COMMERCIAL),1,2,1,0,1,0,2,1,0,0,0,0,8
2019,Odisha,ARTO BARBIL - OR901( 04-DEC-2017 ),25,TRAILER (COMMERCIAL),2,1,1,0,1,0,2,1,0,1,0,0,9
2019,Odisha,BALASORE RTO - OR1( 07-NOV-2017 ),1,AGRICULTURAL TRACTOR,66,54,63,28,48,55,115,69,51,62,73,64,748
2019,Odisha,BALASORE RTO - OR1( 07-NOV-2017 ),2,AMBULANCE,4,4,1,4,3,4,3,4,0,2,2,2,33
2019,Odisha,BALASORE RTO - OR1( 07-NOV-2017 ),3,BUS,3,0,1,0,0,2,3,2,0,1,1,0,13
2019,Odisha,BALASORE RTO - OR1( 07-NOV-2017 ),4,CONSTRUCTION EQUIPMENT VEHICLE,0,0,0,1,2,0,2,1,1,1,0,0,8
2019,Odisha,BALASORE RTO - OR1( 07-NOV-2017 ),5,CRANE MOUNTED VEHICLE,1,0,0,0,0,0,2,0,0,0,0,0,3
2019,Odisha,BALASORE RTO - OR1( 07-NOV-2017 ),6,DUMPER,0,0,0,0,0,0,22,0,0,0,2,0,24
2019,Odisha,BALASORE RTO - OR1( 07-NOV-2017 ),7,EARTH MOVING EQUIPMENT,0,0,0,0,0,0,1,0,0,0,0,0,1
2019,Odisha,BALASORE RTO - OR1( 07-NOV-2017 ),8,EDUCATIONAL INSTITUTION BUS,0,0,0,3,1,6,4,3,4,0,0,2,23
2019,Odisha,BALASORE RTO - OR1( 07-NOV-2017 ),9,E-RICKSHAW(P),0,0,0,0,0,1,3,0,1,0,1,3,9
2019,Odisha,BALASORE RTO - OR1( 07-NOV-2017 ),10,EXCAVATOR (COMMERCIAL),0,0,1,1,2,0,1,0,0,0,1,0,6
2019,Odisha,BALASORE RTO - OR1( 07-NOV-2017 ),11,EXCAVATOR (NT),0,0,0,0,1,0,0,0,0,0,0,0,1
2019,Odisha,BALASORE RTO - OR1( 07-NOV-2017 ),12,FORK LIFT,0,0,0,0,0,0,1,0,0,0,0,0,1
2019,Odisha,BALASORE RTO - OR1( 07-NOV-2017 ),13,GOODS CARRIER,100,121,112,89,106,78,116,95,106,124,89,117,"1,253"
2019,Odisha,BALASORE RTO - OR1( 07-NOV-2017 ),14,HARVESTER,0,0,2,1,0,2,0,0,0,0,2,3,10
2019,Odisha,BALASORE RTO - OR1( 07-NOV-2017 ),15,MAXI CAB,25,24,22,12,19,19,19,14,14,17,10,30,225
2019,Odisha,BALASORE RTO - OR1( 07-NOV-2017 ),16,M-CYCLE/SCOOTER,"3,026","2,495","3,755","3,433","3,203","3,128","3,265","2,303","2,762","6,026","2,879","2,193","38,468"
2019,Odisha,BALASORE RTO - OR1( 07-NOV-2017 ),17,M-CYCLE/SCOOTER-WITH SIDE CAR,0,1,2,1,1,2,4,1,2,2,1,0,17
2019,Odisha,BALASORE RTO - OR1( 07-NOV-2017 ),18,MOPED,105,130,165,129,100,119,151,74,114,168,109,70,"1,434"
2019,Odisha,BALASORE RTO - OR1( 07-NOV-2017 ),19,MOTOR CAB,7,3,3,5,1,2,11,5,8,11,6,9,71
2019,Odisha,BALASORE RTO - OR1( 07-NOV-2017 ),20,MOTOR CAR,239,143,170,161,163,173,186,130,205,335,163,186,"2,254"
2019,Odisha,BALASORE RTO - OR1( 07-NOV-2017 ),21,MOTOR CYCLE/SCOOTER-USED FOR HIRE,0,0,0,0,0,0,0,0,1,0,1,0,2
2019,Odisha,BALASORE RTO - OR1( 07-NOV-2017 ),22,MOTORISED CYCLE (CC > 25CC),192,179,240,251,143,169,109,78,47,38,50,32,"1,528"
2019,Odisha,BALASORE RTO - OR1( 07-NOV-2017 ),23,OMNI BUS,1,3,1,0,1,3,2,1,2,2,6,9,31
2019,Odisha,BALASORE RTO - OR1( 07-NOV-2017 ),24,OMNI BUS (PRIVATE USE),0,0,0,0,0,0,0,0,1,0,2,1,4
2019,Odisha,BALASORE RTO - OR1( 07-NOV-2017 ),25,PRIVATE SERVICE VEHICLE,0,0,2,0,0,0,0,0,0,0,0,0,2
2019,Odisha,BARGARH RTO - OR17( 04-DEC-2017 ),1,AGRICULTURAL TRACTOR,69,79,63,74,62,56,135,132,91,85,141,111,"1,098"
2019,Odisha,BARGARH RTO - OR17( 04-DEC-2017 ),2,AMBULANCE,1,1,0,4,1,0,1,0,0,0,0,1,9
2019,Odisha,BARGARH RTO - OR17( 04-DEC-2017 ),3,BUS,2,1,5,4,3,1,1,1,1,3,0,3,25
2019,Odisha,BARGARH RTO - OR17( 04-DEC-2017 ),4,CONSTRUCTION EQUIPMENT VEHICLE,0,0,0,0,1,7,3,3,1,2,2,5,24
2019,Odisha,BARGARH RTO - OR17( 04-DEC-2017 ),5,CRANE MOUNTED VEHICLE,0,0,0,0,0,0,0,0,0,0,3,0,3
2019,Odisha,BARGARH RTO - OR17( 04-DEC-2017 ),6,EARTH MOVING EQUIPMENT,0,0,0,0,0,0,0,0,1,0,0,0,1
2019,Odisha,BARGARH RTO - OR17( 04-DEC-2017 ),7,EDUCATIONAL INSTITUTION BUS,3,1,1,1,2,0,0,6,3,1,6,1,25
2019,Odisha,BARGARH RTO - OR17( 04-DEC-2017 ),8,EXCAVATOR (COMMERCIAL),0,1,0,0,0,0,0,0,0,0,2,2,5
2019,Odisha,BARGARH RTO - OR17( 04-DEC-2017 ),9,GOODS CARRIER,79,94,104,56,55,51,49,57,39,44,79,76,783
2019,Odisha,BARGARH RTO - OR17( 04-DEC-2017 ),10,HARVESTER,2,1,1,1,12,7,0,0,2,0,1,3,30
2019,Odisha,BARGARH RTO - OR17( 04-DEC-2017 ),11,LUXURY CAB,0,0,0,0,0,1,0,0,0,0,0,0,1
2019,Odisha,BARGARH RTO - OR17( 04-DEC-2017 ),12,MAXI CAB,5,6,6,1,2,2,3,0,2,1,2,6,36
2019,Odisha,BARGARH RTO - OR17( 04-DEC-2017 ),13,M-CYCLE/SCOOTER,"1,551","1,886","2,709","2,327","2,829","1,862","2,108","1,477","1,608","1,666","2,307","1,654","23,984"
2019,Odisha,BARGARH RTO - OR17( 04-DEC-2017 ),14,M-CYCLE/SCOOTER-WITH SIDE CAR,1,0,0,0,0,1,2,0,0,0,0,1,5
2019,Odisha,BARGARH RTO - OR17( 04-DEC-2017 ),15,MOPED,242,266,402,229,128,159,223,142,173,146,252,140,"2,502"
2019,Odisha,BARGARH RTO - OR17( 04-DEC-2017 ),16,MOTOR CAB,4,3,10,9,6,6,3,3,5,13,7,10,79
2019,Odisha,BARGARH RTO - OR17( 04-DEC-2017 ),17,MOTOR CAR,168,176,152,124,135,110,77,78,86,184,152,113,"1,555"
2019,Odisha,BARGARH RTO - OR17( 04-DEC-2017 ),18,MOTOR CYCLE/SCOOTER-USED FOR HIRE,0,0,1,0,0,0,0,0,0,0,0,0,1
2019,Odisha,BARGARH RTO - OR17( 04-DEC-2017 ),19,MOTORISED CYCLE (CC > 25CC),0,0,0,0,0,0,0,1,0,0,0,0,1
2019,Odisha,BARGARH RTO - OR17( 04-DEC-2017 ),20,OMNI BUS,5,6,2,2,4,2,2,1,2,3,1,5,35
2019,Odisha,BARGARH RTO - OR17( 04-DEC-2017 ),21,OMNI BUS (PRIVATE USE),0,1,2,0,0,1,0,1,0,0,0,1,6
2019,Odisha,BARGARH RTO - OR17( 04-DEC-2017 ),22,THREE WHEELER (GOODS),11,9,19,6,11,13,10,9,5,7,18,7,125
2019,Odisha,BARGARH RTO - OR17( 04-DEC-2017 ),23,THREE WHEELER (PASSENGER),17,20,20,19,21,34,30,32,39,37,40,26,335
2019,Odisha,BARGARH RTO - OR17( 04-DEC-2017 ),24,TRACTOR (COMMERCIAL),37,70,33,40,33,23,30,19,16,20,34,30,385
2019,Odisha,BARGARH RTO - OR17( 04-DEC-2017 ),25,TRACTOR-TROLLEY(COMMERCIAL),19,50,26,31,24,23,30,17,14,24,51,46,355
2019,Odisha,BHADRAK RTO - OR22( 04-DEC-2017 ),1,AGRICULTURAL TRACTOR,0,0,0,0,0,0,1,0,0,0,0,0,1
2019,Odisha,BHADRAK RTO - OR22( 04-DEC-2017 ),2,AMBULANCE,0,2,1,1,2,0,0,2,0,0,0,2,10
2019,Odisha,BHADRAK RTO - OR22( 04-DEC-2017 ),3,BUS,1,4,1,2,1,3,1,2,2,3,2,2,24
2019,Odisha,BHADRAK RTO - OR22( 04-DEC-2017 ),4,CONSTRUCTION EQUIPMENT VEHICLE,0,0,0,0,2,1,0,3,0,0,0,0,6
2019,Odisha,BHADRAK RTO - OR22( 04-DEC-2017 ),5,DUMPER,1,0,0,0,0,0,0,0,0,0,0,0,1
2019,Odisha,BHADRAK RTO - OR22( 04-DEC-2017 ),6,EDUCATIONAL INSTITUTION BUS,0,0,0,1,1,0,2,2,2,0,1,0,9
2019,Odisha,BHADRAK RTO - OR22( 04-DEC-2017 ),7,EXCAVATOR (COMMERCIAL),0,0,0,0,2,0,0,0,0,0,2,1,5
2019,Odisha,BHADRAK RTO - OR22( 04-DEC-2017 ),8,GOODS CARRIER,45,55,40,29,38,33,26,26,44,34,57,43,470
2019,Odisha,BHADRAK RTO - OR22( 04-DEC-2017 ),9,MAXI CAB,7,7,8,6,9,6,7,4,8,9,7,6,84
2019,Odisha,BHADRAK RTO - OR22( 04-DEC-2017 ),10,M-CYCLE/SCOOTER,"2,016","1,624","1,953","2,169","2,336","1,705","1,371","1,774","1,766","3,002","2,026","1,277","23,019"
2019,Odisha,BHADRAK RTO - OR22( 04-DEC-2017 ),11,M-CYCLE/SCOOTER-WITH SIDE CAR,1,0,0,1,2,0,2,1,2,1,1,0,11
2019,Odisha,BHADRAK RTO - OR22( 04-DEC-2017 ),12,MOPED,86,96,83,67,113,74,38,63,92,132,65,40,949
2019,Odisha,BHADRAK RTO - OR22( 04-DEC-2017 ),13,MOTOR CAB,1,1,4,2,2,0,2,1,2,3,3,5,26
2019,Odisha,BHADRAK RTO - OR22( 04-DEC-2017 ),14,MOTOR CAR,50,34,35,31,26,37,37,33,36,60,42,47,468
2019,Odisha,BHADRAK RTO - OR22( 04-DEC-2017 ),15,MOTOR CYCLE/SCOOTER-USED FOR HIRE,0,0,0,0,0,0,0,0,0,1,0,0,1
2019,Odisha,BHADRAK RTO - OR22( 04-DEC-2017 ),16,OMNI BUS,1,0,0,0,0,0,0,1,0,1,0,0,3
2019,Odisha,BHADRAK RTO - OR22( 04-DEC-2017 ),17,OMNI BUS (PRIVATE USE),0,0,0,0,0,0,0,0,0,1,0,0,1
2019,Odisha,BHADRAK RTO - OR22( 04-DEC-2017 ),18,THREE WHEELER (GOODS),40,37,35,23,34,25,23,17,32,42,25,27,360
2019,Odisha,BHADRAK RTO - OR22( 04-DEC-2017 ),19,THREE WHEELER (PASSENGER),32,25,35,24,35,26,31,30,50,58,44,36,426
2019,Odisha,BHADRAK RTO - OR22( 04-DEC-2017 ),20,TRACTOR (COMMERCIAL),67,49,59,25,22,40,60,46,38,25,66,54,551
2019,Odisha,BHADRAK RTO - OR22( 04-DEC-2017 ),21,TRAILER (COMMERCIAL),59,38,44,17,18,28,40,17,20,19,43,34,377
2019,Odisha,BHANJANAGAR RTO - OR32( 04-DEC-2017 ),1,ADAPTED VEHICLE,0,0,0,0,0,0,0,0,0,1,0,0,1
2019,Odisha,BHANJANAGAR RTO - OR32( 04-DEC-2017 ),2,AGRICULTURAL TRACTOR,0,0,0,0,0,0,0,0,0,0,1,0,1
2019,Odisha,BHANJANAGAR RTO - OR32( 04-DEC-2017 ),3,AMBULANCE,0,0,0,0,1,0,0,0,1,0,0,0,2
2019,Odisha,BHANJANAGAR RTO - OR32( 04-DEC-2017 ),4,BUS,1,2,1,1,0,1,0,0,0,0,2,0,8
2019,Odisha,BHANJANAGAR RTO - OR32( 04-DEC-2017 ),5,CONSTRUCTION EQUIPMENT VEHICLE,0,0,0,0,0,1,0,0,0,0,0,0,1
2019,Odisha,BHANJANAGAR RTO - OR32( 04-DEC-2017 ),6,EDUCATIONAL INSTITUTION BUS,0,1,1,0,2,1,0,0,1,0,1,0,7
2019,Odisha,BHANJANAGAR RTO - OR32( 04-DEC-2017 ),7,EXCAVATOR (COMMERCIAL),1,2,4,3,2,0,4,3,0,5,4,3,31
2019,Odisha,BHANJANAGAR RTO - OR32( 04-DEC-2017 ),8,GOODS CARRIER,10,16,10,6,12,10,10,7,11,15,11,12,130
2019,Odisha,BHANJANAGAR RTO - OR32( 04-DEC-2017 ),9,LUXURY CAB,0,0,0,0,0,0,0,0,0,0,0,1,1
2019,Odisha,BHANJANAGAR RTO - OR32( 04-DEC-2017 ),10,MAXI CAB,2,2,0,1,1,2,1,2,0,3,2,1,17
2019,Odisha,BHANJANAGAR RTO - OR32( 04-DEC-2017 ),11,M-CYCLE/SCOOTER,954,770,"1,071","1,328","1,545",911,752,594,614,"1,430",868,421,"11,258"
2019,Odisha,BHANJANAGAR RTO - OR32( 04-DEC-2017 ),12,MOPED,228,133,229,207,207,132,93,98,93,253,120,87,"1,880"
2019,Odisha,BHANJANAGAR RTO - OR32( 04-DEC-2017 ),13,MOTOR CAB,1,0,4,0,0,0,4,1,0,0,0,1,11
2019,Odisha,BHANJANAGAR RTO - OR32( 04-DEC-2017 ),14,MOTOR CAR,11,7,9,10,8,6,11,8,8,15,10,16,119
2019,Odisha,BHANJANAGAR RTO - OR32( 04-DEC-2017 ),15,MOTORISED CYCLE (CC > 25CC),3,0,1,3,5,4,2,0,1,1,1,0,21
2019,Odisha,BHANJANAGAR RTO - OR32( 04-DEC-2017 ),16,OMNI BUS,0,0,0,0,0,0,0,0,0,1,0,0,1
2019,Odisha,BHANJANAGAR RTO - OR32( 04-DEC-2017 ),17,OMNI BUS (PRIVATE USE),1,0,1,0,0,0,0,0,0,0,0,0,2
2019,Odisha,BHANJANAGAR RTO - OR32( 04-DEC-2017 ),18,THREE WHEELER (GOODS),9,11,11,12,9,3,9,8,10,15,16,9,122
2019,Odisha,BHANJANAGAR RTO - OR32( 04-DEC-2017 ),19,THREE WHEELER (PASSENGER),14,22,27,24,21,16,21,9,14,17,25,17,227
2019,Odisha,BHANJANAGAR RTO - OR32( 04-DEC-2017 ),20,TRACTOR (COMMERCIAL),24,23,17,7,17,10,15,9,7,19,19,16,183
2019,Odisha,BHANJANAGAR RTO - OR32( 04-DEC-2017 ),21,TRAILER (COMMERCIAL),23,16,14,6,15,8,9,8,6,15,16,13,149
2019,Odisha,BHANJANAGAR RTO - OR32( 04-DEC-2017 ),22,VEHICLE FITTED WITH RIG,0,0,0,1,0,0,0,0,0,0,0,0,1
2019,Odisha,BHUBANESWAR-II RTO - OR33( 23-OCT-2017 ),1,AGRICULTURAL TRACTOR,16,12,8,12,4,4,15,5,6,39,24,28,173
2019,Odisha,BHUBANESWAR-II RTO - OR33( 23-OCT-2017 ),2,AMBULANCE,5,3,5,4,6,4,2,5,4,7,2,3,50
2019,Odisha,BHUBANESWAR-II RTO - OR33( 23-OCT-2017 ),3,BUS,3,3,0,0,0,0,0,1,0,1,2,0,10
2019,Odisha,BHUBANESWAR-II RTO - OR33( 23-OCT-2017 ),4,CASH VAN,0,0,0,0,0,1,0,0,0,0,0,0,1
2019,Odisha,BHUBANESWAR-II RTO - OR33( 23-OCT-2017 ),5,CONSTRUCTION EQUIPMENT VEHICLE,2,1,2,7,2,3,9,2,4,4,5,6,47
2019,Odisha,BHUBANESWAR-II RTO - OR33( 23-OCT-2017 ),6,CRANE MOUNTED VEHICLE,1,2,0,0,0,0,1,2,1,0,0,2,9
2019,Odisha,BHUBANESWAR-II RTO - OR33( 23-OCT-2017 ),7,EARTH MOVING EQUIPMENT,0,0,1,0,0,0,1,1,0,8,0,2,13
2019,Odisha,BHUBANESWAR-II RTO - OR33( 23-OCT-2017 ),8,EDUCATIONAL INSTITUTION BUS,3,1,0,0,0,2,2,2,0,0,1,2,13
2019,Odisha,BHUBANESWAR-II RTO - OR33( 23-OCT-2017 ),9,E-RICKSHAW(P),4,1,4,0,0,0,0,8,1,3,4,3,28
2019,Odisha,BHUBANESWAR-II RTO - OR33( 23-OCT-2017 ),10,E-RICKSHAW WITH CART (G),0,0,0,0,0,1,0,0,1,0,0,1,3
2019,Odisha,BHUBANESWAR-II RTO - OR33( 23-OCT-2017 ),11,EXCAVATOR (COMMERCIAL),0,0,0,0,0,0,0,0,0,2,0,0,2
2019,Odisha,BHUBANESWAR-II RTO - OR33( 23-OCT-2017 ),12,EXCAVATOR (NT),0,0,1,1,0,0,2,0,0,0,0,0,4
2019,Odisha,BHUBANESWAR-II RTO - OR33( 23-OCT-2017 ),13,FORK LIFT,0,0,1,0,0,0,0,0,0,0,0,0,1
2019,Odisha,BHUBANESWAR-II RTO - OR33( 23-OCT-2017 ),14,GOODS CARRIER,89,65,58,53,48,45,56,41,51,81,76,97,760
2019,Odisha,BHUBANESWAR-II RTO - OR33( 23-OCT-2017 ),15,MAXI CAB,22,6,18,12,8,9,15,3,10,21,13,16,153
2019,Odisha,BHUBANESWAR-II RTO - OR33( 23-OCT-2017 ),16,M-CYCLE/SCOOTER,"2,543","2,468","2,540","2,797","1,840","2,381","2,794","2,461","2,544","4,923","2,142","1,810","31,243"
2019,Odisha,BHUBANESWAR-II RTO - OR33( 23-OCT-2017 ),17,M-CYCLE/SCOOTER-WITH SIDE CAR,0,0,0,0,0,0,0,0,1,1,0,0,2
2019,Odisha,BHUBANESWAR-II RTO - OR33( 23-OCT-2017 ),18,MOPED,45,76,39,43,26,24,50,33,39,49,33,26,483
2019,Odisha,BHUBANESWAR-II RTO - OR33( 23-OCT-2017 ),19,MOTOR CAB,17,17,25,35,6,17,30,28,27,61,36,40,339
2019,Odisha,BHUBANESWAR-II RTO - OR33( 23-OCT-2017 ),20,MOTOR CAR,546,345,391,379,269,348,350,359,299,633,352,386,"4,657"
2019,Odisha,BHUBANESWAR-II RTO - OR33( 23-OCT-2017 ),21,MOTOR CYCLE/SCOOTER-USED FOR HIRE,6,6,5,2,1,1,3,4,1,4,3,2,38
2019,Odisha,BHUBANESWAR-II RTO - OR33( 23-OCT-2017 ),22,MOTORISED CYCLE (CC > 25CC),1,0,0,1,0,0,0,0,0,0,0,1,3
2019,Odisha,BHUBANESWAR-II RTO - OR33( 23-OCT-2017 ),23,OMNI BUS,6,3,2,2,1,3,2,2,1,5,2,4,33
2019,Odisha,BHUBANESWAR-II RTO - OR33( 23-OCT-2017 ),24,OMNI BUS (PRIVATE USE),0,0,1,0,0,0,0,1,0,0,0,0,2
2019,Odisha,BHUBANESWAR-II RTO - OR33( 23-OCT-2017 ),25,PRIVATE SERVICE VEHICLE,1,0,0,2,1,3,0,4,0,3,2,0,16
2019,Odisha,BHUBANESWAR RTO - OR2( 22-JAN-2018 ),1,AGRICULTURAL TRACTOR,8,14,13,18,14,17,20,23,12,8,9,22,178
2019,Odisha,BHUBANESWAR RTO - OR2( 22-JAN-2018 ),2,AMBULANCE,10,48,64,19,32,8,8,7,6,7,2,82,293
2019,Odisha,BHUBANESWAR RTO - OR2( 22-JAN-2018 ),3,BUS,12,1,7,4,3,3,1,3,7,7,3,12,63
2019,Odisha,BHUBANESWAR RTO - OR2( 22-JAN-2018 ),4,CAMPER VAN / TRAILER,0,0,0,0,0,1,0,0,0,0,0,0,1
2019,Odisha,BHUBANESWAR RTO - OR2( 22-JAN-2018 ),5,CONSTRUCTION EQUIPMENT VEHICLE,9,5,6,8,7,10,4,3,10,0,1,1,64
2019,Odisha,BHUBANESWAR RTO - OR2( 22-JAN-2018 ),6,CRANE MOUNTED VEHICLE,0,0,0,0,0,1,1,1,0,1,0,1,5
2019,Odisha,BHUBANESWAR RTO - OR2( 22-JAN-2018 ),7,EARTH MOVING EQUIPMENT,0,2,1,1,0,0,0,1,0,0,0,0,5
2019,Odisha,BHUBANESWAR RTO - OR2( 22-JAN-2018 ),8,EDUCATIONAL INSTITUTION BUS,1,0,7,9,4,9,6,14,6,3,6,6,71
2019,Odisha,BHUBANESWAR RTO - OR2( 22-JAN-2018 ),9,E-RICKSHAW(P),0,0,0,0,0,1,1,1,0,2,2,1,8
2019,Odisha,BHUBANESWAR RTO - OR2( 22-JAN-2018 ),10,E-RICKSHAW WITH CART (G),1,0,1,0,0,0,0,2,0,0,0,1,5
2019,Odisha,BHUBANESWAR RTO - OR2( 22-JAN-2018 ),11,FORK LIFT,0,1,0,0,0,0,0,0,0,0,0,0,1
2019,Odisha,BHUBANESWAR RTO - OR2( 22-JAN-2018 ),12,GOODS CARRIER,203,209,269,284,146,205,275,235,177,260,247,196,"2,706"
2019,Odisha,BHUBANESWAR RTO - OR2( 22-JAN-2018 ),13,LUXURY CAB,1,0,0,0,0,0,0,0,0,0,0,0,1
2019,Odisha,BHUBANESWAR RTO - OR2( 22-JAN-2018 ),14,MAXI CAB,32,35,29,23,18,26,18,27,20,48,26,21,323
2019,Odisha,BHUBANESWAR RTO - OR2( 22-JAN-2018 ),15,M-CYCLE/SCOOTER,"3,646","3,576","4,345","4,297","3,025","4,103","3,717","3,649","3,801","6,921","3,825","2,878","47,783"
2019,Odisha,BHUBANESWAR RTO - OR2( 22-JAN-2018 ),16,M-CYCLE/SCOOTER-WITH SIDE CAR,2,1,1,3,0,1,0,0,1,0,1,4,14
2019,Odisha,BHUBANESWAR RTO - OR2( 22-JAN-2018 ),17,MOBILE CLINIC,0,0,1,0,0,2,1,0,0,0,0,0,4
2019,Odisha,BHUBANESWAR RTO - OR2( 22-JAN-2018 ),18,MOBILE WORKSHOP,1,0,0,0,0,0,0,0,0,0,0,0,1
2019,Odisha,BHUBANESWAR RTO - OR2( 22-JAN-2018 ),19,MOPED,243,187,262,219,214,213,162,176,194,314,181,128,"2,493"
2019,Odisha,BHUBANESWAR RTO - OR2( 22-JAN-2018 ),20,MOTOR CAB,60,52,55,55,46,67,73,68,72,112,103,93,856
2019,Odisha,BHUBANESWAR RTO - OR2( 22-JAN-2018 ),21,MOTOR CAR,"1,634","1,189","1,393","1,359",927,"1,289","1,230","1,238","1,232","2,564","1,692","1,588","17,335"
2019,Odisha,BHUBANESWAR RTO - OR2( 22-JAN-2018 ),22,MOTOR CYCLE/SCOOTER-SIDECAR(T),0,0,0,0,0,0,0,0,1,0,0,0,1
2019,Odisha,BHUBANESWAR RTO - OR2( 22-JAN-2018 ),23,MOTOR CYCLE/SCOOTER-USED FOR HIRE,4,1,1,2,1,3,1,1,3,2,0,2,21
2019,Odisha,BHUBANESWAR RTO - OR2( 22-JAN-2018 ),24,MOTORISED CYCLE (CC > 25CC),70,55,110,99,59,72,57,39,35,81,46,32,755
2019,Odisha,BHUBANESWAR RTO - OR2( 22-JAN-2018 ),25,OMNI BUS,37,7,5,6,2,3,11,4,8,10,12,3,108
2019,Odisha,BOLANGIR RTO - OR3( 25-DEC-2017 ),1,ADAPTED VEHICLE,0,0,0,1,0,0,0,0,0,0,0,0,1
2019,Odisha,BOLANGIR RTO - OR3( 25-DEC-2017 ),2,AGRICULTURAL TRACTOR,21,23,21,12,9,17,43,17,16,11,8,21,219
2019,Odisha,BOLANGIR RTO - OR3( 25-DEC-2017 ),3,AMBULANCE,0,2,2,2,2,2,3,2,0,0,2,2,19
2019,Odisha,BOLANGIR RTO - OR3( 25-DEC-2017 ),4,BUS,0,1,1,1,1,0,2,0,1,0,1,2,10
2019,Odisha,BOLANGIR RTO - OR3( 25-DEC-2017 ),5,CONSTRUCTION EQUIPMENT VEHICLE,0,2,7,9,8,3,3,3,0,2,4,9,50
2019,Odisha,BOLANGIR RTO - OR3( 25-DEC-2017 ),6,CRANE MOUNTED VEHICLE,0,1,0,1,0,0,0,0,0,0,0,0,2
2019,Odisha,BOLANGIR RTO - OR3( 25-DEC-2017 ),7,EARTH MOVING EQUIPMENT,0,0,0,2,1,0,0,1,0,0,0,0,4
2019,Odisha,BOLANGIR RTO - OR3( 25-DEC-2017 ),8,EDUCATIONAL INSTITUTION BUS,2,0,5,0,5,1,4,2,4,0,11,5,39
2019,Odisha,BOLANGIR RTO - OR3( 25-DEC-2017 ),9,E-RICKSHAW(P),0,0,0,0,0,0,0,0,1,0,0,0,1
2019,Odisha,BOLANGIR RTO - OR3( 25-DEC-2017 ),10,E-RICKSHAW WITH CART (G),0,0,0,0,0,0,0,1,0,0,0,0,1
2019,Odisha,BOLANGIR RTO - OR3( 25-DEC-2017 ),11,EXCAVATOR (COMMERCIAL),1,0,3,0,1,0,1,1,0,0,0,0,7
2019,Odisha,BOLANGIR RTO - OR3( 25-DEC-2017 ),12,EXCAVATOR (NT),0,0,0,1,0,0,0,0,0,0,0,0,1
2019,Odisha,BOLANGIR RTO - OR3( 25-DEC-2017 ),13,GOODS CARRIER,57,77,71,47,39,41,54,35,21,51,63,76,632
2019,Odisha,BOLANGIR RTO - OR3( 25-DEC-2017 ),14,MAXI CAB,8,16,20,9,7,13,10,3,4,14,14,15,133
2019,Odisha,BOLANGIR RTO - OR3( 25-DEC-2017 ),15,M-CYCLE/SCOOTER,"1,719","2,731","2,070","4,357","1,842","1,684","2,157","1,497","1,187",952,"1,654","1,689","23,539"
2019,Odisha,BOLANGIR RTO - OR3( 25-DEC-2017 ),16,MOPED,137,223,115,196,65,98,131,169,131,100,129,156,"1,650"
2019,Odisha,BOLANGIR RTO - OR3( 25-DEC-2017 ),17,MOTOR CAB,5,5,1,3,1,1,0,1,0,3,3,1,24
2019,Odisha,BOLANGIR RTO - OR3( 25-DEC-2017 ),18,MOTOR CAR,132,111,113,128,79,75,96,78,67,140,103,88,"1,210"
2019,Odisha,BOLANGIR RTO - OR3( 25-DEC-2017 ),19,MOTORISED CYCLE (CC > 25CC),0,0,0,0,0,6,9,13,15,8,9,13,73
2019,Odisha,BOLANGIR RTO - OR3( 25-DEC-2017 ),20,OMNI BUS,0,0,0,0,0,0,0,0,1,0,0,0,1
2019,Odisha,BOLANGIR RTO - OR3( 25-DEC-2017 ),21,OMNI BUS (PRIVATE USE),1,1,4,1,0,0,1,0,0,0,0,0,8
2019,Odisha,BOLANGIR RTO - OR3( 25-DEC-2017 ),22,PRIVATE SERVICE VEHICLE (INDIVIDUAL USE),0,0,0,0,0,1,0,1,0,0,0,0,2
2019,Odisha,BOLANGIR RTO - OR3( 25-DEC-2017 ),23,ROAD ROLLER,0,1,0,0,0,0,0,0,0,0,0,0,1
2019,Odisha,BOLANGIR RTO - OR3( 25-DEC-2017 ),24,THREE WHEELER (GOODS),5,5,2,1,4,3,4,4,3,3,4,8,46
2019,Odisha,BOLANGIR RTO - OR3( 25-DEC-2017 ),25,THREE WHEELER (PASSENGER),41,40,42,22,25,54,62,39,25,36,36,64,486
2019,Odisha,BOUDH RTO - OR27( 23-OCT-2017 ),1,AGRICULTURAL TRACTOR,0,1,2,0,0,0,0,0,0,0,0,0,3
2019,Odisha,BOUDH RTO - OR27( 23-OCT-2017 ),2,AMBULANCE,0,0,0,0,1,0,0,1,0,0,0,1,3
2019,Odisha,BOUDH RTO - OR27( 23-OCT-2017 ),3,CONSTRUCTION EQUIPMENT VEHICLE,0,0,0,0,1,0,0,0,0,1,1,0,3
2019,Odisha,BOUDH RTO - OR27( 23-OCT-2017 ),4,CRANE MOUNTED VEHICLE,0,0,1,0,0,0,0,0,0,0,0,1,2
2019,Odisha,BOUDH RTO - OR27( 23-OCT-2017 ),5,DUMPER,0,2,0,0,0,0,0,0,0,0,0,0,2
2019,Odisha,BOUDH RTO - OR27( 23-OCT-2017 ),6,EDUCATIONAL INSTITUTION BUS,0,1,0,1,0,0,0,0,0,0,0,0,2
2019,Odisha,BOUDH RTO - OR27( 23-OCT-2017 ),7,EXCAVATOR (COMMERCIAL),0,1,0,0,0,0,0,0,0,0,0,0,1
2019,Odisha,BOUDH RTO - OR27( 23-OCT-2017 ),8,GOODS CARRIER,6,9,14,10,16,7,7,5,1,7,9,7,98
2019,Odisha,BOUDH RTO - OR27( 23-OCT-2017 ),9,HARVESTER,0,0,2,1,0,0,0,0,0,0,0,0,3
2019,Odisha,BOUDH RTO - OR27( 23-OCT-2017 ),10,MAXI CAB,3,1,0,1,1,1,0,1,2,3,1,1,15
2019,Odisha,BOUDH RTO - OR27( 23-OCT-2017 ),11,M-CYCLE/SCOOTER,346,372,559,685,764,485,849,275,281,473,323,238,"5,650"
2019,Odisha,BOUDH RTO - OR27( 23-OCT-2017 ),12,MOPED,0,1,0,0,0,0,1,0,0,0,0,0,2
2019,Odisha,BOUDH RTO - OR27( 23-OCT-2017 ),13,MOTOR CAB,0,0,1,1,1,1,0,0,2,1,0,0,7
2019,Odisha,BOUDH RTO - OR27( 23-OCT-2017 ),14,MOTOR CAR,10,8,8,12,7,8,7,7,7,14,8,4,100
2019,Odisha,BOUDH RTO - OR27( 23-OCT-2017 ),15,MOTORISED CYCLE (CC > 25CC),0,0,0,0,0,0,1,0,0,0,0,0,1
2019,Odisha,BOUDH RTO - OR27( 23-OCT-2017 ),16,PRIVATE SERVICE VEHICLE (INDIVIDUAL USE),0,0,0,0,0,0,0,0,0,0,0,1,1
2019,Odisha,BOUDH RTO - OR27( 23-OCT-2017 ),17,THREE WHEELER (GOODS),2,6,2,1,2,1,1,3,2,3,1,0,24
2019,Odisha,BOUDH RTO - OR27( 23-OCT-2017 ),18,THREE WHEELER (PASSENGER),10,5,14,10,8,11,9,6,5,14,7,5,104
2019,Odisha,BOUDH RTO - OR27( 23-OCT-2017 ),19,TRACTOR (COMMERCIAL),14,13,11,7,15,1,15,5,10,25,26,16,158
2019,Odisha,BOUDH RTO - OR27( 23-OCT-2017 ),20,TRACTOR-TROLLEY(COMMERCIAL),0,0,1,0,0,0,0,0,0,1,6,6,14
2019,Odisha,BOUDH RTO - OR27( 23-OCT-2017 ),21,TRAILER (COMMERCIAL),7,6,10,3,8,1,7,2,5,10,7,3,69
2019,Odisha,CHANDIKHOLE RTO - OR4( 23-OCT-2017 ),1,AGRICULTURAL TRACTOR,4,6,13,6,5,12,31,13,22,36,22,13,183
2019,Odisha,CHANDIKHOLE RTO - OR4( 23-OCT-2017 ),2,AMBULANCE,1,0,2,1,0,0,0,0,0,0,0,0,4
2019,Odisha,CHANDIKHOLE RTO - OR4( 23-OCT-2017 ),3,ARTICULATED VEHICLE,4,34,19,8,1,2,13,5,5,8,3,6,108
2019,Odisha,CHANDIKHOLE RTO - OR4( 23-OCT-2017 ),4,BUS,6,1,6,2,3,0,1,5,3,1,2,1,31
2019,Odisha,CHANDIKHOLE RTO - OR4( 23-OCT-2017 ),5,CONSTRUCTION EQUIPMENT VEHICLE,7,6,8,3,5,5,5,3,7,2,6,4,61
2019,Odisha,CHANDIKHOLE RTO - OR4( 23-OCT-2017 ),6,CRANE MOUNTED VEHICLE,2,2,2,1,0,0,1,0,1,3,0,2,14
2019,Odisha,CHANDIKHOLE RTO - OR4( 23-OCT-2017 ),7,EARTH MOVING EQUIPMENT,3,2,4,3,0,1,0,2,0,0,0,0,15
2019,Odisha,CHANDIKHOLE RTO - OR4( 23-OCT-2017 ),8,EDUCATIONAL INSTITUTION BUS,0,0,1,0,3,3,0,1,0,1,0,0,9
2019,Odisha,CHANDIKHOLE RTO - OR4( 23-OCT-2017 ),9,EXCAVATOR (COMMERCIAL),0,7,2,1,2,2,1,3,2,2,3,2,27
2019,Odisha,CHANDIKHOLE RTO - OR4( 23-OCT-2017 ),10,EXCAVATOR (NT),3,0,2,0,10,5,1,0,1,0,0,0,22
2019,Odisha,CHANDIKHOLE RTO - OR4( 23-OCT-2017 ),11,FIRE TENDERS,0,0,0,0,1,0,0,0,0,0,0,0,1
2019,Odisha,CHANDIKHOLE RTO - OR4( 23-OCT-2017 ),12,FORK LIFT,0,0,0,0,0,0,0,0,0,0,0,2,2
2019,Odisha,CHANDIKHOLE RTO - OR4( 23-OCT-2017 ),13,GOODS CARRIER,136,106,176,146,116,94,192,239,181,114,72,98,"1,670"
2019,Odisha,CHANDIKHOLE RTO - OR4( 23-OCT-2017 ),14,MAXI CAB,8,5,10,5,5,4,7,5,1,3,3,0,56
2019,Odisha,CHANDIKHOLE RTO - OR4( 23-OCT-2017 ),15,M-CYCLE/SCOOTER,944,802,"1,297","1,098",781,"1,344","1,075",957,"1,000","2,328",858,841,"13,325"
2019,Odisha,CHANDIKHOLE RTO - OR4( 23-OCT-2017 ),16,MOPED,71,49,86,99,42,44,85,78,78,83,48,61,824
2019,Odisha,CHANDIKHOLE RTO - OR4( 23-OCT-2017 ),17,MOTOR CAB,3,4,2,2,0,1,2,0,0,0,2,5,21
2019,Odisha,CHANDIKHOLE RTO - OR4( 23-OCT-2017 ),18,MOTOR CAR,34,20,27,23,22,27,18,23,22,22,20,15,273
2019,Odisha,CHANDIKHOLE RTO - OR4( 23-OCT-2017 ),19,MOTOR CYCLE/SCOOTER-USED FOR HIRE,0,1,0,0,0,0,0,0,0,0,0,1,2
2019,Odisha,CHANDIKHOLE RTO - OR4( 23-OCT-2017 ),20,MOTORISED CYCLE (CC > 25CC),0,0,0,1,1,0,0,0,3,0,0,0,5
2019,Odisha,CHANDIKHOLE RTO - OR4( 23-OCT-2017 ),21,OMNI BUS,1,2,0,3,1,2,2,1,3,2,2,0,19
2019,Odisha,CHANDIKHOLE RTO - OR4( 23-OCT-2017 ),22,PRIVATE SERVICE VEHICLE,1,0,0,0,0,0,0,0,0,0,0,1,2
2019,Odisha,CHANDIKHOLE RTO - OR4( 23-OCT-2017 ),23,THREE WHEELER (GOODS),15,15,18,11,10,4,15,10,10,16,10,6,140
2019,Odisha,CHANDIKHOLE RTO - OR4( 23-OCT-2017 ),24,THREE WHEELER (PASSENGER),4,7,7,2,2,5,11,6,15,26,23,14,122
2019,Odisha,CHANDIKHOLE RTO - OR4( 23-OCT-2017 ),25,TRACTOR (COMMERCIAL),22,17,22,11,11,15,16,13,6,19,26,21,199
2019,Odisha,CUTTACK RTO - OR5( 31-MAY-2017 ),1,AGRICULTURAL TRACTOR,14,19,22,11,21,33,32,24,27,46,26,21,296
2019,Odisha,CUTTACK RTO - OR5( 31-MAY-2017 ),2,AMBULANCE,6,12,14,10,8,15,4,8,6,11,6,14,114
2019,Odisha,CUTTACK RTO - OR5( 31-MAY-2017 ),3,ANIMAL AMBULANCE,0,0,0,0,0,0,0,2,0,0,0,0,2
2019,Odisha,CUTTACK RTO - OR5( 31-MAY-2017 ),4,BUS,11,8,9,8,4,8,8,10,3,5,15,8,97
2019,Odisha,CUTTACK RTO - OR5( 31-MAY-2017 ),5,CAMPER VAN / TRAILER (PRIVATE USE),0,0,0,0,0,0,0,1,0,0,0,0,1
2019,Odisha,CUTTACK RTO - OR5( 31-MAY-2017 ),6,CONSTRUCTION EQUIPMENT VEHICLE,6,8,8,8,3,6,6,5,2,1,9,4,66
2019,Odisha,CUTTACK RTO - OR5( 31-MAY-2017 ),7,CRANE MOUNTED VEHICLE,2,0,0,2,0,3,1,0,1,4,5,2,20
2019,Odisha,CUTTACK RTO - OR5( 31-MAY-2017 ),8,EARTH MOVING EQUIPMENT,2,0,1,0,0,0,0,0,0,0,0,0,3
2019,Odisha,CUTTACK RTO - OR5( 31-MAY-2017 ),9,EDUCATIONAL INSTITUTION BUS,2,0,3,1,0,5,6,2,0,4,0,2,25
2019,Odisha,CUTTACK RTO - OR5( 31-MAY-2017 ),10,E-RICKSHAW(P),1,10,0,0,0,0,1,0,0,2,0,0,14
2019,Odisha,CUTTACK RTO - OR5( 31-MAY-2017 ),11,E-RICKSHAW WITH CART (G),1,0,2,0,0,0,0,0,0,0,0,0,3
2019,Odisha,CUTTACK RTO - OR5( 31-MAY-2017 ),12,EXCAVATOR (NT),0,0,1,1,0,0,1,0,3,0,0,0,6
2019,Odisha,CUTTACK RTO - OR5( 31-MAY-2017 ),13,FIRE FIGHTING VEHICLE,0,0,0,0,0,0,21,0,0,0,0,0,21
2019,Odisha,CUTTACK RTO - OR5( 31-MAY-2017 ),14,FIRE TENDERS,0,1,1,0,0,0,0,0,0,1,0,0,3
2019,Odisha,CUTTACK RTO - OR5( 31-MAY-2017 ),15,FORK LIFT,0,2,0,0,0,1,0,0,0,0,0,0,3
2019,Odisha,CUTTACK RTO - OR5( 31-MAY-2017 ),16,GOODS CARRIER,270,260,367,236,240,199,249,320,224,336,252,261,"3,214"
2019,Odisha,CUTTACK RTO - OR5( 31-MAY-2017 ),17,HARVESTER,0,0,0,0,0,0,0,0,0,0,0,1,1
2019,Odisha,CUTTACK RTO - OR5( 31-MAY-2017 ),18,LUXURY CAB,0,0,1,0,0,1,0,0,0,0,0,0,2
2019,Odisha,CUTTACK RTO - OR5( 31-MAY-2017 ),19,MAXI CAB,34,37,36,38,21,18,19,29,37,60,31,52,412
2019,Odisha,CUTTACK RTO - OR5( 31-MAY-2017 ),20,M-CYCLE/SCOOTER,"4,090","4,891","5,024","4,441","3,273","4,459","3,815","3,948","3,524","8,811","4,033","3,500","53,809"
2019,Odisha,CUTTACK RTO - OR5( 31-MAY-2017 ),21,M-CYCLE/SCOOTER-WITH SIDE CAR,0,1,0,2,1,1,1,1,1,1,0,0,9
2019,Odisha,CUTTACK RTO - OR5( 31-MAY-2017 ),22,MOBILE WORKSHOP,0,0,0,1,0,0,0,0,0,0,0,0,1
2019,Odisha,CUTTACK RTO - OR5( 31-MAY-2017 ),23,MOPED,158,217,267,174,119,139,156,136,125,257,151,150,"2,049"
2019,Odisha,CUTTACK RTO - OR5( 31-MAY-2017 ),24,MOTOR CAB,12,19,13,18,11,24,22,10,29,30,29,24,241
2019,Odisha,CUTTACK RTO - OR5( 31-MAY-2017 ),25,MOTOR CAR,507,462,427,335,281,359,330,361,328,654,408,386,"4,838"
2019,Odisha,DEOGARH RTO - OR28( 23-OCT-2017 ),1,AGRICULTURAL TRACTOR,0,0,0,0,0,0,0,0,0,0,0,1,1
2019,Odisha,DEOGARH RTO - OR28( 23-OCT-2017 ),2,AMBULANCE,1,0,0,1,0,0,1,0,0,0,0,1,4
2019,Odisha,DEOGARH RTO - OR28( 23-OCT-2017 ),3,BUS,1,0,2,1,0,0,0,2,1,0,0,1,8
2019,Odisha,DEOGARH RTO - OR28( 23-OCT-2017 ),4,CONSTRUCTION EQUIPMENT VEHICLE,0,0,0,0,0,0,0,1,1,0,0,0,2
2019,Odisha,DEOGARH RTO - OR28( 23-OCT-2017 ),5,CRANE MOUNTED VEHICLE,0,0,0,0,0,0,0,0,0,0,0,1,1
2019,Odisha,DEOGARH RTO - OR28( 23-OCT-2017 ),6,DUMPER,0,0,0,0,0,0,0,0,0,0,0,1,1
2019,Odisha,DEOGARH RTO - OR28( 23-OCT-2017 ),7,EXCAVATOR (COMMERCIAL),5,1,0,0,0,0,0,0,0,0,0,0,6
2019,Odisha,DEOGARH RTO - OR28( 23-OCT-2017 ),8,GOODS CARRIER,4,8,14,14,6,5,7,13,3,13,6,9,102
2019,Odisha,DEOGARH RTO - OR28( 23-OCT-2017 ),9,HARVESTER,0,0,0,0,0,1,0,0,0,0,0,1,2
2019,Odisha,DEOGARH RTO - OR28( 23-OCT-2017 ),10,LUXURY CAB,0,0,1,0,0,0,0,0,0,0,0,0,1
2019,Odisha,DEOGARH RTO - OR28( 23-OCT-2017 ),11,MAXI CAB,3,2,3,1,3,2,0,0,2,4,2,1,23
2019,Odisha,DEOGARH RTO - OR28( 23-OCT-2017 ),12,M-CYCLE/SCOOTER,184,193,397,178,257,257,220,149,207,323,277,281,"2,923"
2019,Odisha,DEOGARH RTO - OR28( 23-OCT-2017 ),13,M-CYCLE/SCOOTER-WITH SIDE CAR,0,0,0,0,0,0,0,1,0,0,0,0,1
2019,Odisha,DEOGARH RTO - OR28( 23-OCT-2017 ),14,MOPED,1,19,19,0,5,7,10,2,9,8,8,2,90
2019,Odisha,DEOGARH RTO - OR28( 23-OCT-2017 ),15,MOTOR CAB,0,2,3,3,0,1,2,0,1,0,2,1,15
2019,Odisha,DEOGARH RTO - OR28( 23-OCT-2017 ),16,MOTOR CAR,13,12,23,5,8,15,13,12,7,14,24,2,148
2019,Odisha,DEOGARH RTO - OR28( 23-OCT-2017 ),17,MOTORISED CYCLE (CC > 25CC),1,0,0,0,0,0,0,0,0,0,0,0,1
2019,Odisha,DEOGARH RTO - OR28( 23-OCT-2017 ),18,OMNI BUS (PRIVATE USE),0,0,1,1,0,0,0,0,0,0,0,0,2
2019,Odisha,DEOGARH RTO - OR28( 23-OCT-2017 ),19,THREE WHEELER (GOODS),0,0,0,0,0,0,0,0,0,0,1,1,2
2019,Odisha,DEOGARH RTO - OR28( 23-OCT-2017 ),20,THREE WHEELER (PASSENGER),5,3,3,2,6,10,4,3,1,7,7,7,58
2019,Odisha,DEOGARH RTO - OR28( 23-OCT-2017 ),21,TRACTOR (COMMERCIAL),5,8,7,9,3,8,10,2,5,12,13,6,88
2019,Odisha,DEOGARH RTO - OR28( 23-OCT-2017 ),22,TRAILER (COMMERCIAL),3,6,4,4,3,3,6,1,2,8,6,5,51
2019,Odisha,DHENKANAL RTO - OR6( 07-NOV-2017 ),1,ADAPTED VEHICLE,0,0,0,0,1,0,0,0,0,0,0,0,1
2019,Odisha,DHENKANAL RTO - OR6( 07-NOV-2017 ),2,AGRICULTURAL TRACTOR,0,0,0,0,0,0,1,0,0,1,2,1,5
2019,Odisha,DHENKANAL RTO - OR6( 07-NOV-2017 ),3,AMBULANCE,0,0,6,1,2,0,0,0,0,0,1,0,10
2019,Odisha,DHENKANAL RTO - OR6( 07-NOV-2017 ),4,BUS,0,1,1,1,0,1,1,1,0,1,1,0,8
2019,Odisha,DHENKANAL RTO - OR6( 07-NOV-2017 ),5,CAMPER VAN / TRAILER,0,0,0,0,0,0,0,0,0,0,2,0,2
2019,Odisha,DHENKANAL RTO - OR6( 07-NOV-2017 ),6,CONSTRUCTION EQUIPMENT VEHICLE,0,1,2,1,1,5,2,6,1,0,5,4,28
2019,Odisha,DHENKANAL RTO - OR6( 07-NOV-2017 ),7,CRANE MOUNTED VEHICLE,0,0,0,0,0,0,1,0,0,0,0,0,1
2019,Odisha,DHENKANAL RTO - OR6( 07-NOV-2017 ),8,EARTH MOVING EQUIPMENT,0,2,0,2,1,3,1,4,0,0,0,0,13
2019,Odisha,DHENKANAL RTO - OR6( 07-NOV-2017 ),9,EDUCATIONAL INSTITUTION BUS,0,0,2,0,0,0,2,1,2,0,0,0,7
2019,Odisha,DHENKANAL RTO - OR6( 07-NOV-2017 ),10,EXCAVATOR (COMMERCIAL),1,1,2,0,0,1,0,1,1,2,0,0,9
2019,Odisha,DHENKANAL RTO - OR6( 07-NOV-2017 ),11,EXCAVATOR (NT),0,0,1,0,0,0,0,1,0,0,1,0,3
2019,Odisha,DHENKANAL RTO - OR6( 07-NOV-2017 ),12,FORK LIFT,0,1,0,0,0,1,0,0,0,0,0,0,2
2019,Odisha,DHENKANAL RTO - OR6( 07-NOV-2017 ),13,GOODS CARRIER,25,23,31,16,13,17,8,19,23,27,25,19,246
2019,Odisha,DHENKANAL RTO - OR6( 07-NOV-2017 ),14,MAXI CAB,0,1,2,1,3,1,1,1,2,0,1,3,16
2019,Odisha,DHENKANAL RTO - OR6( 07-NOV-2017 ),15,M-CYCLE/SCOOTER,992,337,"1,810","1,185",990,"1,094",851,882,927,"1,932",916,756,"12,672"
2019,Odisha,DHENKANAL RTO - OR6( 07-NOV-2017 ),16,M-CYCLE/SCOOTER-WITH SIDE CAR,0,0,0,0,0,0,1,0,0,2,0,0,3
2019,Odisha,DHENKANAL RTO - OR6( 07-NOV-2017 ),17,MOPED,87,15,182,99,51,71,37,68,91,103,46,61,911
2019,Odisha,DHENKANAL RTO - OR6( 07-NOV-2017 ),18,MOTOR CAB,0,0,2,2,1,0,2,0,0,3,3,1,14
2019,Odisha,DHENKANAL RTO - OR6( 07-NOV-2017 ),19,MOTOR CAR,44,8,27,26,26,28,23,11,26,43,36,27,325
2019,Odisha,DHENKANAL RTO - OR6( 07-NOV-2017 ),20,MOTORISED CYCLE (CC > 25CC),11,0,27,14,4,0,0,15,6,7,4,5,93
2019,Odisha,DHENKANAL RTO - OR6( 07-NOV-2017 ),21,OMNI BUS (PRIVATE USE),0,0,0,0,1,0,0,0,0,0,0,0,1
2019,Odisha,DHENKANAL RTO - OR6( 07-NOV-2017 ),22,PRIVATE SERVICE VEHICLE,0,0,0,0,0,2,0,0,0,0,0,0,2
2019,Odisha,DHENKANAL RTO - OR6( 07-NOV-2017 ),23,PRIVATE SERVICE VEHICLE (INDIVIDUAL USE),0,0,0,0,0,0,0,0,0,0,1,0,1
2019,Odisha,DHENKANAL RTO - OR6( 07-NOV-2017 ),24,THREE WHEELER (GOODS),10,5,13,6,4,2,3,14,4,16,8,10,95
2019,Odisha,DHENKANAL RTO - OR6( 07-NOV-2017 ),25,THREE WHEELER (PASSENGER),12,5,15,6,15,3,12,13,16,29,9,11,146
2019,Odisha,GAJAPATI RTO - OR20( 07-NOV-2017 ),1,AGRICULTURAL TRACTOR,1,2,3,1,3,6,4,1,2,6,4,3,36
2019,Odisha,GAJAPATI RTO - OR20( 07-NOV-2017 ),2,CONSTRUCTION EQUIPMENT VEHICLE,0,0,0,0,1,1,0,0,0,0,1,1,4
2019,Odisha,GAJAPATI RTO - OR20( 07-NOV-2017 ),3,CRANE MOUNTED VEHICLE,0,1,0,0,0,0,1,0,0,0,0,0,2
2019,Odisha,GAJAPATI RTO - OR20( 07-NOV-2017 ),4,EXCAVATOR (COMMERCIAL),1,3,2,0,0,1,1,0,0,1,0,0,9
2019,Odisha,GAJAPATI RTO - OR20( 07-NOV-2017 ),5,GOODS CARRIER,5,5,4,3,5,3,4,4,4,8,3,3,51
2019,Odisha,GAJAPATI RTO - OR20( 07-NOV-2017 ),6,MAXI CAB,0,1,1,0,0,3,1,0,2,1,0,4,13
2019,Odisha,GAJAPATI RTO - OR20( 07-NOV-2017 ),7,M-CYCLE/SCOOTER,293,279,425,313,533,441,248,98,470,610,294,197,"4,201"
2019,Odisha,GAJAPATI RTO - OR20( 07-NOV-2017 ),8,MOTOR CAB,0,2,1,0,0,2,0,1,0,0,0,0,6
2019,Odisha,GAJAPATI RTO - OR20( 07-NOV-2017 ),9,MOTOR CAR,7,8,6,5,5,6,7,6,5,11,7,8,81
2019,Odisha,GAJAPATI RTO - OR20( 07-NOV-2017 ),10,MOTORISED CYCLE (CC > 25CC),1,2,4,2,1,6,0,0,1,34,37,26,114
2019,Odisha,GAJAPATI RTO - OR20( 07-NOV-2017 ),11,OMNI BUS,0,0,0,0,0,1,0,0,0,0,0,0,1
2019,Odisha,GAJAPATI RTO - OR20( 07-NOV-2017 ),12,THREE WHEELER (GOODS),2,1,0,0,1,0,1,0,1,4,1,4,15
2019,Odisha,GAJAPATI RTO - OR20( 07-NOV-2017 ),13,THREE WHEELER (PASSENGER),1,4,2,1,3,1,2,2,1,4,5,1,27
2019,Odisha,GAJAPATI RTO - OR20( 07-NOV-2017 ),14,TRACTOR (COMMERCIAL),10,11,24,9,17,12,12,7,13,24,19,11,169
2019,Odisha,GAJAPATI RTO - OR20( 07-NOV-2017 ),15,TRAILER (COMMERCIAL),11,11,23,9,16,12,13,6,13,24,20,12,170
2019,Odisha,GAJAPATI RTO - OR20( 07-NOV-2017 ),16,VEHICLE FITTED WITH COMPRESSOR,0,0,0,0,0,0,0,0,0,1,0,0,1
2019,Odisha,GANJAM RTO - OR7( 04-DEC-2017 ),1,ADAPTED VEHICLE,3,3,0,1,5,2,2,6,3,12,5,2,44
2019,Odisha,GANJAM RTO - OR7( 04-DEC-2017 ),2,AGRICULTURAL TRACTOR,0,0,0,0,0,0,1,0,0,0,1,0,2
2019,Odisha,GANJAM RTO - OR7( 04-DEC-2017 ),3,AMBULANCE,1,0,0,0,1,1,1,1,0,2,0,1,8
2019,Odisha,GANJAM RTO - OR7( 04-DEC-2017 ),4,BUS,2,5,1,4,1,1,5,6,11,6,6,8,56
2019,Odisha,GANJAM RTO - OR7( 04-DEC-2017 ),5,CONSTRUCTION EQUIPMENT VEHICLE,3,5,9,5,3,3,13,4,0,8,5,2,60
2019,Odisha,GANJAM RTO - OR7( 04-DEC-2017 ),6,CRANE MOUNTED VEHICLE,0,0,1,1,0,3,1,1,1,1,0,0,9
2019,Odisha,GANJAM RTO - OR7( 04-DEC-2017 ),7,EARTH MOVING EQUIPMENT,1,0,0,0,0,1,0,0,0,0,0,0,2
2019,Odisha,GANJAM RTO - OR7( 04-DEC-2017 ),8,EDUCATIONAL INSTITUTION BUS,3,1,1,4,4,9,0,3,4,4,1,9,43
2019,Odisha,GANJAM RTO - OR7( 04-DEC-2017 ),9,E-RICKSHAW(P),0,2,2,0,2,0,0,0,0,2,1,5,14
2019,Odisha,GANJAM RTO - OR7( 04-DEC-2017 ),10,E-RICKSHAW WITH CART (G),0,1,0,0,0,0,0,0,0,0,0,1,2
2019,Odisha,GANJAM RTO - OR7( 04-DEC-2017 ),11,EXCAVATOR (COMMERCIAL),1,0,0,0,0,0,0,1,0,0,0,0,2
2019,Odisha,GANJAM RTO - OR7( 04-DEC-2017 ),12,EXCAVATOR (NT),0,1,0,6,1,0,0,0,2,0,1,0,11
2019,Odisha,GANJAM RTO - OR7( 04-DEC-2017 ),13,GOODS CARRIER,88,78,87,98,71,94,63,77,71,90,96,78,991
2019,Odisha,GANJAM RTO - OR7( 04-DEC-2017 ),14,LUXURY CAB,1,1,0,0,0,0,0,0,3,0,0,1,6
2019,Odisha,GANJAM RTO - OR7( 04-DEC-2017 ),15,MAXI CAB,5,11,10,14,7,12,16,7,5,21,11,17,136
2019,Odisha,GANJAM RTO - OR7( 04-DEC-2017 ),16,M-CYCLE/SCOOTER,"1,870","2,156","1,789","2,534","2,045","2,733","2,729","1,669","2,314","3,552","2,767","1,850","28,008"
2019,Odisha,GANJAM RTO - OR7( 04-DEC-2017 ),17,M-CYCLE/SCOOTER-WITH SIDE CAR,1,0,1,0,0,0,0,0,0,0,1,0,3
2019,Odisha,GANJAM RTO - OR7( 04-DEC-2017 ),18,MOPED,413,419,354,414,327,366,343,185,286,368,362,258,"4,095"
2019,Odisha,GANJAM RTO - OR7( 04-DEC-2017 ),19,MOTOR CAB,5,5,7,0,2,3,4,2,4,8,6,4,50
2019,Odisha,GANJAM RTO - OR7( 04-DEC-2017 ),20,MOTOR CAR,144,117,122,125,113,128,113,127,103,183,124,113,"1,512"
2019,Odisha,GANJAM RTO - OR7( 04-DEC-2017 ),21,MOTOR CYCLE/SCOOTER-USED FOR HIRE,0,0,0,0,0,0,0,0,0,0,1,0,1
2019,Odisha,GANJAM RTO - OR7( 04-DEC-2017 ),22,MOTORISED CYCLE (CC > 25CC),603,749,791,769,939,835,583,323,439,764,647,524,"7,966"
2019,Odisha,GANJAM RTO - OR7( 04-DEC-2017 ),23,OMNI BUS,3,2,1,0,2,2,1,2,0,2,3,3,21
2019,Odisha,GANJAM RTO - OR7( 04-DEC-2017 ),24,OMNI BUS (PRIVATE USE),0,1,0,0,0,0,0,1,0,0,0,1,3
2019,Odisha,GANJAM RTO - OR7( 04-DEC-2017 ),25,PRIVATE SERVICE VEHICLE,0,0,0,0,0,1,0,0,0,0,0,0,1
2019,Odisha,JAGATSINGHPUR RTO - OR21( 04-DEC-2017 ),1,AGRICULTURAL TRACTOR,3,11,4,6,1,2,6,10,6,13,19,18,99
2019,Odisha,JAGATSINGHPUR RTO - OR21( 04-DEC-2017 ),2,AMBULANCE,0,0,0,0,0,1,0,0,0,0,0,0,1
2019,Odisha,JAGATSINGHPUR RTO - OR21( 04-DEC-2017 ),3,BUS,2,2,0,1,0,2,0,1,1,0,0,0,9
2019,Odisha,JAGATSINGHPUR RTO - OR21( 04-DEC-2017 ),4,CONSTRUCTION EQUIPMENT VEHICLE,2,1,2,1,0,0,2,0,1,1,0,0,10
2019,Odisha,JAGATSINGHPUR RTO - OR21( 04-DEC-2017 ),5,CRANE MOUNTED VEHICLE,1,1,1,0,1,1,1,2,0,3,5,0,16
2019,Odisha,JAGATSINGHPUR RTO - OR21( 04-DEC-2017 ),6,EARTH MOVING EQUIPMENT,1,1,0,0,0,1,0,0,0,0,0,0,3
2019,Odisha,JAGATSINGHPUR RTO - OR21( 04-DEC-2017 ),7,EDUCATIONAL INSTITUTION BUS,0,1,0,0,1,0,0,0,0,0,0,0,2
2019,Odisha,JAGATSINGHPUR RTO - OR21( 04-DEC-2017 ),8,EXCAVATOR (COMMERCIAL),0,1,3,1,4,0,3,2,0,1,2,1,18
2019,Odisha,JAGATSINGHPUR RTO - OR21( 04-DEC-2017 ),9,EXCAVATOR (NT),0,0,1,0,0,0,0,1,0,0,0,0,2
2019,Odisha,JAGATSINGHPUR RTO - OR21( 04-DEC-2017 ),10,FORK LIFT,5,0,0,0,0,0,0,0,1,0,0,0,6
2019,Odisha,JAGATSINGHPUR RTO - OR21( 04-DEC-2017 ),11,GOODS CARRIER,40,38,31,29,29,23,30,19,15,16,9,24,303
2019,Odisha,JAGATSINGHPUR RTO - OR21( 04-DEC-2017 ),12,LUXURY CAB,0,0,0,0,0,0,0,0,0,0,0,1,1
2019,Odisha,JAGATSINGHPUR RTO - OR21( 04-DEC-2017 ),13,MAXI CAB,6,2,9,2,1,4,1,5,1,0,2,0,33
2019,Odisha,JAGATSINGHPUR RTO - OR21( 04-DEC-2017 ),14,M-CYCLE/SCOOTER,"1,245","1,263","1,338","1,221","1,012","1,610","1,278","1,065","1,057","2,161","1,175","1,396","15,821"
2019,Odisha,JAGATSINGHPUR RTO - OR21( 04-DEC-2017 ),15,MOPED,76,64,72,48,74,69,68,70,93,93,58,75,860
2019,Odisha,JAGATSINGHPUR RTO - OR21( 04-DEC-2017 ),16,MOTOR CAB,1,1,0,1,1,1,2,0,0,0,2,0,9
2019,Odisha,JAGATSINGHPUR RTO - OR21( 04-DEC-2017 ),17,MOTOR CAR,10,10,4,7,11,11,8,3,3,3,9,7,86
2019,Odisha,JAGATSINGHPUR RTO - OR21( 04-DEC-2017 ),18,MOTORISED CYCLE (CC > 25CC),12,5,0,0,7,0,0,0,3,0,2,0,29
2019,Odisha,JAGATSINGHPUR RTO - OR21( 04-DEC-2017 ),19,OMNI BUS,2,0,0,0,0,2,0,0,1,0,0,0,5
2019,Odisha,JAGATSINGHPUR RTO - OR21( 04-DEC-2017 ),20,THREE WHEELER (GOODS),8,5,10,2,4,11,4,10,8,8,7,17,94
2019,Odisha,JAGATSINGHPUR RTO - OR21( 04-DEC-2017 ),21,THREE WHEELER (PASSENGER),9,7,7,11,8,4,7,15,10,20,22,19,139
2019,Odisha,JAGATSINGHPUR RTO - OR21( 04-DEC-2017 ),22,TRACTOR (COMMERCIAL),17,25,26,27,8,13,15,8,17,15,34,36,241
2019,Odisha,JAGATSINGHPUR RTO - OR21( 04-DEC-2017 ),23,TRAILER (COMMERCIAL),15,22,26,27,9,13,13,7,14,13,32,37,228
2019,Odisha,JAJPUR RTO - OR34( 23-OCT-2017 ),1,AGRICULTURAL TRACTOR,12,5,10,5,14,11,28,13,7,12,14,11,142
2019,Odisha,JAJPUR RTO - OR34( 23-OCT-2017 ),2,AMBULANCE,0,1,0,0,0,0,0,0,0,2,0,2,5
2019,Odisha,JAJPUR RTO - OR34( 23-OCT-2017 ),3,ARTICULATED VEHICLE,0,2,0,0,0,0,0,0,0,0,1,0,3
2019,Odisha,JAJPUR RTO - OR34( 23-OCT-2017 ),4,BUS,2,0,2,1,0,0,0,2,5,1,1,6,20
2019,Odisha,JAJPUR RTO - OR34( 23-OCT-2017 ),5,CONSTRUCTION EQUIPMENT VEHICLE,4,10,5,1,1,0,2,0,0,2,0,2,27
2019,Odisha,JAJPUR RTO - OR34( 23-OCT-2017 ),6,CRANE MOUNTED VEHICLE,0,0,2,0,0,1,1,0,1,0,1,0,6
2019,Odisha,JAJPUR RTO - OR34( 23-OCT-2017 ),7,DUMPER,1,0,1,0,0,0,0,0,0,0,0,0,2
2019,Odisha,JAJPUR RTO - OR34( 23-OCT-2017 ),8,EARTH MOVING EQUIPMENT,0,0,1,1,0,0,0,0,0,0,0,0,2
2019,Odisha,JAJPUR RTO - OR34( 23-OCT-2017 ),9,EDUCATIONAL INSTITUTION BUS,0,0,0,0,0,0,2,0,0,0,0,1,3
2019,Odisha,JAJPUR RTO - OR34( 23-OCT-2017 ),10,E-RICKSHAW(P),0,1,0,0,0,0,0,0,0,0,0,1,2
2019,Odisha,JAJPUR RTO - OR34( 23-OCT-2017 ),11,EXCAVATOR (COMMERCIAL),1,0,0,1,2,0,0,0,0,1,0,0,5
2019,Odisha,JAJPUR RTO - OR34( 23-OCT-2017 ),12,EXCAVATOR (NT),0,0,0,1,0,0,0,0,0,0,0,0,1
2019,Odisha,JAJPUR RTO - OR34( 23-OCT-2017 ),13,GOODS CARRIER,44,59,59,54,41,33,41,36,29,49,37,55,537
2019,Odisha,JAJPUR RTO - OR34( 23-OCT-2017 ),14,HARVESTER,2,1,4,0,0,0,0,0,0,0,0,1,8
2019,Odisha,JAJPUR RTO - OR34( 23-OCT-2017 ),15,MAXI CAB,16,14,16,8,10,6,7,4,6,8,4,10,109
2019,Odisha,JAJPUR RTO - OR34( 23-OCT-2017 ),16,M-CYCLE/SCOOTER,"1,585","1,474","1,988","2,105","1,876","1,538","1,899","1,422","1,949","2,555","2,168","1,825","22,384"
2019,Odisha,JAJPUR RTO - OR34( 23-OCT-2017 ),17,M-CYCLE/SCOOTER-WITH SIDE CAR,0,0,0,0,0,0,0,0,1,0,0,0,1
2019,Odisha,JAJPUR RTO - OR34( 23-OCT-2017 ),18,MOPED,0,0,0,1,1,1,0,6,5,20,7,11,52
2019,Odisha,JAJPUR RTO - OR34( 23-OCT-2017 ),19,MOTOR CAB,5,6,4,6,4,9,3,4,4,11,5,7,68
2019,Odisha,JAJPUR RTO - OR34( 23-OCT-2017 ),20,MOTOR CAR,76,50,58,53,55,51,47,47,64,98,73,51,723
2019,Odisha,JAJPUR RTO - OR34( 23-OCT-2017 ),21,MOTORISED CYCLE (CC > 25CC),1,0,0,0,0,0,0,0,0,1,0,0,2
2019,Odisha,JAJPUR RTO - OR34( 23-OCT-2017 ),22,OMNI BUS,2,1,0,0,3,1,1,1,1,0,1,0,11
2019,Odisha,JAJPUR RTO - OR34( 23-OCT-2017 ),23,OMNI BUS (PRIVATE USE),0,1,0,1,1,0,0,1,0,0,0,1,5
2019,Odisha,JAJPUR RTO - OR34( 23-OCT-2017 ),24,PRIVATE SERVICE VEHICLE,0,0,0,0,0,0,1,0,0,0,0,0,1
2019,Odisha,JAJPUR RTO - OR34( 23-OCT-2017 ),25,PRIVATE SERVICE VEHICLE (INDIVIDUAL USE),0,1,0,0,0,0,0,0,0,0,0,0,1
2019,Odisha,JHARSUGUDA RTO - OR23( 07-NOV-2017 ),1,AGRICULTURAL TRACTOR,0,0,0,0,2,1,0,2,1,0,0,0,6
2019,Odisha,JHARSUGUDA RTO - OR23( 07-NOV-2017 ),2,AMBULANCE,0,1,1,0,1,3,2,0,0,0,0,0,8
2019,Odisha,JHARSUGUDA RTO - OR23( 07-NOV-2017 ),3,ARTICULATED VEHICLE,1,0,0,0,0,0,0,0,0,0,1,0,2
2019,Odisha,JHARSUGUDA RTO - OR23( 07-NOV-2017 ),4,BUS,2,2,4,0,0,1,0,1,3,1,1,1,16
2019,Odisha,JHARSUGUDA RTO - OR23( 07-NOV-2017 ),5,CONSTRUCTION EQUIPMENT VEHICLE,5,4,8,4,7,7,2,4,2,1,16,2,62
2019,Odisha,JHARSUGUDA RTO - OR23( 07-NOV-2017 ),6,CRANE MOUNTED VEHICLE,1,0,0,3,1,0,4,2,0,5,5,1,22
2019,Odisha,JHARSUGUDA RTO - OR23( 07-NOV-2017 ),7,EARTH MOVING EQUIPMENT,0,0,0,0,0,1,0,0,0,0,3,0,4
2019,Odisha,JHARSUGUDA RTO - OR23( 07-NOV-2017 ),8,EDUCATIONAL INSTITUTION BUS,0,0,1,0,0,0,2,3,0,2,0,0,8
2019,Odisha,JHARSUGUDA RTO - OR23( 07-NOV-2017 ),9,EXCAVATOR (COMMERCIAL),0,0,0,0,0,0,0,0,0,0,1,0,1
2019,Odisha,JHARSUGUDA RTO - OR23( 07-NOV-2017 ),10,EXCAVATOR (NT),0,0,0,2,0,0,0,0,0,0,0,1,3
2019,Odisha,JHARSUGUDA RTO - OR23( 07-NOV-2017 ),11,FIRE TENDERS,0,0,0,1,0,0,0,0,0,0,0,0,1
2019,Odisha,JHARSUGUDA RTO - OR23( 07-NOV-2017 ),12,FORK LIFT,2,1,0,1,1,0,1,1,0,1,3,0,11
2019,Odisha,JHARSUGUDA RTO - OR23( 07-NOV-2017 ),13,GOODS CARRIER,155,160,96,77,90,70,44,57,43,59,74,68,993
2019,Odisha,JHARSUGUDA RTO - OR23( 07-NOV-2017 ),14,HARVESTER,0,0,0,0,0,0,0,0,0,0,1,0,1
2019,Odisha,JHARSUGUDA RTO - OR23( 07-NOV-2017 ),15,LUXURY CAB,0,0,0,0,0,0,0,1,0,0,0,0,1
2019,Odisha,JHARSUGUDA RTO - OR23( 07-NOV-2017 ),16,MAXI CAB,6,9,12,9,9,8,8,13,8,13,20,9,124
2019,Odisha,JHARSUGUDA RTO - OR23( 07-NOV-2017 ),17,M-CYCLE/SCOOTER,892,869,888,916,"1,064",937,948,"1,304",830,"1,679","1,266","1,246","12,839"
2019,Odisha,JHARSUGUDA RTO - OR23( 07-NOV-2017 ),18,MOPED,63,30,54,37,43,33,48,61,49,50,49,37,554
2019,Odisha,JHARSUGUDA RTO - OR23( 07-NOV-2017 ),19,MOTOR CAB,8,7,7,4,2,4,2,3,1,7,9,2,56
2019,Odisha,JHARSUGUDA RTO - OR23( 07-NOV-2017 ),20,MOTOR CAR,115,103,121,86,110,82,101,79,76,173,103,102,"1,251"
2019,Odisha,JHARSUGUDA RTO - OR23( 07-NOV-2017 ),21,OMNI BUS,1,0,0,2,0,1,1,1,1,0,0,2,9
2019,Odisha,JHARSUGUDA RTO - OR23( 07-NOV-2017 ),22,OMNI BUS (PRIVATE USE),1,1,1,1,2,1,2,1,1,1,0,1,13
2019,Odisha,JHARSUGUDA RTO - OR23( 07-NOV-2017 ),23,PRIVATE SERVICE VEHICLE,3,0,1,3,0,0,0,1,0,0,0,1,9
2019,Odisha,JHARSUGUDA RTO - OR23( 07-NOV-2017 ),24,THREE WHEELER (GOODS),11,3,10,4,7,2,2,3,4,7,4,6,63
2019,Odisha,JHARSUGUDA RTO - OR23( 07-NOV-2017 ),25,THREE WHEELER (PASSENGER),12,18,27,11,10,25,9,25,19,27,26,15,224
2019,Odisha,KALAHANDI RTO - OR8( 23-OCT-2017 ),1,AGRICULTURAL TRACTOR,1,3,1,0,1,1,4,1,2,1,0,0,15
2019,Odisha,KALAHANDI RTO - OR8( 23-OCT-2017 ),2,AMBULANCE,0,0,1,0,0,0,0,0,0,1,0,1,3
2019,Odisha,KALAHANDI RTO - OR8( 23-OCT-2017 ),3,ARTICULATED VEHICLE,0,0,0,0,0,1,0,0,0,0,0,0,1
2019,Odisha,KALAHANDI RTO - OR8( 23-OCT-2017 ),4,BUS,0,0,0,3,1,2,1,0,1,0,1,0,9
2019,Odisha,KALAHANDI RTO - OR8( 23-OCT-2017 ),5,CAMPER VAN / TRAILER (PRIVATE USE),0,0,0,1,0,0,0,0,0,0,0,0,1
2019,Odisha,KALAHANDI RTO - OR8( 23-OCT-2017 ),6,CONSTRUCTION EQUIPMENT VEHICLE,7,4,6,2,4,3,3,1,3,6,7,9,55
2019,Odisha,KALAHANDI RTO - OR8( 23-OCT-2017 ),7,CRANE MOUNTED VEHICLE,0,1,2,0,0,0,0,0,1,1,0,0,5
2019,Odisha,KALAHANDI RTO - OR8( 23-OCT-2017 ),8,EARTH MOVING EQUIPMENT,0,0,1,1,1,1,0,0,0,0,2,0,6
2019,Odisha,KALAHANDI RTO - OR8( 23-OCT-2017 ),9,EDUCATIONAL INSTITUTION BUS,0,0,2,0,3,1,0,1,5,2,2,0,16
2019,Odisha,KALAHANDI RTO - OR8( 23-OCT-2017 ),10,E-RICKSHAW(P),1,0,0,0,0,1,0,0,0,0,0,0,2
2019,Odisha,KALAHANDI RTO - OR8( 23-OCT-2017 ),11,EXCAVATOR (COMMERCIAL),1,2,5,1,2,1,5,2,0,2,0,2,23
2019,Odisha,KALAHANDI RTO - OR8( 23-OCT-2017 ),12,EXCAVATOR (NT),0,0,0,0,0,0,0,0,0,1,1,0,2
2019,Odisha,KALAHANDI RTO - OR8( 23-OCT-2017 ),13,FORK LIFT,0,0,2,0,0,0,0,0,0,0,0,0,2
2019,Odisha,KALAHANDI RTO - OR8( 23-OCT-2017 ),14,GOODS CARRIER,49,40,54,37,18,22,21,26,22,65,61,72,487
2019,Odisha,KALAHANDI RTO - OR8( 23-OCT-2017 ),15,LUXURY CAB,2,0,1,2,1,0,2,1,0,3,1,1,14
2019,Odisha,KALAHANDI RTO - OR8( 23-OCT-2017 ),16,MAXI CAB,4,1,16,4,4,5,12,6,7,10,10,10,89
2019,Odisha,KALAHANDI RTO - OR8( 23-OCT-2017 ),17,M-CYCLE/SCOOTER,"1,238","2,080","1,977","3,068","2,139","1,378","1,200",908,651,"1,740","1,018",910,"18,307"
2019,Odisha,KALAHANDI RTO - OR8( 23-OCT-2017 ),18,MOPED,131,139,194,155,66,82,65,72,14,128,67,96,"1,209"
2019,Odisha,KALAHANDI RTO - OR8( 23-OCT-2017 ),19,MOTOR CAB,4,2,3,1,2,3,3,3,5,2,3,2,33
2019,Odisha,KALAHANDI RTO - OR8( 23-OCT-2017 ),20,MOTOR CAR,74,84,93,76,62,64,46,48,46,87,72,50,802
2019,Odisha,KALAHANDI RTO - OR8( 23-OCT-2017 ),21,MOTORISED CYCLE (CC > 25CC),5,1,0,2,4,1,1,1,0,1,5,0,21
2019,Odisha,KALAHANDI RTO - OR8( 23-OCT-2017 ),22,OMNI BUS,14,8,3,1,0,2,3,2,0,4,1,1,39
2019,Odisha,KALAHANDI RTO - OR8( 23-OCT-2017 ),23,OMNI BUS (PRIVATE USE),10,1,11,6,8,12,4,1,4,12,3,0,72
2019,Odisha,KALAHANDI RTO - OR8( 23-OCT-2017 ),24,THREE WHEELER (GOODS),1,3,2,3,3,3,2,5,5,3,2,5,37
2019,Odisha,KALAHANDI RTO - OR8( 23-OCT-2017 ),25,THREE WHEELER (PASSENGER),33,29,36,21,28,24,34,21,30,33,31,29,349
2019,Odisha,KENDRAPARA RTO - OR29( 23-OCT-2017 ),1,AGRICULTURAL TRACTOR,2,3,10,3,2,3,8,6,7,5,7,5,61
2019,Odisha,KENDRAPARA RTO - OR29( 23-OCT-2017 ),2,AMBULANCE,0,0,0,0,0,0,0,0,1,2,0,2,5
2019,Odisha,KENDRAPARA RTO - OR29( 23-OCT-2017 ),3,BUS,1,0,2,0,0,2,2,0,0,1,0,0,8
2019,Odisha,KENDRAPARA RTO - OR29( 23-OCT-2017 ),4,CONSTRUCTION EQUIPMENT VEHICLE,3,0,0,1,0,1,0,0,2,1,4,0,12
2019,Odisha,KENDRAPARA RTO - OR29( 23-OCT-2017 ),5,CRANE MOUNTED VEHICLE,1,0,0,0,0,1,0,0,0,0,1,0,3
2019,Odisha,KENDRAPARA RTO - OR29( 23-OCT-2017 ),6,EDUCATIONAL INSTITUTION BUS,1,0,0,0,0,0,0,0,0,1,1,0,3
2019,Odisha,KENDRAPARA RTO - OR29( 23-OCT-2017 ),7,EXCAVATOR (COMMERCIAL),1,2,4,0,0,0,1,1,0,2,0,4,15
2019,Odisha,KENDRAPARA RTO - OR29( 23-OCT-2017 ),8,EXCAVATOR (NT),0,1,0,0,0,0,0,0,0,0,0,0,1
2019,Odisha,KENDRAPARA RTO - OR29( 23-OCT-2017 ),9,GOODS CARRIER,97,80,71,89,63,34,59,73,62,58,31,45,762
2019,Odisha,KENDRAPARA RTO - OR29( 23-OCT-2017 ),10,LUXURY CAB,0,0,0,0,0,0,0,0,0,0,1,0,1
2019,Odisha,KENDRAPARA RTO - OR29( 23-OCT-2017 ),11,MAXI CAB,6,5,6,4,11,11,0,1,1,2,3,4,54
2019,Odisha,KENDRAPARA RTO - OR29( 23-OCT-2017 ),12,M-CYCLE/SCOOTER,704,768,756,840,686,810,751,567,739,"1,174",661,632,"9,088"
2019,Odisha,KENDRAPARA RTO - OR29( 23-OCT-2017 ),13,MOPED,99,83,94,81,76,59,91,57,100,102,66,65,973
2019,Odisha,KENDRAPARA RTO - OR29( 23-OCT-2017 ),14,MOTOR CAB,0,1,5,1,2,2,1,0,1,3,1,0,17
2019,Odisha,KENDRAPARA RTO - OR29( 23-OCT-2017 ),15,MOTOR CAR,16,6,6,6,9,7,13,10,12,11,5,4,105
2019,Odisha,KENDRAPARA RTO - OR29( 23-OCT-2017 ),16,MOTOR CYCLE/SCOOTER-USED FOR HIRE,1,0,0,0,0,0,0,0,0,0,0,0,1
2019,Odisha,KENDRAPARA RTO - OR29( 23-OCT-2017 ),17,OMNI BUS,0,1,0,0,0,0,0,1,0,0,1,0,3
2019,Odisha,KENDRAPARA RTO - OR29( 23-OCT-2017 ),18,THREE WHEELER (GOODS),16,28,13,10,21,25,19,21,25,27,31,25,261
2019,Odisha,KENDRAPARA RTO - OR29( 23-OCT-2017 ),19,THREE WHEELER (PASSENGER),32,30,27,21,18,19,27,29,45,61,52,43,404
2019,Odisha,KENDRAPARA RTO - OR29( 23-OCT-2017 ),20,TRACTOR (COMMERCIAL),40,47,45,35,36,21,33,21,39,43,57,57,474
2019,Odisha,KENDRAPARA RTO - OR29( 23-OCT-2017 ),21,TRACTOR-TROLLEY(COMMERCIAL),3,3,4,1,1,0,3,2,1,1,2,1,22
2019,Odisha,KENDRAPARA RTO - OR29( 23-OCT-2017 ),22,TRAILER (COMMERCIAL),26,31,36,22,17,12,13,8,15,25,34,37,276
2019,Odisha,KEONJHAR RTO - OR9( 04-DEC-2017 ),1,AGRICULTURAL TRACTOR,1,2,6,3,16,11,23,20,18,20,22,10,152
2019,Odisha,KEONJHAR RTO - OR9( 04-DEC-2017 ),2,AMBULANCE,1,1,1,3,4,1,4,0,1,0,1,0,17
2019,Odisha,KEONJHAR RTO - OR9( 04-DEC-2017 ),3,BUS,6,1,1,3,2,1,0,0,1,1,4,2,22
2019,Odisha,KEONJHAR RTO - OR9( 04-DEC-2017 ),4,CONSTRUCTION EQUIPMENT VEHICLE,0,2,1,6,9,2,1,5,3,4,3,1,37
2019,Odisha,KEONJHAR RTO - OR9( 04-DEC-2017 ),5,CRANE MOUNTED VEHICLE,0,0,0,1,0,0,1,0,0,0,1,0,3
2019,Odisha,KEONJHAR RTO - OR9( 04-DEC-2017 ),6,EARTH MOVING EQUIPMENT,0,0,0,0,2,0,0,0,0,0,0,0,2
2019,Odisha,KEONJHAR RTO - OR9( 04-DEC-2017 ),7,EDUCATIONAL INSTITUTION BUS,3,0,0,4,0,0,3,1,1,1,2,0,15
2019,Odisha,KEONJHAR RTO - OR9( 04-DEC-2017 ),8,EXCAVATOR (COMMERCIAL),0,2,0,1,1,1,1,1,0,0,1,3,11
2019,Odisha,KEONJHAR RTO - OR9( 04-DEC-2017 ),9,GOODS CARRIER,87,57,71,56,113,94,128,199,141,207,124,135,"1,412"
2019,Odisha,KEONJHAR RTO - OR9( 04-DEC-2017 ),10,HARVESTER,0,0,0,0,0,0,0,0,0,0,0,1,1
2019,Odisha,KEONJHAR RTO - OR9( 04-DEC-2017 ),11,MAXI CAB,6,1,9,1,6,5,10,4,3,12,7,13,77
2019,Odisha,KEONJHAR RTO - OR9( 04-DEC-2017 ),12,M-CYCLE/SCOOTER,"1,295","1,342","1,067","1,521","1,746","1,288","1,732","1,164","1,623","2,007","1,957","1,018","17,760"
2019,Odisha,KEONJHAR RTO - OR9( 04-DEC-2017 ),13,M-CYCLE/SCOOTER-WITH SIDE CAR,1,0,0,0,1,0,2,0,0,1,0,0,5
2019,Odisha,KEONJHAR RTO - OR9( 04-DEC-2017 ),14,MOPED,82,84,55,91,59,39,68,43,66,64,51,30,732
2019,Odisha,KEONJHAR RTO - OR9( 04-DEC-2017 ),15,MOTOR CAB,9,15,10,7,14,6,13,5,9,17,9,6,120
2019,Odisha,KEONJHAR RTO - OR9( 04-DEC-2017 ),16,MOTOR CAR,37,36,39,28,33,16,33,21,30,30,37,30,370
2019,Odisha,KEONJHAR RTO - OR9( 04-DEC-2017 ),17,MOTORISED CYCLE (CC > 25CC),1,1,0,0,0,2,0,4,2,0,0,0,10
2019,Odisha,KEONJHAR RTO - OR9( 04-DEC-2017 ),18,OMNI BUS,1,1,0,0,2,0,0,1,0,1,0,0,6
2019,Odisha,KEONJHAR RTO - OR9( 04-DEC-2017 ),19,OMNI BUS (PRIVATE USE),0,0,0,0,0,0,0,1,0,0,0,0,1
2019,Odisha,KEONJHAR RTO - OR9( 04-DEC-2017 ),20,THREE WHEELER (GOODS),19,25,32,17,27,20,17,26,30,41,43,35,332
2019,Odisha,KEONJHAR RTO - OR9( 04-DEC-2017 ),21,THREE WHEELER (PASSENGER),61,34,60,18,58,39,37,45,85,94,76,50,657
2019,Odisha,KEONJHAR RTO - OR9( 04-DEC-2017 ),22,TRACTOR (COMMERCIAL),35,49,32,22,42,34,36,20,16,35,59,55,435
2019,Odisha,KEONJHAR RTO - OR9( 04-DEC-2017 ),23,TRAILER (AGRICULTURAL),0,0,0,0,0,0,0,0,0,0,1,0,1
2019,Odisha,KEONJHAR RTO - OR9( 04-DEC-2017 ),24,TRAILER (COMMERCIAL),30,41,34,23,41,32,31,20,16,35,57,55,415
2019,Odisha,KHORDHA ARTO - OR201( 20-JAN-2018 ),1,AGRICULTURAL TRACTOR,1,2,6,3,16,11,23,20,18,20,22,10,152
2019,Odisha,KHORDHA ARTO - OR201( 20-JAN-2018 ),2,AMBULANCE,1,1,1,3,4,1,4,0,1,0,1,0,17
2019,Odisha,KHORDHA ARTO - OR201( 20-JAN-2018 ),3,BUS,6,1,1,3,2,1,0,0,1,1,4,2,22
2019,Odisha,KHORDHA ARTO - OR201( 20-JAN-2018 ),4,CONSTRUCTION EQUIPMENT VEHICLE,0,2,1,6,9,2,1,5,3,4,3,1,37
2019,Odisha,KHORDHA ARTO - OR201( 20-JAN-2018 ),5,CRANE MOUNTED VEHICLE,0,0,0,1,0,0,1,0,0,0,1,0,3
2019,Odisha,KHORDHA ARTO - OR201( 20-JAN-2018 ),6,EARTH MOVING EQUIPMENT,0,0,0,0,2,0,0,0,0,0,0,0,2
2019,Odisha,KHORDHA ARTO - OR201( 20-JAN-2018 ),7,EDUCATIONAL INSTITUTION BUS,3,0,0,4,0,0,3,1,1,1,2,0,15
2019,Odisha,KHORDHA ARTO - OR201( 20-JAN-2018 ),8,EXCAVATOR (COMMERCIAL),0,2,0,1,1,1,1,1,0,0,1,3,11
2019,Odisha,KHORDHA ARTO - OR201( 20-JAN-2018 ),9,GOODS CARRIER,87,57,71,56,113,94,128,199,141,207,124,135,"1,412"
2019,Odisha,KHORDHA ARTO - OR201( 20-JAN-2018 ),10,HARVESTER,0,0,0,0,0,0,0,0,0,0,0,1,1
2019,Odisha,KHORDHA ARTO - OR201( 20-JAN-2018 ),11,MAXI CAB,6,1,9,1,6,5,10,4,3,12,7,13,77
2019,Odisha,KHORDHA ARTO - OR201( 20-JAN-2018 ),12,M-CYCLE/SCOOTER,"1,295","1,342","1,067","1,521","1,746","1,288","1,732","1,164","1,623","2,007","1,957","1,018","17,760"
2019,Odisha,KHORDHA ARTO - OR201( 20-JAN-2018 ),13,M-CYCLE/SCOOTER-WITH SIDE CAR,1,0,0,0,1,0,2,0,0,1,0,0,5
2019,Odisha,KHORDHA ARTO - OR201( 20-JAN-2018 ),14,MOPED,82,84,55,91,59,39,68,43,66,64,51,30,732
2019,Odisha,KHORDHA ARTO - OR201( 20-JAN-2018 ),15,MOTOR CAB,9,15,10,7,14,6,13,5,9,17,9,6,120
2019,Odisha,KHORDHA ARTO - OR201( 20-JAN-2018 ),16,MOTOR CAR,37,36,39,28,33,16,33,21,30,30,37,30,370
2019,Odisha,KHORDHA ARTO - OR201( 20-JAN-2018 ),17,MOTORISED CYCLE (CC > 25CC),1,1,0,0,0,2,0,4,2,0,0,0,10
2019,Odisha,KHORDHA ARTO - OR201( 20-JAN-2018 ),18,OMNI BUS,1,1,0,0,2,0,0,1,0,1,0,0,6
2019,Odisha,KHORDHA ARTO - OR201( 20-JAN-2018 ),19,OMNI BUS (PRIVATE USE),0,0,0,0,0,0,0,1,0,0,0,0,1
2019,Odisha,KHORDHA ARTO - OR201( 20-JAN-2018 ),20,THREE WHEELER (GOODS),19,25,32,17,27,20,17,26,30,41,43,35,332
2019,Odisha,KHORDHA ARTO - OR201( 20-JAN-2018 ),21,THREE WHEELER (PASSENGER),61,34,60,18,58,39,37,45,85,94,76,50,657
2019,Odisha,KHORDHA ARTO - OR201( 20-JAN-2018 ),22,TRACTOR (COMMERCIAL),35,49,32,22,42,34,36,20,16,35,59,55,435
2019,Odisha,KHORDHA ARTO - OR201( 20-JAN-2018 ),23,TRAILER (AGRICULTURAL),0,0,0,0,0,0,0,0,0,0,1,0,1
2019,Odisha,KHORDHA ARTO - OR201( 20-JAN-2018 ),24,TRAILER (COMMERCIAL),30,41,34,23,41,32,31,20,16,35,57,55,415
2019,Odisha,KORAPUT RTO - OR10( 25-DEC-2017 ),1,AGRICULTURAL TRACTOR,0,0,0,0,0,0,0,1,2,0,1,0,4
2019,Odisha,KORAPUT RTO - OR10( 25-DEC-2017 ),2,AMBULANCE,2,0,0,0,1,1,2,2,0,1,1,0,10
2019,Odisha,KORAPUT RTO - OR10( 25-DEC-2017 ),3,BUS,5,0,3,0,0,0,0,3,1,2,0,0,14
2019,Odisha,KORAPUT RTO - OR10( 25-DEC-2017 ),4,CONSTRUCTION EQUIPMENT VEHICLE,4,8,4,4,8,5,3,2,3,1,2,3,47
2019,Odisha,KORAPUT RTO - OR10( 25-DEC-2017 ),5,CRANE MOUNTED VEHICLE,0,0,2,1,0,2,0,1,0,0,0,0,6
2019,Odisha,KORAPUT RTO - OR10( 25-DEC-2017 ),6,DUMPER,0,2,0,0,0,0,0,0,0,0,0,0,2
2019,Odisha,KORAPUT RTO - OR10( 25-DEC-2017 ),7,EARTH MOVING EQUIPMENT,1,1,2,1,2,0,0,0,0,0,1,0,8
2019,Odisha,KORAPUT RTO - OR10( 25-DEC-2017 ),8,EDUCATIONAL INSTITUTION BUS,1,2,0,0,1,0,0,1,1,0,1,1,8
2019,Odisha,KORAPUT RTO - OR10( 25-DEC-2017 ),9,EXCAVATOR (COMMERCIAL),1,1,0,0,0,0,0,0,0,1,0,0,3
2019,Odisha,KORAPUT RTO - OR10( 25-DEC-2017 ),10,EXCAVATOR (NT),0,1,1,0,0,0,0,0,0,0,1,0,3
2019,Odisha,KORAPUT RTO - OR10( 25-DEC-2017 ),11,GOODS CARRIER,61,72,52,60,45,36,42,43,27,43,43,46,570
2019,Odisha,KORAPUT RTO - OR10( 25-DEC-2017 ),12,MAXI CAB,18,8,8,7,4,4,8,14,11,2,9,7,100
2019,Odisha,KORAPUT RTO - OR10( 25-DEC-2017 ),13,M-CYCLE/SCOOTER,"1,958","2,302","1,892","2,493","1,659","1,366","1,535","1,118","1,799","2,403","2,589","2,047","23,161"
2019,Odisha,KORAPUT RTO - OR10( 25-DEC-2017 ),14,M-CYCLE/SCOOTER-WITH SIDE CAR,21,0,1,0,1,0,0,1,0,1,1,1,27
2019,Odisha,KORAPUT RTO - OR10( 25-DEC-2017 ),15,MOPED,41,57,35,64,61,41,19,13,17,10,21,22,401
2019,Odisha,KORAPUT RTO - OR10( 25-DEC-2017 ),16,MOTOR CAB,9,4,11,8,4,7,4,2,7,6,9,6,77
2019,Odisha,KORAPUT RTO - OR10( 25-DEC-2017 ),17,MOTOR CAR,146,106,115,102,152,107,103,86,83,200,165,139,"1,504"
2019,Odisha,KORAPUT RTO - OR10( 25-DEC-2017 ),18,MOTORISED CYCLE (CC > 25CC),52,59,34,84,66,43,31,24,47,41,40,49,570
2019,Odisha,KORAPUT RTO - OR10( 25-DEC-2017 ),19,OMNI BUS,1,0,1,1,2,0,0,0,2,0,2,0,9
2019,Odisha,KORAPUT RTO - OR10( 25-DEC-2017 ),20,OMNI BUS (PRIVATE USE),0,2,1,0,0,1,0,0,0,1,0,0,5
2019,Odisha,KORAPUT RTO - OR10( 25-DEC-2017 ),21,PRIVATE SERVICE VEHICLE,0,0,0,0,0,0,0,1,0,0,0,0,1
2019,Odisha,KORAPUT RTO - OR10( 25-DEC-2017 ),22,THREE WHEELER (GOODS),10,7,5,3,6,4,8,8,6,11,13,16,97
2019,Odisha,KORAPUT RTO - OR10( 25-DEC-2017 ),23,THREE WHEELER (PASSENGER),38,54,48,28,40,49,52,92,45,84,63,67,660
2019,Odisha,KORAPUT RTO - OR10( 25-DEC-2017 ),24,TOWER WAGON,0,0,0,0,0,0,0,0,0,1,0,0,1
2019,Odisha,KORAPUT RTO - OR10( 25-DEC-2017 ),25,TRACTOR (COMMERCIAL),34,43,45,23,38,28,26,25,34,22,31,67,416
2019,Odisha,MALKANAGIRI RTO - OR30( 25-DEC-2017 ),1,AGRICULTURAL TRACTOR,0,0,0,8,0,0,0,1,1,0,0,1,11
2019,Odisha,MALKANAGIRI RTO - OR30( 25-DEC-2017 ),2,AMBULANCE,1,2,0,0,1,0,0,1,0,0,1,0,6
2019,Odisha,MALKANAGIRI RTO - OR30( 25-DEC-2017 ),3,BUS,0,0,0,1,1,0,0,0,0,0,0,0,2
2019,Odisha,MALKANAGIRI RTO - OR30( 25-DEC-2017 ),4,CONSTRUCTION EQUIPMENT VEHICLE,0,0,1,0,0,0,1,1,0,0,2,1,6
2019,Odisha,MALKANAGIRI RTO - OR30( 25-DEC-2017 ),5,DUMPER,0,0,0,0,1,1,0,0,0,0,0,0,2
2019,Odisha,MALKANAGIRI RTO - OR30( 25-DEC-2017 ),6,EDUCATIONAL INSTITUTION BUS,0,0,0,0,1,0,0,1,0,0,0,0,2
2019,Odisha,MALKANAGIRI RTO - OR30( 25-DEC-2017 ),7,EXCAVATOR (COMMERCIAL),4,5,0,2,1,1,0,0,0,0,2,0,15
2019,Odisha,MALKANAGIRI RTO - OR30( 25-DEC-2017 ),8,GOODS CARRIER,11,6,13,2,18,8,12,17,10,10,16,13,136
2019,Odisha,MALKANAGIRI RTO - OR30( 25-DEC-2017 ),9,LUXURY CAB,0,0,0,0,0,1,0,0,0,0,0,0,1
2019,Odisha,MALKANAGIRI RTO - OR30( 25-DEC-2017 ),10,MAXI CAB,1,1,0,2,2,2,1,4,2,1,2,2,20
2019,Odisha,MALKANAGIRI RTO - OR30( 25-DEC-2017 ),11,M-CYCLE/SCOOTER,438,250,964,184,484,598,348,588,469,339,398,585,"5,645"
2019,Odisha,MALKANAGIRI RTO - OR30( 25-DEC-2017 ),12,MOPED,6,0,31,0,0,31,17,25,2,14,13,9,148
2019,Odisha,MALKANAGIRI RTO - OR30( 25-DEC-2017 ),13,MOTOR CAB,1,1,3,0,0,0,0,0,0,1,2,1,9
2019,Odisha,MALKANAGIRI RTO - OR30( 25-DEC-2017 ),14,MOTOR CAR,20,11,14,12,17,20,10,13,7,22,22,23,191
2019,Odisha,MALKANAGIRI RTO - OR30( 25-DEC-2017 ),15,MOTORISED CYCLE (CC > 25CC),1,0,1,0,1,0,0,0,0,1,0,0,4
2019,Odisha,MALKANAGIRI RTO - OR30( 25-DEC-2017 ),16,OMNI BUS (PRIVATE USE),0,0,0,0,0,1,0,0,0,1,0,0,2
2019,Odisha,MALKANAGIRI RTO - OR30( 25-DEC-2017 ),17,THREE WHEELER (GOODS),2,1,3,4,3,2,5,4,5,1,8,0,38
2019,Odisha,MALKANAGIRI RTO - OR30( 25-DEC-2017 ),18,THREE WHEELER (PASSENGER),22,58,49,10,24,64,48,30,24,25,59,24,437
2019,Odisha,MALKANAGIRI RTO - OR30( 25-DEC-2017 ),19,TRACTOR (COMMERCIAL),23,18,13,3,19,17,15,44,14,2,7,3,178
2019,Odisha,MALKANAGIRI RTO - OR30( 25-DEC-2017 ),20,TRAILER (COMMERCIAL),4,14,11,2,9,5,2,4,6,0,3,2,62
2019,Odisha,MAYURBHANJ RTO - OR11( 08-NOV-2017 ),1,AGRICULTURAL TRACTOR,2,4,5,3,3,9,17,3,11,12,12,14,95
2019,Odisha,MAYURBHANJ RTO - OR11( 08-NOV-2017 ),2,AMBULANCE,3,2,4,0,1,3,2,1,1,2,0,0,19
2019,Odisha,MAYURBHANJ RTO - OR11( 08-NOV-2017 ),3,BUS,2,0,1,2,2,2,3,2,1,0,1,2,18
2019,Odisha,MAYURBHANJ RTO - OR11( 08-NOV-2017 ),4,CAMPER VAN / TRAILER (PRIVATE USE),0,0,0,0,2,0,0,0,0,0,0,0,2
2019,Odisha,MAYURBHANJ RTO - OR11( 08-NOV-2017 ),5,CONSTRUCTION EQUIPMENT VEHICLE,0,1,2,1,0,0,1,0,0,0,0,0,5
2019,Odisha,MAYURBHANJ RTO - OR11( 08-NOV-2017 ),6,CRANE MOUNTED VEHICLE,0,0,0,0,0,0,0,0,0,0,0,1,1
2019,Odisha,MAYURBHANJ RTO - OR11( 08-NOV-2017 ),7,DUMPER,0,0,0,0,0,0,0,0,0,0,0,1,1
2019,Odisha,MAYURBHANJ RTO - OR11( 08-NOV-2017 ),8,EDUCATIONAL INSTITUTION BUS,0,0,1,0,1,0,3,1,2,0,0,0,8
2019,Odisha,MAYURBHANJ RTO - OR11( 08-NOV-2017 ),9,E-RICKSHAW(P),0,0,0,0,0,0,0,1,3,0,2,2,8
2019,Odisha,MAYURBHANJ RTO - OR11( 08-NOV-2017 ),10,E-RICKSHAW WITH CART (G),0,0,0,0,0,0,0,0,0,0,0,1,1
2019,Odisha,MAYURBHANJ RTO - OR11( 08-NOV-2017 ),11,EXCAVATOR (COMMERCIAL),0,0,1,0,1,0,0,0,0,0,1,0,3
2019,Odisha,MAYURBHANJ RTO - OR11( 08-NOV-2017 ),12,EXCAVATOR (NT),0,0,0,0,0,0,0,0,0,0,0,1,1
2019,Odisha,MAYURBHANJ RTO - OR11( 08-NOV-2017 ),13,GOODS CARRIER,42,22,33,34,28,19,42,22,30,50,31,30,383
2019,Odisha,MAYURBHANJ RTO - OR11( 08-NOV-2017 ),14,MAXI CAB,7,8,10,8,9,14,6,3,14,17,9,6,111
2019,Odisha,MAYURBHANJ RTO - OR11( 08-NOV-2017 ),15,M-CYCLE/SCOOTER,906,"1,456","1,660","2,212","1,900","1,035","1,383","1,575",974,"2,412","1,213",828,"17,554"
2019,Odisha,MAYURBHANJ RTO - OR11( 08-NOV-2017 ),16,M-CYCLE/SCOOTER-WITH SIDE CAR,0,3,0,0,2,1,0,0,0,0,1,0,7
2019,Odisha,MAYURBHANJ RTO - OR11( 08-NOV-2017 ),17,MOPED,65,76,86,136,117,59,83,108,61,90,48,38,967
2019,Odisha,MAYURBHANJ RTO - OR11( 08-NOV-2017 ),18,MOTOR CAB,5,6,4,1,5,6,5,2,2,3,5,3,47
2019,Odisha,MAYURBHANJ RTO - OR11( 08-NOV-2017 ),19,MOTOR CAR,119,61,76,59,80,75,81,63,90,138,75,84,"1,001"
2019,Odisha,MAYURBHANJ RTO - OR11( 08-NOV-2017 ),20,MOTORISED CYCLE (CC > 25CC),0,0,0,2,1,0,0,0,0,0,0,0,3
2019,Odisha,MAYURBHANJ RTO - OR11( 08-NOV-2017 ),21,OMNI BUS,0,1,0,0,1,0,0,0,1,0,0,0,3
2019,Odisha,MAYURBHANJ RTO - OR11( 08-NOV-2017 ),22,OMNI BUS (PRIVATE USE),1,0,0,1,1,0,0,0,0,0,1,1,5
2019,Odisha,MAYURBHANJ RTO - OR11( 08-NOV-2017 ),23,THREE WHEELER (GOODS),16,16,22,14,13,22,11,13,25,30,30,17,229
2019,Odisha,MAYURBHANJ RTO - OR11( 08-NOV-2017 ),24,THREE WHEELER (PASSENGER),31,28,34,20,25,28,36,33,47,51,33,27,393
2019,Odisha,MAYURBHANJ RTO - OR11( 08-NOV-2017 ),25,TRACTOR (COMMERCIAL),41,41,36,30,27,18,55,26,22,32,73,52,453
2019,Odisha,NAWARANGPUR RTO - OR24( 07-NOV-2017 ),1,AGRICULTURAL TRACTOR,0,0,0,0,1,0,0,0,1,0,1,0,3
2019,Odisha,NAWARANGPUR RTO - OR24( 07-NOV-2017 ),2,AMBULANCE,0,0,1,0,0,0,0,1,0,0,1,0,3
2019,Odisha,NAWARANGPUR RTO - OR24( 07-NOV-2017 ),3,BUS,1,0,0,2,0,1,0,0,2,0,0,0,6
2019,Odisha,NAWARANGPUR RTO - OR24( 07-NOV-2017 ),4,CONSTRUCTION EQUIPMENT VEHICLE,2,0,0,0,0,0,0,0,0,0,0,0,2
2019,Odisha,NAWARANGPUR RTO - OR24( 07-NOV-2017 ),5,CRANE MOUNTED VEHICLE,0,0,0,0,0,0,0,0,0,1,0,0,1
2019,Odisha,NAWARANGPUR RTO - OR24( 07-NOV-2017 ),6,EDUCATIONAL INSTITUTION BUS,0,0,1,0,1,2,2,0,0,0,3,0,9
2019,Odisha,NAWARANGPUR RTO - OR24( 07-NOV-2017 ),7,GOODS CARRIER,38,21,19,17,21,18,8,23,11,28,24,21,249
2019,Odisha,NAWARANGPUR RTO - OR24( 07-NOV-2017 ),8,LUXURY CAB,0,1,0,0,0,0,1,1,0,0,1,0,4
2019,Odisha,NAWARANGPUR RTO - OR24( 07-NOV-2017 ),9,MAXI CAB,1,6,3,2,0,4,1,4,1,0,1,1,24
2019,Odisha,NAWARANGPUR RTO - OR24( 07-NOV-2017 ),10,M-CYCLE/SCOOTER,764,554,964,451,791,667,517,490,529,"1,056",563,585,"7,931"
2019,Odisha,NAWARANGPUR RTO - OR24( 07-NOV-2017 ),11,MOPED,55,54,49,19,36,27,48,22,21,23,12,48,414
2019,Odisha,NAWARANGPUR RTO - OR24( 07-NOV-2017 ),12,MOTOR CAB,1,0,0,0,2,1,0,0,0,0,0,1,5
2019,Odisha,NAWARANGPUR RTO - OR24( 07-NOV-2017 ),13,MOTOR CAR,31,27,21,23,30,38,18,18,16,19,31,32,304
2019,Odisha,NAWARANGPUR RTO - OR24( 07-NOV-2017 ),14,MOTORISED CYCLE (CC > 25CC),3,1,0,2,1,0,0,1,1,0,1,0,10
2019,Odisha,NAWARANGPUR RTO - OR24( 07-NOV-2017 ),15,OMNI BUS,4,0,0,0,0,1,0,0,0,0,0,0,5
2019,Odisha,NAWARANGPUR RTO - OR24( 07-NOV-2017 ),16,OMNI BUS (PRIVATE USE),0,0,1,0,0,1,0,0,0,1,0,0,3
2019,Odisha,NAWARANGPUR RTO - OR24( 07-NOV-2017 ),17,THREE WHEELER (GOODS),5,2,3,4,5,2,2,0,1,12,5,5,46
2019,Odisha,NAWARANGPUR RTO - OR24( 07-NOV-2017 ),18,THREE WHEELER (PASSENGER),66,119,62,47,36,64,30,39,20,70,75,29,657
2019,Odisha,NAWARANGPUR RTO - OR24( 07-NOV-2017 ),19,TRACTOR (COMMERCIAL),23,22,45,19,26,49,46,44,15,47,45,39,420
2019,Odisha,NAWARANGPUR RTO - OR24( 07-NOV-2017 ),20,TRACTOR-TROLLEY(COMMERCIAL),14,42,31,14,32,18,12,25,19,17,8,22,254
2019,Odisha,NAWARANGPUR RTO - OR24( 07-NOV-2017 ),21,TRAILER (COMMERCIAL),20,55,55,21,42,26,19,30,22,15,11,30,346
2019,Odisha,NAYAGARH RTO - OR25( 25-DEC-2017 ),1,AGRICULTURAL TRACTOR,6,13,5,6,7,8,14,7,9,15,9,11,110
2019,Odisha,NAYAGARH RTO - OR25( 25-DEC-2017 ),2,BUS,2,3,0,0,0,0,1,1,1,0,1,3,12
2019,Odisha,NAYAGARH RTO - OR25( 25-DEC-2017 ),3,CONSTRUCTION EQUIPMENT VEHICLE,0,0,1,0,0,0,0,0,0,0,0,2,3
2019,Odisha,NAYAGARH RTO - OR25( 25-DEC-2017 ),4,EDUCATIONAL INSTITUTION BUS,0,0,0,0,0,3,0,0,0,0,0,1,4
2019,Odisha,NAYAGARH RTO - OR25( 25-DEC-2017 ),5,E-RICKSHAW(P),0,0,0,0,0,0,0,0,0,0,0,2,2
2019,Odisha,NAYAGARH RTO - OR25( 25-DEC-2017 ),6,EXCAVATOR (COMMERCIAL),3,1,1,0,0,1,2,2,0,2,2,1,15
2019,Odisha,NAYAGARH RTO - OR25( 25-DEC-2017 ),7,GOODS CARRIER,23,35,19,30,20,16,17,16,17,30,18,21,262
2019,Odisha,NAYAGARH RTO - OR25( 25-DEC-2017 ),8,MAXI CAB,2,4,1,2,2,0,3,1,0,4,0,2,21
2019,Odisha,NAYAGARH RTO - OR25( 25-DEC-2017 ),9,M-CYCLE/SCOOTER,735,793,898,919,912,"1,111",782,711,773,"1,448",982,784,"10,848"
2019,Odisha,NAYAGARH RTO - OR25( 25-DEC-2017 ),10,MOPED,183,191,200,138,229,133,129,175,149,206,216,137,"2,086"
2019,Odisha,NAYAGARH RTO - OR25( 25-DEC-2017 ),11,MOTOR CAB,3,2,2,0,4,2,1,1,1,4,2,1,23
2019,Odisha,NAYAGARH RTO - OR25( 25-DEC-2017 ),12,MOTOR CAR,9,0,6,4,9,6,7,4,9,7,3,9,73
2019,Odisha,NAYAGARH RTO - OR25( 25-DEC-2017 ),13,MOTOR CYCLE/SCOOTER-USED FOR HIRE,0,0,0,0,0,0,1,0,0,0,0,0,1
2019,Odisha,NAYAGARH RTO - OR25( 25-DEC-2017 ),14,MOTORISED CYCLE (CC > 25CC),206,133,194,206,192,163,200,116,151,346,267,136,"2,310"
2019,Odisha,NAYAGARH RTO - OR25( 25-DEC-2017 ),15,OMNI BUS,1,1,0,0,0,0,0,0,0,1,0,0,3
2019,Odisha,NAYAGARH RTO - OR25( 25-DEC-2017 ),16,THREE WHEELER (GOODS),4,5,5,4,8,3,12,4,9,9,12,11,86
2019,Odisha,NAYAGARH RTO - OR25( 25-DEC-2017 ),17,THREE WHEELER (PASSENGER),13,12,13,20,14,24,22,14,19,37,22,26,236
2019,Odisha,NAYAGARH RTO - OR25( 25-DEC-2017 ),18,TRACTOR (COMMERCIAL),11,17,15,12,7,8,8,8,5,7,14,16,128
2019,Odisha,NAYAGARH RTO - OR25( 25-DEC-2017 ),19,TRAILER (COMMERCIAL),10,16,15,12,7,9,9,9,4,7,15,17,130
2019,Odisha,NUAPADA RTO - OR26( 06-NOV-2017 ),1,AGRICULTURAL TRACTOR,3,8,15,5,35,17,22,15,5,24,32,34,215
2019,Odisha,NUAPADA RTO - OR26( 06-NOV-2017 ),2,AMBULANCE,0,0,1,0,0,0,0,0,0,0,0,0,1
2019,Odisha,NUAPADA RTO - OR26( 06-NOV-2017 ),3,BUS,2,0,0,2,0,0,0,0,0,0,2,0,6
2019,Odisha,NUAPADA RTO - OR26( 06-NOV-2017 ),4,CONSTRUCTION EQUIPMENT VEHICLE,3,6,6,0,1,2,1,2,1,1,2,2,27
2019,Odisha,NUAPADA RTO - OR26( 06-NOV-2017 ),5,CRANE MOUNTED VEHICLE,0,0,1,0,0,0,0,0,0,0,0,0,1
2019,Odisha,NUAPADA RTO - OR26( 06-NOV-2017 ),6,EARTH MOVING EQUIPMENT,0,0,0,1,0,0,0,0,0,0,0,0,1
2019,Odisha,NUAPADA RTO - OR26( 06-NOV-2017 ),7,EDUCATIONAL INSTITUTION BUS,1,1,0,0,1,0,1,1,0,0,3,0,8
2019,Odisha,NUAPADA RTO - OR26( 06-NOV-2017 ),8,EXCAVATOR (COMMERCIAL),0,2,1,0,0,0,0,0,0,0,0,0,3
2019,Odisha,NUAPADA RTO - OR26( 06-NOV-2017 ),9,EXCAVATOR (NT),0,0,1,0,0,0,0,0,0,0,0,0,1
2019,Odisha,NUAPADA RTO - OR26( 06-NOV-2017 ),10,GOODS CARRIER,12,15,12,14,16,17,8,13,9,13,15,31,175
2019,Odisha,NUAPADA RTO - OR26( 06-NOV-2017 ),11,MAXI CAB,0,1,8,2,4,1,1,3,4,2,4,4,34
2019,Odisha,NUAPADA RTO - OR26( 06-NOV-2017 ),12,M-CYCLE/SCOOTER,458,952,843,512,"1,040",429,610,584,206,997,541,520,"7,692"
2019,Odisha,NUAPADA RTO - OR26( 06-NOV-2017 ),13,MOPED,85,97,61,30,61,34,47,65,24,82,35,47,668
2019,Odisha,NUAPADA RTO - OR26( 06-NOV-2017 ),14,MOTOR CAB,2,0,1,0,0,0,3,0,0,0,1,1,8
2019,Odisha,NUAPADA RTO - OR26( 06-NOV-2017 ),15,MOTOR CAR,18,31,26,11,48,18,16,11,19,35,38,32,303
2019,Odisha,NUAPADA RTO - OR26( 06-NOV-2017 ),16,OMNI BUS,1,0,0,0,0,0,0,0,0,0,0,0,1
2019,Odisha,NUAPADA RTO - OR26( 06-NOV-2017 ),17,OMNI BUS (PRIVATE USE),3,0,0,0,2,0,0,0,0,1,0,1,7
2019,Odisha,NUAPADA RTO - OR26( 06-NOV-2017 ),18,THREE WHEELER (GOODS),1,1,0,1,2,0,2,3,0,3,0,4,17
2019,Odisha,NUAPADA RTO - OR26( 06-NOV-2017 ),19,THREE WHEELER (PASSENGER),8,8,13,12,5,13,17,17,14,14,15,14,150
2019,Odisha,NUAPADA RTO - OR26( 06-NOV-2017 ),20,TRACTOR (COMMERCIAL),11,4,13,8,7,8,8,7,10,17,33,29,155
2019,Odisha,NUAPADA RTO - OR26( 06-NOV-2017 ),21,TRACTOR-TROLLEY(COMMERCIAL),0,0,0,0,0,0,0,0,0,0,0,3,3
2019,Odisha,NUAPADA RTO - OR26( 06-NOV-2017 ),22,TRAILER (COMMERCIAL),10,5,13,8,7,8,7,9,9,14,26,33,149
2019,Odisha,PHULBANI RTO - OR12( 23-OCT-2017 ),1,AMBULANCE,0,0,0,0,0,0,0,0,0,0,6,0,6
2019,Odisha,PHULBANI RTO - OR12( 23-OCT-2017 ),2,BUS,0,2,0,2,0,2,0,2,0,1,2,2,13
2019,Odisha,PHULBANI RTO - OR12( 23-OCT-2017 ),3,CONSTRUCTION EQUIPMENT VEHICLE,0,1,0,1,0,0,3,0,0,0,0,1,6
2019,Odisha,PHULBANI RTO - OR12( 23-OCT-2017 ),4,EDUCATIONAL INSTITUTION BUS,0,1,0,0,0,0,0,0,1,1,0,0,3
2019,Odisha,PHULBANI RTO - OR12( 23-OCT-2017 ),5,EXCAVATOR (COMMERCIAL),0,0,0,1,0,0,0,0,0,0,0,0,1
2019,Odisha,PHULBANI RTO - OR12( 23-OCT-2017 ),6,GOODS CARRIER,6,8,7,12,7,7,6,12,6,15,6,6,98
2019,Odisha,PHULBANI RTO - OR12( 23-OCT-2017 ),7,LUXURY CAB,1,0,0,0,0,0,0,0,0,0,0,0,1
2019,Odisha,PHULBANI RTO - OR12( 23-OCT-2017 ),8,MAXI CAB,1,1,2,1,0,5,9,4,1,6,4,2,36
2019,Odisha,PHULBANI RTO - OR12( 23-OCT-2017 ),9,M-CYCLE/SCOOTER,501,453,538,487,801,466,683,369,390,908,524,671,"6,791"
2019,Odisha,PHULBANI RTO - OR12( 23-OCT-2017 ),10,M-CYCLE/SCOOTER-WITH SIDE CAR,0,0,2,1,0,0,1,1,2,0,0,0,7
2019,Odisha,PHULBANI RTO - OR12( 23-OCT-2017 ),11,MOPED,20,19,24,21,22,18,11,11,7,23,17,14,207
2019,Odisha,PHULBANI RTO - OR12( 23-OCT-2017 ),12,MOTOR CAB,2,0,0,3,2,1,0,1,0,1,1,2,13
2019,Odisha,PHULBANI RTO - OR12( 23-OCT-2017 ),13,MOTOR CAR,7,3,6,3,8,8,3,5,6,7,8,4,68
2019,Odisha,PHULBANI RTO - OR12( 23-OCT-2017 ),14,MOTORISED CYCLE (CC > 25CC),0,0,0,1,1,0,1,0,0,0,0,1,4
2019,Odisha,PHULBANI RTO - OR12( 23-OCT-2017 ),15,OMNI BUS,0,0,0,0,0,0,0,0,1,0,0,0,1
2019,Odisha,PHULBANI RTO - OR12( 23-OCT-2017 ),16,THREE WHEELER (GOODS),10,2,6,4,8,9,7,2,4,14,8,10,84
2019,Odisha,PHULBANI RTO - OR12( 23-OCT-2017 ),17,THREE WHEELER (PASSENGER),47,59,46,22,59,68,45,50,58,75,66,35,630
2019,Odisha,PHULBANI RTO - OR12( 23-OCT-2017 ),18,TRACTOR (COMMERCIAL),23,15,9,12,7,9,7,25,13,20,21,19,180
2019,Odisha,PHULBANI RTO - OR12( 23-OCT-2017 ),19,TRACTOR-TROLLEY(COMMERCIAL),0,0,0,0,0,0,0,1,0,0,0,0,1
2019,Odisha,PHULBANI RTO - OR12( 23-OCT-2017 ),20,TRAILER (COMMERCIAL),23,15,9,12,7,9,7,26,12,19,20,18,177
2019,Odisha,PURI RTO - OR13( 25-DEC-2017 ),1,AGRICULTURAL TRACTOR,15,16,18,5,3,10,7,13,15,22,32,13,169
2019,Odisha,PURI RTO - OR13( 25-DEC-2017 ),2,AMBULANCE,0,0,1,0,0,2,3,0,0,0,0,1,7
2019,Odisha,PURI RTO - OR13( 25-DEC-2017 ),3,BUS,0,1,2,0,0,0,0,2,1,1,1,1,9
2019,Odisha,PURI RTO - OR13( 25-DEC-2017 ),4,CONSTRUCTION EQUIPMENT VEHICLE,0,0,0,1,0,0,1,0,0,0,0,0,2
2019,Odisha,PURI RTO - OR13( 25-DEC-2017 ),5,EDUCATIONAL INSTITUTION BUS,1,0,0,3,0,1,1,2,0,0,0,0,8
2019,Odisha,PURI RTO - OR13( 25-DEC-2017 ),6,E-RICKSHAW(P),17,13,14,4,3,17,13,15,4,18,18,11,147
2019,Odisha,PURI RTO - OR13( 25-DEC-2017 ),7,E-RICKSHAW WITH CART (G),0,0,0,0,0,1,0,2,0,0,1,0,4
2019,Odisha,PURI RTO - OR13( 25-DEC-2017 ),8,EXCAVATOR (COMMERCIAL),0,0,1,0,0,0,0,0,0,0,0,0,1
2019,Odisha,PURI RTO - OR13( 25-DEC-2017 ),9,GOODS CARRIER,19,21,47,21,4,14,22,42,20,22,28,11,271
2019,Odisha,PURI RTO - OR13( 25-DEC-2017 ),10,MAXI CAB,4,1,7,5,0,2,3,0,1,3,3,2,31
2019,Odisha,PURI RTO - OR13( 25-DEC-2017 ),11,M-CYCLE/SCOOTER,"1,691","1,394","1,851","1,535",259,"1,800","1,661","1,830","2,189","3,135","1,969","1,290","20,604"
2019,Odisha,PURI RTO - OR13( 25-DEC-2017 ),12,MOPED,10,2,5,7,1,11,8,2,17,13,13,2,91
2019,Odisha,PURI RTO - OR13( 25-DEC-2017 ),13,MOTOR CAB,6,2,3,2,1,4,1,2,3,4,3,6,37
2019,Odisha,PURI RTO - OR13( 25-DEC-2017 ),14,MOTOR CAR,43,24,17,22,3,20,11,14,19,32,12,15,232
2019,Odisha,PURI RTO - OR13( 25-DEC-2017 ),15,MOTORISED CYCLE (CC > 25CC),0,0,0,0,1,0,0,1,0,1,0,0,3
2019,Odisha,PURI RTO - OR13( 25-DEC-2017 ),16,OMNI BUS,3,3,2,2,0,0,1,0,2,5,5,5,28
2019,Odisha,PURI RTO - OR13( 25-DEC-2017 ),17,OMNI BUS (PRIVATE USE),0,0,0,0,0,0,0,0,0,0,0,1,1
2019,Odisha,PURI RTO - OR13( 25-DEC-2017 ),18,THREE WHEELER (GOODS),18,21,18,10,3,15,17,34,16,29,23,11,215
2019,Odisha,PURI RTO - OR13( 25-DEC-2017 ),19,THREE WHEELER (PASSENGER),44,36,39,29,16,36,61,71,41,56,37,12,478
2019,Odisha,PURI RTO - OR13( 25-DEC-2017 ),20,TRACTOR (COMMERCIAL),10,6,12,7,1,6,5,8,7,14,16,14,106
2019,Odisha,PURI RTO - OR13( 25-DEC-2017 ),21,TRACTOR-TROLLEY(COMMERCIAL),0,0,1,0,0,1,0,2,1,0,0,0,5
2019,Odisha,PURI RTO - OR13( 25-DEC-2017 ),22,TRAILER (COMMERCIAL),9,6,11,7,1,6,4,9,5,14,15,14,101
2019,Odisha,RAIRANGPUR ARTO - OR111( 08-NOV-2017 ),1,AGRICULTURAL TRACTOR,0,2,0,0,1,4,1,0,2,0,2,1,13
2019,Odisha,RAIRANGPUR ARTO - OR111( 08-NOV-2017 ),2,AMBULANCE,1,0,0,0,0,0,0,0,0,0,0,2,3
2019,Odisha,RAIRANGPUR ARTO - OR111( 08-NOV-2017 ),3,ARTICULATED VEHICLE,0,0,0,0,0,0,0,0,0,0,0,1,1
2019,Odisha,RAIRANGPUR ARTO - OR111( 08-NOV-2017 ),4,BUS,0,0,1,0,0,1,0,1,1,1,1,4,10
2019,Odisha,RAIRANGPUR ARTO - OR111( 08-NOV-2017 ),5,EXCAVATOR (COMMERCIAL),0,1,0,0,0,1,0,0,0,0,1,0,3
2019,Odisha,RAIRANGPUR ARTO - OR111( 08-NOV-2017 ),6,GOODS CARRIER,19,15,19,17,17,14,23,8,16,24,13,8,193
2019,Odisha,RAIRANGPUR ARTO - OR111( 08-NOV-2017 ),7,HARVESTER,0,1,0,0,0,0,0,0,0,0,0,0,1
2019,Odisha,RAIRANGPUR ARTO - OR111( 08-NOV-2017 ),8,MAXI CAB,7,6,8,6,5,4,2,6,3,2,5,2,56
2019,Odisha,RAIRANGPUR ARTO - OR111( 08-NOV-2017 ),9,M-CYCLE/SCOOTER,431,849,786,630,564,689,690,543,639,893,748,374,"7,836"
2019,Odisha,RAIRANGPUR ARTO - OR111( 08-NOV-2017 ),10,M-CYCLE/SCOOTER-WITH SIDE CAR,0,0,1,3,0,0,0,0,0,0,0,0,4
2019,Odisha,RAIRANGPUR ARTO - OR111( 08-NOV-2017 ),11,MOPED,38,44,58,52,43,37,36,14,54,39,32,10,457
2019,Odisha,RAIRANGPUR ARTO - OR111( 08-NOV-2017 ),12,MOTOR CAB,2,7,0,5,5,2,5,2,2,3,2,0,35
2019,Odisha,RAIRANGPUR ARTO - OR111( 08-NOV-2017 ),13,MOTOR CAR,15,12,11,22,15,13,18,10,17,24,16,14,187
2019,Odisha,RAIRANGPUR ARTO - OR111( 08-NOV-2017 ),14,MOTORISED CYCLE (CC > 25CC),0,1,0,1,1,0,0,0,0,2,0,0,5
2019,Odisha,RAIRANGPUR ARTO - OR111( 08-NOV-2017 ),15,OMNI BUS,1,0,0,0,0,0,0,0,0,0,0,0,1
2019,Odisha,RAIRANGPUR ARTO - OR111( 08-NOV-2017 ),16,OMNI BUS (PRIVATE USE),0,0,0,0,1,1,0,1,0,0,0,0,3
2019,Odisha,RAIRANGPUR ARTO - OR111( 08-NOV-2017 ),17,THREE WHEELER (GOODS),13,11,13,11,13,14,11,4,14,12,7,9,132
2019,Odisha,RAIRANGPUR ARTO - OR111( 08-NOV-2017 ),18,THREE WHEELER (PASSENGER),13,20,17,10,29,18,19,16,17,19,17,7,202
2019,Odisha,RAIRANGPUR ARTO - OR111( 08-NOV-2017 ),19,TRACTOR (COMMERCIAL),23,24,29,26,18,14,20,18,15,25,27,24,263
2019,Odisha,RAIRANGPUR ARTO - OR111( 08-NOV-2017 ),20,TRAILER (COMMERCIAL),24,22,25,23,13,13,17,17,12,25,25,20,236
2019,Odisha,RAYGADA RTO - OR18( 25-DEC-2017 ),1,AGRICULTURAL TRACTOR,2,0,0,1,0,0,1,0,2,0,2,1,9
2019,Odisha,RAYGADA RTO - OR18( 25-DEC-2017 ),2,AMBULANCE,0,0,0,0,0,0,0,0,0,0,1,2,3
2019,Odisha,RAYGADA RTO - OR18( 25-DEC-2017 ),3,BUS,0,0,0,0,1,0,1,1,0,0,0,0,3
2019,Odisha,RAYGADA RTO - OR18( 25-DEC-2017 ),4,CAMPER VAN / TRAILER (PRIVATE USE),0,0,0,2,0,0,3,0,0,0,0,0,5
2019,Odisha,RAYGADA RTO - OR18( 25-DEC-2017 ),5,CONSTRUCTION EQUIPMENT VEHICLE,8,5,8,2,6,8,5,2,3,3,5,1,56
2019,Odisha,RAYGADA RTO - OR18( 25-DEC-2017 ),6,CRANE MOUNTED VEHICLE,0,0,2,0,2,1,1,0,0,0,3,0,9
2019,Odisha,RAYGADA RTO - OR18( 25-DEC-2017 ),7,EARTH MOVING EQUIPMENT,2,0,0,0,1,1,0,0,0,0,0,1,5
2019,Odisha,RAYGADA RTO - OR18( 25-DEC-2017 ),8,EDUCATIONAL INSTITUTION BUS,0,0,2,2,2,0,3,3,0,0,2,2,16
2019,Odisha,RAYGADA RTO - OR18( 25-DEC-2017 ),9,EXCAVATOR (NT),0,1,1,0,0,0,0,0,0,0,0,0,2
2019,Odisha,RAYGADA RTO - OR18( 25-DEC-2017 ),10,GOODS CARRIER,17,38,34,33,28,24,35,24,10,26,28,35,332
2019,Odisha,RAYGADA RTO - OR18( 25-DEC-2017 ),11,LUXURY CAB,1,0,0,0,1,0,0,2,0,1,0,0,5
2019,Odisha,RAYGADA RTO - OR18( 25-DEC-2017 ),12,MAXI CAB,3,2,1,2,0,2,4,2,5,9,4,4,38
2019,Odisha,RAYGADA RTO - OR18( 25-DEC-2017 ),13,M-CYCLE/SCOOTER,606,742,"1,320",713,"1,420",988,"1,105",600,734,"1,651",841,643,"11,363"
2019,Odisha,RAYGADA RTO - OR18( 25-DEC-2017 ),14,MOPED,94,86,117,86,147,62,95,47,57,162,89,60,"1,102"
2019,Odisha,RAYGADA RTO - OR18( 25-DEC-2017 ),15,MOTOR CAB,3,4,6,4,3,5,5,1,8,4,1,3,47
2019,Odisha,RAYGADA RTO - OR18( 25-DEC-2017 ),16,MOTOR CAR,30,25,19,18,20,22,25,14,18,30,31,21,273
2019,Odisha,RAYGADA RTO - OR18( 25-DEC-2017 ),17,MOTORISED CYCLE (CC > 25CC),3,5,2,3,2,2,4,2,0,2,1,1,27
2019,Odisha,RAYGADA RTO - OR18( 25-DEC-2017 ),18,OMNI BUS,9,9,6,10,9,2,6,7,2,9,7,6,82
2019,Odisha,RAYGADA RTO - OR18( 25-DEC-2017 ),19,OMNI BUS (PRIVATE USE),0,1,1,0,2,0,0,4,0,0,0,0,8
2019,Odisha,RAYGADA RTO - OR18( 25-DEC-2017 ),20,PRIVATE SERVICE VEHICLE,0,0,0,0,0,0,1,0,0,1,0,0,2
2019,Odisha,RAYGADA RTO - OR18( 25-DEC-2017 ),21,THREE WHEELER (GOODS),2,2,1,2,0,4,5,3,2,4,2,2,29
2019,Odisha,RAYGADA RTO - OR18( 25-DEC-2017 ),22,THREE WHEELER (PASSENGER),9,22,30,17,21,33,35,18,7,34,30,35,291
2019,Odisha,RAYGADA RTO - OR18( 25-DEC-2017 ),23,TRACTOR (COMMERCIAL),24,29,18,30,19,25,41,25,21,47,62,53,394
2019,Odisha,RAYGADA RTO - OR18( 25-DEC-2017 ),24,TRAILER (COMMERCIAL),21,22,17,25,15,16,18,16,11,29,31,31,252
2019,Odisha,ROURKELA RTO - OR14( 25-DEC-2017 ),1,AGRICULTURAL TRACTOR,0,0,0,0,3,0,0,0,0,0,0,0,3
2019,Odisha,ROURKELA RTO - OR14( 25-DEC-2017 ),2,AMBULANCE,1,0,2,0,2,0,1,0,1,0,4,2,13
2019,Odisha,ROURKELA RTO - OR14( 25-DEC-2017 ),3,BUS,6,2,6,1,3,1,1,2,4,3,0,2,31
2019,Odisha,ROURKELA RTO - OR14( 25-DEC-2017 ),4,CAMPER VAN / TRAILER (PRIVATE USE),1,0,0,0,0,3,0,0,0,0,0,0,4
2019,Odisha,ROURKELA RTO - OR14( 25-DEC-2017 ),5,CONSTRUCTION EQUIPMENT VEHICLE,4,3,6,1,4,2,2,1,0,2,6,8,39
2019,Odisha,ROURKELA RTO - OR14( 25-DEC-2017 ),6,CRANE MOUNTED VEHICLE,0,0,1,1,3,1,2,1,0,3,2,0,14
2019,Odisha,ROURKELA RTO - OR14( 25-DEC-2017 ),7,EARTH MOVING EQUIPMENT,1,1,2,0,0,1,0,0,1,1,1,1,9
2019,Odisha,ROURKELA RTO - OR14( 25-DEC-2017 ),8,EDUCATIONAL INSTITUTION BUS,0,1,1,0,2,0,1,0,0,0,0,1,6
2019,Odisha,ROURKELA RTO - OR14( 25-DEC-2017 ),9,E-RICKSHAW(P),0,1,0,1,0,0,0,0,0,0,0,0,2
2019,Odisha,ROURKELA RTO - OR14( 25-DEC-2017 ),10,E-RICKSHAW WITH CART (G),0,0,0,0,2,0,0,0,0,0,0,0,2
2019,Odisha,ROURKELA RTO - OR14( 25-DEC-2017 ),11,EXCAVATOR (COMMERCIAL),1,0,0,0,0,0,1,0,1,0,0,0,3
2019,Odisha,ROURKELA RTO - OR14( 25-DEC-2017 ),12,EXCAVATOR (NT),0,2,0,0,1,0,0,0,0,0,0,1,4
2019,Odisha,ROURKELA RTO - OR14( 25-DEC-2017 ),13,FORK LIFT,0,0,1,0,0,0,0,0,0,0,0,0,1
2019,Odisha,ROURKELA RTO - OR14( 25-DEC-2017 ),14,GOODS CARRIER,125,118,193,135,170,168,156,96,130,107,200,128,"1,726"
2019,Odisha,ROURKELA RTO - OR14( 25-DEC-2017 ),15,MAXI CAB,5,8,6,2,5,5,3,1,7,1,8,4,55
2019,Odisha,ROURKELA RTO - OR14( 25-DEC-2017 ),16,M-CYCLE/SCOOTER,"1,772","2,032","1,961","1,839","1,760","1,634","1,638","1,237","2,021","2,239","2,310","2,867","23,310"
2019,Odisha,ROURKELA RTO - OR14( 25-DEC-2017 ),17,M-CYCLE/SCOOTER-WITH SIDE CAR,0,2,0,0,0,0,0,0,0,0,1,1,4
2019,Odisha,ROURKELA RTO - OR14( 25-DEC-2017 ),18,MOPED,0,0,1,1,2,0,1,1,1,3,1,0,11
2019,Odisha,ROURKELA RTO - OR14( 25-DEC-2017 ),19,MOTOR CAB,14,11,23,10,21,15,15,17,22,24,21,25,218
2019,Odisha,ROURKELA RTO - OR14( 25-DEC-2017 ),20,MOTOR CAR,338,244,292,214,245,207,227,149,196,327,354,251,"3,044"
2019,Odisha,ROURKELA RTO - OR14( 25-DEC-2017 ),21,MOTORISED CYCLE (CC > 25CC),0,0,1,0,0,0,0,0,0,2,0,0,3
2019,Odisha,ROURKELA RTO - OR14( 25-DEC-2017 ),22,OMNI BUS,3,0,1,0,0,1,0,1,0,0,0,0,6
2019,Odisha,ROURKELA RTO - OR14( 25-DEC-2017 ),23,OMNI BUS (PRIVATE USE),1,1,0,0,0,0,1,2,0,0,0,1,6
2019,Odisha,ROURKELA RTO - OR14( 25-DEC-2017 ),24,PRIVATE SERVICE VEHICLE,0,0,1,0,0,0,1,0,0,0,0,0,2
2019,Odisha,ROURKELA RTO - OR14( 25-DEC-2017 ),25,THREE WHEELER (GOODS),19,20,21,14,18,24,15,12,14,22,18,23,220
2019,Odisha,SAMBALPUR RTO - OR15( 04-DEC-2017 ),1,AGRICULTURAL TRACTOR,2,0,4,3,2,6,4,5,4,2,7,2,41
2019,Odisha,SAMBALPUR RTO - OR15( 04-DEC-2017 ),2,AMBULANCE,0,0,4,1,0,2,1,0,1,2,2,0,13
2019,Odisha,SAMBALPUR RTO - OR15( 04-DEC-2017 ),3,BUS,0,3,3,2,5,2,2,5,2,1,2,3,30
2019,Odisha,SAMBALPUR RTO - OR15( 04-DEC-2017 ),4,CAMPER VAN / TRAILER (PRIVATE USE),0,0,0,0,0,0,0,1,0,0,0,0,1
2019,Odisha,SAMBALPUR RTO - OR15( 04-DEC-2017 ),5,CONSTRUCTION EQUIPMENT VEHICLE,0,5,16,12,3,6,3,3,2,5,6,10,71
2019,Odisha,SAMBALPUR RTO - OR15( 04-DEC-2017 ),6,CRANE MOUNTED VEHICLE,0,1,2,2,1,8,0,3,1,2,1,0,21
2019,Odisha,SAMBALPUR RTO - OR15( 04-DEC-2017 ),7,EARTH MOVING EQUIPMENT,0,0,10,0,1,0,0,0,0,0,1,2,14
2019,Odisha,SAMBALPUR RTO - OR15( 04-DEC-2017 ),8,EDUCATIONAL INSTITUTION BUS,1,0,7,8,0,2,0,3,2,2,0,4,29
2019,Odisha,SAMBALPUR RTO - OR15( 04-DEC-2017 ),9,E-RICKSHAW(P),0,0,0,0,0,0,1,0,0,0,0,0,1
2019,Odisha,SAMBALPUR RTO - OR15( 04-DEC-2017 ),10,EXCAVATOR (COMMERCIAL),0,0,0,0,1,0,0,0,1,0,0,0,2
2019,Odisha,SAMBALPUR RTO - OR15( 04-DEC-2017 ),11,EXCAVATOR (NT),0,1,2,0,0,0,0,0,0,0,0,0,3
2019,Odisha,SAMBALPUR RTO - OR15( 04-DEC-2017 ),12,FORK LIFT,0,0,5,0,0,0,2,0,0,0,0,0,7
2019,Odisha,SAMBALPUR RTO - OR15( 04-DEC-2017 ),13,GOODS CARRIER,15,44,167,123,80,100,79,84,61,63,94,89,999
2019,Odisha,SAMBALPUR RTO - OR15( 04-DEC-2017 ),14,HARVESTER,0,0,1,0,0,0,0,0,0,0,0,1,2
2019,Odisha,SAMBALPUR RTO - OR15( 04-DEC-2017 ),15,HEARSES,0,1,0,0,0,0,0,0,0,0,0,0,1
2019,Odisha,SAMBALPUR RTO - OR15( 04-DEC-2017 ),16,LUXURY CAB,0,0,0,0,0,0,1,0,0,0,0,0,1
2019,Odisha,SAMBALPUR RTO - OR15( 04-DEC-2017 ),17,MAXI CAB,0,3,19,9,10,7,8,6,5,8,24,19,118
2019,Odisha,SAMBALPUR RTO - OR15( 04-DEC-2017 ),18,M-CYCLE/SCOOTER,81,"2,306","4,379","1,833","1,721","1,986","1,561","1,460","1,610","2,118","2,349","1,050","22,454"
2019,Odisha,SAMBALPUR RTO - OR15( 04-DEC-2017 ),19,M-CYCLE/SCOOTER-WITH SIDE CAR,0,1,4,1,0,0,0,0,1,1,0,1,9
2019,Odisha,SAMBALPUR RTO - OR15( 04-DEC-2017 ),20,MOPED,1,42,295,139,74,127,118,78,190,168,62,34,"1,328"
2019,Odisha,SAMBALPUR RTO - OR15( 04-DEC-2017 ),21,MOTOR CAB,0,3,34,20,8,10,7,5,9,11,9,4,120
2019,Odisha,SAMBALPUR RTO - OR15( 04-DEC-2017 ),22,MOTOR CAR,24,116,495,176,157,168,143,122,148,261,194,176,"2,180"
2019,Odisha,SAMBALPUR RTO - OR15( 04-DEC-2017 ),23,MOTORISED CYCLE (CC > 25CC),0,0,1,0,1,0,0,0,0,1,0,0,3
2019,Odisha,SAMBALPUR RTO - OR15( 04-DEC-2017 ),24,OMNI BUS,3,0,1,1,0,0,2,0,0,0,1,0,8
2019,Odisha,SAMBALPUR RTO - OR15( 04-DEC-2017 ),25,OMNI BUS (PRIVATE USE),0,0,0,0,1,0,1,0,0,0,0,1,3
2019,Odisha,SONEPUR RTO - OR31( 08-NOV-2017 ),1,AGRICULTURAL TRACTOR,8,5,14,5,2,14,41,9,13,18,10,6,145
2019,Odisha,SONEPUR RTO - OR31( 08-NOV-2017 ),2,AMBULANCE,0,1,1,2,0,0,1,1,0,0,0,0,6
2019,Odisha,SONEPUR RTO - OR31( 08-NOV-2017 ),3,BUS,0,0,0,0,0,0,0,0,0,1,0,0,1
2019,Odisha,SONEPUR RTO - OR31( 08-NOV-2017 ),4,CONSTRUCTION EQUIPMENT VEHICLE,0,0,0,2,1,1,2,0,0,0,2,0,8
2019,Odisha,SONEPUR RTO - OR31( 08-NOV-2017 ),5,CRANE MOUNTED VEHICLE,0,0,0,0,0,0,0,1,0,1,0,0,2
2019,Odisha,SONEPUR RTO - OR31( 08-NOV-2017 ),6,EDUCATIONAL INSTITUTION BUS,1,2,0,1,1,1,2,0,0,2,2,0,12
2019,Odisha,SONEPUR RTO - OR31( 08-NOV-2017 ),7,EXCAVATOR (COMMERCIAL),1,1,1,0,2,0,1,0,2,1,0,1,10
2019,Odisha,SONEPUR RTO - OR31( 08-NOV-2017 ),8,GOODS CARRIER,15,9,21,10,7,4,4,13,11,16,21,12,143
2019,Odisha,SONEPUR RTO - OR31( 08-NOV-2017 ),9,HARVESTER,1,0,6,0,0,0,0,0,0,2,0,0,9
2019,Odisha,SONEPUR RTO - OR31( 08-NOV-2017 ),10,MAXI CAB,4,4,3,1,3,1,2,5,1,4,0,1,29
2019,Odisha,SONEPUR RTO - OR31( 08-NOV-2017 ),11,M-CYCLE/SCOOTER,769,"1,157","1,923","1,001","1,811",964,"1,085",501,518,"1,048",550,613,"11,940"
2019,Odisha,SONEPUR RTO - OR31( 08-NOV-2017 ),12,MOPED,0,0,1,1,0,0,0,1,1,0,0,1,5
2019,Odisha,SONEPUR RTO - OR31( 08-NOV-2017 ),13,MOTOR CAB,1,2,0,1,2,1,1,0,0,2,1,2,13
2019,Odisha,SONEPUR RTO - OR31( 08-NOV-2017 ),14,MOTOR CAR,11,22,28,18,23,25,19,17,17,35,22,19,256
2019,Odisha,SONEPUR RTO - OR31( 08-NOV-2017 ),15,MOTORISED CYCLE (CC > 25CC),0,0,0,0,0,0,1,1,0,0,0,1,3
2019,Odisha,SONEPUR RTO - OR31( 08-NOV-2017 ),16,OMNI BUS,0,0,0,1,0,0,1,0,0,0,1,1,4
2019,Odisha,SONEPUR RTO - OR31( 08-NOV-2017 ),17,OMNI BUS (PRIVATE USE),0,0,0,1,1,2,0,1,0,0,0,0,5
2019,Odisha,SONEPUR RTO - OR31( 08-NOV-2017 ),18,PRIVATE SERVICE VEHICLE,0,0,0,0,0,0,0,0,0,1,0,0,1
2019,Odisha,SONEPUR RTO - OR31( 08-NOV-2017 ),19,THREE WHEELER (GOODS),0,1,2,1,0,1,2,0,0,0,2,0,9
2019,Odisha,SONEPUR RTO - OR31( 08-NOV-2017 ),20,THREE WHEELER (PASSENGER),11,10,15,14,7,3,5,8,5,12,16,13,119
2019,Odisha,SONEPUR RTO - OR31( 08-NOV-2017 ),21,TRACTOR (COMMERCIAL),40,70,44,19,43,22,43,38,44,56,75,28,522
2019,Odisha,SONEPUR RTO - OR31( 08-NOV-2017 ),22,TRACTOR-TROLLEY(COMMERCIAL),1,0,1,0,1,0,0,0,0,3,9,10,25
2019,Odisha,SONEPUR RTO - OR31( 08-NOV-2017 ),23,TRAILER (COMMERCIAL),27,26,24,12,24,9,18,9,8,24,21,1,203
2019,Odisha,SUNDERGARH RTO - OR16( 08-NOV-2017 ),1,AGRICULTURAL TRACTOR,0,0,0,0,1,0,0,0,0,0,0,0,1
2019,Odisha,SUNDERGARH RTO - OR16( 08-NOV-2017 ),2,AMBULANCE,1,0,1,0,0,0,0,0,0,0,0,0,2
2019,Odisha,SUNDERGARH RTO - OR16( 08-NOV-2017 ),3,ARTICULATED VEHICLE,0,0,0,0,0,0,7,0,0,0,0,0,7
2019,Odisha,SUNDERGARH RTO - OR16( 08-NOV-2017 ),4,BUS,0,0,1,2,0,0,3,4,1,1,1,2,15
2019,Odisha,SUNDERGARH RTO - OR16( 08-NOV-2017 ),5,CONSTRUCTION EQUIPMENT VEHICLE,0,8,0,2,2,0,2,0,2,13,23,2,54
2019,Odisha,SUNDERGARH RTO - OR16( 08-NOV-2017 ),6,CRANE MOUNTED VEHICLE,0,2,1,0,2,0,0,0,0,0,0,0,5
2019,Odisha,SUNDERGARH RTO - OR16( 08-NOV-2017 ),7,EARTH MOVING EQUIPMENT,0,0,0,0,0,0,1,0,0,0,0,0,1
2019,Odisha,SUNDERGARH RTO - OR16( 08-NOV-2017 ),8,EDUCATIONAL INSTITUTION BUS,1,0,1,0,0,0,0,1,1,0,0,1,5
2019,Odisha,SUNDERGARH RTO - OR16( 08-NOV-2017 ),9,EXCAVATOR (COMMERCIAL),0,1,0,0,0,0,0,0,0,0,0,0,1
2019,Odisha,SUNDERGARH RTO - OR16( 08-NOV-2017 ),10,FIRE TENDERS,0,0,0,0,0,1,0,0,0,0,0,0,1
2019,Odisha,SUNDERGARH RTO - OR16( 08-NOV-2017 ),11,GOODS CARRIER,143,142,199,118,156,134,118,108,71,62,45,56,"1,352"
2019,Odisha,SUNDERGARH RTO - OR16( 08-NOV-2017 ),12,MAXI CAB,3,5,7,2,13,6,12,10,7,6,12,10,93
2019,Odisha,SUNDERGARH RTO - OR16( 08-NOV-2017 ),13,M-CYCLE/SCOOTER,815,679,705,"1,067",971,451,"1,054",861,666,852,"1,142",880,"10,143"
2019,Odisha,SUNDERGARH RTO - OR16( 08-NOV-2017 ),14,M-CYCLE/SCOOTER-WITH SIDE CAR,0,0,0,0,2,1,0,0,1,0,0,0,4
2019,Odisha,SUNDERGARH RTO - OR16( 08-NOV-2017 ),15,MOPED,43,29,45,81,80,19,50,32,28,33,51,30,521
2019,Odisha,SUNDERGARH RTO - OR16( 08-NOV-2017 ),16,MOTOR CAB,5,9,5,7,7,3,2,1,0,2,2,2,45
2019,Odisha,SUNDERGARH RTO - OR16( 08-NOV-2017 ),17,MOTOR CAR,70,55,81,47,58,46,61,46,52,53,98,63,730
2019,Odisha,SUNDERGARH RTO - OR16( 08-NOV-2017 ),18,MOTORISED CYCLE (CC > 25CC),0,0,1,0,0,0,0,0,0,0,0,0,1
2019,Odisha,SUNDERGARH RTO - OR16( 08-NOV-2017 ),19,OMNI BUS,0,0,0,0,0,0,0,0,2,0,0,0,2
2019,Odisha,SUNDERGARH RTO - OR16( 08-NOV-2017 ),20,THREE WHEELER (GOODS),2,2,2,3,2,1,1,3,3,0,5,3,27
2019,Odisha,SUNDERGARH RTO - OR16( 08-NOV-2017 ),21,THREE WHEELER (PASSENGER),6,8,23,10,12,19,16,12,13,11,26,24,180
2019,Odisha,SUNDERGARH RTO - OR16( 08-NOV-2017 ),22,TRACTOR (COMMERCIAL),22,40,32,25,34,36,41,33,15,60,44,39,421
2019,Odisha,SUNDERGARH RTO - OR16( 08-NOV-2017 ),23,TRAILER (COMMERCIAL),14,22,19,15,22,17,20,15,9,26,24,22,225
2019,Odisha,TALCHER RTO - OR35( 25-DEC-2017 ),1,AGRICULTURAL TRACTOR,0,1,1,0,0,1,5,2,5,1,1,0,17
2019,Odisha,TALCHER RTO - OR35( 25-DEC-2017 ),2,AMBULANCE,0,0,2,0,1,1,1,0,1,0,0,0,6
2019,Odisha,TALCHER RTO - OR35( 25-DEC-2017 ),3,BUS,3,0,0,1,0,0,1,2,0,0,1,1,9
2019,Odisha,TALCHER RTO - OR35( 25-DEC-2017 ),4,CONSTRUCTION EQUIPMENT VEHICLE,4,16,1,0,0,4,0,2,4,5,22,11,69
2019,Odisha,TALCHER RTO - OR35( 25-DEC-2017 ),5,CRANE MOUNTED VEHICLE,0,0,2,0,0,0,0,0,0,0,0,0,2
2019,Odisha,TALCHER RTO - OR35( 25-DEC-2017 ),6,DUMPER,0,0,4,0,0,0,5,1,0,0,0,0,10
2019,Odisha,TALCHER RTO - OR35( 25-DEC-2017 ),7,EARTH MOVING EQUIPMENT,0,0,0,0,0,2,1,0,0,0,0,0,3
2019,Odisha,TALCHER RTO - OR35( 25-DEC-2017 ),8,EDUCATIONAL INSTITUTION BUS,0,0,0,0,2,0,1,0,0,0,1,1,5
2019,Odisha,TALCHER RTO - OR35( 25-DEC-2017 ),9,EXCAVATOR (COMMERCIAL),0,0,0,0,0,0,0,0,0,0,1,0,1
2019,Odisha,TALCHER RTO - OR35( 25-DEC-2017 ),10,EXCAVATOR (NT),0,0,0,0,0,0,0,0,0,0,0,1,1
2019,Odisha,TALCHER RTO - OR35( 25-DEC-2017 ),11,FORK LIFT,0,0,1,0,0,0,0,0,0,0,0,0,1
2019,Odisha,TALCHER RTO - OR35( 25-DEC-2017 ),12,GOODS CARRIER,170,122,132,132,124,95,117,145,144,149,117,114,"1,561"
2019,Odisha,TALCHER RTO - OR35( 25-DEC-2017 ),13,MAXI CAB,4,2,3,1,5,6,3,7,0,1,3,1,36
2019,Odisha,TALCHER RTO - OR35( 25-DEC-2017 ),14,M-CYCLE/SCOOTER,652,584,829,687,660,541,613,546,677,"1,571",553,455,"8,368"
2019,Odisha,TALCHER RTO - OR35( 25-DEC-2017 ),15,M-CYCLE/SCOOTER-WITH SIDE CAR,0,0,0,0,0,1,0,0,0,0,0,0,1
2019,Odisha,TALCHER RTO - OR35( 25-DEC-2017 ),16,MOPED,21,25,18,8,9,4,5,14,9,14,3,2,132
2019,Odisha,TALCHER RTO - OR35( 25-DEC-2017 ),17,MOTOR CAB,5,3,11,1,6,2,2,2,4,3,8,5,52
2019,Odisha,TALCHER RTO - OR35( 25-DEC-2017 ),18,MOTOR CAR,27,18,28,26,25,14,18,18,7,24,27,13,245
2019,Odisha,TALCHER RTO - OR35( 25-DEC-2017 ),19,MOTORISED CYCLE (CC > 25CC),0,0,0,0,0,1,0,0,1,0,0,0,2
2019,Odisha,TALCHER RTO - OR35( 25-DEC-2017 ),20,OMNI BUS,1,0,0,0,1,0,1,1,0,1,0,1,6
2019,Odisha,TALCHER RTO - OR35( 25-DEC-2017 ),21,THREE WHEELER (GOODS),0,0,1,0,0,0,0,1,0,2,7,3,14
2019,Odisha,TALCHER RTO - OR35( 25-DEC-2017 ),22,THREE WHEELER (PASSENGER),2,2,3,2,1,0,3,7,9,13,11,4,57
2019,Odisha,TALCHER RTO - OR35( 25-DEC-2017 ),23,TRACTOR (COMMERCIAL),2,4,7,3,6,2,1,3,4,3,8,1,44
2019,Odisha,TALCHER RTO - OR35( 25-DEC-2017 ),24,TRAILER (COMMERCIAL),2,4,7,3,7,2,2,3,4,3,8,1,46
2018,Odisha,ANGUL RTO - OR19( 25-DEC-2017 ),1,ADAPTED VEHICLE,0,0,0,0,0,0,0,0,0,0,1,0,1
2018,Odisha,ANGUL RTO - OR19( 25-DEC-2017 ),2,AMBULANCE,0,0,0,1,0,0,2,3,0,0,0,0,6
2018,Odisha,ANGUL RTO - OR19( 25-DEC-2017 ),3,ARTICULATED VEHICLE,0,0,0,0,0,0,0,0,0,0,0,2,2
2018,Odisha,ANGUL RTO - OR19( 25-DEC-2017 ),4,BUS,2,1,0,0,1,0,2,1,0,1,2,1,11
2018,Odisha,ANGUL RTO - OR19( 25-DEC-2017 ),5,CAMPER VAN / TRAILER,0,0,0,0,0,0,0,0,1,0,0,0,1
2018,Odisha,ANGUL RTO - OR19( 25-DEC-2017 ),6,CAMPER VAN / TRAILER (PRIVATE USE),2,0,0,0,0,0,0,0,0,0,0,0,2
2018,Odisha,ANGUL RTO - OR19( 25-DEC-2017 ),7,CONSTRUCTION EQUIPMENT VEHICLE,0,2,2,4,3,3,2,2,3,1,8,3,33
2018,Odisha,ANGUL RTO - OR19( 25-DEC-2017 ),8,CRANE MOUNTED VEHICLE,0,0,0,0,0,1,0,0,0,0,0,0,1
2018,Odisha,ANGUL RTO - OR19( 25-DEC-2017 ),9,EARTH MOVING EQUIPMENT,0,1,0,0,0,0,0,0,0,0,0,0,1
2018,Odisha,ANGUL RTO - OR19( 25-DEC-2017 ),10,EDUCATIONAL INSTITUTION BUS,0,1,2,1,0,1,0,5,2,3,4,1,20
2018,Odisha,ANGUL RTO - OR19( 25-DEC-2017 ),11,E-RICKSHAW(P),1,0,0,0,0,0,0,0,0,0,0,0,1
2018,Odisha,ANGUL RTO - OR19( 25-DEC-2017 ),12,EXCAVATOR (COMMERCIAL),2,0,1,1,2,0,0,0,0,1,0,0,7
2018,Odisha,ANGUL RTO - OR19( 25-DEC-2017 ),13,FORK LIFT,0,0,0,0,0,3,0,0,0,0,0,6,9
2018,Odisha,ANGUL RTO - OR19( 25-DEC-2017 ),14,GOODS CARRIER,109,129,106,111,125,112,101,103,79,123,103,147,"1,348"
2018,Odisha,ANGUL RTO - OR19( 25-DEC-2017 ),15,LUXURY CAB,0,0,0,0,0,0,0,0,0,1,0,0,1
2018,Odisha,ANGUL RTO - OR19( 25-DEC-2017 ),16,MAXI CAB,24,9,20,13,14,8,14,10,6,6,9,13,146
2018,Odisha,ANGUL RTO - OR19( 25-DEC-2017 ),17,M-CYCLE/SCOOTER,847,"2,080","1,796","1,439","2,150","1,262","1,824","1,314","1,133","1,882","2,037","1,528","19,292"
2018,Odisha,ANGUL RTO - OR19( 25-DEC-2017 ),18,M-CYCLE/SCOOTER-WITH SIDE CAR,0,0,1,1,0,0,1,2,0,1,0,0,6
2018,Odisha,ANGUL RTO - OR19( 25-DEC-2017 ),19,MOPED,11,134,130,52,112,69,65,59,66,64,131,57,950
2018,Odisha,ANGUL RTO - OR19( 25-DEC-2017 ),20,MOTOR CAB,7,5,0,1,2,0,2,4,4,11,5,6,47
2018,Odisha,ANGUL RTO - OR19( 25-DEC-2017 ),21,MOTOR CAR,130,156,135,114,143,105,123,103,110,159,200,148,"1,626"
2018,Odisha,ANGUL RTO - OR19( 25-DEC-2017 ),22,MOTOR CYCLE/SCOOTER-USED FOR HIRE,0,0,0,0,0,0,0,0,0,1,0,0,1
2018,Odisha,ANGUL RTO - OR19( 25-DEC-2017 ),23,MOTORISED CYCLE (CC > 25CC),0,1,0,1,0,0,0,0,0,0,0,0,2
2018,Odisha,ANGUL RTO - OR19( 25-DEC-2017 ),24,OMNI BUS,1,1,1,0,1,3,0,0,2,1,2,0,12
2018,Odisha,ANGUL RTO - OR19( 25-DEC-2017 ),25,OMNI BUS (PRIVATE USE),3,2,1,1,1,0,0,1,0,0,0,1,10
2018,Odisha,ARTO BARBIL - OR901( 04-DEC-2017 ),1,AMBULANCE,1,1,0,2,0,0,0,1,1,1,1,1,9
2018,Odisha,ARTO BARBIL - OR901( 04-DEC-2017 ),2,ARTICULATED VEHICLE,1,0,0,0,0,0,0,1,0,1,0,0,3
2018,Odisha,ARTO BARBIL - OR901( 04-DEC-2017 ),3,BUS,1,0,1,0,0,0,1,1,1,0,0,0,5
2018,Odisha,ARTO BARBIL - OR901( 04-DEC-2017 ),4,CONSTRUCTION EQUIPMENT VEHICLE,0,0,0,0,0,0,1,0,1,3,0,0,5
2018,Odisha,ARTO BARBIL - OR901( 04-DEC-2017 ),5,CRANE MOUNTED VEHICLE,0,0,1,0,0,0,0,0,0,0,0,0,1
2018,Odisha,ARTO BARBIL - OR901( 04-DEC-2017 ),6,DUMPER,0,1,0,0,0,1,0,0,0,1,0,0,3
2018,Odisha,ARTO BARBIL - OR901( 04-DEC-2017 ),7,EARTH MOVING EQUIPMENT,0,0,0,0,0,0,0,0,1,0,1,0,2
2018,Odisha,ARTO BARBIL - OR901( 04-DEC-2017 ),8,EXCAVATOR (COMMERCIAL),1,6,5,2,8,10,1,1,5,11,2,7,59
2018,Odisha,ARTO BARBIL - OR901( 04-DEC-2017 ),9,FORK LIFT,0,0,0,0,0,0,0,0,0,0,0,1,1
2018,Odisha,ARTO BARBIL - OR901( 04-DEC-2017 ),10,GOODS CARRIER,83,137,144,146,151,138,126,153,176,174,104,156,"1,688"
2018,Odisha,ARTO BARBIL - OR901( 04-DEC-2017 ),11,LUXURY CAB,0,0,0,1,6,3,1,0,0,0,0,0,11
2018,Odisha,ARTO BARBIL - OR901( 04-DEC-2017 ),12,MAXI CAB,3,1,4,2,3,3,1,2,1,2,1,5,28
2018,Odisha,ARTO BARBIL - OR901( 04-DEC-2017 ),13,M-CYCLE/SCOOTER,91,205,217,332,272,197,350,277,263,307,394,270,"3,175"
2018,Odisha,ARTO BARBIL - OR901( 04-DEC-2017 ),14,M-CYCLE/SCOOTER-WITH SIDE CAR,0,0,0,1,0,0,0,1,0,0,0,0,2
2018,Odisha,ARTO BARBIL - OR901( 04-DEC-2017 ),15,MOPED,7,6,26,24,8,19,18,16,11,13,11,11,170
2018,Odisha,ARTO BARBIL - OR901( 04-DEC-2017 ),16,MOTOR CAB,3,0,6,4,0,3,4,4,5,2,9,2,42
2018,Odisha,ARTO BARBIL - OR901( 04-DEC-2017 ),17,MOTOR CAR,18,16,11,12,17,17,17,16,11,13,15,10,173
2018,Odisha,ARTO BARBIL - OR901( 04-DEC-2017 ),18,MOTORISED CYCLE (CC > 25CC),13,78,57,46,96,63,45,71,28,73,36,119,725
2018,Odisha,ARTO BARBIL - OR901( 04-DEC-2017 ),19,OMNI BUS,0,1,2,0,0,0,1,0,0,0,1,2,7
2018,Odisha,ARTO BARBIL - OR901( 04-DEC-2017 ),20,OMNI BUS (PRIVATE USE),0,0,0,0,1,0,0,0,0,0,0,0,1
2018,Odisha,ARTO BARBIL - OR901( 04-DEC-2017 ),21,PRIVATE SERVICE VEHICLE,0,0,0,0,0,0,0,0,0,1,1,0,2
2018,Odisha,ARTO BARBIL - OR901( 04-DEC-2017 ),22,SNORKED LADDERS,0,0,0,0,0,0,0,0,0,0,0,1,1
2018,Odisha,ARTO BARBIL - OR901( 04-DEC-2017 ),23,THREE WHEELER (GOODS),2,0,1,0,1,0,1,3,1,2,3,0,14
2018,Odisha,ARTO BARBIL - OR901( 04-DEC-2017 ),24,THREE WHEELER (PASSENGER),3,1,6,1,3,4,2,3,1,5,2,8,39
2018,Odisha,ARTO BARBIL - OR901( 04-DEC-2017 ),25,TRACTOR (COMMERCIAL),0,1,1,0,0,2,0,0,0,0,0,1,5
2018,Odisha,BALASORE RTO - OR1( 07-NOV-2017 ),1,AGRICULTURAL TRACTOR,32,32,38,63,42,47,45,50,38,32,50,41,510
2018,Odisha,BALASORE RTO - OR1( 07-NOV-2017 ),2,AMBULANCE,3,1,2,1,1,0,0,0,0,0,0,0,8
2018,Odisha,BALASORE RTO - OR1( 07-NOV-2017 ),3,BUS,6,2,2,3,1,2,1,0,0,2,5,0,24
2018,Odisha,BALASORE RTO - OR1( 07-NOV-2017 ),4,CAMPER VAN / TRAILER (PRIVATE USE),0,0,0,0,0,0,1,0,0,0,0,0,1
2018,Odisha,BALASORE RTO - OR1( 07-NOV-2017 ),5,CONSTRUCTION EQUIPMENT VEHICLE,0,0,1,0,0,0,1,2,0,0,1,1,6
2018,Odisha,BALASORE RTO - OR1( 07-NOV-2017 ),6,EDUCATIONAL INSTITUTION BUS,3,1,1,1,1,0,0,2,2,5,0,0,16
2018,Odisha,BALASORE RTO - OR1( 07-NOV-2017 ),7,EXCAVATOR (COMMERCIAL),0,3,2,2,1,1,0,0,0,0,0,1,10
2018,Odisha,BALASORE RTO - OR1( 07-NOV-2017 ),8,GOODS CARRIER,136,126,166,155,118,120,108,92,102,124,136,93,"1,476"
2018,Odisha,BALASORE RTO - OR1( 07-NOV-2017 ),9,HARVESTER,0,0,0,0,0,0,0,0,1,4,5,4,14
2018,Odisha,BALASORE RTO - OR1( 07-NOV-2017 ),10,MAXI CAB,17,21,11,15,6,17,13,13,15,22,28,27,205
2018,Odisha,BALASORE RTO - OR1( 07-NOV-2017 ),11,M-CYCLE/SCOOTER,"4,807","2,966","3,326","4,395","3,938","3,448","3,135","2,561","2,082","4,312","4,880","2,529","42,379"
2018,Odisha,BALASORE RTO - OR1( 07-NOV-2017 ),12,M-CYCLE/SCOOTER-WITH SIDE CAR,0,1,1,0,1,0,1,1,0,0,0,0,5
2018,Odisha,BALASORE RTO - OR1( 07-NOV-2017 ),13,MOPED,320,192,158,249,199,124,143,144,112,112,261,114,"2,128"
2018,Odisha,BALASORE RTO - OR1( 07-NOV-2017 ),14,MOTOR CAB,8,2,5,7,6,2,5,3,3,1,6,7,55
2018,Odisha,BALASORE RTO - OR1( 07-NOV-2017 ),15,MOTOR CAR,257,175,162,188,201,159,202,192,175,306,244,167,"2,428"
2018,Odisha,BALASORE RTO - OR1( 07-NOV-2017 ),16,MOTORISED CYCLE (CC > 25CC),378,323,471,571,418,209,207,166,115,162,391,135,"3,546"
2018,Odisha,BALASORE RTO - OR1( 07-NOV-2017 ),17,OMNI BUS,2,0,0,0,1,2,1,2,0,1,9,7,25
2018,Odisha,BALASORE RTO - OR1( 07-NOV-2017 ),18,OMNI BUS (PRIVATE USE),2,0,1,0,1,0,1,0,1,1,1,1,9
2018,Odisha,BALASORE RTO - OR1( 07-NOV-2017 ),19,PRIVATE SERVICE VEHICLE,1,0,0,0,0,1,1,0,0,0,0,0,3
2018,Odisha,BALASORE RTO - OR1( 07-NOV-2017 ),20,PRIVATE SERVICE VEHICLE (INDIVIDUAL USE),0,0,1,0,0,0,0,0,0,0,0,0,1
2018,Odisha,BALASORE RTO - OR1( 07-NOV-2017 ),21,THREE WHEELER (GOODS),33,21,35,32,26,21,23,19,16,40,45,28,339
2018,Odisha,BALASORE RTO - OR1( 07-NOV-2017 ),22,THREE WHEELER (PASSENGER),41,26,40,39,32,49,35,36,29,65,67,18,477
2018,Odisha,BALASORE RTO - OR1( 07-NOV-2017 ),23,THREE WHEELER (PERSONAL),0,0,0,1,0,0,0,0,0,0,0,1,2
2018,Odisha,BALASORE RTO - OR1( 07-NOV-2017 ),24,TRACTOR (COMMERCIAL),37,31,55,64,33,23,16,17,21,20,29,37,383
2018,Odisha,BALASORE RTO - OR1( 07-NOV-2017 ),25,TRAILER (COMMERCIAL),36,30,54,64,34,24,15,15,17,18,26,36,369
2018,Odisha,BARGARH RTO - OR17( 04-DEC-2017 ),1,AGRICULTURAL TRACTOR,27,33,51,30,26,38,42,48,52,43,63,53,506
2018,Odisha,BARGARH RTO - OR17( 04-DEC-2017 ),2,AMBULANCE,0,0,1,0,1,0,0,0,0,0,0,0,2
2018,Odisha,BARGARH RTO - OR17( 04-DEC-2017 ),3,BUS,4,0,1,1,0,1,3,1,0,3,4,1,19
2018,Odisha,BARGARH RTO - OR17( 04-DEC-2017 ),4,CONSTRUCTION EQUIPMENT VEHICLE,0,0,0,0,0,0,0,2,0,0,1,0,3
2018,Odisha,BARGARH RTO - OR17( 04-DEC-2017 ),5,CRANE MOUNTED VEHICLE,0,0,0,0,0,0,0,0,1,0,0,0,1
2018,Odisha,BARGARH RTO - OR17( 04-DEC-2017 ),6,EARTH MOVING EQUIPMENT,0,0,0,0,0,0,0,0,3,0,0,0,3
2018,Odisha,BARGARH RTO - OR17( 04-DEC-2017 ),7,EDUCATIONAL INSTITUTION BUS,4,2,0,1,2,1,3,3,3,1,0,4,24
2018,Odisha,BARGARH RTO - OR17( 04-DEC-2017 ),8,E-RICKSHAW(P),1,0,0,0,0,0,0,0,0,0,0,0,1
2018,Odisha,BARGARH RTO - OR17( 04-DEC-2017 ),9,EXCAVATOR (COMMERCIAL),1,0,0,0,0,0,0,0,0,0,0,0,1
2018,Odisha,BARGARH RTO - OR17( 04-DEC-2017 ),10,GOODS CARRIER,59,73,59,64,129,54,71,44,44,69,112,71,849
2018,Odisha,BARGARH RTO - OR17( 04-DEC-2017 ),11,HARVESTER,1,0,1,0,0,0,0,0,0,4,0,4,10
2018,Odisha,BARGARH RTO - OR17( 04-DEC-2017 ),12,LUXURY CAB,1,0,0,0,0,0,0,0,0,0,0,0,1
2018,Odisha,BARGARH RTO - OR17( 04-DEC-2017 ),13,MAXI CAB,7,1,3,3,2,1,3,5,2,3,2,3,35
2018,Odisha,BARGARH RTO - OR17( 04-DEC-2017 ),14,M-CYCLE/SCOOTER,"1,480","2,235","2,693","2,607","2,532","1,882","2,061","1,430","1,530","2,465","2,100","1,508","24,523"
2018,Odisha,BARGARH RTO - OR17( 04-DEC-2017 ),15,M-CYCLE/SCOOTER-WITH SIDE CAR,6,0,1,1,1,3,0,0,0,0,0,0,12
2018,Odisha,BARGARH RTO - OR17( 04-DEC-2017 ),16,MOPED,264,279,261,133,198,249,231,175,282,422,379,242,"3,115"
2018,Odisha,BARGARH RTO - OR17( 04-DEC-2017 ),17,MOTOR CAB,5,13,7,0,9,2,6,4,7,9,11,5,78
2018,Odisha,BARGARH RTO - OR17( 04-DEC-2017 ),18,MOTOR CAR,98,141,113,124,116,88,105,118,89,126,152,122,"1,392"
2018,Odisha,BARGARH RTO - OR17( 04-DEC-2017 ),19,OMNI BUS,1,5,1,3,0,0,1,2,1,0,1,2,17
2018,Odisha,BARGARH RTO - OR17( 04-DEC-2017 ),20,OMNI BUS (PRIVATE USE),1,1,1,1,1,0,1,0,1,1,0,2,10
2018,Odisha,BARGARH RTO - OR17( 04-DEC-2017 ),21,PRIVATE SERVICE VEHICLE (INDIVIDUAL USE),0,0,0,1,0,0,0,0,0,0,0,0,1
2018,Odisha,BARGARH RTO - OR17( 04-DEC-2017 ),22,THREE WHEELER (GOODS),9,5,6,7,10,12,8,6,9,13,16,10,111
2018,Odisha,BARGARH RTO - OR17( 04-DEC-2017 ),23,THREE WHEELER (PASSENGER),24,20,29,11,34,20,18,15,17,25,22,33,268
2018,Odisha,BARGARH RTO - OR17( 04-DEC-2017 ),24,TRACTOR (COMMERCIAL),51,49,41,42,32,37,58,35,31,34,45,29,484
2018,Odisha,BARGARH RTO - OR17( 04-DEC-2017 ),25,TRACTOR-TROLLEY(COMMERCIAL),0,1,0,0,0,3,4,4,7,9,6,13,47
2018,Odisha,BHADRAK RTO - OR22( 04-DEC-2017 ),1,AGRICULTURAL TRACTOR,0,0,1,1,0,0,0,0,0,0,0,0,2
2018,Odisha,BHADRAK RTO - OR22( 04-DEC-2017 ),2,AMBULANCE,0,1,1,0,0,0,1,1,0,1,0,1,6
2018,Odisha,BHADRAK RTO - OR22( 04-DEC-2017 ),3,BUS,3,3,1,2,2,0,3,1,1,4,2,1,23
2018,Odisha,BHADRAK RTO - OR22( 04-DEC-2017 ),4,CONSTRUCTION EQUIPMENT VEHICLE,0,1,0,1,0,0,0,0,0,1,0,0,3
2018,Odisha,BHADRAK RTO - OR22( 04-DEC-2017 ),5,CRANE MOUNTED VEHICLE,0,0,0,1,0,0,0,0,0,0,0,0,1
2018,Odisha,BHADRAK RTO - OR22( 04-DEC-2017 ),6,EDUCATIONAL INSTITUTION BUS,0,0,0,1,0,2,1,0,1,3,0,0,8
2018,Odisha,BHADRAK RTO - OR22( 04-DEC-2017 ),7,EXCAVATOR (COMMERCIAL),1,1,0,1,0,0,1,0,0,0,0,0,4
2018,Odisha,BHADRAK RTO - OR22( 04-DEC-2017 ),8,EXCAVATOR (NT),0,0,0,0,1,0,0,0,0,0,0,0,1
2018,Odisha,BHADRAK RTO - OR22( 04-DEC-2017 ),9,GOODS CARRIER,66,75,60,61,40,33,46,32,28,52,58,53,604
2018,Odisha,BHADRAK RTO - OR22( 04-DEC-2017 ),10,MAXI CAB,15,11,13,9,8,11,11,5,3,16,6,14,122
2018,Odisha,BHADRAK RTO - OR22( 04-DEC-2017 ),11,M-CYCLE/SCOOTER,773,"1,677","1,984","3,175","3,021","1,976","2,716","2,221",947,"2,079","2,595","1,870","25,034"
2018,Odisha,BHADRAK RTO - OR22( 04-DEC-2017 ),12,M-CYCLE/SCOOTER-WITH SIDE CAR,1,11,0,1,2,0,0,0,0,0,1,1,17
2018,Odisha,BHADRAK RTO - OR22( 04-DEC-2017 ),13,MOPED,21,78,87,132,102,48,104,94,39,82,59,72,918
2018,Odisha,BHADRAK RTO - OR22( 04-DEC-2017 ),14,MOTOR CAB,3,0,1,0,1,3,3,0,0,0,3,2,16
2018,Odisha,BHADRAK RTO - OR22( 04-DEC-2017 ),15,MOTOR CAR,43,35,35,57,31,32,40,31,32,46,51,43,476
2018,Odisha,BHADRAK RTO - OR22( 04-DEC-2017 ),16,MOTORISED CYCLE (CC > 25CC),0,0,0,2,0,0,1,0,0,0,1,0,4
2018,Odisha,BHADRAK RTO - OR22( 04-DEC-2017 ),17,OMNI BUS,3,0,0,1,1,0,0,0,1,0,1,0,7
2018,Odisha,BHADRAK RTO - OR22( 04-DEC-2017 ),18,OMNI BUS (PRIVATE USE),0,0,0,0,0,0,0,0,0,0,1,0,1
2018,Odisha,BHADRAK RTO - OR22( 04-DEC-2017 ),19,PRIVATE SERVICE VEHICLE,0,0,0,0,0,0,0,0,0,0,1,0,1
2018,Odisha,BHADRAK RTO - OR22( 04-DEC-2017 ),20,THREE WHEELER (GOODS),35,41,27,39,32,31,29,17,23,25,41,41,381
2018,Odisha,BHADRAK RTO - OR22( 04-DEC-2017 ),21,THREE WHEELER (PASSENGER),31,32,40,37,34,27,29,20,29,42,41,19,381
2018,Odisha,BHADRAK RTO - OR22( 04-DEC-2017 ),22,TRACTOR (COMMERCIAL),45,62,60,71,66,64,53,29,33,25,44,74,626
2018,Odisha,BHADRAK RTO - OR22( 04-DEC-2017 ),23,TRAILER (COMMERCIAL),36,53,46,62,61,48,38,24,28,21,39,54,510
2018,Odisha,BHANJANAGAR RTO - OR32( 04-DEC-2017 ),1,AGRICULTURAL TRACTOR,1,0,0,0,0,0,0,0,0,0,0,0,1
2018,Odisha,BHANJANAGAR RTO - OR32( 04-DEC-2017 ),2,BUS,0,0,1,0,1,0,1,0,0,0,0,1,4
2018,Odisha,BHANJANAGAR RTO - OR32( 04-DEC-2017 ),3,CONSTRUCTION EQUIPMENT VEHICLE,0,0,0,0,0,0,0,0,0,0,1,0,1
2018,Odisha,BHANJANAGAR RTO - OR32( 04-DEC-2017 ),4,CRANE MOUNTED VEHICLE,0,0,0,0,0,1,0,0,0,0,0,0,1
2018,Odisha,BHANJANAGAR RTO - OR32( 04-DEC-2017 ),5,EDUCATIONAL INSTITUTION BUS,1,2,0,1,0,2,1,1,0,3,0,0,11
2018,Odisha,BHANJANAGAR RTO - OR32( 04-DEC-2017 ),6,E-RICKSHAW(P),1,0,0,1,0,0,1,1,0,1,0,0,5
2018,Odisha,BHANJANAGAR RTO - OR32( 04-DEC-2017 ),7,EXCAVATOR (COMMERCIAL),0,0,0,6,0,0,0,0,0,0,1,1,8
2018,Odisha,BHANJANAGAR RTO - OR32( 04-DEC-2017 ),8,GOODS CARRIER,9,9,17,15,15,9,10,15,9,11,18,7,144
2018,Odisha,BHANJANAGAR RTO - OR32( 04-DEC-2017 ),9,MAXI CAB,4,3,2,4,2,1,1,1,2,4,6,2,32
2018,Odisha,BHANJANAGAR RTO - OR32( 04-DEC-2017 ),10,M-CYCLE/SCOOTER,565,436,660,"1,082",895,"1,029",483,574,611,497,967,696,"8,495"
2018,Odisha,BHANJANAGAR RTO - OR32( 04-DEC-2017 ),11,MOPED,148,103,205,173,206,201,115,196,167,97,256,70,"1,937"
2018,Odisha,BHANJANAGAR RTO - OR32( 04-DEC-2017 ),12,MOTOR CAB,1,0,3,1,1,1,1,1,0,3,1,0,13
2018,Odisha,BHANJANAGAR RTO - OR32( 04-DEC-2017 ),13,MOTOR CAR,14,9,10,16,5,12,12,7,11,15,10,15,136
2018,Odisha,BHANJANAGAR RTO - OR32( 04-DEC-2017 ),14,MOTOR CYCLE/SCOOTER-USED FOR HIRE,0,0,0,0,0,0,0,0,0,0,1,0,1
2018,Odisha,BHANJANAGAR RTO - OR32( 04-DEC-2017 ),15,MOTORISED CYCLE (CC > 25CC),42,32,72,39,2,3,0,5,3,1,3,1,203
2018,Odisha,BHANJANAGAR RTO - OR32( 04-DEC-2017 ),16,OMNI BUS,0,0,1,0,0,0,0,0,0,0,0,0,1
2018,Odisha,BHANJANAGAR RTO - OR32( 04-DEC-2017 ),17,THREE WHEELER (GOODS),10,5,10,10,8,11,4,6,5,3,11,12,95
2018,Odisha,BHANJANAGAR RTO - OR32( 04-DEC-2017 ),18,THREE WHEELER (PASSENGER),11,9,16,18,16,13,14,10,20,23,22,10,182
2018,Odisha,BHANJANAGAR RTO - OR32( 04-DEC-2017 ),19,TRACTOR (COMMERCIAL),4,32,22,23,12,20,19,24,12,28,16,12,224
2018,Odisha,BHANJANAGAR RTO - OR32( 04-DEC-2017 ),20,TRAILER (COMMERCIAL),4,32,22,26,10,18,15,20,9,23,9,11,199
2018,Odisha,BHANJANAGAR RTO - OR32( 04-DEC-2017 ),21,VEHICLE FITTED WITH RIG,0,0,0,0,0,0,1,0,0,0,0,0,1
2018,Odisha,BHUBANESWAR-II RTO - OR33( 23-OCT-2017 ),1,ADAPTED VEHICLE,0,0,0,0,0,0,0,0,0,1,0,0,1
2018,Odisha,BHUBANESWAR-II RTO - OR33( 23-OCT-2017 ),2,AGRICULTURAL TRACTOR,6,5,5,10,5,8,4,9,7,12,12,5,88
2018,Odisha,BHUBANESWAR-II RTO - OR33( 23-OCT-2017 ),3,AMBULANCE,4,3,2,1,1,2,1,0,2,3,1,1,21
2018,Odisha,BHUBANESWAR-II RTO - OR33( 23-OCT-2017 ),4,ARTICULATED VEHICLE,0,0,0,1,0,0,0,0,0,0,0,0,1
2018,Odisha,BHUBANESWAR-II RTO - OR33( 23-OCT-2017 ),5,BUS,0,1,3,1,0,0,1,0,3,101,55,46,211
2018,Odisha,BHUBANESWAR-II RTO - OR33( 23-OCT-2017 ),6,CONSTRUCTION EQUIPMENT VEHICLE,0,1,0,0,1,2,0,0,0,4,0,2,10
2018,Odisha,BHUBANESWAR-II RTO - OR33( 23-OCT-2017 ),7,EARTH MOVING EQUIPMENT,2,0,0,0,0,1,0,0,0,0,5,0,8
2018,Odisha,BHUBANESWAR-II RTO - OR33( 23-OCT-2017 ),8,EDUCATIONAL INSTITUTION BUS,4,0,6,3,1,0,2,2,2,0,1,0,21
2018,Odisha,BHUBANESWAR-II RTO - OR33( 23-OCT-2017 ),9,E-RICKSHAW(P),4,2,0,0,0,0,0,0,1,3,2,3,15
2018,Odisha,BHUBANESWAR-II RTO - OR33( 23-OCT-2017 ),10,EXCAVATOR (NT),0,0,0,1,0,0,0,0,0,0,0,0,1
2018,Odisha,BHUBANESWAR-II RTO - OR33( 23-OCT-2017 ),11,GOODS CARRIER,44,44,53,50,60,42,94,44,41,42,80,56,650
2018,Odisha,BHUBANESWAR-II RTO - OR33( 23-OCT-2017 ),12,MAXI CAB,8,1,15,7,8,2,6,14,9,15,15,7,107
2018,Odisha,BHUBANESWAR-II RTO - OR33( 23-OCT-2017 ),13,M-CYCLE/SCOOTER,"2,595","2,438","3,417","4,024","3,029","2,814","2,890","2,590","2,460","2,962","4,693","2,354","36,266"
2018,Odisha,BHUBANESWAR-II RTO - OR33( 23-OCT-2017 ),14,M-CYCLE/SCOOTER-WITH SIDE CAR,1,0,0,0,0,0,0,0,0,0,0,0,1
2018,Odisha,BHUBANESWAR-II RTO - OR33( 23-OCT-2017 ),15,MOPED,204,875,161,105,66,53,36,55,58,70,88,51,"1,822"
2018,Odisha,BHUBANESWAR-II RTO - OR33( 23-OCT-2017 ),16,MOTOR CAB,33,26,32,17,32,22,21,19,13,12,19,17,263
2018,Odisha,BHUBANESWAR-II RTO - OR33( 23-OCT-2017 ),17,MOTOR CAR,484,417,463,475,355,369,372,359,331,528,509,465,"5,127"
2018,Odisha,BHUBANESWAR-II RTO - OR33( 23-OCT-2017 ),18,MOTOR CYCLE/SCOOTER-USED FOR HIRE,2,0,2,1,1,0,2,1,0,1,1,1,12
2018,Odisha,BHUBANESWAR-II RTO - OR33( 23-OCT-2017 ),19,MOTORISED CYCLE (CC > 25CC),0,1,2,0,0,0,1,0,0,0,0,0,4
2018,Odisha,BHUBANESWAR-II RTO - OR33( 23-OCT-2017 ),20,OMNI BUS,4,7,4,3,0,0,0,0,2,9,4,9,42
2018,Odisha,BHUBANESWAR-II RTO - OR33( 23-OCT-2017 ),21,OMNI BUS (PRIVATE USE),0,1,0,0,0,0,0,0,0,2,0,0,3
2018,Odisha,BHUBANESWAR-II RTO - OR33( 23-OCT-2017 ),22,PRIVATE SERVICE VEHICLE,2,0,1,1,0,2,1,2,3,1,4,2,19
2018,Odisha,BHUBANESWAR-II RTO - OR33( 23-OCT-2017 ),23,PRIVATE SERVICE VEHICLE (INDIVIDUAL USE),8,1,0,0,0,0,0,0,1,0,0,0,10
2018,Odisha,BHUBANESWAR-II RTO - OR33( 23-OCT-2017 ),24,THREE WHEELER (GOODS),27,19,30,36,16,13,27,21,21,33,37,36,316
2018,Odisha,BHUBANESWAR-II RTO - OR33( 23-OCT-2017 ),25,THREE WHEELER (PASSENGER),130,132,137,169,128,128,150,173,173,210,223,163,"1,916"
2018,Odisha,BHUBANESWAR RTO - OR2( 22-JAN-2018 ),1,ADAPTED VEHICLE,0,0,0,0,1,1,0,0,0,0,0,0,2
2018,Odisha,BHUBANESWAR RTO - OR2( 22-JAN-2018 ),2,AGRICULTURAL TRACTOR,33,9,9,10,13,7,19,17,12,13,14,20,176
2018,Odisha,BHUBANESWAR RTO - OR2( 22-JAN-2018 ),3,AMBULANCE,8,2,4,19,5,31,4,4,33,25,4,4,143
2018,Odisha,BHUBANESWAR RTO - OR2( 22-JAN-2018 ),4,ARMOURED/SPECIALISED VEHICLE,0,0,0,0,0,0,0,0,0,1,0,0,1
2018,Odisha,BHUBANESWAR RTO - OR2( 22-JAN-2018 ),5,ARTICULATED VEHICLE,0,2,0,0,0,0,0,0,0,0,0,0,2
2018,Odisha,BHUBANESWAR RTO - OR2( 22-JAN-2018 ),6,BUS,6,4,6,2,6,3,9,5,9,4,16,15,85
2018,Odisha,BHUBANESWAR RTO - OR2( 22-JAN-2018 ),7,CASH VAN,0,0,0,0,0,0,0,2,0,0,0,0,2
2018,Odisha,BHUBANESWAR RTO - OR2( 22-JAN-2018 ),8,CONSTRUCTION EQUIPMENT VEHICLE,4,6,5,4,4,5,1,3,13,10,4,5,64
2018,Odisha,BHUBANESWAR RTO - OR2( 22-JAN-2018 ),9,CRANE MOUNTED VEHICLE,3,0,0,0,0,0,1,0,0,0,1,0,5
2018,Odisha,BHUBANESWAR RTO - OR2( 22-JAN-2018 ),10,DUMPER,0,0,0,0,0,0,0,0,7,0,0,0,7
2018,Odisha,BHUBANESWAR RTO - OR2( 22-JAN-2018 ),11,EARTH MOVING EQUIPMENT,0,0,0,0,1,1,0,0,2,0,0,2,6
2018,Odisha,BHUBANESWAR RTO - OR2( 22-JAN-2018 ),12,EDUCATIONAL INSTITUTION BUS,2,1,1,6,3,7,5,17,5,2,2,8,59
2018,Odisha,BHUBANESWAR RTO - OR2( 22-JAN-2018 ),13,E-RICKSHAW(P),1,0,0,0,0,0,0,0,0,0,0,0,1
2018,Odisha,BHUBANESWAR RTO - OR2( 22-JAN-2018 ),14,E-RICKSHAW WITH CART (G),0,0,0,0,0,3,7,0,0,0,0,0,10
2018,Odisha,BHUBANESWAR RTO - OR2( 22-JAN-2018 ),15,EXCAVATOR (COMMERCIAL),0,1,0,0,0,0,1,0,1,1,0,0,4
2018,Odisha,BHUBANESWAR RTO - OR2( 22-JAN-2018 ),16,FORK LIFT,0,0,0,1,0,0,0,0,0,0,0,0,1
2018,Odisha,BHUBANESWAR RTO - OR2( 22-JAN-2018 ),17,GOODS CARRIER,146,214,178,242,197,191,157,221,184,228,230,207,"2,395"
2018,Odisha,BHUBANESWAR RTO - OR2( 22-JAN-2018 ),18,HARVESTER,4,1,0,1,0,0,0,1,0,1,1,0,9
2018,Odisha,BHUBANESWAR RTO - OR2( 22-JAN-2018 ),19,HEARSES,0,0,0,0,0,0,0,0,0,0,1,0,1
2018,Odisha,BHUBANESWAR RTO - OR2( 22-JAN-2018 ),20,LUXURY CAB,0,0,0,0,1,0,0,0,0,0,0,0,1
2018,Odisha,BHUBANESWAR RTO - OR2( 22-JAN-2018 ),21,MAXI CAB,36,32,26,41,21,25,28,21,34,29,34,31,358
2018,Odisha,BHUBANESWAR RTO - OR2( 22-JAN-2018 ),22,M-CYCLE/SCOOTER,"3,548","3,916","5,113","5,580","4,604","4,663","4,189","4,208","3,836","5,768","5,729","3,234","54,388"
2018,Odisha,BHUBANESWAR RTO - OR2( 22-JAN-2018 ),23,M-CYCLE/SCOOTER-WITH SIDE CAR,0,2,3,0,2,0,0,1,0,1,2,0,11
2018,Odisha,BHUBANESWAR RTO - OR2( 22-JAN-2018 ),24,MOPED,195,244,255,327,228,205,199,163,228,264,253,190,"2,751"
2018,Odisha,BHUBANESWAR RTO - OR2( 22-JAN-2018 ),25,MOTOR CAB,89,91,88,63,53,49,49,57,61,67,73,61,801
2018,Odisha,BOLANGIR RTO - OR3( 25-DEC-2017 ),1,AGRICULTURAL TRACTOR,2,16,14,9,7,7,15,19,22,5,18,28,162
2018,Odisha,BOLANGIR RTO - OR3( 25-DEC-2017 ),2,AMBULANCE,0,0,0,0,0,0,1,0,0,1,0,0,2
2018,Odisha,BOLANGIR RTO - OR3( 25-DEC-2017 ),3,BUS,0,0,3,0,1,0,0,0,2,1,6,0,13
2018,Odisha,BOLANGIR RTO - OR3( 25-DEC-2017 ),4,CAMPER VAN / TRAILER (PRIVATE USE),1,0,0,0,0,0,0,0,0,0,0,0,1
2018,Odisha,BOLANGIR RTO - OR3( 25-DEC-2017 ),5,CONSTRUCTION EQUIPMENT VEHICLE,0,1,1,0,1,2,0,5,6,2,4,3,25
2018,Odisha,BOLANGIR RTO - OR3( 25-DEC-2017 ),6,CRANE MOUNTED VEHICLE,0,0,0,0,0,0,0,0,0,0,0,2,2
2018,Odisha,BOLANGIR RTO - OR3( 25-DEC-2017 ),7,EARTH MOVING EQUIPMENT,0,0,0,0,0,0,0,1,0,0,0,0,1
2018,Odisha,BOLANGIR RTO - OR3( 25-DEC-2017 ),8,EDUCATIONAL INSTITUTION BUS,0,1,1,0,1,10,3,4,0,4,2,2,28
2018,Odisha,BOLANGIR RTO - OR3( 25-DEC-2017 ),9,E-RICKSHAW(P),0,2,0,0,0,0,1,1,0,0,0,0,4
2018,Odisha,BOLANGIR RTO - OR3( 25-DEC-2017 ),10,EXCAVATOR (COMMERCIAL),8,3,0,4,0,1,5,2,0,0,1,0,24
2018,Odisha,BOLANGIR RTO - OR3( 25-DEC-2017 ),11,GOODS CARRIER,10,68,74,55,22,41,56,46,23,71,70,66,602
2018,Odisha,BOLANGIR RTO - OR3( 25-DEC-2017 ),12,LUXURY CAB,1,0,0,1,0,0,0,0,0,0,1,0,3
2018,Odisha,BOLANGIR RTO - OR3( 25-DEC-2017 ),13,MAXI CAB,5,8,6,3,1,3,0,2,2,3,2,2,37
2018,Odisha,BOLANGIR RTO - OR3( 25-DEC-2017 ),14,M-CYCLE/SCOOTER,387,"2,108","3,343","2,814",272,"4,225","2,283","1,423","1,081","1,429","2,295","1,938","23,598"
2018,Odisha,BOLANGIR RTO - OR3( 25-DEC-2017 ),15,MOPED,37,175,181,181,18,258,202,118,111,160,180,184,"1,805"
2018,Odisha,BOLANGIR RTO - OR3( 25-DEC-2017 ),16,MOTOR CAB,3,15,14,12,7,8,10,5,5,9,6,6,100
2018,Odisha,BOLANGIR RTO - OR3( 25-DEC-2017 ),17,MOTOR CAR,43,140,115,79,56,127,91,82,75,98,131,123,"1,160"
2018,Odisha,BOLANGIR RTO - OR3( 25-DEC-2017 ),18,OMNI BUS,0,1,0,1,0,0,0,1,0,1,1,0,5
2018,Odisha,BOLANGIR RTO - OR3( 25-DEC-2017 ),19,OMNI BUS (PRIVATE USE),0,1,0,0,1,1,1,1,1,2,1,0,9
2018,Odisha,BOLANGIR RTO - OR3( 25-DEC-2017 ),20,PRIVATE SERVICE VEHICLE (INDIVIDUAL USE),0,0,2,0,0,0,0,0,0,0,0,0,2
2018,Odisha,BOLANGIR RTO - OR3( 25-DEC-2017 ),21,ROAD ROLLER,1,0,0,0,0,0,0,0,0,0,0,0,1
2018,Odisha,BOLANGIR RTO - OR3( 25-DEC-2017 ),22,SNORKED LADDERS,1,0,0,0,0,0,0,0,0,0,0,0,1
2018,Odisha,BOLANGIR RTO - OR3( 25-DEC-2017 ),23,THREE WHEELER (GOODS),0,8,5,4,0,0,6,2,1,1,1,4,32
2018,Odisha,BOLANGIR RTO - OR3( 25-DEC-2017 ),24,THREE WHEELER (PASSENGER),3,62,53,51,8,50,72,34,21,37,40,51,482
2018,Odisha,BOLANGIR RTO - OR3( 25-DEC-2017 ),25,TRACTOR (COMMERCIAL),9,70,79,58,6,72,51,45,39,49,61,91,630
2018,Odisha,BOUDH RTO - OR27( 23-OCT-2017 ),1,CONSTRUCTION EQUIPMENT VEHICLE,0,0,0,0,0,0,0,0,0,2,1,0,3
2018,Odisha,BOUDH RTO - OR27( 23-OCT-2017 ),2,EDUCATIONAL INSTITUTION BUS,0,0,0,0,0,0,2,0,1,0,0,0,3
2018,Odisha,BOUDH RTO - OR27( 23-OCT-2017 ),3,EXCAVATOR (COMMERCIAL),0,0,0,0,1,0,0,0,0,0,0,0,1
2018,Odisha,BOUDH RTO - OR27( 23-OCT-2017 ),4,GOODS CARRIER,5,14,13,5,15,5,3,4,4,4,5,7,84
2018,Odisha,BOUDH RTO - OR27( 23-OCT-2017 ),5,MAXI CAB,1,1,7,1,1,1,2,3,1,3,2,0,23
2018,Odisha,BOUDH RTO - OR27( 23-OCT-2017 ),6,M-CYCLE/SCOOTER,563,422,902,412,182,587,517,289,216,275,427,243,"5,035"
2018,Odisha,BOUDH RTO - OR27( 23-OCT-2017 ),7,MOPED,12,1,4,0,2,1,1,3,2,2,0,0,28
2018,Odisha,BOUDH RTO - OR27( 23-OCT-2017 ),8,MOTOR CAB,0,0,0,0,0,0,0,0,1,0,1,2,4
2018,Odisha,BOUDH RTO - OR27( 23-OCT-2017 ),9,MOTOR CAR,8,13,15,10,8,11,10,11,6,5,10,6,113
2018,Odisha,BOUDH RTO - OR27( 23-OCT-2017 ),10,MOTORISED CYCLE (CC > 25CC),0,0,0,0,0,0,1,0,0,0,0,0,1
2018,Odisha,BOUDH RTO - OR27( 23-OCT-2017 ),11,PRIVATE SERVICE VEHICLE (INDIVIDUAL USE),0,2,1,0,0,0,0,0,0,0,0,0,3
2018,Odisha,BOUDH RTO - OR27( 23-OCT-2017 ),12,RECOVERY VEHICLE,0,0,0,0,0,0,0,0,0,0,0,1,1
2018,Odisha,BOUDH RTO - OR27( 23-OCT-2017 ),13,THREE WHEELER (GOODS),1,2,2,2,0,0,0,2,0,1,0,4,14
2018,Odisha,BOUDH RTO - OR27( 23-OCT-2017 ),14,THREE WHEELER (PASSENGER),6,12,27,7,5,12,14,10,5,7,14,14,133
2018,Odisha,BOUDH RTO - OR27( 23-OCT-2017 ),15,TRACTOR (COMMERCIAL),15,9,23,19,9,9,13,6,7,10,13,9,142
2018,Odisha,BOUDH RTO - OR27( 23-OCT-2017 ),16,TRACTOR-TROLLEY(COMMERCIAL),0,0,0,0,0,1,0,0,0,0,1,0,2
2018,Odisha,BOUDH RTO - OR27( 23-OCT-2017 ),17,TRAILER (COMMERCIAL),12,7,17,16,9,9,8,3,5,7,9,3,105
2018,Odisha,CHANDIKHOLE RTO - OR4( 23-OCT-2017 ),1,AGRICULTURAL TRACTOR,13,9,7,8,6,7,12,7,4,7,11,8,99
2018,Odisha,CHANDIKHOLE RTO - OR4( 23-OCT-2017 ),2,AMBULANCE,0,0,0,0,0,1,0,0,0,0,0,0,1
2018,Odisha,CHANDIKHOLE RTO - OR4( 23-OCT-2017 ),3,ARTICULATED VEHICLE,2,0,17,8,13,10,20,12,19,6,36,7,150
2018,Odisha,CHANDIKHOLE RTO - OR4( 23-OCT-2017 ),4,BUS,0,4,2,1,0,0,2,1,2,2,0,2,16
2018,Odisha,CHANDIKHOLE RTO - OR4( 23-OCT-2017 ),5,CAMPER VAN / TRAILER (PRIVATE USE),0,0,0,1,0,0,0,0,0,0,0,0,1
2018,Odisha,CHANDIKHOLE RTO - OR4( 23-OCT-2017 ),6,CONSTRUCTION EQUIPMENT VEHICLE,2,9,7,14,3,0,3,5,8,10,9,8,78
2018,Odisha,CHANDIKHOLE RTO - OR4( 23-OCT-2017 ),7,CRANE MOUNTED VEHICLE,0,1,1,0,0,0,0,0,1,0,1,1,5
2018,Odisha,CHANDIKHOLE RTO - OR4( 23-OCT-2017 ),8,DUMPER,0,0,0,0,0,0,0,0,0,0,1,5,6
2018,Odisha,CHANDIKHOLE RTO - OR4( 23-OCT-2017 ),9,EARTH MOVING EQUIPMENT,0,2,2,3,4,1,2,3,1,5,3,0,26
2018,Odisha,CHANDIKHOLE RTO - OR4( 23-OCT-2017 ),10,EDUCATIONAL INSTITUTION BUS,1,1,2,1,1,2,1,5,1,2,1,1,19
2018,Odisha,CHANDIKHOLE RTO - OR4( 23-OCT-2017 ),11,EXCAVATOR (COMMERCIAL),0,3,3,1,0,2,0,0,0,0,0,0,9
2018,Odisha,CHANDIKHOLE RTO - OR4( 23-OCT-2017 ),12,EXCAVATOR (NT),0,1,0,0,0,1,5,0,0,1,0,0,8
2018,Odisha,CHANDIKHOLE RTO - OR4( 23-OCT-2017 ),13,FORK LIFT,0,0,0,0,0,0,0,1,0,1,1,0,3
2018,Odisha,CHANDIKHOLE RTO - OR4( 23-OCT-2017 ),14,GOODS CARRIER,172,156,197,158,127,134,139,126,138,213,142,109,"1,811"
2018,Odisha,CHANDIKHOLE RTO - OR4( 23-OCT-2017 ),15,MAXI CAB,5,3,13,7,1,5,6,15,10,11,8,7,91
2018,Odisha,CHANDIKHOLE RTO - OR4( 23-OCT-2017 ),16,M-CYCLE/SCOOTER,830,"1,274",932,"1,470",773,970,"1,045",762,"1,012","1,532","1,165",709,"12,474"
2018,Odisha,CHANDIKHOLE RTO - OR4( 23-OCT-2017 ),17,MOPED,96,79,136,132,61,55,77,85,135,125,59,77,"1,117"
2018,Odisha,CHANDIKHOLE RTO - OR4( 23-OCT-2017 ),18,MOTOR CAB,3,1,3,0,0,1,5,4,0,0,3,3,23
2018,Odisha,CHANDIKHOLE RTO - OR4( 23-OCT-2017 ),19,MOTOR CAR,41,30,27,31,21,23,21,24,12,30,38,21,319
2018,Odisha,CHANDIKHOLE RTO - OR4( 23-OCT-2017 ),20,MOTOR CYCLE/SCOOTER-USED FOR HIRE,0,0,0,0,0,0,0,1,1,0,0,0,2
2018,Odisha,CHANDIKHOLE RTO - OR4( 23-OCT-2017 ),21,MOTORISED CYCLE (CC > 25CC),1,0,0,1,0,1,0,0,0,0,0,0,3
2018,Odisha,CHANDIKHOLE RTO - OR4( 23-OCT-2017 ),22,OMNI BUS,3,2,1,0,0,3,1,0,0,3,3,2,18
2018,Odisha,CHANDIKHOLE RTO - OR4( 23-OCT-2017 ),23,PRIVATE SERVICE VEHICLE,1,2,1,2,1,0,0,2,1,0,0,3,13
2018,Odisha,CHANDIKHOLE RTO - OR4( 23-OCT-2017 ),24,THREE WHEELER (GOODS),17,14,17,24,27,9,12,13,11,16,23,8,191
2018,Odisha,CHANDIKHOLE RTO - OR4( 23-OCT-2017 ),25,THREE WHEELER (PASSENGER),17,20,15,9,7,10,11,12,15,17,12,14,159
2018,Odisha,CUTTACK RTO - OR5( 31-MAY-2017 ),1,AGRICULTURAL TRACTOR,6,10,22,25,13,8,22,21,1,13,9,23,173
2018,Odisha,CUTTACK RTO - OR5( 31-MAY-2017 ),2,AMBULANCE,10,6,11,3,3,1,3,5,4,9,3,10,68
2018,Odisha,CUTTACK RTO - OR5( 31-MAY-2017 ),3,ARTICULATED VEHICLE,0,0,0,0,1,0,0,0,0,0,0,0,1
2018,Odisha,CUTTACK RTO - OR5( 31-MAY-2017 ),4,BUS,7,10,13,6,3,4,8,8,2,5,13,14,93
2018,Odisha,CUTTACK RTO - OR5( 31-MAY-2017 ),5,CONSTRUCTION EQUIPMENT VEHICLE,11,3,11,10,21,10,5,7,1,3,2,6,90
2018,Odisha,CUTTACK RTO - OR5( 31-MAY-2017 ),6,CRANE MOUNTED VEHICLE,0,0,1,0,0,0,0,1,0,0,1,2,5
2018,Odisha,CUTTACK RTO - OR5( 31-MAY-2017 ),7,EARTH MOVING EQUIPMENT,0,1,0,2,1,0,1,1,0,0,2,1,9
2018,Odisha,CUTTACK RTO - OR5( 31-MAY-2017 ),8,EDUCATIONAL INSTITUTION BUS,5,2,15,2,1,3,7,2,2,1,3,1,44
2018,Odisha,CUTTACK RTO - OR5( 31-MAY-2017 ),9,E-RICKSHAW(P),0,0,0,0,0,0,0,0,0,0,1,1,2
2018,Odisha,CUTTACK RTO - OR5( 31-MAY-2017 ),10,E-RICKSHAW WITH CART (G),0,0,0,0,0,0,0,0,1,2,0,0,3
2018,Odisha,CUTTACK RTO - OR5( 31-MAY-2017 ),11,EXCAVATOR (NT),0,0,2,0,0,0,0,0,0,0,0,0,2
2018,Odisha,CUTTACK RTO - OR5( 31-MAY-2017 ),12,FIRE TENDERS,0,0,0,0,0,0,0,0,0,19,0,0,19
2018,Odisha,CUTTACK RTO - OR5( 31-MAY-2017 ),13,FORK LIFT,0,0,1,0,0,0,0,0,0,0,0,0,1
2018,Odisha,CUTTACK RTO - OR5( 31-MAY-2017 ),14,GOODS CARRIER,213,218,288,293,223,213,198,240,217,354,262,235,"2,954"
2018,Odisha,CUTTACK RTO - OR5( 31-MAY-2017 ),15,LUXURY CAB,0,0,0,0,0,0,0,0,0,0,0,1,1
2018,Odisha,CUTTACK RTO - OR5( 31-MAY-2017 ),16,MAXI CAB,32,15,26,31,19,22,30,32,23,43,23,45,341
2018,Odisha,CUTTACK RTO - OR5( 31-MAY-2017 ),17,M-CYCLE/SCOOTER,"3,883","3,810","5,144","6,228","5,019","5,423","4,256","4,046","3,676","7,913","6,980","3,565","59,943"
2018,Odisha,CUTTACK RTO - OR5( 31-MAY-2017 ),18,M-CYCLE/SCOOTER-WITH SIDE CAR,3,0,1,2,1,1,1,1,1,1,0,0,12
2018,Odisha,CUTTACK RTO - OR5( 31-MAY-2017 ),19,MOPED,249,241,431,388,305,215,192,186,156,235,260,190,"3,048"
2018,Odisha,CUTTACK RTO - OR5( 31-MAY-2017 ),20,MOTOR CAB,19,14,14,12,7,13,10,6,12,13,20,10,150
2018,Odisha,CUTTACK RTO - OR5( 31-MAY-2017 ),21,MOTOR CAR,467,319,414,568,394,410,393,400,322,588,547,485,"5,307"
2018,Odisha,CUTTACK RTO - OR5( 31-MAY-2017 ),22,MOTOR CYCLE/SCOOTER-USED FOR HIRE,0,0,0,0,1,0,0,0,0,0,0,0,1
2018,Odisha,CUTTACK RTO - OR5( 31-MAY-2017 ),23,MOTORISED CYCLE (CC > 25CC),48,33,92,58,64,39,41,38,27,34,73,39,586
2018,Odisha,CUTTACK RTO - OR5( 31-MAY-2017 ),24,OMNI BUS,2,2,2,1,3,1,3,2,2,3,3,6,30
2018,Odisha,CUTTACK RTO - OR5( 31-MAY-2017 ),25,OMNI BUS (PRIVATE USE),2,1,4,8,9,6,12,14,11,12,12,3,94
2018,Odisha,DEOGARH RTO - OR28( 23-OCT-2017 ),1,BUS,0,2,0,1,3,0,0,0,0,0,0,0,6
2018,Odisha,DEOGARH RTO - OR28( 23-OCT-2017 ),2,CAMPER VAN / TRAILER (PRIVATE USE),1,0,0,0,0,0,0,0,0,0,0,0,1
2018,Odisha,DEOGARH RTO - OR28( 23-OCT-2017 ),3,CONSTRUCTION EQUIPMENT VEHICLE,0,0,0,0,0,0,0,1,0,1,0,0,2
2018,Odisha,DEOGARH RTO - OR28( 23-OCT-2017 ),4,CRANE MOUNTED VEHICLE,0,1,0,0,0,0,1,1,0,0,0,0,3
2018,Odisha,DEOGARH RTO - OR28( 23-OCT-2017 ),5,EARTH MOVING EQUIPMENT,0,0,0,0,1,0,0,0,0,1,0,0,2
2018,Odisha,DEOGARH RTO - OR28( 23-OCT-2017 ),6,EDUCATIONAL INSTITUTION BUS,0,0,0,0,1,0,0,0,0,0,0,0,1
2018,Odisha,DEOGARH RTO - OR28( 23-OCT-2017 ),7,EXCAVATOR (COMMERCIAL),0,2,2,1,1,0,0,0,0,1,0,0,7
2018,Odisha,DEOGARH RTO - OR28( 23-OCT-2017 ),8,EXCAVATOR (NT),0,0,0,0,0,0,1,0,0,0,0,0,1
2018,Odisha,DEOGARH RTO - OR28( 23-OCT-2017 ),9,GOODS CARRIER,2,9,13,17,14,7,7,10,6,8,8,17,118
2018,Odisha,DEOGARH RTO - OR28( 23-OCT-2017 ),10,MAXI CAB,0,1,5,3,1,1,3,1,1,1,1,1,19
2018,Odisha,DEOGARH RTO - OR28( 23-OCT-2017 ),11,M-CYCLE/SCOOTER,109,114,308,136,234,195,87,141,151,60,287,238,"2,060"
2018,Odisha,DEOGARH RTO - OR28( 23-OCT-2017 ),12,MOPED,20,11,10,24,16,6,4,9,4,5,12,6,127
2018,Odisha,DEOGARH RTO - OR28( 23-OCT-2017 ),13,MOTOR CAB,1,5,0,1,3,2,2,5,0,1,1,2,23
2018,Odisha,DEOGARH RTO - OR28( 23-OCT-2017 ),14,MOTOR CAR,14,8,8,7,24,18,4,5,9,4,23,19,143
2018,Odisha,DEOGARH RTO - OR28( 23-OCT-2017 ),15,OMNI BUS,0,0,1,0,1,0,0,1,0,0,1,0,4
2018,Odisha,DEOGARH RTO - OR28( 23-OCT-2017 ),16,OMNI BUS (PRIVATE USE),0,0,1,0,0,0,0,1,0,0,0,2,4
2018,Odisha,DEOGARH RTO - OR28( 23-OCT-2017 ),17,RECOVERY VEHICLE,0,0,0,0,0,0,0,0,0,0,0,1,1
2018,Odisha,DEOGARH RTO - OR28( 23-OCT-2017 ),18,THREE WHEELER (GOODS),0,0,1,0,0,0,0,0,0,1,0,0,2
2018,Odisha,DEOGARH RTO - OR28( 23-OCT-2017 ),19,THREE WHEELER (PASSENGER),0,3,2,2,6,6,6,5,1,4,4,5,44
2018,Odisha,DEOGARH RTO - OR28( 23-OCT-2017 ),20,TRACTOR (COMMERCIAL),3,4,7,2,5,11,7,6,7,2,1,5,60
2018,Odisha,DEOGARH RTO - OR28( 23-OCT-2017 ),21,TRAILER (COMMERCIAL),2,4,8,1,3,11,5,6,6,2,0,3,51
2018,Odisha,DHENKANAL RTO - OR6( 07-NOV-2017 ),1,ADAPTED VEHICLE,1,0,0,0,0,0,0,0,0,1,1,0,3
2018,Odisha,DHENKANAL RTO - OR6( 07-NOV-2017 ),2,AGRICULTURAL TRACTOR,0,0,1,9,1,0,0,3,0,0,0,0,14
2018,Odisha,DHENKANAL RTO - OR6( 07-NOV-2017 ),3,AMBULANCE,0,0,0,1,0,0,0,0,0,0,1,0,2
2018,Odisha,DHENKANAL RTO - OR6( 07-NOV-2017 ),4,BUS,0,0,1,1,0,0,0,0,0,0,1,0,3
2018,Odisha,DHENKANAL RTO - OR6( 07-NOV-2017 ),5,CONSTRUCTION EQUIPMENT VEHICLE,0,1,1,0,0,0,0,0,4,7,6,1,20
2018,Odisha,DHENKANAL RTO - OR6( 07-NOV-2017 ),6,CRANE MOUNTED VEHICLE,0,0,0,0,0,0,0,0,1,1,0,1,3
2018,Odisha,DHENKANAL RTO - OR6( 07-NOV-2017 ),7,EARTH MOVING EQUIPMENT,0,0,0,0,0,0,0,0,1,2,2,0,5
2018,Odisha,DHENKANAL RTO - OR6( 07-NOV-2017 ),8,EDUCATIONAL INSTITUTION BUS,2,1,0,3,2,1,0,0,3,0,4,0,16
2018,Odisha,DHENKANAL RTO - OR6( 07-NOV-2017 ),9,EXCAVATOR (COMMERCIAL),0,0,1,0,0,0,1,0,0,0,0,0,2
2018,Odisha,DHENKANAL RTO - OR6( 07-NOV-2017 ),10,FORK LIFT,0,0,0,0,0,0,0,0,2,0,0,0,2
2018,Odisha,DHENKANAL RTO - OR6( 07-NOV-2017 ),11,GOODS CARRIER,24,24,38,32,17,17,21,16,16,28,34,30,297
2018,Odisha,DHENKANAL RTO - OR6( 07-NOV-2017 ),12,MAXI CAB,2,2,0,2,2,0,2,0,1,2,2,3,18
2018,Odisha,DHENKANAL RTO - OR6( 07-NOV-2017 ),13,M-CYCLE/SCOOTER,914,"1,351","1,396","1,294","1,180","1,157","1,017",934,870,"1,464","1,541",681,"13,799"
2018,Odisha,DHENKANAL RTO - OR6( 07-NOV-2017 ),14,M-CYCLE/SCOOTER-WITH SIDE CAR,0,0,0,0,0,0,0,0,1,1,1,0,3
2018,Odisha,DHENKANAL RTO - OR6( 07-NOV-2017 ),15,MOPED,89,193,136,100,121,95,81,84,91,106,93,41,"1,230"
2018,Odisha,DHENKANAL RTO - OR6( 07-NOV-2017 ),16,MOTOR CAB,0,1,0,1,2,1,0,0,2,0,2,0,9
2018,Odisha,DHENKANAL RTO - OR6( 07-NOV-2017 ),17,MOTOR CAR,13,13,18,24,28,36,20,23,17,49,31,20,292
2018,Odisha,DHENKANAL RTO - OR6( 07-NOV-2017 ),18,MOTORISED CYCLE (CC > 25CC),10,49,10,7,7,5,10,2,2,7,3,0,112
2018,Odisha,DHENKANAL RTO - OR6( 07-NOV-2017 ),19,OMNI BUS,0,0,0,1,1,0,0,0,1,0,0,0,3
2018,Odisha,DHENKANAL RTO - OR6( 07-NOV-2017 ),20,PRIVATE SERVICE VEHICLE (INDIVIDUAL USE),19,14,25,11,0,0,0,0,1,0,0,0,70
2018,Odisha,DHENKANAL RTO - OR6( 07-NOV-2017 ),21,THREE WHEELER (GOODS),14,11,13,11,7,7,8,6,3,7,11,8,106
2018,Odisha,DHENKANAL RTO - OR6( 07-NOV-2017 ),22,THREE WHEELER (PASSENGER),19,22,19,10,15,9,10,17,4,28,19,17,189
2018,Odisha,DHENKANAL RTO - OR6( 07-NOV-2017 ),23,TRACTOR (COMMERCIAL),31,17,21,20,13,14,22,33,12,24,13,16,236
2018,Odisha,DHENKANAL RTO - OR6( 07-NOV-2017 ),24,TRACTOR-TROLLEY(COMMERCIAL),1,2,0,1,0,1,1,6,6,14,5,11,48
2018,Odisha,DHENKANAL RTO - OR6( 07-NOV-2017 ),25,TRAILER (COMMERCIAL),17,10,9,15,10,9,13,12,0,0,0,1,96
2018,Odisha,GAJAPATI RTO - OR20( 07-NOV-2017 ),1,ADAPTED VEHICLE,0,0,0,0,0,0,0,0,0,0,1,0,1
2018,Odisha,GAJAPATI RTO - OR20( 07-NOV-2017 ),2,AGRICULTURAL TRACTOR,1,1,1,2,1,6,2,0,4,1,5,2,26
2018,Odisha,GAJAPATI RTO - OR20( 07-NOV-2017 ),3,AMBULANCE,0,3,0,0,0,0,0,0,0,0,0,0,3
2018,Odisha,GAJAPATI RTO - OR20( 07-NOV-2017 ),4,CONSTRUCTION EQUIPMENT VEHICLE,0,0,0,0,0,0,0,1,0,0,1,1,3
2018,Odisha,GAJAPATI RTO - OR20( 07-NOV-2017 ),5,EDUCATIONAL INSTITUTION BUS,0,0,0,0,1,0,0,0,0,0,0,0,1
2018,Odisha,GAJAPATI RTO - OR20( 07-NOV-2017 ),6,EXCAVATOR (COMMERCIAL),1,0,1,0,0,0,1,0,0,0,1,1,5
2018,Odisha,GAJAPATI RTO - OR20( 07-NOV-2017 ),7,EXCAVATOR (NT),1,0,0,0,0,0,0,0,0,1,0,0,2
2018,Odisha,GAJAPATI RTO - OR20( 07-NOV-2017 ),8,GOODS CARRIER,4,1,3,6,4,0,1,7,2,1,5,1,35
2018,Odisha,GAJAPATI RTO - OR20( 07-NOV-2017 ),9,HEARSES,0,0,0,1,0,0,0,0,0,0,0,0,1
2018,Odisha,GAJAPATI RTO - OR20( 07-NOV-2017 ),10,LUXURY CAB,0,0,0,0,0,0,1,0,0,0,0,0,1
2018,Odisha,GAJAPATI RTO - OR20( 07-NOV-2017 ),11,MAXI CAB,0,1,0,0,1,1,0,3,1,0,4,0,11
2018,Odisha,GAJAPATI RTO - OR20( 07-NOV-2017 ),12,M-CYCLE/SCOOTER,211,268,251,478,372,262,281,249,191,197,280,274,"3,314"
2018,Odisha,GAJAPATI RTO - OR20( 07-NOV-2017 ),13,M-CYCLE/SCOOTER-WITH SIDE CAR,0,0,0,0,0,0,0,0,0,0,0,1,1
2018,Odisha,GAJAPATI RTO - OR20( 07-NOV-2017 ),14,MOPED,5,2,0,0,1,1,2,0,0,1,0,0,12
2018,Odisha,GAJAPATI RTO - OR20( 07-NOV-2017 ),15,MOTOR CAB,1,0,1,3,0,0,0,2,1,2,0,1,11
2018,Odisha,GAJAPATI RTO - OR20( 07-NOV-2017 ),16,MOTOR CAR,15,3,5,11,7,4,8,11,5,6,14,3,92
2018,Odisha,GAJAPATI RTO - OR20( 07-NOV-2017 ),17,MOTORISED CYCLE (CC > 25CC),2,1,2,20,15,19,13,2,0,1,0,4,79
2018,Odisha,GAJAPATI RTO - OR20( 07-NOV-2017 ),18,OMNI BUS (PRIVATE USE),0,1,0,0,0,0,0,0,0,0,0,0,1
2018,Odisha,GAJAPATI RTO - OR20( 07-NOV-2017 ),19,PRIVATE SERVICE VEHICLE (INDIVIDUAL USE),0,0,0,0,0,1,0,0,0,0,0,0,1
2018,Odisha,GAJAPATI RTO - OR20( 07-NOV-2017 ),20,THREE WHEELER (GOODS),2,1,1,0,1,2,1,1,1,0,0,3,13
2018,Odisha,GAJAPATI RTO - OR20( 07-NOV-2017 ),21,THREE WHEELER (PASSENGER),8,6,8,5,4,2,2,2,3,4,4,0,48
2018,Odisha,GAJAPATI RTO - OR20( 07-NOV-2017 ),22,TRACTOR (COMMERCIAL),12,13,16,10,10,15,15,10,11,3,8,5,128
2018,Odisha,GAJAPATI RTO - OR20( 07-NOV-2017 ),23,TRAILER (COMMERCIAL),10,13,17,12,11,15,15,8,11,3,9,6,130
2018,Odisha,GANJAM RTO - OR7( 04-DEC-2017 ),1,ADAPTED VEHICLE,1,0,12,2,3,3,0,2,3,3,1,7,37
2018,Odisha,GANJAM RTO - OR7( 04-DEC-2017 ),2,AGRICULTURAL TRACTOR,1,0,1,0,1,0,0,0,0,0,0,0,3
2018,Odisha,GANJAM RTO - OR7( 04-DEC-2017 ),3,AMBULANCE,3,1,2,0,0,0,1,0,0,0,0,1,8
2018,Odisha,GANJAM RTO - OR7( 04-DEC-2017 ),4,BUS,4,3,7,3,2,8,6,4,4,1,2,9,53
2018,Odisha,GANJAM RTO - OR7( 04-DEC-2017 ),5,CONSTRUCTION EQUIPMENT VEHICLE,0,0,0,0,0,1,4,0,5,4,5,6,25
2018,Odisha,GANJAM RTO - OR7( 04-DEC-2017 ),6,CRANE MOUNTED VEHICLE,0,1,0,0,1,0,0,0,3,0,0,3,8
2018,Odisha,GANJAM RTO - OR7( 04-DEC-2017 ),7,EARTH MOVING EQUIPMENT,0,6,0,0,13,0,1,0,1,0,1,2,24
2018,Odisha,GANJAM RTO - OR7( 04-DEC-2017 ),8,EDUCATIONAL INSTITUTION BUS,3,2,3,6,0,4,7,5,1,2,2,5,40
2018,Odisha,GANJAM RTO - OR7( 04-DEC-2017 ),9,E-RICKSHAW(P),0,0,0,0,0,1,4,1,3,0,2,2,13
2018,Odisha,GANJAM RTO - OR7( 04-DEC-2017 ),10,E-RICKSHAW WITH CART (G),0,0,0,0,0,0,3,0,0,0,0,3,6
2018,Odisha,GANJAM RTO - OR7( 04-DEC-2017 ),11,EXCAVATOR (COMMERCIAL),1,0,0,1,1,0,0,0,0,0,0,0,3
2018,Odisha,GANJAM RTO - OR7( 04-DEC-2017 ),12,GOODS CARRIER,115,105,101,114,96,64,64,77,75,77,79,60,"1,027"
2018,Odisha,GANJAM RTO - OR7( 04-DEC-2017 ),13,LUXURY CAB,0,0,1,0,0,0,2,0,0,0,0,0,3
2018,Odisha,GANJAM RTO - OR7( 04-DEC-2017 ),14,MAXI CAB,15,13,16,19,15,18,7,11,12,10,15,13,164
2018,Odisha,GANJAM RTO - OR7( 04-DEC-2017 ),15,M-CYCLE/SCOOTER,"1,516","2,003","2,545","2,304","3,361","2,623","1,934","1,775","1,455","2,208","1,871","2,510","26,105"
2018,Odisha,GANJAM RTO - OR7( 04-DEC-2017 ),16,M-CYCLE/SCOOTER-WITH SIDE CAR,0,1,0,0,0,0,0,0,0,0,0,0,1
2018,Odisha,GANJAM RTO - OR7( 04-DEC-2017 ),17,MOPED,313,334,461,423,449,482,391,366,315,341,302,480,"4,657"
2018,Odisha,GANJAM RTO - OR7( 04-DEC-2017 ),18,MOTOR CAB,4,4,7,4,4,7,2,3,0,5,5,5,50
2018,Odisha,GANJAM RTO - OR7( 04-DEC-2017 ),19,MOTOR CAR,172,114,120,160,119,116,143,126,135,144,179,145,"1,673"
2018,Odisha,GANJAM RTO - OR7( 04-DEC-2017 ),20,MOTOR CYCLE/SCOOTER-USED FOR HIRE,0,0,1,0,0,0,0,0,0,0,0,1,2
2018,Odisha,GANJAM RTO - OR7( 04-DEC-2017 ),21,MOTORISED CYCLE (CC > 25CC),314,657,901,829,"1,188",979,739,591,561,605,555,843,"8,762"
2018,Odisha,GANJAM RTO - OR7( 04-DEC-2017 ),22,OMNI BUS,2,3,1,3,4,5,3,3,4,2,2,2,34
2018,Odisha,GANJAM RTO - OR7( 04-DEC-2017 ),23,OMNI BUS (PRIVATE USE),4,4,3,0,2,1,1,0,2,1,1,0,19
2018,Odisha,GANJAM RTO - OR7( 04-DEC-2017 ),24,PRIVATE SERVICE VEHICLE,0,0,0,0,0,0,0,0,0,0,1,0,1
2018,Odisha,GANJAM RTO - OR7( 04-DEC-2017 ),25,PRIVATE SERVICE VEHICLE (INDIVIDUAL USE),1,0,1,0,0,0,0,0,0,0,0,0,2
2018,Odisha,JAGATSINGHPUR RTO - OR21( 04-DEC-2017 ),1,AGRICULTURAL TRACTOR,1,5,4,9,10,8,7,4,2,1,6,1,58
2018,Odisha,JAGATSINGHPUR RTO - OR21( 04-DEC-2017 ),2,AMBULANCE,0,0,1,0,1,0,1,0,1,0,0,0,4
2018,Odisha,JAGATSINGHPUR RTO - OR21( 04-DEC-2017 ),3,BUS,0,0,1,0,0,0,0,0,1,0,0,0,2
2018,Odisha,JAGATSINGHPUR RTO - OR21( 04-DEC-2017 ),4,CONSTRUCTION EQUIPMENT VEHICLE,1,1,5,1,2,0,2,1,1,2,3,6,25
2018,Odisha,JAGATSINGHPUR RTO - OR21( 04-DEC-2017 ),5,CRANE MOUNTED VEHICLE,0,1,1,0,0,1,0,0,0,0,0,0,3
2018,Odisha,JAGATSINGHPUR RTO - OR21( 04-DEC-2017 ),6,DUMPER,0,0,0,0,0,0,0,0,1,0,0,0,1
2018,Odisha,JAGATSINGHPUR RTO - OR21( 04-DEC-2017 ),7,EARTH MOVING EQUIPMENT,0,0,0,0,1,0,0,0,0,1,0,1,3
2018,Odisha,JAGATSINGHPUR RTO - OR21( 04-DEC-2017 ),8,EDUCATIONAL INSTITUTION BUS,0,0,0,0,0,0,0,0,0,1,0,2,3
2018,Odisha,JAGATSINGHPUR RTO - OR21( 04-DEC-2017 ),9,E-RICKSHAW(P),0,0,0,0,0,0,0,0,0,0,0,1,1
2018,Odisha,JAGATSINGHPUR RTO - OR21( 04-DEC-2017 ),10,EXCAVATOR (COMMERCIAL),0,1,2,1,0,0,0,0,0,0,0,0,4
2018,Odisha,JAGATSINGHPUR RTO - OR21( 04-DEC-2017 ),11,EXCAVATOR (NT),0,0,0,0,2,0,2,0,0,0,0,0,4
2018,Odisha,JAGATSINGHPUR RTO - OR21( 04-DEC-2017 ),12,GOODS CARRIER,57,50,45,59,44,46,34,40,36,52,55,35,553
2018,Odisha,JAGATSINGHPUR RTO - OR21( 04-DEC-2017 ),13,MAXI CAB,3,1,7,6,7,6,7,6,4,7,7,8,69
2018,Odisha,JAGATSINGHPUR RTO - OR21( 04-DEC-2017 ),14,M-CYCLE/SCOOTER,"1,188","1,465","1,560","2,113","1,504","1,798","1,310","1,125","1,052","1,806","1,893","1,177","17,991"
2018,Odisha,JAGATSINGHPUR RTO - OR21( 04-DEC-2017 ),15,M-CYCLE/SCOOTER-WITH SIDE CAR,0,0,0,1,0,0,0,0,0,0,0,0,1
2018,Odisha,JAGATSINGHPUR RTO - OR21( 04-DEC-2017 ),16,MOPED,129,168,87,194,104,113,97,99,65,115,123,84,"1,378"
2018,Odisha,JAGATSINGHPUR RTO - OR21( 04-DEC-2017 ),17,MOTOR CAB,1,5,1,2,1,3,1,2,0,2,0,1,19
2018,Odisha,JAGATSINGHPUR RTO - OR21( 04-DEC-2017 ),18,MOTOR CAR,17,11,14,17,9,9,13,8,11,7,11,6,133
2018,Odisha,JAGATSINGHPUR RTO - OR21( 04-DEC-2017 ),19,MOTOR CYCLE/SCOOTER-USED FOR HIRE,0,0,0,0,0,0,0,0,1,0,1,0,2
2018,Odisha,JAGATSINGHPUR RTO - OR21( 04-DEC-2017 ),20,MOTORISED CYCLE (CC > 25CC),0,0,0,0,0,0,0,6,5,3,12,0,26
2018,Odisha,JAGATSINGHPUR RTO - OR21( 04-DEC-2017 ),21,OMNI BUS,2,0,0,1,0,1,1,0,0,1,0,1,7
2018,Odisha,JAGATSINGHPUR RTO - OR21( 04-DEC-2017 ),22,PRIVATE SERVICE VEHICLE,1,0,0,0,0,0,0,0,0,0,0,0,1
2018,Odisha,JAGATSINGHPUR RTO - OR21( 04-DEC-2017 ),23,THREE WHEELER (GOODS),12,14,9,13,9,10,7,10,5,12,11,9,121
2018,Odisha,JAGATSINGHPUR RTO - OR21( 04-DEC-2017 ),24,THREE WHEELER (PASSENGER),20,12,18,9,8,13,20,17,12,12,14,16,171
2018,Odisha,JAGATSINGHPUR RTO - OR21( 04-DEC-2017 ),25,TRACTOR (COMMERCIAL),12,22,16,33,27,19,20,8,17,13,27,27,241
2018,Odisha,JAJPUR RTO - OR34( 23-OCT-2017 ),1,AGRICULTURAL TRACTOR,9,3,5,2,2,4,8,11,8,8,5,7,72
2018,Odisha,JAJPUR RTO - OR34( 23-OCT-2017 ),2,AMBULANCE,0,0,0,0,0,0,0,0,0,1,1,0,2
2018,Odisha,JAJPUR RTO - OR34( 23-OCT-2017 ),3,ARTICULATED VEHICLE,0,0,0,5,0,0,0,12,1,0,0,11,29
2018,Odisha,JAJPUR RTO - OR34( 23-OCT-2017 ),4,BUS,0,0,0,0,0,0,0,0,0,0,0,2,2
2018,Odisha,JAJPUR RTO - OR34( 23-OCT-2017 ),5,CONSTRUCTION EQUIPMENT VEHICLE,0,0,0,0,0,0,1,1,0,0,1,5,8
2018,Odisha,JAJPUR RTO - OR34( 23-OCT-2017 ),6,CRANE MOUNTED VEHICLE,0,0,0,0,0,0,0,0,0,1,0,0,1
2018,Odisha,JAJPUR RTO - OR34( 23-OCT-2017 ),7,EARTH MOVING EQUIPMENT,0,0,0,0,0,1,2,0,0,0,0,0,3
2018,Odisha,JAJPUR RTO - OR34( 23-OCT-2017 ),8,EDUCATIONAL INSTITUTION BUS,1,0,0,0,0,0,0,0,0,0,0,0,1
2018,Odisha,JAJPUR RTO - OR34( 23-OCT-2017 ),9,EXCAVATOR (COMMERCIAL),3,3,2,0,1,0,3,0,0,0,0,0,12
2018,Odisha,JAJPUR RTO - OR34( 23-OCT-2017 ),10,EXCAVATOR (NT),0,1,0,0,0,0,0,0,2,0,1,0,4
2018,Odisha,JAJPUR RTO - OR34( 23-OCT-2017 ),11,GOODS CARRIER,71,57,49,48,40,22,40,43,48,50,59,43,570
2018,Odisha,JAJPUR RTO - OR34( 23-OCT-2017 ),12,HARVESTER,1,0,2,3,1,1,0,0,0,0,0,0,8
2018,Odisha,JAJPUR RTO - OR34( 23-OCT-2017 ),13,MAXI CAB,10,6,7,11,6,4,8,9,6,6,4,12,89
2018,Odisha,JAJPUR RTO - OR34( 23-OCT-2017 ),14,M-CYCLE/SCOOTER,"2,329","1,659","2,537","2,918","2,073","2,233","2,653","1,774","1,512","2,096","1,972","2,550","26,306"
2018,Odisha,JAJPUR RTO - OR34( 23-OCT-2017 ),15,M-CYCLE/SCOOTER-WITH SIDE CAR,1,0,0,1,0,0,0,0,0,0,0,0,2
2018,Odisha,JAJPUR RTO - OR34( 23-OCT-2017 ),16,MOPED,2,1,0,1,2,0,1,0,0,0,0,0,7
2018,Odisha,JAJPUR RTO - OR34( 23-OCT-2017 ),17,MOTOR CAB,0,0,6,6,2,4,7,6,5,3,8,3,50
2018,Odisha,JAJPUR RTO - OR34( 23-OCT-2017 ),18,MOTOR CAR,74,47,63,62,40,69,56,57,42,84,72,47,713
2018,Odisha,JAJPUR RTO - OR34( 23-OCT-2017 ),19,MOTORISED CYCLE (CC > 25CC),0,0,0,0,1,1,0,0,0,0,0,1,3
2018,Odisha,JAJPUR RTO - OR34( 23-OCT-2017 ),20,OMNI BUS,3,0,2,1,1,1,1,1,0,1,0,0,11
2018,Odisha,JAJPUR RTO - OR34( 23-OCT-2017 ),21,OMNI BUS (PRIVATE USE),0,0,2,3,0,0,0,1,1,0,0,0,7
2018,Odisha,JAJPUR RTO - OR34( 23-OCT-2017 ),22,PRIVATE SERVICE VEHICLE,1,0,0,0,0,0,0,0,1,0,0,0,2
2018,Odisha,JAJPUR RTO - OR34( 23-OCT-2017 ),23,PRIVATE SERVICE VEHICLE (INDIVIDUAL USE),1,0,0,0,0,0,0,0,0,0,0,0,1
2018,Odisha,JAJPUR RTO - OR34( 23-OCT-2017 ),24,THREE WHEELER (GOODS),19,20,17,17,21,14,21,17,14,26,18,17,221
2018,Odisha,JAJPUR RTO - OR34( 23-OCT-2017 ),25,THREE WHEELER (PASSENGER),27,14,16,21,19,16,24,16,28,30,16,30,257
2018,Odisha,JHARSUGUDA RTO - OR23( 07-NOV-2017 ),1,AGRICULTURAL TRACTOR,0,0,0,0,0,0,0,3,0,0,0,0,3
2018,Odisha,JHARSUGUDA RTO - OR23( 07-NOV-2017 ),2,AMBULANCE,0,0,0,0,0,1,0,0,0,1,2,0,4
2018,Odisha,JHARSUGUDA RTO - OR23( 07-NOV-2017 ),3,ARTICULATED VEHICLE,0,0,0,0,0,0,1,0,0,0,0,0,1
2018,Odisha,JHARSUGUDA RTO - OR23( 07-NOV-2017 ),4,BUS,0,1,4,1,0,1,4,2,1,0,1,2,17
2018,Odisha,JHARSUGUDA RTO - OR23( 07-NOV-2017 ),5,CAMPER VAN / TRAILER (PRIVATE USE),0,0,0,0,0,0,0,0,0,0,1,0,1
2018,Odisha,JHARSUGUDA RTO - OR23( 07-NOV-2017 ),6,CONSTRUCTION EQUIPMENT VEHICLE,3,5,6,13,18,4,6,3,6,2,13,5,84
2018,Odisha,JHARSUGUDA RTO - OR23( 07-NOV-2017 ),7,CRANE MOUNTED VEHICLE,1,1,0,0,0,0,0,0,0,1,0,0,3
2018,Odisha,JHARSUGUDA RTO - OR23( 07-NOV-2017 ),8,EARTH MOVING EQUIPMENT,0,0,0,0,0,0,0,0,0,0,0,2,2
2018,Odisha,JHARSUGUDA RTO - OR23( 07-NOV-2017 ),9,EDUCATIONAL INSTITUTION BUS,2,0,3,2,2,0,2,3,2,1,0,1,18
2018,Odisha,JHARSUGUDA RTO - OR23( 07-NOV-2017 ),10,EXCAVATOR (NT),0,0,1,0,0,0,0,0,0,0,0,0,1
2018,Odisha,JHARSUGUDA RTO - OR23( 07-NOV-2017 ),11,FORK LIFT,3,0,6,2,0,1,0,3,0,3,7,1,26
2018,Odisha,JHARSUGUDA RTO - OR23( 07-NOV-2017 ),12,GOODS CARRIER,83,55,87,113,82,90,47,65,51,104,120,140,"1,037"
2018,Odisha,JHARSUGUDA RTO - OR23( 07-NOV-2017 ),13,LUXURY CAB,0,0,0,0,0,0,0,0,0,0,1,1,2
2018,Odisha,JHARSUGUDA RTO - OR23( 07-NOV-2017 ),14,MAXI CAB,0,2,3,3,3,2,2,0,4,3,2,2,26
2018,Odisha,JHARSUGUDA RTO - OR23( 07-NOV-2017 ),15,M-CYCLE/SCOOTER,"1,227",638,"1,118","1,491",879,896,915,923,505,"1,095","1,456",812,"11,955"
2018,Odisha,JHARSUGUDA RTO - OR23( 07-NOV-2017 ),16,MOPED,73,55,91,61,48,46,38,60,26,76,30,45,649
2018,Odisha,JHARSUGUDA RTO - OR23( 07-NOV-2017 ),17,MOTOR CAB,7,2,7,8,6,10,5,8,4,15,7,8,87
2018,Odisha,JHARSUGUDA RTO - OR23( 07-NOV-2017 ),18,MOTOR CAR,111,85,83,124,89,82,74,73,54,110,156,96,"1,137"
2018,Odisha,JHARSUGUDA RTO - OR23( 07-NOV-2017 ),19,MOTORISED CYCLE (CC > 25CC),1,0,0,0,0,0,0,0,0,0,1,0,2
2018,Odisha,JHARSUGUDA RTO - OR23( 07-NOV-2017 ),20,OMNI BUS,1,3,1,1,1,0,2,0,1,1,4,2,17
2018,Odisha,JHARSUGUDA RTO - OR23( 07-NOV-2017 ),21,OMNI BUS (PRIVATE USE),0,0,2,1,0,2,0,1,0,0,0,0,6
2018,Odisha,JHARSUGUDA RTO - OR23( 07-NOV-2017 ),22,PRIVATE SERVICE VEHICLE,0,0,1,0,0,1,2,0,0,0,0,0,4
2018,Odisha,JHARSUGUDA RTO - OR23( 07-NOV-2017 ),23,THREE WHEELER (GOODS),7,1,7,6,8,7,5,3,0,3,3,9,59
2018,Odisha,JHARSUGUDA RTO - OR23( 07-NOV-2017 ),24,THREE WHEELER (PASSENGER),13,5,28,11,4,10,10,15,7,14,10,9,136
2018,Odisha,JHARSUGUDA RTO - OR23( 07-NOV-2017 ),25,TRACTOR (COMMERCIAL),12,8,20,23,12,12,20,25,8,10,8,18,176
2018,Odisha,KALAHANDI RTO - OR8( 23-OCT-2017 ),1,AGRICULTURAL TRACTOR,0,1,1,0,0,1,0,0,0,0,1,3,7
2018,Odisha,KALAHANDI RTO - OR8( 23-OCT-2017 ),2,AMBULANCE,0,0,0,0,0,5,0,0,0,0,0,0,5
2018,Odisha,KALAHANDI RTO - OR8( 23-OCT-2017 ),3,BUS,2,4,0,4,0,0,1,1,1,1,5,0,19
2018,Odisha,KALAHANDI RTO - OR8( 23-OCT-2017 ),4,CONSTRUCTION EQUIPMENT VEHICLE,0,3,1,5,2,0,4,3,1,6,2,1,28
2018,Odisha,KALAHANDI RTO - OR8( 23-OCT-2017 ),5,CRANE MOUNTED VEHICLE,0,1,0,1,0,0,0,0,0,0,0,3,5
2018,Odisha,KALAHANDI RTO - OR8( 23-OCT-2017 ),6,EARTH MOVING EQUIPMENT,0,0,2,0,0,2,0,1,0,0,1,0,6
2018,Odisha,KALAHANDI RTO - OR8( 23-OCT-2017 ),7,EDUCATIONAL INSTITUTION BUS,0,2,0,0,0,1,0,2,0,0,0,1,6
2018,Odisha,KALAHANDI RTO - OR8( 23-OCT-2017 ),8,E-RICKSHAW(P),0,3,2,0,1,0,1,0,1,0,0,0,8
2018,Odisha,KALAHANDI RTO - OR8( 23-OCT-2017 ),9,E-RICKSHAW WITH CART (G),0,0,0,0,0,0,0,0,0,0,0,3,3
2018,Odisha,KALAHANDI RTO - OR8( 23-OCT-2017 ),10,EXCAVATOR (COMMERCIAL),1,3,3,4,9,2,9,1,2,0,2,4,40
2018,Odisha,KALAHANDI RTO - OR8( 23-OCT-2017 ),11,EXCAVATOR (NT),2,0,0,2,2,0,0,2,0,0,0,0,8
2018,Odisha,KALAHANDI RTO - OR8( 23-OCT-2017 ),12,GOODS CARRIER,51,47,34,44,35,32,20,21,21,35,52,42,434
2018,Odisha,KALAHANDI RTO - OR8( 23-OCT-2017 ),13,LUXURY CAB,0,0,0,2,3,3,0,2,0,0,1,2,13
2018,Odisha,KALAHANDI RTO - OR8( 23-OCT-2017 ),14,MAXI CAB,8,21,19,18,10,10,7,5,3,8,6,2,117
2018,Odisha,KALAHANDI RTO - OR8( 23-OCT-2017 ),15,M-CYCLE/SCOOTER,916,"2,028","3,406","1,895","2,786","2,005","1,173","1,060",942,661,"1,218","1,225","19,315"
2018,Odisha,KALAHANDI RTO - OR8( 23-OCT-2017 ),16,M-CYCLE/SCOOTER-WITH SIDE CAR,0,0,0,0,0,1,0,0,0,0,0,0,1
2018,Odisha,KALAHANDI RTO - OR8( 23-OCT-2017 ),17,MOPED,93,245,183,150,131,125,95,66,80,98,139,96,"1,501"
2018,Odisha,KALAHANDI RTO - OR8( 23-OCT-2017 ),18,MOTOR CAB,3,3,1,5,2,1,4,3,0,3,6,2,33
2018,Odisha,KALAHANDI RTO - OR8( 23-OCT-2017 ),19,MOTOR CAR,62,78,98,57,69,58,55,41,39,65,97,70,789
2018,Odisha,KALAHANDI RTO - OR8( 23-OCT-2017 ),20,MOTORISED CYCLE (CC > 25CC),0,2,1,1,2,0,3,1,2,2,8,0,22
2018,Odisha,KALAHANDI RTO - OR8( 23-OCT-2017 ),21,OMNI BUS,6,9,4,5,4,3,0,0,1,1,9,5,47
2018,Odisha,KALAHANDI RTO - OR8( 23-OCT-2017 ),22,OMNI BUS (PRIVATE USE),3,9,6,5,2,8,4,4,6,1,10,8,66
2018,Odisha,KALAHANDI RTO - OR8( 23-OCT-2017 ),23,PRIVATE SERVICE VEHICLE (INDIVIDUAL USE),2,1,0,0,0,0,0,0,0,0,0,0,3
2018,Odisha,KALAHANDI RTO - OR8( 23-OCT-2017 ),24,THREE WHEELER (GOODS),1,1,0,2,1,2,0,5,0,3,3,2,20
2018,Odisha,KALAHANDI RTO - OR8( 23-OCT-2017 ),25,THREE WHEELER (PASSENGER),16,20,26,37,35,13,23,21,13,26,50,26,306
2018,Odisha,KENDRAPARA RTO - OR29( 23-OCT-2017 ),1,AGRICULTURAL TRACTOR,10,4,7,0,2,3,3,6,3,11,0,1,50
2018,Odisha,KENDRAPARA RTO - OR29( 23-OCT-2017 ),2,AMBULANCE,0,1,0,0,0,0,0,0,0,2,0,1,4
2018,Odisha,KENDRAPARA RTO - OR29( 23-OCT-2017 ),3,ARTICULATED VEHICLE,0,0,0,0,0,0,0,0,0,2,0,0,2
2018,Odisha,KENDRAPARA RTO - OR29( 23-OCT-2017 ),4,BUS,2,1,0,0,0,1,1,1,1,0,0,0,7
2018,Odisha,KENDRAPARA RTO - OR29( 23-OCT-2017 ),5,CONSTRUCTION EQUIPMENT VEHICLE,0,0,0,1,0,0,0,0,2,0,1,1,5
2018,Odisha,KENDRAPARA RTO - OR29( 23-OCT-2017 ),6,EARTH MOVING EQUIPMENT,0,0,0,0,0,0,0,0,0,0,0,1,1
2018,Odisha,KENDRAPARA RTO - OR29( 23-OCT-2017 ),7,EDUCATIONAL INSTITUTION BUS,0,0,1,0,2,1,2,0,3,1,0,0,10
2018,Odisha,KENDRAPARA RTO - OR29( 23-OCT-2017 ),8,EXCAVATOR (COMMERCIAL),0,1,1,0,0,1,0,0,0,0,1,0,4
2018,Odisha,KENDRAPARA RTO - OR29( 23-OCT-2017 ),9,GOODS CARRIER,66,81,78,70,78,43,84,58,76,109,79,83,905
2018,Odisha,KENDRAPARA RTO - OR29( 23-OCT-2017 ),10,HEARSES,0,0,1,0,0,0,0,0,0,0,0,0,1
2018,Odisha,KENDRAPARA RTO - OR29( 23-OCT-2017 ),11,LUXURY CAB,0,0,0,0,0,0,0,0,0,0,1,0,1
2018,Odisha,KENDRAPARA RTO - OR29( 23-OCT-2017 ),12,MAXI CAB,8,5,5,9,7,8,9,9,5,15,6,7,93
2018,Odisha,KENDRAPARA RTO - OR29( 23-OCT-2017 ),13,M-CYCLE/SCOOTER,736,596,"1,044","1,290",949,768,729,622,558,853,835,639,"9,619"
2018,Odisha,KENDRAPARA RTO - OR29( 23-OCT-2017 ),14,MOPED,77,47,185,130,109,70,71,86,96,107,107,85,"1,170"
2018,Odisha,KENDRAPARA RTO - OR29( 23-OCT-2017 ),15,MOTOR CAB,2,3,2,0,1,2,2,2,1,2,4,1,22
2018,Odisha,KENDRAPARA RTO - OR29( 23-OCT-2017 ),16,MOTOR CAR,10,14,13,11,12,11,5,9,7,7,7,9,115
2018,Odisha,KENDRAPARA RTO - OR29( 23-OCT-2017 ),17,MOTORISED CYCLE (CC > 25CC),0,1,0,0,0,0,0,0,0,0,0,0,1
2018,Odisha,KENDRAPARA RTO - OR29( 23-OCT-2017 ),18,OMNI BUS,0,0,2,2,1,1,0,1,3,1,0,0,11
2018,Odisha,KENDRAPARA RTO - OR29( 23-OCT-2017 ),19,OMNI BUS (PRIVATE USE),0,0,0,1,0,0,0,0,1,0,0,0,2
2018,Odisha,KENDRAPARA RTO - OR29( 23-OCT-2017 ),20,PRIVATE SERVICE VEHICLE,0,0,0,0,0,0,0,0,0,0,1,0,1
2018,Odisha,KENDRAPARA RTO - OR29( 23-OCT-2017 ),21,THREE WHEELER (GOODS),12,21,28,29,13,20,11,22,12,18,9,16,211
2018,Odisha,KENDRAPARA RTO - OR29( 23-OCT-2017 ),22,THREE WHEELER (PASSENGER),31,37,37,25,28,27,32,27,37,34,50,34,399
2018,Odisha,KENDRAPARA RTO - OR29( 23-OCT-2017 ),23,TRACTOR (COMMERCIAL),39,47,62,45,47,38,36,40,28,27,43,49,501
2018,Odisha,KENDRAPARA RTO - OR29( 23-OCT-2017 ),24,TRACTOR-TROLLEY(COMMERCIAL),3,1,0,0,0,0,0,1,1,0,3,4,13
2018,Odisha,KENDRAPARA RTO - OR29( 23-OCT-2017 ),25,TRAILER (COMMERCIAL),30,36,34,36,35,20,12,25,9,18,28,35,318
2018,Odisha,KEONJHAR RTO - OR9( 04-DEC-2017 ),1,AGRICULTURAL TRACTOR,10,4,7,0,2,3,3,6,3,11,0,1,50
2018,Odisha,KEONJHAR RTO - OR9( 04-DEC-2017 ),2,AMBULANCE,0,1,0,0,0,0,0,0,0,2,0,1,4
2018,Odisha,KEONJHAR RTO - OR9( 04-DEC-2017 ),3,ARTICULATED VEHICLE,0,0,0,0,0,0,0,0,0,2,0,0,2
2018,Odisha,KEONJHAR RTO - OR9( 04-DEC-2017 ),4,BUS,2,1,0,0,0,1,1,1,1,0,0,0,7
2018,Odisha,KEONJHAR RTO - OR9( 04-DEC-2017 ),5,CONSTRUCTION EQUIPMENT VEHICLE,0,0,0,1,0,0,0,0,2,0,1,1,5
2018,Odisha,KEONJHAR RTO - OR9( 04-DEC-2017 ),6,EARTH MOVING EQUIPMENT,0,0,0,0,0,0,0,0,0,0,0,1,1
2018,Odisha,KEONJHAR RTO - OR9( 04-DEC-2017 ),7,EDUCATIONAL INSTITUTION BUS,0,0,1,0,2,1,2,0,3,1,0,0,10
2018,Odisha,KEONJHAR RTO - OR9( 04-DEC-2017 ),8,EXCAVATOR (COMMERCIAL),0,1,1,0,0,1,0,0,0,0,1,0,4
2018,Odisha,KEONJHAR RTO - OR9( 04-DEC-2017 ),9,GOODS CARRIER,66,81,78,70,78,43,84,58,76,109,79,83,905
2018,Odisha,KEONJHAR RTO - OR9( 04-DEC-2017 ),10,HEARSES,0,0,1,0,0,0,0,0,0,0,0,0,1
2018,Odisha,KEONJHAR RTO - OR9( 04-DEC-2017 ),11,LUXURY CAB,0,0,0,0,0,0,0,0,0,0,1,0,1
2018,Odisha,KEONJHAR RTO - OR9( 04-DEC-2017 ),12,MAXI CAB,8,5,5,9,7,8,9,9,5,15,6,7,93
2018,Odisha,KEONJHAR RTO - OR9( 04-DEC-2017 ),13,M-CYCLE/SCOOTER,736,596,"1,044","1,290",949,768,729,622,558,853,835,639,"9,619"
2018,Odisha,KEONJHAR RTO - OR9( 04-DEC-2017 ),14,MOPED,77,47,185,130,109,70,71,86,96,107,107,85,"1,170"
2018,Odisha,KEONJHAR RTO - OR9( 04-DEC-2017 ),15,MOTOR CAB,2,3,2,0,1,2,2,2,1,2,4,1,22
2018,Odisha,KEONJHAR RTO - OR9( 04-DEC-2017 ),16,MOTOR CAR,10,14,13,11,12,11,5,9,7,7,7,9,115
2018,Odisha,KEONJHAR RTO - OR9( 04-DEC-2017 ),17,MOTORISED CYCLE (CC > 25CC),0,1,0,0,0,0,0,0,0,0,0,0,1
2018,Odisha,KEONJHAR RTO - OR9( 04-DEC-2017 ),18,OMNI BUS,0,0,2,2,1,1,0,1,3,1,0,0,11
2018,Odisha,KEONJHAR RTO - OR9( 04-DEC-2017 ),19,OMNI BUS (PRIVATE USE),0,0,0,1,0,0,0,0,1,0,0,0,2
2018,Odisha,KEONJHAR RTO - OR9( 04-DEC-2017 ),20,PRIVATE SERVICE VEHICLE,0,0,0,0,0,0,0,0,0,0,1,0,1
2018,Odisha,KEONJHAR RTO - OR9( 04-DEC-2017 ),21,THREE WHEELER (GOODS),12,21,28,29,13,20,11,22,12,18,9,16,211
2018,Odisha,KEONJHAR RTO - OR9( 04-DEC-2017 ),22,THREE WHEELER (PASSENGER),31,37,37,25,28,27,32,27,37,34,50,34,399
2018,Odisha,KEONJHAR RTO - OR9( 04-DEC-2017 ),23,TRACTOR (COMMERCIAL),39,47,62,45,47,38,36,40,28,27,43,49,501
2018,Odisha,KEONJHAR RTO - OR9( 04-DEC-2017 ),24,TRACTOR-TROLLEY(COMMERCIAL),3,1,0,0,0,0,0,1,1,0,3,4,13
2018,Odisha,KEONJHAR RTO - OR9( 04-DEC-2017 ),25,TRAILER (COMMERCIAL),30,36,34,36,35,20,12,25,9,18,28,35,318
2018,Odisha,KHORDHA ARTO - OR201( 20-JAN-2018 ),1,AGRICULTURAL TRACTOR,5,1,2,1,3,2,4,6,1,3,4,14,46
2018,Odisha,KHORDHA ARTO - OR201( 20-JAN-2018 ),2,BUS,0,1,1,0,2,2,0,0,0,0,4,2,12
2018,Odisha,KHORDHA ARTO - OR201( 20-JAN-2018 ),3,CONSTRUCTION EQUIPMENT VEHICLE,0,0,0,0,0,0,0,0,1,0,0,0,1
2018,Odisha,KHORDHA ARTO - OR201( 20-JAN-2018 ),4,CRANE MOUNTED VEHICLE,0,0,0,0,0,1,0,0,0,0,0,2,3
2018,Odisha,KHORDHA ARTO - OR201( 20-JAN-2018 ),5,DUMPER,0,0,0,0,0,0,0,0,0,1,0,0,1
2018,Odisha,KHORDHA ARTO - OR201( 20-JAN-2018 ),6,EDUCATIONAL INSTITUTION BUS,0,0,0,0,0,0,0,1,1,1,0,0,3
2018,Odisha,KHORDHA ARTO - OR201( 20-JAN-2018 ),7,EXCAVATOR (COMMERCIAL),0,1,1,0,0,0,1,0,0,0,0,1,4
2018,Odisha,KHORDHA ARTO - OR201( 20-JAN-2018 ),8,GOODS CARRIER,44,20,43,62,58,48,36,37,36,46,36,39,505
2018,Odisha,KHORDHA ARTO - OR201( 20-JAN-2018 ),9,MAXI CAB,4,2,4,0,3,4,1,1,4,3,0,3,29
2018,Odisha,KHORDHA ARTO - OR201( 20-JAN-2018 ),10,M-CYCLE/SCOOTER,466,164,483,436,554,348,412,337,342,367,499,341,"4,749"
2018,Odisha,KHORDHA ARTO - OR201( 20-JAN-2018 ),11,M-CYCLE/SCOOTER-WITH SIDE CAR,0,0,3,0,1,0,0,0,1,0,0,0,5
2018,Odisha,KHORDHA ARTO - OR201( 20-JAN-2018 ),12,MOPED,43,20,20,12,27,11,9,6,42,10,23,8,231
2018,Odisha,KHORDHA ARTO - OR201( 20-JAN-2018 ),13,MOTOR CAB,4,1,2,0,2,2,0,0,0,1,0,1,13
2018,Odisha,KHORDHA ARTO - OR201( 20-JAN-2018 ),14,MOTOR CAR,31,6,11,20,9,15,19,14,21,21,24,16,207
2018,Odisha,KHORDHA ARTO - OR201( 20-JAN-2018 ),15,MOTOR CYCLE/SCOOTER-SIDECAR(T),0,2,0,0,0,0,0,0,0,0,0,0,2
2018,Odisha,KHORDHA ARTO - OR201( 20-JAN-2018 ),16,MOTOR CYCLE/SCOOTER-USED FOR HIRE,0,0,1,0,0,0,0,0,0,0,0,0,1
2018,Odisha,KHORDHA ARTO - OR201( 20-JAN-2018 ),17,MOTORISED CYCLE (CC > 25CC),0,1,0,1,0,3,2,2,1,2,9,1,22
2018,Odisha,KHORDHA ARTO - OR201( 20-JAN-2018 ),18,OMNI BUS,2,2,0,0,0,1,1,0,0,3,0,0,9
2018,Odisha,KHORDHA ARTO - OR201( 20-JAN-2018 ),19,OMNI BUS (PRIVATE USE),3,0,0,0,0,1,1,1,0,1,0,0,7
2018,Odisha,KHORDHA ARTO - OR201( 20-JAN-2018 ),20,THREE WHEELER (GOODS),15,4,24,13,11,10,16,11,7,18,9,9,147
2018,Odisha,KHORDHA ARTO - OR201( 20-JAN-2018 ),21,THREE WHEELER (PASSENGER),50,13,57,37,47,43,36,35,27,59,54,30,488
2018,Odisha,KHORDHA ARTO - OR201( 20-JAN-2018 ),22,TRACTOR (COMMERCIAL),8,1,12,3,7,5,12,10,3,4,10,17,92
2018,Odisha,KHORDHA ARTO - OR201( 20-JAN-2018 ),23,TRACTOR-TROLLEY(COMMERCIAL),0,0,0,1,0,0,0,0,0,0,0,0,1
2018,Odisha,KHORDHA ARTO - OR201( 20-JAN-2018 ),24,TRAILER (COMMERCIAL),9,1,10,5,7,5,11,9,7,4,10,14,92
2018,Odisha,KHORDHA ARTO - OR201( 20-JAN-2018 ),25,VEHICLE FITTED WITH RIG,0,0,0,0,0,0,2,0,0,0,0,0,2
2018,Odisha,KORAPUT RTO - OR10( 25-DEC-2017 ),1,ADAPTED VEHICLE,0,0,0,0,0,0,0,0,0,0,1,0,1
2018,Odisha,KORAPUT RTO - OR10( 25-DEC-2017 ),2,AGRICULTURAL TRACTOR,0,1,0,0,0,0,0,1,0,0,0,2,4
2018,Odisha,KORAPUT RTO - OR10( 25-DEC-2017 ),3,AMBULANCE,0,0,0,0,0,1,0,1,0,0,0,1,3
2018,Odisha,KORAPUT RTO - OR10( 25-DEC-2017 ),4,BULLDOZER,0,0,0,0,0,1,0,0,0,0,0,0,1
2018,Odisha,KORAPUT RTO - OR10( 25-DEC-2017 ),5,BUS,0,0,0,0,0,2,0,0,0,2,0,0,4
2018,Odisha,KORAPUT RTO - OR10( 25-DEC-2017 ),6,CAMPER VAN / TRAILER (PRIVATE USE),0,0,1,1,0,0,0,0,1,0,0,0,3
2018,Odisha,KORAPUT RTO - OR10( 25-DEC-2017 ),7,CONSTRUCTION EQUIPMENT VEHICLE,0,6,10,2,2,6,1,3,0,13,2,1,46
2018,Odisha,KORAPUT RTO - OR10( 25-DEC-2017 ),8,CRANE MOUNTED VEHICLE,0,0,0,0,0,0,1,1,0,0,0,0,2
2018,Odisha,KORAPUT RTO - OR10( 25-DEC-2017 ),9,DUMPER,0,0,0,0,0,0,0,0,0,0,0,4,4
2018,Odisha,KORAPUT RTO - OR10( 25-DEC-2017 ),10,EARTH MOVING EQUIPMENT,0,0,0,0,1,0,0,1,0,1,0,0,3
2018,Odisha,KORAPUT RTO - OR10( 25-DEC-2017 ),11,EDUCATIONAL INSTITUTION BUS,0,0,2,0,0,1,2,1,1,2,0,0,9
2018,Odisha,KORAPUT RTO - OR10( 25-DEC-2017 ),12,E-RICKSHAW WITH CART (G),0,1,1,0,0,0,0,0,0,0,0,0,2
2018,Odisha,KORAPUT RTO - OR10( 25-DEC-2017 ),13,FORK LIFT,0,1,0,0,0,0,0,0,0,0,0,0,1
2018,Odisha,KORAPUT RTO - OR10( 25-DEC-2017 ),14,GOODS CARRIER,19,57,48,47,37,58,72,47,44,57,65,36,587
2018,Odisha,KORAPUT RTO - OR10( 25-DEC-2017 ),15,MAXI CAB,1,7,1,10,6,3,5,6,5,13,5,3,65
2018,Odisha,KORAPUT RTO - OR10( 25-DEC-2017 ),16,M-CYCLE/SCOOTER,423,"2,231","1,892","1,770","3,362","1,674","1,817","1,250","1,210","1,423","1,527","2,238","20,817"
2018,Odisha,KORAPUT RTO - OR10( 25-DEC-2017 ),17,M-CYCLE/SCOOTER-WITH SIDE CAR,0,0,0,0,0,2,0,1,0,1,0,0,4
2018,Odisha,KORAPUT RTO - OR10( 25-DEC-2017 ),18,MOPED,19,44,37,31,77,48,50,26,8,34,43,28,445
2018,Odisha,KORAPUT RTO - OR10( 25-DEC-2017 ),19,MOTOR CAB,5,6,10,8,5,6,8,3,7,9,7,3,77
2018,Odisha,KORAPUT RTO - OR10( 25-DEC-2017 ),20,MOTOR CAR,79,110,82,122,104,101,102,85,111,163,156,102,"1,317"
2018,Odisha,KORAPUT RTO - OR10( 25-DEC-2017 ),21,MOTORISED CYCLE (CC > 25CC),18,103,56,53,91,67,75,35,28,36,58,66,686
2018,Odisha,KORAPUT RTO - OR10( 25-DEC-2017 ),22,OMNI BUS,3,0,3,0,0,4,1,0,0,2,0,0,13
2018,Odisha,KORAPUT RTO - OR10( 25-DEC-2017 ),23,OMNI BUS (PRIVATE USE),1,3,0,2,0,1,2,1,0,2,0,0,12
2018,Odisha,KORAPUT RTO - OR10( 25-DEC-2017 ),24,PRIVATE SERVICE VEHICLE,0,0,0,0,0,3,0,0,0,0,0,0,3
2018,Odisha,KORAPUT RTO - OR10( 25-DEC-2017 ),25,PRIVATE SERVICE VEHICLE (INDIVIDUAL USE),1,0,0,0,0,0,0,0,0,0,0,0,1
2018,Odisha,MALKANAGIRI RTO - OR30( 25-DEC-2017 ),1,AGRICULTURAL TRACTOR,0,0,3,0,0,0,1,1,0,0,1,3,9
2018,Odisha,MALKANAGIRI RTO - OR30( 25-DEC-2017 ),2,ARTICULATED VEHICLE,1,0,0,0,0,0,0,0,0,0,0,0,1
2018,Odisha,MALKANAGIRI RTO - OR30( 25-DEC-2017 ),3,BUS,0,0,0,0,0,0,0,3,0,0,0,0,3
2018,Odisha,MALKANAGIRI RTO - OR30( 25-DEC-2017 ),4,CONSTRUCTION EQUIPMENT VEHICLE,0,0,0,0,0,0,0,0,0,0,2,0,2
2018,Odisha,MALKANAGIRI RTO - OR30( 25-DEC-2017 ),5,CRANE MOUNTED VEHICLE,0,0,0,1,0,0,1,0,0,0,0,0,2
2018,Odisha,MALKANAGIRI RTO - OR30( 25-DEC-2017 ),6,DUMPER,0,0,0,0,0,0,0,0,0,0,2,0,2
2018,Odisha,MALKANAGIRI RTO - OR30( 25-DEC-2017 ),7,EDUCATIONAL INSTITUTION BUS,0,0,0,0,0,0,0,1,0,0,0,0,1
2018,Odisha,MALKANAGIRI RTO - OR30( 25-DEC-2017 ),8,EXCAVATOR (COMMERCIAL),0,0,1,1,2,2,2,2,0,0,0,3,13
2018,Odisha,MALKANAGIRI RTO - OR30( 25-DEC-2017 ),9,GOODS CARRIER,6,11,18,5,23,5,17,13,6,10,14,21,149
2018,Odisha,MALKANAGIRI RTO - OR30( 25-DEC-2017 ),10,HARVESTER,0,0,0,0,0,0,0,0,0,0,0,1,1
2018,Odisha,MALKANAGIRI RTO - OR30( 25-DEC-2017 ),11,MAXI CAB,1,2,2,1,4,3,1,2,2,1,1,1,21
2018,Odisha,MALKANAGIRI RTO - OR30( 25-DEC-2017 ),12,M-CYCLE/SCOOTER,4,450,408,220,855,331,645,711,391,454,373,452,"5,294"
2018,Odisha,MALKANAGIRI RTO - OR30( 25-DEC-2017 ),13,MOPED,0,7,16,9,28,24,18,9,2,4,1,37,155
2018,Odisha,MALKANAGIRI RTO - OR30( 25-DEC-2017 ),14,MOTOR CAB,1,0,1,2,4,2,1,1,0,0,0,1,13
2018,Odisha,MALKANAGIRI RTO - OR30( 25-DEC-2017 ),15,MOTOR CAR,4,15,14,10,20,6,10,17,10,21,23,22,172
2018,Odisha,MALKANAGIRI RTO - OR30( 25-DEC-2017 ),16,MOTORISED CYCLE (CC > 25CC),0,11,1,2,1,0,0,0,0,0,0,0,15
2018,Odisha,MALKANAGIRI RTO - OR30( 25-DEC-2017 ),17,OMNI BUS (PRIVATE USE),0,1,0,0,0,0,0,0,0,0,1,0,2
2018,Odisha,MALKANAGIRI RTO - OR30( 25-DEC-2017 ),18,PRIVATE SERVICE VEHICLE (INDIVIDUAL USE),1,2,1,0,1,0,0,0,0,0,0,0,5
2018,Odisha,MALKANAGIRI RTO - OR30( 25-DEC-2017 ),19,ROAD ROLLER,0,0,1,0,0,0,0,0,0,0,0,0,1
2018,Odisha,MALKANAGIRI RTO - OR30( 25-DEC-2017 ),20,THREE WHEELER (GOODS),0,0,0,1,2,2,1,3,1,3,2,4,19
2018,Odisha,MALKANAGIRI RTO - OR30( 25-DEC-2017 ),21,THREE WHEELER (PASSENGER),0,23,17,20,28,20,31,27,35,11,21,31,264
2018,Odisha,MALKANAGIRI RTO - OR30( 25-DEC-2017 ),22,TRACTOR (COMMERCIAL),0,14,35,8,16,17,31,39,24,16,27,22,249
2018,Odisha,MALKANAGIRI RTO - OR30( 25-DEC-2017 ),23,TRAILER (AGRICULTURAL),0,0,1,0,0,0,0,0,0,0,0,0,1
2018,Odisha,MALKANAGIRI RTO - OR30( 25-DEC-2017 ),24,TRAILER (COMMERCIAL),0,11,17,6,7,3,9,8,9,6,12,12,100
2018,Odisha,MAYURBHANJ RTO - OR11( 08-NOV-2017 ),1,AGRICULTURAL TRACTOR,3,6,4,5,1,5,10,8,5,7,5,3,62
2018,Odisha,MAYURBHANJ RTO - OR11( 08-NOV-2017 ),2,AMBULANCE,0,2,1,0,0,0,0,1,1,0,1,2,8
2018,Odisha,MAYURBHANJ RTO - OR11( 08-NOV-2017 ),3,BUS,2,5,2,5,3,1,2,3,0,3,2,3,31
2018,Odisha,MAYURBHANJ RTO - OR11( 08-NOV-2017 ),4,CONSTRUCTION EQUIPMENT VEHICLE,0,0,0,0,0,0,0,0,0,1,0,0,1
2018,Odisha,MAYURBHANJ RTO - OR11( 08-NOV-2017 ),5,EDUCATIONAL INSTITUTION BUS,0,0,0,0,0,0,1,1,0,0,2,0,4
2018,Odisha,MAYURBHANJ RTO - OR11( 08-NOV-2017 ),6,E-RICKSHAW(P),1,0,0,0,0,0,0,0,0,0,2,2,5
2018,Odisha,MAYURBHANJ RTO - OR11( 08-NOV-2017 ),7,EXCAVATOR (COMMERCIAL),0,1,1,1,1,0,0,2,1,0,0,0,7
2018,Odisha,MAYURBHANJ RTO - OR11( 08-NOV-2017 ),8,GOODS CARRIER,47,41,46,41,32,47,39,34,26,45,36,36,470
2018,Odisha,MAYURBHANJ RTO - OR11( 08-NOV-2017 ),9,MAXI CAB,11,10,7,5,7,8,5,7,5,10,5,13,93
2018,Odisha,MAYURBHANJ RTO - OR11( 08-NOV-2017 ),10,M-CYCLE/SCOOTER,"2,300","1,649","3,081","2,488","1,415","1,466","2,744","1,059","1,275","1,138","2,757","1,302","22,674"
2018,Odisha,MAYURBHANJ RTO - OR11( 08-NOV-2017 ),11,M-CYCLE/SCOOTER-WITH SIDE CAR,0,0,1,8,0,0,0,1,1,0,1,0,12
2018,Odisha,MAYURBHANJ RTO - OR11( 08-NOV-2017 ),12,MOPED,178,103,177,157,80,96,158,76,71,75,137,63,"1,371"
2018,Odisha,MAYURBHANJ RTO - OR11( 08-NOV-2017 ),13,MOTOR CAB,1,3,1,3,3,4,2,4,2,3,1,2,29
2018,Odisha,MAYURBHANJ RTO - OR11( 08-NOV-2017 ),14,MOTOR CAR,130,71,69,105,85,84,93,80,89,117,108,78,"1,109"
2018,Odisha,MAYURBHANJ RTO - OR11( 08-NOV-2017 ),15,MOTORISED CYCLE (CC > 25CC),2,0,1,0,2,2,0,1,1,0,0,0,9
2018,Odisha,MAYURBHANJ RTO - OR11( 08-NOV-2017 ),16,OMNI BUS,1,0,0,0,1,0,0,1,0,0,0,1,4
2018,Odisha,MAYURBHANJ RTO - OR11( 08-NOV-2017 ),17,OMNI BUS (PRIVATE USE),1,0,0,2,0,1,1,1,0,1,0,0,7
2018,Odisha,MAYURBHANJ RTO - OR11( 08-NOV-2017 ),18,PRIVATE SERVICE VEHICLE (INDIVIDUAL USE),4,5,0,0,0,0,0,0,0,0,0,0,9
2018,Odisha,MAYURBHANJ RTO - OR11( 08-NOV-2017 ),19,RECOVERY VEHICLE,0,0,0,0,0,0,0,0,0,0,0,1,1
2018,Odisha,MAYURBHANJ RTO - OR11( 08-NOV-2017 ),20,THREE WHEELER (GOODS),16,19,22,27,10,15,14,16,12,16,19,16,202
2018,Odisha,MAYURBHANJ RTO - OR11( 08-NOV-2017 ),21,THREE WHEELER (PASSENGER),43,33,35,33,33,40,34,52,28,44,45,30,450
2018,Odisha,MAYURBHANJ RTO - OR11( 08-NOV-2017 ),22,TRACTOR (COMMERCIAL),54,57,59,40,32,47,41,49,37,26,40,45,527
2018,Odisha,MAYURBHANJ RTO - OR11( 08-NOV-2017 ),23,TRACTOR-TROLLEY(COMMERCIAL),0,0,0,0,0,0,0,0,0,0,0,1,1
2018,Odisha,MAYURBHANJ RTO - OR11( 08-NOV-2017 ),24,TRAILER (COMMERCIAL),47,49,49,34,22,30,28,35,20,22,31,38,405
2018,Odisha,NAWARANGPUR RTO - OR24( 07-NOV-2017 ),1,AGRICULTURAL TRACTOR,0,0,0,0,0,1,0,0,0,0,0,0,1
2018,Odisha,NAWARANGPUR RTO - OR24( 07-NOV-2017 ),2,AMBULANCE,0,0,0,1,0,0,0,0,0,0,1,0,2
2018,Odisha,NAWARANGPUR RTO - OR24( 07-NOV-2017 ),3,BUS,0,0,0,0,0,0,1,1,0,1,0,0,3
2018,Odisha,NAWARANGPUR RTO - OR24( 07-NOV-2017 ),4,CONSTRUCTION EQUIPMENT VEHICLE,0,0,0,0,0,0,0,0,0,0,0,1,1
2018,Odisha,NAWARANGPUR RTO - OR24( 07-NOV-2017 ),5,DUMPER,0,0,0,0,0,0,1,0,0,0,0,0,1
2018,Odisha,NAWARANGPUR RTO - OR24( 07-NOV-2017 ),6,EDUCATIONAL INSTITUTION BUS,0,0,0,0,0,0,1,1,0,0,0,1,3
2018,Odisha,NAWARANGPUR RTO - OR24( 07-NOV-2017 ),7,EXCAVATOR (COMMERCIAL),0,0,1,3,2,0,0,1,0,0,0,0,7
2018,Odisha,NAWARANGPUR RTO - OR24( 07-NOV-2017 ),8,GOODS CARRIER,19,12,26,17,39,18,20,9,24,17,25,25,251
2018,Odisha,NAWARANGPUR RTO - OR24( 07-NOV-2017 ),9,LUXURY CAB,0,0,0,0,0,1,0,0,0,0,0,0,1
2018,Odisha,NAWARANGPUR RTO - OR24( 07-NOV-2017 ),10,MAXI CAB,2,0,2,0,0,1,1,0,1,3,1,0,11
2018,Odisha,NAWARANGPUR RTO - OR24( 07-NOV-2017 ),11,M-CYCLE/SCOOTER,581,331,592,233,"2,168",745,716,686,618,668,471,496,"8,305"
2018,Odisha,NAWARANGPUR RTO - OR24( 07-NOV-2017 ),12,M-CYCLE/SCOOTER-WITH SIDE CAR,1,0,0,0,0,0,0,0,0,0,0,0,1
2018,Odisha,NAWARANGPUR RTO - OR24( 07-NOV-2017 ),13,MOPED,79,51,91,4,145,33,38,50,63,38,31,26,649
2018,Odisha,NAWARANGPUR RTO - OR24( 07-NOV-2017 ),14,MOTOR CAB,3,2,1,0,1,0,0,0,1,0,0,0,8
2018,Odisha,NAWARANGPUR RTO - OR24( 07-NOV-2017 ),15,MOTOR CAR,18,37,27,20,33,30,26,16,17,31,27,27,309
2018,Odisha,NAWARANGPUR RTO - OR24( 07-NOV-2017 ),16,MOTORISED CYCLE (CC > 25CC),0,1,2,2,3,2,0,0,2,0,0,1,13
2018,Odisha,NAWARANGPUR RTO - OR24( 07-NOV-2017 ),17,OMNI BUS,0,0,0,0,0,0,0,0,0,0,0,1,1
2018,Odisha,NAWARANGPUR RTO - OR24( 07-NOV-2017 ),18,OMNI BUS (PRIVATE USE),2,1,0,0,0,2,0,1,1,0,0,1,8
2018,Odisha,NAWARANGPUR RTO - OR24( 07-NOV-2017 ),19,PRIVATE SERVICE VEHICLE,0,0,0,0,0,0,0,0,0,1,0,0,1
2018,Odisha,NAWARANGPUR RTO - OR24( 07-NOV-2017 ),20,THREE WHEELER (GOODS),1,4,2,1,3,2,17,2,9,3,3,9,56
2018,Odisha,NAWARANGPUR RTO - OR24( 07-NOV-2017 ),21,THREE WHEELER (PASSENGER),31,48,32,52,57,35,141,33,64,57,31,77,658
2018,Odisha,NAWARANGPUR RTO - OR24( 07-NOV-2017 ),22,THREE WHEELER (PERSONAL),0,0,1,0,3,0,0,0,0,1,0,0,5
2018,Odisha,NAWARANGPUR RTO - OR24( 07-NOV-2017 ),23,TRACTOR (COMMERCIAL),25,58,48,31,99,76,95,39,18,23,14,40,566
2018,Odisha,NAWARANGPUR RTO - OR24( 07-NOV-2017 ),24,TRACTOR-TROLLEY(COMMERCIAL),0,1,1,0,0,0,0,19,9,12,16,31,89
2018,Odisha,NAWARANGPUR RTO - OR24( 07-NOV-2017 ),25,TRAILER (COMMERCIAL),18,52,40,28,75,49,71,34,14,23,21,47,472
2018,Odisha,NAYAGARH RTO - OR25( 25-DEC-2017 ),1,AGRICULTURAL TRACTOR,6,7,4,2,1,8,12,11,6,0,4,7,68
2018,Odisha,NAYAGARH RTO - OR25( 25-DEC-2017 ),2,AMBULANCE,0,0,0,1,0,0,0,0,0,0,1,0,2
2018,Odisha,NAYAGARH RTO - OR25( 25-DEC-2017 ),3,BUS,1,0,1,0,0,1,1,0,1,0,2,2,9
2018,Odisha,NAYAGARH RTO - OR25( 25-DEC-2017 ),4,EDUCATIONAL INSTITUTION BUS,1,0,0,0,0,0,0,0,0,4,0,0,5
2018,Odisha,NAYAGARH RTO - OR25( 25-DEC-2017 ),5,EXCAVATOR (COMMERCIAL),1,0,1,1,0,1,0,0,3,1,2,2,12
2018,Odisha,NAYAGARH RTO - OR25( 25-DEC-2017 ),6,EXCAVATOR (NT),0,0,0,1,0,0,0,0,0,0,0,0,1
2018,Odisha,NAYAGARH RTO - OR25( 25-DEC-2017 ),7,GOODS CARRIER,19,45,39,28,26,24,26,23,16,22,23,17,308
2018,Odisha,NAYAGARH RTO - OR25( 25-DEC-2017 ),8,MAXI CAB,3,1,2,1,4,3,2,6,3,3,5,3,36
2018,Odisha,NAYAGARH RTO - OR25( 25-DEC-2017 ),9,M-CYCLE/SCOOTER,732,895,"1,050",870,"1,186",939,"1,154",907,759,790,"1,606",943,"11,831"
2018,Odisha,NAYAGARH RTO - OR25( 25-DEC-2017 ),10,MOPED,129,178,197,242,279,217,204,208,270,162,336,227,"2,649"
2018,Odisha,NAYAGARH RTO - OR25( 25-DEC-2017 ),11,MOTOR CAB,0,0,1,0,0,2,2,6,1,2,3,1,18
2018,Odisha,NAYAGARH RTO - OR25( 25-DEC-2017 ),12,MOTOR CAR,11,11,7,14,4,5,8,8,7,12,4,8,99
2018,Odisha,NAYAGARH RTO - OR25( 25-DEC-2017 ),13,MOTOR CYCLE/SCOOTER-USED FOR HIRE,0,0,1,1,0,2,0,0,0,0,0,0,4
2018,Odisha,NAYAGARH RTO - OR25( 25-DEC-2017 ),14,MOTORISED CYCLE (CC > 25CC),103,166,146,102,166,332,148,208,138,222,313,206,"2,250"
2018,Odisha,NAYAGARH RTO - OR25( 25-DEC-2017 ),15,OMNI BUS,1,1,0,1,2,0,1,0,0,0,0,0,6
2018,Odisha,NAYAGARH RTO - OR25( 25-DEC-2017 ),16,THREE WHEELER (GOODS),5,12,8,8,5,8,8,5,8,6,4,3,80
2018,Odisha,NAYAGARH RTO - OR25( 25-DEC-2017 ),17,THREE WHEELER (PASSENGER),16,33,30,27,26,23,23,32,13,23,26,27,299
2018,Odisha,NAYAGARH RTO - OR25( 25-DEC-2017 ),18,TRACTOR (COMMERCIAL),13,23,20,25,14,17,21,12,12,9,13,16,195
2018,Odisha,NAYAGARH RTO - OR25( 25-DEC-2017 ),19,TRAILER (COMMERCIAL),13,24,20,24,14,16,21,12,13,9,12,16,194
2018,Odisha,NUAPADA RTO - OR26( 06-NOV-2017 ),1,AGRICULTURAL TRACTOR,1,4,14,10,18,6,24,9,7,28,7,10,138
2018,Odisha,NUAPADA RTO - OR26( 06-NOV-2017 ),2,BUS,1,0,0,0,0,0,0,1,1,0,0,1,4
2018,Odisha,NUAPADA RTO - OR26( 06-NOV-2017 ),3,CONSTRUCTION EQUIPMENT VEHICLE,0,0,1,1,0,0,0,2,0,0,0,0,4
2018,Odisha,NUAPADA RTO - OR26( 06-NOV-2017 ),4,EARTH MOVING EQUIPMENT,0,0,0,0,0,0,0,0,0,0,0,2,2
2018,Odisha,NUAPADA RTO - OR26( 06-NOV-2017 ),5,EDUCATIONAL INSTITUTION BUS,3,1,0,3,0,2,1,1,0,1,0,1,13
2018,Odisha,NUAPADA RTO - OR26( 06-NOV-2017 ),6,EXCAVATOR (COMMERCIAL),0,0,1,0,0,0,0,0,1,0,0,0,2
2018,Odisha,NUAPADA RTO - OR26( 06-NOV-2017 ),7,GOODS CARRIER,8,9,22,20,28,12,11,12,4,7,25,20,178
2018,Odisha,NUAPADA RTO - OR26( 06-NOV-2017 ),8,MAXI CAB,0,1,1,0,0,0,0,1,0,2,0,1,6
2018,Odisha,NUAPADA RTO - OR26( 06-NOV-2017 ),9,M-CYCLE/SCOOTER,501,926,997,701,739,555,995,396,422,537,645,553,"7,967"
2018,Odisha,NUAPADA RTO - OR26( 06-NOV-2017 ),10,M-CYCLE/SCOOTER-WITH SIDE CAR,0,0,1,0,0,0,0,0,0,0,0,0,1
2018,Odisha,NUAPADA RTO - OR26( 06-NOV-2017 ),11,MOPED,114,115,73,82,53,65,87,53,25,97,58,60,882
2018,Odisha,NUAPADA RTO - OR26( 06-NOV-2017 ),12,MOTOR CAB,1,2,4,3,0,3,1,1,1,1,1,0,18
2018,Odisha,NUAPADA RTO - OR26( 06-NOV-2017 ),13,MOTOR CAR,12,23,28,34,31,23,25,18,16,28,31,30,299
2018,Odisha,NUAPADA RTO - OR26( 06-NOV-2017 ),14,OMNI BUS,0,0,0,1,0,1,0,0,0,0,0,1,3
2018,Odisha,NUAPADA RTO - OR26( 06-NOV-2017 ),15,OMNI BUS (PRIVATE USE),0,0,0,1,0,1,0,0,0,0,1,0,3
2018,Odisha,NUAPADA RTO - OR26( 06-NOV-2017 ),16,THREE WHEELER (GOODS),0,1,3,2,1,0,0,0,1,0,0,0,8
2018,Odisha,NUAPADA RTO - OR26( 06-NOV-2017 ),17,THREE WHEELER (PASSENGER),3,4,5,10,8,9,10,10,0,9,4,8,80
2018,Odisha,NUAPADA RTO - OR26( 06-NOV-2017 ),18,TRACTOR (COMMERCIAL),0,3,20,8,9,10,12,5,4,11,8,8,98
2018,Odisha,NUAPADA RTO - OR26( 06-NOV-2017 ),19,TRACTOR-TROLLEY(COMMERCIAL),0,0,0,0,1,0,0,0,0,0,0,0,1
2018,Odisha,NUAPADA RTO - OR26( 06-NOV-2017 ),20,TRAILER (COMMERCIAL),0,3,20,5,9,13,10,4,3,10,8,8,93
2018,Odisha,PHULBANI RTO - OR12( 23-OCT-2017 ),1,AGRICULTURAL TRACTOR,1,1,0,0,0,0,0,0,0,0,0,0,2
2018,Odisha,PHULBANI RTO - OR12( 23-OCT-2017 ),2,BUS,0,0,0,0,0,0,1,1,0,0,3,2,7
2018,Odisha,PHULBANI RTO - OR12( 23-OCT-2017 ),3,EDUCATIONAL INSTITUTION BUS,1,0,0,0,0,1,0,0,0,0,0,0,2
2018,Odisha,PHULBANI RTO - OR12( 23-OCT-2017 ),4,EXCAVATOR (COMMERCIAL),0,1,0,1,0,0,0,0,0,1,0,0,3
2018,Odisha,PHULBANI RTO - OR12( 23-OCT-2017 ),5,GOODS CARRIER,6,9,5,10,5,8,1,6,6,8,9,9,82
2018,Odisha,PHULBANI RTO - OR12( 23-OCT-2017 ),6,MAXI CAB,2,3,2,4,2,4,3,3,1,3,7,3,37
2018,Odisha,PHULBANI RTO - OR12( 23-OCT-2017 ),7,M-CYCLE/SCOOTER,325,389,284,575,615,474,619,254,722,418,727,556,"5,958"
2018,Odisha,PHULBANI RTO - OR12( 23-OCT-2017 ),8,M-CYCLE/SCOOTER-WITH SIDE CAR,1,0,0,0,0,1,1,0,0,0,1,3,7
2018,Odisha,PHULBANI RTO - OR12( 23-OCT-2017 ),9,MOPED,12,23,11,23,8,29,16,10,21,9,19,31,212
2018,Odisha,PHULBANI RTO - OR12( 23-OCT-2017 ),10,MOTOR CAB,0,0,1,0,0,3,0,2,1,1,2,1,11
2018,Odisha,PHULBANI RTO - OR12( 23-OCT-2017 ),11,MOTOR CAR,5,7,4,10,3,4,6,3,2,9,9,7,69
2018,Odisha,PHULBANI RTO - OR12( 23-OCT-2017 ),12,MOTORISED CYCLE (CC > 25CC),1,5,1,1,1,0,1,1,0,0,0,0,11
2018,Odisha,PHULBANI RTO - OR12( 23-OCT-2017 ),13,OMNI BUS (PRIVATE USE),0,0,1,0,0,0,0,0,0,0,0,0,1
2018,Odisha,PHULBANI RTO - OR12( 23-OCT-2017 ),14,THREE WHEELER (GOODS),7,3,2,4,4,5,6,1,3,7,5,5,52
2018,Odisha,PHULBANI RTO - OR12( 23-OCT-2017 ),15,THREE WHEELER (PASSENGER),66,24,22,60,28,46,49,12,42,57,39,26,471
2018,Odisha,PHULBANI RTO - OR12( 23-OCT-2017 ),16,TRACTOR (COMMERCIAL),18,5,11,11,16,13,13,14,14,24,13,18,170
2018,Odisha,PHULBANI RTO - OR12( 23-OCT-2017 ),17,TRAILER (COMMERCIAL),18,5,11,11,16,13,12,14,14,23,13,18,168
2018,Odisha,PURI RTO - OR13( 25-DEC-2017 ),1,AGRICULTURAL TRACTOR,8,10,3,24,10,13,17,14,10,18,21,15,163
2018,Odisha,PURI RTO - OR13( 25-DEC-2017 ),2,AMBULANCE,0,0,0,1,0,0,0,0,0,0,0,0,1
2018,Odisha,PURI RTO - OR13( 25-DEC-2017 ),3,BUS,1,2,1,1,0,0,1,1,4,1,1,2,15
2018,Odisha,PURI RTO - OR13( 25-DEC-2017 ),4,CONSTRUCTION EQUIPMENT VEHICLE,0,0,0,0,0,0,0,0,0,0,1,0,1
2018,Odisha,PURI RTO - OR13( 25-DEC-2017 ),5,CRANE MOUNTED VEHICLE,0,0,0,0,0,0,1,0,0,0,0,0,1
2018,Odisha,PURI RTO - OR13( 25-DEC-2017 ),6,EDUCATIONAL INSTITUTION BUS,0,0,0,2,0,0,0,0,0,0,0,1,3
2018,Odisha,PURI RTO - OR13( 25-DEC-2017 ),7,E-RICKSHAW(P),14,6,22,10,24,15,14,10,7,26,49,21,218
2018,Odisha,PURI RTO - OR13( 25-DEC-2017 ),8,E-RICKSHAW WITH CART (G),3,1,5,3,1,2,0,0,0,0,0,0,15
2018,Odisha,PURI RTO - OR13( 25-DEC-2017 ),9,EXCAVATOR (COMMERCIAL),0,0,0,1,0,0,0,0,0,0,0,0,1
2018,Odisha,PURI RTO - OR13( 25-DEC-2017 ),10,EXCAVATOR (NT),0,0,0,0,0,0,0,0,0,0,1,0,1
2018,Odisha,PURI RTO - OR13( 25-DEC-2017 ),11,GOODS CARRIER,19,17,30,42,24,24,24,26,26,43,49,28,352
2018,Odisha,PURI RTO - OR13( 25-DEC-2017 ),12,MAXI CAB,3,2,4,7,2,0,3,5,8,5,5,5,49
2018,Odisha,PURI RTO - OR13( 25-DEC-2017 ),13,M-CYCLE/SCOOTER,"1,119","1,402","1,549","1,843","2,085","1,782","1,692","1,562","1,500","1,452","2,475","2,004","20,465"
2018,Odisha,PURI RTO - OR13( 25-DEC-2017 ),14,MOPED,33,8,6,0,0,3,0,1,0,0,2,1,54
2018,Odisha,PURI RTO - OR13( 25-DEC-2017 ),15,MOTOR CAB,4,5,10,8,4,5,6,1,1,7,4,6,61
2018,Odisha,PURI RTO - OR13( 25-DEC-2017 ),16,MOTOR CAR,30,29,20,31,25,22,20,24,27,26,32,25,311
2018,Odisha,PURI RTO - OR13( 25-DEC-2017 ),17,MOTOR CYCLE/SCOOTER-USED FOR HIRE,0,1,0,0,0,0,0,0,0,0,0,0,1
2018,Odisha,PURI RTO - OR13( 25-DEC-2017 ),18,OMNI BUS,7,3,3,7,5,6,4,2,2,7,3,3,52
2018,Odisha,PURI RTO - OR13( 25-DEC-2017 ),19,PRIVATE SERVICE VEHICLE (INDIVIDUAL USE),1,0,0,0,1,0,0,0,0,0,0,0,2
2018,Odisha,PURI RTO - OR13( 25-DEC-2017 ),20,THREE WHEELER (GOODS),9,23,15,18,19,16,15,16,7,31,21,16,206
2018,Odisha,PURI RTO - OR13( 25-DEC-2017 ),21,THREE WHEELER (PASSENGER),34,36,23,24,31,23,44,43,40,36,69,37,440
2018,Odisha,PURI RTO - OR13( 25-DEC-2017 ),22,THREE WHEELER (PERSONAL),0,0,0,0,0,1,0,0,0,0,0,0,1
2018,Odisha,PURI RTO - OR13( 25-DEC-2017 ),23,TRACTOR (COMMERCIAL),13,7,3,14,10,14,12,9,11,7,6,5,111
2018,Odisha,PURI RTO - OR13( 25-DEC-2017 ),24,TRAILER (COMMERCIAL),13,7,2,14,10,15,10,6,11,5,5,5,103
2018,Odisha,RAIRANGPUR ARTO - OR111( 08-NOV-2017 ),1,ADAPTED VEHICLE,0,0,0,0,0,0,1,0,0,0,0,0,1
2018,Odisha,RAIRANGPUR ARTO - OR111( 08-NOV-2017 ),2,AGRICULTURAL TRACTOR,0,0,0,0,2,0,2,0,0,1,1,0,6
2018,Odisha,RAIRANGPUR ARTO - OR111( 08-NOV-2017 ),3,BUS,2,0,1,1,1,1,0,0,1,0,2,2,11
2018,Odisha,RAIRANGPUR ARTO - OR111( 08-NOV-2017 ),4,CONSTRUCTION EQUIPMENT VEHICLE,0,0,0,0,0,0,0,0,0,0,1,0,1
2018,Odisha,RAIRANGPUR ARTO - OR111( 08-NOV-2017 ),5,DUMPER,0,0,0,0,0,0,1,0,0,0,0,0,1
2018,Odisha,RAIRANGPUR ARTO - OR111( 08-NOV-2017 ),6,EDUCATIONAL INSTITUTION BUS,0,0,0,0,0,1,0,0,2,0,0,1,4
2018,Odisha,RAIRANGPUR ARTO - OR111( 08-NOV-2017 ),7,E-RICKSHAW(P),0,0,1,0,0,0,0,0,0,0,0,0,1
2018,Odisha,RAIRANGPUR ARTO - OR111( 08-NOV-2017 ),8,EXCAVATOR (COMMERCIAL),0,0,0,0,1,0,2,1,1,2,0,0,7
2018,Odisha,RAIRANGPUR ARTO - OR111( 08-NOV-2017 ),9,GOODS CARRIER,28,20,22,30,17,20,21,18,14,24,29,17,260
2018,Odisha,RAIRANGPUR ARTO - OR111( 08-NOV-2017 ),10,HARVESTER,0,0,1,0,0,0,0,0,0,0,0,0,1
2018,Odisha,RAIRANGPUR ARTO - OR111( 08-NOV-2017 ),11,MAXI CAB,14,9,5,6,5,4,7,5,4,4,9,11,83
2018,Odisha,RAIRANGPUR ARTO - OR111( 08-NOV-2017 ),12,M-CYCLE/SCOOTER,92,122,406,629,574,489,805,591,449,455,"1,066",526,"6,204"
2018,Odisha,RAIRANGPUR ARTO - OR111( 08-NOV-2017 ),13,M-CYCLE/SCOOTER-WITH SIDE CAR,0,0,1,0,0,0,0,0,2,0,0,1,4
2018,Odisha,RAIRANGPUR ARTO - OR111( 08-NOV-2017 ),14,MOPED,19,1,38,16,8,6,18,5,43,37,56,25,272
2018,Odisha,RAIRANGPUR ARTO - OR111( 08-NOV-2017 ),15,MOTOR CAB,7,4,11,2,6,12,6,4,3,8,2,3,68
2018,Odisha,RAIRANGPUR ARTO - OR111( 08-NOV-2017 ),16,MOTOR CAR,34,24,12,22,12,14,17,17,16,17,22,16,223
2018,Odisha,RAIRANGPUR ARTO - OR111( 08-NOV-2017 ),17,MOTORISED CYCLE (CC > 25CC),27,1,0,1,2,0,2,2,0,3,1,0,39
2018,Odisha,RAIRANGPUR ARTO - OR111( 08-NOV-2017 ),18,OMNI BUS,0,0,0,0,0,0,1,1,0,0,0,0,2
2018,Odisha,RAIRANGPUR ARTO - OR111( 08-NOV-2017 ),19,OMNI BUS (PRIVATE USE),2,2,0,0,0,0,0,1,1,0,0,0,6
2018,Odisha,RAIRANGPUR ARTO - OR111( 08-NOV-2017 ),20,THREE WHEELER (GOODS),15,14,13,13,12,20,7,11,14,8,24,15,166
2018,Odisha,RAIRANGPUR ARTO - OR111( 08-NOV-2017 ),21,THREE WHEELER (PASSENGER),18,17,18,27,17,23,19,17,21,11,25,17,230
2018,Odisha,RAIRANGPUR ARTO - OR111( 08-NOV-2017 ),22,TRACTOR (COMMERCIAL),28,33,32,23,41,31,29,24,17,21,34,26,339
2018,Odisha,RAIRANGPUR ARTO - OR111( 08-NOV-2017 ),23,TRAILER (COMMERCIAL),26,32,32,23,40,28,27,21,17,21,33,21,321
2018,Odisha,RAYGADA RTO - OR18( 25-DEC-2017 ),1,AGRICULTURAL TRACTOR,1,0,1,0,0,0,6,0,0,2,0,0,10
2018,Odisha,RAYGADA RTO - OR18( 25-DEC-2017 ),2,AMBULANCE,0,0,0,0,2,0,1,0,0,0,0,0,3
2018,Odisha,RAYGADA RTO - OR18( 25-DEC-2017 ),3,ARTICULATED VEHICLE,3,7,1,0,1,0,0,0,1,0,0,0,13
2018,Odisha,RAYGADA RTO - OR18( 25-DEC-2017 ),4,BUS,0,0,1,0,0,0,1,2,1,3,1,0,9
2018,Odisha,RAYGADA RTO - OR18( 25-DEC-2017 ),5,CAMPER VAN / TRAILER (PRIVATE USE),1,2,0,1,0,2,0,0,0,0,0,0,6
2018,Odisha,RAYGADA RTO - OR18( 25-DEC-2017 ),6,CONSTRUCTION EQUIPMENT VEHICLE,0,0,0,0,1,0,2,1,1,4,3,10,22
2018,Odisha,RAYGADA RTO - OR18( 25-DEC-2017 ),7,CRANE MOUNTED VEHICLE,0,0,0,0,0,0,0,0,3,3,0,0,6
2018,Odisha,RAYGADA RTO - OR18( 25-DEC-2017 ),8,EARTH MOVING EQUIPMENT,0,0,0,0,0,0,0,0,1,0,0,1,2
2018,Odisha,RAYGADA RTO - OR18( 25-DEC-2017 ),9,EDUCATIONAL INSTITUTION BUS,0,1,1,0,0,0,2,3,2,1,2,2,14
2018,Odisha,RAYGADA RTO - OR18( 25-DEC-2017 ),10,EXCAVATOR (COMMERCIAL),1,2,2,2,2,1,3,0,1,0,0,0,14
2018,Odisha,RAYGADA RTO - OR18( 25-DEC-2017 ),11,EXCAVATOR (NT),0,0,2,3,3,2,0,0,1,0,1,0,12
2018,Odisha,RAYGADA RTO - OR18( 25-DEC-2017 ),12,GOODS CARRIER,11,46,25,25,41,45,81,43,37,18,24,27,423
2018,Odisha,RAYGADA RTO - OR18( 25-DEC-2017 ),13,LUXURY CAB,0,0,0,0,1,0,0,0,0,0,1,0,2
2018,Odisha,RAYGADA RTO - OR18( 25-DEC-2017 ),14,MAXI CAB,4,5,5,10,7,9,11,4,3,4,11,9,82
2018,Odisha,RAYGADA RTO - OR18( 25-DEC-2017 ),15,M-CYCLE/SCOOTER,368,523,760,"1,308","1,796","1,009","1,042",628,783,615,"1,199",417,"10,448"
2018,Odisha,RAYGADA RTO - OR18( 25-DEC-2017 ),16,MOBILE CANTEEN,0,0,0,0,1,0,0,0,0,0,0,0,1
2018,Odisha,RAYGADA RTO - OR18( 25-DEC-2017 ),17,MOPED,22,90,77,181,90,167,118,85,79,55,150,69,"1,183"
2018,Odisha,RAYGADA RTO - OR18( 25-DEC-2017 ),18,MOTOR CAB,1,3,5,6,4,6,5,3,5,6,5,6,55
2018,Odisha,RAYGADA RTO - OR18( 25-DEC-2017 ),19,MOTOR CAR,17,28,21,37,31,30,27,27,25,25,41,28,337
2018,Odisha,RAYGADA RTO - OR18( 25-DEC-2017 ),20,MOTORISED CYCLE (CC > 25CC),1,1,2,0,3,2,5,1,2,4,4,1,26
2018,Odisha,RAYGADA RTO - OR18( 25-DEC-2017 ),21,OMNI BUS,2,1,1,0,0,2,0,1,3,0,4,6,20
2018,Odisha,RAYGADA RTO - OR18( 25-DEC-2017 ),22,OMNI BUS (PRIVATE USE),0,0,0,1,0,1,0,0,0,0,2,1,5
2018,Odisha,RAYGADA RTO - OR18( 25-DEC-2017 ),23,PRIVATE SERVICE VEHICLE,0,0,0,0,0,1,0,0,0,0,0,0,1
2018,Odisha,RAYGADA RTO - OR18( 25-DEC-2017 ),24,RECOVERY VEHICLE,0,0,0,0,0,0,0,0,0,0,0,1,1
2018,Odisha,RAYGADA RTO - OR18( 25-DEC-2017 ),25,THREE WHEELER (GOODS),1,1,1,4,1,3,5,5,2,8,4,1,36
2018,Odisha,ROURKELA RTO - OR14( 25-DEC-2017 ),1,ADAPTED VEHICLE,0,1,0,0,0,0,0,0,0,0,0,0,1
2018,Odisha,ROURKELA RTO - OR14( 25-DEC-2017 ),2,AMBULANCE,0,2,0,2,0,0,0,0,0,0,0,0,4
2018,Odisha,ROURKELA RTO - OR14( 25-DEC-2017 ),3,ARTICULATED VEHICLE,0,0,0,1,0,0,0,0,0,0,0,1,2
2018,Odisha,ROURKELA RTO - OR14( 25-DEC-2017 ),4,BUS,2,1,2,5,3,0,2,3,2,1,4,2,27
2018,Odisha,ROURKELA RTO - OR14( 25-DEC-2017 ),5,CAMPER VAN / TRAILER (PRIVATE USE),1,0,1,0,0,0,0,0,0,0,0,0,2
2018,Odisha,ROURKELA RTO - OR14( 25-DEC-2017 ),6,CONSTRUCTION EQUIPMENT VEHICLE,0,2,1,0,0,2,0,4,5,4,4,4,26
2018,Odisha,ROURKELA RTO - OR14( 25-DEC-2017 ),7,CRANE MOUNTED VEHICLE,0,0,2,0,0,0,0,0,0,0,0,1,3
2018,Odisha,ROURKELA RTO - OR14( 25-DEC-2017 ),8,EARTH MOVING EQUIPMENT,0,0,0,0,0,1,0,0,1,0,2,1,5
2018,Odisha,ROURKELA RTO - OR14( 25-DEC-2017 ),9,EDUCATIONAL INSTITUTION BUS,0,0,2,2,1,0,0,0,1,0,2,1,9
2018,Odisha,ROURKELA RTO - OR14( 25-DEC-2017 ),10,E-RICKSHAW(P),0,20,0,0,1,0,0,0,0,0,0,0,21
2018,Odisha,ROURKELA RTO - OR14( 25-DEC-2017 ),11,EXCAVATOR (COMMERCIAL),0,2,5,1,5,1,0,2,1,1,1,0,19
2018,Odisha,ROURKELA RTO - OR14( 25-DEC-2017 ),12,GOODS CARRIER,120,149,217,160,178,149,126,146,125,152,174,145,"1,841"
2018,Odisha,ROURKELA RTO - OR14( 25-DEC-2017 ),13,MAXI CAB,5,9,5,7,2,2,5,2,5,3,6,5,56
2018,Odisha,ROURKELA RTO - OR14( 25-DEC-2017 ),14,M-CYCLE/SCOOTER,"1,800","2,640","2,063","1,998","2,289","1,912","1,752","1,945","1,834","2,006","2,827","2,538","25,604"
2018,Odisha,ROURKELA RTO - OR14( 25-DEC-2017 ),15,M-CYCLE/SCOOTER-WITH SIDE CAR,0,0,0,0,0,0,0,0,0,0,0,3,3
2018,Odisha,ROURKELA RTO - OR14( 25-DEC-2017 ),16,MOPED,0,3,0,2,0,2,0,0,3,2,0,0,12
2018,Odisha,ROURKELA RTO - OR14( 25-DEC-2017 ),17,MOTOR CAB,6,12,19,23,9,21,12,10,13,15,24,10,174
2018,Odisha,ROURKELA RTO - OR14( 25-DEC-2017 ),18,MOTOR CAR,175,305,329,292,258,196,188,262,206,256,336,312,"3,115"
2018,Odisha,ROURKELA RTO - OR14( 25-DEC-2017 ),19,MOTORISED CYCLE (CC > 25CC),0,0,0,0,0,0,0,1,0,1,1,0,3
2018,Odisha,ROURKELA RTO - OR14( 25-DEC-2017 ),20,OMNI BUS,0,1,0,0,0,0,1,1,1,0,2,1,7
2018,Odisha,ROURKELA RTO - OR14( 25-DEC-2017 ),21,OMNI BUS (PRIVATE USE),0,0,0,1,6,0,0,0,2,0,2,0,11
2018,Odisha,ROURKELA RTO - OR14( 25-DEC-2017 ),22,PRIVATE SERVICE VEHICLE (INDIVIDUAL USE),0,3,0,0,0,0,0,0,0,0,0,0,3
2018,Odisha,ROURKELA RTO - OR14( 25-DEC-2017 ),23,RECOVERY VEHICLE,0,0,0,0,0,0,0,0,0,0,0,1,1
2018,Odisha,ROURKELA RTO - OR14( 25-DEC-2017 ),24,THREE WHEELER (GOODS),9,17,30,30,19,15,22,19,17,22,16,24,240
2018,Odisha,ROURKELA RTO - OR14( 25-DEC-2017 ),25,THREE WHEELER (PASSENGER),30,54,103,81,75,58,50,76,49,66,70,54,766
2018,Odisha,SAMBALPUR RTO - OR15( 04-DEC-2017 ),1,AGRICULTURAL TRACTOR,1,0,0,0,0,1,2,6,1,0,5,1,17
2018,Odisha,SAMBALPUR RTO - OR15( 04-DEC-2017 ),2,AMBULANCE,0,1,2,1,0,1,3,1,2,0,1,0,12
2018,Odisha,SAMBALPUR RTO - OR15( 04-DEC-2017 ),3,ARTICULATED VEHICLE,0,0,5,0,0,0,0,0,0,0,0,0,5
2018,Odisha,SAMBALPUR RTO - OR15( 04-DEC-2017 ),4,BUS,5,5,4,3,0,0,4,2,3,1,5,0,32
2018,Odisha,SAMBALPUR RTO - OR15( 04-DEC-2017 ),5,CAMPER VAN / TRAILER (PRIVATE USE),1,0,0,0,0,0,0,0,0,0,0,0,1
2018,Odisha,SAMBALPUR RTO - OR15( 04-DEC-2017 ),6,CONSTRUCTION EQUIPMENT VEHICLE,2,0,2,1,2,4,4,1,2,6,2,0,26
2018,Odisha,SAMBALPUR RTO - OR15( 04-DEC-2017 ),7,CRANE MOUNTED VEHICLE,0,0,0,0,0,0,0,0,1,0,0,0,1
2018,Odisha,SAMBALPUR RTO - OR15( 04-DEC-2017 ),8,DUMPER,0,0,0,0,3,0,0,0,0,0,0,0,3
2018,Odisha,SAMBALPUR RTO - OR15( 04-DEC-2017 ),9,EARTH MOVING EQUIPMENT,0,0,0,0,0,0,0,3,0,0,1,0,4
2018,Odisha,SAMBALPUR RTO - OR15( 04-DEC-2017 ),10,EDUCATIONAL INSTITUTION BUS,0,3,3,4,5,1,5,4,1,0,0,0,26
2018,Odisha,SAMBALPUR RTO - OR15( 04-DEC-2017 ),11,E-RICKSHAW WITH CART (G),0,0,0,0,0,0,1,0,0,0,0,0,1
2018,Odisha,SAMBALPUR RTO - OR15( 04-DEC-2017 ),12,EXCAVATOR (COMMERCIAL),0,2,0,2,0,0,0,0,1,0,0,0,5
2018,Odisha,SAMBALPUR RTO - OR15( 04-DEC-2017 ),13,FORK LIFT,0,0,0,0,0,0,0,0,0,1,0,0,1
2018,Odisha,SAMBALPUR RTO - OR15( 04-DEC-2017 ),14,GOODS CARRIER,104,85,136,142,124,87,112,83,63,47,59,4,"1,046"
2018,Odisha,SAMBALPUR RTO - OR15( 04-DEC-2017 ),15,MAXI CAB,12,5,13,6,8,5,8,2,5,0,2,2,68
2018,Odisha,SAMBALPUR RTO - OR15( 04-DEC-2017 ),16,M-CYCLE/SCOOTER,959,"1,797","1,689","1,950","1,992","1,269","1,660","1,615","1,216",929,"1,999",67,"17,142"
2018,Odisha,SAMBALPUR RTO - OR15( 04-DEC-2017 ),17,M-CYCLE/SCOOTER-WITH SIDE CAR,0,3,0,0,1,0,0,0,1,0,3,0,8
2018,Odisha,SAMBALPUR RTO - OR15( 04-DEC-2017 ),18,MOPED,409,362,159,154,99,104,126,124,91,56,106,1,"1,791"
2018,Odisha,SAMBALPUR RTO - OR15( 04-DEC-2017 ),19,MOTOR CAB,2,1,7,2,6,7,7,14,9,4,11,0,70
2018,Odisha,SAMBALPUR RTO - OR15( 04-DEC-2017 ),20,MOTOR CAR,255,168,205,226,199,136,179,197,126,109,247,14,"2,061"
2018,Odisha,SAMBALPUR RTO - OR15( 04-DEC-2017 ),21,MOTORISED CYCLE (CC > 25CC),0,1,1,1,0,0,0,0,0,0,0,1,4
2018,Odisha,SAMBALPUR RTO - OR15( 04-DEC-2017 ),22,OMNI BUS,0,0,3,1,1,3,1,0,0,0,0,0,9
2018,Odisha,SAMBALPUR RTO - OR15( 04-DEC-2017 ),23,OMNI BUS (PRIVATE USE),2,0,0,0,0,0,0,0,1,0,0,0,3
2018,Odisha,SAMBALPUR RTO - OR15( 04-DEC-2017 ),24,PRIVATE SERVICE VEHICLE,0,0,0,0,1,0,0,0,0,0,0,0,1
2018,Odisha,SAMBALPUR RTO - OR15( 04-DEC-2017 ),25,PRIVATE SERVICE VEHICLE (INDIVIDUAL USE),4,1,0,0,0,0,0,0,0,0,0,0,5
2018,Odisha,SONEPUR RTO - OR31( 08-NOV-2017 ),1,AGRICULTURAL TRACTOR,0,1,0,2,2,0,1,3,16,12,0,7,44
2018,Odisha,SONEPUR RTO - OR31( 08-NOV-2017 ),2,BUS,0,1,2,0,0,0,0,0,0,1,1,0,5
2018,Odisha,SONEPUR RTO - OR31( 08-NOV-2017 ),3,CONSTRUCTION EQUIPMENT VEHICLE,0,0,0,0,0,0,1,0,0,0,0,0,1
2018,Odisha,SONEPUR RTO - OR31( 08-NOV-2017 ),4,EDUCATIONAL INSTITUTION BUS,0,0,0,1,1,1,0,0,1,1,1,0,6
2018,Odisha,SONEPUR RTO - OR31( 08-NOV-2017 ),5,EXCAVATOR (COMMERCIAL),4,4,2,2,0,0,1,0,0,2,1,0,16
2018,Odisha,SONEPUR RTO - OR31( 08-NOV-2017 ),6,GOODS CARRIER,6,12,25,20,18,16,7,18,13,11,10,23,179
2018,Odisha,SONEPUR RTO - OR31( 08-NOV-2017 ),7,HARVESTER,0,2,3,0,2,0,1,0,0,1,0,0,9
2018,Odisha,SONEPUR RTO - OR31( 08-NOV-2017 ),8,MAXI CAB,5,0,4,0,1,3,1,1,3,1,1,2,22
2018,Odisha,SONEPUR RTO - OR31( 08-NOV-2017 ),9,M-CYCLE/SCOOTER,529,"1,455","1,700","2,698","1,373",861,872,779,684,858,511,"1,042","13,362"
2018,Odisha,SONEPUR RTO - OR31( 08-NOV-2017 ),10,MOPED,34,27,73,16,6,11,3,10,0,0,1,2,183
2018,Odisha,SONEPUR RTO - OR31( 08-NOV-2017 ),11,MOTOR CAB,1,0,1,1,4,1,0,0,3,2,3,4,20
2018,Odisha,SONEPUR RTO - OR31( 08-NOV-2017 ),12,MOTOR CAR,20,18,23,28,19,24,24,20,7,24,20,28,255
2018,Odisha,SONEPUR RTO - OR31( 08-NOV-2017 ),13,OMNI BUS,0,1,0,0,0,1,0,0,0,1,0,1,4
2018,Odisha,SONEPUR RTO - OR31( 08-NOV-2017 ),14,PRIVATE SERVICE VEHICLE,0,0,1,0,0,0,0,0,0,0,0,0,1
2018,Odisha,SONEPUR RTO - OR31( 08-NOV-2017 ),15,PRIVATE SERVICE VEHICLE (INDIVIDUAL USE),0,1,2,0,0,0,0,0,0,0,0,0,3
2018,Odisha,SONEPUR RTO - OR31( 08-NOV-2017 ),16,THREE WHEELER (GOODS),0,1,0,0,0,2,2,2,0,0,3,0,10
2018,Odisha,SONEPUR RTO - OR31( 08-NOV-2017 ),17,THREE WHEELER (PASSENGER),3,9,18,5,11,7,2,7,3,8,15,2,90
2018,Odisha,SONEPUR RTO - OR31( 08-NOV-2017 ),18,TRACTOR (COMMERCIAL),38,35,53,68,41,39,52,50,46,47,31,44,544
2018,Odisha,SONEPUR RTO - OR31( 08-NOV-2017 ),19,TRACTOR-TROLLEY(COMMERCIAL),5,2,4,5,1,0,1,1,0,0,0,2,21
2018,Odisha,SONEPUR RTO - OR31( 08-NOV-2017 ),20,TRAILER (COMMERCIAL),26,20,29,34,26,17,26,19,14,23,14,23,271
2018,Odisha,SUNDERGARH RTO - OR16( 08-NOV-2017 ),1,AMBULANCE,5,0,1,0,0,0,0,1,1,0,0,0,8
2018,Odisha,SUNDERGARH RTO - OR16( 08-NOV-2017 ),2,ARTICULATED VEHICLE,2,2,1,0,2,0,0,1,0,1,0,0,9
2018,Odisha,SUNDERGARH RTO - OR16( 08-NOV-2017 ),3,BUS,3,1,3,1,2,0,1,2,3,1,1,0,18
2018,Odisha,SUNDERGARH RTO - OR16( 08-NOV-2017 ),4,CONSTRUCTION EQUIPMENT VEHICLE,0,0,0,0,0,0,0,0,1,0,0,0,1
2018,Odisha,SUNDERGARH RTO - OR16( 08-NOV-2017 ),5,EDUCATIONAL INSTITUTION BUS,0,0,0,1,1,0,0,2,0,0,0,0,4
2018,Odisha,SUNDERGARH RTO - OR16( 08-NOV-2017 ),6,EXCAVATOR (COMMERCIAL),0,1,5,0,0,1,2,0,0,0,0,0,9
2018,Odisha,SUNDERGARH RTO - OR16( 08-NOV-2017 ),7,EXCAVATOR (NT),0,0,1,0,0,0,0,0,0,0,0,0,1
2018,Odisha,SUNDERGARH RTO - OR16( 08-NOV-2017 ),8,GOODS CARRIER,166,136,108,206,127,107,91,142,126,166,93,170,"1,638"
2018,Odisha,SUNDERGARH RTO - OR16( 08-NOV-2017 ),9,MAXI CAB,3,1,3,2,3,4,3,1,3,1,2,6,32
2018,Odisha,SUNDERGARH RTO - OR16( 08-NOV-2017 ),10,M-CYCLE/SCOOTER,556,581,869,529,817,"1,030",647,693,563,566,416,"1,138","8,405"
2018,Odisha,SUNDERGARH RTO - OR16( 08-NOV-2017 ),11,M-CYCLE/SCOOTER-WITH SIDE CAR,0,0,0,0,0,0,0,2,0,0,0,1,3
2018,Odisha,SUNDERGARH RTO - OR16( 08-NOV-2017 ),12,MOPED,16,44,72,46,43,22,35,28,18,38,14,55,431
2018,Odisha,SUNDERGARH RTO - OR16( 08-NOV-2017 ),13,MOTOR CAB,1,5,9,9,9,7,3,5,4,3,5,11,71
2018,Odisha,SUNDERGARH RTO - OR16( 08-NOV-2017 ),14,MOTOR CAR,34,96,100,56,77,51,48,53,46,40,40,113,754
2018,Odisha,SUNDERGARH RTO - OR16( 08-NOV-2017 ),15,OMNI BUS,0,0,0,0,0,0,0,1,0,0,0,0,1
2018,Odisha,SUNDERGARH RTO - OR16( 08-NOV-2017 ),16,PRIVATE SERVICE VEHICLE,1,0,0,0,0,0,0,0,0,0,0,0,1
2018,Odisha,SUNDERGARH RTO - OR16( 08-NOV-2017 ),17,THREE WHEELER (GOODS),2,2,2,1,2,0,2,1,2,1,0,4,19
2018,Odisha,SUNDERGARH RTO - OR16( 08-NOV-2017 ),18,THREE WHEELER (PASSENGER),18,8,14,11,14,11,16,30,17,11,8,23,181
2018,Odisha,SUNDERGARH RTO - OR16( 08-NOV-2017 ),19,TRACTOR (COMMERCIAL),44,18,28,51,34,38,52,55,44,17,42,37,460
2018,Odisha,SUNDERGARH RTO - OR16( 08-NOV-2017 ),20,TRACTOR-TROLLEY(COMMERCIAL),0,0,0,1,0,0,0,0,0,0,0,0,1
2018,Odisha,SUNDERGARH RTO - OR16( 08-NOV-2017 ),21,TRAILER (COMMERCIAL),35,13,12,38,23,24,26,26,18,10,27,20,272
2018,Odisha,TALCHER RTO - OR35( 25-DEC-2017 ),1,AGRICULTURAL TRACTOR,0,0,0,1,1,0,0,1,1,0,0,0,4
2018,Odisha,TALCHER RTO - OR35( 25-DEC-2017 ),2,ARTICULATED VEHICLE,0,0,0,0,0,0,0,0,0,0,0,1,1
2018,Odisha,TALCHER RTO - OR35( 25-DEC-2017 ),3,BUS,3,1,0,0,0,0,0,1,1,0,0,0,6
2018,Odisha,TALCHER RTO - OR35( 25-DEC-2017 ),4,CONSTRUCTION EQUIPMENT VEHICLE,0,4,9,2,7,5,7,0,3,10,9,8,64
2018,Odisha,TALCHER RTO - OR35( 25-DEC-2017 ),5,CRANE MOUNTED VEHICLE,0,0,0,0,0,0,1,0,0,0,0,1,2
2018,Odisha,TALCHER RTO - OR35( 25-DEC-2017 ),6,DUMPER,0,0,0,0,0,0,0,0,6,1,0,0,7
2018,Odisha,TALCHER RTO - OR35( 25-DEC-2017 ),7,EARTH MOVING EQUIPMENT,0,0,0,0,0,1,0,0,0,0,0,0,1
2018,Odisha,TALCHER RTO - OR35( 25-DEC-2017 ),8,EXCAVATOR (COMMERCIAL),0,2,5,0,0,0,0,0,0,0,0,0,7
2018,Odisha,TALCHER RTO - OR35( 25-DEC-2017 ),9,EXCAVATOR (NT),0,0,0,0,0,0,1,0,0,0,0,0,1
2018,Odisha,TALCHER RTO - OR35( 25-DEC-2017 ),10,GOODS CARRIER,119,99,104,117,92,165,116,144,122,172,175,183,"1,608"
2018,Odisha,TALCHER RTO - OR35( 25-DEC-2017 ),11,MAXI CAB,4,9,6,9,4,4,6,8,4,3,5,2,64
2018,Odisha,TALCHER RTO - OR35( 25-DEC-2017 ),12,M-CYCLE/SCOOTER,389,783,746,886,864,737,704,646,527,"1,221",865,555,"8,923"
2018,Odisha,TALCHER RTO - OR35( 25-DEC-2017 ),13,MOPED,13,5,22,6,31,4,9,15,16,1,8,24,154
2018,Odisha,TALCHER RTO - OR35( 25-DEC-2017 ),14,MOTOR CAB,0,1,1,2,0,2,1,3,4,10,4,9,37
2018,Odisha,TALCHER RTO - OR35( 25-DEC-2017 ),15,MOTOR CAR,8,12,11,16,21,16,24,21,18,26,22,21,216
2018,Odisha,TALCHER RTO - OR35( 25-DEC-2017 ),16,MOTORISED CYCLE (CC > 25CC),0,0,0,1,0,0,0,0,0,0,0,0,1
2018,Odisha,TALCHER RTO - OR35( 25-DEC-2017 ),17,OMNI BUS,0,1,0,1,0,0,2,0,0,0,1,0,5
2018,Odisha,TALCHER RTO - OR35( 25-DEC-2017 ),18,PRIVATE SERVICE VEHICLE (INDIVIDUAL USE),0,1,1,0,0,0,0,0,0,0,0,0,2
2018,Odisha,TALCHER RTO - OR35( 25-DEC-2017 ),19,ROAD ROLLER,0,0,0,0,0,0,0,0,0,0,1,0,1
2018,Odisha,TALCHER RTO - OR35( 25-DEC-2017 ),20,THREE WHEELER (GOODS),0,2,2,1,4,3,5,2,1,1,3,0,24
2018,Odisha,TALCHER RTO - OR35( 25-DEC-2017 ),21,THREE WHEELER (PASSENGER),0,2,6,2,5,5,6,4,2,5,8,8,53
2018,Odisha,TALCHER RTO - OR35( 25-DEC-2017 ),22,TRACTOR (COMMERCIAL),1,1,2,2,0,5,3,1,0,2,6,5,28
2018,Odisha,TALCHER RTO - OR35( 25-DEC-2017 ),23,TRACTOR-TROLLEY(COMMERCIAL),0,0,0,0,1,1,0,0,0,0,0,0,2
2018,Odisha,TALCHER RTO - OR35( 25-DEC-2017 ),24,TRAILER (COMMERCIAL),1,1,2,1,1,2,2,1,0,2,6,3,22
2017,Odisha,ANGUL RTO - OR19( 25-DEC-2017 ),1,AGRICULTURAL TRACTOR,0,1,0,1,1,0,0,0,0,0,0,0,3
2017,Odisha,ANGUL RTO - OR19( 25-DEC-2017 ),2,AMBULANCE,0,0,1,0,2,0,0,0,0,0,0,1,4
2017,Odisha,ANGUL RTO - OR19( 25-DEC-2017 ),3,BUS,2,0,5,4,0,0,2,1,1,4,3,0,22
2017,Odisha,ANGUL RTO - OR19( 25-DEC-2017 ),4,CONSTRUCTION EQUIPMENT VEHICLE,6,1,3,3,3,7,8,2,1,3,5,5,47
2017,Odisha,ANGUL RTO - OR19( 25-DEC-2017 ),5,DUMPER,0,0,0,0,0,0,0,0,0,0,1,0,1
2017,Odisha,ANGUL RTO - OR19( 25-DEC-2017 ),6,EDUCATIONAL INSTITUTION BUS,1,0,0,0,0,0,2,0,1,3,4,2,13
2017,Odisha,ANGUL RTO - OR19( 25-DEC-2017 ),7,GOODS CARRIER,66,65,80,76,53,58,66,62,47,106,53,84,816
2017,Odisha,ANGUL RTO - OR19( 25-DEC-2017 ),8,MAXI CAB,10,8,9,9,29,13,15,7,12,21,16,6,155
2017,Odisha,ANGUL RTO - OR19( 25-DEC-2017 ),9,M-CYCLE/SCOOTER,"1,219","1,148","1,379","1,289","1,709","1,589","1,442","1,199","1,051","2,612","2,143","1,150","17,930"
2017,Odisha,ANGUL RTO - OR19( 25-DEC-2017 ),10,M-CYCLE/SCOOTER-WITH SIDE CAR,0,0,0,2,0,0,0,0,0,2,2,0,6
2017,Odisha,ANGUL RTO - OR19( 25-DEC-2017 ),11,MOPED,83,67,64,74,97,52,72,87,62,224,113,68,"1,063"
2017,Odisha,ANGUL RTO - OR19( 25-DEC-2017 ),12,MOTOR CAB,5,2,0,3,3,4,1,5,5,1,5,1,35
2017,Odisha,ANGUL RTO - OR19( 25-DEC-2017 ),13,MOTOR CAR,109,136,97,75,116,110,119,79,121,189,89,117,"1,357"
2017,Odisha,ANGUL RTO - OR19( 25-DEC-2017 ),14,OMNI BUS,0,2,1,3,1,3,0,3,0,0,1,2,16
2017,Odisha,ANGUL RTO - OR19( 25-DEC-2017 ),15,OMNI BUS (PRIVATE USE),0,1,4,0,2,1,5,2,3,1,2,1,22
2017,Odisha,ANGUL RTO - OR19( 25-DEC-2017 ),16,PRIVATE SERVICE VEHICLE,0,0,0,0,0,2,0,0,0,0,0,0,2
2017,Odisha,ANGUL RTO - OR19( 25-DEC-2017 ),17,PRIVATE SERVICE VEHICLE (INDIVIDUAL USE),0,0,1,0,0,0,0,0,1,0,0,0,2
2017,Odisha,ANGUL RTO - OR19( 25-DEC-2017 ),18,THREE WHEELER (GOODS),27,13,22,32,15,20,18,17,22,27,28,24,265
2017,Odisha,ANGUL RTO - OR19( 25-DEC-2017 ),19,THREE WHEELER (PASSENGER),32,16,31,41,75,22,32,31,53,69,54,61,517
2017,Odisha,ANGUL RTO - OR19( 25-DEC-2017 ),20,TRACTOR (COMMERCIAL),43,18,28,15,39,18,81,56,22,23,79,33,455
2017,Odisha,ANGUL RTO - OR19( 25-DEC-2017 ),21,TRAILER (COMMERCIAL),34,13,25,12,29,12,54,39,13,17,61,29,338
2017,Odisha,ARTO BARBIL - OR901( 04-DEC-2017 ),1,AGRICULTURAL TRACTOR,0,0,0,0,0,0,0,0,0,1,0,0,1
2017,Odisha,ARTO BARBIL - OR901( 04-DEC-2017 ),2,AMBULANCE,1,0,1,1,0,0,0,0,1,0,3,0,7
2017,Odisha,ARTO BARBIL - OR901( 04-DEC-2017 ),3,ARTICULATED VEHICLE,0,0,2,0,0,0,0,0,0,0,0,0,2
2017,Odisha,ARTO BARBIL - OR901( 04-DEC-2017 ),4,BUS,1,0,0,0,0,0,0,0,0,1,0,1,3
2017,Odisha,ARTO BARBIL - OR901( 04-DEC-2017 ),5,CAMPER VAN / TRAILER (PRIVATE USE),0,0,0,0,0,0,0,1,0,0,0,0,1
2017,Odisha,ARTO BARBIL - OR901( 04-DEC-2017 ),6,CONSTRUCTION EQUIPMENT VEHICLE,0,0,0,6,0,0,0,0,0,0,0,0,6
2017,Odisha,ARTO BARBIL - OR901( 04-DEC-2017 ),7,CRANE MOUNTED VEHICLE,0,0,0,0,0,0,1,0,0,0,0,0,1
2017,Odisha,ARTO BARBIL - OR901( 04-DEC-2017 ),8,EDUCATIONAL INSTITUTION BUS,0,0,0,0,0,1,0,0,0,0,0,0,1
2017,Odisha,ARTO BARBIL - OR901( 04-DEC-2017 ),9,EXCAVATOR (COMMERCIAL),0,0,0,0,0,0,0,0,0,0,0,1,1
2017,Odisha,ARTO BARBIL - OR901( 04-DEC-2017 ),10,EXCAVATOR (NT),0,0,0,0,0,0,0,0,0,0,0,1,1
2017,Odisha,ARTO BARBIL - OR901( 04-DEC-2017 ),11,FORK LIFT,0,0,1,0,0,0,0,0,0,0,0,0,1
2017,Odisha,ARTO BARBIL - OR901( 04-DEC-2017 ),12,GOODS CARRIER,50,96,155,95,84,63,62,96,93,117,145,67,"1,123"
2017,Odisha,ARTO BARBIL - OR901( 04-DEC-2017 ),13,MAXI CAB,0,1,1,0,5,2,2,1,1,5,0,0,18
2017,Odisha,ARTO BARBIL - OR901( 04-DEC-2017 ),14,M-CYCLE/SCOOTER,249,268,352,410,367,275,287,396,245,821,658,3,"4,331"
2017,Odisha,ARTO BARBIL - OR901( 04-DEC-2017 ),15,M-CYCLE/SCOOTER-WITH SIDE CAR,0,0,0,0,0,0,0,0,0,0,1,0,1
2017,Odisha,ARTO BARBIL - OR901( 04-DEC-2017 ),16,MOBILE WORKSHOP,0,0,1,0,0,0,0,0,0,0,0,0,1
2017,Odisha,ARTO BARBIL - OR901( 04-DEC-2017 ),17,MOPED,18,75,27,12,16,21,11,28,10,69,45,0,332
2017,Odisha,ARTO BARBIL - OR901( 04-DEC-2017 ),18,MOTOR CAB,2,3,3,0,0,5,1,0,0,3,7,0,24
2017,Odisha,ARTO BARBIL - OR901( 04-DEC-2017 ),19,MOTOR CAR,16,19,22,10,33,18,18,15,18,25,29,1,224
2017,Odisha,ARTO BARBIL - OR901( 04-DEC-2017 ),20,MOTORISED CYCLE (CC > 25CC),0,0,0,0,0,0,0,0,0,0,0,45,45
2017,Odisha,ARTO BARBIL - OR901( 04-DEC-2017 ),21,OMNI BUS,3,1,0,1,2,3,1,0,1,1,0,0,13
2017,Odisha,ARTO BARBIL - OR901( 04-DEC-2017 ),22,OMNI BUS (PRIVATE USE),2,0,0,0,0,0,0,0,0,2,1,0,5
2017,Odisha,ARTO BARBIL - OR901( 04-DEC-2017 ),23,PRIVATE SERVICE VEHICLE,0,2,0,0,0,1,0,0,0,0,0,0,3
2017,Odisha,ARTO BARBIL - OR901( 04-DEC-2017 ),24,THREE WHEELER (GOODS),0,0,1,2,1,0,0,0,2,2,2,1,11
2017,Odisha,ARTO BARBIL - OR901( 04-DEC-2017 ),25,THREE WHEELER (PASSENGER),4,1,2,1,0,0,1,2,2,3,14,0,30
2017,Odisha,BALASORE RTO - OR1( 07-NOV-2017 ),1,AGRICULTURAL TRACTOR,38,20,16,16,28,57,60,44,37,53,9,19,397
2017,Odisha,BALASORE RTO - OR1( 07-NOV-2017 ),2,AMBULANCE,2,2,2,0,2,0,0,0,0,4,2,1,15
2017,Odisha,BALASORE RTO - OR1( 07-NOV-2017 ),3,BUS,5,6,1,8,2,0,2,11,3,1,0,6,45
2017,Odisha,BALASORE RTO - OR1( 07-NOV-2017 ),4,CAMPER VAN / TRAILER,0,0,0,0,0,0,1,1,0,0,0,0,2
2017,Odisha,BALASORE RTO - OR1( 07-NOV-2017 ),5,CRANE MOUNTED VEHICLE,0,0,0,2,0,0,1,0,0,0,0,0,3
2017,Odisha,BALASORE RTO - OR1( 07-NOV-2017 ),6,DUMPER,0,0,0,0,0,0,0,0,0,0,1,0,1
2017,Odisha,BALASORE RTO - OR1( 07-NOV-2017 ),7,EDUCATIONAL INSTITUTION BUS,1,0,0,1,1,1,0,0,2,1,0,0,7
2017,Odisha,BALASORE RTO - OR1( 07-NOV-2017 ),8,E-RICKSHAW(P),0,0,0,0,0,0,0,0,1,1,0,0,2
2017,Odisha,BALASORE RTO - OR1( 07-NOV-2017 ),9,EXCAVATOR (COMMERCIAL),1,0,0,0,0,0,0,0,0,0,0,0,1
2017,Odisha,BALASORE RTO - OR1( 07-NOV-2017 ),10,GOODS CARRIER,101,91,123,112,101,87,82,82,69,139,59,120,"1,166"
2017,Odisha,BALASORE RTO - OR1( 07-NOV-2017 ),11,MAXI CAB,20,24,24,30,25,29,18,16,15,44,10,37,292
2017,Odisha,BALASORE RTO - OR1( 07-NOV-2017 ),12,M-CYCLE/SCOOTER,"2,315","3,145","3,721","5,004","3,898","3,968","3,724","2,298","2,481","6,429","1,328","2,754","41,065"
2017,Odisha,BALASORE RTO - OR1( 07-NOV-2017 ),13,M-CYCLE/SCOOTER-WITH SIDE CAR,0,0,0,1,1,0,0,0,1,1,0,2,6
2017,Odisha,BALASORE RTO - OR1( 07-NOV-2017 ),14,MOPED,87,154,172,336,93,209,148,111,95,339,69,206,"2,019"
2017,Odisha,BALASORE RTO - OR1( 07-NOV-2017 ),15,MOTOR CAB,5,8,10,12,9,10,7,5,5,9,1,3,84
2017,Odisha,BALASORE RTO - OR1( 07-NOV-2017 ),16,MOTOR CAR,186,144,132,124,146,156,188,148,143,309,102,192,"1,970"
2017,Odisha,BALASORE RTO - OR1( 07-NOV-2017 ),17,MOTORISED CYCLE (CC > 25CC),0,0,1,0,0,0,0,0,0,0,17,419,437
2017,Odisha,BALASORE RTO - OR1( 07-NOV-2017 ),18,OMNI BUS,0,1,0,1,0,0,0,1,1,2,4,1,11
2017,Odisha,BALASORE RTO - OR1( 07-NOV-2017 ),19,OMNI BUS (PRIVATE USE),8,3,6,2,3,4,4,2,4,5,2,0,43
2017,Odisha,BALASORE RTO - OR1( 07-NOV-2017 ),20,THREE WHEELER (GOODS),18,18,28,27,18,33,18,14,23,40,13,31,281
2017,Odisha,BALASORE RTO - OR1( 07-NOV-2017 ),21,THREE WHEELER (PASSENGER),34,46,39,61,41,50,43,37,39,62,15,42,509
2017,Odisha,BALASORE RTO - OR1( 07-NOV-2017 ),22,TRACTOR (COMMERCIAL),50,34,43,32,37,32,24,22,23,29,4,6,336
2017,Odisha,BALASORE RTO - OR1( 07-NOV-2017 ),23,TRAILER (COMMERCIAL),51,34,43,33,36,30,22,23,23,29,4,5,333
2017,Odisha,BARGARH RTO - OR17( 04-DEC-2017 ),1,AGRICULTURAL TRACTOR,1,2,1,1,1,0,5,6,0,1,1,11,30
2017,Odisha,BARGARH RTO - OR17( 04-DEC-2017 ),2,BUS,1,2,3,1,2,1,0,0,0,5,9,0,24
2017,Odisha,BARGARH RTO - OR17( 04-DEC-2017 ),3,CAMPER VAN / TRAILER (PRIVATE USE),0,0,0,0,0,0,0,0,0,0,0,1,1
2017,Odisha,BARGARH RTO - OR17( 04-DEC-2017 ),4,CONSTRUCTION EQUIPMENT VEHICLE,0,0,0,0,0,0,1,0,0,0,0,0,1
2017,Odisha,BARGARH RTO - OR17( 04-DEC-2017 ),5,EDUCATIONAL INSTITUTION BUS,2,0,3,0,0,0,4,1,3,1,1,2,17
2017,Odisha,BARGARH RTO - OR17( 04-DEC-2017 ),6,E-RICKSHAW WITH CART (G),0,0,0,0,0,0,0,1,0,0,0,0,1
2017,Odisha,BARGARH RTO - OR17( 04-DEC-2017 ),7,EXCAVATOR (COMMERCIAL),0,1,2,0,0,0,0,1,2,0,2,2,10
2017,Odisha,BARGARH RTO - OR17( 04-DEC-2017 ),8,FORK LIFT,0,0,0,0,0,0,0,0,0,1,0,0,1
2017,Odisha,BARGARH RTO - OR17( 04-DEC-2017 ),9,GOODS CARRIER,34,42,79,47,33,19,53,30,44,50,93,18,542
2017,Odisha,BARGARH RTO - OR17( 04-DEC-2017 ),10,MAXI CAB,4,6,11,6,3,3,6,5,6,8,10,2,70
2017,Odisha,BARGARH RTO - OR17( 04-DEC-2017 ),11,M-CYCLE/SCOOTER,843,"1,584","2,106","3,088","2,658","1,632","1,863","1,241","1,297","2,229","2,083","1,069","21,693"
2017,Odisha,BARGARH RTO - OR17( 04-DEC-2017 ),12,M-CYCLE/SCOOTER-WITH SIDE CAR,0,0,0,2,0,2,0,0,0,1,1,0,6
2017,Odisha,BARGARH RTO - OR17( 04-DEC-2017 ),13,MOPED,156,206,282,258,257,143,234,203,329,353,445,144,"3,010"
2017,Odisha,BARGARH RTO - OR17( 04-DEC-2017 ),14,MOTOR CAB,0,2,1,1,0,0,0,0,3,1,0,0,8
2017,Odisha,BARGARH RTO - OR17( 04-DEC-2017 ),15,MOTOR CAR,63,90,134,109,79,107,110,64,87,135,164,50,"1,192"
2017,Odisha,BARGARH RTO - OR17( 04-DEC-2017 ),16,MOTORISED CYCLE (CC > 25CC),0,0,1,0,0,0,0,0,0,0,0,13,14
2017,Odisha,BARGARH RTO - OR17( 04-DEC-2017 ),17,OMNI BUS,1,0,4,1,1,1,1,2,1,3,6,0,21
2017,Odisha,BARGARH RTO - OR17( 04-DEC-2017 ),18,OMNI BUS (PRIVATE USE),3,2,6,1,7,1,7,2,2,6,4,0,41
2017,Odisha,BARGARH RTO - OR17( 04-DEC-2017 ),19,THREE WHEELER (GOODS),3,6,6,8,10,3,13,2,4,11,15,4,85
2017,Odisha,BARGARH RTO - OR17( 04-DEC-2017 ),20,THREE WHEELER (PASSENGER),9,20,37,19,29,18,33,12,16,25,40,11,269
2017,Odisha,BARGARH RTO - OR17( 04-DEC-2017 ),21,TRACTOR (COMMERCIAL),57,52,124,46,116,47,172,178,83,94,154,46,"1,169"
2017,Odisha,BARGARH RTO - OR17( 04-DEC-2017 ),22,TRACTOR-TROLLEY(COMMERCIAL),0,0,0,0,0,0,0,0,0,0,0,1,1
2017,Odisha,BARGARH RTO - OR17( 04-DEC-2017 ),23,TRAILER (AGRICULTURAL),0,0,0,0,0,0,0,0,0,1,0,1,2
2017,Odisha,BARGARH RTO - OR17( 04-DEC-2017 ),24,TRAILER (COMMERCIAL),20,30,63,31,49,24,45,34,27,41,78,9,451
2017,Odisha,BHADRAK RTO - OR22( 04-DEC-2017 ),1,AGRICULTURAL TRACTOR,13,4,17,5,6,9,15,9,5,4,18,0,105
2017,Odisha,BHADRAK RTO - OR22( 04-DEC-2017 ),2,AMBULANCE,1,2,0,0,2,2,0,0,0,0,0,0,7
2017,Odisha,BHADRAK RTO - OR22( 04-DEC-2017 ),3,BUS,3,1,4,3,1,4,1,2,0,2,0,4,25
2017,Odisha,BHADRAK RTO - OR22( 04-DEC-2017 ),4,CRANE MOUNTED VEHICLE,0,0,0,0,0,1,0,0,0,0,0,0,1
2017,Odisha,BHADRAK RTO - OR22( 04-DEC-2017 ),5,EDUCATIONAL INSTITUTION BUS,0,4,2,1,3,0,1,1,0,2,0,3,17
2017,Odisha,BHADRAK RTO - OR22( 04-DEC-2017 ),6,EXCAVATOR (NT),0,0,0,0,0,0,2,0,0,0,0,0,2
2017,Odisha,BHADRAK RTO - OR22( 04-DEC-2017 ),7,GOODS CARRIER,51,52,75,34,34,42,43,41,57,55,69,35,588
2017,Odisha,BHADRAK RTO - OR22( 04-DEC-2017 ),8,MAXI CAB,9,11,12,8,10,10,8,6,8,15,9,9,115
2017,Odisha,BHADRAK RTO - OR22( 04-DEC-2017 ),9,M-CYCLE/SCOOTER,"1,219","1,693","2,100","1,705","2,008","2,084","2,085","1,212","1,087","1,611","4,681",347,"21,832"
2017,Odisha,BHADRAK RTO - OR22( 04-DEC-2017 ),10,M-CYCLE/SCOOTER-WITH SIDE CAR,0,0,0,0,0,0,0,0,0,0,2,0,2
2017,Odisha,BHADRAK RTO - OR22( 04-DEC-2017 ),11,MOPED,59,84,113,97,68,66,87,57,43,57,298,16,"1,045"
2017,Odisha,BHADRAK RTO - OR22( 04-DEC-2017 ),12,MOTOR CAB,3,0,1,1,0,1,2,0,0,2,2,1,13
2017,Odisha,BHADRAK RTO - OR22( 04-DEC-2017 ),13,MOTOR CAR,41,26,36,16,36,29,40,26,24,47,56,8,385
2017,Odisha,BHADRAK RTO - OR22( 04-DEC-2017 ),14,MOTORISED CYCLE (CC > 25CC),0,0,0,0,0,0,0,0,0,0,0,2,2
2017,Odisha,BHADRAK RTO - OR22( 04-DEC-2017 ),15,OMNI BUS,3,0,1,1,0,1,0,0,1,0,3,1,11
2017,Odisha,BHADRAK RTO - OR22( 04-DEC-2017 ),16,OMNI BUS (PRIVATE USE),0,2,0,0,0,0,0,0,0,1,1,0,4
2017,Odisha,BHADRAK RTO - OR22( 04-DEC-2017 ),17,PRIVATE SERVICE VEHICLE,0,0,1,0,0,0,0,0,0,0,0,0,1
2017,Odisha,BHADRAK RTO - OR22( 04-DEC-2017 ),18,THREE WHEELER (GOODS),15,25,57,46,23,27,21,16,22,42,30,17,341
2017,Odisha,BHADRAK RTO - OR22( 04-DEC-2017 ),19,THREE WHEELER (PASSENGER),21,36,51,36,24,31,19,18,21,46,29,15,347
2017,Odisha,BHADRAK RTO - OR22( 04-DEC-2017 ),20,TRACTOR (COMMERCIAL),42,34,50,40,36,65,58,35,36,47,55,3,501
2017,Odisha,BHADRAK RTO - OR22( 04-DEC-2017 ),21,TRAILER (COMMERCIAL),42,36,51,39,36,64,57,34,37,48,56,3,503
2017,Odisha,BHANJANAGAR RTO - OR32( 04-DEC-2017 ),1,ADAPTED VEHICLE,0,0,0,0,0,0,0,0,1,2,0,0,3
2017,Odisha,BHANJANAGAR RTO - OR32( 04-DEC-2017 ),2,AGRICULTURAL TRACTOR,0,0,1,1,0,4,4,2,1,3,6,1,23
2017,Odisha,BHANJANAGAR RTO - OR32( 04-DEC-2017 ),3,AMBULANCE,0,0,0,0,0,1,0,1,0,0,0,0,2
2017,Odisha,BHANJANAGAR RTO - OR32( 04-DEC-2017 ),4,BUS,0,0,0,0,0,0,1,2,1,4,8,0,16
2017,Odisha,BHANJANAGAR RTO - OR32( 04-DEC-2017 ),5,EDUCATIONAL INSTITUTION BUS,0,1,0,0,0,0,1,1,1,1,0,2,7
2017,Odisha,BHANJANAGAR RTO - OR32( 04-DEC-2017 ),6,GOODS CARRIER,7,19,17,10,7,7,7,4,10,8,11,6,113
2017,Odisha,BHANJANAGAR RTO - OR32( 04-DEC-2017 ),7,MAXI CAB,1,2,1,1,2,0,1,1,0,2,2,1,14
2017,Odisha,BHANJANAGAR RTO - OR32( 04-DEC-2017 ),8,M-CYCLE/SCOOTER,157,502,880,"1,096",802,406,625,496,186,926,976,242,"7,294"
2017,Odisha,BHANJANAGAR RTO - OR32( 04-DEC-2017 ),9,M-CYCLE/SCOOTER-WITH SIDE CAR,0,0,0,0,0,0,0,0,0,1,0,0,1
2017,Odisha,BHANJANAGAR RTO - OR32( 04-DEC-2017 ),10,MOPED,99,238,218,217,107,217,233,227,75,218,237,70,"2,156"
2017,Odisha,BHANJANAGAR RTO - OR32( 04-DEC-2017 ),11,MOTOR CAB,0,0,1,2,0,0,2,0,0,0,0,0,5
2017,Odisha,BHANJANAGAR RTO - OR32( 04-DEC-2017 ),12,MOTOR CAR,6,11,4,6,2,7,13,11,5,8,13,0,86
2017,Odisha,BHANJANAGAR RTO - OR32( 04-DEC-2017 ),13,MOTORISED CYCLE (CC > 25CC),0,0,0,0,0,0,0,0,0,1,0,8,9
2017,Odisha,BHANJANAGAR RTO - OR32( 04-DEC-2017 ),14,OMNI BUS,0,2,0,1,3,5,3,2,1,3,1,0,21
2017,Odisha,BHANJANAGAR RTO - OR32( 04-DEC-2017 ),15,OMNI BUS (PRIVATE USE),0,0,1,0,0,2,0,0,0,2,4,0,9
2017,Odisha,BHANJANAGAR RTO - OR32( 04-DEC-2017 ),16,THREE WHEELER (GOODS),2,15,14,10,10,7,5,9,8,9,24,3,116
2017,Odisha,BHANJANAGAR RTO - OR32( 04-DEC-2017 ),17,THREE WHEELER (PASSENGER),4,20,14,17,14,13,9,14,12,20,26,6,169
2017,Odisha,BHANJANAGAR RTO - OR32( 04-DEC-2017 ),18,TRACTOR (COMMERCIAL),10,30,36,10,18,19,41,24,24,28,58,2,300
2017,Odisha,BHANJANAGAR RTO - OR32( 04-DEC-2017 ),19,TRACTOR-TROLLEY(COMMERCIAL),0,0,1,0,0,0,0,0,0,0,0,0,1
2017,Odisha,BHANJANAGAR RTO - OR32( 04-DEC-2017 ),20,TRAILER (COMMERCIAL),9,28,37,11,18,21,44,24,24,28,58,2,304
2017,Odisha,BHANJANAGAR RTO - OR32( 04-DEC-2017 ),21,VEHICLE FITTED WITH COMPRESSOR,0,0,0,0,0,1,0,0,0,0,0,0,1
2017,Odisha,BHANJANAGAR RTO - OR32( 04-DEC-2017 ),22,VEHICLE FITTED WITH RIG,1,0,0,0,0,0,0,0,0,0,0,0,1
2017,Odisha,BHUBANESWAR-II RTO - OR33( 23-OCT-2017 ),1,AGRICULTURAL TRACTOR,1,0,2,0,2,5,3,6,7,5,0,3,34
2017,Odisha,BHUBANESWAR-II RTO - OR33( 23-OCT-2017 ),2,AMBULANCE,1,0,1,5,6,3,0,0,0,4,0,2,22
2017,Odisha,BHUBANESWAR-II RTO - OR33( 23-OCT-2017 ),3,BUS,0,3,3,2,0,0,0,3,0,1,1,1,14
2017,Odisha,BHUBANESWAR-II RTO - OR33( 23-OCT-2017 ),4,CONSTRUCTION EQUIPMENT VEHICLE,1,0,1,0,0,0,0,0,0,4,0,0,6
2017,Odisha,BHUBANESWAR-II RTO - OR33( 23-OCT-2017 ),5,CRANE MOUNTED VEHICLE,0,0,2,0,0,0,1,0,0,0,0,0,3
2017,Odisha,BHUBANESWAR-II RTO - OR33( 23-OCT-2017 ),6,DUMPER,0,0,0,0,0,0,0,0,0,0,1,1,2
2017,Odisha,BHUBANESWAR-II RTO - OR33( 23-OCT-2017 ),7,EDUCATIONAL INSTITUTION BUS,2,1,2,3,0,3,5,8,0,1,2,1,28
2017,Odisha,BHUBANESWAR-II RTO - OR33( 23-OCT-2017 ),8,E-RICKSHAW(P),0,0,0,3,3,0,1,2,5,4,1,0,19
2017,Odisha,BHUBANESWAR-II RTO - OR33( 23-OCT-2017 ),9,EXCAVATOR (COMMERCIAL),1,0,0,0,0,0,0,0,0,0,0,0,1
2017,Odisha,BHUBANESWAR-II RTO - OR33( 23-OCT-2017 ),10,GOODS CARRIER,58,28,53,42,30,42,26,30,29,36,29,20,423
2017,Odisha,BHUBANESWAR-II RTO - OR33( 23-OCT-2017 ),11,MAXI CAB,10,7,14,5,11,11,13,5,9,5,10,12,112
2017,Odisha,BHUBANESWAR-II RTO - OR33( 23-OCT-2017 ),12,M-CYCLE/SCOOTER,"1,863","3,361","2,666","4,298","3,095","2,847","2,540","3,202","2,443","3,650","2,792","2,983","35,740"
2017,Odisha,BHUBANESWAR-II RTO - OR33( 23-OCT-2017 ),13,M-CYCLE/SCOOTER-WITH SIDE CAR,0,0,0,4,0,0,0,0,0,2,1,0,7
2017,Odisha,BHUBANESWAR-II RTO - OR33( 23-OCT-2017 ),14,MOBILE WORKSHOP,0,0,1,0,0,0,0,0,0,0,0,0,1
2017,Odisha,BHUBANESWAR-II RTO - OR33( 23-OCT-2017 ),15,MOPED,53,49,63,174,44,66,64,47,77,49,244,526,"1,456"
2017,Odisha,BHUBANESWAR-II RTO - OR33( 23-OCT-2017 ),16,MOTOR CAB,26,20,36,26,16,16,19,12,9,9,13,14,216
2017,Odisha,BHUBANESWAR-II RTO - OR33( 23-OCT-2017 ),17,MOTOR CAR,320,372,279,383,313,295,353,391,280,393,252,327,"3,958"
2017,Odisha,BHUBANESWAR-II RTO - OR33( 23-OCT-2017 ),18,MOTOR CYCLE/SCOOTER-USED FOR HIRE,1,1,2,1,4,0,3,0,2,2,0,2,18
2017,Odisha,BHUBANESWAR-II RTO - OR33( 23-OCT-2017 ),19,MOTORISED CYCLE (CC > 25CC),0,0,0,0,0,0,0,0,1,0,1,0,2
2017,Odisha,BHUBANESWAR-II RTO - OR33( 23-OCT-2017 ),20,OMNI BUS,3,1,2,3,2,0,6,1,6,4,4,4,36
2017,Odisha,BHUBANESWAR-II RTO - OR33( 23-OCT-2017 ),21,OMNI BUS (PRIVATE USE),3,3,1,3,4,1,12,2,6,2,4,0,41
2017,Odisha,BHUBANESWAR-II RTO - OR33( 23-OCT-2017 ),22,PRIVATE SERVICE VEHICLE,0,2,1,1,0,0,0,0,1,1,0,0,6
2017,Odisha,BHUBANESWAR-II RTO - OR33( 23-OCT-2017 ),23,PRIVATE SERVICE VEHICLE (INDIVIDUAL USE),0,0,0,0,0,0,0,0,1,1,22,14,38
2017,Odisha,BHUBANESWAR-II RTO - OR33( 23-OCT-2017 ),24,THREE WHEELER (GOODS),15,33,47,55,23,26,29,28,28,23,50,29,386
2017,Odisha,BHUBANESWAR-II RTO - OR33( 23-OCT-2017 ),25,THREE WHEELER (PASSENGER),64,98,113,148,61,51,64,67,52,77,145,112,"1,052"
2017,Odisha,BHUBANESWAR RTO - OR2( 22-JAN-2018 ),1,AGRICULTURAL TRACTOR,18,30,7,25,5,26,38,26,15,24,18,10,242
2017,Odisha,BHUBANESWAR RTO - OR2( 22-JAN-2018 ),2,AMBULANCE,0,3,4,1,19,3,7,6,1,4,5,28,81
2017,Odisha,BHUBANESWAR RTO - OR2( 22-JAN-2018 ),3,ARTICULATED VEHICLE,0,1,1,0,0,0,0,0,0,0,0,0,2
2017,Odisha,BHUBANESWAR RTO - OR2( 22-JAN-2018 ),4,BUS,4,4,8,10,1,7,2,0,7,12,8,9,72
2017,Odisha,BHUBANESWAR RTO - OR2( 22-JAN-2018 ),5,CASH VAN,0,0,0,1,0,0,0,0,0,0,0,0,1
2017,Odisha,BHUBANESWAR RTO - OR2( 22-JAN-2018 ),6,CONSTRUCTION EQUIPMENT VEHICLE,2,1,3,1,1,1,1,3,1,1,0,2,17
2017,Odisha,BHUBANESWAR RTO - OR2( 22-JAN-2018 ),7,CRANE MOUNTED VEHICLE,0,0,1,2,0,1,2,2,0,1,0,1,10
2017,Odisha,BHUBANESWAR RTO - OR2( 22-JAN-2018 ),8,EDUCATIONAL INSTITUTION BUS,3,6,8,9,18,25,4,2,2,7,3,4,91
2017,Odisha,BHUBANESWAR RTO - OR2( 22-JAN-2018 ),9,E-RICKSHAW(P),0,0,0,0,0,0,0,1,0,2,1,1,5
2017,Odisha,BHUBANESWAR RTO - OR2( 22-JAN-2018 ),10,GOODS CARRIER,142,165,165,135,113,128,146,140,140,181,147,131,"1,733"
2017,Odisha,BHUBANESWAR RTO - OR2( 22-JAN-2018 ),11,HARVESTER,0,0,0,2,0,0,0,0,0,1,2,1,6
2017,Odisha,BHUBANESWAR RTO - OR2( 22-JAN-2018 ),12,HEARSES,0,0,0,0,1,0,0,0,0,0,0,0,1
2017,Odisha,BHUBANESWAR RTO - OR2( 22-JAN-2018 ),13,LUXURY CAB,0,0,0,0,0,0,0,0,1,0,0,0,1
2017,Odisha,BHUBANESWAR RTO - OR2( 22-JAN-2018 ),14,MAXI CAB,37,29,31,38,28,55,24,37,45,41,53,28,446
2017,Odisha,BHUBANESWAR RTO - OR2( 22-JAN-2018 ),15,M-CYCLE/SCOOTER,"2,647","3,302","3,668","3,955","4,243","3,037","3,730","5,033","3,599","5,819","4,967","4,171","48,171"
2017,Odisha,BHUBANESWAR RTO - OR2( 22-JAN-2018 ),16,M-CYCLE/SCOOTER-WITH SIDE CAR,2,1,2,4,1,0,0,5,0,0,0,0,15
2017,Odisha,BHUBANESWAR RTO - OR2( 22-JAN-2018 ),17,MOPED,246,193,198,500,204,219,136,212,132,387,257,186,"2,870"
2017,Odisha,BHUBANESWAR RTO - OR2( 22-JAN-2018 ),18,MOTOR CAB,75,92,84,75,50,43,61,64,63,120,60,100,887
2017,Odisha,BHUBANESWAR RTO - OR2( 22-JAN-2018 ),19,MOTOR CAR,"1,449","1,268","1,363","1,334","1,420","1,418","1,570","1,387","1,460","2,346","1,688","1,370","18,073"
2017,Odisha,BHUBANESWAR RTO - OR2( 22-JAN-2018 ),20,MOTOR CYCLE/SCOOTER-USED FOR HIRE,1,0,1,1,0,2,1,1,1,1,0,0,9
2017,Odisha,BHUBANESWAR RTO - OR2( 22-JAN-2018 ),21,MOTORISED CYCLE (CC > 25CC),0,0,0,0,0,1,1,0,0,0,0,0,2
2017,Odisha,BHUBANESWAR RTO - OR2( 22-JAN-2018 ),22,OMNI BUS,12,6,5,8,2,6,7,4,5,19,4,11,89
2017,Odisha,BHUBANESWAR RTO - OR2( 22-JAN-2018 ),23,OMNI BUS (PRIVATE USE),14,7,5,6,11,18,29,38,46,62,67,31,334
2017,Odisha,BHUBANESWAR RTO - OR2( 22-JAN-2018 ),24,PRIVATE SERVICE VEHICLE,1,0,2,2,1,0,2,1,1,0,0,2,12
2017,Odisha,BHUBANESWAR RTO - OR2( 22-JAN-2018 ),25,PRIVATE SERVICE VEHICLE (INDIVIDUAL USE),0,0,0,1,0,1,0,1,0,0,2,2,7
2017,Odisha,BOLANGIR RTO - OR3( 25-DEC-2017 ),1,AGRICULTURAL TRACTOR,5,16,3,1,10,2,30,22,6,54,10,0,159
2017,Odisha,BOLANGIR RTO - OR3( 25-DEC-2017 ),2,AMBULANCE,0,0,0,2,2,1,0,0,0,0,0,0,5
2017,Odisha,BOLANGIR RTO - OR3( 25-DEC-2017 ),3,BUS,1,2,6,4,0,0,0,1,1,2,0,0,17
2017,Odisha,BOLANGIR RTO - OR3( 25-DEC-2017 ),4,CAMPER VAN / TRAILER,0,0,0,0,0,1,0,0,0,0,0,0,1
2017,Odisha,BOLANGIR RTO - OR3( 25-DEC-2017 ),5,CONSTRUCTION EQUIPMENT VEHICLE,1,1,1,3,1,0,1,0,0,1,0,1,10
2017,Odisha,BOLANGIR RTO - OR3( 25-DEC-2017 ),6,CRANE MOUNTED VEHICLE,0,0,0,0,0,0,0,0,0,0,1,0,1
2017,Odisha,BOLANGIR RTO - OR3( 25-DEC-2017 ),7,EDUCATIONAL INSTITUTION BUS,0,1,1,0,0,0,4,2,1,8,1,0,18
2017,Odisha,BOLANGIR RTO - OR3( 25-DEC-2017 ),8,GOODS CARRIER,48,57,52,33,33,35,36,24,48,42,61,55,524
2017,Odisha,BOLANGIR RTO - OR3( 25-DEC-2017 ),9,MAXI CAB,24,12,16,8,17,6,6,10,9,18,12,5,143
2017,Odisha,BOLANGIR RTO - OR3( 25-DEC-2017 ),10,M-CYCLE/SCOOTER,"1,378","2,134","2,516","1,814","2,982","1,264","1,092",924,"1,638","1,934","1,269","1,241","20,186"
2017,Odisha,BOLANGIR RTO - OR3( 25-DEC-2017 ),11,M-CYCLE/SCOOTER-WITH SIDE CAR,0,2,0,0,0,0,0,0,0,0,0,0,2
2017,Odisha,BOLANGIR RTO - OR3( 25-DEC-2017 ),12,MOPED,140,121,207,217,179,150,118,93,130,135,82,115,"1,687"
2017,Odisha,BOLANGIR RTO - OR3( 25-DEC-2017 ),13,MOTOR CAB,3,2,3,4,5,2,2,1,2,3,3,4,34
2017,Odisha,BOLANGIR RTO - OR3( 25-DEC-2017 ),14,MOTOR CAR,76,87,69,91,73,77,74,69,83,114,93,53,959
2017,Odisha,BOLANGIR RTO - OR3( 25-DEC-2017 ),15,OMNI BUS,0,1,0,0,0,0,0,0,0,0,0,1,2
2017,Odisha,BOLANGIR RTO - OR3( 25-DEC-2017 ),16,OMNI BUS (PRIVATE USE),4,3,5,1,1,0,1,4,1,3,2,1,26
2017,Odisha,BOLANGIR RTO - OR3( 25-DEC-2017 ),17,THREE WHEELER (GOODS),1,2,5,2,1,0,1,1,0,1,2,1,17
2017,Odisha,BOLANGIR RTO - OR3( 25-DEC-2017 ),18,THREE WHEELER (PASSENGER),22,15,33,51,14,30,32,24,26,56,35,21,359
2017,Odisha,BOLANGIR RTO - OR3( 25-DEC-2017 ),19,TRACTOR (COMMERCIAL),54,43,72,31,57,27,103,42,79,82,76,21,687
2017,Odisha,BOLANGIR RTO - OR3( 25-DEC-2017 ),20,TRACTOR-TROLLEY(COMMERCIAL),0,0,0,0,0,0,0,0,0,0,1,0,1
2017,Odisha,BOLANGIR RTO - OR3( 25-DEC-2017 ),21,TRAILER (COMMERCIAL),45,35,59,29,58,23,70,36,69,72,71,19,586
2017,Odisha,BOUDH RTO - OR27( 23-OCT-2017 ),1,BUS,0,0,0,0,0,0,0,0,1,0,0,0,1
2017,Odisha,BOUDH RTO - OR27( 23-OCT-2017 ),2,EDUCATIONAL INSTITUTION BUS,0,1,0,0,0,0,0,0,0,0,0,0,1
2017,Odisha,BOUDH RTO - OR27( 23-OCT-2017 ),3,GOODS CARRIER,9,5,16,4,7,3,7,1,3,1,0,3,59
2017,Odisha,BOUDH RTO - OR27( 23-OCT-2017 ),4,MAXI CAB,2,1,3,0,4,0,1,1,1,0,1,2,16
2017,Odisha,BOUDH RTO - OR27( 23-OCT-2017 ),5,M-CYCLE/SCOOTER,114,163,427,191,623,264,197,74,245,125,3,276,"2,702"
2017,Odisha,BOUDH RTO - OR27( 23-OCT-2017 ),6,M-CYCLE/SCOOTER-WITH SIDE CAR,0,0,0,0,0,1,0,0,0,0,0,0,1
2017,Odisha,BOUDH RTO - OR27( 23-OCT-2017 ),7,MOPED,19,25,45,45,53,28,24,4,44,16,0,19,322
2017,Odisha,BOUDH RTO - OR27( 23-OCT-2017 ),8,MOTOR CAB,0,0,0,1,0,0,1,0,0,0,0,0,2
2017,Odisha,BOUDH RTO - OR27( 23-OCT-2017 ),9,MOTOR CAR,4,8,8,2,12,3,10,1,14,5,1,2,70
2017,Odisha,BOUDH RTO - OR27( 23-OCT-2017 ),10,OMNI BUS,1,0,0,0,0,2,0,0,0,0,0,0,3
2017,Odisha,BOUDH RTO - OR27( 23-OCT-2017 ),11,OMNI BUS (PRIVATE USE),0,1,1,0,0,0,0,1,0,1,0,0,4
2017,Odisha,BOUDH RTO - OR27( 23-OCT-2017 ),12,THREE WHEELER (GOODS),0,2,5,1,3,1,0,0,2,0,0,1,15
2017,Odisha,BOUDH RTO - OR27( 23-OCT-2017 ),13,THREE WHEELER (PASSENGER),2,3,6,13,16,6,5,6,8,0,0,0,65
2017,Odisha,BOUDH RTO - OR27( 23-OCT-2017 ),14,TRACTOR (COMMERCIAL),3,8,18,4,22,8,7,8,19,1,3,6,107
2017,Odisha,BOUDH RTO - OR27( 23-OCT-2017 ),15,TRAILER (COMMERCIAL),3,8,18,4,22,8,7,8,19,1,3,5,106
2017,Odisha,CHANDIKHOLE RTO - OR4( 23-OCT-2017 ),1,AGRICULTURAL TRACTOR,0,0,2,3,6,4,5,3,8,5,15,4,55
2017,Odisha,CHANDIKHOLE RTO - OR4( 23-OCT-2017 ),2,AMBULANCE,0,2,0,0,0,0,1,0,0,0,0,0,3
2017,Odisha,CHANDIKHOLE RTO - OR4( 23-OCT-2017 ),3,ARTICULATED VEHICLE,0,0,0,0,0,0,0,1,0,2,54,9,66
2017,Odisha,CHANDIKHOLE RTO - OR4( 23-OCT-2017 ),4,BUS,1,6,1,4,2,0,1,0,2,1,1,0,19
2017,Odisha,CHANDIKHOLE RTO - OR4( 23-OCT-2017 ),5,CONSTRUCTION EQUIPMENT VEHICLE,1,0,1,0,0,0,2,0,2,1,1,6,14
2017,Odisha,CHANDIKHOLE RTO - OR4( 23-OCT-2017 ),6,CRANE MOUNTED VEHICLE,0,0,1,0,0,3,4,1,1,0,0,0,10
2017,Odisha,CHANDIKHOLE RTO - OR4( 23-OCT-2017 ),7,DUMPER,0,0,0,0,0,0,0,0,1,0,0,0,1
2017,Odisha,CHANDIKHOLE RTO - OR4( 23-OCT-2017 ),8,EARTH MOVING EQUIPMENT,0,0,0,0,0,0,0,0,0,0,0,1,1
2017,Odisha,CHANDIKHOLE RTO - OR4( 23-OCT-2017 ),9,EDUCATIONAL INSTITUTION BUS,1,1,0,1,0,3,0,1,0,0,1,0,8
2017,Odisha,CHANDIKHOLE RTO - OR4( 23-OCT-2017 ),10,EXCAVATOR (COMMERCIAL),0,0,0,0,0,0,0,0,0,0,2,1,3
2017,Odisha,CHANDIKHOLE RTO - OR4( 23-OCT-2017 ),11,GOODS CARRIER,114,105,117,153,134,101,111,121,123,173,158,130,"1,540"
2017,Odisha,CHANDIKHOLE RTO - OR4( 23-OCT-2017 ),12,MAXI CAB,6,3,2,3,10,1,7,4,8,7,6,7,64
2017,Odisha,CHANDIKHOLE RTO - OR4( 23-OCT-2017 ),13,M-CYCLE/SCOOTER,649,721,839,985,"1,136",725,821,478,380,658,874,757,"9,023"
2017,Odisha,CHANDIKHOLE RTO - OR4( 23-OCT-2017 ),14,M-CYCLE/SCOOTER-WITH SIDE CAR,0,0,0,1,0,0,0,0,0,0,0,0,1
2017,Odisha,CHANDIKHOLE RTO - OR4( 23-OCT-2017 ),15,MOPED,80,40,77,183,77,39,42,35,57,1,74,113,818
2017,Odisha,CHANDIKHOLE RTO - OR4( 23-OCT-2017 ),16,MOTOR CAB,0,0,0,1,0,0,0,2,0,1,0,3,7
2017,Odisha,CHANDIKHOLE RTO - OR4( 23-OCT-2017 ),17,MOTOR CAR,37,37,25,30,34,30,44,25,23,23,19,27,354
2017,Odisha,CHANDIKHOLE RTO - OR4( 23-OCT-2017 ),18,MOTORISED CYCLE (CC > 25CC),0,0,0,0,0,0,1,0,0,0,0,0,1
2017,Odisha,CHANDIKHOLE RTO - OR4( 23-OCT-2017 ),19,OMNI BUS,3,3,2,2,1,1,1,0,1,2,2,0,18
2017,Odisha,CHANDIKHOLE RTO - OR4( 23-OCT-2017 ),20,OMNI BUS (PRIVATE USE),0,1,0,0,1,0,0,0,0,2,0,0,4
2017,Odisha,CHANDIKHOLE RTO - OR4( 23-OCT-2017 ),21,PRIVATE SERVICE VEHICLE,0,0,2,1,0,0,1,1,2,0,0,0,7
2017,Odisha,CHANDIKHOLE RTO - OR4( 23-OCT-2017 ),22,PRIVATE SERVICE VEHICLE (INDIVIDUAL USE),0,0,0,0,0,0,0,0,0,0,1,1,2
2017,Odisha,CHANDIKHOLE RTO - OR4( 23-OCT-2017 ),23,THREE WHEELER (GOODS),11,22,27,31,19,29,15,22,18,21,24,13,252
2017,Odisha,CHANDIKHOLE RTO - OR4( 23-OCT-2017 ),24,THREE WHEELER (PASSENGER),23,24,21,47,25,16,19,7,8,21,9,18,238
2017,Odisha,CHANDIKHOLE RTO - OR4( 23-OCT-2017 ),25,TRACTOR (COMMERCIAL),43,37,48,36,49,30,46,31,25,23,27,30,425
2017,Odisha,CUTTACK RTO - OR5( 31-MAY-2017 ),1,AGRICULTURAL TRACTOR,7,6,19,15,10,5,19,6,9,26,15,2,139
2017,Odisha,CUTTACK RTO - OR5( 31-MAY-2017 ),2,AMBULANCE,4,1,3,0,2,1,3,0,4,5,2,1,26
2017,Odisha,CUTTACK RTO - OR5( 31-MAY-2017 ),3,ARTICULATED VEHICLE,0,0,0,0,0,0,0,4,0,0,0,1,5
2017,Odisha,CUTTACK RTO - OR5( 31-MAY-2017 ),4,BREAKDOWN VAN,0,0,0,0,0,0,0,0,1,0,0,0,1
2017,Odisha,CUTTACK RTO - OR5( 31-MAY-2017 ),5,BUS,12,5,12,10,9,3,7,5,7,9,5,9,93
2017,Odisha,CUTTACK RTO - OR5( 31-MAY-2017 ),6,CONSTRUCTION EQUIPMENT VEHICLE,11,6,24,12,12,2,3,2,2,3,9,3,89
2017,Odisha,CUTTACK RTO - OR5( 31-MAY-2017 ),7,CRANE MOUNTED VEHICLE,0,0,1,0,0,1,0,0,0,0,1,1,4
2017,Odisha,CUTTACK RTO - OR5( 31-MAY-2017 ),8,DUMPER,0,0,0,0,0,2,0,0,0,0,0,0,2
2017,Odisha,CUTTACK RTO - OR5( 31-MAY-2017 ),9,EDUCATIONAL INSTITUTION BUS,8,4,11,11,3,2,11,9,4,5,6,1,75
2017,Odisha,CUTTACK RTO - OR5( 31-MAY-2017 ),10,E-RICKSHAW(P),0,2,0,0,2,0,0,0,0,1,0,0,5
2017,Odisha,CUTTACK RTO - OR5( 31-MAY-2017 ),11,E-RICKSHAW WITH CART (G),0,2,0,0,0,0,0,2,0,1,0,0,5
2017,Odisha,CUTTACK RTO - OR5( 31-MAY-2017 ),12,EXCAVATOR (NT),0,0,0,0,2,1,2,0,0,0,0,0,5
2017,Odisha,CUTTACK RTO - OR5( 31-MAY-2017 ),13,FIRE TENDERS,0,0,0,0,0,0,0,0,0,0,0,1,1
2017,Odisha,CUTTACK RTO - OR5( 31-MAY-2017 ),14,GOODS CARRIER,169,173,249,225,226,110,103,181,130,330,199,211,"2,306"
2017,Odisha,CUTTACK RTO - OR5( 31-MAY-2017 ),15,LUXURY CAB,0,0,0,0,1,0,0,0,0,0,0,0,1
2017,Odisha,CUTTACK RTO - OR5( 31-MAY-2017 ),16,MAXI CAB,33,29,48,24,66,39,20,20,25,52,21,38,415
2017,Odisha,CUTTACK RTO - OR5( 31-MAY-2017 ),17,M-CYCLE/SCOOTER,"1,837","2,041","2,205","2,954","2,997","1,926","5,596","4,299","3,079","8,323","4,796","3,433","43,486"
2017,Odisha,CUTTACK RTO - OR5( 31-MAY-2017 ),18,M-CYCLE/SCOOTER-WITH SIDE CAR,1,2,2,7,0,0,1,2,8,2,4,2,31
2017,Odisha,CUTTACK RTO - OR5( 31-MAY-2017 ),19,MOPED,"1,684","2,128","2,256","2,896","2,727",139,344,310,238,476,425,291,"13,914"
2017,Odisha,CUTTACK RTO - OR5( 31-MAY-2017 ),20,MOTOR CAB,12,15,14,7,15,7,8,6,8,7,11,4,114
2017,Odisha,CUTTACK RTO - OR5( 31-MAY-2017 ),21,MOTOR CAR,383,388,301,307,510,241,404,328,254,513,346,354,"4,329"
2017,Odisha,CUTTACK RTO - OR5( 31-MAY-2017 ),22,MOTOR CYCLE/SCOOTER-USED FOR HIRE,1,0,0,0,0,0,1,0,1,0,0,0,3
2017,Odisha,CUTTACK RTO - OR5( 31-MAY-2017 ),23,MOTORISED CYCLE (CC > 25CC),0,0,0,0,0,1,56,54,27,45,65,46,294
2017,Odisha,CUTTACK RTO - OR5( 31-MAY-2017 ),24,OMNI BUS,2,2,0,3,6,3,0,1,7,1,2,2,29
2017,Odisha,CUTTACK RTO - OR5( 31-MAY-2017 ),25,OMNI BUS (PRIVATE USE),58,75,40,27,38,2,3,1,5,46,9,2,306
2017,Odisha,DEOGARH RTO - OR28( 23-OCT-2017 ),1,BUS,0,2,0,1,1,1,0,3,2,0,1,0,11
2017,Odisha,DEOGARH RTO - OR28( 23-OCT-2017 ),2,EDUCATIONAL INSTITUTION BUS,0,2,1,1,0,0,0,0,0,1,0,0,5
2017,Odisha,DEOGARH RTO - OR28( 23-OCT-2017 ),3,EXCAVATOR (COMMERCIAL),0,0,0,0,0,0,0,0,0,0,3,1,4
2017,Odisha,DEOGARH RTO - OR28( 23-OCT-2017 ),4,GOODS CARRIER,7,8,10,3,4,4,7,2,5,13,5,8,76
2017,Odisha,DEOGARH RTO - OR28( 23-OCT-2017 ),5,LUXURY CAB,1,0,0,0,0,0,0,0,0,0,0,0,1
2017,Odisha,DEOGARH RTO - OR28( 23-OCT-2017 ),6,MAXI CAB,1,5,3,2,3,5,4,2,2,2,4,1,34
2017,Odisha,DEOGARH RTO - OR28( 23-OCT-2017 ),7,M-CYCLE/SCOOTER,102,125,167,259,148,51,139,183,135,332,87,111,"1,839"
2017,Odisha,DEOGARH RTO - OR28( 23-OCT-2017 ),8,MOPED,8,6,7,18,0,2,17,8,6,24,15,0,111
2017,Odisha,DEOGARH RTO - OR28( 23-OCT-2017 ),9,MOTOR CAB,0,0,0,0,0,0,0,0,1,2,1,0,4
2017,Odisha,DEOGARH RTO - OR28( 23-OCT-2017 ),10,MOTOR CAR,16,13,9,7,11,8,15,5,5,8,3,10,110
2017,Odisha,DEOGARH RTO - OR28( 23-OCT-2017 ),11,OMNI BUS,0,0,0,0,0,0,0,0,0,0,0,1,1
2017,Odisha,DEOGARH RTO - OR28( 23-OCT-2017 ),12,OMNI BUS (PRIVATE USE),1,0,3,0,1,0,1,1,1,1,0,0,9
2017,Odisha,DEOGARH RTO - OR28( 23-OCT-2017 ),13,PRIVATE SERVICE VEHICLE (INDIVIDUAL USE),0,0,0,0,0,0,0,0,0,0,1,0,1
2017,Odisha,DEOGARH RTO - OR28( 23-OCT-2017 ),14,THREE WHEELER (GOODS),0,0,1,0,0,0,0,0,0,0,0,0,1
2017,Odisha,DEOGARH RTO - OR28( 23-OCT-2017 ),15,THREE WHEELER (PASSENGER),3,1,2,2,6,2,2,3,2,3,0,1,27
2017,Odisha,DEOGARH RTO - OR28( 23-OCT-2017 ),16,TRACTOR (COMMERCIAL),1,7,6,5,7,5,9,5,1,4,3,2,55
2017,Odisha,DEOGARH RTO - OR28( 23-OCT-2017 ),17,TRAILER (COMMERCIAL),0,6,6,4,7,5,9,3,1,4,3,2,50
2017,Odisha,DHENKANAL RTO - OR6( 07-NOV-2017 ),1,ADAPTED VEHICLE,0,0,0,0,0,2,0,0,0,0,0,0,2
2017,Odisha,DHENKANAL RTO - OR6( 07-NOV-2017 ),2,AGRICULTURAL TRACTOR,7,0,12,1,1,0,0,0,0,5,0,0,26
2017,Odisha,DHENKANAL RTO - OR6( 07-NOV-2017 ),3,ARTICULATED VEHICLE,0,0,0,0,0,0,0,0,0,0,0,1,1
2017,Odisha,DHENKANAL RTO - OR6( 07-NOV-2017 ),4,BUS,0,0,0,1,0,0,1,1,0,1,0,0,4
2017,Odisha,DHENKANAL RTO - OR6( 07-NOV-2017 ),5,CONSTRUCTION EQUIPMENT VEHICLE,0,0,0,0,0,1,3,0,1,0,1,0,6
2017,Odisha,DHENKANAL RTO - OR6( 07-NOV-2017 ),6,CRANE MOUNTED VEHICLE,0,0,0,0,0,0,0,0,0,1,0,0,1
2017,Odisha,DHENKANAL RTO - OR6( 07-NOV-2017 ),7,EDUCATIONAL INSTITUTION BUS,0,0,0,6,0,1,1,1,2,2,1,1,15
2017,Odisha,DHENKANAL RTO - OR6( 07-NOV-2017 ),8,GOODS CARRIER,19,28,25,13,22,28,15,15,19,24,12,19,239
2017,Odisha,DHENKANAL RTO - OR6( 07-NOV-2017 ),9,LUXURY CAB,0,0,0,0,0,0,0,0,0,0,0,1,1
2017,Odisha,DHENKANAL RTO - OR6( 07-NOV-2017 ),10,MAXI CAB,1,1,0,1,1,4,4,0,0,2,0,0,14
2017,Odisha,DHENKANAL RTO - OR6( 07-NOV-2017 ),11,M-CYCLE/SCOOTER,647,927,"1,095",956,"1,162","1,074","1,006",860,659,"1,970",383,"1,234","11,973"
2017,Odisha,DHENKANAL RTO - OR6( 07-NOV-2017 ),12,M-CYCLE/SCOOTER-WITH SIDE CAR,0,3,0,0,0,0,0,0,0,0,0,0,3
2017,Odisha,DHENKANAL RTO - OR6( 07-NOV-2017 ),13,MOPED,84,110,115,135,83,106,108,97,111,116,18,162,"1,245"
2017,Odisha,DHENKANAL RTO - OR6( 07-NOV-2017 ),14,MOTOR CAB,0,1,0,1,7,0,0,3,2,0,0,0,14
2017,Odisha,DHENKANAL RTO - OR6( 07-NOV-2017 ),15,MOTOR CAR,25,37,19,8,35,38,31,25,26,35,16,14,309
2017,Odisha,DHENKANAL RTO - OR6( 07-NOV-2017 ),16,MOTORISED CYCLE (CC > 25CC),0,0,0,0,0,0,0,0,0,0,5,10,15
2017,Odisha,DHENKANAL RTO - OR6( 07-NOV-2017 ),17,OMNI BUS,1,2,1,0,1,1,2,1,0,1,0,0,10
2017,Odisha,DHENKANAL RTO - OR6( 07-NOV-2017 ),18,OMNI BUS (PRIVATE USE),0,3,0,0,0,0,0,0,0,0,0,0,3
2017,Odisha,DHENKANAL RTO - OR6( 07-NOV-2017 ),19,PRIVATE SERVICE VEHICLE (INDIVIDUAL USE),0,0,0,0,0,0,0,0,0,0,3,8,11
2017,Odisha,DHENKANAL RTO - OR6( 07-NOV-2017 ),20,THREE WHEELER (GOODS),8,5,7,5,3,3,7,9,8,7,6,10,78
2017,Odisha,DHENKANAL RTO - OR6( 07-NOV-2017 ),21,THREE WHEELER (PASSENGER),5,10,14,9,13,10,18,13,25,26,10,16,169
2017,Odisha,DHENKANAL RTO - OR6( 07-NOV-2017 ),22,THREE WHEELER (PERSONAL),0,0,0,0,0,0,0,0,0,0,0,1,1
2017,Odisha,DHENKANAL RTO - OR6( 07-NOV-2017 ),23,TRACTOR (COMMERCIAL),24,22,27,14,24,19,38,20,26,26,2,16,258
2017,Odisha,DHENKANAL RTO - OR6( 07-NOV-2017 ),24,TRACTOR-TROLLEY(COMMERCIAL),5,3,3,2,4,4,3,2,3,10,1,0,40
2017,Odisha,DHENKANAL RTO - OR6( 07-NOV-2017 ),25,TRAILER (COMMERCIAL),14,14,22,9,14,12,27,12,15,13,1,11,164
2017,Odisha,GAJAPATI RTO - OR20( 07-NOV-2017 ),1,AGRICULTURAL TRACTOR,0,0,0,0,1,0,3,0,1,1,2,2,10
2017,Odisha,GAJAPATI RTO - OR20( 07-NOV-2017 ),2,AMBULANCE,0,0,0,0,0,1,0,0,0,0,1,0,2
2017,Odisha,GAJAPATI RTO - OR20( 07-NOV-2017 ),3,CONSTRUCTION EQUIPMENT VEHICLE,0,0,0,0,1,0,1,0,0,0,0,0,2
2017,Odisha,GAJAPATI RTO - OR20( 07-NOV-2017 ),4,EDUCATIONAL INSTITUTION BUS,0,0,0,2,0,0,0,0,0,4,0,1,7
2017,Odisha,GAJAPATI RTO - OR20( 07-NOV-2017 ),5,GOODS CARRIER,2,1,4,10,4,2,1,0,1,3,3,3,34
2017,Odisha,GAJAPATI RTO - OR20( 07-NOV-2017 ),6,MAXI CAB,0,0,0,0,0,0,0,1,0,2,0,0,3
2017,Odisha,GAJAPATI RTO - OR20( 07-NOV-2017 ),7,M-CYCLE/SCOOTER,105,48,177,194,355,323,251,189,156,368,20,268,"2,454"
2017,Odisha,GAJAPATI RTO - OR20( 07-NOV-2017 ),8,M-CYCLE/SCOOTER-WITH SIDE CAR,0,0,0,2,2,4,8,2,6,8,0,0,32
2017,Odisha,GAJAPATI RTO - OR20( 07-NOV-2017 ),9,MOPED,13,7,22,26,33,24,23,10,6,44,0,6,214
2017,Odisha,GAJAPATI RTO - OR20( 07-NOV-2017 ),10,MOTOR CAB,0,0,1,2,0,1,0,0,0,1,1,2,8
2017,Odisha,GAJAPATI RTO - OR20( 07-NOV-2017 ),11,MOTOR CAR,4,3,3,3,10,2,10,8,3,20,10,10,86
2017,Odisha,GAJAPATI RTO - OR20( 07-NOV-2017 ),12,OMNI BUS,1,1,0,1,1,1,2,1,3,1,0,0,12
2017,Odisha,GAJAPATI RTO - OR20( 07-NOV-2017 ),13,OMNI BUS (PRIVATE USE),0,0,0,0,1,0,0,1,0,0,0,0,2
2017,Odisha,GAJAPATI RTO - OR20( 07-NOV-2017 ),14,THREE WHEELER (GOODS),1,0,2,3,1,1,1,2,0,3,1,1,16
2017,Odisha,GAJAPATI RTO - OR20( 07-NOV-2017 ),15,THREE WHEELER (PASSENGER),0,1,0,5,5,7,10,3,2,8,0,18,59
2017,Odisha,GAJAPATI RTO - OR20( 07-NOV-2017 ),16,TRACTOR (COMMERCIAL),7,8,13,12,18,14,18,14,6,13,12,11,146
2017,Odisha,GAJAPATI RTO - OR20( 07-NOV-2017 ),17,TRAILER (COMMERCIAL),7,8,11,13,19,15,19,12,6,11,12,10,143
2017,Odisha,GANJAM RTO - OR7( 04-DEC-2017 ),1,ADAPTED VEHICLE,1,4,1,0,1,1,5,1,1,1,0,0,16
2017,Odisha,GANJAM RTO - OR7( 04-DEC-2017 ),2,AGRICULTURAL TRACTOR,0,0,0,0,0,0,0,1,0,0,0,2,3
2017,Odisha,GANJAM RTO - OR7( 04-DEC-2017 ),3,AMBULANCE,0,0,1,1,1,3,2,0,0,0,2,2,12
2017,Odisha,GANJAM RTO - OR7( 04-DEC-2017 ),4,ARTICULATED VEHICLE,0,0,1,0,0,0,0,0,0,0,0,0,1
2017,Odisha,GANJAM RTO - OR7( 04-DEC-2017 ),5,BUS,2,5,9,7,4,6,3,7,5,2,3,2,55
2017,Odisha,GANJAM RTO - OR7( 04-DEC-2017 ),6,CONSTRUCTION EQUIPMENT VEHICLE,0,0,0,0,0,0,0,0,0,0,0,1,1
2017,Odisha,GANJAM RTO - OR7( 04-DEC-2017 ),7,CRANE MOUNTED VEHICLE,0,0,0,0,0,1,2,3,0,2,2,1,11
2017,Odisha,GANJAM RTO - OR7( 04-DEC-2017 ),8,EDUCATIONAL INSTITUTION BUS,0,0,1,11,2,11,4,11,0,4,2,1,47
2017,Odisha,GANJAM RTO - OR7( 04-DEC-2017 ),9,GOODS CARRIER,83,83,100,104,64,88,66,51,105,109,86,91,"1,030"
2017,Odisha,GANJAM RTO - OR7( 04-DEC-2017 ),10,MAXI CAB,5,3,7,3,4,6,3,3,6,4,7,10,61
2017,Odisha,GANJAM RTO - OR7( 04-DEC-2017 ),11,M-CYCLE/SCOOTER,"1,511","1,953","2,889","3,185","4,135","3,225","3,191","2,100","2,125","3,150","5,114","1,001","33,579"
2017,Odisha,GANJAM RTO - OR7( 04-DEC-2017 ),12,M-CYCLE/SCOOTER-WITH SIDE CAR,0,1,0,3,2,3,1,1,2,2,3,0,18
2017,Odisha,GANJAM RTO - OR7( 04-DEC-2017 ),13,MOPED,185,251,348,425,401,316,651,272,222,461,523,140,"4,195"
2017,Odisha,GANJAM RTO - OR7( 04-DEC-2017 ),14,MOTOR CAB,3,10,7,6,1,4,6,4,3,6,9,1,60
2017,Odisha,GANJAM RTO - OR7( 04-DEC-2017 ),15,MOTOR CAR,117,143,127,146,123,103,135,133,89,183,175,58,"1,532"
2017,Odisha,GANJAM RTO - OR7( 04-DEC-2017 ),16,MOTORISED CYCLE (CC > 25CC),0,0,0,0,0,0,0,0,0,0,0,82,82
2017,Odisha,GANJAM RTO - OR7( 04-DEC-2017 ),17,OMNI BUS,13,7,20,7,9,12,15,8,13,17,12,0,133
2017,Odisha,GANJAM RTO - OR7( 04-DEC-2017 ),18,OMNI BUS (PRIVATE USE),10,6,4,15,14,6,12,3,7,19,15,0,111
2017,Odisha,GANJAM RTO - OR7( 04-DEC-2017 ),19,PRIVATE SERVICE VEHICLE,0,0,0,1,0,0,0,0,0,0,0,0,1
2017,Odisha,GANJAM RTO - OR7( 04-DEC-2017 ),20,PRIVATE SERVICE VEHICLE (INDIVIDUAL USE),0,0,0,1,0,0,0,1,0,0,0,0,2
2017,Odisha,GANJAM RTO - OR7( 04-DEC-2017 ),21,THREE WHEELER (GOODS),29,19,48,44,45,37,29,34,28,78,47,32,470
2017,Odisha,GANJAM RTO - OR7( 04-DEC-2017 ),22,THREE WHEELER (PASSENGER),57,77,117,84,76,76,51,59,63,118,102,68,948
2017,Odisha,GANJAM RTO - OR7( 04-DEC-2017 ),23,TRACTOR (COMMERCIAL),45,72,60,36,70,112,82,65,73,68,101,23,807
2017,Odisha,GANJAM RTO - OR7( 04-DEC-2017 ),24,TRAILER (COMMERCIAL),30,58,52,35,45,85,62,52,54,44,77,10,604
2017,Odisha,GANJAM RTO - OR7( 04-DEC-2017 ),25,VEHICLE FITTED WITH RIG,0,0,1,0,0,0,0,0,0,1,0,1,3
2017,Odisha,JAGATSINGHPUR RTO - OR21( 04-DEC-2017 ),1,AGRICULTURAL TRACTOR,1,8,10,5,7,4,10,7,5,2,3,0,62
2017,Odisha,JAGATSINGHPUR RTO - OR21( 04-DEC-2017 ),2,AMBULANCE,0,0,1,0,0,0,0,0,0,0,0,0,1
2017,Odisha,JAGATSINGHPUR RTO - OR21( 04-DEC-2017 ),3,BUS,1,0,0,0,0,0,0,0,0,0,0,0,1
2017,Odisha,JAGATSINGHPUR RTO - OR21( 04-DEC-2017 ),4,CONSTRUCTION EQUIPMENT VEHICLE,2,0,0,4,0,0,3,0,1,0,2,0,12
2017,Odisha,JAGATSINGHPUR RTO - OR21( 04-DEC-2017 ),5,CRANE MOUNTED VEHICLE,0,0,0,1,0,0,0,0,0,0,0,3,4
2017,Odisha,JAGATSINGHPUR RTO - OR21( 04-DEC-2017 ),6,EDUCATIONAL INSTITUTION BUS,0,0,0,0,1,0,0,3,0,0,0,0,4
2017,Odisha,JAGATSINGHPUR RTO - OR21( 04-DEC-2017 ),7,GOODS CARRIER,33,40,49,20,26,20,53,42,62,53,50,26,474
2017,Odisha,JAGATSINGHPUR RTO - OR21( 04-DEC-2017 ),8,MAXI CAB,6,6,6,4,4,5,5,2,10,9,8,6,71
2017,Odisha,JAGATSINGHPUR RTO - OR21( 04-DEC-2017 ),9,M-CYCLE/SCOOTER,889,"1,054","1,496",799,"1,499",800,470,"1,488","1,472","1,336","1,785",656,"13,744"
2017,Odisha,JAGATSINGHPUR RTO - OR21( 04-DEC-2017 ),10,M-CYCLE/SCOOTER-WITH SIDE CAR,0,0,0,1,0,0,0,1,0,0,3,0,5
2017,Odisha,JAGATSINGHPUR RTO - OR21( 04-DEC-2017 ),11,MOPED,87,91,138,147,235,97,31,79,82,68,206,52,"1,313"
2017,Odisha,JAGATSINGHPUR RTO - OR21( 04-DEC-2017 ),12,MOTOR CAB,0,1,1,1,0,1,0,1,1,2,0,2,10
2017,Odisha,JAGATSINGHPUR RTO - OR21( 04-DEC-2017 ),13,MOTOR CAR,13,11,12,5,9,9,29,13,13,7,15,6,142
2017,Odisha,JAGATSINGHPUR RTO - OR21( 04-DEC-2017 ),14,OMNI BUS,0,0,0,0,0,1,0,0,0,0,0,2,3
2017,Odisha,JAGATSINGHPUR RTO - OR21( 04-DEC-2017 ),15,PRIVATE SERVICE VEHICLE,0,0,1,0,0,0,0,0,0,0,0,0,1
2017,Odisha,JAGATSINGHPUR RTO - OR21( 04-DEC-2017 ),16,THREE WHEELER (GOODS),6,13,11,19,12,3,11,5,15,13,24,3,135
2017,Odisha,JAGATSINGHPUR RTO - OR21( 04-DEC-2017 ),17,THREE WHEELER (PASSENGER),6,7,18,11,10,7,9,5,13,8,10,8,112
2017,Odisha,JAGATSINGHPUR RTO - OR21( 04-DEC-2017 ),18,TRACTOR (COMMERCIAL),23,17,30,12,18,14,19,15,31,11,19,3,212
2017,Odisha,JAGATSINGHPUR RTO - OR21( 04-DEC-2017 ),19,TRAILER (COMMERCIAL),23,18,30,12,18,13,18,14,30,9,19,2,206
2017,Odisha,JAJPUR RTO - OR34( 23-OCT-2017 ),1,AGRICULTURAL TRACTOR,0,0,2,2,1,1,1,1,5,3,3,12,31
2017,Odisha,JAJPUR RTO - OR34( 23-OCT-2017 ),2,AMBULANCE,0,0,0,0,1,1,1,0,2,1,0,0,6
2017,Odisha,JAJPUR RTO - OR34( 23-OCT-2017 ),3,BUS,0,0,1,0,0,0,0,1,0,2,0,0,4
2017,Odisha,JAJPUR RTO - OR34( 23-OCT-2017 ),4,CONSTRUCTION EQUIPMENT VEHICLE,2,0,0,1,2,0,1,0,0,0,0,0,6
2017,Odisha,JAJPUR RTO - OR34( 23-OCT-2017 ),5,CRANE MOUNTED VEHICLE,0,0,0,0,3,0,0,0,0,0,0,0,3
2017,Odisha,JAJPUR RTO - OR34( 23-OCT-2017 ),6,DUMPER,0,0,0,0,0,0,0,0,0,0,1,0,1
2017,Odisha,JAJPUR RTO - OR34( 23-OCT-2017 ),7,EDUCATIONAL INSTITUTION BUS,0,0,0,0,2,0,1,1,0,1,0,0,5
2017,Odisha,JAJPUR RTO - OR34( 23-OCT-2017 ),8,E-RICKSHAW(P),0,0,1,0,0,1,0,2,0,0,1,0,5
2017,Odisha,JAJPUR RTO - OR34( 23-OCT-2017 ),9,EXCAVATOR (COMMERCIAL),0,0,1,0,0,0,0,0,0,0,0,4,5
2017,Odisha,JAJPUR RTO - OR34( 23-OCT-2017 ),10,GOODS CARRIER,38,51,62,34,26,25,40,23,20,49,52,40,460
2017,Odisha,JAJPUR RTO - OR34( 23-OCT-2017 ),11,HARVESTER,2,1,0,0,0,0,2,0,0,0,0,1,6
2017,Odisha,JAJPUR RTO - OR34( 23-OCT-2017 ),12,MAXI CAB,9,7,11,5,6,6,11,10,9,12,9,13,108
2017,Odisha,JAJPUR RTO - OR34( 23-OCT-2017 ),13,M-CYCLE/SCOOTER,567,"2,769","1,779","1,708","2,695","1,610","2,298","1,415","1,517","1,546","1,713","4,153","23,770"
2017,Odisha,JAJPUR RTO - OR34( 23-OCT-2017 ),14,M-CYCLE/SCOOTER-WITH SIDE CAR,0,1,0,0,0,1,0,0,0,0,3,1,6
2017,Odisha,JAJPUR RTO - OR34( 23-OCT-2017 ),15,MOPED,96,380,179,147,312,115,98,89,125,88,4,213,"1,846"
2017,Odisha,JAJPUR RTO - OR34( 23-OCT-2017 ),16,MOTOR CAB,2,5,7,4,2,1,3,0,2,3,0,5,34
2017,Odisha,JAJPUR RTO - OR34( 23-OCT-2017 ),17,MOTOR CAR,18,72,35,13,28,39,55,44,41,50,26,65,486
2017,Odisha,JAJPUR RTO - OR34( 23-OCT-2017 ),18,OMNI BUS,0,0,1,1,0,2,0,0,1,3,0,7,15
2017,Odisha,JAJPUR RTO - OR34( 23-OCT-2017 ),19,OMNI BUS (PRIVATE USE),1,1,3,0,0,0,4,4,1,0,0,4,18
2017,Odisha,JAJPUR RTO - OR34( 23-OCT-2017 ),20,PRIVATE SERVICE VEHICLE,0,0,0,0,0,0,0,0,0,0,0,1,1
2017,Odisha,JAJPUR RTO - OR34( 23-OCT-2017 ),21,PRIVATE SERVICE VEHICLE (INDIVIDUAL USE),0,0,1,0,0,0,0,0,0,0,7,1,9
2017,Odisha,JAJPUR RTO - OR34( 23-OCT-2017 ),22,THREE WHEELER (GOODS),9,10,17,19,15,8,11,18,16,18,9,24,174
2017,Odisha,JAJPUR RTO - OR34( 23-OCT-2017 ),23,THREE WHEELER (PASSENGER),17,11,29,47,22,12,11,13,22,51,11,14,260
2017,Odisha,JAJPUR RTO - OR34( 23-OCT-2017 ),24,TRACTOR (COMMERCIAL),26,38,38,21,31,14,25,17,12,16,11,10,259
2017,Odisha,JAJPUR RTO - OR34( 23-OCT-2017 ),25,TRACTOR-TROLLEY(COMMERCIAL),0,0,0,0,0,0,0,0,0,0,1,0,1
2017,Odisha,JHARSUGUDA RTO - OR23( 07-NOV-2017 ),1,AMBULANCE,0,0,0,1,0,0,0,0,0,0,0,0,1
2017,Odisha,JHARSUGUDA RTO - OR23( 07-NOV-2017 ),2,ARTICULATED VEHICLE,0,0,0,0,0,5,2,0,0,0,0,0,7
2017,Odisha,JHARSUGUDA RTO - OR23( 07-NOV-2017 ),3,BUS,6,1,1,1,1,0,0,0,1,0,2,1,14
2017,Odisha,JHARSUGUDA RTO - OR23( 07-NOV-2017 ),4,CONSTRUCTION EQUIPMENT VEHICLE,1,9,6,6,3,2,5,1,3,9,5,3,53
2017,Odisha,JHARSUGUDA RTO - OR23( 07-NOV-2017 ),5,CRANE MOUNTED VEHICLE,7,7,5,2,6,0,4,3,7,3,18,0,62
2017,Odisha,JHARSUGUDA RTO - OR23( 07-NOV-2017 ),6,EARTH MOVING EQUIPMENT,0,0,1,0,0,0,0,0,0,0,0,0,1
2017,Odisha,JHARSUGUDA RTO - OR23( 07-NOV-2017 ),7,EDUCATIONAL INSTITUTION BUS,0,0,1,1,0,0,1,3,0,1,1,0,8
2017,Odisha,JHARSUGUDA RTO - OR23( 07-NOV-2017 ),8,EXCAVATOR (NT),0,0,1,0,0,0,0,0,0,0,0,0,1
2017,Odisha,JHARSUGUDA RTO - OR23( 07-NOV-2017 ),9,FORK LIFT,0,0,0,0,0,0,0,0,0,0,1,0,1
2017,Odisha,JHARSUGUDA RTO - OR23( 07-NOV-2017 ),10,GOODS CARRIER,41,61,75,80,57,39,65,40,53,67,102,74,754
2017,Odisha,JHARSUGUDA RTO - OR23( 07-NOV-2017 ),11,MAXI CAB,8,12,6,8,10,6,8,5,11,11,8,10,103
2017,Odisha,JHARSUGUDA RTO - OR23( 07-NOV-2017 ),12,M-CYCLE/SCOOTER,513,772,880,"1,374","1,171",818,880,605,965,"1,709",975,808,"11,470"
2017,Odisha,JHARSUGUDA RTO - OR23( 07-NOV-2017 ),13,MOPED,58,80,74,63,40,59,36,49,50,88,62,83,742
2017,Odisha,JHARSUGUDA RTO - OR23( 07-NOV-2017 ),14,MOTOR CAB,1,0,3,1,0,1,4,0,0,5,1,2,18
2017,Odisha,JHARSUGUDA RTO - OR23( 07-NOV-2017 ),15,MOTOR CAR,75,98,91,65,81,87,138,80,116,164,53,100,"1,148"
2017,Odisha,JHARSUGUDA RTO - OR23( 07-NOV-2017 ),16,OMNI BUS,0,1,0,2,0,0,1,0,1,0,2,6,13
2017,Odisha,JHARSUGUDA RTO - OR23( 07-NOV-2017 ),17,OMNI BUS (PRIVATE USE),1,3,5,3,6,3,5,1,1,7,0,1,36
2017,Odisha,JHARSUGUDA RTO - OR23( 07-NOV-2017 ),18,PRIVATE SERVICE VEHICLE,2,0,0,1,1,0,2,0,1,1,0,1,9
2017,Odisha,JHARSUGUDA RTO - OR23( 07-NOV-2017 ),19,PRIVATE SERVICE VEHICLE (INDIVIDUAL USE),0,0,0,0,0,0,0,0,0,0,1,0,1
2017,Odisha,JHARSUGUDA RTO - OR23( 07-NOV-2017 ),20,THREE WHEELER (GOODS),2,4,6,4,4,2,2,2,3,5,6,4,44
2017,Odisha,JHARSUGUDA RTO - OR23( 07-NOV-2017 ),21,THREE WHEELER (PASSENGER),6,4,7,6,4,14,12,9,16,13,8,10,109
2017,Odisha,JHARSUGUDA RTO - OR23( 07-NOV-2017 ),22,TRACTOR (COMMERCIAL),9,5,24,12,14,16,14,23,11,8,19,8,163
2017,Odisha,JHARSUGUDA RTO - OR23( 07-NOV-2017 ),23,TRACTOR-TROLLEY(COMMERCIAL),4,5,8,6,12,13,7,10,5,5,17,6,98
2017,Odisha,JHARSUGUDA RTO - OR23( 07-NOV-2017 ),24,TRAILER (COMMERCIAL),2,0,11,2,3,0,5,3,4,3,4,0,37
2017,Odisha,KALAHANDI RTO - OR8( 23-OCT-2017 ),1,AGRICULTURAL TRACTOR,1,0,2,2,1,0,0,1,0,1,0,1,9
2017,Odisha,KALAHANDI RTO - OR8( 23-OCT-2017 ),2,AMBULANCE,1,0,0,0,0,0,0,0,0,0,0,0,1
2017,Odisha,KALAHANDI RTO - OR8( 23-OCT-2017 ),3,BUS,1,2,5,4,0,0,3,1,1,0,7,2,26
2017,Odisha,KALAHANDI RTO - OR8( 23-OCT-2017 ),4,CONSTRUCTION EQUIPMENT VEHICLE,4,3,3,3,3,1,5,2,3,1,0,1,29
2017,Odisha,KALAHANDI RTO - OR8( 23-OCT-2017 ),5,CRANE MOUNTED VEHICLE,0,0,1,0,0,1,0,0,0,0,0,0,2
2017,Odisha,KALAHANDI RTO - OR8( 23-OCT-2017 ),6,EDUCATIONAL INSTITUTION BUS,0,0,0,2,0,1,0,3,1,0,0,0,7
2017,Odisha,KALAHANDI RTO - OR8( 23-OCT-2017 ),7,E-RICKSHAW(P),0,0,0,0,0,0,1,1,0,1,1,2,6
2017,Odisha,KALAHANDI RTO - OR8( 23-OCT-2017 ),8,EXCAVATOR (COMMERCIAL),0,1,0,0,0,0,0,0,0,0,3,0,4
2017,Odisha,KALAHANDI RTO - OR8( 23-OCT-2017 ),9,EXCAVATOR (NT),0,0,0,0,0,0,0,0,0,0,1,0,1
2017,Odisha,KALAHANDI RTO - OR8( 23-OCT-2017 ),10,GOODS CARRIER,43,49,41,57,21,23,39,21,28,19,18,75,434
2017,Odisha,KALAHANDI RTO - OR8( 23-OCT-2017 ),11,LUXURY CAB,0,0,0,1,0,0,0,0,1,0,2,2,6
2017,Odisha,KALAHANDI RTO - OR8( 23-OCT-2017 ),12,MAXI CAB,6,9,13,13,7,7,6,3,5,0,5,8,82
2017,Odisha,KALAHANDI RTO - OR8( 23-OCT-2017 ),13,M-CYCLE/SCOOTER,770,"1,607","1,543","1,768","3,454","1,863","1,173",833,839,"1,046",443,"1,113","16,452"
2017,Odisha,KALAHANDI RTO - OR8( 23-OCT-2017 ),14,M-CYCLE/SCOOTER-WITH SIDE CAR,0,0,0,0,2,0,1,0,0,0,0,0,3
2017,Odisha,KALAHANDI RTO - OR8( 23-OCT-2017 ),15,MOPED,52,214,104,85,142,92,84,69,83,115,47,185,"1,272"
2017,Odisha,KALAHANDI RTO - OR8( 23-OCT-2017 ),16,MOTOR CAB,2,0,1,1,0,1,2,1,3,1,1,2,15
2017,Odisha,KALAHANDI RTO - OR8( 23-OCT-2017 ),17,MOTOR CAR,61,81,59,75,59,55,78,49,57,40,33,88,735
2017,Odisha,KALAHANDI RTO - OR8( 23-OCT-2017 ),18,MOTORISED CYCLE (CC > 25CC),0,0,0,0,0,0,0,0,0,0,1,2,3
2017,Odisha,KALAHANDI RTO - OR8( 23-OCT-2017 ),19,OMNI BUS,3,3,5,4,3,3,8,0,1,1,12,6,49
2017,Odisha,KALAHANDI RTO - OR8( 23-OCT-2017 ),20,OMNI BUS (PRIVATE USE),5,3,7,3,4,1,4,3,1,3,3,6,43
2017,Odisha,KALAHANDI RTO - OR8( 23-OCT-2017 ),21,PRIVATE SERVICE VEHICLE (INDIVIDUAL USE),0,0,0,0,0,0,0,0,0,0,1,5,6
2017,Odisha,KALAHANDI RTO - OR8( 23-OCT-2017 ),22,THREE WHEELER (GOODS),3,0,2,11,9,1,4,1,2,3,2,4,42
2017,Odisha,KALAHANDI RTO - OR8( 23-OCT-2017 ),23,THREE WHEELER (PASSENGER),28,22,26,43,31,30,27,24,9,21,3,44,308
2017,Odisha,KALAHANDI RTO - OR8( 23-OCT-2017 ),24,TRACTOR (COMMERCIAL),40,61,59,124,42,24,105,76,56,27,33,77,724
2017,Odisha,KALAHANDI RTO - OR8( 23-OCT-2017 ),25,TRACTOR-TROLLEY(COMMERCIAL),0,0,0,0,0,0,0,1,1,0,1,4,7
2017,Odisha,KENDRAPARA RTO - OR29( 23-OCT-2017 ),1,AGRICULTURAL TRACTOR,0,3,0,4,1,2,4,5,4,0,4,13,40
2017,Odisha,KENDRAPARA RTO - OR29( 23-OCT-2017 ),2,AMBULANCE,0,0,0,0,0,1,1,0,0,0,0,0,2
2017,Odisha,KENDRAPARA RTO - OR29( 23-OCT-2017 ),3,ARTICULATED VEHICLE,0,0,0,0,0,3,0,0,0,0,0,0,3
2017,Odisha,KENDRAPARA RTO - OR29( 23-OCT-2017 ),4,BUS,0,0,0,2,0,0,0,1,0,0,0,0,3
2017,Odisha,KENDRAPARA RTO - OR29( 23-OCT-2017 ),5,CONSTRUCTION EQUIPMENT VEHICLE,0,0,0,1,0,1,1,0,0,0,0,0,3
2017,Odisha,KENDRAPARA RTO - OR29( 23-OCT-2017 ),6,EDUCATIONAL INSTITUTION BUS,0,0,0,1,0,1,2,1,1,0,0,1,7
2017,Odisha,KENDRAPARA RTO - OR29( 23-OCT-2017 ),7,GOODS CARRIER,66,50,73,59,54,47,54,36,50,73,76,57,695
2017,Odisha,KENDRAPARA RTO - OR29( 23-OCT-2017 ),8,MAXI CAB,8,4,7,1,6,7,11,2,2,5,7,3,63
2017,Odisha,KENDRAPARA RTO - OR29( 23-OCT-2017 ),9,M-CYCLE/SCOOTER,612,842,989,923,"1,105",801,827,605,724,694,584,"1,104","9,810"
2017,Odisha,KENDRAPARA RTO - OR29( 23-OCT-2017 ),10,M-CYCLE/SCOOTER-WITH SIDE CAR,0,0,1,0,0,0,0,0,0,0,0,0,1
2017,Odisha,KENDRAPARA RTO - OR29( 23-OCT-2017 ),11,MOPED,16,50,22,160,128,46,76,24,23,34,77,108,764
2017,Odisha,KENDRAPARA RTO - OR29( 23-OCT-2017 ),12,MOTOR CAB,0,1,1,0,1,0,2,1,4,3,3,3,19
2017,Odisha,KENDRAPARA RTO - OR29( 23-OCT-2017 ),13,MOTOR CAR,5,6,17,9,13,11,16,5,8,6,9,10,115
2017,Odisha,KENDRAPARA RTO - OR29( 23-OCT-2017 ),14,OMNI BUS,0,0,0,0,0,0,0,1,0,0,2,1,4
2017,Odisha,KENDRAPARA RTO - OR29( 23-OCT-2017 ),15,OMNI BUS (PRIVATE USE),0,2,0,0,1,0,0,1,0,1,1,0,6
2017,Odisha,KENDRAPARA RTO - OR29( 23-OCT-2017 ),16,THREE WHEELER (GOODS),17,13,24,32,20,12,16,12,20,16,11,15,208
2017,Odisha,KENDRAPARA RTO - OR29( 23-OCT-2017 ),17,THREE WHEELER (PASSENGER),18,22,27,23,33,9,22,22,20,35,33,17,281
2017,Odisha,KENDRAPARA RTO - OR29( 23-OCT-2017 ),18,TRACTOR (COMMERCIAL),17,37,61,25,20,17,40,36,44,30,17,28,372
2017,Odisha,KENDRAPARA RTO - OR29( 23-OCT-2017 ),19,TRAILER (COMMERCIAL),15,32,60,23,21,14,29,28,25,20,13,21,301
2017,Odisha,KEONJHAR RTO - OR9( 04-DEC-2017 ),1,AGRICULTURAL TRACTOR,0,0,0,1,0,0,2,3,0,0,0,0,6
2017,Odisha,KEONJHAR RTO - OR9( 04-DEC-2017 ),2,AMBULANCE,0,0,1,0,0,0,0,0,0,0,0,0,1
2017,Odisha,KEONJHAR RTO - OR9( 04-DEC-2017 ),3,ARTICULATED VEHICLE,0,0,2,0,0,0,0,0,0,0,1,0,3
2017,Odisha,KEONJHAR RTO - OR9( 04-DEC-2017 ),4,BUS,4,0,6,2,1,1,1,1,0,5,2,0,23
2017,Odisha,KEONJHAR RTO - OR9( 04-DEC-2017 ),5,CONSTRUCTION EQUIPMENT VEHICLE,0,0,0,1,0,0,0,0,0,0,2,0,3
2017,Odisha,KEONJHAR RTO - OR9( 04-DEC-2017 ),6,CONSTRUCTION EQUIPMENT VEHICLE (COMMERCIAL),0,0,1,0,0,0,0,0,0,0,0,0,1
2017,Odisha,KEONJHAR RTO - OR9( 04-DEC-2017 ),7,EARTH MOVING EQUIPMENT,0,0,0,1,0,0,0,0,0,0,0,0,1
2017,Odisha,KEONJHAR RTO - OR9( 04-DEC-2017 ),8,EDUCATIONAL INSTITUTION BUS,0,0,1,7,0,2,1,3,0,0,0,1,15
2017,Odisha,KEONJHAR RTO - OR9( 04-DEC-2017 ),9,GOODS CARRIER,39,27,71,82,43,34,51,47,69,77,103,22,665
2017,Odisha,KEONJHAR RTO - OR9( 04-DEC-2017 ),10,MAXI CAB,0,1,1,1,3,0,1,2,5,4,6,1,25
2017,Odisha,KEONJHAR RTO - OR9( 04-DEC-2017 ),11,M-CYCLE/SCOOTER,567,994,"1,029","1,266",825,"1,536","1,485","1,028",836,"1,219","2,733",30,"13,548"
2017,Odisha,KEONJHAR RTO - OR9( 04-DEC-2017 ),12,M-CYCLE/SCOOTER-WITH SIDE CAR,0,0,0,1,1,0,0,0,0,0,0,0,2
2017,Odisha,KEONJHAR RTO - OR9( 04-DEC-2017 ),13,MOPED,41,50,86,25,43,179,96,76,62,35,293,0,986
2017,Odisha,KEONJHAR RTO - OR9( 04-DEC-2017 ),14,MOTOR CAB,0,1,1,0,2,0,3,2,4,4,6,0,23
2017,Odisha,KEONJHAR RTO - OR9( 04-DEC-2017 ),15,MOTOR CAR,16,29,31,17,34,17,39,25,36,27,47,10,328
2017,Odisha,KEONJHAR RTO - OR9( 04-DEC-2017 ),16,MOTORISED CYCLE (CC > 25CC),0,0,0,1,0,0,0,0,0,0,0,0,1
2017,Odisha,KEONJHAR RTO - OR9( 04-DEC-2017 ),17,OMNI BUS,2,2,2,0,2,1,12,4,3,12,11,0,51
2017,Odisha,KEONJHAR RTO - OR9( 04-DEC-2017 ),18,OMNI BUS (PRIVATE USE),0,0,1,0,0,2,2,0,0,2,1,0,8
2017,Odisha,KEONJHAR RTO - OR9( 04-DEC-2017 ),19,THREE WHEELER (GOODS),5,20,19,17,18,13,14,10,11,43,41,21,232
2017,Odisha,KEONJHAR RTO - OR9( 04-DEC-2017 ),20,THREE WHEELER (PASSENGER),25,39,77,41,41,52,31,37,43,87,121,27,621
2017,Odisha,KEONJHAR RTO - OR9( 04-DEC-2017 ),21,TRACTOR (COMMERCIAL),21,13,63,30,59,46,61,28,43,58,140,16,578
2017,Odisha,KEONJHAR RTO - OR9( 04-DEC-2017 ),22,TRAILER (AGRICULTURAL),0,0,0,0,1,0,0,0,0,0,0,0,1
2017,Odisha,KEONJHAR RTO - OR9( 04-DEC-2017 ),23,TRAILER (COMMERCIAL),20,15,62,29,58,47,59,29,41,59,138,16,573
2017,Odisha,KEONJHAR RTO - OR9( 04-DEC-2017 ),24,VEHICLE FITTED WITH COMPRESSOR,0,0,0,0,0,0,0,0,1,0,0,0,1
2017,Odisha,KHORDHA ARTO - OR201( 20-JAN-2018 ),1,AGRICULTURAL TRACTOR,6,3,4,7,3,4,3,5,9,8,6,0,58
2017,Odisha,KHORDHA ARTO - OR201( 20-JAN-2018 ),2,AMBULANCE,0,0,1,0,0,1,0,0,0,0,0,0,2
2017,Odisha,KHORDHA ARTO - OR201( 20-JAN-2018 ),3,BUS,1,0,1,0,1,3,2,0,1,1,0,1,11
2017,Odisha,KHORDHA ARTO - OR201( 20-JAN-2018 ),4,EDUCATIONAL INSTITUTION BUS,0,0,1,0,0,0,0,0,1,0,0,3,5
2017,Odisha,KHORDHA ARTO - OR201( 20-JAN-2018 ),5,GOODS CARRIER,35,44,39,39,35,26,46,29,28,47,31,28,427
2017,Odisha,KHORDHA ARTO - OR201( 20-JAN-2018 ),6,MAXI CAB,5,2,6,4,1,3,4,1,1,4,1,1,33
2017,Odisha,KHORDHA ARTO - OR201( 20-JAN-2018 ),7,M-CYCLE/SCOOTER,196,342,427,386,549,307,401,491,468,417,740,512,"5,236"
2017,Odisha,KHORDHA ARTO - OR201( 20-JAN-2018 ),8,M-CYCLE/SCOOTER-WITH SIDE CAR,0,0,0,0,0,0,1,1,0,0,1,1,4
2017,Odisha,KHORDHA ARTO - OR201( 20-JAN-2018 ),9,MOPED,18,26,32,53,14,32,56,19,41,83,63,37,474
2017,Odisha,KHORDHA ARTO - OR201( 20-JAN-2018 ),10,MOTOR CAB,1,1,0,0,2,3,1,0,0,2,0,2,12
2017,Odisha,KHORDHA ARTO - OR201( 20-JAN-2018 ),11,MOTOR CAR,21,15,25,28,23,11,21,16,20,30,22,21,253
2017,Odisha,KHORDHA ARTO - OR201( 20-JAN-2018 ),12,MOTORISED CYCLE (CC > 25CC),0,0,0,0,0,0,0,0,0,0,0,1,1
2017,Odisha,KHORDHA ARTO - OR201( 20-JAN-2018 ),13,OMNI BUS,0,0,0,0,0,1,3,0,1,3,1,1,10
2017,Odisha,KHORDHA ARTO - OR201( 20-JAN-2018 ),14,OMNI BUS (PRIVATE USE),0,0,0,0,0,1,0,0,2,1,0,1,5
2017,Odisha,KHORDHA ARTO - OR201( 20-JAN-2018 ),15,PRIVATE SERVICE VEHICLE,0,0,0,0,0,0,0,0,0,0,1,0,1
2017,Odisha,KHORDHA ARTO - OR201( 20-JAN-2018 ),16,THREE WHEELER (GOODS),12,10,16,15,16,11,17,10,7,18,19,7,158
2017,Odisha,KHORDHA ARTO - OR201( 20-JAN-2018 ),17,THREE WHEELER (PASSENGER),27,13,34,34,29,9,24,19,19,37,28,9,282
2017,Odisha,KHORDHA ARTO - OR201( 20-JAN-2018 ),18,TRACTOR (COMMERCIAL),19,18,16,18,13,7,22,8,20,12,17,2,172
2017,Odisha,KHORDHA ARTO - OR201( 20-JAN-2018 ),19,TRAILER (AGRICULTURAL),0,0,0,1,0,0,0,0,0,0,0,0,1
2017,Odisha,KHORDHA ARTO - OR201( 20-JAN-2018 ),20,TRAILER (COMMERCIAL),18,18,14,18,14,8,22,7,19,12,17,3,170
2017,Odisha,KORAPUT RTO - OR10( 25-DEC-2017 ),1,AGRICULTURAL TRACTOR,0,0,0,1,0,1,0,0,0,0,0,0,2
2017,Odisha,KORAPUT RTO - OR10( 25-DEC-2017 ),2,AMBULANCE,0,0,0,0,1,0,0,2,0,0,0,2,5
2017,Odisha,KORAPUT RTO - OR10( 25-DEC-2017 ),3,BUS,1,1,6,6,1,1,1,0,1,0,9,3,30
2017,Odisha,KORAPUT RTO - OR10( 25-DEC-2017 ),4,CONSTRUCTION EQUIPMENT VEHICLE,0,0,1,0,0,0,0,0,0,0,0,0,1
2017,Odisha,KORAPUT RTO - OR10( 25-DEC-2017 ),5,CRANE MOUNTED VEHICLE,5,1,5,2,6,11,3,3,5,5,4,10,60
2017,Odisha,KORAPUT RTO - OR10( 25-DEC-2017 ),6,DUMPER,0,0,0,1,0,0,0,0,0,0,0,3,4
2017,Odisha,KORAPUT RTO - OR10( 25-DEC-2017 ),7,EARTH MOVING EQUIPMENT,0,0,0,0,0,1,0,0,0,0,0,0,1
2017,Odisha,KORAPUT RTO - OR10( 25-DEC-2017 ),8,EDUCATIONAL INSTITUTION BUS,0,0,1,0,0,0,0,1,1,0,0,1,4
2017,Odisha,KORAPUT RTO - OR10( 25-DEC-2017 ),9,E-RICKSHAW(P),0,0,0,0,0,0,0,1,0,0,0,0,1
2017,Odisha,KORAPUT RTO - OR10( 25-DEC-2017 ),10,EXCAVATOR (COMMERCIAL),0,0,1,0,0,2,0,0,0,0,0,0,3
2017,Odisha,KORAPUT RTO - OR10( 25-DEC-2017 ),11,GOODS CARRIER,28,25,43,36,35,27,32,23,31,50,60,31,421
2017,Odisha,KORAPUT RTO - OR10( 25-DEC-2017 ),12,MAXI CAB,2,9,3,6,7,7,3,6,13,9,10,4,79
2017,Odisha,KORAPUT RTO - OR10( 25-DEC-2017 ),13,M-CYCLE/SCOOTER,"1,027","1,284","1,649","1,522","2,289","1,454","1,790","1,078","1,096","2,141","2,407","1,424","19,161"
2017,Odisha,KORAPUT RTO - OR10( 25-DEC-2017 ),14,M-CYCLE/SCOOTER-WITH SIDE CAR,1,1,1,1,0,1,2,0,0,0,0,0,7
2017,Odisha,KORAPUT RTO - OR10( 25-DEC-2017 ),15,MOPED,2,19,15,16,37,30,31,31,25,52,76,40,374
2017,Odisha,KORAPUT RTO - OR10( 25-DEC-2017 ),16,MOTOR CAB,3,6,7,4,2,5,4,4,3,3,5,5,51
2017,Odisha,KORAPUT RTO - OR10( 25-DEC-2017 ),17,MOTOR CAR,51,57,63,51,76,66,69,40,68,100,101,73,815
2017,Odisha,KORAPUT RTO - OR10( 25-DEC-2017 ),18,MOTORISED CYCLE (CC > 25CC),0,0,0,0,0,0,0,0,0,2,0,0,2
2017,Odisha,KORAPUT RTO - OR10( 25-DEC-2017 ),19,OMNI BUS,3,1,2,0,2,1,0,3,2,2,6,0,22
2017,Odisha,KORAPUT RTO - OR10( 25-DEC-2017 ),20,OMNI BUS (PRIVATE USE),8,4,15,8,5,11,13,9,7,13,18,7,118
2017,Odisha,KORAPUT RTO - OR10( 25-DEC-2017 ),21,PRIVATE SERVICE VEHICLE,0,0,0,0,2,0,0,0,0,0,0,0,2
2017,Odisha,KORAPUT RTO - OR10( 25-DEC-2017 ),22,PRIVATE SERVICE VEHICLE (INDIVIDUAL USE),0,0,0,0,0,1,0,0,0,0,0,1,2
2017,Odisha,KORAPUT RTO - OR10( 25-DEC-2017 ),23,THREE WHEELER (GOODS),7,1,6,2,5,6,3,4,6,2,9,7,58
2017,Odisha,KORAPUT RTO - OR10( 25-DEC-2017 ),24,THREE WHEELER (PASSENGER),17,37,60,34,69,43,56,37,48,37,83,40,561
2017,Odisha,KORAPUT RTO - OR10( 25-DEC-2017 ),25,TRACTOR (COMMERCIAL),33,23,55,16,50,30,46,33,40,40,46,104,516
2017,Odisha,MALKANAGIRI RTO - OR30( 25-DEC-2017 ),1,AMBULANCE,0,0,0,0,0,0,1,0,2,0,0,0,3
2017,Odisha,MALKANAGIRI RTO - OR30( 25-DEC-2017 ),2,BUS,0,0,2,0,0,0,0,0,0,0,0,0,2
2017,Odisha,MALKANAGIRI RTO - OR30( 25-DEC-2017 ),3,EDUCATIONAL INSTITUTION BUS,0,0,1,0,1,0,0,0,0,0,0,0,2
2017,Odisha,MALKANAGIRI RTO - OR30( 25-DEC-2017 ),4,GOODS CARRIER,5,33,12,13,21,14,8,16,12,22,18,22,196
2017,Odisha,MALKANAGIRI RTO - OR30( 25-DEC-2017 ),5,MAXI CAB,0,1,0,1,1,1,0,0,0,0,1,0,5
2017,Odisha,MALKANAGIRI RTO - OR30( 25-DEC-2017 ),6,M-CYCLE/SCOOTER,165,301,227,311,914,513,"1,178",354,267,544,576,646,"5,996"
2017,Odisha,MALKANAGIRI RTO - OR30( 25-DEC-2017 ),7,M-CYCLE/SCOOTER-WITH SIDE CAR,0,0,0,0,1,0,0,0,0,0,1,0,2
2017,Odisha,MALKANAGIRI RTO - OR30( 25-DEC-2017 ),8,MOPED,3,2,1,0,1,2,9,59,32,38,28,64,239
2017,Odisha,MALKANAGIRI RTO - OR30( 25-DEC-2017 ),9,MOTOR CAB,1,0,0,0,1,0,3,0,0,0,1,0,6
2017,Odisha,MALKANAGIRI RTO - OR30( 25-DEC-2017 ),10,MOTOR CAR,10,14,9,16,21,6,12,17,7,16,17,7,152
2017,Odisha,MALKANAGIRI RTO - OR30( 25-DEC-2017 ),11,OMNI BUS,1,0,1,0,1,1,0,0,0,2,5,2,13
2017,Odisha,MALKANAGIRI RTO - OR30( 25-DEC-2017 ),12,OMNI BUS (PRIVATE USE),0,2,0,2,3,2,4,6,1,2,1,3,26
2017,Odisha,MALKANAGIRI RTO - OR30( 25-DEC-2017 ),13,PRIVATE SERVICE VEHICLE (INDIVIDUAL USE),0,0,0,0,0,0,0,0,0,0,0,1,1
2017,Odisha,MALKANAGIRI RTO - OR30( 25-DEC-2017 ),14,THREE WHEELER (GOODS),0,3,2,0,3,1,0,3,1,0,5,0,18
2017,Odisha,MALKANAGIRI RTO - OR30( 25-DEC-2017 ),15,THREE WHEELER (PASSENGER),16,22,32,19,44,22,16,22,18,33,43,28,315
2017,Odisha,MALKANAGIRI RTO - OR30( 25-DEC-2017 ),16,TRACTOR (COMMERCIAL),8,10,39,9,44,18,14,32,43,45,28,33,323
2017,Odisha,MALKANAGIRI RTO - OR30( 25-DEC-2017 ),17,TRAILER (AGRICULTURAL),0,0,0,0,0,1,0,0,0,0,0,0,1
2017,Odisha,MALKANAGIRI RTO - OR30( 25-DEC-2017 ),18,TRAILER (COMMERCIAL),5,13,31,5,38,8,5,7,15,20,20,11,178
2017,Odisha,MAYURBHANJ RTO - OR11( 08-NOV-2017 ),1,AGRICULTURAL TRACTOR,2,3,0,4,1,4,8,8,3,4,0,2,39
2017,Odisha,MAYURBHANJ RTO - OR11( 08-NOV-2017 ),2,AMBULANCE,0,0,0,1,0,0,1,0,0,0,0,0,2
2017,Odisha,MAYURBHANJ RTO - OR11( 08-NOV-2017 ),3,BUS,3,4,3,6,4,7,1,2,3,1,2,3,39
2017,Odisha,MAYURBHANJ RTO - OR11( 08-NOV-2017 ),4,CRANE MOUNTED VEHICLE,0,0,1,0,0,0,0,0,0,0,0,0,1
2017,Odisha,MAYURBHANJ RTO - OR11( 08-NOV-2017 ),5,EDUCATIONAL INSTITUTION BUS,0,0,0,3,0,0,1,0,0,1,1,0,6
2017,Odisha,MAYURBHANJ RTO - OR11( 08-NOV-2017 ),6,E-RICKSHAW(P),0,0,0,0,0,0,0,0,0,0,1,0,1
2017,Odisha,MAYURBHANJ RTO - OR11( 08-NOV-2017 ),7,EXCAVATOR (COMMERCIAL),0,0,0,0,0,0,0,0,0,0,0,1,1
2017,Odisha,MAYURBHANJ RTO - OR11( 08-NOV-2017 ),8,GOODS CARRIER,26,27,39,38,34,36,47,37,15,31,27,60,417
2017,Odisha,MAYURBHANJ RTO - OR11( 08-NOV-2017 ),9,MAXI CAB,7,5,9,7,8,11,7,7,4,13,0,12,90
2017,Odisha,MAYURBHANJ RTO - OR11( 08-NOV-2017 ),10,M-CYCLE/SCOOTER,"1,563","1,344","2,071","1,636","2,025","1,346","1,854","1,343",963,"2,143","1,933","1,272","19,493"
2017,Odisha,MAYURBHANJ RTO - OR11( 08-NOV-2017 ),11,M-CYCLE/SCOOTER-WITH SIDE CAR,0,0,1,3,0,1,3,0,0,0,1,0,9
2017,Odisha,MAYURBHANJ RTO - OR11( 08-NOV-2017 ),12,MOPED,109,118,116,115,137,115,98,88,67,111,149,89,"1,312"
2017,Odisha,MAYURBHANJ RTO - OR11( 08-NOV-2017 ),13,MOTOR CAB,3,0,3,2,5,1,3,4,1,2,1,1,26
2017,Odisha,MAYURBHANJ RTO - OR11( 08-NOV-2017 ),14,MOTOR CAR,85,63,50,74,101,79,87,77,65,147,37,120,985
2017,Odisha,MAYURBHANJ RTO - OR11( 08-NOV-2017 ),15,MOTORISED CYCLE (CC > 25CC),0,0,0,0,0,0,0,0,0,0,4,1,5
2017,Odisha,MAYURBHANJ RTO - OR11( 08-NOV-2017 ),16,OMNI BUS,3,7,1,1,2,4,2,4,1,8,3,2,38
2017,Odisha,MAYURBHANJ RTO - OR11( 08-NOV-2017 ),17,OMNI BUS (PRIVATE USE),0,2,1,5,3,2,1,1,0,6,0,1,22
2017,Odisha,MAYURBHANJ RTO - OR11( 08-NOV-2017 ),18,PRIVATE SERVICE VEHICLE (INDIVIDUAL USE),0,0,1,0,0,0,0,0,0,0,0,1,2
2017,Odisha,MAYURBHANJ RTO - OR11( 08-NOV-2017 ),19,THREE WHEELER (GOODS),13,17,25,25,22,21,9,11,15,21,3,10,192
2017,Odisha,MAYURBHANJ RTO - OR11( 08-NOV-2017 ),20,THREE WHEELER (PASSENGER),34,36,48,37,48,38,37,41,40,45,20,23,447
2017,Odisha,MAYURBHANJ RTO - OR11( 08-NOV-2017 ),21,TRACTOR (COMMERCIAL),28,43,60,51,49,45,46,50,32,51,12,37,504
2017,Odisha,MAYURBHANJ RTO - OR11( 08-NOV-2017 ),22,TRAILER (COMMERCIAL),29,36,59,50,47,44,43,35,30,43,6,28,450
2017,Odisha,NAWARANGPUR RTO - OR24( 07-NOV-2017 ),1,AGRICULTURAL TRACTOR,0,0,0,2,1,0,0,0,0,0,0,1,4
2017,Odisha,NAWARANGPUR RTO - OR24( 07-NOV-2017 ),2,AMBULANCE,1,0,0,0,0,0,0,0,0,0,0,0,1
2017,Odisha,NAWARANGPUR RTO - OR24( 07-NOV-2017 ),3,BUS,0,1,0,1,0,0,0,0,3,0,0,0,5
2017,Odisha,NAWARANGPUR RTO - OR24( 07-NOV-2017 ),4,EDUCATIONAL INSTITUTION BUS,0,0,0,0,0,0,0,1,0,2,0,0,3
2017,Odisha,NAWARANGPUR RTO - OR24( 07-NOV-2017 ),5,GOODS CARRIER,6,6,34,12,14,10,18,13,7,31,18,37,206
2017,Odisha,NAWARANGPUR RTO - OR24( 07-NOV-2017 ),6,MAXI CAB,4,1,3,2,3,0,2,1,1,7,1,0,25
2017,Odisha,NAWARANGPUR RTO - OR24( 07-NOV-2017 ),7,M-CYCLE/SCOOTER,394,537,548,312,"1,489",891,263,689,314,974,193,334,"6,938"
2017,Odisha,NAWARANGPUR RTO - OR24( 07-NOV-2017 ),8,M-CYCLE/SCOOTER-WITH SIDE CAR,0,0,1,0,0,0,0,0,0,0,0,1,2
2017,Odisha,NAWARANGPUR RTO - OR24( 07-NOV-2017 ),9,MOPED,42,45,59,27,108,72,22,50,54,84,12,18,593
2017,Odisha,NAWARANGPUR RTO - OR24( 07-NOV-2017 ),10,MOTOR CAB,0,0,1,1,0,0,0,0,0,0,0,2,4
2017,Odisha,NAWARANGPUR RTO - OR24( 07-NOV-2017 ),11,MOTOR CAR,32,17,40,23,35,18,31,22,21,46,24,29,338
2017,Odisha,NAWARANGPUR RTO - OR24( 07-NOV-2017 ),12,OMNI BUS,0,0,0,0,0,0,0,0,1,0,0,0,1
2017,Odisha,NAWARANGPUR RTO - OR24( 07-NOV-2017 ),13,OMNI BUS (PRIVATE USE),2,0,3,2,2,1,1,1,2,1,1,3,19
2017,Odisha,NAWARANGPUR RTO - OR24( 07-NOV-2017 ),14,THREE WHEELER (GOODS),4,0,2,0,2,1,7,0,2,4,1,5,28
2017,Odisha,NAWARANGPUR RTO - OR24( 07-NOV-2017 ),15,THREE WHEELER (PASSENGER),29,18,52,42,46,37,37,21,21,57,22,42,424
2017,Odisha,NAWARANGPUR RTO - OR24( 07-NOV-2017 ),16,TRACTOR (COMMERCIAL),8,55,58,47,24,47,22,55,80,64,18,30,508
2017,Odisha,NAWARANGPUR RTO - OR24( 07-NOV-2017 ),17,TRAILER (COMMERCIAL),8,55,58,45,27,46,22,46,62,51,15,24,459
2017,Odisha,NAYAGARH RTO - OR25( 25-DEC-2017 ),1,AGRICULTURAL TRACTOR,3,2,4,2,1,4,10,3,2,5,9,3,48
2017,Odisha,NAYAGARH RTO - OR25( 25-DEC-2017 ),2,AMBULANCE,0,0,0,0,0,0,0,1,2,0,1,0,4
2017,Odisha,NAYAGARH RTO - OR25( 25-DEC-2017 ),3,BUS,1,0,1,1,0,0,1,1,1,3,0,2,11
2017,Odisha,NAYAGARH RTO - OR25( 25-DEC-2017 ),4,CONSTRUCTION EQUIPMENT VEHICLE,0,1,0,0,0,0,0,0,0,0,0,0,1
2017,Odisha,NAYAGARH RTO - OR25( 25-DEC-2017 ),5,EDUCATIONAL INSTITUTION BUS,2,0,0,0,0,0,2,0,0,3,0,0,7
2017,Odisha,NAYAGARH RTO - OR25( 25-DEC-2017 ),6,GOODS CARRIER,19,13,18,26,13,20,17,22,13,34,34,18,247
2017,Odisha,NAYAGARH RTO - OR25( 25-DEC-2017 ),7,MAXI CAB,2,1,1,2,1,2,2,1,1,5,0,0,18
2017,Odisha,NAYAGARH RTO - OR25( 25-DEC-2017 ),8,M-CYCLE/SCOOTER,478,864,968,"1,321","1,138","1,241","1,212","1,007",791,"1,315","1,602","1,534","13,471"
2017,Odisha,NAYAGARH RTO - OR25( 25-DEC-2017 ),9,M-CYCLE/SCOOTER-WITH SIDE CAR,0,0,1,0,0,0,0,1,0,1,0,0,3
2017,Odisha,NAYAGARH RTO - OR25( 25-DEC-2017 ),10,MOPED,143,163,173,322,228,250,250,137,167,336,449,371,"2,989"
2017,Odisha,NAYAGARH RTO - OR25( 25-DEC-2017 ),11,MOTOR CAB,0,0,0,1,0,0,0,1,3,0,1,1,7
2017,Odisha,NAYAGARH RTO - OR25( 25-DEC-2017 ),12,MOTOR CAR,7,15,20,11,16,6,15,16,13,16,19,11,165
2017,Odisha,NAYAGARH RTO - OR25( 25-DEC-2017 ),13,MOTOR CYCLE/SCOOTER-USED FOR HIRE,0,0,1,1,0,0,0,1,0,0,0,0,3
2017,Odisha,NAYAGARH RTO - OR25( 25-DEC-2017 ),14,MOTORISED CYCLE (CC > 25CC),0,0,0,0,0,0,0,0,0,1,0,0,1
2017,Odisha,NAYAGARH RTO - OR25( 25-DEC-2017 ),15,OMNI BUS,0,0,1,1,1,4,2,2,4,2,4,3,24
2017,Odisha,NAYAGARH RTO - OR25( 25-DEC-2017 ),16,OMNI BUS (PRIVATE USE),0,0,0,0,1,1,0,0,0,0,2,1,5
2017,Odisha,NAYAGARH RTO - OR25( 25-DEC-2017 ),17,THREE WHEELER (GOODS),7,11,10,8,8,10,9,7,10,13,10,10,113
2017,Odisha,NAYAGARH RTO - OR25( 25-DEC-2017 ),18,THREE WHEELER (PASSENGER),14,23,25,30,21,18,13,18,9,33,20,18,242
2017,Odisha,NAYAGARH RTO - OR25( 25-DEC-2017 ),19,TRACTOR (COMMERCIAL),13,24,20,11,16,17,16,17,16,22,19,3,194
2017,Odisha,NAYAGARH RTO - OR25( 25-DEC-2017 ),20,TRAILER (COMMERCIAL),12,23,21,12,16,17,14,17,16,23,21,2,194
2017,Odisha,NAYAGARH RTO - OR25( 25-DEC-2017 ),21,VEHICLE FITTED WITH RIG,0,0,0,0,0,0,0,1,0,0,1,0,2
2017,Odisha,NUAPADA RTO - OR26( 06-NOV-2017 ),1,AGRICULTURAL TRACTOR,8,6,7,2,7,17,32,27,11,25,0,0,142
2017,Odisha,NUAPADA RTO - OR26( 06-NOV-2017 ),2,AMBULANCE,0,1,0,0,0,0,0,0,0,0,0,0,1
2017,Odisha,NUAPADA RTO - OR26( 06-NOV-2017 ),3,BUS,0,1,3,1,0,0,0,0,0,0,0,0,5
2017,Odisha,NUAPADA RTO - OR26( 06-NOV-2017 ),4,EDUCATIONAL INSTITUTION BUS,0,0,0,1,2,0,0,0,0,0,0,0,3
2017,Odisha,NUAPADA RTO - OR26( 06-NOV-2017 ),5,GOODS CARRIER,6,7,12,8,8,15,12,6,4,7,10,4,99
2017,Odisha,NUAPADA RTO - OR26( 06-NOV-2017 ),6,MAXI CAB,2,0,0,0,0,3,3,0,1,0,3,1,13
2017,Odisha,NUAPADA RTO - OR26( 06-NOV-2017 ),7,M-CYCLE/SCOOTER,336,491,486,365,951,599,680,460,368,258,219,433,"5,646"
2017,Odisha,NUAPADA RTO - OR26( 06-NOV-2017 ),8,M-CYCLE/SCOOTER-WITH SIDE CAR,0,0,0,0,0,1,0,0,0,0,1,1,3
2017,Odisha,NUAPADA RTO - OR26( 06-NOV-2017 ),9,MOPED,45,39,60,84,69,33,94,51,31,40,56,71,673
2017,Odisha,NUAPADA RTO - OR26( 06-NOV-2017 ),10,MOTOR CAB,0,0,0,0,0,0,0,0,1,1,2,1,5
2017,Odisha,NUAPADA RTO - OR26( 06-NOV-2017 ),11,MOTOR CAR,13,19,25,19,24,16,30,16,13,18,12,27,232
2017,Odisha,NUAPADA RTO - OR26( 06-NOV-2017 ),12,OMNI BUS,0,0,0,0,0,0,1,0,0,0,0,0,1
2017,Odisha,NUAPADA RTO - OR26( 06-NOV-2017 ),13,OMNI BUS (PRIVATE USE),0,3,0,1,0,0,3,3,1,0,0,0,11
2017,Odisha,NUAPADA RTO - OR26( 06-NOV-2017 ),14,THREE WHEELER (GOODS),0,0,1,0,1,1,0,1,0,0,0,0,4
2017,Odisha,NUAPADA RTO - OR26( 06-NOV-2017 ),15,THREE WHEELER (PASSENGER),3,0,3,4,6,7,4,2,4,4,8,2,47
2017,Odisha,NUAPADA RTO - OR26( 06-NOV-2017 ),16,TRACTOR (COMMERCIAL),16,19,13,4,7,3,39,7,16,41,17,1,183
2017,Odisha,NUAPADA RTO - OR26( 06-NOV-2017 ),17,TRAILER (COMMERCIAL),19,18,16,4,11,4,36,10,16,40,17,1,192
2017,Odisha,NUAPADA RTO - OR26( 06-NOV-2017 ),18,VEHICLE FITTED WITH COMPRESSOR,0,0,1,0,0,0,0,0,0,0,0,0,1
2017,Odisha,PHULBANI RTO - OR12( 23-OCT-2017 ),1,BUS,1,1,6,1,0,0,1,2,1,1,0,1,15
2017,Odisha,PHULBANI RTO - OR12( 23-OCT-2017 ),2,EDUCATIONAL INSTITUTION BUS,0,0,0,0,0,0,0,0,0,0,1,2,3
2017,Odisha,PHULBANI RTO - OR12( 23-OCT-2017 ),3,FORK LIFT,0,0,0,0,0,0,0,0,0,0,1,0,1
2017,Odisha,PHULBANI RTO - OR12( 23-OCT-2017 ),4,GOODS CARRIER,4,3,5,7,5,3,4,5,5,7,7,8,63
2017,Odisha,PHULBANI RTO - OR12( 23-OCT-2017 ),5,MAXI CAB,2,2,0,0,1,2,4,2,4,1,5,3,26
2017,Odisha,PHULBANI RTO - OR12( 23-OCT-2017 ),6,M-CYCLE/SCOOTER,238,251,389,469,413,235,340,217,258,742,124,361,"4,037"
2017,Odisha,PHULBANI RTO - OR12( 23-OCT-2017 ),7,M-CYCLE/SCOOTER-WITH SIDE CAR,0,0,0,2,0,0,0,0,0,0,1,0,3
2017,Odisha,PHULBANI RTO - OR12( 23-OCT-2017 ),8,MOPED,0,1,32,8,0,2,2,11,11,23,6,14,110
2017,Odisha,PHULBANI RTO - OR12( 23-OCT-2017 ),9,MOTOR CAB,1,1,1,1,0,0,0,0,0,0,1,0,5
2017,Odisha,PHULBANI RTO - OR12( 23-OCT-2017 ),10,MOTOR CAR,5,3,8,7,4,9,7,6,6,6,4,7,72
2017,Odisha,PHULBANI RTO - OR12( 23-OCT-2017 ),11,OMNI BUS,5,3,2,1,2,4,1,1,1,1,0,0,21
2017,Odisha,PHULBANI RTO - OR12( 23-OCT-2017 ),12,OMNI BUS (PRIVATE USE),0,1,0,1,0,0,1,1,0,0,1,0,5
2017,Odisha,PHULBANI RTO - OR12( 23-OCT-2017 ),13,PRIVATE SERVICE VEHICLE (INDIVIDUAL USE),0,0,0,1,0,0,0,0,0,0,0,0,1
2017,Odisha,PHULBANI RTO - OR12( 23-OCT-2017 ),14,THREE WHEELER (GOODS),7,4,5,5,7,6,4,6,3,4,9,10,70
2017,Odisha,PHULBANI RTO - OR12( 23-OCT-2017 ),15,THREE WHEELER (PASSENGER),21,51,26,36,34,24,26,27,36,40,46,70,437
2017,Odisha,PHULBANI RTO - OR12( 23-OCT-2017 ),16,TRACTOR (COMMERCIAL),6,7,10,5,6,13,18,11,12,13,15,13,129
2017,Odisha,PHULBANI RTO - OR12( 23-OCT-2017 ),17,TRAILER (COMMERCIAL),6,7,9,5,5,13,15,10,9,13,15,13,120
2017,Odisha,PURI RTO - OR13( 25-DEC-2017 ),1,AGRICULTURAL TRACTOR,7,3,6,0,4,2,6,9,9,1,13,3,63
2017,Odisha,PURI RTO - OR13( 25-DEC-2017 ),2,AMBULANCE,0,0,0,0,1,0,0,0,0,0,0,0,1
2017,Odisha,PURI RTO - OR13( 25-DEC-2017 ),3,BUS,0,1,0,0,0,1,1,0,0,0,1,1,5
2017,Odisha,PURI RTO - OR13( 25-DEC-2017 ),4,CONSTRUCTION EQUIPMENT VEHICLE,0,0,1,0,0,0,0,0,0,0,0,0,1
2017,Odisha,PURI RTO - OR13( 25-DEC-2017 ),5,EDUCATIONAL INSTITUTION BUS,0,0,0,1,1,0,0,0,0,0,0,0,2
2017,Odisha,PURI RTO - OR13( 25-DEC-2017 ),6,E-RICKSHAW(P),0,0,1,15,28,11,2,9,3,4,15,2,90
2017,Odisha,PURI RTO - OR13( 25-DEC-2017 ),7,GOODS CARRIER,14,10,16,7,11,17,16,14,14,21,31,14,185
2017,Odisha,PURI RTO - OR13( 25-DEC-2017 ),8,MAXI CAB,2,1,0,1,4,4,1,2,1,0,3,4,23
2017,Odisha,PURI RTO - OR13( 25-DEC-2017 ),9,M-CYCLE/SCOOTER,652,"1,247","1,462","1,609","1,317","1,267","1,175","1,310",800,966,"2,102","1,907","15,814"
2017,Odisha,PURI RTO - OR13( 25-DEC-2017 ),10,M-CYCLE/SCOOTER-WITH SIDE CAR,1,0,0,0,0,1,1,0,0,2,2,1,8
2017,Odisha,PURI RTO - OR13( 25-DEC-2017 ),11,MOPED,93,168,103,133,195,134,172,116,111,106,260,187,"1,778"
2017,Odisha,PURI RTO - OR13( 25-DEC-2017 ),12,MOTOR CAB,2,4,7,1,2,2,3,2,4,6,6,6,45
2017,Odisha,PURI RTO - OR13( 25-DEC-2017 ),13,MOTOR CAR,31,39,33,18,15,25,26,20,24,25,39,23,318
2017,Odisha,PURI RTO - OR13( 25-DEC-2017 ),14,OMNI BUS,2,0,1,1,2,1,0,1,2,7,2,2,21
2017,Odisha,PURI RTO - OR13( 25-DEC-2017 ),15,THREE WHEELER (GOODS),10,17,24,15,17,15,19,13,4,31,21,12,198
2017,Odisha,PURI RTO - OR13( 25-DEC-2017 ),16,THREE WHEELER (PASSENGER),42,51,73,37,32,25,39,38,15,29,56,33,470
2017,Odisha,PURI RTO - OR13( 25-DEC-2017 ),17,TRACTOR (COMMERCIAL),3,16,23,11,13,5,6,8,22,7,14,6,134
2017,Odisha,PURI RTO - OR13( 25-DEC-2017 ),18,TRAILER (COMMERCIAL),3,16,21,11,13,5,6,7,22,7,14,6,131
2017,Odisha,RAIRANGPUR ARTO - OR111( 08-NOV-2017 ),1,AGRICULTURAL TRACTOR,0,1,0,0,2,2,2,0,2,3,3,0,15
2017,Odisha,RAIRANGPUR ARTO - OR111( 08-NOV-2017 ),2,BUS,1,1,3,0,1,1,0,0,0,0,4,2,13
2017,Odisha,RAIRANGPUR ARTO - OR111( 08-NOV-2017 ),3,EDUCATIONAL INSTITUTION BUS,0,0,0,0,0,1,0,0,0,0,0,0,1
2017,Odisha,RAIRANGPUR ARTO - OR111( 08-NOV-2017 ),4,GOODS CARRIER,19,12,29,21,24,19,13,11,14,28,1,17,208
2017,Odisha,RAIRANGPUR ARTO - OR111( 08-NOV-2017 ),5,MAXI CAB,6,5,12,6,10,9,3,5,7,10,7,5,85
2017,Odisha,RAIRANGPUR ARTO - OR111( 08-NOV-2017 ),6,M-CYCLE/SCOOTER,286,296,454,277,378,348,372,288,252,703,381,51,"4,086"
2017,Odisha,RAIRANGPUR ARTO - OR111( 08-NOV-2017 ),7,M-CYCLE/SCOOTER-WITH SIDE CAR,0,0,0,0,0,0,0,0,0,0,5,2,7
2017,Odisha,RAIRANGPUR ARTO - OR111( 08-NOV-2017 ),8,MOPED,0,1,3,1,0,0,2,1,11,8,0,0,27
2017,Odisha,RAIRANGPUR ARTO - OR111( 08-NOV-2017 ),9,MOTOR CAB,0,2,3,1,3,0,0,3,3,4,2,3,24
2017,Odisha,RAIRANGPUR ARTO - OR111( 08-NOV-2017 ),10,MOTOR CAR,29,18,13,13,17,14,18,23,17,23,16,11,212
2017,Odisha,RAIRANGPUR ARTO - OR111( 08-NOV-2017 ),11,MOTORISED CYCLE (CC > 25CC),0,0,0,0,0,0,0,0,0,0,1,8,9
2017,Odisha,RAIRANGPUR ARTO - OR111( 08-NOV-2017 ),12,OMNI BUS,0,0,0,0,0,0,0,1,0,2,1,0,4
2017,Odisha,RAIRANGPUR ARTO - OR111( 08-NOV-2017 ),13,OMNI BUS (PRIVATE USE),1,1,1,1,3,3,0,1,3,3,0,0,17
2017,Odisha,RAIRANGPUR ARTO - OR111( 08-NOV-2017 ),14,THREE WHEELER (GOODS),7,7,4,13,16,6,3,8,9,8,6,10,97
2017,Odisha,RAIRANGPUR ARTO - OR111( 08-NOV-2017 ),15,THREE WHEELER (PASSENGER),19,23,19,23,18,25,15,21,21,25,13,16,238
2017,Odisha,RAIRANGPUR ARTO - OR111( 08-NOV-2017 ),16,TRACTOR (COMMERCIAL),21,20,33,9,25,38,44,22,13,39,36,17,317
2017,Odisha,RAIRANGPUR ARTO - OR111( 08-NOV-2017 ),17,TRAILER (COMMERCIAL),21,21,32,8,23,38,44,22,14,39,35,17,314
2017,Odisha,RAYGADA RTO - OR18( 25-DEC-2017 ),1,AGRICULTURAL TRACTOR,0,0,0,0,1,0,0,0,0,0,0,0,1
2017,Odisha,RAYGADA RTO - OR18( 25-DEC-2017 ),2,AMBULANCE,0,0,0,1,0,1,0,0,0,1,0,0,3
2017,Odisha,RAYGADA RTO - OR18( 25-DEC-2017 ),3,BUS,1,1,15,0,0,0,0,0,0,1,2,0,20
2017,Odisha,RAYGADA RTO - OR18( 25-DEC-2017 ),4,CAMPER VAN / TRAILER,0,0,0,0,0,0,0,0,0,0,1,0,1
2017,Odisha,RAYGADA RTO - OR18( 25-DEC-2017 ),5,CAMPER VAN / TRAILER (PRIVATE USE),0,0,0,1,0,0,0,0,0,0,0,0,1
2017,Odisha,RAYGADA RTO - OR18( 25-DEC-2017 ),6,CONSTRUCTION EQUIPMENT VEHICLE,1,0,0,4,2,1,6,2,0,2,2,2,22
2017,Odisha,RAYGADA RTO - OR18( 25-DEC-2017 ),7,CRANE MOUNTED VEHICLE,1,1,1,0,0,1,0,0,0,0,0,0,4
2017,Odisha,RAYGADA RTO - OR18( 25-DEC-2017 ),8,DUMPER,0,0,0,1,0,0,0,0,0,0,0,0,1
2017,Odisha,RAYGADA RTO - OR18( 25-DEC-2017 ),9,EDUCATIONAL INSTITUTION BUS,0,1,1,1,2,0,3,1,1,0,1,0,11
2017,Odisha,RAYGADA RTO - OR18( 25-DEC-2017 ),10,EXCAVATOR (NT),0,0,0,0,0,0,0,1,0,0,0,0,1
2017,Odisha,RAYGADA RTO - OR18( 25-DEC-2017 ),11,FORK LIFT,0,3,1,0,0,0,1,0,0,0,0,0,5
2017,Odisha,RAYGADA RTO - OR18( 25-DEC-2017 ),12,GOODS CARRIER,16,18,28,30,22,19,28,15,19,15,22,46,278
2017,Odisha,RAYGADA RTO - OR18( 25-DEC-2017 ),13,LUXURY CAB,0,0,0,0,0,0,0,0,1,0,0,0,1
2017,Odisha,RAYGADA RTO - OR18( 25-DEC-2017 ),14,MAXI CAB,8,3,5,10,12,13,13,8,5,15,9,12,113
2017,Odisha,RAYGADA RTO - OR18( 25-DEC-2017 ),15,M-CYCLE/SCOOTER,453,185,767,"1,273","1,270",979,991,684,724,880,730,615,"9,551"
2017,Odisha,RAYGADA RTO - OR18( 25-DEC-2017 ),16,M-CYCLE/SCOOTER-WITH SIDE CAR,0,0,0,0,2,0,0,0,0,0,0,0,2
2017,Odisha,RAYGADA RTO - OR18( 25-DEC-2017 ),17,MOPED,27,2,40,76,82,32,44,83,12,62,40,160,660
2017,Odisha,RAYGADA RTO - OR18( 25-DEC-2017 ),18,MOTOR CAB,0,2,0,0,2,0,0,2,2,3,2,0,13
2017,Odisha,RAYGADA RTO - OR18( 25-DEC-2017 ),19,MOTOR CAR,18,12,23,25,27,20,29,30,15,22,19,21,261
2017,Odisha,RAYGADA RTO - OR18( 25-DEC-2017 ),20,OMNI BUS,0,0,3,1,1,0,1,0,4,0,0,1,11
2017,Odisha,RAYGADA RTO - OR18( 25-DEC-2017 ),21,OMNI BUS (PRIVATE USE),1,2,2,6,3,0,4,4,2,4,8,2,38
2017,Odisha,RAYGADA RTO - OR18( 25-DEC-2017 ),22,PRIVATE SERVICE VEHICLE,0,0,0,0,0,0,0,0,0,2,0,0,2
2017,Odisha,RAYGADA RTO - OR18( 25-DEC-2017 ),23,THREE WHEELER (GOODS),1,1,1,3,0,2,1,0,2,2,3,1,17
2017,Odisha,RAYGADA RTO - OR18( 25-DEC-2017 ),24,THREE WHEELER (PASSENGER),14,13,14,18,17,18,31,21,15,25,21,20,227
2017,Odisha,RAYGADA RTO - OR18( 25-DEC-2017 ),25,TRACTOR (COMMERCIAL),15,24,29,11,24,24,63,40,19,34,45,34,362
2017,Odisha,ROURKELA RTO - OR14( 25-DEC-2017 ),1,AGRICULTURAL TRACTOR,0,0,0,0,0,0,2,0,0,0,0,0,2
2017,Odisha,ROURKELA RTO - OR14( 25-DEC-2017 ),2,AMBULANCE,0,0,0,0,0,0,0,0,1,1,0,0,2
2017,Odisha,ROURKELA RTO - OR14( 25-DEC-2017 ),3,ARTICULATED VEHICLE,0,0,0,0,0,0,1,0,0,0,0,0,1
2017,Odisha,ROURKELA RTO - OR14( 25-DEC-2017 ),4,BUS,3,3,1,1,1,1,3,0,2,2,8,2,27
2017,Odisha,ROURKELA RTO - OR14( 25-DEC-2017 ),5,CONSTRUCTION EQUIPMENT VEHICLE,2,0,2,0,2,1,1,0,0,0,0,0,8
2017,Odisha,ROURKELA RTO - OR14( 25-DEC-2017 ),6,EDUCATIONAL INSTITUTION BUS,0,2,3,1,0,3,3,1,1,0,0,0,14
2017,Odisha,ROURKELA RTO - OR14( 25-DEC-2017 ),7,GOODS CARRIER,89,102,115,115,77,80,99,93,67,123,138,68,"1,166"
2017,Odisha,ROURKELA RTO - OR14( 25-DEC-2017 ),8,MAXI CAB,9,11,8,11,10,11,9,5,8,14,15,1,112
2017,Odisha,ROURKELA RTO - OR14( 25-DEC-2017 ),9,M-CYCLE/SCOOTER,"1,377","1,713","1,183","2,508","2,152","1,676","2,059","1,445","1,230","2,595","3,176","1,461","22,575"
2017,Odisha,ROURKELA RTO - OR14( 25-DEC-2017 ),10,M-CYCLE/SCOOTER-WITH SIDE CAR,0,0,1,0,0,2,2,1,0,1,5,3,15
2017,Odisha,ROURKELA RTO - OR14( 25-DEC-2017 ),11,MOPED,26,18,20,23,50,21,39,18,41,10,45,47,358
2017,Odisha,ROURKELA RTO - OR14( 25-DEC-2017 ),12,MOTOR CAB,3,3,2,3,3,8,6,4,5,3,4,4,48
2017,Odisha,ROURKELA RTO - OR14( 25-DEC-2017 ),13,MOTOR CAR,298,235,183,237,238,187,307,235,207,310,325,210,"2,972"
2017,Odisha,ROURKELA RTO - OR14( 25-DEC-2017 ),14,MOTORISED CYCLE (CC > 25CC),0,0,1,1,0,0,0,0,0,0,0,1,3
2017,Odisha,ROURKELA RTO - OR14( 25-DEC-2017 ),15,OMNI BUS,0,0,2,0,0,2,0,0,0,1,1,0,6
2017,Odisha,ROURKELA RTO - OR14( 25-DEC-2017 ),16,OMNI BUS (PRIVATE USE),3,3,2,4,0,2,6,1,4,4,1,4,34
2017,Odisha,ROURKELA RTO - OR14( 25-DEC-2017 ),17,PRIVATE SERVICE VEHICLE,0,0,0,0,1,0,0,0,0,0,0,0,1
2017,Odisha,ROURKELA RTO - OR14( 25-DEC-2017 ),18,THREE WHEELER (GOODS),19,22,16,23,21,14,14,14,17,17,24,15,216
2017,Odisha,ROURKELA RTO - OR14( 25-DEC-2017 ),19,THREE WHEELER (PASSENGER),43,77,44,101,65,41,47,49,75,75,122,46,785
2017,Odisha,ROURKELA RTO - OR14( 25-DEC-2017 ),20,TRACTOR (COMMERCIAL),15,19,20,28,20,29,29,30,35,26,29,48,328
2017,Odisha,ROURKELA RTO - OR14( 25-DEC-2017 ),21,TRAILER (AGRICULTURAL),0,0,0,0,0,1,0,0,0,0,0,0,1
2017,Odisha,ROURKELA RTO - OR14( 25-DEC-2017 ),22,TRAILER (COMMERCIAL),13,15,14,27,13,21,19,22,26,18,23,34,245
2017,Odisha,SAMBALPUR RTO - OR15( 04-DEC-2017 ),1,AGRICULTURAL TRACTOR,0,0,0,0,0,0,0,0,0,1,0,1,2
2017,Odisha,SAMBALPUR RTO - OR15( 04-DEC-2017 ),2,AMBULANCE,0,0,0,2,0,0,0,0,3,0,0,0,5
2017,Odisha,SAMBALPUR RTO - OR15( 04-DEC-2017 ),3,BUS,7,8,2,5,4,4,6,2,3,10,9,6,66
2017,Odisha,SAMBALPUR RTO - OR15( 04-DEC-2017 ),4,CONSTRUCTION EQUIPMENT VEHICLE,0,3,2,1,1,4,3,3,0,1,7,0,25
2017,Odisha,SAMBALPUR RTO - OR15( 04-DEC-2017 ),5,EDUCATIONAL INSTITUTION BUS,0,1,0,8,0,0,4,1,0,0,0,0,14
2017,Odisha,SAMBALPUR RTO - OR15( 04-DEC-2017 ),6,EXCAVATOR (COMMERCIAL),0,0,0,0,0,0,0,0,0,0,0,2,2
2017,Odisha,SAMBALPUR RTO - OR15( 04-DEC-2017 ),7,GOODS CARRIER,64,97,119,113,77,70,59,56,78,90,125,57,"1,005"
2017,Odisha,SAMBALPUR RTO - OR15( 04-DEC-2017 ),8,MAXI CAB,5,14,8,13,6,10,6,5,11,12,7,2,99
2017,Odisha,SAMBALPUR RTO - OR15( 04-DEC-2017 ),9,M-CYCLE/SCOOTER,"1,107","1,414","1,561","1,963","1,595","1,346","1,603","1,149","1,114","2,383","2,053",535,"17,823"
2017,Odisha,SAMBALPUR RTO - OR15( 04-DEC-2017 ),10,M-CYCLE/SCOOTER-WITH SIDE CAR,0,0,0,0,0,0,0,0,1,0,2,0,3
2017,Odisha,SAMBALPUR RTO - OR15( 04-DEC-2017 ),11,MOPED,51,74,62,180,56,66,89,68,72,139,208,85,"1,150"
2017,Odisha,SAMBALPUR RTO - OR15( 04-DEC-2017 ),12,MOTOR CAB,2,2,3,2,2,4,3,8,3,5,5,1,40
2017,Odisha,SAMBALPUR RTO - OR15( 04-DEC-2017 ),13,MOTOR CAR,208,183,149,154,167,170,182,156,140,311,198,38,"2,056"
2017,Odisha,SAMBALPUR RTO - OR15( 04-DEC-2017 ),14,OMNI BUS,0,0,0,0,1,0,0,0,0,1,0,1,3
2017,Odisha,SAMBALPUR RTO - OR15( 04-DEC-2017 ),15,OMNI BUS (PRIVATE USE),4,2,3,5,3,3,2,1,6,1,5,0,35
2017,Odisha,SAMBALPUR RTO - OR15( 04-DEC-2017 ),16,THREE WHEELER (GOODS),8,10,8,7,7,8,4,6,9,10,3,2,82
2017,Odisha,SAMBALPUR RTO - OR15( 04-DEC-2017 ),17,THREE WHEELER (PASSENGER),30,35,40,32,39,28,34,31,27,41,41,4,382
2017,Odisha,SAMBALPUR RTO - OR15( 04-DEC-2017 ),18,TRACTOR (COMMERCIAL),32,73,50,36,56,53,47,115,55,62,92,10,681
2017,Odisha,SAMBALPUR RTO - OR15( 04-DEC-2017 ),19,TRACTOR-TROLLEY(COMMERCIAL),0,0,0,0,0,0,0,1,0,0,0,0,1
2017,Odisha,SAMBALPUR RTO - OR15( 04-DEC-2017 ),20,TRAILER (COMMERCIAL),22,44,36,25,44,28,29,73,28,35,56,0,420
2017,Odisha,SONEPUR RTO - OR31( 08-NOV-2017 ),1,AGRICULTURAL TRACTOR,1,11,0,0,1,1,1,0,0,0,0,0,15
2017,Odisha,SONEPUR RTO - OR31( 08-NOV-2017 ),2,AMBULANCE,0,0,0,0,0,1,0,0,0,1,0,0,2
2017,Odisha,SONEPUR RTO - OR31( 08-NOV-2017 ),3,BUS,1,0,0,0,0,0,0,0,0,0,2,0,3
2017,Odisha,SONEPUR RTO - OR31( 08-NOV-2017 ),4,EDUCATIONAL INSTITUTION BUS,0,0,0,0,0,0,0,1,1,1,0,0,3
2017,Odisha,SONEPUR RTO - OR31( 08-NOV-2017 ),5,EXCAVATOR (COMMERCIAL),0,0,0,0,0,0,0,0,0,0,0,4,4
2017,Odisha,SONEPUR RTO - OR31( 08-NOV-2017 ),6,GOODS CARRIER,9,10,11,5,5,4,17,15,5,16,0,14,111
2017,Odisha,SONEPUR RTO - OR31( 08-NOV-2017 ),7,MAXI CAB,4,1,2,0,3,1,2,1,2,4,0,4,24
2017,Odisha,SONEPUR RTO - OR31( 08-NOV-2017 ),8,M-CYCLE/SCOOTER,547,417,"1,370","1,231","1,743",657,"1,685",793,474,724,7,272,"9,920"
2017,Odisha,SONEPUR RTO - OR31( 08-NOV-2017 ),9,M-CYCLE/SCOOTER-WITH SIDE CAR,1,0,0,0,0,0,0,0,0,0,0,0,1
2017,Odisha,SONEPUR RTO - OR31( 08-NOV-2017 ),10,MOPED,41,7,64,95,145,8,160,58,65,165,4,1,813
2017,Odisha,SONEPUR RTO - OR31( 08-NOV-2017 ),11,MOTOR CAB,0,0,0,0,0,0,0,0,0,0,1,0,1
2017,Odisha,SONEPUR RTO - OR31( 08-NOV-2017 ),12,MOTOR CAR,35,10,17,16,14,8,28,22,15,31,3,9,208
2017,Odisha,SONEPUR RTO - OR31( 08-NOV-2017 ),13,OMNI BUS,0,0,1,0,0,1,0,0,0,0,0,0,2
2017,Odisha,SONEPUR RTO - OR31( 08-NOV-2017 ),14,OMNI BUS (PRIVATE USE),0,1,2,1,1,1,0,0,0,0,3,1,10
2017,Odisha,SONEPUR RTO - OR31( 08-NOV-2017 ),15,THREE WHEELER (GOODS),0,1,0,1,1,0,0,1,0,0,0,1,5
2017,Odisha,SONEPUR RTO - OR31( 08-NOV-2017 ),16,THREE WHEELER (PASSENGER),5,8,17,6,9,3,20,5,3,8,0,6,90
2017,Odisha,SONEPUR RTO - OR31( 08-NOV-2017 ),17,TRACTOR (COMMERCIAL),1,30,49,16,19,3,38,47,37,39,2,24,305
2017,Odisha,SONEPUR RTO - OR31( 08-NOV-2017 ),18,TRACTOR-TROLLEY(COMMERCIAL),0,2,3,1,0,0,0,2,0,1,1,5,15
2017,Odisha,SONEPUR RTO - OR31( 08-NOV-2017 ),19,TRAILER (COMMERCIAL),0,28,45,15,19,3,39,43,36,40,0,16,284
2017,Odisha,SUNDERGARH RTO - OR16( 08-NOV-2017 ),1,AMBULANCE,0,0,1,1,1,0,0,1,1,0,0,0,5
2017,Odisha,SUNDERGARH RTO - OR16( 08-NOV-2017 ),2,ARTICULATED VEHICLE,0,0,0,0,0,1,0,0,1,0,0,1,3
2017,Odisha,SUNDERGARH RTO - OR16( 08-NOV-2017 ),3,BUS,1,2,2,1,0,3,0,3,5,2,0,3,22
2017,Odisha,SUNDERGARH RTO - OR16( 08-NOV-2017 ),4,CONSTRUCTION EQUIPMENT VEHICLE,0,1,0,0,0,1,0,0,0,0,0,0,2
2017,Odisha,SUNDERGARH RTO - OR16( 08-NOV-2017 ),5,CRANE MOUNTED VEHICLE,0,0,0,0,2,0,0,0,0,0,0,0,2
2017,Odisha,SUNDERGARH RTO - OR16( 08-NOV-2017 ),6,EDUCATIONAL INSTITUTION BUS,0,0,1,0,2,0,0,0,0,0,1,0,4
2017,Odisha,SUNDERGARH RTO - OR16( 08-NOV-2017 ),7,EXCAVATOR (COMMERCIAL),0,1,0,0,0,0,0,0,0,0,0,0,1
2017,Odisha,SUNDERGARH RTO - OR16( 08-NOV-2017 ),8,GOODS CARRIER,94,122,148,140,76,79,113,100,125,116,70,79,"1,262"
2017,Odisha,SUNDERGARH RTO - OR16( 08-NOV-2017 ),9,MAXI CAB,8,8,7,13,7,7,7,5,6,11,7,4,90
2017,Odisha,SUNDERGARH RTO - OR16( 08-NOV-2017 ),10,M-CYCLE/SCOOTER,293,622,586,344,"1,208",547,754,380,510,"1,292",126,541,"7,203"
2017,Odisha,SUNDERGARH RTO - OR16( 08-NOV-2017 ),11,M-CYCLE/SCOOTER-WITH SIDE CAR,0,0,0,0,0,1,0,0,0,0,0,0,1
2017,Odisha,SUNDERGARH RTO - OR16( 08-NOV-2017 ),12,MOPED,6,35,34,14,36,18,32,25,50,46,34,36,366
2017,Odisha,SUNDERGARH RTO - OR16( 08-NOV-2017 ),13,MOTOR CAB,1,1,0,0,0,0,1,0,0,0,0,2,5
2017,Odisha,SUNDERGARH RTO - OR16( 08-NOV-2017 ),14,MOTOR CAR,56,51,47,45,61,46,60,49,48,78,19,11,571
2017,Odisha,SUNDERGARH RTO - OR16( 08-NOV-2017 ),15,OMNI BUS,1,2,1,1,1,1,0,0,0,1,0,0,8
2017,Odisha,SUNDERGARH RTO - OR16( 08-NOV-2017 ),16,OMNI BUS (PRIVATE USE),1,0,0,0,0,0,1,0,0,0,0,1,3
2017,Odisha,SUNDERGARH RTO - OR16( 08-NOV-2017 ),17,THREE WHEELER (GOODS),1,2,2,0,3,0,1,2,1,0,3,7,22
2017,Odisha,SUNDERGARH RTO - OR16( 08-NOV-2017 ),18,THREE WHEELER (PASSENGER),6,11,14,20,16,11,10,14,10,17,6,8,143
2017,Odisha,SUNDERGARH RTO - OR16( 08-NOV-2017 ),19,TRACTOR (COMMERCIAL),21,41,40,14,32,51,77,54,47,36,24,33,470
2017,Odisha,SUNDERGARH RTO - OR16( 08-NOV-2017 ),20,TRAILER (AGRICULTURAL),0,0,0,0,1,0,0,0,0,0,0,0,1
2017,Odisha,SUNDERGARH RTO - OR16( 08-NOV-2017 ),21,TRAILER (COMMERCIAL),14,30,36,9,18,33,52,37,28,28,15,28,328
2017,Odisha,SUNDERGARH RTO - OR16( 08-NOV-2017 ),22,VEHICLE FITTED WITH RIG,0,0,0,0,1,0,0,0,0,0,0,0,1
2017,Odisha,TALCHER RTO - OR35( 25-DEC-2017 ),1,AMBULANCE,0,0,0,0,0,1,3,0,0,0,0,0,4
2017,Odisha,TALCHER RTO - OR35( 25-DEC-2017 ),2,BUS,0,0,0,1,0,0,1,1,1,0,1,0,5
2017,Odisha,TALCHER RTO - OR35( 25-DEC-2017 ),3,CONSTRUCTION EQUIPMENT VEHICLE,3,5,3,1,2,2,2,1,0,6,0,3,28
2017,Odisha,TALCHER RTO - OR35( 25-DEC-2017 ),4,EDUCATIONAL INSTITUTION BUS,0,1,0,1,1,0,0,1,0,1,0,0,5
2017,Odisha,TALCHER RTO - OR35( 25-DEC-2017 ),5,EXCAVATOR (NT),0,0,0,0,0,4,0,0,0,0,0,0,4
2017,Odisha,TALCHER RTO - OR35( 25-DEC-2017 ),6,GOODS CARRIER,73,78,108,108,102,48,51,43,51,91,69,65,887
2017,Odisha,TALCHER RTO - OR35( 25-DEC-2017 ),7,MAXI CAB,7,4,4,3,2,3,6,1,7,12,6,5,60
2017,Odisha,TALCHER RTO - OR35( 25-DEC-2017 ),8,M-CYCLE/SCOOTER,497,386,741,914,308,49,"1,526",478,356,984,"1,332",435,"8,006"
2017,Odisha,TALCHER RTO - OR35( 25-DEC-2017 ),9,M-CYCLE/SCOOTER-WITH SIDE CAR,0,2,0,0,0,0,0,0,1,0,3,1,7
2017,Odisha,TALCHER RTO - OR35( 25-DEC-2017 ),10,MOPED,10,15,33,8,3,0,51,10,15,18,31,14,208
2017,Odisha,TALCHER RTO - OR35( 25-DEC-2017 ),11,MOTOR CAB,1,2,1,0,1,0,1,0,3,0,3,2,14
2017,Odisha,TALCHER RTO - OR35( 25-DEC-2017 ),12,MOTOR CAR,16,18,17,17,9,12,35,13,24,32,12,26,231
2017,Odisha,TALCHER RTO - OR35( 25-DEC-2017 ),13,OMNI BUS,1,2,0,0,2,1,2,1,0,1,0,0,10
2017,Odisha,TALCHER RTO - OR35( 25-DEC-2017 ),14,OMNI BUS (PRIVATE USE),0,1,0,1,0,0,0,0,0,0,1,0,3
2017,Odisha,TALCHER RTO - OR35( 25-DEC-2017 ),15,PRIVATE SERVICE VEHICLE,0,0,0,0,0,1,0,0,0,0,0,0,1
2017,Odisha,TALCHER RTO - OR35( 25-DEC-2017 ),16,ROAD ROLLER,0,0,0,2,0,0,0,0,0,0,0,0,2
2017,Odisha,TALCHER RTO - OR35( 25-DEC-2017 ),17,THREE WHEELER (GOODS),5,3,6,4,0,0,4,1,1,3,1,1,29
2017,Odisha,TALCHER RTO - OR35( 25-DEC-2017 ),18,THREE WHEELER (PASSENGER),5,5,3,3,3,3,4,2,7,7,7,4,53
2017,Odisha,TALCHER RTO - OR35( 25-DEC-2017 ),19,TRACTOR (COMMERCIAL),2,3,3,1,2,1,2,0,2,3,1,2,22
2017,Odisha,TALCHER RTO - OR35( 25-DEC-2017 ),20,TRAILER (COMMERCIAL),1,4,2,2,0,1,2,0,2,3,1,2,20
2016,Odisha,ANGUL RTO - OR19( 25-DEC-2017 ),1,AMBULANCE,0,0,0,0,0,0,0,0,0,1,0,0,1
2016,Odisha,ANGUL RTO - OR19( 25-DEC-2017 ),2,BUS,1,1,1,1,4,1,1,0,2,1,2,4,19
2016,Odisha,ANGUL RTO - OR19( 25-DEC-2017 ),3,CONSTRUCTION EQUIPMENT VEHICLE,4,0,5,3,2,1,2,3,0,0,2,1,23
2016,Odisha,ANGUL RTO - OR19( 25-DEC-2017 ),4,EARTH MOVING EQUIPMENT,0,0,0,0,0,0,0,0,0,1,0,0,1
2016,Odisha,ANGUL RTO - OR19( 25-DEC-2017 ),5,EDUCATIONAL INSTITUTION BUS,0,0,2,1,0,3,4,0,1,0,3,0,14
2016,Odisha,ANGUL RTO - OR19( 25-DEC-2017 ),6,GOODS CARRIER,85,90,85,91,97,48,66,63,58,72,71,47,873
2016,Odisha,ANGUL RTO - OR19( 25-DEC-2017 ),7,MAXI CAB,5,10,11,10,5,9,6,6,10,13,15,18,118
2016,Odisha,ANGUL RTO - OR19( 25-DEC-2017 ),8,M-CYCLE/SCOOTER,867,"1,212","1,232","1,274","1,353","1,102","1,249",991,"1,005","1,347","1,586","1,350","14,568"
2016,Odisha,ANGUL RTO - OR19( 25-DEC-2017 ),9,M-CYCLE/SCOOTER-WITH SIDE CAR,0,0,1,1,0,0,0,0,0,1,1,0,4
2016,Odisha,ANGUL RTO - OR19( 25-DEC-2017 ),10,MOPED,61,58,76,36,69,84,73,70,60,104,139,86,916
2016,Odisha,ANGUL RTO - OR19( 25-DEC-2017 ),11,MOTOR CAB,4,1,2,4,4,1,3,3,6,6,4,2,40
2016,Odisha,ANGUL RTO - OR19( 25-DEC-2017 ),12,MOTOR CAR,122,105,97,82,89,90,94,86,87,86,186,125,"1,249"
2016,Odisha,ANGUL RTO - OR19( 25-DEC-2017 ),13,OMNI BUS,0,2,2,3,0,1,1,0,0,0,2,0,11
2016,Odisha,ANGUL RTO - OR19( 25-DEC-2017 ),14,OMNI BUS (PRIVATE USE),1,0,4,1,2,1,1,0,4,1,3,2,20
2016,Odisha,ANGUL RTO - OR19( 25-DEC-2017 ),15,PRIVATE SERVICE VEHICLE,0,0,0,0,0,0,0,0,0,0,0,1,1
2016,Odisha,ANGUL RTO - OR19( 25-DEC-2017 ),16,THREE WHEELER (GOODS),8,17,14,15,13,10,8,12,4,17,21,32,171
2016,Odisha,ANGUL RTO - OR19( 25-DEC-2017 ),17,THREE WHEELER (PASSENGER),16,55,34,39,34,43,24,27,34,21,29,36,392
2016,Odisha,ANGUL RTO - OR19( 25-DEC-2017 ),18,TRACTOR (COMMERCIAL),9,23,28,36,6,23,18,32,16,30,24,52,297
2016,Odisha,ANGUL RTO - OR19( 25-DEC-2017 ),19,TRAILER (COMMERCIAL),9,23,28,35,7,21,18,29,13,23,23,46,275
2016,Odisha,ARTO BARBIL - OR901( 04-DEC-2017 ),1,AMBULANCE,0,0,0,0,0,2,0,0,0,0,0,1,3
2016,Odisha,ARTO BARBIL - OR901( 04-DEC-2017 ),2,BUS,0,1,1,2,1,0,1,0,5,1,1,1,14
2016,Odisha,ARTO BARBIL - OR901( 04-DEC-2017 ),3,EDUCATIONAL INSTITUTION BUS,0,0,0,1,0,0,0,1,1,0,0,0,3
2016,Odisha,ARTO BARBIL - OR901( 04-DEC-2017 ),4,EXCAVATOR (COMMERCIAL),0,0,0,0,0,1,0,0,0,0,0,0,1
2016,Odisha,ARTO BARBIL - OR901( 04-DEC-2017 ),5,GOODS CARRIER,42,67,84,63,66,118,66,38,45,66,120,122,897
2016,Odisha,ARTO BARBIL - OR901( 04-DEC-2017 ),6,LUXURY CAB,1,0,1,0,0,4,0,0,0,0,0,0,6
2016,Odisha,ARTO BARBIL - OR901( 04-DEC-2017 ),7,MAXI CAB,1,1,1,1,2,0,1,0,1,5,2,0,15
2016,Odisha,ARTO BARBIL - OR901( 04-DEC-2017 ),8,M-CYCLE/SCOOTER,212,347,212,295,200,343,265,224,215,441,461,241,"3,456"
2016,Odisha,ARTO BARBIL - OR901( 04-DEC-2017 ),9,MOPED,49,98,56,39,15,29,35,37,45,90,63,38,594
2016,Odisha,ARTO BARBIL - OR901( 04-DEC-2017 ),10,MOTOR CAB,1,1,1,1,0,1,1,1,2,2,5,0,16
2016,Odisha,ARTO BARBIL - OR901( 04-DEC-2017 ),11,MOTOR CAR,21,12,17,12,10,26,14,7,12,13,22,16,182
2016,Odisha,ARTO BARBIL - OR901( 04-DEC-2017 ),12,OMNI BUS,3,0,1,4,1,1,1,0,0,2,1,6,20
2016,Odisha,ARTO BARBIL - OR901( 04-DEC-2017 ),13,OMNI BUS (PRIVATE USE),1,1,1,0,1,3,2,0,0,0,1,0,10
2016,Odisha,ARTO BARBIL - OR901( 04-DEC-2017 ),14,PRIVATE SERVICE VEHICLE,0,0,0,0,0,1,1,1,0,0,0,2,5
2016,Odisha,ARTO BARBIL - OR901( 04-DEC-2017 ),15,THREE WHEELER (GOODS),1,0,0,2,1,0,0,1,0,0,0,0,5
2016,Odisha,ARTO BARBIL - OR901( 04-DEC-2017 ),16,THREE WHEELER (PASSENGER),1,4,1,1,0,2,7,1,2,6,2,5,32
2016,Odisha,ARTO BARBIL - OR901( 04-DEC-2017 ),17,TRACTOR (COMMERCIAL),0,1,0,0,3,0,0,0,3,3,1,2,13
2016,Odisha,ARTO BARBIL - OR901( 04-DEC-2017 ),18,TRAILER (COMMERCIAL),0,1,0,0,3,0,0,0,3,2,1,2,12
2016,Odisha,BALASORE RTO - OR1( 07-NOV-2017 ),1,AGRICULTURAL TRACTOR,31,20,29,21,19,20,42,25,19,15,28,33,302
2016,Odisha,BALASORE RTO - OR1( 07-NOV-2017 ),2,AMBULANCE,0,0,1,0,2,1,3,2,0,0,2,4,15
2016,Odisha,BALASORE RTO - OR1( 07-NOV-2017 ),3,BUS,1,1,7,1,3,0,2,3,5,1,2,7,33
2016,Odisha,BALASORE RTO - OR1( 07-NOV-2017 ),4,CONSTRUCTION EQUIPMENT VEHICLE,1,0,0,0,0,0,0,0,0,0,0,0,1
2016,Odisha,BALASORE RTO - OR1( 07-NOV-2017 ),5,EDUCATIONAL INSTITUTION BUS,1,0,0,0,0,6,2,3,1,3,2,1,19
2016,Odisha,BALASORE RTO - OR1( 07-NOV-2017 ),6,EXCAVATOR (COMMERCIAL),1,1,4,0,1,1,1,1,0,0,1,0,11
2016,Odisha,BALASORE RTO - OR1( 07-NOV-2017 ),7,GOODS CARRIER,135,116,133,88,106,109,68,74,68,79,105,110,"1,191"
2016,Odisha,BALASORE RTO - OR1( 07-NOV-2017 ),8,MAXI CAB,38,31,37,31,27,18,29,20,20,29,31,37,348
2016,Odisha,BALASORE RTO - OR1( 07-NOV-2017 ),9,M-CYCLE/SCOOTER,"2,794","2,633","3,448","3,420","3,665","3,252","3,244","2,377","2,031","3,498","4,270","2,664","37,296"
2016,Odisha,BALASORE RTO - OR1( 07-NOV-2017 ),10,M-CYCLE/SCOOTER-WITH SIDE CAR,0,1,1,0,1,0,0,0,0,0,1,1,5
2016,Odisha,BALASORE RTO - OR1( 07-NOV-2017 ),11,MOPED,122,112,172,150,135,171,173,169,68,153,223,109,"1,757"
2016,Odisha,BALASORE RTO - OR1( 07-NOV-2017 ),12,MOTOR CAB,13,18,28,34,14,9,37,18,8,6,7,8,200
2016,Odisha,BALASORE RTO - OR1( 07-NOV-2017 ),13,MOTOR CAR,171,107,152,133,128,127,134,98,93,183,182,149,"1,657"
2016,Odisha,BALASORE RTO - OR1( 07-NOV-2017 ),14,OMNI BUS,3,1,2,3,1,2,2,1,1,2,0,0,18
2016,Odisha,BALASORE RTO - OR1( 07-NOV-2017 ),15,OMNI BUS (PRIVATE USE),1,3,4,4,4,7,3,4,3,6,8,6,53
2016,Odisha,BALASORE RTO - OR1( 07-NOV-2017 ),16,PRIVATE SERVICE VEHICLE,0,0,0,0,0,0,0,0,0,1,0,0,1
2016,Odisha,BALASORE RTO - OR1( 07-NOV-2017 ),17,THREE WHEELER (GOODS),9,24,27,19,29,28,25,20,12,30,33,23,279
2016,Odisha,BALASORE RTO - OR1( 07-NOV-2017 ),18,THREE WHEELER (PASSENGER),37,43,43,39,31,42,58,54,41,60,48,22,518
2016,Odisha,BALASORE RTO - OR1( 07-NOV-2017 ),19,TRACTOR (COMMERCIAL),50,67,57,20,46,51,26,18,31,28,65,42,501
2016,Odisha,BALASORE RTO - OR1( 07-NOV-2017 ),20,TRAILER (COMMERCIAL),48,66,62,23,48,51,22,16,30,33,66,42,507
2016,Odisha,BALASORE RTO - OR1( 07-NOV-2017 ),21,VEHICLE FITTED WITH RIG,0,0,0,0,1,0,0,0,0,0,1,0,2
2016,Odisha,BARGARH RTO - OR17( 04-DEC-2017 ),1,AGRICULTURAL TRACTOR,4,3,1,2,0,3,1,1,2,4,2,1,24
2016,Odisha,BARGARH RTO - OR17( 04-DEC-2017 ),2,AMBULANCE,1,0,0,0,0,0,0,1,0,1,1,0,4
2016,Odisha,BARGARH RTO - OR17( 04-DEC-2017 ),3,BUS,2,1,1,7,2,1,0,1,2,1,3,5,26
2016,Odisha,BARGARH RTO - OR17( 04-DEC-2017 ),4,CONSTRUCTION EQUIPMENT VEHICLE,1,0,0,0,0,0,0,0,0,0,0,0,1
2016,Odisha,BARGARH RTO - OR17( 04-DEC-2017 ),5,EDUCATIONAL INSTITUTION BUS,1,0,2,1,1,5,1,4,0,2,0,1,18
2016,Odisha,BARGARH RTO - OR17( 04-DEC-2017 ),6,EXCAVATOR (COMMERCIAL),3,11,12,5,3,5,2,0,2,4,0,1,48
2016,Odisha,BARGARH RTO - OR17( 04-DEC-2017 ),7,GOODS CARRIER,33,41,54,54,43,31,40,33,42,33,52,38,494
2016,Odisha,BARGARH RTO - OR17( 04-DEC-2017 ),8,MAXI CAB,5,8,2,5,6,4,4,1,3,4,9,4,55
2016,Odisha,BARGARH RTO - OR17( 04-DEC-2017 ),9,M-CYCLE/SCOOTER,"1,071","1,235","1,420","2,012","1,797","1,707","1,164","1,141",869,"1,031","1,451","1,015","15,913"
2016,Odisha,BARGARH RTO - OR17( 04-DEC-2017 ),10,M-CYCLE/SCOOTER-WITH SIDE CAR,1,0,2,0,0,0,0,0,0,0,0,0,3
2016,Odisha,BARGARH RTO - OR17( 04-DEC-2017 ),11,MOPED,176,244,183,182,141,176,121,285,203,183,282,152,"2,328"
2016,Odisha,BARGARH RTO - OR17( 04-DEC-2017 ),12,MOTOR CAB,2,1,1,0,0,0,2,1,1,0,0,0,8
2016,Odisha,BARGARH RTO - OR17( 04-DEC-2017 ),13,MOTOR CAR,92,73,81,87,77,70,75,76,72,74,127,69,973
2016,Odisha,BARGARH RTO - OR17( 04-DEC-2017 ),14,OMNI BUS,0,4,2,4,0,1,3,1,0,3,0,0,18
2016,Odisha,BARGARH RTO - OR17( 04-DEC-2017 ),15,OMNI BUS (PRIVATE USE),3,5,5,1,3,3,0,2,1,4,0,3,30
2016,Odisha,BARGARH RTO - OR17( 04-DEC-2017 ),16,PRIVATE SERVICE VEHICLE (INDIVIDUAL USE),0,0,0,0,0,0,0,0,1,0,0,0,1
2016,Odisha,BARGARH RTO - OR17( 04-DEC-2017 ),17,THREE WHEELER (GOODS),4,6,6,1,3,3,6,4,6,6,14,9,68
2016,Odisha,BARGARH RTO - OR17( 04-DEC-2017 ),18,THREE WHEELER (PASSENGER),25,19,14,17,17,21,21,17,30,31,30,34,276
2016,Odisha,BARGARH RTO - OR17( 04-DEC-2017 ),19,TRACTOR (COMMERCIAL),112,94,109,51,81,89,99,47,53,108,65,95,"1,003"
2016,Odisha,BARGARH RTO - OR17( 04-DEC-2017 ),20,TRAILER (AGRICULTURAL),0,0,0,0,0,0,0,0,1,0,0,0,1
2016,Odisha,BARGARH RTO - OR17( 04-DEC-2017 ),21,TRAILER (COMMERCIAL),41,44,44,29,31,40,33,17,25,29,35,47,415
2016,Odisha,BHADRAK RTO - OR22( 04-DEC-2017 ),1,AGRICULTURAL TRACTOR,5,8,6,8,8,15,5,2,5,7,6,17,92
2016,Odisha,BHADRAK RTO - OR22( 04-DEC-2017 ),2,AMBULANCE,0,0,0,0,0,0,2,0,0,1,0,0,3
2016,Odisha,BHADRAK RTO - OR22( 04-DEC-2017 ),3,BUS,3,3,1,3,1,0,3,1,1,2,3,1,22
2016,Odisha,BHADRAK RTO - OR22( 04-DEC-2017 ),4,CONSTRUCTION EQUIPMENT VEHICLE,0,0,1,0,0,0,0,0,0,0,1,0,2
2016,Odisha,BHADRAK RTO - OR22( 04-DEC-2017 ),5,CRANE MOUNTED VEHICLE,0,0,0,0,0,0,0,1,0,0,0,0,1
2016,Odisha,BHADRAK RTO - OR22( 04-DEC-2017 ),6,EDUCATIONAL INSTITUTION BUS,0,0,2,0,0,1,2,1,0,1,2,0,9
2016,Odisha,BHADRAK RTO - OR22( 04-DEC-2017 ),7,GOODS CARRIER,51,45,48,41,31,31,31,21,47,36,54,54,490
2016,Odisha,BHADRAK RTO - OR22( 04-DEC-2017 ),8,MAXI CAB,15,10,17,13,10,2,9,4,1,14,16,9,120
2016,Odisha,BHADRAK RTO - OR22( 04-DEC-2017 ),9,M-CYCLE/SCOOTER,"1,168","1,389","1,772","2,006","1,669","1,548","1,458","1,055","1,072","2,069","2,163","1,504","18,873"
2016,Odisha,BHADRAK RTO - OR22( 04-DEC-2017 ),10,M-CYCLE/SCOOTER-WITH SIDE CAR,0,1,0,1,0,0,1,0,2,0,2,0,7
2016,Odisha,BHADRAK RTO - OR22( 04-DEC-2017 ),11,MOPED,49,67,69,66,94,75,68,49,76,91,125,88,917
2016,Odisha,BHADRAK RTO - OR22( 04-DEC-2017 ),12,MOTOR CAB,0,2,0,0,3,3,1,1,1,0,7,2,20
2016,Odisha,BHADRAK RTO - OR22( 04-DEC-2017 ),13,MOTOR CAR,34,31,28,30,31,20,24,24,17,33,45,34,351
2016,Odisha,BHADRAK RTO - OR22( 04-DEC-2017 ),14,OMNI BUS,0,2,0,1,0,0,0,0,0,0,1,0,4
2016,Odisha,BHADRAK RTO - OR22( 04-DEC-2017 ),15,OMNI BUS (PRIVATE USE),1,0,0,1,0,0,0,0,0,0,1,1,4
2016,Odisha,BHADRAK RTO - OR22( 04-DEC-2017 ),16,PRIVATE SERVICE VEHICLE (INDIVIDUAL USE),0,0,0,0,0,1,0,0,0,0,0,0,1
2016,Odisha,BHADRAK RTO - OR22( 04-DEC-2017 ),17,THREE WHEELER (GOODS),9,23,33,18,24,30,16,25,40,37,35,26,316
2016,Odisha,BHADRAK RTO - OR22( 04-DEC-2017 ),18,THREE WHEELER (PASSENGER),23,30,34,30,35,42,28,20,57,50,42,29,420
2016,Odisha,BHADRAK RTO - OR22( 04-DEC-2017 ),19,TRACTOR (COMMERCIAL),40,50,42,48,37,27,22,12,23,41,53,64,459
2016,Odisha,BHADRAK RTO - OR22( 04-DEC-2017 ),20,TRAILER (COMMERCIAL),43,54,45,49,38,26,22,11,22,43,52,63,468
2016,Odisha,BHANJANAGAR RTO - OR32( 04-DEC-2017 ),1,ADAPTED VEHICLE,0,0,0,0,0,0,0,0,0,0,1,0,1
2016,Odisha,BHANJANAGAR RTO - OR32( 04-DEC-2017 ),2,AGRICULTURAL TRACTOR,0,0,0,0,0,0,3,1,1,0,0,2,7
2016,Odisha,BHANJANAGAR RTO - OR32( 04-DEC-2017 ),3,AMBULANCE,0,0,0,0,0,0,0,1,0,0,0,0,1
2016,Odisha,BHANJANAGAR RTO - OR32( 04-DEC-2017 ),4,BUS,1,2,1,0,1,0,2,1,0,0,2,2,12
2016,Odisha,BHANJANAGAR RTO - OR32( 04-DEC-2017 ),5,CRANE MOUNTED VEHICLE,0,0,0,1,0,0,0,0,0,0,0,0,1
2016,Odisha,BHANJANAGAR RTO - OR32( 04-DEC-2017 ),6,EDUCATIONAL INSTITUTION BUS,0,0,0,0,0,1,0,1,0,0,0,0,2
2016,Odisha,BHANJANAGAR RTO - OR32( 04-DEC-2017 ),7,GOODS CARRIER,8,23,12,5,12,13,8,5,4,10,18,7,125
2016,Odisha,BHANJANAGAR RTO - OR32( 04-DEC-2017 ),8,MAXI CAB,3,3,3,1,1,3,2,1,3,3,1,1,25
2016,Odisha,BHANJANAGAR RTO - OR32( 04-DEC-2017 ),9,M-CYCLE/SCOOTER,364,497,695,797,838,416,583,446,368,466,955,489,"6,914"
2016,Odisha,BHANJANAGAR RTO - OR32( 04-DEC-2017 ),10,MOPED,196,204,188,230,262,177,242,158,227,179,262,191,"2,516"
2016,Odisha,BHANJANAGAR RTO - OR32( 04-DEC-2017 ),11,MOTOR CAB,0,1,1,2,0,0,0,0,0,1,3,0,8
2016,Odisha,BHANJANAGAR RTO - OR32( 04-DEC-2017 ),12,MOTOR CAR,12,9,2,5,11,6,8,8,9,9,12,10,101
2016,Odisha,BHANJANAGAR RTO - OR32( 04-DEC-2017 ),13,OMNI BUS,4,7,5,1,1,1,3,0,1,0,3,3,29
2016,Odisha,BHANJANAGAR RTO - OR32( 04-DEC-2017 ),14,OMNI BUS (PRIVATE USE),2,3,1,1,0,2,2,0,1,0,1,0,13
2016,Odisha,BHANJANAGAR RTO - OR32( 04-DEC-2017 ),15,THREE WHEELER (GOODS),7,5,9,8,8,5,5,7,5,4,23,10,96
2016,Odisha,BHANJANAGAR RTO - OR32( 04-DEC-2017 ),16,THREE WHEELER (PASSENGER),7,9,16,11,10,16,9,10,16,10,39,18,171
2016,Odisha,BHANJANAGAR RTO - OR32( 04-DEC-2017 ),17,TRACTOR (COMMERCIAL),36,31,33,19,17,32,43,34,35,15,46,24,365
2016,Odisha,BHANJANAGAR RTO - OR32( 04-DEC-2017 ),18,TRAILER (COMMERCIAL),41,29,35,19,17,32,43,34,36,15,48,23,372
2016,Odisha,BHANJANAGAR RTO - OR32( 04-DEC-2017 ),19,VEHICLE FITTED WITH COMPRESSOR,1,0,0,0,1,0,0,1,0,0,0,0,3
2016,Odisha,BHANJANAGAR RTO - OR32( 04-DEC-2017 ),20,VEHICLE FITTED WITH RIG,0,1,0,0,0,0,0,0,0,0,0,0,1
2016,Odisha,BHUBANESWAR-II RTO - OR33( 23-OCT-2017 ),1,AGRICULTURAL TRACTOR,9,14,10,6,6,13,21,2,0,0,0,0,81
2016,Odisha,BHUBANESWAR-II RTO - OR33( 23-OCT-2017 ),2,AMBULANCE,2,4,5,4,0,0,2,3,2,1,1,0,24
2016,Odisha,BHUBANESWAR-II RTO - OR33( 23-OCT-2017 ),3,BUS,2,2,0,1,1,0,2,2,0,2,0,0,12
2016,Odisha,BHUBANESWAR-II RTO - OR33( 23-OCT-2017 ),4,CONSTRUCTION EQUIPMENT VEHICLE,3,0,1,1,0,0,0,0,0,1,0,0,6
2016,Odisha,BHUBANESWAR-II RTO - OR33( 23-OCT-2017 ),5,CRANE MOUNTED VEHICLE,1,0,1,2,0,1,2,0,0,1,0,2,10
2016,Odisha,BHUBANESWAR-II RTO - OR33( 23-OCT-2017 ),6,EDUCATIONAL INSTITUTION BUS,1,1,1,2,4,1,4,5,1,2,3,2,27
2016,Odisha,BHUBANESWAR-II RTO - OR33( 23-OCT-2017 ),7,GOODS CARRIER,73,34,49,51,45,31,29,24,25,35,28,32,456
2016,Odisha,BHUBANESWAR-II RTO - OR33( 23-OCT-2017 ),8,HARVESTER,1,0,0,1,0,0,0,0,0,0,0,0,2
2016,Odisha,BHUBANESWAR-II RTO - OR33( 23-OCT-2017 ),9,HEARSES,0,0,0,0,0,0,0,0,0,0,1,0,1
2016,Odisha,BHUBANESWAR-II RTO - OR33( 23-OCT-2017 ),10,MAXI CAB,17,6,14,9,10,10,9,26,9,10,15,19,154
2016,Odisha,BHUBANESWAR-II RTO - OR33( 23-OCT-2017 ),11,M-CYCLE/SCOOTER,"2,780","2,254","2,790","3,299","2,825","3,414","2,708","2,363","2,425","3,493","4,024","3,254","35,629"
2016,Odisha,BHUBANESWAR-II RTO - OR33( 23-OCT-2017 ),12,M-CYCLE/SCOOTER-WITH SIDE CAR,0,0,0,1,0,0,0,0,1,0,1,0,3
2016,Odisha,BHUBANESWAR-II RTO - OR33( 23-OCT-2017 ),13,MOPED,37,45,84,52,63,63,38,63,83,66,129,88,811
2016,Odisha,BHUBANESWAR-II RTO - OR33( 23-OCT-2017 ),14,MOTOR CAB,20,12,14,14,13,20,31,39,21,21,44,34,283
2016,Odisha,BHUBANESWAR-II RTO - OR33( 23-OCT-2017 ),15,MOTOR CAR,366,283,276,318,252,259,264,282,331,369,428,353,"3,781"
2016,Odisha,BHUBANESWAR-II RTO - OR33( 23-OCT-2017 ),16,MOTOR CYCLE/SCOOTER-USED FOR HIRE,1,3,1,1,0,2,0,1,1,0,3,3,16
2016,Odisha,BHUBANESWAR-II RTO - OR33( 23-OCT-2017 ),17,OMNI BUS,2,1,3,1,0,3,8,1,1,3,5,2,30
2016,Odisha,BHUBANESWAR-II RTO - OR33( 23-OCT-2017 ),18,OMNI BUS (PRIVATE USE),4,3,2,3,2,11,0,1,5,3,8,7,49
2016,Odisha,BHUBANESWAR-II RTO - OR33( 23-OCT-2017 ),19,PRIVATE SERVICE VEHICLE,1,1,1,1,0,1,2,1,0,0,0,1,9
2016,Odisha,BHUBANESWAR-II RTO - OR33( 23-OCT-2017 ),20,PRIVATE SERVICE VEHICLE (INDIVIDUAL USE),0,0,0,2,0,1,0,0,0,1,1,0,5
2016,Odisha,BHUBANESWAR-II RTO - OR33( 23-OCT-2017 ),21,THREE WHEELER (GOODS),35,38,34,36,33,25,33,30,37,33,29,35,398
2016,Odisha,BHUBANESWAR-II RTO - OR33( 23-OCT-2017 ),22,THREE WHEELER (PASSENGER),142,117,143,109,128,105,137,144,147,143,162,108,"1,585"
2016,Odisha,BHUBANESWAR-II RTO - OR33( 23-OCT-2017 ),23,TRACTOR (COMMERCIAL),18,29,47,26,33,10,29,17,19,13,12,21,274
2016,Odisha,BHUBANESWAR-II RTO - OR33( 23-OCT-2017 ),24,TRACTOR-TROLLEY(COMMERCIAL),0,0,0,0,0,0,0,1,0,0,0,0,1
2016,Odisha,BHUBANESWAR-II RTO - OR33( 23-OCT-2017 ),25,TRAILER (COMMERCIAL),19,30,46,25,34,10,29,18,20,13,12,22,278
2016,Odisha,BHUBANESWAR RTO - OR2( 22-JAN-2018 ),1,ADAPTED VEHICLE,0,0,0,1,0,0,1,0,0,0,0,0,2
2016,Odisha,BHUBANESWAR RTO - OR2( 22-JAN-2018 ),2,AGRICULTURAL TRACTOR,13,8,6,7,7,11,14,15,8,16,12,11,128
2016,Odisha,BHUBANESWAR RTO - OR2( 22-JAN-2018 ),3,AMBULANCE,3,4,1,0,3,0,3,2,4,4,6,3,33
2016,Odisha,BHUBANESWAR RTO - OR2( 22-JAN-2018 ),4,BUS,7,6,6,4,10,3,3,4,6,6,12,5,72
2016,Odisha,BHUBANESWAR RTO - OR2( 22-JAN-2018 ),5,CASH VAN,0,0,0,0,0,0,0,0,0,2,0,0,2
2016,Odisha,BHUBANESWAR RTO - OR2( 22-JAN-2018 ),6,CONSTRUCTION EQUIPMENT VEHICLE,1,0,3,1,1,1,3,2,0,1,4,3,20
2016,Odisha,BHUBANESWAR RTO - OR2( 22-JAN-2018 ),7,CRANE MOUNTED VEHICLE,0,1,0,0,0,0,0,2,0,0,0,0,3
2016,Odisha,BHUBANESWAR RTO - OR2( 22-JAN-2018 ),8,EARTH MOVING EQUIPMENT,0,1,0,0,0,0,0,0,0,0,1,0,2
2016,Odisha,BHUBANESWAR RTO - OR2( 22-JAN-2018 ),9,EDUCATIONAL INSTITUTION BUS,0,3,0,7,4,1,8,5,5,1,1,1,36
2016,Odisha,BHUBANESWAR RTO - OR2( 22-JAN-2018 ),10,EXCAVATOR (NT),0,0,1,0,0,0,0,0,0,0,0,0,1
2016,Odisha,BHUBANESWAR RTO - OR2( 22-JAN-2018 ),11,GOODS CARRIER,144,204,133,147,150,112,129,106,105,125,128,106,"1,589"
2016,Odisha,BHUBANESWAR RTO - OR2( 22-JAN-2018 ),12,HARVESTER,2,1,0,0,1,0,1,0,0,0,2,0,7
2016,Odisha,BHUBANESWAR RTO - OR2( 22-JAN-2018 ),13,MAXI CAB,72,43,52,42,43,36,28,39,29,39,51,39,513
2016,Odisha,BHUBANESWAR RTO - OR2( 22-JAN-2018 ),14,M-CYCLE/SCOOTER,"3,065","3,258","2,731","2,608","3,614","2,948","3,304","2,777","3,432","3,540","4,923","3,362","39,562"
2016,Odisha,BHUBANESWAR RTO - OR2( 22-JAN-2018 ),15,M-CYCLE/SCOOTER-WITH SIDE CAR,2,0,0,1,2,0,0,0,1,0,0,0,6
2016,Odisha,BHUBANESWAR RTO - OR2( 22-JAN-2018 ),16,MOPED,263,222,244,311,262,322,271,296,271,305,408,270,"3,445"
2016,Odisha,BHUBANESWAR RTO - OR2( 22-JAN-2018 ),17,MOTOR CAB,69,56,44,69,55,65,68,60,59,87,109,93,834
2016,Odisha,BHUBANESWAR RTO - OR2( 22-JAN-2018 ),18,MOTOR CAR,"1,443","1,112","1,015","1,099","1,027","1,075","1,049","1,055","1,088","1,212","1,583","1,294","14,052"
2016,Odisha,BHUBANESWAR RTO - OR2( 22-JAN-2018 ),19,MOTOR CYCLE/SCOOTER-USED FOR HIRE,1,2,0,0,0,0,1,0,0,1,0,0,5
2016,Odisha,BHUBANESWAR RTO - OR2( 22-JAN-2018 ),20,OMNI BUS,7,2,6,8,5,6,7,2,7,4,2,10,66
2016,Odisha,BHUBANESWAR RTO - OR2( 22-JAN-2018 ),21,OMNI BUS (PRIVATE USE),19,14,13,12,5,14,16,11,7,12,15,15,153
2016,Odisha,BHUBANESWAR RTO - OR2( 22-JAN-2018 ),22,PRIVATE SERVICE VEHICLE,0,0,0,0,0,0,2,0,0,1,0,0,3
2016,Odisha,BHUBANESWAR RTO - OR2( 22-JAN-2018 ),23,PRIVATE SERVICE VEHICLE (INDIVIDUAL USE),0,0,0,0,2,1,0,0,0,0,0,0,3
2016,Odisha,BHUBANESWAR RTO - OR2( 22-JAN-2018 ),24,RECOVERY VEHICLE,0,0,0,1,0,0,0,0,0,0,1,0,2
2016,Odisha,BHUBANESWAR RTO - OR2( 22-JAN-2018 ),25,THREE WHEELER (GOODS),18,24,20,18,17,16,18,10,11,15,18,39,224
2016,Odisha,BOLANGIR RTO - OR3( 25-DEC-2017 ),1,AGRICULTURAL TRACTOR,0,0,5,9,2,3,7,15,6,14,6,14,81
2016,Odisha,BOLANGIR RTO - OR3( 25-DEC-2017 ),2,AMBULANCE,0,1,1,0,0,0,0,0,1,0,0,1,4
2016,Odisha,BOLANGIR RTO - OR3( 25-DEC-2017 ),3,BUS,1,2,2,0,1,1,1,0,4,0,1,0,13
2016,Odisha,BOLANGIR RTO - OR3( 25-DEC-2017 ),4,CONSTRUCTION EQUIPMENT VEHICLE,0,2,0,0,0,0,0,0,0,0,0,0,2
2016,Odisha,BOLANGIR RTO - OR3( 25-DEC-2017 ),5,EDUCATIONAL INSTITUTION BUS,0,0,1,3,1,1,3,1,2,1,1,2,16
2016,Odisha,BOLANGIR RTO - OR3( 25-DEC-2017 ),6,GOODS CARRIER,33,44,42,38,24,33,17,22,33,23,35,34,378
2016,Odisha,BOLANGIR RTO - OR3( 25-DEC-2017 ),7,MAXI CAB,15,13,22,7,11,6,5,7,6,12,18,14,136
2016,Odisha,BOLANGIR RTO - OR3( 25-DEC-2017 ),8,M-CYCLE/SCOOTER,"1,186","1,783","1,886","1,902","1,846","1,059",835,735,907,"1,064",935,942,"15,080"
2016,Odisha,BOLANGIR RTO - OR3( 25-DEC-2017 ),9,M-CYCLE/SCOOTER-WITH SIDE CAR,0,0,0,0,0,1,0,1,0,0,0,0,2
2016,Odisha,BOLANGIR RTO - OR3( 25-DEC-2017 ),10,MOPED,167,136,73,125,90,112,60,113,103,103,86,58,"1,226"
2016,Odisha,BOLANGIR RTO - OR3( 25-DEC-2017 ),11,MOTOR CAB,1,1,2,1,1,1,1,1,1,1,1,2,14
2016,Odisha,BOLANGIR RTO - OR3( 25-DEC-2017 ),12,MOTOR CAR,71,47,74,54,64,51,49,37,40,67,77,75,706
2016,Odisha,BOLANGIR RTO - OR3( 25-DEC-2017 ),13,OMNI BUS,3,2,1,1,0,0,0,0,0,0,1,2,10
2016,Odisha,BOLANGIR RTO - OR3( 25-DEC-2017 ),14,OMNI BUS (PRIVATE USE),3,4,6,3,3,2,0,5,3,3,1,6,39
2016,Odisha,BOLANGIR RTO - OR3( 25-DEC-2017 ),15,THREE WHEELER (GOODS),0,5,1,0,0,1,0,0,0,0,1,2,10
2016,Odisha,BOLANGIR RTO - OR3( 25-DEC-2017 ),16,THREE WHEELER (PASSENGER),15,28,22,25,22,27,27,21,28,35,26,19,295
2016,Odisha,BOLANGIR RTO - OR3( 25-DEC-2017 ),17,TRACTOR (COMMERCIAL),51,46,59,59,39,40,63,35,67,55,48,34,596
2016,Odisha,BOLANGIR RTO - OR3( 25-DEC-2017 ),18,TRAILER (COMMERCIAL),47,41,49,48,34,35,51,27,48,48,34,35,497
2016,Odisha,BOUDH RTO - OR27( 23-OCT-2017 ),1,AGRICULTURAL TRACTOR,0,0,0,1,0,0,0,0,0,0,0,0,1
2016,Odisha,BOUDH RTO - OR27( 23-OCT-2017 ),2,AMBULANCE,0,0,0,1,0,0,0,0,0,0,0,0,1
2016,Odisha,BOUDH RTO - OR27( 23-OCT-2017 ),3,BUS,0,1,0,1,0,0,0,0,0,0,0,0,2
2016,Odisha,BOUDH RTO - OR27( 23-OCT-2017 ),4,EDUCATIONAL INSTITUTION BUS,0,0,0,0,0,0,0,1,0,0,0,0,1
2016,Odisha,BOUDH RTO - OR27( 23-OCT-2017 ),5,GOODS CARRIER,8,6,7,8,5,4,3,4,4,6,8,10,73
2016,Odisha,BOUDH RTO - OR27( 23-OCT-2017 ),6,HEARSES,0,0,0,0,0,0,0,0,0,0,0,1,1
2016,Odisha,BOUDH RTO - OR27( 23-OCT-2017 ),7,MAXI CAB,1,3,2,2,0,2,0,0,1,0,2,0,13
2016,Odisha,BOUDH RTO - OR27( 23-OCT-2017 ),8,M-CYCLE/SCOOTER,74,263,166,259,209,288,246,110,97,104,253,178,"2,247"
2016,Odisha,BOUDH RTO - OR27( 23-OCT-2017 ),9,MOPED,9,32,9,21,9,24,2,17,19,35,39,26,242
2016,Odisha,BOUDH RTO - OR27( 23-OCT-2017 ),10,MOTOR CAB,0,0,1,1,0,1,0,1,0,0,0,1,5
2016,Odisha,BOUDH RTO - OR27( 23-OCT-2017 ),11,MOTOR CAR,4,6,5,4,3,5,5,4,3,7,12,4,62
2016,Odisha,BOUDH RTO - OR27( 23-OCT-2017 ),12,OMNI BUS,1,0,1,0,1,0,0,0,0,0,0,0,3
2016,Odisha,BOUDH RTO - OR27( 23-OCT-2017 ),13,OMNI BUS (PRIVATE USE),0,0,0,1,0,1,0,0,0,0,0,0,2
2016,Odisha,BOUDH RTO - OR27( 23-OCT-2017 ),14,PRIVATE SERVICE VEHICLE (INDIVIDUAL USE),0,0,0,0,1,0,0,0,0,0,0,0,1
2016,Odisha,BOUDH RTO - OR27( 23-OCT-2017 ),15,THREE WHEELER (GOODS),0,0,2,0,2,0,0,1,0,0,0,1,6
2016,Odisha,BOUDH RTO - OR27( 23-OCT-2017 ),16,THREE WHEELER (PASSENGER),6,6,2,4,11,12,5,3,4,5,7,9,74
2016,Odisha,BOUDH RTO - OR27( 23-OCT-2017 ),17,TRACTOR (COMMERCIAL),8,5,8,6,1,1,16,3,7,10,8,19,92
2016,Odisha,BOUDH RTO - OR27( 23-OCT-2017 ),18,TRAILER (COMMERCIAL),8,5,7,6,1,1,16,3,7,10,8,17,89
2016,Odisha,CHANDIKHOLE RTO - OR4( 23-OCT-2017 ),1,AGRICULTURAL TRACTOR,1,0,4,1,1,0,0,2,2,1,0,0,12
2016,Odisha,CHANDIKHOLE RTO - OR4( 23-OCT-2017 ),2,AMBULANCE,0,0,1,0,0,0,0,0,0,0,0,1,2
2016,Odisha,CHANDIKHOLE RTO - OR4( 23-OCT-2017 ),3,ARTICULATED VEHICLE,0,0,1,0,0,0,0,0,0,0,0,0,1
2016,Odisha,CHANDIKHOLE RTO - OR4( 23-OCT-2017 ),4,BUS,2,2,2,2,0,3,1,1,1,1,1,1,17
2016,Odisha,CHANDIKHOLE RTO - OR4( 23-OCT-2017 ),5,CONSTRUCTION EQUIPMENT VEHICLE,1,0,1,0,0,2,1,1,1,1,0,2,10
2016,Odisha,CHANDIKHOLE RTO - OR4( 23-OCT-2017 ),6,CRANE MOUNTED VEHICLE,1,0,0,1,0,0,0,1,0,0,0,2,5
2016,Odisha,CHANDIKHOLE RTO - OR4( 23-OCT-2017 ),7,EDUCATIONAL INSTITUTION BUS,0,0,1,0,0,0,0,1,0,0,0,0,2
2016,Odisha,CHANDIKHOLE RTO - OR4( 23-OCT-2017 ),8,EXCAVATOR (COMMERCIAL),0,0,0,0,0,0,0,0,0,0,1,0,1
2016,Odisha,CHANDIKHOLE RTO - OR4( 23-OCT-2017 ),9,GOODS CARRIER,67,114,85,106,86,85,43,82,69,69,88,79,973
2016,Odisha,CHANDIKHOLE RTO - OR4( 23-OCT-2017 ),10,HARVESTER,0,1,0,0,0,0,0,0,0,0,0,0,1
2016,Odisha,CHANDIKHOLE RTO - OR4( 23-OCT-2017 ),11,MAXI CAB,9,12,6,4,5,4,3,7,7,7,10,2,76
2016,Odisha,CHANDIKHOLE RTO - OR4( 23-OCT-2017 ),12,M-CYCLE/SCOOTER,414,802,843,714,562,825,423,"1,112",810,"1,000",853,707,"9,065"
2016,Odisha,CHANDIKHOLE RTO - OR4( 23-OCT-2017 ),13,MOPED,46,96,118,69,6,65,27,128,95,81,42,179,952
2016,Odisha,CHANDIKHOLE RTO - OR4( 23-OCT-2017 ),14,MOTOR CAB,0,2,0,2,1,0,1,0,1,1,0,0,8
2016,Odisha,CHANDIKHOLE RTO - OR4( 23-OCT-2017 ),15,MOTOR CAR,35,51,24,31,11,29,22,35,37,28,28,37,368
2016,Odisha,CHANDIKHOLE RTO - OR4( 23-OCT-2017 ),16,MOTOR CYCLE/SCOOTER-USED FOR HIRE,0,0,0,0,1,0,1,0,0,0,0,0,2
2016,Odisha,CHANDIKHOLE RTO - OR4( 23-OCT-2017 ),17,OMNI BUS,2,5,6,2,1,1,0,5,1,1,1,7,32
2016,Odisha,CHANDIKHOLE RTO - OR4( 23-OCT-2017 ),18,OMNI BUS (PRIVATE USE),1,0,1,1,0,0,0,0,0,0,0,0,3
2016,Odisha,CHANDIKHOLE RTO - OR4( 23-OCT-2017 ),19,PRIVATE SERVICE VEHICLE,0,0,0,0,0,0,0,0,1,0,0,0,1
2016,Odisha,CHANDIKHOLE RTO - OR4( 23-OCT-2017 ),20,THREE WHEELER (GOODS),25,22,21,40,14,37,22,35,17,25,20,34,312
2016,Odisha,CHANDIKHOLE RTO - OR4( 23-OCT-2017 ),21,THREE WHEELER (PASSENGER),36,25,35,43,26,41,25,50,21,33,34,29,398
2016,Odisha,CHANDIKHOLE RTO - OR4( 23-OCT-2017 ),22,TRACTOR (COMMERCIAL),25,73,66,49,23,7,20,60,40,28,28,54,473
2016,Odisha,CHANDIKHOLE RTO - OR4( 23-OCT-2017 ),23,TRAILER (COMMERCIAL),24,73,67,51,23,7,19,60,41,29,28,54,476
2016,Odisha,CHANDIKHOLE RTO - OR4( 23-OCT-2017 ),24,VEHICLE FITTED WITH RIG,0,0,0,1,0,0,0,0,0,0,0,0,1
2016,Odisha,CUTTACK RTO - OR5( 31-MAY-2017 ),1,ADAPTED VEHICLE,0,0,0,0,0,0,0,0,1,0,0,0,1
2016,Odisha,CUTTACK RTO - OR5( 31-MAY-2017 ),2,AGRICULTURAL TRACTOR,2,8,5,5,5,3,8,25,15,14,12,10,112
2016,Odisha,CUTTACK RTO - OR5( 31-MAY-2017 ),3,AMBULANCE,0,1,0,7,0,0,1,7,2,2,1,2,23
2016,Odisha,CUTTACK RTO - OR5( 31-MAY-2017 ),4,BUS,11,1,12,29,1,4,6,4,6,21,15,3,113
2016,Odisha,CUTTACK RTO - OR5( 31-MAY-2017 ),5,CONSTRUCTION EQUIPMENT VEHICLE,8,6,7,3,1,1,4,7,4,1,1,13,56
2016,Odisha,CUTTACK RTO - OR5( 31-MAY-2017 ),6,CRANE MOUNTED VEHICLE,0,0,0,0,0,0,0,0,0,0,1,0,1
2016,Odisha,CUTTACK RTO - OR5( 31-MAY-2017 ),7,EDUCATIONAL INSTITUTION BUS,0,0,6,6,0,5,1,0,2,1,3,3,27
2016,Odisha,CUTTACK RTO - OR5( 31-MAY-2017 ),8,EXCAVATOR (NT),0,0,0,0,0,0,0,0,0,0,0,1,1
2016,Odisha,CUTTACK RTO - OR5( 31-MAY-2017 ),9,GOODS CARRIER,170,142,159,165,205,155,105,118,151,180,141,200,"1,891"
2016,Odisha,CUTTACK RTO - OR5( 31-MAY-2017 ),10,HARVESTER,0,0,1,0,0,0,0,0,0,0,0,0,1
2016,Odisha,CUTTACK RTO - OR5( 31-MAY-2017 ),11,MAXI CAB,49,37,30,18,20,23,26,22,25,34,35,38,357
2016,Odisha,CUTTACK RTO - OR5( 31-MAY-2017 ),12,M-CYCLE/SCOOTER,"1,917","2,258","2,358","2,606","2,475","2,408","2,150","1,750","1,891","2,979","2,784","2,147","27,723"
2016,Odisha,CUTTACK RTO - OR5( 31-MAY-2017 ),13,M-CYCLE/SCOOTER-WITH SIDE CAR,1,0,0,0,0,0,0,1,1,0,1,0,4
2016,Odisha,CUTTACK RTO - OR5( 31-MAY-2017 ),14,MOPED,"1,696","1,619","1,823","1,571","2,022","1,653","1,910","1,807","1,894","2,433","2,941","2,266","23,635"
2016,Odisha,CUTTACK RTO - OR5( 31-MAY-2017 ),15,MOTOR CAB,12,16,12,9,11,12,17,13,17,23,17,12,171
2016,Odisha,CUTTACK RTO - OR5( 31-MAY-2017 ),16,MOTOR CAR,399,288,316,313,302,308,280,298,348,307,419,329,"3,907"
2016,Odisha,CUTTACK RTO - OR5( 31-MAY-2017 ),17,MOTOR CYCLE/SCOOTER-USED FOR HIRE,0,0,0,2,0,0,0,1,0,0,0,0,3
2016,Odisha,CUTTACK RTO - OR5( 31-MAY-2017 ),18,OMNI BUS,1,0,2,1,2,3,2,1,0,5,0,2,19
2016,Odisha,CUTTACK RTO - OR5( 31-MAY-2017 ),19,OMNI BUS (PRIVATE USE),25,8,10,133,24,9,5,5,6,4,4,6,239
2016,Odisha,CUTTACK RTO - OR5( 31-MAY-2017 ),20,PRIVATE SERVICE VEHICLE,1,0,0,1,1,2,2,0,0,1,1,2,11
2016,Odisha,CUTTACK RTO - OR5( 31-MAY-2017 ),21,PRIVATE SERVICE VEHICLE (INDIVIDUAL USE),0,0,0,0,0,0,0,1,0,0,0,0,1
2016,Odisha,CUTTACK RTO - OR5( 31-MAY-2017 ),22,THREE WHEELER (GOODS),30,33,26,31,31,29,26,17,25,21,29,23,321
2016,Odisha,CUTTACK RTO - OR5( 31-MAY-2017 ),23,THREE WHEELER (PASSENGER),76,70,71,66,53,53,67,63,84,101,82,65,851
2016,Odisha,CUTTACK RTO - OR5( 31-MAY-2017 ),24,TRACTOR (COMMERCIAL),45,70,61,56,39,33,26,42,56,42,45,57,572
2016,Odisha,CUTTACK RTO - OR5( 31-MAY-2017 ),25,TRAILER (COMMERCIAL),46,71,61,57,39,33,26,40,56,42,46,58,575
2016,Odisha,DEOGARH RTO - OR28( 23-OCT-2017 ),1,AMBULANCE,1,0,0,1,0,0,0,0,0,0,0,0,2
2016,Odisha,DEOGARH RTO - OR28( 23-OCT-2017 ),2,BUS,6,1,3,0,1,1,1,0,0,0,0,1,14
2016,Odisha,DEOGARH RTO - OR28( 23-OCT-2017 ),3,EDUCATIONAL INSTITUTION BUS,0,0,0,0,1,0,0,0,0,0,0,0,1
2016,Odisha,DEOGARH RTO - OR28( 23-OCT-2017 ),4,EXCAVATOR (COMMERCIAL),2,0,1,0,0,0,0,0,0,0,0,0,3
2016,Odisha,DEOGARH RTO - OR28( 23-OCT-2017 ),5,GOODS CARRIER,7,5,3,0,3,4,1,4,5,7,3,9,51
2016,Odisha,DEOGARH RTO - OR28( 23-OCT-2017 ),6,LUXURY CAB,0,0,0,0,0,0,0,0,1,0,0,0,1
2016,Odisha,DEOGARH RTO - OR28( 23-OCT-2017 ),7,MAXI CAB,2,2,3,2,1,3,1,1,1,2,3,1,22
2016,Odisha,DEOGARH RTO - OR28( 23-OCT-2017 ),8,M-CYCLE/SCOOTER,79,116,108,128,140,97,140,107,120,127,117,272,"1,551"
2016,Odisha,DEOGARH RTO - OR28( 23-OCT-2017 ),9,MOPED,10,9,11,11,5,3,9,3,14,17,0,16,108
2016,Odisha,DEOGARH RTO - OR28( 23-OCT-2017 ),10,MOTOR CAB,0,0,0,0,0,1,0,1,0,0,1,0,3
2016,Odisha,DEOGARH RTO - OR28( 23-OCT-2017 ),11,MOTOR CAR,5,13,9,9,6,6,8,2,6,4,11,11,90
2016,Odisha,DEOGARH RTO - OR28( 23-OCT-2017 ),12,OMNI BUS,0,0,0,0,0,0,0,0,0,0,0,1,1
2016,Odisha,DEOGARH RTO - OR28( 23-OCT-2017 ),13,OMNI BUS (PRIVATE USE),2,0,0,0,1,1,1,1,0,0,2,0,8
2016,Odisha,DEOGARH RTO - OR28( 23-OCT-2017 ),14,THREE WHEELER (GOODS),0,0,0,0,2,0,0,0,2,1,3,1,9
2016,Odisha,DEOGARH RTO - OR28( 23-OCT-2017 ),15,THREE WHEELER (PASSENGER),2,2,6,3,3,1,6,3,5,3,6,4,44
2016,Odisha,DEOGARH RTO - OR28( 23-OCT-2017 ),16,TRACTOR (COMMERCIAL),2,9,2,3,3,5,7,2,1,8,6,6,54
2016,Odisha,DEOGARH RTO - OR28( 23-OCT-2017 ),17,TRAILER (COMMERCIAL),2,9,3,2,3,5,6,2,0,8,6,4,50
2016,Odisha,DHENKANAL RTO - OR6( 07-NOV-2017 ),1,AGRICULTURAL TRACTOR,0,2,5,0,1,0,0,1,0,0,10,0,19
2016,Odisha,DHENKANAL RTO - OR6( 07-NOV-2017 ),2,AMBULANCE,0,0,0,0,0,0,0,1,0,0,0,0,1
2016,Odisha,DHENKANAL RTO - OR6( 07-NOV-2017 ),3,BUS,1,1,0,0,0,1,0,1,0,0,1,0,5
2016,Odisha,DHENKANAL RTO - OR6( 07-NOV-2017 ),4,CONSTRUCTION EQUIPMENT VEHICLE,0,0,0,0,0,0,1,0,0,0,0,0,1
2016,Odisha,DHENKANAL RTO - OR6( 07-NOV-2017 ),5,EDUCATIONAL INSTITUTION BUS,0,0,0,5,2,0,1,1,0,0,0,0,9
2016,Odisha,DHENKANAL RTO - OR6( 07-NOV-2017 ),6,GOODS CARRIER,23,21,33,32,23,16,15,15,18,36,21,21,274
2016,Odisha,DHENKANAL RTO - OR6( 07-NOV-2017 ),7,MAXI CAB,1,0,1,2,0,2,1,0,3,2,3,1,16
2016,Odisha,DHENKANAL RTO - OR6( 07-NOV-2017 ),8,M-CYCLE/SCOOTER,573,623,960,781,801,878,674,671,662,"1,092",945,515,"9,175"
2016,Odisha,DHENKANAL RTO - OR6( 07-NOV-2017 ),9,M-CYCLE/SCOOTER-WITH SIDE CAR,0,0,0,0,0,0,0,0,0,1,0,0,1
2016,Odisha,DHENKANAL RTO - OR6( 07-NOV-2017 ),10,MOPED,63,98,103,56,83,109,93,62,62,80,154,48,"1,011"
2016,Odisha,DHENKANAL RTO - OR6( 07-NOV-2017 ),11,MOTOR CAB,1,3,2,0,2,2,1,0,1,1,1,0,14
2016,Odisha,DHENKANAL RTO - OR6( 07-NOV-2017 ),12,MOTOR CAR,21,19,32,22,18,17,21,14,19,23,44,20,270
2016,Odisha,DHENKANAL RTO - OR6( 07-NOV-2017 ),13,OMNI BUS,0,0,6,3,0,4,1,2,3,1,1,1,22
2016,Odisha,DHENKANAL RTO - OR6( 07-NOV-2017 ),14,OMNI BUS (PRIVATE USE),0,0,1,1,1,0,0,0,0,0,0,0,3
2016,Odisha,DHENKANAL RTO - OR6( 07-NOV-2017 ),15,PRIVATE SERVICE VEHICLE,0,0,0,0,0,0,0,0,0,1,0,0,1
2016,Odisha,DHENKANAL RTO - OR6( 07-NOV-2017 ),16,PRIVATE SERVICE VEHICLE (INDIVIDUAL USE),0,0,0,0,0,0,0,1,0,0,0,0,1
2016,Odisha,DHENKANAL RTO - OR6( 07-NOV-2017 ),17,THREE WHEELER (GOODS),6,10,6,4,3,7,6,5,7,12,9,4,79
2016,Odisha,DHENKANAL RTO - OR6( 07-NOV-2017 ),18,THREE WHEELER (PASSENGER),21,18,18,10,7,14,18,8,12,13,14,10,163
2016,Odisha,DHENKANAL RTO - OR6( 07-NOV-2017 ),19,TRACTOR (COMMERCIAL),14,9,35,16,14,13,8,23,19,24,20,32,227
2016,Odisha,DHENKANAL RTO - OR6( 07-NOV-2017 ),20,TRACTOR-TROLLEY(COMMERCIAL),3,0,2,1,0,0,2,6,5,7,4,4,34
2016,Odisha,DHENKANAL RTO - OR6( 07-NOV-2017 ),21,TRAILER (COMMERCIAL),9,8,28,13,16,14,6,15,12,14,11,20,166
2016,Odisha,GAJAPATI RTO - OR20( 07-NOV-2017 ),1,AGRICULTURAL TRACTOR,0,1,1,1,2,0,2,0,1,1,0,0,9
2016,Odisha,GAJAPATI RTO - OR20( 07-NOV-2017 ),2,AMBULANCE,0,0,0,0,1,0,0,0,0,0,1,0,2
2016,Odisha,GAJAPATI RTO - OR20( 07-NOV-2017 ),3,BUS,6,2,0,0,0,2,0,0,0,0,0,0,10
2016,Odisha,GAJAPATI RTO - OR20( 07-NOV-2017 ),4,EDUCATIONAL INSTITUTION BUS,1,0,0,0,0,0,0,1,0,1,0,0,3
2016,Odisha,GAJAPATI RTO - OR20( 07-NOV-2017 ),5,GOODS CARRIER,5,5,2,1,5,1,2,1,2,5,4,6,39
2016,Odisha,GAJAPATI RTO - OR20( 07-NOV-2017 ),6,MAXI CAB,0,0,0,1,0,0,0,0,1,0,0,0,2
2016,Odisha,GAJAPATI RTO - OR20( 07-NOV-2017 ),7,M-CYCLE/SCOOTER,122,192,171,170,188,222,173,138,203,225,102,140,"2,046"
2016,Odisha,GAJAPATI RTO - OR20( 07-NOV-2017 ),8,MOPED,12,21,14,6,7,17,20,13,25,37,19,18,209
2016,Odisha,GAJAPATI RTO - OR20( 07-NOV-2017 ),9,MOTOR CAB,0,2,1,1,1,0,1,0,0,2,2,1,11
2016,Odisha,GAJAPATI RTO - OR20( 07-NOV-2017 ),10,MOTOR CAR,8,9,5,7,9,3,6,7,8,9,5,6,82
2016,Odisha,GAJAPATI RTO - OR20( 07-NOV-2017 ),11,OMNI BUS,2,1,0,1,0,1,2,0,1,1,0,0,9
2016,Odisha,GAJAPATI RTO - OR20( 07-NOV-2017 ),12,OMNI BUS (PRIVATE USE),0,1,0,0,1,0,0,0,0,0,0,1,3
2016,Odisha,GAJAPATI RTO - OR20( 07-NOV-2017 ),13,PRIVATE SERVICE VEHICLE (INDIVIDUAL USE),0,0,0,0,0,0,1,1,0,0,0,0,2
2016,Odisha,GAJAPATI RTO - OR20( 07-NOV-2017 ),14,THREE WHEELER (GOODS),0,0,0,1,0,0,0,0,0,0,0,0,1
2016,Odisha,GAJAPATI RTO - OR20( 07-NOV-2017 ),15,THREE WHEELER (PASSENGER),1,1,0,0,2,0,1,0,2,3,3,5,18
2016,Odisha,GAJAPATI RTO - OR20( 07-NOV-2017 ),16,TRACTOR (COMMERCIAL),7,8,14,9,9,5,21,7,9,23,3,20,135
2016,Odisha,GAJAPATI RTO - OR20( 07-NOV-2017 ),17,TRAILER (COMMERCIAL),7,8,13,9,9,5,21,7,11,23,4,20,137
2016,Odisha,GAJAPATI RTO - OR20( 07-NOV-2017 ),18,VEHICLE FITTED WITH RIG,0,0,0,1,0,0,0,0,0,0,0,0,1
2016,Odisha,GANJAM RTO - OR7( 04-DEC-2017 ),1,ADAPTED VEHICLE,0,1,0,0,1,0,0,1,2,0,1,0,6
2016,Odisha,GANJAM RTO - OR7( 04-DEC-2017 ),2,AGRICULTURAL TRACTOR,0,0,0,0,0,0,0,0,0,1,0,0,1
2016,Odisha,GANJAM RTO - OR7( 04-DEC-2017 ),3,AMBULANCE,2,0,0,3,1,0,0,2,0,1,2,0,11
2016,Odisha,GANJAM RTO - OR7( 04-DEC-2017 ),4,BUS,10,3,3,6,4,6,7,2,3,3,4,8,59
2016,Odisha,GANJAM RTO - OR7( 04-DEC-2017 ),5,CRANE MOUNTED VEHICLE,0,0,0,0,0,1,0,0,0,0,0,0,1
2016,Odisha,GANJAM RTO - OR7( 04-DEC-2017 ),6,DUMPER,0,0,0,0,0,0,0,0,3,0,0,0,3
2016,Odisha,GANJAM RTO - OR7( 04-DEC-2017 ),7,EDUCATIONAL INSTITUTION BUS,3,4,4,5,5,7,3,4,3,0,1,1,40
2016,Odisha,GANJAM RTO - OR7( 04-DEC-2017 ),8,GOODS CARRIER,48,91,96,76,75,63,57,37,78,74,88,87,870
2016,Odisha,GANJAM RTO - OR7( 04-DEC-2017 ),9,MAXI CAB,5,15,2,6,1,5,2,2,5,4,5,2,54
2016,Odisha,GANJAM RTO - OR7( 04-DEC-2017 ),10,M-CYCLE/SCOOTER,"1,880","1,942","2,376","2,712","3,112","2,524","1,680","2,707","1,589","1,934","3,431","3,246","29,133"
2016,Odisha,GANJAM RTO - OR7( 04-DEC-2017 ),11,M-CYCLE/SCOOTER-WITH SIDE CAR,0,1,0,0,0,0,0,0,0,0,6,1,8
2016,Odisha,GANJAM RTO - OR7( 04-DEC-2017 ),12,MOPED,255,428,328,394,408,378,183,383,173,424,406,376,"4,136"
2016,Odisha,GANJAM RTO - OR7( 04-DEC-2017 ),13,MOTOR CAB,5,2,4,6,3,5,0,5,5,9,4,4,52
2016,Odisha,GANJAM RTO - OR7( 04-DEC-2017 ),14,MOTOR CAR,115,100,127,114,96,96,123,119,101,114,163,137,"1,405"
2016,Odisha,GANJAM RTO - OR7( 04-DEC-2017 ),15,MOTORISED CYCLE (CC > 25CC),0,0,0,1,0,0,0,0,0,0,0,0,1
2016,Odisha,GANJAM RTO - OR7( 04-DEC-2017 ),16,OMNI BUS,9,6,5,4,7,9,7,9,3,17,10,11,97
2016,Odisha,GANJAM RTO - OR7( 04-DEC-2017 ),17,OMNI BUS (PRIVATE USE),5,8,6,2,12,3,5,1,11,5,4,8,70
2016,Odisha,GANJAM RTO - OR7( 04-DEC-2017 ),18,PRIVATE SERVICE VEHICLE,0,0,2,0,1,0,0,0,0,0,1,0,4
2016,Odisha,GANJAM RTO - OR7( 04-DEC-2017 ),19,PRIVATE SERVICE VEHICLE (INDIVIDUAL USE),0,1,0,0,0,0,2,0,0,1,1,1,6
2016,Odisha,GANJAM RTO - OR7( 04-DEC-2017 ),20,THREE WHEELER (GOODS),25,39,41,49,26,38,36,20,10,47,59,50,440
2016,Odisha,GANJAM RTO - OR7( 04-DEC-2017 ),21,THREE WHEELER (PASSENGER),56,101,67,81,83,73,111,64,76,128,146,77,"1,063"
2016,Odisha,GANJAM RTO - OR7( 04-DEC-2017 ),22,TRACTOR (COMMERCIAL),79,88,85,83,85,72,89,82,99,74,114,92,"1,042"
2016,Odisha,GANJAM RTO - OR7( 04-DEC-2017 ),23,TRAILER (COMMERCIAL),62,71,72,68,79,60,78,74,87,68,104,83,906
2016,Odisha,GANJAM RTO - OR7( 04-DEC-2017 ),24,VEHICLE FITTED WITH COMPRESSOR,0,0,1,0,0,0,0,0,0,0,0,0,1
2016,Odisha,GANJAM RTO - OR7( 04-DEC-2017 ),25,VEHICLE FITTED WITH RIG,0,0,0,1,1,0,0,1,0,0,1,0,4
2016,Odisha,JAGATSINGHPUR RTO - OR21( 04-DEC-2017 ),1,AGRICULTURAL TRACTOR,0,0,3,1,1,1,0,0,1,1,3,1,12
2016,Odisha,JAGATSINGHPUR RTO - OR21( 04-DEC-2017 ),2,AMBULANCE,0,4,1,1,0,1,0,0,0,0,0,0,7
2016,Odisha,JAGATSINGHPUR RTO - OR21( 04-DEC-2017 ),3,BUS,0,0,0,0,0,0,0,1,0,1,1,0,3
2016,Odisha,JAGATSINGHPUR RTO - OR21( 04-DEC-2017 ),4,CONSTRUCTION EQUIPMENT VEHICLE,3,0,0,1,0,1,1,0,0,2,5,0,13
2016,Odisha,JAGATSINGHPUR RTO - OR21( 04-DEC-2017 ),5,CRANE MOUNTED VEHICLE,0,0,0,0,0,0,0,0,0,0,1,0,1
2016,Odisha,JAGATSINGHPUR RTO - OR21( 04-DEC-2017 ),6,GOODS CARRIER,19,17,28,34,24,26,49,20,28,51,33,36,365
2016,Odisha,JAGATSINGHPUR RTO - OR21( 04-DEC-2017 ),7,MAXI CAB,8,6,5,5,5,5,6,6,2,10,6,7,71
2016,Odisha,JAGATSINGHPUR RTO - OR21( 04-DEC-2017 ),8,M-CYCLE/SCOOTER,810,822,"1,001",865,903,"1,175","1,012",671,866,"1,331","1,458",886,"11,800"
2016,Odisha,JAGATSINGHPUR RTO - OR21( 04-DEC-2017 ),9,MOPED,92,122,144,92,94,154,156,105,102,166,230,116,"1,573"
2016,Odisha,JAGATSINGHPUR RTO - OR21( 04-DEC-2017 ),10,MOTOR CAB,1,2,0,2,0,0,3,2,0,1,1,0,12
2016,Odisha,JAGATSINGHPUR RTO - OR21( 04-DEC-2017 ),11,MOTOR CAR,8,14,8,12,9,10,4,8,21,11,9,11,125
2016,Odisha,JAGATSINGHPUR RTO - OR21( 04-DEC-2017 ),12,OMNI BUS (PRIVATE USE),0,0,0,0,0,0,1,0,0,0,0,0,1
2016,Odisha,JAGATSINGHPUR RTO - OR21( 04-DEC-2017 ),13,THREE WHEELER (GOODS),12,17,15,9,2,21,12,8,16,16,12,17,157
2016,Odisha,JAGATSINGHPUR RTO - OR21( 04-DEC-2017 ),14,THREE WHEELER (PASSENGER),14,16,12,12,9,13,23,10,13,20,15,13,170
2016,Odisha,JAGATSINGHPUR RTO - OR21( 04-DEC-2017 ),15,TRACTOR (COMMERCIAL),16,25,31,24,14,16,18,18,24,28,18,17,249
2016,Odisha,JAGATSINGHPUR RTO - OR21( 04-DEC-2017 ),16,TRAILER (COMMERCIAL),16,25,31,24,14,17,17,17,24,29,18,17,249
2016,Odisha,JAJPUR RTO - OR34( 23-OCT-2017 ),1,AGRICULTURAL TRACTOR,0,0,3,0,0,0,0,1,1,1,0,0,6
2016,Odisha,JAJPUR RTO - OR34( 23-OCT-2017 ),2,ARTICULATED VEHICLE,0,0,0,0,0,1,0,0,0,0,0,0,1
2016,Odisha,JAJPUR RTO - OR34( 23-OCT-2017 ),3,BUS,0,0,0,0,1,0,0,0,0,0,0,0,1
2016,Odisha,JAJPUR RTO - OR34( 23-OCT-2017 ),4,CONSTRUCTION EQUIPMENT VEHICLE,0,0,0,0,1,0,0,0,2,1,2,0,6
2016,Odisha,JAJPUR RTO - OR34( 23-OCT-2017 ),5,CRANE MOUNTED VEHICLE,0,0,0,1,0,0,0,0,0,0,0,0,1
2016,Odisha,JAJPUR RTO - OR34( 23-OCT-2017 ),6,EDUCATIONAL INSTITUTION BUS,0,0,0,0,0,0,0,0,0,1,0,0,1
2016,Odisha,JAJPUR RTO - OR34( 23-OCT-2017 ),7,EXCAVATOR (COMMERCIAL),0,0,1,0,0,0,0,0,0,0,0,0,1
2016,Odisha,JAJPUR RTO - OR34( 23-OCT-2017 ),8,GOODS CARRIER,18,12,22,27,22,15,28,38,21,27,37,44,311
2016,Odisha,JAJPUR RTO - OR34( 23-OCT-2017 ),9,HARVESTER,0,0,0,0,0,0,0,0,0,0,0,1,1
2016,Odisha,JAJPUR RTO - OR34( 23-OCT-2017 ),10,LUXURY CAB,1,0,0,0,0,0,0,0,0,0,0,0,1
2016,Odisha,JAJPUR RTO - OR34( 23-OCT-2017 ),11,MAXI CAB,5,1,3,4,9,9,12,16,9,4,6,14,92
2016,Odisha,JAJPUR RTO - OR34( 23-OCT-2017 ),12,M-CYCLE/SCOOTER,"1,435","1,248","1,238","1,291","1,493","1,984","1,395","2,164",989,"1,134","1,629","1,419","17,419"
2016,Odisha,JAJPUR RTO - OR34( 23-OCT-2017 ),13,M-CYCLE/SCOOTER-WITH SIDE CAR,0,1,0,0,0,2,1,0,0,1,0,1,6
2016,Odisha,JAJPUR RTO - OR34( 23-OCT-2017 ),14,MOPED,242,157,160,224,173,111,260,196,116,122,164,120,"2,045"
2016,Odisha,JAJPUR RTO - OR34( 23-OCT-2017 ),15,MOTOR CAB,1,0,1,1,11,36,22,11,1,2,5,1,92
2016,Odisha,JAJPUR RTO - OR34( 23-OCT-2017 ),16,MOTOR CAR,40,45,23,31,36,48,33,43,37,20,61,49,466
2016,Odisha,JAJPUR RTO - OR34( 23-OCT-2017 ),17,OMNI BUS,0,0,0,1,1,1,2,1,0,0,0,0,6
2016,Odisha,JAJPUR RTO - OR34( 23-OCT-2017 ),18,OMNI BUS (PRIVATE USE),0,0,3,1,0,1,1,2,0,0,0,0,8
2016,Odisha,JAJPUR RTO - OR34( 23-OCT-2017 ),19,PRIVATE SERVICE VEHICLE,0,0,0,0,1,0,0,0,1,0,0,0,2
2016,Odisha,JAJPUR RTO - OR34( 23-OCT-2017 ),20,THREE WHEELER (GOODS),4,5,7,6,9,9,17,5,5,14,13,14,108
2016,Odisha,JAJPUR RTO - OR34( 23-OCT-2017 ),21,THREE WHEELER (PASSENGER),17,11,23,21,10,15,26,15,21,22,30,32,243
2016,Odisha,JAJPUR RTO - OR34( 23-OCT-2017 ),22,TRACTOR (COMMERCIAL),3,16,9,11,9,2,5,16,5,17,16,20,129
2016,Odisha,JAJPUR RTO - OR34( 23-OCT-2017 ),23,TRAILER (COMMERCIAL),3,16,9,11,9,4,5,16,5,17,16,20,131
2016,Odisha,JHARSUGUDA RTO - OR23( 07-NOV-2017 ),1,AMBULANCE,1,0,0,0,0,0,0,0,0,1,0,0,2
2016,Odisha,JHARSUGUDA RTO - OR23( 07-NOV-2017 ),2,ARTICULATED VEHICLE,0,1,0,0,0,2,0,0,0,0,0,0,3
2016,Odisha,JHARSUGUDA RTO - OR23( 07-NOV-2017 ),3,BUS,1,3,1,0,4,0,1,1,2,1,0,5,19
2016,Odisha,JHARSUGUDA RTO - OR23( 07-NOV-2017 ),4,CONSTRUCTION EQUIPMENT VEHICLE,2,5,0,2,5,3,2,0,1,1,2,0,23
2016,Odisha,JHARSUGUDA RTO - OR23( 07-NOV-2017 ),5,CRANE MOUNTED VEHICLE,0,6,1,1,0,13,2,5,4,2,4,7,45
2016,Odisha,JHARSUGUDA RTO - OR23( 07-NOV-2017 ),6,EARTH MOVING EQUIPMENT,0,0,0,0,0,0,1,0,0,0,0,0,1
2016,Odisha,JHARSUGUDA RTO - OR23( 07-NOV-2017 ),7,EDUCATIONAL INSTITUTION BUS,1,0,0,1,0,3,1,1,0,0,0,2,9
2016,Odisha,JHARSUGUDA RTO - OR23( 07-NOV-2017 ),8,EXCAVATOR (NT),0,0,0,0,1,0,0,0,0,0,0,0,1
2016,Odisha,JHARSUGUDA RTO - OR23( 07-NOV-2017 ),9,GOODS CARRIER,66,84,76,93,104,76,68,64,52,56,71,75,885
2016,Odisha,JHARSUGUDA RTO - OR23( 07-NOV-2017 ),10,MAXI CAB,8,13,13,6,5,10,4,2,6,9,12,9,97
2016,Odisha,JHARSUGUDA RTO - OR23( 07-NOV-2017 ),11,M-CYCLE/SCOOTER,744,679,709,879,883,697,863,731,531,"1,043","1,147",743,"9,649"
2016,Odisha,JHARSUGUDA RTO - OR23( 07-NOV-2017 ),12,M-CYCLE/SCOOTER-WITH SIDE CAR,0,0,0,0,0,0,0,0,0,0,1,0,1
2016,Odisha,JHARSUGUDA RTO - OR23( 07-NOV-2017 ),13,MOPED,60,93,48,79,45,68,70,54,30,135,113,80,875
2016,Odisha,JHARSUGUDA RTO - OR23( 07-NOV-2017 ),14,MOTOR CAB,0,1,3,0,0,1,0,2,0,1,2,0,10
2016,Odisha,JHARSUGUDA RTO - OR23( 07-NOV-2017 ),15,MOTOR CAR,89,54,55,69,74,54,72,66,61,84,117,107,902
2016,Odisha,JHARSUGUDA RTO - OR23( 07-NOV-2017 ),16,OMNI BUS,1,1,2,1,0,0,2,1,0,0,2,3,13
2016,Odisha,JHARSUGUDA RTO - OR23( 07-NOV-2017 ),17,OMNI BUS (PRIVATE USE),3,3,2,2,6,4,2,0,3,3,1,5,34
2016,Odisha,JHARSUGUDA RTO - OR23( 07-NOV-2017 ),18,PRIVATE SERVICE VEHICLE,0,0,0,1,0,0,0,0,1,2,2,0,6
2016,Odisha,JHARSUGUDA RTO - OR23( 07-NOV-2017 ),19,PRIVATE SERVICE VEHICLE (INDIVIDUAL USE),0,0,0,0,1,0,0,0,0,0,0,0,1
2016,Odisha,JHARSUGUDA RTO - OR23( 07-NOV-2017 ),20,THREE WHEELER (GOODS),7,2,2,9,6,6,2,9,1,1,4,5,54
2016,Odisha,JHARSUGUDA RTO - OR23( 07-NOV-2017 ),21,THREE WHEELER (PASSENGER),14,11,9,14,10,11,21,21,5,10,22,11,159
2016,Odisha,JHARSUGUDA RTO - OR23( 07-NOV-2017 ),22,TRACTOR (COMMERCIAL),9,4,7,6,4,7,12,24,13,9,10,11,116
2016,Odisha,JHARSUGUDA RTO - OR23( 07-NOV-2017 ),23,TRACTOR-TROLLEY(COMMERCIAL),4,2,5,4,2,4,4,7,5,7,2,4,50
2016,Odisha,JHARSUGUDA RTO - OR23( 07-NOV-2017 ),24,TRAILER (COMMERCIAL),1,1,0,2,0,0,5,3,1,4,2,3,22
2016,Odisha,KALAHANDI RTO - OR8( 23-OCT-2017 ),1,AGRICULTURAL TRACTOR,0,0,0,0,0,1,0,1,0,0,0,1,3
2016,Odisha,KALAHANDI RTO - OR8( 23-OCT-2017 ),2,AMBULANCE,0,1,0,0,0,0,1,0,0,0,0,1,3
2016,Odisha,KALAHANDI RTO - OR8( 23-OCT-2017 ),3,BUS,0,0,0,1,0,0,1,0,0,1,0,3,6
2016,Odisha,KALAHANDI RTO - OR8( 23-OCT-2017 ),4,CONSTRUCTION EQUIPMENT VEHICLE,0,2,0,0,0,2,0,2,1,3,1,1,12
2016,Odisha,KALAHANDI RTO - OR8( 23-OCT-2017 ),5,CRANE MOUNTED VEHICLE,0,0,0,0,0,0,1,0,0,0,0,0,1
2016,Odisha,KALAHANDI RTO - OR8( 23-OCT-2017 ),6,EDUCATIONAL INSTITUTION BUS,0,0,0,0,0,0,1,1,2,5,0,0,9
2016,Odisha,KALAHANDI RTO - OR8( 23-OCT-2017 ),7,EXCAVATOR (NT),0,1,0,0,0,0,0,0,0,0,0,0,1
2016,Odisha,KALAHANDI RTO - OR8( 23-OCT-2017 ),8,GOODS CARRIER,40,37,36,36,28,26,27,17,25,30,39,31,372
2016,Odisha,KALAHANDI RTO - OR8( 23-OCT-2017 ),9,LUXURY CAB,1,1,0,0,0,0,0,0,0,0,0,0,2
2016,Odisha,KALAHANDI RTO - OR8( 23-OCT-2017 ),10,MAXI CAB,4,1,2,2,0,1,1,1,1,2,9,8,32
2016,Odisha,KALAHANDI RTO - OR8( 23-OCT-2017 ),11,M-CYCLE/SCOOTER,745,"1,521","1,577","1,556","1,597",917,"1,192",672,687,775,603,574,"12,416"
2016,Odisha,KALAHANDI RTO - OR8( 23-OCT-2017 ),12,M-CYCLE/SCOOTER-WITH SIDE CAR,0,1,0,0,0,0,0,1,0,0,3,0,5
2016,Odisha,KALAHANDI RTO - OR8( 23-OCT-2017 ),13,MOPED,58,131,135,101,91,33,127,88,72,84,79,31,"1,030"
2016,Odisha,KALAHANDI RTO - OR8( 23-OCT-2017 ),14,MOTOR CAB,1,2,1,2,0,3,0,0,0,1,3,0,13
2016,Odisha,KALAHANDI RTO - OR8( 23-OCT-2017 ),15,MOTOR CAR,46,59,57,57,49,36,47,37,32,32,49,41,542
2016,Odisha,KALAHANDI RTO - OR8( 23-OCT-2017 ),16,OMNI BUS,6,11,8,19,12,5,10,8,8,7,4,1,99
2016,Odisha,KALAHANDI RTO - OR8( 23-OCT-2017 ),17,OMNI BUS (PRIVATE USE),6,4,6,7,6,3,3,3,3,7,6,3,57
2016,Odisha,KALAHANDI RTO - OR8( 23-OCT-2017 ),18,PRIVATE SERVICE VEHICLE (INDIVIDUAL USE),0,0,0,0,0,1,0,0,0,0,0,0,1
2016,Odisha,KALAHANDI RTO - OR8( 23-OCT-2017 ),19,THREE WHEELER (GOODS),2,0,0,0,5,1,2,3,2,1,2,1,19
2016,Odisha,KALAHANDI RTO - OR8( 23-OCT-2017 ),20,THREE WHEELER (PASSENGER),19,40,16,30,21,17,24,29,16,24,29,16,281
2016,Odisha,KALAHANDI RTO - OR8( 23-OCT-2017 ),21,TRACTOR (COMMERCIAL),39,82,26,78,24,30,47,30,57,25,38,36,512
2016,Odisha,KALAHANDI RTO - OR8( 23-OCT-2017 ),22,TRACTOR-TROLLEY(COMMERCIAL),0,0,0,0,0,0,1,0,3,1,0,0,5
2016,Odisha,KALAHANDI RTO - OR8( 23-OCT-2017 ),23,TRAILER (COMMERCIAL),34,63,26,58,24,24,34,22,30,18,26,25,384
2016,Odisha,KALAHANDI RTO - OR8( 23-OCT-2017 ),24,VEHICLE FITTED WITH COMPRESSOR,0,0,0,0,0,0,0,0,0,0,1,0,1
2016,Odisha,KENDRAPARA RTO - OR29( 23-OCT-2017 ),1,AGRICULTURAL TRACTOR,0,0,0,0,0,0,0,3,0,0,0,1,4
2016,Odisha,KENDRAPARA RTO - OR29( 23-OCT-2017 ),2,AMBULANCE,0,0,0,0,0,0,0,0,0,1,0,0,1
2016,Odisha,KENDRAPARA RTO - OR29( 23-OCT-2017 ),3,BUS,1,2,0,0,0,1,0,1,0,1,1,0,7
2016,Odisha,KENDRAPARA RTO - OR29( 23-OCT-2017 ),4,CRANE MOUNTED VEHICLE,0,0,0,0,0,0,0,1,0,0,0,0,1
2016,Odisha,KENDRAPARA RTO - OR29( 23-OCT-2017 ),5,GOODS CARRIER,21,23,37,21,32,33,30,44,37,39,35,59,411
2016,Odisha,KENDRAPARA RTO - OR29( 23-OCT-2017 ),6,MAXI CAB,2,2,10,12,6,3,9,2,2,4,6,6,64
2016,Odisha,KENDRAPARA RTO - OR29( 23-OCT-2017 ),7,M-CYCLE/SCOOTER,520,532,723,621,839,843,724,485,526,652,942,614,"8,021"
2016,Odisha,KENDRAPARA RTO - OR29( 23-OCT-2017 ),8,MOPED,23,31,51,13,2,29,14,32,14,10,8,12,239
2016,Odisha,KENDRAPARA RTO - OR29( 23-OCT-2017 ),9,MOTOR CAB,1,0,2,0,0,1,1,1,3,1,0,0,10
2016,Odisha,KENDRAPARA RTO - OR29( 23-OCT-2017 ),10,MOTOR CAR,9,8,5,2,7,12,7,6,6,9,5,10,86
2016,Odisha,KENDRAPARA RTO - OR29( 23-OCT-2017 ),11,OMNI BUS,1,0,0,1,0,0,0,0,0,0,1,0,3
2016,Odisha,KENDRAPARA RTO - OR29( 23-OCT-2017 ),12,OMNI BUS (PRIVATE USE),1,0,0,0,1,0,1,0,0,0,0,0,3
2016,Odisha,KENDRAPARA RTO - OR29( 23-OCT-2017 ),13,THREE WHEELER (GOODS),16,31,25,17,12,13,17,13,9,9,15,21,198
2016,Odisha,KENDRAPARA RTO - OR29( 23-OCT-2017 ),14,THREE WHEELER (PASSENGER),28,20,19,12,21,20,30,24,29,12,41,46,302
2016,Odisha,KENDRAPARA RTO - OR29( 23-OCT-2017 ),15,TRACTOR (COMMERCIAL),34,35,43,27,21,15,6,5,8,11,42,29,276
2016,Odisha,KENDRAPARA RTO - OR29( 23-OCT-2017 ),16,TRAILER (COMMERCIAL),34,34,44,27,21,15,5,5,8,11,39,28,271
2016,Odisha,KEONJHAR RTO - OR9( 04-DEC-2017 ),1,AGRICULTURAL TRACTOR,0,0,0,0,1,0,0,0,0,0,2,0,3
2016,Odisha,KEONJHAR RTO - OR9( 04-DEC-2017 ),2,AMBULANCE,0,0,0,0,0,0,0,0,0,1,3,0,4
2016,Odisha,KEONJHAR RTO - OR9( 04-DEC-2017 ),3,BUS,3,2,2,0,2,5,1,6,1,2,1,5,30
2016,Odisha,KEONJHAR RTO - OR9( 04-DEC-2017 ),4,CONSTRUCTION EQUIPMENT VEHICLE,0,0,0,0,0,0,0,0,0,1,0,0,1
2016,Odisha,KEONJHAR RTO - OR9( 04-DEC-2017 ),5,EDUCATIONAL INSTITUTION BUS,0,0,0,2,1,3,0,2,0,1,1,0,10
2016,Odisha,KEONJHAR RTO - OR9( 04-DEC-2017 ),6,GOODS CARRIER,50,47,41,44,27,54,46,46,25,34,48,46,508
2016,Odisha,KEONJHAR RTO - OR9( 04-DEC-2017 ),7,HEARSES,0,0,0,0,0,0,0,1,0,0,0,0,1
2016,Odisha,KEONJHAR RTO - OR9( 04-DEC-2017 ),8,MAXI CAB,2,0,2,1,1,3,2,8,3,0,3,2,27
2016,Odisha,KEONJHAR RTO - OR9( 04-DEC-2017 ),9,M-CYCLE/SCOOTER,692,754,572,858,725,"1,246","1,291",777,685,597,"1,513",763,"10,473"
2016,Odisha,KEONJHAR RTO - OR9( 04-DEC-2017 ),10,MOPED,68,58,12,22,26,38,74,26,67,15,91,65,562
2016,Odisha,KEONJHAR RTO - OR9( 04-DEC-2017 ),11,MOTOR CAB,1,2,2,2,0,2,0,0,2,0,1,2,14
2016,Odisha,KEONJHAR RTO - OR9( 04-DEC-2017 ),12,MOTOR CAR,31,31,25,23,17,25,23,22,20,14,29,31,291
2016,Odisha,KEONJHAR RTO - OR9( 04-DEC-2017 ),13,OMNI BUS,2,6,1,3,3,4,3,3,2,5,7,6,45
2016,Odisha,KEONJHAR RTO - OR9( 04-DEC-2017 ),14,OMNI BUS (PRIVATE USE),0,0,2,0,0,1,0,1,0,0,1,0,5
2016,Odisha,KEONJHAR RTO - OR9( 04-DEC-2017 ),15,PRIVATE SERVICE VEHICLE (INDIVIDUAL USE),0,0,0,0,0,0,1,0,0,0,1,0,2
2016,Odisha,KEONJHAR RTO - OR9( 04-DEC-2017 ),16,THREE WHEELER (GOODS),10,9,8,14,8,13,7,12,6,10,26,12,135
2016,Odisha,KEONJHAR RTO - OR9( 04-DEC-2017 ),17,THREE WHEELER (PASSENGER),53,63,29,43,13,68,45,63,38,55,87,38,595
2016,Odisha,KEONJHAR RTO - OR9( 04-DEC-2017 ),18,TRACTOR (COMMERCIAL),26,29,11,33,10,31,36,31,42,23,46,41,359
2016,Odisha,KEONJHAR RTO - OR9( 04-DEC-2017 ),19,TRAILER (COMMERCIAL),26,29,11,33,10,31,36,31,41,23,44,41,356
2016,Odisha,KHORDHA ARTO - OR201( 20-JAN-2018 ),1,ADAPTED VEHICLE,0,0,0,0,0,1,0,0,0,0,0,0,1
2016,Odisha,KHORDHA ARTO - OR201( 20-JAN-2018 ),2,AGRICULTURAL TRACTOR,5,0,0,0,0,1,0,4,3,0,2,7,22
2016,Odisha,KHORDHA ARTO - OR201( 20-JAN-2018 ),3,AMBULANCE,0,0,0,0,1,0,0,0,0,0,0,0,1
2016,Odisha,KHORDHA ARTO - OR201( 20-JAN-2018 ),4,BUS,0,0,0,0,1,0,0,0,0,2,2,1,6
2016,Odisha,KHORDHA ARTO - OR201( 20-JAN-2018 ),5,EDUCATIONAL INSTITUTION BUS,0,0,0,0,0,0,1,1,0,0,0,0,2
2016,Odisha,KHORDHA ARTO - OR201( 20-JAN-2018 ),6,GOODS CARRIER,34,20,24,42,60,48,34,48,21,58,43,30,462
2016,Odisha,KHORDHA ARTO - OR201( 20-JAN-2018 ),7,MAXI CAB,2,3,1,4,1,0,3,2,3,2,0,3,24
2016,Odisha,KHORDHA ARTO - OR201( 20-JAN-2018 ),8,M-CYCLE/SCOOTER,459,466,261,434,381,523,334,498,349,384,550,552,"5,191"
2016,Odisha,KHORDHA ARTO - OR201( 20-JAN-2018 ),9,MOPED,53,54,29,20,1,52,31,19,38,35,42,18,392
2016,Odisha,KHORDHA ARTO - OR201( 20-JAN-2018 ),10,MOTOR CAB,0,0,0,1,0,0,0,0,0,0,0,1,2
2016,Odisha,KHORDHA ARTO - OR201( 20-JAN-2018 ),11,MOTOR CAR,30,18,18,15,15,15,14,20,23,19,26,28,241
2016,Odisha,KHORDHA ARTO - OR201( 20-JAN-2018 ),12,MOTOR CYCLE/SCOOTER-USED FOR HIRE,0,0,0,0,0,0,0,0,0,0,0,1,1
2016,Odisha,KHORDHA ARTO - OR201( 20-JAN-2018 ),13,OMNI BUS,4,0,4,0,5,0,0,1,0,1,0,2,17
2016,Odisha,KHORDHA ARTO - OR201( 20-JAN-2018 ),14,OMNI BUS (PRIVATE USE),1,0,0,0,0,0,0,0,2,0,3,0,6
2016,Odisha,KHORDHA ARTO - OR201( 20-JAN-2018 ),15,THREE WHEELER (GOODS),10,10,9,19,12,15,13,15,15,11,5,13,147
2016,Odisha,KHORDHA ARTO - OR201( 20-JAN-2018 ),16,THREE WHEELER (PASSENGER),44,35,32,41,31,48,30,46,16,22,40,45,430
2016,Odisha,KHORDHA ARTO - OR201( 20-JAN-2018 ),17,TRACTOR (COMMERCIAL),19,6,7,5,9,0,9,6,14,10,12,11,108
2016,Odisha,KHORDHA ARTO - OR201( 20-JAN-2018 ),18,TRAILER (COMMERCIAL),19,7,6,5,9,3,10,8,12,11,13,10,113
2016,Odisha,KHORDHA ARTO - OR201( 20-JAN-2018 ),19,VEHICLE FITTED WITH COMPRESSOR,0,0,0,0,0,0,0,1,0,0,0,0,1
2016,Odisha,KORAPUT RTO - OR10( 25-DEC-2017 ),1,AGRICULTURAL TRACTOR,3,0,0,0,1,0,0,0,0,0,0,0,4
2016,Odisha,KORAPUT RTO - OR10( 25-DEC-2017 ),2,AMBULANCE,0,0,0,1,1,0,3,0,2,0,1,0,8
2016,Odisha,KORAPUT RTO - OR10( 25-DEC-2017 ),3,ARTICULATED VEHICLE,0,0,0,0,0,1,0,0,0,0,0,0,1
2016,Odisha,KORAPUT RTO - OR10( 25-DEC-2017 ),4,BUS,3,0,4,5,22,3,3,0,4,3,2,2,51
2016,Odisha,KORAPUT RTO - OR10( 25-DEC-2017 ),5,CONSTRUCTION EQUIPMENT VEHICLE,0,0,0,0,0,0,1,0,0,0,0,0,1
2016,Odisha,KORAPUT RTO - OR10( 25-DEC-2017 ),6,CRANE MOUNTED VEHICLE,5,1,0,1,1,1,1,2,4,2,3,3,24
2016,Odisha,KORAPUT RTO - OR10( 25-DEC-2017 ),7,DUMPER,0,0,0,0,4,0,0,0,0,0,0,0,4
2016,Odisha,KORAPUT RTO - OR10( 25-DEC-2017 ),8,EDUCATIONAL INSTITUTION BUS,0,0,1,1,0,0,0,1,0,0,0,1,4
2016,Odisha,KORAPUT RTO - OR10( 25-DEC-2017 ),9,GOODS CARRIER,30,30,37,39,31,17,24,17,24,16,57,21,343
2016,Odisha,KORAPUT RTO - OR10( 25-DEC-2017 ),10,MAXI CAB,12,7,12,7,14,3,4,3,3,6,14,10,95
2016,Odisha,KORAPUT RTO - OR10( 25-DEC-2017 ),11,M-CYCLE/SCOOTER,"1,137","1,235","1,515","1,165","1,373","1,282",892,863,"1,128","1,196","1,818",916,"14,520"
2016,Odisha,KORAPUT RTO - OR10( 25-DEC-2017 ),12,M-CYCLE/SCOOTER-WITH SIDE CAR,0,0,1,0,0,0,0,0,0,0,0,1,2
2016,Odisha,KORAPUT RTO - OR10( 25-DEC-2017 ),13,MOPED,3,3,0,0,3,0,9,4,6,6,17,1,52
2016,Odisha,KORAPUT RTO - OR10( 25-DEC-2017 ),14,MOTOR CAB,3,5,6,4,11,5,3,7,3,7,7,2,63
2016,Odisha,KORAPUT RTO - OR10( 25-DEC-2017 ),15,MOTOR CAR,82,55,70,57,68,55,42,54,36,89,74,41,723
2016,Odisha,KORAPUT RTO - OR10( 25-DEC-2017 ),16,OMNI BUS,0,2,5,1,1,3,0,0,3,0,3,2,20
2016,Odisha,KORAPUT RTO - OR10( 25-DEC-2017 ),17,OMNI BUS (PRIVATE USE),9,2,7,3,3,4,4,3,4,6,5,4,54
2016,Odisha,KORAPUT RTO - OR10( 25-DEC-2017 ),18,PRIVATE SERVICE VEHICLE,0,0,0,0,0,0,2,0,0,0,0,0,2
2016,Odisha,KORAPUT RTO - OR10( 25-DEC-2017 ),19,PRIVATE SERVICE VEHICLE (INDIVIDUAL USE),0,1,0,0,0,0,0,0,0,0,0,0,1
2016,Odisha,KORAPUT RTO - OR10( 25-DEC-2017 ),20,THREE WHEELER (GOODS),2,7,1,1,0,1,3,4,3,3,8,5,38
2016,Odisha,KORAPUT RTO - OR10( 25-DEC-2017 ),21,THREE WHEELER (PASSENGER),63,31,52,45,63,48,47,54,56,39,64,36,598
2016,Odisha,KORAPUT RTO - OR10( 25-DEC-2017 ),22,TRACTOR (COMMERCIAL),30,33,33,35,37,14,22,25,39,18,30,46,362
2016,Odisha,KORAPUT RTO - OR10( 25-DEC-2017 ),23,TRAILER (AGRICULTURAL),0,0,0,0,0,0,3,0,0,0,0,0,3
2016,Odisha,KORAPUT RTO - OR10( 25-DEC-2017 ),24,TRAILER (COMMERCIAL),27,30,26,26,31,14,15,21,33,20,28,39,310
2016,Odisha,KORAPUT RTO - OR10( 25-DEC-2017 ),25,TRAILER FOR PERSONAL USE,0,0,1,1,0,0,0,0,1,0,0,0,3
2016,Odisha,MALKANAGIRI RTO - OR30( 25-DEC-2017 ),1,AGRICULTURAL TRACTOR,0,0,0,0,0,0,1,1,0,0,0,0,2
2016,Odisha,MALKANAGIRI RTO - OR30( 25-DEC-2017 ),2,AMBULANCE,0,0,0,0,0,0,0,0,0,1,0,0,1
2016,Odisha,MALKANAGIRI RTO - OR30( 25-DEC-2017 ),3,BUS,0,0,0,0,0,0,0,0,0,2,0,1,3
2016,Odisha,MALKANAGIRI RTO - OR30( 25-DEC-2017 ),4,CONSTRUCTION EQUIPMENT VEHICLE,0,1,0,0,0,0,0,0,0,0,0,0,1
2016,Odisha,MALKANAGIRI RTO - OR30( 25-DEC-2017 ),5,GOODS CARRIER,14,14,17,19,15,8,12,5,22,22,20,11,179
2016,Odisha,MALKANAGIRI RTO - OR30( 25-DEC-2017 ),6,MAXI CAB,2,0,0,1,0,0,1,0,0,0,2,0,6
2016,Odisha,MALKANAGIRI RTO - OR30( 25-DEC-2017 ),7,M-CYCLE/SCOOTER,187,301,286,196,384,355,214,295,454,132,379,470,"3,653"
2016,Odisha,MALKANAGIRI RTO - OR30( 25-DEC-2017 ),8,MOPED,2,20,16,2,32,13,6,16,16,9,26,5,163
2016,Odisha,MALKANAGIRI RTO - OR30( 25-DEC-2017 ),9,MOTOR CAR,9,15,11,16,9,6,3,11,13,7,13,12,125
2016,Odisha,MALKANAGIRI RTO - OR30( 25-DEC-2017 ),10,OMNI BUS,2,3,5,1,1,0,3,0,1,1,3,1,21
2016,Odisha,MALKANAGIRI RTO - OR30( 25-DEC-2017 ),11,OMNI BUS (PRIVATE USE),0,1,0,1,1,0,1,1,0,0,2,1,8
2016,Odisha,MALKANAGIRI RTO - OR30( 25-DEC-2017 ),12,ROAD ROLLER,0,0,0,1,0,0,0,0,0,0,0,0,1
2016,Odisha,MALKANAGIRI RTO - OR30( 25-DEC-2017 ),13,THREE WHEELER (GOODS),0,0,2,0,1,0,1,2,1,1,0,0,8
2016,Odisha,MALKANAGIRI RTO - OR30( 25-DEC-2017 ),14,THREE WHEELER (PASSENGER),7,19,15,14,21,11,11,15,39,18,27,16,213
2016,Odisha,MALKANAGIRI RTO - OR30( 25-DEC-2017 ),15,TRACTOR (COMMERCIAL),6,3,11,9,17,14,21,21,36,12,12,19,181
2016,Odisha,MALKANAGIRI RTO - OR30( 25-DEC-2017 ),16,TRAILER (COMMERCIAL),5,3,13,12,16,7,9,7,24,12,8,13,129
2016,Odisha,MALKANAGIRI RTO - OR30( 25-DEC-2017 ),17,VEHICLE FITTED WITH COMPRESSOR,0,0,0,0,1,0,0,0,0,0,0,0,1
2016,Odisha,MAYURBHANJ RTO - OR11( 08-NOV-2017 ),1,AGRICULTURAL TRACTOR,1,5,2,1,2,3,5,3,2,0,1,0,25
2016,Odisha,MAYURBHANJ RTO - OR11( 08-NOV-2017 ),2,AMBULANCE,1,0,1,1,0,0,0,0,0,0,1,0,4
2016,Odisha,MAYURBHANJ RTO - OR11( 08-NOV-2017 ),3,ARTICULATED VEHICLE,0,2,0,0,0,0,0,0,0,0,0,0,2
2016,Odisha,MAYURBHANJ RTO - OR11( 08-NOV-2017 ),4,BUS,3,5,1,3,1,5,2,1,2,5,1,3,32
2016,Odisha,MAYURBHANJ RTO - OR11( 08-NOV-2017 ),5,EDUCATIONAL INSTITUTION BUS,0,0,0,1,0,0,0,0,0,0,0,0,1
2016,Odisha,MAYURBHANJ RTO - OR11( 08-NOV-2017 ),6,GOODS CARRIER,29,25,26,33,26,12,31,26,20,28,26,15,297
2016,Odisha,MAYURBHANJ RTO - OR11( 08-NOV-2017 ),7,MAXI CAB,5,9,8,4,4,8,3,6,5,2,4,6,64
2016,Odisha,MAYURBHANJ RTO - OR11( 08-NOV-2017 ),8,M-CYCLE/SCOOTER,"1,374",998,"1,410","1,417","1,394","1,245","1,517",998,999,"1,904","1,566",868,"15,690"
2016,Odisha,MAYURBHANJ RTO - OR11( 08-NOV-2017 ),9,M-CYCLE/SCOOTER-WITH SIDE CAR,0,1,0,0,0,0,0,0,0,1,0,0,2
2016,Odisha,MAYURBHANJ RTO - OR11( 08-NOV-2017 ),10,MOPED,95,109,112,90,78,108,100,76,96,165,120,57,"1,206"
2016,Odisha,MAYURBHANJ RTO - OR11( 08-NOV-2017 ),11,MOTOR CAB,2,2,1,1,1,1,2,1,2,4,1,0,18
2016,Odisha,MAYURBHANJ RTO - OR11( 08-NOV-2017 ),12,MOTOR CAR,61,54,41,61,52,41,67,53,41,71,111,80,733
2016,Odisha,MAYURBHANJ RTO - OR11( 08-NOV-2017 ),13,OMNI BUS,6,2,4,3,3,2,2,1,1,5,2,4,35
2016,Odisha,MAYURBHANJ RTO - OR11( 08-NOV-2017 ),14,OMNI BUS (PRIVATE USE),2,2,3,3,2,4,1,3,0,3,3,0,26
2016,Odisha,MAYURBHANJ RTO - OR11( 08-NOV-2017 ),15,THREE WHEELER (GOODS),8,14,16,17,20,11,18,13,7,22,12,12,170
2016,Odisha,MAYURBHANJ RTO - OR11( 08-NOV-2017 ),16,THREE WHEELER (PASSENGER),40,39,37,52,44,27,52,37,30,61,36,40,495
2016,Odisha,MAYURBHANJ RTO - OR11( 08-NOV-2017 ),17,TRACTOR (COMMERCIAL),24,42,37,31,39,26,27,40,28,30,36,35,395
2016,Odisha,MAYURBHANJ RTO - OR11( 08-NOV-2017 ),18,TRAILER (COMMERCIAL),23,42,37,30,36,27,23,38,29,29,33,32,379
2016,Odisha,NAWARANGPUR RTO - OR24( 07-NOV-2017 ),1,AGRICULTURAL TRACTOR,0,0,0,0,0,3,0,0,0,0,0,0,3
2016,Odisha,NAWARANGPUR RTO - OR24( 07-NOV-2017 ),2,AMBULANCE,1,0,0,0,2,1,0,0,0,2,0,0,6
2016,Odisha,NAWARANGPUR RTO - OR24( 07-NOV-2017 ),3,BUS,3,2,2,0,0,2,1,0,0,2,2,0,14
2016,Odisha,NAWARANGPUR RTO - OR24( 07-NOV-2017 ),4,EDUCATIONAL INSTITUTION BUS,0,1,0,1,0,0,1,3,0,1,0,0,7
2016,Odisha,NAWARANGPUR RTO - OR24( 07-NOV-2017 ),5,GOODS CARRIER,7,13,20,21,5,16,2,8,10,7,22,13,144
2016,Odisha,NAWARANGPUR RTO - OR24( 07-NOV-2017 ),6,HEARSES,0,0,0,0,0,0,0,1,0,0,0,0,1
2016,Odisha,NAWARANGPUR RTO - OR24( 07-NOV-2017 ),7,MAXI CAB,2,6,5,5,0,1,1,2,3,1,4,3,33
2016,Odisha,NAWARANGPUR RTO - OR24( 07-NOV-2017 ),8,M-CYCLE/SCOOTER,335,423,354,541,182,544,214,355,341,345,374,112,"4,120"
2016,Odisha,NAWARANGPUR RTO - OR24( 07-NOV-2017 ),9,M-CYCLE/SCOOTER-WITH SIDE CAR,0,0,1,0,0,0,0,0,0,0,0,0,1
2016,Odisha,NAWARANGPUR RTO - OR24( 07-NOV-2017 ),10,MOPED,10,47,22,20,15,85,17,28,19,30,46,11,350
2016,Odisha,NAWARANGPUR RTO - OR24( 07-NOV-2017 ),11,MOTOR CAB,0,2,1,0,0,1,1,0,0,0,0,0,5
2016,Odisha,NAWARANGPUR RTO - OR24( 07-NOV-2017 ),12,MOTOR CAR,14,22,22,13,11,31,18,29,17,15,35,12,239
2016,Odisha,NAWARANGPUR RTO - OR24( 07-NOV-2017 ),13,OMNI BUS,0,0,0,2,0,0,0,0,0,2,0,0,4
2016,Odisha,NAWARANGPUR RTO - OR24( 07-NOV-2017 ),14,OMNI BUS (PRIVATE USE),4,1,1,2,0,3,1,0,0,3,2,0,17
2016,Odisha,NAWARANGPUR RTO - OR24( 07-NOV-2017 ),15,THREE WHEELER (GOODS),0,1,3,0,0,0,0,1,4,0,1,3,13
2016,Odisha,NAWARANGPUR RTO - OR24( 07-NOV-2017 ),16,THREE WHEELER (PASSENGER),23,34,37,35,17,24,22,18,28,29,29,9,305
2016,Odisha,NAWARANGPUR RTO - OR24( 07-NOV-2017 ),17,TRACTOR (COMMERCIAL),30,25,34,43,8,9,5,79,21,19,11,23,307
2016,Odisha,NAWARANGPUR RTO - OR24( 07-NOV-2017 ),18,TRAILER (COMMERCIAL),31,25,34,43,7,10,5,79,21,17,11,23,306
2016,Odisha,NAYAGARH RTO - OR25( 25-DEC-2017 ),1,AGRICULTURAL TRACTOR,2,3,0,1,1,1,3,5,2,4,3,1,26
2016,Odisha,NAYAGARH RTO - OR25( 25-DEC-2017 ),2,AMBULANCE,0,0,0,1,0,0,0,0,0,2,0,0,3
2016,Odisha,NAYAGARH RTO - OR25( 25-DEC-2017 ),3,BUS,0,1,1,0,1,0,0,0,1,3,3,0,10
2016,Odisha,NAYAGARH RTO - OR25( 25-DEC-2017 ),4,CONSTRUCTION EQUIPMENT VEHICLE,0,0,0,0,0,0,1,0,0,0,0,0,1
2016,Odisha,NAYAGARH RTO - OR25( 25-DEC-2017 ),5,EDUCATIONAL INSTITUTION BUS,0,0,0,0,1,0,0,0,1,0,0,0,2
2016,Odisha,NAYAGARH RTO - OR25( 25-DEC-2017 ),6,GOODS CARRIER,13,25,13,12,13,19,17,17,11,18,26,15,199
2016,Odisha,NAYAGARH RTO - OR25( 25-DEC-2017 ),7,MAXI CAB,9,0,0,2,1,1,1,3,1,2,1,3,24
2016,Odisha,NAYAGARH RTO - OR25( 25-DEC-2017 ),8,M-CYCLE/SCOOTER,917,574,788,936,906,753,919,590,730,989,"1,186",611,"9,899"
2016,Odisha,NAYAGARH RTO - OR25( 25-DEC-2017 ),9,M-CYCLE/SCOOTER-WITH SIDE CAR,1,0,0,0,0,0,0,0,0,0,0,0,1
2016,Odisha,NAYAGARH RTO - OR25( 25-DEC-2017 ),10,MOPED,198,142,192,186,185,186,204,144,250,335,336,108,"2,466"
2016,Odisha,NAYAGARH RTO - OR25( 25-DEC-2017 ),11,MOTOR CAB,0,1,1,0,1,0,1,1,2,0,0,0,7
2016,Odisha,NAYAGARH RTO - OR25( 25-DEC-2017 ),12,MOTOR CAR,19,6,5,14,7,7,9,6,5,10,11,12,111
2016,Odisha,NAYAGARH RTO - OR25( 25-DEC-2017 ),13,MOTOR CYCLE/SCOOTER-USED FOR HIRE,0,1,0,0,0,0,0,0,0,0,0,0,1
2016,Odisha,NAYAGARH RTO - OR25( 25-DEC-2017 ),14,OMNI BUS,0,1,0,2,2,2,0,3,1,2,0,3,16
2016,Odisha,NAYAGARH RTO - OR25( 25-DEC-2017 ),15,OMNI BUS (PRIVATE USE),0,0,1,1,1,1,0,1,0,0,0,0,5
2016,Odisha,NAYAGARH RTO - OR25( 25-DEC-2017 ),16,THREE WHEELER (GOODS),4,7,10,6,11,8,5,5,4,4,8,4,76
2016,Odisha,NAYAGARH RTO - OR25( 25-DEC-2017 ),17,THREE WHEELER (PASSENGER),29,34,22,11,23,18,23,34,22,32,40,12,300
2016,Odisha,NAYAGARH RTO - OR25( 25-DEC-2017 ),18,THREE WHEELER (PERSONAL),0,0,0,0,0,0,0,0,0,0,1,0,1
2016,Odisha,NAYAGARH RTO - OR25( 25-DEC-2017 ),19,TRACTOR (COMMERCIAL),25,32,18,28,14,22,15,13,11,14,28,11,231
2016,Odisha,NAYAGARH RTO - OR25( 25-DEC-2017 ),20,TRAILER (COMMERCIAL),25,32,18,28,15,21,15,13,11,15,28,11,232
2016,Odisha,NAYAGARH RTO - OR25( 25-DEC-2017 ),21,VEHICLE FITTED WITH COMPRESSOR,0,0,0,0,0,0,0,1,0,0,1,0,2
2016,Odisha,NAYAGARH RTO - OR25( 25-DEC-2017 ),22,VEHICLE FITTED WITH RIG,0,1,0,0,0,0,0,0,0,0,0,0,1
2016,Odisha,NUAPADA RTO - OR26( 06-NOV-2017 ),1,AGRICULTURAL TRACTOR,5,8,12,4,12,7,19,11,11,9,6,38,142
2016,Odisha,NUAPADA RTO - OR26( 06-NOV-2017 ),2,AMBULANCE,0,0,0,0,0,0,0,0,0,0,2,0,2
2016,Odisha,NUAPADA RTO - OR26( 06-NOV-2017 ),3,BUS,10,0,1,0,1,0,0,0,1,0,2,2,17
2016,Odisha,NUAPADA RTO - OR26( 06-NOV-2017 ),4,EDUCATIONAL INSTITUTION BUS,1,0,0,0,1,0,0,2,0,2,0,1,7
2016,Odisha,NUAPADA RTO - OR26( 06-NOV-2017 ),5,GOODS CARRIER,9,14,13,5,15,3,7,10,4,9,3,9,101
2016,Odisha,NUAPADA RTO - OR26( 06-NOV-2017 ),6,MAXI CAB,2,2,1,0,1,0,0,0,0,2,0,2,10
2016,Odisha,NUAPADA RTO - OR26( 06-NOV-2017 ),7,M-CYCLE/SCOOTER,282,358,471,293,534,350,285,365,218,269,242,408,"4,075"
2016,Odisha,NUAPADA RTO - OR26( 06-NOV-2017 ),8,MOPED,24,28,37,25,22,40,31,23,37,29,23,53,372
2016,Odisha,NUAPADA RTO - OR26( 06-NOV-2017 ),9,MOTOR CAB,0,1,0,0,0,0,0,0,0,1,0,0,2
2016,Odisha,NUAPADA RTO - OR26( 06-NOV-2017 ),10,MOTOR CAR,15,18,14,7,19,12,12,9,5,16,18,18,163
2016,Odisha,NUAPADA RTO - OR26( 06-NOV-2017 ),11,OMNI BUS,1,0,2,0,1,1,0,0,0,0,0,0,5
2016,Odisha,NUAPADA RTO - OR26( 06-NOV-2017 ),12,OMNI BUS (PRIVATE USE),3,3,3,1,0,1,0,2,1,1,0,2,17
2016,Odisha,NUAPADA RTO - OR26( 06-NOV-2017 ),13,THREE WHEELER (GOODS),0,0,1,0,0,0,1,0,0,0,0,0,2
2016,Odisha,NUAPADA RTO - OR26( 06-NOV-2017 ),14,THREE WHEELER (PASSENGER),1,1,4,1,2,0,0,1,1,0,0,2,13
2016,Odisha,NUAPADA RTO - OR26( 06-NOV-2017 ),15,TRACTOR (COMMERCIAL),9,36,22,8,7,5,10,11,21,4,12,13,158
2016,Odisha,NUAPADA RTO - OR26( 06-NOV-2017 ),16,TRAILER (COMMERCIAL),10,38,22,9,8,3,10,10,20,4,12,12,158
2016,Odisha,NUAPADA RTO - OR26( 06-NOV-2017 ),17,VEHICLE FITTED WITH GENERATOR,0,0,0,0,0,1,0,0,0,0,0,0,1
2016,Odisha,NUAPADA RTO - OR26( 06-NOV-2017 ),18,VEHICLE FITTED WITH RIG,0,0,0,0,0,0,0,0,0,0,1,0,1
2016,Odisha,PHULBANI RTO - OR12( 23-OCT-2017 ),1,BUS,0,0,0,0,0,1,1,0,0,0,1,2,5
2016,Odisha,PHULBANI RTO - OR12( 23-OCT-2017 ),2,CONSTRUCTION EQUIPMENT VEHICLE,0,0,1,1,0,0,0,0,0,0,0,0,2
2016,Odisha,PHULBANI RTO - OR12( 23-OCT-2017 ),3,EDUCATIONAL INSTITUTION BUS,0,0,0,0,1,0,0,1,0,0,1,0,3
2016,Odisha,PHULBANI RTO - OR12( 23-OCT-2017 ),4,GOODS CARRIER,8,13,7,6,11,11,10,4,8,7,10,8,103
2016,Odisha,PHULBANI RTO - OR12( 23-OCT-2017 ),5,MAXI CAB,2,3,1,0,0,1,1,2,2,4,2,4,22
2016,Odisha,PHULBANI RTO - OR12( 23-OCT-2017 ),6,M-CYCLE/SCOOTER,256,284,297,340,352,210,304,250,287,363,423,234,"3,600"
2016,Odisha,PHULBANI RTO - OR12( 23-OCT-2017 ),7,M-CYCLE/SCOOTER-WITH SIDE CAR,0,0,0,0,0,0,0,0,0,1,0,0,1
2016,Odisha,PHULBANI RTO - OR12( 23-OCT-2017 ),8,MOPED,8,8,4,11,11,11,7,14,9,14,19,7,123
2016,Odisha,PHULBANI RTO - OR12( 23-OCT-2017 ),9,MOTOR CAB,0,1,1,0,0,0,1,1,0,1,1,0,6
2016,Odisha,PHULBANI RTO - OR12( 23-OCT-2017 ),10,MOTOR CAR,12,8,3,6,1,7,2,4,4,9,5,5,66
2016,Odisha,PHULBANI RTO - OR12( 23-OCT-2017 ),11,OMNI BUS,6,2,2,0,2,0,1,2,1,3,2,3,24
2016,Odisha,PHULBANI RTO - OR12( 23-OCT-2017 ),12,OMNI BUS (PRIVATE USE),0,0,0,0,1,0,0,0,0,0,0,0,1
2016,Odisha,PHULBANI RTO - OR12( 23-OCT-2017 ),13,THREE WHEELER (GOODS),4,4,5,4,4,7,6,5,5,6,2,5,57
2016,Odisha,PHULBANI RTO - OR12( 23-OCT-2017 ),14,THREE WHEELER (PASSENGER),46,46,42,35,45,48,56,53,36,67,54,27,555
2016,Odisha,PHULBANI RTO - OR12( 23-OCT-2017 ),15,TRACTOR (COMMERCIAL),13,11,11,10,13,10,3,6,7,7,6,12,109
2016,Odisha,PHULBANI RTO - OR12( 23-OCT-2017 ),16,TRAILER (COMMERCIAL),12,11,9,8,13,8,2,5,5,7,6,12,98
2016,Odisha,PURI RTO - OR13( 25-DEC-2017 ),1,AGRICULTURAL TRACTOR,0,0,0,0,0,0,0,1,5,1,2,0,9
2016,Odisha,PURI RTO - OR13( 25-DEC-2017 ),2,BUS,1,0,0,1,0,1,4,5,2,2,1,0,17
2016,Odisha,PURI RTO - OR13( 25-DEC-2017 ),3,CONSTRUCTION EQUIPMENT VEHICLE,0,0,0,0,0,0,0,0,1,0,0,0,1
2016,Odisha,PURI RTO - OR13( 25-DEC-2017 ),4,EDUCATIONAL INSTITUTION BUS,0,0,0,1,0,0,0,0,0,0,0,1,2
2016,Odisha,PURI RTO - OR13( 25-DEC-2017 ),5,E-RICKSHAW(P),0,0,0,0,0,0,0,0,0,1,0,0,1
2016,Odisha,PURI RTO - OR13( 25-DEC-2017 ),6,GOODS CARRIER,10,11,8,10,16,15,16,13,14,25,14,11,163
2016,Odisha,PURI RTO - OR13( 25-DEC-2017 ),7,MAXI CAB,7,4,4,2,2,4,2,6,2,3,4,3,43
2016,Odisha,PURI RTO - OR13( 25-DEC-2017 ),8,M-CYCLE/SCOOTER,420,"1,040","1,128","1,041",811,654,"1,205","1,287",934,807,"1,605","1,031","11,963"
2016,Odisha,PURI RTO - OR13( 25-DEC-2017 ),9,M-CYCLE/SCOOTER-WITH SIDE CAR,0,0,0,0,0,0,0,0,0,1,0,0,1
2016,Odisha,PURI RTO - OR13( 25-DEC-2017 ),10,MOPED,66,108,223,113,159,69,158,238,143,142,300,100,"1,819"
2016,Odisha,PURI RTO - OR13( 25-DEC-2017 ),11,MOTOR CAB,5,10,3,4,1,4,2,3,1,3,4,7,47
2016,Odisha,PURI RTO - OR13( 25-DEC-2017 ),12,MOTOR CAR,14,22,30,26,25,24,21,21,18,18,36,31,286
2016,Odisha,PURI RTO - OR13( 25-DEC-2017 ),13,OMNI BUS,3,2,2,4,0,2,1,0,5,3,2,2,26
2016,Odisha,PURI RTO - OR13( 25-DEC-2017 ),14,OMNI BUS (PRIVATE USE),1,1,1,1,0,0,0,0,0,0,0,0,4
2016,Odisha,PURI RTO - OR13( 25-DEC-2017 ),15,PRIVATE SERVICE VEHICLE (INDIVIDUAL USE),0,0,0,0,0,0,0,0,0,0,1,0,1
2016,Odisha,PURI RTO - OR13( 25-DEC-2017 ),16,THREE WHEELER (GOODS),8,15,11,13,17,25,11,13,17,22,12,11,175
2016,Odisha,PURI RTO - OR13( 25-DEC-2017 ),17,THREE WHEELER (PASSENGER),37,65,53,45,70,34,56,47,59,50,59,47,622
2016,Odisha,PURI RTO - OR13( 25-DEC-2017 ),18,TRACTOR (COMMERCIAL),3,2,5,4,1,1,6,16,18,10,19,13,98
2016,Odisha,PURI RTO - OR13( 25-DEC-2017 ),19,TRAILER (COMMERCIAL),3,2,5,4,0,1,6,17,18,10,19,13,98
2016,Odisha,RAIRANGPUR ARTO - OR111( 08-NOV-2017 ),1,AGRICULTURAL TRACTOR,0,1,0,2,1,0,1,1,0,2,1,2,11
2016,Odisha,RAIRANGPUR ARTO - OR111( 08-NOV-2017 ),2,BUS,2,2,4,0,6,2,0,0,0,1,1,1,19
2016,Odisha,RAIRANGPUR ARTO - OR111( 08-NOV-2017 ),3,EDUCATIONAL INSTITUTION BUS,0,0,0,1,0,0,0,0,0,0,0,0,1
2016,Odisha,RAIRANGPUR ARTO - OR111( 08-NOV-2017 ),4,GOODS CARRIER,16,17,14,16,17,11,13,13,15,12,19,17,180
2016,Odisha,RAIRANGPUR ARTO - OR111( 08-NOV-2017 ),5,MAXI CAB,10,8,8,6,10,6,8,8,9,8,3,8,92
2016,Odisha,RAIRANGPUR ARTO - OR111( 08-NOV-2017 ),6,M-CYCLE/SCOOTER,185,158,116,146,155,198,177,185,182,216,301,180,"2,199"
2016,Odisha,RAIRANGPUR ARTO - OR111( 08-NOV-2017 ),7,MOPED,12,7,11,7,11,1,9,4,1,1,2,2,68
2016,Odisha,RAIRANGPUR ARTO - OR111( 08-NOV-2017 ),8,MOTOR CAB,0,3,3,2,2,3,5,1,2,3,2,2,28
2016,Odisha,RAIRANGPUR ARTO - OR111( 08-NOV-2017 ),9,MOTOR CAR,11,9,12,10,9,8,15,15,19,9,16,11,144
2016,Odisha,RAIRANGPUR ARTO - OR111( 08-NOV-2017 ),10,MOTORISED CYCLE (CC > 25CC),0,0,0,0,0,1,0,0,0,0,0,0,1
2016,Odisha,RAIRANGPUR ARTO - OR111( 08-NOV-2017 ),11,OMNI BUS (PRIVATE USE),5,2,2,0,3,2,0,2,1,3,2,3,25
2016,Odisha,RAIRANGPUR ARTO - OR111( 08-NOV-2017 ),12,THREE WHEELER (GOODS),8,8,6,3,8,7,5,4,3,6,8,5,71
2016,Odisha,RAIRANGPUR ARTO - OR111( 08-NOV-2017 ),13,THREE WHEELER (PASSENGER),16,20,15,16,10,19,29,26,17,35,24,32,259
2016,Odisha,RAIRANGPUR ARTO - OR111( 08-NOV-2017 ),14,TRACTOR (COMMERCIAL),13,7,34,14,22,24,19,15,15,28,29,15,235
2016,Odisha,RAIRANGPUR ARTO - OR111( 08-NOV-2017 ),15,TRAILER (COMMERCIAL),13,7,34,13,22,24,18,15,14,28,29,15,232
2016,Odisha,RAYGADA RTO - OR18( 25-DEC-2017 ),1,AGRICULTURAL TRACTOR,0,1,0,0,0,0,0,0,0,0,1,0,2
2016,Odisha,RAYGADA RTO - OR18( 25-DEC-2017 ),2,AMBULANCE,0,0,1,0,0,0,0,0,1,0,0,0,2
2016,Odisha,RAYGADA RTO - OR18( 25-DEC-2017 ),3,BUS,1,1,0,0,0,1,0,0,0,0,0,0,3
2016,Odisha,RAYGADA RTO - OR18( 25-DEC-2017 ),4,CONSTRUCTION EQUIPMENT VEHICLE,0,1,1,0,1,0,1,1,0,0,0,0,5
2016,Odisha,RAYGADA RTO - OR18( 25-DEC-2017 ),5,CRANE MOUNTED VEHICLE,0,0,0,1,2,0,0,0,1,0,0,0,4
2016,Odisha,RAYGADA RTO - OR18( 25-DEC-2017 ),6,EDUCATIONAL INSTITUTION BUS,0,0,1,0,0,2,0,2,0,0,1,0,6
2016,Odisha,RAYGADA RTO - OR18( 25-DEC-2017 ),7,EXCAVATOR (NT),0,0,1,0,0,0,0,0,0,0,0,0,1
2016,Odisha,RAYGADA RTO - OR18( 25-DEC-2017 ),8,GOODS CARRIER,12,20,22,21,24,20,19,14,20,12,20,17,221
2016,Odisha,RAYGADA RTO - OR18( 25-DEC-2017 ),9,MAXI CAB,6,10,13,9,10,9,10,7,9,10,5,7,105
2016,Odisha,RAYGADA RTO - OR18( 25-DEC-2017 ),10,M-CYCLE/SCOOTER,437,688,669,540,"1,009",861,677,466,545,676,802,388,"7,758"
2016,Odisha,RAYGADA RTO - OR18( 25-DEC-2017 ),11,MOPED,30,77,21,42,29,32,50,11,39,18,61,29,439
2016,Odisha,RAYGADA RTO - OR18( 25-DEC-2017 ),12,MOTOR CAB,1,2,0,0,0,0,0,0,0,1,0,1,5
2016,Odisha,RAYGADA RTO - OR18( 25-DEC-2017 ),13,MOTOR CAR,25,26,24,13,32,18,20,10,19,24,23,16,250
2016,Odisha,RAYGADA RTO - OR18( 25-DEC-2017 ),14,OMNI BUS,3,1,0,0,2,4,1,4,0,1,1,0,17
2016,Odisha,RAYGADA RTO - OR18( 25-DEC-2017 ),15,OMNI BUS (PRIVATE USE),1,1,3,6,3,0,1,2,0,0,6,2,25
2016,Odisha,RAYGADA RTO - OR18( 25-DEC-2017 ),16,PRIVATE SERVICE VEHICLE,0,0,0,2,0,0,1,0,0,0,0,0,3
2016,Odisha,RAYGADA RTO - OR18( 25-DEC-2017 ),17,PRIVATE SERVICE VEHICLE (INDIVIDUAL USE),0,0,0,0,0,0,0,0,1,0,0,0,1
2016,Odisha,RAYGADA RTO - OR18( 25-DEC-2017 ),18,THREE WHEELER (GOODS),0,0,0,0,0,0,1,0,1,0,0,3,5
2016,Odisha,RAYGADA RTO - OR18( 25-DEC-2017 ),19,THREE WHEELER (PASSENGER),16,30,23,20,23,22,13,33,19,18,23,28,268
2016,Odisha,RAYGADA RTO - OR18( 25-DEC-2017 ),20,TRACTOR (COMMERCIAL),20,36,30,25,25,13,32,22,31,23,36,23,316
2016,Odisha,RAYGADA RTO - OR18( 25-DEC-2017 ),21,TRAILER (COMMERCIAL),20,33,30,17,23,9,25,17,21,19,28,26,268
2016,Odisha,RAYGADA RTO - OR18( 25-DEC-2017 ),22,VEHICLE FITTED WITH COMPRESSOR,0,0,0,0,0,0,0,0,1,0,0,0,1
2016,Odisha,ROURKELA RTO - OR14( 25-DEC-2017 ),1,AMBULANCE,0,0,1,0,0,0,0,0,0,0,1,1,3
2016,Odisha,ROURKELA RTO - OR14( 25-DEC-2017 ),2,BUS,22,4,3,2,4,2,1,6,1,3,0,3,51
2016,Odisha,ROURKELA RTO - OR14( 25-DEC-2017 ),3,CONSTRUCTION EQUIPMENT VEHICLE,0,0,0,0,0,1,0,1,0,0,0,0,2
2016,Odisha,ROURKELA RTO - OR14( 25-DEC-2017 ),4,CRANE MOUNTED VEHICLE,2,1,0,0,0,0,0,0,0,0,3,0,6
2016,Odisha,ROURKELA RTO - OR14( 25-DEC-2017 ),5,EARTH MOVING EQUIPMENT,0,1,1,0,0,0,0,0,0,1,0,0,3
2016,Odisha,ROURKELA RTO - OR14( 25-DEC-2017 ),6,EDUCATIONAL INSTITUTION BUS,0,0,2,1,2,1,1,1,1,1,0,0,10
2016,Odisha,ROURKELA RTO - OR14( 25-DEC-2017 ),7,EXCAVATOR (COMMERCIAL),0,0,0,0,1,0,0,0,0,0,0,0,1
2016,Odisha,ROURKELA RTO - OR14( 25-DEC-2017 ),8,GOODS CARRIER,69,117,112,89,108,92,44,49,64,75,74,65,958
2016,Odisha,ROURKELA RTO - OR14( 25-DEC-2017 ),9,HEARSES,0,0,0,0,0,0,0,0,0,1,0,0,1
2016,Odisha,ROURKELA RTO - OR14( 25-DEC-2017 ),10,MAXI CAB,13,8,7,6,8,12,2,3,8,9,9,4,89
2016,Odisha,ROURKELA RTO - OR14( 25-DEC-2017 ),11,M-CYCLE/SCOOTER,"1,289","1,469","1,406","1,399","1,578","1,513","1,388","1,262","1,424","1,677","2,244","1,800","18,449"
2016,Odisha,ROURKELA RTO - OR14( 25-DEC-2017 ),12,M-CYCLE/SCOOTER-WITH SIDE CAR,0,0,0,0,0,0,0,0,0,2,0,0,2
2016,Odisha,ROURKELA RTO - OR14( 25-DEC-2017 ),13,MOPED,39,31,29,28,35,32,37,42,27,29,62,17,408
2016,Odisha,ROURKELA RTO - OR14( 25-DEC-2017 ),14,MOTOR CAB,3,3,6,3,3,3,0,2,5,1,2,1,32
2016,Odisha,ROURKELA RTO - OR14( 25-DEC-2017 ),15,MOTOR CAR,256,214,178,158,181,143,147,147,147,159,269,193,"2,192"
2016,Odisha,ROURKELA RTO - OR14( 25-DEC-2017 ),16,OMNI BUS (PRIVATE USE),7,5,3,3,2,3,1,1,1,4,4,3,37
2016,Odisha,ROURKELA RTO - OR14( 25-DEC-2017 ),17,THREE WHEELER (GOODS),7,7,17,18,9,9,16,5,7,10,22,16,143
2016,Odisha,ROURKELA RTO - OR14( 25-DEC-2017 ),18,THREE WHEELER (PASSENGER),53,68,70,42,55,67,53,37,78,68,69,92,752
2016,Odisha,ROURKELA RTO - OR14( 25-DEC-2017 ),19,TRACTOR (COMMERCIAL),8,15,15,16,16,23,33,6,17,14,15,10,188
2016,Odisha,ROURKELA RTO - OR14( 25-DEC-2017 ),20,TRAILER (COMMERCIAL),8,13,13,16,11,20,27,6,12,10,13,10,159
2016,Odisha,ROURKELA RTO - OR14( 25-DEC-2017 ),21,VEHICLE FITTED WITH RIG,0,0,0,0,0,0,0,0,0,2,0,1,3
2016,Odisha,SAMBALPUR RTO - OR15( 04-DEC-2017 ),1,AGRICULTURAL TRACTOR,0,0,0,0,1,0,0,0,0,0,0,0,1
2016,Odisha,SAMBALPUR RTO - OR15( 04-DEC-2017 ),2,AMBULANCE,1,1,0,0,0,2,0,0,1,0,0,0,5
2016,Odisha,SAMBALPUR RTO - OR15( 04-DEC-2017 ),3,BUS,2,3,2,1,2,1,3,1,4,5,6,2,32
2016,Odisha,SAMBALPUR RTO - OR15( 04-DEC-2017 ),4,CONSTRUCTION EQUIPMENT VEHICLE,2,1,1,0,2,1,0,0,0,2,1,0,10
2016,Odisha,SAMBALPUR RTO - OR15( 04-DEC-2017 ),5,EDUCATIONAL INSTITUTION BUS,0,1,0,1,1,1,2,1,3,0,0,1,11
2016,Odisha,SAMBALPUR RTO - OR15( 04-DEC-2017 ),6,FIRE TENDERS,0,0,1,0,0,0,0,0,0,0,0,0,1
2016,Odisha,SAMBALPUR RTO - OR15( 04-DEC-2017 ),7,GOODS CARRIER,101,122,111,138,122,92,66,44,54,79,76,110,"1,115"
2016,Odisha,SAMBALPUR RTO - OR15( 04-DEC-2017 ),8,HEARSES,0,0,0,0,1,0,0,0,0,0,1,0,2
2016,Odisha,SAMBALPUR RTO - OR15( 04-DEC-2017 ),9,MAXI CAB,15,10,13,12,18,6,3,5,5,11,11,12,121
2016,Odisha,SAMBALPUR RTO - OR15( 04-DEC-2017 ),10,M-CYCLE/SCOOTER,"1,337","1,308","1,493","1,180","1,316","1,397","1,060",882,"1,042","1,461","1,170","1,384","15,030"
2016,Odisha,SAMBALPUR RTO - OR15( 04-DEC-2017 ),11,M-CYCLE/SCOOTER-WITH SIDE CAR,0,0,0,0,0,1,0,0,0,0,0,1,2
2016,Odisha,SAMBALPUR RTO - OR15( 04-DEC-2017 ),12,MOPED,91,91,76,81,74,74,58,48,56,82,64,68,863
2016,Odisha,SAMBALPUR RTO - OR15( 04-DEC-2017 ),13,MOTOR CAB,4,0,4,7,0,2,1,1,5,2,1,4,31
2016,Odisha,SAMBALPUR RTO - OR15( 04-DEC-2017 ),14,MOTOR CAR,219,170,125,167,150,131,100,110,156,145,192,172,"1,837"
2016,Odisha,SAMBALPUR RTO - OR15( 04-DEC-2017 ),15,OMNI BUS,2,1,0,0,1,1,1,0,0,1,1,0,8
2016,Odisha,SAMBALPUR RTO - OR15( 04-DEC-2017 ),16,OMNI BUS (PRIVATE USE),4,2,5,0,5,7,6,4,0,8,3,6,50
2016,Odisha,SAMBALPUR RTO - OR15( 04-DEC-2017 ),17,PRIVATE SERVICE VEHICLE,1,0,0,0,0,0,0,0,2,0,0,0,3
2016,Odisha,SAMBALPUR RTO - OR15( 04-DEC-2017 ),18,PRIVATE SERVICE VEHICLE (INDIVIDUAL USE),0,2,0,0,0,0,0,0,0,0,0,0,2
2016,Odisha,SAMBALPUR RTO - OR15( 04-DEC-2017 ),19,THREE WHEELER (GOODS),10,3,5,6,12,8,7,8,5,1,9,11,85
2016,Odisha,SAMBALPUR RTO - OR15( 04-DEC-2017 ),20,THREE WHEELER (PASSENGER),42,48,32,37,46,47,33,26,39,60,39,49,498
2016,Odisha,SAMBALPUR RTO - OR15( 04-DEC-2017 ),21,TRACTOR (COMMERCIAL),30,36,49,47,62,29,47,23,37,39,35,51,485
2016,Odisha,SAMBALPUR RTO - OR15( 04-DEC-2017 ),22,TRAILER (COMMERCIAL),21,27,27,33,46,12,30,12,22,23,25,35,313
2016,Odisha,SAMBALPUR RTO - OR15( 04-DEC-2017 ),23,VEHICLE FITTED WITH COMPRESSOR,0,0,0,0,0,0,0,0,0,1,0,0,1
2016,Odisha,SAMBALPUR RTO - OR15( 04-DEC-2017 ),24,VEHICLE FITTED WITH RIG,0,0,1,0,0,0,0,0,0,0,0,0,1
2016,Odisha,SONEPUR RTO - OR31( 08-NOV-2017 ),1,AGRICULTURAL TRACTOR,1,0,0,0,0,0,0,0,2,0,0,8,11
2016,Odisha,SONEPUR RTO - OR31( 08-NOV-2017 ),2,BUS,0,1,0,0,0,0,0,0,0,0,1,0,2
2016,Odisha,SONEPUR RTO - OR31( 08-NOV-2017 ),3,EDUCATIONAL INSTITUTION BUS,0,1,0,0,0,1,0,0,1,0,2,0,5
2016,Odisha,SONEPUR RTO - OR31( 08-NOV-2017 ),4,EXCAVATOR (COMMERCIAL),0,0,0,0,0,0,0,0,2,0,0,0,2
2016,Odisha,SONEPUR RTO - OR31( 08-NOV-2017 ),5,GOODS CARRIER,12,8,13,4,5,9,8,6,6,13,10,11,105
2016,Odisha,SONEPUR RTO - OR31( 08-NOV-2017 ),6,HEARSES,0,0,0,0,0,0,0,0,1,0,0,1,2
2016,Odisha,SONEPUR RTO - OR31( 08-NOV-2017 ),7,MAXI CAB,4,2,5,3,3,0,2,2,3,2,2,2,30
2016,Odisha,SONEPUR RTO - OR31( 08-NOV-2017 ),8,M-CYCLE/SCOOTER,335,705,906,"1,199",647,"1,602",393,603,318,593,526,429,"8,256"
2016,Odisha,SONEPUR RTO - OR31( 08-NOV-2017 ),9,M-CYCLE/SCOOTER-WITH SIDE CAR,0,0,0,0,0,0,1,0,0,0,0,0,1
2016,Odisha,SONEPUR RTO - OR31( 08-NOV-2017 ),10,MOPED,81,99,81,90,50,48,36,82,5,68,99,73,812
2016,Odisha,SONEPUR RTO - OR31( 08-NOV-2017 ),11,MOTOR CAB,0,0,0,0,1,0,0,2,1,0,0,1,5
2016,Odisha,SONEPUR RTO - OR31( 08-NOV-2017 ),12,MOTOR CAR,24,16,8,14,9,21,6,12,14,10,21,13,168
2016,Odisha,SONEPUR RTO - OR31( 08-NOV-2017 ),13,OMNI BUS,0,1,0,0,0,0,0,0,0,1,0,1,3
2016,Odisha,SONEPUR RTO - OR31( 08-NOV-2017 ),14,OMNI BUS (PRIVATE USE),0,1,0,0,0,0,0,0,0,1,0,0,2
2016,Odisha,SONEPUR RTO - OR31( 08-NOV-2017 ),15,PRIVATE SERVICE VEHICLE,0,0,1,0,0,0,0,0,0,0,0,0,1
2016,Odisha,SONEPUR RTO - OR31( 08-NOV-2017 ),16,THREE WHEELER (GOODS),0,0,0,2,0,3,0,1,1,0,3,1,11
2016,Odisha,SONEPUR RTO - OR31( 08-NOV-2017 ),17,THREE WHEELER (PASSENGER),6,3,4,5,4,5,5,6,3,7,7,11,66
2016,Odisha,SONEPUR RTO - OR31( 08-NOV-2017 ),18,TRACTOR (COMMERCIAL),24,20,38,31,21,25,35,20,20,28,31,20,313
2016,Odisha,SONEPUR RTO - OR31( 08-NOV-2017 ),19,TRACTOR-TROLLEY(COMMERCIAL),0,2,2,3,0,1,0,1,0,1,4,2,16
2016,Odisha,SONEPUR RTO - OR31( 08-NOV-2017 ),20,TRAILER (COMMERCIAL),24,20,36,28,21,24,35,19,20,26,28,18,299
2016,Odisha,SUNDERGARH RTO - OR16( 08-NOV-2017 ),1,ARTICULATED VEHICLE,0,0,0,0,0,0,0,0,0,0,1,0,1
2016,Odisha,SUNDERGARH RTO - OR16( 08-NOV-2017 ),2,BUS,7,2,1,1,1,0,2,3,1,2,3,2,25
2016,Odisha,SUNDERGARH RTO - OR16( 08-NOV-2017 ),3,CONSTRUCTION EQUIPMENT VEHICLE,0,0,1,0,0,1,1,0,0,0,0,1,4
2016,Odisha,SUNDERGARH RTO - OR16( 08-NOV-2017 ),4,EDUCATIONAL INSTITUTION BUS,4,0,0,0,1,0,0,3,0,0,0,0,8
2016,Odisha,SUNDERGARH RTO - OR16( 08-NOV-2017 ),5,GOODS CARRIER,113,88,79,153,192,162,97,94,61,70,60,58,"1,227"
2016,Odisha,SUNDERGARH RTO - OR16( 08-NOV-2017 ),6,MAXI CAB,10,5,13,11,6,5,3,7,4,6,8,7,85
2016,Odisha,SUNDERGARH RTO - OR16( 08-NOV-2017 ),7,M-CYCLE/SCOOTER,460,433,675,622,577,543,746,420,370,442,634,618,"6,540"
2016,Odisha,SUNDERGARH RTO - OR16( 08-NOV-2017 ),8,M-CYCLE/SCOOTER-WITH SIDE CAR,0,0,1,0,0,0,0,0,0,0,0,0,1
2016,Odisha,SUNDERGARH RTO - OR16( 08-NOV-2017 ),9,MOPED,33,8,42,17,34,33,28,28,16,28,40,36,343
2016,Odisha,SUNDERGARH RTO - OR16( 08-NOV-2017 ),10,MOTOR CAB,3,0,0,0,0,0,0,0,0,1,0,1,5
2016,Odisha,SUNDERGARH RTO - OR16( 08-NOV-2017 ),11,MOTOR CAR,46,33,33,37,53,46,25,40,38,42,69,33,495
2016,Odisha,SUNDERGARH RTO - OR16( 08-NOV-2017 ),12,OMNI BUS,1,1,2,0,0,0,0,0,0,1,2,0,7
2016,Odisha,SUNDERGARH RTO - OR16( 08-NOV-2017 ),13,OMNI BUS (PRIVATE USE),0,0,0,0,0,0,0,0,0,1,1,0,2
2016,Odisha,SUNDERGARH RTO - OR16( 08-NOV-2017 ),14,PRIVATE SERVICE VEHICLE,0,1,1,0,0,0,0,0,0,3,0,0,5
2016,Odisha,SUNDERGARH RTO - OR16( 08-NOV-2017 ),15,THREE WHEELER (GOODS),2,1,3,4,1,2,1,1,3,4,4,1,27
2016,Odisha,SUNDERGARH RTO - OR16( 08-NOV-2017 ),16,THREE WHEELER (PASSENGER),6,5,5,11,4,14,10,6,12,14,10,15,112
2016,Odisha,SUNDERGARH RTO - OR16( 08-NOV-2017 ),17,TRACTOR (COMMERCIAL),27,36,45,37,50,31,55,32,35,23,27,32,430
2016,Odisha,SUNDERGARH RTO - OR16( 08-NOV-2017 ),18,TRAILER (COMMERCIAL),22,29,37,31,42,28,34,16,24,14,19,27,323
2016,Odisha,SUNDERGARH RTO - OR16( 08-NOV-2017 ),19,VEHICLE FITTED WITH RIG,0,0,0,0,0,0,0,0,0,0,0,1,1
2016,Odisha,TALCHER RTO - OR35( 25-DEC-2017 ),1,ARTICULATED VEHICLE,0,0,0,0,0,0,0,0,0,0,1,0,1
2016,Odisha,TALCHER RTO - OR35( 25-DEC-2017 ),2,BUS,2,2,1,1,0,0,1,0,0,1,1,0,9
2016,Odisha,TALCHER RTO - OR35( 25-DEC-2017 ),3,CONSTRUCTION EQUIPMENT VEHICLE,12,1,6,1,9,3,2,2,0,1,0,5,42
2016,Odisha,TALCHER RTO - OR35( 25-DEC-2017 ),4,EDUCATIONAL INSTITUTION BUS,0,0,0,0,0,1,1,0,0,1,0,0,3
2016,Odisha,TALCHER RTO - OR35( 25-DEC-2017 ),5,EXCAVATOR (COMMERCIAL),0,1,0,0,0,0,0,0,0,0,0,0,1
2016,Odisha,TALCHER RTO - OR35( 25-DEC-2017 ),6,GOODS CARRIER,51,56,43,48,37,36,61,68,22,65,65,94,646
2016,Odisha,TALCHER RTO - OR35( 25-DEC-2017 ),7,MAXI CAB,1,3,5,3,3,5,3,2,0,17,6,1,49
2016,Odisha,TALCHER RTO - OR35( 25-DEC-2017 ),8,M-CYCLE/SCOOTER,373,420,554,317,709,442,397,559,268,684,545,804,"6,072"
2016,Odisha,TALCHER RTO - OR35( 25-DEC-2017 ),9,M-CYCLE/SCOOTER-WITH SIDE CAR,0,0,0,0,0,0,0,1,0,1,0,0,2
2016,Odisha,TALCHER RTO - OR35( 25-DEC-2017 ),10,MOPED,21,15,23,13,14,16,12,21,6,16,0,52,209
2016,Odisha,TALCHER RTO - OR35( 25-DEC-2017 ),11,MOTOR CAB,1,3,2,4,1,2,1,0,0,0,2,3,19
2016,Odisha,TALCHER RTO - OR35( 25-DEC-2017 ),12,MOTOR CAR,13,11,13,16,16,12,5,14,4,17,21,25,167
2016,Odisha,TALCHER RTO - OR35( 25-DEC-2017 ),13,OMNI BUS,1,1,0,1,1,1,1,0,0,0,0,0,6
2016,Odisha,TALCHER RTO - OR35( 25-DEC-2017 ),14,OMNI BUS (PRIVATE USE),0,0,0,0,1,0,1,0,0,0,0,0,2
2016,Odisha,TALCHER RTO - OR35( 25-DEC-2017 ),15,PRIVATE SERVICE VEHICLE,0,1,0,1,0,0,0,0,0,0,0,0,2
2016,Odisha,TALCHER RTO - OR35( 25-DEC-2017 ),16,THREE WHEELER (GOODS),4,5,3,6,3,1,6,2,0,1,3,5,39
2016,Odisha,TALCHER RTO - OR35( 25-DEC-2017 ),17,THREE WHEELER (PASSENGER),5,10,8,9,7,6,7,7,13,11,9,8,100
2016,Odisha,TALCHER RTO - OR35( 25-DEC-2017 ),18,TRACTOR (COMMERCIAL),1,3,5,1,1,0,0,1,0,0,4,7,23
2016,Odisha,TALCHER RTO - OR35( 25-DEC-2017 ),19,TRAILER (COMMERCIAL),1,3,6,1,1,0,0,1,0,0,4,6,23
2016,Odisha,TALCHER RTO - OR35( 25-DEC-2017 ),20,VEHICLE FITTED WITH RIG,0,0,0,0,1,0,0,0,0,0,0,0,1
2015,Odisha,ANGUL RTO - OR19( 25-DEC-2017 ),1,ARTICULATED VEHICLE,0,0,0,0,0,0,0,0,0,0,1,0,1
2015,Odisha,ANGUL RTO - OR19( 25-DEC-2017 ),2,BUS,2,2,1,1,0,0,1,0,0,1,1,0,9
2015,Odisha,ANGUL RTO - OR19( 25-DEC-2017 ),3,CONSTRUCTION EQUIPMENT VEHICLE,12,1,6,1,9,3,2,2,0,1,0,5,42
2015,Odisha,ANGUL RTO - OR19( 25-DEC-2017 ),4,EDUCATIONAL INSTITUTION BUS,0,0,0,0,0,1,1,0,0,1,0,0,3
2015,Odisha,ANGUL RTO - OR19( 25-DEC-2017 ),5,EXCAVATOR (COMMERCIAL),0,1,0,0,0,0,0,0,0,0,0,0,1
2015,Odisha,ANGUL RTO - OR19( 25-DEC-2017 ),6,GOODS CARRIER,51,56,43,48,37,36,61,68,22,65,65,94,646
2015,Odisha,ANGUL RTO - OR19( 25-DEC-2017 ),7,MAXI CAB,1,3,5,3,3,5,3,2,0,17,6,1,49
2015,Odisha,ANGUL RTO - OR19( 25-DEC-2017 ),8,M-CYCLE/SCOOTER,373,420,554,317,709,442,397,559,268,684,545,804,"6,072"
2015,Odisha,ANGUL RTO - OR19( 25-DEC-2017 ),9,M-CYCLE/SCOOTER-WITH SIDE CAR,0,0,0,0,0,0,0,1,0,1,0,0,2
2015,Odisha,ANGUL RTO - OR19( 25-DEC-2017 ),10,MOPED,21,15,23,13,14,16,12,21,6,16,0,52,209
2015,Odisha,ANGUL RTO - OR19( 25-DEC-2017 ),11,MOTOR CAB,1,3,2,4,1,2,1,0,0,0,2,3,19
2015,Odisha,ANGUL RTO - OR19( 25-DEC-2017 ),12,MOTOR CAR,13,11,13,16,16,12,5,14,4,17,21,25,167
2015,Odisha,ANGUL RTO - OR19( 25-DEC-2017 ),13,OMNI BUS,1,1,0,1,1,1,1,0,0,0,0,0,6
2015,Odisha,ANGUL RTO - OR19( 25-DEC-2017 ),14,OMNI BUS (PRIVATE USE),0,0,0,0,1,0,1,0,0,0,0,0,2
2015,Odisha,ANGUL RTO - OR19( 25-DEC-2017 ),15,PRIVATE SERVICE VEHICLE,0,1,0,1,0,0,0,0,0,0,0,0,2
2015,Odisha,ANGUL RTO - OR19( 25-DEC-2017 ),16,THREE WHEELER (GOODS),4,5,3,6,3,1,6,2,0,1,3,5,39
2015,Odisha,ANGUL RTO - OR19( 25-DEC-2017 ),17,THREE WHEELER (PASSENGER),5,10,8,9,7,6,7,7,13,11,9,8,100
2015,Odisha,ANGUL RTO - OR19( 25-DEC-2017 ),18,TRACTOR (COMMERCIAL),1,3,5,1,1,0,0,1,0,0,4,7,23
2015,Odisha,ANGUL RTO - OR19( 25-DEC-2017 ),19,TRAILER (COMMERCIAL),1,3,6,1,1,0,0,1,0,0,4,6,23
2015,Odisha,ANGUL RTO - OR19( 25-DEC-2017 ),20,VEHICLE FITTED WITH RIG,0,0,0,0,1,0,0,0,0,0,0,0,1
2015,Odisha,ARTO BARBIL - OR901( 04-DEC-2017 ),1,AGRICULTURAL TRACTOR,0,0,0,1,1,0,0,0,0,0,0,0,2
2015,Odisha,ARTO BARBIL - OR901( 04-DEC-2017 ),2,AMBULANCE,0,0,0,0,0,0,0,0,0,1,0,0,1
2015,Odisha,ARTO BARBIL - OR901( 04-DEC-2017 ),3,BUS,0,0,2,0,0,0,1,0,0,2,1,1,7
2015,Odisha,ARTO BARBIL - OR901( 04-DEC-2017 ),4,EXCAVATOR (COMMERCIAL),0,0,0,0,0,0,0,0,0,1,0,0,1
2015,Odisha,ARTO BARBIL - OR901( 04-DEC-2017 ),5,GOODS CARRIER,30,26,44,38,77,61,88,63,72,51,67,86,703
2015,Odisha,ARTO BARBIL - OR901( 04-DEC-2017 ),6,LUXURY CAB,0,0,0,1,1,0,0,0,0,0,1,0,3
2015,Odisha,ARTO BARBIL - OR901( 04-DEC-2017 ),7,MAXI CAB,0,3,0,0,2,0,0,1,1,0,0,2,9
2015,Odisha,ARTO BARBIL - OR901( 04-DEC-2017 ),8,M-CYCLE/SCOOTER,175,165,167,209,276,347,280,226,249,286,375,281,"3,036"
2015,Odisha,ARTO BARBIL - OR901( 04-DEC-2017 ),9,M-CYCLE/SCOOTER-WITH SIDE CAR,0,0,0,0,0,0,0,0,0,1,1,0,2
2015,Odisha,ARTO BARBIL - OR901( 04-DEC-2017 ),10,MOPED,4,10,12,10,11,5,13,19,7,23,16,71,201
2015,Odisha,ARTO BARBIL - OR901( 04-DEC-2017 ),11,MOTOR CAB,1,1,1,0,0,3,1,1,2,1,2,2,15
2015,Odisha,ARTO BARBIL - OR901( 04-DEC-2017 ),12,MOTOR CAR,19,8,6,6,16,14,22,11,17,12,22,13,166
2015,Odisha,ARTO BARBIL - OR901( 04-DEC-2017 ),13,OMNI BUS,2,0,0,5,3,2,3,3,1,4,2,2,27
2015,Odisha,ARTO BARBIL - OR901( 04-DEC-2017 ),14,OMNI BUS (PRIVATE USE),2,1,0,0,1,2,0,1,0,2,0,1,10
2015,Odisha,ARTO BARBIL - OR901( 04-DEC-2017 ),15,PRIVATE SERVICE VEHICLE,0,0,0,0,0,0,0,1,0,0,0,0,1
2015,Odisha,ARTO BARBIL - OR901( 04-DEC-2017 ),16,THREE WHEELER (GOODS),1,0,0,1,0,1,0,0,0,0,4,1,8
2015,Odisha,ARTO BARBIL - OR901( 04-DEC-2017 ),17,THREE WHEELER (PASSENGER),0,0,4,0,2,1,2,2,0,0,4,2,17
2015,Odisha,ARTO BARBIL - OR901( 04-DEC-2017 ),18,TRACTOR (COMMERCIAL),0,0,1,0,0,0,0,0,2,2,1,0,6
2015,Odisha,ARTO BARBIL - OR901( 04-DEC-2017 ),19,TRAILER (COMMERCIAL),0,0,1,0,0,0,0,0,2,2,1,0,6
2015,Odisha,BALASORE RTO - OR1( 07-NOV-2017 ),1,AGRICULTURAL TRACTOR,30,17,21,27,31,33,30,12,22,22,29,23,297
2015,Odisha,BALASORE RTO - OR1( 07-NOV-2017 ),2,AMBULANCE,3,1,0,1,0,2,0,2,1,0,0,0,10
2015,Odisha,BALASORE RTO - OR1( 07-NOV-2017 ),3,BUS,4,5,4,5,1,0,0,1,3,0,3,1,27
2015,Odisha,BALASORE RTO - OR1( 07-NOV-2017 ),4,CONSTRUCTION EQUIPMENT VEHICLE,0,0,0,0,0,1,0,0,0,0,0,0,1
2015,Odisha,BALASORE RTO - OR1( 07-NOV-2017 ),5,CRANE MOUNTED VEHICLE,0,0,0,0,0,0,0,0,0,0,0,2,2
2015,Odisha,BALASORE RTO - OR1( 07-NOV-2017 ),6,EDUCATIONAL INSTITUTION BUS,0,3,0,1,0,2,2,4,2,1,0,4,19
2015,Odisha,BALASORE RTO - OR1( 07-NOV-2017 ),7,EXCAVATOR (COMMERCIAL),0,1,2,3,1,2,1,1,1,0,2,0,14
2015,Odisha,BALASORE RTO - OR1( 07-NOV-2017 ),8,GOODS CARRIER,94,73,124,81,70,76,103,73,70,120,132,122,"1,138"
2015,Odisha,BALASORE RTO - OR1( 07-NOV-2017 ),9,MAXI CAB,37,30,34,26,31,20,26,13,25,19,31,35,327
2015,Odisha,BALASORE RTO - OR1( 07-NOV-2017 ),10,M-CYCLE/SCOOTER,"2,363","2,036","2,441","2,373","2,757","3,058","2,781","1,907","1,961","2,999","4,066","2,640","31,382"
2015,Odisha,BALASORE RTO - OR1( 07-NOV-2017 ),11,M-CYCLE/SCOOTER-WITH SIDE CAR,2,0,0,0,0,0,0,0,0,1,1,0,4
2015,Odisha,BALASORE RTO - OR1( 07-NOV-2017 ),12,MOPED,64,59,90,68,70,110,106,83,93,127,241,118,"1,229"
2015,Odisha,BALASORE RTO - OR1( 07-NOV-2017 ),13,MOTOR CAB,6,5,4,8,5,8,8,6,9,8,8,17,92
2015,Odisha,BALASORE RTO - OR1( 07-NOV-2017 ),14,MOTOR CAR,143,135,116,103,121,100,120,113,102,158,179,173,"1,563"
2015,Odisha,BALASORE RTO - OR1( 07-NOV-2017 ),15,MOTOR CYCLE/SCOOTER-USED FOR HIRE,1,0,0,0,0,0,0,0,0,0,0,0,1
2015,Odisha,BALASORE RTO - OR1( 07-NOV-2017 ),16,OMNI BUS,0,0,0,0,0,1,0,0,1,0,1,2,5
2015,Odisha,BALASORE RTO - OR1( 07-NOV-2017 ),17,OMNI BUS (PRIVATE USE),3,5,4,5,3,8,1,1,2,4,9,8,53
2015,Odisha,BALASORE RTO - OR1( 07-NOV-2017 ),18,PRIVATE SERVICE VEHICLE,0,0,0,1,0,0,0,1,0,0,2,0,4
2015,Odisha,BALASORE RTO - OR1( 07-NOV-2017 ),19,PRIVATE SERVICE VEHICLE (INDIVIDUAL USE),1,0,0,0,0,0,0,0,1,0,0,0,2
2015,Odisha,BALASORE RTO - OR1( 07-NOV-2017 ),20,THREE WHEELER (GOODS),20,30,23,28,36,35,20,23,28,29,33,34,339
2015,Odisha,BALASORE RTO - OR1( 07-NOV-2017 ),21,THREE WHEELER (PASSENGER),30,55,53,38,45,32,51,60,47,63,55,49,578
2015,Odisha,BALASORE RTO - OR1( 07-NOV-2017 ),22,TRACTOR (COMMERCIAL),46,53,49,40,38,30,28,20,31,40,56,49,480
2015,Odisha,BALASORE RTO - OR1( 07-NOV-2017 ),23,TRAILER (COMMERCIAL),47,52,52,38,36,25,25,19,30,40,60,47,471
2015,Odisha,BALASORE RTO - OR1( 07-NOV-2017 ),24,VEHICLE FITTED WITH RIG,0,0,0,0,1,0,0,0,0,0,0,1,2
2015,Odisha,BARGARH RTO - OR17( 04-DEC-2017 ),1,AGRICULTURAL TRACTOR,1,2,2,0,2,1,1,2,4,4,4,3,26
2015,Odisha,BARGARH RTO - OR17( 04-DEC-2017 ),2,AMBULANCE,0,0,0,0,1,0,0,0,0,1,0,0,2
2015,Odisha,BARGARH RTO - OR17( 04-DEC-2017 ),3,BUS,0,1,3,1,0,1,1,1,1,1,2,1,13
2015,Odisha,BARGARH RTO - OR17( 04-DEC-2017 ),4,EDUCATIONAL INSTITUTION BUS,0,0,1,0,1,0,4,1,4,1,0,0,12
2015,Odisha,BARGARH RTO - OR17( 04-DEC-2017 ),5,EXCAVATOR (COMMERCIAL),4,3,3,10,5,0,4,1,1,3,6,7,47
2015,Odisha,BARGARH RTO - OR17( 04-DEC-2017 ),6,GOODS CARRIER,46,45,34,37,43,32,23,43,34,48,49,54,488
2015,Odisha,BARGARH RTO - OR17( 04-DEC-2017 ),7,MAXI CAB,5,7,2,2,5,2,3,10,4,3,8,10,61
2015,Odisha,BARGARH RTO - OR17( 04-DEC-2017 ),8,M-CYCLE/SCOOTER,"1,160","1,523","1,665","1,561","1,644","1,563","1,341",995,912,"1,055","1,283",935,"15,637"
2015,Odisha,BARGARH RTO - OR17( 04-DEC-2017 ),9,MOBILE WORKSHOP,0,0,0,0,0,0,0,0,0,1,0,0,1
2015,Odisha,BARGARH RTO - OR17( 04-DEC-2017 ),10,MOPED,216,232,207,145,236,152,234,127,181,180,230,195,"2,335"
2015,Odisha,BARGARH RTO - OR17( 04-DEC-2017 ),11,MOTOR CAB,2,0,0,0,0,1,0,0,0,1,0,1,5
2015,Odisha,BARGARH RTO - OR17( 04-DEC-2017 ),12,MOTOR CAR,86,63,52,54,45,57,60,56,44,59,115,91,782
2015,Odisha,BARGARH RTO - OR17( 04-DEC-2017 ),13,OMNI BUS,3,7,1,3,5,2,0,2,2,1,2,1,29
2015,Odisha,BARGARH RTO - OR17( 04-DEC-2017 ),14,OMNI BUS (PRIVATE USE),12,3,8,5,4,1,1,0,3,2,6,4,49
2015,Odisha,BARGARH RTO - OR17( 04-DEC-2017 ),15,THREE WHEELER (GOODS),2,6,6,4,2,1,5,6,6,2,3,3,46
2015,Odisha,BARGARH RTO - OR17( 04-DEC-2017 ),16,THREE WHEELER (PASSENGER),3,15,13,4,10,16,15,16,16,19,17,22,166
2015,Odisha,BARGARH RTO - OR17( 04-DEC-2017 ),17,TRACTOR (COMMERCIAL),75,81,69,53,79,75,67,100,87,88,76,74,924
2015,Odisha,BARGARH RTO - OR17( 04-DEC-2017 ),18,TRAILER (AGRICULTURAL),0,0,0,1,0,0,0,0,1,0,1,1,4
2015,Odisha,BARGARH RTO - OR17( 04-DEC-2017 ),19,TRAILER (COMMERCIAL),31,39,40,39,39,33,44,28,27,44,40,32,436
2015,Odisha,BHADRAK RTO - OR22( 04-DEC-2017 ),1,ADAPTED VEHICLE,0,0,0,0,0,0,0,0,1,0,0,0,1
2015,Odisha,BHADRAK RTO - OR22( 04-DEC-2017 ),2,AGRICULTURAL TRACTOR,9,5,4,4,12,10,9,11,5,10,10,17,106
2015,Odisha,BHADRAK RTO - OR22( 04-DEC-2017 ),3,AMBULANCE,0,0,1,0,0,3,1,0,0,2,0,0,7
2015,Odisha,BHADRAK RTO - OR22( 04-DEC-2017 ),4,BUS,0,0,1,0,2,1,1,2,0,3,0,1,11
2015,Odisha,BHADRAK RTO - OR22( 04-DEC-2017 ),5,EDUCATIONAL INSTITUTION BUS,0,0,0,0,0,2,3,3,1,0,0,1,10
2015,Odisha,BHADRAK RTO - OR22( 04-DEC-2017 ),6,GOODS CARRIER,27,41,37,24,32,19,21,22,16,40,43,41,363
2015,Odisha,BHADRAK RTO - OR22( 04-DEC-2017 ),7,MAXI CAB,21,11,13,12,10,6,7,13,13,7,12,15,140
2015,Odisha,BHADRAK RTO - OR22( 04-DEC-2017 ),8,M-CYCLE/SCOOTER,"1,265","1,178","1,346","1,144","1,408","1,505","1,260","1,049",969,"1,605","2,039","1,561","16,329"
2015,Odisha,BHADRAK RTO - OR22( 04-DEC-2017 ),9,M-CYCLE/SCOOTER-WITH SIDE CAR,0,0,0,0,0,0,0,0,0,1,0,0,1
2015,Odisha,BHADRAK RTO - OR22( 04-DEC-2017 ),10,MOPED,30,35,28,40,42,44,33,27,19,87,91,59,535
2015,Odisha,BHADRAK RTO - OR22( 04-DEC-2017 ),11,MOTOR CAB,1,0,0,0,0,1,0,1,1,0,0,2,6
2015,Odisha,BHADRAK RTO - OR22( 04-DEC-2017 ),12,MOTOR CAR,27,25,22,27,31,19,30,18,19,26,38,26,308
2015,Odisha,BHADRAK RTO - OR22( 04-DEC-2017 ),13,OMNI BUS,0,0,0,0,1,0,0,0,0,0,2,1,4
2015,Odisha,BHADRAK RTO - OR22( 04-DEC-2017 ),14,OMNI BUS (PRIVATE USE),1,0,0,2,0,0,0,0,0,1,0,0,4
2015,Odisha,BHADRAK RTO - OR22( 04-DEC-2017 ),15,PRIVATE SERVICE VEHICLE (INDIVIDUAL USE),0,1,0,0,0,0,0,0,0,0,0,0,1
2015,Odisha,BHADRAK RTO - OR22( 04-DEC-2017 ),16,THREE WHEELER (GOODS),13,19,18,15,20,12,12,10,9,11,18,26,183
2015,Odisha,BHADRAK RTO - OR22( 04-DEC-2017 ),17,THREE WHEELER (PASSENGER),32,20,33,30,25,25,30,38,38,42,40,46,399
2015,Odisha,BHADRAK RTO - OR22( 04-DEC-2017 ),18,TRACTOR (COMMERCIAL),24,21,34,27,21,18,19,16,24,30,37,40,311
2015,Odisha,BHADRAK RTO - OR22( 04-DEC-2017 ),19,TRAILER (COMMERCIAL),24,20,33,27,21,17,18,15,25,31,38,38,307
2015,Odisha,BHANJANAGAR RTO - OR32( 04-DEC-2017 ),1,ADAPTED VEHICLE,0,0,0,0,0,0,0,0,0,1,2,0,3
2015,Odisha,BHANJANAGAR RTO - OR32( 04-DEC-2017 ),2,AGRICULTURAL TRACTOR,1,1,0,3,1,5,1,6,0,0,0,2,20
2015,Odisha,BHANJANAGAR RTO - OR32( 04-DEC-2017 ),3,AMBULANCE,0,0,0,0,0,1,0,0,0,0,0,0,1
2015,Odisha,BHANJANAGAR RTO - OR32( 04-DEC-2017 ),4,BUS,1,0,0,2,2,0,0,0,0,0,0,0,5
2015,Odisha,BHANJANAGAR RTO - OR32( 04-DEC-2017 ),5,EDUCATIONAL INSTITUTION BUS,0,0,0,1,0,1,1,3,0,0,0,0,6
2015,Odisha,BHANJANAGAR RTO - OR32( 04-DEC-2017 ),6,GOODS CARRIER,9,11,12,8,10,10,8,7,8,18,9,12,122
2015,Odisha,BHANJANAGAR RTO - OR32( 04-DEC-2017 ),7,MAXI CAB,2,6,1,1,0,1,1,0,2,2,4,2,22
2015,Odisha,BHANJANAGAR RTO - OR32( 04-DEC-2017 ),8,M-CYCLE/SCOOTER,307,574,580,493,554,470,391,485,346,389,787,484,"5,860"
2015,Odisha,BHANJANAGAR RTO - OR32( 04-DEC-2017 ),9,MOPED,88,173,108,132,158,112,128,143,80,197,230,224,"1,773"
2015,Odisha,BHANJANAGAR RTO - OR32( 04-DEC-2017 ),10,MOTOR CAB,0,2,0,0,0,0,0,0,2,3,0,2,9
2015,Odisha,BHANJANAGAR RTO - OR32( 04-DEC-2017 ),11,MOTOR CAR,5,7,9,8,9,7,4,5,7,6,10,16,93
2015,Odisha,BHANJANAGAR RTO - OR32( 04-DEC-2017 ),12,OMNI BUS,7,4,2,1,2,1,4,5,1,4,2,6,39
2015,Odisha,BHANJANAGAR RTO - OR32( 04-DEC-2017 ),13,OMNI BUS (PRIVATE USE),4,0,1,1,1,2,1,2,0,0,2,0,14
2015,Odisha,BHANJANAGAR RTO - OR32( 04-DEC-2017 ),14,PRIVATE SERVICE VEHICLE (INDIVIDUAL USE),0,0,0,0,0,0,0,0,0,0,0,1,1
2015,Odisha,BHANJANAGAR RTO - OR32( 04-DEC-2017 ),15,THREE WHEELER (GOODS),4,15,13,7,7,9,7,5,7,2,9,13,98
2015,Odisha,BHANJANAGAR RTO - OR32( 04-DEC-2017 ),16,THREE WHEELER (PASSENGER),16,15,14,15,13,21,16,23,13,14,17,24,201
2015,Odisha,BHANJANAGAR RTO - OR32( 04-DEC-2017 ),17,TRACTOR (COMMERCIAL),18,26,13,10,22,25,26,14,32,35,35,21,277
2015,Odisha,BHANJANAGAR RTO - OR32( 04-DEC-2017 ),18,TRAILER (COMMERCIAL),21,26,13,10,21,21,25,12,31,39,35,21,275
2015,Odisha,BHANJANAGAR RTO - OR32( 04-DEC-2017 ),19,VEHICLE FITTED WITH COMPRESSOR,1,0,0,0,0,0,0,0,0,0,0,0,1
2015,Odisha,BHANJANAGAR RTO - OR32( 04-DEC-2017 ),20,VEHICLE FITTED WITH RIG,0,0,0,0,0,0,0,0,0,0,1,0,1
2015,Odisha,BHUBANESWAR-II RTO - OR33( 23-OCT-2017 ),1,AGRICULTURAL TRACTOR,2,2,10,1,1,5,8,7,7,5,4,13,65
2015,Odisha,BHUBANESWAR-II RTO - OR33( 23-OCT-2017 ),2,AMBULANCE,4,0,1,1,0,3,2,6,3,1,4,3,28
2015,Odisha,BHUBANESWAR-II RTO - OR33( 23-OCT-2017 ),3,BUS,0,0,0,0,0,2,0,0,0,0,0,1,3
2015,Odisha,BHUBANESWAR-II RTO - OR33( 23-OCT-2017 ),4,CASH VAN,0,0,0,0,0,0,0,0,0,0,0,1,1
2015,Odisha,BHUBANESWAR-II RTO - OR33( 23-OCT-2017 ),5,CONSTRUCTION EQUIPMENT VEHICLE,1,0,1,0,0,0,1,0,0,0,0,0,3
2015,Odisha,BHUBANESWAR-II RTO - OR33( 23-OCT-2017 ),6,EDUCATIONAL INSTITUTION BUS,0,0,0,3,1,4,9,2,5,0,0,0,24
2015,Odisha,BHUBANESWAR-II RTO - OR33( 23-OCT-2017 ),7,GOODS CARRIER,30,32,83,128,30,19,27,14,27,20,34,48,492
2015,Odisha,BHUBANESWAR-II RTO - OR33( 23-OCT-2017 ),8,HARVESTER,0,0,0,0,0,0,0,0,0,0,0,1,1
2015,Odisha,BHUBANESWAR-II RTO - OR33( 23-OCT-2017 ),9,LUXURY CAB,0,0,0,0,0,0,0,0,1,0,0,0,1
2015,Odisha,BHUBANESWAR-II RTO - OR33( 23-OCT-2017 ),10,MAXI CAB,12,5,5,5,7,11,19,13,2,9,6,4,98
2015,Odisha,BHUBANESWAR-II RTO - OR33( 23-OCT-2017 ),11,M-CYCLE/SCOOTER,"1,945","1,979","2,033","2,143","2,135","2,375","2,804","2,227","2,246","2,553","3,558","3,147","29,145"
2015,Odisha,BHUBANESWAR-II RTO - OR33( 23-OCT-2017 ),12,M-CYCLE/SCOOTER-WITH SIDE CAR,0,0,1,0,1,0,0,0,0,1,0,0,3
2015,Odisha,BHUBANESWAR-II RTO - OR33( 23-OCT-2017 ),13,MOPED,23,16,35,24,33,31,43,32,62,49,76,111,535
2015,Odisha,BHUBANESWAR-II RTO - OR33( 23-OCT-2017 ),14,MOTOR CAB,11,9,11,8,8,8,12,13,17,13,14,13,137
2015,Odisha,BHUBANESWAR-II RTO - OR33( 23-OCT-2017 ),15,MOTOR CAR,266,200,223,204,231,240,232,203,227,284,328,339,"2,977"
2015,Odisha,BHUBANESWAR-II RTO - OR33( 23-OCT-2017 ),16,MOTOR CYCLE/SCOOTER-USED FOR HIRE,1,1,0,0,1,0,2,3,0,2,2,1,13
2015,Odisha,BHUBANESWAR-II RTO - OR33( 23-OCT-2017 ),17,OMNI BUS,1,2,2,0,2,1,0,1,0,0,1,2,12
2015,Odisha,BHUBANESWAR-II RTO - OR33( 23-OCT-2017 ),18,OMNI BUS (PRIVATE USE),1,1,4,1,2,4,4,1,1,0,1,3,23
2015,Odisha,BHUBANESWAR-II RTO - OR33( 23-OCT-2017 ),19,PRIVATE SERVICE VEHICLE,0,1,1,0,0,1,1,0,1,2,0,0,7
2015,Odisha,BHUBANESWAR-II RTO - OR33( 23-OCT-2017 ),20,PRIVATE SERVICE VEHICLE (INDIVIDUAL USE),2,0,3,0,0,0,1,0,0,0,1,0,7
2015,Odisha,BHUBANESWAR-II RTO - OR33( 23-OCT-2017 ),21,THREE WHEELER (GOODS),26,40,29,24,25,35,45,22,23,27,45,30,371
2015,Odisha,BHUBANESWAR-II RTO - OR33( 23-OCT-2017 ),22,THREE WHEELER (PASSENGER),83,132,112,93,113,115,197,161,131,150,231,165,"1,683"
2015,Odisha,BHUBANESWAR-II RTO - OR33( 23-OCT-2017 ),23,TRACTOR (COMMERCIAL),32,37,35,53,32,42,48,13,60,80,12,42,486
2015,Odisha,BHUBANESWAR-II RTO - OR33( 23-OCT-2017 ),24,TRAILER (COMMERCIAL),32,37,34,52,30,43,48,12,61,78,12,42,481
2015,Odisha,BHUBANESWAR RTO - OR2( 22-JAN-2018 ),1,ADAPTED VEHICLE,0,0,0,0,0,0,0,0,1,0,1,0,2
2015,Odisha,BHUBANESWAR RTO - OR2( 22-JAN-2018 ),2,AGRICULTURAL TRACTOR,6,10,2,3,13,3,7,9,8,23,27,11,122
2015,Odisha,BHUBANESWAR RTO - OR2( 22-JAN-2018 ),3,AMBULANCE,1,2,2,4,4,2,2,0,2,2,1,3,25
2015,Odisha,BHUBANESWAR RTO - OR2( 22-JAN-2018 ),4,ARTICULATED VEHICLE,0,0,0,0,0,0,0,0,0,1,0,0,1
2015,Odisha,BHUBANESWAR RTO - OR2( 22-JAN-2018 ),5,BUS,9,3,9,7,23,3,6,6,2,12,5,11,96
2015,Odisha,BHUBANESWAR RTO - OR2( 22-JAN-2018 ),6,CASH VAN,0,0,0,0,0,1,0,0,0,0,0,0,1
2015,Odisha,BHUBANESWAR RTO - OR2( 22-JAN-2018 ),7,CONSTRUCTION EQUIPMENT VEHICLE,1,0,0,0,0,1,0,0,0,0,2,3,7
2015,Odisha,BHUBANESWAR RTO - OR2( 22-JAN-2018 ),8,CRANE MOUNTED VEHICLE,0,0,0,0,0,0,0,1,0,0,0,0,1
2015,Odisha,BHUBANESWAR RTO - OR2( 22-JAN-2018 ),9,EDUCATIONAL INSTITUTION BUS,1,3,3,7,2,4,2,4,2,0,2,1,31
2015,Odisha,BHUBANESWAR RTO - OR2( 22-JAN-2018 ),10,EXCAVATOR (NT),0,0,1,0,0,0,0,0,1,0,0,0,2
2015,Odisha,BHUBANESWAR RTO - OR2( 22-JAN-2018 ),11,GOODS CARRIER,126,129,110,143,137,112,155,112,114,173,149,136,"1,596"
2015,Odisha,BHUBANESWAR RTO - OR2( 22-JAN-2018 ),12,HARVESTER,2,0,0,0,0,1,0,0,1,0,3,1,8
2015,Odisha,BHUBANESWAR RTO - OR2( 22-JAN-2018 ),13,HEARSES,0,0,0,0,0,0,1,1,0,0,0,0,2
2015,Odisha,BHUBANESWAR RTO - OR2( 22-JAN-2018 ),14,MAXI CAB,57,37,38,42,30,31,31,33,33,39,64,56,491
2015,Odisha,BHUBANESWAR RTO - OR2( 22-JAN-2018 ),15,M-CYCLE/SCOOTER,"2,256","2,751","2,518","2,713","2,638","2,799","3,570","2,977","2,740","3,220","4,496","3,415","36,093"
2015,Odisha,BHUBANESWAR RTO - OR2( 22-JAN-2018 ),16,M-CYCLE/SCOOTER-WITH SIDE CAR,0,1,2,3,0,1,0,2,1,4,2,1,17
2015,Odisha,BHUBANESWAR RTO - OR2( 22-JAN-2018 ),17,MOPED,234,196,228,242,201,235,253,182,215,234,366,326,"2,912"
2015,Odisha,BHUBANESWAR RTO - OR2( 22-JAN-2018 ),18,MOTOR CAB,29,36,33,31,22,22,29,25,32,35,44,46,384
2015,Odisha,BHUBANESWAR RTO - OR2( 22-JAN-2018 ),19,MOTOR CAR,"1,294","1,028",836,"1,024",913,"1,011","1,026",972,"1,150","1,217","1,595","1,233","13,299"
2015,Odisha,BHUBANESWAR RTO - OR2( 22-JAN-2018 ),20,MOTOR CYCLE/SCOOTER-USED FOR HIRE,3,1,1,1,1,1,0,1,0,1,2,1,13
2015,Odisha,BHUBANESWAR RTO - OR2( 22-JAN-2018 ),21,OMNI BUS,4,2,4,5,4,1,4,0,1,4,8,5,42
2015,Odisha,BHUBANESWAR RTO - OR2( 22-JAN-2018 ),22,OMNI BUS (PRIVATE USE),21,20,7,11,12,16,17,10,9,16,24,11,174
2015,Odisha,BHUBANESWAR RTO - OR2( 22-JAN-2018 ),23,PRIVATE SERVICE VEHICLE,0,0,1,1,2,2,0,4,3,1,1,0,15
2015,Odisha,BHUBANESWAR RTO - OR2( 22-JAN-2018 ),24,PRIVATE SERVICE VEHICLE (INDIVIDUAL USE),0,1,1,0,1,0,0,0,0,0,0,0,3
2015,Odisha,BHUBANESWAR RTO - OR2( 22-JAN-2018 ),25,ROAD ROLLER,0,0,0,1,0,0,0,0,0,0,0,0,1
2015,Odisha,BOLANGIR RTO - OR3( 25-DEC-2017 ),1,AGRICULTURAL TRACTOR,0,0,0,1,0,1,2,2,5,1,0,2,14
2015,Odisha,BOLANGIR RTO - OR3( 25-DEC-2017 ),2,AMBULANCE,1,2,0,0,1,0,0,0,0,3,0,0,7
2015,Odisha,BOLANGIR RTO - OR3( 25-DEC-2017 ),3,BUS,1,0,0,1,1,0,2,2,0,1,0,1,9
2015,Odisha,BOLANGIR RTO - OR3( 25-DEC-2017 ),4,CONSTRUCTION EQUIPMENT VEHICLE,1,1,0,0,0,0,1,0,0,0,0,0,3
2015,Odisha,BOLANGIR RTO - OR3( 25-DEC-2017 ),5,EDUCATIONAL INSTITUTION BUS,2,1,2,2,1,2,5,4,1,0,1,1,22
2015,Odisha,BOLANGIR RTO - OR3( 25-DEC-2017 ),6,EXCAVATOR (COMMERCIAL),0,0,0,0,1,0,0,0,0,0,0,0,1
2015,Odisha,BOLANGIR RTO - OR3( 25-DEC-2017 ),7,GOODS CARRIER,47,40,49,30,29,47,33,34,32,42,34,38,455
2015,Odisha,BOLANGIR RTO - OR3( 25-DEC-2017 ),8,MAXI CAB,19,15,18,11,3,4,11,11,8,10,14,15,139
2015,Odisha,BOLANGIR RTO - OR3( 25-DEC-2017 ),9,M-CYCLE/SCOOTER,"1,404","2,034","1,847","1,828","1,250","1,040",833,753,700,"1,025",805,907,"14,426"
2015,Odisha,BOLANGIR RTO - OR3( 25-DEC-2017 ),10,M-CYCLE/SCOOTER-WITH SIDE CAR,1,0,0,0,0,0,0,0,0,0,1,0,2
2015,Odisha,BOLANGIR RTO - OR3( 25-DEC-2017 ),11,MOPED,121,116,127,71,86,82,85,76,66,88,103,116,"1,137"
2015,Odisha,BOLANGIR RTO - OR3( 25-DEC-2017 ),12,MOTOR CAB,2,1,1,2,0,1,3,1,0,1,1,1,14
2015,Odisha,BOLANGIR RTO - OR3( 25-DEC-2017 ),13,MOTOR CAR,69,68,57,50,57,43,37,34,49,73,72,76,685
2015,Odisha,BOLANGIR RTO - OR3( 25-DEC-2017 ),14,MOTOR CYCLE/SCOOTER-USED FOR HIRE,0,0,0,0,0,0,0,0,0,0,1,0,1
2015,Odisha,BOLANGIR RTO - OR3( 25-DEC-2017 ),15,OMNI BUS,2,1,1,0,1,2,0,1,0,3,1,0,12
2015,Odisha,BOLANGIR RTO - OR3( 25-DEC-2017 ),16,OMNI BUS (PRIVATE USE),5,4,6,3,4,1,3,1,4,4,6,8,49
2015,Odisha,BOLANGIR RTO - OR3( 25-DEC-2017 ),17,PRIVATE SERVICE VEHICLE,0,0,1,0,0,0,0,0,0,0,0,0,1
2015,Odisha,BOLANGIR RTO - OR3( 25-DEC-2017 ),18,THREE WHEELER (GOODS),1,1,3,1,3,1,3,1,1,0,1,2,18
2015,Odisha,BOLANGIR RTO - OR3( 25-DEC-2017 ),19,THREE WHEELER (PASSENGER),23,20,10,24,17,21,29,12,17,22,24,33,252
2015,Odisha,BOLANGIR RTO - OR3( 25-DEC-2017 ),20,TRACTOR (COMMERCIAL),35,57,47,33,36,35,82,33,28,61,53,42,542
2015,Odisha,BOLANGIR RTO - OR3( 25-DEC-2017 ),21,TRACTOR-TROLLEY(COMMERCIAL),0,0,0,0,0,0,0,0,1,0,0,0,1
2015,Odisha,BOLANGIR RTO - OR3( 25-DEC-2017 ),22,TRAILER (COMMERCIAL),29,45,41,26,30,29,72,27,27,57,41,35,459
2015,Odisha,BOUDH RTO - OR27( 23-OCT-2017 ),1,AGRICULTURAL TRACTOR,0,0,0,0,0,0,1,0,0,0,1,0,2
2015,Odisha,BOUDH RTO - OR27( 23-OCT-2017 ),2,EDUCATIONAL INSTITUTION BUS,0,0,0,0,0,0,0,0,1,0,0,0,1
2015,Odisha,BOUDH RTO - OR27( 23-OCT-2017 ),3,GOODS CARRIER,9,6,5,5,1,2,6,7,8,2,3,3,57
2015,Odisha,BOUDH RTO - OR27( 23-OCT-2017 ),4,MAXI CAB,1,1,2,1,1,0,3,1,3,0,1,1,15
2015,Odisha,BOUDH RTO - OR27( 23-OCT-2017 ),5,M-CYCLE/SCOOTER,115,195,377,237,190,171,161,122,83,112,186,82,"2,031"
2015,Odisha,BOUDH RTO - OR27( 23-OCT-2017 ),6,MOPED,5,22,17,9,5,22,19,11,20,17,18,23,188
2015,Odisha,BOUDH RTO - OR27( 23-OCT-2017 ),7,MOTOR CAB,0,0,1,1,0,0,0,0,0,0,1,1,4
2015,Odisha,BOUDH RTO - OR27( 23-OCT-2017 ),8,MOTOR CAR,5,5,7,4,4,1,3,2,2,4,5,3,45
2015,Odisha,BOUDH RTO - OR27( 23-OCT-2017 ),9,OMNI BUS,0,0,0,0,0,0,0,0,0,1,0,0,1
2015,Odisha,BOUDH RTO - OR27( 23-OCT-2017 ),10,OMNI BUS (PRIVATE USE),0,0,0,1,1,0,0,0,0,0,0,0,2
2015,Odisha,BOUDH RTO - OR27( 23-OCT-2017 ),11,PRIVATE SERVICE VEHICLE (INDIVIDUAL USE),0,0,0,0,0,0,0,0,0,0,1,1,2
2015,Odisha,BOUDH RTO - OR27( 23-OCT-2017 ),12,THREE WHEELER (GOODS),0,1,2,1,0,1,3,0,0,2,2,2,14
2015,Odisha,BOUDH RTO - OR27( 23-OCT-2017 ),13,THREE WHEELER (PASSENGER),11,5,11,5,2,3,9,6,3,7,6,9,77
2015,Odisha,BOUDH RTO - OR27( 23-OCT-2017 ),14,TRACTOR (COMMERCIAL),3,2,6,7,3,7,17,7,6,1,3,3,65
2015,Odisha,BOUDH RTO - OR27( 23-OCT-2017 ),15,TRAILER (COMMERCIAL),3,2,7,7,3,7,18,7,6,2,3,3,68
2015,Odisha,CHANDIKHOLE RTO - OR4( 23-OCT-2017 ),1,AGRICULTURAL TRACTOR,0,1,0,0,1,1,1,2,0,2,1,0,9
2015,Odisha,CHANDIKHOLE RTO - OR4( 23-OCT-2017 ),2,AMBULANCE,0,0,0,0,0,0,0,0,1,1,0,0,2
2015,Odisha,CHANDIKHOLE RTO - OR4( 23-OCT-2017 ),3,ARTICULATED VEHICLE,0,0,1,0,0,0,0,0,0,0,0,0,1
2015,Odisha,CHANDIKHOLE RTO - OR4( 23-OCT-2017 ),4,BUS,2,1,3,0,0,1,0,0,0,2,4,0,13
2015,Odisha,CHANDIKHOLE RTO - OR4( 23-OCT-2017 ),5,CONSTRUCTION EQUIPMENT VEHICLE,1,0,2,0,0,2,0,0,0,0,1,1,7
2015,Odisha,CHANDIKHOLE RTO - OR4( 23-OCT-2017 ),6,CRANE MOUNTED VEHICLE,0,1,1,0,0,0,0,1,0,0,1,0,4
2015,Odisha,CHANDIKHOLE RTO - OR4( 23-OCT-2017 ),7,EARTH MOVING EQUIPMENT,0,0,0,1,0,0,0,0,0,0,0,0,1
2015,Odisha,CHANDIKHOLE RTO - OR4( 23-OCT-2017 ),8,EDUCATIONAL INSTITUTION BUS,0,0,3,1,2,1,1,0,0,0,0,1,9
2015,Odisha,CHANDIKHOLE RTO - OR4( 23-OCT-2017 ),9,GOODS CARRIER,99,71,97,105,105,59,55,77,89,97,101,57,"1,012"
2015,Odisha,CHANDIKHOLE RTO - OR4( 23-OCT-2017 ),10,MAXI CAB,30,16,13,17,14,13,17,13,22,14,10,5,184
2015,Odisha,CHANDIKHOLE RTO - OR4( 23-OCT-2017 ),11,M-CYCLE/SCOOTER,"1,502","2,333","1,884","1,862","2,145","1,752","1,543",973,655,633,"1,370",889,"17,541"
2015,Odisha,CHANDIKHOLE RTO - OR4( 23-OCT-2017 ),12,M-CYCLE/SCOOTER-WITH SIDE CAR,3,0,1,0,1,0,1,0,0,0,1,0,7
2015,Odisha,CHANDIKHOLE RTO - OR4( 23-OCT-2017 ),13,MOPED,96,207,154,146,109,98,74,54,41,41,76,108,"1,204"
2015,Odisha,CHANDIKHOLE RTO - OR4( 23-OCT-2017 ),14,MOTOR CAB,2,2,2,1,2,0,3,3,0,3,1,0,19
2015,Odisha,CHANDIKHOLE RTO - OR4( 23-OCT-2017 ),15,MOTOR CAR,39,86,44,42,72,45,45,54,61,55,49,55,647
2015,Odisha,CHANDIKHOLE RTO - OR4( 23-OCT-2017 ),16,OMNI BUS,2,2,1,0,1,0,1,2,2,1,5,1,18
2015,Odisha,CHANDIKHOLE RTO - OR4( 23-OCT-2017 ),17,OMNI BUS (PRIVATE USE),2,0,1,0,0,0,1,1,0,1,0,0,6
2015,Odisha,CHANDIKHOLE RTO - OR4( 23-OCT-2017 ),18,PRIVATE SERVICE VEHICLE,0,0,0,1,0,0,2,1,0,0,0,0,4
2015,Odisha,CHANDIKHOLE RTO - OR4( 23-OCT-2017 ),19,ROAD ROLLER,0,0,0,0,0,0,0,0,0,0,1,0,1
2015,Odisha,CHANDIKHOLE RTO - OR4( 23-OCT-2017 ),20,THREE WHEELER (GOODS),25,26,35,19,19,16,29,14,23,14,36,29,285
2015,Odisha,CHANDIKHOLE RTO - OR4( 23-OCT-2017 ),21,THREE WHEELER (PASSENGER),35,36,37,25,20,32,51,44,37,36,43,23,419
2015,Odisha,CHANDIKHOLE RTO - OR4( 23-OCT-2017 ),22,THREE WHEELER (PERSONAL),0,0,0,0,0,1,0,0,0,0,0,0,1
2015,Odisha,CHANDIKHOLE RTO - OR4( 23-OCT-2017 ),23,TRACTOR (COMMERCIAL),38,32,67,32,35,42,53,44,46,45,57,30,521
2015,Odisha,CHANDIKHOLE RTO - OR4( 23-OCT-2017 ),24,TRAILER (COMMERCIAL),38,33,66,31,34,42,53,45,45,46,57,30,520
2015,Odisha,CUTTACK RTO - OR5( 31-MAY-2017 ),1,AGRICULTURAL TRACTOR,2,2,4,1,6,5,1,6,27,5,4,9,72
2015,Odisha,CUTTACK RTO - OR5( 31-MAY-2017 ),2,AMBULANCE,1,4,5,4,2,3,3,2,1,0,2,0,27
2015,Odisha,CUTTACK RTO - OR5( 31-MAY-2017 ),3,ARTICULATED VEHICLE,0,0,0,0,0,0,0,0,0,0,0,1,1
2015,Odisha,CUTTACK RTO - OR5( 31-MAY-2017 ),4,BUS,5,8,6,6,4,3,10,9,4,3,12,5,75
2015,Odisha,CUTTACK RTO - OR5( 31-MAY-2017 ),5,CONSTRUCTION EQUIPMENT VEHICLE,1,0,4,0,2,7,1,2,2,3,7,1,30
2015,Odisha,CUTTACK RTO - OR5( 31-MAY-2017 ),6,EDUCATIONAL INSTITUTION BUS,1,0,1,0,1,1,3,0,6,0,0,0,13
2015,Odisha,CUTTACK RTO - OR5( 31-MAY-2017 ),7,EXCAVATOR (COMMERCIAL),0,0,0,0,1,0,0,0,0,0,0,0,1
2015,Odisha,CUTTACK RTO - OR5( 31-MAY-2017 ),8,GOODS CARRIER,116,111,138,154,114,119,121,114,159,206,159,150,"1,661"
2015,Odisha,CUTTACK RTO - OR5( 31-MAY-2017 ),9,MAXI CAB,37,36,38,33,25,21,19,25,44,39,55,69,441
2015,Odisha,CUTTACK RTO - OR5( 31-MAY-2017 ),10,M-CYCLE/SCOOTER,"2,141","2,216","1,966","2,000","2,172","2,568","2,002","1,859","1,867","2,315","3,816","2,462","27,384"
2015,Odisha,CUTTACK RTO - OR5( 31-MAY-2017 ),11,M-CYCLE/SCOOTER-WITH SIDE CAR,1,0,0,0,0,1,1,0,0,0,0,0,3
2015,Odisha,CUTTACK RTO - OR5( 31-MAY-2017 ),12,MOPED,"1,461","1,288","1,385","1,435","1,563","1,784","1,879","1,556","1,450","1,849","2,389","1,900","19,939"
2015,Odisha,CUTTACK RTO - OR5( 31-MAY-2017 ),13,MOTOR CAB,6,6,6,8,9,6,5,5,8,9,12,17,97
2015,Odisha,CUTTACK RTO - OR5( 31-MAY-2017 ),14,MOTOR CAR,374,327,276,292,252,270,258,257,324,379,482,380,"3,871"
2015,Odisha,CUTTACK RTO - OR5( 31-MAY-2017 ),15,MOTOR CYCLE/SCOOTER-USED FOR HIRE,0,0,0,1,0,1,1,2,1,1,0,0,7
2015,Odisha,CUTTACK RTO - OR5( 31-MAY-2017 ),16,OMNI BUS,1,2,3,1,1,1,3,3,2,2,2,0,21
2015,Odisha,CUTTACK RTO - OR5( 31-MAY-2017 ),17,OMNI BUS (PRIVATE USE),66,162,2,40,42,12,28,4,10,63,19,15,463
2015,Odisha,CUTTACK RTO - OR5( 31-MAY-2017 ),18,PRIVATE SERVICE VEHICLE,1,0,1,0,1,0,1,2,0,0,0,0,6
2015,Odisha,CUTTACK RTO - OR5( 31-MAY-2017 ),19,THREE WHEELER (GOODS),14,20,22,15,22,13,22,23,22,21,31,23,248
2015,Odisha,CUTTACK RTO - OR5( 31-MAY-2017 ),20,THREE WHEELER (PASSENGER),101,98,81,80,66,90,87,83,105,118,126,85,"1,120"
2015,Odisha,CUTTACK RTO - OR5( 31-MAY-2017 ),21,THREE WHEELER (PERSONAL),0,0,0,0,0,0,0,0,1,0,0,0,1
2015,Odisha,CUTTACK RTO - OR5( 31-MAY-2017 ),22,TRACTOR (COMMERCIAL),44,28,39,30,35,47,26,49,83,41,64,62,548
2015,Odisha,CUTTACK RTO - OR5( 31-MAY-2017 ),23,TRAILER (COMMERCIAL),44,28,40,30,37,47,26,48,85,42,64,65,556
2015,Odisha,DEOGARH RTO - OR28( 23-OCT-2017 ),1,BUS,0,0,4,1,2,0,0,0,0,1,1,0,9
2015,Odisha,DEOGARH RTO - OR28( 23-OCT-2017 ),2,EARTH MOVING EQUIPMENT,0,0,0,0,0,0,0,0,0,0,1,0,1
2015,Odisha,DEOGARH RTO - OR28( 23-OCT-2017 ),3,GOODS CARRIER,7,4,8,4,4,0,2,3,8,4,7,7,58
2015,Odisha,DEOGARH RTO - OR28( 23-OCT-2017 ),4,LUXURY CAB,0,0,0,0,0,0,0,0,1,0,0,0,1
2015,Odisha,DEOGARH RTO - OR28( 23-OCT-2017 ),5,MAXI CAB,3,3,0,1,0,2,3,2,0,0,3,2,19
2015,Odisha,DEOGARH RTO - OR28( 23-OCT-2017 ),6,M-CYCLE/SCOOTER,156,128,89,110,107,71,186,111,50,104,185,160,"1,457"
2015,Odisha,DEOGARH RTO - OR28( 23-OCT-2017 ),7,MOPED,7,11,8,7,9,6,13,19,4,5,14,16,119
2015,Odisha,DEOGARH RTO - OR28( 23-OCT-2017 ),8,MOTOR CAB,2,0,0,0,0,0,0,1,0,2,1,0,6
2015,Odisha,DEOGARH RTO - OR28( 23-OCT-2017 ),9,MOTOR CAR,6,9,6,5,2,4,2,8,3,8,11,18,82
2015,Odisha,DEOGARH RTO - OR28( 23-OCT-2017 ),10,OMNI BUS (PRIVATE USE),0,1,1,3,0,0,0,0,0,0,0,0,5
2015,Odisha,DEOGARH RTO - OR28( 23-OCT-2017 ),11,THREE WHEELER (GOODS),1,1,0,1,0,1,0,0,0,0,0,0,4
2015,Odisha,DEOGARH RTO - OR28( 23-OCT-2017 ),12,THREE WHEELER (PASSENGER),2,2,1,1,0,1,2,0,0,0,5,5,19
2015,Odisha,DEOGARH RTO - OR28( 23-OCT-2017 ),13,TRACTOR (COMMERCIAL),3,4,1,4,1,6,4,5,2,3,1,8,42
2015,Odisha,DEOGARH RTO - OR28( 23-OCT-2017 ),14,TRAILER (COMMERCIAL),3,4,1,2,1,6,4,5,1,3,1,7,38
2015,Odisha,DHENKANAL RTO - OR6( 07-NOV-2017 ),1,ADAPTED VEHICLE,0,0,0,0,0,0,0,1,0,0,0,0,1
2015,Odisha,DHENKANAL RTO - OR6( 07-NOV-2017 ),2,AGRICULTURAL TRACTOR,0,0,0,0,0,0,1,0,1,1,0,1,4
2015,Odisha,DHENKANAL RTO - OR6( 07-NOV-2017 ),3,AMBULANCE,0,0,0,0,0,0,1,0,0,0,0,0,1
2015,Odisha,DHENKANAL RTO - OR6( 07-NOV-2017 ),4,BUS,0,0,0,0,1,1,2,2,1,0,0,0,7
2015,Odisha,DHENKANAL RTO - OR6( 07-NOV-2017 ),5,CONSTRUCTION EQUIPMENT VEHICLE,1,0,0,0,0,0,0,0,0,2,0,0,3
2015,Odisha,DHENKANAL RTO - OR6( 07-NOV-2017 ),6,EDUCATIONAL INSTITUTION BUS,0,0,0,4,0,1,2,1,0,0,0,0,8
2015,Odisha,DHENKANAL RTO - OR6( 07-NOV-2017 ),7,GOODS CARRIER,32,12,23,15,14,11,13,16,11,26,20,27,220
2015,Odisha,DHENKANAL RTO - OR6( 07-NOV-2017 ),8,MAXI CAB,2,1,1,1,0,0,2,0,0,2,2,2,13
2015,Odisha,DHENKANAL RTO - OR6( 07-NOV-2017 ),9,M-CYCLE/SCOOTER,699,617,767,682,640,850,711,522,626,"1,155",893,619,"8,781"
2015,Odisha,DHENKANAL RTO - OR6( 07-NOV-2017 ),10,M-CYCLE/SCOOTER-WITH SIDE CAR,0,1,1,0,0,0,0,0,1,0,1,0,4
2015,Odisha,DHENKANAL RTO - OR6( 07-NOV-2017 ),11,MOPED,90,92,86,82,56,64,65,57,63,140,111,105,"1,011"
2015,Odisha,DHENKANAL RTO - OR6( 07-NOV-2017 ),12,MOTOR CAB,0,0,1,2,1,0,1,1,0,1,2,0,9
2015,Odisha,DHENKANAL RTO - OR6( 07-NOV-2017 ),13,MOTOR CAR,27,23,14,19,24,12,20,17,14,22,27,45,264
2015,Odisha,DHENKANAL RTO - OR6( 07-NOV-2017 ),14,OMNI BUS,2,2,2,4,0,3,3,1,1,3,3,1,25
2015,Odisha,DHENKANAL RTO - OR6( 07-NOV-2017 ),15,OMNI BUS (PRIVATE USE),0,0,0,0,0,0,1,0,0,1,0,0,2
2015,Odisha,DHENKANAL RTO - OR6( 07-NOV-2017 ),16,THREE WHEELER (GOODS),7,5,4,2,5,4,2,1,9,3,3,9,54
2015,Odisha,DHENKANAL RTO - OR6( 07-NOV-2017 ),17,THREE WHEELER (PASSENGER),7,15,16,5,9,11,21,25,15,22,14,15,175
2015,Odisha,DHENKANAL RTO - OR6( 07-NOV-2017 ),18,TRACTOR (COMMERCIAL),5,15,10,14,24,15,16,20,12,17,31,23,202
2015,Odisha,DHENKANAL RTO - OR6( 07-NOV-2017 ),19,TRACTOR-TROLLEY(COMMERCIAL),1,2,1,5,5,3,1,1,1,6,1,1,28
2015,Odisha,DHENKANAL RTO - OR6( 07-NOV-2017 ),20,TRAILER (COMMERCIAL),4,13,8,9,19,12,14,18,9,11,23,18,158
2015,Odisha,GAJAPATI RTO - OR20( 07-NOV-2017 ),1,AGRICULTURAL TRACTOR,0,0,0,0,0,2,2,1,0,0,0,2,7
2015,Odisha,GAJAPATI RTO - OR20( 07-NOV-2017 ),2,BUS,0,0,1,0,0,0,1,0,0,0,0,1,3
2015,Odisha,GAJAPATI RTO - OR20( 07-NOV-2017 ),3,EDUCATIONAL INSTITUTION BUS,0,0,0,0,0,0,0,0,1,0,0,0,1
2015,Odisha,GAJAPATI RTO - OR20( 07-NOV-2017 ),4,GOODS CARRIER,2,5,2,3,0,4,5,4,2,1,5,6,39
2015,Odisha,GAJAPATI RTO - OR20( 07-NOV-2017 ),5,MAXI CAB,0,1,1,1,1,1,1,0,0,0,1,0,7
2015,Odisha,GAJAPATI RTO - OR20( 07-NOV-2017 ),6,M-CYCLE/SCOOTER,88,127,87,281,171,87,76,80,154,88,147,195,"1,581"
2015,Odisha,GAJAPATI RTO - OR20( 07-NOV-2017 ),7,MOPED,18,19,17,39,16,29,17,14,9,20,27,15,240
2015,Odisha,GAJAPATI RTO - OR20( 07-NOV-2017 ),8,MOTOR CAB,1,0,0,1,0,0,0,1,0,1,2,0,6
2015,Odisha,GAJAPATI RTO - OR20( 07-NOV-2017 ),9,MOTOR CAR,6,7,5,10,7,4,6,2,2,4,5,11,69
2015,Odisha,GAJAPATI RTO - OR20( 07-NOV-2017 ),10,OMNI BUS,1,1,1,1,0,1,4,0,1,0,3,3,16
2015,Odisha,GAJAPATI RTO - OR20( 07-NOV-2017 ),11,OMNI BUS (PRIVATE USE),1,0,0,1,1,0,2,1,0,0,0,0,6
2015,Odisha,GAJAPATI RTO - OR20( 07-NOV-2017 ),12,PRIVATE SERVICE VEHICLE (INDIVIDUAL USE),0,2,0,0,0,0,0,0,1,0,1,0,4
2015,Odisha,GAJAPATI RTO - OR20( 07-NOV-2017 ),13,THREE WHEELER (GOODS),0,0,0,0,0,0,0,0,0,0,0,1,1
2015,Odisha,GAJAPATI RTO - OR20( 07-NOV-2017 ),14,THREE WHEELER (PASSENGER),0,1,0,0,0,0,0,0,0,1,2,0,4
2015,Odisha,GAJAPATI RTO - OR20( 07-NOV-2017 ),15,TRACTOR (COMMERCIAL),4,10,8,7,3,10,6,9,11,9,13,28,118
2015,Odisha,GAJAPATI RTO - OR20( 07-NOV-2017 ),16,TRAILER (COMMERCIAL),5,10,8,8,3,10,2,9,11,9,13,29,117
2015,Odisha,GANJAM RTO - OR7( 04-DEC-2017 ),1,ADAPTED VEHICLE,1,0,3,1,2,0,0,1,1,1,1,0,11
2015,Odisha,GANJAM RTO - OR7( 04-DEC-2017 ),2,AGRICULTURAL TRACTOR,1,0,0,0,0,0,0,0,0,0,0,0,1
2015,Odisha,GANJAM RTO - OR7( 04-DEC-2017 ),3,AMBULANCE,1,0,0,1,1,0,0,1,0,0,0,0,4
2015,Odisha,GANJAM RTO - OR7( 04-DEC-2017 ),4,BUS,7,1,2,6,4,4,4,2,4,7,3,7,51
2015,Odisha,GANJAM RTO - OR7( 04-DEC-2017 ),5,CASH VAN,0,0,0,0,0,0,0,0,0,1,0,0,1
2015,Odisha,GANJAM RTO - OR7( 04-DEC-2017 ),6,CRANE MOUNTED VEHICLE,0,0,0,0,0,0,1,0,0,0,0,0,1
2015,Odisha,GANJAM RTO - OR7( 04-DEC-2017 ),7,DUMPER,0,0,0,0,0,0,0,0,0,2,2,0,4
2015,Odisha,GANJAM RTO - OR7( 04-DEC-2017 ),8,EDUCATIONAL INSTITUTION BUS,0,3,2,2,0,0,5,5,2,1,0,1,21
2015,Odisha,GANJAM RTO - OR7( 04-DEC-2017 ),9,GOODS CARRIER,69,68,81,75,89,79,90,65,65,83,74,86,924
2015,Odisha,GANJAM RTO - OR7( 04-DEC-2017 ),10,MAXI CAB,10,5,11,4,5,5,4,9,3,5,5,5,71
2015,Odisha,GANJAM RTO - OR7( 04-DEC-2017 ),11,M-CYCLE/SCOOTER,"2,046","2,030","2,142","2,122","2,511","2,595","3,011","1,748","1,523","1,719","2,661","2,918","27,026"
2015,Odisha,GANJAM RTO - OR7( 04-DEC-2017 ),12,MOPED,308,342,256,368,315,358,452,261,271,330,530,550,"4,341"
2015,Odisha,GANJAM RTO - OR7( 04-DEC-2017 ),13,MOTOR CAB,5,0,2,2,1,3,3,3,6,8,6,6,45
2015,Odisha,GANJAM RTO - OR7( 04-DEC-2017 ),14,MOTOR CAR,128,109,94,85,92,100,95,95,96,100,136,114,"1,244"
2015,Odisha,GANJAM RTO - OR7( 04-DEC-2017 ),15,MOTOR CYCLE/SCOOTER-USED FOR HIRE,0,0,0,0,0,0,0,0,0,0,0,1,1
2015,Odisha,GANJAM RTO - OR7( 04-DEC-2017 ),16,MOTORISED CYCLE (CC > 25CC),0,0,0,0,0,0,0,0,1,0,0,1,2
2015,Odisha,GANJAM RTO - OR7( 04-DEC-2017 ),17,OMNI BUS,8,14,9,8,8,12,8,7,5,7,7,8,101
2015,Odisha,GANJAM RTO - OR7( 04-DEC-2017 ),18,OMNI BUS (PRIVATE USE),11,13,7,11,13,14,7,6,3,4,5,10,104
2015,Odisha,GANJAM RTO - OR7( 04-DEC-2017 ),19,PRIVATE SERVICE VEHICLE (INDIVIDUAL USE),1,1,1,0,0,0,0,2,0,0,0,0,5
2015,Odisha,GANJAM RTO - OR7( 04-DEC-2017 ),20,THREE WHEELER (GOODS),35,29,33,30,31,31,38,43,31,30,39,36,406
2015,Odisha,GANJAM RTO - OR7( 04-DEC-2017 ),21,THREE WHEELER (PASSENGER),78,99,89,65,86,80,118,75,89,99,82,82,"1,042"
2015,Odisha,GANJAM RTO - OR7( 04-DEC-2017 ),22,TRACTOR (COMMERCIAL),92,72,82,59,69,101,73,66,53,77,66,79,889
2015,Odisha,GANJAM RTO - OR7( 04-DEC-2017 ),23,TRAILER (COMMERCIAL),77,59,76,49,56,85,56,53,46,71,57,66,751
2015,Odisha,JAGATSINGHPUR RTO - OR21( 04-DEC-2017 ),1,AGRICULTURAL TRACTOR,0,0,1,0,0,0,1,0,0,2,4,4,12
2015,Odisha,JAGATSINGHPUR RTO - OR21( 04-DEC-2017 ),2,AMBULANCE,0,0,0,1,0,0,0,0,0,0,0,0,1
2015,Odisha,JAGATSINGHPUR RTO - OR21( 04-DEC-2017 ),3,BUS,0,0,0,0,0,0,0,1,0,0,1,0,2
2015,Odisha,JAGATSINGHPUR RTO - OR21( 04-DEC-2017 ),4,CONSTRUCTION EQUIPMENT VEHICLE,0,0,2,1,0,2,0,0,1,0,0,0,6
2015,Odisha,JAGATSINGHPUR RTO - OR21( 04-DEC-2017 ),5,CRANE MOUNTED VEHICLE,0,1,0,0,0,0,0,0,0,0,0,0,1
2015,Odisha,JAGATSINGHPUR RTO - OR21( 04-DEC-2017 ),6,GOODS CARRIER,17,12,13,14,13,15,19,17,18,26,15,18,197
2015,Odisha,JAGATSINGHPUR RTO - OR21( 04-DEC-2017 ),7,MAXI CAB,7,3,7,1,5,5,4,2,5,4,7,11,61
2015,Odisha,JAGATSINGHPUR RTO - OR21( 04-DEC-2017 ),8,M-CYCLE/SCOOTER,837,567,783,683,886,"1,107",967,670,764,764,"1,387",861,"10,276"
2015,Odisha,JAGATSINGHPUR RTO - OR21( 04-DEC-2017 ),9,M-CYCLE/SCOOTER-WITH SIDE CAR,0,0,0,0,0,2,0,0,1,1,0,0,4
2015,Odisha,JAGATSINGHPUR RTO - OR21( 04-DEC-2017 ),10,MOPED,101,95,98,79,95,111,140,88,91,93,194,172,"1,357"
2015,Odisha,JAGATSINGHPUR RTO - OR21( 04-DEC-2017 ),11,MOTOR CAB,1,0,1,0,0,1,1,0,1,1,1,0,7
2015,Odisha,JAGATSINGHPUR RTO - OR21( 04-DEC-2017 ),12,MOTOR CAR,19,12,10,7,14,13,14,4,6,13,13,14,139
2015,Odisha,JAGATSINGHPUR RTO - OR21( 04-DEC-2017 ),13,OMNI BUS,0,0,0,1,0,0,0,0,0,0,0,0,1
2015,Odisha,JAGATSINGHPUR RTO - OR21( 04-DEC-2017 ),14,THREE WHEELER (GOODS),22,14,7,8,12,4,8,14,8,14,21,18,150
2015,Odisha,JAGATSINGHPUR RTO - OR21( 04-DEC-2017 ),15,THREE WHEELER (PASSENGER),23,28,33,16,14,16,20,22,19,21,30,16,258
2015,Odisha,JAGATSINGHPUR RTO - OR21( 04-DEC-2017 ),16,TRACTOR (COMMERCIAL),11,20,33,15,17,19,26,16,29,28,23,32,269
2015,Odisha,JAGATSINGHPUR RTO - OR21( 04-DEC-2017 ),17,TRAILER (COMMERCIAL),12,20,33,16,17,19,25,15,29,28,22,31,267
2015,Odisha,JAJPUR RTO - OR34( 23-OCT-2017 ),1,AMBULANCE,2,0,0,0,0,0,0,0,0,0,0,1,3
2015,Odisha,JAJPUR RTO - OR34( 23-OCT-2017 ),2,CRANE MOUNTED VEHICLE,0,0,0,0,0,0,0,0,2,0,0,0,2
2015,Odisha,JAJPUR RTO - OR34( 23-OCT-2017 ),3,EDUCATIONAL INSTITUTION BUS,0,0,0,0,0,0,1,0,0,0,0,0,1
2015,Odisha,JAJPUR RTO - OR34( 23-OCT-2017 ),4,EXCAVATOR (COMMERCIAL),0,0,0,1,0,0,0,0,0,0,0,0,1
2015,Odisha,JAJPUR RTO - OR34( 23-OCT-2017 ),5,GOODS CARRIER,4,0,4,4,6,9,9,6,10,9,40,12,113
2015,Odisha,JAJPUR RTO - OR34( 23-OCT-2017 ),6,MAXI CAB,1,0,2,0,0,0,1,1,0,0,8,9,22
2015,Odisha,JAJPUR RTO - OR34( 23-OCT-2017 ),7,M-CYCLE/SCOOTER,18,12,16,14,204,366,"1,030",820,353,527,"1,019","2,042","6,421"
2015,Odisha,JAJPUR RTO - OR34( 23-OCT-2017 ),8,M-CYCLE/SCOOTER-WITH SIDE CAR,0,1,0,0,0,0,0,0,0,0,0,0,1
2015,Odisha,JAJPUR RTO - OR34( 23-OCT-2017 ),9,MOPED,1,1,0,1,9,104,136,87,43,62,167,189,800
2015,Odisha,JAJPUR RTO - OR34( 23-OCT-2017 ),10,MOTOR CAB,0,0,0,1,0,0,0,0,1,0,3,1,6
2015,Odisha,JAJPUR RTO - OR34( 23-OCT-2017 ),11,MOTOR CAR,7,4,4,4,7,11,11,5,8,9,23,35,128
2015,Odisha,JAJPUR RTO - OR34( 23-OCT-2017 ),12,OMNI BUS,1,0,0,0,0,0,2,3,3,2,1,0,12
2015,Odisha,JAJPUR RTO - OR34( 23-OCT-2017 ),13,OMNI BUS (PRIVATE USE),0,0,0,1,0,1,1,0,1,1,4,2,11
2015,Odisha,JAJPUR RTO - OR34( 23-OCT-2017 ),14,THREE WHEELER (GOODS),0,0,0,0,0,2,1,1,5,2,14,6,31
2015,Odisha,JAJPUR RTO - OR34( 23-OCT-2017 ),15,THREE WHEELER (PASSENGER),0,2,0,0,0,2,4,1,4,1,22,19,55
2015,Odisha,JAJPUR RTO - OR34( 23-OCT-2017 ),16,TRACTOR (COMMERCIAL),0,1,2,1,0,1,3,5,6,6,11,11,47
2015,Odisha,JAJPUR RTO - OR34( 23-OCT-2017 ),17,TRAILER (COMMERCIAL),0,1,1,1,0,1,3,5,8,6,11,11,48
2015,Odisha,JHARSUGUDA RTO - OR23( 07-NOV-2017 ),1,AGRICULTURAL TRACTOR,0,0,0,0,1,0,0,0,0,0,0,0,1
2015,Odisha,JHARSUGUDA RTO - OR23( 07-NOV-2017 ),2,AMBULANCE,1,1,0,1,0,1,0,0,0,1,0,1,6
2015,Odisha,JHARSUGUDA RTO - OR23( 07-NOV-2017 ),3,BUS,0,2,0,0,0,1,3,1,3,0,0,0,10
2015,Odisha,JHARSUGUDA RTO - OR23( 07-NOV-2017 ),4,CONSTRUCTION EQUIPMENT VEHICLE,11,2,6,2,2,0,1,0,2,0,4,1,31
2015,Odisha,JHARSUGUDA RTO - OR23( 07-NOV-2017 ),5,CRANE MOUNTED VEHICLE,0,0,4,0,0,1,2,1,2,1,1,1,13
2015,Odisha,JHARSUGUDA RTO - OR23( 07-NOV-2017 ),6,EDUCATIONAL INSTITUTION BUS,0,2,0,4,3,0,1,0,2,1,0,1,14
2015,Odisha,JHARSUGUDA RTO - OR23( 07-NOV-2017 ),7,EXCAVATOR (COMMERCIAL),0,0,1,0,0,0,0,0,0,0,0,0,1
2015,Odisha,JHARSUGUDA RTO - OR23( 07-NOV-2017 ),8,EXCAVATOR (NT),0,0,0,0,0,1,0,0,0,0,0,0,1
2015,Odisha,JHARSUGUDA RTO - OR23( 07-NOV-2017 ),9,FORK LIFT,2,2,0,2,0,0,0,0,0,0,0,0,6
2015,Odisha,JHARSUGUDA RTO - OR23( 07-NOV-2017 ),10,GOODS CARRIER,55,48,65,60,55,28,30,42,94,115,70,76,738
2015,Odisha,JHARSUGUDA RTO - OR23( 07-NOV-2017 ),11,MAXI CAB,6,12,11,8,5,8,13,10,8,6,12,14,113
2015,Odisha,JHARSUGUDA RTO - OR23( 07-NOV-2017 ),12,M-CYCLE/SCOOTER,630,786,641,813,572,"1,098",606,476,975,923,"1,167",875,"9,562"
2015,Odisha,JHARSUGUDA RTO - OR23( 07-NOV-2017 ),13,M-CYCLE/SCOOTER-WITH SIDE CAR,0,0,3,2,0,1,0,0,0,0,0,0,6
2015,Odisha,JHARSUGUDA RTO - OR23( 07-NOV-2017 ),14,MOPED,55,97,32,61,25,89,41,45,71,64,103,84,767
2015,Odisha,JHARSUGUDA RTO - OR23( 07-NOV-2017 ),15,MOTOR CAB,0,0,1,1,0,1,1,0,0,1,3,0,8
2015,Odisha,JHARSUGUDA RTO - OR23( 07-NOV-2017 ),16,MOTOR CAR,58,55,50,54,41,62,45,36,47,52,73,106,679
2015,Odisha,JHARSUGUDA RTO - OR23( 07-NOV-2017 ),17,OMNI BUS,1,0,0,0,0,1,0,3,3,3,1,4,16
2015,Odisha,JHARSUGUDA RTO - OR23( 07-NOV-2017 ),18,OMNI BUS (PRIVATE USE),8,2,3,3,3,0,4,3,3,1,5,6,41
2015,Odisha,JHARSUGUDA RTO - OR23( 07-NOV-2017 ),19,PRIVATE SERVICE VEHICLE,0,1,1,1,0,0,1,0,0,0,0,0,4
2015,Odisha,JHARSUGUDA RTO - OR23( 07-NOV-2017 ),20,PRIVATE SERVICE VEHICLE (INDIVIDUAL USE),0,0,0,0,0,1,0,0,0,0,0,0,1
2015,Odisha,JHARSUGUDA RTO - OR23( 07-NOV-2017 ),21,ROAD ROLLER,1,0,0,0,0,0,0,0,0,0,0,0,1
2015,Odisha,JHARSUGUDA RTO - OR23( 07-NOV-2017 ),22,THREE WHEELER (GOODS),4,2,9,2,6,1,5,3,2,7,4,6,51
2015,Odisha,JHARSUGUDA RTO - OR23( 07-NOV-2017 ),23,THREE WHEELER (PASSENGER),5,2,4,6,5,9,12,14,7,14,15,13,106
2015,Odisha,JHARSUGUDA RTO - OR23( 07-NOV-2017 ),24,TRACTOR (COMMERCIAL),10,5,10,9,10,5,6,9,21,5,4,6,100
2015,Odisha,JHARSUGUDA RTO - OR23( 07-NOV-2017 ),25,TRACTOR-TROLLEY(COMMERCIAL),4,2,6,4,6,4,1,3,8,2,2,2,44
2015,Odisha,KALAHANDI RTO - OR8( 23-OCT-2017 ),1,AGRICULTURAL TRACTOR,0,0,0,0,1,0,0,0,0,0,1,0,2
2015,Odisha,KALAHANDI RTO - OR8( 23-OCT-2017 ),2,AMBULANCE,0,0,0,0,0,0,1,0,1,0,0,0,2
2015,Odisha,KALAHANDI RTO - OR8( 23-OCT-2017 ),3,ARTICULATED VEHICLE,0,0,0,0,0,0,0,0,0,0,0,1,1
2015,Odisha,KALAHANDI RTO - OR8( 23-OCT-2017 ),4,BUS,0,0,0,1,0,2,0,1,0,1,0,0,5
2015,Odisha,KALAHANDI RTO - OR8( 23-OCT-2017 ),5,CONSTRUCTION EQUIPMENT VEHICLE,1,2,0,3,1,1,2,1,1,1,0,2,15
2015,Odisha,KALAHANDI RTO - OR8( 23-OCT-2017 ),6,CRANE MOUNTED VEHICLE,0,0,0,0,0,0,0,6,0,0,1,0,7
2015,Odisha,KALAHANDI RTO - OR8( 23-OCT-2017 ),7,EDUCATIONAL INSTITUTION BUS,0,0,0,0,0,0,2,1,0,1,0,0,4
2015,Odisha,KALAHANDI RTO - OR8( 23-OCT-2017 ),8,GOODS CARRIER,28,45,29,32,38,23,37,20,25,29,41,35,382
2015,Odisha,KALAHANDI RTO - OR8( 23-OCT-2017 ),9,LUXURY CAB,0,0,0,0,0,0,0,0,0,0,0,1,1
2015,Odisha,KALAHANDI RTO - OR8( 23-OCT-2017 ),10,MAXI CAB,2,1,0,3,0,1,0,1,3,0,2,0,13
2015,Odisha,KALAHANDI RTO - OR8( 23-OCT-2017 ),11,M-CYCLE/SCOOTER,729,"1,450","1,399","1,430","1,295",872,947,608,512,536,657,766,"11,201"
2015,Odisha,KALAHANDI RTO - OR8( 23-OCT-2017 ),12,M-CYCLE/SCOOTER-WITH SIDE CAR,0,0,1,0,0,0,0,0,0,0,0,0,1
2015,Odisha,KALAHANDI RTO - OR8( 23-OCT-2017 ),13,MOPED,108,104,60,141,60,103,121,74,50,87,61,102,"1,071"
2015,Odisha,KALAHANDI RTO - OR8( 23-OCT-2017 ),14,MOTOR CAB,4,2,2,2,2,1,0,0,1,1,1,4,20
2015,Odisha,KALAHANDI RTO - OR8( 23-OCT-2017 ),15,MOTOR CAR,43,42,50,33,38,30,46,23,28,38,39,44,454
2015,Odisha,KALAHANDI RTO - OR8( 23-OCT-2017 ),16,OMNI BUS,22,14,11,11,10,7,9,12,5,5,16,9,131
2015,Odisha,KALAHANDI RTO - OR8( 23-OCT-2017 ),17,OMNI BUS (PRIVATE USE),13,16,8,2,8,5,5,3,6,3,5,9,83
2015,Odisha,KALAHANDI RTO - OR8( 23-OCT-2017 ),18,THREE WHEELER (GOODS),0,6,1,1,1,2,1,3,0,0,1,2,18
2015,Odisha,KALAHANDI RTO - OR8( 23-OCT-2017 ),19,THREE WHEELER (PASSENGER),18,9,16,17,22,11,16,11,1,0,31,29,181
2015,Odisha,KALAHANDI RTO - OR8( 23-OCT-2017 ),20,TRACTOR (COMMERCIAL),35,44,27,47,45,32,64,49,36,44,23,34,480
2015,Odisha,KALAHANDI RTO - OR8( 23-OCT-2017 ),21,TRACTOR-TROLLEY(COMMERCIAL),0,0,0,0,0,0,1,1,0,0,0,0,2
2015,Odisha,KALAHANDI RTO - OR8( 23-OCT-2017 ),22,TRAILER (COMMERCIAL),34,35,24,43,42,27,58,34,24,39,20,31,411
2015,Odisha,KALAHANDI RTO - OR8( 23-OCT-2017 ),23,VEHICLE FITTED WITH COMPRESSOR,0,0,0,0,1,0,0,0,0,0,0,0,1
2015,Odisha,KALAHANDI RTO - OR8( 23-OCT-2017 ),24,VEHICLE FITTED WITH RIG,0,0,0,0,0,0,0,0,0,0,1,0,1
2015,Odisha,KENDRAPARA RTO - OR29( 23-OCT-2017 ),1,AGRICULTURAL TRACTOR,0,0,0,1,0,0,0,0,0,0,0,0,1
2015,Odisha,KENDRAPARA RTO - OR29( 23-OCT-2017 ),2,AMBULANCE,0,0,1,0,0,0,0,0,0,0,0,0,1
2015,Odisha,KENDRAPARA RTO - OR29( 23-OCT-2017 ),3,BUS,0,0,0,0,1,0,1,0,1,1,1,0,5
2015,Odisha,KENDRAPARA RTO - OR29( 23-OCT-2017 ),4,CONSTRUCTION EQUIPMENT VEHICLE,1,0,1,0,0,0,1,0,0,0,0,0,3
2015,Odisha,KENDRAPARA RTO - OR29( 23-OCT-2017 ),5,EDUCATIONAL INSTITUTION BUS,0,0,0,0,0,1,0,0,0,0,0,0,1
2015,Odisha,KENDRAPARA RTO - OR29( 23-OCT-2017 ),6,GOODS CARRIER,16,22,23,17,16,14,18,19,29,15,30,15,234
2015,Odisha,KENDRAPARA RTO - OR29( 23-OCT-2017 ),7,MAXI CAB,7,7,3,4,1,6,4,2,5,4,4,4,51
2015,Odisha,KENDRAPARA RTO - OR29( 23-OCT-2017 ),8,M-CYCLE/SCOOTER,531,565,648,576,843,780,773,453,432,600,"1,060",669,"7,930"
2015,Odisha,KENDRAPARA RTO - OR29( 23-OCT-2017 ),9,M-CYCLE/SCOOTER-WITH SIDE CAR,0,0,0,0,0,0,0,0,0,0,1,0,1
2015,Odisha,KENDRAPARA RTO - OR29( 23-OCT-2017 ),10,MOPED,2,2,85,23,20,66,55,59,36,31,18,29,426
2015,Odisha,KENDRAPARA RTO - OR29( 23-OCT-2017 ),11,MOTOR CAB,0,0,0,0,0,0,3,0,0,1,0,1,5
2015,Odisha,KENDRAPARA RTO - OR29( 23-OCT-2017 ),12,MOTOR CAR,6,5,9,4,6,12,9,8,5,6,11,6,87
2015,Odisha,KENDRAPARA RTO - OR29( 23-OCT-2017 ),13,OMNI BUS,0,0,0,0,0,0,0,2,1,0,0,0,3
2015,Odisha,KENDRAPARA RTO - OR29( 23-OCT-2017 ),14,OMNI BUS (PRIVATE USE),0,0,0,1,0,0,0,0,1,1,0,0,3
2015,Odisha,KENDRAPARA RTO - OR29( 23-OCT-2017 ),15,THREE WHEELER (GOODS),13,15,14,14,11,17,26,11,8,20,13,10,172
2015,Odisha,KENDRAPARA RTO - OR29( 23-OCT-2017 ),16,THREE WHEELER (PASSENGER),21,22,37,19,24,33,30,20,25,29,36,22,318
2015,Odisha,KENDRAPARA RTO - OR29( 23-OCT-2017 ),17,TRACTOR (COMMERCIAL),14,31,24,11,9,14,19,21,35,25,30,22,255
2015,Odisha,KENDRAPARA RTO - OR29( 23-OCT-2017 ),18,TRAILER (COMMERCIAL),12,31,25,11,9,14,19,22,35,25,32,22,257
2015,Odisha,KEONJHAR RTO - OR9( 04-DEC-2017 ),1,AGRICULTURAL TRACTOR,0,0,0,0,0,0,0,0,1,0,0,0,1
2015,Odisha,KEONJHAR RTO - OR9( 04-DEC-2017 ),2,AMBULANCE,0,0,0,2,0,0,0,0,0,0,0,0,2
2015,Odisha,KEONJHAR RTO - OR9( 04-DEC-2017 ),3,ARTICULATED VEHICLE,0,0,0,0,0,0,0,0,0,0,0,1,1
2015,Odisha,KEONJHAR RTO - OR9( 04-DEC-2017 ),4,BUS,1,2,3,2,1,4,0,2,3,7,3,5,33
2015,Odisha,KEONJHAR RTO - OR9( 04-DEC-2017 ),5,EDUCATIONAL INSTITUTION BUS,1,1,1,0,1,1,1,0,1,1,0,0,8
2015,Odisha,KEONJHAR RTO - OR9( 04-DEC-2017 ),6,EXCAVATOR (COMMERCIAL),0,0,0,0,0,1,0,0,0,0,0,0,1
2015,Odisha,KEONJHAR RTO - OR9( 04-DEC-2017 ),7,GOODS CARRIER,52,38,36,45,55,52,50,42,26,59,33,33,521
2015,Odisha,KEONJHAR RTO - OR9( 04-DEC-2017 ),8,MAXI CAB,4,4,3,0,2,4,2,6,7,2,3,4,41
2015,Odisha,KEONJHAR RTO - OR9( 04-DEC-2017 ),9,M-CYCLE/SCOOTER,656,517,626,761,"1,016",836,964,589,477,585,"1,104",753,"8,884"
2015,Odisha,KEONJHAR RTO - OR9( 04-DEC-2017 ),10,MOPED,52,35,47,85,38,54,86,49,46,67,113,54,726
2015,Odisha,KEONJHAR RTO - OR9( 04-DEC-2017 ),11,MOTOR CAB,0,0,0,1,1,3,0,0,0,1,1,1,8
2015,Odisha,KEONJHAR RTO - OR9( 04-DEC-2017 ),12,MOTOR CAR,47,25,22,22,33,28,29,24,23,33,30,30,346
2015,Odisha,KEONJHAR RTO - OR9( 04-DEC-2017 ),13,OMNI BUS,8,3,5,1,3,7,5,4,3,7,10,6,62
2015,Odisha,KEONJHAR RTO - OR9( 04-DEC-2017 ),14,OMNI BUS (PRIVATE USE),0,0,1,2,2,2,2,2,4,4,2,1,22
2015,Odisha,KEONJHAR RTO - OR9( 04-DEC-2017 ),15,PRIVATE SERVICE VEHICLE,0,0,0,1,0,0,0,0,0,0,0,0,1
2015,Odisha,KEONJHAR RTO - OR9( 04-DEC-2017 ),16,THREE WHEELER (GOODS),7,10,7,5,12,7,12,8,7,14,11,9,109
2015,Odisha,KEONJHAR RTO - OR9( 04-DEC-2017 ),17,THREE WHEELER (PASSENGER),60,39,35,43,45,58,54,61,37,70,103,60,665
2015,Odisha,KEONJHAR RTO - OR9( 04-DEC-2017 ),18,TRACTOR (COMMERCIAL),30,23,33,26,29,32,20,25,22,43,29,33,345
2015,Odisha,KEONJHAR RTO - OR9( 04-DEC-2017 ),19,TRAILER (COMMERCIAL),30,23,33,26,28,31,18,25,22,43,28,33,340
2015,Odisha,KHORDHA ARTO - OR201( 20-JAN-2018 ),1,ADAPTED VEHICLE,0,0,0,0,0,0,0,1,0,0,0,0,1
2015,Odisha,KHORDHA ARTO - OR201( 20-JAN-2018 ),2,AGRICULTURAL TRACTOR,7,5,10,0,1,13,3,4,0,1,1,1,46
2015,Odisha,KHORDHA ARTO - OR201( 20-JAN-2018 ),3,AMBULANCE,0,0,0,0,0,0,1,0,0,0,0,0,1
2015,Odisha,KHORDHA ARTO - OR201( 20-JAN-2018 ),4,BUS,1,1,0,0,0,0,0,0,0,1,4,1,8
2015,Odisha,KHORDHA ARTO - OR201( 20-JAN-2018 ),5,CONSTRUCTION EQUIPMENT VEHICLE,0,0,0,0,0,1,0,0,2,0,0,0,3
2015,Odisha,KHORDHA ARTO - OR201( 20-JAN-2018 ),6,CRANE MOUNTED VEHICLE,0,0,0,0,0,0,0,0,0,0,1,0,1
2015,Odisha,KHORDHA ARTO - OR201( 20-JAN-2018 ),7,EDUCATIONAL INSTITUTION BUS,0,0,0,0,0,0,0,1,0,0,0,0,1
2015,Odisha,KHORDHA ARTO - OR201( 20-JAN-2018 ),8,GOODS CARRIER,29,30,24,44,31,31,27,49,28,30,33,38,394
2015,Odisha,KHORDHA ARTO - OR201( 20-JAN-2018 ),9,HARVESTER,3,0,0,0,0,0,0,0,0,0,0,0,3
2015,Odisha,KHORDHA ARTO - OR201( 20-JAN-2018 ),10,MAXI CAB,3,0,1,2,2,2,3,0,2,0,2,2,19
2015,Odisha,KHORDHA ARTO - OR201( 20-JAN-2018 ),11,M-CYCLE/SCOOTER,410,283,451,362,455,433,542,435,283,309,498,726,"5,187"
2015,Odisha,KHORDHA ARTO - OR201( 20-JAN-2018 ),12,M-CYCLE/SCOOTER-WITH SIDE CAR,0,0,0,0,0,0,0,0,0,0,0,1,1
2015,Odisha,KHORDHA ARTO - OR201( 20-JAN-2018 ),13,MOPED,72,45,56,59,40,72,76,64,65,17,85,90,741
2015,Odisha,KHORDHA ARTO - OR201( 20-JAN-2018 ),14,MOTOR CAB,3,0,1,1,0,1,1,0,0,1,1,1,10
2015,Odisha,KHORDHA ARTO - OR201( 20-JAN-2018 ),15,MOTOR CAR,22,20,20,14,14,18,21,16,17,11,20,20,213
2015,Odisha,KHORDHA ARTO - OR201( 20-JAN-2018 ),16,OMNI BUS,1,2,1,2,1,0,1,0,0,1,2,1,12
2015,Odisha,KHORDHA ARTO - OR201( 20-JAN-2018 ),17,OMNI BUS (PRIVATE USE),0,0,1,1,1,2,1,0,1,0,1,1,9
2015,Odisha,KHORDHA ARTO - OR201( 20-JAN-2018 ),18,THREE WHEELER (GOODS),11,10,12,9,14,6,8,13,5,6,16,12,122
2015,Odisha,KHORDHA ARTO - OR201( 20-JAN-2018 ),19,THREE WHEELER (PASSENGER),31,46,39,36,25,30,56,51,25,20,60,44,463
2015,Odisha,KHORDHA ARTO - OR201( 20-JAN-2018 ),20,TRACTOR (COMMERCIAL),5,8,22,17,11,28,3,10,3,3,6,8,124
2015,Odisha,KHORDHA ARTO - OR201( 20-JAN-2018 ),21,TRAILER (COMMERCIAL),5,7,22,17,10,26,3,10,3,3,6,8,120
2015,Odisha,KHORDHA ARTO - OR201( 20-JAN-2018 ),22,VEHICLE FITTED WITH RIG,0,0,0,0,0,0,0,1,0,0,0,0,1
2015,Odisha,KORAPUT RTO - OR10( 25-DEC-2017 ),1,ADAPTED VEHICLE,0,0,0,0,0,0,0,0,0,1,0,0,1
2015,Odisha,KORAPUT RTO - OR10( 25-DEC-2017 ),2,AMBULANCE,0,0,0,0,0,0,0,0,1,0,0,0,1
2015,Odisha,KORAPUT RTO - OR10( 25-DEC-2017 ),3,BUS,3,0,11,1,1,0,0,1,3,0,0,3,23
2015,Odisha,KORAPUT RTO - OR10( 25-DEC-2017 ),4,CONSTRUCTION EQUIPMENT VEHICLE,0,0,0,1,0,0,1,0,0,0,0,0,2
2015,Odisha,KORAPUT RTO - OR10( 25-DEC-2017 ),5,CRANE MOUNTED VEHICLE,0,4,0,1,0,0,0,1,1,0,0,0,7
2015,Odisha,KORAPUT RTO - OR10( 25-DEC-2017 ),6,EDUCATIONAL INSTITUTION BUS,0,0,0,1,1,0,0,0,0,0,0,0,2
2015,Odisha,KORAPUT RTO - OR10( 25-DEC-2017 ),7,GOODS CARRIER,32,31,25,26,26,23,19,27,24,24,37,34,328
2015,Odisha,KORAPUT RTO - OR10( 25-DEC-2017 ),8,MAXI CAB,6,9,7,9,8,4,12,9,3,6,9,5,87
2015,Odisha,KORAPUT RTO - OR10( 25-DEC-2017 ),9,M-CYCLE/SCOOTER,958,"1,143",872,904,946,"1,072",982,813,941,822,"1,497","1,522","12,472"
2015,Odisha,KORAPUT RTO - OR10( 25-DEC-2017 ),10,M-CYCLE/SCOOTER-WITH SIDE CAR,0,0,0,0,0,0,0,0,0,0,1,2,3
2015,Odisha,KORAPUT RTO - OR10( 25-DEC-2017 ),11,MOPED,35,34,18,33,25,31,30,22,18,32,20,4,302
2015,Odisha,KORAPUT RTO - OR10( 25-DEC-2017 ),12,MOTOR CAB,5,6,4,8,2,8,8,6,4,9,4,8,72
2015,Odisha,KORAPUT RTO - OR10( 25-DEC-2017 ),13,MOTOR CAR,82,78,70,59,64,58,45,41,58,55,88,89,787
2015,Odisha,KORAPUT RTO - OR10( 25-DEC-2017 ),14,OMNI BUS,0,0,2,0,0,1,1,0,2,6,2,2,16
2015,Odisha,KORAPUT RTO - OR10( 25-DEC-2017 ),15,OMNI BUS (PRIVATE USE),5,2,2,3,2,4,1,5,1,6,12,4,47
2015,Odisha,KORAPUT RTO - OR10( 25-DEC-2017 ),16,RECOVERY VEHICLE,0,0,0,0,0,0,0,0,0,1,0,0,1
2015,Odisha,KORAPUT RTO - OR10( 25-DEC-2017 ),17,THREE WHEELER (GOODS),1,3,7,1,6,4,2,5,2,3,5,6,45
2015,Odisha,KORAPUT RTO - OR10( 25-DEC-2017 ),18,THREE WHEELER (PASSENGER),41,41,57,47,33,64,53,55,41,49,59,93,633
2015,Odisha,KORAPUT RTO - OR10( 25-DEC-2017 ),19,TOW TRUCK,0,0,0,1,0,0,0,1,0,0,0,0,2
2015,Odisha,KORAPUT RTO - OR10( 25-DEC-2017 ),20,TRACTOR (COMMERCIAL),27,45,28,38,30,41,44,36,54,23,36,49,451
2015,Odisha,KORAPUT RTO - OR10( 25-DEC-2017 ),21,TRAILER (AGRICULTURAL),0,0,0,0,0,0,0,1,0,0,0,0,1
2015,Odisha,KORAPUT RTO - OR10( 25-DEC-2017 ),22,TRAILER (COMMERCIAL),19,38,26,32,25,25,31,23,46,19,36,42,362
2015,Odisha,KORAPUT RTO - OR10( 25-DEC-2017 ),23,VEHICLE FITTED WITH COMPRESSOR,0,1,1,0,0,0,0,0,0,0,0,0,2
2015,Odisha,MALKANAGIRI RTO - OR30( 25-DEC-2017 ),1,AGRICULTURAL TRACTOR,1,0,0,1,0,0,0,0,0,0,0,0,2
2015,Odisha,MALKANAGIRI RTO - OR30( 25-DEC-2017 ),2,AMBULANCE,0,0,0,0,0,0,1,0,0,0,0,0,1
2015,Odisha,MALKANAGIRI RTO - OR30( 25-DEC-2017 ),3,BUS,0,4,0,0,0,0,0,0,0,0,1,0,5
2015,Odisha,MALKANAGIRI RTO - OR30( 25-DEC-2017 ),4,CRANE MOUNTED VEHICLE,0,0,0,0,1,0,0,0,0,0,0,0,1
2015,Odisha,MALKANAGIRI RTO - OR30( 25-DEC-2017 ),5,EDUCATIONAL INSTITUTION BUS,0,0,0,0,0,0,0,0,0,0,1,0,1
2015,Odisha,MALKANAGIRI RTO - OR30( 25-DEC-2017 ),6,GOODS CARRIER,7,15,11,16,7,10,18,10,7,13,12,7,133
2015,Odisha,MALKANAGIRI RTO - OR30( 25-DEC-2017 ),7,MAXI CAB,1,0,0,0,0,2,0,0,0,1,0,0,4
2015,Odisha,MALKANAGIRI RTO - OR30( 25-DEC-2017 ),8,M-CYCLE/SCOOTER,165,325,227,371,227,282,347,197,346,329,237,310,"3,363"
2015,Odisha,MALKANAGIRI RTO - OR30( 25-DEC-2017 ),9,MOPED,3,18,0,19,10,9,3,10,7,16,18,7,120
2015,Odisha,MALKANAGIRI RTO - OR30( 25-DEC-2017 ),10,MOTOR CAB,0,0,0,0,0,0,1,0,0,0,0,1,2
2015,Odisha,MALKANAGIRI RTO - OR30( 25-DEC-2017 ),11,MOTOR CAR,7,10,7,10,12,17,8,5,7,14,17,15,129
2015,Odisha,MALKANAGIRI RTO - OR30( 25-DEC-2017 ),12,OMNI BUS,1,0,4,4,0,1,5,3,2,2,0,1,23
2015,Odisha,MALKANAGIRI RTO - OR30( 25-DEC-2017 ),13,OMNI BUS (PRIVATE USE),0,0,0,0,0,0,0,1,0,0,1,0,2
2015,Odisha,MALKANAGIRI RTO - OR30( 25-DEC-2017 ),14,THREE WHEELER (GOODS),0,1,0,0,0,1,2,0,0,0,1,3,8
2015,Odisha,MALKANAGIRI RTO - OR30( 25-DEC-2017 ),15,THREE WHEELER (PASSENGER),3,9,11,4,10,7,15,18,9,17,13,15,131
2015,Odisha,MALKANAGIRI RTO - OR30( 25-DEC-2017 ),16,TRACTOR (COMMERCIAL),4,8,4,4,5,11,39,35,7,10,9,8,144
2015,Odisha,MALKANAGIRI RTO - OR30( 25-DEC-2017 ),17,TRAILER (COMMERCIAL),4,6,4,4,5,1,13,13,3,10,9,6,78
2015,Odisha,MAYURBHANJ RTO - OR11( 08-NOV-2017 ),1,AGRICULTURAL TRACTOR,3,1,3,0,1,3,5,4,0,3,1,2,26
2015,Odisha,MAYURBHANJ RTO - OR11( 08-NOV-2017 ),2,AMBULANCE,0,0,0,0,0,0,1,0,0,0,1,0,2
2015,Odisha,MAYURBHANJ RTO - OR11( 08-NOV-2017 ),3,BUS,2,1,3,3,1,3,2,1,5,2,3,4,30
2015,Odisha,MAYURBHANJ RTO - OR11( 08-NOV-2017 ),4,EDUCATIONAL INSTITUTION BUS,0,0,1,1,0,0,1,1,0,0,0,0,4
2015,Odisha,MAYURBHANJ RTO - OR11( 08-NOV-2017 ),5,GOODS CARRIER,22,15,25,43,14,24,19,16,27,25,37,27,294
2015,Odisha,MAYURBHANJ RTO - OR11( 08-NOV-2017 ),6,HEARSES,0,0,0,4,0,0,0,0,0,0,0,0,4
2015,Odisha,MAYURBHANJ RTO - OR11( 08-NOV-2017 ),7,MAXI CAB,6,7,8,9,10,10,2,4,11,4,12,9,92
2015,Odisha,MAYURBHANJ RTO - OR11( 08-NOV-2017 ),8,M-CYCLE/SCOOTER,"1,242",988,884,"1,122","1,198","1,319","1,052","1,018",956,"1,584","1,642",914,"13,919"
2015,Odisha,MAYURBHANJ RTO - OR11( 08-NOV-2017 ),9,M-CYCLE/SCOOTER-WITH SIDE CAR,0,0,0,0,0,0,0,0,1,1,0,0,2
2015,Odisha,MAYURBHANJ RTO - OR11( 08-NOV-2017 ),10,MOPED,50,55,62,73,73,86,73,73,64,103,163,95,970
2015,Odisha,MAYURBHANJ RTO - OR11( 08-NOV-2017 ),11,MOTOR CAB,1,1,0,0,1,1,0,0,0,0,0,0,4
2015,Odisha,MAYURBHANJ RTO - OR11( 08-NOV-2017 ),12,MOTOR CAR,45,62,55,31,34,59,32,27,42,44,96,53,580
2015,Odisha,MAYURBHANJ RTO - OR11( 08-NOV-2017 ),13,OMNI BUS,2,5,2,1,2,1,1,5,3,9,2,4,37
2015,Odisha,MAYURBHANJ RTO - OR11( 08-NOV-2017 ),14,OMNI BUS (PRIVATE USE),5,6,3,1,0,2,1,0,2,0,1,6,27
2015,Odisha,MAYURBHANJ RTO - OR11( 08-NOV-2017 ),15,THREE WHEELER (GOODS),14,13,11,14,7,18,14,14,13,15,15,13,161
2015,Odisha,MAYURBHANJ RTO - OR11( 08-NOV-2017 ),16,THREE WHEELER (PASSENGER),38,56,40,36,32,57,51,37,46,63,52,43,551
2015,Odisha,MAYURBHANJ RTO - OR11( 08-NOV-2017 ),17,TRACTOR (COMMERCIAL),23,34,34,15,14,25,28,23,12,19,29,36,292
2015,Odisha,MAYURBHANJ RTO - OR11( 08-NOV-2017 ),18,TRAILER (COMMERCIAL),23,33,35,13,12,23,27,22,12,20,28,36,284
2015,Odisha,NAWARANGPUR RTO - OR24( 07-NOV-2017 ),1,AMBULANCE,1,1,0,0,0,0,0,0,1,0,0,0,3
2015,Odisha,NAWARANGPUR RTO - OR24( 07-NOV-2017 ),2,BUS,0,7,0,0,0,0,0,0,1,1,0,1,10
2015,Odisha,NAWARANGPUR RTO - OR24( 07-NOV-2017 ),3,CONSTRUCTION EQUIPMENT VEHICLE,0,1,0,0,0,0,0,0,0,0,0,0,1
2015,Odisha,NAWARANGPUR RTO - OR24( 07-NOV-2017 ),4,EDUCATIONAL INSTITUTION BUS,1,0,0,1,0,0,0,4,0,0,0,0,6
2015,Odisha,NAWARANGPUR RTO - OR24( 07-NOV-2017 ),5,EXCAVATOR (COMMERCIAL),0,0,0,0,0,0,0,0,0,0,0,1,1
2015,Odisha,NAWARANGPUR RTO - OR24( 07-NOV-2017 ),6,GOODS CARRIER,11,17,19,8,5,9,6,12,6,12,14,16,135
2015,Odisha,NAWARANGPUR RTO - OR24( 07-NOV-2017 ),7,MAXI CAB,14,7,6,3,1,3,0,4,2,4,3,6,53
2015,Odisha,NAWARANGPUR RTO - OR24( 07-NOV-2017 ),8,M-CYCLE/SCOOTER,337,520,487,241,314,255,219,250,183,243,304,349,"3,702"
2015,Odisha,NAWARANGPUR RTO - OR24( 07-NOV-2017 ),9,MOPED,62,38,32,37,14,15,33,26,19,14,41,39,370
2015,Odisha,NAWARANGPUR RTO - OR24( 07-NOV-2017 ),10,MOTOR CAB,0,1,0,0,1,0,1,0,0,0,1,1,5
2015,Odisha,NAWARANGPUR RTO - OR24( 07-NOV-2017 ),11,MOTOR CAR,27,16,25,16,22,30,27,12,15,17,25,48,280
2015,Odisha,NAWARANGPUR RTO - OR24( 07-NOV-2017 ),12,OMNI BUS (PRIVATE USE),1,0,1,2,0,1,2,0,1,1,0,2,11
2015,Odisha,NAWARANGPUR RTO - OR24( 07-NOV-2017 ),13,THREE WHEELER (GOODS),0,0,2,1,1,0,0,1,2,0,0,0,7
2015,Odisha,NAWARANGPUR RTO - OR24( 07-NOV-2017 ),14,THREE WHEELER (PASSENGER),29,39,49,22,22,23,37,25,19,27,30,47,369
2015,Odisha,NAWARANGPUR RTO - OR24( 07-NOV-2017 ),15,TRACTOR (COMMERCIAL),32,25,70,19,13,18,24,24,26,43,27,21,342
2015,Odisha,NAWARANGPUR RTO - OR24( 07-NOV-2017 ),16,TRAILER (COMMERCIAL),26,24,69,17,11,12,16,22,26,43,25,23,314
2015,Odisha,NAYAGARH RTO - OR25( 25-DEC-2017 ),1,AGRICULTURAL TRACTOR,1,0,1,1,2,0,0,1,0,1,1,0,8
2015,Odisha,NAYAGARH RTO - OR25( 25-DEC-2017 ),2,BUS,2,1,1,0,0,0,0,0,0,0,0,1,5
2015,Odisha,NAYAGARH RTO - OR25( 25-DEC-2017 ),3,EDUCATIONAL INSTITUTION BUS,0,0,0,0,1,0,0,0,0,0,0,0,1
2015,Odisha,NAYAGARH RTO - OR25( 25-DEC-2017 ),4,GOODS CARRIER,12,22,19,10,12,16,14,9,13,12,15,23,177
2015,Odisha,NAYAGARH RTO - OR25( 25-DEC-2017 ),5,HEARSES,0,0,0,0,1,0,0,0,0,0,0,0,1
2015,Odisha,NAYAGARH RTO - OR25( 25-DEC-2017 ),6,MAXI CAB,5,0,4,1,2,4,1,0,1,6,6,1,31
2015,Odisha,NAYAGARH RTO - OR25( 25-DEC-2017 ),7,M-CYCLE/SCOOTER,734,648,776,830,852,854,881,701,542,729,"1,277",687,"9,511"
2015,Odisha,NAYAGARH RTO - OR25( 25-DEC-2017 ),8,MOPED,176,126,112,156,118,142,137,148,108,136,323,170,"1,852"
2015,Odisha,NAYAGARH RTO - OR25( 25-DEC-2017 ),9,MOTOR CAB,0,0,0,0,0,0,0,0,0,1,0,0,1
2015,Odisha,NAYAGARH RTO - OR25( 25-DEC-2017 ),10,MOTOR CAR,18,7,12,10,13,11,9,9,10,17,16,9,141
2015,Odisha,NAYAGARH RTO - OR25( 25-DEC-2017 ),11,MOTOR CYCLE/SCOOTER-USED FOR HIRE,1,0,0,0,0,0,0,0,1,0,0,0,2
2015,Odisha,NAYAGARH RTO - OR25( 25-DEC-2017 ),12,OMNI BUS,0,2,0,2,3,3,0,2,2,0,0,3,17
2015,Odisha,NAYAGARH RTO - OR25( 25-DEC-2017 ),13,OMNI BUS (PRIVATE USE),0,0,0,3,1,0,1,0,0,1,0,0,6
2015,Odisha,NAYAGARH RTO - OR25( 25-DEC-2017 ),14,THREE WHEELER (GOODS),4,10,8,7,7,9,14,7,8,4,12,5,95
2015,Odisha,NAYAGARH RTO - OR25( 25-DEC-2017 ),15,THREE WHEELER (PASSENGER),20,20,33,18,25,19,29,23,24,22,29,19,281
2015,Odisha,NAYAGARH RTO - OR25( 25-DEC-2017 ),16,TRACTOR (COMMERCIAL),10,15,22,15,11,16,12,13,13,9,14,14,164
2015,Odisha,NAYAGARH RTO - OR25( 25-DEC-2017 ),17,TRAILER (COMMERCIAL),10,15,22,15,11,16,12,13,13,8,14,14,163
2015,Odisha,NUAPADA RTO - OR26( 06-NOV-2017 ),1,AGRICULTURAL TRACTOR,8,4,2,4,2,8,3,2,8,4,7,8,60
2015,Odisha,NUAPADA RTO - OR26( 06-NOV-2017 ),2,AMBULANCE,1,0,0,0,0,0,0,0,0,0,0,0,1
2015,Odisha,NUAPADA RTO - OR26( 06-NOV-2017 ),3,BUS,2,0,0,1,0,0,0,0,0,1,0,0,4
2015,Odisha,NUAPADA RTO - OR26( 06-NOV-2017 ),4,CONSTRUCTION EQUIPMENT VEHICLE,0,0,0,1,0,0,0,0,1,0,0,0,2
2015,Odisha,NUAPADA RTO - OR26( 06-NOV-2017 ),5,EDUCATIONAL INSTITUTION BUS,0,0,0,0,0,0,1,0,0,0,1,0,2
2015,Odisha,NUAPADA RTO - OR26( 06-NOV-2017 ),6,GOODS CARRIER,13,9,13,16,9,6,11,1,2,2,16,13,111
2015,Odisha,NUAPADA RTO - OR26( 06-NOV-2017 ),7,MAXI CAB,0,0,1,1,0,0,0,0,0,0,0,3,5
2015,Odisha,NUAPADA RTO - OR26( 06-NOV-2017 ),8,M-CYCLE/SCOOTER,262,353,369,302,414,217,336,188,77,219,218,347,"3,302"
2015,Odisha,NUAPADA RTO - OR26( 06-NOV-2017 ),9,MOPED,46,39,30,32,16,17,40,11,9,23,36,37,336
2015,Odisha,NUAPADA RTO - OR26( 06-NOV-2017 ),10,MOTOR CAB,0,0,0,1,0,0,0,0,1,1,0,0,3
2015,Odisha,NUAPADA RTO - OR26( 06-NOV-2017 ),11,MOTOR CAR,17,16,6,13,14,4,15,10,1,7,15,17,135
2015,Odisha,NUAPADA RTO - OR26( 06-NOV-2017 ),12,OMNI BUS,3,1,3,1,2,4,3,1,1,0,1,0,20
2015,Odisha,NUAPADA RTO - OR26( 06-NOV-2017 ),13,OMNI BUS (PRIVATE USE),1,2,1,2,4,1,1,2,0,1,1,0,16
2015,Odisha,NUAPADA RTO - OR26( 06-NOV-2017 ),14,THREE WHEELER (GOODS),1,0,0,0,0,0,0,0,0,0,0,0,1
2015,Odisha,NUAPADA RTO - OR26( 06-NOV-2017 ),15,THREE WHEELER (PASSENGER),2,2,0,0,0,0,0,0,1,0,0,1,6
2015,Odisha,NUAPADA RTO - OR26( 06-NOV-2017 ),16,TRACTOR (COMMERCIAL),16,5,5,5,4,5,7,15,1,10,9,10,92
2015,Odisha,NUAPADA RTO - OR26( 06-NOV-2017 ),17,TRAILER (COMMERCIAL),15,7,5,4,5,6,7,15,0,8,9,8,89
2015,Odisha,NUAPADA RTO - OR26( 06-NOV-2017 ),18,VEHICLE FITTED WITH RIG,1,0,0,0,0,0,0,0,0,0,0,0,1
2015,Odisha,PHULBANI RTO - OR12( 23-OCT-2017 ),1,AGRICULTURAL TRACTOR,0,0,0,0,0,1,0,0,0,0,0,0,1
2015,Odisha,PHULBANI RTO - OR12( 23-OCT-2017 ),2,AMBULANCE,0,0,0,0,0,0,1,0,0,0,0,0,1
2015,Odisha,PHULBANI RTO - OR12( 23-OCT-2017 ),3,BUS,1,0,3,0,0,0,0,0,1,2,3,0,10
2015,Odisha,PHULBANI RTO - OR12( 23-OCT-2017 ),4,CONSTRUCTION EQUIPMENT VEHICLE,0,0,1,0,0,0,0,0,0,0,0,0,1
2015,Odisha,PHULBANI RTO - OR12( 23-OCT-2017 ),5,EDUCATIONAL INSTITUTION BUS,0,0,0,0,0,1,0,0,0,0,0,0,1
2015,Odisha,PHULBANI RTO - OR12( 23-OCT-2017 ),6,GOODS CARRIER,5,3,1,4,7,4,5,3,3,7,12,8,62
2015,Odisha,PHULBANI RTO - OR12( 23-OCT-2017 ),7,MAXI CAB,2,1,0,3,3,0,0,1,0,4,4,2,20
2015,Odisha,PHULBANI RTO - OR12( 23-OCT-2017 ),8,M-CYCLE/SCOOTER,213,278,261,180,339,314,268,258,244,271,378,256,"3,260"
2015,Odisha,PHULBANI RTO - OR12( 23-OCT-2017 ),9,MOPED,3,16,12,8,11,14,6,4,16,18,27,15,150
2015,Odisha,PHULBANI RTO - OR12( 23-OCT-2017 ),10,MOTOR CAB,0,2,1,0,0,0,0,1,0,0,0,0,4
2015,Odisha,PHULBANI RTO - OR12( 23-OCT-2017 ),11,MOTOR CAR,7,1,3,7,6,3,1,6,8,4,8,7,61
2015,Odisha,PHULBANI RTO - OR12( 23-OCT-2017 ),12,OMNI BUS,1,2,0,1,1,2,2,2,2,0,3,3,19
2015,Odisha,PHULBANI RTO - OR12( 23-OCT-2017 ),13,OMNI BUS (PRIVATE USE),0,1,0,2,0,0,0,0,0,0,2,0,5
2015,Odisha,PHULBANI RTO - OR12( 23-OCT-2017 ),14,THREE WHEELER (GOODS),0,3,3,2,0,1,0,3,4,5,2,3,26
2015,Odisha,PHULBANI RTO - OR12( 23-OCT-2017 ),15,THREE WHEELER (PASSENGER),33,21,26,33,26,44,38,48,48,52,56,47,472
2015,Odisha,PHULBANI RTO - OR12( 23-OCT-2017 ),16,TRACTOR (COMMERCIAL),10,6,15,3,7,10,6,11,16,8,12,12,116
2015,Odisha,PHULBANI RTO - OR12( 23-OCT-2017 ),17,TRAILER (COMMERCIAL),10,6,15,3,7,10,7,11,16,8,12,12,117
2015,Odisha,PURI RTO - OR13( 25-DEC-2017 ),1,AMBULANCE,1,0,0,0,0,0,2,4,0,1,0,0,8
2015,Odisha,PURI RTO - OR13( 25-DEC-2017 ),2,BUS,0,1,1,2,0,2,0,0,1,1,10,1,19
2015,Odisha,PURI RTO - OR13( 25-DEC-2017 ),3,EDUCATIONAL INSTITUTION BUS,0,0,0,0,0,0,0,1,0,0,0,0,1
2015,Odisha,PURI RTO - OR13( 25-DEC-2017 ),4,E-RICKSHAW(P),0,0,0,0,0,0,0,2,0,0,1,0,3
2015,Odisha,PURI RTO - OR13( 25-DEC-2017 ),5,GOODS CARRIER,20,15,12,16,12,15,21,12,10,14,25,12,184
2015,Odisha,PURI RTO - OR13( 25-DEC-2017 ),6,HARVESTER,1,0,0,0,0,0,0,0,0,0,0,0,1
2015,Odisha,PURI RTO - OR13( 25-DEC-2017 ),7,MAXI CAB,9,5,2,4,2,2,6,1,4,11,9,4,59
2015,Odisha,PURI RTO - OR13( 25-DEC-2017 ),8,M-CYCLE/SCOOTER,874,886,"1,090","1,017","1,001","1,163","1,083","1,115",876,"1,073","1,340","1,846","13,364"
2015,Odisha,PURI RTO - OR13( 25-DEC-2017 ),9,M-CYCLE/SCOOTER-WITH SIDE CAR,0,0,0,0,1,0,0,0,0,0,0,3,4
2015,Odisha,PURI RTO - OR13( 25-DEC-2017 ),10,MOPED,117,134,144,110,140,198,138,160,136,137,201,298,"1,913"
2015,Odisha,PURI RTO - OR13( 25-DEC-2017 ),11,MOTOR CAB,6,4,3,5,8,6,3,9,4,4,7,8,67
2015,Odisha,PURI RTO - OR13( 25-DEC-2017 ),12,MOTOR CAR,35,25,29,26,20,21,26,15,17,28,28,37,307
2015,Odisha,PURI RTO - OR13( 25-DEC-2017 ),13,OMNI BUS,1,2,2,3,3,0,1,2,1,1,5,3,24
2015,Odisha,PURI RTO - OR13( 25-DEC-2017 ),14,OMNI BUS (PRIVATE USE),0,1,0,1,0,0,0,0,0,0,0,0,2
2015,Odisha,PURI RTO - OR13( 25-DEC-2017 ),15,THREE WHEELER (GOODS),7,8,10,10,15,9,16,13,21,13,18,11,151
2015,Odisha,PURI RTO - OR13( 25-DEC-2017 ),16,THREE WHEELER (PASSENGER),43,29,49,30,63,40,60,84,65,73,76,67,679
2015,Odisha,PURI RTO - OR13( 25-DEC-2017 ),17,THREE WHEELER (PERSONAL),0,0,0,0,0,0,0,0,0,1,0,0,1
2015,Odisha,PURI RTO - OR13( 25-DEC-2017 ),18,TRACTOR (COMMERCIAL),8,6,7,5,1,4,6,3,3,3,12,15,73
2015,Odisha,PURI RTO - OR13( 25-DEC-2017 ),19,TRAILER (COMMERCIAL),8,6,7,6,1,3,7,3,2,4,12,16,75
2015,Odisha,RAIRANGPUR ARTO - OR111( 08-NOV-2017 ),1,AGRICULTURAL TRACTOR,0,0,1,0,0,0,0,1,0,0,0,0,2
2015,Odisha,RAIRANGPUR ARTO - OR111( 08-NOV-2017 ),2,BUS,2,2,4,2,1,0,0,0,0,0,0,0,11
2015,Odisha,RAIRANGPUR ARTO - OR111( 08-NOV-2017 ),3,EDUCATIONAL INSTITUTION BUS,0,0,0,0,0,0,0,0,1,0,0,0,1
2015,Odisha,RAIRANGPUR ARTO - OR111( 08-NOV-2017 ),4,GOODS CARRIER,8,15,22,20,21,21,16,19,9,14,18,19,202
2015,Odisha,RAIRANGPUR ARTO - OR111( 08-NOV-2017 ),5,MAXI CAB,13,9,7,7,8,4,9,8,3,11,4,9,92
2015,Odisha,RAIRANGPUR ARTO - OR111( 08-NOV-2017 ),6,M-CYCLE/SCOOTER,198,144,186,180,221,221,169,155,127,116,153,225,"2,095"
2015,Odisha,RAIRANGPUR ARTO - OR111( 08-NOV-2017 ),7,MOPED,23,29,16,14,18,24,16,19,16,25,24,16,240
2015,Odisha,RAIRANGPUR ARTO - OR111( 08-NOV-2017 ),8,MOTOR CAB,1,2,3,3,3,3,5,1,1,6,1,5,34
2015,Odisha,RAIRANGPUR ARTO - OR111( 08-NOV-2017 ),9,MOTOR CAR,10,7,5,6,10,9,11,3,8,9,10,11,99
2015,Odisha,RAIRANGPUR ARTO - OR111( 08-NOV-2017 ),10,MOTORISED CYCLE (CC > 25CC),0,0,0,0,1,0,0,0,0,0,0,0,1
2015,Odisha,RAIRANGPUR ARTO - OR111( 08-NOV-2017 ),11,OMNI BUS,0,0,0,0,0,0,0,0,0,1,0,0,1
2015,Odisha,RAIRANGPUR ARTO - OR111( 08-NOV-2017 ),12,OMNI BUS (PRIVATE USE),2,2,3,1,1,3,2,1,1,4,2,3,25
2015,Odisha,RAIRANGPUR ARTO - OR111( 08-NOV-2017 ),13,THREE WHEELER (GOODS),5,3,1,4,3,6,7,6,3,12,9,2,61
2015,Odisha,RAIRANGPUR ARTO - OR111( 08-NOV-2017 ),14,THREE WHEELER (PASSENGER),12,23,15,14,16,18,21,16,10,15,20,20,200
2015,Odisha,RAIRANGPUR ARTO - OR111( 08-NOV-2017 ),15,TRACTOR (COMMERCIAL),19,29,13,15,8,22,25,20,24,8,17,21,221
2015,Odisha,RAIRANGPUR ARTO - OR111( 08-NOV-2017 ),16,TRAILER (COMMERCIAL),19,33,13,14,8,22,25,20,25,8,17,21,225
2015,Odisha,RAIRANGPUR ARTO - OR111( 08-NOV-2017 ),17,VEHICLE FITTED WITH RIG,0,0,1,0,0,0,0,0,0,0,0,0,1
2015,Odisha,RAYGADA RTO - OR18( 25-DEC-2017 ),1,AMBULANCE,1,0,1,0,0,0,0,0,0,0,0,0,2
2015,Odisha,RAYGADA RTO - OR18( 25-DEC-2017 ),2,BUS,2,2,9,0,2,1,0,1,0,2,1,1,21
2015,Odisha,RAYGADA RTO - OR18( 25-DEC-2017 ),3,CONSTRUCTION EQUIPMENT VEHICLE,1,0,4,2,2,0,3,0,3,1,1,2,19
2015,Odisha,RAYGADA RTO - OR18( 25-DEC-2017 ),4,CRANE MOUNTED VEHICLE,0,1,1,0,1,0,0,1,0,0,0,0,4
2015,Odisha,RAYGADA RTO - OR18( 25-DEC-2017 ),5,EDUCATIONAL INSTITUTION BUS,1,0,0,1,0,0,1,1,0,1,1,0,6
2015,Odisha,RAYGADA RTO - OR18( 25-DEC-2017 ),6,GOODS CARRIER,29,22,23,17,19,20,21,31,13,26,26,20,267
2015,Odisha,RAYGADA RTO - OR18( 25-DEC-2017 ),7,LUXURY CAB,0,0,1,0,0,0,0,0,0,0,0,1,2
2015,Odisha,RAYGADA RTO - OR18( 25-DEC-2017 ),8,MAXI CAB,9,9,13,9,6,6,11,8,3,5,6,14,99
2015,Odisha,RAYGADA RTO - OR18( 25-DEC-2017 ),9,M-CYCLE/SCOOTER,502,437,589,565,385,"1,046",669,495,463,485,790,513,"6,939"
2015,Odisha,RAYGADA RTO - OR18( 25-DEC-2017 ),10,MOPED,23,34,53,48,16,66,32,55,16,55,69,29,496
2015,Odisha,RAYGADA RTO - OR18( 25-DEC-2017 ),11,MOTOR CAB,0,1,1,0,0,0,1,2,3,2,2,0,12
2015,Odisha,RAYGADA RTO - OR18( 25-DEC-2017 ),12,MOTOR CAR,20,19,15,27,18,17,15,18,18,29,29,24,249
2015,Odisha,RAYGADA RTO - OR18( 25-DEC-2017 ),13,OMNI BUS,1,1,3,2,5,2,1,3,1,2,2,2,25
2015,Odisha,RAYGADA RTO - OR18( 25-DEC-2017 ),14,OMNI BUS (PRIVATE USE),6,6,1,1,4,4,2,5,3,2,2,3,39
2015,Odisha,RAYGADA RTO - OR18( 25-DEC-2017 ),15,THREE WHEELER (GOODS),0,1,0,0,2,0,0,0,0,0,0,0,3
2015,Odisha,RAYGADA RTO - OR18( 25-DEC-2017 ),16,THREE WHEELER (PASSENGER),12,24,24,20,15,11,18,21,15,14,18,16,208
2015,Odisha,RAYGADA RTO - OR18( 25-DEC-2017 ),17,TRACTOR (COMMERCIAL),13,14,33,23,11,27,22,30,9,47,19,18,266
2015,Odisha,RAYGADA RTO - OR18( 25-DEC-2017 ),18,TRAILER (COMMERCIAL),13,17,28,21,15,26,16,24,19,36,15,22,252
2015,Odisha,ROURKELA RTO - OR14( 25-DEC-2017 ),1,AMBULANCE,0,2,0,1,3,3,0,1,1,0,0,1,12
2015,Odisha,ROURKELA RTO - OR14( 25-DEC-2017 ),2,BUS,5,1,1,3,4,4,0,2,2,1,12,1,36
2015,Odisha,ROURKELA RTO - OR14( 25-DEC-2017 ),3,CASH VAN,2,0,2,0,0,0,0,0,0,0,0,0,4
2015,Odisha,ROURKELA RTO - OR14( 25-DEC-2017 ),4,CONSTRUCTION EQUIPMENT VEHICLE,1,0,0,0,0,0,0,0,0,0,0,0,1
2015,Odisha,ROURKELA RTO - OR14( 25-DEC-2017 ),5,CRANE MOUNTED VEHICLE,1,0,0,1,1,0,0,0,0,0,0,0,3
2015,Odisha,ROURKELA RTO - OR14( 25-DEC-2017 ),6,EDUCATIONAL INSTITUTION BUS,0,0,0,1,0,2,1,0,0,0,0,0,4
2015,Odisha,ROURKELA RTO - OR14( 25-DEC-2017 ),7,GOODS CARRIER,80,81,64,57,62,113,67,72,71,51,79,81,878
2015,Odisha,ROURKELA RTO - OR14( 25-DEC-2017 ),8,MAXI CAB,9,17,10,7,8,11,8,6,10,12,13,7,118
2015,Odisha,ROURKELA RTO - OR14( 25-DEC-2017 ),9,M-CYCLE/SCOOTER,"1,386","1,246","1,350","1,321","1,450","1,401","1,332",963,"1,510","1,487","1,871","1,531","16,848"
2015,Odisha,ROURKELA RTO - OR14( 25-DEC-2017 ),10,MOPED,58,27,53,50,45,99,196,173,187,225,313,189,"1,615"
2015,Odisha,ROURKELA RTO - OR14( 25-DEC-2017 ),11,MOTOR CAB,1,6,6,8,8,8,5,7,5,3,2,8,67
2015,Odisha,ROURKELA RTO - OR14( 25-DEC-2017 ),12,MOTOR CAR,263,171,157,180,177,166,172,141,206,238,271,187,"2,329"
2015,Odisha,ROURKELA RTO - OR14( 25-DEC-2017 ),13,OMNI BUS,1,3,0,0,1,1,1,0,0,0,1,0,8
2015,Odisha,ROURKELA RTO - OR14( 25-DEC-2017 ),14,OMNI BUS (PRIVATE USE),0,7,1,3,3,2,2,2,5,2,8,6,41
2015,Odisha,ROURKELA RTO - OR14( 25-DEC-2017 ),15,PRIVATE SERVICE VEHICLE,2,0,0,0,0,0,4,0,1,0,0,0,7
2015,Odisha,ROURKELA RTO - OR14( 25-DEC-2017 ),16,THREE WHEELER (GOODS),10,12,9,7,12,9,9,11,6,8,18,9,120
2015,Odisha,ROURKELA RTO - OR14( 25-DEC-2017 ),17,THREE WHEELER (PASSENGER),48,56,55,44,35,74,70,49,60,69,71,67,698
2015,Odisha,ROURKELA RTO - OR14( 25-DEC-2017 ),18,TRACTOR (COMMERCIAL),16,18,17,10,9,23,20,30,10,13,19,19,204
2015,Odisha,ROURKELA RTO - OR14( 25-DEC-2017 ),19,TRAILER (COMMERCIAL),16,18,15,9,7,21,17,23,10,12,15,18,181
2015,Odisha,SAMBALPUR RTO - OR15( 04-DEC-2017 ),1,AGRICULTURAL TRACTOR,0,0,1,1,0,0,0,2,0,0,1,0,5
2015,Odisha,SAMBALPUR RTO - OR15( 04-DEC-2017 ),2,AMBULANCE,2,0,0,0,0,1,2,1,1,1,2,1,11
2015,Odisha,SAMBALPUR RTO - OR15( 04-DEC-2017 ),3,ARTICULATED VEHICLE,0,0,0,0,0,0,1,0,0,0,0,0,1
2015,Odisha,SAMBALPUR RTO - OR15( 04-DEC-2017 ),4,BUS,4,0,4,3,0,1,3,0,4,5,3,5,32
2015,Odisha,SAMBALPUR RTO - OR15( 04-DEC-2017 ),5,CONSTRUCTION EQUIPMENT VEHICLE,0,6,1,0,0,0,3,0,2,0,2,1,15
2015,Odisha,SAMBALPUR RTO - OR15( 04-DEC-2017 ),6,EDUCATIONAL INSTITUTION BUS,0,1,1,2,3,3,2,1,0,0,2,0,15
2015,Odisha,SAMBALPUR RTO - OR15( 04-DEC-2017 ),7,GOODS CARRIER,88,96,106,99,93,70,91,70,83,87,128,95,"1,106"
2015,Odisha,SAMBALPUR RTO - OR15( 04-DEC-2017 ),8,MAXI CAB,11,20,9,13,8,9,8,7,13,10,12,13,133
2015,Odisha,SAMBALPUR RTO - OR15( 04-DEC-2017 ),9,M-CYCLE/SCOOTER,"1,090","1,165","1,189","1,140","1,095","1,194","1,046",919,825,"1,378","1,570","1,103","13,714"
2015,Odisha,SAMBALPUR RTO - OR15( 04-DEC-2017 ),10,M-CYCLE/SCOOTER-WITH SIDE CAR,0,1,0,0,0,0,0,0,0,1,1,1,4
2015,Odisha,SAMBALPUR RTO - OR15( 04-DEC-2017 ),11,MOPED,59,45,72,63,46,54,83,68,71,75,81,61,778
2015,Odisha,SAMBALPUR RTO - OR15( 04-DEC-2017 ),12,MOTOR CAB,1,0,1,1,2,1,3,2,4,2,3,5,25
2015,Odisha,SAMBALPUR RTO - OR15( 04-DEC-2017 ),13,MOTOR CAR,203,149,133,133,128,150,140,142,145,161,215,150,"1,849"
2015,Odisha,SAMBALPUR RTO - OR15( 04-DEC-2017 ),14,OMNI BUS,1,2,0,0,1,0,0,0,0,0,0,1,5
2015,Odisha,SAMBALPUR RTO - OR15( 04-DEC-2017 ),15,OMNI BUS (PRIVATE USE),5,5,4,7,4,9,4,4,5,5,4,6,62
2015,Odisha,SAMBALPUR RTO - OR15( 04-DEC-2017 ),16,PRIVATE SERVICE VEHICLE,4,0,0,0,0,0,0,0,0,0,1,0,5
2015,Odisha,SAMBALPUR RTO - OR15( 04-DEC-2017 ),17,PRIVATE SERVICE VEHICLE (INDIVIDUAL USE),0,0,1,0,0,0,0,0,0,0,0,0,1
2015,Odisha,SAMBALPUR RTO - OR15( 04-DEC-2017 ),18,THREE WHEELER (GOODS),7,7,8,3,4,6,6,6,3,0,6,8,64
2015,Odisha,SAMBALPUR RTO - OR15( 04-DEC-2017 ),19,THREE WHEELER (PASSENGER),35,38,31,29,35,40,43,44,31,45,53,65,489
2015,Odisha,SAMBALPUR RTO - OR15( 04-DEC-2017 ),20,TRACTOR (COMMERCIAL),20,24,30,25,14,21,19,35,51,43,36,43,361
2015,Odisha,SAMBALPUR RTO - OR15( 04-DEC-2017 ),21,TRACTOR-TROLLEY(COMMERCIAL),0,0,0,0,0,0,0,0,0,0,1,0,1
2015,Odisha,SAMBALPUR RTO - OR15( 04-DEC-2017 ),22,TRAILER (COMMERCIAL),19,27,26,22,15,15,16,25,32,31,22,32,282
2015,Odisha,SONEPUR RTO - OR31( 08-NOV-2017 ),1,AGRICULTURAL TRACTOR,0,0,0,0,0,0,0,0,0,0,1,0,1
2015,Odisha,SONEPUR RTO - OR31( 08-NOV-2017 ),2,BUS,0,0,0,0,0,0,1,0,0,0,0,0,1
2015,Odisha,SONEPUR RTO - OR31( 08-NOV-2017 ),3,EDUCATIONAL INSTITUTION BUS,1,0,0,2,1,2,1,0,1,0,1,2,11
2015,Odisha,SONEPUR RTO - OR31( 08-NOV-2017 ),4,GOODS CARRIER,9,9,24,9,4,10,7,5,2,5,7,21,112
2015,Odisha,SONEPUR RTO - OR31( 08-NOV-2017 ),5,MAXI CAB,2,0,2,3,1,1,4,2,0,3,8,1,27
2015,Odisha,SONEPUR RTO - OR31( 08-NOV-2017 ),6,M-CYCLE/SCOOTER,454,835,"1,034",792,"1,229",796,418,431,341,507,473,335,"7,645"
2015,Odisha,SONEPUR RTO - OR31( 08-NOV-2017 ),7,M-CYCLE/SCOOTER-WITH SIDE CAR,0,0,0,1,0,0,0,0,0,0,1,0,2
2015,Odisha,SONEPUR RTO - OR31( 08-NOV-2017 ),8,MOPED,80,73,106,110,102,52,55,104,72,107,139,56,"1,056"
2015,Odisha,SONEPUR RTO - OR31( 08-NOV-2017 ),9,MOTOR CAB,0,0,2,0,1,0,0,0,0,0,0,1,4
2015,Odisha,SONEPUR RTO - OR31( 08-NOV-2017 ),10,MOTOR CAR,19,10,7,6,10,9,16,20,8,29,13,12,159
2015,Odisha,SONEPUR RTO - OR31( 08-NOV-2017 ),11,OMNI BUS,0,1,0,1,0,0,1,0,0,0,1,0,4
2015,Odisha,SONEPUR RTO - OR31( 08-NOV-2017 ),12,OMNI BUS (PRIVATE USE),0,0,0,0,0,0,0,0,2,0,1,0,3
2015,Odisha,SONEPUR RTO - OR31( 08-NOV-2017 ),13,THREE WHEELER (GOODS),0,1,0,0,0,1,0,0,0,1,0,2,5
2015,Odisha,SONEPUR RTO - OR31( 08-NOV-2017 ),14,THREE WHEELER (PASSENGER),0,2,0,0,2,4,4,1,0,3,1,9,26
2015,Odisha,SONEPUR RTO - OR31( 08-NOV-2017 ),15,TRACTOR (COMMERCIAL),12,29,11,20,17,30,28,34,10,41,19,36,287
2015,Odisha,SONEPUR RTO - OR31( 08-NOV-2017 ),16,TRACTOR-TROLLEY(COMMERCIAL),1,2,1,2,1,1,4,0,2,3,0,1,18
2015,Odisha,SONEPUR RTO - OR31( 08-NOV-2017 ),17,TRAILER (COMMERCIAL),11,26,10,19,15,29,24,35,8,37,21,35,270
2015,Odisha,SUNDERGARH RTO - OR16( 08-NOV-2017 ),1,AGRICULTURAL TRACTOR,0,0,0,0,0,0,0,0,0,1,0,0,1
2015,Odisha,SUNDERGARH RTO - OR16( 08-NOV-2017 ),2,AMBULANCE,0,0,0,2,0,0,1,0,1,0,0,0,4
2015,Odisha,SUNDERGARH RTO - OR16( 08-NOV-2017 ),3,ARTICULATED VEHICLE,0,0,0,0,0,0,0,0,0,0,1,0,1
2015,Odisha,SUNDERGARH RTO - OR16( 08-NOV-2017 ),4,BUS,3,3,2,1,3,1,2,1,2,3,1,4,26
2015,Odisha,SUNDERGARH RTO - OR16( 08-NOV-2017 ),5,CONSTRUCTION EQUIPMENT VEHICLE,0,0,0,0,0,0,1,0,0,0,0,2,3
2015,Odisha,SUNDERGARH RTO - OR16( 08-NOV-2017 ),6,EDUCATIONAL INSTITUTION BUS,0,0,0,0,0,0,0,1,1,0,0,0,2
2015,Odisha,SUNDERGARH RTO - OR16( 08-NOV-2017 ),7,GOODS CARRIER,80,63,46,50,48,43,65,40,71,75,66,93,740
2015,Odisha,SUNDERGARH RTO - OR16( 08-NOV-2017 ),8,MAXI CAB,15,15,10,8,4,4,12,5,11,8,8,11,111
2015,Odisha,SUNDERGARH RTO - OR16( 08-NOV-2017 ),9,M-CYCLE/SCOOTER,514,421,485,456,621,643,654,411,387,506,704,659,"6,461"
2015,Odisha,SUNDERGARH RTO - OR16( 08-NOV-2017 ),10,M-CYCLE/SCOOTER-WITH SIDE CAR,0,2,3,0,0,0,0,0,0,0,0,0,5
2015,Odisha,SUNDERGARH RTO - OR16( 08-NOV-2017 ),11,MOPED,33,33,22,33,34,19,17,33,15,36,63,51,389
2015,Odisha,SUNDERGARH RTO - OR16( 08-NOV-2017 ),12,MOTOR CAB,2,3,1,1,0,0,1,1,1,1,0,0,11
2015,Odisha,SUNDERGARH RTO - OR16( 08-NOV-2017 ),13,MOTOR CAR,55,41,35,54,44,43,33,31,41,43,51,48,519
2015,Odisha,SUNDERGARH RTO - OR16( 08-NOV-2017 ),14,OMNI BUS,0,0,1,0,0,1,0,0,0,0,1,2,5
2015,Odisha,SUNDERGARH RTO - OR16( 08-NOV-2017 ),15,OMNI BUS (PRIVATE USE),1,2,0,0,0,0,1,0,0,0,0,0,4
2015,Odisha,SUNDERGARH RTO - OR16( 08-NOV-2017 ),16,PRIVATE SERVICE VEHICLE,0,0,0,0,0,0,0,0,0,0,1,0,1
2015,Odisha,SUNDERGARH RTO - OR16( 08-NOV-2017 ),17,PRIVATE SERVICE VEHICLE (INDIVIDUAL USE),0,0,0,0,0,0,0,1,0,0,0,0,1
2015,Odisha,SUNDERGARH RTO - OR16( 08-NOV-2017 ),18,THREE WHEELER (GOODS),0,1,2,2,1,1,3,0,0,2,3,1,16
2015,Odisha,SUNDERGARH RTO - OR16( 08-NOV-2017 ),19,THREE WHEELER (PASSENGER),2,1,2,5,0,3,4,2,9,7,8,6,49
2015,Odisha,SUNDERGARH RTO - OR16( 08-NOV-2017 ),20,TRACTOR (COMMERCIAL),17,25,55,36,40,35,47,37,28,39,37,39,435
2015,Odisha,SUNDERGARH RTO - OR16( 08-NOV-2017 ),21,TRAILER (COMMERCIAL),15,21,40,32,32,26,29,26,15,30,29,34,329
2015,Odisha,SUNDERGARH RTO - OR16( 08-NOV-2017 ),22,VEHICLE FITTED WITH COMPRESSOR,0,0,0,0,1,0,0,0,0,0,0,0,1
2015,Odisha,SUNDERGARH RTO - OR16( 08-NOV-2017 ),23,VEHICLE FITTED WITH RIG,0,0,0,0,0,0,0,0,0,1,0,0,1
2015,Odisha,TALCHER RTO - OR35( 25-DEC-2017 ),1,AMBULANCE,0,0,0,0,0,0,1,0,0,1,0,0,2
2015,Odisha,TALCHER RTO - OR35( 25-DEC-2017 ),2,ARTICULATED VEHICLE,5,0,0,0,0,0,0,0,0,0,0,0,5
2015,Odisha,TALCHER RTO - OR35( 25-DEC-2017 ),3,BUS,0,0,0,0,0,0,0,1,0,0,0,0,1
2015,Odisha,TALCHER RTO - OR35( 25-DEC-2017 ),4,CONSTRUCTION EQUIPMENT VEHICLE,0,27,10,1,0,1,0,3,3,2,1,0,48
2015,Odisha,TALCHER RTO - OR35( 25-DEC-2017 ),5,EXCAVATOR (COMMERCIAL),1,0,0,0,0,0,0,0,0,0,0,0,1
2015,Odisha,TALCHER RTO - OR35( 25-DEC-2017 ),6,GOODS CARRIER,79,60,45,65,38,69,42,43,56,76,88,71,732
2015,Odisha,TALCHER RTO - OR35( 25-DEC-2017 ),7,MAXI CAB,0,3,0,4,3,7,5,1,1,3,0,1,28
2015,Odisha,TALCHER RTO - OR35( 25-DEC-2017 ),8,M-CYCLE/SCOOTER,400,443,364,528,303,532,692,289,487,464,954,597,"6,053"
2015,Odisha,TALCHER RTO - OR35( 25-DEC-2017 ),9,M-CYCLE/SCOOTER-WITH SIDE CAR,0,0,0,0,0,0,0,0,0,0,2,0,2
2015,Odisha,TALCHER RTO - OR35( 25-DEC-2017 ),10,MOPED,2,2,0,0,1,22,9,11,12,22,17,21,119
2015,Odisha,TALCHER RTO - OR35( 25-DEC-2017 ),11,MOTOR CAB,0,2,2,1,2,0,1,1,1,2,2,1,15
2015,Odisha,TALCHER RTO - OR35( 25-DEC-2017 ),12,MOTOR CAR,13,10,4,12,7,15,13,8,8,11,8,16,125
2015,Odisha,TALCHER RTO - OR35( 25-DEC-2017 ),13,OMNI BUS,0,1,0,0,1,1,1,0,1,0,1,0,6
2015,Odisha,TALCHER RTO - OR35( 25-DEC-2017 ),14,OMNI BUS (PRIVATE USE),2,2,2,1,0,0,1,0,0,0,0,0,8
2015,Odisha,TALCHER RTO - OR35( 25-DEC-2017 ),15,PRIVATE SERVICE VEHICLE,0,0,0,0,0,1,1,0,0,1,0,0,3
2015,Odisha,TALCHER RTO - OR35( 25-DEC-2017 ),16,THREE WHEELER (GOODS),2,3,2,1,0,0,0,0,0,5,2,5,20
2015,Odisha,TALCHER RTO - OR35( 25-DEC-2017 ),17,THREE WHEELER (PASSENGER),4,1,5,6,3,9,4,7,10,18,16,10,93
2015,Odisha,TALCHER RTO - OR35( 25-DEC-2017 ),18,TRACTOR (COMMERCIAL),0,2,0,2,4,2,1,4,4,3,4,5,31
2015,Odisha,TALCHER RTO - OR35( 25-DEC-2017 ),19,TRAILER (COMMERCIAL),0,2,0,2,4,2,1,4,4,3,4,5,31
2014,Odisha,ANGUL RTO - OR19( 25-DEC-2017 ),1,AMBULANCE,0,0,0,0,0,0,1,0,0,1,0,0,2
2014,Odisha,ANGUL RTO - OR19( 25-DEC-2017 ),2,ARTICULATED VEHICLE,5,0,0,0,0,0,0,0,0,0,0,0,5
2014,Odisha,ANGUL RTO - OR19( 25-DEC-2017 ),3,BUS,0,0,0,0,0,0,0,1,0,0,0,0,1
2014,Odisha,ANGUL RTO - OR19( 25-DEC-2017 ),4,CONSTRUCTION EQUIPMENT VEHICLE,0,27,10,1,0,1,0,3,3,2,1,0,48
2014,Odisha,ANGUL RTO - OR19( 25-DEC-2017 ),5,EXCAVATOR (COMMERCIAL),1,0,0,0,0,0,0,0,0,0,0,0,1
2014,Odisha,ANGUL RTO - OR19( 25-DEC-2017 ),6,GOODS CARRIER,79,60,45,65,38,69,42,43,56,76,88,71,732
2014,Odisha,ANGUL RTO - OR19( 25-DEC-2017 ),7,MAXI CAB,0,3,0,4,3,7,5,1,1,3,0,1,28
2014,Odisha,ANGUL RTO - OR19( 25-DEC-2017 ),8,M-CYCLE/SCOOTER,400,443,364,528,303,532,692,289,487,464,954,597,"6,053"
2014,Odisha,ANGUL RTO - OR19( 25-DEC-2017 ),9,M-CYCLE/SCOOTER-WITH SIDE CAR,0,0,0,0,0,0,0,0,0,0,2,0,2
2014,Odisha,ANGUL RTO - OR19( 25-DEC-2017 ),10,MOPED,2,2,0,0,1,22,9,11,12,22,17,21,119
2014,Odisha,ANGUL RTO - OR19( 25-DEC-2017 ),11,MOTOR CAB,0,2,2,1,2,0,1,1,1,2,2,1,15
2014,Odisha,ANGUL RTO - OR19( 25-DEC-2017 ),12,MOTOR CAR,13,10,4,12,7,15,13,8,8,11,8,16,125
2014,Odisha,ANGUL RTO - OR19( 25-DEC-2017 ),13,OMNI BUS,0,1,0,0,1,1,1,0,1,0,1,0,6
2014,Odisha,ANGUL RTO - OR19( 25-DEC-2017 ),14,OMNI BUS (PRIVATE USE),2,2,2,1,0,0,1,0,0,0,0,0,8
2014,Odisha,ANGUL RTO - OR19( 25-DEC-2017 ),15,PRIVATE SERVICE VEHICLE,0,0,0,0,0,1,1,0,0,1,0,0,3
2014,Odisha,ANGUL RTO - OR19( 25-DEC-2017 ),16,THREE WHEELER (GOODS),2,3,2,1,0,0,0,0,0,5,2,5,20
2014,Odisha,ANGUL RTO - OR19( 25-DEC-2017 ),17,THREE WHEELER (PASSENGER),4,1,5,6,3,9,4,7,10,18,16,10,93
2014,Odisha,ANGUL RTO - OR19( 25-DEC-2017 ),18,TRACTOR (COMMERCIAL),0,2,0,2,4,2,1,4,4,3,4,5,31
2014,Odisha,ANGUL RTO - OR19( 25-DEC-2017 ),19,TRAILER (COMMERCIAL),0,2,0,2,4,2,1,4,4,3,4,5,31
2014,Odisha,ARTO BARBIL - OR901( 04-DEC-2017 ),1,AGRICULTURAL TRACTOR,0,0,0,0,0,0,2,0,0,0,0,0,2
2014,Odisha,ARTO BARBIL - OR901( 04-DEC-2017 ),2,AMBULANCE,0,0,3,0,1,0,0,0,0,0,0,0,4
2014,Odisha,ARTO BARBIL - OR901( 04-DEC-2017 ),3,BUS,0,1,0,0,0,0,0,0,1,0,0,0,2
2014,Odisha,ARTO BARBIL - OR901( 04-DEC-2017 ),4,CAMPER VAN / TRAILER (PRIVATE USE),0,0,0,0,1,0,0,0,0,0,0,0,1
2014,Odisha,ARTO BARBIL - OR901( 04-DEC-2017 ),5,CONSTRUCTION EQUIPMENT VEHICLE,0,0,2,0,0,0,1,0,0,0,0,0,3
2014,Odisha,ARTO BARBIL - OR901( 04-DEC-2017 ),6,GOODS CARRIER,81,56,74,105,74,52,57,19,31,33,45,66,693
2014,Odisha,ARTO BARBIL - OR901( 04-DEC-2017 ),7,HEARSES,0,0,1,0,0,0,0,0,0,0,0,0,1
2014,Odisha,ARTO BARBIL - OR901( 04-DEC-2017 ),8,MAXI CAB,2,1,1,1,2,1,1,0,4,1,0,0,14
2014,Odisha,ARTO BARBIL - OR901( 04-DEC-2017 ),9,M-CYCLE/SCOOTER,227,221,206,218,243,238,294,148,200,358,214,240,"2,807"
2014,Odisha,ARTO BARBIL - OR901( 04-DEC-2017 ),10,MOPED,11,10,12,4,13,9,5,6,17,11,15,15,128
2014,Odisha,ARTO BARBIL - OR901( 04-DEC-2017 ),11,MOTOR CAB,2,2,0,2,0,2,4,1,1,2,4,1,21
2014,Odisha,ARTO BARBIL - OR901( 04-DEC-2017 ),12,MOTOR CAR,27,18,15,20,20,13,18,11,17,15,19,15,208
2014,Odisha,ARTO BARBIL - OR901( 04-DEC-2017 ),13,OMNI BUS,4,5,4,2,8,7,3,2,2,3,2,0,42
2014,Odisha,ARTO BARBIL - OR901( 04-DEC-2017 ),14,OMNI BUS (PRIVATE USE),1,19,4,1,1,2,3,2,0,0,0,3,36
2014,Odisha,ARTO BARBIL - OR901( 04-DEC-2017 ),15,PRIVATE SERVICE VEHICLE,0,0,0,0,0,2,1,0,0,0,0,0,3
2014,Odisha,ARTO BARBIL - OR901( 04-DEC-2017 ),16,THREE WHEELER (GOODS),0,0,1,1,1,0,2,0,2,1,0,0,8
2014,Odisha,ARTO BARBIL - OR901( 04-DEC-2017 ),17,THREE WHEELER (PASSENGER),0,0,1,0,0,1,0,0,2,1,1,1,7
2014,Odisha,ARTO BARBIL - OR901( 04-DEC-2017 ),18,TRACTOR (COMMERCIAL),2,1,0,0,1,0,4,0,1,0,0,0,9
2014,Odisha,ARTO BARBIL - OR901( 04-DEC-2017 ),19,TRAILER (COMMERCIAL),2,1,1,0,1,0,4,0,1,0,0,0,10
2014,Odisha,BALASORE RTO - OR1( 07-NOV-2017 ),1,AGRICULTURAL TRACTOR,12,16,16,7,6,12,13,15,24,7,10,33,171
2014,Odisha,BALASORE RTO - OR1( 07-NOV-2017 ),2,AMBULANCE,1,2,0,0,3,1,3,9,2,1,0,0,22
2014,Odisha,BALASORE RTO - OR1( 07-NOV-2017 ),3,ARTICULATED VEHICLE,1,0,0,0,0,0,0,0,0,0,0,0,1
2014,Odisha,BALASORE RTO - OR1( 07-NOV-2017 ),4,BUS,1,2,3,0,0,5,0,1,1,1,3,2,19
2014,Odisha,BALASORE RTO - OR1( 07-NOV-2017 ),5,CONSTRUCTION EQUIPMENT VEHICLE,0,0,1,0,0,0,0,0,0,0,0,0,1
2014,Odisha,BALASORE RTO - OR1( 07-NOV-2017 ),6,CRANE MOUNTED VEHICLE,0,1,1,0,0,0,0,0,0,0,0,0,2
2014,Odisha,BALASORE RTO - OR1( 07-NOV-2017 ),7,EDUCATIONAL INSTITUTION BUS,0,0,0,2,0,2,2,0,0,0,1,0,7
2014,Odisha,BALASORE RTO - OR1( 07-NOV-2017 ),8,EXCAVATOR (COMMERCIAL),0,2,0,1,1,1,1,0,0,0,5,1,12
2014,Odisha,BALASORE RTO - OR1( 07-NOV-2017 ),9,GOODS CARRIER,104,73,102,64,79,63,61,52,84,79,90,93,944
2014,Odisha,BALASORE RTO - OR1( 07-NOV-2017 ),10,MAXI CAB,32,30,38,38,33,34,26,29,39,42,28,31,400
2014,Odisha,BALASORE RTO - OR1( 07-NOV-2017 ),11,M-CYCLE/SCOOTER,"1,899","1,849","2,607","2,534","2,543","2,331","2,329","1,692","2,096","3,433","2,225","1,850","27,388"
2014,Odisha,BALASORE RTO - OR1( 07-NOV-2017 ),12,M-CYCLE/SCOOTER-WITH SIDE CAR,0,0,0,1,0,0,3,0,0,1,0,0,5
2014,Odisha,BALASORE RTO - OR1( 07-NOV-2017 ),13,MOPED,28,43,39,31,41,47,64,43,48,81,69,57,591
2014,Odisha,BALASORE RTO - OR1( 07-NOV-2017 ),14,MOTOR CAB,5,7,6,10,4,2,5,3,4,2,3,7,58
2014,Odisha,BALASORE RTO - OR1( 07-NOV-2017 ),15,MOTOR CAR,110,108,127,82,89,93,113,82,85,122,122,108,"1,241"
2014,Odisha,BALASORE RTO - OR1( 07-NOV-2017 ),16,OMNI BUS,5,2,2,5,4,1,1,0,4,1,0,0,25
2014,Odisha,BALASORE RTO - OR1( 07-NOV-2017 ),17,OMNI BUS (PRIVATE USE),7,4,5,6,5,3,2,2,2,3,4,3,46
2014,Odisha,BALASORE RTO - OR1( 07-NOV-2017 ),18,PRIVATE SERVICE VEHICLE,0,0,1,0,0,1,0,0,0,0,0,0,2
2014,Odisha,BALASORE RTO - OR1( 07-NOV-2017 ),19,PRIVATE SERVICE VEHICLE (INDIVIDUAL USE),2,0,0,0,2,0,0,0,0,0,0,0,4
2014,Odisha,BALASORE RTO - OR1( 07-NOV-2017 ),20,THREE WHEELER (GOODS),17,21,22,24,24,20,15,20,30,25,26,32,276
2014,Odisha,BALASORE RTO - OR1( 07-NOV-2017 ),21,THREE WHEELER (PASSENGER),42,52,76,34,44,55,52,59,59,64,49,42,628
2014,Odisha,BALASORE RTO - OR1( 07-NOV-2017 ),22,TRACTOR (COMMERCIAL),63,43,72,55,33,28,17,17,23,27,40,37,455
2014,Odisha,BALASORE RTO - OR1( 07-NOV-2017 ),23,TRAILER (COMMERCIAL),63,44,70,56,35,27,16,16,23,24,37,36,447
2014,Odisha,BARGARH RTO - OR17( 04-DEC-2017 ),1,AGRICULTURAL TRACTOR,1,1,1,1,0,2,3,0,0,1,0,4,14
2014,Odisha,BARGARH RTO - OR17( 04-DEC-2017 ),2,AMBULANCE,0,0,2,1,0,0,1,0,1,2,2,2,11
2014,Odisha,BARGARH RTO - OR17( 04-DEC-2017 ),3,BUS,1,1,2,1,3,1,0,2,2,3,0,1,17
2014,Odisha,BARGARH RTO - OR17( 04-DEC-2017 ),4,EDUCATIONAL INSTITUTION BUS,0,0,0,6,0,0,2,0,2,0,0,1,11
2014,Odisha,BARGARH RTO - OR17( 04-DEC-2017 ),5,EXCAVATOR (COMMERCIAL),15,1,5,12,2,10,7,4,2,2,4,10,74
2014,Odisha,BARGARH RTO - OR17( 04-DEC-2017 ),6,GOODS CARRIER,29,14,20,56,32,32,34,40,31,39,41,38,406
2014,Odisha,BARGARH RTO - OR17( 04-DEC-2017 ),7,MAXI CAB,2,1,5,10,5,6,11,5,0,9,4,6,64
2014,Odisha,BARGARH RTO - OR17( 04-DEC-2017 ),8,M-CYCLE/SCOOTER,"1,037",599,"2,306","1,882","1,244","1,685","1,237",729,777,"1,098",952,932,"14,478"
2014,Odisha,BARGARH RTO - OR17( 04-DEC-2017 ),9,M-CYCLE/SCOOTER-WITH SIDE CAR,0,0,0,0,0,0,1,0,0,1,0,1,3
2014,Odisha,BARGARH RTO - OR17( 04-DEC-2017 ),10,MOPED,157,1,253,180,81,109,134,134,145,182,199,190,"1,765"
2014,Odisha,BARGARH RTO - OR17( 04-DEC-2017 ),11,MOTOR CAB,0,0,0,1,1,0,1,1,1,0,0,0,5
2014,Odisha,BARGARH RTO - OR17( 04-DEC-2017 ),12,MOTOR CAR,54,34,41,54,44,49,48,25,46,59,72,61,587
2014,Odisha,BARGARH RTO - OR17( 04-DEC-2017 ),13,OMNI BUS,9,0,10,4,2,2,4,3,5,2,2,1,44
2014,Odisha,BARGARH RTO - OR17( 04-DEC-2017 ),14,OMNI BUS (PRIVATE USE),4,1,6,8,3,3,3,2,4,3,6,5,48
2014,Odisha,BARGARH RTO - OR17( 04-DEC-2017 ),15,THREE WHEELER (GOODS),2,0,6,5,3,5,1,2,2,5,3,5,39
2014,Odisha,BARGARH RTO - OR17( 04-DEC-2017 ),16,THREE WHEELER (PASSENGER),11,0,19,24,9,16,9,7,20,20,12,16,163
2014,Odisha,BARGARH RTO - OR17( 04-DEC-2017 ),17,TRACTOR (COMMERCIAL),105,29,130,129,94,154,165,73,49,45,34,84,"1,091"
2014,Odisha,BARGARH RTO - OR17( 04-DEC-2017 ),18,TRAILER (AGRICULTURAL),1,1,0,0,0,1,0,0,0,0,0,1,4
2014,Odisha,BARGARH RTO - OR17( 04-DEC-2017 ),19,TRAILER (COMMERCIAL),61,17,75,98,59,70,63,48,21,28,17,41,598
2014,Odisha,BHADRAK RTO - OR22( 04-DEC-2017 ),1,AGRICULTURAL TRACTOR,5,5,7,3,2,5,3,9,8,2,4,13,66
2014,Odisha,BHADRAK RTO - OR22( 04-DEC-2017 ),2,AMBULANCE,0,0,0,0,1,0,0,4,0,0,1,0,6
2014,Odisha,BHADRAK RTO - OR22( 04-DEC-2017 ),3,BUS,2,2,0,2,3,0,1,2,2,1,0,1,16
2014,Odisha,BHADRAK RTO - OR22( 04-DEC-2017 ),4,CONSTRUCTION EQUIPMENT VEHICLE,0,0,0,0,0,0,1,0,0,0,0,3,4
2014,Odisha,BHADRAK RTO - OR22( 04-DEC-2017 ),5,EDUCATIONAL INSTITUTION BUS,1,0,0,0,0,1,0,1,0,1,0,2,6
2014,Odisha,BHADRAK RTO - OR22( 04-DEC-2017 ),6,GOODS CARRIER,38,43,42,26,26,29,24,12,28,29,32,28,357
2014,Odisha,BHADRAK RTO - OR22( 04-DEC-2017 ),7,MAXI CAB,15,10,13,12,7,8,11,3,8,23,17,16,143
2014,Odisha,BHADRAK RTO - OR22( 04-DEC-2017 ),8,M-CYCLE/SCOOTER,"1,166","1,027","1,336","1,127","1,154","1,043",851,844,990,"1,686","1,192",884,"13,300"
2014,Odisha,BHADRAK RTO - OR22( 04-DEC-2017 ),9,M-CYCLE/SCOOTER-WITH SIDE CAR,0,0,0,0,0,1,0,0,0,0,0,0,1
2014,Odisha,BHADRAK RTO - OR22( 04-DEC-2017 ),10,MOPED,94,104,119,166,152,174,142,35,28,50,26,20,"1,110"
2014,Odisha,BHADRAK RTO - OR22( 04-DEC-2017 ),11,MOTOR CAB,1,2,1,1,1,0,1,2,2,1,1,1,14
2014,Odisha,BHADRAK RTO - OR22( 04-DEC-2017 ),12,MOTOR CAR,20,10,21,25,26,33,37,18,11,26,27,13,267
2014,Odisha,BHADRAK RTO - OR22( 04-DEC-2017 ),13,OMNI BUS,2,2,4,6,4,3,2,3,7,0,1,0,34
2014,Odisha,BHADRAK RTO - OR22( 04-DEC-2017 ),14,OMNI BUS (PRIVATE USE),0,0,2,1,0,0,1,1,1,0,0,0,6
2014,Odisha,BHADRAK RTO - OR22( 04-DEC-2017 ),15,PRIVATE SERVICE VEHICLE (INDIVIDUAL USE),0,0,0,1,0,0,0,0,0,0,0,0,1
2014,Odisha,BHADRAK RTO - OR22( 04-DEC-2017 ),16,THREE WHEELER (GOODS),9,16,17,11,14,6,9,7,13,12,12,14,140
2014,Odisha,BHADRAK RTO - OR22( 04-DEC-2017 ),17,THREE WHEELER (PASSENGER),22,20,21,15,37,31,35,30,43,52,50,35,391
2014,Odisha,BHADRAK RTO - OR22( 04-DEC-2017 ),18,TRACTOR (COMMERCIAL),40,27,45,22,18,21,15,7,22,30,41,40,328
2014,Odisha,BHADRAK RTO - OR22( 04-DEC-2017 ),19,TRAILER (COMMERCIAL),41,30,46,22,19,22,14,6,22,30,39,40,331
2014,Odisha,BHANJANAGAR RTO - OR32( 04-DEC-2017 ),1,ADAPTED VEHICLE,0,0,0,0,0,0,0,1,0,1,0,0,2
2014,Odisha,BHANJANAGAR RTO - OR32( 04-DEC-2017 ),2,AGRICULTURAL TRACTOR,1,0,1,1,5,2,3,9,3,0,1,0,26
2014,Odisha,BHANJANAGAR RTO - OR32( 04-DEC-2017 ),3,AMBULANCE,0,0,0,0,0,0,1,1,0,0,1,0,3
2014,Odisha,BHANJANAGAR RTO - OR32( 04-DEC-2017 ),4,BUS,2,0,2,0,0,0,2,1,1,2,1,1,12
2014,Odisha,BHANJANAGAR RTO - OR32( 04-DEC-2017 ),5,EDUCATIONAL INSTITUTION BUS,0,0,0,0,1,1,0,3,0,0,0,1,6
2014,Odisha,BHANJANAGAR RTO - OR32( 04-DEC-2017 ),6,GOODS CARRIER,4,3,3,6,4,4,5,3,6,8,10,6,62
2014,Odisha,BHANJANAGAR RTO - OR32( 04-DEC-2017 ),7,MAXI CAB,0,1,2,1,2,1,0,2,2,1,3,5,20
2014,Odisha,BHANJANAGAR RTO - OR32( 04-DEC-2017 ),8,M-CYCLE/SCOOTER,27,24,232,227,283,259,255,298,249,352,454,352,"3,012"
2014,Odisha,BHANJANAGAR RTO - OR32( 04-DEC-2017 ),9,MOPED,5,5,40,49,70,32,41,35,80,65,148,115,685
2014,Odisha,BHANJANAGAR RTO - OR32( 04-DEC-2017 ),10,MOTOR CAB,0,0,0,0,0,0,0,0,0,0,0,1,1
2014,Odisha,BHANJANAGAR RTO - OR32( 04-DEC-2017 ),11,MOTOR CAR,7,2,6,10,5,6,6,6,4,8,7,6,73
2014,Odisha,BHANJANAGAR RTO - OR32( 04-DEC-2017 ),12,OMNI BUS,0,2,4,2,3,2,2,2,3,3,2,3,28
2014,Odisha,BHANJANAGAR RTO - OR32( 04-DEC-2017 ),13,OMNI BUS (PRIVATE USE),0,1,1,0,1,0,1,1,1,0,3,1,10
2014,Odisha,BHANJANAGAR RTO - OR32( 04-DEC-2017 ),14,PRIVATE SERVICE VEHICLE (INDIVIDUAL USE),0,0,0,0,0,0,0,0,1,0,0,0,1
2014,Odisha,BHANJANAGAR RTO - OR32( 04-DEC-2017 ),15,THREE WHEELER (GOODS),0,1,1,1,1,0,1,1,1,3,9,8,27
2014,Odisha,BHANJANAGAR RTO - OR32( 04-DEC-2017 ),16,THREE WHEELER (PASSENGER),2,3,5,0,2,5,5,3,29,26,30,14,124
2014,Odisha,BHANJANAGAR RTO - OR32( 04-DEC-2017 ),17,TRACTOR (COMMERCIAL),5,3,29,16,35,16,13,23,27,30,37,26,260
2014,Odisha,BHANJANAGAR RTO - OR32( 04-DEC-2017 ),18,TRAILER (COMMERCIAL),4,3,28,17,32,14,12,23,25,29,38,28,253
2014,Odisha,BHUBANESWAR-II RTO - OR33( 23-OCT-2017 ),1,AGRICULTURAL TRACTOR,0,0,0,0,0,1,0,0,0,0,0,0,1
2014,Odisha,BHUBANESWAR-II RTO - OR33( 23-OCT-2017 ),2,AMBULANCE,0,0,3,0,0,6,7,11,3,8,4,3,45
2014,Odisha,BHUBANESWAR-II RTO - OR33( 23-OCT-2017 ),3,BUS,1,0,0,0,0,0,0,1,1,0,4,0,7
2014,Odisha,BHUBANESWAR-II RTO - OR33( 23-OCT-2017 ),4,CASH VAN,0,0,0,5,0,0,0,0,0,0,0,0,5
2014,Odisha,BHUBANESWAR-II RTO - OR33( 23-OCT-2017 ),5,CONSTRUCTION EQUIPMENT VEHICLE,0,1,0,0,0,0,0,0,1,1,0,1,4
2014,Odisha,BHUBANESWAR-II RTO - OR33( 23-OCT-2017 ),6,EDUCATIONAL INSTITUTION BUS,0,0,0,0,5,2,1,2,2,1,2,0,15
2014,Odisha,BHUBANESWAR-II RTO - OR33( 23-OCT-2017 ),7,FIRE TENDERS,0,0,0,0,0,0,2,0,0,0,0,0,2
2014,Odisha,BHUBANESWAR-II RTO - OR33( 23-OCT-2017 ),8,GOODS CARRIER,8,15,11,6,20,34,20,18,16,16,13,36,213
2014,Odisha,BHUBANESWAR-II RTO - OR33( 23-OCT-2017 ),9,MAXI CAB,1,3,3,0,10,11,4,5,7,7,12,14,77
2014,Odisha,BHUBANESWAR-II RTO - OR33( 23-OCT-2017 ),10,M-CYCLE/SCOOTER,24,14,346,"1,441","2,140","1,697","2,188","1,904","2,444","2,908","2,386","1,897","19,389"
2014,Odisha,BHUBANESWAR-II RTO - OR33( 23-OCT-2017 ),11,M-CYCLE/SCOOTER-WITH SIDE CAR,0,0,0,0,0,1,0,0,0,0,0,1,2
2014,Odisha,BHUBANESWAR-II RTO - OR33( 23-OCT-2017 ),12,MOPED,2,0,0,14,10,1,7,2,2,7,32,31,108
2014,Odisha,BHUBANESWAR-II RTO - OR33( 23-OCT-2017 ),13,MOTOR CAB,0,0,0,2,7,8,8,11,9,8,7,7,67
2014,Odisha,BHUBANESWAR-II RTO - OR33( 23-OCT-2017 ),14,MOTOR CAR,8,8,36,81,203,210,249,189,175,202,251,207,"1,819"
2014,Odisha,BHUBANESWAR-II RTO - OR33( 23-OCT-2017 ),15,MOTOR CYCLE/SCOOTER-USED FOR HIRE,0,0,0,0,0,1,2,0,1,0,1,2,7
2014,Odisha,BHUBANESWAR-II RTO - OR33( 23-OCT-2017 ),16,OMNI BUS,0,0,0,0,0,0,0,3,2,3,1,0,9
2014,Odisha,BHUBANESWAR-II RTO - OR33( 23-OCT-2017 ),17,OMNI BUS (PRIVATE USE),0,0,6,9,16,3,1,0,2,2,2,2,43
2014,Odisha,BHUBANESWAR-II RTO - OR33( 23-OCT-2017 ),18,PRIVATE SERVICE VEHICLE,0,0,0,1,0,1,0,4,1,0,0,0,7
2014,Odisha,BHUBANESWAR-II RTO - OR33( 23-OCT-2017 ),19,PRIVATE SERVICE VEHICLE (INDIVIDUAL USE),0,0,0,0,0,0,1,1,0,0,0,0,2
2014,Odisha,BHUBANESWAR-II RTO - OR33( 23-OCT-2017 ),20,THREE WHEELER (GOODS),0,1,0,10,16,20,23,30,23,35,34,25,217
2014,Odisha,BHUBANESWAR-II RTO - OR33( 23-OCT-2017 ),21,THREE WHEELER (PASSENGER),1,0,1,32,109,108,137,111,167,159,145,127,"1,097"
2014,Odisha,BHUBANESWAR-II RTO - OR33( 23-OCT-2017 ),22,TRACTOR (COMMERCIAL),1,0,0,2,1,1,5,23,10,11,16,14,84
2014,Odisha,BHUBANESWAR-II RTO - OR33( 23-OCT-2017 ),23,TRAILER (COMMERCIAL),1,0,0,1,1,1,5,22,10,11,16,14,82
2014,Odisha,BHUBANESWAR RTO - OR2( 22-JAN-2018 ),1,ADAPTED VEHICLE,0,0,0,1,0,0,0,0,0,0,0,0,1
2014,Odisha,BHUBANESWAR RTO - OR2( 22-JAN-2018 ),2,AGRICULTURAL TRACTOR,1,3,10,12,2,8,13,5,4,14,7,6,85
2014,Odisha,BHUBANESWAR RTO - OR2( 22-JAN-2018 ),3,AMBULANCE,16,62,34,2,2,1,10,27,18,2,2,1,177
2014,Odisha,BHUBANESWAR RTO - OR2( 22-JAN-2018 ),4,ARTICULATED VEHICLE,0,0,0,0,0,0,0,0,0,0,1,0,1
2014,Odisha,BHUBANESWAR RTO - OR2( 22-JAN-2018 ),5,BUS,7,8,6,3,6,8,4,0,11,6,9,6,74
2014,Odisha,BHUBANESWAR RTO - OR2( 22-JAN-2018 ),6,CASH VAN,0,0,1,0,0,0,0,0,3,0,4,1,9
2014,Odisha,BHUBANESWAR RTO - OR2( 22-JAN-2018 ),7,CONSTRUCTION EQUIPMENT VEHICLE,1,0,1,0,2,3,1,0,1,1,1,0,11
2014,Odisha,BHUBANESWAR RTO - OR2( 22-JAN-2018 ),8,CRANE MOUNTED VEHICLE,1,1,0,0,1,0,0,1,0,0,0,0,4
2014,Odisha,BHUBANESWAR RTO - OR2( 22-JAN-2018 ),9,EARTH MOVING EQUIPMENT,1,1,0,0,1,0,1,0,0,0,0,2,6
2014,Odisha,BHUBANESWAR RTO - OR2( 22-JAN-2018 ),10,EDUCATIONAL INSTITUTION BUS,3,0,0,3,0,6,8,1,1,1,0,1,24
2014,Odisha,BHUBANESWAR RTO - OR2( 22-JAN-2018 ),11,GOODS CARRIER,164,158,195,173,147,128,137,106,133,171,118,119,"1,749"
2014,Odisha,BHUBANESWAR RTO - OR2( 22-JAN-2018 ),12,HARVESTER,2,2,7,3,3,1,2,0,0,1,0,5,26
2014,Odisha,BHUBANESWAR RTO - OR2( 22-JAN-2018 ),13,LUXURY CAB,0,0,0,1,0,0,0,0,0,0,0,0,1
2014,Odisha,BHUBANESWAR RTO - OR2( 22-JAN-2018 ),14,MAXI CAB,58,53,60,47,46,42,29,38,47,51,54,45,570
2014,Odisha,BHUBANESWAR RTO - OR2( 22-JAN-2018 ),15,M-CYCLE/SCOOTER,"4,468","4,041","4,466","3,699","2,847","2,543","3,121","2,266","2,470","3,188","4,043","2,541","39,693"
2014,Odisha,BHUBANESWAR RTO - OR2( 22-JAN-2018 ),16,M-CYCLE/SCOOTER-WITH SIDE CAR,0,0,1,3,0,2,1,0,0,1,1,0,9
2014,Odisha,BHUBANESWAR RTO - OR2( 22-JAN-2018 ),17,MOPED,241,222,284,178,205,221,189,208,204,288,345,264,"2,849"
2014,Odisha,BHUBANESWAR RTO - OR2( 22-JAN-2018 ),18,MOTOR CAB,26,27,36,14,21,12,20,28,31,21,19,23,278
2014,Odisha,BHUBANESWAR RTO - OR2( 22-JAN-2018 ),19,MOTOR CAR,"1,302",949,"1,088",927,"1,040",828,"1,034",896,898,"1,329","1,170",967,"12,428"
2014,Odisha,BHUBANESWAR RTO - OR2( 22-JAN-2018 ),20,MOTOR CYCLE/SCOOTER-USED FOR HIRE,2,0,0,1,0,2,0,0,0,0,2,0,7
2014,Odisha,BHUBANESWAR RTO - OR2( 22-JAN-2018 ),21,OMNI BUS,13,5,5,4,3,0,4,2,7,3,3,4,53
2014,Odisha,BHUBANESWAR RTO - OR2( 22-JAN-2018 ),22,OMNI BUS (PRIVATE USE),18,27,14,20,20,8,19,13,11,14,14,21,199
2014,Odisha,BHUBANESWAR RTO - OR2( 22-JAN-2018 ),23,PRIVATE SERVICE VEHICLE,0,4,0,0,1,3,2,0,2,1,1,0,14
2014,Odisha,BHUBANESWAR RTO - OR2( 22-JAN-2018 ),24,PRIVATE SERVICE VEHICLE (INDIVIDUAL USE),1,0,1,1,0,0,0,0,0,0,0,0,3
2014,Odisha,BHUBANESWAR RTO - OR2( 22-JAN-2018 ),25,THREE WHEELER (GOODS),32,40,46,24,23,16,13,18,25,26,17,25,305
2014,Odisha,BOLANGIR RTO - OR3( 25-DEC-2017 ),1,AGRICULTURAL TRACTOR,0,2,0,0,0,0,1,0,0,1,0,1,5
2014,Odisha,BOLANGIR RTO - OR3( 25-DEC-2017 ),2,AMBULANCE,0,0,0,1,0,0,1,1,0,1,0,3,7
2014,Odisha,BOLANGIR RTO - OR3( 25-DEC-2017 ),3,BUS,1,2,1,1,0,2,2,0,0,1,3,1,14
2014,Odisha,BOLANGIR RTO - OR3( 25-DEC-2017 ),4,EDUCATIONAL INSTITUTION BUS,1,2,0,0,1,2,1,3,2,0,0,0,12
2014,Odisha,BOLANGIR RTO - OR3( 25-DEC-2017 ),5,EXCAVATOR (COMMERCIAL),0,0,0,0,1,1,0,0,0,0,0,0,2
2014,Odisha,BOLANGIR RTO - OR3( 25-DEC-2017 ),6,GOODS CARRIER,44,39,44,29,37,35,47,27,28,42,46,60,478
2014,Odisha,BOLANGIR RTO - OR3( 25-DEC-2017 ),7,MAXI CAB,21,16,24,9,13,9,10,14,13,18,11,10,168
2014,Odisha,BOLANGIR RTO - OR3( 25-DEC-2017 ),8,M-CYCLE/SCOOTER,"1,356","1,512","2,002","1,897","1,412",995,787,551,697,917,827,915,"13,868"
2014,Odisha,BOLANGIR RTO - OR3( 25-DEC-2017 ),9,M-CYCLE/SCOOTER-WITH SIDE CAR,0,2,0,0,1,0,0,0,0,0,1,0,4
2014,Odisha,BOLANGIR RTO - OR3( 25-DEC-2017 ),10,MOPED,143,141,143,96,92,85,50,59,64,121,87,107,"1,188"
2014,Odisha,BOLANGIR RTO - OR3( 25-DEC-2017 ),11,MOTOR CAB,3,1,2,1,1,2,1,2,3,3,1,1,21
2014,Odisha,BOLANGIR RTO - OR3( 25-DEC-2017 ),12,MOTOR CAR,56,47,65,59,46,38,31,49,48,50,74,49,612
2014,Odisha,BOLANGIR RTO - OR3( 25-DEC-2017 ),13,OMNI BUS,0,3,0,1,0,0,0,1,0,0,0,0,5
2014,Odisha,BOLANGIR RTO - OR3( 25-DEC-2017 ),14,OMNI BUS (PRIVATE USE),7,6,6,3,6,2,0,3,5,11,5,5,59
2014,Odisha,BOLANGIR RTO - OR3( 25-DEC-2017 ),15,PRIVATE SERVICE VEHICLE,0,0,0,0,0,0,0,0,1,1,0,0,2
2014,Odisha,BOLANGIR RTO - OR3( 25-DEC-2017 ),16,PRIVATE SERVICE VEHICLE (INDIVIDUAL USE),0,0,0,0,0,0,0,0,0,1,0,0,1
2014,Odisha,BOLANGIR RTO - OR3( 25-DEC-2017 ),17,THREE WHEELER (GOODS),0,0,1,1,0,1,2,2,0,2,0,0,9
2014,Odisha,BOLANGIR RTO - OR3( 25-DEC-2017 ),18,THREE WHEELER (PASSENGER),9,7,14,8,12,8,18,12,17,22,29,21,177
2014,Odisha,BOLANGIR RTO - OR3( 25-DEC-2017 ),19,TRACTOR (COMMERCIAL),53,45,40,37,51,36,48,23,29,32,56,41,491
2014,Odisha,BOLANGIR RTO - OR3( 25-DEC-2017 ),20,TRAILER (COMMERCIAL),49,43,42,38,50,28,28,17,26,25,40,28,414
2014,Odisha,BOUDH RTO - OR27( 23-OCT-2017 ),1,BUS,0,0,0,0,1,0,0,1,0,0,1,0,3
2014,Odisha,BOUDH RTO - OR27( 23-OCT-2017 ),2,EDUCATIONAL INSTITUTION BUS,0,0,0,0,0,1,0,0,0,0,0,0,1
2014,Odisha,BOUDH RTO - OR27( 23-OCT-2017 ),3,GOODS CARRIER,6,9,9,5,5,2,2,1,1,10,4,6,60
2014,Odisha,BOUDH RTO - OR27( 23-OCT-2017 ),4,MAXI CAB,3,2,0,4,1,2,2,1,1,1,4,3,24
2014,Odisha,BOUDH RTO - OR27( 23-OCT-2017 ),5,M-CYCLE/SCOOTER,176,175,244,222,249,159,134,38,106,165,94,115,"1,877"
2014,Odisha,BOUDH RTO - OR27( 23-OCT-2017 ),6,MOPED,8,2,6,4,15,11,3,4,18,26,17,16,130
2014,Odisha,BOUDH RTO - OR27( 23-OCT-2017 ),7,MOTOR CAB,0,1,0,0,1,0,1,0,0,0,0,1,4
2014,Odisha,BOUDH RTO - OR27( 23-OCT-2017 ),8,MOTOR CAR,3,1,5,5,3,0,4,0,3,3,4,4,35
2014,Odisha,BOUDH RTO - OR27( 23-OCT-2017 ),9,OMNI BUS,1,0,0,0,0,0,1,0,0,1,0,0,3
2014,Odisha,BOUDH RTO - OR27( 23-OCT-2017 ),10,OMNI BUS (PRIVATE USE),0,0,0,1,0,0,1,0,2,0,0,0,4
2014,Odisha,BOUDH RTO - OR27( 23-OCT-2017 ),11,PRIVATE SERVICE VEHICLE (INDIVIDUAL USE),0,0,1,1,0,1,0,0,1,0,1,0,5
2014,Odisha,BOUDH RTO - OR27( 23-OCT-2017 ),12,THREE WHEELER (GOODS),0,0,0,0,1,0,1,0,1,2,0,3,8
2014,Odisha,BOUDH RTO - OR27( 23-OCT-2017 ),13,THREE WHEELER (PASSENGER),3,1,8,4,1,8,6,0,1,6,4,9,51
2014,Odisha,BOUDH RTO - OR27( 23-OCT-2017 ),14,TRACTOR (COMMERCIAL),1,2,6,2,2,2,1,3,1,1,2,5,28
2014,Odisha,BOUDH RTO - OR27( 23-OCT-2017 ),15,TRAILER (COMMERCIAL),1,2,6,2,2,2,1,3,2,1,2,5,29
2014,Odisha,CHANDIKHOLE RTO - OR4( 23-OCT-2017 ),1,AGRICULTURAL TRACTOR,1,0,1,1,1,0,2,0,0,0,0,0,6
2014,Odisha,CHANDIKHOLE RTO - OR4( 23-OCT-2017 ),2,AMBULANCE,0,0,0,0,0,0,2,1,0,0,0,2,5
2014,Odisha,CHANDIKHOLE RTO - OR4( 23-OCT-2017 ),3,ARTICULATED VEHICLE,0,0,0,0,0,0,0,0,0,1,0,0,1
2014,Odisha,CHANDIKHOLE RTO - OR4( 23-OCT-2017 ),4,BUS,1,0,0,1,0,4,0,3,2,0,2,0,13
2014,Odisha,CHANDIKHOLE RTO - OR4( 23-OCT-2017 ),5,CONSTRUCTION EQUIPMENT VEHICLE,0,1,0,0,1,1,0,0,0,0,0,2,5
2014,Odisha,CHANDIKHOLE RTO - OR4( 23-OCT-2017 ),6,CRANE MOUNTED VEHICLE,0,0,0,0,0,0,0,0,1,0,0,0,1
2014,Odisha,CHANDIKHOLE RTO - OR4( 23-OCT-2017 ),7,EDUCATIONAL INSTITUTION BUS,1,0,0,1,0,2,1,0,0,0,0,0,5
2014,Odisha,CHANDIKHOLE RTO - OR4( 23-OCT-2017 ),8,EXCAVATOR (COMMERCIAL),0,0,0,0,0,0,0,1,0,0,0,0,1
2014,Odisha,CHANDIKHOLE RTO - OR4( 23-OCT-2017 ),9,GOODS CARRIER,113,77,102,84,81,72,81,58,87,84,82,77,998
2014,Odisha,CHANDIKHOLE RTO - OR4( 23-OCT-2017 ),10,MAXI CAB,22,36,38,30,30,24,40,21,24,34,16,20,335
2014,Odisha,CHANDIKHOLE RTO - OR4( 23-OCT-2017 ),11,M-CYCLE/SCOOTER,"1,754","1,753","2,171","2,023","2,152","1,923","2,378","1,396","1,420","2,024","2,603","1,555","23,152"
2014,Odisha,CHANDIKHOLE RTO - OR4( 23-OCT-2017 ),12,M-CYCLE/SCOOTER-WITH SIDE CAR,0,1,1,0,0,0,0,2,0,1,2,1,8
2014,Odisha,CHANDIKHOLE RTO - OR4( 23-OCT-2017 ),13,MOBILE WORKSHOP,0,0,0,0,0,0,1,0,0,0,0,0,1
2014,Odisha,CHANDIKHOLE RTO - OR4( 23-OCT-2017 ),14,MOPED,118,90,132,124,161,77,107,121,63,70,197,137,"1,397"
2014,Odisha,CHANDIKHOLE RTO - OR4( 23-OCT-2017 ),15,MOTOR CAB,0,2,2,0,4,2,1,3,1,1,3,0,19
2014,Odisha,CHANDIKHOLE RTO - OR4( 23-OCT-2017 ),16,MOTOR CAR,40,39,45,35,59,37,58,39,70,59,53,50,584
2014,Odisha,CHANDIKHOLE RTO - OR4( 23-OCT-2017 ),17,OMNI BUS,6,0,1,0,7,1,0,2,1,1,0,0,19
2014,Odisha,CHANDIKHOLE RTO - OR4( 23-OCT-2017 ),18,OMNI BUS (PRIVATE USE),1,0,1,0,1,1,1,0,0,2,1,1,9
2014,Odisha,CHANDIKHOLE RTO - OR4( 23-OCT-2017 ),19,PRIVATE SERVICE VEHICLE,0,0,0,1,1,1,0,1,0,0,0,0,4
2014,Odisha,CHANDIKHOLE RTO - OR4( 23-OCT-2017 ),20,THREE WHEELER (GOODS),8,18,18,16,13,20,14,13,15,29,17,16,197
2014,Odisha,CHANDIKHOLE RTO - OR4( 23-OCT-2017 ),21,THREE WHEELER (PASSENGER),22,34,34,25,22,44,33,32,42,48,50,27,413
2014,Odisha,CHANDIKHOLE RTO - OR4( 23-OCT-2017 ),22,TRACTOR (COMMERCIAL),44,34,57,47,46,35,42,22,9,35,44,28,443
2014,Odisha,CHANDIKHOLE RTO - OR4( 23-OCT-2017 ),23,TRAILER (COMMERCIAL),41,34,57,45,44,35,42,24,9,35,44,27,437
2014,Odisha,CUTTACK RTO - OR5( 31-MAY-2017 ),1,AGRICULTURAL TRACTOR,1,0,0,1,1,1,0,1,0,0,0,2,7
2014,Odisha,CUTTACK RTO - OR5( 31-MAY-2017 ),2,AMBULANCE,0,0,0,4,1,2,5,4,11,2,0,1,30
2014,Odisha,CUTTACK RTO - OR5( 31-MAY-2017 ),3,BUS,10,13,7,7,7,3,2,3,6,3,7,4,72
2014,Odisha,CUTTACK RTO - OR5( 31-MAY-2017 ),4,CONSTRUCTION EQUIPMENT VEHICLE,0,2,2,2,1,1,3,0,0,1,2,1,15
2014,Odisha,CUTTACK RTO - OR5( 31-MAY-2017 ),5,EDUCATIONAL INSTITUTION BUS,0,3,0,3,1,3,1,0,0,1,0,1,13
2014,Odisha,CUTTACK RTO - OR5( 31-MAY-2017 ),6,GOODS CARRIER,115,111,144,142,135,124,109,78,129,132,111,114,"1,444"
2014,Odisha,CUTTACK RTO - OR5( 31-MAY-2017 ),7,HARVESTER,0,0,0,0,0,0,0,0,0,0,1,0,1
2014,Odisha,CUTTACK RTO - OR5( 31-MAY-2017 ),8,MAXI CAB,54,35,43,38,30,39,30,18,37,44,26,56,450
2014,Odisha,CUTTACK RTO - OR5( 31-MAY-2017 ),9,M-CYCLE/SCOOTER,"2,389","1,962","2,632","2,890","2,356","2,319","2,140","1,394","1,958","3,173","2,236","1,916","27,365"
2014,Odisha,CUTTACK RTO - OR5( 31-MAY-2017 ),10,M-CYCLE/SCOOTER-WITH SIDE CAR,0,1,1,2,1,0,0,0,1,0,2,0,8
2014,Odisha,CUTTACK RTO - OR5( 31-MAY-2017 ),11,MOPED,"1,282","1,130","1,425","1,522","1,445","1,277","1,329","1,067","1,204","1,439","1,252","1,318","15,690"
2014,Odisha,CUTTACK RTO - OR5( 31-MAY-2017 ),12,MOTOR CAB,16,9,14,20,10,6,9,12,7,8,9,9,129
2014,Odisha,CUTTACK RTO - OR5( 31-MAY-2017 ),13,MOTOR CAR,349,224,259,280,278,295,319,245,307,341,327,282,"3,506"
2014,Odisha,CUTTACK RTO - OR5( 31-MAY-2017 ),14,MOTOR CYCLE/SCOOTER-USED FOR HIRE,0,0,0,1,0,1,0,0,0,0,0,0,2
2014,Odisha,CUTTACK RTO - OR5( 31-MAY-2017 ),15,OMNI BUS,5,1,1,1,1,4,2,0,1,0,0,5,21
2014,Odisha,CUTTACK RTO - OR5( 31-MAY-2017 ),16,OMNI BUS (PRIVATE USE),15,9,19,203,14,6,32,6,25,6,9,17,361
2014,Odisha,CUTTACK RTO - OR5( 31-MAY-2017 ),17,PRIVATE SERVICE VEHICLE,0,2,0,1,0,0,0,2,0,0,0,0,5
2014,Odisha,CUTTACK RTO - OR5( 31-MAY-2017 ),18,PRIVATE SERVICE VEHICLE (INDIVIDUAL USE),0,0,0,0,0,1,0,0,0,0,0,0,1
2014,Odisha,CUTTACK RTO - OR5( 31-MAY-2017 ),19,THREE WHEELER (GOODS),12,11,29,9,22,15,23,14,29,21,20,26,231
2014,Odisha,CUTTACK RTO - OR5( 31-MAY-2017 ),20,THREE WHEELER (PASSENGER),78,71,87,71,77,69,95,99,124,133,123,87,"1,114"
2014,Odisha,CUTTACK RTO - OR5( 31-MAY-2017 ),21,TRACTOR (COMMERCIAL),66,52,52,52,27,17,33,34,31,32,41,29,466
2014,Odisha,CUTTACK RTO - OR5( 31-MAY-2017 ),22,TRAILER (COMMERCIAL),66,53,51,53,27,16,34,34,33,33,44,29,473
2014,Odisha,DEOGARH RTO - OR28( 23-OCT-2017 ),1,AMBULANCE,0,0,0,0,0,0,0,1,0,0,0,0,1
2014,Odisha,DEOGARH RTO - OR28( 23-OCT-2017 ),2,BUS,0,1,0,0,0,0,0,0,0,0,2,0,3
2014,Odisha,DEOGARH RTO - OR28( 23-OCT-2017 ),3,EDUCATIONAL INSTITUTION BUS,0,0,0,0,0,1,0,0,1,0,0,0,2
2014,Odisha,DEOGARH RTO - OR28( 23-OCT-2017 ),4,EXCAVATOR (COMMERCIAL),0,0,0,1,0,0,0,0,0,0,0,0,1
2014,Odisha,DEOGARH RTO - OR28( 23-OCT-2017 ),5,GOODS CARRIER,8,2,11,3,3,1,1,0,0,8,5,6,48
2014,Odisha,DEOGARH RTO - OR28( 23-OCT-2017 ),6,MAXI CAB,2,4,6,4,2,1,4,0,2,1,5,3,34
2014,Odisha,DEOGARH RTO - OR28( 23-OCT-2017 ),7,M-CYCLE/SCOOTER,53,48,95,88,132,84,116,80,99,7,178,81,"1,061"
2014,Odisha,DEOGARH RTO - OR28( 23-OCT-2017 ),8,MOPED,11,1,9,2,5,4,10,3,3,0,6,5,59
2014,Odisha,DEOGARH RTO - OR28( 23-OCT-2017 ),9,MOTOR CAB,1,0,0,0,1,0,0,0,0,0,0,0,2
2014,Odisha,DEOGARH RTO - OR28( 23-OCT-2017 ),10,MOTOR CAR,8,4,5,2,4,3,3,1,2,4,16,2,54
2014,Odisha,DEOGARH RTO - OR28( 23-OCT-2017 ),11,OMNI BUS (PRIVATE USE),2,0,3,1,1,1,2,0,1,0,2,1,14
2014,Odisha,DEOGARH RTO - OR28( 23-OCT-2017 ),12,PRIVATE SERVICE VEHICLE (INDIVIDUAL USE),0,0,0,0,0,0,0,0,0,1,0,0,1
2014,Odisha,DEOGARH RTO - OR28( 23-OCT-2017 ),13,THREE WHEELER (PASSENGER),1,0,1,0,1,0,2,1,6,1,6,1,20
2014,Odisha,DEOGARH RTO - OR28( 23-OCT-2017 ),14,TRACTOR (COMMERCIAL),11,1,16,3,6,3,4,5,5,2,15,2,73
2014,Odisha,DEOGARH RTO - OR28( 23-OCT-2017 ),15,TRAILER (COMMERCIAL),11,1,16,3,7,3,4,3,5,3,15,2,73
2014,Odisha,DHENKANAL RTO - OR6( 07-NOV-2017 ),1,ADAPTED VEHICLE,0,0,0,0,0,0,0,0,1,0,0,0,1
2014,Odisha,DHENKANAL RTO - OR6( 07-NOV-2017 ),2,AGRICULTURAL TRACTOR,0,0,1,0,2,1,0,0,3,0,1,0,8
2014,Odisha,DHENKANAL RTO - OR6( 07-NOV-2017 ),3,BUS,0,3,1,0,0,0,0,0,0,0,1,0,5
2014,Odisha,DHENKANAL RTO - OR6( 07-NOV-2017 ),4,CONSTRUCTION EQUIPMENT VEHICLE,0,0,0,0,0,1,0,0,0,0,0,0,1
2014,Odisha,DHENKANAL RTO - OR6( 07-NOV-2017 ),5,EDUCATIONAL INSTITUTION BUS,1,0,0,0,0,1,1,1,0,1,0,0,5
2014,Odisha,DHENKANAL RTO - OR6( 07-NOV-2017 ),6,GOODS CARRIER,22,18,20,24,18,19,14,11,18,15,20,5,204
2014,Odisha,DHENKANAL RTO - OR6( 07-NOV-2017 ),7,MAXI CAB,2,0,1,2,3,0,1,0,0,1,1,1,12
2014,Odisha,DHENKANAL RTO - OR6( 07-NOV-2017 ),8,M-CYCLE/SCOOTER,598,487,818,719,669,729,665,434,615,939,594,475,"7,742"
2014,Odisha,DHENKANAL RTO - OR6( 07-NOV-2017 ),9,MOPED,82,40,75,66,66,107,77,33,79,80,109,60,874
2014,Odisha,DHENKANAL RTO - OR6( 07-NOV-2017 ),10,MOTOR CAB,0,3,1,1,0,2,0,0,0,1,2,0,10
2014,Odisha,DHENKANAL RTO - OR6( 07-NOV-2017 ),11,MOTOR CAR,15,12,19,17,19,14,16,15,25,32,25,20,229
2014,Odisha,DHENKANAL RTO - OR6( 07-NOV-2017 ),12,OMNI BUS,3,3,0,1,4,5,5,0,1,0,0,5,27
2014,Odisha,DHENKANAL RTO - OR6( 07-NOV-2017 ),13,OMNI BUS (PRIVATE USE),0,0,1,1,2,0,1,0,0,0,0,0,5
2014,Odisha,DHENKANAL RTO - OR6( 07-NOV-2017 ),14,PRIVATE SERVICE VEHICLE,0,0,0,0,1,1,0,0,0,0,0,0,2
2014,Odisha,DHENKANAL RTO - OR6( 07-NOV-2017 ),15,THREE WHEELER (GOODS),5,3,6,6,3,3,3,1,4,3,4,6,47
2014,Odisha,DHENKANAL RTO - OR6( 07-NOV-2017 ),16,THREE WHEELER (PASSENGER),10,13,12,9,16,31,24,12,34,15,19,13,208
2014,Odisha,DHENKANAL RTO - OR6( 07-NOV-2017 ),17,TRACTOR (COMMERCIAL),17,27,34,16,7,17,11,15,12,15,9,13,193
2014,Odisha,DHENKANAL RTO - OR6( 07-NOV-2017 ),18,TRACTOR-TROLLEY(COMMERCIAL),1,5,3,2,0,5,2,1,2,2,1,0,24
2014,Odisha,DHENKANAL RTO - OR6( 07-NOV-2017 ),19,TRAILER (COMMERCIAL),13,20,31,14,8,11,9,15,9,12,8,10,160
2014,Odisha,GAJAPATI RTO - OR20( 07-NOV-2017 ),1,AGRICULTURAL TRACTOR,0,0,0,1,0,1,0,1,0,0,2,1,6
2014,Odisha,GAJAPATI RTO - OR20( 07-NOV-2017 ),2,AMBULANCE,0,0,0,0,0,0,0,0,1,0,0,0,1
2014,Odisha,GAJAPATI RTO - OR20( 07-NOV-2017 ),3,BUS,2,3,1,0,0,1,0,0,1,1,0,0,9
2014,Odisha,GAJAPATI RTO - OR20( 07-NOV-2017 ),4,CONSTRUCTION EQUIPMENT VEHICLE,0,0,0,1,0,0,0,0,0,0,0,0,1
2014,Odisha,GAJAPATI RTO - OR20( 07-NOV-2017 ),5,EDUCATIONAL INSTITUTION BUS,0,0,0,0,0,0,0,0,0,0,1,0,1
2014,Odisha,GAJAPATI RTO - OR20( 07-NOV-2017 ),6,GOODS CARRIER,2,2,4,2,3,6,1,3,2,2,0,2,29
2014,Odisha,GAJAPATI RTO - OR20( 07-NOV-2017 ),7,MAXI CAB,0,0,0,0,0,0,0,0,0,0,1,0,1
2014,Odisha,GAJAPATI RTO - OR20( 07-NOV-2017 ),8,M-CYCLE/SCOOTER,64,141,102,149,162,122,151,146,101,98,86,121,"1,443"
2014,Odisha,GAJAPATI RTO - OR20( 07-NOV-2017 ),9,MOPED,2,19,32,49,35,25,19,26,24,13,34,17,295
2014,Odisha,GAJAPATI RTO - OR20( 07-NOV-2017 ),10,MOTOR CAB,1,1,1,1,1,1,1,0,0,0,0,0,7
2014,Odisha,GAJAPATI RTO - OR20( 07-NOV-2017 ),11,MOTOR CAR,4,0,4,8,3,7,8,4,6,6,7,7,64
2014,Odisha,GAJAPATI RTO - OR20( 07-NOV-2017 ),12,OMNI BUS,1,0,1,1,0,1,1,0,0,0,3,0,8
2014,Odisha,GAJAPATI RTO - OR20( 07-NOV-2017 ),13,OMNI BUS (PRIVATE USE),1,0,0,0,0,0,0,0,1,0,1,0,3
2014,Odisha,GAJAPATI RTO - OR20( 07-NOV-2017 ),14,PRIVATE SERVICE VEHICLE (INDIVIDUAL USE),0,0,0,0,0,0,0,0,0,1,0,0,1
2014,Odisha,GAJAPATI RTO - OR20( 07-NOV-2017 ),15,THREE WHEELER (GOODS),0,1,0,0,0,0,0,0,0,0,0,0,1
2014,Odisha,GAJAPATI RTO - OR20( 07-NOV-2017 ),16,THREE WHEELER (PASSENGER),0,0,0,1,0,1,0,0,0,1,0,0,3
2014,Odisha,GAJAPATI RTO - OR20( 07-NOV-2017 ),17,TRACTOR (COMMERCIAL),10,7,5,2,8,27,12,9,9,0,6,9,104
2014,Odisha,GAJAPATI RTO - OR20( 07-NOV-2017 ),18,TRAILER (COMMERCIAL),10,5,6,2,7,27,13,9,9,0,8,9,105
2014,Odisha,GANJAM RTO - OR7( 04-DEC-2017 ),1,ADAPTED VEHICLE,0,1,0,0,1,0,0,0,1,0,0,2,5
2014,Odisha,GANJAM RTO - OR7( 04-DEC-2017 ),2,AGRICULTURAL TRACTOR,7,4,16,5,2,4,10,5,8,5,1,0,67
2014,Odisha,GANJAM RTO - OR7( 04-DEC-2017 ),3,AMBULANCE,0,0,0,2,1,0,1,2,4,0,2,2,14
2014,Odisha,GANJAM RTO - OR7( 04-DEC-2017 ),4,BUS,2,18,1,4,2,3,2,2,7,0,4,1,46
2014,Odisha,GANJAM RTO - OR7( 04-DEC-2017 ),5,CONSTRUCTION EQUIPMENT VEHICLE,1,0,0,0,0,0,0,0,0,0,0,0,1
2014,Odisha,GANJAM RTO - OR7( 04-DEC-2017 ),6,CRANE MOUNTED VEHICLE,0,0,1,0,1,0,1,0,0,0,0,0,3
2014,Odisha,GANJAM RTO - OR7( 04-DEC-2017 ),7,EDUCATIONAL INSTITUTION BUS,1,2,2,0,0,1,6,4,2,1,0,0,19
2014,Odisha,GANJAM RTO - OR7( 04-DEC-2017 ),8,GOODS CARRIER,91,53,88,77,64,69,81,51,78,64,69,61,846
2014,Odisha,GANJAM RTO - OR7( 04-DEC-2017 ),9,HARVESTER,1,0,0,0,0,0,0,0,0,0,0,0,1
2014,Odisha,GANJAM RTO - OR7( 04-DEC-2017 ),10,LUXURY CAB,0,0,0,0,0,0,0,0,1,0,0,0,1
2014,Odisha,GANJAM RTO - OR7( 04-DEC-2017 ),11,MAXI CAB,11,5,8,9,6,5,7,7,3,6,8,4,79
2014,Odisha,GANJAM RTO - OR7( 04-DEC-2017 ),12,M-CYCLE/SCOOTER,"1,827","1,865","2,541","2,322","2,759","1,936","2,084","1,195","1,648","2,052","1,772","1,712","23,713"
2014,Odisha,GANJAM RTO - OR7( 04-DEC-2017 ),13,M-CYCLE/SCOOTER-WITH SIDE CAR,0,0,0,0,0,0,1,2,0,0,0,0,3
2014,Odisha,GANJAM RTO - OR7( 04-DEC-2017 ),14,MOPED,374,319,418,377,382,384,387,232,364,359,387,271,"4,254"
2014,Odisha,GANJAM RTO - OR7( 04-DEC-2017 ),15,MOTOR CAB,6,2,3,3,7,8,3,4,5,5,7,6,59
2014,Odisha,GANJAM RTO - OR7( 04-DEC-2017 ),16,MOTOR CAR,92,63,64,79,72,74,85,54,67,113,104,115,982
2014,Odisha,GANJAM RTO - OR7( 04-DEC-2017 ),17,MOTORISED CYCLE (CC > 25CC),0,0,0,0,0,0,0,0,1,1,0,0,2
2014,Odisha,GANJAM RTO - OR7( 04-DEC-2017 ),18,OMNI BUS,20,12,9,11,10,11,7,5,7,11,16,11,130
2014,Odisha,GANJAM RTO - OR7( 04-DEC-2017 ),19,OMNI BUS (PRIVATE USE),6,6,16,7,5,6,11,3,4,7,4,8,83
2014,Odisha,GANJAM RTO - OR7( 04-DEC-2017 ),20,PRIVATE SERVICE VEHICLE (INDIVIDUAL USE),0,3,2,1,1,0,2,1,1,1,0,2,14
2014,Odisha,GANJAM RTO - OR7( 04-DEC-2017 ),21,THREE WHEELER (GOODS),33,29,32,24,38,29,24,6,32,23,31,31,332
2014,Odisha,GANJAM RTO - OR7( 04-DEC-2017 ),22,THREE WHEELER (PASSENGER),124,111,178,89,117,98,140,66,121,109,79,85,"1,317"
2014,Odisha,GANJAM RTO - OR7( 04-DEC-2017 ),23,TRACTOR (COMMERCIAL),75,39,112,53,50,63,76,35,41,33,56,58,691
2014,Odisha,GANJAM RTO - OR7( 04-DEC-2017 ),24,TRAILER (COMMERCIAL),72,40,113,50,50,65,75,32,43,31,53,45,669
2014,Odisha,GANJAM RTO - OR7( 04-DEC-2017 ),25,VEHICLE FITTED WITH RIG,0,0,0,0,1,0,0,0,0,0,0,0,1
2014,Odisha,JAGATSINGHPUR RTO - OR21( 04-DEC-2017 ),1,AGRICULTURAL TRACTOR,3,2,3,1,0,0,1,0,0,0,0,0,10
2014,Odisha,JAGATSINGHPUR RTO - OR21( 04-DEC-2017 ),2,AMBULANCE,0,0,0,0,0,0,0,1,0,3,0,0,4
2014,Odisha,JAGATSINGHPUR RTO - OR21( 04-DEC-2017 ),3,BUS,0,0,0,0,0,0,0,0,0,1,0,0,1
2014,Odisha,JAGATSINGHPUR RTO - OR21( 04-DEC-2017 ),4,CONSTRUCTION EQUIPMENT VEHICLE,0,2,1,1,0,1,2,6,1,2,1,5,22
2014,Odisha,JAGATSINGHPUR RTO - OR21( 04-DEC-2017 ),5,CRANE MOUNTED VEHICLE,0,0,1,0,0,0,1,0,0,0,0,0,2
2014,Odisha,JAGATSINGHPUR RTO - OR21( 04-DEC-2017 ),6,GOODS CARRIER,19,19,16,17,16,12,14,12,9,14,20,19,187
2014,Odisha,JAGATSINGHPUR RTO - OR21( 04-DEC-2017 ),7,MAXI CAB,11,5,4,4,4,6,5,2,4,5,5,5,60
2014,Odisha,JAGATSINGHPUR RTO - OR21( 04-DEC-2017 ),8,M-CYCLE/SCOOTER,722,634,823,644,756,997,625,525,763,925,746,648,"8,808"
2014,Odisha,JAGATSINGHPUR RTO - OR21( 04-DEC-2017 ),9,MOPED,78,84,62,88,137,120,79,52,81,111,130,93,"1,115"
2014,Odisha,JAGATSINGHPUR RTO - OR21( 04-DEC-2017 ),10,MOTOR CAB,0,2,0,0,1,0,0,0,0,0,2,0,5
2014,Odisha,JAGATSINGHPUR RTO - OR21( 04-DEC-2017 ),11,MOTOR CAR,5,7,2,8,4,4,9,9,14,7,18,9,96
2014,Odisha,JAGATSINGHPUR RTO - OR21( 04-DEC-2017 ),12,OMNI BUS,0,0,0,1,0,1,0,0,0,0,0,0,2
2014,Odisha,JAGATSINGHPUR RTO - OR21( 04-DEC-2017 ),13,OMNI BUS (PRIVATE USE),0,0,0,0,1,0,1,0,0,1,0,0,3
2014,Odisha,JAGATSINGHPUR RTO - OR21( 04-DEC-2017 ),14,THREE WHEELER (GOODS),8,15,6,8,8,13,12,10,8,15,14,16,133
2014,Odisha,JAGATSINGHPUR RTO - OR21( 04-DEC-2017 ),15,THREE WHEELER (PASSENGER),17,12,22,20,13,17,19,13,17,41,30,24,245
2014,Odisha,JAGATSINGHPUR RTO - OR21( 04-DEC-2017 ),16,TRACTOR (COMMERCIAL),19,18,29,21,12,11,14,13,5,12,20,13,187
2014,Odisha,JAGATSINGHPUR RTO - OR21( 04-DEC-2017 ),17,TRAILER (COMMERCIAL),19,18,31,21,13,11,12,14,5,12,20,13,189
2014,Odisha,JAJPUR RTO - OR34( 23-OCT-2017 ),1,AGRICULTURAL TRACTOR,0,0,1,0,0,0,0,0,0,0,0,0,1
2014,Odisha,JAJPUR RTO - OR34( 23-OCT-2017 ),2,AMBULANCE,0,0,0,0,0,0,0,1,0,0,0,0,1
2014,Odisha,JAJPUR RTO - OR34( 23-OCT-2017 ),3,BUS,0,0,0,0,0,0,0,0,0,1,0,0,1
2014,Odisha,JAJPUR RTO - OR34( 23-OCT-2017 ),4,CAMPER VAN / TRAILER,1,0,0,0,0,0,0,0,0,0,0,0,1
2014,Odisha,JAJPUR RTO - OR34( 23-OCT-2017 ),5,CONSTRUCTION EQUIPMENT VEHICLE,1,1,0,0,0,0,0,0,0,0,0,0,2
2014,Odisha,JAJPUR RTO - OR34( 23-OCT-2017 ),6,CRANE MOUNTED VEHICLE,0,1,0,0,0,0,0,0,0,0,0,0,1
2014,Odisha,JAJPUR RTO - OR34( 23-OCT-2017 ),7,GOODS CARRIER,11,4,8,7,3,3,2,3,4,3,1,11,60
2014,Odisha,JAJPUR RTO - OR34( 23-OCT-2017 ),8,MAXI CAB,2,0,0,0,1,0,1,1,1,0,1,1,8
2014,Odisha,JAJPUR RTO - OR34( 23-OCT-2017 ),9,M-CYCLE/SCOOTER,20,16,20,10,25,13,24,14,17,16,23,19,217
2014,Odisha,JAJPUR RTO - OR34( 23-OCT-2017 ),10,MOPED,1,0,1,1,2,0,1,1,2,1,1,2,13
2014,Odisha,JAJPUR RTO - OR34( 23-OCT-2017 ),11,MOTOR CAB,0,0,0,1,0,0,0,0,0,0,0,0,1
2014,Odisha,JAJPUR RTO - OR34( 23-OCT-2017 ),12,MOTOR CAR,9,2,7,7,8,3,7,2,6,8,9,6,74
2014,Odisha,JAJPUR RTO - OR34( 23-OCT-2017 ),13,OMNI BUS,1,0,0,0,1,0,0,0,0,0,0,0,2
2014,Odisha,JAJPUR RTO - OR34( 23-OCT-2017 ),14,OMNI BUS (PRIVATE USE),3,0,0,0,0,1,0,0,1,0,0,0,5
2014,Odisha,JAJPUR RTO - OR34( 23-OCT-2017 ),15,PRIVATE SERVICE VEHICLE,0,0,0,0,0,0,1,0,0,0,0,0,1
2014,Odisha,JAJPUR RTO - OR34( 23-OCT-2017 ),16,THREE WHEELER (GOODS),1,0,0,0,0,1,0,0,0,0,1,0,3
2014,Odisha,JAJPUR RTO - OR34( 23-OCT-2017 ),17,THREE WHEELER (PASSENGER),0,1,1,0,0,0,0,0,0,0,2,0,4
2014,Odisha,JAJPUR RTO - OR34( 23-OCT-2017 ),18,TRACTOR (COMMERCIAL),0,0,0,1,1,0,1,0,0,0,0,0,3
2014,Odisha,JAJPUR RTO - OR34( 23-OCT-2017 ),19,TRAILER (COMMERCIAL),0,0,0,0,1,0,1,0,0,0,0,0,2
2014,Odisha,JHARSUGUDA RTO - OR23( 07-NOV-2017 ),1,AGRICULTURAL TRACTOR,0,0,0,0,1,0,1,0,0,0,0,0,2
2014,Odisha,JHARSUGUDA RTO - OR23( 07-NOV-2017 ),2,AMBULANCE,0,0,0,1,0,1,2,2,0,0,1,4,11
2014,Odisha,JHARSUGUDA RTO - OR23( 07-NOV-2017 ),3,BUS,0,0,0,0,2,1,0,0,0,0,1,0,4
2014,Odisha,JHARSUGUDA RTO - OR23( 07-NOV-2017 ),4,CONSTRUCTION EQUIPMENT VEHICLE,0,2,26,72,53,7,1,0,3,3,2,2,171
2014,Odisha,JHARSUGUDA RTO - OR23( 07-NOV-2017 ),5,CRANE MOUNTED VEHICLE,1,0,1,1,7,0,0,0,0,1,1,0,12
2014,Odisha,JHARSUGUDA RTO - OR23( 07-NOV-2017 ),6,EDUCATIONAL INSTITUTION BUS,0,0,0,0,1,1,0,1,0,0,0,0,3
2014,Odisha,JHARSUGUDA RTO - OR23( 07-NOV-2017 ),7,EXCAVATOR (COMMERCIAL),0,0,0,0,0,0,0,0,0,0,1,0,1
2014,Odisha,JHARSUGUDA RTO - OR23( 07-NOV-2017 ),8,FIRE TENDERS,0,0,1,0,0,0,0,0,0,0,0,0,1
2014,Odisha,JHARSUGUDA RTO - OR23( 07-NOV-2017 ),9,FORK LIFT,0,0,0,0,1,0,0,1,0,0,0,1,3
2014,Odisha,JHARSUGUDA RTO - OR23( 07-NOV-2017 ),10,GOODS CARRIER,72,43,76,44,48,78,43,50,48,34,38,66,640
2014,Odisha,JHARSUGUDA RTO - OR23( 07-NOV-2017 ),11,MAXI CAB,16,4,14,7,12,7,11,3,14,10,10,13,121
2014,Odisha,JHARSUGUDA RTO - OR23( 07-NOV-2017 ),12,M-CYCLE/SCOOTER,848,528,"1,000",703,971,862,719,548,521,908,857,647,"9,112"
2014,Odisha,JHARSUGUDA RTO - OR23( 07-NOV-2017 ),13,M-CYCLE/SCOOTER-WITH SIDE CAR,0,0,1,0,1,0,0,0,0,1,0,1,4
2014,Odisha,JHARSUGUDA RTO - OR23( 07-NOV-2017 ),14,MOPED,45,37,60,45,81,49,51,34,39,90,56,74,661
2014,Odisha,JHARSUGUDA RTO - OR23( 07-NOV-2017 ),15,MOTOR CAB,0,1,0,0,0,0,0,0,1,0,0,3,5
2014,Odisha,JHARSUGUDA RTO - OR23( 07-NOV-2017 ),16,MOTOR CAR,78,35,89,70,51,59,63,51,47,52,81,54,730
2014,Odisha,JHARSUGUDA RTO - OR23( 07-NOV-2017 ),17,OMNI BUS,1,0,1,1,0,0,2,1,1,0,0,0,7
2014,Odisha,JHARSUGUDA RTO - OR23( 07-NOV-2017 ),18,OMNI BUS (PRIVATE USE),3,5,7,4,2,1,3,3,3,2,6,5,44
2014,Odisha,JHARSUGUDA RTO - OR23( 07-NOV-2017 ),19,PRIVATE SERVICE VEHICLE,0,0,2,0,0,0,0,0,0,0,1,1,4
2014,Odisha,JHARSUGUDA RTO - OR23( 07-NOV-2017 ),20,THREE WHEELER (GOODS),11,0,8,4,4,4,2,3,5,2,4,7,54
2014,Odisha,JHARSUGUDA RTO - OR23( 07-NOV-2017 ),21,THREE WHEELER (PASSENGER),8,2,18,7,10,11,11,2,12,8,2,15,106
2014,Odisha,JHARSUGUDA RTO - OR23( 07-NOV-2017 ),22,TRACTOR (COMMERCIAL),17,4,22,10,12,10,12,7,9,1,9,10,123
2014,Odisha,JHARSUGUDA RTO - OR23( 07-NOV-2017 ),23,TRACTOR-TROLLEY(COMMERCIAL),9,2,14,9,8,4,9,2,3,1,4,3,68
2014,Odisha,JHARSUGUDA RTO - OR23( 07-NOV-2017 ),24,TRAILER (COMMERCIAL),4,1,6,1,3,3,2,3,3,0,3,5,34
2014,Odisha,JHARSUGUDA RTO - OR23( 07-NOV-2017 ),25,VEHICLE FITTED WITH RIG,0,2,0,0,0,0,0,0,0,0,1,0,3
2014,Odisha,KALAHANDI RTO - OR8( 23-OCT-2017 ),1,AGRICULTURAL TRACTOR,0,0,1,0,1,0,1,0,0,0,1,7,11
2014,Odisha,KALAHANDI RTO - OR8( 23-OCT-2017 ),2,AMBULANCE,1,0,0,0,0,0,0,2,0,0,1,0,4
2014,Odisha,KALAHANDI RTO - OR8( 23-OCT-2017 ),3,BUS,0,3,0,1,0,0,1,0,1,0,0,1,7
2014,Odisha,KALAHANDI RTO - OR8( 23-OCT-2017 ),4,CONSTRUCTION EQUIPMENT VEHICLE,4,2,0,1,0,1,0,0,2,1,0,1,12
2014,Odisha,KALAHANDI RTO - OR8( 23-OCT-2017 ),5,EDUCATIONAL INSTITUTION BUS,0,0,0,0,0,2,0,1,0,2,0,0,5
2014,Odisha,KALAHANDI RTO - OR8( 23-OCT-2017 ),6,GOODS CARRIER,39,25,29,31,42,20,25,21,22,28,32,27,341
2014,Odisha,KALAHANDI RTO - OR8( 23-OCT-2017 ),7,LUXURY CAB,1,0,0,0,0,0,0,0,0,0,1,0,2
2014,Odisha,KALAHANDI RTO - OR8( 23-OCT-2017 ),8,MAXI CAB,0,1,3,0,0,1,1,4,1,1,2,0,14
2014,Odisha,KALAHANDI RTO - OR8( 23-OCT-2017 ),9,M-CYCLE/SCOOTER,740,"1,206","1,491","1,207","1,639",863,799,614,505,618,649,600,"10,931"
2014,Odisha,KALAHANDI RTO - OR8( 23-OCT-2017 ),10,M-CYCLE/SCOOTER-WITH SIDE CAR,0,0,0,0,2,0,0,0,0,0,0,0,2
2014,Odisha,KALAHANDI RTO - OR8( 23-OCT-2017 ),11,MOPED,83,144,90,79,104,64,90,80,45,49,56,56,940
2014,Odisha,KALAHANDI RTO - OR8( 23-OCT-2017 ),12,MOTOR CAB,3,5,1,1,0,0,0,0,2,1,1,0,14
2014,Odisha,KALAHANDI RTO - OR8( 23-OCT-2017 ),13,MOTOR CAR,32,30,44,46,42,29,31,32,30,40,53,42,451
2014,Odisha,KALAHANDI RTO - OR8( 23-OCT-2017 ),14,OMNI BUS,10,17,15,14,16,10,9,8,6,8,12,18,143
2014,Odisha,KALAHANDI RTO - OR8( 23-OCT-2017 ),15,OMNI BUS (PRIVATE USE),8,13,14,11,9,3,8,12,6,7,7,12,110
2014,Odisha,KALAHANDI RTO - OR8( 23-OCT-2017 ),16,PRIVATE SERVICE VEHICLE,0,0,0,0,0,0,1,0,0,0,0,0,1
2014,Odisha,KALAHANDI RTO - OR8( 23-OCT-2017 ),17,THREE WHEELER (GOODS),0,1,1,1,0,0,1,0,1,2,2,1,10
2014,Odisha,KALAHANDI RTO - OR8( 23-OCT-2017 ),18,THREE WHEELER (PASSENGER),7,14,15,16,18,13,7,22,12,19,15,20,178
2014,Odisha,KALAHANDI RTO - OR8( 23-OCT-2017 ),19,TRACTOR (COMMERCIAL),46,49,36,30,40,44,26,27,11,11,24,36,380
2014,Odisha,KALAHANDI RTO - OR8( 23-OCT-2017 ),20,TRAILER (COMMERCIAL),39,42,36,27,38,38,22,21,9,11,22,31,336
2014,Odisha,KALAHANDI RTO - OR8( 23-OCT-2017 ),21,VEHICLE FITTED WITH RIG,0,0,0,0,0,0,0,0,0,1,0,0,1
2014,Odisha,KENDRAPARA RTO - OR29( 23-OCT-2017 ),1,AGRICULTURAL TRACTOR,2,1,3,4,1,5,3,2,1,1,1,1,25
2014,Odisha,KENDRAPARA RTO - OR29( 23-OCT-2017 ),2,AMBULANCE,0,0,0,0,0,0,0,0,2,1,0,0,3
2014,Odisha,KENDRAPARA RTO - OR29( 23-OCT-2017 ),3,BUS,0,1,0,0,0,0,0,0,0,0,0,0,1
2014,Odisha,KENDRAPARA RTO - OR29( 23-OCT-2017 ),4,CAMPER VAN / TRAILER (PRIVATE USE),0,0,0,0,0,0,0,0,0,1,0,0,1
2014,Odisha,KENDRAPARA RTO - OR29( 23-OCT-2017 ),5,EDUCATIONAL INSTITUTION BUS,0,0,0,0,0,1,0,0,0,0,0,0,1
2014,Odisha,KENDRAPARA RTO - OR29( 23-OCT-2017 ),6,GOODS CARRIER,29,18,13,13,13,19,15,7,18,35,17,17,214
2014,Odisha,KENDRAPARA RTO - OR29( 23-OCT-2017 ),7,MAXI CAB,10,9,11,4,12,3,6,3,6,7,5,3,79
2014,Odisha,KENDRAPARA RTO - OR29( 23-OCT-2017 ),8,M-CYCLE/SCOOTER,502,451,569,565,796,679,512,497,544,525,698,661,"6,999"
2014,Odisha,KENDRAPARA RTO - OR29( 23-OCT-2017 ),9,MOPED,112,38,46,0,2,3,24,2,12,0,11,5,255
2014,Odisha,KENDRAPARA RTO - OR29( 23-OCT-2017 ),10,MOTOR CAB,0,1,1,0,1,0,1,0,3,0,0,0,7
2014,Odisha,KENDRAPARA RTO - OR29( 23-OCT-2017 ),11,MOTOR CAR,14,11,11,7,8,9,10,9,14,9,12,8,122
2014,Odisha,KENDRAPARA RTO - OR29( 23-OCT-2017 ),12,OMNI BUS,0,0,0,0,0,0,0,0,0,0,0,1,1
2014,Odisha,KENDRAPARA RTO - OR29( 23-OCT-2017 ),13,OMNI BUS (PRIVATE USE),1,0,0,0,1,0,1,0,0,1,1,0,5
2014,Odisha,KENDRAPARA RTO - OR29( 23-OCT-2017 ),14,THREE WHEELER (GOODS),8,12,16,10,17,9,15,12,12,13,15,18,157
2014,Odisha,KENDRAPARA RTO - OR29( 23-OCT-2017 ),15,THREE WHEELER (PASSENGER),22,32,37,17,20,30,36,28,39,38,46,30,375
2014,Odisha,KENDRAPARA RTO - OR29( 23-OCT-2017 ),16,TRACTOR (COMMERCIAL),16,18,19,14,31,18,9,9,15,5,11,22,187
2014,Odisha,KENDRAPARA RTO - OR29( 23-OCT-2017 ),17,TRAILER (COMMERCIAL),17,18,17,13,31,17,9,9,15,5,11,21,183
2014,Odisha,KEONJHAR RTO - OR9( 04-DEC-2017 ),1,AGRICULTURAL TRACTOR,0,0,0,0,1,0,0,0,1,0,0,0,2
2014,Odisha,KEONJHAR RTO - OR9( 04-DEC-2017 ),2,AMBULANCE,0,0,0,0,0,0,6,0,2,0,0,0,8
2014,Odisha,KEONJHAR RTO - OR9( 04-DEC-2017 ),3,ARTICULATED VEHICLE,0,1,0,0,0,0,0,0,0,0,0,1,2
2014,Odisha,KEONJHAR RTO - OR9( 04-DEC-2017 ),4,BUS,2,5,0,2,2,1,1,1,1,0,2,2,19
2014,Odisha,KEONJHAR RTO - OR9( 04-DEC-2017 ),5,CONSTRUCTION EQUIPMENT VEHICLE,0,0,0,0,0,0,0,0,0,0,0,4,4
2014,Odisha,KEONJHAR RTO - OR9( 04-DEC-2017 ),6,CRANE MOUNTED VEHICLE,0,0,0,0,0,0,1,0,0,0,0,0,1
2014,Odisha,KEONJHAR RTO - OR9( 04-DEC-2017 ),7,EDUCATIONAL INSTITUTION BUS,0,0,1,3,1,0,1,1,0,0,0,1,8
2014,Odisha,KEONJHAR RTO - OR9( 04-DEC-2017 ),8,GOODS CARRIER,69,43,77,55,50,40,38,25,40,40,39,48,564
2014,Odisha,KEONJHAR RTO - OR9( 04-DEC-2017 ),9,MAXI CAB,2,5,4,4,0,3,0,2,4,7,2,7,40
2014,Odisha,KEONJHAR RTO - OR9( 04-DEC-2017 ),10,M-CYCLE/SCOOTER,623,829,846,639,"1,185",796,739,514,632,734,720,645,"8,902"
2014,Odisha,KEONJHAR RTO - OR9( 04-DEC-2017 ),11,M-CYCLE/SCOOTER-WITH SIDE CAR,0,0,0,0,0,0,0,0,0,1,0,0,1
2014,Odisha,KEONJHAR RTO - OR9( 04-DEC-2017 ),12,MOPED,61,54,38,43,68,33,54,36,30,86,62,90,655
2014,Odisha,KEONJHAR RTO - OR9( 04-DEC-2017 ),13,MOTOR CAB,2,0,0,1,1,0,1,1,0,1,0,3,10
2014,Odisha,KEONJHAR RTO - OR9( 04-DEC-2017 ),14,MOTOR CAR,28,27,24,22,27,27,42,30,29,28,29,39,352
2014,Odisha,KEONJHAR RTO - OR9( 04-DEC-2017 ),15,OMNI BUS,17,15,15,7,5,2,9,6,4,18,6,8,112
2014,Odisha,KEONJHAR RTO - OR9( 04-DEC-2017 ),16,OMNI BUS (PRIVATE USE),4,30,5,1,3,1,1,0,1,2,1,1,50
2014,Odisha,KEONJHAR RTO - OR9( 04-DEC-2017 ),17,PRIVATE SERVICE VEHICLE,0,0,0,0,1,0,1,0,0,0,0,0,2
2014,Odisha,KEONJHAR RTO - OR9( 04-DEC-2017 ),18,PRIVATE SERVICE VEHICLE (INDIVIDUAL USE),0,0,0,0,0,0,0,0,0,0,0,1,1
2014,Odisha,KEONJHAR RTO - OR9( 04-DEC-2017 ),19,THREE WHEELER (GOODS),10,7,9,8,11,12,10,5,11,18,14,10,125
2014,Odisha,KEONJHAR RTO - OR9( 04-DEC-2017 ),20,THREE WHEELER (PASSENGER),45,50,47,32,54,48,57,31,66,64,75,36,605
2014,Odisha,KEONJHAR RTO - OR9( 04-DEC-2017 ),21,TRACTOR (COMMERCIAL),40,42,52,26,25,28,49,27,23,31,44,31,418
2014,Odisha,KEONJHAR RTO - OR9( 04-DEC-2017 ),22,TRAILER (COMMERCIAL),40,42,52,25,24,28,48,27,23,31,44,30,414
2014,Odisha,KHORDHA ARTO - OR201( 20-JAN-2018 ),1,ADAPTED VEHICLE,0,0,0,0,0,0,0,0,0,0,0,1,1
2014,Odisha,KHORDHA ARTO - OR201( 20-JAN-2018 ),2,AGRICULTURAL TRACTOR,1,0,0,1,0,7,0,4,1,0,3,4,21
2014,Odisha,KHORDHA ARTO - OR201( 20-JAN-2018 ),3,AMBULANCE,0,0,0,0,1,0,0,1,0,0,0,0,2
2014,Odisha,KHORDHA ARTO - OR201( 20-JAN-2018 ),4,BUS,1,0,2,0,0,0,0,2,0,1,1,0,7
2014,Odisha,KHORDHA ARTO - OR201( 20-JAN-2018 ),5,EARTH MOVING EQUIPMENT,0,0,0,0,1,0,0,0,0,0,0,0,1
2014,Odisha,KHORDHA ARTO - OR201( 20-JAN-2018 ),6,EDUCATIONAL INSTITUTION BUS,0,0,0,1,0,0,1,0,0,0,0,0,2
2014,Odisha,KHORDHA ARTO - OR201( 20-JAN-2018 ),7,GOODS CARRIER,17,19,32,31,28,20,20,17,17,27,30,19,277
2014,Odisha,KHORDHA ARTO - OR201( 20-JAN-2018 ),8,HARVESTER,1,0,0,0,0,0,0,0,0,0,0,0,1
2014,Odisha,KHORDHA ARTO - OR201( 20-JAN-2018 ),9,LUXURY CAB,1,0,0,0,0,0,0,0,0,0,0,0,1
2014,Odisha,KHORDHA ARTO - OR201( 20-JAN-2018 ),10,MAXI CAB,3,0,2,3,1,3,1,4,0,1,2,4,24
2014,Odisha,KHORDHA ARTO - OR201( 20-JAN-2018 ),11,M-CYCLE/SCOOTER,493,485,584,561,606,550,452,343,432,452,484,320,"5,762"
2014,Odisha,KHORDHA ARTO - OR201( 20-JAN-2018 ),12,M-CYCLE/SCOOTER-WITH SIDE CAR,0,1,1,0,1,0,0,0,0,0,0,0,3
2014,Odisha,KHORDHA ARTO - OR201( 20-JAN-2018 ),13,MOPED,56,73,51,58,98,57,49,69,43,49,95,29,727
2014,Odisha,KHORDHA ARTO - OR201( 20-JAN-2018 ),14,MOTOR CAB,0,1,1,0,0,1,0,0,0,1,0,1,5
2014,Odisha,KHORDHA ARTO - OR201( 20-JAN-2018 ),15,MOTOR CAR,10,14,10,11,15,21,26,14,15,20,18,18,192
2014,Odisha,KHORDHA ARTO - OR201( 20-JAN-2018 ),16,MOTOR CYCLE/SCOOTER-USED FOR HIRE,0,0,1,0,0,0,0,0,0,0,0,0,1
2014,Odisha,KHORDHA ARTO - OR201( 20-JAN-2018 ),17,OMNI BUS,0,0,1,0,0,0,3,0,3,0,3,0,10
2014,Odisha,KHORDHA ARTO - OR201( 20-JAN-2018 ),18,OMNI BUS (PRIVATE USE),1,0,1,0,1,1,3,1,1,1,0,2,12
2014,Odisha,KHORDHA ARTO - OR201( 20-JAN-2018 ),19,THREE WHEELER (GOODS),1,4,2,4,2,2,2,3,5,6,6,10,47
2014,Odisha,KHORDHA ARTO - OR201( 20-JAN-2018 ),20,THREE WHEELER (PASSENGER),15,17,28,16,27,21,20,30,20,28,31,29,282
2014,Odisha,KHORDHA ARTO - OR201( 20-JAN-2018 ),21,TRACTOR (COMMERCIAL),20,9,20,14,15,36,1,37,22,6,26,20,226
2014,Odisha,KHORDHA ARTO - OR201( 20-JAN-2018 ),22,TRAILER (COMMERCIAL),20,9,19,14,14,35,0,37,21,6,26,19,220
2014,Odisha,KORAPUT RTO - OR10( 25-DEC-2017 ),1,AGRICULTURAL TRACTOR,0,0,0,0,0,0,0,0,0,0,1,0,1
2014,Odisha,KORAPUT RTO - OR10( 25-DEC-2017 ),2,AMBULANCE,0,0,0,0,1,1,0,1,0,0,0,0,3
2014,Odisha,KORAPUT RTO - OR10( 25-DEC-2017 ),3,BUS,0,10,4,0,1,0,0,0,0,0,2,2,19
2014,Odisha,KORAPUT RTO - OR10( 25-DEC-2017 ),4,CONSTRUCTION EQUIPMENT VEHICLE,0,0,1,2,0,0,1,0,0,0,1,0,5
2014,Odisha,KORAPUT RTO - OR10( 25-DEC-2017 ),5,CRANE MOUNTED VEHICLE,0,1,0,0,0,0,0,0,0,0,0,0,1
2014,Odisha,KORAPUT RTO - OR10( 25-DEC-2017 ),6,DUMPER,0,0,6,0,0,0,0,0,0,0,0,0,6
2014,Odisha,KORAPUT RTO - OR10( 25-DEC-2017 ),7,FIRE TENDERS,0,0,0,0,0,0,0,0,0,0,0,1,1
2014,Odisha,KORAPUT RTO - OR10( 25-DEC-2017 ),8,GOODS CARRIER,40,37,42,26,37,32,22,15,30,39,48,25,393
2014,Odisha,KORAPUT RTO - OR10( 25-DEC-2017 ),9,MAXI CAB,10,16,17,11,16,8,14,8,7,13,16,9,145
2014,Odisha,KORAPUT RTO - OR10( 25-DEC-2017 ),10,M-CYCLE/SCOOTER,969,939,"1,292",913,872,745,855,546,762,"1,020","1,234",728,"10,875"
2014,Odisha,KORAPUT RTO - OR10( 25-DEC-2017 ),11,M-CYCLE/SCOOTER-WITH SIDE CAR,15,16,30,24,33,21,21,10,0,1,0,0,171
2014,Odisha,KORAPUT RTO - OR10( 25-DEC-2017 ),12,MOPED,32,33,48,29,32,31,17,25,25,40,38,37,387
2014,Odisha,KORAPUT RTO - OR10( 25-DEC-2017 ),13,MOTOR CAB,8,1,2,8,3,8,3,1,4,7,2,4,51
2014,Odisha,KORAPUT RTO - OR10( 25-DEC-2017 ),14,MOTOR CAR,79,48,79,56,70,52,47,59,70,76,76,72,784
2014,Odisha,KORAPUT RTO - OR10( 25-DEC-2017 ),15,OMNI BUS,1,0,1,0,1,0,0,1,1,1,1,1,8
2014,Odisha,KORAPUT RTO - OR10( 25-DEC-2017 ),16,OMNI BUS (PRIVATE USE),5,3,5,3,3,2,0,1,5,0,2,4,33
2014,Odisha,KORAPUT RTO - OR10( 25-DEC-2017 ),17,PRIVATE SERVICE VEHICLE,0,0,0,0,0,0,0,0,0,0,1,0,1
2014,Odisha,KORAPUT RTO - OR10( 25-DEC-2017 ),18,PRIVATE SERVICE VEHICLE (INDIVIDUAL USE),0,0,0,0,0,0,1,0,0,0,0,0,1
2014,Odisha,KORAPUT RTO - OR10( 25-DEC-2017 ),19,THREE WHEELER (GOODS),1,4,5,4,5,4,1,5,4,1,3,2,39
2014,Odisha,KORAPUT RTO - OR10( 25-DEC-2017 ),20,THREE WHEELER (PASSENGER),31,38,69,35,43,52,41,50,61,54,72,47,593
2014,Odisha,KORAPUT RTO - OR10( 25-DEC-2017 ),21,TRACTOR (COMMERCIAL),19,29,97,20,42,63,83,38,20,30,38,44,523
2014,Odisha,KORAPUT RTO - OR10( 25-DEC-2017 ),22,TRAILER (COMMERCIAL),14,27,82,19,31,40,47,25,19,23,37,44,408
2014,Odisha,KORAPUT RTO - OR10( 25-DEC-2017 ),23,VEHICLE FITTED WITH RIG,0,0,0,0,0,1,0,0,0,0,0,0,1
2014,Odisha,MALKANAGIRI RTO - OR30( 25-DEC-2017 ),1,AMBULANCE,0,0,0,0,0,0,0,1,3,0,0,0,4
2014,Odisha,MALKANAGIRI RTO - OR30( 25-DEC-2017 ),2,BUS,0,7,1,0,2,0,0,0,0,0,0,0,10
2014,Odisha,MALKANAGIRI RTO - OR30( 25-DEC-2017 ),3,GOODS CARRIER,23,16,10,8,9,10,5,6,11,8,4,12,122
2014,Odisha,MALKANAGIRI RTO - OR30( 25-DEC-2017 ),4,MAXI CAB,0,2,0,0,0,1,1,0,0,2,0,0,6
2014,Odisha,MALKANAGIRI RTO - OR30( 25-DEC-2017 ),5,M-CYCLE/SCOOTER,292,371,412,422,267,204,335,196,182,204,309,201,"3,395"
2014,Odisha,MALKANAGIRI RTO - OR30( 25-DEC-2017 ),6,MOPED,7,27,25,15,25,10,7,16,5,5,10,8,160
2014,Odisha,MALKANAGIRI RTO - OR30( 25-DEC-2017 ),7,MOTOR CAB,0,0,0,0,0,0,0,0,1,0,0,0,1
2014,Odisha,MALKANAGIRI RTO - OR30( 25-DEC-2017 ),8,MOTOR CAR,7,3,7,7,8,8,12,9,10,8,10,8,97
2014,Odisha,MALKANAGIRI RTO - OR30( 25-DEC-2017 ),9,OMNI BUS,5,1,2,1,4,0,1,4,1,0,0,2,21
2014,Odisha,MALKANAGIRI RTO - OR30( 25-DEC-2017 ),10,OMNI BUS (PRIVATE USE),0,0,1,0,0,0,0,1,0,0,1,0,3
2014,Odisha,MALKANAGIRI RTO - OR30( 25-DEC-2017 ),11,PRIVATE SERVICE VEHICLE (INDIVIDUAL USE),0,1,0,0,0,0,0,0,0,0,0,0,1
2014,Odisha,MALKANAGIRI RTO - OR30( 25-DEC-2017 ),12,THREE WHEELER (GOODS),1,1,0,0,2,1,1,1,1,2,0,1,11
2014,Odisha,MALKANAGIRI RTO - OR30( 25-DEC-2017 ),13,THREE WHEELER (PASSENGER),11,5,15,5,4,13,6,8,22,11,1,12,113
2014,Odisha,MALKANAGIRI RTO - OR30( 25-DEC-2017 ),14,TRACTOR (COMMERCIAL),16,1,16,1,9,12,10,8,16,0,0,11,100
2014,Odisha,MALKANAGIRI RTO - OR30( 25-DEC-2017 ),15,TRAILER (COMMERCIAL),13,0,11,1,5,6,3,1,10,1,0,10,61
2014,Odisha,MAYURBHANJ RTO - OR11( 08-NOV-2017 ),1,AGRICULTURAL TRACTOR,1,2,2,1,1,0,0,1,3,1,1,0,13
2014,Odisha,MAYURBHANJ RTO - OR11( 08-NOV-2017 ),2,AMBULANCE,0,0,0,0,0,1,0,0,0,0,0,0,1
2014,Odisha,MAYURBHANJ RTO - OR11( 08-NOV-2017 ),3,BUS,2,8,1,1,2,0,2,2,3,2,5,5,33
2014,Odisha,MAYURBHANJ RTO - OR11( 08-NOV-2017 ),4,CONSTRUCTION EQUIPMENT VEHICLE,0,0,0,0,1,0,0,0,0,0,0,0,1
2014,Odisha,MAYURBHANJ RTO - OR11( 08-NOV-2017 ),5,EDUCATIONAL INSTITUTION BUS,0,0,1,0,0,0,0,1,0,0,0,0,2
2014,Odisha,MAYURBHANJ RTO - OR11( 08-NOV-2017 ),6,GOODS CARRIER,24,23,28,27,24,24,22,9,31,30,28,33,303
2014,Odisha,MAYURBHANJ RTO - OR11( 08-NOV-2017 ),7,MAXI CAB,9,7,13,9,14,10,8,8,7,11,6,9,111
2014,Odisha,MAYURBHANJ RTO - OR11( 08-NOV-2017 ),8,M-CYCLE/SCOOTER,988,851,"1,022",994,"1,068","1,025",938,695,"1,027","1,633",875,714,"11,830"
2014,Odisha,MAYURBHANJ RTO - OR11( 08-NOV-2017 ),9,M-CYCLE/SCOOTER-WITH SIDE CAR,0,0,2,0,1,0,0,2,0,0,0,0,5
2014,Odisha,MAYURBHANJ RTO - OR11( 08-NOV-2017 ),10,MOPED,32,12,9,23,12,18,27,18,19,10,18,39,237
2014,Odisha,MAYURBHANJ RTO - OR11( 08-NOV-2017 ),11,MOTOR CAB,0,0,1,0,3,3,0,1,0,1,0,0,9
2014,Odisha,MAYURBHANJ RTO - OR11( 08-NOV-2017 ),12,MOTOR CAR,47,27,39,34,35,29,52,38,30,45,56,58,490
2014,Odisha,MAYURBHANJ RTO - OR11( 08-NOV-2017 ),13,OMNI BUS,4,3,6,2,6,3,2,2,3,4,2,3,40
2014,Odisha,MAYURBHANJ RTO - OR11( 08-NOV-2017 ),14,OMNI BUS (PRIVATE USE),1,0,4,1,5,6,5,1,1,1,2,4,31
2014,Odisha,MAYURBHANJ RTO - OR11( 08-NOV-2017 ),15,PRIVATE SERVICE VEHICLE (INDIVIDUAL USE),0,1,1,0,0,1,0,0,0,0,0,0,3
2014,Odisha,MAYURBHANJ RTO - OR11( 08-NOV-2017 ),16,THREE WHEELER (GOODS),13,9,12,6,12,14,15,14,16,11,17,13,152
2014,Odisha,MAYURBHANJ RTO - OR11( 08-NOV-2017 ),17,THREE WHEELER (PASSENGER),48,41,51,33,58,57,56,61,62,60,58,47,632
2014,Odisha,MAYURBHANJ RTO - OR11( 08-NOV-2017 ),18,TRACTOR (COMMERCIAL),32,34,35,28,20,20,16,24,14,14,11,30,278
2014,Odisha,MAYURBHANJ RTO - OR11( 08-NOV-2017 ),19,TRAILER (COMMERCIAL),31,32,37,28,20,20,16,23,14,14,12,30,277
2014,Odisha,NAWARANGPUR RTO - OR24( 07-NOV-2017 ),1,AGRICULTURAL TRACTOR,0,0,0,0,0,0,1,0,0,0,0,0,1
2014,Odisha,NAWARANGPUR RTO - OR24( 07-NOV-2017 ),2,AMBULANCE,0,0,0,0,0,0,4,0,0,0,0,0,4
2014,Odisha,NAWARANGPUR RTO - OR24( 07-NOV-2017 ),3,BUS,3,0,0,0,0,0,0,0,0,0,0,1,4
2014,Odisha,NAWARANGPUR RTO - OR24( 07-NOV-2017 ),4,EDUCATIONAL INSTITUTION BUS,0,0,0,0,0,1,0,0,0,1,0,0,2
2014,Odisha,NAWARANGPUR RTO - OR24( 07-NOV-2017 ),5,GOODS CARRIER,42,21,21,14,7,11,14,9,25,15,27,24,230
2014,Odisha,NAWARANGPUR RTO - OR24( 07-NOV-2017 ),6,MAXI CAB,9,6,14,4,5,7,1,4,3,2,9,3,67
2014,Odisha,NAWARANGPUR RTO - OR24( 07-NOV-2017 ),7,M-CYCLE/SCOOTER,521,503,527,385,383,308,216,266,236,247,293,282,"4,167"
2014,Odisha,NAWARANGPUR RTO - OR24( 07-NOV-2017 ),8,M-CYCLE/SCOOTER-WITH SIDE CAR,0,0,1,1,2,0,1,0,0,0,1,0,6
2014,Odisha,NAWARANGPUR RTO - OR24( 07-NOV-2017 ),9,MOPED,53,57,39,39,58,38,23,26,31,18,31,37,450
2014,Odisha,NAWARANGPUR RTO - OR24( 07-NOV-2017 ),10,MOTOR CAB,2,1,0,0,0,0,1,2,0,0,0,1,7
2014,Odisha,NAWARANGPUR RTO - OR24( 07-NOV-2017 ),11,MOTOR CAR,16,18,20,30,20,25,28,13,15,14,30,12,241
2014,Odisha,NAWARANGPUR RTO - OR24( 07-NOV-2017 ),12,OMNI BUS,0,0,0,0,1,0,1,0,1,0,1,0,4
2014,Odisha,NAWARANGPUR RTO - OR24( 07-NOV-2017 ),13,OMNI BUS (PRIVATE USE),7,7,4,7,11,3,1,3,1,1,4,3,52
2014,Odisha,NAWARANGPUR RTO - OR24( 07-NOV-2017 ),14,PRIVATE SERVICE VEHICLE (INDIVIDUAL USE),0,0,0,1,0,0,0,0,0,0,0,0,1
2014,Odisha,NAWARANGPUR RTO - OR24( 07-NOV-2017 ),15,THREE WHEELER (GOODS),1,0,0,0,4,2,3,1,2,0,5,1,19
2014,Odisha,NAWARANGPUR RTO - OR24( 07-NOV-2017 ),16,THREE WHEELER (PASSENGER),28,44,59,20,30,17,37,33,38,20,55,27,408
2014,Odisha,NAWARANGPUR RTO - OR24( 07-NOV-2017 ),17,TRACTOR (COMMERCIAL),52,25,78,17,28,54,71,33,5,7,27,10,407
2014,Odisha,NAWARANGPUR RTO - OR24( 07-NOV-2017 ),18,TRAILER (COMMERCIAL),54,23,79,17,29,49,72,25,5,7,25,10,395
2014,Odisha,NAYAGARH RTO - OR25( 25-DEC-2017 ),1,ADAPTED VEHICLE,0,0,0,0,1,0,0,0,0,0,0,0,1
2014,Odisha,NAYAGARH RTO - OR25( 25-DEC-2017 ),2,AGRICULTURAL TRACTOR,0,0,0,0,0,1,0,0,0,0,0,1,2
2014,Odisha,NAYAGARH RTO - OR25( 25-DEC-2017 ),3,BUS,2,0,0,0,0,0,0,0,1,1,0,0,4
2014,Odisha,NAYAGARH RTO - OR25( 25-DEC-2017 ),4,EDUCATIONAL INSTITUTION BUS,0,0,1,0,0,0,0,0,0,0,0,0,1
2014,Odisha,NAYAGARH RTO - OR25( 25-DEC-2017 ),5,GOODS CARRIER,16,14,22,12,11,4,15,10,10,17,16,10,157
2014,Odisha,NAYAGARH RTO - OR25( 25-DEC-2017 ),6,MAXI CAB,1,0,1,1,6,1,2,1,2,4,5,2,26
2014,Odisha,NAYAGARH RTO - OR25( 25-DEC-2017 ),7,M-CYCLE/SCOOTER,569,624,"1,000",605,686,615,577,343,579,890,747,446,"7,681"
2014,Odisha,NAYAGARH RTO - OR25( 25-DEC-2017 ),8,MOPED,121,134,150,135,134,124,113,63,120,156,171,87,"1,508"
2014,Odisha,NAYAGARH RTO - OR25( 25-DEC-2017 ),9,MOTOR CAB,2,0,0,0,0,1,2,0,0,0,2,0,7
2014,Odisha,NAYAGARH RTO - OR25( 25-DEC-2017 ),10,MOTOR CAR,9,12,10,10,12,12,7,13,9,13,14,3,124
2014,Odisha,NAYAGARH RTO - OR25( 25-DEC-2017 ),11,MOTOR CYCLE/SCOOTER-USED FOR HIRE,0,0,0,0,0,1,0,1,0,0,0,0,2
2014,Odisha,NAYAGARH RTO - OR25( 25-DEC-2017 ),12,OMNI BUS,2,1,5,0,0,1,1,1,3,1,0,0,15
2014,Odisha,NAYAGARH RTO - OR25( 25-DEC-2017 ),13,OMNI BUS (PRIVATE USE),1,0,0,0,0,0,1,2,1,1,1,0,7
2014,Odisha,NAYAGARH RTO - OR25( 25-DEC-2017 ),14,THREE WHEELER (GOODS),2,6,3,4,4,4,6,5,4,8,8,3,57
2014,Odisha,NAYAGARH RTO - OR25( 25-DEC-2017 ),15,THREE WHEELER (PASSENGER),27,27,30,27,24,28,31,24,38,29,16,11,312
2014,Odisha,NAYAGARH RTO - OR25( 25-DEC-2017 ),16,TRACTOR (COMMERCIAL),23,31,27,21,23,18,15,13,10,20,19,13,233
2014,Odisha,NAYAGARH RTO - OR25( 25-DEC-2017 ),17,TRAILER (COMMERCIAL),23,31,27,20,23,17,15,13,10,19,20,12,230
2014,Odisha,NAYAGARH RTO - OR25( 25-DEC-2017 ),18,VEHICLE FITTED WITH RIG,0,0,0,0,0,0,0,0,0,0,1,0,1
2014,Odisha,NUAPADA RTO - OR26( 06-NOV-2017 ),1,AGRICULTURAL TRACTOR,4,2,4,6,7,2,12,2,9,6,6,10,70
2014,Odisha,NUAPADA RTO - OR26( 06-NOV-2017 ),2,AMBULANCE,0,0,2,0,0,0,0,0,0,0,0,0,2
2014,Odisha,NUAPADA RTO - OR26( 06-NOV-2017 ),3,BUS,0,1,0,0,0,0,0,0,0,0,0,0,1
2014,Odisha,NUAPADA RTO - OR26( 06-NOV-2017 ),4,EDUCATIONAL INSTITUTION BUS,0,0,0,0,1,0,1,0,1,1,0,0,4
2014,Odisha,NUAPADA RTO - OR26( 06-NOV-2017 ),5,GOODS CARRIER,13,7,18,4,16,8,9,3,3,3,4,15,103
2014,Odisha,NUAPADA RTO - OR26( 06-NOV-2017 ),6,MAXI CAB,2,1,1,0,0,0,1,2,0,1,0,0,8
2014,Odisha,NUAPADA RTO - OR26( 06-NOV-2017 ),7,M-CYCLE/SCOOTER,278,344,377,328,349,289,220,162,218,94,66,404,"3,129"
2014,Odisha,NUAPADA RTO - OR26( 06-NOV-2017 ),8,MOPED,51,44,55,44,34,22,46,20,19,24,7,69,435
2014,Odisha,NUAPADA RTO - OR26( 06-NOV-2017 ),9,MOTOR CAR,12,13,9,8,9,8,9,6,11,4,6,31,126
2014,Odisha,NUAPADA RTO - OR26( 06-NOV-2017 ),10,OMNI BUS,0,2,2,2,0,2,1,0,0,0,1,4,14
2014,Odisha,NUAPADA RTO - OR26( 06-NOV-2017 ),11,OMNI BUS (PRIVATE USE),0,1,3,0,3,1,2,2,2,0,1,5,20
2014,Odisha,NUAPADA RTO - OR26( 06-NOV-2017 ),12,THREE WHEELER (GOODS),0,0,0,0,1,0,0,0,0,0,0,0,1
2014,Odisha,NUAPADA RTO - OR26( 06-NOV-2017 ),13,THREE WHEELER (PASSENGER),0,0,1,0,0,0,0,0,4,1,0,4,10
2014,Odisha,NUAPADA RTO - OR26( 06-NOV-2017 ),14,TRACTOR (COMMERCIAL),16,11,14,12,18,28,15,2,10,3,4,20,153
2014,Odisha,NUAPADA RTO - OR26( 06-NOV-2017 ),15,TRAILER (COMMERCIAL),17,11,16,12,17,30,13,2,12,4,3,20,157
2014,Odisha,NUAPADA RTO - OR26( 06-NOV-2017 ),16,VEHICLE FITTED WITH RIG,0,1,0,0,1,0,0,0,0,0,0,0,2
2014,Odisha,PHULBANI RTO - OR12( 23-OCT-2017 ),1,AMBULANCE,0,0,0,0,0,0,1,0,0,0,0,0,1
2014,Odisha,PHULBANI RTO - OR12( 23-OCT-2017 ),2,BUS,0,8,0,0,0,0,2,0,2,1,1,2,16
2014,Odisha,PHULBANI RTO - OR12( 23-OCT-2017 ),3,GOODS CARRIER,3,4,2,8,4,4,5,0,7,4,6,3,50
2014,Odisha,PHULBANI RTO - OR12( 23-OCT-2017 ),4,MAXI CAB,1,4,2,0,2,2,4,1,3,2,2,3,26
2014,Odisha,PHULBANI RTO - OR12( 23-OCT-2017 ),5,M-CYCLE/SCOOTER,153,157,252,251,220,254,211,144,201,242,197,210,"2,492"
2014,Odisha,PHULBANI RTO - OR12( 23-OCT-2017 ),6,M-CYCLE/SCOOTER-WITH SIDE CAR,0,0,1,0,0,0,0,0,0,0,0,0,1
2014,Odisha,PHULBANI RTO - OR12( 23-OCT-2017 ),7,MOPED,2,7,5,2,1,1,7,7,17,4,1,4,58
2014,Odisha,PHULBANI RTO - OR12( 23-OCT-2017 ),8,MOTOR CAB,0,0,1,0,0,0,0,0,0,0,0,1,2
2014,Odisha,PHULBANI RTO - OR12( 23-OCT-2017 ),9,MOTOR CAR,8,2,1,3,3,7,5,5,7,6,8,9,64
2014,Odisha,PHULBANI RTO - OR12( 23-OCT-2017 ),10,OMNI BUS,3,1,2,3,1,3,2,2,1,0,3,0,21
2014,Odisha,PHULBANI RTO - OR12( 23-OCT-2017 ),11,OMNI BUS (PRIVATE USE),0,0,1,0,0,1,1,0,0,0,0,0,3
2014,Odisha,PHULBANI RTO - OR12( 23-OCT-2017 ),12,PRIVATE SERVICE VEHICLE (INDIVIDUAL USE),0,0,0,0,0,0,1,0,0,0,0,0,1
2014,Odisha,PHULBANI RTO - OR12( 23-OCT-2017 ),13,THREE WHEELER (GOODS),1,0,1,0,2,1,1,0,2,2,0,1,11
2014,Odisha,PHULBANI RTO - OR12( 23-OCT-2017 ),14,THREE WHEELER (PASSENGER),15,13,30,13,32,21,27,25,30,27,29,34,296
2014,Odisha,PHULBANI RTO - OR12( 23-OCT-2017 ),15,TRACTOR (COMMERCIAL),6,5,5,12,5,12,13,7,15,7,5,9,101
2014,Odisha,PHULBANI RTO - OR12( 23-OCT-2017 ),16,TRAILER (COMMERCIAL),6,5,5,11,5,12,13,7,15,7,5,9,100
2014,Odisha,PHULBANI RTO - OR12( 23-OCT-2017 ),17,VEHICLE FITTED WITH COMPRESSOR,0,0,0,0,0,0,1,0,0,0,0,0,1
2014,Odisha,PURI RTO - OR13( 25-DEC-2017 ),1,AGRICULTURAL TRACTOR,0,0,1,0,0,0,0,0,0,0,0,0,1
2014,Odisha,PURI RTO - OR13( 25-DEC-2017 ),2,AMBULANCE,0,0,0,0,0,1,0,0,0,0,2,0,3
2014,Odisha,PURI RTO - OR13( 25-DEC-2017 ),3,BUS,1,1,0,1,0,1,1,0,3,1,1,3,13
2014,Odisha,PURI RTO - OR13( 25-DEC-2017 ),4,EDUCATIONAL INSTITUTION BUS,0,0,0,0,0,2,0,0,0,0,0,0,2
2014,Odisha,PURI RTO - OR13( 25-DEC-2017 ),5,GOODS CARRIER,26,21,15,14,13,14,23,15,9,20,15,18,203
2014,Odisha,PURI RTO - OR13( 25-DEC-2017 ),6,MAXI CAB,4,9,7,4,6,6,1,5,3,3,4,4,56
2014,Odisha,PURI RTO - OR13( 25-DEC-2017 ),7,M-CYCLE/SCOOTER,876,825,"1,021","1,030","1,156",867,"1,049",842,821,"1,116","1,176",750,"11,529"
2014,Odisha,PURI RTO - OR13( 25-DEC-2017 ),8,MOPED,145,101,155,156,178,154,108,116,86,181,200,102,"1,682"
2014,Odisha,PURI RTO - OR13( 25-DEC-2017 ),9,MOTOR CAB,4,7,4,6,5,1,5,4,9,6,4,7,62
2014,Odisha,PURI RTO - OR13( 25-DEC-2017 ),10,MOTOR CAR,15,33,24,22,17,28,23,17,23,19,35,23,279
2014,Odisha,PURI RTO - OR13( 25-DEC-2017 ),11,MOTOR CYCLE/SCOOTER-USED FOR HIRE,0,0,0,0,0,1,0,0,0,0,0,0,1
2014,Odisha,PURI RTO - OR13( 25-DEC-2017 ),12,OMNI BUS,2,0,2,0,1,0,1,1,0,2,0,1,10
2014,Odisha,PURI RTO - OR13( 25-DEC-2017 ),13,OMNI BUS (PRIVATE USE),0,1,0,1,0,0,0,0,0,0,0,0,2
2014,Odisha,PURI RTO - OR13( 25-DEC-2017 ),14,PRIVATE SERVICE VEHICLE (INDIVIDUAL USE),0,0,0,1,0,0,0,0,0,0,0,0,1
2014,Odisha,PURI RTO - OR13( 25-DEC-2017 ),15,THREE WHEELER (GOODS),8,5,12,7,18,9,14,7,13,16,7,11,127
2014,Odisha,PURI RTO - OR13( 25-DEC-2017 ),16,THREE WHEELER (PASSENGER),47,39,28,36,35,41,30,51,39,56,45,35,482
2014,Odisha,PURI RTO - OR13( 25-DEC-2017 ),17,TRACTOR (COMMERCIAL),39,24,18,16,13,11,10,19,15,14,24,17,220
2014,Odisha,PURI RTO - OR13( 25-DEC-2017 ),18,TRAILER (COMMERCIAL),39,25,17,16,13,11,10,19,15,12,24,17,218
2014,Odisha,RAIRANGPUR ARTO - OR111( 08-NOV-2017 ),1,BUS,0,0,1,0,0,0,3,0,1,0,0,0,5
2014,Odisha,RAIRANGPUR ARTO - OR111( 08-NOV-2017 ),2,EDUCATIONAL INSTITUTION BUS,1,0,0,0,0,0,0,0,0,0,0,0,1
2014,Odisha,RAIRANGPUR ARTO - OR111( 08-NOV-2017 ),3,GOODS CARRIER,10,19,12,16,16,64,15,11,18,13,6,14,214
2014,Odisha,RAIRANGPUR ARTO - OR111( 08-NOV-2017 ),4,MAXI CAB,12,14,13,8,9,18,14,6,6,8,11,7,126
2014,Odisha,RAIRANGPUR ARTO - OR111( 08-NOV-2017 ),5,M-CYCLE/SCOOTER,159,131,174,201,172,227,204,133,158,242,148,145,"2,094"
2014,Odisha,RAIRANGPUR ARTO - OR111( 08-NOV-2017 ),6,MOPED,23,14,15,12,14,13,17,7,16,16,23,14,184
2014,Odisha,RAIRANGPUR ARTO - OR111( 08-NOV-2017 ),7,MOTOR CAB,2,0,4,5,0,2,6,2,0,2,2,1,26
2014,Odisha,RAIRANGPUR ARTO - OR111( 08-NOV-2017 ),8,MOTOR CAR,9,6,6,15,11,11,16,2,10,7,10,11,114
2014,Odisha,RAIRANGPUR ARTO - OR111( 08-NOV-2017 ),9,OMNI BUS,0,0,0,0,0,0,0,0,0,1,0,0,1
2014,Odisha,RAIRANGPUR ARTO - OR111( 08-NOV-2017 ),10,OMNI BUS (PRIVATE USE),4,1,3,5,1,1,3,1,3,5,4,3,34
2014,Odisha,RAIRANGPUR ARTO - OR111( 08-NOV-2017 ),11,THREE WHEELER (GOODS),1,4,4,3,3,4,2,3,6,9,5,5,49
2014,Odisha,RAIRANGPUR ARTO - OR111( 08-NOV-2017 ),12,THREE WHEELER (PASSENGER),6,11,2,5,11,14,12,11,18,19,14,15,138
2014,Odisha,RAIRANGPUR ARTO - OR111( 08-NOV-2017 ),13,TRACTOR (COMMERCIAL),22,21,23,14,18,17,15,16,9,15,10,12,192
2014,Odisha,RAIRANGPUR ARTO - OR111( 08-NOV-2017 ),14,TRAILER (COMMERCIAL),22,21,23,14,17,17,15,16,9,15,10,13,192
2014,Odisha,RAYGADA RTO - OR18( 25-DEC-2017 ),1,AGRICULTURAL TRACTOR,0,0,1,0,0,0,0,0,0,0,0,0,1
2014,Odisha,RAYGADA RTO - OR18( 25-DEC-2017 ),2,AMBULANCE,1,0,0,0,0,0,1,5,0,0,2,0,9
2014,Odisha,RAYGADA RTO - OR18( 25-DEC-2017 ),3,BUS,0,1,0,1,1,1,1,2,0,0,0,0,7
2014,Odisha,RAYGADA RTO - OR18( 25-DEC-2017 ),4,CONSTRUCTION EQUIPMENT VEHICLE,0,0,0,0,2,0,1,1,0,1,2,1,8
2014,Odisha,RAYGADA RTO - OR18( 25-DEC-2017 ),5,CRANE MOUNTED VEHICLE,0,0,0,0,1,0,0,1,1,0,0,1,4
2014,Odisha,RAYGADA RTO - OR18( 25-DEC-2017 ),6,EDUCATIONAL INSTITUTION BUS,1,0,1,0,0,1,0,0,0,0,0,0,3
2014,Odisha,RAYGADA RTO - OR18( 25-DEC-2017 ),7,GOODS CARRIER,40,39,27,26,18,33,17,25,12,34,25,22,318
2014,Odisha,RAYGADA RTO - OR18( 25-DEC-2017 ),8,MAXI CAB,8,16,21,17,12,15,8,6,9,8,9,7,136
2014,Odisha,RAYGADA RTO - OR18( 25-DEC-2017 ),9,M-CYCLE/SCOOTER,466,589,662,522,762,580,450,340,345,682,329,315,"6,042"
2014,Odisha,RAYGADA RTO - OR18( 25-DEC-2017 ),10,M-CYCLE/SCOOTER-WITH SIDE CAR,1,2,0,0,1,1,0,0,0,0,0,0,5
2014,Odisha,RAYGADA RTO - OR18( 25-DEC-2017 ),11,MOPED,19,53,42,46,27,23,10,14,13,36,47,23,353
2014,Odisha,RAYGADA RTO - OR18( 25-DEC-2017 ),12,MOTOR CAB,0,1,0,0,2,1,0,0,0,0,1,3,8
2014,Odisha,RAYGADA RTO - OR18( 25-DEC-2017 ),13,MOTOR CAR,14,15,15,15,23,13,20,20,22,19,13,15,204
2014,Odisha,RAYGADA RTO - OR18( 25-DEC-2017 ),14,OMNI BUS,2,1,1,0,0,2,0,3,1,0,3,3,16
2014,Odisha,RAYGADA RTO - OR18( 25-DEC-2017 ),15,OMNI BUS (PRIVATE USE),3,4,3,1,1,2,9,2,3,3,1,0,32
2014,Odisha,RAYGADA RTO - OR18( 25-DEC-2017 ),16,PRIVATE SERVICE VEHICLE,1,0,0,1,1,0,0,1,0,0,0,0,4
2014,Odisha,RAYGADA RTO - OR18( 25-DEC-2017 ),17,THREE WHEELER (GOODS),1,0,0,0,2,1,1,0,0,1,0,0,6
2014,Odisha,RAYGADA RTO - OR18( 25-DEC-2017 ),18,THREE WHEELER (PASSENGER),8,9,26,11,21,24,22,14,30,27,23,20,235
2014,Odisha,RAYGADA RTO - OR18( 25-DEC-2017 ),19,TRACTOR (COMMERCIAL),12,14,46,9,34,26,18,11,20,6,11,27,234
2014,Odisha,RAYGADA RTO - OR18( 25-DEC-2017 ),20,TRAILER (COMMERCIAL),16,12,44,7,34,20,12,12,23,5,10,25,220
2014,Odisha,RAYGADA RTO - OR18( 25-DEC-2017 ),21,TRAILER FOR PERSONAL USE,0,1,0,0,0,0,0,0,0,0,0,0,1
2014,Odisha,ROURKELA RTO - OR14( 25-DEC-2017 ),1,AGRICULTURAL TRACTOR,0,0,0,0,0,0,0,0,0,1,0,0,1
2014,Odisha,ROURKELA RTO - OR14( 25-DEC-2017 ),2,AMBULANCE,1,0,2,0,0,0,3,1,1,1,0,0,9
2014,Odisha,ROURKELA RTO - OR14( 25-DEC-2017 ),3,ARTICULATED VEHICLE,0,0,0,0,0,0,0,0,2,0,0,0,2
2014,Odisha,ROURKELA RTO - OR14( 25-DEC-2017 ),4,BUS,7,0,3,3,2,3,2,1,4,6,4,2,37
2014,Odisha,ROURKELA RTO - OR14( 25-DEC-2017 ),5,CONSTRUCTION EQUIPMENT VEHICLE,0,0,1,0,0,0,1,0,0,0,0,0,2
2014,Odisha,ROURKELA RTO - OR14( 25-DEC-2017 ),6,CRANE MOUNTED VEHICLE,0,0,0,0,0,0,0,0,0,1,0,0,1
2014,Odisha,ROURKELA RTO - OR14( 25-DEC-2017 ),7,EDUCATIONAL INSTITUTION BUS,1,0,0,1,0,5,1,0,1,0,0,0,9
2014,Odisha,ROURKELA RTO - OR14( 25-DEC-2017 ),8,GOODS CARRIER,96,87,81,73,81,62,69,51,67,60,94,74,895
2014,Odisha,ROURKELA RTO - OR14( 25-DEC-2017 ),9,MAXI CAB,14,12,19,9,6,8,7,2,7,14,17,7,122
2014,Odisha,ROURKELA RTO - OR14( 25-DEC-2017 ),10,M-CYCLE/SCOOTER,"1,324","1,067","1,434","1,252","1,432","1,278","1,442","1,155","1,370","1,553","1,931","1,742","16,980"
2014,Odisha,ROURKELA RTO - OR14( 25-DEC-2017 ),11,MOPED,29,22,43,33,24,17,15,41,40,64,55,44,427
2014,Odisha,ROURKELA RTO - OR14( 25-DEC-2017 ),12,MOTOR CAB,4,3,9,2,3,2,3,2,3,2,9,2,44
2014,Odisha,ROURKELA RTO - OR14( 25-DEC-2017 ),13,MOTOR CAR,235,105,135,181,182,159,188,158,201,226,213,191,"2,174"
2014,Odisha,ROURKELA RTO - OR14( 25-DEC-2017 ),14,OMNI BUS,0,1,2,0,3,0,3,1,0,0,0,0,10
2014,Odisha,ROURKELA RTO - OR14( 25-DEC-2017 ),15,OMNI BUS (PRIVATE USE),6,6,5,1,3,2,4,7,2,2,3,4,45
2014,Odisha,ROURKELA RTO - OR14( 25-DEC-2017 ),16,PRIVATE SERVICE VEHICLE,0,0,0,0,0,0,1,3,0,0,0,0,4
2014,Odisha,ROURKELA RTO - OR14( 25-DEC-2017 ),17,THREE WHEELER (GOODS),8,13,9,4,11,10,7,6,6,10,16,16,116
2014,Odisha,ROURKELA RTO - OR14( 25-DEC-2017 ),18,THREE WHEELER (PASSENGER),49,47,66,31,50,51,67,55,76,42,65,46,645
2014,Odisha,ROURKELA RTO - OR14( 25-DEC-2017 ),19,TRACTOR (COMMERCIAL),11,4,14,2,1,21,7,12,6,4,6,13,101
2014,Odisha,ROURKELA RTO - OR14( 25-DEC-2017 ),20,TRAILER (COMMERCIAL),9,5,14,1,1,21,6,9,3,2,6,13,90
2014,Odisha,SAMBALPUR RTO - OR15( 04-DEC-2017 ),1,ADAPTED VEHICLE,0,0,1,0,0,0,0,0,0,0,0,0,1
2014,Odisha,SAMBALPUR RTO - OR15( 04-DEC-2017 ),2,AGRICULTURAL TRACTOR,0,0,1,0,0,1,1,1,0,2,1,1,8
2014,Odisha,SAMBALPUR RTO - OR15( 04-DEC-2017 ),3,AMBULANCE,0,3,2,0,1,0,0,3,3,1,0,1,14
2014,Odisha,SAMBALPUR RTO - OR15( 04-DEC-2017 ),4,ARTICULATED VEHICLE,0,0,0,0,0,0,2,0,0,0,0,0,2
2014,Odisha,SAMBALPUR RTO - OR15( 04-DEC-2017 ),5,BUS,9,7,4,11,2,2,6,6,4,0,3,1,55
2014,Odisha,SAMBALPUR RTO - OR15( 04-DEC-2017 ),6,CONSTRUCTION EQUIPMENT VEHICLE,1,0,1,2,1,3,1,1,0,1,1,2,14
2014,Odisha,SAMBALPUR RTO - OR15( 04-DEC-2017 ),7,EDUCATIONAL INSTITUTION BUS,0,0,1,0,1,0,2,2,2,0,1,1,10
2014,Odisha,SAMBALPUR RTO - OR15( 04-DEC-2017 ),8,GOODS CARRIER,129,56,97,90,107,61,87,75,77,70,80,69,998
2014,Odisha,SAMBALPUR RTO - OR15( 04-DEC-2017 ),9,MAXI CAB,25,12,27,21,18,9,13,13,13,20,19,12,202
2014,Odisha,SAMBALPUR RTO - OR15( 04-DEC-2017 ),10,M-CYCLE/SCOOTER,"1,041",830,"1,272","1,107","1,235",995,"1,052",818,799,"1,158",887,952,"12,146"
2014,Odisha,SAMBALPUR RTO - OR15( 04-DEC-2017 ),11,M-CYCLE/SCOOTER-WITH SIDE CAR,1,0,0,0,1,0,0,0,0,0,0,0,2
2014,Odisha,SAMBALPUR RTO - OR15( 04-DEC-2017 ),12,MOPED,53,39,41,36,43,34,44,65,148,105,92,96,796
2014,Odisha,SAMBALPUR RTO - OR15( 04-DEC-2017 ),13,MOTOR CAB,1,1,1,0,3,1,5,1,2,2,0,2,19
2014,Odisha,SAMBALPUR RTO - OR15( 04-DEC-2017 ),14,MOTOR CAR,212,123,172,136,177,160,161,103,155,198,172,160,"1,929"
2014,Odisha,SAMBALPUR RTO - OR15( 04-DEC-2017 ),15,OMNI BUS,0,0,0,1,1,1,0,0,0,0,0,0,3
2014,Odisha,SAMBALPUR RTO - OR15( 04-DEC-2017 ),16,OMNI BUS (PRIVATE USE),3,8,9,10,4,7,4,4,7,4,4,7,71
2014,Odisha,SAMBALPUR RTO - OR15( 04-DEC-2017 ),17,PRIVATE SERVICE VEHICLE,0,0,0,2,0,0,0,0,0,0,0,0,2
2014,Odisha,SAMBALPUR RTO - OR15( 04-DEC-2017 ),18,THREE WHEELER (GOODS),7,3,8,9,13,7,10,12,4,6,11,4,94
2014,Odisha,SAMBALPUR RTO - OR15( 04-DEC-2017 ),19,THREE WHEELER (PASSENGER),34,26,22,26,25,39,35,29,34,20,52,36,378
2014,Odisha,SAMBALPUR RTO - OR15( 04-DEC-2017 ),20,TRACTOR (COMMERCIAL),46,23,44,19,25,41,32,10,20,33,32,19,344
2014,Odisha,SAMBALPUR RTO - OR15( 04-DEC-2017 ),21,TRAILER (COMMERCIAL),47,23,44,16,29,41,32,10,18,33,35,20,348
2014,Odisha,SAMBALPUR RTO - OR15( 04-DEC-2017 ),22,VEHICLE FITTED WITH COMPRESSOR,1,0,0,0,0,0,0,0,0,0,0,0,1
2014,Odisha,SONEPUR RTO - OR31( 08-NOV-2017 ),1,EDUCATIONAL INSTITUTION BUS,0,0,1,0,1,0,0,1,1,0,0,0,4
2014,Odisha,SONEPUR RTO - OR31( 08-NOV-2017 ),2,GOODS CARRIER,10,5,7,15,6,4,2,7,11,2,9,8,86
2014,Odisha,SONEPUR RTO - OR31( 08-NOV-2017 ),3,MAXI CAB,4,2,3,4,0,0,1,1,1,5,1,1,23
2014,Odisha,SONEPUR RTO - OR31( 08-NOV-2017 ),4,M-CYCLE/SCOOTER,386,502,693,825,564,730,682,376,362,301,357,259,"6,037"
2014,Odisha,SONEPUR RTO - OR31( 08-NOV-2017 ),5,M-CYCLE/SCOOTER-WITH SIDE CAR,0,0,48,0,0,0,0,0,0,0,0,0,48
2014,Odisha,SONEPUR RTO - OR31( 08-NOV-2017 ),6,MOPED,50,33,38,45,24,24,43,44,99,53,69,46,568
2014,Odisha,SONEPUR RTO - OR31( 08-NOV-2017 ),7,MOTOR CAB,0,0,0,0,0,1,1,0,0,0,0,0,2
2014,Odisha,SONEPUR RTO - OR31( 08-NOV-2017 ),8,MOTOR CAR,11,16,6,10,8,9,13,6,10,7,7,17,120
2014,Odisha,SONEPUR RTO - OR31( 08-NOV-2017 ),9,OMNI BUS,1,0,0,0,0,0,0,0,0,0,0,0,1
2014,Odisha,SONEPUR RTO - OR31( 08-NOV-2017 ),10,OMNI BUS (PRIVATE USE),0,0,2,2,1,0,0,1,3,1,1,0,11
2014,Odisha,SONEPUR RTO - OR31( 08-NOV-2017 ),11,PRIVATE SERVICE VEHICLE (INDIVIDUAL USE),0,0,0,0,0,0,0,0,0,0,1,0,1
2014,Odisha,SONEPUR RTO - OR31( 08-NOV-2017 ),12,THREE WHEELER (GOODS),0,0,2,0,0,0,0,0,0,0,0,1,3
2014,Odisha,SONEPUR RTO - OR31( 08-NOV-2017 ),13,THREE WHEELER (PASSENGER),1,0,1,0,0,1,3,1,0,0,0,0,7
2014,Odisha,SONEPUR RTO - OR31( 08-NOV-2017 ),14,TRACTOR (COMMERCIAL),3,1,1,0,2,0,2,4,12,0,35,22,82
2014,Odisha,SONEPUR RTO - OR31( 08-NOV-2017 ),15,TRACTOR-TROLLEY(COMMERCIAL),0,0,0,0,0,0,0,0,2,0,4,0,6
2014,Odisha,SONEPUR RTO - OR31( 08-NOV-2017 ),16,TRAILER (COMMERCIAL),2,1,1,0,2,0,3,4,10,0,31,22,76
2014,Odisha,SUNDERGARH RTO - OR16( 08-NOV-2017 ),1,AMBULANCE,0,0,1,1,0,1,0,0,0,1,0,1,5
2014,Odisha,SUNDERGARH RTO - OR16( 08-NOV-2017 ),2,BUS,4,0,1,0,0,3,3,0,2,1,2,1,17
2014,Odisha,SUNDERGARH RTO - OR16( 08-NOV-2017 ),3,CONSTRUCTION EQUIPMENT VEHICLE,0,0,0,1,0,0,0,0,0,0,0,0,1
2014,Odisha,SUNDERGARH RTO - OR16( 08-NOV-2017 ),4,CRANE MOUNTED VEHICLE,0,0,19,2,0,0,0,0,0,0,0,0,21
2014,Odisha,SUNDERGARH RTO - OR16( 08-NOV-2017 ),5,EDUCATIONAL INSTITUTION BUS,0,3,0,2,0,0,0,0,1,0,0,1,7
2014,Odisha,SUNDERGARH RTO - OR16( 08-NOV-2017 ),6,GOODS CARRIER,25,41,55,34,33,29,33,50,34,43,45,39,461
2014,Odisha,SUNDERGARH RTO - OR16( 08-NOV-2017 ),7,MAXI CAB,14,6,17,10,15,7,13,5,10,14,13,13,137
2014,Odisha,SUNDERGARH RTO - OR16( 08-NOV-2017 ),8,M-CYCLE/SCOOTER,515,458,645,429,631,512,508,394,404,513,466,474,"5,949"
2014,Odisha,SUNDERGARH RTO - OR16( 08-NOV-2017 ),9,M-CYCLE/SCOOTER-WITH SIDE CAR,0,0,0,0,0,2,0,0,0,1,0,1,4
2014,Odisha,SUNDERGARH RTO - OR16( 08-NOV-2017 ),10,MOPED,21,15,25,14,24,26,15,24,24,55,33,29,305
2014,Odisha,SUNDERGARH RTO - OR16( 08-NOV-2017 ),11,MOTOR CAB,0,0,1,0,3,1,1,0,0,1,0,2,9
2014,Odisha,SUNDERGARH RTO - OR16( 08-NOV-2017 ),12,MOTOR CAR,38,37,55,43,41,40,46,34,40,38,35,39,486
2014,Odisha,SUNDERGARH RTO - OR16( 08-NOV-2017 ),13,OMNI BUS,0,0,2,0,0,1,1,0,0,0,0,0,4
2014,Odisha,SUNDERGARH RTO - OR16( 08-NOV-2017 ),14,OMNI BUS (PRIVATE USE),2,1,4,1,2,3,2,1,2,2,0,0,20
2014,Odisha,SUNDERGARH RTO - OR16( 08-NOV-2017 ),15,PRIVATE SERVICE VEHICLE,1,0,0,0,0,0,0,0,0,0,0,1,2
2014,Odisha,SUNDERGARH RTO - OR16( 08-NOV-2017 ),16,PRIVATE SERVICE VEHICLE (INDIVIDUAL USE),1,0,0,0,0,0,0,0,0,1,0,0,2
2014,Odisha,SUNDERGARH RTO - OR16( 08-NOV-2017 ),17,THREE WHEELER (GOODS),2,0,0,0,1,2,1,0,1,0,0,1,8
2014,Odisha,SUNDERGARH RTO - OR16( 08-NOV-2017 ),18,THREE WHEELER (PASSENGER),2,0,3,0,0,1,1,0,5,4,2,6,24
2014,Odisha,SUNDERGARH RTO - OR16( 08-NOV-2017 ),19,TRACTOR (COMMERCIAL),59,30,35,18,12,71,36,42,10,5,17,24,359
2014,Odisha,SUNDERGARH RTO - OR16( 08-NOV-2017 ),20,TRAILER (COMMERCIAL),46,25,27,18,12,60,26,28,9,6,14,24,295
2014,Odisha,SUNDERGARH RTO - OR16( 08-NOV-2017 ),21,VEHICLE FITTED WITH COMPRESSOR,0,0,1,0,0,0,0,0,0,0,0,0,1
2014,Odisha,SUNDERGARH RTO - OR16( 08-NOV-2017 ),22,VEHICLE FITTED WITH RIG,1,0,0,0,0,0,0,0,0,0,0,0,1
2014,Odisha,TALCHER RTO - OR35( 25-DEC-2017 ),1,AMBULANCE,0,0,0,0,0,1,1,0,2,0,0,1,5
2014,Odisha,TALCHER RTO - OR35( 25-DEC-2017 ),2,BUS,0,0,0,0,1,0,0,1,1,1,1,0,5
2014,Odisha,TALCHER RTO - OR35( 25-DEC-2017 ),3,CONSTRUCTION EQUIPMENT VEHICLE,0,0,82,39,0,0,0,1,0,0,0,0,122
2014,Odisha,TALCHER RTO - OR35( 25-DEC-2017 ),4,EDUCATIONAL INSTITUTION BUS,0,0,0,0,0,0,0,0,1,0,0,0,1
2014,Odisha,TALCHER RTO - OR35( 25-DEC-2017 ),5,GOODS CARRIER,16,38,46,82,58,50,40,33,33,42,49,44,531
2014,Odisha,TALCHER RTO - OR35( 25-DEC-2017 ),6,MAXI CAB,3,2,3,1,0,6,4,2,4,2,3,1,31
2014,Odisha,TALCHER RTO - OR35( 25-DEC-2017 ),7,M-CYCLE/SCOOTER,19,15,23,30,23,21,32,231,385,620,575,376,"2,350"
2014,Odisha,TALCHER RTO - OR35( 25-DEC-2017 ),8,MOPED,1,1,1,0,0,1,0,5,2,0,4,1,16
2014,Odisha,TALCHER RTO - OR35( 25-DEC-2017 ),9,MOTOR CAB,1,0,1,2,0,0,1,2,0,1,1,1,10
2014,Odisha,TALCHER RTO - OR35( 25-DEC-2017 ),10,MOTOR CAR,16,9,4,7,2,5,4,4,10,13,14,8,96
2014,Odisha,TALCHER RTO - OR35( 25-DEC-2017 ),11,OMNI BUS,0,0,0,0,0,0,0,0,0,0,1,0,1
2014,Odisha,TALCHER RTO - OR35( 25-DEC-2017 ),12,OMNI BUS (PRIVATE USE),0,0,0,1,0,3,4,3,0,0,0,2,13
2014,Odisha,TALCHER RTO - OR35( 25-DEC-2017 ),13,PRIVATE SERVICE VEHICLE (INDIVIDUAL USE),1,0,0,0,0,0,0,0,0,0,1,0,2
2014,Odisha,TALCHER RTO - OR35( 25-DEC-2017 ),14,THREE WHEELER (GOODS),2,1,0,0,0,0,0,0,0,0,0,1,4
2014,Odisha,TALCHER RTO - OR35( 25-DEC-2017 ),15,THREE WHEELER (PASSENGER),4,1,5,1,2,5,4,5,5,2,7,2,43
2014,Odisha,TALCHER RTO - OR35( 25-DEC-2017 ),16,TRACTOR (COMMERCIAL),9,2,8,2,5,5,5,3,4,3,1,1,48
2014,Odisha,TALCHER RTO - OR35( 25-DEC-2017 ),17,TRACTOR-TROLLEY(COMMERCIAL),1,0,0,0,0,0,0,0,0,0,0,0,1
2014,Odisha,TALCHER RTO - OR35( 25-DEC-2017 ),18,TRAILER (COMMERCIAL),6,2,8,2,4,5,3,3,3,3,1,1,41
