0,1,2,3,4,5,6,7,8,9,10,11,12,13,14,15,16,17
2024,Odisha,ANGUL RTO - OR19( 25-DEC-2017 ),1,HEAVY GOODS VEHICLE,97,93,133,52,,,,,,,,,375
2024,Odisha,ANGUL RTO - OR19( 25-DEC-2017 ),2,HEAVY MOTOR VEHICLE,5,1,1,0,,,,,,,,,7
2024,Odisha,ANGUL RTO - OR19( 25-DEC-2017 ),3,HEAVY PASSENGER VEHICLE,0,0,11,10,,,,,,,,,21
2024,Odisha,ANGUL RTO - OR19( 25-DEC-2017 ),4,LIGHT GOODS VEHICLE,64,61,78,38,,,,,,,,,241
2024,Odisha,ANGUL RTO - OR19( 25-DEC-2017 ),5,LIGHT MOTOR VEHICLE,149,162,205,82,,,,,,,,,598
2024,Odisha,ANGUL RTO - OR19( 25-DEC-2017 ),6,LIGHT PASSENGER VEHICLE,27,21,27,15,,,,,,,,,90
2024,Odisha,ANGUL RTO - OR19( 25-DEC-2017 ),7,MEDIUM GOODS VEHICLE,3,4,3,3,,,,,,,,,13
2024,Odisha,ANGUL RTO - OR19( 25-DEC-2017 ),8,MEDIUM MOTOR VEHICLE,4,6,3,2,,,,,,,,,15
2024,Odisha,ANGUL RTO - OR19( 25-DEC-2017 ),9,MEDIUM PASSENGER VEHICLE,7,31,8,4,,,,,,,,,50
2024,Odisha,ANGUL RTO - OR19( 25-DEC-2017 ),10,OTHER THAN MENTIONED ABOVE,35,32,31,37,,,,,,,,,135
2024,Odisha,ANGUL RTO - OR19( 25-DEC-2017 ),11,THREE WHEELER(T),63,50,83,31,,,,,,,,,227
2024,Odisha,ANGUL RTO - OR19( 25-DEC-2017 ),12,TWO WHEELER(NT),"1,159","1,346","1,777",832,,,,,,,,,"5,114"
2024,Odisha,ARTO BARBIL - OR901( 04-DEC-2017 ),1,HEAVY GOODS VEHICLE,150,152,197,151,,,,,,,,,650
2024,Odisha,ARTO BARBIL - OR901( 04-DEC-2017 ),2,HEAVY MOTOR VEHICLE,0,0,1,0,,,,,,,,,1
2024,Odisha,ARTO BARBIL - OR901( 04-DEC-2017 ),3,HEAVY PASSENGER VEHICLE,1,1,1,0,,,,,,,,,3
2024,Odisha,ARTO BARBIL - OR901( 04-DEC-2017 ),4,LIGHT GOODS VEHICLE,11,14,8,14,,,,,,,,,47
2024,Odisha,ARTO BARBIL - OR901( 04-DEC-2017 ),5,LIGHT MOTOR VEHICLE,28,15,14,9,,,,,,,,,66
2024,Odisha,ARTO BARBIL - OR901( 04-DEC-2017 ),6,LIGHT PASSENGER VEHICLE,9,28,8,12,,,,,,,,,57
2024,Odisha,ARTO BARBIL - OR901( 04-DEC-2017 ),7,MEDIUM GOODS VEHICLE,0,0,2,0,,,,,,,,,2
2024,Odisha,ARTO BARBIL - OR901( 04-DEC-2017 ),8,MEDIUM PASSENGER VEHICLE,2,1,2,0,,,,,,,,,5
2024,Odisha,ARTO BARBIL - OR901( 04-DEC-2017 ),9,OTHER THAN MENTIONED ABOVE,18,7,9,10,,,,,,,,,44
2024,Odisha,ARTO BARBIL - OR901( 04-DEC-2017 ),10,THREE WHEELER(T),0,2,0,0,,,,,,,,,2
2024,Odisha,ARTO BARBIL - OR901( 04-DEC-2017 ),11,TWO WHEELER(NT),186,164,212,135,,,,,,,,,697
2024,Odisha,BALASORE RTO - OR1( 07-NOV-2017 ),1,HEAVY GOODS VEHICLE,20,21,14,10,,,,,,,,,65
2024,Odisha,BALASORE RTO - OR1( 07-NOV-2017 ),2,HEAVY MOTOR VEHICLE,0,0,1,0,,,,,,,,,1
2024,Odisha,BALASORE RTO - OR1( 07-NOV-2017 ),3,HEAVY PASSENGER VEHICLE,0,1,0,0,,,,,,,,,1
2024,Odisha,BALASORE RTO - OR1( 07-NOV-2017 ),4,LIGHT GOODS VEHICLE,80,89,90,41,,,,,,,,,300
2024,Odisha,BALASORE RTO - OR1( 07-NOV-2017 ),5,LIGHT MOTOR VEHICLE,327,304,381,146,,,,,,,,,"1,158"
2024,Odisha,BALASORE RTO - OR1( 07-NOV-2017 ),6,LIGHT PASSENGER VEHICLE,43,26,24,13,,,,,,,,,106
2024,Odisha,BALASORE RTO - OR1( 07-NOV-2017 ),7,MEDIUM GOODS VEHICLE,2,2,0,2,,,,,,,,,6
2024,Odisha,BALASORE RTO - OR1( 07-NOV-2017 ),8,MEDIUM PASSENGER VEHICLE,0,28,23,0,,,,,,,,,51
2024,Odisha,BALASORE RTO - OR1( 07-NOV-2017 ),9,OTHER THAN MENTIONED ABOVE,10,9,2,10,,,,,,,,,31
2024,Odisha,BALASORE RTO - OR1( 07-NOV-2017 ),10,THREE WHEELER(T),116,109,130,76,,,,,,,,,431
2024,Odisha,BALASORE RTO - OR1( 07-NOV-2017 ),11,TWO WHEELER(NT),"3,245","3,092","3,998","2,382",,,,,,,,,"12,717"
2024,Odisha,BARGARH RTO - OR17( 04-DEC-2017 ),1,HEAVY GOODS VEHICLE,19,9,10,5,,,,,,,,,43
2024,Odisha,BARGARH RTO - OR17( 04-DEC-2017 ),2,HEAVY PASSENGER VEHICLE,2,2,1,0,,,,,,,,,5
2024,Odisha,BARGARH RTO - OR17( 04-DEC-2017 ),3,LIGHT GOODS VEHICLE,44,57,42,23,,,,,,,,,166
2024,Odisha,BARGARH RTO - OR17( 04-DEC-2017 ),4,LIGHT MOTOR VEHICLE,254,277,279,138,,,,,,,,,948
2024,Odisha,BARGARH RTO - OR17( 04-DEC-2017 ),5,LIGHT PASSENGER VEHICLE,4,13,13,9,,,,,,,,,39
2024,Odisha,BARGARH RTO - OR17( 04-DEC-2017 ),6,MEDIUM GOODS VEHICLE,1,0,0,0,,,,,,,,,1
2024,Odisha,BARGARH RTO - OR17( 04-DEC-2017 ),7,MEDIUM MOTOR VEHICLE,4,10,1,2,,,,,,,,,17
2024,Odisha,BARGARH RTO - OR17( 04-DEC-2017 ),8,MEDIUM PASSENGER VEHICLE,0,36,18,11,,,,,,,,,65
2024,Odisha,BARGARH RTO - OR17( 04-DEC-2017 ),9,OTHER THAN MENTIONED ABOVE,2,5,8,7,,,,,,,,,22
2024,Odisha,BARGARH RTO - OR17( 04-DEC-2017 ),10,THREE WHEELER(T),13,17,20,5,,,,,,,,,55
2024,Odisha,BARGARH RTO - OR17( 04-DEC-2017 ),11,TWO WHEELER(NT),"1,360","1,867","2,309","1,070",,,,,,,,,"6,606"
2024,Odisha,BHADRAK RTO - OR22( 04-DEC-2017 ),1,HEAVY GOODS VEHICLE,81,85,87,28,,,,,,,,,281
2024,Odisha,BHADRAK RTO - OR22( 04-DEC-2017 ),2,HEAVY MOTOR VEHICLE,0,1,1,0,,,,,,,,,2
2024,Odisha,BHADRAK RTO - OR22( 04-DEC-2017 ),3,HEAVY PASSENGER VEHICLE,1,1,0,0,,,,,,,,,2
2024,Odisha,BHADRAK RTO - OR22( 04-DEC-2017 ),4,LIGHT GOODS VEHICLE,45,36,40,20,,,,,,,,,141
2024,Odisha,BHADRAK RTO - OR22( 04-DEC-2017 ),5,LIGHT MOTOR VEHICLE,128,112,137,63,,,,,,,,,440
2024,Odisha,BHADRAK RTO - OR22( 04-DEC-2017 ),6,LIGHT PASSENGER VEHICLE,6,5,8,3,,,,,,,,,22
2024,Odisha,BHADRAK RTO - OR22( 04-DEC-2017 ),7,MEDIUM GOODS VEHICLE,0,1,2,0,,,,,,,,,3
2024,Odisha,BHADRAK RTO - OR22( 04-DEC-2017 ),8,MEDIUM MOTOR VEHICLE,0,1,0,0,,,,,,,,,1
2024,Odisha,BHADRAK RTO - OR22( 04-DEC-2017 ),9,MEDIUM PASSENGER VEHICLE,2,11,18,3,,,,,,,,,34
2024,Odisha,BHADRAK RTO - OR22( 04-DEC-2017 ),10,OTHER THAN MENTIONED ABOVE,8,8,6,3,,,,,,,,,25
2024,Odisha,BHADRAK RTO - OR22( 04-DEC-2017 ),11,THREE WHEELER(T),83,90,100,57,,,,,,,,,330
2024,Odisha,BHADRAK RTO - OR22( 04-DEC-2017 ),12,TWO WHEELER(NT),"1,705","1,666","2,181","1,557",,,,,,,,,"7,109"
2024,Odisha,BHANJANAGAR RTO - OR32( 04-DEC-2017 ),1,HEAVY GOODS VEHICLE,10,7,20,5,,,,,,,,,42
2024,Odisha,BHANJANAGAR RTO - OR32( 04-DEC-2017 ),2,HEAVY PASSENGER VEHICLE,0,0,1,0,,,,,,,,,1
2024,Odisha,BHANJANAGAR RTO - OR32( 04-DEC-2017 ),3,LIGHT GOODS VEHICLE,37,25,23,17,,,,,,,,,102
2024,Odisha,BHANJANAGAR RTO - OR32( 04-DEC-2017 ),4,LIGHT MOTOR VEHICLE,40,22,31,25,,,,,,,,,118
2024,Odisha,BHANJANAGAR RTO - OR32( 04-DEC-2017 ),5,LIGHT PASSENGER VEHICLE,4,3,4,0,,,,,,,,,11
2024,Odisha,BHANJANAGAR RTO - OR32( 04-DEC-2017 ),6,MEDIUM MOTOR VEHICLE,0,1,0,0,,,,,,,,,1
2024,Odisha,BHANJANAGAR RTO - OR32( 04-DEC-2017 ),7,MEDIUM PASSENGER VEHICLE,1,1,9,6,,,,,,,,,17
2024,Odisha,BHANJANAGAR RTO - OR32( 04-DEC-2017 ),8,OTHER THAN MENTIONED ABOVE,2,0,1,1,,,,,,,,,4
2024,Odisha,BHANJANAGAR RTO - OR32( 04-DEC-2017 ),9,THREE WHEELER(T),22,27,21,10,,,,,,,,,80
2024,Odisha,BHANJANAGAR RTO - OR32( 04-DEC-2017 ),10,TWO WHEELER(NT),715,988,"1,645",909,,,,,,,,,"4,257"
2024,Odisha,BHUBANESWAR-II RTO - OR33( 23-OCT-2017 ),1,FOUR WHEELER (INVALID CARRIAGE),0,1,0,0,,,,,,,,,1
2024,Odisha,BHUBANESWAR-II RTO - OR33( 23-OCT-2017 ),2,HEAVY GOODS VEHICLE,50,29,33,34,,,,,,,,,146
2024,Odisha,BHUBANESWAR-II RTO - OR33( 23-OCT-2017 ),3,HEAVY PASSENGER VEHICLE,0,6,0,1,,,,,,,,,7
2024,Odisha,BHUBANESWAR-II RTO - OR33( 23-OCT-2017 ),4,LIGHT GOODS VEHICLE,40,49,49,33,,,,,,,,,171
2024,Odisha,BHUBANESWAR-II RTO - OR33( 23-OCT-2017 ),5,LIGHT MOTOR VEHICLE,729,667,791,439,,,,,,,,,"2,626"
2024,Odisha,BHUBANESWAR-II RTO - OR33( 23-OCT-2017 ),6,LIGHT PASSENGER VEHICLE,86,104,98,61,,,,,,,,,349
2024,Odisha,BHUBANESWAR-II RTO - OR33( 23-OCT-2017 ),7,MEDIUM GOODS VEHICLE,2,1,0,0,,,,,,,,,3
2024,Odisha,BHUBANESWAR-II RTO - OR33( 23-OCT-2017 ),8,MEDIUM PASSENGER VEHICLE,3,1,2,3,,,,,,,,,9
2024,Odisha,BHUBANESWAR-II RTO - OR33( 23-OCT-2017 ),9,OTHER THAN MENTIONED ABOVE,71,88,86,64,,,,,,,,,309
2024,Odisha,BHUBANESWAR-II RTO - OR33( 23-OCT-2017 ),10,THREE WHEELER(T),85,90,122,61,,,,,,,,,358
2024,Odisha,BHUBANESWAR-II RTO - OR33( 23-OCT-2017 ),11,TWO WHEELER(NT),"2,451","2,415","3,306","1,783",,,,,,,,,"9,955"
2024,Odisha,BHUBANESWAR-II RTO - OR33( 23-OCT-2017 ),12,TWO WHEELER(T),18,8,108,14,,,,,,,,,148
2024,Odisha,BHUBANESWAR RTO - OR2( 22-JAN-2018 ),1,FOUR WHEELER (INVALID CARRIAGE),1,0,0,0,,,,,,,,,1
2024,Odisha,BHUBANESWAR RTO - OR2( 22-JAN-2018 ),2,HEAVY GOODS VEHICLE,89,78,92,47,,,,,,,,,306
2024,Odisha,BHUBANESWAR RTO - OR2( 22-JAN-2018 ),3,HEAVY PASSENGER VEHICLE,19,10,6,11,,,,,,,,,46
2024,Odisha,BHUBANESWAR RTO - OR2( 22-JAN-2018 ),4,LIGHT GOODS VEHICLE,287,264,279,154,,,,,,,,,984
2024,Odisha,BHUBANESWAR RTO - OR2( 22-JAN-2018 ),5,LIGHT MOTOR VEHICLE,"2,374","1,918","2,055","1,254",,,,,,,,,"7,601"
2024,Odisha,BHUBANESWAR RTO - OR2( 22-JAN-2018 ),6,LIGHT PASSENGER VEHICLE,243,180,276,124,,,,,,,,,823
2024,Odisha,BHUBANESWAR RTO - OR2( 22-JAN-2018 ),7,MEDIUM GOODS VEHICLE,6,6,10,7,,,,,,,,,29
2024,Odisha,BHUBANESWAR RTO - OR2( 22-JAN-2018 ),8,MEDIUM PASSENGER VEHICLE,16,18,20,6,,,,,,,,,60
2024,Odisha,BHUBANESWAR RTO - OR2( 22-JAN-2018 ),9,OTHER THAN MENTIONED ABOVE,67,66,65,62,,,,,,,,,260
2024,Odisha,BHUBANESWAR RTO - OR2( 22-JAN-2018 ),10,THREE WHEELER(T),229,255,289,118,,,,,,,,,891
2024,Odisha,BHUBANESWAR RTO - OR2( 22-JAN-2018 ),11,TWO WHEELER(NT),"4,527","4,468","5,166","2,939",,,,,,,,,"17,100"
2024,Odisha,BHUBANESWAR RTO - OR2( 22-JAN-2018 ),12,TWO WHEELER(T),13,1,26,12,,,,,,,,,52
2024,Odisha,BOLANGIR RTO - OR3( 25-DEC-2017 ),1,HEAVY GOODS VEHICLE,14,22,18,19,,,,,,,,,73
2024,Odisha,BOLANGIR RTO - OR3( 25-DEC-2017 ),2,HEAVY MOTOR VEHICLE,0,0,1,0,,,,,,,,,1
2024,Odisha,BOLANGIR RTO - OR3( 25-DEC-2017 ),3,LIGHT GOODS VEHICLE,64,60,49,25,,,,,,,,,198
2024,Odisha,BOLANGIR RTO - OR3( 25-DEC-2017 ),4,LIGHT MOTOR VEHICLE,241,183,210,110,,,,,,,,,744
2024,Odisha,BOLANGIR RTO - OR3( 25-DEC-2017 ),5,LIGHT PASSENGER VEHICLE,14,16,19,9,,,,,,,,,58
2024,Odisha,BOLANGIR RTO - OR3( 25-DEC-2017 ),6,MEDIUM MOTOR VEHICLE,0,1,1,0,,,,,,,,,2
2024,Odisha,BOLANGIR RTO - OR3( 25-DEC-2017 ),7,MEDIUM PASSENGER VEHICLE,0,29,18,1,,,,,,,,,48
2024,Odisha,BOLANGIR RTO - OR3( 25-DEC-2017 ),8,OTHER THAN MENTIONED ABOVE,7,15,12,10,,,,,,,,,44
2024,Odisha,BOLANGIR RTO - OR3( 25-DEC-2017 ),9,THREE WHEELER(T),16,22,23,9,,,,,,,,,70
2024,Odisha,BOLANGIR RTO - OR3( 25-DEC-2017 ),10,TWO WHEELER(NT),"2,217","3,256","3,398","1,512",,,,,,,,,"10,383"
2024,Odisha,BOUDH RTO - OR27( 23-OCT-2017 ),1,HEAVY GOODS VEHICLE,2,3,2,0,,,,,,,,,7
2024,Odisha,BOUDH RTO - OR27( 23-OCT-2017 ),2,HEAVY MOTOR VEHICLE,0,0,0,1,,,,,,,,,1
2024,Odisha,BOUDH RTO - OR27( 23-OCT-2017 ),3,LIGHT GOODS VEHICLE,6,5,1,3,,,,,,,,,15
2024,Odisha,BOUDH RTO - OR27( 23-OCT-2017 ),4,LIGHT MOTOR VEHICLE,42,33,33,17,,,,,,,,,125
2024,Odisha,BOUDH RTO - OR27( 23-OCT-2017 ),5,LIGHT PASSENGER VEHICLE,2,0,5,0,,,,,,,,,7
2024,Odisha,BOUDH RTO - OR27( 23-OCT-2017 ),6,MEDIUM MOTOR VEHICLE,0,0,1,0,,,,,,,,,1
2024,Odisha,BOUDH RTO - OR27( 23-OCT-2017 ),7,MEDIUM PASSENGER VEHICLE,0,6,4,0,,,,,,,,,10
2024,Odisha,BOUDH RTO - OR27( 23-OCT-2017 ),8,OTHER THAN MENTIONED ABOVE,1,0,1,0,,,,,,,,,2
2024,Odisha,BOUDH RTO - OR27( 23-OCT-2017 ),9,THREE WHEELER(T),8,3,15,3,,,,,,,,,29
2024,Odisha,BOUDH RTO - OR27( 23-OCT-2017 ),10,TWO WHEELER(NT),302,550,643,263,,,,,,,,,"1,758"
2024,Odisha,CHANDIKHOLE RTO - OR4( 23-OCT-2017 ),1,HEAVY GOODS VEHICLE,89,68,98,86,,,,,,,,,341
2024,Odisha,CHANDIKHOLE RTO - OR4( 23-OCT-2017 ),2,HEAVY MOTOR VEHICLE,2,0,1,0,,,,,,,,,3
2024,Odisha,CHANDIKHOLE RTO - OR4( 23-OCT-2017 ),3,HEAVY PASSENGER VEHICLE,0,4,0,0,,,,,,,,,4
2024,Odisha,CHANDIKHOLE RTO - OR4( 23-OCT-2017 ),4,LIGHT GOODS VEHICLE,41,54,44,38,,,,,,,,,177
2024,Odisha,CHANDIKHOLE RTO - OR4( 23-OCT-2017 ),5,LIGHT MOTOR VEHICLE,49,49,50,49,,,,,,,,,197
2024,Odisha,CHANDIKHOLE RTO - OR4( 23-OCT-2017 ),6,LIGHT PASSENGER VEHICLE,19,21,16,4,,,,,,,,,60
2024,Odisha,CHANDIKHOLE RTO - OR4( 23-OCT-2017 ),7,MEDIUM GOODS VEHICLE,1,2,0,1,,,,,,,,,4
2024,Odisha,CHANDIKHOLE RTO - OR4( 23-OCT-2017 ),8,MEDIUM MOTOR VEHICLE,1,1,0,0,,,,,,,,,2
2024,Odisha,CHANDIKHOLE RTO - OR4( 23-OCT-2017 ),9,MEDIUM PASSENGER VEHICLE,2,1,16,4,,,,,,,,,23
2024,Odisha,CHANDIKHOLE RTO - OR4( 23-OCT-2017 ),10,OTHER THAN MENTIONED ABOVE,8,18,19,9,,,,,,,,,54
2024,Odisha,CHANDIKHOLE RTO - OR4( 23-OCT-2017 ),11,THREE WHEELER(T),29,16,26,13,,,,,,,,,84
2024,Odisha,CHANDIKHOLE RTO - OR4( 23-OCT-2017 ),12,TWO WHEELER(NT),"1,224","1,195","1,452",860,,,,,,,,,"4,731"
2024,Odisha,CUTTACK RTO - OR5( 31-MAY-2017 ),1,FOUR WHEELER (INVALID CARRIAGE),0,0,0,1,,,,,,,,,1
2024,Odisha,CUTTACK RTO - OR5( 31-MAY-2017 ),2,HEAVY GOODS VEHICLE,109,83,110,81,,,,,,,,,383
2024,Odisha,CUTTACK RTO - OR5( 31-MAY-2017 ),3,HEAVY MOTOR VEHICLE,1,0,0,0,,,,,,,,,1
2024,Odisha,CUTTACK RTO - OR5( 31-MAY-2017 ),4,HEAVY PASSENGER VEHICLE,3,3,1,0,,,,,,,,,7
2024,Odisha,CUTTACK RTO - OR5( 31-MAY-2017 ),5,LIGHT GOODS VEHICLE,166,263,202,128,,,,,,,,,759
2024,Odisha,CUTTACK RTO - OR5( 31-MAY-2017 ),6,LIGHT MOTOR VEHICLE,971,856,878,473,,,,,,,,,"3,178"
2024,Odisha,CUTTACK RTO - OR5( 31-MAY-2017 ),7,LIGHT PASSENGER VEHICLE,73,201,124,42,,,,,,,,,440
2024,Odisha,CUTTACK RTO - OR5( 31-MAY-2017 ),8,MEDIUM GOODS VEHICLE,4,6,5,3,,,,,,,,,18
2024,Odisha,CUTTACK RTO - OR5( 31-MAY-2017 ),9,MEDIUM PASSENGER VEHICLE,6,32,14,6,,,,,,,,,58
2024,Odisha,CUTTACK RTO - OR5( 31-MAY-2017 ),10,OTHER THAN MENTIONED ABOVE,5,18,10,7,,,,,,,,,40
2024,Odisha,CUTTACK RTO - OR5( 31-MAY-2017 ),11,THREE WHEELER(T),114,136,125,64,,,,,,,,,439
2024,Odisha,CUTTACK RTO - OR5( 31-MAY-2017 ),12,TWO WHEELER(NT),"4,216","4,403","5,495","3,024",,,,,,,,,"17,138"
2024,Odisha,CUTTACK RTO - OR5( 31-MAY-2017 ),13,TWO WHEELER(T),0,0,0,1,,,,,,,,,1
2024,Odisha,DEOGARH RTO - OR28( 23-OCT-2017 ),1,HEAVY GOODS VEHICLE,0,1,2,0,,,,,,,,,3
2024,Odisha,DEOGARH RTO - OR28( 23-OCT-2017 ),2,LIGHT GOODS VEHICLE,5,2,6,1,,,,,,,,,14
2024,Odisha,DEOGARH RTO - OR28( 23-OCT-2017 ),3,LIGHT MOTOR VEHICLE,36,37,35,8,,,,,,,,,116
2024,Odisha,DEOGARH RTO - OR28( 23-OCT-2017 ),4,LIGHT PASSENGER VEHICLE,1,3,3,2,,,,,,,,,9
2024,Odisha,DEOGARH RTO - OR28( 23-OCT-2017 ),5,MEDIUM MOTOR VEHICLE,0,1,0,0,,,,,,,,,1
2024,Odisha,DEOGARH RTO - OR28( 23-OCT-2017 ),6,MEDIUM PASSENGER VEHICLE,2,19,0,1,,,,,,,,,22
2024,Odisha,DEOGARH RTO - OR28( 23-OCT-2017 ),7,OTHER THAN MENTIONED ABOVE,0,2,1,0,,,,,,,,,3
2024,Odisha,DEOGARH RTO - OR28( 23-OCT-2017 ),8,THREE WHEELER(T),18,18,12,5,,,,,,,,,53
2024,Odisha,DEOGARH RTO - OR28( 23-OCT-2017 ),9,TWO WHEELER(NT),195,229,257,123,,,,,,,,,804
2024,Odisha,DHENKANAL RTO - OR6( 07-NOV-2017 ),1,HEAVY GOODS VEHICLE,6,10,8,5,,,,,,,,,29
2024,Odisha,DHENKANAL RTO - OR6( 07-NOV-2017 ),2,LIGHT GOODS VEHICLE,13,21,13,10,,,,,,,,,57
2024,Odisha,DHENKANAL RTO - OR6( 07-NOV-2017 ),3,LIGHT MOTOR VEHICLE,47,45,51,37,,,,,,,,,180
2024,Odisha,DHENKANAL RTO - OR6( 07-NOV-2017 ),4,LIGHT PASSENGER VEHICLE,3,5,6,2,,,,,,,,,16
2024,Odisha,DHENKANAL RTO - OR6( 07-NOV-2017 ),5,MEDIUM GOODS VEHICLE,0,1,0,1,,,,,,,,,2
2024,Odisha,DHENKANAL RTO - OR6( 07-NOV-2017 ),6,MEDIUM MOTOR VEHICLE,0,1,0,0,,,,,,,,,1
2024,Odisha,DHENKANAL RTO - OR6( 07-NOV-2017 ),7,MEDIUM PASSENGER VEHICLE,9,19,30,0,,,,,,,,,58
2024,Odisha,DHENKANAL RTO - OR6( 07-NOV-2017 ),8,OTHER THAN MENTIONED ABOVE,7,6,2,2,,,,,,,,,17
2024,Odisha,DHENKANAL RTO - OR6( 07-NOV-2017 ),9,THREE WHEELER(T),14,9,8,5,,,,,,,,,36
2024,Odisha,DHENKANAL RTO - OR6( 07-NOV-2017 ),10,TWO WHEELER(NT),829,875,"1,150",572,,,,,,,,,"3,426"
2024,Odisha,GAJAPATI RTO - OR20( 07-NOV-2017 ),1,HEAVY GOODS VEHICLE,1,0,1,0,,,,,,,,,2
2024,Odisha,GAJAPATI RTO - OR20( 07-NOV-2017 ),2,HEAVY PASSENGER VEHICLE,0,0,2,0,,,,,,,,,2
2024,Odisha,GAJAPATI RTO - OR20( 07-NOV-2017 ),3,LIGHT GOODS VEHICLE,11,14,9,6,,,,,,,,,40
2024,Odisha,GAJAPATI RTO - OR20( 07-NOV-2017 ),4,LIGHT MOTOR VEHICLE,33,22,32,15,,,,,,,,,102
2024,Odisha,GAJAPATI RTO - OR20( 07-NOV-2017 ),5,LIGHT PASSENGER VEHICLE,0,0,2,1,,,,,,,,,3
2024,Odisha,GAJAPATI RTO - OR20( 07-NOV-2017 ),6,MEDIUM MOTOR VEHICLE,0,0,1,0,,,,,,,,,1
2024,Odisha,GAJAPATI RTO - OR20( 07-NOV-2017 ),7,MEDIUM PASSENGER VEHICLE,0,0,6,0,,,,,,,,,6
2024,Odisha,GAJAPATI RTO - OR20( 07-NOV-2017 ),8,OTHER THAN MENTIONED ABOVE,0,0,2,0,,,,,,,,,2
2024,Odisha,GAJAPATI RTO - OR20( 07-NOV-2017 ),9,THREE WHEELER(T),5,3,6,1,,,,,,,,,15
2024,Odisha,GAJAPATI RTO - OR20( 07-NOV-2017 ),10,TWO WHEELER(NT),379,417,471,266,,,,,,,,,"1,533"
2024,Odisha,GANJAM RTO - OR7( 04-DEC-2017 ),1,HEAVY GOODS VEHICLE,30,51,47,12,,,,,,,,,140
2024,Odisha,GANJAM RTO - OR7( 04-DEC-2017 ),2,HEAVY PASSENGER VEHICLE,0,0,1,0,,,,,,,,,1
2024,Odisha,GANJAM RTO - OR7( 04-DEC-2017 ),3,LIGHT GOODS VEHICLE,79,81,73,55,,,,,,,,,288
2024,Odisha,GANJAM RTO - OR7( 04-DEC-2017 ),4,LIGHT MOTOR VEHICLE,178,164,182,109,,,,,,,,,633
2024,Odisha,GANJAM RTO - OR7( 04-DEC-2017 ),5,LIGHT PASSENGER VEHICLE,13,17,14,7,,,,,,,,,51
2024,Odisha,GANJAM RTO - OR7( 04-DEC-2017 ),6,MEDIUM GOODS VEHICLE,0,2,2,1,,,,,,,,,5
2024,Odisha,GANJAM RTO - OR7( 04-DEC-2017 ),7,MEDIUM PASSENGER VEHICLE,1,52,30,2,,,,,,,,,85
2024,Odisha,GANJAM RTO - OR7( 04-DEC-2017 ),8,OTHER THAN MENTIONED ABOVE,0,5,4,4,,,,,,,,,13
2024,Odisha,GANJAM RTO - OR7( 04-DEC-2017 ),9,THREE WHEELER(T),105,86,112,67,,,,,,,,,370
2024,Odisha,GANJAM RTO - OR7( 04-DEC-2017 ),10,TWO WHEELER(NT),"3,234","3,152","4,760","2,381",,,,,,,,,"13,527"
2024,Odisha,JAGATSINGHPUR RTO - OR21( 04-DEC-2017 ),1,HEAVY GOODS VEHICLE,6,10,8,9,,,,,,,,,33
2024,Odisha,JAGATSINGHPUR RTO - OR21( 04-DEC-2017 ),2,LIGHT GOODS VEHICLE,21,14,22,5,,,,,,,,,62
2024,Odisha,JAGATSINGHPUR RTO - OR21( 04-DEC-2017 ),3,LIGHT MOTOR VEHICLE,45,53,45,13,,,,,,,,,156
2024,Odisha,JAGATSINGHPUR RTO - OR21( 04-DEC-2017 ),4,LIGHT PASSENGER VEHICLE,3,2,1,0,,,,,,,,,6
2024,Odisha,JAGATSINGHPUR RTO - OR21( 04-DEC-2017 ),5,MEDIUM GOODS VEHICLE,1,1,0,3,,,,,,,,,5
2024,Odisha,JAGATSINGHPUR RTO - OR21( 04-DEC-2017 ),6,MEDIUM MOTOR VEHICLE,1,0,0,0,,,,,,,,,1
2024,Odisha,JAGATSINGHPUR RTO - OR21( 04-DEC-2017 ),7,MEDIUM PASSENGER VEHICLE,0,12,0,0,,,,,,,,,12
2024,Odisha,JAGATSINGHPUR RTO - OR21( 04-DEC-2017 ),8,OTHER THAN MENTIONED ABOVE,7,5,5,2,,,,,,,,,19
2024,Odisha,JAGATSINGHPUR RTO - OR21( 04-DEC-2017 ),9,THREE WHEELER(T),5,5,9,2,,,,,,,,,21
2024,Odisha,JAGATSINGHPUR RTO - OR21( 04-DEC-2017 ),10,TWO WHEELER(NT),"1,048","1,004","1,242",612,,,,,,,,,"3,906"
2024,Odisha,JAJPUR RTO - OR34( 23-OCT-2017 ),1,HEAVY GOODS VEHICLE,16,29,15,20,,,,,,,,,80
2024,Odisha,JAJPUR RTO - OR34( 23-OCT-2017 ),2,HEAVY MOTOR VEHICLE,0,3,1,0,,,,,,,,,4
2024,Odisha,JAJPUR RTO - OR34( 23-OCT-2017 ),3,HEAVY PASSENGER VEHICLE,0,1,0,0,,,,,,,,,1
2024,Odisha,JAJPUR RTO - OR34( 23-OCT-2017 ),4,LIGHT GOODS VEHICLE,23,20,37,14,,,,,,,,,94
2024,Odisha,JAJPUR RTO - OR34( 23-OCT-2017 ),5,LIGHT MOTOR VEHICLE,83,87,104,57,,,,,,,,,331
2024,Odisha,JAJPUR RTO - OR34( 23-OCT-2017 ),6,LIGHT PASSENGER VEHICLE,20,23,17,11,,,,,,,,,71
2024,Odisha,JAJPUR RTO - OR34( 23-OCT-2017 ),7,MEDIUM GOODS VEHICLE,0,0,1,1,,,,,,,,,2
2024,Odisha,JAJPUR RTO - OR34( 23-OCT-2017 ),8,MEDIUM MOTOR VEHICLE,2,0,1,0,,,,,,,,,3
2024,Odisha,JAJPUR RTO - OR34( 23-OCT-2017 ),9,MEDIUM PASSENGER VEHICLE,4,35,3,7,,,,,,,,,49
2024,Odisha,JAJPUR RTO - OR34( 23-OCT-2017 ),10,OTHER THAN MENTIONED ABOVE,1,8,11,1,,,,,,,,,21
2024,Odisha,JAJPUR RTO - OR34( 23-OCT-2017 ),11,THREE WHEELER(T),39,51,47,30,,,,,,,,,167
2024,Odisha,JAJPUR RTO - OR34( 23-OCT-2017 ),12,TWO WHEELER(NT),"1,783","1,682","2,077","1,133",,,,,,,,,"6,675"
2024,Odisha,JHARSUGUDA RTO - OR23( 07-NOV-2017 ),1,HEAVY GOODS VEHICLE,126,117,87,55,,,,,,,,,385
2024,Odisha,JHARSUGUDA RTO - OR23( 07-NOV-2017 ),2,LIGHT GOODS VEHICLE,62,43,55,27,,,,,,,,,187
2024,Odisha,JHARSUGUDA RTO - OR23( 07-NOV-2017 ),3,LIGHT MOTOR VEHICLE,148,175,157,97,,,,,,,,,577
2024,Odisha,JHARSUGUDA RTO - OR23( 07-NOV-2017 ),4,LIGHT PASSENGER VEHICLE,17,21,24,9,,,,,,,,,71
2024,Odisha,JHARSUGUDA RTO - OR23( 07-NOV-2017 ),5,MEDIUM GOODS VEHICLE,2,0,0,0,,,,,,,,,2
2024,Odisha,JHARSUGUDA RTO - OR23( 07-NOV-2017 ),6,MEDIUM MOTOR VEHICLE,0,1,0,0,,,,,,,,,1
2024,Odisha,JHARSUGUDA RTO - OR23( 07-NOV-2017 ),7,MEDIUM PASSENGER VEHICLE,2,14,8,1,,,,,,,,,25
2024,Odisha,JHARSUGUDA RTO - OR23( 07-NOV-2017 ),8,OTHER THAN MENTIONED ABOVE,26,35,19,24,,,,,,,,,104
2024,Odisha,JHARSUGUDA RTO - OR23( 07-NOV-2017 ),9,THREE WHEELER(T),27,24,23,8,,,,,,,,,82
2024,Odisha,JHARSUGUDA RTO - OR23( 07-NOV-2017 ),10,TWO WHEELER(NT),938,"1,108","1,158",566,,,,,,,,,"3,770"
2024,Odisha,KALAHANDI RTO - OR8( 23-OCT-2017 ),1,HEAVY GOODS VEHICLE,13,24,41,22,,,,,,,,,100
2024,Odisha,KALAHANDI RTO - OR8( 23-OCT-2017 ),2,HEAVY MOTOR VEHICLE,1,0,2,1,,,,,,,,,4
2024,Odisha,KALAHANDI RTO - OR8( 23-OCT-2017 ),3,HEAVY PASSENGER VEHICLE,0,0,3,0,,,,,,,,,3
2024,Odisha,KALAHANDI RTO - OR8( 23-OCT-2017 ),4,LIGHT GOODS VEHICLE,73,58,41,35,,,,,,,,,207
2024,Odisha,KALAHANDI RTO - OR8( 23-OCT-2017 ),5,LIGHT MOTOR VEHICLE,200,186,229,81,,,,,,,,,696
2024,Odisha,KALAHANDI RTO - OR8( 23-OCT-2017 ),6,LIGHT PASSENGER VEHICLE,5,17,14,10,,,,,,,,,46
2024,Odisha,KALAHANDI RTO - OR8( 23-OCT-2017 ),7,MEDIUM MOTOR VEHICLE,21,16,18,4,,,,,,,,,59
2024,Odisha,KALAHANDI RTO - OR8( 23-OCT-2017 ),8,MEDIUM PASSENGER VEHICLE,1,2,4,0,,,,,,,,,7
2024,Odisha,KALAHANDI RTO - OR8( 23-OCT-2017 ),9,OTHER THAN MENTIONED ABOVE,5,7,17,2,,,,,,,,,31
2024,Odisha,KALAHANDI RTO - OR8( 23-OCT-2017 ),10,THREE WHEELER(T),26,45,49,20,,,,,,,,,140
2024,Odisha,KALAHANDI RTO - OR8( 23-OCT-2017 ),11,TWO WHEELER(NT),"1,943","3,129","2,724","1,260",,,,,,,,,"9,056"
2024,Odisha,KENDRAPARA RTO - OR29( 23-OCT-2017 ),1,HEAVY GOODS VEHICLE,72,40,51,19,,,,,,,,,182
2024,Odisha,KENDRAPARA RTO - OR29( 23-OCT-2017 ),2,LIGHT GOODS VEHICLE,40,40,36,18,,,,,,,,,134
2024,Odisha,KENDRAPARA RTO - OR29( 23-OCT-2017 ),3,LIGHT MOTOR VEHICLE,57,54,58,21,,,,,,,,,190
2024,Odisha,KENDRAPARA RTO - OR29( 23-OCT-2017 ),4,LIGHT PASSENGER VEHICLE,9,5,1,7,,,,,,,,,22
2024,Odisha,KENDRAPARA RTO - OR29( 23-OCT-2017 ),5,MEDIUM MOTOR VEHICLE,0,0,0,1,,,,,,,,,1
2024,Odisha,KENDRAPARA RTO - OR29( 23-OCT-2017 ),6,MEDIUM PASSENGER VEHICLE,0,18,0,1,,,,,,,,,19
2024,Odisha,KENDRAPARA RTO - OR29( 23-OCT-2017 ),7,OTHER THAN MENTIONED ABOVE,3,2,2,4,,,,,,,,,11
2024,Odisha,KENDRAPARA RTO - OR29( 23-OCT-2017 ),8,THREE WHEELER(T),59,70,73,36,,,,,,,,,238
2024,Odisha,KENDRAPARA RTO - OR29( 23-OCT-2017 ),9,TWO WHEELER(NT),"1,233","1,415","1,736","1,012",,,,,,,,,"5,396"
2024,Odisha,KEONJHAR RTO - OR9( 04-DEC-2017 ),1,HEAVY GOODS VEHICLE,167,142,190,125,,,,,,,,,624
2024,Odisha,KEONJHAR RTO - OR9( 04-DEC-2017 ),2,HEAVY PASSENGER VEHICLE,2,1,0,0,,,,,,,,,3
2024,Odisha,KEONJHAR RTO - OR9( 04-DEC-2017 ),3,LIGHT GOODS VEHICLE,44,54,31,24,,,,,,,,,153
2024,Odisha,KEONJHAR RTO - OR9( 04-DEC-2017 ),4,LIGHT MOTOR VEHICLE,123,97,121,58,,,,,,,,,399
2024,Odisha,KEONJHAR RTO - OR9( 04-DEC-2017 ),5,LIGHT PASSENGER VEHICLE,13,10,22,10,,,,,,,,,55
2024,Odisha,KEONJHAR RTO - OR9( 04-DEC-2017 ),6,MEDIUM GOODS VEHICLE,0,1,0,1,,,,,,,,,2
2024,Odisha,KEONJHAR RTO - OR9( 04-DEC-2017 ),7,MEDIUM MOTOR VEHICLE,1,2,0,0,,,,,,,,,3
2024,Odisha,KEONJHAR RTO - OR9( 04-DEC-2017 ),8,MEDIUM PASSENGER VEHICLE,0,49,20,2,,,,,,,,,71
2024,Odisha,KEONJHAR RTO - OR9( 04-DEC-2017 ),9,OTHER THAN MENTIONED ABOVE,9,8,3,8,,,,,,,,,28
2024,Odisha,KEONJHAR RTO - OR9( 04-DEC-2017 ),10,THREE WHEELER(T),97,65,95,52,,,,,,,,,309
2024,Odisha,KEONJHAR RTO - OR9( 04-DEC-2017 ),11,TWO WHEELER(NT),"1,681","1,318","1,844","1,083",,,,,,,,,"5,926"
2024,Odisha,KHORDHA ARTO - OR201( 20-JAN-2018 ),1,HEAVY GOODS VEHICLE,15,19,20,16,,,,,,,,,70
2024,Odisha,KHORDHA ARTO - OR201( 20-JAN-2018 ),2,HEAVY MOTOR VEHICLE,6,0,0,0,,,,,,,,,6
2024,Odisha,KHORDHA ARTO - OR201( 20-JAN-2018 ),3,LIGHT GOODS VEHICLE,29,27,29,18,,,,,,,,,103
2024,Odisha,KHORDHA ARTO - OR201( 20-JAN-2018 ),4,LIGHT MOTOR VEHICLE,55,47,40,32,,,,,,,,,174
2024,Odisha,KHORDHA ARTO - OR201( 20-JAN-2018 ),5,LIGHT PASSENGER VEHICLE,1,2,1,0,,,,,,,,,4
2024,Odisha,KHORDHA ARTO - OR201( 20-JAN-2018 ),6,MEDIUM GOODS VEHICLE,1,4,2,0,,,,,,,,,7
2024,Odisha,KHORDHA ARTO - OR201( 20-JAN-2018 ),7,MEDIUM MOTOR VEHICLE,0,3,0,0,,,,,,,,,3
2024,Odisha,KHORDHA ARTO - OR201( 20-JAN-2018 ),8,MEDIUM PASSENGER VEHICLE,0,0,1,1,,,,,,,,,2
2024,Odisha,KHORDHA ARTO - OR201( 20-JAN-2018 ),9,OTHER THAN MENTIONED ABOVE,5,5,3,1,,,,,,,,,14
2024,Odisha,KHORDHA ARTO - OR201( 20-JAN-2018 ),10,THREE WHEELER(T),38,44,46,20,,,,,,,,,148
2024,Odisha,KHORDHA ARTO - OR201( 20-JAN-2018 ),11,TWO WHEELER(NT),349,259,367,244,,,,,,,,,"1,219"
2024,Odisha,KORAPUT RTO - OR10( 25-DEC-2017 ),1,HEAVY GOODS VEHICLE,28,31,23,12,,,,,,,,,94
2024,Odisha,KORAPUT RTO - OR10( 25-DEC-2017 ),2,HEAVY MOTOR VEHICLE,0,0,1,0,,,,,,,,,1
2024,Odisha,KORAPUT RTO - OR10( 25-DEC-2017 ),3,HEAVY PASSENGER VEHICLE,1,0,0,0,,,,,,,,,1
2024,Odisha,KORAPUT RTO - OR10( 25-DEC-2017 ),4,LIGHT GOODS VEHICLE,43,57,58,25,,,,,,,,,183
2024,Odisha,KORAPUT RTO - OR10( 25-DEC-2017 ),5,LIGHT MOTOR VEHICLE,186,171,186,82,,,,,,,,,625
2024,Odisha,KORAPUT RTO - OR10( 25-DEC-2017 ),6,LIGHT PASSENGER VEHICLE,14,12,12,11,,,,,,,,,49
2024,Odisha,KORAPUT RTO - OR10( 25-DEC-2017 ),7,MEDIUM GOODS VEHICLE,3,1,3,0,,,,,,,,,7
2024,Odisha,KORAPUT RTO - OR10( 25-DEC-2017 ),8,MEDIUM MOTOR VEHICLE,0,1,1,2,,,,,,,,,4
2024,Odisha,KORAPUT RTO - OR10( 25-DEC-2017 ),9,MEDIUM PASSENGER VEHICLE,1,7,3,1,,,,,,,,,12
2024,Odisha,KORAPUT RTO - OR10( 25-DEC-2017 ),10,OTHER THAN MENTIONED ABOVE,1,1,4,0,,,,,,,,,6
2024,Odisha,KORAPUT RTO - OR10( 25-DEC-2017 ),11,THREE WHEELER(T),27,42,57,23,,,,,,,,,149
2024,Odisha,KORAPUT RTO - OR10( 25-DEC-2017 ),12,TWO WHEELER(NT),"1,754","2,057","1,922","1,043",,,,,,,,,"6,776"
2024,Odisha,MALKANAGIRI RTO - OR30( 25-DEC-2017 ),1,HEAVY GOODS VEHICLE,9,5,6,5,,,,,,,,,25
2024,Odisha,MALKANAGIRI RTO - OR30( 25-DEC-2017 ),2,LIGHT GOODS VEHICLE,18,35,21,14,,,,,,,,,88
2024,Odisha,MALKANAGIRI RTO - OR30( 25-DEC-2017 ),3,LIGHT MOTOR VEHICLE,81,51,62,27,,,,,,,,,221
2024,Odisha,MALKANAGIRI RTO - OR30( 25-DEC-2017 ),4,LIGHT PASSENGER VEHICLE,3,4,5,5,,,,,,,,,17
2024,Odisha,MALKANAGIRI RTO - OR30( 25-DEC-2017 ),5,OTHER THAN MENTIONED ABOVE,0,0,4,0,,,,,,,,,4
2024,Odisha,MALKANAGIRI RTO - OR30( 25-DEC-2017 ),6,THREE WHEELER(T),22,17,28,10,,,,,,,,,77
2024,Odisha,MALKANAGIRI RTO - OR30( 25-DEC-2017 ),7,TWO WHEELER(NT),762,649,758,459,,,,,,,,,"2,628"
2024,Odisha,MAYURBHANJ RTO - OR11( 08-NOV-2017 ),1,HEAVY GOODS VEHICLE,13,11,17,11,,,,,,,,,52
2024,Odisha,MAYURBHANJ RTO - OR11( 08-NOV-2017 ),2,HEAVY PASSENGER VEHICLE,1,0,2,2,,,,,,,,,5
2024,Odisha,MAYURBHANJ RTO - OR11( 08-NOV-2017 ),3,LIGHT GOODS VEHICLE,27,46,42,17,,,,,,,,,132
2024,Odisha,MAYURBHANJ RTO - OR11( 08-NOV-2017 ),4,LIGHT MOTOR VEHICLE,172,167,164,86,,,,,,,,,589
2024,Odisha,MAYURBHANJ RTO - OR11( 08-NOV-2017 ),5,LIGHT PASSENGER VEHICLE,7,10,8,4,,,,,,,,,29
2024,Odisha,MAYURBHANJ RTO - OR11( 08-NOV-2017 ),6,MEDIUM GOODS VEHICLE,0,2,2,0,,,,,,,,,4
2024,Odisha,MAYURBHANJ RTO - OR11( 08-NOV-2017 ),7,MEDIUM PASSENGER VEHICLE,0,63,46,1,,,,,,,,,110
2024,Odisha,MAYURBHANJ RTO - OR11( 08-NOV-2017 ),8,OTHER THAN MENTIONED ABOVE,9,14,7,11,,,,,,,,,41
2024,Odisha,MAYURBHANJ RTO - OR11( 08-NOV-2017 ),9,THREE WHEELER(T),49,59,45,33,,,,,,,,,186
2024,Odisha,MAYURBHANJ RTO - OR11( 08-NOV-2017 ),10,TWO WHEELER(NT),"2,180","1,529","1,834","1,056",,,,,,,,,"6,599"
2024,Odisha,NAWARANGPUR RTO - OR24( 07-NOV-2017 ),1,HEAVY GOODS VEHICLE,12,15,6,9,,,,,,,,,42
2024,Odisha,NAWARANGPUR RTO - OR24( 07-NOV-2017 ),2,LIGHT GOODS VEHICLE,72,38,56,22,,,,,,,,,188
2024,Odisha,NAWARANGPUR RTO - OR24( 07-NOV-2017 ),3,LIGHT MOTOR VEHICLE,185,182,144,61,,,,,,,,,572
2024,Odisha,NAWARANGPUR RTO - OR24( 07-NOV-2017 ),4,LIGHT PASSENGER VEHICLE,5,6,6,4,,,,,,,,,21
2024,Odisha,NAWARANGPUR RTO - OR24( 07-NOV-2017 ),5,MEDIUM MOTOR VEHICLE,1,0,1,0,,,,,,,,,2
2024,Odisha,NAWARANGPUR RTO - OR24( 07-NOV-2017 ),6,MEDIUM PASSENGER VEHICLE,0,0,8,0,,,,,,,,,8
2024,Odisha,NAWARANGPUR RTO - OR24( 07-NOV-2017 ),7,OTHER THAN MENTIONED ABOVE,3,3,2,1,,,,,,,,,9
2024,Odisha,NAWARANGPUR RTO - OR24( 07-NOV-2017 ),8,THREE WHEELER(T),34,52,43,21,,,,,,,,,150
2024,Odisha,NAWARANGPUR RTO - OR24( 07-NOV-2017 ),9,TWO WHEELER(NT),"1,278","1,450","1,366",664,,,,,,,,,"4,758"
2024,Odisha,NAYAGARH RTO - OR25( 25-DEC-2017 ),1,HEAVY GOODS VEHICLE,1,6,6,8,,,,,,,,,21
2024,Odisha,NAYAGARH RTO - OR25( 25-DEC-2017 ),2,LIGHT GOODS VEHICLE,7,18,9,2,,,,,,,,,36
2024,Odisha,NAYAGARH RTO - OR25( 25-DEC-2017 ),3,LIGHT MOTOR VEHICLE,34,21,15,19,,,,,,,,,89
2024,Odisha,NAYAGARH RTO - OR25( 25-DEC-2017 ),4,LIGHT PASSENGER VEHICLE,1,5,2,0,,,,,,,,,8
2024,Odisha,NAYAGARH RTO - OR25( 25-DEC-2017 ),5,MEDIUM PASSENGER VEHICLE,0,17,16,0,,,,,,,,,33
2024,Odisha,NAYAGARH RTO - OR25( 25-DEC-2017 ),6,OTHER THAN MENTIONED ABOVE,0,0,2,2,,,,,,,,,4
2024,Odisha,NAYAGARH RTO - OR25( 25-DEC-2017 ),7,THREE WHEELER(T),41,36,29,28,,,,,,,,,134
2024,Odisha,NAYAGARH RTO - OR25( 25-DEC-2017 ),8,TWO WHEELER(NT),"1,149","1,180","1,462",734,,,,,,,,,"4,525"
2024,Odisha,NAYAGARH RTO - OR25( 25-DEC-2017 ),9,TWO WHEELER(T),0,1,0,0,,,,,,,,,1
2024,Odisha,NUAPADA RTO - OR26( 06-NOV-2017 ),1,HEAVY GOODS VEHICLE,0,10,4,3,,,,,,,,,17
2024,Odisha,NUAPADA RTO - OR26( 06-NOV-2017 ),2,HEAVY PASSENGER VEHICLE,0,1,0,0,,,,,,,,,1
2024,Odisha,NUAPADA RTO - OR26( 06-NOV-2017 ),3,LIGHT GOODS VEHICLE,18,18,7,13,,,,,,,,,56
2024,Odisha,NUAPADA RTO - OR26( 06-NOV-2017 ),4,LIGHT MOTOR VEHICLE,49,95,107,21,,,,,,,,,272
2024,Odisha,NUAPADA RTO - OR26( 06-NOV-2017 ),5,LIGHT PASSENGER VEHICLE,1,1,3,3,,,,,,,,,8
2024,Odisha,NUAPADA RTO - OR26( 06-NOV-2017 ),6,MEDIUM GOODS VEHICLE,0,1,0,0,,,,,,,,,1
2024,Odisha,NUAPADA RTO - OR26( 06-NOV-2017 ),7,MEDIUM MOTOR VEHICLE,0,1,2,0,,,,,,,,,3
2024,Odisha,NUAPADA RTO - OR26( 06-NOV-2017 ),8,MEDIUM PASSENGER VEHICLE,0,11,13,4,,,,,,,,,28
2024,Odisha,NUAPADA RTO - OR26( 06-NOV-2017 ),9,OTHER THAN MENTIONED ABOVE,1,2,4,3,,,,,,,,,10
2024,Odisha,NUAPADA RTO - OR26( 06-NOV-2017 ),10,THREE WHEELER(T),0,1,3,0,,,,,,,,,4
2024,Odisha,NUAPADA RTO - OR26( 06-NOV-2017 ),11,TWO WHEELER (INVALID CARRIAGE),14,3,0,0,,,,,,,,,17
2024,Odisha,NUAPADA RTO - OR26( 06-NOV-2017 ),12,TWO WHEELER(NT),529,585,817,408,,,,,,,,,"2,339"
2024,Odisha,PHULBANI RTO - OR12( 23-OCT-2017 ),1,HEAVY GOODS VEHICLE,7,5,2,3,,,,,,,,,17
2024,Odisha,PHULBANI RTO - OR12( 23-OCT-2017 ),2,LIGHT GOODS VEHICLE,11,14,11,1,,,,,,,,,37
2024,Odisha,PHULBANI RTO - OR12( 23-OCT-2017 ),3,LIGHT MOTOR VEHICLE,11,25,21,11,,,,,,,,,68
2024,Odisha,PHULBANI RTO - OR12( 23-OCT-2017 ),4,LIGHT PASSENGER VEHICLE,1,1,0,0,,,,,,,,,2
2024,Odisha,PHULBANI RTO - OR12( 23-OCT-2017 ),5,MEDIUM MOTOR VEHICLE,4,8,0,0,,,,,,,,,12
2024,Odisha,PHULBANI RTO - OR12( 23-OCT-2017 ),6,MEDIUM PASSENGER VEHICLE,0,13,44,1,,,,,,,,,58
2024,Odisha,PHULBANI RTO - OR12( 23-OCT-2017 ),7,OTHER THAN MENTIONED ABOVE,0,0,0,2,,,,,,,,,2
2024,Odisha,PHULBANI RTO - OR12( 23-OCT-2017 ),8,THREE WHEELER(T),37,34,32,24,,,,,,,,,127
2024,Odisha,PHULBANI RTO - OR12( 23-OCT-2017 ),9,TWO WHEELER(NT),538,592,899,480,,,,,,,,,"2,509"
2024,Odisha,PURI RTO - OR13( 25-DEC-2017 ),1,HEAVY GOODS VEHICLE,0,2,2,2,,,,,,,,,6
2024,Odisha,PURI RTO - OR13( 25-DEC-2017 ),2,HEAVY PASSENGER VEHICLE,1,9,23,0,,,,,,,,,33
2024,Odisha,PURI RTO - OR13( 25-DEC-2017 ),3,LIGHT GOODS VEHICLE,13,16,25,13,,,,,,,,,67
2024,Odisha,PURI RTO - OR13( 25-DEC-2017 ),4,LIGHT MOTOR VEHICLE,85,74,72,48,,,,,,,,,279
2024,Odisha,PURI RTO - OR13( 25-DEC-2017 ),5,LIGHT PASSENGER VEHICLE,10,3,9,7,,,,,,,,,29
2024,Odisha,PURI RTO - OR13( 25-DEC-2017 ),6,MEDIUM PASSENGER VEHICLE,0,24,7,4,,,,,,,,,35
2024,Odisha,PURI RTO - OR13( 25-DEC-2017 ),7,OTHER THAN MENTIONED ABOVE,1,1,2,0,,,,,,,,,4
2024,Odisha,PURI RTO - OR13( 25-DEC-2017 ),8,THREE WHEELER(T),169,163,231,106,,,,,,,,,669
2024,Odisha,PURI RTO - OR13( 25-DEC-2017 ),9,TWO WHEELER(NT),"1,453","1,474","2,031",991,,,,,,,,,"5,949"
2024,Odisha,RAIRANGPUR ARTO - OR111( 08-NOV-2017 ),1,HEAVY GOODS VEHICLE,8,1,16,15,,,,,,,,,40
2024,Odisha,RAIRANGPUR ARTO - OR111( 08-NOV-2017 ),2,HEAVY PASSENGER VEHICLE,0,0,4,0,,,,,,,,,4
2024,Odisha,RAIRANGPUR ARTO - OR111( 08-NOV-2017 ),3,LIGHT GOODS VEHICLE,17,23,21,24,,,,,,,,,85
2024,Odisha,RAIRANGPUR ARTO - OR111( 08-NOV-2017 ),4,LIGHT MOTOR VEHICLE,41,61,61,39,,,,,,,,,202
2024,Odisha,RAIRANGPUR ARTO - OR111( 08-NOV-2017 ),5,LIGHT PASSENGER VEHICLE,3,5,4,1,,,,,,,,,13
2024,Odisha,RAIRANGPUR ARTO - OR111( 08-NOV-2017 ),6,MEDIUM GOODS VEHICLE,0,1,0,1,,,,,,,,,2
2024,Odisha,RAIRANGPUR ARTO - OR111( 08-NOV-2017 ),7,MEDIUM PASSENGER VEHICLE,1,1,0,0,,,,,,,,,2
2024,Odisha,RAIRANGPUR ARTO - OR111( 08-NOV-2017 ),8,OTHER THAN MENTIONED ABOVE,3,1,4,0,,,,,,,,,8
2024,Odisha,RAIRANGPUR ARTO - OR111( 08-NOV-2017 ),9,THREE WHEELER(T),10,9,10,4,,,,,,,,,33
2024,Odisha,RAIRANGPUR ARTO - OR111( 08-NOV-2017 ),10,TWO WHEELER(NT),745,493,569,350,,,,,,,,,"2,157"
2024,Odisha,RAYGADA RTO - OR18( 25-DEC-2017 ),1,HEAVY GOODS VEHICLE,9,6,11,13,,,,,,,,,39
2024,Odisha,RAYGADA RTO - OR18( 25-DEC-2017 ),2,HEAVY PASSENGER VEHICLE,1,6,10,0,,,,,,,,,17
2024,Odisha,RAYGADA RTO - OR18( 25-DEC-2017 ),3,LIGHT GOODS VEHICLE,26,18,29,12,,,,,,,,,85
2024,Odisha,RAYGADA RTO - OR18( 25-DEC-2017 ),4,LIGHT MOTOR VEHICLE,69,76,78,33,,,,,,,,,256
2024,Odisha,RAYGADA RTO - OR18( 25-DEC-2017 ),5,LIGHT PASSENGER VEHICLE,4,6,7,3,,,,,,,,,20
2024,Odisha,RAYGADA RTO - OR18( 25-DEC-2017 ),6,MEDIUM GOODS VEHICLE,0,0,1,1,,,,,,,,,2
2024,Odisha,RAYGADA RTO - OR18( 25-DEC-2017 ),7,MEDIUM PASSENGER VEHICLE,0,1,2,0,,,,,,,,,3
2024,Odisha,RAYGADA RTO - OR18( 25-DEC-2017 ),8,OTHER THAN MENTIONED ABOVE,2,3,6,1,,,,,,,,,12
2024,Odisha,RAYGADA RTO - OR18( 25-DEC-2017 ),9,THREE WHEELER(T),14,15,22,11,,,,,,,,,62
2024,Odisha,RAYGADA RTO - OR18( 25-DEC-2017 ),10,TWO WHEELER(NT),890,"1,190","1,462",688,,,,,,,,,"4,230"
2024,Odisha,ROURKELA RTO - OR14( 25-DEC-2017 ),1,FOUR WHEELER (INVALID CARRIAGE),1,0,0,0,,,,,,,,,1
2024,Odisha,ROURKELA RTO - OR14( 25-DEC-2017 ),2,HEAVY GOODS VEHICLE,163,139,141,90,,,,,,,,,533
2024,Odisha,ROURKELA RTO - OR14( 25-DEC-2017 ),3,HEAVY MOTOR VEHICLE,5,1,1,0,,,,,,,,,7
2024,Odisha,ROURKELA RTO - OR14( 25-DEC-2017 ),4,HEAVY PASSENGER VEHICLE,0,2,0,0,,,,,,,,,2
2024,Odisha,ROURKELA RTO - OR14( 25-DEC-2017 ),5,LIGHT GOODS VEHICLE,50,63,70,31,,,,,,,,,214
2024,Odisha,ROURKELA RTO - OR14( 25-DEC-2017 ),6,LIGHT MOTOR VEHICLE,252,287,347,145,,,,,,,,,"1,031"
2024,Odisha,ROURKELA RTO - OR14( 25-DEC-2017 ),7,LIGHT PASSENGER VEHICLE,18,10,19,11,,,,,,,,,58
2024,Odisha,ROURKELA RTO - OR14( 25-DEC-2017 ),8,MEDIUM GOODS VEHICLE,1,5,0,0,,,,,,,,,6
2024,Odisha,ROURKELA RTO - OR14( 25-DEC-2017 ),9,MEDIUM MOTOR VEHICLE,13,3,2,1,,,,,,,,,19
2024,Odisha,ROURKELA RTO - OR14( 25-DEC-2017 ),10,MEDIUM PASSENGER VEHICLE,4,26,6,5,,,,,,,,,41
2024,Odisha,ROURKELA RTO - OR14( 25-DEC-2017 ),11,OTHER THAN MENTIONED ABOVE,2,3,20,16,,,,,,,,,41
2024,Odisha,ROURKELA RTO - OR14( 25-DEC-2017 ),12,THREE WHEELER(T),48,54,50,18,,,,,,,,,170
2024,Odisha,ROURKELA RTO - OR14( 25-DEC-2017 ),13,TWO WHEELER(NT),"1,595","1,519","2,004","1,031",,,,,,,,,"6,149"
2024,Odisha,SAMBALPUR RTO - OR15( 04-DEC-2017 ),1,HEAVY GOODS VEHICLE,106,68,134,79,,,,,,,,,387
2024,Odisha,SAMBALPUR RTO - OR15( 04-DEC-2017 ),2,HEAVY MOTOR VEHICLE,2,1,0,0,,,,,,,,,3
2024,Odisha,SAMBALPUR RTO - OR15( 04-DEC-2017 ),3,HEAVY PASSENGER VEHICLE,0,4,3,1,,,,,,,,,8
2024,Odisha,SAMBALPUR RTO - OR15( 04-DEC-2017 ),4,LIGHT GOODS VEHICLE,72,57,77,45,,,,,,,,,251
2024,Odisha,SAMBALPUR RTO - OR15( 04-DEC-2017 ),5,LIGHT MOTOR VEHICLE,364,294,261,194,,,,,,,,,"1,113"
2024,Odisha,SAMBALPUR RTO - OR15( 04-DEC-2017 ),6,LIGHT PASSENGER VEHICLE,37,28,33,15,,,,,,,,,113
2024,Odisha,SAMBALPUR RTO - OR15( 04-DEC-2017 ),7,MEDIUM GOODS VEHICLE,2,1,0,0,,,,,,,,,3
2024,Odisha,SAMBALPUR RTO - OR15( 04-DEC-2017 ),8,MEDIUM MOTOR VEHICLE,50,31,2,0,,,,,,,,,83
2024,Odisha,SAMBALPUR RTO - OR15( 04-DEC-2017 ),9,MEDIUM PASSENGER VEHICLE,1,22,18,2,,,,,,,,,43
2024,Odisha,SAMBALPUR RTO - OR15( 04-DEC-2017 ),10,OTHER THAN MENTIONED ABOVE,3,7,44,26,,,,,,,,,80
2024,Odisha,SAMBALPUR RTO - OR15( 04-DEC-2017 ),11,THREE WHEELER(T),81,73,72,40,,,,,,,,,266
2024,Odisha,SAMBALPUR RTO - OR15( 04-DEC-2017 ),12,TWO WHEELER(NT),"1,554","1,723","2,036","1,117",,,,,,,,,"6,430"
2024,Odisha,SONEPUR RTO - OR31( 08-NOV-2017 ),1,HEAVY GOODS VEHICLE,16,3,4,6,,,,,,,,,29
2024,Odisha,SONEPUR RTO - OR31( 08-NOV-2017 ),2,HEAVY PASSENGER VEHICLE,0,0,0,2,,,,,,,,,2
2024,Odisha,SONEPUR RTO - OR31( 08-NOV-2017 ),3,LIGHT GOODS VEHICLE,13,22,11,4,,,,,,,,,50
2024,Odisha,SONEPUR RTO - OR31( 08-NOV-2017 ),4,LIGHT MOTOR VEHICLE,72,114,66,54,,,,,,,,,306
2024,Odisha,SONEPUR RTO - OR31( 08-NOV-2017 ),5,LIGHT PASSENGER VEHICLE,3,2,6,4,,,,,,,,,15
2024,Odisha,SONEPUR RTO - OR31( 08-NOV-2017 ),6,MEDIUM MOTOR VEHICLE,0,6,0,1,,,,,,,,,7
2024,Odisha,SONEPUR RTO - OR31( 08-NOV-2017 ),7,MEDIUM PASSENGER VEHICLE,0,12,11,1,,,,,,,,,24
2024,Odisha,SONEPUR RTO - OR31( 08-NOV-2017 ),8,OTHER THAN MENTIONED ABOVE,0,2,1,1,,,,,,,,,4
2024,Odisha,SONEPUR RTO - OR31( 08-NOV-2017 ),9,THREE WHEELER(T),5,12,9,3,,,,,,,,,29
2024,Odisha,SONEPUR RTO - OR31( 08-NOV-2017 ),10,TWO WHEELER(NT),797,"1,411","1,497",590,,,,,,,,,"4,295"
2024,Odisha,SUNDERGARH RTO - OR16( 08-NOV-2017 ),1,HEAVY GOODS VEHICLE,195,128,164,104,,,,,,,,,591
2024,Odisha,SUNDERGARH RTO - OR16( 08-NOV-2017 ),2,HEAVY MOTOR VEHICLE,0,3,1,1,,,,,,,,,5
2024,Odisha,SUNDERGARH RTO - OR16( 08-NOV-2017 ),3,HEAVY PASSENGER VEHICLE,0,0,2,1,,,,,,,,,3
2024,Odisha,SUNDERGARH RTO - OR16( 08-NOV-2017 ),4,LIGHT GOODS VEHICLE,29,67,37,34,,,,,,,,,167
2024,Odisha,SUNDERGARH RTO - OR16( 08-NOV-2017 ),5,LIGHT MOTOR VEHICLE,82,124,158,70,,,,,,,,,434
2024,Odisha,SUNDERGARH RTO - OR16( 08-NOV-2017 ),6,LIGHT PASSENGER VEHICLE,20,16,14,8,,,,,,,,,58
2024,Odisha,SUNDERGARH RTO - OR16( 08-NOV-2017 ),7,MEDIUM GOODS VEHICLE,0,1,1,0,,,,,,,,,2
2024,Odisha,SUNDERGARH RTO - OR16( 08-NOV-2017 ),8,MEDIUM MOTOR VEHICLE,1,15,14,8,,,,,,,,,38
2024,Odisha,SUNDERGARH RTO - OR16( 08-NOV-2017 ),9,MEDIUM PASSENGER VEHICLE,0,58,14,2,,,,,,,,,74
2024,Odisha,SUNDERGARH RTO - OR16( 08-NOV-2017 ),10,OTHER THAN MENTIONED ABOVE,3,2,4,0,,,,,,,,,9
2024,Odisha,SUNDERGARH RTO - OR16( 08-NOV-2017 ),11,THREE WHEELER(T),13,24,21,10,,,,,,,,,68
2024,Odisha,SUNDERGARH RTO - OR16( 08-NOV-2017 ),12,TWO WHEELER(NT),860,841,801,521,,,,,,,,,"3,023"
2024,Odisha,TALCHER RTO - OR35( 25-DEC-2017 ),1,HEAVY GOODS VEHICLE,136,113,95,135,,,,,,,,,479
2024,Odisha,TALCHER RTO - OR35( 25-DEC-2017 ),2,HEAVY MOTOR VEHICLE,0,2,1,2,,,,,,,,,5
2024,Odisha,TALCHER RTO - OR35( 25-DEC-2017 ),3,LIGHT GOODS VEHICLE,23,18,21,3,,,,,,,,,65
2024,Odisha,TALCHER RTO - OR35( 25-DEC-2017 ),4,LIGHT MOTOR VEHICLE,21,13,27,12,,,,,,,,,73
2024,Odisha,TALCHER RTO - OR35( 25-DEC-2017 ),5,LIGHT PASSENGER VEHICLE,4,6,4,0,,,,,,,,,14
2024,Odisha,TALCHER RTO - OR35( 25-DEC-2017 ),6,MEDIUM GOODS VEHICLE,0,3,0,0,,,,,,,,,3
2024,Odisha,TALCHER RTO - OR35( 25-DEC-2017 ),7,MEDIUM PASSENGER VEHICLE,0,1,1,1,,,,,,,,,3
2024,Odisha,TALCHER RTO - OR35( 25-DEC-2017 ),8,OTHER THAN MENTIONED ABOVE,12,7,19,1,,,,,,,,,39
2024,Odisha,TALCHER RTO - OR35( 25-DEC-2017 ),9,THREE WHEELER(T),6,5,3,2,,,,,,,,,16
2024,Odisha,TALCHER RTO - OR35( 25-DEC-2017 ),10,TWO WHEELER(NT),458,588,676,364,,,,,,,,,"2,086"
2023,Odisha,ANGUL RTO - OR19( 25-DEC-2017 ),1,HEAVY GOODS VEHICLE,76,44,87,80,124,86,60,68,65,66,103,58,917
2023,Odisha,ANGUL RTO - OR19( 25-DEC-2017 ),2,HEAVY MOTOR VEHICLE,1,0,12,14,6,5,1,4,9,17,14,2,85
2023,Odisha,ANGUL RTO - OR19( 25-DEC-2017 ),3,HEAVY PASSENGER VEHICLE,1,0,0,0,1,0,0,0,0,0,0,0,2
2023,Odisha,ANGUL RTO - OR19( 25-DEC-2017 ),4,LIGHT GOODS VEHICLE,60,41,53,56,45,30,45,51,47,72,61,62,623
2023,Odisha,ANGUL RTO - OR19( 25-DEC-2017 ),5,LIGHT MOTOR VEHICLE,110,103,133,106,144,131,158,164,153,225,197,164,"1,788"
2023,Odisha,ANGUL RTO - OR19( 25-DEC-2017 ),6,LIGHT PASSENGER VEHICLE,14,12,15,15,12,10,19,20,19,19,29,27,211
2023,Odisha,ANGUL RTO - OR19( 25-DEC-2017 ),7,MEDIUM GOODS VEHICLE,3,4,2,2,2,0,1,7,1,5,2,3,32
2023,Odisha,ANGUL RTO - OR19( 25-DEC-2017 ),8,MEDIUM MOTOR VEHICLE,1,0,0,8,0,3,2,7,2,2,6,2,33
2023,Odisha,ANGUL RTO - OR19( 25-DEC-2017 ),9,MEDIUM PASSENGER VEHICLE,12,6,6,7,4,6,8,12,8,12,8,4,93
2023,Odisha,ANGUL RTO - OR19( 25-DEC-2017 ),10,OTHER THAN MENTIONED ABOVE,25,26,28,19,21,20,7,11,17,14,30,29,247
2023,Odisha,ANGUL RTO - OR19( 25-DEC-2017 ),11,THREE WHEELER(T),31,41,34,32,25,22,34,36,41,76,81,46,499
2023,Odisha,ANGUL RTO - OR19( 25-DEC-2017 ),12,TWO WHEELER(NT),"1,088","1,096","1,217","1,152","1,049","1,008","1,203",996,"1,287","2,618","1,645","1,453","15,812"
2023,Odisha,ARTO BARBIL - OR901( 04-DEC-2017 ),1,HEAVY GOODS VEHICLE,106,173,199,132,162,91,99,127,133,159,189,160,"1,730"
2023,Odisha,ARTO BARBIL - OR901( 04-DEC-2017 ),2,HEAVY MOTOR VEHICLE,0,0,0,3,1,1,0,0,0,0,0,0,5
2023,Odisha,ARTO BARBIL - OR901( 04-DEC-2017 ),3,HEAVY PASSENGER VEHICLE,0,0,0,1,0,0,0,1,0,1,0,0,3
2023,Odisha,ARTO BARBIL - OR901( 04-DEC-2017 ),4,LIGHT GOODS VEHICLE,15,17,8,14,4,17,9,23,13,9,7,14,150
2023,Odisha,ARTO BARBIL - OR901( 04-DEC-2017 ),5,LIGHT MOTOR VEHICLE,22,21,15,15,14,23,14,17,12,13,17,13,196
2023,Odisha,ARTO BARBIL - OR901( 04-DEC-2017 ),6,LIGHT PASSENGER VEHICLE,10,7,12,10,10,9,8,8,5,6,9,9,103
2023,Odisha,ARTO BARBIL - OR901( 04-DEC-2017 ),7,MEDIUM GOODS VEHICLE,1,1,1,1,0,0,1,0,0,0,0,0,5
2023,Odisha,ARTO BARBIL - OR901( 04-DEC-2017 ),8,MEDIUM MOTOR VEHICLE,1,0,0,1,0,0,0,0,0,0,0,0,2
2023,Odisha,ARTO BARBIL - OR901( 04-DEC-2017 ),9,MEDIUM PASSENGER VEHICLE,0,1,1,0,0,2,1,1,0,0,0,0,6
2023,Odisha,ARTO BARBIL - OR901( 04-DEC-2017 ),10,OTHER THAN MENTIONED ABOVE,3,13,3,12,7,7,7,7,5,23,10,7,104
2023,Odisha,ARTO BARBIL - OR901( 04-DEC-2017 ),11,TWO WHEELER(NT),191,172,177,131,204,176,192,200,209,228,372,218,"2,470"
2023,Odisha,BALASORE RTO - OR1( 07-NOV-2017 ),1,HEAVY GOODS VEHICLE,19,39,25,17,12,12,18,15,17,24,23,21,242
2023,Odisha,BALASORE RTO - OR1( 07-NOV-2017 ),2,HEAVY MOTOR VEHICLE,0,1,0,1,0,0,1,1,0,0,0,0,4
2023,Odisha,BALASORE RTO - OR1( 07-NOV-2017 ),3,HEAVY PASSENGER VEHICLE,0,1,0,1,0,0,2,0,1,0,0,1,6
2023,Odisha,BALASORE RTO - OR1( 07-NOV-2017 ),4,LIGHT GOODS VEHICLE,57,65,79,49,61,46,53,71,64,82,73,71,771
2023,Odisha,BALASORE RTO - OR1( 07-NOV-2017 ),5,LIGHT MOTOR VEHICLE,271,249,277,254,272,331,299,288,256,407,335,356,"3,595"
2023,Odisha,BALASORE RTO - OR1( 07-NOV-2017 ),6,LIGHT PASSENGER VEHICLE,21,16,25,18,16,14,12,21,15,28,22,17,225
2023,Odisha,BALASORE RTO - OR1( 07-NOV-2017 ),7,MEDIUM GOODS VEHICLE,3,2,4,2,2,1,2,2,2,2,4,1,27
2023,Odisha,BALASORE RTO - OR1( 07-NOV-2017 ),8,MEDIUM MOTOR VEHICLE,0,0,2,0,1,0,1,0,1,0,0,0,5
2023,Odisha,BALASORE RTO - OR1( 07-NOV-2017 ),9,MEDIUM PASSENGER VEHICLE,0,2,0,8,0,1,2,0,2,1,0,4,20
2023,Odisha,BALASORE RTO - OR1( 07-NOV-2017 ),10,OTHER THAN MENTIONED ABOVE,16,6,7,5,4,3,7,8,4,6,4,8,78
2023,Odisha,BALASORE RTO - OR1( 07-NOV-2017 ),11,THREE WHEELER(NT),0,0,0,0,0,0,0,1,0,0,0,0,1
2023,Odisha,BALASORE RTO - OR1( 07-NOV-2017 ),12,THREE WHEELER(T),93,62,86,57,101,82,102,91,87,151,130,120,"1,162"
2023,Odisha,BALASORE RTO - OR1( 07-NOV-2017 ),13,TWO WHEELER(NT),"2,766","2,430","3,131","2,502","2,559","2,889","2,220","2,084","2,953","5,179","3,743","2,622","35,078"
2023,Odisha,BARGARH RTO - OR17( 04-DEC-2017 ),1,HEAVY GOODS VEHICLE,8,7,10,15,10,8,6,8,13,13,33,21,152
2023,Odisha,BARGARH RTO - OR17( 04-DEC-2017 ),2,HEAVY MOTOR VEHICLE,0,0,0,0,3,0,1,0,0,0,0,0,4
2023,Odisha,BARGARH RTO - OR17( 04-DEC-2017 ),3,HEAVY PASSENGER VEHICLE,0,0,0,0,0,0,0,0,0,0,1,0,1
2023,Odisha,BARGARH RTO - OR17( 04-DEC-2017 ),4,LIGHT GOODS VEHICLE,43,37,44,28,48,28,30,37,34,38,52,43,462
2023,Odisha,BARGARH RTO - OR17( 04-DEC-2017 ),5,LIGHT MOTOR VEHICLE,219,183,203,152,220,224,268,243,174,254,282,296,"2,718"
2023,Odisha,BARGARH RTO - OR17( 04-DEC-2017 ),6,LIGHT PASSENGER VEHICLE,7,7,10,5,3,8,8,8,4,7,11,11,89
2023,Odisha,BARGARH RTO - OR17( 04-DEC-2017 ),7,MEDIUM GOODS VEHICLE,0,0,0,0,0,0,0,0,0,1,0,2,3
2023,Odisha,BARGARH RTO - OR17( 04-DEC-2017 ),8,MEDIUM MOTOR VEHICLE,7,1,4,8,4,3,5,2,1,7,4,0,46
2023,Odisha,BARGARH RTO - OR17( 04-DEC-2017 ),9,MEDIUM PASSENGER VEHICLE,2,4,2,4,0,3,0,0,1,5,1,0,22
2023,Odisha,BARGARH RTO - OR17( 04-DEC-2017 ),10,OTHER THAN MENTIONED ABOVE,1,3,1,2,4,5,2,2,1,2,1,5,29
2023,Odisha,BARGARH RTO - OR17( 04-DEC-2017 ),11,THREE WHEELER(T),16,19,16,9,9,2,15,30,9,19,33,33,210
2023,Odisha,BARGARH RTO - OR17( 04-DEC-2017 ),12,TWO WHEELER(NT),"1,540","1,951","1,901","1,456","1,318","1,144",993,861,"1,003","1,326","1,359","1,162","16,014"
2023,Odisha,BHADRAK RTO - OR22( 04-DEC-2017 ),1,HEAVY GOODS VEHICLE,5,21,32,40,28,36,33,29,40,34,40,50,388
2023,Odisha,BHADRAK RTO - OR22( 04-DEC-2017 ),2,HEAVY MOTOR VEHICLE,0,0,0,1,0,1,0,1,0,0,0,0,3
2023,Odisha,BHADRAK RTO - OR22( 04-DEC-2017 ),3,HEAVY PASSENGER VEHICLE,0,0,1,0,0,0,0,0,0,0,0,0,1
2023,Odisha,BHADRAK RTO - OR22( 04-DEC-2017 ),4,LIGHT GOODS VEHICLE,44,50,39,50,38,19,16,22,22,35,40,45,420
2023,Odisha,BHADRAK RTO - OR22( 04-DEC-2017 ),5,LIGHT MOTOR VEHICLE,93,111,76,96,68,88,113,105,90,77,96,107,"1,120"
2023,Odisha,BHADRAK RTO - OR22( 04-DEC-2017 ),6,LIGHT PASSENGER VEHICLE,9,8,17,6,13,9,6,7,13,7,3,13,111
2023,Odisha,BHADRAK RTO - OR22( 04-DEC-2017 ),7,MEDIUM GOODS VEHICLE,1,2,2,1,0,2,1,2,1,2,0,3,17
2023,Odisha,BHADRAK RTO - OR22( 04-DEC-2017 ),8,MEDIUM MOTOR VEHICLE,0,0,0,0,0,0,1,0,0,0,0,0,1
2023,Odisha,BHADRAK RTO - OR22( 04-DEC-2017 ),9,MEDIUM PASSENGER VEHICLE,1,1,3,5,0,2,2,2,1,2,0,2,21
2023,Odisha,BHADRAK RTO - OR22( 04-DEC-2017 ),10,OTHER THAN MENTIONED ABOVE,2,4,1,2,0,1,3,4,3,2,4,2,28
2023,Odisha,BHADRAK RTO - OR22( 04-DEC-2017 ),11,THREE WHEELER(T),45,57,71,67,67,59,66,79,94,117,117,87,926
2023,Odisha,BHADRAK RTO - OR22( 04-DEC-2017 ),12,TWO WHEELER(NT),"1,194","1,725","1,882","1,393","1,322","1,315","1,201","1,008","1,327","1,936","2,078","1,723","18,104"
2023,Odisha,BHANJANAGAR RTO - OR32( 04-DEC-2017 ),1,HEAVY GOODS VEHICLE,0,10,10,1,1,1,0,4,1,7,9,12,56
2023,Odisha,BHANJANAGAR RTO - OR32( 04-DEC-2017 ),2,HEAVY PASSENGER VEHICLE,0,0,1,1,0,0,0,0,0,0,0,0,2
2023,Odisha,BHANJANAGAR RTO - OR32( 04-DEC-2017 ),3,LIGHT GOODS VEHICLE,18,14,18,14,21,22,9,25,23,26,26,22,238
2023,Odisha,BHANJANAGAR RTO - OR32( 04-DEC-2017 ),4,LIGHT MOTOR VEHICLE,32,18,34,23,32,38,39,33,36,31,34,47,397
2023,Odisha,BHANJANAGAR RTO - OR32( 04-DEC-2017 ),5,LIGHT PASSENGER VEHICLE,2,1,2,4,5,4,4,5,2,1,3,5,38
2023,Odisha,BHANJANAGAR RTO - OR32( 04-DEC-2017 ),6,MEDIUM MOTOR VEHICLE,0,0,2,3,0,0,3,1,1,2,1,0,13
2023,Odisha,BHANJANAGAR RTO - OR32( 04-DEC-2017 ),7,MEDIUM PASSENGER VEHICLE,1,0,0,0,0,0,2,0,0,0,0,0,3
2023,Odisha,BHANJANAGAR RTO - OR32( 04-DEC-2017 ),8,OTHER THAN MENTIONED ABOVE,2,2,2,2,0,1,0,1,0,1,1,1,13
2023,Odisha,BHANJANAGAR RTO - OR32( 04-DEC-2017 ),9,THREE WHEELER(T),10,14,27,18,20,20,29,18,30,37,40,21,284
2023,Odisha,BHANJANAGAR RTO - OR32( 04-DEC-2017 ),10,TWO WHEELER(NT),651,923,"1,042",894,801,669,567,501,689,"1,169","1,193",723,"9,822"
2023,Odisha,BHUBANESWAR-II RTO - OR33( 23-OCT-2017 ),1,FOUR WHEELER (INVALID CARRIAGE),2,0,1,0,0,1,0,0,0,0,0,0,4
2023,Odisha,BHUBANESWAR-II RTO - OR33( 23-OCT-2017 ),2,HEAVY GOODS VEHICLE,17,11,14,5,0,6,3,1,13,3,5,56,134
2023,Odisha,BHUBANESWAR-II RTO - OR33( 23-OCT-2017 ),3,HEAVY MOTOR VEHICLE,0,0,0,1,0,0,0,0,0,0,1,0,2
2023,Odisha,BHUBANESWAR-II RTO - OR33( 23-OCT-2017 ),4,HEAVY PASSENGER VEHICLE,5,1,0,1,7,8,0,0,0,0,0,0,22
2023,Odisha,BHUBANESWAR-II RTO - OR33( 23-OCT-2017 ),5,LIGHT GOODS VEHICLE,29,28,30,27,34,22,34,28,40,45,33,55,405
2023,Odisha,BHUBANESWAR-II RTO - OR33( 23-OCT-2017 ),6,LIGHT MOTOR VEHICLE,514,391,559,482,504,491,432,558,557,752,710,787,"6,737"
2023,Odisha,BHUBANESWAR-II RTO - OR33( 23-OCT-2017 ),7,LIGHT PASSENGER VEHICLE,24,13,55,31,40,47,41,51,80,96,122,130,730
2023,Odisha,BHUBANESWAR-II RTO - OR33( 23-OCT-2017 ),8,MEDIUM GOODS VEHICLE,1,0,1,3,1,1,1,0,1,0,1,1,11
2023,Odisha,BHUBANESWAR-II RTO - OR33( 23-OCT-2017 ),9,MEDIUM MOTOR VEHICLE,0,0,0,0,0,1,0,0,0,1,0,0,2
2023,Odisha,BHUBANESWAR-II RTO - OR33( 23-OCT-2017 ),10,MEDIUM PASSENGER VEHICLE,0,0,32,1,1,2,0,0,2,1,3,0,42
2023,Odisha,BHUBANESWAR-II RTO - OR33( 23-OCT-2017 ),11,OTHER THAN MENTIONED ABOVE,55,48,50,34,37,28,39,38,42,65,77,69,582
2023,Odisha,BHUBANESWAR-II RTO - OR33( 23-OCT-2017 ),12,THREE WHEELER(T),10,23,25,17,25,24,39,32,31,83,81,111,501
2023,Odisha,BHUBANESWAR-II RTO - OR33( 23-OCT-2017 ),13,TWO WHEELER(NT),"1,859","1,832","2,065","1,846","1,948","1,939","1,876","2,078","2,210","3,592","2,836","2,581","26,662"
2023,Odisha,BHUBANESWAR-II RTO - OR33( 23-OCT-2017 ),14,TWO WHEELER(T),0,2,2,2,0,1,1,0,0,3,3,5,19
2023,Odisha,BHUBANESWAR RTO - OR2( 22-JAN-2018 ),1,FOUR WHEELER (INVALID CARRIAGE),0,0,0,0,0,1,0,0,0,0,1,2,4
2023,Odisha,BHUBANESWAR RTO - OR2( 22-JAN-2018 ),2,HEAVY GOODS VEHICLE,136,50,148,95,68,60,92,104,97,100,118,53,"1,121"
2023,Odisha,BHUBANESWAR RTO - OR2( 22-JAN-2018 ),3,HEAVY MOTOR VEHICLE,3,0,3,4,1,1,2,0,0,4,2,0,20
2023,Odisha,BHUBANESWAR RTO - OR2( 22-JAN-2018 ),4,HEAVY PASSENGER VEHICLE,6,1,3,4,3,3,0,0,3,4,3,5,35
2023,Odisha,BHUBANESWAR RTO - OR2( 22-JAN-2018 ),5,LIGHT GOODS VEHICLE,251,251,268,230,248,217,228,240,248,338,324,261,"3,104"
2023,Odisha,BHUBANESWAR RTO - OR2( 22-JAN-2018 ),6,LIGHT MOTOR VEHICLE,"2,392","2,010","2,209","1,978","2,206","2,153","2,035","2,199","2,228","2,990","2,342","2,254","26,996"
2023,Odisha,BHUBANESWAR RTO - OR2( 22-JAN-2018 ),7,LIGHT PASSENGER VEHICLE,235,221,285,242,221,226,270,314,367,320,418,320,"3,439"
2023,Odisha,BHUBANESWAR RTO - OR2( 22-JAN-2018 ),8,MEDIUM GOODS VEHICLE,6,8,7,8,6,11,8,7,12,8,13,11,105
2023,Odisha,BHUBANESWAR RTO - OR2( 22-JAN-2018 ),9,MEDIUM MOTOR VEHICLE,0,0,0,1,0,1,0,0,0,2,3,0,7
2023,Odisha,BHUBANESWAR RTO - OR2( 22-JAN-2018 ),10,MEDIUM PASSENGER VEHICLE,7,10,11,11,5,6,10,9,13,7,8,3,100
2023,Odisha,BHUBANESWAR RTO - OR2( 22-JAN-2018 ),11,OTHER THAN MENTIONED ABOVE,27,24,37,25,38,29,41,49,44,40,45,54,453
2023,Odisha,BHUBANESWAR RTO - OR2( 22-JAN-2018 ),12,THREE WHEELER(T),174,182,255,183,242,240,272,300,358,342,254,181,"2,983"
2023,Odisha,BHUBANESWAR RTO - OR2( 22-JAN-2018 ),13,TWO WHEELER(NT),"3,975","3,601","4,490","4,077","4,300","4,088","4,168","3,967","4,359","6,868","5,414","4,372","53,679"
2023,Odisha,BHUBANESWAR RTO - OR2( 22-JAN-2018 ),14,TWO WHEELER(T),5,2,2,1,2,2,6,4,2,8,3,5,42
2023,Odisha,BOLANGIR RTO - OR3( 25-DEC-2017 ),1,HEAVY GOODS VEHICLE,9,6,20,5,10,4,0,5,13,4,26,19,121
2023,Odisha,BOLANGIR RTO - OR3( 25-DEC-2017 ),2,HEAVY MOTOR VEHICLE,1,0,0,0,1,0,0,0,0,0,0,0,2
2023,Odisha,BOLANGIR RTO - OR3( 25-DEC-2017 ),3,LIGHT GOODS VEHICLE,62,50,41,43,37,42,52,58,76,74,82,61,678
2023,Odisha,BOLANGIR RTO - OR3( 25-DEC-2017 ),4,LIGHT MOTOR VEHICLE,174,164,133,139,183,198,188,142,152,169,218,195,"2,055"
2023,Odisha,BOLANGIR RTO - OR3( 25-DEC-2017 ),5,LIGHT PASSENGER VEHICLE,11,22,15,22,9,9,14,12,7,12,19,16,168
2023,Odisha,BOLANGIR RTO - OR3( 25-DEC-2017 ),6,MEDIUM GOODS VEHICLE,0,0,0,0,0,1,2,1,0,0,2,0,6
2023,Odisha,BOLANGIR RTO - OR3( 25-DEC-2017 ),7,MEDIUM MOTOR VEHICLE,1,0,1,0,0,0,0,0,0,0,0,1,3
2023,Odisha,BOLANGIR RTO - OR3( 25-DEC-2017 ),8,MEDIUM PASSENGER VEHICLE,1,2,0,0,3,1,1,0,3,1,1,0,13
2023,Odisha,BOLANGIR RTO - OR3( 25-DEC-2017 ),9,OTHER THAN MENTIONED ABOVE,2,10,9,4,7,0,7,4,8,3,14,2,70
2023,Odisha,BOLANGIR RTO - OR3( 25-DEC-2017 ),10,THREE WHEELER(T),24,25,25,8,9,9,8,9,15,8,19,7,166
2023,Odisha,BOLANGIR RTO - OR3( 25-DEC-2017 ),11,TWO WHEELER(NT),"2,316","3,453","2,638","2,115","1,692","1,279","1,084","1,026","1,186","1,494","1,641","1,390","21,314"
2023,Odisha,BOUDH RTO - OR27( 23-OCT-2017 ),1,HEAVY GOODS VEHICLE,0,3,7,2,1,2,2,0,1,1,2,1,22
2023,Odisha,BOUDH RTO - OR27( 23-OCT-2017 ),2,LIGHT GOODS VEHICLE,7,8,8,4,5,6,3,8,9,5,11,12,86
2023,Odisha,BOUDH RTO - OR27( 23-OCT-2017 ),3,LIGHT MOTOR VEHICLE,13,14,20,16,14,18,28,28,23,37,41,46,298
2023,Odisha,BOUDH RTO - OR27( 23-OCT-2017 ),4,LIGHT PASSENGER VEHICLE,0,3,4,1,6,1,3,1,1,2,0,1,23
2023,Odisha,BOUDH RTO - OR27( 23-OCT-2017 ),5,MEDIUM MOTOR VEHICLE,0,0,0,2,1,1,0,0,0,0,0,1,5
2023,Odisha,BOUDH RTO - OR27( 23-OCT-2017 ),6,MEDIUM PASSENGER VEHICLE,0,1,0,0,0,1,0,0,0,0,0,0,2
2023,Odisha,BOUDH RTO - OR27( 23-OCT-2017 ),7,OTHER THAN MENTIONED ABOVE,0,0,0,0,0,0,3,0,0,0,2,0,5
2023,Odisha,BOUDH RTO - OR27( 23-OCT-2017 ),8,THREE WHEELER(T),3,4,8,1,10,10,12,5,9,15,11,8,96
2023,Odisha,BOUDH RTO - OR27( 23-OCT-2017 ),9,TWO WHEELER(NT),393,726,432,422,269,225,186,151,192,354,297,187,"3,834"
2023,Odisha,CHANDIKHOLE RTO - OR4( 23-OCT-2017 ),1,HEAVY GOODS VEHICLE,57,86,110,92,79,42,65,42,48,50,42,59,772
2023,Odisha,CHANDIKHOLE RTO - OR4( 23-OCT-2017 ),2,HEAVY MOTOR VEHICLE,1,1,0,1,3,1,1,5,1,0,0,1,15
2023,Odisha,CHANDIKHOLE RTO - OR4( 23-OCT-2017 ),3,HEAVY PASSENGER VEHICLE,0,0,0,0,0,0,0,0,0,0,3,0,3
2023,Odisha,CHANDIKHOLE RTO - OR4( 23-OCT-2017 ),4,LIGHT GOODS VEHICLE,35,37,46,31,24,30,30,35,38,45,49,45,445
2023,Odisha,CHANDIKHOLE RTO - OR4( 23-OCT-2017 ),5,LIGHT MOTOR VEHICLE,37,39,59,52,59,51,47,47,43,63,58,54,609
2023,Odisha,CHANDIKHOLE RTO - OR4( 23-OCT-2017 ),6,LIGHT PASSENGER VEHICLE,24,12,14,15,6,10,8,13,17,18,16,34,187
2023,Odisha,CHANDIKHOLE RTO - OR4( 23-OCT-2017 ),7,MEDIUM GOODS VEHICLE,0,1,2,2,0,1,2,1,0,0,0,0,9
2023,Odisha,CHANDIKHOLE RTO - OR4( 23-OCT-2017 ),8,MEDIUM PASSENGER VEHICLE,4,3,3,1,3,12,5,5,6,5,3,8,58
2023,Odisha,CHANDIKHOLE RTO - OR4( 23-OCT-2017 ),9,OTHER THAN MENTIONED ABOVE,9,10,5,12,18,13,7,13,16,18,6,14,141
2023,Odisha,CHANDIKHOLE RTO - OR4( 23-OCT-2017 ),10,THREE WHEELER(T),5,16,18,9,18,12,17,18,17,24,16,18,188
2023,Odisha,CHANDIKHOLE RTO - OR4( 23-OCT-2017 ),11,TWO WHEELER(NT),907,888,951,926,941,"1,119",898,758,948,"1,691","1,259",992,"12,278"
2023,Odisha,CUTTACK RTO - OR5( 31-MAY-2017 ),1,HEAVY GOODS VEHICLE,87,93,133,99,76,70,79,61,61,75,71,111,"1,016"
2023,Odisha,CUTTACK RTO - OR5( 31-MAY-2017 ),2,HEAVY MOTOR VEHICLE,2,0,0,5,0,0,0,0,0,1,28,0,36
2023,Odisha,CUTTACK RTO - OR5( 31-MAY-2017 ),3,HEAVY PASSENGER VEHICLE,0,4,1,2,0,2,3,1,0,2,6,2,23
2023,Odisha,CUTTACK RTO - OR5( 31-MAY-2017 ),4,LIGHT GOODS VEHICLE,200,155,207,174,163,116,150,177,200,202,188,152,"2,084"
2023,Odisha,CUTTACK RTO - OR5( 31-MAY-2017 ),5,LIGHT MOTOR VEHICLE,630,589,755,587,719,669,809,788,740,"1,074",819,895,"9,074"
2023,Odisha,CUTTACK RTO - OR5( 31-MAY-2017 ),6,LIGHT PASSENGER VEHICLE,87,51,73,44,51,67,107,77,239,132,93,102,"1,123"
2023,Odisha,CUTTACK RTO - OR5( 31-MAY-2017 ),7,MEDIUM GOODS VEHICLE,2,2,3,6,7,2,7,1,1,3,3,2,39
2023,Odisha,CUTTACK RTO - OR5( 31-MAY-2017 ),8,MEDIUM MOTOR VEHICLE,0,2,0,0,0,0,0,0,0,5,15,0,22
2023,Odisha,CUTTACK RTO - OR5( 31-MAY-2017 ),9,MEDIUM PASSENGER VEHICLE,8,8,6,8,3,19,5,5,8,3,4,11,88
2023,Odisha,CUTTACK RTO - OR5( 31-MAY-2017 ),10,OTHER THAN MENTIONED ABOVE,6,7,13,8,13,9,7,7,6,6,11,13,106
2023,Odisha,CUTTACK RTO - OR5( 31-MAY-2017 ),11,THREE WHEELER(T),94,78,113,102,103,101,103,107,140,172,118,119,"1,350"
2023,Odisha,CUTTACK RTO - OR5( 31-MAY-2017 ),12,TWO WHEELER(NT),"3,752","3,179","4,084","3,477","3,476","3,782","3,297","3,164","4,416","7,476","5,428","4,387","49,918"
2023,Odisha,CUTTACK RTO - OR5( 31-MAY-2017 ),13,TWO WHEELER(T),1,10,0,10,0,0,0,0,0,0,0,1,22
2023,Odisha,DEOGARH RTO - OR28( 23-OCT-2017 ),1,HEAVY GOODS VEHICLE,0,0,0,0,0,0,0,0,0,1,1,1,3
2023,Odisha,DEOGARH RTO - OR28( 23-OCT-2017 ),2,LIGHT GOODS VEHICLE,3,9,6,3,3,3,4,5,7,4,6,8,61
2023,Odisha,DEOGARH RTO - OR28( 23-OCT-2017 ),3,LIGHT MOTOR VEHICLE,14,29,24,14,26,27,34,26,18,22,34,42,310
2023,Odisha,DEOGARH RTO - OR28( 23-OCT-2017 ),4,LIGHT PASSENGER VEHICLE,3,3,1,2,1,0,3,1,2,3,0,3,22
2023,Odisha,DEOGARH RTO - OR28( 23-OCT-2017 ),5,MEDIUM MOTOR VEHICLE,0,0,0,0,0,0,0,0,0,0,0,1,1
2023,Odisha,DEOGARH RTO - OR28( 23-OCT-2017 ),6,MEDIUM PASSENGER VEHICLE,1,0,1,0,0,1,0,1,0,1,2,1,8
2023,Odisha,DEOGARH RTO - OR28( 23-OCT-2017 ),7,OTHER THAN MENTIONED ABOVE,0,0,0,1,0,2,1,0,0,0,2,1,7
2023,Odisha,DEOGARH RTO - OR28( 23-OCT-2017 ),8,THREE WHEELER(T),9,11,8,6,6,4,11,6,6,25,11,14,117
2023,Odisha,DEOGARH RTO - OR28( 23-OCT-2017 ),9,TWO WHEELER(NT),188,199,197,163,157,170,104,120,190,276,249,186,"2,199"
2023,Odisha,DHENKANAL RTO - OR6( 07-NOV-2017 ),1,HEAVY GOODS VEHICLE,20,12,4,2,3,2,3,5,3,8,12,7,81
2023,Odisha,DHENKANAL RTO - OR6( 07-NOV-2017 ),2,HEAVY MOTOR VEHICLE,0,1,1,0,0,0,0,0,0,0,0,0,2
2023,Odisha,DHENKANAL RTO - OR6( 07-NOV-2017 ),3,HEAVY PASSENGER VEHICLE,1,0,0,0,0,0,0,0,0,0,0,0,1
2023,Odisha,DHENKANAL RTO - OR6( 07-NOV-2017 ),4,LIGHT GOODS VEHICLE,13,14,24,12,13,7,8,23,10,21,19,18,182
2023,Odisha,DHENKANAL RTO - OR6( 07-NOV-2017 ),5,LIGHT MOTOR VEHICLE,45,40,55,42,37,81,74,83,40,69,55,49,670
2023,Odisha,DHENKANAL RTO - OR6( 07-NOV-2017 ),6,LIGHT PASSENGER VEHICLE,1,3,5,2,4,4,1,7,6,12,9,2,56
2023,Odisha,DHENKANAL RTO - OR6( 07-NOV-2017 ),7,MEDIUM GOODS VEHICLE,0,1,0,0,0,0,1,0,0,0,0,0,2
2023,Odisha,DHENKANAL RTO - OR6( 07-NOV-2017 ),8,MEDIUM PASSENGER VEHICLE,1,1,1,1,0,0,1,1,0,2,0,0,8
2023,Odisha,DHENKANAL RTO - OR6( 07-NOV-2017 ),9,OTHER THAN MENTIONED ABOVE,7,5,0,1,2,1,2,2,3,4,2,3,32
2023,Odisha,DHENKANAL RTO - OR6( 07-NOV-2017 ),10,THREE WHEELER(T),4,7,4,10,7,8,8,5,7,9,9,5,83
2023,Odisha,DHENKANAL RTO - OR6( 07-NOV-2017 ),11,TWO WHEELER(NT),769,672,896,715,698,774,670,671,744,"1,494","1,210",811,"10,124"
2023,Odisha,GAJAPATI RTO - OR20( 07-NOV-2017 ),1,HEAVY GOODS VEHICLE,2,0,1,1,2,0,1,0,1,2,0,0,10
2023,Odisha,GAJAPATI RTO - OR20( 07-NOV-2017 ),2,HEAVY PASSENGER VEHICLE,0,0,1,0,0,0,0,0,0,0,0,0,1
2023,Odisha,GAJAPATI RTO - OR20( 07-NOV-2017 ),3,LIGHT GOODS VEHICLE,7,12,17,9,9,8,11,10,5,15,17,13,133
2023,Odisha,GAJAPATI RTO - OR20( 07-NOV-2017 ),4,LIGHT MOTOR VEHICLE,10,8,15,15,17,20,26,26,20,37,23,22,239
2023,Odisha,GAJAPATI RTO - OR20( 07-NOV-2017 ),5,LIGHT PASSENGER VEHICLE,0,3,1,1,0,0,1,1,3,0,0,2,12
2023,Odisha,GAJAPATI RTO - OR20( 07-NOV-2017 ),6,MEDIUM GOODS VEHICLE,0,0,0,0,0,0,0,0,0,0,1,0,1
2023,Odisha,GAJAPATI RTO - OR20( 07-NOV-2017 ),7,MEDIUM MOTOR VEHICLE,0,0,4,0,0,0,0,0,0,0,0,1,5
2023,Odisha,GAJAPATI RTO - OR20( 07-NOV-2017 ),8,MEDIUM PASSENGER VEHICLE,0,0,0,0,0,1,0,0,0,31,0,0,32
2023,Odisha,GAJAPATI RTO - OR20( 07-NOV-2017 ),9,THREE WHEELER(T),4,3,6,5,10,9,9,9,10,17,12,3,97
2023,Odisha,GAJAPATI RTO - OR20( 07-NOV-2017 ),10,TWO WHEELER(NT),287,295,331,299,516,403,303,283,291,572,421,396,"4,397"
2023,Odisha,GANJAM RTO - OR7( 04-DEC-2017 ),1,FOUR WHEELER (INVALID CARRIAGE),0,0,0,1,0,0,0,0,0,0,0,0,1
2023,Odisha,GANJAM RTO - OR7( 04-DEC-2017 ),2,HEAVY GOODS VEHICLE,33,29,22,22,32,16,13,28,24,22,33,30,304
2023,Odisha,GANJAM RTO - OR7( 04-DEC-2017 ),3,HEAVY MOTOR VEHICLE,0,0,0,0,0,1,0,0,0,0,0,0,1
2023,Odisha,GANJAM RTO - OR7( 04-DEC-2017 ),4,HEAVY PASSENGER VEHICLE,1,1,0,1,2,0,0,0,0,0,0,1,6
2023,Odisha,GANJAM RTO - OR7( 04-DEC-2017 ),5,LIGHT GOODS VEHICLE,65,61,75,56,45,49,34,52,63,85,64,65,714
2023,Odisha,GANJAM RTO - OR7( 04-DEC-2017 ),6,LIGHT MOTOR VEHICLE,182,164,177,181,210,211,208,220,203,208,196,209,"2,369"
2023,Odisha,GANJAM RTO - OR7( 04-DEC-2017 ),7,LIGHT PASSENGER VEHICLE,16,8,18,19,13,11,31,13,21,7,18,14,189
2023,Odisha,GANJAM RTO - OR7( 04-DEC-2017 ),8,MEDIUM GOODS VEHICLE,0,2,1,15,0,0,6,0,0,0,0,0,24
2023,Odisha,GANJAM RTO - OR7( 04-DEC-2017 ),9,MEDIUM PASSENGER VEHICLE,2,3,6,3,3,4,3,0,8,3,4,8,47
2023,Odisha,GANJAM RTO - OR7( 04-DEC-2017 ),10,OTHER THAN MENTIONED ABOVE,5,2,7,2,7,4,2,4,4,2,4,3,46
2023,Odisha,GANJAM RTO - OR7( 04-DEC-2017 ),11,THREE WHEELER(T),68,57,84,84,77,80,108,112,106,118,119,103,"1,116"
2023,Odisha,GANJAM RTO - OR7( 04-DEC-2017 ),12,TWO WHEELER(NT),"2,391","2,847","3,220","2,837","3,230","2,599","2,616","2,145","2,775","3,883","3,886","2,644","35,073"
2023,Odisha,JAGATSINGHPUR RTO - OR21( 04-DEC-2017 ),1,HEAVY GOODS VEHICLE,6,6,9,5,9,10,4,5,4,12,7,11,88
2023,Odisha,JAGATSINGHPUR RTO - OR21( 04-DEC-2017 ),2,HEAVY MOTOR VEHICLE,0,3,0,1,0,1,1,1,3,0,0,0,10
2023,Odisha,JAGATSINGHPUR RTO - OR21( 04-DEC-2017 ),3,HEAVY PASSENGER VEHICLE,0,0,1,0,0,0,0,0,0,0,0,0,1
2023,Odisha,JAGATSINGHPUR RTO - OR21( 04-DEC-2017 ),4,LIGHT GOODS VEHICLE,31,40,18,28,29,15,23,14,21,19,19,28,285
2023,Odisha,JAGATSINGHPUR RTO - OR21( 04-DEC-2017 ),5,LIGHT MOTOR VEHICLE,25,26,23,29,35,41,56,39,35,40,43,40,432
2023,Odisha,JAGATSINGHPUR RTO - OR21( 04-DEC-2017 ),6,LIGHT PASSENGER VEHICLE,3,2,2,2,1,0,4,0,1,1,0,0,16
2023,Odisha,JAGATSINGHPUR RTO - OR21( 04-DEC-2017 ),7,MEDIUM GOODS VEHICLE,0,0,0,0,0,0,1,0,0,0,0,0,1
2023,Odisha,JAGATSINGHPUR RTO - OR21( 04-DEC-2017 ),8,MEDIUM MOTOR VEHICLE,0,1,0,0,0,0,1,0,0,0,0,0,2
2023,Odisha,JAGATSINGHPUR RTO - OR21( 04-DEC-2017 ),9,MEDIUM PASSENGER VEHICLE,0,0,0,0,0,0,0,0,1,0,0,0,1
2023,Odisha,JAGATSINGHPUR RTO - OR21( 04-DEC-2017 ),10,OTHER THAN MENTIONED ABOVE,4,4,7,7,0,5,2,6,3,6,2,4,50
2023,Odisha,JAGATSINGHPUR RTO - OR21( 04-DEC-2017 ),11,THREE WHEELER(T),5,6,13,5,2,1,4,9,2,9,12,7,75
2023,Odisha,JAGATSINGHPUR RTO - OR21( 04-DEC-2017 ),12,TWO WHEELER(NT),919,820,814,842,811,953,837,629,"1,107","1,606","1,414","1,025","11,777"
2023,Odisha,JAJPUR RTO - OR34( 23-OCT-2017 ),1,HEAVY GOODS VEHICLE,20,20,29,25,23,10,34,30,13,25,12,22,263
2023,Odisha,JAJPUR RTO - OR34( 23-OCT-2017 ),2,HEAVY MOTOR VEHICLE,0,4,2,4,1,3,4,2,1,2,0,1,24
2023,Odisha,JAJPUR RTO - OR34( 23-OCT-2017 ),3,HEAVY PASSENGER VEHICLE,0,0,0,0,1,1,1,1,0,0,0,0,4
2023,Odisha,JAJPUR RTO - OR34( 23-OCT-2017 ),4,LIGHT GOODS VEHICLE,29,17,34,32,27,29,17,22,19,23,19,32,300
2023,Odisha,JAJPUR RTO - OR34( 23-OCT-2017 ),5,LIGHT MOTOR VEHICLE,39,42,80,50,83,66,76,80,86,91,106,97,896
2023,Odisha,JAJPUR RTO - OR34( 23-OCT-2017 ),6,LIGHT PASSENGER VEHICLE,19,9,13,26,15,13,19,12,9,34,11,22,202
2023,Odisha,JAJPUR RTO - OR34( 23-OCT-2017 ),7,MEDIUM GOODS VEHICLE,0,0,1,0,4,1,1,0,0,1,0,1,9
2023,Odisha,JAJPUR RTO - OR34( 23-OCT-2017 ),8,MEDIUM MOTOR VEHICLE,1,0,0,1,1,3,0,0,1,0,2,1,10
2023,Odisha,JAJPUR RTO - OR34( 23-OCT-2017 ),9,MEDIUM PASSENGER VEHICLE,4,1,11,4,6,5,7,4,7,8,9,7,73
2023,Odisha,JAJPUR RTO - OR34( 23-OCT-2017 ),10,OTHER THAN MENTIONED ABOVE,7,10,3,2,4,2,16,1,1,6,13,5,70
2023,Odisha,JAJPUR RTO - OR34( 23-OCT-2017 ),11,THREE WHEELER(T),27,32,42,35,48,30,28,34,40,51,45,45,457
2023,Odisha,JAJPUR RTO - OR34( 23-OCT-2017 ),12,TWO WHEELER(NT),"1,581","1,396","1,703","1,333","1,330","1,490","1,258","1,129","1,563","2,264","2,505","1,763","19,315"
2023,Odisha,JHARSUGUDA RTO - OR23( 07-NOV-2017 ),1,HEAVY GOODS VEHICLE,56,67,74,68,68,59,179,131,105,99,94,148,"1,148"
2023,Odisha,JHARSUGUDA RTO - OR23( 07-NOV-2017 ),2,HEAVY MOTOR VEHICLE,8,4,3,2,0,0,2,2,0,0,1,0,22
2023,Odisha,JHARSUGUDA RTO - OR23( 07-NOV-2017 ),3,LIGHT GOODS VEHICLE,32,31,51,23,36,40,27,39,29,26,55,41,430
2023,Odisha,JHARSUGUDA RTO - OR23( 07-NOV-2017 ),4,LIGHT MOTOR VEHICLE,145,130,137,117,142,142,168,167,161,185,209,168,"1,871"
2023,Odisha,JHARSUGUDA RTO - OR23( 07-NOV-2017 ),5,LIGHT PASSENGER VEHICLE,12,14,16,16,17,14,23,22,19,13,38,20,224
2023,Odisha,JHARSUGUDA RTO - OR23( 07-NOV-2017 ),6,MEDIUM GOODS VEHICLE,2,0,1,0,1,0,0,0,0,0,0,1,5
2023,Odisha,JHARSUGUDA RTO - OR23( 07-NOV-2017 ),7,MEDIUM MOTOR VEHICLE,8,11,9,3,0,0,0,0,2,0,0,0,33
2023,Odisha,JHARSUGUDA RTO - OR23( 07-NOV-2017 ),8,MEDIUM PASSENGER VEHICLE,3,5,4,5,4,1,4,3,4,1,8,9,51
2023,Odisha,JHARSUGUDA RTO - OR23( 07-NOV-2017 ),9,OTHER THAN MENTIONED ABOVE,9,4,18,31,47,28,29,20,18,20,22,24,270
2023,Odisha,JHARSUGUDA RTO - OR23( 07-NOV-2017 ),10,THREE WHEELER(T),22,36,18,18,18,17,23,21,19,29,36,29,286
2023,Odisha,JHARSUGUDA RTO - OR23( 07-NOV-2017 ),11,TWO WHEELER(NT),889,831,959,767,848,825,754,772,985,"1,245","1,549","1,046","11,470"
2023,Odisha,KALAHANDI RTO - OR8( 23-OCT-2017 ),1,HEAVY GOODS VEHICLE,5,11,16,9,10,13,5,5,15,17,24,21,151
2023,Odisha,KALAHANDI RTO - OR8( 23-OCT-2017 ),2,HEAVY MOTOR VEHICLE,0,0,1,0,1,0,1,0,0,0,0,0,3
2023,Odisha,KALAHANDI RTO - OR8( 23-OCT-2017 ),3,HEAVY PASSENGER VEHICLE,0,1,0,0,1,0,0,2,0,2,0,0,6
2023,Odisha,KALAHANDI RTO - OR8( 23-OCT-2017 ),4,LIGHT GOODS VEHICLE,51,41,41,33,34,51,29,42,53,54,75,58,562
2023,Odisha,KALAHANDI RTO - OR8( 23-OCT-2017 ),5,LIGHT MOTOR VEHICLE,177,121,142,119,129,154,190,174,130,151,153,184,"1,824"
2023,Odisha,KALAHANDI RTO - OR8( 23-OCT-2017 ),6,LIGHT PASSENGER VEHICLE,20,10,17,17,6,19,14,12,10,9,12,14,160
2023,Odisha,KALAHANDI RTO - OR8( 23-OCT-2017 ),7,MEDIUM GOODS VEHICLE,0,1,0,0,0,0,0,1,0,1,0,0,3
2023,Odisha,KALAHANDI RTO - OR8( 23-OCT-2017 ),8,MEDIUM MOTOR VEHICLE,4,3,6,3,6,8,2,7,5,2,19,9,74
2023,Odisha,KALAHANDI RTO - OR8( 23-OCT-2017 ),9,MEDIUM PASSENGER VEHICLE,2,4,0,2,1,3,2,0,2,52,0,1,69
2023,Odisha,KALAHANDI RTO - OR8( 23-OCT-2017 ),10,OTHER THAN MENTIONED ABOVE,7,12,6,5,7,1,2,4,0,4,2,1,51
2023,Odisha,KALAHANDI RTO - OR8( 23-OCT-2017 ),11,THREE WHEELER(T),31,46,37,30,26,35,23,24,26,48,38,23,387
2023,Odisha,KALAHANDI RTO - OR8( 23-OCT-2017 ),12,TWO WHEELER(NT),"2,106","2,987","2,596","1,732","1,499","1,119",979,818,"1,245","1,389","1,457","1,178","19,105"
2023,Odisha,KENDRAPARA RTO - OR29( 23-OCT-2017 ),1,HEAVY GOODS VEHICLE,16,24,18,7,19,17,16,13,29,23,22,68,272
2023,Odisha,KENDRAPARA RTO - OR29( 23-OCT-2017 ),2,HEAVY MOTOR VEHICLE,2,1,0,1,1,0,2,0,0,2,0,0,9
2023,Odisha,KENDRAPARA RTO - OR29( 23-OCT-2017 ),3,HEAVY PASSENGER VEHICLE,0,0,0,0,0,0,0,0,0,0,1,0,1
2023,Odisha,KENDRAPARA RTO - OR29( 23-OCT-2017 ),4,LIGHT GOODS VEHICLE,40,42,46,30,22,24,30,29,26,39,44,54,426
2023,Odisha,KENDRAPARA RTO - OR29( 23-OCT-2017 ),5,LIGHT MOTOR VEHICLE,31,33,45,26,52,58,65,69,26,31,41,41,518
2023,Odisha,KENDRAPARA RTO - OR29( 23-OCT-2017 ),6,LIGHT PASSENGER VEHICLE,5,2,1,2,8,5,2,7,7,8,4,1,52
2023,Odisha,KENDRAPARA RTO - OR29( 23-OCT-2017 ),7,MEDIUM GOODS VEHICLE,0,0,1,0,0,0,1,2,0,0,0,1,5
2023,Odisha,KENDRAPARA RTO - OR29( 23-OCT-2017 ),8,MEDIUM MOTOR VEHICLE,1,1,4,2,3,2,0,5,4,1,2,0,25
2023,Odisha,KENDRAPARA RTO - OR29( 23-OCT-2017 ),9,MEDIUM PASSENGER VEHICLE,1,0,0,1,0,0,2,0,1,0,0,0,5
2023,Odisha,KENDRAPARA RTO - OR29( 23-OCT-2017 ),10,OTHER THAN MENTIONED ABOVE,2,2,3,0,0,0,0,2,4,3,3,11,30
2023,Odisha,KENDRAPARA RTO - OR29( 23-OCT-2017 ),11,THREE WHEELER(T),40,43,47,38,41,48,44,52,56,66,64,63,602
2023,Odisha,KENDRAPARA RTO - OR29( 23-OCT-2017 ),12,TWO WHEELER(NT),"1,078",973,"1,195","1,036",935,"1,148",895,805,"1,041","1,658","1,672","1,160","13,596"
2023,Odisha,KEONJHAR RTO - OR9( 04-DEC-2017 ),1,HEAVY GOODS VEHICLE,59,40,99,63,65,62,64,75,53,79,85,100,844
2023,Odisha,KEONJHAR RTO - OR9( 04-DEC-2017 ),2,HEAVY MOTOR VEHICLE,0,0,0,2,1,0,2,0,0,1,2,1,9
2023,Odisha,KEONJHAR RTO - OR9( 04-DEC-2017 ),3,HEAVY PASSENGER VEHICLE,0,0,0,0,0,0,0,0,0,1,0,0,1
2023,Odisha,KEONJHAR RTO - OR9( 04-DEC-2017 ),4,LIGHT GOODS VEHICLE,32,48,53,35,34,24,37,48,40,46,62,59,518
2023,Odisha,KEONJHAR RTO - OR9( 04-DEC-2017 ),5,LIGHT MOTOR VEHICLE,63,86,86,102,101,129,170,101,85,105,113,136,"1,277"
2023,Odisha,KEONJHAR RTO - OR9( 04-DEC-2017 ),6,LIGHT PASSENGER VEHICLE,27,10,15,13,8,11,12,8,11,11,14,10,150
2023,Odisha,KEONJHAR RTO - OR9( 04-DEC-2017 ),7,MEDIUM GOODS VEHICLE,2,0,0,0,0,0,2,2,0,1,1,1,9
2023,Odisha,KEONJHAR RTO - OR9( 04-DEC-2017 ),8,MEDIUM MOTOR VEHICLE,2,1,0,0,1,3,0,0,3,1,2,0,13
2023,Odisha,KEONJHAR RTO - OR9( 04-DEC-2017 ),9,MEDIUM PASSENGER VEHICLE,4,3,5,0,1,4,3,1,2,2,0,1,26
2023,Odisha,KEONJHAR RTO - OR9( 04-DEC-2017 ),10,OTHER THAN MENTIONED ABOVE,2,9,2,16,5,3,2,5,1,2,8,5,60
2023,Odisha,KEONJHAR RTO - OR9( 04-DEC-2017 ),11,THREE WHEELER(T),65,75,73,45,63,54,62,66,83,125,111,85,907
2023,Odisha,KEONJHAR RTO - OR9( 04-DEC-2017 ),12,TWO WHEELER(NT),"1,479","1,180","1,319","1,151","1,293","1,326","1,101","1,041","1,582","2,270","1,734","1,410","16,886"
2023,Odisha,KHORDHA ARTO - OR201( 20-JAN-2018 ),1,HEAVY GOODS VEHICLE,21,10,18,24,14,7,16,9,10,19,15,15,178
2023,Odisha,KHORDHA ARTO - OR201( 20-JAN-2018 ),2,HEAVY MOTOR VEHICLE,0,1,0,0,0,3,0,0,0,2,0,2,8
2023,Odisha,KHORDHA ARTO - OR201( 20-JAN-2018 ),3,HEAVY PASSENGER VEHICLE,0,0,0,0,0,0,0,0,3,0,0,0,3
2023,Odisha,KHORDHA ARTO - OR201( 20-JAN-2018 ),4,LIGHT GOODS VEHICLE,16,18,24,17,22,19,17,17,19,18,32,19,238
2023,Odisha,KHORDHA ARTO - OR201( 20-JAN-2018 ),5,LIGHT MOTOR VEHICLE,48,32,35,56,57,42,60,39,51,60,42,39,561
2023,Odisha,KHORDHA ARTO - OR201( 20-JAN-2018 ),6,LIGHT PASSENGER VEHICLE,8,4,5,3,3,2,7,5,4,7,10,6,64
2023,Odisha,KHORDHA ARTO - OR201( 20-JAN-2018 ),7,MEDIUM GOODS VEHICLE,1,2,0,0,0,0,0,0,1,1,0,1,6
2023,Odisha,KHORDHA ARTO - OR201( 20-JAN-2018 ),8,MEDIUM MOTOR VEHICLE,0,1,3,0,0,1,0,0,0,1,1,0,7
2023,Odisha,KHORDHA ARTO - OR201( 20-JAN-2018 ),9,MEDIUM PASSENGER VEHICLE,1,1,1,6,0,0,0,2,2,4,4,0,21
2023,Odisha,KHORDHA ARTO - OR201( 20-JAN-2018 ),10,OTHER THAN MENTIONED ABOVE,0,3,4,1,1,0,3,2,0,0,1,0,15
2023,Odisha,KHORDHA ARTO - OR201( 20-JAN-2018 ),11,THREE WHEELER(T),21,18,32,16,17,9,24,38,60,46,73,17,371
2023,Odisha,KHORDHA ARTO - OR201( 20-JAN-2018 ),12,TWO WHEELER(NT),303,265,322,276,316,289,290,258,323,526,357,302,"3,827"
2023,Odisha,KORAPUT RTO - OR10( 25-DEC-2017 ),1,HEAVY GOODS VEHICLE,56,20,62,31,41,30,19,15,13,26,31,14,358
2023,Odisha,KORAPUT RTO - OR10( 25-DEC-2017 ),2,HEAVY MOTOR VEHICLE,0,0,3,3,0,0,0,1,0,0,0,0,7
2023,Odisha,KORAPUT RTO - OR10( 25-DEC-2017 ),3,HEAVY PASSENGER VEHICLE,4,0,0,0,0,3,0,1,0,0,0,1,9
2023,Odisha,KORAPUT RTO - OR10( 25-DEC-2017 ),4,LIGHT GOODS VEHICLE,61,52,44,45,54,29,46,51,53,86,90,59,670
2023,Odisha,KORAPUT RTO - OR10( 25-DEC-2017 ),5,LIGHT MOTOR VEHICLE,180,137,116,125,145,142,133,106,117,190,163,179,"1,733"
2023,Odisha,KORAPUT RTO - OR10( 25-DEC-2017 ),6,LIGHT PASSENGER VEHICLE,10,7,14,9,9,5,13,15,5,4,5,9,105
2023,Odisha,KORAPUT RTO - OR10( 25-DEC-2017 ),7,MEDIUM GOODS VEHICLE,2,1,1,0,3,0,0,1,0,0,0,0,8
2023,Odisha,KORAPUT RTO - OR10( 25-DEC-2017 ),8,MEDIUM MOTOR VEHICLE,0,2,2,4,1,0,0,4,1,1,0,0,15
2023,Odisha,KORAPUT RTO - OR10( 25-DEC-2017 ),9,MEDIUM PASSENGER VEHICLE,1,1,1,2,2,4,1,0,0,6,4,40,62
2023,Odisha,KORAPUT RTO - OR10( 25-DEC-2017 ),10,OTHER THAN MENTIONED ABOVE,2,3,8,8,4,2,6,6,1,3,0,3,46
2023,Odisha,KORAPUT RTO - OR10( 25-DEC-2017 ),11,THREE WHEELER(NT),0,0,0,0,0,0,0,0,2,0,0,0,2
2023,Odisha,KORAPUT RTO - OR10( 25-DEC-2017 ),12,THREE WHEELER(T),17,17,19,43,37,22,27,33,30,44,46,34,369
2023,Odisha,KORAPUT RTO - OR10( 25-DEC-2017 ),13,TWO WHEELER(NT),"1,705","1,682","1,428","1,361","1,192","1,121","1,105","1,110","1,235","2,433","1,991","1,488","17,851"
2023,Odisha,MALKANAGIRI RTO - OR30( 25-DEC-2017 ),1,HEAVY GOODS VEHICLE,3,5,5,10,5,6,0,1,0,1,7,10,53
2023,Odisha,MALKANAGIRI RTO - OR30( 25-DEC-2017 ),2,HEAVY MOTOR VEHICLE,0,0,0,0,1,0,0,0,0,0,0,0,1
2023,Odisha,MALKANAGIRI RTO - OR30( 25-DEC-2017 ),3,LIGHT GOODS VEHICLE,22,15,19,18,17,15,18,13,24,24,24,27,236
2023,Odisha,MALKANAGIRI RTO - OR30( 25-DEC-2017 ),4,LIGHT MOTOR VEHICLE,48,40,44,51,94,62,79,77,61,69,60,46,731
2023,Odisha,MALKANAGIRI RTO - OR30( 25-DEC-2017 ),5,LIGHT PASSENGER VEHICLE,1,1,6,1,1,4,5,2,2,4,3,5,35
2023,Odisha,MALKANAGIRI RTO - OR30( 25-DEC-2017 ),6,MEDIUM GOODS VEHICLE,0,0,0,0,0,0,0,0,0,0,1,0,1
2023,Odisha,MALKANAGIRI RTO - OR30( 25-DEC-2017 ),7,MEDIUM MOTOR VEHICLE,0,0,2,0,0,0,0,0,0,0,0,1,3
2023,Odisha,MALKANAGIRI RTO - OR30( 25-DEC-2017 ),8,MEDIUM PASSENGER VEHICLE,0,0,0,1,0,0,1,0,36,0,0,0,38
2023,Odisha,MALKANAGIRI RTO - OR30( 25-DEC-2017 ),9,OTHER THAN MENTIONED ABOVE,0,1,2,1,0,0,0,0,0,0,2,6,12
2023,Odisha,MALKANAGIRI RTO - OR30( 25-DEC-2017 ),10,THREE WHEELER(T),13,22,19,32,31,21,26,14,25,23,29,14,269
2023,Odisha,MALKANAGIRI RTO - OR30( 25-DEC-2017 ),11,TWO WHEELER(NT),610,642,576,417,548,495,409,337,423,754,644,585,"6,440"
2023,Odisha,MAYURBHANJ RTO - OR11( 08-NOV-2017 ),1,HEAVY GOODS VEHICLE,6,11,7,11,10,11,4,9,13,10,18,22,132
2023,Odisha,MAYURBHANJ RTO - OR11( 08-NOV-2017 ),2,HEAVY PASSENGER VEHICLE,0,1,1,0,0,1,0,0,1,3,1,1,9
2023,Odisha,MAYURBHANJ RTO - OR11( 08-NOV-2017 ),3,LIGHT GOODS VEHICLE,27,47,48,44,32,34,22,21,39,31,44,33,422
2023,Odisha,MAYURBHANJ RTO - OR11( 08-NOV-2017 ),4,LIGHT MOTOR VEHICLE,122,99,135,115,153,131,179,174,133,206,144,188,"1,779"
2023,Odisha,MAYURBHANJ RTO - OR11( 08-NOV-2017 ),5,LIGHT PASSENGER VEHICLE,9,7,13,7,5,6,7,7,9,4,8,13,95
2023,Odisha,MAYURBHANJ RTO - OR11( 08-NOV-2017 ),6,MEDIUM GOODS VEHICLE,1,0,0,5,0,0,3,1,1,2,3,0,16
2023,Odisha,MAYURBHANJ RTO - OR11( 08-NOV-2017 ),7,MEDIUM MOTOR VEHICLE,0,0,0,1,0,0,0,0,0,0,1,2,4
2023,Odisha,MAYURBHANJ RTO - OR11( 08-NOV-2017 ),8,MEDIUM PASSENGER VEHICLE,1,0,0,0,2,0,1,1,3,0,0,1,9
2023,Odisha,MAYURBHANJ RTO - OR11( 08-NOV-2017 ),9,OTHER THAN MENTIONED ABOVE,4,7,4,7,5,1,7,2,6,6,3,4,56
2023,Odisha,MAYURBHANJ RTO - OR11( 08-NOV-2017 ),10,THREE WHEELER(T),24,31,37,32,42,37,40,44,46,63,68,65,529
2023,Odisha,MAYURBHANJ RTO - OR11( 08-NOV-2017 ),11,TWO WHEELER(NT),"1,919","1,323","1,394","1,251","1,243","1,359","1,038","1,035","1,527","2,320","1,899","1,298","17,606"
2023,Odisha,NAWARANGPUR RTO - OR24( 07-NOV-2017 ),1,HEAVY GOODS VEHICLE,19,4,5,7,2,15,3,6,3,3,7,7,81
2023,Odisha,NAWARANGPUR RTO - OR24( 07-NOV-2017 ),2,HEAVY MOTOR VEHICLE,0,0,0,0,0,0,0,1,0,0,0,0,1
2023,Odisha,NAWARANGPUR RTO - OR24( 07-NOV-2017 ),3,HEAVY PASSENGER VEHICLE,1,0,0,0,0,0,0,0,0,0,0,0,1
2023,Odisha,NAWARANGPUR RTO - OR24( 07-NOV-2017 ),4,LIGHT GOODS VEHICLE,71,59,48,43,40,34,54,45,42,48,60,47,591
2023,Odisha,NAWARANGPUR RTO - OR24( 07-NOV-2017 ),5,LIGHT MOTOR VEHICLE,120,111,129,109,109,131,142,98,95,121,161,141,"1,467"
2023,Odisha,NAWARANGPUR RTO - OR24( 07-NOV-2017 ),6,LIGHT PASSENGER VEHICLE,6,1,6,3,3,4,5,4,9,5,7,6,59
2023,Odisha,NAWARANGPUR RTO - OR24( 07-NOV-2017 ),7,MEDIUM GOODS VEHICLE,0,0,0,0,0,0,0,0,2,0,0,0,2
2023,Odisha,NAWARANGPUR RTO - OR24( 07-NOV-2017 ),8,MEDIUM MOTOR VEHICLE,1,1,0,0,0,1,0,1,0,0,0,3,7
2023,Odisha,NAWARANGPUR RTO - OR24( 07-NOV-2017 ),9,MEDIUM PASSENGER VEHICLE,0,1,1,2,0,3,1,0,2,2,41,0,53
2023,Odisha,NAWARANGPUR RTO - OR24( 07-NOV-2017 ),10,OTHER THAN MENTIONED ABOVE,2,6,1,2,2,0,1,1,2,0,2,4,23
2023,Odisha,NAWARANGPUR RTO - OR24( 07-NOV-2017 ),11,THREE WHEELER(T),12,16,28,31,29,14,26,13,34,35,45,48,331
2023,Odisha,NAWARANGPUR RTO - OR24( 07-NOV-2017 ),12,TWO WHEELER(NT),"1,212","1,107",987,703,652,627,534,525,532,"1,096","1,107","1,138","10,220"
2023,Odisha,NAYAGARH RTO - OR25( 25-DEC-2017 ),1,HEAVY GOODS VEHICLE,1,2,3,0,1,1,0,3,4,1,3,10,29
2023,Odisha,NAYAGARH RTO - OR25( 25-DEC-2017 ),2,HEAVY MOTOR VEHICLE,0,0,0,1,0,0,0,0,0,0,1,0,2
2023,Odisha,NAYAGARH RTO - OR25( 25-DEC-2017 ),3,HEAVY PASSENGER VEHICLE,0,0,0,0,0,0,0,0,0,0,0,3,3
2023,Odisha,NAYAGARH RTO - OR25( 25-DEC-2017 ),4,LIGHT GOODS VEHICLE,5,13,9,7,9,6,7,16,12,17,17,6,124
2023,Odisha,NAYAGARH RTO - OR25( 25-DEC-2017 ),5,LIGHT MOTOR VEHICLE,13,15,22,23,28,23,46,38,13,31,38,43,333
2023,Odisha,NAYAGARH RTO - OR25( 25-DEC-2017 ),6,LIGHT PASSENGER VEHICLE,1,0,4,1,2,1,1,2,0,1,1,1,15
2023,Odisha,NAYAGARH RTO - OR25( 25-DEC-2017 ),7,MEDIUM MOTOR VEHICLE,0,0,0,0,0,0,0,0,1,1,1,0,3
2023,Odisha,NAYAGARH RTO - OR25( 25-DEC-2017 ),8,MEDIUM PASSENGER VEHICLE,1,0,0,0,0,0,0,0,0,2,2,0,5
2023,Odisha,NAYAGARH RTO - OR25( 25-DEC-2017 ),9,OTHER THAN MENTIONED ABOVE,0,1,1,1,0,1,1,0,1,0,0,2,8
2023,Odisha,NAYAGARH RTO - OR25( 25-DEC-2017 ),10,THREE WHEELER(T),25,20,31,25,24,28,25,35,27,57,47,27,371
2023,Odisha,NAYAGARH RTO - OR25( 25-DEC-2017 ),11,TWO WHEELER(NT),"1,056",912,"1,177",915,868,855,760,676,921,"1,406","1,892","1,107","12,545"
2023,Odisha,NAYAGARH RTO - OR25( 25-DEC-2017 ),12,TWO WHEELER(T),0,0,0,0,0,0,0,1,0,0,1,0,2
2023,Odisha,NUAPADA RTO - OR26( 06-NOV-2017 ),1,HEAVY GOODS VEHICLE,2,1,6,0,1,0,0,0,4,3,7,5,29
2023,Odisha,NUAPADA RTO - OR26( 06-NOV-2017 ),2,HEAVY PASSENGER VEHICLE,0,0,0,1,0,0,1,0,0,0,0,0,2
2023,Odisha,NUAPADA RTO - OR26( 06-NOV-2017 ),3,LIGHT GOODS VEHICLE,13,13,12,10,9,10,7,5,7,14,20,25,145
2023,Odisha,NUAPADA RTO - OR26( 06-NOV-2017 ),4,LIGHT MOTOR VEHICLE,47,40,47,41,44,64,64,48,58,78,81,71,683
2023,Odisha,NUAPADA RTO - OR26( 06-NOV-2017 ),5,LIGHT PASSENGER VEHICLE,1,3,3,0,2,2,7,2,1,6,6,0,33
2023,Odisha,NUAPADA RTO - OR26( 06-NOV-2017 ),6,MEDIUM GOODS VEHICLE,0,1,1,0,0,0,0,0,0,0,1,0,3
2023,Odisha,NUAPADA RTO - OR26( 06-NOV-2017 ),7,MEDIUM MOTOR VEHICLE,0,0,0,0,0,0,0,0,0,0,1,2,3
2023,Odisha,NUAPADA RTO - OR26( 06-NOV-2017 ),8,MEDIUM PASSENGER VEHICLE,0,2,1,0,0,1,0,1,1,0,0,0,6
2023,Odisha,NUAPADA RTO - OR26( 06-NOV-2017 ),9,OTHER THAN MENTIONED ABOVE,0,0,0,0,1,4,1,1,0,0,4,1,12
2023,Odisha,NUAPADA RTO - OR26( 06-NOV-2017 ),10,THREE WHEELER(T),0,2,2,2,0,2,0,0,2,0,0,0,10
2023,Odisha,NUAPADA RTO - OR26( 06-NOV-2017 ),11,TWO WHEELER(NT),589,730,685,510,476,328,270,237,323,491,478,460,"5,577"
2023,Odisha,PHULBANI RTO - OR12( 23-OCT-2017 ),1,HEAVY GOODS VEHICLE,3,1,1,2,2,2,1,6,2,1,3,2,26
2023,Odisha,PHULBANI RTO - OR12( 23-OCT-2017 ),2,HEAVY PASSENGER VEHICLE,0,0,1,0,0,0,0,0,1,0,0,0,2
2023,Odisha,PHULBANI RTO - OR12( 23-OCT-2017 ),3,LIGHT GOODS VEHICLE,3,13,11,7,13,7,13,10,17,10,9,10,123
2023,Odisha,PHULBANI RTO - OR12( 23-OCT-2017 ),4,LIGHT MOTOR VEHICLE,11,16,13,11,23,14,22,16,23,28,20,27,224
2023,Odisha,PHULBANI RTO - OR12( 23-OCT-2017 ),5,LIGHT PASSENGER VEHICLE,2,1,3,0,5,1,1,1,3,8,0,0,25
2023,Odisha,PHULBANI RTO - OR12( 23-OCT-2017 ),6,MEDIUM GOODS VEHICLE,0,0,0,0,1,0,0,0,0,0,0,0,1
2023,Odisha,PHULBANI RTO - OR12( 23-OCT-2017 ),7,MEDIUM MOTOR VEHICLE,0,1,4,1,5,0,4,9,0,3,2,4,33
2023,Odisha,PHULBANI RTO - OR12( 23-OCT-2017 ),8,MEDIUM PASSENGER VEHICLE,1,0,0,0,1,0,2,1,1,0,1,0,7
2023,Odisha,PHULBANI RTO - OR12( 23-OCT-2017 ),9,OTHER THAN MENTIONED ABOVE,0,0,0,1,0,1,0,0,1,2,0,0,5
2023,Odisha,PHULBANI RTO - OR12( 23-OCT-2017 ),10,THREE WHEELER(T),21,17,19,29,20,33,31,29,43,63,68,46,419
2023,Odisha,PHULBANI RTO - OR12( 23-OCT-2017 ),11,TWO WHEELER(NT),449,476,494,591,651,544,425,443,518,985,690,647,"6,913"
2023,Odisha,PURI RTO - OR13( 25-DEC-2017 ),1,HEAVY GOODS VEHICLE,3,1,3,2,2,1,1,1,1,2,5,1,23
2023,Odisha,PURI RTO - OR13( 25-DEC-2017 ),2,HEAVY PASSENGER VEHICLE,0,1,0,0,0,0,0,0,0,0,1,0,2
2023,Odisha,PURI RTO - OR13( 25-DEC-2017 ),3,LIGHT GOODS VEHICLE,24,22,25,25,12,15,25,9,12,13,21,18,221
2023,Odisha,PURI RTO - OR13( 25-DEC-2017 ),4,LIGHT MOTOR VEHICLE,75,61,56,57,75,63,85,110,61,82,90,120,935
2023,Odisha,PURI RTO - OR13( 25-DEC-2017 ),5,LIGHT PASSENGER VEHICLE,10,6,14,7,2,9,7,16,14,28,8,18,139
2023,Odisha,PURI RTO - OR13( 25-DEC-2017 ),6,MEDIUM GOODS VEHICLE,0,0,0,0,0,0,0,0,0,0,1,0,1
2023,Odisha,PURI RTO - OR13( 25-DEC-2017 ),7,MEDIUM MOTOR VEHICLE,0,0,0,1,0,1,0,1,0,0,0,1,4
2023,Odisha,PURI RTO - OR13( 25-DEC-2017 ),8,MEDIUM PASSENGER VEHICLE,4,0,7,5,1,2,3,4,3,4,4,4,41
2023,Odisha,PURI RTO - OR13( 25-DEC-2017 ),9,OTHER THAN MENTIONED ABOVE,1,2,0,0,0,0,1,0,1,1,0,1,7
2023,Odisha,PURI RTO - OR13( 25-DEC-2017 ),10,THREE WHEELER(T),104,95,143,119,211,226,188,191,181,245,182,159,"2,044"
2023,Odisha,PURI RTO - OR13( 25-DEC-2017 ),11,TWO WHEELER(NT),"1,273","1,147","1,451","1,228","1,356","1,244","1,362","1,207","1,409","2,072","2,272","1,504","17,525"
2023,Odisha,PURI RTO - OR13( 25-DEC-2017 ),12,TWO WHEELER(T),0,0,0,1,0,0,0,0,0,0,0,0,1
2023,Odisha,RAIRANGPUR ARTO - OR111( 08-NOV-2017 ),1,HEAVY GOODS VEHICLE,13,3,4,28,5,4,1,3,3,2,8,2,76
2023,Odisha,RAIRANGPUR ARTO - OR111( 08-NOV-2017 ),2,HEAVY PASSENGER VEHICLE,0,0,0,0,2,1,0,0,0,0,1,0,4
2023,Odisha,RAIRANGPUR ARTO - OR111( 08-NOV-2017 ),3,LIGHT GOODS VEHICLE,19,22,16,23,16,20,19,18,18,25,18,30,244
2023,Odisha,RAIRANGPUR ARTO - OR111( 08-NOV-2017 ),4,LIGHT MOTOR VEHICLE,27,39,43,44,57,49,28,61,34,53,56,57,548
2023,Odisha,RAIRANGPUR ARTO - OR111( 08-NOV-2017 ),5,LIGHT PASSENGER VEHICLE,6,4,7,1,7,7,2,8,4,6,2,7,61
2023,Odisha,RAIRANGPUR ARTO - OR111( 08-NOV-2017 ),6,MEDIUM PASSENGER VEHICLE,2,0,1,1,0,2,2,0,0,0,1,1,10
2023,Odisha,RAIRANGPUR ARTO - OR111( 08-NOV-2017 ),7,OTHER THAN MENTIONED ABOVE,1,0,6,0,1,0,2,2,1,1,1,0,15
2023,Odisha,RAIRANGPUR ARTO - OR111( 08-NOV-2017 ),8,THREE WHEELER(T),17,13,17,13,11,15,6,8,11,12,18,11,152
2023,Odisha,RAIRANGPUR ARTO - OR111( 08-NOV-2017 ),9,TWO WHEELER(NT),725,469,463,407,453,541,387,375,459,699,679,496,"6,153"
2023,Odisha,RAYGADA RTO - OR18( 25-DEC-2017 ),1,HEAVY GOODS VEHICLE,28,30,15,10,13,12,6,7,11,9,10,8,159
2023,Odisha,RAYGADA RTO - OR18( 25-DEC-2017 ),2,HEAVY MOTOR VEHICLE,0,1,0,0,0,1,0,0,0,0,1,1,4
2023,Odisha,RAYGADA RTO - OR18( 25-DEC-2017 ),3,HEAVY PASSENGER VEHICLE,0,0,0,0,0,0,2,1,0,4,2,2,11
2023,Odisha,RAYGADA RTO - OR18( 25-DEC-2017 ),4,LIGHT GOODS VEHICLE,31,37,38,48,28,21,26,32,21,42,42,32,398
2023,Odisha,RAYGADA RTO - OR18( 25-DEC-2017 ),5,LIGHT MOTOR VEHICLE,50,53,70,54,90,72,74,75,71,93,75,84,861
2023,Odisha,RAYGADA RTO - OR18( 25-DEC-2017 ),6,LIGHT PASSENGER VEHICLE,12,8,7,8,7,7,11,11,5,10,8,9,103
2023,Odisha,RAYGADA RTO - OR18( 25-DEC-2017 ),7,MEDIUM GOODS VEHICLE,0,0,0,0,0,3,0,0,0,0,0,2,5
2023,Odisha,RAYGADA RTO - OR18( 25-DEC-2017 ),8,MEDIUM MOTOR VEHICLE,0,0,1,0,3,0,0,0,0,0,1,0,5
2023,Odisha,RAYGADA RTO - OR18( 25-DEC-2017 ),9,MEDIUM PASSENGER VEHICLE,0,1,0,0,0,2,1,2,0,1,43,0,50
2023,Odisha,RAYGADA RTO - OR18( 25-DEC-2017 ),10,OTHER THAN MENTIONED ABOVE,4,4,6,4,2,5,2,3,2,4,4,7,47
2023,Odisha,RAYGADA RTO - OR18( 25-DEC-2017 ),11,THREE WHEELER(NT),0,0,0,0,0,0,0,0,0,1,0,0,1
2023,Odisha,RAYGADA RTO - OR18( 25-DEC-2017 ),12,THREE WHEELER(T),10,10,12,8,21,10,14,6,5,16,14,26,152
2023,Odisha,RAYGADA RTO - OR18( 25-DEC-2017 ),13,TWO WHEELER(NT),776,"1,077","1,064",867,"1,215",834,680,582,633,"1,365",942,751,"10,786"
2023,Odisha,ROURKELA RTO - OR14( 25-DEC-2017 ),1,HEAVY GOODS VEHICLE,79,84,93,111,125,60,83,89,89,100,131,145,"1,189"
2023,Odisha,ROURKELA RTO - OR14( 25-DEC-2017 ),2,HEAVY MOTOR VEHICLE,2,5,1,2,7,2,4,4,5,7,2,5,46
2023,Odisha,ROURKELA RTO - OR14( 25-DEC-2017 ),3,HEAVY PASSENGER VEHICLE,3,0,10,2,0,0,0,0,0,0,0,0,15
2023,Odisha,ROURKELA RTO - OR14( 25-DEC-2017 ),4,LIGHT GOODS VEHICLE,58,81,90,53,56,49,37,42,57,54,80,75,732
2023,Odisha,ROURKELA RTO - OR14( 25-DEC-2017 ),5,LIGHT MOTOR VEHICLE,267,255,370,236,306,327,288,295,302,379,352,401,"3,778"
2023,Odisha,ROURKELA RTO - OR14( 25-DEC-2017 ),6,LIGHT PASSENGER VEHICLE,17,15,15,16,14,17,20,14,20,17,25,19,209
2023,Odisha,ROURKELA RTO - OR14( 25-DEC-2017 ),7,MEDIUM GOODS VEHICLE,3,1,2,2,1,2,0,0,0,3,0,0,14
2023,Odisha,ROURKELA RTO - OR14( 25-DEC-2017 ),8,MEDIUM MOTOR VEHICLE,4,4,3,1,7,4,2,4,10,3,5,21,68
2023,Odisha,ROURKELA RTO - OR14( 25-DEC-2017 ),9,MEDIUM PASSENGER VEHICLE,14,19,34,26,3,2,2,4,1,3,2,3,113
2023,Odisha,ROURKELA RTO - OR14( 25-DEC-2017 ),10,OTHER THAN MENTIONED ABOVE,11,6,5,10,10,3,13,18,2,6,6,3,93
2023,Odisha,ROURKELA RTO - OR14( 25-DEC-2017 ),11,THREE WHEELER(T),36,34,48,26,33,31,40,34,45,44,61,62,494
2023,Odisha,ROURKELA RTO - OR14( 25-DEC-2017 ),12,TWO WHEELER(NT),"1,575","1,333","1,594","1,317","1,458","1,390","1,295","1,463","1,724","2,148","2,636","1,913","19,846"
2023,Odisha,SAMBALPUR RTO - OR15( 04-DEC-2017 ),1,HEAVY GOODS VEHICLE,92,68,71,65,111,60,44,41,58,61,58,56,785
2023,Odisha,SAMBALPUR RTO - OR15( 04-DEC-2017 ),2,HEAVY MOTOR VEHICLE,0,1,1,1,4,2,1,0,0,0,2,3,15
2023,Odisha,SAMBALPUR RTO - OR15( 04-DEC-2017 ),3,HEAVY PASSENGER VEHICLE,0,0,0,0,0,0,0,0,1,0,0,0,1
2023,Odisha,SAMBALPUR RTO - OR15( 04-DEC-2017 ),4,LIGHT GOODS VEHICLE,52,43,33,44,56,27,41,31,39,45,50,71,532
2023,Odisha,SAMBALPUR RTO - OR15( 04-DEC-2017 ),5,LIGHT MOTOR VEHICLE,288,258,306,204,256,299,316,272,281,337,350,312,"3,479"
2023,Odisha,SAMBALPUR RTO - OR15( 04-DEC-2017 ),6,LIGHT PASSENGER VEHICLE,32,36,37,20,27,24,31,37,28,42,44,32,390
2023,Odisha,SAMBALPUR RTO - OR15( 04-DEC-2017 ),7,MEDIUM GOODS VEHICLE,2,3,2,4,2,1,1,0,0,2,2,4,23
2023,Odisha,SAMBALPUR RTO - OR15( 04-DEC-2017 ),8,MEDIUM MOTOR VEHICLE,18,13,7,7,16,7,12,22,17,24,20,25,188
2023,Odisha,SAMBALPUR RTO - OR15( 04-DEC-2017 ),9,MEDIUM PASSENGER VEHICLE,3,2,7,3,3,6,7,1,5,3,3,1,44
2023,Odisha,SAMBALPUR RTO - OR15( 04-DEC-2017 ),10,OTHER THAN MENTIONED ABOVE,4,3,2,7,0,2,3,1,0,0,2,1,25
2023,Odisha,SAMBALPUR RTO - OR15( 04-DEC-2017 ),11,THREE WHEELER(T),37,40,56,40,46,57,81,62,103,82,146,89,839
2023,Odisha,SAMBALPUR RTO - OR15( 04-DEC-2017 ),12,TWO WHEELER(NT),"1,452","1,535","1,467","1,124","1,284","1,333","1,117","1,162","1,335","1,918","1,906","1,404","17,037"
2023,Odisha,SONEPUR RTO - OR31( 08-NOV-2017 ),1,HEAVY GOODS VEHICLE,0,5,4,1,0,0,11,2,2,4,4,10,43
2023,Odisha,SONEPUR RTO - OR31( 08-NOV-2017 ),2,HEAVY MOTOR VEHICLE,0,0,0,0,1,0,0,0,0,0,0,0,1
2023,Odisha,SONEPUR RTO - OR31( 08-NOV-2017 ),3,HEAVY PASSENGER VEHICLE,0,0,1,0,0,0,0,0,0,0,2,0,3
2023,Odisha,SONEPUR RTO - OR31( 08-NOV-2017 ),4,LIGHT GOODS VEHICLE,17,13,6,14,18,7,11,6,12,17,14,22,157
2023,Odisha,SONEPUR RTO - OR31( 08-NOV-2017 ),5,LIGHT MOTOR VEHICLE,45,74,81,50,47,75,81,84,60,66,83,131,877
2023,Odisha,SONEPUR RTO - OR31( 08-NOV-2017 ),6,LIGHT PASSENGER VEHICLE,6,4,5,6,2,5,10,7,6,2,3,1,57
2023,Odisha,SONEPUR RTO - OR31( 08-NOV-2017 ),7,MEDIUM MOTOR VEHICLE,3,2,2,0,2,2,0,1,1,0,3,2,18
2023,Odisha,SONEPUR RTO - OR31( 08-NOV-2017 ),8,MEDIUM PASSENGER VEHICLE,1,2,0,1,1,0,0,0,0,0,0,0,5
2023,Odisha,SONEPUR RTO - OR31( 08-NOV-2017 ),9,OTHER THAN MENTIONED ABOVE,0,2,2,0,3,1,0,2,1,0,0,0,11
2023,Odisha,SONEPUR RTO - OR31( 08-NOV-2017 ),10,THREE WHEELER(T),6,8,11,2,5,4,5,6,5,3,10,6,71
2023,Odisha,SONEPUR RTO - OR31( 08-NOV-2017 ),11,TWO WHEELER(NT),853,"1,538","1,176",808,686,659,433,484,588,769,686,606,"9,286"
2023,Odisha,SUNDERGARH RTO - OR16( 08-NOV-2017 ),1,HEAVY GOODS VEHICLE,183,154,132,148,143,223,141,113,88,85,93,139,"1,642"
2023,Odisha,SUNDERGARH RTO - OR16( 08-NOV-2017 ),2,HEAVY MOTOR VEHICLE,0,0,1,0,7,0,2,4,4,0,3,0,21
2023,Odisha,SUNDERGARH RTO - OR16( 08-NOV-2017 ),3,HEAVY PASSENGER VEHICLE,0,0,0,0,0,1,0,0,4,0,0,0,5
2023,Odisha,SUNDERGARH RTO - OR16( 08-NOV-2017 ),4,LIGHT GOODS VEHICLE,39,37,43,24,32,36,42,41,26,31,35,44,430
2023,Odisha,SUNDERGARH RTO - OR16( 08-NOV-2017 ),5,LIGHT MOTOR VEHICLE,72,96,109,77,121,115,118,102,112,147,143,138,"1,350"
2023,Odisha,SUNDERGARH RTO - OR16( 08-NOV-2017 ),6,LIGHT PASSENGER VEHICLE,11,13,20,13,14,11,16,31,23,17,17,13,199
2023,Odisha,SUNDERGARH RTO - OR16( 08-NOV-2017 ),7,MEDIUM GOODS VEHICLE,0,0,0,0,1,1,0,0,1,0,0,0,3
2023,Odisha,SUNDERGARH RTO - OR16( 08-NOV-2017 ),8,MEDIUM MOTOR VEHICLE,2,0,1,0,6,3,1,2,3,1,6,3,28
2023,Odisha,SUNDERGARH RTO - OR16( 08-NOV-2017 ),9,MEDIUM PASSENGER VEHICLE,3,3,6,1,1,2,5,1,4,0,0,2,28
2023,Odisha,SUNDERGARH RTO - OR16( 08-NOV-2017 ),10,OTHER THAN MENTIONED ABOVE,1,0,0,0,2,2,1,1,0,0,0,0,7
2023,Odisha,SUNDERGARH RTO - OR16( 08-NOV-2017 ),11,THREE WHEELER(T),9,7,7,5,6,6,11,9,11,13,19,10,113
2023,Odisha,SUNDERGARH RTO - OR16( 08-NOV-2017 ),12,TWO WHEELER(NT),653,541,662,523,594,709,485,511,821,"1,011","1,105",765,"8,380"
2023,Odisha,TALCHER RTO - OR35( 25-DEC-2017 ),1,HEAVY GOODS VEHICLE,183,140,180,192,198,114,91,81,117,163,180,100,"1,739"
2023,Odisha,TALCHER RTO - OR35( 25-DEC-2017 ),2,HEAVY MOTOR VEHICLE,1,2,8,3,2,0,1,1,0,1,0,0,19
2023,Odisha,TALCHER RTO - OR35( 25-DEC-2017 ),3,HEAVY PASSENGER VEHICLE,0,0,0,1,0,0,0,0,0,0,0,0,1
2023,Odisha,TALCHER RTO - OR35( 25-DEC-2017 ),4,LIGHT GOODS VEHICLE,24,24,18,32,12,14,16,16,16,25,25,19,241
2023,Odisha,TALCHER RTO - OR35( 25-DEC-2017 ),5,LIGHT MOTOR VEHICLE,27,32,18,39,25,21,38,37,34,31,28,30,360
2023,Odisha,TALCHER RTO - OR35( 25-DEC-2017 ),6,LIGHT PASSENGER VEHICLE,4,2,6,3,1,2,4,4,4,3,6,4,43
2023,Odisha,TALCHER RTO - OR35( 25-DEC-2017 ),7,MEDIUM GOODS VEHICLE,1,0,2,1,1,0,0,0,2,0,3,1,11
2023,Odisha,TALCHER RTO - OR35( 25-DEC-2017 ),8,MEDIUM MOTOR VEHICLE,1,0,8,1,0,0,1,0,1,0,0,0,12
2023,Odisha,TALCHER RTO - OR35( 25-DEC-2017 ),9,MEDIUM PASSENGER VEHICLE,2,0,0,0,0,1,3,1,1,2,2,1,13
2023,Odisha,TALCHER RTO - OR35( 25-DEC-2017 ),10,OTHER THAN MENTIONED ABOVE,10,1,5,16,7,9,9,15,2,2,13,16,105
2023,Odisha,TALCHER RTO - OR35( 25-DEC-2017 ),11,THREE WHEELER(T),6,3,10,4,5,2,7,7,2,5,5,3,59
2023,Odisha,TALCHER RTO - OR35( 25-DEC-2017 ),12,TWO WHEELER(NT),504,407,462,383,372,432,397,421,555,"1,006",769,498,"6,206"
2022,Odisha,ANGUL RTO - OR19( 25-DEC-2017 ),1,HEAVY GOODS VEHICLE,11,18,37,17,49,41,26,23,24,45,92,84,467
2022,Odisha,ANGUL RTO - OR19( 25-DEC-2017 ),2,HEAVY MOTOR VEHICLE,9,7,5,5,9,3,8,7,7,7,6,2,75
2022,Odisha,ANGUL RTO - OR19( 25-DEC-2017 ),3,HEAVY PASSENGER VEHICLE,1,1,0,0,3,0,2,1,0,13,1,0,22
2022,Odisha,ANGUL RTO - OR19( 25-DEC-2017 ),4,LIGHT GOODS VEHICLE,48,39,44,72,49,58,52,69,41,60,52,52,636
2022,Odisha,ANGUL RTO - OR19( 25-DEC-2017 ),5,LIGHT MOTOR VEHICLE,168,90,137,123,108,104,94,136,100,124,131,127,"1,442"
2022,Odisha,ANGUL RTO - OR19( 25-DEC-2017 ),6,LIGHT PASSENGER VEHICLE,12,9,7,17,21,11,11,18,3,9,10,17,145
2022,Odisha,ANGUL RTO - OR19( 25-DEC-2017 ),7,MEDIUM GOODS VEHICLE,1,4,2,2,5,3,2,1,3,5,1,3,32
2022,Odisha,ANGUL RTO - OR19( 25-DEC-2017 ),8,MEDIUM MOTOR VEHICLE,4,3,4,6,13,3,3,0,0,7,0,0,43
2022,Odisha,ANGUL RTO - OR19( 25-DEC-2017 ),9,MEDIUM PASSENGER VEHICLE,0,2,1,0,1,6,5,4,5,10,7,3,44
2022,Odisha,ANGUL RTO - OR19( 25-DEC-2017 ),10,OTHER THAN MENTIONED ABOVE,15,4,6,17,10,9,12,15,10,11,14,12,135
2022,Odisha,ANGUL RTO - OR19( 25-DEC-2017 ),11,THREE WHEELER(T),16,13,14,21,9,20,22,20,25,40,29,13,242
2022,Odisha,ANGUL RTO - OR19( 25-DEC-2017 ),12,TWO WHEELER(NT),"1,008",891,"1,154","1,073",894,931,772,833,"1,244","2,258",981,976,"13,015"
2022,Odisha,ARTO BARBIL - OR901( 04-DEC-2017 ),1,HEAVY GOODS VEHICLE,112,132,124,279,200,146,48,42,153,69,60,102,"1,467"
2022,Odisha,ARTO BARBIL - OR901( 04-DEC-2017 ),2,HEAVY MOTOR VEHICLE,1,1,2,5,2,0,1,4,1,0,2,0,19
2022,Odisha,ARTO BARBIL - OR901( 04-DEC-2017 ),3,HEAVY PASSENGER VEHICLE,0,0,5,4,1,1,0,0,0,0,0,0,11
2022,Odisha,ARTO BARBIL - OR901( 04-DEC-2017 ),4,LIGHT GOODS VEHICLE,15,13,12,9,11,8,12,13,15,11,12,10,141
2022,Odisha,ARTO BARBIL - OR901( 04-DEC-2017 ),5,LIGHT MOTOR VEHICLE,19,7,19,24,20,9,6,11,15,18,13,17,178
2022,Odisha,ARTO BARBIL - OR901( 04-DEC-2017 ),6,LIGHT PASSENGER VEHICLE,11,3,11,14,11,11,17,11,15,12,12,13,141
2022,Odisha,ARTO BARBIL - OR901( 04-DEC-2017 ),7,MEDIUM GOODS VEHICLE,0,1,0,0,0,1,1,0,0,0,0,0,3
2022,Odisha,ARTO BARBIL - OR901( 04-DEC-2017 ),8,MEDIUM MOTOR VEHICLE,0,0,1,0,0,2,0,0,1,0,1,1,6
2022,Odisha,ARTO BARBIL - OR901( 04-DEC-2017 ),9,MEDIUM PASSENGER VEHICLE,0,1,0,4,3,1,1,0,3,2,0,2,17
2022,Odisha,ARTO BARBIL - OR901( 04-DEC-2017 ),10,OTHER THAN MENTIONED ABOVE,6,5,8,6,5,4,3,7,7,6,6,5,68
2022,Odisha,ARTO BARBIL - OR901( 04-DEC-2017 ),11,THREE WHEELER(T),4,0,0,0,0,0,1,0,0,1,0,0,6
2022,Odisha,ARTO BARBIL - OR901( 04-DEC-2017 ),12,TWO WHEELER(NT),156,164,185,184,179,188,167,119,156,359,208,172,"2,237"
2022,Odisha,BALASORE RTO - OR1( 07-NOV-2017 ),1,HEAVY GOODS VEHICLE,12,13,21,28,19,19,16,15,20,23,13,11,210
2022,Odisha,BALASORE RTO - OR1( 07-NOV-2017 ),2,HEAVY PASSENGER VEHICLE,0,0,0,1,0,0,0,0,0,0,2,1,4
2022,Odisha,BALASORE RTO - OR1( 07-NOV-2017 ),3,LIGHT GOODS VEHICLE,68,51,72,69,62,59,55,58,55,69,53,65,736
2022,Odisha,BALASORE RTO - OR1( 07-NOV-2017 ),4,LIGHT MOTOR VEHICLE,329,221,282,270,269,301,349,228,274,315,271,349,"3,458"
2022,Odisha,BALASORE RTO - OR1( 07-NOV-2017 ),5,LIGHT PASSENGER VEHICLE,15,11,22,7,7,13,20,23,18,26,22,18,202
2022,Odisha,BALASORE RTO - OR1( 07-NOV-2017 ),6,MEDIUM GOODS VEHICLE,0,5,5,3,1,0,2,3,2,1,1,1,24
2022,Odisha,BALASORE RTO - OR1( 07-NOV-2017 ),7,MEDIUM MOTOR VEHICLE,1,0,0,0,0,0,0,0,0,0,0,0,1
2022,Odisha,BALASORE RTO - OR1( 07-NOV-2017 ),8,MEDIUM PASSENGER VEHICLE,0,0,1,5,1,0,0,2,1,2,2,2,16
2022,Odisha,BALASORE RTO - OR1( 07-NOV-2017 ),9,OTHER THAN MENTIONED ABOVE,5,5,5,7,4,6,3,2,5,7,7,7,63
2022,Odisha,BALASORE RTO - OR1( 07-NOV-2017 ),10,THREE WHEELER(T),39,42,42,47,35,43,63,45,56,53,58,74,597
2022,Odisha,BALASORE RTO - OR1( 07-NOV-2017 ),11,TWO WHEELER(NT),"2,551","1,986","2,596","2,195","2,017","2,377","1,877","1,807","2,186","4,871","2,037","2,058","28,558"
2022,Odisha,BARGARH RTO - OR17( 04-DEC-2017 ),1,HEAVY GOODS VEHICLE,20,6,5,10,14,5,8,18,7,24,9,12,138
2022,Odisha,BARGARH RTO - OR17( 04-DEC-2017 ),2,HEAVY MOTOR VEHICLE,0,0,0,0,0,0,0,0,0,1,0,0,1
2022,Odisha,BARGARH RTO - OR17( 04-DEC-2017 ),3,HEAVY PASSENGER VEHICLE,0,1,0,0,0,0,0,0,0,0,1,1,3
2022,Odisha,BARGARH RTO - OR17( 04-DEC-2017 ),4,LIGHT GOODS VEHICLE,36,47,53,42,32,31,46,40,40,49,47,31,494
2022,Odisha,BARGARH RTO - OR17( 04-DEC-2017 ),5,LIGHT MOTOR VEHICLE,250,174,140,164,196,215,201,174,136,213,248,216,"2,327"
2022,Odisha,BARGARH RTO - OR17( 04-DEC-2017 ),6,LIGHT PASSENGER VEHICLE,2,3,14,9,4,8,4,7,5,10,9,8,83
2022,Odisha,BARGARH RTO - OR17( 04-DEC-2017 ),7,MEDIUM GOODS VEHICLE,0,2,0,0,0,0,1,2,1,1,0,0,7
2022,Odisha,BARGARH RTO - OR17( 04-DEC-2017 ),8,MEDIUM MOTOR VEHICLE,7,8,3,8,8,3,13,5,3,2,6,7,73
2022,Odisha,BARGARH RTO - OR17( 04-DEC-2017 ),9,MEDIUM PASSENGER VEHICLE,0,0,0,0,1,1,1,2,0,5,2,0,12
2022,Odisha,BARGARH RTO - OR17( 04-DEC-2017 ),10,OTHER THAN MENTIONED ABOVE,5,2,7,7,1,2,9,3,3,2,9,9,59
2022,Odisha,BARGARH RTO - OR17( 04-DEC-2017 ),11,THREE WHEELER(T),10,7,12,8,12,16,8,12,10,17,13,6,131
2022,Odisha,BARGARH RTO - OR17( 04-DEC-2017 ),12,TWO WHEELER(NT),"1,502","1,596","1,715","1,707","1,145","1,240",902,727,776,"1,581",919,972,"14,782"
2022,Odisha,BARGARH RTO - OR17( 04-DEC-2017 ),13,TWO WHEELER(T),0,0,0,0,0,0,0,0,0,1,1,0,2
2022,Odisha,BHADRAK RTO - OR22( 04-DEC-2017 ),1,HEAVY GOODS VEHICLE,8,5,8,14,16,4,5,10,7,15,9,13,114
2022,Odisha,BHADRAK RTO - OR22( 04-DEC-2017 ),2,HEAVY MOTOR VEHICLE,1,1,2,0,1,0,0,1,0,1,0,1,8
2022,Odisha,BHADRAK RTO - OR22( 04-DEC-2017 ),3,HEAVY PASSENGER VEHICLE,0,0,0,0,1,0,0,0,2,1,0,0,4
2022,Odisha,BHADRAK RTO - OR22( 04-DEC-2017 ),4,LIGHT GOODS VEHICLE,34,40,52,50,50,49,34,30,23,29,50,53,494
2022,Odisha,BHADRAK RTO - OR22( 04-DEC-2017 ),5,LIGHT MOTOR VEHICLE,71,53,84,57,76,98,102,84,75,84,91,107,982
2022,Odisha,BHADRAK RTO - OR22( 04-DEC-2017 ),6,LIGHT PASSENGER VEHICLE,3,2,6,2,2,0,3,4,6,5,8,8,49
2022,Odisha,BHADRAK RTO - OR22( 04-DEC-2017 ),7,MEDIUM GOODS VEHICLE,0,0,0,1,0,1,0,3,0,1,1,0,7
2022,Odisha,BHADRAK RTO - OR22( 04-DEC-2017 ),8,MEDIUM MOTOR VEHICLE,1,1,1,3,2,1,0,0,0,0,0,0,9
2022,Odisha,BHADRAK RTO - OR22( 04-DEC-2017 ),9,MEDIUM PASSENGER VEHICLE,0,0,3,2,1,1,0,0,2,2,1,4,16
2022,Odisha,BHADRAK RTO - OR22( 04-DEC-2017 ),10,OTHER THAN MENTIONED ABOVE,0,5,1,2,3,2,1,2,0,1,2,2,21
2022,Odisha,BHADRAK RTO - OR22( 04-DEC-2017 ),11,THREE WHEELER(T),35,23,36,45,34,37,43,32,49,59,59,39,491
2022,Odisha,BHADRAK RTO - OR22( 04-DEC-2017 ),12,TWO WHEELER (INVALID CARRIAGE),0,0,0,0,0,0,0,0,0,0,0,1,1
2022,Odisha,BHADRAK RTO - OR22( 04-DEC-2017 ),13,TWO WHEELER(NT),"1,329","1,151","1,461","1,159",986,"1,292",944,855,911,"2,086","1,789","1,229","15,192"
2022,Odisha,BHANJANAGAR RTO - OR32( 04-DEC-2017 ),1,HEAVY GOODS VEHICLE,5,3,3,2,2,1,0,1,3,1,1,3,25
2022,Odisha,BHANJANAGAR RTO - OR32( 04-DEC-2017 ),2,HEAVY PASSENGER VEHICLE,0,0,1,0,0,0,0,0,0,0,1,0,2
2022,Odisha,BHANJANAGAR RTO - OR32( 04-DEC-2017 ),3,LIGHT GOODS VEHICLE,12,14,9,9,12,19,11,16,13,15,16,12,158
2022,Odisha,BHANJANAGAR RTO - OR32( 04-DEC-2017 ),4,LIGHT MOTOR VEHICLE,29,21,23,21,21,34,44,29,33,32,30,22,339
2022,Odisha,BHANJANAGAR RTO - OR32( 04-DEC-2017 ),5,LIGHT PASSENGER VEHICLE,2,1,1,5,5,4,3,7,2,1,5,0,36
2022,Odisha,BHANJANAGAR RTO - OR32( 04-DEC-2017 ),6,MEDIUM GOODS VEHICLE,0,0,0,0,0,0,0,0,0,1,0,0,1
2022,Odisha,BHANJANAGAR RTO - OR32( 04-DEC-2017 ),7,MEDIUM MOTOR VEHICLE,0,1,1,0,0,0,0,0,0,0,0,0,2
2022,Odisha,BHANJANAGAR RTO - OR32( 04-DEC-2017 ),8,MEDIUM PASSENGER VEHICLE,0,0,0,0,0,1,0,0,0,0,0,0,1
2022,Odisha,BHANJANAGAR RTO - OR32( 04-DEC-2017 ),9,OTHER THAN MENTIONED ABOVE,0,0,2,0,1,1,0,0,0,0,1,0,5
2022,Odisha,BHANJANAGAR RTO - OR32( 04-DEC-2017 ),10,THREE WHEELER(T),10,4,11,11,9,12,13,11,17,17,12,6,133
2022,Odisha,BHANJANAGAR RTO - OR32( 04-DEC-2017 ),11,TWO WHEELER (INVALID CARRIAGE),0,0,0,1,0,0,0,0,0,0,0,0,1
2022,Odisha,BHANJANAGAR RTO - OR32( 04-DEC-2017 ),12,TWO WHEELER(NT),605,651,850,925,633,507,407,383,469,"1,089",615,489,"7,623"
2022,Odisha,BHUBANESWAR-II RTO - OR33( 23-OCT-2017 ),1,FOUR WHEELER (INVALID CARRIAGE),0,0,0,0,0,0,0,2,0,0,0,0,2
2022,Odisha,BHUBANESWAR-II RTO - OR33( 23-OCT-2017 ),2,HEAVY GOODS VEHICLE,25,19,23,26,34,20,10,15,4,5,18,21,220
2022,Odisha,BHUBANESWAR-II RTO - OR33( 23-OCT-2017 ),3,HEAVY MOTOR VEHICLE,0,0,0,0,0,0,0,0,1,0,0,0,1
2022,Odisha,BHUBANESWAR-II RTO - OR33( 23-OCT-2017 ),4,HEAVY PASSENGER VEHICLE,0,0,0,0,2,3,5,0,0,3,4,20,37
2022,Odisha,BHUBANESWAR-II RTO - OR33( 23-OCT-2017 ),5,LIGHT GOODS VEHICLE,29,26,43,33,33,42,44,28,36,35,51,37,437
2022,Odisha,BHUBANESWAR-II RTO - OR33( 23-OCT-2017 ),6,LIGHT MOTOR VEHICLE,411,323,352,452,408,502,595,554,519,748,599,615,"6,078"
2022,Odisha,BHUBANESWAR-II RTO - OR33( 23-OCT-2017 ),7,LIGHT PASSENGER VEHICLE,27,26,29,35,62,50,65,66,36,25,30,29,480
2022,Odisha,BHUBANESWAR-II RTO - OR33( 23-OCT-2017 ),8,MEDIUM GOODS VEHICLE,1,3,2,0,1,0,0,1,2,0,1,1,12
2022,Odisha,BHUBANESWAR-II RTO - OR33( 23-OCT-2017 ),9,MEDIUM MOTOR VEHICLE,1,0,1,0,2,4,0,0,0,0,0,0,8
2022,Odisha,BHUBANESWAR-II RTO - OR33( 23-OCT-2017 ),10,MEDIUM PASSENGER VEHICLE,0,0,1,0,0,4,2,3,0,7,5,1,23
2022,Odisha,BHUBANESWAR-II RTO - OR33( 23-OCT-2017 ),11,OTHER THAN MENTIONED ABOVE,34,21,34,41,33,22,26,29,34,35,38,45,392
2022,Odisha,BHUBANESWAR-II RTO - OR33( 23-OCT-2017 ),12,THREE WHEELER(T),16,6,8,11,10,22,11,15,16,22,15,22,174
2022,Odisha,BHUBANESWAR-II RTO - OR33( 23-OCT-2017 ),13,TWO WHEELER(NT),"1,573","1,394","1,825","1,985","1,497","1,692","1,678","1,738","1,956","3,458","1,750","1,905","22,451"
2022,Odisha,BHUBANESWAR-II RTO - OR33( 23-OCT-2017 ),14,TWO WHEELER(T),1,0,2,2,2,2,2,3,0,5,1,0,20
2022,Odisha,BHUBANESWAR RTO - OR2( 22-JAN-2018 ),1,FOUR WHEELER (INVALID CARRIAGE),0,1,0,1,0,0,0,0,0,0,0,0,2
2022,Odisha,BHUBANESWAR RTO - OR2( 22-JAN-2018 ),2,HEAVY GOODS VEHICLE,71,41,75,73,50,65,33,30,45,59,101,74,717
2022,Odisha,BHUBANESWAR RTO - OR2( 22-JAN-2018 ),3,HEAVY MOTOR VEHICLE,1,3,3,0,3,4,2,3,0,2,1,0,22
2022,Odisha,BHUBANESWAR RTO - OR2( 22-JAN-2018 ),4,HEAVY PASSENGER VEHICLE,1,6,0,0,2,2,0,1,4,1,2,15,34
2022,Odisha,BHUBANESWAR RTO - OR2( 22-JAN-2018 ),5,LIGHT GOODS VEHICLE,246,218,292,216,193,259,207,214,237,294,240,238,"2,854"
2022,Odisha,BHUBANESWAR RTO - OR2( 22-JAN-2018 ),6,LIGHT MOTOR VEHICLE,"2,327","1,994","2,426","2,047","2,206","2,292","1,953","2,164","2,228","2,507","2,235","2,443","26,822"
2022,Odisha,BHUBANESWAR RTO - OR2( 22-JAN-2018 ),7,LIGHT PASSENGER VEHICLE,149,128,211,194,170,208,198,180,193,237,206,229,"2,303"
2022,Odisha,BHUBANESWAR RTO - OR2( 22-JAN-2018 ),8,MEDIUM GOODS VEHICLE,4,6,3,13,0,2,5,9,6,7,8,2,65
2022,Odisha,BHUBANESWAR RTO - OR2( 22-JAN-2018 ),9,MEDIUM MOTOR VEHICLE,4,1,1,0,1,1,3,2,0,5,0,1,19
2022,Odisha,BHUBANESWAR RTO - OR2( 22-JAN-2018 ),10,MEDIUM PASSENGER VEHICLE,7,0,9,6,7,4,7,14,7,7,10,8,86
2022,Odisha,BHUBANESWAR RTO - OR2( 22-JAN-2018 ),11,OTHER THAN MENTIONED ABOVE,14,14,20,22,10,19,10,4,9,16,28,21,187
2022,Odisha,BHUBANESWAR RTO - OR2( 22-JAN-2018 ),12,THREE WHEELER(T),81,66,111,108,133,145,163,148,215,223,180,191,"1,764"
2022,Odisha,BHUBANESWAR RTO - OR2( 22-JAN-2018 ),13,TWO WHEELER(NT),"3,759","3,013","3,875","3,738","3,528","3,590","3,246","3,304","3,580","6,566","3,591","3,753","45,543"
2022,Odisha,BHUBANESWAR RTO - OR2( 22-JAN-2018 ),14,TWO WHEELER(T),4,5,16,7,9,0,0,4,3,5,3,5,61
2022,Odisha,BOLANGIR RTO - OR3( 25-DEC-2017 ),1,HEAVY GOODS VEHICLE,4,6,4,9,2,4,2,0,11,12,4,8,66
2022,Odisha,BOLANGIR RTO - OR3( 25-DEC-2017 ),2,HEAVY MOTOR VEHICLE,1,0,1,0,0,0,0,0,0,0,2,0,4
2022,Odisha,BOLANGIR RTO - OR3( 25-DEC-2017 ),3,HEAVY PASSENGER VEHICLE,0,0,0,0,0,1,0,0,0,3,0,0,4
2022,Odisha,BOLANGIR RTO - OR3( 25-DEC-2017 ),4,LIGHT GOODS VEHICLE,63,48,56,51,47,43,52,40,44,61,46,64,615
2022,Odisha,BOLANGIR RTO - OR3( 25-DEC-2017 ),5,LIGHT MOTOR VEHICLE,154,160,153,154,164,141,194,136,137,168,148,184,"1,893"
2022,Odisha,BOLANGIR RTO - OR3( 25-DEC-2017 ),6,LIGHT PASSENGER VEHICLE,8,2,22,12,14,17,15,12,9,9,16,8,144
2022,Odisha,BOLANGIR RTO - OR3( 25-DEC-2017 ),7,MEDIUM GOODS VEHICLE,1,1,1,1,0,0,1,1,0,1,0,2,9
2022,Odisha,BOLANGIR RTO - OR3( 25-DEC-2017 ),8,MEDIUM MOTOR VEHICLE,2,1,0,3,2,4,0,1,0,0,0,0,13
2022,Odisha,BOLANGIR RTO - OR3( 25-DEC-2017 ),9,MEDIUM PASSENGER VEHICLE,0,0,2,0,3,1,3,0,3,3,3,2,20
2022,Odisha,BOLANGIR RTO - OR3( 25-DEC-2017 ),10,OTHER THAN MENTIONED ABOVE,1,1,1,0,1,2,5,0,0,0,2,2,15
2022,Odisha,BOLANGIR RTO - OR3( 25-DEC-2017 ),11,THREE WHEELER(T),14,11,16,16,11,12,26,10,18,20,22,20,196
2022,Odisha,BOLANGIR RTO - OR3( 25-DEC-2017 ),12,TWO WHEELER(NT),"2,642","2,783","2,602","2,189","1,454","1,144",966,936,857,"1,613","1,301","1,481","19,968"
2022,Odisha,BOUDH RTO - OR27( 23-OCT-2017 ),1,HEAVY GOODS VEHICLE,1,3,2,0,1,0,0,1,6,0,0,0,14
2022,Odisha,BOUDH RTO - OR27( 23-OCT-2017 ),2,HEAVY MOTOR VEHICLE,0,0,0,0,0,0,1,0,0,0,0,0,1
2022,Odisha,BOUDH RTO - OR27( 23-OCT-2017 ),3,LIGHT GOODS VEHICLE,10,16,8,4,3,2,7,6,9,9,13,12,99
2022,Odisha,BOUDH RTO - OR27( 23-OCT-2017 ),4,LIGHT MOTOR VEHICLE,9,22,19,14,9,15,35,12,12,5,7,15,174
2022,Odisha,BOUDH RTO - OR27( 23-OCT-2017 ),5,LIGHT PASSENGER VEHICLE,3,2,2,6,1,2,1,1,0,0,2,1,21
2022,Odisha,BOUDH RTO - OR27( 23-OCT-2017 ),6,MEDIUM GOODS VEHICLE,0,1,0,0,1,0,0,0,1,0,0,0,3
2022,Odisha,BOUDH RTO - OR27( 23-OCT-2017 ),7,MEDIUM MOTOR VEHICLE,1,1,1,3,0,5,5,1,6,0,1,0,24
2022,Odisha,BOUDH RTO - OR27( 23-OCT-2017 ),8,OTHER THAN MENTIONED ABOVE,0,1,2,2,0,0,2,0,0,0,0,0,7
2022,Odisha,BOUDH RTO - OR27( 23-OCT-2017 ),9,THREE WHEELER(T),2,5,5,2,1,0,3,2,4,4,4,3,35
2022,Odisha,BOUDH RTO - OR27( 23-OCT-2017 ),10,TWO WHEELER(NT),405,657,582,477,353,227,139,115,166,295,154,168,"3,738"
2022,Odisha,CHANDIKHOLE RTO - OR4( 23-OCT-2017 ),1,HEAVY GOODS VEHICLE,66,56,65,70,61,49,44,27,28,18,31,50,565
2022,Odisha,CHANDIKHOLE RTO - OR4( 23-OCT-2017 ),2,HEAVY MOTOR VEHICLE,0,0,1,4,4,1,2,1,2,3,2,6,26
2022,Odisha,CHANDIKHOLE RTO - OR4( 23-OCT-2017 ),3,LIGHT GOODS VEHICLE,19,31,40,24,19,25,30,20,38,27,40,28,341
2022,Odisha,CHANDIKHOLE RTO - OR4( 23-OCT-2017 ),4,LIGHT MOTOR VEHICLE,39,38,53,32,44,62,65,33,37,48,44,62,557
2022,Odisha,CHANDIKHOLE RTO - OR4( 23-OCT-2017 ),5,LIGHT PASSENGER VEHICLE,6,1,8,2,9,6,11,13,14,11,6,13,100
2022,Odisha,CHANDIKHOLE RTO - OR4( 23-OCT-2017 ),6,MEDIUM GOODS VEHICLE,0,0,1,1,0,0,0,0,1,0,2,0,5
2022,Odisha,CHANDIKHOLE RTO - OR4( 23-OCT-2017 ),7,MEDIUM MOTOR VEHICLE,0,1,1,1,2,0,1,1,0,0,0,0,7
2022,Odisha,CHANDIKHOLE RTO - OR4( 23-OCT-2017 ),8,MEDIUM PASSENGER VEHICLE,4,0,0,2,1,5,4,2,8,6,5,4,41
2022,Odisha,CHANDIKHOLE RTO - OR4( 23-OCT-2017 ),9,OTHER THAN MENTIONED ABOVE,6,13,6,5,1,8,12,3,10,2,5,5,76
2022,Odisha,CHANDIKHOLE RTO - OR4( 23-OCT-2017 ),10,THREE WHEELER(T),4,3,6,7,6,9,6,10,8,12,10,14,95
2022,Odisha,CHANDIKHOLE RTO - OR4( 23-OCT-2017 ),11,TWO WHEELER(NT),796,680,895,746,735,772,633,546,783,"1,642",696,701,"9,625"
2022,Odisha,CHANDIKHOLE RTO - OR4( 23-OCT-2017 ),12,TWO WHEELER(T),0,0,0,0,0,0,0,0,1,0,0,0,1
2022,Odisha,CUTTACK RTO - OR5( 31-MAY-2017 ),1,HEAVY GOODS VEHICLE,50,28,35,51,54,65,38,31,55,50,60,62,579
2022,Odisha,CUTTACK RTO - OR5( 31-MAY-2017 ),2,HEAVY MOTOR VEHICLE,2,0,0,0,0,0,0,0,0,0,0,0,2
2022,Odisha,CUTTACK RTO - OR5( 31-MAY-2017 ),3,HEAVY PASSENGER VEHICLE,0,1,0,1,1,2,0,1,1,2,0,3,12
2022,Odisha,CUTTACK RTO - OR5( 31-MAY-2017 ),4,LIGHT GOODS VEHICLE,155,126,223,154,147,187,187,191,158,176,163,185,"2,052"
2022,Odisha,CUTTACK RTO - OR5( 31-MAY-2017 ),5,LIGHT MOTOR VEHICLE,528,452,475,541,526,559,509,562,602,606,588,627,"6,575"
2022,Odisha,CUTTACK RTO - OR5( 31-MAY-2017 ),6,LIGHT PASSENGER VEHICLE,35,34,76,68,66,84,84,109,58,62,60,64,800
2022,Odisha,CUTTACK RTO - OR5( 31-MAY-2017 ),7,MEDIUM GOODS VEHICLE,5,1,3,0,0,0,3,1,6,2,7,3,31
2022,Odisha,CUTTACK RTO - OR5( 31-MAY-2017 ),8,MEDIUM MOTOR VEHICLE,0,0,0,1,0,0,0,0,0,0,0,0,1
2022,Odisha,CUTTACK RTO - OR5( 31-MAY-2017 ),9,MEDIUM PASSENGER VEHICLE,4,1,2,6,3,22,3,5,2,5,7,7,67
2022,Odisha,CUTTACK RTO - OR5( 31-MAY-2017 ),10,OTHER THAN MENTIONED ABOVE,4,4,3,3,8,4,7,1,5,8,15,11,73
2022,Odisha,CUTTACK RTO - OR5( 31-MAY-2017 ),11,THREE WHEELER(T),35,30,44,63,56,59,53,51,50,97,98,86,722
2022,Odisha,CUTTACK RTO - OR5( 31-MAY-2017 ),12,TWO WHEELER(NT),"3,425","2,855","3,475","3,252","2,973","3,366","2,746","3,020","3,579","6,784","3,218","3,415","42,108"
2022,Odisha,CUTTACK RTO - OR5( 31-MAY-2017 ),13,TWO WHEELER(T),1,0,0,0,1,0,0,0,0,1,13,0,16
2022,Odisha,DEOGARH RTO - OR28( 23-OCT-2017 ),1,HEAVY GOODS VEHICLE,1,0,0,1,1,2,0,0,0,0,0,0,5
2022,Odisha,DEOGARH RTO - OR28( 23-OCT-2017 ),2,HEAVY MOTOR VEHICLE,0,1,0,0,0,0,0,0,0,0,0,0,1
2022,Odisha,DEOGARH RTO - OR28( 23-OCT-2017 ),3,LIGHT GOODS VEHICLE,6,2,2,6,3,5,8,5,5,9,4,4,59
2022,Odisha,DEOGARH RTO - OR28( 23-OCT-2017 ),4,LIGHT MOTOR VEHICLE,30,26,22,21,31,22,31,9,15,23,47,34,311
2022,Odisha,DEOGARH RTO - OR28( 23-OCT-2017 ),5,LIGHT PASSENGER VEHICLE,1,0,3,5,1,0,2,3,1,1,1,2,20
2022,Odisha,DEOGARH RTO - OR28( 23-OCT-2017 ),6,MEDIUM GOODS VEHICLE,0,0,0,0,0,1,0,0,0,0,0,1,2
2022,Odisha,DEOGARH RTO - OR28( 23-OCT-2017 ),7,MEDIUM MOTOR VEHICLE,0,0,0,0,2,0,0,0,0,1,0,2,5
2022,Odisha,DEOGARH RTO - OR28( 23-OCT-2017 ),8,MEDIUM PASSENGER VEHICLE,1,0,2,1,1,0,1,0,0,0,0,2,8
2022,Odisha,DEOGARH RTO - OR28( 23-OCT-2017 ),9,OTHER THAN MENTIONED ABOVE,0,1,0,0,0,0,0,0,0,0,0,0,1
2022,Odisha,DEOGARH RTO - OR28( 23-OCT-2017 ),10,THREE WHEELER(T),5,2,7,4,6,2,7,3,6,15,8,5,70
2022,Odisha,DEOGARH RTO - OR28( 23-OCT-2017 ),11,TWO WHEELER(NT),176,170,237,191,178,160,150,117,125,341,137,172,"2,154"
2022,Odisha,DHENKANAL RTO - OR6( 07-NOV-2017 ),1,HEAVY GOODS VEHICLE,4,4,9,10,10,6,4,2,6,7,19,5,86
2022,Odisha,DHENKANAL RTO - OR6( 07-NOV-2017 ),2,HEAVY MOTOR VEHICLE,0,0,0,0,1,0,0,0,0,0,0,0,1
2022,Odisha,DHENKANAL RTO - OR6( 07-NOV-2017 ),3,HEAVY PASSENGER VEHICLE,1,0,0,1,2,1,0,0,0,0,0,1,6
2022,Odisha,DHENKANAL RTO - OR6( 07-NOV-2017 ),4,LIGHT GOODS VEHICLE,12,6,15,10,13,23,16,6,26,13,11,13,164
2022,Odisha,DHENKANAL RTO - OR6( 07-NOV-2017 ),5,LIGHT MOTOR VEHICLE,44,31,49,49,74,72,68,63,49,51,34,38,622
2022,Odisha,DHENKANAL RTO - OR6( 07-NOV-2017 ),6,LIGHT PASSENGER VEHICLE,1,6,5,2,5,4,1,5,3,1,4,4,41
2022,Odisha,DHENKANAL RTO - OR6( 07-NOV-2017 ),7,MEDIUM GOODS VEHICLE,0,0,1,1,0,2,0,1,1,2,0,1,9
2022,Odisha,DHENKANAL RTO - OR6( 07-NOV-2017 ),8,MEDIUM MOTOR VEHICLE,0,0,1,0,0,0,0,0,0,0,0,0,1
2022,Odisha,DHENKANAL RTO - OR6( 07-NOV-2017 ),9,MEDIUM PASSENGER VEHICLE,0,1,0,0,0,0,1,0,0,0,0,0,2
2022,Odisha,DHENKANAL RTO - OR6( 07-NOV-2017 ),10,OTHER THAN MENTIONED ABOVE,2,6,3,6,3,4,2,1,1,2,5,5,40
2022,Odisha,DHENKANAL RTO - OR6( 07-NOV-2017 ),11,THREE WHEELER(T),6,3,8,5,5,5,6,4,5,12,11,2,72
2022,Odisha,DHENKANAL RTO - OR6( 07-NOV-2017 ),12,TWO WHEELER(NT),722,609,781,671,573,733,498,562,714,"1,412",646,614,"8,535"
2022,Odisha,DHENKANAL RTO - OR6( 07-NOV-2017 ),13,TWO WHEELER(T),0,0,0,0,0,0,0,0,1,0,0,0,1
2022,Odisha,GAJAPATI RTO - OR20( 07-NOV-2017 ),1,HEAVY GOODS VEHICLE,0,0,0,0,0,0,0,0,0,0,3,0,3
2022,Odisha,GAJAPATI RTO - OR20( 07-NOV-2017 ),2,LIGHT GOODS VEHICLE,17,8,10,8,4,9,4,3,8,4,4,2,81
2022,Odisha,GAJAPATI RTO - OR20( 07-NOV-2017 ),3,LIGHT MOTOR VEHICLE,27,12,25,19,12,16,18,15,9,16,12,7,188
2022,Odisha,GAJAPATI RTO - OR20( 07-NOV-2017 ),4,LIGHT PASSENGER VEHICLE,3,1,1,2,0,2,0,2,2,0,2,2,17
2022,Odisha,GAJAPATI RTO - OR20( 07-NOV-2017 ),5,OTHER THAN MENTIONED ABOVE,0,2,0,0,0,0,0,0,0,0,1,0,3
2022,Odisha,GAJAPATI RTO - OR20( 07-NOV-2017 ),6,THREE WHEELER(T),1,8,5,2,7,5,9,2,7,8,2,6,62
2022,Odisha,GAJAPATI RTO - OR20( 07-NOV-2017 ),7,TWO WHEELER(NT),291,290,335,342,416,283,225,229,229,384,187,222,"3,433"
2022,Odisha,GANJAM RTO - OR7( 04-DEC-2017 ),1,HEAVY GOODS VEHICLE,33,11,11,9,14,8,12,19,18,23,23,14,195
2022,Odisha,GANJAM RTO - OR7( 04-DEC-2017 ),2,HEAVY MOTOR VEHICLE,0,4,0,1,1,0,1,1,0,0,0,0,8
2022,Odisha,GANJAM RTO - OR7( 04-DEC-2017 ),3,HEAVY PASSENGER VEHICLE,1,0,0,0,0,0,0,0,0,2,0,2,5
2022,Odisha,GANJAM RTO - OR7( 04-DEC-2017 ),4,LIGHT GOODS VEHICLE,55,50,63,52,35,79,85,115,39,38,49,44,704
2022,Odisha,GANJAM RTO - OR7( 04-DEC-2017 ),5,LIGHT MOTOR VEHICLE,198,187,228,173,209,192,193,167,171,160,148,171,"2,197"
2022,Odisha,GANJAM RTO - OR7( 04-DEC-2017 ),6,LIGHT PASSENGER VEHICLE,7,3,8,4,10,5,9,8,7,7,13,8,89
2022,Odisha,GANJAM RTO - OR7( 04-DEC-2017 ),7,MEDIUM GOODS VEHICLE,0,0,1,0,0,2,0,0,1,1,0,0,5
2022,Odisha,GANJAM RTO - OR7( 04-DEC-2017 ),8,MEDIUM MOTOR VEHICLE,0,0,2,3,0,1,0,2,0,1,0,0,9
2022,Odisha,GANJAM RTO - OR7( 04-DEC-2017 ),9,MEDIUM PASSENGER VEHICLE,1,1,1,2,1,2,2,1,1,2,6,6,26
2022,Odisha,GANJAM RTO - OR7( 04-DEC-2017 ),10,OTHER THAN MENTIONED ABOVE,0,6,3,4,2,4,2,1,3,1,3,2,31
2022,Odisha,GANJAM RTO - OR7( 04-DEC-2017 ),11,THREE WHEELER(T),46,37,62,44,40,41,44,48,61,67,75,61,626
2022,Odisha,GANJAM RTO - OR7( 04-DEC-2017 ),12,TWO WHEELER(NT),"2,485","2,462","2,865","3,049","2,568","2,134","2,130","1,726","1,857","4,067","2,439","2,146","29,928"
2022,Odisha,JAGATSINGHPUR RTO - OR21( 04-DEC-2017 ),1,HEAVY GOODS VEHICLE,4,2,4,8,13,6,14,2,4,6,3,5,71
2022,Odisha,JAGATSINGHPUR RTO - OR21( 04-DEC-2017 ),2,HEAVY MOTOR VEHICLE,1,0,1,1,0,1,3,0,0,0,0,3,10
2022,Odisha,JAGATSINGHPUR RTO - OR21( 04-DEC-2017 ),3,HEAVY PASSENGER VEHICLE,0,0,0,0,0,0,0,0,0,1,0,0,1
2022,Odisha,JAGATSINGHPUR RTO - OR21( 04-DEC-2017 ),4,LIGHT GOODS VEHICLE,22,24,14,22,23,20,14,10,24,19,32,34,258
2022,Odisha,JAGATSINGHPUR RTO - OR21( 04-DEC-2017 ),5,LIGHT MOTOR VEHICLE,18,14,16,17,23,33,36,35,25,21,27,17,282
2022,Odisha,JAGATSINGHPUR RTO - OR21( 04-DEC-2017 ),6,LIGHT PASSENGER VEHICLE,2,2,1,0,1,0,2,1,1,1,1,2,14
2022,Odisha,JAGATSINGHPUR RTO - OR21( 04-DEC-2017 ),7,MEDIUM GOODS VEHICLE,0,0,0,0,0,1,1,0,0,0,1,0,3
2022,Odisha,JAGATSINGHPUR RTO - OR21( 04-DEC-2017 ),8,MEDIUM MOTOR VEHICLE,1,1,3,0,0,2,0,1,3,0,1,0,12
2022,Odisha,JAGATSINGHPUR RTO - OR21( 04-DEC-2017 ),9,MEDIUM PASSENGER VEHICLE,0,0,0,0,0,1,0,0,0,0,1,1,3
2022,Odisha,JAGATSINGHPUR RTO - OR21( 04-DEC-2017 ),10,OTHER THAN MENTIONED ABOVE,0,0,0,5,0,3,1,2,0,2,2,3,18
2022,Odisha,JAGATSINGHPUR RTO - OR21( 04-DEC-2017 ),11,THREE WHEELER(T),3,3,1,0,5,1,2,2,1,0,1,2,21
2022,Odisha,JAGATSINGHPUR RTO - OR21( 04-DEC-2017 ),12,TWO WHEELER(NT),824,694,818,791,763,967,735,602,740,"1,816",842,777,"10,369"
2022,Odisha,JAJPUR RTO - OR34( 23-OCT-2017 ),1,HEAVY GOODS VEHICLE,8,7,8,3,7,5,6,4,2,2,3,17,72
2022,Odisha,JAJPUR RTO - OR34( 23-OCT-2017 ),2,HEAVY MOTOR VEHICLE,0,0,1,1,0,0,1,1,1,0,3,2,10
2022,Odisha,JAJPUR RTO - OR34( 23-OCT-2017 ),3,HEAVY PASSENGER VEHICLE,0,0,2,0,1,0,0,1,2,0,0,0,6
2022,Odisha,JAJPUR RTO - OR34( 23-OCT-2017 ),4,LIGHT GOODS VEHICLE,38,26,39,27,29,33,37,27,27,31,33,32,379
2022,Odisha,JAJPUR RTO - OR34( 23-OCT-2017 ),5,LIGHT MOTOR VEHICLE,63,23,68,52,50,57,66,72,56,67,64,67,705
2022,Odisha,JAJPUR RTO - OR34( 23-OCT-2017 ),6,LIGHT PASSENGER VEHICLE,9,3,11,10,14,17,23,19,25,21,16,18,186
2022,Odisha,JAJPUR RTO - OR34( 23-OCT-2017 ),7,MEDIUM GOODS VEHICLE,0,0,0,0,1,2,1,2,0,0,0,0,6
2022,Odisha,JAJPUR RTO - OR34( 23-OCT-2017 ),8,MEDIUM MOTOR VEHICLE,0,7,1,1,0,2,1,1,1,0,4,0,18
2022,Odisha,JAJPUR RTO - OR34( 23-OCT-2017 ),9,MEDIUM PASSENGER VEHICLE,3,1,2,5,0,3,6,6,6,5,10,7,54
2022,Odisha,JAJPUR RTO - OR34( 23-OCT-2017 ),10,OTHER THAN MENTIONED ABOVE,5,4,4,0,4,3,3,7,2,4,9,6,51
2022,Odisha,JAJPUR RTO - OR34( 23-OCT-2017 ),11,THREE WHEELER(T),13,20,24,20,25,24,24,19,25,34,32,34,294
2022,Odisha,JAJPUR RTO - OR34( 23-OCT-2017 ),12,TWO WHEELER(NT),"1,204","1,023","1,231","1,253","1,198","1,359","1,075","1,042","1,108","2,688","1,517","1,251","15,949"
2022,Odisha,JHARSUGUDA RTO - OR23( 07-NOV-2017 ),1,HEAVY GOODS VEHICLE,99,24,38,45,94,6,83,74,56,42,44,37,642
2022,Odisha,JHARSUGUDA RTO - OR23( 07-NOV-2017 ),2,HEAVY MOTOR VEHICLE,4,7,9,8,8,6,2,7,5,6,5,6,73
2022,Odisha,JHARSUGUDA RTO - OR23( 07-NOV-2017 ),3,HEAVY PASSENGER VEHICLE,1,0,0,0,0,0,0,0,0,0,0,0,1
2022,Odisha,JHARSUGUDA RTO - OR23( 07-NOV-2017 ),4,LIGHT GOODS VEHICLE,36,32,16,39,30,35,40,33,35,40,47,40,423
2022,Odisha,JHARSUGUDA RTO - OR23( 07-NOV-2017 ),5,LIGHT MOTOR VEHICLE,122,125,175,129,131,149,122,133,143,179,170,144,"1,722"
2022,Odisha,JHARSUGUDA RTO - OR23( 07-NOV-2017 ),6,LIGHT PASSENGER VEHICLE,11,12,19,21,13,19,15,21,21,5,14,17,188
2022,Odisha,JHARSUGUDA RTO - OR23( 07-NOV-2017 ),7,MEDIUM GOODS VEHICLE,0,0,0,2,0,1,1,0,0,2,2,0,8
2022,Odisha,JHARSUGUDA RTO - OR23( 07-NOV-2017 ),8,MEDIUM MOTOR VEHICLE,9,6,16,9,5,8,4,7,4,9,9,8,94
2022,Odisha,JHARSUGUDA RTO - OR23( 07-NOV-2017 ),9,MEDIUM PASSENGER VEHICLE,2,18,14,2,3,4,7,7,10,9,7,9,92
2022,Odisha,JHARSUGUDA RTO - OR23( 07-NOV-2017 ),10,OTHER THAN MENTIONED ABOVE,15,14,18,10,9,21,22,11,6,7,8,4,145
2022,Odisha,JHARSUGUDA RTO - OR23( 07-NOV-2017 ),11,THREE WHEELER(T),6,14,14,18,7,11,18,15,25,33,25,25,211
2022,Odisha,JHARSUGUDA RTO - OR23( 07-NOV-2017 ),12,TWO WHEELER(NT),933,886,989,911,895,856,868,713,715,"1,700","1,067",779,"11,312"
2022,Odisha,KALAHANDI RTO - OR8( 23-OCT-2017 ),1,HEAVY GOODS VEHICLE,10,20,14,20,4,6,5,4,11,7,8,8,117
2022,Odisha,KALAHANDI RTO - OR8( 23-OCT-2017 ),2,HEAVY MOTOR VEHICLE,0,1,0,0,0,0,1,0,1,0,0,0,3
2022,Odisha,KALAHANDI RTO - OR8( 23-OCT-2017 ),3,HEAVY PASSENGER VEHICLE,0,0,0,1,0,0,0,0,1,1,0,2,5
2022,Odisha,KALAHANDI RTO - OR8( 23-OCT-2017 ),4,LIGHT GOODS VEHICLE,41,51,50,47,45,46,53,44,45,58,72,47,599
2022,Odisha,KALAHANDI RTO - OR8( 23-OCT-2017 ),5,LIGHT MOTOR VEHICLE,134,105,112,117,106,126,128,79,91,122,132,170,"1,422"
2022,Odisha,KALAHANDI RTO - OR8( 23-OCT-2017 ),6,LIGHT PASSENGER VEHICLE,7,7,11,11,10,17,12,12,10,11,10,13,131
2022,Odisha,KALAHANDI RTO - OR8( 23-OCT-2017 ),7,MEDIUM MOTOR VEHICLE,7,1,1,2,3,0,0,2,0,1,0,5,22
2022,Odisha,KALAHANDI RTO - OR8( 23-OCT-2017 ),8,MEDIUM PASSENGER VEHICLE,0,0,1,0,0,0,1,2,1,1,0,0,6
2022,Odisha,KALAHANDI RTO - OR8( 23-OCT-2017 ),9,OTHER THAN MENTIONED ABOVE,7,6,4,6,8,4,1,2,3,6,4,5,56
2022,Odisha,KALAHANDI RTO - OR8( 23-OCT-2017 ),10,THREE WHEELER(NT),0,0,0,2,0,0,0,0,0,0,0,0,2
2022,Odisha,KALAHANDI RTO - OR8( 23-OCT-2017 ),11,THREE WHEELER(T),19,15,27,20,21,15,17,15,32,44,33,31,289
2022,Odisha,KALAHANDI RTO - OR8( 23-OCT-2017 ),12,TWO WHEELER(NT),"2,193","2,493","2,219","1,823","1,233","1,026",721,769,"1,000","1,652",868,"1,079","17,076"
2022,Odisha,KENDRAPARA RTO - OR29( 23-OCT-2017 ),1,HEAVY GOODS VEHICLE,10,5,4,24,8,4,8,4,1,5,4,8,85
2022,Odisha,KENDRAPARA RTO - OR29( 23-OCT-2017 ),2,HEAVY MOTOR VEHICLE,0,0,0,0,0,0,1,0,0,0,1,0,2
2022,Odisha,KENDRAPARA RTO - OR29( 23-OCT-2017 ),3,HEAVY PASSENGER VEHICLE,0,0,0,0,0,0,0,0,0,0,1,0,1
2022,Odisha,KENDRAPARA RTO - OR29( 23-OCT-2017 ),4,LIGHT GOODS VEHICLE,36,38,41,33,28,33,25,22,26,35,48,37,402
2022,Odisha,KENDRAPARA RTO - OR29( 23-OCT-2017 ),5,LIGHT MOTOR VEHICLE,29,26,22,25,25,34,42,37,40,28,22,33,363
2022,Odisha,KENDRAPARA RTO - OR29( 23-OCT-2017 ),6,LIGHT PASSENGER VEHICLE,3,0,0,5,1,5,0,5,5,5,4,3,36
2022,Odisha,KENDRAPARA RTO - OR29( 23-OCT-2017 ),7,MEDIUM GOODS VEHICLE,0,0,0,0,0,0,0,0,0,0,1,0,1
2022,Odisha,KENDRAPARA RTO - OR29( 23-OCT-2017 ),8,MEDIUM MOTOR VEHICLE,1,0,0,1,0,1,1,1,0,1,0,1,7
2022,Odisha,KENDRAPARA RTO - OR29( 23-OCT-2017 ),9,MEDIUM PASSENGER VEHICLE,0,0,0,0,0,0,1,0,0,0,0,1,2
2022,Odisha,KENDRAPARA RTO - OR29( 23-OCT-2017 ),10,OTHER THAN MENTIONED ABOVE,2,2,0,1,0,1,1,0,0,0,1,0,8
2022,Odisha,KENDRAPARA RTO - OR29( 23-OCT-2017 ),11,THREE WHEELER(T),24,19,54,33,31,24,29,24,49,49,25,30,391
2022,Odisha,KENDRAPARA RTO - OR29( 23-OCT-2017 ),12,TWO WHEELER(NT),824,796,926,927,702,870,673,590,754,"1,646",804,865,"10,377"
2022,Odisha,KEONJHAR RTO - OR9( 04-DEC-2017 ),1,HEAVY GOODS VEHICLE,12,26,17,29,35,24,13,17,12,30,19,14,248
2022,Odisha,KEONJHAR RTO - OR9( 04-DEC-2017 ),2,HEAVY MOTOR VEHICLE,0,0,0,0,0,0,2,0,0,0,0,2,4
2022,Odisha,KEONJHAR RTO - OR9( 04-DEC-2017 ),3,HEAVY PASSENGER VEHICLE,0,0,0,0,0,1,0,0,0,0,0,4,5
2022,Odisha,KEONJHAR RTO - OR9( 04-DEC-2017 ),4,LIGHT GOODS VEHICLE,57,32,58,51,34,49,50,35,41,40,35,60,542
2022,Odisha,KEONJHAR RTO - OR9( 04-DEC-2017 ),5,LIGHT MOTOR VEHICLE,81,87,94,75,90,105,124,82,79,101,68,117,"1,103"
2022,Odisha,KEONJHAR RTO - OR9( 04-DEC-2017 ),6,LIGHT PASSENGER VEHICLE,10,4,11,16,20,11,11,13,2,10,7,9,124
2022,Odisha,KEONJHAR RTO - OR9( 04-DEC-2017 ),7,MEDIUM GOODS VEHICLE,1,0,2,1,1,0,1,1,0,1,0,0,8
2022,Odisha,KEONJHAR RTO - OR9( 04-DEC-2017 ),8,MEDIUM MOTOR VEHICLE,1,1,1,2,1,1,1,0,1,0,0,1,10
2022,Odisha,KEONJHAR RTO - OR9( 04-DEC-2017 ),9,MEDIUM PASSENGER VEHICLE,0,0,1,2,2,0,0,1,2,4,2,2,16
2022,Odisha,KEONJHAR RTO - OR9( 04-DEC-2017 ),10,OTHER THAN MENTIONED ABOVE,5,4,7,5,5,7,3,3,1,3,5,10,58
2022,Odisha,KEONJHAR RTO - OR9( 04-DEC-2017 ),11,THREE WHEELER(T),68,48,67,54,60,43,42,39,61,81,56,53,672
2022,Odisha,KEONJHAR RTO - OR9( 04-DEC-2017 ),12,TWO WHEELER(NT),"1,382","1,118","1,369","1,178","1,098","1,206","1,016",791,"1,017","2,085","1,091",991,"14,342"
2022,Odisha,KHORDHA ARTO - OR201( 20-JAN-2018 ),1,HEAVY GOODS VEHICLE,7,7,14,28,12,12,15,11,13,7,14,30,170
2022,Odisha,KHORDHA ARTO - OR201( 20-JAN-2018 ),2,HEAVY MOTOR VEHICLE,0,1,0,1,0,0,0,0,0,0,0,0,2
2022,Odisha,KHORDHA ARTO - OR201( 20-JAN-2018 ),3,HEAVY PASSENGER VEHICLE,1,0,0,0,0,0,0,1,0,0,0,0,2
2022,Odisha,KHORDHA ARTO - OR201( 20-JAN-2018 ),4,LIGHT GOODS VEHICLE,25,25,22,19,42,16,38,16,22,22,16,15,278
2022,Odisha,KHORDHA ARTO - OR201( 20-JAN-2018 ),5,LIGHT MOTOR VEHICLE,23,31,27,41,30,30,53,48,41,50,41,45,460
2022,Odisha,KHORDHA ARTO - OR201( 20-JAN-2018 ),6,LIGHT PASSENGER VEHICLE,2,1,4,2,0,3,4,6,2,3,2,5,34
2022,Odisha,KHORDHA ARTO - OR201( 20-JAN-2018 ),7,MEDIUM GOODS VEHICLE,0,0,1,2,0,0,2,0,0,0,1,0,6
2022,Odisha,KHORDHA ARTO - OR201( 20-JAN-2018 ),8,MEDIUM MOTOR VEHICLE,0,0,0,3,0,0,2,0,1,1,0,0,7
2022,Odisha,KHORDHA ARTO - OR201( 20-JAN-2018 ),9,MEDIUM PASSENGER VEHICLE,0,0,0,3,0,1,1,1,3,3,1,1,14
2022,Odisha,KHORDHA ARTO - OR201( 20-JAN-2018 ),10,OTHER THAN MENTIONED ABOVE,1,2,0,1,2,0,0,1,1,0,1,1,10
2022,Odisha,KHORDHA ARTO - OR201( 20-JAN-2018 ),11,THREE WHEELER(T),13,8,8,5,15,14,6,29,14,6,9,12,139
2022,Odisha,KHORDHA ARTO - OR201( 20-JAN-2018 ),12,TWO WHEELER(NT),205,220,334,245,200,202,175,173,200,506,268,244,"2,972"
2022,Odisha,KHORDHA ARTO - OR201( 20-JAN-2018 ),13,TWO WHEELER(T),0,0,0,1,0,0,0,1,0,0,0,0,2
2022,Odisha,KORAPUT RTO - OR10( 25-DEC-2017 ),1,HEAVY GOODS VEHICLE,12,14,19,11,8,16,20,7,6,8,31,34,186
2022,Odisha,KORAPUT RTO - OR10( 25-DEC-2017 ),2,HEAVY MOTOR VEHICLE,0,0,0,0,0,0,0,0,0,0,1,0,1
2022,Odisha,KORAPUT RTO - OR10( 25-DEC-2017 ),3,HEAVY PASSENGER VEHICLE,0,0,0,0,2,0,1,0,2,0,0,5,10
2022,Odisha,KORAPUT RTO - OR10( 25-DEC-2017 ),4,LIGHT GOODS VEHICLE,81,74,83,74,67,65,67,54,76,69,86,37,833
2022,Odisha,KORAPUT RTO - OR10( 25-DEC-2017 ),5,LIGHT MOTOR VEHICLE,125,134,136,127,118,122,126,111,155,163,129,127,"1,573"
2022,Odisha,KORAPUT RTO - OR10( 25-DEC-2017 ),6,LIGHT PASSENGER VEHICLE,6,9,11,17,12,12,13,7,12,8,10,16,133
2022,Odisha,KORAPUT RTO - OR10( 25-DEC-2017 ),7,MEDIUM GOODS VEHICLE,1,0,3,1,1,0,0,1,7,0,1,5,20
2022,Odisha,KORAPUT RTO - OR10( 25-DEC-2017 ),8,MEDIUM MOTOR VEHICLE,2,5,2,3,1,1,1,0,1,0,1,1,18
2022,Odisha,KORAPUT RTO - OR10( 25-DEC-2017 ),9,MEDIUM PASSENGER VEHICLE,0,0,0,1,0,1,1,0,0,2,0,0,5
2022,Odisha,KORAPUT RTO - OR10( 25-DEC-2017 ),10,OTHER THAN MENTIONED ABOVE,2,3,3,4,0,6,2,2,6,1,6,12,47
2022,Odisha,KORAPUT RTO - OR10( 25-DEC-2017 ),11,THREE WHEELER(T),14,14,22,17,28,27,20,19,13,8,11,15,208
2022,Odisha,KORAPUT RTO - OR10( 25-DEC-2017 ),12,TWO WHEELER(NT),"1,634","1,465","1,489","1,405","1,243","1,119",862,859,"1,324","2,070","1,120","1,125","15,715"
2022,Odisha,MALKANAGIRI RTO - OR30( 25-DEC-2017 ),1,HEAVY GOODS VEHICLE,4,10,8,4,5,0,3,2,3,4,3,3,49
2022,Odisha,MALKANAGIRI RTO - OR30( 25-DEC-2017 ),2,HEAVY MOTOR VEHICLE,0,0,1,2,0,0,0,0,0,0,0,0,3
2022,Odisha,MALKANAGIRI RTO - OR30( 25-DEC-2017 ),3,LIGHT GOODS VEHICLE,42,29,29,23,26,33,50,43,32,47,40,16,410
2022,Odisha,MALKANAGIRI RTO - OR30( 25-DEC-2017 ),4,LIGHT MOTOR VEHICLE,18,30,41,37,42,46,45,21,33,26,22,49,410
2022,Odisha,MALKANAGIRI RTO - OR30( 25-DEC-2017 ),5,LIGHT PASSENGER VEHICLE,3,0,9,5,3,3,3,4,5,2,5,4,46
2022,Odisha,MALKANAGIRI RTO - OR30( 25-DEC-2017 ),6,MEDIUM GOODS VEHICLE,0,0,0,1,0,0,0,0,0,0,0,0,1
2022,Odisha,MALKANAGIRI RTO - OR30( 25-DEC-2017 ),7,MEDIUM MOTOR VEHICLE,1,0,0,0,0,0,0,0,0,0,0,1,2
2022,Odisha,MALKANAGIRI RTO - OR30( 25-DEC-2017 ),8,OTHER THAN MENTIONED ABOVE,2,1,0,4,0,3,1,1,0,1,0,0,13
2022,Odisha,MALKANAGIRI RTO - OR30( 25-DEC-2017 ),9,THREE WHEELER(T),9,13,18,4,10,15,8,12,12,10,9,5,125
2022,Odisha,MALKANAGIRI RTO - OR30( 25-DEC-2017 ),10,TWO WHEELER(NT),468,501,504,409,433,432,297,311,322,675,362,428,"5,142"
2022,Odisha,MAYURBHANJ RTO - OR11( 08-NOV-2017 ),1,HEAVY GOODS VEHICLE,7,4,7,4,5,20,3,1,5,3,11,15,85
2022,Odisha,MAYURBHANJ RTO - OR11( 08-NOV-2017 ),2,HEAVY MOTOR VEHICLE,0,0,0,1,0,0,0,0,1,0,0,0,2
2022,Odisha,MAYURBHANJ RTO - OR11( 08-NOV-2017 ),3,HEAVY PASSENGER VEHICLE,0,0,1,0,0,0,0,0,0,0,0,0,1
2022,Odisha,MAYURBHANJ RTO - OR11( 08-NOV-2017 ),4,LIGHT GOODS VEHICLE,35,24,39,43,37,42,34,31,27,41,40,29,422
2022,Odisha,MAYURBHANJ RTO - OR11( 08-NOV-2017 ),5,LIGHT MOTOR VEHICLE,134,111,103,138,116,147,158,123,108,132,119,151,"1,540"
2022,Odisha,MAYURBHANJ RTO - OR11( 08-NOV-2017 ),6,LIGHT PASSENGER VEHICLE,2,1,1,1,0,6,3,3,7,7,7,4,42
2022,Odisha,MAYURBHANJ RTO - OR11( 08-NOV-2017 ),7,MEDIUM GOODS VEHICLE,1,1,0,0,1,0,0,0,1,0,1,0,5
2022,Odisha,MAYURBHANJ RTO - OR11( 08-NOV-2017 ),8,MEDIUM MOTOR VEHICLE,0,0,0,0,2,1,0,0,0,0,0,0,3
2022,Odisha,MAYURBHANJ RTO - OR11( 08-NOV-2017 ),9,MEDIUM PASSENGER VEHICLE,0,0,0,1,0,2,0,2,1,0,2,1,9
2022,Odisha,MAYURBHANJ RTO - OR11( 08-NOV-2017 ),10,OTHER THAN MENTIONED ABOVE,3,2,7,1,6,2,1,0,0,0,3,4,29
2022,Odisha,MAYURBHANJ RTO - OR11( 08-NOV-2017 ),11,THREE WHEELER(T),32,24,36,29,29,31,23,14,39,28,30,42,357
2022,Odisha,MAYURBHANJ RTO - OR11( 08-NOV-2017 ),12,TWO WHEELER (INVALID CARRIAGE),0,0,0,0,0,1,0,0,0,0,0,0,1
2022,Odisha,MAYURBHANJ RTO - OR11( 08-NOV-2017 ),13,TWO WHEELER(NT),"1,663","1,195","1,318","1,156","1,066","1,298","1,036",910,"1,124","2,143",883,"1,001","14,793"
2022,Odisha,NAWARANGPUR RTO - OR24( 07-NOV-2017 ),1,HEAVY GOODS VEHICLE,5,14,9,1,10,4,4,5,10,4,3,7,76
2022,Odisha,NAWARANGPUR RTO - OR24( 07-NOV-2017 ),2,HEAVY MOTOR VEHICLE,0,0,2,0,0,0,0,1,0,0,0,1,4
2022,Odisha,NAWARANGPUR RTO - OR24( 07-NOV-2017 ),3,HEAVY PASSENGER VEHICLE,0,0,0,0,0,0,0,1,0,0,0,0,1
2022,Odisha,NAWARANGPUR RTO - OR24( 07-NOV-2017 ),4,LIGHT GOODS VEHICLE,115,99,118,79,115,165,100,98,93,50,51,26,"1,109"
2022,Odisha,NAWARANGPUR RTO - OR24( 07-NOV-2017 ),5,LIGHT MOTOR VEHICLE,52,42,49,37,40,50,37,35,51,75,102,102,672
2022,Odisha,NAWARANGPUR RTO - OR24( 07-NOV-2017 ),6,LIGHT PASSENGER VEHICLE,5,5,6,8,3,6,5,2,5,3,5,6,59
2022,Odisha,NAWARANGPUR RTO - OR24( 07-NOV-2017 ),7,MEDIUM GOODS VEHICLE,0,0,0,0,1,0,0,0,0,0,0,1,2
2022,Odisha,NAWARANGPUR RTO - OR24( 07-NOV-2017 ),8,MEDIUM MOTOR VEHICLE,0,0,1,0,0,0,0,0,0,0,2,0,3
2022,Odisha,NAWARANGPUR RTO - OR24( 07-NOV-2017 ),9,MEDIUM PASSENGER VEHICLE,0,0,0,0,0,0,0,1,0,0,0,0,1
2022,Odisha,NAWARANGPUR RTO - OR24( 07-NOV-2017 ),10,OTHER THAN MENTIONED ABOVE,1,3,7,0,2,2,2,2,3,0,4,2,28
2022,Odisha,NAWARANGPUR RTO - OR24( 07-NOV-2017 ),11,THREE WHEELER(T),4,17,4,0,8,2,2,0,4,4,10,11,66
2022,Odisha,NAWARANGPUR RTO - OR24( 07-NOV-2017 ),12,TWO WHEELER(NT),957,983,890,761,663,586,422,372,521,952,635,849,"8,591"
2022,Odisha,NAYAGARH RTO - OR25( 25-DEC-2017 ),1,HEAVY GOODS VEHICLE,0,1,2,3,1,0,2,2,2,4,5,3,25
2022,Odisha,NAYAGARH RTO - OR25( 25-DEC-2017 ),2,HEAVY MOTOR VEHICLE,0,0,0,0,0,0,1,0,0,0,0,0,1
2022,Odisha,NAYAGARH RTO - OR25( 25-DEC-2017 ),3,LIGHT GOODS VEHICLE,9,10,11,8,8,8,11,10,9,4,8,5,101
2022,Odisha,NAYAGARH RTO - OR25( 25-DEC-2017 ),4,LIGHT MOTOR VEHICLE,15,15,23,19,13,16,26,12,25,14,22,16,216
2022,Odisha,NAYAGARH RTO - OR25( 25-DEC-2017 ),5,LIGHT PASSENGER VEHICLE,2,2,0,0,1,1,2,1,1,2,0,3,15
2022,Odisha,NAYAGARH RTO - OR25( 25-DEC-2017 ),6,MEDIUM GOODS VEHICLE,0,0,0,0,0,0,0,0,0,0,1,0,1
2022,Odisha,NAYAGARH RTO - OR25( 25-DEC-2017 ),7,MEDIUM MOTOR VEHICLE,0,0,1,1,0,1,3,0,0,1,1,0,8
2022,Odisha,NAYAGARH RTO - OR25( 25-DEC-2017 ),8,MEDIUM PASSENGER VEHICLE,0,0,0,0,0,0,0,0,1,0,1,3,5
2022,Odisha,NAYAGARH RTO - OR25( 25-DEC-2017 ),9,OTHER THAN MENTIONED ABOVE,0,0,0,0,0,0,0,0,0,0,1,0,1
2022,Odisha,NAYAGARH RTO - OR25( 25-DEC-2017 ),10,THREE WHEELER(T),9,5,7,8,9,11,8,9,10,20,22,20,138
2022,Odisha,NAYAGARH RTO - OR25( 25-DEC-2017 ),11,TWO WHEELER(NT),825,696,900,875,734,739,657,610,685,"1,664","1,088",824,"10,297"
2022,Odisha,NUAPADA RTO - OR26( 06-NOV-2017 ),1,HEAVY GOODS VEHICLE,0,3,2,2,0,0,0,0,1,0,4,2,14
2022,Odisha,NUAPADA RTO - OR26( 06-NOV-2017 ),2,HEAVY PASSENGER VEHICLE,1,0,0,0,0,0,0,0,0,0,0,0,1
2022,Odisha,NUAPADA RTO - OR26( 06-NOV-2017 ),3,LIGHT GOODS VEHICLE,18,10,20,17,9,11,17,15,7,21,18,19,182
2022,Odisha,NUAPADA RTO - OR26( 06-NOV-2017 ),4,LIGHT MOTOR VEHICLE,44,38,66,36,37,62,61,52,44,41,47,69,597
2022,Odisha,NUAPADA RTO - OR26( 06-NOV-2017 ),5,LIGHT PASSENGER VEHICLE,2,3,1,2,5,3,1,3,0,4,1,2,27
2022,Odisha,NUAPADA RTO - OR26( 06-NOV-2017 ),6,MEDIUM GOODS VEHICLE,1,0,0,0,0,0,0,0,0,0,0,0,1
2022,Odisha,NUAPADA RTO - OR26( 06-NOV-2017 ),7,MEDIUM MOTOR VEHICLE,1,0,3,0,0,1,0,1,0,0,0,0,6
2022,Odisha,NUAPADA RTO - OR26( 06-NOV-2017 ),8,MEDIUM PASSENGER VEHICLE,0,0,0,0,0,0,0,0,0,0,0,1,1
2022,Odisha,NUAPADA RTO - OR26( 06-NOV-2017 ),9,OTHER THAN MENTIONED ABOVE,4,1,1,1,0,0,0,1,2,0,2,0,12
2022,Odisha,NUAPADA RTO - OR26( 06-NOV-2017 ),10,THREE WHEELER(T),2,3,3,4,4,1,0,8,6,2,1,1,35
2022,Odisha,NUAPADA RTO - OR26( 06-NOV-2017 ),11,TWO WHEELER(NT),703,600,678,532,398,350,327,206,236,496,381,339,"5,246"
2022,Odisha,PHULBANI RTO - OR12( 23-OCT-2017 ),1,HEAVY GOODS VEHICLE,2,1,0,0,0,1,1,0,2,0,2,1,10
2022,Odisha,PHULBANI RTO - OR12( 23-OCT-2017 ),2,HEAVY MOTOR VEHICLE,0,0,0,1,0,0,0,0,0,0,0,0,1
2022,Odisha,PHULBANI RTO - OR12( 23-OCT-2017 ),3,LIGHT GOODS VEHICLE,9,13,10,7,16,9,10,8,12,10,12,12,128
2022,Odisha,PHULBANI RTO - OR12( 23-OCT-2017 ),4,LIGHT MOTOR VEHICLE,13,5,16,13,9,10,9,9,12,9,17,14,136
2022,Odisha,PHULBANI RTO - OR12( 23-OCT-2017 ),5,LIGHT PASSENGER VEHICLE,0,0,4,2,1,0,4,3,0,1,0,1,16
2022,Odisha,PHULBANI RTO - OR12( 23-OCT-2017 ),6,MEDIUM GOODS VEHICLE,0,0,0,1,0,0,0,0,0,0,0,0,1
2022,Odisha,PHULBANI RTO - OR12( 23-OCT-2017 ),7,MEDIUM PASSENGER VEHICLE,0,0,0,0,0,1,0,1,1,0,0,0,3
2022,Odisha,PHULBANI RTO - OR12( 23-OCT-2017 ),8,OTHER THAN MENTIONED ABOVE,0,1,0,0,0,0,0,0,0,1,1,1,4
2022,Odisha,PHULBANI RTO - OR12( 23-OCT-2017 ),9,THREE WHEELER(T),23,15,21,19,20,25,20,18,24,26,27,22,260
2022,Odisha,PHULBANI RTO - OR12( 23-OCT-2017 ),10,TWO WHEELER(NT),469,397,510,522,607,461,381,284,409,727,462,416,"5,645"
2022,Odisha,PURI RTO - OR13( 25-DEC-2017 ),1,HEAVY GOODS VEHICLE,0,0,1,0,0,0,0,0,1,2,2,0,6
2022,Odisha,PURI RTO - OR13( 25-DEC-2017 ),2,HEAVY PASSENGER VEHICLE,0,0,0,0,0,1,1,0,0,1,1,0,4
2022,Odisha,PURI RTO - OR13( 25-DEC-2017 ),3,LIGHT GOODS VEHICLE,15,15,22,19,24,41,33,31,33,43,31,30,337
2022,Odisha,PURI RTO - OR13( 25-DEC-2017 ),4,LIGHT MOTOR VEHICLE,43,42,32,25,32,60,52,66,53,72,70,70,617
2022,Odisha,PURI RTO - OR13( 25-DEC-2017 ),5,LIGHT PASSENGER VEHICLE,2,5,3,4,7,5,4,7,4,5,6,22,74
2022,Odisha,PURI RTO - OR13( 25-DEC-2017 ),6,MEDIUM MOTOR VEHICLE,0,0,0,0,0,0,1,0,0,1,2,0,4
2022,Odisha,PURI RTO - OR13( 25-DEC-2017 ),7,MEDIUM PASSENGER VEHICLE,0,1,0,8,3,1,6,0,0,2,3,2,26
2022,Odisha,PURI RTO - OR13( 25-DEC-2017 ),8,THREE WHEELER(T),17,13,32,36,54,79,59,66,67,126,115,154,818
2022,Odisha,PURI RTO - OR13( 25-DEC-2017 ),9,TWO WHEELER(NT),"1,159",866,"1,227","1,169","1,140","1,221","1,042","1,055","1,031","2,406","1,275","1,149","14,740"
2022,Odisha,RAIRANGPUR ARTO - OR111( 08-NOV-2017 ),1,HEAVY GOODS VEHICLE,4,3,2,1,6,1,1,4,1,16,4,6,49
2022,Odisha,RAIRANGPUR ARTO - OR111( 08-NOV-2017 ),2,HEAVY MOTOR VEHICLE,0,0,0,0,0,0,1,0,0,0,0,0,1
2022,Odisha,RAIRANGPUR ARTO - OR111( 08-NOV-2017 ),3,LIGHT GOODS VEHICLE,24,51,40,34,32,38,19,21,35,32,22,41,389
2022,Odisha,RAIRANGPUR ARTO - OR111( 08-NOV-2017 ),4,LIGHT MOTOR VEHICLE,35,24,42,36,55,55,52,52,59,46,32,40,528
2022,Odisha,RAIRANGPUR ARTO - OR111( 08-NOV-2017 ),5,LIGHT PASSENGER VEHICLE,14,5,13,11,6,5,8,8,3,5,4,3,85
2022,Odisha,RAIRANGPUR ARTO - OR111( 08-NOV-2017 ),6,MEDIUM GOODS VEHICLE,1,0,0,0,0,0,0,0,0,0,0,1,2
2022,Odisha,RAIRANGPUR ARTO - OR111( 08-NOV-2017 ),7,MEDIUM MOTOR VEHICLE,2,1,1,1,0,0,0,0,0,0,0,0,5
2022,Odisha,RAIRANGPUR ARTO - OR111( 08-NOV-2017 ),8,MEDIUM PASSENGER VEHICLE,0,2,1,0,1,0,0,1,1,0,1,1,8
2022,Odisha,RAIRANGPUR ARTO - OR111( 08-NOV-2017 ),9,OTHER THAN MENTIONED ABOVE,0,2,4,3,2,0,3,1,0,0,2,0,17
2022,Odisha,RAIRANGPUR ARTO - OR111( 08-NOV-2017 ),10,THREE WHEELER(T),17,15,13,17,14,17,16,12,14,7,24,18,184
2022,Odisha,RAIRANGPUR ARTO - OR111( 08-NOV-2017 ),11,TWO WHEELER (INVALID CARRIAGE),0,0,0,0,0,0,0,0,0,1,0,0,1
2022,Odisha,RAIRANGPUR ARTO - OR111( 08-NOV-2017 ),12,TWO WHEELER(NT),711,525,604,429,453,508,361,333,447,928,418,460,"6,177"
2022,Odisha,RAYGADA RTO - OR18( 25-DEC-2017 ),1,HEAVY GOODS VEHICLE,15,22,15,29,11,15,12,14,13,6,3,11,166
2022,Odisha,RAYGADA RTO - OR18( 25-DEC-2017 ),2,HEAVY MOTOR VEHICLE,0,1,0,0,0,0,0,0,1,0,0,0,2
2022,Odisha,RAYGADA RTO - OR18( 25-DEC-2017 ),3,HEAVY PASSENGER VEHICLE,0,0,0,1,2,0,0,0,0,0,1,0,4
2022,Odisha,RAYGADA RTO - OR18( 25-DEC-2017 ),4,LIGHT GOODS VEHICLE,29,53,47,39,33,29,41,40,31,33,44,43,462
2022,Odisha,RAYGADA RTO - OR18( 25-DEC-2017 ),5,LIGHT MOTOR VEHICLE,64,75,67,55,72,72,66,57,65,63,69,60,785
2022,Odisha,RAYGADA RTO - OR18( 25-DEC-2017 ),6,LIGHT PASSENGER VEHICLE,6,3,9,5,12,6,8,4,2,9,9,10,83
2022,Odisha,RAYGADA RTO - OR18( 25-DEC-2017 ),7,MEDIUM GOODS VEHICLE,2,0,0,1,1,0,0,0,0,1,0,1,6
2022,Odisha,RAYGADA RTO - OR18( 25-DEC-2017 ),8,MEDIUM MOTOR VEHICLE,2,0,0,1,2,3,0,0,1,0,0,0,9
2022,Odisha,RAYGADA RTO - OR18( 25-DEC-2017 ),9,MEDIUM PASSENGER VEHICLE,0,0,0,1,0,0,1,0,0,0,1,0,3
2022,Odisha,RAYGADA RTO - OR18( 25-DEC-2017 ),10,OTHER THAN MENTIONED ABOVE,6,2,1,4,3,4,2,2,5,4,7,8,48
2022,Odisha,RAYGADA RTO - OR18( 25-DEC-2017 ),11,THREE WHEELER(T),4,8,6,7,10,14,5,4,9,6,13,11,97
2022,Odisha,RAYGADA RTO - OR18( 25-DEC-2017 ),12,TWO WHEELER(NT),979,"1,029","1,037",985,944,744,580,478,734,"1,221",607,661,"9,999"
2022,Odisha,ROURKELA RTO - OR14( 25-DEC-2017 ),1,FOUR WHEELER (INVALID CARRIAGE),0,0,0,0,0,0,0,0,0,1,0,0,1
2022,Odisha,ROURKELA RTO - OR14( 25-DEC-2017 ),2,HEAVY GOODS VEHICLE,50,85,90,100,73,55,33,59,70,36,48,45,744
2022,Odisha,ROURKELA RTO - OR14( 25-DEC-2017 ),3,HEAVY MOTOR VEHICLE,1,3,6,7,4,4,1,3,1,0,3,1,34
2022,Odisha,ROURKELA RTO - OR14( 25-DEC-2017 ),4,HEAVY PASSENGER VEHICLE,1,0,2,1,2,2,2,0,2,0,0,7,19
2022,Odisha,ROURKELA RTO - OR14( 25-DEC-2017 ),5,LIGHT GOODS VEHICLE,67,68,80,68,72,72,88,54,73,96,63,62,863
2022,Odisha,ROURKELA RTO - OR14( 25-DEC-2017 ),6,LIGHT MOTOR VEHICLE,319,286,328,252,322,337,280,326,335,435,307,394,"3,921"
2022,Odisha,ROURKELA RTO - OR14( 25-DEC-2017 ),7,LIGHT PASSENGER VEHICLE,10,12,24,23,19,13,14,7,22,18,18,13,193
2022,Odisha,ROURKELA RTO - OR14( 25-DEC-2017 ),8,MEDIUM GOODS VEHICLE,2,3,0,2,0,1,3,1,0,2,2,0,16
2022,Odisha,ROURKELA RTO - OR14( 25-DEC-2017 ),9,MEDIUM MOTOR VEHICLE,2,2,4,7,7,9,4,7,12,3,17,5,79
2022,Odisha,ROURKELA RTO - OR14( 25-DEC-2017 ),10,MEDIUM PASSENGER VEHICLE,2,2,3,1,2,3,4,2,5,3,3,27,57
2022,Odisha,ROURKELA RTO - OR14( 25-DEC-2017 ),11,OTHER THAN MENTIONED ABOVE,1,1,6,6,6,1,13,4,6,5,7,10,66
2022,Odisha,ROURKELA RTO - OR14( 25-DEC-2017 ),12,THREE WHEELER(T),30,25,31,41,41,38,60,51,37,46,40,37,477
2022,Odisha,ROURKELA RTO - OR14( 25-DEC-2017 ),13,TWO WHEELER(NT),"1,650","1,428","1,630","1,496","1,318","1,422","1,373","1,297","1,580","3,220","1,500","1,750","19,664"
2022,Odisha,SAMBALPUR RTO - OR15( 04-DEC-2017 ),1,HEAVY GOODS VEHICLE,23,25,28,31,44,62,39,50,39,53,55,59,508
2022,Odisha,SAMBALPUR RTO - OR15( 04-DEC-2017 ),2,HEAVY MOTOR VEHICLE,11,0,1,4,2,0,4,0,1,0,1,2,26
2022,Odisha,SAMBALPUR RTO - OR15( 04-DEC-2017 ),3,HEAVY PASSENGER VEHICLE,2,0,0,0,1,1,0,0,0,3,0,4,11
2022,Odisha,SAMBALPUR RTO - OR15( 04-DEC-2017 ),4,LIGHT GOODS VEHICLE,53,62,53,46,35,52,49,48,36,52,41,45,572
2022,Odisha,SAMBALPUR RTO - OR15( 04-DEC-2017 ),5,LIGHT MOTOR VEHICLE,310,301,292,231,232,270,277,269,244,312,240,284,"3,262"
2022,Odisha,SAMBALPUR RTO - OR15( 04-DEC-2017 ),6,LIGHT PASSENGER VEHICLE,15,18,31,35,37,23,26,19,25,26,18,15,288
2022,Odisha,SAMBALPUR RTO - OR15( 04-DEC-2017 ),7,MEDIUM GOODS VEHICLE,1,1,0,4,1,0,5,2,0,0,1,1,16
2022,Odisha,SAMBALPUR RTO - OR15( 04-DEC-2017 ),8,MEDIUM MOTOR VEHICLE,9,9,7,13,9,12,3,5,5,9,12,18,111
2022,Odisha,SAMBALPUR RTO - OR15( 04-DEC-2017 ),9,MEDIUM PASSENGER VEHICLE,0,8,1,4,3,1,2,3,1,4,3,5,35
2022,Odisha,SAMBALPUR RTO - OR15( 04-DEC-2017 ),10,OTHER THAN MENTIONED ABOVE,2,1,1,5,2,19,4,2,2,5,2,1,46
2022,Odisha,SAMBALPUR RTO - OR15( 04-DEC-2017 ),11,THREE WHEELER(T),22,26,59,50,24,24,33,24,34,50,57,52,455
2022,Odisha,SAMBALPUR RTO - OR15( 04-DEC-2017 ),12,TWO WHEELER(NT),"1,467","1,336","1,391","1,466","1,346","1,334","1,099",947,"1,109","2,020","1,218","1,203","15,936"
2022,Odisha,SONEPUR RTO - OR31( 08-NOV-2017 ),1,HEAVY GOODS VEHICLE,10,1,0,1,0,0,1,5,1,0,2,4,25
2022,Odisha,SONEPUR RTO - OR31( 08-NOV-2017 ),2,HEAVY PASSENGER VEHICLE,0,0,0,0,0,0,0,0,0,0,1,0,1
2022,Odisha,SONEPUR RTO - OR31( 08-NOV-2017 ),3,LIGHT GOODS VEHICLE,15,8,15,29,16,8,17,24,14,23,15,18,202
2022,Odisha,SONEPUR RTO - OR31( 08-NOV-2017 ),4,LIGHT MOTOR VEHICLE,66,64,65,39,44,42,89,64,35,25,42,47,622
2022,Odisha,SONEPUR RTO - OR31( 08-NOV-2017 ),5,LIGHT PASSENGER VEHICLE,3,1,3,2,4,1,2,2,4,2,3,5,32
2022,Odisha,SONEPUR RTO - OR31( 08-NOV-2017 ),6,MEDIUM MOTOR VEHICLE,1,8,2,2,2,2,12,3,2,0,3,3,40
2022,Odisha,SONEPUR RTO - OR31( 08-NOV-2017 ),7,MEDIUM PASSENGER VEHICLE,0,0,0,0,0,0,1,0,1,0,0,0,2
2022,Odisha,SONEPUR RTO - OR31( 08-NOV-2017 ),8,OTHER THAN MENTIONED ABOVE,0,1,0,2,0,0,3,2,0,0,1,0,9
2022,Odisha,SONEPUR RTO - OR31( 08-NOV-2017 ),9,THREE WHEELER(T),6,3,3,2,4,1,5,3,2,10,6,6,51
2022,Odisha,SONEPUR RTO - OR31( 08-NOV-2017 ),10,TWO WHEELER(NT),881,"1,288","1,219","1,057",783,705,481,393,445,771,379,496,"8,898"
2022,Odisha,SUNDERGARH RTO - OR16( 08-NOV-2017 ),1,HEAVY GOODS VEHICLE,37,51,31,74,67,121,52,146,122,79,148,148,"1,076"
2022,Odisha,SUNDERGARH RTO - OR16( 08-NOV-2017 ),2,HEAVY MOTOR VEHICLE,1,4,6,0,28,7,2,3,6,0,2,8,67
2022,Odisha,SUNDERGARH RTO - OR16( 08-NOV-2017 ),3,HEAVY PASSENGER VEHICLE,0,0,0,0,0,1,1,0,0,1,1,1,5
2022,Odisha,SUNDERGARH RTO - OR16( 08-NOV-2017 ),4,LIGHT GOODS VEHICLE,24,65,50,49,27,52,26,34,23,24,32,32,438
2022,Odisha,SUNDERGARH RTO - OR16( 08-NOV-2017 ),5,LIGHT MOTOR VEHICLE,67,70,86,83,100,100,100,80,100,109,90,109,"1,094"
2022,Odisha,SUNDERGARH RTO - OR16( 08-NOV-2017 ),6,LIGHT PASSENGER VEHICLE,8,5,13,15,5,12,23,14,11,10,5,9,130
2022,Odisha,SUNDERGARH RTO - OR16( 08-NOV-2017 ),7,MEDIUM GOODS VEHICLE,0,0,0,2,1,0,1,0,1,0,0,1,6
2022,Odisha,SUNDERGARH RTO - OR16( 08-NOV-2017 ),8,MEDIUM MOTOR VEHICLE,0,4,3,4,2,4,2,1,4,8,0,4,36
2022,Odisha,SUNDERGARH RTO - OR16( 08-NOV-2017 ),9,MEDIUM PASSENGER VEHICLE,12,5,1,2,0,3,26,3,1,5,2,2,62
2022,Odisha,SUNDERGARH RTO - OR16( 08-NOV-2017 ),10,OTHER THAN MENTIONED ABOVE,0,1,0,0,2,6,0,0,0,0,0,1,10
2022,Odisha,SUNDERGARH RTO - OR16( 08-NOV-2017 ),11,THREE WHEELER(T),16,8,25,6,7,7,15,11,12,13,12,10,142
2022,Odisha,SUNDERGARH RTO - OR16( 08-NOV-2017 ),12,TWO WHEELER(NT),738,552,579,627,573,676,529,458,504,"1,008",780,682,"7,706"
2022,Odisha,TALCHER RTO - OR35( 25-DEC-2017 ),1,HEAVY GOODS VEHICLE,63,31,56,58,80,57,46,56,40,77,125,65,754
2022,Odisha,TALCHER RTO - OR35( 25-DEC-2017 ),2,HEAVY MOTOR VEHICLE,12,33,7,14,2,4,1,2,0,1,1,2,79
2022,Odisha,TALCHER RTO - OR35( 25-DEC-2017 ),3,LIGHT GOODS VEHICLE,28,13,20,27,8,19,10,14,20,29,30,18,236
2022,Odisha,TALCHER RTO - OR35( 25-DEC-2017 ),4,LIGHT MOTOR VEHICLE,28,21,33,23,16,20,15,17,19,25,13,12,242
2022,Odisha,TALCHER RTO - OR35( 25-DEC-2017 ),5,LIGHT PASSENGER VEHICLE,1,4,4,2,6,4,3,2,2,5,2,3,38
2022,Odisha,TALCHER RTO - OR35( 25-DEC-2017 ),6,MEDIUM GOODS VEHICLE,0,1,0,3,1,2,0,0,2,0,0,3,12
2022,Odisha,TALCHER RTO - OR35( 25-DEC-2017 ),7,MEDIUM MOTOR VEHICLE,0,0,1,0,1,0,0,0,1,0,2,0,5
2022,Odisha,TALCHER RTO - OR35( 25-DEC-2017 ),8,MEDIUM PASSENGER VEHICLE,2,0,2,0,0,1,0,0,1,2,0,0,8
2022,Odisha,TALCHER RTO - OR35( 25-DEC-2017 ),9,OTHER THAN MENTIONED ABOVE,6,4,5,6,9,2,1,6,1,1,3,5,49
2022,Odisha,TALCHER RTO - OR35( 25-DEC-2017 ),10,THREE WHEELER(T),3,2,4,4,1,1,4,2,2,6,3,3,35
2022,Odisha,TALCHER RTO - OR35( 25-DEC-2017 ),11,TWO WHEELER(NT),446,413,487,420,400,433,371,324,548,948,347,376,"5,513"
2021,Odisha,ANGUL RTO - OR19( 25-DEC-2017 ),1,HEAVY GOODS VEHICLE,30,27,28,40,8,7,11,30,28,21,11,13,254
2021,Odisha,ANGUL RTO - OR19( 25-DEC-2017 ),2,HEAVY MOTOR VEHICLE,1,0,1,3,0,1,2,2,2,0,4,5,21
2021,Odisha,ANGUL RTO - OR19( 25-DEC-2017 ),3,HEAVY PASSENGER VEHICLE,1,1,1,2,6,2,0,2,2,0,2,1,20
2021,Odisha,ANGUL RTO - OR19( 25-DEC-2017 ),4,LIGHT GOODS VEHICLE,62,51,71,48,10,30,42,35,52,49,38,43,531
2021,Odisha,ANGUL RTO - OR19( 25-DEC-2017 ),5,LIGHT MOTOR VEHICLE,182,142,135,115,46,101,168,124,84,112,76,100,"1,385"
2021,Odisha,ANGUL RTO - OR19( 25-DEC-2017 ),6,LIGHT PASSENGER VEHICLE,20,11,12,12,8,11,13,20,13,6,8,2,136
2021,Odisha,ANGUL RTO - OR19( 25-DEC-2017 ),7,MEDIUM GOODS VEHICLE,1,2,1,3,0,1,2,2,1,2,1,1,17
2021,Odisha,ANGUL RTO - OR19( 25-DEC-2017 ),8,MEDIUM MOTOR VEHICLE,5,4,7,3,9,8,11,2,1,0,0,4,54
2021,Odisha,ANGUL RTO - OR19( 25-DEC-2017 ),9,MEDIUM PASSENGER VEHICLE,0,1,0,0,3,1,3,1,1,2,4,0,16
2021,Odisha,ANGUL RTO - OR19( 25-DEC-2017 ),10,OTHER THAN MENTIONED ABOVE,22,28,35,10,1,4,7,8,35,11,6,16,183
2021,Odisha,ANGUL RTO - OR19( 25-DEC-2017 ),11,THREE WHEELER(T),28,19,27,23,3,7,21,14,16,41,20,20,239
2021,Odisha,ANGUL RTO - OR19( 25-DEC-2017 ),12,TWO WHEELER(NT),"1,093","1,040",964,892,195,490,"1,097",959,839,"1,762","1,095",708,"11,134"
2021,Odisha,ARTO BARBIL - OR901( 04-DEC-2017 ),1,HEAVY GOODS VEHICLE,192,192,219,231,129,129,223,180,173,37,50,129,"1,884"
2021,Odisha,ARTO BARBIL - OR901( 04-DEC-2017 ),2,HEAVY MOTOR VEHICLE,1,1,6,2,3,3,5,4,4,3,0,2,34
2021,Odisha,ARTO BARBIL - OR901( 04-DEC-2017 ),3,HEAVY PASSENGER VEHICLE,0,0,0,0,3,0,0,0,0,0,0,0,3
2021,Odisha,ARTO BARBIL - OR901( 04-DEC-2017 ),4,LIGHT GOODS VEHICLE,6,9,19,12,5,22,18,18,12,18,20,14,173
2021,Odisha,ARTO BARBIL - OR901( 04-DEC-2017 ),5,LIGHT MOTOR VEHICLE,14,13,16,19,12,13,14,27,22,11,19,11,191
2021,Odisha,ARTO BARBIL - OR901( 04-DEC-2017 ),6,LIGHT PASSENGER VEHICLE,12,13,14,7,3,8,12,9,7,10,21,13,129
2021,Odisha,ARTO BARBIL - OR901( 04-DEC-2017 ),7,MEDIUM GOODS VEHICLE,0,1,1,0,0,0,1,1,1,0,0,0,5
2021,Odisha,ARTO BARBIL - OR901( 04-DEC-2017 ),8,MEDIUM MOTOR VEHICLE,2,14,8,2,2,0,5,1,0,4,0,0,38
2021,Odisha,ARTO BARBIL - OR901( 04-DEC-2017 ),9,MEDIUM PASSENGER VEHICLE,0,0,1,0,0,0,2,0,0,0,1,1,5
2021,Odisha,ARTO BARBIL - OR901( 04-DEC-2017 ),10,OTHER THAN MENTIONED ABOVE,1,4,6,5,6,15,8,10,6,8,3,8,80
2021,Odisha,ARTO BARBIL - OR901( 04-DEC-2017 ),11,THREE WHEELER(T),1,2,3,0,0,0,1,1,2,0,1,1,12
2021,Odisha,ARTO BARBIL - OR901( 04-DEC-2017 ),12,TWO WHEELER(NT),220,211,181,134,14,41,255,182,189,282,240,248,"2,197"
2021,Odisha,BALASORE RTO - OR1( 07-NOV-2017 ),1,HEAVY GOODS VEHICLE,24,19,49,26,4,10,14,23,22,9,17,25,242
2021,Odisha,BALASORE RTO - OR1( 07-NOV-2017 ),2,HEAVY MOTOR VEHICLE,0,2,0,0,0,0,0,0,1,0,0,0,3
2021,Odisha,BALASORE RTO - OR1( 07-NOV-2017 ),3,HEAVY PASSENGER VEHICLE,0,0,0,0,0,0,0,0,1,0,1,0,2
2021,Odisha,BALASORE RTO - OR1( 07-NOV-2017 ),4,LIGHT GOODS VEHICLE,77,60,86,63,6,37,61,45,46,66,53,61,661
2021,Odisha,BALASORE RTO - OR1( 07-NOV-2017 ),5,LIGHT MOTOR VEHICLE,389,325,349,318,59,225,357,331,234,327,288,261,"3,463"
2021,Odisha,BALASORE RTO - OR1( 07-NOV-2017 ),6,LIGHT PASSENGER VEHICLE,10,16,15,20,4,9,13,13,11,16,14,8,149
2021,Odisha,BALASORE RTO - OR1( 07-NOV-2017 ),7,MEDIUM GOODS VEHICLE,0,5,1,2,6,2,1,0,3,1,2,0,23
2021,Odisha,BALASORE RTO - OR1( 07-NOV-2017 ),8,MEDIUM MOTOR VEHICLE,2,0,0,1,0,1,0,1,0,1,0,0,6
2021,Odisha,BALASORE RTO - OR1( 07-NOV-2017 ),9,MEDIUM PASSENGER VEHICLE,0,0,1,0,0,0,0,0,0,0,2,2,5
2021,Odisha,BALASORE RTO - OR1( 07-NOV-2017 ),10,OTHER THAN MENTIONED ABOVE,5,20,12,16,5,3,3,6,4,9,15,8,106
2021,Odisha,BALASORE RTO - OR1( 07-NOV-2017 ),11,THREE WHEELER(T),43,23,35,35,4,17,35,21,20,39,33,39,344
2021,Odisha,BALASORE RTO - OR1( 07-NOV-2017 ),12,TWO WHEELER(NT),"2,396","2,131","2,493","2,072",274,"1,470","2,166","1,892","1,507","3,677","2,212","1,357","23,647"
2021,Odisha,BARGARH RTO - OR17( 04-DEC-2017 ),1,HEAVY GOODS VEHICLE,6,10,24,20,1,3,4,5,5,4,8,3,93
2021,Odisha,BARGARH RTO - OR17( 04-DEC-2017 ),2,HEAVY MOTOR VEHICLE,0,0,0,2,0,0,0,1,0,0,0,0,3
2021,Odisha,BARGARH RTO - OR17( 04-DEC-2017 ),3,HEAVY PASSENGER VEHICLE,0,0,0,0,2,0,0,1,0,3,0,0,6
2021,Odisha,BARGARH RTO - OR17( 04-DEC-2017 ),4,LIGHT GOODS VEHICLE,40,40,37,47,4,14,37,44,28,36,30,44,401
2021,Odisha,BARGARH RTO - OR17( 04-DEC-2017 ),5,LIGHT MOTOR VEHICLE,309,252,286,191,39,180,336,201,153,220,187,177,"2,531"
2021,Odisha,BARGARH RTO - OR17( 04-DEC-2017 ),6,LIGHT PASSENGER VEHICLE,5,4,5,4,4,7,7,4,8,4,4,6,62
2021,Odisha,BARGARH RTO - OR17( 04-DEC-2017 ),7,MEDIUM GOODS VEHICLE,0,2,3,0,0,0,0,0,0,1,0,0,6
2021,Odisha,BARGARH RTO - OR17( 04-DEC-2017 ),8,MEDIUM MOTOR VEHICLE,27,8,16,13,2,23,47,15,11,5,11,7,185
2021,Odisha,BARGARH RTO - OR17( 04-DEC-2017 ),9,OTHER THAN MENTIONED ABOVE,4,16,28,16,4,3,13,12,17,22,11,5,151
2021,Odisha,BARGARH RTO - OR17( 04-DEC-2017 ),10,THREE WHEELER(T),12,13,18,16,1,2,18,12,8,14,7,10,131
2021,Odisha,BARGARH RTO - OR17( 04-DEC-2017 ),11,TWO WHEELER(NT),"1,221","2,765","2,718","1,835",336,918,"1,657",961,894,"1,106","1,060",613,"16,084"
2021,Odisha,BHADRAK RTO - OR22( 04-DEC-2017 ),1,HEAVY GOODS VEHICLE,15,13,26,5,5,2,4,5,3,3,6,2,89
2021,Odisha,BHADRAK RTO - OR22( 04-DEC-2017 ),2,HEAVY MOTOR VEHICLE,0,0,2,2,0,0,1,1,0,2,1,1,10
2021,Odisha,BHADRAK RTO - OR22( 04-DEC-2017 ),3,LIGHT GOODS VEHICLE,62,57,53,33,6,14,18,22,21,25,42,30,383
2021,Odisha,BHADRAK RTO - OR22( 04-DEC-2017 ),4,LIGHT MOTOR VEHICLE,91,80,106,68,16,54,77,90,67,63,83,76,871
2021,Odisha,BHADRAK RTO - OR22( 04-DEC-2017 ),5,LIGHT PASSENGER VEHICLE,3,6,3,2,0,2,6,6,2,2,3,4,39
2021,Odisha,BHADRAK RTO - OR22( 04-DEC-2017 ),6,MEDIUM GOODS VEHICLE,2,2,0,0,0,0,0,0,0,0,2,1,7
2021,Odisha,BHADRAK RTO - OR22( 04-DEC-2017 ),7,MEDIUM MOTOR VEHICLE,2,0,2,0,1,0,4,3,5,0,1,4,22
2021,Odisha,BHADRAK RTO - OR22( 04-DEC-2017 ),8,MEDIUM PASSENGER VEHICLE,0,1,1,0,0,0,0,0,0,0,0,1,3
2021,Odisha,BHADRAK RTO - OR22( 04-DEC-2017 ),9,OTHER THAN MENTIONED ABOVE,0,0,8,0,0,0,0,0,0,0,1,0,9
2021,Odisha,BHADRAK RTO - OR22( 04-DEC-2017 ),10,THREE WHEELER(T),34,33,42,30,1,8,25,15,31,51,33,22,325
2021,Odisha,BHADRAK RTO - OR22( 04-DEC-2017 ),11,TWO WHEELER (INVALID CARRIAGE),0,0,0,0,0,0,0,1,0,0,0,0,1
2021,Odisha,BHADRAK RTO - OR22( 04-DEC-2017 ),12,TWO WHEELER(NT),"1,291","1,230","1,294","1,220",210,549,"1,080","1,025",892,"1,675","1,570",785,"12,821"
2021,Odisha,BHANJANAGAR RTO - OR32( 04-DEC-2017 ),1,HEAVY GOODS VEHICLE,1,1,0,0,1,0,0,1,1,1,0,1,7
2021,Odisha,BHANJANAGAR RTO - OR32( 04-DEC-2017 ),2,HEAVY PASSENGER VEHICLE,0,0,0,0,0,0,0,1,0,2,0,3,6
2021,Odisha,BHANJANAGAR RTO - OR32( 04-DEC-2017 ),3,LIGHT GOODS VEHICLE,10,16,14,2,2,6,7,6,5,6,17,10,101
2021,Odisha,BHANJANAGAR RTO - OR32( 04-DEC-2017 ),4,LIGHT MOTOR VEHICLE,17,14,14,28,8,19,29,28,18,27,27,26,255
2021,Odisha,BHANJANAGAR RTO - OR32( 04-DEC-2017 ),5,LIGHT PASSENGER VEHICLE,4,0,1,2,0,0,4,0,2,1,2,2,18
2021,Odisha,BHANJANAGAR RTO - OR32( 04-DEC-2017 ),6,MEDIUM GOODS VEHICLE,1,3,0,1,0,0,0,0,0,0,0,0,5
2021,Odisha,BHANJANAGAR RTO - OR32( 04-DEC-2017 ),7,MEDIUM MOTOR VEHICLE,3,1,4,3,0,1,0,1,1,0,1,1,16
2021,Odisha,BHANJANAGAR RTO - OR32( 04-DEC-2017 ),8,MEDIUM PASSENGER VEHICLE,0,0,0,0,0,0,0,0,0,0,1,0,1
2021,Odisha,BHANJANAGAR RTO - OR32( 04-DEC-2017 ),9,OTHER THAN MENTIONED ABOVE,0,1,0,0,0,0,1,0,0,0,2,0,4
2021,Odisha,BHANJANAGAR RTO - OR32( 04-DEC-2017 ),10,THREE WHEELER(T),4,8,11,6,2,1,15,6,7,15,12,2,89
2021,Odisha,BHANJANAGAR RTO - OR32( 04-DEC-2017 ),11,TWO WHEELER (INVALID CARRIAGE),0,0,1,0,0,0,0,0,0,0,0,0,1
2021,Odisha,BHANJANAGAR RTO - OR32( 04-DEC-2017 ),12,TWO WHEELER(NT),449,497,628,775,108,477,659,528,362,816,701,367,"6,367"
2021,Odisha,BHUBANESWAR-II RTO - OR33( 23-OCT-2017 ),1,HEAVY GOODS VEHICLE,24,50,4,25,3,2,5,10,5,16,27,19,190
2021,Odisha,BHUBANESWAR-II RTO - OR33( 23-OCT-2017 ),2,HEAVY MOTOR VEHICLE,2,1,7,3,2,0,3,0,0,0,0,0,18
2021,Odisha,BHUBANESWAR-II RTO - OR33( 23-OCT-2017 ),3,HEAVY PASSENGER VEHICLE,0,0,1,0,0,0,0,0,0,0,0,0,1
2021,Odisha,BHUBANESWAR-II RTO - OR33( 23-OCT-2017 ),4,LIGHT GOODS VEHICLE,34,32,183,24,1,17,24,36,31,26,31,27,466
2021,Odisha,BHUBANESWAR-II RTO - OR33( 23-OCT-2017 ),5,LIGHT MOTOR VEHICLE,148,214,215,186,24,103,194,293,283,336,331,328,"2,655"
2021,Odisha,BHUBANESWAR-II RTO - OR33( 23-OCT-2017 ),6,LIGHT PASSENGER VEHICLE,20,12,15,21,4,10,29,19,17,16,25,22,210
2021,Odisha,BHUBANESWAR-II RTO - OR33( 23-OCT-2017 ),7,MEDIUM GOODS VEHICLE,2,0,0,1,0,1,2,0,0,0,0,0,6
2021,Odisha,BHUBANESWAR-II RTO - OR33( 23-OCT-2017 ),8,MEDIUM MOTOR VEHICLE,0,23,53,41,10,9,17,23,1,0,0,0,177
2021,Odisha,BHUBANESWAR-II RTO - OR33( 23-OCT-2017 ),9,MEDIUM PASSENGER VEHICLE,1,0,1,0,1,0,0,0,1,0,0,0,4
2021,Odisha,BHUBANESWAR-II RTO - OR33( 23-OCT-2017 ),10,OTHER THAN MENTIONED ABOVE,39,7,1,0,0,0,1,8,25,23,22,10,136
2021,Odisha,BHUBANESWAR-II RTO - OR33( 23-OCT-2017 ),11,THREE WHEELER(T),41,33,38,27,1,5,16,22,25,29,23,23,283
2021,Odisha,BHUBANESWAR-II RTO - OR33( 23-OCT-2017 ),12,TWO WHEELER(NT),"1,212","1,497","1,404","1,135",78,396,"1,149","1,244","1,150","2,245","1,589","1,144","14,243"
2021,Odisha,BHUBANESWAR-II RTO - OR33( 23-OCT-2017 ),13,TWO WHEELER(T),2,1,6,0,0,0,0,1,1,2,3,0,16
2021,Odisha,BHUBANESWAR RTO - OR2( 22-JAN-2018 ),1,FOUR WHEELER (INVALID CARRIAGE),0,0,0,0,0,0,0,0,0,1,0,0,1
2021,Odisha,BHUBANESWAR RTO - OR2( 22-JAN-2018 ),2,HEAVY GOODS VEHICLE,35,69,84,39,18,50,27,23,54,51,35,62,547
2021,Odisha,BHUBANESWAR RTO - OR2( 22-JAN-2018 ),3,HEAVY MOTOR VEHICLE,1,2,5,4,11,2,8,5,6,6,4,8,62
2021,Odisha,BHUBANESWAR RTO - OR2( 22-JAN-2018 ),4,HEAVY PASSENGER VEHICLE,0,0,0,1,7,0,0,21,7,12,13,0,61
2021,Odisha,BHUBANESWAR RTO - OR2( 22-JAN-2018 ),5,LIGHT GOODS VEHICLE,187,226,200,189,88,91,281,188,178,235,211,169,"2,243"
2021,Odisha,BHUBANESWAR RTO - OR2( 22-JAN-2018 ),6,LIGHT MOTOR VEHICLE,"2,479","2,193","2,518","2,174",295,"1,143","2,348","2,169","2,018","2,364","2,012","1,803","23,516"
2021,Odisha,BHUBANESWAR RTO - OR2( 22-JAN-2018 ),7,LIGHT PASSENGER VEHICLE,144,195,163,143,24,66,119,122,123,116,162,119,"1,496"
2021,Odisha,BHUBANESWAR RTO - OR2( 22-JAN-2018 ),8,MEDIUM GOODS VEHICLE,4,8,16,1,2,5,10,7,5,8,5,2,73
2021,Odisha,BHUBANESWAR RTO - OR2( 22-JAN-2018 ),9,MEDIUM MOTOR VEHICLE,17,11,11,5,3,3,8,10,16,7,9,11,111
2021,Odisha,BHUBANESWAR RTO - OR2( 22-JAN-2018 ),10,MEDIUM PASSENGER VEHICLE,1,0,2,3,0,0,1,4,5,4,1,5,26
2021,Odisha,BHUBANESWAR RTO - OR2( 22-JAN-2018 ),11,OTHER THAN MENTIONED ABOVE,1,22,11,10,0,1,0,2,2,1,0,6,56
2021,Odisha,BHUBANESWAR RTO - OR2( 22-JAN-2018 ),12,THREE WHEELER(T),49,51,62,63,4,71,49,50,62,67,79,49,656
2021,Odisha,BHUBANESWAR RTO - OR2( 22-JAN-2018 ),13,TWO WHEELER(NT),"3,383","3,237","3,578","2,908",303,"1,099","2,732","2,978","2,815","4,751","3,445","2,581","33,810"
2021,Odisha,BHUBANESWAR RTO - OR2( 22-JAN-2018 ),14,TWO WHEELER(T),0,0,2,1,1,0,0,2,1,0,6,1,14
2021,Odisha,BOLANGIR RTO - OR3( 25-DEC-2017 ),1,HEAVY GOODS VEHICLE,16,8,7,11,6,6,2,6,1,11,8,2,84
2021,Odisha,BOLANGIR RTO - OR3( 25-DEC-2017 ),2,HEAVY MOTOR VEHICLE,0,1,0,1,0,1,0,1,0,1,0,0,5
2021,Odisha,BOLANGIR RTO - OR3( 25-DEC-2017 ),3,HEAVY PASSENGER VEHICLE,0,0,0,0,0,0,0,7,0,0,2,1,10
2021,Odisha,BOLANGIR RTO - OR3( 25-DEC-2017 ),4,LIGHT GOODS VEHICLE,78,57,48,66,5,42,48,55,53,63,64,37,616
2021,Odisha,BOLANGIR RTO - OR3( 25-DEC-2017 ),5,LIGHT MOTOR VEHICLE,181,239,203,126,38,153,197,184,100,124,132,142,"1,819"
2021,Odisha,BOLANGIR RTO - OR3( 25-DEC-2017 ),6,LIGHT PASSENGER VEHICLE,16,10,10,6,2,5,5,7,4,6,11,8,90
2021,Odisha,BOLANGIR RTO - OR3( 25-DEC-2017 ),7,MEDIUM GOODS VEHICLE,0,0,0,1,0,0,0,0,0,0,1,0,2
2021,Odisha,BOLANGIR RTO - OR3( 25-DEC-2017 ),8,MEDIUM MOTOR VEHICLE,1,3,1,0,1,0,0,1,2,1,3,1,14
2021,Odisha,BOLANGIR RTO - OR3( 25-DEC-2017 ),9,MEDIUM PASSENGER VEHICLE,0,0,2,0,0,0,0,0,0,0,0,1,3
2021,Odisha,BOLANGIR RTO - OR3( 25-DEC-2017 ),10,OTHER THAN MENTIONED ABOVE,9,10,10,7,2,1,0,2,6,2,2,2,53
2021,Odisha,BOLANGIR RTO - OR3( 25-DEC-2017 ),11,THREE WHEELER(T),13,9,20,10,0,5,10,7,12,13,24,13,136
2021,Odisha,BOLANGIR RTO - OR3( 25-DEC-2017 ),12,TWO WHEELER(NT),"2,419","3,665","3,309","1,877",276,"1,151","1,165",966,873,"1,191","1,375","1,109","19,376"
2021,Odisha,BOUDH RTO - OR27( 23-OCT-2017 ),1,HEAVY GOODS VEHICLE,2,0,2,1,0,0,7,0,2,0,0,1,15
2021,Odisha,BOUDH RTO - OR27( 23-OCT-2017 ),2,HEAVY MOTOR VEHICLE,0,0,0,0,0,0,1,1,0,1,0,1,4
2021,Odisha,BOUDH RTO - OR27( 23-OCT-2017 ),3,LIGHT GOODS VEHICLE,5,12,11,10,2,7,1,5,8,15,1,11,88
2021,Odisha,BOUDH RTO - OR27( 23-OCT-2017 ),4,LIGHT MOTOR VEHICLE,30,31,23,31,9,27,42,26,13,23,25,10,290
2021,Odisha,BOUDH RTO - OR27( 23-OCT-2017 ),5,LIGHT PASSENGER VEHICLE,1,1,5,2,0,2,3,2,1,2,4,3,26
2021,Odisha,BOUDH RTO - OR27( 23-OCT-2017 ),6,MEDIUM MOTOR VEHICLE,2,1,1,0,3,0,1,2,2,0,0,0,12
2021,Odisha,BOUDH RTO - OR27( 23-OCT-2017 ),7,OTHER THAN MENTIONED ABOVE,1,1,1,0,0,0,0,1,0,0,1,1,6
2021,Odisha,BOUDH RTO - OR27( 23-OCT-2017 ),8,THREE WHEELER(T),4,1,5,0,0,0,2,0,3,2,3,0,20
2021,Odisha,BOUDH RTO - OR27( 23-OCT-2017 ),9,TWO WHEELER(NT),400,906,795,518,165,279,284,187,154,269,230,166,"4,353"
2021,Odisha,CHANDIKHOLE RTO - OR4( 23-OCT-2017 ),1,HEAVY GOODS VEHICLE,77,76,111,92,47,82,59,47,30,35,27,17,700
2021,Odisha,CHANDIKHOLE RTO - OR4( 23-OCT-2017 ),2,HEAVY MOTOR VEHICLE,4,2,3,2,0,0,2,3,0,4,1,2,23
2021,Odisha,CHANDIKHOLE RTO - OR4( 23-OCT-2017 ),3,HEAVY PASSENGER VEHICLE,1,0,0,0,0,0,0,0,0,0,0,1,2
2021,Odisha,CHANDIKHOLE RTO - OR4( 23-OCT-2017 ),4,LIGHT GOODS VEHICLE,54,50,41,38,7,18,40,31,28,42,40,18,407
2021,Odisha,CHANDIKHOLE RTO - OR4( 23-OCT-2017 ),5,LIGHT MOTOR VEHICLE,40,48,38,46,13,30,97,71,30,55,40,40,548
2021,Odisha,CHANDIKHOLE RTO - OR4( 23-OCT-2017 ),6,LIGHT PASSENGER VEHICLE,4,2,3,6,0,5,4,3,4,9,3,2,45
2021,Odisha,CHANDIKHOLE RTO - OR4( 23-OCT-2017 ),7,MEDIUM GOODS VEHICLE,1,2,4,2,0,0,3,0,2,0,0,1,15
2021,Odisha,CHANDIKHOLE RTO - OR4( 23-OCT-2017 ),8,MEDIUM MOTOR VEHICLE,3,1,2,4,1,0,3,2,1,1,1,0,19
2021,Odisha,CHANDIKHOLE RTO - OR4( 23-OCT-2017 ),9,MEDIUM PASSENGER VEHICLE,0,3,1,0,0,0,0,1,1,4,1,2,13
2021,Odisha,CHANDIKHOLE RTO - OR4( 23-OCT-2017 ),10,OTHER THAN MENTIONED ABOVE,7,7,7,3,4,4,13,6,2,1,5,4,63
2021,Odisha,CHANDIKHOLE RTO - OR4( 23-OCT-2017 ),11,THREE WHEELER(T),15,13,13,13,0,6,11,12,17,14,7,6,127
2021,Odisha,CHANDIKHOLE RTO - OR4( 23-OCT-2017 ),12,TWO WHEELER(NT),829,759,734,787,91,436,775,746,653,"1,326",859,546,"8,541"
2021,Odisha,CUTTACK RTO - OR5( 31-MAY-2017 ),1,FOUR WHEELER (INVALID CARRIAGE),0,1,0,0,0,0,0,0,0,0,0,0,1
2021,Odisha,CUTTACK RTO - OR5( 31-MAY-2017 ),2,HEAVY GOODS VEHICLE,108,96,79,75,67,33,63,44,31,31,49,33,709
2021,Odisha,CUTTACK RTO - OR5( 31-MAY-2017 ),3,HEAVY MOTOR VEHICLE,0,0,1,6,27,0,0,0,0,2,2,2,40
2021,Odisha,CUTTACK RTO - OR5( 31-MAY-2017 ),4,HEAVY PASSENGER VEHICLE,0,0,0,0,5,0,1,1,1,20,0,3,31
2021,Odisha,CUTTACK RTO - OR5( 31-MAY-2017 ),5,LIGHT GOODS VEHICLE,126,142,163,166,24,120,133,145,127,150,182,116,"1,594"
2021,Odisha,CUTTACK RTO - OR5( 31-MAY-2017 ),6,LIGHT MOTOR VEHICLE,561,484,557,521,57,280,489,524,440,505,515,427,"5,360"
2021,Odisha,CUTTACK RTO - OR5( 31-MAY-2017 ),7,LIGHT PASSENGER VEHICLE,38,35,38,39,9,24,30,37,28,27,41,19,365
2021,Odisha,CUTTACK RTO - OR5( 31-MAY-2017 ),8,MEDIUM GOODS VEHICLE,10,4,9,9,2,0,3,1,5,8,1,1,53
2021,Odisha,CUTTACK RTO - OR5( 31-MAY-2017 ),9,MEDIUM MOTOR VEHICLE,1,1,19,0,1,1,1,0,0,0,0,1,25
2021,Odisha,CUTTACK RTO - OR5( 31-MAY-2017 ),10,MEDIUM PASSENGER VEHICLE,1,4,3,0,0,1,2,2,2,3,3,3,24
2021,Odisha,CUTTACK RTO - OR5( 31-MAY-2017 ),11,OTHER THAN MENTIONED ABOVE,7,8,8,10,4,5,5,8,7,3,4,2,71
2021,Odisha,CUTTACK RTO - OR5( 31-MAY-2017 ),12,THREE WHEELER(T),32,50,42,37,7,8,17,25,23,53,47,26,367
2021,Odisha,CUTTACK RTO - OR5( 31-MAY-2017 ),13,TWO WHEELER(NT),"3,187","3,022","3,878","2,597",246,"1,150","2,568","2,767","2,415","4,681","3,178","2,155","31,844"
2021,Odisha,CUTTACK RTO - OR5( 31-MAY-2017 ),14,TWO WHEELER(T),0,0,0,0,0,0,0,0,0,0,1,0,1
2021,Odisha,DEOGARH RTO - OR28( 23-OCT-2017 ),1,HEAVY GOODS VEHICLE,0,9,0,1,0,0,1,0,0,0,0,0,11
2021,Odisha,DEOGARH RTO - OR28( 23-OCT-2017 ),2,HEAVY MOTOR VEHICLE,0,0,2,1,0,0,0,0,0,0,0,0,3
2021,Odisha,DEOGARH RTO - OR28( 23-OCT-2017 ),3,LIGHT GOODS VEHICLE,18,14,7,9,2,3,5,8,3,9,9,10,97
2021,Odisha,DEOGARH RTO - OR28( 23-OCT-2017 ),4,LIGHT MOTOR VEHICLE,8,20,27,17,1,11,21,31,25,29,29,25,244
2021,Odisha,DEOGARH RTO - OR28( 23-OCT-2017 ),5,LIGHT PASSENGER VEHICLE,1,4,1,2,0,1,4,4,0,1,1,0,19
2021,Odisha,DEOGARH RTO - OR28( 23-OCT-2017 ),6,MEDIUM GOODS VEHICLE,0,0,1,0,0,2,0,0,0,0,0,0,3
2021,Odisha,DEOGARH RTO - OR28( 23-OCT-2017 ),7,MEDIUM MOTOR VEHICLE,0,1,1,1,0,1,0,0,0,0,2,0,6
2021,Odisha,DEOGARH RTO - OR28( 23-OCT-2017 ),8,MEDIUM PASSENGER VEHICLE,0,0,0,0,0,0,0,0,0,1,1,2,4
2021,Odisha,DEOGARH RTO - OR28( 23-OCT-2017 ),9,OTHER THAN MENTIONED ABOVE,0,0,0,0,0,0,1,0,0,2,1,0,4
2021,Odisha,DEOGARH RTO - OR28( 23-OCT-2017 ),10,THREE WHEELER(T),2,4,1,4,0,0,5,2,2,7,6,5,38
2021,Odisha,DEOGARH RTO - OR28( 23-OCT-2017 ),11,TWO WHEELER(NT),88,191,125,135,24,65,123,198,124,209,135,106,"1,523"
2021,Odisha,DHENKANAL RTO - OR6( 07-NOV-2017 ),1,HEAVY GOODS VEHICLE,6,6,11,15,4,2,2,2,4,1,4,4,61
2021,Odisha,DHENKANAL RTO - OR6( 07-NOV-2017 ),2,HEAVY MOTOR VEHICLE,0,3,0,0,1,0,0,0,1,1,0,0,6
2021,Odisha,DHENKANAL RTO - OR6( 07-NOV-2017 ),3,LIGHT GOODS VEHICLE,11,17,20,28,4,5,14,12,12,11,8,24,166
2021,Odisha,DHENKANAL RTO - OR6( 07-NOV-2017 ),4,LIGHT MOTOR VEHICLE,55,56,55,58,22,63,88,71,37,42,46,23,616
2021,Odisha,DHENKANAL RTO - OR6( 07-NOV-2017 ),5,LIGHT PASSENGER VEHICLE,3,3,1,5,1,2,4,3,0,1,3,3,29
2021,Odisha,DHENKANAL RTO - OR6( 07-NOV-2017 ),6,MEDIUM GOODS VEHICLE,0,0,2,1,0,0,1,0,1,1,2,0,8
2021,Odisha,DHENKANAL RTO - OR6( 07-NOV-2017 ),7,MEDIUM MOTOR VEHICLE,1,1,2,2,1,1,1,0,0,0,0,1,10
2021,Odisha,DHENKANAL RTO - OR6( 07-NOV-2017 ),8,MEDIUM PASSENGER VEHICLE,0,0,0,0,0,0,1,2,1,1,2,0,7
2021,Odisha,DHENKANAL RTO - OR6( 07-NOV-2017 ),9,OTHER THAN MENTIONED ABOVE,1,1,5,7,2,2,4,5,3,3,3,1,37
2021,Odisha,DHENKANAL RTO - OR6( 07-NOV-2017 ),10,THREE WHEELER(T),12,6,7,8,1,1,7,8,1,7,6,2,66
2021,Odisha,DHENKANAL RTO - OR6( 07-NOV-2017 ),11,TWO WHEELER(NT),690,603,678,592,130,251,686,547,456,"1,002",592,463,"6,690"
2021,Odisha,GAJAPATI RTO - OR20( 07-NOV-2017 ),1,HEAVY GOODS VEHICLE,1,0,2,0,0,0,0,0,1,4,0,0,8
2021,Odisha,GAJAPATI RTO - OR20( 07-NOV-2017 ),2,LIGHT GOODS VEHICLE,17,24,22,27,5,17,19,17,13,18,18,5,202
2021,Odisha,GAJAPATI RTO - OR20( 07-NOV-2017 ),3,LIGHT MOTOR VEHICLE,18,20,19,20,6,8,32,11,18,17,21,13,203
2021,Odisha,GAJAPATI RTO - OR20( 07-NOV-2017 ),4,LIGHT PASSENGER VEHICLE,0,1,0,0,0,0,0,0,1,1,2,1,6
2021,Odisha,GAJAPATI RTO - OR20( 07-NOV-2017 ),5,MEDIUM MOTOR VEHICLE,0,0,0,0,0,0,0,1,0,0,0,0,1
2021,Odisha,GAJAPATI RTO - OR20( 07-NOV-2017 ),6,OTHER THAN MENTIONED ABOVE,0,1,0,1,0,0,1,1,0,1,0,0,5
2021,Odisha,GAJAPATI RTO - OR20( 07-NOV-2017 ),7,THREE WHEELER(T),0,3,1,2,0,0,10,8,8,7,4,3,46
2021,Odisha,GAJAPATI RTO - OR20( 07-NOV-2017 ),8,TWO WHEELER(NT),280,336,319,315,57,476,336,313,209,386,255,143,"3,425"
2021,Odisha,GANJAM RTO - OR7( 04-DEC-2017 ),1,HEAVY GOODS VEHICLE,50,39,42,43,6,18,34,30,14,21,12,13,322
2021,Odisha,GANJAM RTO - OR7( 04-DEC-2017 ),2,HEAVY MOTOR VEHICLE,1,0,0,2,0,0,0,0,0,0,1,0,4
2021,Odisha,GANJAM RTO - OR7( 04-DEC-2017 ),3,HEAVY PASSENGER VEHICLE,1,0,0,1,14,0,0,0,0,2,2,1,21
2021,Odisha,GANJAM RTO - OR7( 04-DEC-2017 ),4,LIGHT GOODS VEHICLE,59,66,88,60,11,36,82,87,72,64,67,60,752
2021,Odisha,GANJAM RTO - OR7( 04-DEC-2017 ),5,LIGHT MOTOR VEHICLE,191,211,203,218,39,135,244,204,178,213,187,182,"2,205"
2021,Odisha,GANJAM RTO - OR7( 04-DEC-2017 ),6,LIGHT PASSENGER VEHICLE,7,10,9,3,1,3,9,5,6,2,8,7,70
2021,Odisha,GANJAM RTO - OR7( 04-DEC-2017 ),7,MEDIUM GOODS VEHICLE,8,0,2,1,0,1,1,0,1,2,0,1,17
2021,Odisha,GANJAM RTO - OR7( 04-DEC-2017 ),8,MEDIUM MOTOR VEHICLE,0,1,7,7,1,0,2,6,5,2,2,2,35
2021,Odisha,GANJAM RTO - OR7( 04-DEC-2017 ),9,MEDIUM PASSENGER VEHICLE,0,1,1,3,0,0,1,0,0,1,0,1,8
2021,Odisha,GANJAM RTO - OR7( 04-DEC-2017 ),10,OTHER THAN MENTIONED ABOVE,3,10,10,3,1,0,0,0,12,1,4,4,48
2021,Odisha,GANJAM RTO - OR7( 04-DEC-2017 ),11,THREE WHEELER(T),49,53,49,35,1,19,49,41,36,50,62,42,486
2021,Odisha,GANJAM RTO - OR7( 04-DEC-2017 ),12,TWO WHEELER (INVALID CARRIAGE),1,0,0,0,0,1,1,0,0,0,0,0,3
2021,Odisha,GANJAM RTO - OR7( 04-DEC-2017 ),13,TWO WHEELER(NT),"2,098","2,420","2,506","2,133",320,"1,466","2,608","1,880","1,674","2,913","2,339","1,773","24,130"
2021,Odisha,GANJAM RTO - OR7( 04-DEC-2017 ),14,TWO WHEELER(T),0,0,0,1,0,0,0,0,0,0,0,0,1
2021,Odisha,JAGATSINGHPUR RTO - OR21( 04-DEC-2017 ),1,HEAVY GOODS VEHICLE,4,6,4,6,1,9,4,3,6,3,3,2,51
2021,Odisha,JAGATSINGHPUR RTO - OR21( 04-DEC-2017 ),2,HEAVY MOTOR VEHICLE,1,0,4,5,0,0,2,2,0,1,2,3,20
2021,Odisha,JAGATSINGHPUR RTO - OR21( 04-DEC-2017 ),3,HEAVY PASSENGER VEHICLE,0,0,0,0,0,1,0,0,0,0,0,0,1
2021,Odisha,JAGATSINGHPUR RTO - OR21( 04-DEC-2017 ),4,LIGHT GOODS VEHICLE,27,32,36,14,4,12,16,16,13,14,16,21,221
2021,Odisha,JAGATSINGHPUR RTO - OR21( 04-DEC-2017 ),5,LIGHT MOTOR VEHICLE,15,27,47,39,13,30,41,38,35,12,37,24,358
2021,Odisha,JAGATSINGHPUR RTO - OR21( 04-DEC-2017 ),6,LIGHT PASSENGER VEHICLE,0,0,1,1,0,0,1,1,0,0,4,1,9
2021,Odisha,JAGATSINGHPUR RTO - OR21( 04-DEC-2017 ),7,MEDIUM GOODS VEHICLE,0,0,0,0,0,0,1,0,1,0,0,0,2
2021,Odisha,JAGATSINGHPUR RTO - OR21( 04-DEC-2017 ),8,MEDIUM MOTOR VEHICLE,2,0,2,2,0,2,2,1,0,0,2,0,13
2021,Odisha,JAGATSINGHPUR RTO - OR21( 04-DEC-2017 ),9,MEDIUM PASSENGER VEHICLE,0,0,0,2,0,1,1,1,0,0,0,0,5
2021,Odisha,JAGATSINGHPUR RTO - OR21( 04-DEC-2017 ),10,OTHER THAN MENTIONED ABOVE,1,1,0,3,2,2,3,2,2,1,4,2,23
2021,Odisha,JAGATSINGHPUR RTO - OR21( 04-DEC-2017 ),11,THREE WHEELER(T),7,5,3,5,1,2,1,3,1,2,9,4,43
2021,Odisha,JAGATSINGHPUR RTO - OR21( 04-DEC-2017 ),12,TWO WHEELER(NT),756,774,779,698,104,437,753,777,514,"1,105",883,477,"8,057"
2021,Odisha,JAJPUR RTO - OR34( 23-OCT-2017 ),1,HEAVY GOODS VEHICLE,5,9,13,7,1,8,20,2,1,3,1,0,70
2021,Odisha,JAJPUR RTO - OR34( 23-OCT-2017 ),2,HEAVY MOTOR VEHICLE,0,4,0,0,0,1,3,2,0,3,0,1,14
2021,Odisha,JAJPUR RTO - OR34( 23-OCT-2017 ),3,HEAVY PASSENGER VEHICLE,0,0,0,1,0,0,0,0,0,0,0,0,1
2021,Odisha,JAJPUR RTO - OR34( 23-OCT-2017 ),4,LIGHT GOODS VEHICLE,33,24,51,43,1,26,28,25,23,19,17,13,303
2021,Odisha,JAJPUR RTO - OR34( 23-OCT-2017 ),5,LIGHT MOTOR VEHICLE,101,75,100,83,18,70,73,70,61,64,65,45,825
2021,Odisha,JAJPUR RTO - OR34( 23-OCT-2017 ),6,LIGHT PASSENGER VEHICLE,11,13,5,8,1,3,4,3,17,1,14,2,82
2021,Odisha,JAJPUR RTO - OR34( 23-OCT-2017 ),7,MEDIUM GOODS VEHICLE,0,1,0,0,0,0,0,1,0,0,0,0,2
2021,Odisha,JAJPUR RTO - OR34( 23-OCT-2017 ),8,MEDIUM MOTOR VEHICLE,0,0,0,4,1,0,0,1,0,1,2,0,9
2021,Odisha,JAJPUR RTO - OR34( 23-OCT-2017 ),9,MEDIUM PASSENGER VEHICLE,0,0,0,1,0,0,2,4,3,2,1,3,16
2021,Odisha,JAJPUR RTO - OR34( 23-OCT-2017 ),10,OTHER THAN MENTIONED ABOVE,3,3,1,2,2,2,2,0,1,1,1,5,23
2021,Odisha,JAJPUR RTO - OR34( 23-OCT-2017 ),11,THREE WHEELER(T),30,23,39,15,2,7,32,21,26,43,20,20,278
2021,Odisha,JAJPUR RTO - OR34( 23-OCT-2017 ),12,TWO WHEELER(NT),"1,205","1,165","1,214","1,132",233,582,"1,209","1,150",831,"1,775","1,465",830,"12,791"
2021,Odisha,JHARSUGUDA RTO - OR23( 07-NOV-2017 ),1,HEAVY GOODS VEHICLE,74,28,31,18,31,44,32,49,37,68,86,40,538
2021,Odisha,JHARSUGUDA RTO - OR23( 07-NOV-2017 ),2,HEAVY MOTOR VEHICLE,7,8,1,4,1,2,3,3,4,11,2,2,48
2021,Odisha,JHARSUGUDA RTO - OR23( 07-NOV-2017 ),3,LIGHT GOODS VEHICLE,31,38,33,24,8,17,41,37,35,32,37,13,346
2021,Odisha,JHARSUGUDA RTO - OR23( 07-NOV-2017 ),4,LIGHT MOTOR VEHICLE,182,125,141,129,28,90,163,146,130,163,135,109,"1,541"
2021,Odisha,JHARSUGUDA RTO - OR23( 07-NOV-2017 ),5,LIGHT PASSENGER VEHICLE,10,10,7,10,5,8,12,20,17,12,9,9,129
2021,Odisha,JHARSUGUDA RTO - OR23( 07-NOV-2017 ),6,MEDIUM GOODS VEHICLE,0,2,0,2,0,0,1,0,0,1,0,0,6
2021,Odisha,JHARSUGUDA RTO - OR23( 07-NOV-2017 ),7,MEDIUM MOTOR VEHICLE,12,8,18,15,7,12,9,12,7,10,9,4,123
2021,Odisha,JHARSUGUDA RTO - OR23( 07-NOV-2017 ),8,MEDIUM PASSENGER VEHICLE,1,0,0,6,0,0,3,0,2,3,2,1,18
2021,Odisha,JHARSUGUDA RTO - OR23( 07-NOV-2017 ),9,OTHER THAN MENTIONED ABOVE,3,17,10,7,4,0,11,6,18,20,21,26,143
2021,Odisha,JHARSUGUDA RTO - OR23( 07-NOV-2017 ),10,THREE WHEELER(T),5,19,13,6,1,1,9,11,5,16,14,12,112
2021,Odisha,JHARSUGUDA RTO - OR23( 07-NOV-2017 ),11,TWO WHEELER(NT),960,"1,035",947,717,129,500,897,885,770,"1,096","1,468",681,"10,085"
2021,Odisha,KALAHANDI RTO - OR8( 23-OCT-2017 ),1,HEAVY GOODS VEHICLE,3,9,17,8,2,7,7,10,7,9,37,3,119
2021,Odisha,KALAHANDI RTO - OR8( 23-OCT-2017 ),2,HEAVY MOTOR VEHICLE,0,0,0,0,0,1,3,0,0,0,1,0,5
2021,Odisha,KALAHANDI RTO - OR8( 23-OCT-2017 ),3,HEAVY PASSENGER VEHICLE,0,0,0,0,0,0,0,3,0,7,0,0,10
2021,Odisha,KALAHANDI RTO - OR8( 23-OCT-2017 ),4,LIGHT GOODS VEHICLE,135,119,135,64,7,38,77,58,46,36,51,36,802
2021,Odisha,KALAHANDI RTO - OR8( 23-OCT-2017 ),5,LIGHT MOTOR VEHICLE,121,94,99,69,23,96,170,126,92,131,143,110,"1,274"
2021,Odisha,KALAHANDI RTO - OR8( 23-OCT-2017 ),6,LIGHT PASSENGER VEHICLE,4,7,6,11,3,4,6,7,6,12,8,8,82
2021,Odisha,KALAHANDI RTO - OR8( 23-OCT-2017 ),7,MEDIUM GOODS VEHICLE,1,2,1,2,2,4,5,0,0,0,1,0,18
2021,Odisha,KALAHANDI RTO - OR8( 23-OCT-2017 ),8,MEDIUM MOTOR VEHICLE,1,6,6,2,2,7,6,4,0,3,6,0,43
2021,Odisha,KALAHANDI RTO - OR8( 23-OCT-2017 ),9,MEDIUM PASSENGER VEHICLE,0,0,1,0,0,0,1,0,0,0,1,0,3
2021,Odisha,KALAHANDI RTO - OR8( 23-OCT-2017 ),10,OTHER THAN MENTIONED ABOVE,6,18,25,10,1,6,2,2,2,0,17,3,92
2021,Odisha,KALAHANDI RTO - OR8( 23-OCT-2017 ),11,THREE WHEELER(T),4,64,26,11,0,2,25,14,10,14,29,20,219
2021,Odisha,KALAHANDI RTO - OR8( 23-OCT-2017 ),12,TWO WHEELER(NT),"2,006","2,906","1,877","1,182",268,"1,050","1,070",817,668,991,"1,065",786,"14,686"
2021,Odisha,KENDRAPARA RTO - OR29( 23-OCT-2017 ),1,HEAVY GOODS VEHICLE,24,27,36,36,23,15,8,19,10,3,5,1,207
2021,Odisha,KENDRAPARA RTO - OR29( 23-OCT-2017 ),2,HEAVY MOTOR VEHICLE,0,2,1,3,1,0,0,0,0,0,0,0,7
2021,Odisha,KENDRAPARA RTO - OR29( 23-OCT-2017 ),3,HEAVY PASSENGER VEHICLE,0,0,0,0,0,0,0,0,0,0,0,1,1
2021,Odisha,KENDRAPARA RTO - OR29( 23-OCT-2017 ),4,LIGHT GOODS VEHICLE,50,41,40,34,8,14,33,28,32,32,34,38,384
2021,Odisha,KENDRAPARA RTO - OR29( 23-OCT-2017 ),5,LIGHT MOTOR VEHICLE,44,38,40,46,13,25,43,42,20,18,38,20,387
2021,Odisha,KENDRAPARA RTO - OR29( 23-OCT-2017 ),6,LIGHT PASSENGER VEHICLE,0,1,3,5,1,4,3,3,3,0,3,2,28
2021,Odisha,KENDRAPARA RTO - OR29( 23-OCT-2017 ),7,MEDIUM GOODS VEHICLE,0,0,0,0,0,0,0,0,1,0,0,0,1
2021,Odisha,KENDRAPARA RTO - OR29( 23-OCT-2017 ),8,MEDIUM MOTOR VEHICLE,0,0,1,0,0,1,0,0,0,0,0,0,2
2021,Odisha,KENDRAPARA RTO - OR29( 23-OCT-2017 ),9,MEDIUM PASSENGER VEHICLE,0,0,1,0,0,0,0,0,0,0,0,0,1
2021,Odisha,KENDRAPARA RTO - OR29( 23-OCT-2017 ),10,OTHER THAN MENTIONED ABOVE,0,2,3,0,1,1,0,0,1,2,2,1,13
2021,Odisha,KENDRAPARA RTO - OR29( 23-OCT-2017 ),11,THREE WHEELER(T),29,27,31,24,2,9,15,17,21,23,19,10,227
2021,Odisha,KENDRAPARA RTO - OR29( 23-OCT-2017 ),12,TWO WHEELER(NT),773,753,848,729,93,345,752,637,607,"1,073",751,497,"7,858"
2021,Odisha,KEONJHAR RTO - OR9( 04-DEC-2017 ),1,HEAVY GOODS VEHICLE,73,70,87,72,31,53,99,49,34,23,17,18,626
2021,Odisha,KEONJHAR RTO - OR9( 04-DEC-2017 ),2,HEAVY MOTOR VEHICLE,1,2,0,0,0,0,1,1,0,2,1,0,8
2021,Odisha,KEONJHAR RTO - OR9( 04-DEC-2017 ),3,HEAVY PASSENGER VEHICLE,0,0,0,0,3,0,0,1,0,2,0,0,6
2021,Odisha,KEONJHAR RTO - OR9( 04-DEC-2017 ),4,LIGHT GOODS VEHICLE,59,51,58,41,8,14,39,40,41,46,44,43,484
2021,Odisha,KEONJHAR RTO - OR9( 04-DEC-2017 ),5,LIGHT MOTOR VEHICLE,70,73,93,70,37,74,155,112,81,97,79,59,"1,000"
2021,Odisha,KEONJHAR RTO - OR9( 04-DEC-2017 ),6,LIGHT PASSENGER VEHICLE,11,25,8,5,2,3,3,7,4,7,6,4,85
2021,Odisha,KEONJHAR RTO - OR9( 04-DEC-2017 ),7,MEDIUM GOODS VEHICLE,1,1,2,1,0,1,0,0,0,0,0,0,6
2021,Odisha,KEONJHAR RTO - OR9( 04-DEC-2017 ),8,MEDIUM MOTOR VEHICLE,3,7,3,2,3,0,7,3,5,2,0,0,35
2021,Odisha,KEONJHAR RTO - OR9( 04-DEC-2017 ),9,MEDIUM PASSENGER VEHICLE,1,0,0,1,0,0,0,4,0,0,0,1,7
2021,Odisha,KEONJHAR RTO - OR9( 04-DEC-2017 ),10,OTHER THAN MENTIONED ABOVE,5,2,1,5,1,3,3,2,3,5,2,5,37
2021,Odisha,KEONJHAR RTO - OR9( 04-DEC-2017 ),11,THREE WHEELER(T),89,61,65,53,7,35,41,55,70,89,74,38,677
2021,Odisha,KEONJHAR RTO - OR9( 04-DEC-2017 ),12,TWO WHEELER(NT),"1,391","1,351","1,305","1,150",238,426,"1,583","1,233",926,"1,711","1,117",801,"13,232"
2021,Odisha,KHORDHA ARTO - OR201( 20-JAN-2018 ),1,HEAVY GOODS VEHICLE,44,62,56,37,0,10,19,13,8,8,3,5,265
2021,Odisha,KHORDHA ARTO - OR201( 20-JAN-2018 ),2,HEAVY MOTOR VEHICLE,3,20,2,1,0,1,1,0,0,0,0,0,28
2021,Odisha,KHORDHA ARTO - OR201( 20-JAN-2018 ),3,HEAVY PASSENGER VEHICLE,0,0,0,0,0,0,0,0,0,0,0,1,1
2021,Odisha,KHORDHA ARTO - OR201( 20-JAN-2018 ),4,LIGHT GOODS VEHICLE,23,37,51,52,4,4,7,16,11,24,18,17,264
2021,Odisha,KHORDHA ARTO - OR201( 20-JAN-2018 ),5,LIGHT MOTOR VEHICLE,37,42,45,53,3,10,34,31,33,22,51,27,388
2021,Odisha,KHORDHA ARTO - OR201( 20-JAN-2018 ),6,LIGHT PASSENGER VEHICLE,2,0,0,2,0,0,1,0,2,0,2,2,11
2021,Odisha,KHORDHA ARTO - OR201( 20-JAN-2018 ),7,MEDIUM GOODS VEHICLE,2,1,2,0,0,0,6,0,4,0,0,1,16
2021,Odisha,KHORDHA ARTO - OR201( 20-JAN-2018 ),8,MEDIUM MOTOR VEHICLE,0,6,4,3,0,1,0,0,2,4,0,1,21
2021,Odisha,KHORDHA ARTO - OR201( 20-JAN-2018 ),9,MEDIUM PASSENGER VEHICLE,0,0,0,0,0,0,0,1,0,0,0,0,1
2021,Odisha,KHORDHA ARTO - OR201( 20-JAN-2018 ),10,OTHER THAN MENTIONED ABOVE,1,2,1,2,0,0,0,0,0,0,0,1,7
2021,Odisha,KHORDHA ARTO - OR201( 20-JAN-2018 ),11,THREE WHEELER(T),21,14,27,11,0,3,8,9,10,10,7,3,123
2021,Odisha,KHORDHA ARTO - OR201( 20-JAN-2018 ),12,TWO WHEELER(NT),314,273,291,215,22,71,270,230,141,313,209,129,"2,478"
2021,Odisha,KORAPUT RTO - OR10( 25-DEC-2017 ),1,HEAVY GOODS VEHICLE,5,13,17,20,3,9,18,10,13,14,9,7,138
2021,Odisha,KORAPUT RTO - OR10( 25-DEC-2017 ),2,HEAVY MOTOR VEHICLE,0,2,0,1,0,0,0,1,1,0,0,0,5
2021,Odisha,KORAPUT RTO - OR10( 25-DEC-2017 ),3,HEAVY PASSENGER VEHICLE,0,1,2,2,0,0,0,15,1,4,1,1,27
2021,Odisha,KORAPUT RTO - OR10( 25-DEC-2017 ),4,LIGHT GOODS VEHICLE,38,67,86,62,30,27,73,59,49,55,65,55,666
2021,Odisha,KORAPUT RTO - OR10( 25-DEC-2017 ),5,LIGHT MOTOR VEHICLE,161,165,158,113,42,103,161,147,117,162,125,120,"1,574"
2021,Odisha,KORAPUT RTO - OR10( 25-DEC-2017 ),6,LIGHT PASSENGER VEHICLE,5,13,11,7,2,15,19,13,5,7,12,9,118
2021,Odisha,KORAPUT RTO - OR10( 25-DEC-2017 ),7,MEDIUM GOODS VEHICLE,0,0,1,0,0,2,1,2,1,1,1,0,9
2021,Odisha,KORAPUT RTO - OR10( 25-DEC-2017 ),8,MEDIUM MOTOR VEHICLE,4,10,3,5,2,2,3,6,0,5,3,3,46
2021,Odisha,KORAPUT RTO - OR10( 25-DEC-2017 ),9,MEDIUM PASSENGER VEHICLE,0,1,0,1,0,0,0,0,0,0,0,0,2
2021,Odisha,KORAPUT RTO - OR10( 25-DEC-2017 ),10,OTHER THAN MENTIONED ABOVE,0,9,10,3,0,5,2,2,5,5,4,3,48
2021,Odisha,KORAPUT RTO - OR10( 25-DEC-2017 ),11,THREE WHEELER(T),32,37,45,19,0,4,23,15,6,34,17,15,247
2021,Odisha,KORAPUT RTO - OR10( 25-DEC-2017 ),12,TWO WHEELER(NT),"1,324","1,723","1,530","1,228",206,952,"1,237","1,077",941,"1,876","1,313",831,"14,238"
2021,Odisha,MALKANAGIRI RTO - OR30( 25-DEC-2017 ),1,HEAVY GOODS VEHICLE,1,0,7,1,1,0,4,0,0,2,7,2,25
2021,Odisha,MALKANAGIRI RTO - OR30( 25-DEC-2017 ),2,HEAVY MOTOR VEHICLE,0,0,0,0,0,1,3,0,0,0,0,0,4
2021,Odisha,MALKANAGIRI RTO - OR30( 25-DEC-2017 ),3,LIGHT GOODS VEHICLE,33,38,45,34,13,42,90,68,36,38,48,48,533
2021,Odisha,MALKANAGIRI RTO - OR30( 25-DEC-2017 ),4,LIGHT MOTOR VEHICLE,33,18,15,18,2,24,24,29,20,32,21,14,250
2021,Odisha,MALKANAGIRI RTO - OR30( 25-DEC-2017 ),5,LIGHT PASSENGER VEHICLE,3,4,0,2,0,2,4,4,3,1,7,4,34
2021,Odisha,MALKANAGIRI RTO - OR30( 25-DEC-2017 ),6,MEDIUM GOODS VEHICLE,0,1,0,0,0,0,0,0,0,0,0,0,1
2021,Odisha,MALKANAGIRI RTO - OR30( 25-DEC-2017 ),7,MEDIUM MOTOR VEHICLE,2,1,1,0,0,2,2,0,1,0,0,0,9
2021,Odisha,MALKANAGIRI RTO - OR30( 25-DEC-2017 ),8,MEDIUM PASSENGER VEHICLE,0,0,0,0,0,0,0,0,0,1,0,0,1
2021,Odisha,MALKANAGIRI RTO - OR30( 25-DEC-2017 ),9,OTHER THAN MENTIONED ABOVE,1,3,3,1,0,0,1,3,1,0,1,1,15
2021,Odisha,MALKANAGIRI RTO - OR30( 25-DEC-2017 ),10,THREE WHEELER(T),17,16,26,22,5,2,7,12,10,12,22,6,157
2021,Odisha,MALKANAGIRI RTO - OR30( 25-DEC-2017 ),11,TWO WHEELER(NT),600,609,508,474,90,357,481,352,278,455,418,253,"4,875"
2021,Odisha,MAYURBHANJ RTO - OR11( 08-NOV-2017 ),1,HEAVY GOODS VEHICLE,0,9,6,7,4,2,6,0,2,2,10,5,53
2021,Odisha,MAYURBHANJ RTO - OR11( 08-NOV-2017 ),2,HEAVY MOTOR VEHICLE,0,0,0,0,0,0,1,0,1,0,0,0,2
2021,Odisha,MAYURBHANJ RTO - OR11( 08-NOV-2017 ),3,HEAVY PASSENGER VEHICLE,0,0,0,0,0,0,0,0,0,0,1,0,1
2021,Odisha,MAYURBHANJ RTO - OR11( 08-NOV-2017 ),4,LIGHT GOODS VEHICLE,61,54,51,36,15,30,21,25,19,33,54,45,444
2021,Odisha,MAYURBHANJ RTO - OR11( 08-NOV-2017 ),5,LIGHT MOTOR VEHICLE,140,107,164,90,39,106,146,132,120,109,107,88,"1,348"
2021,Odisha,MAYURBHANJ RTO - OR11( 08-NOV-2017 ),6,LIGHT PASSENGER VEHICLE,11,5,6,2,1,5,1,1,2,1,2,3,40
2021,Odisha,MAYURBHANJ RTO - OR11( 08-NOV-2017 ),7,MEDIUM GOODS VEHICLE,2,0,1,0,0,0,0,0,0,1,0,0,4
2021,Odisha,MAYURBHANJ RTO - OR11( 08-NOV-2017 ),8,MEDIUM MOTOR VEHICLE,1,0,5,2,0,1,1,0,0,0,0,0,10
2021,Odisha,MAYURBHANJ RTO - OR11( 08-NOV-2017 ),9,MEDIUM PASSENGER VEHICLE,0,0,0,0,0,0,0,0,1,0,1,0,2
2021,Odisha,MAYURBHANJ RTO - OR11( 08-NOV-2017 ),10,OTHER THAN MENTIONED ABOVE,1,1,2,0,1,1,1,0,0,0,2,1,10
2021,Odisha,MAYURBHANJ RTO - OR11( 08-NOV-2017 ),11,THREE WHEELER(T),31,35,28,14,9,10,27,21,14,31,36,21,277
2021,Odisha,MAYURBHANJ RTO - OR11( 08-NOV-2017 ),12,TWO WHEELER(NT),"1,526","1,006","1,090",936,121,656,980,"1,057",762,"1,679","1,122",708,"11,643"
2021,Odisha,NAWARANGPUR RTO - OR24( 07-NOV-2017 ),1,HEAVY GOODS VEHICLE,1,1,4,8,0,1,0,1,1,1,2,1,21
2021,Odisha,NAWARANGPUR RTO - OR24( 07-NOV-2017 ),2,HEAVY MOTOR VEHICLE,0,0,0,0,0,0,0,0,0,0,0,1,1
2021,Odisha,NAWARANGPUR RTO - OR24( 07-NOV-2017 ),3,HEAVY PASSENGER VEHICLE,0,0,0,0,0,1,0,0,0,0,0,0,1
2021,Odisha,NAWARANGPUR RTO - OR24( 07-NOV-2017 ),4,LIGHT GOODS VEHICLE,40,58,37,52,15,25,24,27,56,93,48,33,508
2021,Odisha,NAWARANGPUR RTO - OR24( 07-NOV-2017 ),5,LIGHT MOTOR VEHICLE,128,187,108,68,23,65,93,72,56,106,83,53,"1,042"
2021,Odisha,NAWARANGPUR RTO - OR24( 07-NOV-2017 ),6,LIGHT PASSENGER VEHICLE,1,1,3,3,0,2,0,6,5,1,1,1,24
2021,Odisha,NAWARANGPUR RTO - OR24( 07-NOV-2017 ),7,MEDIUM GOODS VEHICLE,7,9,15,6,0,2,0,4,3,1,0,1,48
2021,Odisha,NAWARANGPUR RTO - OR24( 07-NOV-2017 ),8,MEDIUM MOTOR VEHICLE,4,2,0,0,1,0,1,0,1,1,0,1,11
2021,Odisha,NAWARANGPUR RTO - OR24( 07-NOV-2017 ),9,OTHER THAN MENTIONED ABOVE,0,0,0,0,0,0,0,0,1,1,5,0,7
2021,Odisha,NAWARANGPUR RTO - OR24( 07-NOV-2017 ),10,THREE WHEELER(T),24,28,26,16,1,4,9,5,3,2,4,13,135
2021,Odisha,NAWARANGPUR RTO - OR24( 07-NOV-2017 ),11,TWO WHEELER(NT),"1,008","1,016",793,614,106,332,529,422,329,668,536,461,"6,814"
2021,Odisha,NAYAGARH RTO - OR25( 25-DEC-2017 ),1,HEAVY GOODS VEHICLE,0,7,6,1,2,2,3,0,2,2,1,0,26
2021,Odisha,NAYAGARH RTO - OR25( 25-DEC-2017 ),2,HEAVY PASSENGER VEHICLE,0,0,0,0,0,0,0,0,0,0,0,1,1
2021,Odisha,NAYAGARH RTO - OR25( 25-DEC-2017 ),3,LIGHT GOODS VEHICLE,23,11,25,25,3,6,31,17,21,15,20,23,220
2021,Odisha,NAYAGARH RTO - OR25( 25-DEC-2017 ),4,LIGHT MOTOR VEHICLE,23,24,26,25,3,11,40,14,17,15,18,15,231
2021,Odisha,NAYAGARH RTO - OR25( 25-DEC-2017 ),5,LIGHT PASSENGER VEHICLE,2,0,1,4,0,0,2,1,3,2,2,0,17
2021,Odisha,NAYAGARH RTO - OR25( 25-DEC-2017 ),6,MEDIUM GOODS VEHICLE,1,1,0,1,0,0,0,0,0,1,0,0,4
2021,Odisha,NAYAGARH RTO - OR25( 25-DEC-2017 ),7,MEDIUM MOTOR VEHICLE,1,0,2,1,1,0,1,0,3,0,0,2,11
2021,Odisha,NAYAGARH RTO - OR25( 25-DEC-2017 ),8,OTHER THAN MENTIONED ABOVE,0,0,0,0,0,1,0,0,1,0,0,1,3
2021,Odisha,NAYAGARH RTO - OR25( 25-DEC-2017 ),9,THREE WHEELER(T),9,7,20,6,0,1,10,6,6,6,9,7,87
2021,Odisha,NAYAGARH RTO - OR25( 25-DEC-2017 ),10,TWO WHEELER(NT),632,787,851,725,165,474,776,699,550,"1,323",929,499,"8,410"
2021,Odisha,NAYAGARH RTO - OR25( 25-DEC-2017 ),11,TWO WHEELER(T),0,0,1,0,0,0,1,0,0,1,0,0,3
2021,Odisha,NUAPADA RTO - OR26( 06-NOV-2017 ),1,HEAVY GOODS VEHICLE,0,0,0,1,0,0,1,0,0,1,0,1,4
2021,Odisha,NUAPADA RTO - OR26( 06-NOV-2017 ),2,HEAVY PASSENGER VEHICLE,0,0,0,1,0,0,0,0,0,2,0,1,4
2021,Odisha,NUAPADA RTO - OR26( 06-NOV-2017 ),3,LIGHT GOODS VEHICLE,21,27,16,12,2,9,5,14,11,15,19,11,162
2021,Odisha,NUAPADA RTO - OR26( 06-NOV-2017 ),4,LIGHT MOTOR VEHICLE,74,73,56,43,21,47,51,66,67,49,55,41,643
2021,Odisha,NUAPADA RTO - OR26( 06-NOV-2017 ),5,LIGHT PASSENGER VEHICLE,4,3,4,2,1,3,1,2,10,2,4,4,40
2021,Odisha,NUAPADA RTO - OR26( 06-NOV-2017 ),6,MEDIUM MOTOR VEHICLE,0,1,0,1,0,0,0,0,0,0,0,0,2
2021,Odisha,NUAPADA RTO - OR26( 06-NOV-2017 ),7,MEDIUM PASSENGER VEHICLE,1,0,0,0,0,0,0,0,0,0,3,0,4
2021,Odisha,NUAPADA RTO - OR26( 06-NOV-2017 ),8,OTHER THAN MENTIONED ABOVE,2,4,8,0,3,0,0,4,3,3,3,2,32
2021,Odisha,NUAPADA RTO - OR26( 06-NOV-2017 ),9,THREE WHEELER(T),6,0,8,4,0,1,0,1,4,3,3,1,31
2021,Odisha,NUAPADA RTO - OR26( 06-NOV-2017 ),10,TWO WHEELER(NT),795,"1,021",657,332,103,423,330,280,260,293,413,320,"5,227"
2021,Odisha,PHULBANI RTO - OR12( 23-OCT-2017 ),1,HEAVY GOODS VEHICLE,0,0,12,2,0,1,4,0,3,2,0,0,24
2021,Odisha,PHULBANI RTO - OR12( 23-OCT-2017 ),2,HEAVY MOTOR VEHICLE,0,0,0,1,0,0,0,0,0,0,0,0,1
2021,Odisha,PHULBANI RTO - OR12( 23-OCT-2017 ),3,LIGHT GOODS VEHICLE,12,14,9,21,11,3,15,14,9,10,14,9,141
2021,Odisha,PHULBANI RTO - OR12( 23-OCT-2017 ),4,LIGHT MOTOR VEHICLE,16,17,14,19,2,3,20,17,14,18,11,15,166
2021,Odisha,PHULBANI RTO - OR12( 23-OCT-2017 ),5,LIGHT PASSENGER VEHICLE,3,3,2,1,0,0,4,1,2,0,5,0,21
2021,Odisha,PHULBANI RTO - OR12( 23-OCT-2017 ),6,MEDIUM MOTOR VEHICLE,0,1,0,1,1,0,0,5,1,0,0,0,9
2021,Odisha,PHULBANI RTO - OR12( 23-OCT-2017 ),7,MEDIUM PASSENGER VEHICLE,0,0,0,0,0,0,0,0,0,1,0,0,1
2021,Odisha,PHULBANI RTO - OR12( 23-OCT-2017 ),8,OTHER THAN MENTIONED ABOVE,3,2,1,1,0,0,0,2,0,0,0,2,11
2021,Odisha,PHULBANI RTO - OR12( 23-OCT-2017 ),9,THREE WHEELER(T),19,30,27,17,1,3,28,17,13,39,18,12,224
2021,Odisha,PHULBANI RTO - OR12( 23-OCT-2017 ),10,TWO WHEELER(NT),399,453,452,414,82,464,605,474,402,682,479,330,"5,236"
2021,Odisha,PURI RTO - OR13( 25-DEC-2017 ),1,HEAVY GOODS VEHICLE,0,1,1,0,0,0,1,3,0,0,1,1,8
2021,Odisha,PURI RTO - OR13( 25-DEC-2017 ),2,HEAVY MOTOR VEHICLE,0,0,0,0,0,0,0,0,0,1,0,0,1
2021,Odisha,PURI RTO - OR13( 25-DEC-2017 ),3,HEAVY PASSENGER VEHICLE,0,0,1,0,0,0,0,6,0,3,0,0,10
2021,Odisha,PURI RTO - OR13( 25-DEC-2017 ),4,LIGHT GOODS VEHICLE,31,29,28,17,3,7,14,19,14,16,19,17,214
2021,Odisha,PURI RTO - OR13( 25-DEC-2017 ),5,LIGHT MOTOR VEHICLE,37,42,37,28,9,20,33,61,38,39,51,36,431
2021,Odisha,PURI RTO - OR13( 25-DEC-2017 ),6,LIGHT PASSENGER VEHICLE,2,2,2,7,1,3,2,2,2,1,7,5,36
2021,Odisha,PURI RTO - OR13( 25-DEC-2017 ),7,MEDIUM GOODS VEHICLE,0,0,0,0,0,2,0,1,0,0,1,0,4
2021,Odisha,PURI RTO - OR13( 25-DEC-2017 ),8,MEDIUM MOTOR VEHICLE,0,1,0,0,0,0,4,6,0,0,0,1,12
2021,Odisha,PURI RTO - OR13( 25-DEC-2017 ),9,MEDIUM PASSENGER VEHICLE,0,0,0,0,0,0,0,0,0,0,0,1,1
2021,Odisha,PURI RTO - OR13( 25-DEC-2017 ),10,OTHER THAN MENTIONED ABOVE,1,0,0,0,0,0,0,0,0,0,0,0,1
2021,Odisha,PURI RTO - OR13( 25-DEC-2017 ),11,THREE WHEELER(T),34,25,31,18,0,0,4,4,14,23,25,20,198
2021,Odisha,PURI RTO - OR13( 25-DEC-2017 ),12,TWO WHEELER(NT),"1,129",990,"1,174",908,119,409,899,"1,069",788,"1,550","1,225",671,"10,931"
2021,Odisha,RAIRANGPUR ARTO - OR111( 08-NOV-2017 ),1,HEAVY GOODS VEHICLE,5,7,2,0,0,1,1,0,0,1,0,0,17
2021,Odisha,RAIRANGPUR ARTO - OR111( 08-NOV-2017 ),2,HEAVY MOTOR VEHICLE,0,1,0,0,0,0,0,1,0,0,0,0,2
2021,Odisha,RAIRANGPUR ARTO - OR111( 08-NOV-2017 ),3,HEAVY PASSENGER VEHICLE,0,0,0,0,0,0,0,0,0,1,0,0,1
2021,Odisha,RAIRANGPUR ARTO - OR111( 08-NOV-2017 ),4,LIGHT GOODS VEHICLE,41,48,58,32,17,27,15,15,22,38,42,23,378
2021,Odisha,RAIRANGPUR ARTO - OR111( 08-NOV-2017 ),5,LIGHT MOTOR VEHICLE,26,46,46,47,22,40,51,70,40,46,38,32,504
2021,Odisha,RAIRANGPUR ARTO - OR111( 08-NOV-2017 ),6,LIGHT PASSENGER VEHICLE,4,3,6,9,2,9,5,10,5,1,13,1,68
2021,Odisha,RAIRANGPUR ARTO - OR111( 08-NOV-2017 ),7,MEDIUM MOTOR VEHICLE,0,1,2,0,0,0,0,0,0,2,0,1,6
2021,Odisha,RAIRANGPUR ARTO - OR111( 08-NOV-2017 ),8,OTHER THAN MENTIONED ABOVE,0,0,0,0,0,0,2,0,3,0,0,1,6
2021,Odisha,RAIRANGPUR ARTO - OR111( 08-NOV-2017 ),9,THREE WHEELER(T),13,13,27,12,4,5,9,11,18,12,18,14,156
2021,Odisha,RAIRANGPUR ARTO - OR111( 08-NOV-2017 ),10,TWO WHEELER(NT),815,552,514,501,92,348,503,536,416,748,740,361,"6,126"
2021,Odisha,RAYGADA RTO - OR18( 25-DEC-2017 ),1,HEAVY GOODS VEHICLE,9,10,14,14,19,9,11,11,11,11,7,11,137
2021,Odisha,RAYGADA RTO - OR18( 25-DEC-2017 ),2,HEAVY MOTOR VEHICLE,2,0,0,1,0,0,0,0,1,0,0,0,4
2021,Odisha,RAYGADA RTO - OR18( 25-DEC-2017 ),3,HEAVY PASSENGER VEHICLE,0,0,0,4,0,0,0,0,0,0,0,0,4
2021,Odisha,RAYGADA RTO - OR18( 25-DEC-2017 ),4,LIGHT GOODS VEHICLE,77,63,75,56,37,36,43,40,25,38,33,35,558
2021,Odisha,RAYGADA RTO - OR18( 25-DEC-2017 ),5,LIGHT MOTOR VEHICLE,49,52,46,37,7,58,71,85,54,53,55,54,621
2021,Odisha,RAYGADA RTO - OR18( 25-DEC-2017 ),6,LIGHT PASSENGER VEHICLE,6,5,5,2,0,1,5,10,2,3,3,5,47
2021,Odisha,RAYGADA RTO - OR18( 25-DEC-2017 ),7,MEDIUM GOODS VEHICLE,0,1,1,0,0,0,1,1,0,0,0,0,4
2021,Odisha,RAYGADA RTO - OR18( 25-DEC-2017 ),8,MEDIUM MOTOR VEHICLE,0,0,0,2,1,2,1,0,5,0,1,0,12
2021,Odisha,RAYGADA RTO - OR18( 25-DEC-2017 ),9,MEDIUM PASSENGER VEHICLE,0,0,0,0,0,0,0,0,1,0,2,0,3
2021,Odisha,RAYGADA RTO - OR18( 25-DEC-2017 ),10,OTHER THAN MENTIONED ABOVE,12,12,11,4,5,4,5,3,2,4,2,6,70
2021,Odisha,RAYGADA RTO - OR18( 25-DEC-2017 ),11,THREE WHEELER(T),14,10,18,12,3,2,8,7,6,6,4,5,95
2021,Odisha,RAYGADA RTO - OR18( 25-DEC-2017 ),12,TWO WHEELER(NT),879,"1,107","1,030",989,169,947,993,729,500,"1,207",693,555,"9,798"
2021,Odisha,ROURKELA RTO - OR14( 25-DEC-2017 ),1,HEAVY GOODS VEHICLE,119,149,120,126,66,41,41,42,48,20,34,32,838
2021,Odisha,ROURKELA RTO - OR14( 25-DEC-2017 ),2,HEAVY MOTOR VEHICLE,4,10,8,3,3,5,3,3,6,4,5,0,54
2021,Odisha,ROURKELA RTO - OR14( 25-DEC-2017 ),3,HEAVY PASSENGER VEHICLE,0,0,0,0,0,0,0,0,1,1,0,0,2
2021,Odisha,ROURKELA RTO - OR14( 25-DEC-2017 ),4,LIGHT GOODS VEHICLE,53,61,76,57,20,94,75,61,44,63,114,69,787
2021,Odisha,ROURKELA RTO - OR14( 25-DEC-2017 ),5,LIGHT MOTOR VEHICLE,243,333,308,254,45,273,381,341,275,369,293,301,"3,416"
2021,Odisha,ROURKELA RTO - OR14( 25-DEC-2017 ),6,LIGHT PASSENGER VEHICLE,18,15,14,12,2,12,19,15,14,11,13,12,157
2021,Odisha,ROURKELA RTO - OR14( 25-DEC-2017 ),7,MEDIUM GOODS VEHICLE,2,1,1,0,0,1,5,1,0,0,0,1,12
2021,Odisha,ROURKELA RTO - OR14( 25-DEC-2017 ),8,MEDIUM MOTOR VEHICLE,3,8,8,3,5,2,4,6,7,4,8,5,63
2021,Odisha,ROURKELA RTO - OR14( 25-DEC-2017 ),9,MEDIUM PASSENGER VEHICLE,0,1,5,0,0,1,0,2,1,1,0,1,12
2021,Odisha,ROURKELA RTO - OR14( 25-DEC-2017 ),10,OTHER THAN MENTIONED ABOVE,0,2,0,1,0,1,0,0,0,0,0,0,4
2021,Odisha,ROURKELA RTO - OR14( 25-DEC-2017 ),11,THREE WHEELER(T),30,60,34,22,4,10,40,26,24,34,45,29,358
2021,Odisha,ROURKELA RTO - OR14( 25-DEC-2017 ),12,TWO WHEELER(NT),"1,792","1,687","1,568","1,153",120,"1,304","1,494","1,380","1,208","2,221","2,066","1,275","17,268"
2021,Odisha,SAMBALPUR RTO - OR15( 04-DEC-2017 ),1,HEAVY GOODS VEHICLE,36,62,22,23,9,17,33,21,30,33,26,37,349
2021,Odisha,SAMBALPUR RTO - OR15( 04-DEC-2017 ),2,HEAVY MOTOR VEHICLE,6,1,4,0,0,0,0,0,0,1,2,2,16
2021,Odisha,SAMBALPUR RTO - OR15( 04-DEC-2017 ),3,HEAVY PASSENGER VEHICLE,0,0,0,0,4,0,0,2,0,3,1,2,12
2021,Odisha,SAMBALPUR RTO - OR15( 04-DEC-2017 ),4,LIGHT GOODS VEHICLE,54,51,79,40,12,29,31,50,29,41,37,87,540
2021,Odisha,SAMBALPUR RTO - OR15( 04-DEC-2017 ),5,LIGHT MOTOR VEHICLE,274,336,345,229,81,220,341,283,261,315,229,236,"3,150"
2021,Odisha,SAMBALPUR RTO - OR15( 04-DEC-2017 ),6,LIGHT PASSENGER VEHICLE,20,19,13,12,5,9,14,23,15,15,23,22,190
2021,Odisha,SAMBALPUR RTO - OR15( 04-DEC-2017 ),7,MEDIUM GOODS VEHICLE,2,1,0,2,1,0,0,2,3,3,1,2,17
2021,Odisha,SAMBALPUR RTO - OR15( 04-DEC-2017 ),8,MEDIUM MOTOR VEHICLE,11,16,16,4,1,3,5,2,4,3,7,14,86
2021,Odisha,SAMBALPUR RTO - OR15( 04-DEC-2017 ),9,MEDIUM PASSENGER VEHICLE,0,0,2,1,0,0,0,0,0,0,2,3,8
2021,Odisha,SAMBALPUR RTO - OR15( 04-DEC-2017 ),10,OTHER THAN MENTIONED ABOVE,14,28,23,14,3,2,8,10,7,15,9,6,139
2021,Odisha,SAMBALPUR RTO - OR15( 04-DEC-2017 ),11,THREE WHEELER(T),32,22,23,25,1,5,14,13,21,16,26,9,207
2021,Odisha,SAMBALPUR RTO - OR15( 04-DEC-2017 ),12,TWO WHEELER(NT),"1,381","1,716","1,593","1,077",240,780,"1,504","1,179",985,"1,512","1,439",861,"14,267"
2021,Odisha,SONEPUR RTO - OR31( 08-NOV-2017 ),1,HEAVY GOODS VEHICLE,0,3,2,11,1,0,1,3,2,2,1,4,30
2021,Odisha,SONEPUR RTO - OR31( 08-NOV-2017 ),2,HEAVY MOTOR VEHICLE,0,0,0,0,0,0,0,0,0,1,0,0,1
2021,Odisha,SONEPUR RTO - OR31( 08-NOV-2017 ),3,HEAVY PASSENGER VEHICLE,0,0,0,0,0,0,0,0,0,0,0,1,1
2021,Odisha,SONEPUR RTO - OR31( 08-NOV-2017 ),4,LIGHT GOODS VEHICLE,35,57,32,23,3,4,12,21,10,12,21,21,251
2021,Odisha,SONEPUR RTO - OR31( 08-NOV-2017 ),5,LIGHT MOTOR VEHICLE,69,82,76,52,25,42,89,70,45,44,53,26,673
2021,Odisha,SONEPUR RTO - OR31( 08-NOV-2017 ),6,LIGHT PASSENGER VEHICLE,1,1,1,3,1,1,1,2,4,2,1,3,21
2021,Odisha,SONEPUR RTO - OR31( 08-NOV-2017 ),7,MEDIUM GOODS VEHICLE,4,3,3,1,0,0,0,0,0,0,0,0,11
2021,Odisha,SONEPUR RTO - OR31( 08-NOV-2017 ),8,MEDIUM MOTOR VEHICLE,4,7,5,3,1,11,9,4,3,2,0,2,51
2021,Odisha,SONEPUR RTO - OR31( 08-NOV-2017 ),9,MEDIUM PASSENGER VEHICLE,0,0,0,0,1,0,0,0,0,0,0,0,1
2021,Odisha,SONEPUR RTO - OR31( 08-NOV-2017 ),10,OTHER THAN MENTIONED ABOVE,12,7,11,0,0,0,2,5,1,2,0,2,42
2021,Odisha,SONEPUR RTO - OR31( 08-NOV-2017 ),11,THREE WHEELER(T),11,9,5,1,1,0,12,3,6,5,9,2,64
2021,Odisha,SONEPUR RTO - OR31( 08-NOV-2017 ),12,TWO WHEELER(NT),790,"1,837","1,554","1,005",268,661,722,442,393,499,477,329,"8,977"
2021,Odisha,SUNDERGARH RTO - OR16( 08-NOV-2017 ),1,HEAVY GOODS VEHICLE,9,28,11,24,9,19,44,22,36,56,43,70,371
2021,Odisha,SUNDERGARH RTO - OR16( 08-NOV-2017 ),2,HEAVY MOTOR VEHICLE,0,1,2,2,1,1,0,2,1,0,0,6,16
2021,Odisha,SUNDERGARH RTO - OR16( 08-NOV-2017 ),3,HEAVY PASSENGER VEHICLE,0,0,0,0,2,0,1,3,0,0,0,3,9
2021,Odisha,SUNDERGARH RTO - OR16( 08-NOV-2017 ),4,LIGHT GOODS VEHICLE,30,24,64,46,12,38,44,27,37,37,29,42,430
2021,Odisha,SUNDERGARH RTO - OR16( 08-NOV-2017 ),5,LIGHT MOTOR VEHICLE,102,103,93,65,33,95,122,78,83,75,86,68,"1,003"
2021,Odisha,SUNDERGARH RTO - OR16( 08-NOV-2017 ),6,LIGHT PASSENGER VEHICLE,7,1,13,3,1,10,8,13,5,7,4,9,81
2021,Odisha,SUNDERGARH RTO - OR16( 08-NOV-2017 ),7,MEDIUM GOODS VEHICLE,0,3,0,2,0,0,0,0,0,2,0,1,8
2021,Odisha,SUNDERGARH RTO - OR16( 08-NOV-2017 ),8,MEDIUM MOTOR VEHICLE,4,8,2,1,2,4,1,1,0,0,1,1,25
2021,Odisha,SUNDERGARH RTO - OR16( 08-NOV-2017 ),9,MEDIUM PASSENGER VEHICLE,2,1,2,1,1,0,0,0,0,5,1,0,13
2021,Odisha,SUNDERGARH RTO - OR16( 08-NOV-2017 ),10,OTHER THAN MENTIONED ABOVE,1,2,1,2,0,0,0,0,0,1,0,0,7
2021,Odisha,SUNDERGARH RTO - OR16( 08-NOV-2017 ),11,THREE WHEELER(NT),0,1,0,0,0,0,0,0,0,0,0,0,1
2021,Odisha,SUNDERGARH RTO - OR16( 08-NOV-2017 ),12,THREE WHEELER(T),7,2,9,7,1,3,1,5,8,4,1,5,53
2021,Odisha,SUNDERGARH RTO - OR16( 08-NOV-2017 ),13,TWO WHEELER(NT),794,750,679,469,46,647,628,539,525,720,948,472,"7,217"
2021,Odisha,TALCHER RTO - OR35( 25-DEC-2017 ),1,HEAVY GOODS VEHICLE,95,129,56,45,55,32,39,68,20,40,57,62,698
2021,Odisha,TALCHER RTO - OR35( 25-DEC-2017 ),2,HEAVY MOTOR VEHICLE,1,1,5,0,1,0,3,0,1,0,5,2,19
2021,Odisha,TALCHER RTO - OR35( 25-DEC-2017 ),3,LIGHT GOODS VEHICLE,12,23,20,16,3,10,8,12,16,12,13,15,160
2021,Odisha,TALCHER RTO - OR35( 25-DEC-2017 ),4,LIGHT MOTOR VEHICLE,35,24,28,24,11,12,30,30,27,36,29,23,309
2021,Odisha,TALCHER RTO - OR35( 25-DEC-2017 ),5,LIGHT PASSENGER VEHICLE,5,2,4,2,0,1,4,5,1,1,4,3,32
2021,Odisha,TALCHER RTO - OR35( 25-DEC-2017 ),6,MEDIUM GOODS VEHICLE,3,2,2,3,0,0,1,0,0,0,0,0,11
2021,Odisha,TALCHER RTO - OR35( 25-DEC-2017 ),7,MEDIUM MOTOR VEHICLE,5,2,0,2,2,0,0,1,3,2,2,0,19
2021,Odisha,TALCHER RTO - OR35( 25-DEC-2017 ),8,MEDIUM PASSENGER VEHICLE,0,2,0,0,0,0,0,1,0,0,0,0,3
2021,Odisha,TALCHER RTO - OR35( 25-DEC-2017 ),9,OTHER THAN MENTIONED ABOVE,5,6,14,6,0,2,12,11,19,11,11,9,106
2021,Odisha,TALCHER RTO - OR35( 25-DEC-2017 ),10,THREE WHEELER(T),4,4,3,4,1,0,2,0,3,1,2,5,29
2021,Odisha,TALCHER RTO - OR35( 25-DEC-2017 ),11,TWO WHEELER(NT),446,444,477,378,59,322,523,485,355,915,493,306,"5,203"
2020,Odisha,ANGUL RTO - OR19( 25-DEC-2017 ),1,HEAVY GOODS VEHICLE,95,129,56,45,55,32,39,68,20,40,57,62,698
2020,Odisha,ANGUL RTO - OR19( 25-DEC-2017 ),2,HEAVY MOTOR VEHICLE,1,1,5,0,1,0,3,0,1,0,5,2,19
2020,Odisha,ANGUL RTO - OR19( 25-DEC-2017 ),3,LIGHT GOODS VEHICLE,12,23,20,16,3,10,8,12,16,12,13,15,160
2020,Odisha,ANGUL RTO - OR19( 25-DEC-2017 ),4,LIGHT MOTOR VEHICLE,35,24,28,24,11,12,30,30,27,36,29,23,309
2020,Odisha,ANGUL RTO - OR19( 25-DEC-2017 ),5,LIGHT PASSENGER VEHICLE,5,2,4,2,0,1,4,5,1,1,4,3,32
2020,Odisha,ANGUL RTO - OR19( 25-DEC-2017 ),6,MEDIUM GOODS VEHICLE,3,2,2,3,0,0,1,0,0,0,0,0,11
2020,Odisha,ANGUL RTO - OR19( 25-DEC-2017 ),7,MEDIUM MOTOR VEHICLE,5,2,0,2,2,0,0,1,3,2,2,0,19
2020,Odisha,ANGUL RTO - OR19( 25-DEC-2017 ),8,MEDIUM PASSENGER VEHICLE,0,2,0,0,0,0,0,1,0,0,0,0,3
2020,Odisha,ANGUL RTO - OR19( 25-DEC-2017 ),9,OTHER THAN MENTIONED ABOVE,5,6,14,6,0,2,12,11,19,11,11,9,106
2020,Odisha,ANGUL RTO - OR19( 25-DEC-2017 ),10,THREE WHEELER(T),4,4,3,4,1,0,2,0,3,1,2,5,29
2020,Odisha,ANGUL RTO - OR19( 25-DEC-2017 ),11,TWO WHEELER(NT),446,444,477,378,59,322,523,485,355,915,493,306,"5,203"
2020,Odisha,ARTO BARBIL - OR901( 04-DEC-2017 ),1,HEAVY GOODS VEHICLE,67,95,159,2,0,1,0,53,76,93,134,171,851
2020,Odisha,ARTO BARBIL - OR901( 04-DEC-2017 ),2,HEAVY MOTOR VEHICLE,1,0,2,0,0,2,0,6,13,3,3,3,33
2020,Odisha,ARTO BARBIL - OR901( 04-DEC-2017 ),3,HEAVY PASSENGER VEHICLE,2,0,0,0,0,0,0,0,0,0,0,0,2
2020,Odisha,ARTO BARBIL - OR901( 04-DEC-2017 ),4,LIGHT GOODS VEHICLE,24,14,24,2,4,5,4,16,13,12,13,10,141
2020,Odisha,ARTO BARBIL - OR901( 04-DEC-2017 ),5,LIGHT MOTOR VEHICLE,19,20,13,0,3,14,7,21,23,18,21,20,179
2020,Odisha,ARTO BARBIL - OR901( 04-DEC-2017 ),6,LIGHT PASSENGER VEHICLE,10,6,3,0,2,3,6,6,5,10,10,6,67
2020,Odisha,ARTO BARBIL - OR901( 04-DEC-2017 ),7,MEDIUM GOODS VEHICLE,1,1,9,0,1,0,0,0,0,0,1,0,13
2020,Odisha,ARTO BARBIL - OR901( 04-DEC-2017 ),8,MEDIUM MOTOR VEHICLE,0,3,7,0,0,0,0,2,2,0,0,2,16
2020,Odisha,ARTO BARBIL - OR901( 04-DEC-2017 ),9,MEDIUM PASSENGER VEHICLE,0,0,2,0,0,0,0,0,0,0,0,0,2
2020,Odisha,ARTO BARBIL - OR901( 04-DEC-2017 ),10,OTHER THAN MENTIONED ABOVE,0,5,8,0,0,1,0,4,7,5,4,4,38
2020,Odisha,ARTO BARBIL - OR901( 04-DEC-2017 ),11,THREE WHEELER(T),0,5,9,0,0,0,0,3,2,1,1,1,22
2020,Odisha,ARTO BARBIL - OR901( 04-DEC-2017 ),12,TWO WHEELER(NT),250,260,299,7,93,327,126,282,404,333,414,296,"3,091"
2020,Odisha,BALASORE RTO - OR1( 07-NOV-2017 ),1,HEAVY GOODS VEHICLE,47,36,39,2,0,0,3,10,16,10,19,18,200
2020,Odisha,BALASORE RTO - OR1( 07-NOV-2017 ),2,HEAVY MOTOR VEHICLE,1,0,2,0,0,0,1,0,0,0,0,0,4
2020,Odisha,BALASORE RTO - OR1( 07-NOV-2017 ),3,HEAVY PASSENGER VEHICLE,0,3,4,1,0,0,0,0,2,1,0,0,11
2020,Odisha,BALASORE RTO - OR1( 07-NOV-2017 ),4,LIGHT GOODS VEHICLE,186,163,194,0,13,90,108,115,155,121,82,97,"1,324"
2020,Odisha,BALASORE RTO - OR1( 07-NOV-2017 ),5,LIGHT MOTOR VEHICLE,262,228,165,2,62,239,273,229,255,394,345,392,"2,846"
2020,Odisha,BALASORE RTO - OR1( 07-NOV-2017 ),6,LIGHT PASSENGER VEHICLE,27,19,19,0,2,11,11,10,18,12,19,15,163
2020,Odisha,BALASORE RTO - OR1( 07-NOV-2017 ),7,MEDIUM GOODS VEHICLE,14,13,9,0,1,1,2,2,3,2,3,2,52
2020,Odisha,BALASORE RTO - OR1( 07-NOV-2017 ),8,MEDIUM MOTOR VEHICLE,1,2,0,0,0,1,0,3,0,0,0,5,12
2020,Odisha,BALASORE RTO - OR1( 07-NOV-2017 ),9,MEDIUM PASSENGER VEHICLE,1,0,2,0,0,0,0,0,0,0,0,0,3
2020,Odisha,BALASORE RTO - OR1( 07-NOV-2017 ),10,OTHER THAN MENTIONED ABOVE,0,0,0,0,0,2,0,0,0,0,1,0,3
2020,Odisha,BALASORE RTO - OR1( 07-NOV-2017 ),11,THREE WHEELER(T),79,75,86,3,5,17,37,28,36,31,32,32,461
2020,Odisha,BALASORE RTO - OR1( 07-NOV-2017 ),12,TWO WHEELER(NT),"3,089","2,565","3,662",34,222,"2,285","2,377","1,931","2,360","3,771","2,911","2,256","27,463"
2020,Odisha,BARGARH RTO - OR17( 04-DEC-2017 ),1,HEAVY GOODS VEHICLE,21,31,44,0,0,0,0,6,3,4,2,7,118
2020,Odisha,BARGARH RTO - OR17( 04-DEC-2017 ),2,HEAVY MOTOR VEHICLE,0,1,1,0,0,0,0,0,0,0,0,0,2
2020,Odisha,BARGARH RTO - OR17( 04-DEC-2017 ),3,HEAVY PASSENGER VEHICLE,1,1,1,0,0,0,0,0,1,0,0,0,4
2020,Odisha,BARGARH RTO - OR17( 04-DEC-2017 ),4,LIGHT GOODS VEHICLE,76,73,131,2,35,43,55,74,103,57,105,46,800
2020,Odisha,BARGARH RTO - OR17( 04-DEC-2017 ),5,LIGHT MOTOR VEHICLE,248,172,172,12,80,157,239,187,169,261,222,274,"2,193"
2020,Odisha,BARGARH RTO - OR17( 04-DEC-2017 ),6,LIGHT PASSENGER VEHICLE,13,17,23,2,1,2,4,4,5,7,3,2,83
2020,Odisha,BARGARH RTO - OR17( 04-DEC-2017 ),7,MEDIUM GOODS VEHICLE,4,4,5,0,0,0,1,0,2,0,1,1,18
2020,Odisha,BARGARH RTO - OR17( 04-DEC-2017 ),8,MEDIUM MOTOR VEHICLE,8,3,14,2,1,37,36,34,24,43,8,21,231
2020,Odisha,BARGARH RTO - OR17( 04-DEC-2017 ),9,MEDIUM PASSENGER VEHICLE,5,1,5,0,0,0,0,0,0,0,0,0,11
2020,Odisha,BARGARH RTO - OR17( 04-DEC-2017 ),10,OTHER THAN MENTIONED ABOVE,10,23,21,2,12,17,6,10,16,4,11,39,171
2020,Odisha,BARGARH RTO - OR17( 04-DEC-2017 ),11,THREE WHEELER(T),41,47,60,19,0,4,10,10,19,11,18,13,252
2020,Odisha,BARGARH RTO - OR17( 04-DEC-2017 ),12,TWO WHEELER (INVALID CARRIAGE),0,0,0,0,0,0,0,0,0,1,0,0,1
2020,Odisha,BARGARH RTO - OR17( 04-DEC-2017 ),13,TWO WHEELER(NT),"2,230","2,329","4,181",624,594,"1,474","1,797","1,138","1,452","1,288","1,816","1,392","20,315"
2020,Odisha,BHADRAK RTO - OR22( 04-DEC-2017 ),1,HEAVY GOODS VEHICLE,17,15,17,0,0,1,0,2,2,3,7,14,78
2020,Odisha,BHADRAK RTO - OR22( 04-DEC-2017 ),2,HEAVY MOTOR VEHICLE,0,0,1,0,0,1,4,0,0,2,0,0,8
2020,Odisha,BHADRAK RTO - OR22( 04-DEC-2017 ),3,HEAVY PASSENGER VEHICLE,0,3,1,0,0,0,0,0,0,0,0,0,4
2020,Odisha,BHADRAK RTO - OR22( 04-DEC-2017 ),4,LIGHT GOODS VEHICLE,139,121,144,0,1,69,61,90,95,36,46,44,846
2020,Odisha,BHADRAK RTO - OR22( 04-DEC-2017 ),5,LIGHT MOTOR VEHICLE,39,34,22,0,8,35,37,31,56,69,73,98,502
2020,Odisha,BHADRAK RTO - OR22( 04-DEC-2017 ),6,LIGHT PASSENGER VEHICLE,8,5,7,0,0,1,9,5,3,3,2,4,47
2020,Odisha,BHADRAK RTO - OR22( 04-DEC-2017 ),7,MEDIUM GOODS VEHICLE,5,9,3,0,0,0,0,0,0,1,0,1,19
2020,Odisha,BHADRAK RTO - OR22( 04-DEC-2017 ),8,MEDIUM MOTOR VEHICLE,0,0,0,0,0,1,8,2,1,1,2,1,16
2020,Odisha,BHADRAK RTO - OR22( 04-DEC-2017 ),9,MEDIUM PASSENGER VEHICLE,0,0,2,0,0,0,0,0,0,0,0,0,2
2020,Odisha,BHADRAK RTO - OR22( 04-DEC-2017 ),10,OTHER THAN MENTIONED ABOVE,0,0,0,0,0,0,0,0,0,0,2,2,4
2020,Odisha,BHADRAK RTO - OR22( 04-DEC-2017 ),11,THREE WHEELER(T),75,76,62,6,2,24,35,38,52,31,32,32,465
2020,Odisha,BHADRAK RTO - OR22( 04-DEC-2017 ),12,TWO WHEELER(NT),"1,555","1,557","1,997",7,91,"1,154",928,868,"1,215","1,955","1,842","1,190","14,359"
2020,Odisha,BHADRAK RTO - OR22( 04-DEC-2017 ),13,TWO WHEELER(T),0,0,0,0,0,0,0,0,0,0,0,1,1
2020,Odisha,BHANJANAGAR RTO - OR32( 04-DEC-2017 ),1,HEAVY GOODS VEHICLE,2,2,3,0,0,0,0,0,1,1,2,1,12
2020,Odisha,BHANJANAGAR RTO - OR32( 04-DEC-2017 ),2,HEAVY MOTOR VEHICLE,0,0,1,0,0,0,0,0,0,0,0,0,1
2020,Odisha,BHANJANAGAR RTO - OR32( 04-DEC-2017 ),3,HEAVY PASSENGER VEHICLE,1,0,0,0,0,0,0,0,0,0,0,0,1
2020,Odisha,BHANJANAGAR RTO - OR32( 04-DEC-2017 ),4,LIGHT GOODS VEHICLE,30,41,27,0,4,11,2,2,45,17,8,9,196
2020,Odisha,BHANJANAGAR RTO - OR32( 04-DEC-2017 ),5,LIGHT MOTOR VEHICLE,11,10,9,0,2,2,4,2,4,31,29,28,132
2020,Odisha,BHANJANAGAR RTO - OR32( 04-DEC-2017 ),6,LIGHT PASSENGER VEHICLE,8,4,5,0,0,0,0,1,1,1,4,3,27
2020,Odisha,BHANJANAGAR RTO - OR32( 04-DEC-2017 ),7,MEDIUM GOODS VEHICLE,4,1,8,0,0,0,0,3,1,0,0,1,18
2020,Odisha,BHANJANAGAR RTO - OR32( 04-DEC-2017 ),8,MEDIUM MOTOR VEHICLE,0,0,1,0,0,0,0,0,0,0,1,2,4
2020,Odisha,BHANJANAGAR RTO - OR32( 04-DEC-2017 ),9,THREE WHEELER(T),21,31,14,0,4,4,2,7,22,21,11,10,147
2020,Odisha,BHANJANAGAR RTO - OR32( 04-DEC-2017 ),10,TWO WHEELER (INVALID CARRIAGE),0,0,0,0,0,0,0,0,0,0,0,1,1
2020,Odisha,BHANJANAGAR RTO - OR32( 04-DEC-2017 ),11,TWO WHEELER(NT),773,963,986,1,271,592,268,678,713,885,723,513,"7,366"
2020,Odisha,BHUBANESWAR-II RTO - OR33( 23-OCT-2017 ),1,FOUR WHEELER (INVALID CARRIAGE),0,1,0,0,0,0,0,0,0,0,0,0,1
2020,Odisha,BHUBANESWAR-II RTO - OR33( 23-OCT-2017 ),2,HEAVY GOODS VEHICLE,8,27,55,0,0,0,1,1,10,6,16,24,148
2020,Odisha,BHUBANESWAR-II RTO - OR33( 23-OCT-2017 ),3,HEAVY MOTOR VEHICLE,0,0,1,0,0,0,0,0,0,0,2,0,3
2020,Odisha,BHUBANESWAR-II RTO - OR33( 23-OCT-2017 ),4,HEAVY PASSENGER VEHICLE,0,0,2,0,0,0,0,0,0,0,0,0,2
2020,Odisha,BHUBANESWAR-II RTO - OR33( 23-OCT-2017 ),5,LIGHT GOODS VEHICLE,88,70,89,0,5,34,26,38,35,33,44,33,495
2020,Odisha,BHUBANESWAR-II RTO - OR33( 23-OCT-2017 ),6,LIGHT MOTOR VEHICLE,442,306,268,7,83,232,204,295,333,356,179,158,"2,863"
2020,Odisha,BHUBANESWAR-II RTO - OR33( 23-OCT-2017 ),7,LIGHT PASSENGER VEHICLE,70,68,43,0,2,29,17,13,23,12,12,6,295
2020,Odisha,BHUBANESWAR-II RTO - OR33( 23-OCT-2017 ),8,MEDIUM GOODS VEHICLE,7,9,5,0,0,0,0,0,0,0,3,3,27
2020,Odisha,BHUBANESWAR-II RTO - OR33( 23-OCT-2017 ),9,MEDIUM MOTOR VEHICLE,0,0,0,0,0,0,5,0,0,0,0,0,5
2020,Odisha,BHUBANESWAR-II RTO - OR33( 23-OCT-2017 ),10,MEDIUM PASSENGER VEHICLE,0,4,0,2,0,0,0,0,0,0,0,0,6
2020,Odisha,BHUBANESWAR-II RTO - OR33( 23-OCT-2017 ),11,OTHER THAN MENTIONED ABOVE,5,12,3,6,14,6,9,7,23,23,21,41,170
2020,Odisha,BHUBANESWAR-II RTO - OR33( 23-OCT-2017 ),12,THREE WHEELER(T),254,207,159,30,14,21,10,28,18,25,27,26,819
2020,Odisha,BHUBANESWAR-II RTO - OR33( 23-OCT-2017 ),13,TWO WHEELER(NT),"1,905","1,793","2,257",41,429,"1,232",765,"1,452","1,328","2,254","1,569","1,279","16,304"
2020,Odisha,BHUBANESWAR-II RTO - OR33( 23-OCT-2017 ),14,TWO WHEELER(T),2,7,1,1,1,0,0,0,1,1,2,1,17
2020,Odisha,BHUBANESWAR RTO - OR2( 22-JAN-2018 ),1,HEAVY GOODS VEHICLE,39,62,76,0,0,0,1,4,23,12,15,24,256
2020,Odisha,BHUBANESWAR RTO - OR2( 22-JAN-2018 ),2,HEAVY MOTOR VEHICLE,0,2,3,0,2,1,1,2,2,2,4,3,22
2020,Odisha,BHUBANESWAR RTO - OR2( 22-JAN-2018 ),3,HEAVY PASSENGER VEHICLE,9,4,10,0,0,0,0,0,0,0,0,0,23
2020,Odisha,BHUBANESWAR RTO - OR2( 22-JAN-2018 ),4,LIGHT GOODS VEHICLE,181,133,183,3,15,57,69,104,157,163,185,147,"1,397"
2020,Odisha,BHUBANESWAR RTO - OR2( 22-JAN-2018 ),5,LIGHT MOTOR VEHICLE,"1,599","1,319","1,099",11,372,"1,076",939,"1,299","1,430","2,491","2,499","2,385","16,519"
2020,Odisha,BHUBANESWAR RTO - OR2( 22-JAN-2018 ),6,LIGHT PASSENGER VEHICLE,224,207,324,2,25,55,38,38,63,84,206,124,"1,390"
2020,Odisha,BHUBANESWAR RTO - OR2( 22-JAN-2018 ),7,MEDIUM GOODS VEHICLE,12,10,17,0,0,0,2,2,1,4,4,0,52
2020,Odisha,BHUBANESWAR RTO - OR2( 22-JAN-2018 ),8,MEDIUM MOTOR VEHICLE,3,4,8,0,1,0,0,1,13,1,3,9,43
2020,Odisha,BHUBANESWAR RTO - OR2( 22-JAN-2018 ),9,MEDIUM PASSENGER VEHICLE,6,2,30,0,0,0,0,0,0,0,0,2,40
2020,Odisha,BHUBANESWAR RTO - OR2( 22-JAN-2018 ),10,OTHER THAN MENTIONED ABOVE,1,2,5,0,0,1,3,2,0,1,0,2,17
2020,Odisha,BHUBANESWAR RTO - OR2( 22-JAN-2018 ),11,THREE WHEELER(NT),0,0,0,0,0,0,0,0,0,0,0,2,2
2020,Odisha,BHUBANESWAR RTO - OR2( 22-JAN-2018 ),12,THREE WHEELER(T),122,120,112,3,3,16,19,32,76,87,41,43,674
2020,Odisha,BHUBANESWAR RTO - OR2( 22-JAN-2018 ),13,TWO WHEELER(NT),"3,418","3,233","3,891",48,897,"2,105","1,457","2,222","2,629","4,316","4,433","3,358","32,007"
2020,Odisha,BHUBANESWAR RTO - OR2( 22-JAN-2018 ),14,TWO WHEELER(T),3,6,1,0,0,1,0,3,1,4,5,1,25
2020,Odisha,BOLANGIR RTO - OR3( 25-DEC-2017 ),1,HEAVY GOODS VEHICLE,10,15,38,0,0,0,1,0,0,4,3,14,85
2020,Odisha,BOLANGIR RTO - OR3( 25-DEC-2017 ),2,HEAVY MOTOR VEHICLE,0,0,1,0,0,0,0,0,0,0,0,0,1
2020,Odisha,BOLANGIR RTO - OR3( 25-DEC-2017 ),3,LIGHT GOODS VEHICLE,144,176,315,10,3,41,169,210,117,132,80,77,"1,474"
2020,Odisha,BOLANGIR RTO - OR3( 25-DEC-2017 ),4,LIGHT MOTOR VEHICLE,166,135,124,4,24,62,96,86,119,159,196,218,"1,389"
2020,Odisha,BOLANGIR RTO - OR3( 25-DEC-2017 ),5,LIGHT PASSENGER VEHICLE,18,22,35,0,4,6,7,7,8,11,8,9,135
2020,Odisha,BOLANGIR RTO - OR3( 25-DEC-2017 ),6,MEDIUM GOODS VEHICLE,4,1,2,1,0,0,0,2,0,0,0,0,10
2020,Odisha,BOLANGIR RTO - OR3( 25-DEC-2017 ),7,MEDIUM MOTOR VEHICLE,4,5,3,3,0,3,7,1,2,1,0,2,31
2020,Odisha,BOLANGIR RTO - OR3( 25-DEC-2017 ),8,MEDIUM PASSENGER VEHICLE,2,3,6,0,0,1,0,0,0,0,0,0,12
2020,Odisha,BOLANGIR RTO - OR3( 25-DEC-2017 ),9,OTHER THAN MENTIONED ABOVE,3,4,7,0,0,1,2,1,4,1,5,10,38
2020,Odisha,BOLANGIR RTO - OR3( 25-DEC-2017 ),10,THREE WHEELER(NT),0,0,3,0,0,0,0,0,0,0,0,0,3
2020,Odisha,BOLANGIR RTO - OR3( 25-DEC-2017 ),11,THREE WHEELER(T),50,51,119,3,0,13,10,8,21,23,23,15,336
2020,Odisha,BOLANGIR RTO - OR3( 25-DEC-2017 ),12,TWO WHEELER(NT),"1,804","2,664","6,521",101,431,"1,188","1,453",824,"1,161","1,354","2,145","1,984","21,630"
2020,Odisha,BOLANGIR RTO - OR3( 25-DEC-2017 ),13,TWO WHEELER(T),0,0,0,0,0,0,1,0,0,0,0,0,1
2020,Odisha,BOUDH RTO - OR27( 23-OCT-2017 ),1,HEAVY GOODS VEHICLE,0,2,8,2,0,0,0,1,0,0,0,0,13
2020,Odisha,BOUDH RTO - OR27( 23-OCT-2017 ),2,LIGHT GOODS VEHICLE,27,53,50,2,8,40,38,23,25,59,11,24,360
2020,Odisha,BOUDH RTO - OR27( 23-OCT-2017 ),3,LIGHT MOTOR VEHICLE,3,8,10,0,2,6,5,3,7,31,24,37,136
2020,Odisha,BOUDH RTO - OR27( 23-OCT-2017 ),4,LIGHT PASSENGER VEHICLE,2,3,3,1,0,0,1,0,1,1,1,3,16
2020,Odisha,BOUDH RTO - OR27( 23-OCT-2017 ),5,MEDIUM GOODS VEHICLE,0,2,4,0,0,0,0,0,1,0,0,0,7
2020,Odisha,BOUDH RTO - OR27( 23-OCT-2017 ),6,MEDIUM MOTOR VEHICLE,1,1,1,0,1,0,5,0,2,3,4,1,19
2020,Odisha,BOUDH RTO - OR27( 23-OCT-2017 ),7,OTHER THAN MENTIONED ABOVE,0,1,1,1,0,0,0,1,0,0,0,0,4
2020,Odisha,BOUDH RTO - OR27( 23-OCT-2017 ),8,THREE WHEELER(T),6,8,9,0,2,6,5,0,2,4,3,4,49
2020,Odisha,BOUDH RTO - OR27( 23-OCT-2017 ),9,TWO WHEELER(NT),457,872,960,13,132,296,321,247,261,421,343,266,"4,589"
2020,Odisha,CHANDIKHOLE RTO - OR4( 23-OCT-2017 ),1,HEAVY GOODS VEHICLE,70,97,170,16,0,0,13,15,33,69,83,65,631
2020,Odisha,CHANDIKHOLE RTO - OR4( 23-OCT-2017 ),2,HEAVY MOTOR VEHICLE,1,1,4,0,0,1,0,1,0,0,3,3,14
2020,Odisha,CHANDIKHOLE RTO - OR4( 23-OCT-2017 ),3,HEAVY PASSENGER VEHICLE,1,1,3,0,0,0,0,0,0,0,0,0,5
2020,Odisha,CHANDIKHOLE RTO - OR4( 23-OCT-2017 ),4,LIGHT GOODS VEHICLE,68,54,56,0,0,8,41,28,37,73,41,47,453
2020,Odisha,CHANDIKHOLE RTO - OR4( 23-OCT-2017 ),5,LIGHT MOTOR VEHICLE,28,28,30,2,0,14,44,18,34,54,63,52,367
2020,Odisha,CHANDIKHOLE RTO - OR4( 23-OCT-2017 ),6,LIGHT PASSENGER VEHICLE,4,6,1,2,1,4,1,14,2,2,2,3,42
2020,Odisha,CHANDIKHOLE RTO - OR4( 23-OCT-2017 ),7,MEDIUM GOODS VEHICLE,4,2,2,0,0,1,1,0,2,0,1,0,13
2020,Odisha,CHANDIKHOLE RTO - OR4( 23-OCT-2017 ),8,MEDIUM MOTOR VEHICLE,0,1,2,0,0,0,0,0,0,0,0,3,6
2020,Odisha,CHANDIKHOLE RTO - OR4( 23-OCT-2017 ),9,MEDIUM PASSENGER VEHICLE,4,1,3,0,0,0,0,0,1,0,0,2,11
2020,Odisha,CHANDIKHOLE RTO - OR4( 23-OCT-2017 ),10,OTHER THAN MENTIONED ABOVE,2,2,9,0,0,2,3,5,2,0,2,2,29
2020,Odisha,CHANDIKHOLE RTO - OR4( 23-OCT-2017 ),11,THREE WHEELER(T),22,28,23,0,7,7,9,14,25,25,19,16,195
2020,Odisha,CHANDIKHOLE RTO - OR4( 23-OCT-2017 ),12,TWO WHEELER(NT),"1,075","1,001","1,281",17,86,672,521,755,736,"1,303","1,031",671,"9,149"
2020,Odisha,CHANDIKHOLE RTO - OR4( 23-OCT-2017 ),13,TWO WHEELER(T),0,0,0,0,0,0,0,0,0,1,0,0,1
2020,Odisha,CUTTACK RTO - OR5( 31-MAY-2017 ),1,HEAVY GOODS VEHICLE,82,96,206,5,1,2,3,17,41,52,64,79,648
2020,Odisha,CUTTACK RTO - OR5( 31-MAY-2017 ),2,HEAVY MOTOR VEHICLE,2,0,1,0,0,1,1,0,1,0,0,0,6
2020,Odisha,CUTTACK RTO - OR5( 31-MAY-2017 ),3,HEAVY PASSENGER VEHICLE,2,3,4,6,0,0,0,0,2,0,1,1,19
2020,Odisha,CUTTACK RTO - OR5( 31-MAY-2017 ),4,LIGHT GOODS VEHICLE,288,247,382,0,25,133,123,188,264,256,199,155,"2,260"
2020,Odisha,CUTTACK RTO - OR5( 31-MAY-2017 ),5,LIGHT MOTOR VEHICLE,468,403,353,2,136,310,248,381,467,687,599,574,"4,628"
2020,Odisha,CUTTACK RTO - OR5( 31-MAY-2017 ),6,LIGHT PASSENGER VEHICLE,82,69,57,2,23,43,28,35,36,44,36,38,493
2020,Odisha,CUTTACK RTO - OR5( 31-MAY-2017 ),7,MEDIUM GOODS VEHICLE,4,5,6,0,0,0,2,4,1,3,7,13,45
2020,Odisha,CUTTACK RTO - OR5( 31-MAY-2017 ),8,MEDIUM MOTOR VEHICLE,0,8,4,0,0,0,0,4,1,0,2,0,19
2020,Odisha,CUTTACK RTO - OR5( 31-MAY-2017 ),9,MEDIUM PASSENGER VEHICLE,8,10,15,5,0,0,0,0,7,0,0,2,47
2020,Odisha,CUTTACK RTO - OR5( 31-MAY-2017 ),10,OTHER THAN MENTIONED ABOVE,7,14,8,0,4,4,3,11,3,5,6,5,70
2020,Odisha,CUTTACK RTO - OR5( 31-MAY-2017 ),11,THREE WHEELER(NT),0,0,1,0,0,0,0,0,0,0,0,0,1
2020,Odisha,CUTTACK RTO - OR5( 31-MAY-2017 ),12,THREE WHEELER(T),139,141,135,0,6,27,27,12,50,31,34,31,633
2020,Odisha,CUTTACK RTO - OR5( 31-MAY-2017 ),13,TWO WHEELER(NT),"3,748","3,491","4,259",16,"1,215","2,441","1,163","2,407","2,678","4,869","4,291","3,105","33,683"
2020,Odisha,CUTTACK RTO - OR5( 31-MAY-2017 ),14,TWO WHEELER(T),0,0,0,0,0,0,0,1,0,0,1,1,3
2020,Odisha,DEOGARH RTO - OR28( 23-OCT-2017 ),1,HEAVY GOODS VEHICLE,6,3,33,0,0,0,0,0,1,0,0,5,48
2020,Odisha,DEOGARH RTO - OR28( 23-OCT-2017 ),2,HEAVY MOTOR VEHICLE,0,1,0,0,0,0,0,0,0,0,0,0,1
2020,Odisha,DEOGARH RTO - OR28( 23-OCT-2017 ),3,HEAVY PASSENGER VEHICLE,0,1,1,0,0,0,0,0,0,0,0,0,2
2020,Odisha,DEOGARH RTO - OR28( 23-OCT-2017 ),4,LIGHT GOODS VEHICLE,13,14,27,0,0,1,14,9,20,25,18,6,147
2020,Odisha,DEOGARH RTO - OR28( 23-OCT-2017 ),5,LIGHT MOTOR VEHICLE,15,12,9,1,0,3,5,8,16,33,17,14,133
2020,Odisha,DEOGARH RTO - OR28( 23-OCT-2017 ),6,LIGHT PASSENGER VEHICLE,2,4,6,0,0,0,1,0,2,3,3,3,24
2020,Odisha,DEOGARH RTO - OR28( 23-OCT-2017 ),7,MEDIUM GOODS VEHICLE,0,4,0,0,0,0,0,0,0,0,0,0,4
2020,Odisha,DEOGARH RTO - OR28( 23-OCT-2017 ),8,MEDIUM MOTOR VEHICLE,0,0,0,0,1,0,0,1,2,0,0,1,5
2020,Odisha,DEOGARH RTO - OR28( 23-OCT-2017 ),9,MEDIUM PASSENGER VEHICLE,0,2,0,0,0,0,0,0,0,0,0,0,2
2020,Odisha,DEOGARH RTO - OR28( 23-OCT-2017 ),10,OTHER THAN MENTIONED ABOVE,1,0,1,0,0,1,0,0,0,0,1,1,5
2020,Odisha,DEOGARH RTO - OR28( 23-OCT-2017 ),11,THREE WHEELER(T),2,3,6,0,0,0,3,2,5,3,7,5,36
2020,Odisha,DEOGARH RTO - OR28( 23-OCT-2017 ),12,TWO WHEELER(NT),156,241,462,0,55,155,195,152,200,284,205,151,"2,256"
2020,Odisha,DHENKANAL RTO - OR6( 07-NOV-2017 ),1,HEAVY GOODS VEHICLE,11,7,38,1,0,0,0,2,7,5,5,6,82
2020,Odisha,DHENKANAL RTO - OR6( 07-NOV-2017 ),2,HEAVY MOTOR VEHICLE,1,0,0,0,0,1,1,1,2,0,0,0,6
2020,Odisha,DHENKANAL RTO - OR6( 07-NOV-2017 ),3,HEAVY PASSENGER VEHICLE,0,0,1,0,0,0,0,0,0,0,0,0,1
2020,Odisha,DHENKANAL RTO - OR6( 07-NOV-2017 ),4,LIGHT GOODS VEHICLE,45,51,57,5,21,31,78,48,66,64,6,21,493
2020,Odisha,DHENKANAL RTO - OR6( 07-NOV-2017 ),5,LIGHT MOTOR VEHICLE,29,27,16,0,6,17,25,22,26,58,62,59,347
2020,Odisha,DHENKANAL RTO - OR6( 07-NOV-2017 ),6,LIGHT PASSENGER VEHICLE,5,3,2,0,0,0,3,1,4,1,3,5,27
2020,Odisha,DHENKANAL RTO - OR6( 07-NOV-2017 ),7,MEDIUM GOODS VEHICLE,1,2,4,0,2,0,0,0,2,1,1,1,14
2020,Odisha,DHENKANAL RTO - OR6( 07-NOV-2017 ),8,MEDIUM MOTOR VEHICLE,1,2,7,0,0,1,3,4,3,2,1,1,25
2020,Odisha,DHENKANAL RTO - OR6( 07-NOV-2017 ),9,MEDIUM PASSENGER VEHICLE,1,2,1,0,0,0,0,0,0,0,0,0,4
2020,Odisha,DHENKANAL RTO - OR6( 07-NOV-2017 ),10,OTHER THAN MENTIONED ABOVE,2,1,2,0,1,6,5,4,5,3,3,1,33
2020,Odisha,DHENKANAL RTO - OR6( 07-NOV-2017 ),11,THREE WHEELER(NT),0,0,1,0,0,0,0,0,0,0,0,0,1
2020,Odisha,DHENKANAL RTO - OR6( 07-NOV-2017 ),12,THREE WHEELER(T),30,22,20,0,1,4,10,1,8,15,14,12,137
2020,Odisha,DHENKANAL RTO - OR6( 07-NOV-2017 ),13,TWO WHEELER(NT),839,841,"1,209",24,289,662,547,358,422,"1,110",872,592,"7,765"
2020,Odisha,GAJAPATI RTO - OR20( 07-NOV-2017 ),1,HEAVY GOODS VEHICLE,0,2,2,0,0,0,0,0,0,0,0,0,4
2020,Odisha,GAJAPATI RTO - OR20( 07-NOV-2017 ),2,LIGHT GOODS VEHICLE,15,47,38,0,3,46,31,34,47,24,41,19,345
2020,Odisha,GAJAPATI RTO - OR20( 07-NOV-2017 ),3,LIGHT MOTOR VEHICLE,9,8,9,1,9,2,7,4,12,21,15,8,105
2020,Odisha,GAJAPATI RTO - OR20( 07-NOV-2017 ),4,LIGHT PASSENGER VEHICLE,2,3,3,0,0,1,0,0,0,9,1,2,21
2020,Odisha,GAJAPATI RTO - OR20( 07-NOV-2017 ),5,MEDIUM GOODS VEHICLE,1,0,2,0,0,1,0,0,0,0,0,0,4
2020,Odisha,GAJAPATI RTO - OR20( 07-NOV-2017 ),6,OTHER THAN MENTIONED ABOVE,0,0,1,0,0,0,0,0,2,1,0,2,6
2020,Odisha,GAJAPATI RTO - OR20( 07-NOV-2017 ),7,THREE WHEELER(T),3,1,0,0,0,1,0,0,0,0,0,0,5
2020,Odisha,GAJAPATI RTO - OR20( 07-NOV-2017 ),8,TWO WHEELER(NT),241,374,355,1,81,260,225,266,347,444,330,244,"3,168"
2020,Odisha,GANJAM RTO - OR7( 04-DEC-2017 ),1,HEAVY GOODS VEHICLE,42,39,53,0,0,0,3,13,18,28,29,48,273
2020,Odisha,GANJAM RTO - OR7( 04-DEC-2017 ),2,HEAVY PASSENGER VEHICLE,2,2,4,2,0,0,0,0,0,1,0,0,11
2020,Odisha,GANJAM RTO - OR7( 04-DEC-2017 ),3,LIGHT GOODS VEHICLE,169,136,141,3,30,65,61,134,117,119,77,47,"1,099"
2020,Odisha,GANJAM RTO - OR7( 04-DEC-2017 ),4,LIGHT MOTOR VEHICLE,132,87,69,7,14,57,32,79,166,270,219,144,"1,276"
2020,Odisha,GANJAM RTO - OR7( 04-DEC-2017 ),5,LIGHT PASSENGER VEHICLE,19,22,19,0,1,2,3,7,13,22,11,9,128
2020,Odisha,GANJAM RTO - OR7( 04-DEC-2017 ),6,MEDIUM GOODS VEHICLE,0,1,8,0,0,0,0,0,0,1,0,1,11
2020,Odisha,GANJAM RTO - OR7( 04-DEC-2017 ),7,MEDIUM MOTOR VEHICLE,1,1,2,0,1,0,0,0,0,1,0,1,7
2020,Odisha,GANJAM RTO - OR7( 04-DEC-2017 ),8,MEDIUM PASSENGER VEHICLE,2,4,2,0,0,0,0,0,0,0,0,2,10
2020,Odisha,GANJAM RTO - OR7( 04-DEC-2017 ),9,OTHER THAN MENTIONED ABOVE,4,3,3,0,1,0,2,0,2,1,0,3,19
2020,Odisha,GANJAM RTO - OR7( 04-DEC-2017 ),10,THREE WHEELER(T),122,102,68,1,27,51,30,52,102,107,84,75,821
2020,Odisha,GANJAM RTO - OR7( 04-DEC-2017 ),11,TWO WHEELER (INVALID CARRIAGE),6,5,1,0,0,0,2,1,6,2,2,5,30
2020,Odisha,GANJAM RTO - OR7( 04-DEC-2017 ),12,TWO WHEELER(NT),"2,263","3,198","4,163",43,"1,061","1,967","1,266","1,859","2,911","3,644","3,308","2,501","28,184"
2020,Odisha,JAGATSINGHPUR RTO - OR21( 04-DEC-2017 ),1,HEAVY GOODS VEHICLE,5,10,8,4,0,0,0,0,6,5,5,5,48
2020,Odisha,JAGATSINGHPUR RTO - OR21( 04-DEC-2017 ),2,HEAVY MOTOR VEHICLE,3,5,1,0,0,0,2,0,0,4,3,3,21
2020,Odisha,JAGATSINGHPUR RTO - OR21( 04-DEC-2017 ),3,LIGHT GOODS VEHICLE,75,67,50,1,0,1,39,19,43,29,20,31,375
2020,Odisha,JAGATSINGHPUR RTO - OR21( 04-DEC-2017 ),4,LIGHT MOTOR VEHICLE,11,14,22,0,0,10,15,18,27,20,21,13,171
2020,Odisha,JAGATSINGHPUR RTO - OR21( 04-DEC-2017 ),5,LIGHT PASSENGER VEHICLE,0,4,4,0,0,1,1,1,0,1,0,1,13
2020,Odisha,JAGATSINGHPUR RTO - OR21( 04-DEC-2017 ),6,MEDIUM GOODS VEHICLE,1,5,1,0,0,0,0,0,0,0,1,0,8
2020,Odisha,JAGATSINGHPUR RTO - OR21( 04-DEC-2017 ),7,MEDIUM MOTOR VEHICLE,1,1,0,1,0,0,0,0,7,1,1,2,14
2020,Odisha,JAGATSINGHPUR RTO - OR21( 04-DEC-2017 ),8,MEDIUM PASSENGER VEHICLE,1,0,0,0,0,0,0,0,0,0,0,0,1
2020,Odisha,JAGATSINGHPUR RTO - OR21( 04-DEC-2017 ),9,OTHER THAN MENTIONED ABOVE,2,2,3,0,0,1,2,0,1,0,4,2,17
2020,Odisha,JAGATSINGHPUR RTO - OR21( 04-DEC-2017 ),10,THREE WHEELER(T),23,22,32,2,1,0,8,2,3,8,7,8,116
2020,Odisha,JAGATSINGHPUR RTO - OR21( 04-DEC-2017 ),11,TWO WHEELER(NT),"1,057",989,"1,512",72,346,850,775,947,867,"1,369","1,119",947,"10,850"
2020,Odisha,JAJPUR RTO - OR34( 23-OCT-2017 ),1,HEAVY GOODS VEHICLE,15,19,16,0,0,0,1,2,4,11,6,8,82
2020,Odisha,JAJPUR RTO - OR34( 23-OCT-2017 ),2,HEAVY MOTOR VEHICLE,0,1,1,0,0,0,0,0,0,0,2,0,4
2020,Odisha,JAJPUR RTO - OR34( 23-OCT-2017 ),3,LIGHT GOODS VEHICLE,77,83,101,1,2,31,57,57,71,60,37,36,613
2020,Odisha,JAJPUR RTO - OR34( 23-OCT-2017 ),4,LIGHT MOTOR VEHICLE,69,67,33,0,3,31,30,53,61,104,99,112,662
2020,Odisha,JAJPUR RTO - OR34( 23-OCT-2017 ),5,LIGHT PASSENGER VEHICLE,12,17,15,0,2,2,5,20,8,6,7,2,96
2020,Odisha,JAJPUR RTO - OR34( 23-OCT-2017 ),6,MEDIUM GOODS VEHICLE,2,1,1,0,0,0,0,0,0,0,1,0,5
2020,Odisha,JAJPUR RTO - OR34( 23-OCT-2017 ),7,MEDIUM MOTOR VEHICLE,2,3,4,1,0,3,0,12,5,0,1,0,31
2020,Odisha,JAJPUR RTO - OR34( 23-OCT-2017 ),8,MEDIUM PASSENGER VEHICLE,1,0,1,2,0,0,0,0,0,0,0,0,4
2020,Odisha,JAJPUR RTO - OR34( 23-OCT-2017 ),9,OTHER THAN MENTIONED ABOVE,2,2,6,0,0,0,2,1,0,0,1,4,18
2020,Odisha,JAJPUR RTO - OR34( 23-OCT-2017 ),10,THREE WHEELER(T),52,54,33,0,2,21,24,25,42,56,25,31,365
2020,Odisha,JAJPUR RTO - OR34( 23-OCT-2017 ),11,TWO WHEELER(NT),"1,422","1,667","2,361",8,34,956,803,979,"1,087","1,862","1,816","1,214","14,209"
2020,Odisha,JHARSUGUDA RTO - OR23( 07-NOV-2017 ),1,HEAVY GOODS VEHICLE,49,171,107,0,0,0,1,7,14,25,23,65,462
2020,Odisha,JHARSUGUDA RTO - OR23( 07-NOV-2017 ),2,HEAVY MOTOR VEHICLE,0,6,2,1,1,0,0,0,2,1,8,1,22
2020,Odisha,JHARSUGUDA RTO - OR23( 07-NOV-2017 ),3,HEAVY PASSENGER VEHICLE,1,0,0,0,0,0,0,0,0,0,0,0,1
2020,Odisha,JHARSUGUDA RTO - OR23( 07-NOV-2017 ),4,LIGHT GOODS VEHICLE,44,47,42,1,1,16,66,42,49,38,42,37,425
2020,Odisha,JHARSUGUDA RTO - OR23( 07-NOV-2017 ),5,LIGHT MOTOR VEHICLE,62,113,97,0,35,87,69,102,105,185,195,154,"1,204"
2020,Odisha,JHARSUGUDA RTO - OR23( 07-NOV-2017 ),6,LIGHT PASSENGER VEHICLE,11,18,16,0,2,7,5,10,15,7,11,6,108
2020,Odisha,JHARSUGUDA RTO - OR23( 07-NOV-2017 ),7,MEDIUM GOODS VEHICLE,8,8,4,0,0,3,3,1,2,1,3,0,33
2020,Odisha,JHARSUGUDA RTO - OR23( 07-NOV-2017 ),8,MEDIUM MOTOR VEHICLE,5,5,3,0,2,5,7,12,8,0,4,6,57
2020,Odisha,JHARSUGUDA RTO - OR23( 07-NOV-2017 ),9,MEDIUM PASSENGER VEHICLE,2,2,4,0,0,0,0,0,0,0,1,0,9
2020,Odisha,JHARSUGUDA RTO - OR23( 07-NOV-2017 ),10,OTHER THAN MENTIONED ABOVE,2,10,16,1,1,10,1,1,2,5,6,12,67
2020,Odisha,JHARSUGUDA RTO - OR23( 07-NOV-2017 ),11,THREE WHEELER(T),26,19,33,0,0,11,6,4,9,12,12,15,147
2020,Odisha,JHARSUGUDA RTO - OR23( 07-NOV-2017 ),12,TWO WHEELER(NT),472,"1,248","1,744",43,257,937,641,"1,035",739,"1,209","1,542","1,099","10,966"
2020,Odisha,KALAHANDI RTO - OR8( 23-OCT-2017 ),1,HEAVY GOODS VEHICLE,8,16,9,2,0,0,0,0,4,4,5,4,52
2020,Odisha,KALAHANDI RTO - OR8( 23-OCT-2017 ),2,HEAVY MOTOR VEHICLE,3,0,0,0,0,0,0,0,0,0,0,0,3
2020,Odisha,KALAHANDI RTO - OR8( 23-OCT-2017 ),3,HEAVY PASSENGER VEHICLE,2,1,2,0,0,0,0,0,0,0,1,0,6
2020,Odisha,KALAHANDI RTO - OR8( 23-OCT-2017 ),4,LIGHT GOODS VEHICLE,217,250,144,12,58,129,163,94,101,155,118,107,"1,548"
2020,Odisha,KALAHANDI RTO - OR8( 23-OCT-2017 ),5,LIGHT MOTOR VEHICLE,80,67,94,5,11,60,79,66,85,108,132,99,886
2020,Odisha,KALAHANDI RTO - OR8( 23-OCT-2017 ),6,LIGHT PASSENGER VEHICLE,21,11,26,1,3,5,8,6,7,8,11,11,118
2020,Odisha,KALAHANDI RTO - OR8( 23-OCT-2017 ),7,MEDIUM GOODS VEHICLE,2,6,2,0,0,0,0,0,1,0,1,0,12
2020,Odisha,KALAHANDI RTO - OR8( 23-OCT-2017 ),8,MEDIUM MOTOR VEHICLE,3,3,3,0,1,4,2,4,3,0,1,0,24
2020,Odisha,KALAHANDI RTO - OR8( 23-OCT-2017 ),9,MEDIUM PASSENGER VEHICLE,0,1,1,0,0,0,0,0,0,0,0,0,2
2020,Odisha,KALAHANDI RTO - OR8( 23-OCT-2017 ),10,OTHER THAN MENTIONED ABOVE,4,7,8,0,6,5,2,4,3,3,6,2,50
2020,Odisha,KALAHANDI RTO - OR8( 23-OCT-2017 ),11,THREE WHEELER(T),37,53,48,7,1,16,18,18,29,29,22,20,298
2020,Odisha,KALAHANDI RTO - OR8( 23-OCT-2017 ),12,TWO WHEELER(NT),"1,514","2,276","4,581",162,449,"1,263","1,513",805,"1,223","1,267","1,917","1,778","18,748"
2020,Odisha,KENDRAPARA RTO - OR29( 23-OCT-2017 ),1,HEAVY GOODS VEHICLE,17,17,61,0,0,0,0,1,16,30,13,20,175
2020,Odisha,KENDRAPARA RTO - OR29( 23-OCT-2017 ),2,HEAVY MOTOR VEHICLE,0,0,0,0,0,0,3,0,0,0,0,0,3
2020,Odisha,KENDRAPARA RTO - OR29( 23-OCT-2017 ),3,LIGHT GOODS VEHICLE,90,143,98,0,1,22,64,32,61,58,43,45,657
2020,Odisha,KENDRAPARA RTO - OR29( 23-OCT-2017 ),4,LIGHT MOTOR VEHICLE,10,9,12,0,0,5,5,10,22,25,40,47,185
2020,Odisha,KENDRAPARA RTO - OR29( 23-OCT-2017 ),5,LIGHT PASSENGER VEHICLE,6,5,6,1,0,3,4,0,1,1,1,0,28
2020,Odisha,KENDRAPARA RTO - OR29( 23-OCT-2017 ),6,MEDIUM GOODS VEHICLE,1,4,1,0,0,0,1,0,2,0,1,0,10
2020,Odisha,KENDRAPARA RTO - OR29( 23-OCT-2017 ),7,MEDIUM MOTOR VEHICLE,1,0,0,0,0,0,1,0,0,0,0,1,3
2020,Odisha,KENDRAPARA RTO - OR29( 23-OCT-2017 ),8,MEDIUM PASSENGER VEHICLE,0,1,0,0,0,0,0,0,1,0,0,0,2
2020,Odisha,KENDRAPARA RTO - OR29( 23-OCT-2017 ),9,OTHER THAN MENTIONED ABOVE,1,0,2,0,0,0,2,2,3,0,0,0,10
2020,Odisha,KENDRAPARA RTO - OR29( 23-OCT-2017 ),10,THREE WHEELER(T),48,65,58,1,4,17,25,34,32,47,26,10,367
2020,Odisha,KENDRAPARA RTO - OR29( 23-OCT-2017 ),11,TWO WHEELER(NT),735,843,710,8,190,563,687,571,657,966,947,715,"7,592"
2020,Odisha,KEONJHAR RTO - OR9( 04-DEC-2017 ),1,HEAVY GOODS VEHICLE,43,62,109,3,0,0,6,19,42,46,75,118,523
2020,Odisha,KEONJHAR RTO - OR9( 04-DEC-2017 ),2,HEAVY MOTOR VEHICLE,0,1,0,0,0,0,0,1,0,0,1,0,3
2020,Odisha,KEONJHAR RTO - OR9( 04-DEC-2017 ),3,HEAVY PASSENGER VEHICLE,0,0,0,0,0,0,0,0,0,1,0,0,1
2020,Odisha,KEONJHAR RTO - OR9( 04-DEC-2017 ),4,LIGHT GOODS VEHICLE,138,155,125,1,11,89,60,90,96,87,66,50,968
2020,Odisha,KEONJHAR RTO - OR9( 04-DEC-2017 ),5,LIGHT MOTOR VEHICLE,53,41,46,4,10,45,41,49,48,69,70,92,568
2020,Odisha,KEONJHAR RTO - OR9( 04-DEC-2017 ),6,LIGHT PASSENGER VEHICLE,20,20,26,1,1,6,5,10,7,12,4,6,118
2020,Odisha,KEONJHAR RTO - OR9( 04-DEC-2017 ),7,MEDIUM GOODS VEHICLE,4,4,8,0,0,0,1,0,0,0,1,1,19
2020,Odisha,KEONJHAR RTO - OR9( 04-DEC-2017 ),8,MEDIUM MOTOR VEHICLE,1,2,3,0,1,2,3,4,4,3,8,7,38
2020,Odisha,KEONJHAR RTO - OR9( 04-DEC-2017 ),9,MEDIUM PASSENGER VEHICLE,1,1,1,0,0,0,0,0,0,0,0,0,3
2020,Odisha,KEONJHAR RTO - OR9( 04-DEC-2017 ),10,OTHER THAN MENTIONED ABOVE,0,4,1,0,2,0,1,2,3,1,5,3,22
2020,Odisha,KEONJHAR RTO - OR9( 04-DEC-2017 ),11,THREE WHEELER(T),122,81,99,0,14,50,46,81,85,121,97,96,892
2020,Odisha,KEONJHAR RTO - OR9( 04-DEC-2017 ),12,TWO WHEELER(NT),"1,563","1,195","2,384",60,428,"1,237","1,373","1,231","1,281","2,478","1,940","1,256","16,426"
2020,Odisha,KHORDHA ARTO - OR201( 20-JAN-2018 ),1,HEAVY GOODS VEHICLE,26,37,42,0,0,1,7,4,10,15,18,38,198
2020,Odisha,KHORDHA ARTO - OR201( 20-JAN-2018 ),2,HEAVY MOTOR VEHICLE,1,0,0,0,0,0,0,0,0,0,0,1,2
2020,Odisha,KHORDHA ARTO - OR201( 20-JAN-2018 ),3,HEAVY PASSENGER VEHICLE,0,0,1,0,0,0,0,0,0,0,0,0,1
2020,Odisha,KHORDHA ARTO - OR201( 20-JAN-2018 ),4,LIGHT GOODS VEHICLE,78,94,152,0,4,6,25,34,28,35,43,30,529
2020,Odisha,KHORDHA ARTO - OR201( 20-JAN-2018 ),5,LIGHT MOTOR VEHICLE,15,25,15,0,19,31,41,32,29,28,43,28,306
2020,Odisha,KHORDHA ARTO - OR201( 20-JAN-2018 ),6,LIGHT PASSENGER VEHICLE,8,5,8,0,0,1,0,1,1,2,1,1,28
2020,Odisha,KHORDHA ARTO - OR201( 20-JAN-2018 ),7,MEDIUM GOODS VEHICLE,6,12,9,0,0,1,2,0,1,0,1,0,32
2020,Odisha,KHORDHA ARTO - OR201( 20-JAN-2018 ),8,MEDIUM MOTOR VEHICLE,0,1,1,0,1,1,2,0,0,2,1,0,9
2020,Odisha,KHORDHA ARTO - OR201( 20-JAN-2018 ),9,MEDIUM PASSENGER VEHICLE,3,1,1,0,0,0,0,0,0,1,0,0,6
2020,Odisha,KHORDHA ARTO - OR201( 20-JAN-2018 ),10,OTHER THAN MENTIONED ABOVE,0,0,0,0,0,2,3,2,2,1,1,1,12
2020,Odisha,KHORDHA ARTO - OR201( 20-JAN-2018 ),11,THREE WHEELER(T),44,38,35,4,4,10,3,8,19,16,11,24,216
2020,Odisha,KHORDHA ARTO - OR201( 20-JAN-2018 ),12,TWO WHEELER(NT),240,270,396,27,55,146,170,213,186,421,444,368,"2,936"
2020,Odisha,KORAPUT RTO - OR10( 25-DEC-2017 ),1,HEAVY GOODS VEHICLE,17,14,16,3,0,0,0,2,5,6,6,13,82
2020,Odisha,KORAPUT RTO - OR10( 25-DEC-2017 ),2,HEAVY MOTOR VEHICLE,1,0,2,0,0,0,0,0,0,0,0,1,4
2020,Odisha,KORAPUT RTO - OR10( 25-DEC-2017 ),3,HEAVY PASSENGER VEHICLE,4,3,0,1,0,0,0,0,1,4,0,0,13
2020,Odisha,KORAPUT RTO - OR10( 25-DEC-2017 ),4,LIGHT GOODS VEHICLE,119,77,168,10,4,86,98,95,79,213,69,53,"1,071"
2020,Odisha,KORAPUT RTO - OR10( 25-DEC-2017 ),5,LIGHT MOTOR VEHICLE,103,114,130,13,36,75,109,115,173,302,208,146,"1,524"
2020,Odisha,KORAPUT RTO - OR10( 25-DEC-2017 ),6,LIGHT PASSENGER VEHICLE,21,22,31,8,0,11,14,8,15,22,13,7,172
2020,Odisha,KORAPUT RTO - OR10( 25-DEC-2017 ),7,MEDIUM GOODS VEHICLE,2,1,0,0,0,0,0,1,0,1,0,2,7
2020,Odisha,KORAPUT RTO - OR10( 25-DEC-2017 ),8,MEDIUM MOTOR VEHICLE,0,4,1,0,0,1,0,0,0,0,3,7,16
2020,Odisha,KORAPUT RTO - OR10( 25-DEC-2017 ),9,MEDIUM PASSENGER VEHICLE,0,0,0,0,0,0,0,0,0,0,0,2,2
2020,Odisha,KORAPUT RTO - OR10( 25-DEC-2017 ),10,OTHER THAN MENTIONED ABOVE,4,6,8,0,0,8,3,1,4,0,0,7,41
2020,Odisha,KORAPUT RTO - OR10( 25-DEC-2017 ),11,THREE WHEELER(T),62,49,87,18,5,29,18,24,54,53,27,46,472
2020,Odisha,KORAPUT RTO - OR10( 25-DEC-2017 ),12,TWO WHEELER(NT),"2,235","2,044","2,871",156,664,"1,628","1,319","1,183","1,938","2,616","2,287","1,692","20,633"
2020,Odisha,MALKANAGIRI RTO - OR30( 25-DEC-2017 ),1,HEAVY GOODS VEHICLE,0,0,12,0,0,0,0,2,1,1,0,1,17
2020,Odisha,MALKANAGIRI RTO - OR30( 25-DEC-2017 ),2,HEAVY MOTOR VEHICLE,0,1,0,0,0,0,0,0,0,0,0,0,1
2020,Odisha,MALKANAGIRI RTO - OR30( 25-DEC-2017 ),3,HEAVY PASSENGER VEHICLE,0,0,2,0,0,0,0,0,0,0,0,0,2
2020,Odisha,MALKANAGIRI RTO - OR30( 25-DEC-2017 ),4,LIGHT GOODS VEHICLE,23,45,74,1,0,8,18,35,42,91,47,79,463
2020,Odisha,MALKANAGIRI RTO - OR30( 25-DEC-2017 ),5,LIGHT MOTOR VEHICLE,24,19,21,3,0,7,1,6,11,30,27,19,168
2020,Odisha,MALKANAGIRI RTO - OR30( 25-DEC-2017 ),6,LIGHT PASSENGER VEHICLE,4,1,6,0,0,2,1,3,4,1,0,3,25
2020,Odisha,MALKANAGIRI RTO - OR30( 25-DEC-2017 ),7,MEDIUM GOODS VEHICLE,0,1,0,0,0,0,1,0,0,0,0,0,2
2020,Odisha,MALKANAGIRI RTO - OR30( 25-DEC-2017 ),8,MEDIUM MOTOR VEHICLE,0,1,1,0,0,0,0,0,0,0,0,0,2
2020,Odisha,MALKANAGIRI RTO - OR30( 25-DEC-2017 ),9,OTHER THAN MENTIONED ABOVE,4,0,5,0,0,0,0,0,3,0,0,2,14
2020,Odisha,MALKANAGIRI RTO - OR30( 25-DEC-2017 ),10,THREE WHEELER(T),20,48,64,1,0,8,13,4,23,21,7,32,241
2020,Odisha,MALKANAGIRI RTO - OR30( 25-DEC-2017 ),11,TWO WHEELER(NT),322,959,"1,469",8,0,268,378,215,114,752,555,569,"5,609"
2020,Odisha,MAYURBHANJ RTO - OR11( 08-NOV-2017 ),1,HEAVY GOODS VEHICLE,3,5,19,0,0,0,2,3,0,2,6,3,43
2020,Odisha,MAYURBHANJ RTO - OR11( 08-NOV-2017 ),2,HEAVY PASSENGER VEHICLE,0,1,10,0,0,0,0,0,0,1,1,0,13
2020,Odisha,MAYURBHANJ RTO - OR11( 08-NOV-2017 ),3,LIGHT GOODS VEHICLE,89,96,136,0,26,75,84,78,79,67,54,57,841
2020,Odisha,MAYURBHANJ RTO - OR11( 08-NOV-2017 ),4,LIGHT MOTOR VEHICLE,100,80,74,0,41,123,130,104,118,171,153,149,"1,243"
2020,Odisha,MAYURBHANJ RTO - OR11( 08-NOV-2017 ),5,LIGHT PASSENGER VEHICLE,16,5,4,1,2,11,6,4,7,8,6,5,75
2020,Odisha,MAYURBHANJ RTO - OR11( 08-NOV-2017 ),6,MEDIUM GOODS VEHICLE,2,4,4,0,0,1,2,1,0,1,1,0,16
2020,Odisha,MAYURBHANJ RTO - OR11( 08-NOV-2017 ),7,MEDIUM MOTOR VEHICLE,0,0,0,0,0,2,1,1,2,1,1,2,10
2020,Odisha,MAYURBHANJ RTO - OR11( 08-NOV-2017 ),8,MEDIUM PASSENGER VEHICLE,1,1,5,0,0,0,0,0,0,0,0,0,7
2020,Odisha,MAYURBHANJ RTO - OR11( 08-NOV-2017 ),9,OTHER THAN MENTIONED ABOVE,2,1,2,0,1,1,1,1,0,0,0,0,9
2020,Odisha,MAYURBHANJ RTO - OR11( 08-NOV-2017 ),10,THREE WHEELER(T),55,72,99,0,5,27,24,30,28,35,35,33,443
2020,Odisha,MAYURBHANJ RTO - OR11( 08-NOV-2017 ),11,TWO WHEELER(NT),"1,912","1,317","1,518",4,545,"1,163","1,192","1,196","1,168","1,806","1,569","1,037","14,427"
2020,Odisha,NAWARANGPUR RTO - OR24( 07-NOV-2017 ),1,HEAVY GOODS VEHICLE,3,5,8,0,0,0,0,0,0,0,6,1,23
2020,Odisha,NAWARANGPUR RTO - OR24( 07-NOV-2017 ),2,HEAVY MOTOR VEHICLE,0,0,0,0,0,0,0,0,0,0,1,0,1
2020,Odisha,NAWARANGPUR RTO - OR24( 07-NOV-2017 ),3,LIGHT GOODS VEHICLE,169,173,184,3,8,46,254,215,196,103,83,53,"1,487"
2020,Odisha,NAWARANGPUR RTO - OR24( 07-NOV-2017 ),4,LIGHT MOTOR VEHICLE,24,18,32,4,4,15,9,12,26,43,66,96,349
2020,Odisha,NAWARANGPUR RTO - OR24( 07-NOV-2017 ),5,LIGHT PASSENGER VEHICLE,1,5,10,0,0,1,0,0,1,5,1,4,28
2020,Odisha,NAWARANGPUR RTO - OR24( 07-NOV-2017 ),6,MEDIUM GOODS VEHICLE,4,3,5,0,0,0,3,3,5,4,7,0,34
2020,Odisha,NAWARANGPUR RTO - OR24( 07-NOV-2017 ),7,MEDIUM MOTOR VEHICLE,0,0,0,0,0,0,0,0,1,0,1,0,2
2020,Odisha,NAWARANGPUR RTO - OR24( 07-NOV-2017 ),8,MEDIUM PASSENGER VEHICLE,0,0,1,0,0,0,0,0,0,0,0,0,1
2020,Odisha,NAWARANGPUR RTO - OR24( 07-NOV-2017 ),9,OTHER THAN MENTIONED ABOVE,0,0,1,1,0,0,1,0,2,0,0,1,6
2020,Odisha,NAWARANGPUR RTO - OR24( 07-NOV-2017 ),10,THREE WHEELER(NT),0,0,0,0,0,0,0,0,1,1,0,0,2
2020,Odisha,NAWARANGPUR RTO - OR24( 07-NOV-2017 ),11,THREE WHEELER(T),77,43,38,25,0,21,15,10,19,10,1,45,304
2020,Odisha,NAWARANGPUR RTO - OR24( 07-NOV-2017 ),12,TWO WHEELER(NT),"1,382","1,248","1,931",85,33,895,486,378,646,766,881,879,"9,610"
2020,Odisha,NAYAGARH RTO - OR25( 25-DEC-2017 ),1,HEAVY GOODS VEHICLE,2,5,7,0,0,0,0,1,2,1,1,2,21
2020,Odisha,NAYAGARH RTO - OR25( 25-DEC-2017 ),2,HEAVY MOTOR VEHICLE,0,0,0,0,0,0,1,0,0,0,0,1,2
2020,Odisha,NAYAGARH RTO - OR25( 25-DEC-2017 ),3,HEAVY PASSENGER VEHICLE,0,1,2,0,0,0,0,0,0,0,0,0,3
2020,Odisha,NAYAGARH RTO - OR25( 25-DEC-2017 ),4,LIGHT GOODS VEHICLE,42,37,62,6,4,48,50,34,9,14,18,54,378
2020,Odisha,NAYAGARH RTO - OR25( 25-DEC-2017 ),5,LIGHT MOTOR VEHICLE,19,9,16,5,3,12,24,22,4,17,14,21,166
2020,Odisha,NAYAGARH RTO - OR25( 25-DEC-2017 ),6,LIGHT PASSENGER VEHICLE,10,4,0,0,6,4,0,4,1,2,1,0,32
2020,Odisha,NAYAGARH RTO - OR25( 25-DEC-2017 ),7,MEDIUM GOODS VEHICLE,1,2,4,0,0,4,1,2,0,1,1,1,17
2020,Odisha,NAYAGARH RTO - OR25( 25-DEC-2017 ),8,MEDIUM MOTOR VEHICLE,0,0,0,0,0,0,0,0,0,0,2,9,11
2020,Odisha,NAYAGARH RTO - OR25( 25-DEC-2017 ),9,THREE WHEELER(T),31,39,41,0,2,5,4,5,11,26,10,15,189
2020,Odisha,NAYAGARH RTO - OR25( 25-DEC-2017 ),10,TWO WHEELER(NT),"1,036","1,081","1,709",9,479,860,719,610,670,"1,512","1,410",669,"10,764"
2020,Odisha,NAYAGARH RTO - OR25( 25-DEC-2017 ),11,TWO WHEELER(T),0,0,0,0,0,0,0,0,1,0,0,0,1
2020,Odisha,NUAPADA RTO - OR26( 06-NOV-2017 ),1,HEAVY GOODS VEHICLE,1,0,2,0,0,0,0,0,0,0,0,2,5
2020,Odisha,NUAPADA RTO - OR26( 06-NOV-2017 ),2,HEAVY MOTOR VEHICLE,0,1,3,0,0,0,0,0,0,0,0,0,4
2020,Odisha,NUAPADA RTO - OR26( 06-NOV-2017 ),3,HEAVY PASSENGER VEHICLE,0,0,1,1,0,0,0,0,0,0,0,0,2
2020,Odisha,NUAPADA RTO - OR26( 06-NOV-2017 ),4,LIGHT GOODS VEHICLE,49,43,99,5,14,31,35,29,43,42,38,27,455
2020,Odisha,NUAPADA RTO - OR26( 06-NOV-2017 ),5,LIGHT MOTOR VEHICLE,54,40,42,4,4,28,73,33,55,79,60,79,551
2020,Odisha,NUAPADA RTO - OR26( 06-NOV-2017 ),6,LIGHT PASSENGER VEHICLE,10,10,13,1,0,3,1,1,1,2,1,4,47
2020,Odisha,NUAPADA RTO - OR26( 06-NOV-2017 ),7,MEDIUM GOODS VEHICLE,0,1,2,0,0,0,0,0,0,0,0,0,3
2020,Odisha,NUAPADA RTO - OR26( 06-NOV-2017 ),8,MEDIUM MOTOR VEHICLE,1,3,0,0,0,0,1,0,0,0,0,1,6
2020,Odisha,NUAPADA RTO - OR26( 06-NOV-2017 ),9,MEDIUM PASSENGER VEHICLE,0,0,1,0,0,0,0,0,0,0,0,0,1
2020,Odisha,NUAPADA RTO - OR26( 06-NOV-2017 ),10,OTHER THAN MENTIONED ABOVE,0,3,5,0,0,1,0,1,1,0,1,4,16
2020,Odisha,NUAPADA RTO - OR26( 06-NOV-2017 ),11,THREE WHEELER(T),12,26,28,0,0,2,2,2,4,7,0,4,87
2020,Odisha,NUAPADA RTO - OR26( 06-NOV-2017 ),12,TWO WHEELER(NT),586,557,"2,157",23,73,313,600,240,325,417,741,604,"6,636"
2020,Odisha,PHULBANI RTO - OR12( 23-OCT-2017 ),1,HEAVY GOODS VEHICLE,1,3,1,0,0,0,0,0,1,1,0,2,9
2020,Odisha,PHULBANI RTO - OR12( 23-OCT-2017 ),2,HEAVY MOTOR VEHICLE,0,0,0,1,0,0,1,0,0,0,1,0,3
2020,Odisha,PHULBANI RTO - OR12( 23-OCT-2017 ),3,HEAVY PASSENGER VEHICLE,0,0,1,0,0,0,0,0,0,0,1,0,2
2020,Odisha,PHULBANI RTO - OR12( 23-OCT-2017 ),4,LIGHT GOODS VEHICLE,20,38,52,1,0,13,10,20,24,47,13,22,260
2020,Odisha,PHULBANI RTO - OR12( 23-OCT-2017 ),5,LIGHT MOTOR VEHICLE,2,5,5,0,0,3,5,5,11,23,23,18,100
2020,Odisha,PHULBANI RTO - OR12( 23-OCT-2017 ),6,LIGHT PASSENGER VEHICLE,5,6,4,0,0,4,3,3,1,5,3,1,35
2020,Odisha,PHULBANI RTO - OR12( 23-OCT-2017 ),7,MEDIUM GOODS VEHICLE,1,0,2,0,0,0,0,1,0,0,0,0,4
2020,Odisha,PHULBANI RTO - OR12( 23-OCT-2017 ),8,MEDIUM MOTOR VEHICLE,0,0,0,0,0,0,0,0,1,0,0,1,2
2020,Odisha,PHULBANI RTO - OR12( 23-OCT-2017 ),9,MEDIUM PASSENGER VEHICLE,1,1,1,0,0,0,0,0,0,0,0,0,3
2020,Odisha,PHULBANI RTO - OR12( 23-OCT-2017 ),10,OTHER THAN MENTIONED ABOVE,0,0,0,1,0,0,0,2,0,0,0,0,3
2020,Odisha,PHULBANI RTO - OR12( 23-OCT-2017 ),11,THREE WHEELER(T),32,44,47,0,5,21,20,10,48,60,40,31,358
2020,Odisha,PHULBANI RTO - OR12( 23-OCT-2017 ),12,TWO WHEELER(NT),475,474,762,8,230,666,358,382,601,963,622,438,"5,979"
2020,Odisha,PURI RTO - OR13( 25-DEC-2017 ),1,HEAVY GOODS VEHICLE,3,0,0,0,0,1,0,0,1,0,0,1,6
2020,Odisha,PURI RTO - OR13( 25-DEC-2017 ),2,HEAVY MOTOR VEHICLE,0,2,0,0,0,0,0,0,0,0,0,0,2
2020,Odisha,PURI RTO - OR13( 25-DEC-2017 ),3,HEAVY PASSENGER VEHICLE,1,1,1,0,0,0,0,0,0,0,0,0,3
2020,Odisha,PURI RTO - OR13( 25-DEC-2017 ),4,LIGHT GOODS VEHICLE,55,43,28,2,0,12,12,22,14,25,37,29,279
2020,Odisha,PURI RTO - OR13( 25-DEC-2017 ),5,LIGHT MOTOR VEHICLE,41,25,21,1,6,25,22,47,41,58,40,55,382
2020,Odisha,PURI RTO - OR13( 25-DEC-2017 ),6,LIGHT PASSENGER VEHICLE,9,8,8,2,1,1,0,0,0,1,0,2,32
2020,Odisha,PURI RTO - OR13( 25-DEC-2017 ),7,MEDIUM GOODS VEHICLE,1,0,0,0,0,0,0,0,0,0,0,0,1
2020,Odisha,PURI RTO - OR13( 25-DEC-2017 ),8,MEDIUM MOTOR VEHICLE,0,0,0,0,0,0,1,0,0,1,0,7,9
2020,Odisha,PURI RTO - OR13( 25-DEC-2017 ),9,MEDIUM PASSENGER VEHICLE,1,3,3,0,0,0,0,0,1,0,0,0,8
2020,Odisha,PURI RTO - OR13( 25-DEC-2017 ),10,THREE WHEELER(T),31,35,29,1,3,10,15,9,10,22,14,17,196
2020,Odisha,PURI RTO - OR13( 25-DEC-2017 ),11,TWO WHEELER(NT),"1,395","1,166","1,647",26,394,836,"1,005",855,926,"1,578","1,674",961,"12,463"
2020,Odisha,PURI RTO - OR13( 25-DEC-2017 ),12,TWO WHEELER(T),0,0,0,0,0,1,0,0,0,0,0,0,1
2020,Odisha,RAIRANGPUR ARTO - OR111( 08-NOV-2017 ),1,HEAVY GOODS VEHICLE,2,9,4,0,0,0,0,0,0,1,1,3,20
2020,Odisha,RAIRANGPUR ARTO - OR111( 08-NOV-2017 ),2,HEAVY MOTOR VEHICLE,0,0,0,0,0,1,0,0,0,0,0,0,1
2020,Odisha,RAIRANGPUR ARTO - OR111( 08-NOV-2017 ),3,HEAVY PASSENGER VEHICLE,2,0,1,2,0,0,0,0,0,0,0,0,5
2020,Odisha,RAIRANGPUR ARTO - OR111( 08-NOV-2017 ),4,LIGHT GOODS VEHICLE,47,50,68,0,19,48,30,48,71,55,76,38,550
2020,Odisha,RAIRANGPUR ARTO - OR111( 08-NOV-2017 ),5,LIGHT MOTOR VEHICLE,20,23,12,1,5,19,15,24,25,30,36,32,242
2020,Odisha,RAIRANGPUR ARTO - OR111( 08-NOV-2017 ),6,LIGHT PASSENGER VEHICLE,9,7,3,0,0,5,3,6,4,4,7,10,58
2020,Odisha,RAIRANGPUR ARTO - OR111( 08-NOV-2017 ),7,MEDIUM GOODS VEHICLE,2,3,1,0,0,0,0,0,0,0,1,0,7
2020,Odisha,RAIRANGPUR ARTO - OR111( 08-NOV-2017 ),8,MEDIUM MOTOR VEHICLE,0,0,0,0,2,1,2,2,2,6,0,1,16
2020,Odisha,RAIRANGPUR ARTO - OR111( 08-NOV-2017 ),9,MEDIUM PASSENGER VEHICLE,0,1,0,4,0,0,0,0,0,0,0,0,5
2020,Odisha,RAIRANGPUR ARTO - OR111( 08-NOV-2017 ),10,OTHER THAN MENTIONED ABOVE,0,0,0,0,0,0,0,0,1,0,0,0,1
2020,Odisha,RAIRANGPUR ARTO - OR111( 08-NOV-2017 ),11,THREE WHEELER(T),27,43,29,0,0,3,0,14,20,17,20,23,196
2020,Odisha,RAIRANGPUR ARTO - OR111( 08-NOV-2017 ),12,TWO WHEELER(NT),771,594,719,2,239,576,547,508,729,809,"1,081",564,"7,139"
2020,Odisha,RAYGADA RTO - OR18( 25-DEC-2017 ),1,HEAVY GOODS VEHICLE,7,22,43,0,0,0,0,1,4,1,5,4,87
2020,Odisha,RAYGADA RTO - OR18( 25-DEC-2017 ),2,HEAVY MOTOR VEHICLE,0,1,0,0,0,0,1,0,0,0,0,0,2
2020,Odisha,RAYGADA RTO - OR18( 25-DEC-2017 ),3,HEAVY PASSENGER VEHICLE,3,0,4,0,0,0,0,0,0,1,0,2,10
2020,Odisha,RAYGADA RTO - OR18( 25-DEC-2017 ),4,LIGHT GOODS VEHICLE,69,79,106,3,18,45,53,51,88,85,77,92,766
2020,Odisha,RAYGADA RTO - OR18( 25-DEC-2017 ),5,LIGHT MOTOR VEHICLE,24,37,32,3,2,11,30,16,40,67,64,59,385
2020,Odisha,RAYGADA RTO - OR18( 25-DEC-2017 ),6,LIGHT PASSENGER VEHICLE,12,6,21,0,1,1,2,8,10,10,7,3,81
2020,Odisha,RAYGADA RTO - OR18( 25-DEC-2017 ),7,MEDIUM GOODS VEHICLE,1,0,0,0,1,0,0,1,1,0,4,1,9
2020,Odisha,RAYGADA RTO - OR18( 25-DEC-2017 ),8,MEDIUM MOTOR VEHICLE,1,2,0,0,0,0,0,0,0,0,1,0,4
2020,Odisha,RAYGADA RTO - OR18( 25-DEC-2017 ),9,MEDIUM PASSENGER VEHICLE,0,0,5,0,0,0,1,0,0,1,0,0,7
2020,Odisha,RAYGADA RTO - OR18( 25-DEC-2017 ),10,OTHER THAN MENTIONED ABOVE,4,4,11,0,2,3,6,5,2,1,6,2,46
2020,Odisha,RAYGADA RTO - OR18( 25-DEC-2017 ),11,THREE WHEELER(T),32,32,36,1,1,4,12,1,15,17,10,33,194
2020,Odisha,RAYGADA RTO - OR18( 25-DEC-2017 ),12,TWO WHEELER(NT),665,"1,106","1,782",19,583,939,"1,017",470,980,"1,597","1,462",865,"11,485"
2020,Odisha,ROURKELA RTO - OR14( 25-DEC-2017 ),1,HEAVY GOODS VEHICLE,82,93,178,6,0,0,1,16,61,48,84,108,677
2020,Odisha,ROURKELA RTO - OR14( 25-DEC-2017 ),2,HEAVY MOTOR VEHICLE,0,2,2,0,0,2,1,1,4,1,3,4,20
2020,Odisha,ROURKELA RTO - OR14( 25-DEC-2017 ),3,HEAVY PASSENGER VEHICLE,1,2,0,0,0,0,0,0,0,0,0,0,3
2020,Odisha,ROURKELA RTO - OR14( 25-DEC-2017 ),4,LIGHT GOODS VEHICLE,103,96,132,3,23,55,81,143,106,80,107,84,"1,013"
2020,Odisha,ROURKELA RTO - OR14( 25-DEC-2017 ),5,LIGHT MOTOR VEHICLE,335,232,231,0,65,197,190,218,277,428,380,416,"2,969"
2020,Odisha,ROURKELA RTO - OR14( 25-DEC-2017 ),6,LIGHT PASSENGER VEHICLE,24,35,20,0,6,6,8,15,8,13,30,14,179
2020,Odisha,ROURKELA RTO - OR14( 25-DEC-2017 ),7,MEDIUM GOODS VEHICLE,0,1,7,0,0,0,0,0,1,0,0,2,11
2020,Odisha,ROURKELA RTO - OR14( 25-DEC-2017 ),8,MEDIUM MOTOR VEHICLE,5,3,10,2,2,4,6,4,8,0,3,11,58
2020,Odisha,ROURKELA RTO - OR14( 25-DEC-2017 ),9,MEDIUM PASSENGER VEHICLE,0,0,2,0,0,0,1,0,0,0,0,0,3
2020,Odisha,ROURKELA RTO - OR14( 25-DEC-2017 ),10,OTHER THAN MENTIONED ABOVE,3,3,5,0,0,0,0,1,0,0,4,1,17
2020,Odisha,ROURKELA RTO - OR14( 25-DEC-2017 ),11,THREE WHEELER(T),82,88,120,0,4,20,11,20,35,16,107,58,561
2020,Odisha,ROURKELA RTO - OR14( 25-DEC-2017 ),12,TWO WHEELER(NT),"2,099","1,668","2,202",21,749,"1,550","1,205","1,655","2,038","1,958","3,147","2,570","20,862"
2020,Odisha,SAMBALPUR RTO - OR15( 04-DEC-2017 ),1,FOUR WHEELER (INVALID CARRIAGE),0,0,0,0,0,0,0,0,0,2,0,0,2
2020,Odisha,SAMBALPUR RTO - OR15( 04-DEC-2017 ),2,HEAVY GOODS VEHICLE,39,67,142,0,0,1,4,7,1,5,36,29,331
2020,Odisha,SAMBALPUR RTO - OR15( 04-DEC-2017 ),3,HEAVY MOTOR VEHICLE,4,0,0,0,0,0,0,0,0,1,0,1,6
2020,Odisha,SAMBALPUR RTO - OR15( 04-DEC-2017 ),4,HEAVY PASSENGER VEHICLE,0,0,5,0,0,0,0,0,0,0,0,0,5
2020,Odisha,SAMBALPUR RTO - OR15( 04-DEC-2017 ),5,LIGHT GOODS VEHICLE,120,138,154,17,9,112,98,106,88,143,69,52,"1,106"
2020,Odisha,SAMBALPUR RTO - OR15( 04-DEC-2017 ),6,LIGHT MOTOR VEHICLE,191,200,172,13,75,157,125,157,207,295,292,264,"2,148"
2020,Odisha,SAMBALPUR RTO - OR15( 04-DEC-2017 ),7,LIGHT PASSENGER VEHICLE,27,25,45,1,5,9,2,12,16,11,6,14,173
2020,Odisha,SAMBALPUR RTO - OR15( 04-DEC-2017 ),8,MEDIUM GOODS VEHICLE,6,2,5,0,0,0,0,1,1,0,0,2,17
2020,Odisha,SAMBALPUR RTO - OR15( 04-DEC-2017 ),9,MEDIUM MOTOR VEHICLE,5,5,7,0,0,3,3,3,6,8,8,1,49
2020,Odisha,SAMBALPUR RTO - OR15( 04-DEC-2017 ),10,MEDIUM PASSENGER VEHICLE,2,4,6,0,0,0,0,1,0,0,0,0,13
2020,Odisha,SAMBALPUR RTO - OR15( 04-DEC-2017 ),11,OTHER THAN MENTIONED ABOVE,5,4,8,0,0,2,4,3,1,1,3,14,45
2020,Odisha,SAMBALPUR RTO - OR15( 04-DEC-2017 ),12,THREE WHEELER(T),40,44,61,5,9,11,16,17,14,14,17,13,261
2020,Odisha,SAMBALPUR RTO - OR15( 04-DEC-2017 ),13,TWO WHEELER(NT),"1,854","1,782","2,520",291,514,"1,512","1,044",885,"1,462","1,806","2,224","1,448","17,342"
2020,Odisha,SONEPUR RTO - OR31( 08-NOV-2017 ),1,HEAVY GOODS VEHICLE,1,0,11,0,0,0,0,0,0,0,0,0,12
2020,Odisha,SONEPUR RTO - OR31( 08-NOV-2017 ),2,HEAVY PASSENGER VEHICLE,1,0,0,0,0,0,0,0,0,0,0,0,1
2020,Odisha,SONEPUR RTO - OR31( 08-NOV-2017 ),3,LIGHT GOODS VEHICLE,89,110,148,0,17,119,78,67,93,155,37,27,940
2020,Odisha,SONEPUR RTO - OR31( 08-NOV-2017 ),4,LIGHT MOTOR VEHICLE,27,26,25,0,3,20,32,14,26,35,71,75,354
2020,Odisha,SONEPUR RTO - OR31( 08-NOV-2017 ),5,LIGHT PASSENGER VEHICLE,5,2,7,0,1,3,1,1,1,4,0,0,25
2020,Odisha,SONEPUR RTO - OR31( 08-NOV-2017 ),6,MEDIUM GOODS VEHICLE,0,0,2,0,0,0,0,0,6,4,0,0,12
2020,Odisha,SONEPUR RTO - OR31( 08-NOV-2017 ),7,MEDIUM MOTOR VEHICLE,3,5,4,0,0,1,0,2,3,7,1,4,30
2020,Odisha,SONEPUR RTO - OR31( 08-NOV-2017 ),8,OTHER THAN MENTIONED ABOVE,0,0,2,6,1,0,0,0,2,0,0,2,13
2020,Odisha,SONEPUR RTO - OR31( 08-NOV-2017 ),9,THREE WHEELER(T),13,10,23,0,1,0,3,3,4,3,13,4,77
2020,Odisha,SONEPUR RTO - OR31( 08-NOV-2017 ),10,TWO WHEELER(NT),"1,037",946,"3,164",72,392,"1,067",935,379,504,657,706,550,"10,409"
2020,Odisha,SONEPUR RTO - OR31( 08-NOV-2017 ),11,TWO WHEELER(T),0,0,0,0,0,1,0,0,0,0,0,0,1
2020,Odisha,SUNDERGARH RTO - OR16( 08-NOV-2017 ),1,HEAVY GOODS VEHICLE,66,113,261,2,0,0,7,2,9,5,6,18,489
2020,Odisha,SUNDERGARH RTO - OR16( 08-NOV-2017 ),2,HEAVY MOTOR VEHICLE,2,12,6,0,0,3,0,1,4,0,0,0,28
2020,Odisha,SUNDERGARH RTO - OR16( 08-NOV-2017 ),3,LIGHT GOODS VEHICLE,68,77,70,2,0,123,95,98,70,61,61,42,767
2020,Odisha,SUNDERGARH RTO - OR16( 08-NOV-2017 ),4,LIGHT MOTOR VEHICLE,75,63,48,6,4,41,37,48,62,104,86,121,695
2020,Odisha,SUNDERGARH RTO - OR16( 08-NOV-2017 ),5,LIGHT PASSENGER VEHICLE,30,48,33,2,2,11,7,5,17,9,20,6,190
2020,Odisha,SUNDERGARH RTO - OR16( 08-NOV-2017 ),6,MEDIUM GOODS VEHICLE,0,1,4,0,0,0,1,0,0,0,1,0,7
2020,Odisha,SUNDERGARH RTO - OR16( 08-NOV-2017 ),7,MEDIUM MOTOR VEHICLE,3,5,8,0,0,0,3,1,5,1,4,6,36
2020,Odisha,SUNDERGARH RTO - OR16( 08-NOV-2017 ),8,MEDIUM PASSENGER VEHICLE,2,2,40,0,0,0,0,0,1,0,1,0,46
2020,Odisha,SUNDERGARH RTO - OR16( 08-NOV-2017 ),9,OTHER THAN MENTIONED ABOVE,1,1,0,0,0,0,0,0,0,0,0,0,2
2020,Odisha,SUNDERGARH RTO - OR16( 08-NOV-2017 ),10,THREE WHEELER(T),12,11,26,0,2,0,1,5,6,6,4,1,74
2020,Odisha,SUNDERGARH RTO - OR16( 08-NOV-2017 ),11,TWO WHEELER(NT),"1,031",715,"1,578",2,2,477,846,656,705,886,870,953,"8,721"
2020,Odisha,TALCHER RTO - OR35( 25-DEC-2017 ),1,HEAVY GOODS VEHICLE,122,86,212,15,1,5,8,10,21,39,51,78,648
2020,Odisha,TALCHER RTO - OR35( 25-DEC-2017 ),2,HEAVY MOTOR VEHICLE,9,4,4,0,0,0,2,3,1,2,2,5,32
2020,Odisha,TALCHER RTO - OR35( 25-DEC-2017 ),3,HEAVY PASSENGER VEHICLE,0,0,4,2,0,0,0,0,0,0,0,0,6
2020,Odisha,TALCHER RTO - OR35( 25-DEC-2017 ),4,LIGHT GOODS VEHICLE,26,26,27,0,2,10,11,13,25,11,6,12,169
2020,Odisha,TALCHER RTO - OR35( 25-DEC-2017 ),5,LIGHT MOTOR VEHICLE,14,9,4,1,3,13,22,16,17,32,14,21,166
2020,Odisha,TALCHER RTO - OR35( 25-DEC-2017 ),6,LIGHT PASSENGER VEHICLE,5,4,3,0,3,6,5,2,2,5,2,4,41
2020,Odisha,TALCHER RTO - OR35( 25-DEC-2017 ),7,MEDIUM GOODS VEHICLE,1,0,4,0,0,0,0,1,1,1,2,2,12
2020,Odisha,TALCHER RTO - OR35( 25-DEC-2017 ),8,MEDIUM MOTOR VEHICLE,3,1,0,0,1,4,4,2,1,1,1,0,18
2020,Odisha,TALCHER RTO - OR35( 25-DEC-2017 ),9,MEDIUM PASSENGER VEHICLE,0,0,2,0,0,0,0,0,0,2,0,0,4
2020,Odisha,TALCHER RTO - OR35( 25-DEC-2017 ),10,OTHER THAN MENTIONED ABOVE,0,5,2,0,2,2,6,3,1,9,5,5,40
2020,Odisha,TALCHER RTO - OR35( 25-DEC-2017 ),11,THREE WHEELER(T),10,8,12,0,0,3,3,3,2,3,5,2,51
2020,Odisha,TALCHER RTO - OR35( 25-DEC-2017 ),12,TWO WHEELER(NT),540,513,"1,004",12,202,414,431,444,456,"1,002",759,479,"6,256"
2019,Odisha,ANGUL RTO - OR19( 25-DEC-2017 ),1,HEAVY GOODS VEHICLE,94,92,94,90,89,42,52,119,94,106,77,59,"1,008"
2019,Odisha,ANGUL RTO - OR19( 25-DEC-2017 ),2,HEAVY MOTOR VEHICLE,1,0,1,0,1,0,0,0,0,2,0,4,9
2019,Odisha,ANGUL RTO - OR19( 25-DEC-2017 ),3,HEAVY PASSENGER VEHICLE,0,0,1,0,1,1,0,0,3,1,1,0,8
2019,Odisha,ANGUL RTO - OR19( 25-DEC-2017 ),4,LIGHT GOODS VEHICLE,114,115,99,105,79,91,100,77,80,167,98,154,"1,279"
2019,Odisha,ANGUL RTO - OR19( 25-DEC-2017 ),5,LIGHT MOTOR VEHICLE,144,122,103,126,110,105,112,105,145,311,140,166,"1,689"
2019,Odisha,ANGUL RTO - OR19( 25-DEC-2017 ),6,LIGHT PASSENGER VEHICLE,26,20,22,8,16,19,19,18,22,23,27,22,242
2019,Odisha,ANGUL RTO - OR19( 25-DEC-2017 ),7,MEDIUM GOODS VEHICLE,9,9,9,3,4,3,5,5,1,3,3,3,57
2019,Odisha,ANGUL RTO - OR19( 25-DEC-2017 ),8,MEDIUM MOTOR VEHICLE,4,4,5,7,8,5,5,0,3,7,4,4,56
2019,Odisha,ANGUL RTO - OR19( 25-DEC-2017 ),9,MEDIUM PASSENGER VEHICLE,0,1,0,5,0,1,0,4,0,1,0,1,13
2019,Odisha,ANGUL RTO - OR19( 25-DEC-2017 ),10,OTHER THAN MENTIONED ABOVE,9,1,3,2,10,5,3,5,1,3,17,3,62
2019,Odisha,ANGUL RTO - OR19( 25-DEC-2017 ),11,THREE WHEELER(T),52,56,70,56,63,51,57,47,56,106,66,65,745
2019,Odisha,ANGUL RTO - OR19( 25-DEC-2017 ),12,TWO WHEELER(NT),"1,728","1,299","1,574","2,059","1,372","1,247","1,300","1,060","1,490","3,091","1,589","1,256","19,065"
2019,Odisha,ARTO BARBIL - OR901( 04-DEC-2017 ),1,HEAVY GOODS VEHICLE,94,104,109,102,191,188,182,200,102,138,72,95,"1,577"
2019,Odisha,ARTO BARBIL - OR901( 04-DEC-2017 ),2,HEAVY MOTOR VEHICLE,1,0,0,0,0,0,3,0,0,0,0,1,5
2019,Odisha,ARTO BARBIL - OR901( 04-DEC-2017 ),3,HEAVY PASSENGER VEHICLE,0,1,1,0,2,0,0,1,0,0,0,0,5
2019,Odisha,ARTO BARBIL - OR901( 04-DEC-2017 ),4,LIGHT GOODS VEHICLE,8,27,18,13,15,3,21,17,20,29,17,20,208
2019,Odisha,ARTO BARBIL - OR901( 04-DEC-2017 ),5,LIGHT MOTOR VEHICLE,19,12,15,11,14,21,18,12,7,12,11,8,160
2019,Odisha,ARTO BARBIL - OR901( 04-DEC-2017 ),6,LIGHT PASSENGER VEHICLE,7,6,7,3,4,8,12,10,5,9,11,6,88
2019,Odisha,ARTO BARBIL - OR901( 04-DEC-2017 ),7,MEDIUM GOODS VEHICLE,6,3,5,4,4,1,2,3,3,1,3,2,37
2019,Odisha,ARTO BARBIL - OR901( 04-DEC-2017 ),8,MEDIUM MOTOR VEHICLE,0,1,0,0,0,0,0,2,0,0,0,0,3
2019,Odisha,ARTO BARBIL - OR901( 04-DEC-2017 ),9,MEDIUM PASSENGER VEHICLE,0,0,0,1,1,1,0,0,0,1,0,0,4
2019,Odisha,ARTO BARBIL - OR901( 04-DEC-2017 ),10,OTHER THAN MENTIONED ABOVE,0,2,0,2,0,1,3,4,1,1,2,3,19
2019,Odisha,ARTO BARBIL - OR901( 04-DEC-2017 ),11,THREE WHEELER(T),3,6,9,1,4,7,0,3,7,5,2,2,49
2019,Odisha,ARTO BARBIL - OR901( 04-DEC-2017 ),12,TWO WHEELER(NT),288,264,280,335,351,312,403,283,429,549,458,286,"4,238"
2019,Odisha,BALASORE RTO - OR1( 07-NOV-2017 ),1,HEAVY GOODS VEHICLE,26,26,25,23,20,16,47,23,21,22,16,15,280
2019,Odisha,BALASORE RTO - OR1( 07-NOV-2017 ),2,HEAVY MOTOR VEHICLE,1,0,0,0,0,0,0,0,0,0,0,0,1
2019,Odisha,BALASORE RTO - OR1( 07-NOV-2017 ),3,HEAVY PASSENGER VEHICLE,2,0,1,0,0,1,3,2,1,0,0,0,10
2019,Odisha,BALASORE RTO - OR1( 07-NOV-2017 ),4,LIGHT GOODS VEHICLE,129,144,154,126,125,87,119,100,94,152,170,178,"1,578"
2019,Odisha,BALASORE RTO - OR1( 07-NOV-2017 ),5,LIGHT MOTOR VEHICLE,306,197,233,189,211,228,301,200,257,397,238,251,"3,008"
2019,Odisha,BALASORE RTO - OR1( 07-NOV-2017 ),6,LIGHT PASSENGER VEHICLE,37,34,28,24,25,34,39,26,27,32,24,52,382
2019,Odisha,BALASORE RTO - OR1( 07-NOV-2017 ),7,MEDIUM GOODS VEHICLE,5,15,12,4,8,9,9,6,9,5,7,8,97
2019,Odisha,BALASORE RTO - OR1( 07-NOV-2017 ),8,MEDIUM MOTOR VEHICLE,0,0,0,0,1,0,3,0,1,1,0,0,6
2019,Odisha,BALASORE RTO - OR1( 07-NOV-2017 ),9,MEDIUM PASSENGER VEHICLE,1,0,1,0,0,1,0,1,0,1,1,0,6
2019,Odisha,BALASORE RTO - OR1( 07-NOV-2017 ),10,OTHER THAN MENTIONED ABOVE,0,0,2,2,2,2,3,0,0,0,2,3,16
2019,Odisha,BALASORE RTO - OR1( 07-NOV-2017 ),11,THREE WHEELER(T),56,54,83,47,76,77,98,85,62,99,81,75,893
2019,Odisha,BALASORE RTO - OR1( 07-NOV-2017 ),12,TWO WHEELER(NT),"3,323","2,805","4,161","3,814","3,447","3,418","3,529","2,456","2,925","6,234","3,039","2,295","41,446"
2019,Odisha,BALASORE RTO - OR1( 07-NOV-2017 ),13,TWO WHEELER(T),0,0,0,0,0,0,0,0,1,0,1,0,2
2019,Odisha,BARGARH RTO - OR17( 04-DEC-2017 ),1,HEAVY GOODS VEHICLE,25,39,28,6,12,13,6,7,8,7,20,19,190
2019,Odisha,BARGARH RTO - OR17( 04-DEC-2017 ),2,HEAVY MOTOR VEHICLE,0,0,0,0,0,0,0,0,0,1,1,0,2
2019,Odisha,BARGARH RTO - OR17( 04-DEC-2017 ),3,HEAVY PASSENGER VEHICLE,1,0,1,0,0,1,0,0,0,0,0,1,4
2019,Odisha,BARGARH RTO - OR17( 04-DEC-2017 ),4,LIGHT GOODS VEHICLE,102,178,125,114,98,81,103,84,58,80,141,130,"1,294"
2019,Odisha,BARGARH RTO - OR17( 04-DEC-2017 ),5,LIGHT MOTOR VEHICLE,237,256,215,198,197,167,212,211,177,269,293,224,"2,656"
2019,Odisha,BARGARH RTO - OR17( 04-DEC-2017 ),6,LIGHT PASSENGER VEHICLE,18,14,20,18,15,11,9,10,12,19,16,24,186
2019,Odisha,BARGARH RTO - OR17( 04-DEC-2017 ),7,MEDIUM GOODS VEHICLE,13,6,10,7,2,3,1,2,3,1,6,5,59
2019,Odisha,BARGARH RTO - OR17( 04-DEC-2017 ),8,MEDIUM MOTOR VEHICLE,0,0,2,0,0,2,0,1,0,0,2,6,13
2019,Odisha,BARGARH RTO - OR17( 04-DEC-2017 ),9,MEDIUM PASSENGER VEHICLE,1,4,3,3,3,0,1,1,1,2,0,1,20
2019,Odisha,BARGARH RTO - OR17( 04-DEC-2017 ),10,OTHER THAN MENTIONED ABOVE,2,1,1,1,13,12,3,2,4,1,3,3,46
2019,Odisha,BARGARH RTO - OR17( 04-DEC-2017 ),11,THREE WHEELER(T),28,29,39,25,32,47,40,41,44,44,58,33,460
2019,Odisha,BARGARH RTO - OR17( 04-DEC-2017 ),12,TWO WHEELER(NT),"1,794","2,152","3,111","2,556","2,957","2,022","2,333","1,620","1,781","1,812","2,559","1,795","26,492"
2019,Odisha,BARGARH RTO - OR17( 04-DEC-2017 ),13,TWO WHEELER(T),0,0,1,0,0,0,0,0,0,0,0,0,1
2019,Odisha,BHADRAK RTO - OR22( 04-DEC-2017 ),1,HEAVY GOODS VEHICLE,15,18,8,17,12,13,3,6,12,5,26,12,147
2019,Odisha,BHADRAK RTO - OR22( 04-DEC-2017 ),2,HEAVY MOTOR VEHICLE,0,0,0,0,0,1,0,0,0,0,0,0,1
2019,Odisha,BHADRAK RTO - OR22( 04-DEC-2017 ),3,HEAVY PASSENGER VEHICLE,0,3,0,1,1,1,0,0,1,0,0,1,8
2019,Odisha,BHADRAK RTO - OR22( 04-DEC-2017 ),4,LIGHT GOODS VEHICLE,153,118,135,53,65,87,123,82,88,72,137,117,"1,230"
2019,Odisha,BHADRAK RTO - OR22( 04-DEC-2017 ),5,LIGHT MOTOR VEHICLE,50,34,35,31,26,37,38,33,36,61,42,47,470
2019,Odisha,BHADRAK RTO - OR22( 04-DEC-2017 ),6,LIGHT PASSENGER VEHICLE,9,11,13,11,14,7,12,9,13,13,11,14,137
2019,Odisha,BHADRAK RTO - OR22( 04-DEC-2017 ),7,MEDIUM GOODS VEHICLE,4,6,0,1,3,1,0,1,2,1,5,3,27
2019,Odisha,BHADRAK RTO - OR22( 04-DEC-2017 ),8,MEDIUM PASSENGER VEHICLE,1,0,1,0,0,1,0,3,0,3,2,0,11
2019,Odisha,BHADRAK RTO - OR22( 04-DEC-2017 ),9,OTHER THAN MENTIONED ABOVE,0,0,0,0,2,0,0,3,0,0,0,0,5
2019,Odisha,BHADRAK RTO - OR22( 04-DEC-2017 ),10,THREE WHEELER(T),72,62,70,47,69,51,54,47,82,100,69,63,786
2019,Odisha,BHADRAK RTO - OR22( 04-DEC-2017 ),11,TWO WHEELER(NT),"2,103","1,720","2,036","2,237","2,451","1,780","1,411","1,838","1,861","3,136","2,092","1,318","23,983"
2019,Odisha,BHANJANAGAR RTO - OR32( 04-DEC-2017 ),1,HEAVY GOODS VEHICLE,1,4,1,1,5,4,0,2,5,3,1,2,29
2019,Odisha,BHANJANAGAR RTO - OR32( 04-DEC-2017 ),2,HEAVY PASSENGER VEHICLE,1,1,0,1,0,0,0,0,0,0,1,0,4
2019,Odisha,BHANJANAGAR RTO - OR32( 04-DEC-2017 ),3,LIGHT GOODS VEHICLE,54,49,40,17,39,23,32,22,19,45,45,38,423
2019,Odisha,BHANJANAGAR RTO - OR32( 04-DEC-2017 ),4,LIGHT MOTOR VEHICLE,12,7,10,11,8,6,11,8,8,15,11,16,123
2019,Odisha,BHANJANAGAR RTO - OR32( 04-DEC-2017 ),5,LIGHT PASSENGER VEHICLE,3,3,5,1,4,4,5,3,2,4,2,3,39
2019,Odisha,BHANJANAGAR RTO - OR32( 04-DEC-2017 ),6,MEDIUM GOODS VEHICLE,3,4,4,4,2,1,6,3,0,6,4,4,41
2019,Odisha,BHANJANAGAR RTO - OR32( 04-DEC-2017 ),7,MEDIUM MOTOR VEHICLE,0,0,0,0,0,1,0,0,0,0,0,0,1
2019,Odisha,BHANJANAGAR RTO - OR32( 04-DEC-2017 ),8,MEDIUM PASSENGER VEHICLE,0,1,1,0,0,0,0,0,0,0,2,0,4
2019,Odisha,BHANJANAGAR RTO - OR32( 04-DEC-2017 ),9,THREE WHEELER(T),23,33,38,36,30,19,30,17,24,32,41,26,349
2019,Odisha,BHANJANAGAR RTO - OR32( 04-DEC-2017 ),10,TWO WHEELER (INVALID CARRIAGE),0,0,0,0,0,0,0,0,0,1,0,0,1
2019,Odisha,BHANJANAGAR RTO - OR32( 04-DEC-2017 ),11,TWO WHEELER(NT),"1,185",903,"1,301","1,538","1,757","1,048",847,692,708,"1,684",989,508,"13,160"
2019,Odisha,BHUBANESWAR-II RTO - OR33( 23-OCT-2017 ),1,HEAVY GOODS VEHICLE,44,25,27,16,24,14,24,13,4,13,31,46,281
2019,Odisha,BHUBANESWAR-II RTO - OR33( 23-OCT-2017 ),2,HEAVY MOTOR VEHICLE,0,0,0,0,0,0,0,0,0,0,1,0,1
2019,Odisha,BHUBANESWAR-II RTO - OR33( 23-OCT-2017 ),3,HEAVY PASSENGER VEHICLE,0,1,0,0,0,0,0,1,0,0,2,0,4
2019,Odisha,BHUBANESWAR-II RTO - OR33( 23-OCT-2017 ),4,LIGHT GOODS VEHICLE,50,67,28,83,20,42,42,51,48,99,98,80,708
2019,Odisha,BHUBANESWAR-II RTO - OR33( 23-OCT-2017 ),5,LIGHT MOTOR VEHICLE,562,357,401,392,274,352,365,365,305,672,376,414,"4,835"
2019,Odisha,BHUBANESWAR-II RTO - OR33( 23-OCT-2017 ),6,LIGHT PASSENGER VEHICLE,53,29,50,54,22,36,49,43,42,96,56,64,594
2019,Odisha,BHUBANESWAR-II RTO - OR33( 23-OCT-2017 ),7,MEDIUM GOODS VEHICLE,3,3,4,3,6,2,3,3,7,10,9,14,67
2019,Odisha,BHUBANESWAR-II RTO - OR33( 23-OCT-2017 ),8,MEDIUM MOTOR VEHICLE,1,2,2,0,1,0,2,3,0,0,0,2,13
2019,Odisha,BHUBANESWAR-II RTO - OR33( 23-OCT-2017 ),9,MEDIUM PASSENGER VEHICLE,4,3,0,0,0,2,2,1,0,2,0,1,15
2019,Odisha,BHUBANESWAR-II RTO - OR33( 23-OCT-2017 ),10,OTHER THAN MENTIONED ABOVE,2,1,3,7,0,3,14,2,5,12,4,8,61
2019,Odisha,BHUBANESWAR-II RTO - OR33( 23-OCT-2017 ),11,THREE WHEELER(T),184,168,232,214,134,196,250,265,395,462,304,262,"3,066"
2019,Odisha,BHUBANESWAR-II RTO - OR33( 23-OCT-2017 ),12,TWO WHEELER(NT),"2,589","2,544","2,579","2,841","1,866","2,406","2,844","2,494","2,584","4,973","2,175","1,837","31,732"
2019,Odisha,BHUBANESWAR-II RTO - OR33( 23-OCT-2017 ),13,TWO WHEELER(T),6,6,5,2,1,1,3,4,1,4,3,2,38
2019,Odisha,BHUBANESWAR RTO - OR2( 22-JAN-2018 ),1,HEAVY GOODS VEHICLE,60,54,53,84,25,33,84,21,25,37,81,24,581
2019,Odisha,BHUBANESWAR RTO - OR2( 22-JAN-2018 ),2,HEAVY MOTOR VEHICLE,0,1,1,1,2,1,0,2,6,1,0,1,16
2019,Odisha,BHUBANESWAR RTO - OR2( 22-JAN-2018 ),3,HEAVY PASSENGER VEHICLE,10,2,6,1,0,5,0,0,4,3,1,8,40
2019,Odisha,BHUBANESWAR RTO - OR2( 22-JAN-2018 ),4,LIGHT GOODS VEHICLE,143,166,225,210,126,168,198,201,138,223,168,177,"2,143"
2019,Odisha,BHUBANESWAR RTO - OR2( 22-JAN-2018 ),5,LIGHT MOTOR VEHICLE,"1,646","1,210","1,408","1,382",945,"1,311","1,255","1,264","1,249","2,576","1,703","1,611","17,560"
2019,Odisha,BHUBANESWAR RTO - OR2( 22-JAN-2018 ),6,LIGHT PASSENGER VEHICLE,121,141,160,112,99,111,113,109,113,179,149,205,"1,612"
2019,Odisha,BHUBANESWAR RTO - OR2( 22-JAN-2018 ),7,MEDIUM GOODS VEHICLE,16,12,23,19,16,15,13,23,18,19,13,9,196
2019,Odisha,BHUBANESWAR RTO - OR2( 22-JAN-2018 ),8,MEDIUM MOTOR VEHICLE,5,3,3,5,3,6,2,2,1,0,0,1,31
2019,Odisha,BHUBANESWAR RTO - OR2( 22-JAN-2018 ),9,MEDIUM PASSENGER VEHICLE,23,0,3,4,5,1,5,14,3,4,5,5,72
2019,Odisha,BHUBANESWAR RTO - OR2( 22-JAN-2018 ),10,OTHER THAN MENTIONED ABOVE,1,1,2,1,1,0,1,1,0,0,0,0,8
2019,Odisha,BHUBANESWAR RTO - OR2( 22-JAN-2018 ),11,THREE WHEELER(T),70,120,100,97,44,122,98,115,130,164,142,127,"1,329"
2019,Odisha,BHUBANESWAR RTO - OR2( 22-JAN-2018 ),12,TWO WHEELER(NT),"3,961","3,818","4,719","4,617","3,297","4,387","3,935","3,864","4,030","7,315","4,053","3,042","51,038"
2019,Odisha,BHUBANESWAR RTO - OR2( 22-JAN-2018 ),13,TWO WHEELER(T),4,1,1,2,1,3,1,1,4,2,0,2,22
2019,Odisha,BOLANGIR RTO - OR3( 25-DEC-2017 ),1,HEAVY GOODS VEHICLE,2,9,22,9,4,5,9,1,3,1,9,12,86
2019,Odisha,BOLANGIR RTO - OR3( 25-DEC-2017 ),2,HEAVY MOTOR VEHICLE,0,0,1,0,2,1,1,0,0,0,1,1,7
2019,Odisha,BOLANGIR RTO - OR3( 25-DEC-2017 ),3,HEAVY PASSENGER VEHICLE,0,0,0,0,0,0,1,0,0,0,0,0,1
2019,Odisha,BOLANGIR RTO - OR3( 25-DEC-2017 ),4,LIGHT GOODS VEHICLE,94,185,142,69,97,111,171,100,59,96,164,164,"1,452"
2019,Odisha,BOLANGIR RTO - OR3( 25-DEC-2017 ),5,LIGHT MOTOR VEHICLE,154,135,138,141,89,93,140,95,83,151,111,109,"1,439"
2019,Odisha,BOLANGIR RTO - OR3( 25-DEC-2017 ),6,LIGHT PASSENGER VEHICLE,14,23,28,14,15,17,17,8,9,17,28,23,213
2019,Odisha,BOLANGIR RTO - OR3( 25-DEC-2017 ),7,MEDIUM GOODS VEHICLE,4,0,6,0,3,1,8,2,0,5,1,3,33
2019,Odisha,BOLANGIR RTO - OR3( 25-DEC-2017 ),8,MEDIUM MOTOR VEHICLE,0,1,2,9,1,0,2,3,0,1,0,1,20
2019,Odisha,BOLANGIR RTO - OR3( 25-DEC-2017 ),9,MEDIUM PASSENGER VEHICLE,1,1,1,1,1,0,1,0,1,0,3,2,12
2019,Odisha,BOLANGIR RTO - OR3( 25-DEC-2017 ),10,OTHER THAN MENTIONED ABOVE,0,3,4,4,5,2,0,2,0,1,3,7,31
2019,Odisha,BOLANGIR RTO - OR3( 25-DEC-2017 ),11,THREE WHEELER(T),46,45,44,23,29,57,66,44,29,39,40,72,534
2019,Odisha,BOLANGIR RTO - OR3( 25-DEC-2017 ),12,TWO WHEELER (INVALID CARRIAGE),0,0,0,1,0,0,0,0,0,0,0,0,1
2019,Odisha,BOLANGIR RTO - OR3( 25-DEC-2017 ),13,TWO WHEELER(NT),"1,856","2,954","2,185","4,553","1,907","1,788","2,297","1,679","1,333","1,060","1,792","1,858","25,262"
2019,Odisha,BOUDH RTO - OR27( 23-OCT-2017 ),1,HEAVY GOODS VEHICLE,0,4,1,1,3,0,1,0,0,1,2,1,14
2019,Odisha,BOUDH RTO - OR27( 23-OCT-2017 ),2,HEAVY MOTOR VEHICLE,0,0,1,0,0,0,0,0,0,0,0,0,1
2019,Odisha,BOUDH RTO - OR27( 23-OCT-2017 ),3,LIGHT GOODS VEHICLE,25,25,35,18,32,9,27,11,16,39,44,31,312
2019,Odisha,BOUDH RTO - OR27( 23-OCT-2017 ),4,LIGHT MOTOR VEHICLE,10,9,10,12,8,8,7,7,7,14,8,5,105
2019,Odisha,BOUDH RTO - OR27( 23-OCT-2017 ),5,LIGHT PASSENGER VEHICLE,3,2,1,3,3,2,0,2,4,4,1,2,27
2019,Odisha,BOUDH RTO - OR27( 23-OCT-2017 ),6,MEDIUM GOODS VEHICLE,2,2,0,1,4,0,1,1,0,3,2,0,16
2019,Odisha,BOUDH RTO - OR27( 23-OCT-2017 ),7,OTHER THAN MENTIONED ABOVE,0,0,2,1,0,0,0,0,0,1,1,1,6
2019,Odisha,BOUDH RTO - OR27( 23-OCT-2017 ),8,THREE WHEELER(T),12,11,16,11,10,12,10,9,7,17,8,5,128
2019,Odisha,BOUDH RTO - OR27( 23-OCT-2017 ),9,TWO WHEELER(NT),346,373,558,685,764,485,851,275,281,473,323,238,"5,652"
2019,Odisha,CHANDIKHOLE RTO - OR4( 23-OCT-2017 ),1,HEAVY GOODS VEHICLE,122,125,164,134,105,88,188,220,178,113,64,93,"1,594"
2019,Odisha,CHANDIKHOLE RTO - OR4( 23-OCT-2017 ),2,HEAVY MOTOR VEHICLE,1,5,0,0,0,1,0,0,0,2,3,3,15
2019,Odisha,CHANDIKHOLE RTO - OR4( 23-OCT-2017 ),3,HEAVY PASSENGER VEHICLE,3,1,4,1,0,1,0,2,1,0,2,1,16
2019,Odisha,CHANDIKHOLE RTO - OR4( 23-OCT-2017 ),4,LIGHT GOODS VEHICLE,62,47,75,40,33,35,48,49,21,47,63,53,573
2019,Odisha,CHANDIKHOLE RTO - OR4( 23-OCT-2017 ),5,LIGHT MOTOR VEHICLE,39,26,40,29,27,39,49,36,44,58,42,28,457
2019,Odisha,CHANDIKHOLE RTO - OR4( 23-OCT-2017 ),6,LIGHT PASSENGER VEHICLE,12,9,17,9,9,9,11,6,3,5,5,5,100
2019,Odisha,CHANDIKHOLE RTO - OR4( 23-OCT-2017 ),7,MEDIUM GOODS VEHICLE,1,8,1,1,4,2,1,4,1,2,3,2,30
2019,Odisha,CHANDIKHOLE RTO - OR4( 23-OCT-2017 ),8,MEDIUM MOTOR VEHICLE,0,1,0,0,0,0,0,0,0,0,0,0,1
2019,Odisha,CHANDIKHOLE RTO - OR4( 23-OCT-2017 ),9,MEDIUM PASSENGER VEHICLE,5,2,0,3,3,0,1,4,3,2,2,1,26
2019,Odisha,CHANDIKHOLE RTO - OR4( 23-OCT-2017 ),10,OTHER THAN MENTIONED ABOVE,13,6,17,8,15,10,7,5,9,3,3,5,101
2019,Odisha,CHANDIKHOLE RTO - OR4( 23-OCT-2017 ),11,THREE WHEELER(T),19,22,25,13,12,9,26,16,25,42,33,20,262
2019,Odisha,CHANDIKHOLE RTO - OR4( 23-OCT-2017 ),12,TWO WHEELER(NT),"1,015",851,"1,383","1,197",824,"1,388","1,161","1,036","1,081","2,412",906,902,"14,156"
2019,Odisha,CHANDIKHOLE RTO - OR4( 23-OCT-2017 ),13,TWO WHEELER(T),0,1,0,0,0,0,0,0,0,0,0,1,2
2019,Odisha,CUTTACK RTO - OR5( 31-MAY-2017 ),1,HEAVY GOODS VEHICLE,104,99,132,103,107,72,93,136,66,92,51,47,"1,102"
2019,Odisha,CUTTACK RTO - OR5( 31-MAY-2017 ),2,HEAVY MOTOR VEHICLE,2,1,0,1,0,0,0,1,0,1,0,0,6
2019,Odisha,CUTTACK RTO - OR5( 31-MAY-2017 ),3,HEAVY PASSENGER VEHICLE,6,4,5,2,0,3,3,3,0,1,5,11,43
2019,Odisha,CUTTACK RTO - OR5( 31-MAY-2017 ),4,LIGHT GOODS VEHICLE,225,264,315,180,171,190,250,229,170,386,318,325,"3,023"
2019,Odisha,CUTTACK RTO - OR5( 31-MAY-2017 ),5,LIGHT MOTOR VEHICLE,524,486,453,346,311,392,363,388,356,700,438,410,"5,167"
2019,Odisha,CUTTACK RTO - OR5( 31-MAY-2017 ),6,LIGHT PASSENGER VEHICLE,59,71,71,65,39,77,52,51,73,111,72,103,844
2019,Odisha,CUTTACK RTO - OR5( 31-MAY-2017 ),7,MEDIUM GOODS VEHICLE,4,10,4,4,4,5,1,9,20,10,9,9,89
2019,Odisha,CUTTACK RTO - OR5( 31-MAY-2017 ),8,MEDIUM MOTOR VEHICLE,0,0,15,0,2,0,0,0,0,2,1,0,20
2019,Odisha,CUTTACK RTO - OR5( 31-MAY-2017 ),9,MEDIUM PASSENGER VEHICLE,4,5,5,5,4,7,6,8,4,6,9,4,67
2019,Odisha,CUTTACK RTO - OR5( 31-MAY-2017 ),10,OTHER THAN MENTIONED ABOVE,10,10,13,13,4,11,9,7,6,4,14,8,109
2019,Odisha,CUTTACK RTO - OR5( 31-MAY-2017 ),11,THREE WHEELER(T),105,71,100,78,67,93,121,135,184,213,151,127,"1,445"
2019,Odisha,CUTTACK RTO - OR5( 31-MAY-2017 ),12,TWO WHEELER(NT),"4,294","5,156","5,300","4,632","3,398","4,610","3,979","4,091","3,657","9,085","4,188","3,654","56,044"
2019,Odisha,CUTTACK RTO - OR5( 31-MAY-2017 ),13,TWO WHEELER(T),0,0,0,2,0,0,0,0,0,0,0,0,2
2019,Odisha,DEOGARH RTO - OR28( 23-OCT-2017 ),1,HEAVY GOODS VEHICLE,1,2,3,4,2,0,1,5,2,2,2,4,28
2019,Odisha,DEOGARH RTO - OR28( 23-OCT-2017 ),2,HEAVY PASSENGER VEHICLE,1,0,0,0,0,0,0,2,1,0,0,0,4
2019,Odisha,DEOGARH RTO - OR28( 23-OCT-2017 ),3,LIGHT GOODS VEHICLE,11,20,21,23,10,15,22,9,8,31,23,17,210
2019,Odisha,DEOGARH RTO - OR28( 23-OCT-2017 ),4,LIGHT MOTOR VEHICLE,13,12,24,6,8,15,13,12,7,14,24,3,151
2019,Odisha,DEOGARH RTO - OR28( 23-OCT-2017 ),5,LIGHT PASSENGER VEHICLE,4,4,7,5,3,3,3,0,3,4,4,3,43
2019,Odisha,DEOGARH RTO - OR28( 23-OCT-2017 ),6,MEDIUM GOODS VEHICLE,5,1,1,0,0,1,0,2,0,0,0,0,10
2019,Odisha,DEOGARH RTO - OR28( 23-OCT-2017 ),7,MEDIUM MOTOR VEHICLE,0,0,0,0,0,0,0,1,0,0,0,0,1
2019,Odisha,DEOGARH RTO - OR28( 23-OCT-2017 ),8,MEDIUM PASSENGER VEHICLE,0,0,2,1,0,0,0,0,0,0,0,1,4
2019,Odisha,DEOGARH RTO - OR28( 23-OCT-2017 ),9,OTHER THAN MENTIONED ABOVE,0,0,0,0,0,1,0,0,1,0,0,2,4
2019,Odisha,DEOGARH RTO - OR28( 23-OCT-2017 ),10,THREE WHEELER(T),5,3,3,2,6,10,4,3,1,7,8,8,60
2019,Odisha,DEOGARH RTO - OR28( 23-OCT-2017 ),11,TWO WHEELER(NT),186,212,416,178,262,264,230,152,216,331,285,283,"3,015"
2019,Odisha,DHENKANAL RTO - OR6( 07-NOV-2017 ),1,HEAVY GOODS VEHICLE,13,11,5,3,7,8,3,7,14,12,7,6,96
2019,Odisha,DHENKANAL RTO - OR6( 07-NOV-2017 ),2,HEAVY MOTOR VEHICLE,0,1,2,0,0,1,1,1,0,0,1,3,10
2019,Odisha,DHENKANAL RTO - OR6( 07-NOV-2017 ),3,LIGHT GOODS VEHICLE,28,36,56,32,18,41,48,43,25,59,60,61,507
2019,Odisha,DHENKANAL RTO - OR6( 07-NOV-2017 ),4,LIGHT MOTOR VEHICLE,44,8,27,26,27,28,24,11,27,44,40,28,334
2019,Odisha,DHENKANAL RTO - OR6( 07-NOV-2017 ),5,LIGHT PASSENGER VEHICLE,0,2,13,4,6,4,6,2,3,4,8,4,56
2019,Odisha,DHENKANAL RTO - OR6( 07-NOV-2017 ),6,MEDIUM GOODS VEHICLE,6,2,5,0,0,1,0,3,0,5,4,1,27
2019,Odisha,DHENKANAL RTO - OR6( 07-NOV-2017 ),7,MEDIUM MOTOR VEHICLE,0,0,0,2,1,4,2,4,0,0,3,1,17
2019,Odisha,DHENKANAL RTO - OR6( 07-NOV-2017 ),8,MEDIUM PASSENGER VEHICLE,0,0,0,1,0,0,0,1,1,0,0,0,3
2019,Odisha,DHENKANAL RTO - OR6( 07-NOV-2017 ),9,OTHER THAN MENTIONED ABOVE,0,3,1,1,1,4,1,6,0,0,1,0,18
2019,Odisha,DHENKANAL RTO - OR6( 07-NOV-2017 ),10,THREE WHEELER(T),22,10,28,12,19,5,15,27,20,45,17,21,241
2019,Odisha,DHENKANAL RTO - OR6( 07-NOV-2017 ),11,TWO WHEELER (INVALID CARRIAGE),0,0,0,0,1,0,0,0,0,0,0,0,1
2019,Odisha,DHENKANAL RTO - OR6( 07-NOV-2017 ),12,TWO WHEELER(NT),"1,090",352,"2,019","1,298","1,045","1,165",889,965,"1,024","2,044",966,822,"13,679"
2019,Odisha,GAJAPATI RTO - OR20( 07-NOV-2017 ),1,HEAVY GOODS VEHICLE,1,5,1,1,2,0,0,0,0,0,0,0,10
2019,Odisha,GAJAPATI RTO - OR20( 07-NOV-2017 ),2,HEAVY MOTOR VEHICLE,0,0,0,0,0,0,0,0,0,1,0,0,1
2019,Odisha,GAJAPATI RTO - OR20( 07-NOV-2017 ),3,LIGHT GOODS VEHICLE,25,23,50,20,34,27,29,16,30,55,42,26,377
2019,Odisha,GAJAPATI RTO - OR20( 07-NOV-2017 ),4,LIGHT MOTOR VEHICLE,8,10,9,6,8,12,11,7,7,17,11,11,117
2019,Odisha,GAJAPATI RTO - OR20( 07-NOV-2017 ),5,LIGHT PASSENGER VEHICLE,0,3,2,0,0,6,1,1,2,1,0,4,20
2019,Odisha,GAJAPATI RTO - OR20( 07-NOV-2017 ),6,MEDIUM GOODS VEHICLE,1,2,2,0,2,1,1,1,0,2,0,0,12
2019,Odisha,GAJAPATI RTO - OR20( 07-NOV-2017 ),7,MEDIUM MOTOR VEHICLE,0,1,0,0,0,0,1,0,0,0,0,0,2
2019,Odisha,GAJAPATI RTO - OR20( 07-NOV-2017 ),8,OTHER THAN MENTIONED ABOVE,0,0,0,0,1,1,0,0,0,0,1,1,4
2019,Odisha,GAJAPATI RTO - OR20( 07-NOV-2017 ),9,THREE WHEELER(T),3,5,2,1,4,1,3,2,2,8,6,5,42
2019,Odisha,GAJAPATI RTO - OR20( 07-NOV-2017 ),10,TWO WHEELER(NT),294,281,429,315,534,447,248,98,471,644,331,223,"4,315"
2019,Odisha,GANJAM RTO - OR7( 04-DEC-2017 ),1,HEAVY GOODS VEHICLE,46,31,27,55,28,41,16,20,33,33,43,37,410
2019,Odisha,GANJAM RTO - OR7( 04-DEC-2017 ),2,HEAVY MOTOR VEHICLE,1,0,0,0,0,0,5,2,0,1,1,0,10
2019,Odisha,GANJAM RTO - OR7( 04-DEC-2017 ),3,HEAVY PASSENGER VEHICLE,2,1,0,1,0,1,1,0,4,1,1,4,16
2019,Odisha,GANJAM RTO - OR7( 04-DEC-2017 ),4,LIGHT GOODS VEHICLE,98,149,159,116,104,105,113,132,108,163,180,146,"1,573"
2019,Odisha,GANJAM RTO - OR7( 04-DEC-2017 ),5,LIGHT MOTOR VEHICLE,145,118,123,126,114,128,115,128,103,183,126,114,"1,523"
2019,Odisha,GANJAM RTO - OR7( 04-DEC-2017 ),6,LIGHT PASSENGER VEHICLE,17,21,19,19,16,24,23,20,20,37,23,36,275
2019,Odisha,GANJAM RTO - OR7( 04-DEC-2017 ),7,MEDIUM GOODS VEHICLE,1,2,1,1,0,1,1,3,0,3,2,0,15
2019,Odisha,GANJAM RTO - OR7( 04-DEC-2017 ),8,MEDIUM MOTOR VEHICLE,0,2,4,4,2,4,6,4,0,3,2,0,31
2019,Odisha,GANJAM RTO - OR7( 04-DEC-2017 ),9,MEDIUM PASSENGER VEHICLE,1,3,1,2,1,4,3,1,3,5,3,3,30
2019,Odisha,GANJAM RTO - OR7( 04-DEC-2017 ),10,OTHER THAN MENTIONED ABOVE,2,4,5,7,1,3,2,0,3,5,2,2,36
2019,Odisha,GANJAM RTO - OR7( 04-DEC-2017 ),11,THREE WHEELER(T),91,132,149,106,141,159,127,113,154,196,154,103,"1,625"
2019,Odisha,GANJAM RTO - OR7( 04-DEC-2017 ),12,TWO WHEELER (INVALID CARRIAGE),3,3,0,1,5,2,2,6,3,12,5,2,44
2019,Odisha,GANJAM RTO - OR7( 04-DEC-2017 ),13,TWO WHEELER(NT),"2,887","3,324","2,935","3,717","3,311","3,934","3,655","2,177","3,039","4,684","3,778","2,632","40,073"
2019,Odisha,JAGATSINGHPUR RTO - OR21( 04-DEC-2017 ),1,HEAVY GOODS VEHICLE,17,25,22,19,22,14,17,11,11,9,3,13,183
2019,Odisha,JAGATSINGHPUR RTO - OR21( 04-DEC-2017 ),2,HEAVY MOTOR VEHICLE,1,0,1,0,0,0,0,0,0,0,0,0,2
2019,Odisha,JAGATSINGHPUR RTO - OR21( 04-DEC-2017 ),3,LIGHT GOODS VEHICLE,54,58,60,64,24,34,39,23,35,35,71,83,580
2019,Odisha,JAGATSINGHPUR RTO - OR21( 04-DEC-2017 ),4,LIGHT MOTOR VEHICLE,17,21,8,14,12,13,14,13,9,16,28,25,190
2019,Odisha,JAGATSINGHPUR RTO - OR21( 04-DEC-2017 ),5,LIGHT PASSENGER VEHICLE,8,4,9,3,3,8,3,5,2,0,4,1,50
2019,Odisha,JAGATSINGHPUR RTO - OR21( 04-DEC-2017 ),6,MEDIUM GOODS VEHICLE,1,3,5,1,4,1,5,2,0,1,3,2,28
2019,Odisha,JAGATSINGHPUR RTO - OR21( 04-DEC-2017 ),7,MEDIUM MOTOR VEHICLE,3,1,2,0,1,0,1,0,0,3,3,0,14
2019,Odisha,JAGATSINGHPUR RTO - OR21( 04-DEC-2017 ),8,MEDIUM PASSENGER VEHICLE,3,2,0,1,0,2,0,1,1,0,0,0,10
2019,Odisha,JAGATSINGHPUR RTO - OR21( 04-DEC-2017 ),9,OTHER THAN MENTIONED ABOVE,1,2,0,0,0,2,2,3,2,1,2,0,15
2019,Odisha,JAGATSINGHPUR RTO - OR21( 04-DEC-2017 ),10,THREE WHEELER(T),17,12,17,13,12,15,11,25,18,28,29,36,233
2019,Odisha,JAGATSINGHPUR RTO - OR21( 04-DEC-2017 ),11,TWO WHEELER(NT),"1,333","1,333","1,410","1,269","1,093","1,679","1,346","1,135","1,153","2,254","1,235","1,471","16,711"
2019,Odisha,JAJPUR RTO - OR34( 23-OCT-2017 ),1,HEAVY GOODS VEHICLE,19,34,30,15,12,11,15,9,9,9,9,16,188
2019,Odisha,JAJPUR RTO - OR34( 23-OCT-2017 ),2,HEAVY MOTOR VEHICLE,1,1,1,0,0,1,1,0,0,0,0,1,6
2019,Odisha,JAJPUR RTO - OR34( 23-OCT-2017 ),3,LIGHT GOODS VEHICLE,61,57,78,74,65,50,50,41,27,62,64,77,706
2019,Odisha,JAJPUR RTO - OR34( 23-OCT-2017 ),4,LIGHT MOTOR VEHICLE,88,57,69,60,70,62,75,61,71,110,86,62,871
2019,Odisha,JAJPUR RTO - OR34( 23-OCT-2017 ),5,LIGHT PASSENGER VEHICLE,23,22,21,14,17,16,12,9,11,21,10,23,199
2019,Odisha,JAJPUR RTO - OR34( 23-OCT-2017 ),6,MEDIUM GOODS VEHICLE,1,0,0,2,1,0,0,1,1,2,1,0,9
2019,Odisha,JAJPUR RTO - OR34( 23-OCT-2017 ),7,MEDIUM MOTOR VEHICLE,1,0,0,1,1,0,0,0,0,1,2,1,7
2019,Odisha,JAJPUR RTO - OR34( 23-OCT-2017 ),8,MEDIUM PASSENGER VEHICLE,2,0,1,1,0,0,2,2,5,1,1,3,18
2019,Odisha,JAJPUR RTO - OR34( 23-OCT-2017 ),9,OTHER THAN MENTIONED ABOVE,4,10,10,1,0,0,2,0,1,1,0,2,31
2019,Odisha,JAJPUR RTO - OR34( 23-OCT-2017 ),10,THREE WHEELER(T),29,35,49,54,40,49,39,45,76,86,64,38,604
2019,Odisha,JAJPUR RTO - OR34( 23-OCT-2017 ),11,TWO WHEELER(NT),"1,586","1,474","1,988","2,107","1,877","1,538","1,899","1,427","1,954","2,576","2,175","1,836","22,437"
2019,Odisha,JHARSUGUDA RTO - OR23( 07-NOV-2017 ),1,HEAVY GOODS VEHICLE,120,124,62,50,63,38,29,29,25,40,50,40,670
2019,Odisha,JHARSUGUDA RTO - OR23( 07-NOV-2017 ),2,HEAVY MOTOR VEHICLE,2,0,2,1,1,3,0,0,0,0,1,0,10
2019,Odisha,JHARSUGUDA RTO - OR23( 07-NOV-2017 ),3,HEAVY PASSENGER VEHICLE,2,0,0,0,0,0,0,0,0,0,0,1,3
2019,Odisha,JHARSUGUDA RTO - OR23( 07-NOV-2017 ),4,LIGHT GOODS VEHICLE,43,49,53,27,51,46,36,42,35,59,74,52,567
2019,Odisha,JHARSUGUDA RTO - OR23( 07-NOV-2017 ),5,LIGHT MOTOR VEHICLE,116,104,122,88,114,84,103,82,77,174,103,104,"1,271"
2019,Odisha,JHARSUGUDA RTO - OR23( 07-NOV-2017 ),6,LIGHT PASSENGER VEHICLE,15,18,22,16,12,15,14,21,10,21,29,12,205
2019,Odisha,JHARSUGUDA RTO - OR23( 07-NOV-2017 ),7,MEDIUM GOODS VEHICLE,8,5,4,8,6,5,9,8,2,2,7,3,67
2019,Odisha,JHARSUGUDA RTO - OR23( 07-NOV-2017 ),8,MEDIUM MOTOR VEHICLE,1,0,4,2,2,0,2,2,2,2,6,0,23
2019,Odisha,JHARSUGUDA RTO - OR23( 07-NOV-2017 ),9,MEDIUM PASSENGER VEHICLE,3,1,4,2,0,2,1,2,3,2,1,2,23
2019,Odisha,JHARSUGUDA RTO - OR23( 07-NOV-2017 ),10,OTHER THAN MENTIONED ABOVE,5,5,2,6,6,5,5,5,1,5,21,3,69
2019,Odisha,JHARSUGUDA RTO - OR23( 07-NOV-2017 ),11,THREE WHEELER(T),23,21,37,15,17,27,11,28,23,34,30,21,287
2019,Odisha,JHARSUGUDA RTO - OR23( 07-NOV-2017 ),12,TWO WHEELER(NT),955,899,942,953,"1,107",970,996,"1,365",879,"1,729","1,315","1,283","13,393"
2019,Odisha,KALAHANDI RTO - OR8( 23-OCT-2017 ),1,HEAVY GOODS VEHICLE,14,15,11,7,3,4,4,5,6,11,7,13,100
2019,Odisha,KALAHANDI RTO - OR8( 23-OCT-2017 ),2,HEAVY MOTOR VEHICLE,0,0,3,0,1,1,0,0,0,0,1,0,6
2019,Odisha,KALAHANDI RTO - OR8( 23-OCT-2017 ),3,HEAVY PASSENGER VEHICLE,0,0,1,0,1,0,1,0,0,3,2,0,8
2019,Odisha,KALAHANDI RTO - OR8( 23-OCT-2017 ),4,LIGHT GOODS VEHICLE,137,152,125,110,109,144,175,104,56,144,243,200,"1,699"
2019,Odisha,KALAHANDI RTO - OR8( 23-OCT-2017 ),5,LIGHT MOTOR VEHICLE,86,88,106,83,72,77,54,50,52,100,75,51,894
2019,Odisha,KALAHANDI RTO - OR8( 23-OCT-2017 ),6,LIGHT PASSENGER VEHICLE,24,11,23,9,10,10,20,13,18,19,16,15,188
2019,Odisha,KALAHANDI RTO - OR8( 23-OCT-2017 ),7,MEDIUM GOODS VEHICLE,3,4,5,1,2,2,5,2,0,3,0,4,31
2019,Odisha,KALAHANDI RTO - OR8( 23-OCT-2017 ),8,MEDIUM MOTOR VEHICLE,2,4,3,0,2,0,2,1,3,2,2,2,23
2019,Odisha,KALAHANDI RTO - OR8( 23-OCT-2017 ),9,MEDIUM PASSENGER VEHICLE,0,0,1,2,0,3,0,0,0,0,0,0,6
2019,Odisha,KALAHANDI RTO - OR8( 23-OCT-2017 ),10,OTHER THAN MENTIONED ABOVE,4,1,4,3,1,3,1,0,1,6,8,6,38
2019,Odisha,KALAHANDI RTO - OR8( 23-OCT-2017 ),11,THREE WHEELER(NT),0,0,0,0,0,0,0,0,0,0,0,1,1
2019,Odisha,KALAHANDI RTO - OR8( 23-OCT-2017 ),12,THREE WHEELER(T),35,32,38,24,31,28,36,26,35,36,33,34,388
2019,Odisha,KALAHANDI RTO - OR8( 23-OCT-2017 ),13,TWO WHEELER(NT),"1,374","2,220","2,171","3,225","2,209","1,461","1,266",981,665,"1,869","1,090","1,006","19,537"
2019,Odisha,KENDRAPARA RTO - OR29( 23-OCT-2017 ),1,HEAVY GOODS VEHICLE,74,45,52,61,38,20,41,46,46,24,11,16,474
2019,Odisha,KENDRAPARA RTO - OR29( 23-OCT-2017 ),2,HEAVY MOTOR VEHICLE,1,0,0,0,0,0,0,0,1,1,2,0,5
2019,Odisha,KENDRAPARA RTO - OR29( 23-OCT-2017 ),3,LIGHT GOODS VEHICLE,92,116,104,85,78,46,66,58,71,103,113,122,"1,054"
2019,Odisha,KENDRAPARA RTO - OR29( 23-OCT-2017 ),4,LIGHT MOTOR VEHICLE,18,9,16,10,11,10,21,16,19,16,12,9,167
2019,Odisha,KENDRAPARA RTO - OR29( 23-OCT-2017 ),5,LIGHT PASSENGER VEHICLE,8,7,11,5,13,13,1,2,3,9,7,6,85
2019,Odisha,KENDRAPARA RTO - OR29( 23-OCT-2017 ),6,MEDIUM GOODS VEHICLE,1,2,4,1,1,1,2,1,0,2,0,6,21
2019,Odisha,KENDRAPARA RTO - OR29( 23-OCT-2017 ),7,MEDIUM MOTOR VEHICLE,1,0,0,0,0,1,0,0,0,0,2,0,4
2019,Odisha,KENDRAPARA RTO - OR29( 23-OCT-2017 ),8,MEDIUM PASSENGER VEHICLE,0,0,2,0,0,2,2,0,0,0,0,0,6
2019,Odisha,KENDRAPARA RTO - OR29( 23-OCT-2017 ),9,OTHER THAN MENTIONED ABOVE,2,1,0,0,0,1,0,0,1,0,1,0,6
2019,Odisha,KENDRAPARA RTO - OR29( 23-OCT-2017 ),10,THREE WHEELER(T),48,58,40,31,39,44,46,50,70,88,83,68,665
2019,Odisha,KENDRAPARA RTO - OR29( 23-OCT-2017 ),11,TWO WHEELER(NT),803,851,851,921,762,869,842,624,839,"1,276",726,697,"10,061"
2019,Odisha,KENDRAPARA RTO - OR29( 23-OCT-2017 ),12,TWO WHEELER(T),1,0,0,0,0,0,0,0,0,0,0,0,1
2019,Odisha,KEONJHAR RTO - OR9( 04-DEC-2017 ),1,HEAVY GOODS VEHICLE,64,31,45,35,83,70,92,174,108,148,85,88,"1,023"
2019,Odisha,KEONJHAR RTO - OR9( 04-DEC-2017 ),2,HEAVY MOTOR VEHICLE,0,0,0,1,0,0,0,2,1,1,0,0,5
2019,Odisha,KEONJHAR RTO - OR9( 04-DEC-2017 ),3,HEAVY PASSENGER VEHICLE,1,0,0,0,0,0,0,0,0,0,0,0,1
2019,Odisha,KEONJHAR RTO - OR9( 04-DEC-2017 ),4,LIGHT GOODS VEHICLE,88,114,89,64,111,86,99,64,59,128,152,156,"1,210"
2019,Odisha,KEONJHAR RTO - OR9( 04-DEC-2017 ),5,LIGHT MOTOR VEHICLE,38,38,45,32,50,27,57,42,49,50,60,40,528
2019,Odisha,KEONJHAR RTO - OR9( 04-DEC-2017 ),6,LIGHT PASSENGER VEHICLE,22,18,20,13,26,12,29,11,14,30,20,19,234
2019,Odisha,KEONJHAR RTO - OR9( 04-DEC-2017 ),7,MEDIUM GOODS VEHICLE,0,4,3,3,3,5,5,2,6,1,4,4,40
2019,Odisha,KEONJHAR RTO - OR9( 04-DEC-2017 ),8,MEDIUM MOTOR VEHICLE,0,0,0,0,2,0,0,2,0,1,2,0,7
2019,Odisha,KEONJHAR RTO - OR9( 04-DEC-2017 ),9,MEDIUM PASSENGER VEHICLE,3,1,1,5,2,1,1,0,1,2,3,2,22
2019,Odisha,KEONJHAR RTO - OR9( 04-DEC-2017 ),10,OTHER THAN MENTIONED ABOVE,0,2,1,5,8,2,1,1,1,2,2,2,27
2019,Odisha,KEONJHAR RTO - OR9( 04-DEC-2017 ),11,THREE WHEELER(T),80,59,92,35,85,59,54,71,115,135,119,85,989
2019,Odisha,KEONJHAR RTO - OR9( 04-DEC-2017 ),12,TWO WHEELER(NT),"1,379","1,427","1,123","1,612","1,806","1,329","1,802","1,211","1,691","2,072","2,008","1,048","18,508"
2019,Odisha,KHORDHA ARTO - OR201( 20-JAN-2018 ),1,HEAVY GOODS VEHICLE,7,15,15,17,13,10,14,12,14,27,28,26,198
2019,Odisha,KHORDHA ARTO - OR201( 20-JAN-2018 ),2,HEAVY PASSENGER VEHICLE,0,0,1,1,1,0,2,0,0,0,0,0,5
2019,Odisha,KHORDHA ARTO - OR201( 20-JAN-2018 ),3,LIGHT GOODS VEHICLE,35,27,31,35,17,17,28,29,20,55,53,85,432
2019,Odisha,KHORDHA ARTO - OR201( 20-JAN-2018 ),4,LIGHT MOTOR VEHICLE,30,27,23,17,12,23,29,7,20,26,19,22,255
2019,Odisha,KHORDHA ARTO - OR201( 20-JAN-2018 ),5,LIGHT PASSENGER VEHICLE,13,3,3,5,2,1,5,3,3,2,3,5,48
2019,Odisha,KHORDHA ARTO - OR201( 20-JAN-2018 ),6,MEDIUM GOODS VEHICLE,5,0,3,5,1,3,2,0,0,3,3,5,30
2019,Odisha,KHORDHA ARTO - OR201( 20-JAN-2018 ),7,MEDIUM MOTOR VEHICLE,0,0,0,3,1,1,0,1,0,0,0,2,8
2019,Odisha,KHORDHA ARTO - OR201( 20-JAN-2018 ),8,MEDIUM PASSENGER VEHICLE,3,1,3,1,1,0,0,0,1,0,1,1,12
2019,Odisha,KHORDHA ARTO - OR201( 20-JAN-2018 ),9,OTHER THAN MENTIONED ABOVE,2,2,1,1,0,1,0,4,0,0,0,0,11
2019,Odisha,KHORDHA ARTO - OR201( 20-JAN-2018 ),10,THREE WHEELER(T),86,62,46,61,38,51,67,65,60,82,62,46,726
2019,Odisha,KHORDHA ARTO - OR201( 20-JAN-2018 ),11,TWO WHEELER(NT),364,305,340,437,254,296,486,294,406,590,395,268,"4,435"
2019,Odisha,KORAPUT RTO - OR10( 25-DEC-2017 ),1,HEAVY GOODS VEHICLE,27,39,19,33,18,19,17,11,9,17,11,12,232
2019,Odisha,KORAPUT RTO - OR10( 25-DEC-2017 ),2,HEAVY MOTOR VEHICLE,2,0,0,0,0,0,0,0,1,0,0,0,3
2019,Odisha,KORAPUT RTO - OR10( 25-DEC-2017 ),3,HEAVY PASSENGER VEHICLE,1,0,1,0,0,0,0,1,3,0,1,0,7
2019,Odisha,KORAPUT RTO - OR10( 25-DEC-2017 ),4,LIGHT GOODS VEHICLE,85,97,102,65,88,57,66,68,64,55,79,119,945
2019,Odisha,KORAPUT RTO - OR10( 25-DEC-2017 ),5,LIGHT MOTOR VEHICLE,146,110,116,102,153,108,104,87,85,201,166,141,"1,519"
2019,Odisha,KORAPUT RTO - OR10( 25-DEC-2017 ),6,LIGHT PASSENGER VEHICLE,32,12,20,15,9,12,14,20,18,9,20,14,195
2019,Odisha,KORAPUT RTO - OR10( 25-DEC-2017 ),7,MEDIUM GOODS VEHICLE,2,3,0,1,1,0,0,1,0,2,1,0,11
2019,Odisha,KORAPUT RTO - OR10( 25-DEC-2017 ),8,MEDIUM MOTOR VEHICLE,0,0,3,2,1,4,0,0,0,1,1,0,12
2019,Odisha,KORAPUT RTO - OR10( 25-DEC-2017 ),9,MEDIUM PASSENGER VEHICLE,3,2,2,1,3,0,0,2,1,2,1,0,17
2019,Odisha,KORAPUT RTO - OR10( 25-DEC-2017 ),10,OTHER THAN MENTIONED ABOVE,3,8,6,4,8,4,3,3,2,1,3,2,47
2019,Odisha,KORAPUT RTO - OR10( 25-DEC-2017 ),11,THREE WHEELER(T),48,61,53,31,46,53,60,100,51,95,76,83,757
2019,Odisha,KORAPUT RTO - OR10( 25-DEC-2017 ),12,TWO WHEELER(NT),"2,072","2,418","1,962","2,642","1,787","1,451","1,585","1,156","1,863","2,455","2,651","2,119","24,161"
2019,Odisha,MALKANAGIRI RTO - OR30( 25-DEC-2017 ),1,HEAVY GOODS VEHICLE,2,1,1,0,3,2,0,6,2,1,2,1,21
2019,Odisha,MALKANAGIRI RTO - OR30( 25-DEC-2017 ),2,LIGHT GOODS VEHICLE,36,38,35,7,44,29,29,59,28,11,24,17,357
2019,Odisha,MALKANAGIRI RTO - OR30( 25-DEC-2017 ),3,LIGHT MOTOR VEHICLE,20,11,14,20,17,21,11,15,8,23,22,24,206
2019,Odisha,MALKANAGIRI RTO - OR30( 25-DEC-2017 ),4,LIGHT PASSENGER VEHICLE,3,4,3,2,4,3,1,6,2,2,5,3,38
2019,Odisha,MALKANAGIRI RTO - OR30( 25-DEC-2017 ),5,MEDIUM GOODS VEHICLE,4,4,1,2,1,1,0,0,0,0,2,0,15
2019,Odisha,MALKANAGIRI RTO - OR30( 25-DEC-2017 ),6,MEDIUM PASSENGER VEHICLE,0,0,0,1,1,0,0,0,0,0,0,0,2
2019,Odisha,MALKANAGIRI RTO - OR30( 25-DEC-2017 ),7,OTHER THAN MENTIONED ABOVE,0,0,1,0,0,0,0,0,0,0,2,1,4
2019,Odisha,MALKANAGIRI RTO - OR30( 25-DEC-2017 ),8,THREE WHEELER(T),24,59,52,14,27,66,53,34,29,26,67,24,475
2019,Odisha,MALKANAGIRI RTO - OR30( 25-DEC-2017 ),9,TWO WHEELER(NT),445,250,996,184,485,629,365,613,471,354,411,594,"5,797"
2019,Odisha,MAYURBHANJ RTO - OR11( 08-NOV-2017 ),1,HEAVY GOODS VEHICLE,6,3,4,7,3,1,11,9,9,4,5,8,70
2019,Odisha,MAYURBHANJ RTO - OR11( 08-NOV-2017 ),2,HEAVY MOTOR VEHICLE,0,0,1,0,0,0,0,0,0,0,0,1,2
2019,Odisha,MAYURBHANJ RTO - OR11( 08-NOV-2017 ),3,HEAVY PASSENGER VEHICLE,2,0,0,0,1,1,3,0,1,0,0,1,9
2019,Odisha,MAYURBHANJ RTO - OR11( 08-NOV-2017 ),4,LIGHT GOODS VEHICLE,105,89,93,76,71,49,113,61,61,106,148,118,"1,090"
2019,Odisha,MAYURBHANJ RTO - OR11( 08-NOV-2017 ),5,LIGHT MOTOR VEHICLE,121,65,81,63,86,84,98,66,101,150,88,99,"1,102"
2019,Odisha,MAYURBHANJ RTO - OR11( 08-NOV-2017 ),6,LIGHT PASSENGER VEHICLE,13,17,20,9,17,23,16,6,19,22,14,10,186
2019,Odisha,MAYURBHANJ RTO - OR11( 08-NOV-2017 ),7,MEDIUM GOODS VEHICLE,10,5,6,4,3,1,5,1,1,0,4,1,41
2019,Odisha,MAYURBHANJ RTO - OR11( 08-NOV-2017 ),8,MEDIUM MOTOR VEHICLE,0,0,1,0,0,0,1,0,0,0,0,0,2
2019,Odisha,MAYURBHANJ RTO - OR11( 08-NOV-2017 ),9,MEDIUM PASSENGER VEHICLE,0,0,0,2,1,1,0,3,1,0,1,0,9
2019,Odisha,MAYURBHANJ RTO - OR11( 08-NOV-2017 ),10,OTHER THAN MENTIONED ABOVE,0,1,0,1,0,0,0,0,0,0,0,1,3
2019,Odisha,MAYURBHANJ RTO - OR11( 08-NOV-2017 ),11,THREE WHEELER(T),47,44,56,34,38,50,47,47,75,81,65,47,631
2019,Odisha,MAYURBHANJ RTO - OR11( 08-NOV-2017 ),12,TWO WHEELER(NT),971,"1,535","1,746","2,350","2,021","1,095","1,466","1,683","1,035","2,502","1,262",866,"18,532"
2019,Odisha,NAWARANGPUR RTO - OR24( 07-NOV-2017 ),1,HEAVY GOODS VEHICLE,8,4,6,5,8,4,0,2,4,8,4,3,56
2019,Odisha,NAWARANGPUR RTO - OR24( 07-NOV-2017 ),2,HEAVY PASSENGER VEHICLE,4,0,0,0,0,0,0,0,2,0,0,0,6
2019,Odisha,NAWARANGPUR RTO - OR24( 07-NOV-2017 ),3,LIGHT GOODS VEHICLE,78,132,143,63,111,102,85,116,62,98,82,109,"1,181"
2019,Odisha,NAWARANGPUR RTO - OR24( 07-NOV-2017 ),4,LIGHT MOTOR VEHICLE,31,27,22,23,31,39,17,18,17,20,32,31,308
2019,Odisha,NAWARANGPUR RTO - OR24( 07-NOV-2017 ),5,LIGHT PASSENGER VEHICLE,2,7,4,2,3,9,4,6,1,0,6,2,46
2019,Odisha,NAWARANGPUR RTO - OR24( 07-NOV-2017 ),6,MEDIUM GOODS VEHICLE,9,4,1,3,2,5,0,4,1,1,2,0,32
2019,Odisha,NAWARANGPUR RTO - OR24( 07-NOV-2017 ),7,MEDIUM MOTOR VEHICLE,0,0,0,0,0,0,0,0,0,1,0,0,1
2019,Odisha,NAWARANGPUR RTO - OR24( 07-NOV-2017 ),8,MEDIUM PASSENGER VEHICLE,1,0,1,2,0,0,0,0,0,0,0,0,4
2019,Odisha,NAWARANGPUR RTO - OR24( 07-NOV-2017 ),9,OTHER THAN MENTIONED ABOVE,2,0,0,0,0,0,0,0,0,0,0,0,2
2019,Odisha,NAWARANGPUR RTO - OR24( 07-NOV-2017 ),10,THREE WHEELER(T),71,121,65,51,41,66,32,39,21,82,80,34,703
2019,Odisha,NAWARANGPUR RTO - OR24( 07-NOV-2017 ),11,TWO WHEELER(NT),822,609,"1,013",471,828,693,565,513,551,"1,079",576,633,"8,353"
2019,Odisha,NAYAGARH RTO - OR25( 25-DEC-2017 ),1,HEAVY GOODS VEHICLE,5,8,4,12,3,3,4,2,8,10,8,4,71
2019,Odisha,NAYAGARH RTO - OR25( 25-DEC-2017 ),2,HEAVY PASSENGER VEHICLE,3,2,0,0,0,0,1,1,1,0,1,1,10
2019,Odisha,NAYAGARH RTO - OR25( 25-DEC-2017 ),3,LIGHT GOODS VEHICLE,39,54,45,40,31,29,28,30,17,32,37,49,431
2019,Odisha,NAYAGARH RTO - OR25( 25-DEC-2017 ),4,LIGHT MOTOR VEHICLE,15,13,12,10,16,14,21,11,18,22,12,20,184
2019,Odisha,NAYAGARH RTO - OR25( 25-DEC-2017 ),5,LIGHT PASSENGER VEHICLE,5,8,3,2,6,5,4,2,1,9,2,6,53
2019,Odisha,NAYAGARH RTO - OR25( 25-DEC-2017 ),6,MEDIUM GOODS VEHICLE,3,7,1,2,0,2,4,3,1,4,4,2,33
2019,Odisha,NAYAGARH RTO - OR25( 25-DEC-2017 ),7,MEDIUM MOTOR VEHICLE,0,0,0,0,0,0,0,0,0,0,0,2,2
2019,Odisha,NAYAGARH RTO - OR25( 25-DEC-2017 ),8,THREE WHEELER(T),17,17,18,24,22,27,34,18,28,46,34,39,324
2019,Odisha,NAYAGARH RTO - OR25( 25-DEC-2017 ),9,TWO WHEELER(NT),"1,124","1,117","1,292","1,264","1,333","1,407","1,111","1,002","1,073","2,000","1,465","1,057","15,245"
2019,Odisha,NAYAGARH RTO - OR25( 25-DEC-2017 ),10,TWO WHEELER(T),0,0,0,0,0,0,1,0,0,0,0,0,1
2019,Odisha,NUAPADA RTO - OR26( 06-NOV-2017 ),1,HEAVY GOODS VEHICLE,0,0,0,0,2,0,2,0,0,0,1,1,6
2019,Odisha,NUAPADA RTO - OR26( 06-NOV-2017 ),2,HEAVY MOTOR VEHICLE,0,0,2,0,0,0,0,0,0,0,0,1,3
2019,Odisha,NUAPADA RTO - OR26( 06-NOV-2017 ),3,HEAVY PASSENGER VEHICLE,1,0,0,0,0,0,0,0,0,0,0,0,1
2019,Odisha,NUAPADA RTO - OR26( 06-NOV-2017 ),4,LIGHT GOODS VEHICLE,33,24,36,30,27,31,20,29,28,44,73,92,467
2019,Odisha,NUAPADA RTO - OR26( 06-NOV-2017 ),5,LIGHT MOTOR VEHICLE,24,39,41,16,85,35,37,26,24,60,70,67,524
2019,Odisha,NUAPADA RTO - OR26( 06-NOV-2017 ),6,LIGHT PASSENGER VEHICLE,5,2,10,2,5,1,5,4,4,2,10,5,55
2019,Odisha,NUAPADA RTO - OR26( 06-NOV-2017 ),7,MEDIUM GOODS VEHICLE,0,2,3,0,1,2,1,0,0,0,0,3,12
2019,Odisha,NUAPADA RTO - OR26( 06-NOV-2017 ),8,MEDIUM MOTOR VEHICLE,0,1,1,0,0,0,1,1,0,1,0,0,5
2019,Odisha,NUAPADA RTO - OR26( 06-NOV-2017 ),9,MEDIUM PASSENGER VEHICLE,0,0,0,2,0,0,0,0,0,0,0,0,2
2019,Odisha,NUAPADA RTO - OR26( 06-NOV-2017 ),10,OTHER THAN MENTIONED ABOVE,3,5,5,1,1,2,1,1,1,0,2,1,23
2019,Odisha,NUAPADA RTO - OR26( 06-NOV-2017 ),11,THREE WHEELER(T),9,9,13,13,7,13,19,20,14,17,15,18,167
2019,Odisha,NUAPADA RTO - OR26( 06-NOV-2017 ),12,TWO WHEELER(NT),543,"1,049",904,542,"1,101",463,657,649,230,"1,079",576,567,"8,360"
2019,Odisha,PHULBANI RTO - OR12( 23-OCT-2017 ),1,HEAVY GOODS VEHICLE,1,3,3,1,1,0,0,1,3,2,0,1,16
2019,Odisha,PHULBANI RTO - OR12( 23-OCT-2017 ),2,HEAVY MOTOR VEHICLE,0,0,0,0,0,0,1,0,0,0,0,0,1
2019,Odisha,PHULBANI RTO - OR12( 23-OCT-2017 ),3,HEAVY PASSENGER VEHICLE,0,0,0,0,0,0,0,1,0,0,0,0,1
2019,Odisha,PHULBANI RTO - OR12( 23-OCT-2017 ),4,LIGHT GOODS VEHICLE,50,35,22,33,19,23,20,62,28,52,47,42,433
2019,Odisha,PHULBANI RTO - OR12( 23-OCT-2017 ),5,LIGHT MOTOR VEHICLE,7,3,6,4,8,8,3,5,6,7,8,4,69
2019,Odisha,PHULBANI RTO - OR12( 23-OCT-2017 ),6,LIGHT PASSENGER VEHICLE,4,1,2,4,2,6,9,6,3,9,12,5,63
2019,Odisha,PHULBANI RTO - OR12( 23-OCT-2017 ),7,MEDIUM GOODS VEHICLE,1,0,0,3,1,2,0,1,0,0,0,0,8
2019,Odisha,PHULBANI RTO - OR12( 23-OCT-2017 ),8,MEDIUM PASSENGER VEHICLE,0,3,0,2,0,2,0,0,0,0,1,1,9
2019,Odisha,PHULBANI RTO - OR12( 23-OCT-2017 ),9,OTHER THAN MENTIONED ABOVE,0,1,0,0,0,0,2,0,0,0,0,1,4
2019,Odisha,PHULBANI RTO - OR12( 23-OCT-2017 ),10,THREE WHEELER(T),57,61,52,26,67,77,52,52,62,89,74,45,714
2019,Odisha,PHULBANI RTO - OR12( 23-OCT-2017 ),11,TWO WHEELER(NT),521,472,564,510,824,484,696,381,399,931,541,686,"7,009"
2019,Odisha,PURI RTO - OR13( 25-DEC-2017 ),1,HEAVY GOODS VEHICLE,1,2,1,0,0,1,0,3,0,1,2,0,11
2019,Odisha,PURI RTO - OR13( 25-DEC-2017 ),2,HEAVY PASSENGER VEHICLE,0,0,0,0,0,0,0,0,1,1,0,0,2
2019,Odisha,PURI RTO - OR13( 25-DEC-2017 ),3,LIGHT GOODS VEHICLE,35,31,70,35,6,26,31,55,33,49,56,39,466
2019,Odisha,PURI RTO - OR13( 25-DEC-2017 ),4,LIGHT MOTOR VEHICLE,58,40,35,27,6,30,18,27,34,54,44,29,402
2019,Odisha,PURI RTO - OR13( 25-DEC-2017 ),5,LIGHT PASSENGER VEHICLE,13,5,15,9,1,9,9,3,6,12,11,12,105
2019,Odisha,PURI RTO - OR13( 25-DEC-2017 ),6,MEDIUM GOODS VEHICLE,2,0,1,0,0,0,0,3,0,0,1,0,7
2019,Odisha,PURI RTO - OR13( 25-DEC-2017 ),7,MEDIUM MOTOR VEHICLE,0,0,0,1,0,0,0,0,0,0,0,0,1
2019,Odisha,PURI RTO - OR13( 25-DEC-2017 ),8,MEDIUM PASSENGER VEHICLE,1,2,0,3,0,0,0,3,0,0,1,3,13
2019,Odisha,PURI RTO - OR13( 25-DEC-2017 ),9,OTHER THAN MENTIONED ABOVE,0,0,0,0,0,0,1,0,0,0,0,0,1
2019,Odisha,PURI RTO - OR13( 25-DEC-2017 ),10,THREE WHEELER(T),79,70,71,43,22,69,91,122,61,103,79,34,844
2019,Odisha,PURI RTO - OR13( 25-DEC-2017 ),11,TWO WHEELER(NT),"1,701","1,396","1,856","1,542",261,"1,811","1,670","1,833","2,207","3,149","1,982","1,292","20,700"
2019,Odisha,RAIRANGPUR ARTO - OR111( 08-NOV-2017 ),1,HEAVY GOODS VEHICLE,7,4,5,1,3,6,14,2,10,7,1,5,65
2019,Odisha,RAIRANGPUR ARTO - OR111( 08-NOV-2017 ),2,HEAVY PASSENGER VEHICLE,0,0,0,0,0,1,0,1,0,0,0,3,5
2019,Odisha,RAIRANGPUR ARTO - OR111( 08-NOV-2017 ),3,LIGHT GOODS VEHICLE,57,57,67,61,40,35,46,41,32,63,64,48,611
2019,Odisha,RAIRANGPUR ARTO - OR111( 08-NOV-2017 ),4,LIGHT MOTOR VEHICLE,15,14,11,22,17,18,19,11,19,24,18,15,203
2019,Odisha,RAIRANGPUR ARTO - OR111( 08-NOV-2017 ),5,LIGHT PASSENGER VEHICLE,11,13,8,11,10,6,7,8,5,5,7,5,96
2019,Odisha,RAIRANGPUR ARTO - OR111( 08-NOV-2017 ),6,MEDIUM GOODS VEHICLE,2,1,1,4,5,1,0,0,1,4,1,0,20
2019,Odisha,RAIRANGPUR ARTO - OR111( 08-NOV-2017 ),7,MEDIUM PASSENGER VEHICLE,0,0,1,0,0,0,0,0,1,1,1,0,4
2019,Odisha,RAIRANGPUR ARTO - OR111( 08-NOV-2017 ),8,OTHER THAN MENTIONED ABOVE,0,1,0,0,0,0,0,0,0,0,0,0,1
2019,Odisha,RAIRANGPUR ARTO - OR111( 08-NOV-2017 ),9,THREE WHEELER(T),26,31,30,21,42,32,30,20,31,31,24,16,334
2019,Odisha,RAIRANGPUR ARTO - OR111( 08-NOV-2017 ),10,TWO WHEELER(NT),469,894,845,686,608,726,726,557,693,934,780,384,"8,302"
2019,Odisha,RAYGADA RTO - OR18( 25-DEC-2017 ),1,HEAVY GOODS VEHICLE,9,25,22,21,18,16,13,14,5,9,16,21,189
2019,Odisha,RAYGADA RTO - OR18( 25-DEC-2017 ),2,HEAVY MOTOR VEHICLE,0,0,0,0,1,0,0,1,0,0,1,0,3
2019,Odisha,RAYGADA RTO - OR18( 25-DEC-2017 ),3,HEAVY PASSENGER VEHICLE,4,5,2,1,1,0,2,2,0,8,7,6,38
2019,Odisha,RAYGADA RTO - OR18( 25-DEC-2017 ),4,LIGHT GOODS VEHICLE,53,64,47,67,44,49,80,51,37,93,105,98,788
2019,Odisha,RAYGADA RTO - OR18( 25-DEC-2017 ),5,LIGHT MOTOR VEHICLE,32,26,21,21,22,22,30,18,20,31,33,22,298
2019,Odisha,RAYGADA RTO - OR18( 25-DEC-2017 ),6,LIGHT PASSENGER VEHICLE,12,10,12,16,14,9,17,13,15,15,8,11,152
2019,Odisha,RAYGADA RTO - OR18( 25-DEC-2017 ),7,MEDIUM GOODS VEHICLE,0,0,0,0,0,0,1,0,0,0,0,0,1
2019,Odisha,RAYGADA RTO - OR18( 25-DEC-2017 ),8,MEDIUM MOTOR VEHICLE,1,0,3,0,3,1,0,0,0,0,2,0,10
2019,Odisha,RAYGADA RTO - OR18( 25-DEC-2017 ),9,MEDIUM PASSENGER VEHICLE,0,0,1,1,1,0,1,1,0,1,0,0,6
2019,Odisha,RAYGADA RTO - OR18( 25-DEC-2017 ),10,OTHER THAN MENTIONED ABOVE,9,6,7,2,5,9,5,1,3,2,5,2,56
2019,Odisha,RAYGADA RTO - OR18( 25-DEC-2017 ),11,THREE WHEELER(T),11,24,31,19,21,37,40,21,9,38,32,37,320
2019,Odisha,RAYGADA RTO - OR18( 25-DEC-2017 ),12,TWO WHEELER(NT),703,833,"1,439",802,"1,569","1,052","1,204",649,791,"1,815",931,704,"12,492"
2019,Odisha,ROURKELA RTO - OR14( 25-DEC-2017 ),1,HEAVY GOODS VEHICLE,68,72,125,97,113,137,119,77,99,68,124,77,"1,176"
2019,Odisha,ROURKELA RTO - OR14( 25-DEC-2017 ),2,HEAVY MOTOR VEHICLE,0,2,4,0,1,0,2,1,0,1,3,1,15
2019,Odisha,ROURKELA RTO - OR14( 25-DEC-2017 ),3,HEAVY PASSENGER VEHICLE,2,0,0,0,0,0,0,0,0,0,0,0,2
2019,Odisha,ROURKELA RTO - OR14( 25-DEC-2017 ),4,LIGHT GOODS VEHICLE,79,84,118,62,81,65,61,47,77,85,150,101,"1,010"
2019,Odisha,ROURKELA RTO - OR14( 25-DEC-2017 ),5,LIGHT MOTOR VEHICLE,340,245,293,214,248,210,228,151,196,327,354,252,"3,058"
2019,Odisha,ROURKELA RTO - OR14( 25-DEC-2017 ),6,LIGHT PASSENGER VEHICLE,24,21,38,13,31,21,22,20,32,27,33,33,315
2019,Odisha,ROURKELA RTO - OR14( 25-DEC-2017 ),7,MEDIUM GOODS VEHICLE,5,4,13,5,10,1,3,2,4,0,4,2,53
2019,Odisha,ROURKELA RTO - OR14( 25-DEC-2017 ),8,MEDIUM MOTOR VEHICLE,0,1,0,2,4,2,0,0,0,2,4,6,21
2019,Odisha,ROURKELA RTO - OR14( 25-DEC-2017 ),9,MEDIUM PASSENGER VEHICLE,3,1,1,0,2,1,0,1,2,1,0,1,13
2019,Odisha,ROURKELA RTO - OR14( 25-DEC-2017 ),10,OTHER THAN MENTIONED ABOVE,5,3,6,0,3,2,2,1,1,3,2,3,31
2019,Odisha,ROURKELA RTO - OR14( 25-DEC-2017 ),11,THREE WHEELER(T),90,89,101,79,86,97,89,65,95,137,125,102,"1,155"
2019,Odisha,ROURKELA RTO - OR14( 25-DEC-2017 ),12,TWO WHEELER(NT),"1,772","2,034","1,963","1,840","1,762","1,634","1,639","1,238","2,022","2,244","2,312","2,868","23,328"
2019,Odisha,SAMBALPUR RTO - OR15( 04-DEC-2017 ),1,HEAVY GOODS VEHICLE,11,34,76,58,51,65,40,45,29,29,48,52,538
2019,Odisha,SAMBALPUR RTO - OR15( 04-DEC-2017 ),2,HEAVY MOTOR VEHICLE,0,0,2,1,0,1,3,2,0,1,0,0,10
2019,Odisha,SAMBALPUR RTO - OR15( 04-DEC-2017 ),3,HEAVY PASSENGER VEHICLE,0,0,0,0,0,1,1,1,0,0,1,1,5
2019,Odisha,SAMBALPUR RTO - OR15( 04-DEC-2017 ),4,LIGHT GOODS VEHICLE,4,24,264,157,94,133,148,103,123,152,181,143,"1,526"
2019,Odisha,SAMBALPUR RTO - OR15( 04-DEC-2017 ),5,LIGHT MOTOR VEHICLE,26,117,499,181,160,175,153,128,152,264,201,181,"2,237"
2019,Odisha,SAMBALPUR RTO - OR15( 04-DEC-2017 ),6,LIGHT PASSENGER VEHICLE,2,6,64,40,18,20,18,15,16,21,36,28,284
2019,Odisha,SAMBALPUR RTO - OR15( 04-DEC-2017 ),7,MEDIUM GOODS VEHICLE,0,0,4,9,7,3,3,5,4,0,0,2,37
2019,Odisha,SAMBALPUR RTO - OR15( 04-DEC-2017 ),8,MEDIUM MOTOR VEHICLE,0,2,12,7,2,9,0,1,3,3,5,5,49
2019,Odisha,SAMBALPUR RTO - OR15( 04-DEC-2017 ),9,MEDIUM PASSENGER VEHICLE,2,3,4,4,5,2,2,3,3,3,1,1,33
2019,Odisha,SAMBALPUR RTO - OR15( 04-DEC-2017 ),10,OTHER THAN MENTIONED ABOVE,0,4,22,4,3,3,2,3,0,2,3,7,53
2019,Odisha,SAMBALPUR RTO - OR15( 04-DEC-2017 ),11,THREE WHEELER(T),4,9,136,48,34,45,32,41,68,56,55,49,577
2019,Odisha,SAMBALPUR RTO - OR15( 04-DEC-2017 ),12,TWO WHEELER(NT),82,"2,349","4,679","1,973","1,796","2,113","1,679","1,538","1,801","2,288","2,411","1,085","23,794"
2019,Odisha,SONEPUR RTO - OR31( 08-NOV-2017 ),1,HEAVY GOODS VEHICLE,3,1,1,1,1,1,2,1,0,5,4,4,24
2019,Odisha,SONEPUR RTO - OR31( 08-NOV-2017 ),2,HEAVY MOTOR VEHICLE,0,0,0,0,1,1,1,0,0,0,0,0,3
2019,Odisha,SONEPUR RTO - OR31( 08-NOV-2017 ),3,LIGHT GOODS VEHICLE,79,104,86,40,74,34,63,59,63,94,121,47,864
2019,Odisha,SONEPUR RTO - OR31( 08-NOV-2017 ),4,LIGHT MOTOR VEHICLE,19,27,42,24,26,41,61,27,30,52,32,25,406
2019,Odisha,SONEPUR RTO - OR31( 08-NOV-2017 ),5,LIGHT PASSENGER VEHICLE,7,9,4,6,6,3,7,6,1,10,3,4,66
2019,Odisha,SONEPUR RTO - OR31( 08-NOV-2017 ),6,MEDIUM GOODS VEHICLE,2,1,4,0,2,0,1,0,2,1,1,1,15
2019,Odisha,SONEPUR RTO - OR31( 08-NOV-2017 ),7,MEDIUM MOTOR VEHICLE,0,0,0,1,0,0,0,0,0,2,2,0,5
2019,Odisha,SONEPUR RTO - OR31( 08-NOV-2017 ),8,MEDIUM PASSENGER VEHICLE,0,0,0,0,0,0,0,0,0,0,1,0,1
2019,Odisha,SONEPUR RTO - OR31( 08-NOV-2017 ),9,OTHER THAN MENTIONED ABOVE,1,0,6,1,0,0,0,1,0,2,0,0,11
2019,Odisha,SONEPUR RTO - OR31( 08-NOV-2017 ),10,THREE WHEELER(T),11,11,17,15,7,4,7,8,5,12,18,13,128
2019,Odisha,SONEPUR RTO - OR31( 08-NOV-2017 ),11,TWO WHEELER(NT),769,"1,157","1,924","1,002","1,811",964,"1,086",503,519,"1,048",550,615,"11,948"
2019,Odisha,SUNDERGARH RTO - OR16( 08-NOV-2017 ),1,HEAVY GOODS VEHICLE,122,128,175,102,135,120,101,95,61,48,29,34,"1,150"
2019,Odisha,SUNDERGARH RTO - OR16( 08-NOV-2017 ),2,HEAVY MOTOR VEHICLE,0,3,0,1,1,0,0,0,2,11,23,1,42
2019,Odisha,SUNDERGARH RTO - OR16( 08-NOV-2017 ),3,HEAVY PASSENGER VEHICLE,0,0,0,0,0,0,0,0,1,1,1,1,4
2019,Odisha,SUNDERGARH RTO - OR16( 08-NOV-2017 ),4,LIGHT GOODS VEHICLE,53,73,70,53,72,66,80,61,34,98,83,82,825
2019,Odisha,SUNDERGARH RTO - OR16( 08-NOV-2017 ),5,LIGHT MOTOR VEHICLE,70,56,81,48,59,46,61,46,52,54,98,64,735
2019,Odisha,SUNDERGARH RTO - OR16( 08-NOV-2017 ),6,LIGHT PASSENGER VEHICLE,9,14,13,9,20,9,15,12,10,8,14,12,145
2019,Odisha,SUNDERGARH RTO - OR16( 08-NOV-2017 ),7,MEDIUM GOODS VEHICLE,4,4,5,3,5,2,5,0,0,2,1,1,32
2019,Odisha,SUNDERGARH RTO - OR16( 08-NOV-2017 ),8,MEDIUM MOTOR VEHICLE,0,6,1,0,2,0,2,0,0,1,0,1,13
2019,Odisha,SUNDERGARH RTO - OR16( 08-NOV-2017 ),9,MEDIUM PASSENGER VEHICLE,1,0,2,2,0,0,2,4,0,0,0,2,13
2019,Odisha,SUNDERGARH RTO - OR16( 08-NOV-2017 ),10,OTHER THAN MENTIONED ABOVE,0,0,0,0,1,0,1,0,0,0,0,0,2
2019,Odisha,SUNDERGARH RTO - OR16( 08-NOV-2017 ),11,THREE WHEELER(T),8,10,25,13,14,20,17,15,16,11,31,27,207
2019,Odisha,SUNDERGARH RTO - OR16( 08-NOV-2017 ),12,TWO WHEELER(NT),859,708,751,"1,148","1,053",471,"1,104",893,695,885,"1,192",910,"10,669"
2019,Odisha,TALCHER RTO - OR35( 25-DEC-2017 ),1,HEAVY GOODS VEHICLE,152,109,122,123,111,83,109,134,129,130,94,83,"1,379"
2019,Odisha,TALCHER RTO - OR35( 25-DEC-2017 ),2,HEAVY MOTOR VEHICLE,4,14,1,0,0,0,0,0,0,5,20,10,54
2019,Odisha,TALCHER RTO - OR35( 25-DEC-2017 ),3,HEAVY PASSENGER VEHICLE,1,0,0,1,0,0,0,0,0,0,0,0,2
2019,Odisha,TALCHER RTO - OR35( 25-DEC-2017 ),4,LIGHT GOODS VEHICLE,18,20,26,14,25,13,15,14,22,20,38,24,249
2019,Odisha,TALCHER RTO - OR35( 25-DEC-2017 ),5,LIGHT MOTOR VEHICLE,27,19,29,26,25,15,23,20,12,25,28,13,262
2019,Odisha,TALCHER RTO - OR35( 25-DEC-2017 ),6,LIGHT PASSENGER VEHICLE,9,5,16,2,13,9,9,10,5,5,13,7,103
2019,Odisha,TALCHER RTO - OR35( 25-DEC-2017 ),7,MEDIUM GOODS VEHICLE,4,1,2,1,1,3,1,4,1,5,2,9,34
2019,Odisha,TALCHER RTO - OR35( 25-DEC-2017 ),8,MEDIUM MOTOR VEHICLE,0,2,0,0,0,2,1,0,4,0,2,1,12
2019,Odisha,TALCHER RTO - OR35( 25-DEC-2017 ),9,MEDIUM PASSENGER VEHICLE,3,0,0,0,2,0,0,2,0,0,0,2,9
2019,Odisha,TALCHER RTO - OR35( 25-DEC-2017 ),10,OTHER THAN MENTIONED ABOVE,0,0,3,0,0,4,0,2,0,0,0,1,10
2019,Odisha,TALCHER RTO - OR35( 25-DEC-2017 ),11,THREE WHEELER(T),2,2,4,2,1,0,3,8,9,15,18,7,71
2019,Odisha,TALCHER RTO - OR35( 25-DEC-2017 ),12,TWO WHEELER(NT),673,609,847,695,669,547,618,560,687,"1,585",556,457,"8,503"
2018,Odisha,ANGUL RTO - OR19( 25-DEC-2017 ),1,HEAVY GOODS VEHICLE,152,109,122,123,111,83,109,134,129,130,94,83,"1,379"
2018,Odisha,ANGUL RTO - OR19( 25-DEC-2017 ),2,HEAVY MOTOR VEHICLE,4,14,1,0,0,0,0,0,0,5,20,10,54
2018,Odisha,ANGUL RTO - OR19( 25-DEC-2017 ),3,HEAVY PASSENGER VEHICLE,1,0,0,1,0,0,0,0,0,0,0,0,2
2018,Odisha,ANGUL RTO - OR19( 25-DEC-2017 ),4,LIGHT GOODS VEHICLE,18,20,26,14,25,13,15,14,22,20,38,24,249
2018,Odisha,ANGUL RTO - OR19( 25-DEC-2017 ),5,LIGHT MOTOR VEHICLE,27,19,29,26,25,15,23,20,12,25,28,13,262
2018,Odisha,ANGUL RTO - OR19( 25-DEC-2017 ),6,LIGHT PASSENGER VEHICLE,9,5,16,2,13,9,9,10,5,5,13,7,103
2018,Odisha,ANGUL RTO - OR19( 25-DEC-2017 ),7,MEDIUM GOODS VEHICLE,4,1,2,1,1,3,1,4,1,5,2,9,34
2018,Odisha,ANGUL RTO - OR19( 25-DEC-2017 ),8,MEDIUM MOTOR VEHICLE,0,2,0,0,0,2,1,0,4,0,2,1,12
2018,Odisha,ANGUL RTO - OR19( 25-DEC-2017 ),9,MEDIUM PASSENGER VEHICLE,3,0,0,0,2,0,0,2,0,0,0,2,9
2018,Odisha,ANGUL RTO - OR19( 25-DEC-2017 ),10,OTHER THAN MENTIONED ABOVE,0,0,3,0,0,4,0,2,0,0,0,1,10
2018,Odisha,ANGUL RTO - OR19( 25-DEC-2017 ),11,THREE WHEELER(T),2,2,4,2,1,0,3,8,9,15,18,7,71
2018,Odisha,ANGUL RTO - OR19( 25-DEC-2017 ),12,TWO WHEELER(NT),673,609,847,695,669,547,618,560,687,"1,585",556,457,"8,503"
2018,Odisha,ARTO BARBIL - OR901( 04-DEC-2017 ),1,HEAVY GOODS VEHICLE,76,135,120,138,137,132,113,138,161,172,94,151,"1,567"
2018,Odisha,ARTO BARBIL - OR901( 04-DEC-2017 ),2,HEAVY MOTOR VEHICLE,0,0,1,0,0,0,0,0,1,0,0,0,2
2018,Odisha,ARTO BARBIL - OR901( 04-DEC-2017 ),3,LIGHT GOODS VEHICLE,8,6,28,10,19,18,13,15,15,13,11,9,165
2018,Odisha,ARTO BARBIL - OR901( 04-DEC-2017 ),4,LIGHT MOTOR VEHICLE,18,16,11,12,18,17,17,16,11,13,15,10,174
2018,Odisha,ARTO BARBIL - OR901( 04-DEC-2017 ),5,LIGHT PASSENGER VEHICLE,8,3,13,9,9,9,7,7,8,6,13,10,102
2018,Odisha,ARTO BARBIL - OR901( 04-DEC-2017 ),6,MEDIUM GOODS VEHICLE,1,5,3,0,3,3,1,2,5,2,1,4,30
2018,Odisha,ARTO BARBIL - OR901( 04-DEC-2017 ),7,MEDIUM MOTOR VEHICLE,0,0,0,0,0,0,1,0,1,3,1,0,6
2018,Odisha,ARTO BARBIL - OR901( 04-DEC-2017 ),8,MEDIUM PASSENGER VEHICLE,0,0,0,0,0,0,1,1,0,0,0,0,2
2018,Odisha,ARTO BARBIL - OR901( 04-DEC-2017 ),9,OTHER THAN MENTIONED ABOVE,0,0,0,0,0,0,0,0,0,0,0,2,2
2018,Odisha,ARTO BARBIL - OR901( 04-DEC-2017 ),10,THREE WHEELER(T),5,1,7,1,4,4,3,6,2,7,5,8,53
2018,Odisha,ARTO BARBIL - OR901( 04-DEC-2017 ),11,TWO WHEELER(NT),111,289,300,403,376,279,413,365,302,393,441,400,"4,072"
2018,Odisha,BALASORE RTO - OR1( 07-NOV-2017 ),1,HEAVY GOODS VEHICLE,50,35,45,45,33,37,26,22,28,25,31,26,403
2018,Odisha,BALASORE RTO - OR1( 07-NOV-2017 ),2,HEAVY MOTOR VEHICLE,0,0,0,0,0,0,0,2,0,0,0,1,3
2018,Odisha,BALASORE RTO - OR1( 07-NOV-2017 ),3,HEAVY PASSENGER VEHICLE,1,1,1,3,1,1,1,0,1,1,4,0,15
2018,Odisha,BALASORE RTO - OR1( 07-NOV-2017 ),4,LIGHT GOODS VEHICLE,154,142,216,228,146,127,105,98,103,127,151,138,"1,735"
2018,Odisha,BALASORE RTO - OR1( 07-NOV-2017 ),5,LIGHT MOTOR VEHICLE,291,207,202,251,243,206,249,242,214,339,295,209,"2,948"
2018,Odisha,BALASORE RTO - OR1( 07-NOV-2017 ),6,LIGHT PASSENGER VEHICLE,33,24,19,24,15,21,19,20,19,30,44,41,309
2018,Odisha,BALASORE RTO - OR1( 07-NOV-2017 ),7,MEDIUM GOODS VEHICLE,5,13,16,12,7,4,8,4,9,10,9,3,100
2018,Odisha,BALASORE RTO - OR1( 07-NOV-2017 ),8,MEDIUM MOTOR VEHICLE,0,0,1,0,1,0,1,0,0,0,1,0,4
2018,Odisha,BALASORE RTO - OR1( 07-NOV-2017 ),9,MEDIUM PASSENGER VEHICLE,6,2,1,0,0,2,1,0,0,0,0,0,12
2018,Odisha,BALASORE RTO - OR1( 07-NOV-2017 ),10,OTHER THAN MENTIONED ABOVE,0,0,0,0,0,0,0,0,1,4,5,4,14
2018,Odisha,BALASORE RTO - OR1( 07-NOV-2017 ),11,THREE WHEELER(NT),0,0,0,1,0,0,0,0,0,0,0,1,2
2018,Odisha,BALASORE RTO - OR1( 07-NOV-2017 ),12,THREE WHEELER(T),74,47,75,71,58,70,58,55,45,105,112,46,816
2018,Odisha,BALASORE RTO - OR1( 07-NOV-2017 ),13,TWO WHEELER(NT),"5,504","3,482","3,956","5,215","4,556","3,781","3,486","2,872","2,309","4,586","5,532","2,779","48,058"
2018,Odisha,BARGARH RTO - OR17( 04-DEC-2017 ),1,HEAVY GOODS VEHICLE,19,29,17,22,72,22,15,6,8,8,38,10,266
2018,Odisha,BARGARH RTO - OR17( 04-DEC-2017 ),2,HEAVY MOTOR VEHICLE,0,0,0,0,0,0,0,1,0,0,0,0,1
2018,Odisha,BARGARH RTO - OR17( 04-DEC-2017 ),3,HEAVY PASSENGER VEHICLE,2,0,1,0,0,0,1,1,0,0,0,0,5
2018,Odisha,BARGARH RTO - OR17( 04-DEC-2017 ),4,LIGHT GOODS VEHICLE,112,110,99,104,101,94,149,85,84,120,147,115,"1,320"
2018,Odisha,BARGARH RTO - OR17( 04-DEC-2017 ),5,LIGHT MOTOR VEHICLE,134,180,173,168,143,126,148,168,142,170,215,177,"1,944"
2018,Odisha,BARGARH RTO - OR17( 04-DEC-2017 ),6,LIGHT PASSENGER VEHICLE,18,21,12,6,13,3,14,14,13,15,18,14,161
2018,Odisha,BARGARH RTO - OR17( 04-DEC-2017 ),7,MEDIUM GOODS VEHICLE,3,6,0,3,5,4,6,4,1,4,5,9,50
2018,Odisha,BARGARH RTO - OR17( 04-DEC-2017 ),8,MEDIUM MOTOR VEHICLE,0,0,0,0,0,0,0,0,4,0,0,0,4
2018,Odisha,BARGARH RTO - OR17( 04-DEC-2017 ),9,MEDIUM PASSENGER VEHICLE,2,0,0,2,1,2,1,0,0,1,0,1,10
2018,Odisha,BARGARH RTO - OR17( 04-DEC-2017 ),10,OTHER THAN MENTIONED ABOVE,1,0,1,0,0,0,0,0,0,4,1,4,11
2018,Odisha,BARGARH RTO - OR17( 04-DEC-2017 ),11,THREE WHEELER(T),34,25,35,18,44,32,26,21,26,38,38,43,380
2018,Odisha,BARGARH RTO - OR17( 04-DEC-2017 ),12,TWO WHEELER(NT),"1,750","2,514","2,955","2,741","2,731","2,134","2,292","1,605","1,812","2,887","2,479","1,750","27,650"
2018,Odisha,BHADRAK RTO - OR22( 04-DEC-2017 ),1,HEAVY GOODS VEHICLE,9,8,20,15,8,13,7,4,5,14,21,12,136
2018,Odisha,BHADRAK RTO - OR22( 04-DEC-2017 ),2,HEAVY MOTOR VEHICLE,0,0,0,2,0,0,0,0,0,0,0,0,2
2018,Odisha,BHADRAK RTO - OR22( 04-DEC-2017 ),3,HEAVY PASSENGER VEHICLE,2,0,1,0,1,0,1,0,0,2,0,0,7
2018,Odisha,BHADRAK RTO - OR22( 04-DEC-2017 ),4,LIGHT GOODS VEHICLE,131,179,144,177,155,132,128,80,83,81,118,166,"1,574"
2018,Odisha,BHADRAK RTO - OR22( 04-DEC-2017 ),5,LIGHT MOTOR VEHICLE,43,35,36,58,31,32,40,31,32,47,51,43,479
2018,Odisha,BHADRAK RTO - OR22( 04-DEC-2017 ),6,LIGHT PASSENGER VEHICLE,21,14,15,12,10,16,18,6,5,18,13,17,165
2018,Odisha,BHADRAK RTO - OR22( 04-DEC-2017 ),7,MEDIUM GOODS VEHICLE,8,4,2,3,4,0,3,1,1,3,2,3,34
2018,Odisha,BHADRAK RTO - OR22( 04-DEC-2017 ),8,MEDIUM MOTOR VEHICLE,0,1,0,0,0,0,0,0,0,0,1,0,2
2018,Odisha,BHADRAK RTO - OR22( 04-DEC-2017 ),9,MEDIUM PASSENGER VEHICLE,1,1,0,1,1,0,0,1,1,4,0,1,11
2018,Odisha,BHADRAK RTO - OR22( 04-DEC-2017 ),10,OTHER THAN MENTIONED ABOVE,0,0,0,0,1,0,0,0,0,0,0,0,1
2018,Odisha,BHADRAK RTO - OR22( 04-DEC-2017 ),11,THREE WHEELER(T),66,73,67,76,66,58,58,37,52,67,82,60,762
2018,Odisha,BHADRAK RTO - OR22( 04-DEC-2017 ),12,TWO WHEELER(NT),795,"1,766","2,071","3,310","3,125","2,024","2,821","2,315",986,"2,161","2,656","1,943","25,973"
2018,Odisha,BHANJANAGAR RTO - OR32( 04-DEC-2017 ),1,HEAVY GOODS VEHICLE,3,2,6,6,6,3,2,3,3,4,1,2,41
2018,Odisha,BHANJANAGAR RTO - OR32( 04-DEC-2017 ),2,HEAVY MOTOR VEHICLE,0,0,0,0,0,1,0,0,0,0,0,0,1
2018,Odisha,BHANJANAGAR RTO - OR32( 04-DEC-2017 ),3,HEAVY PASSENGER VEHICLE,0,0,0,0,1,0,1,0,0,0,0,1,3
2018,Odisha,BHANJANAGAR RTO - OR32( 04-DEC-2017 ),4,LIGHT GOODS VEHICLE,14,70,53,57,30,44,41,54,27,58,38,27,513
2018,Odisha,BHANJANAGAR RTO - OR32( 04-DEC-2017 ),5,LIGHT MOTOR VEHICLE,15,9,10,16,5,12,13,7,11,15,11,15,139
2018,Odisha,BHANJANAGAR RTO - OR32( 04-DEC-2017 ),6,LIGHT PASSENGER VEHICLE,6,5,6,6,3,4,3,3,2,10,7,2,57
2018,Odisha,BHANJANAGAR RTO - OR32( 04-DEC-2017 ),7,MEDIUM GOODS VEHICLE,0,1,2,7,1,0,1,2,0,0,5,2,21
2018,Odisha,BHANJANAGAR RTO - OR32( 04-DEC-2017 ),8,MEDIUM PASSENGER VEHICLE,0,0,1,0,0,0,0,0,0,0,0,0,1
2018,Odisha,BHANJANAGAR RTO - OR32( 04-DEC-2017 ),9,THREE WHEELER(T),22,14,26,29,24,24,19,17,25,27,33,22,282
2018,Odisha,BHANJANAGAR RTO - OR32( 04-DEC-2017 ),10,TWO WHEELER(NT),755,571,937,"1,294","1,103","1,233",598,775,781,595,"1,226",767,"10,635"
2018,Odisha,BHANJANAGAR RTO - OR32( 04-DEC-2017 ),11,TWO WHEELER(T),0,0,0,0,0,0,0,0,0,0,1,0,1
2018,Odisha,BHUBANESWAR-II RTO - OR33( 23-OCT-2017 ),1,HEAVY GOODS VEHICLE,12,11,22,16,33,19,62,8,16,10,30,11,250
2018,Odisha,BHUBANESWAR-II RTO - OR33( 23-OCT-2017 ),2,HEAVY PASSENGER VEHICLE,0,1,3,1,0,0,1,0,3,2,54,48,113
2018,Odisha,BHUBANESWAR-II RTO - OR33( 23-OCT-2017 ),3,LIGHT GOODS VEHICLE,69,55,54,65,37,39,42,53,45,49,64,51,623
2018,Odisha,BHUBANESWAR-II RTO - OR33( 23-OCT-2017 ),4,LIGHT MOTOR VEHICLE,499,424,468,485,360,377,376,368,339,542,521,470,"5,229"
2018,Odisha,BHUBANESWAR-II RTO - OR33( 23-OCT-2017 ),5,LIGHT PASSENGER VEHICLE,55,37,56,30,42,28,30,35,30,40,44,34,461
2018,Odisha,BHUBANESWAR-II RTO - OR33( 23-OCT-2017 ),6,MEDIUM GOODS VEHICLE,1,2,1,4,3,2,2,4,4,3,1,7,34
2018,Odisha,BHUBANESWAR-II RTO - OR33( 23-OCT-2017 ),7,MEDIUM MOTOR VEHICLE,2,0,0,0,1,1,0,0,0,0,0,0,4
2018,Odisha,BHUBANESWAR-II RTO - OR33( 23-OCT-2017 ),8,MEDIUM PASSENGER VEHICLE,0,0,4,2,0,0,1,2,1,99,1,0,110
2018,Odisha,BHUBANESWAR-II RTO - OR33( 23-OCT-2017 ),9,OTHER THAN MENTIONED ABOVE,0,1,0,1,0,2,0,0,0,4,5,2,15
2018,Odisha,BHUBANESWAR-II RTO - OR33( 23-OCT-2017 ),10,THREE WHEELER(T),161,153,167,205,144,141,177,194,195,246,262,202,"2,247"
2018,Odisha,BHUBANESWAR-II RTO - OR33( 23-OCT-2017 ),11,TWO WHEELER (INVALID CARRIAGE),0,0,0,0,0,0,0,0,0,1,0,0,1
2018,Odisha,BHUBANESWAR-II RTO - OR33( 23-OCT-2017 ),12,TWO WHEELER(NT),"2,800","3,314","3,581","4,130","3,095","2,867","2,927","2,645","2,518","3,032","4,781","2,406","38,096"
2018,Odisha,BHUBANESWAR-II RTO - OR33( 23-OCT-2017 ),13,TWO WHEELER(T),2,0,2,1,1,0,2,1,0,1,1,1,12
2018,Odisha,BHUBANESWAR RTO - OR2( 22-JAN-2018 ),1,FOUR WHEELER (INVALID CARRIAGE),0,0,0,0,1,0,0,0,0,0,0,0,1
2018,Odisha,BHUBANESWAR RTO - OR2( 22-JAN-2018 ),2,HEAVY GOODS VEHICLE,24,80,23,34,27,22,20,71,45,34,51,66,497
2018,Odisha,BHUBANESWAR RTO - OR2( 22-JAN-2018 ),3,HEAVY MOTOR VEHICLE,0,0,0,1,5,2,1,1,4,0,2,1,17
2018,Odisha,BHUBANESWAR RTO - OR2( 22-JAN-2018 ),4,HEAVY PASSENGER VEHICLE,3,4,6,2,3,4,2,2,4,1,13,13,57
2018,Odisha,BHUBANESWAR RTO - OR2( 22-JAN-2018 ),5,LIGHT GOODS VEHICLE,115,122,147,207,169,181,137,158,145,202,181,150,"1,914"
2018,Odisha,BHUBANESWAR RTO - OR2( 22-JAN-2018 ),6,LIGHT MOTOR VEHICLE,"2,021","1,295","1,560","1,904","1,545","1,585","1,430","1,632","1,315","2,098","1,789","1,666","19,840"
2018,Odisha,BHUBANESWAR RTO - OR2( 22-JAN-2018 ),7,LIGHT PASSENGER VEHICLE,139,127,129,128,86,121,102,108,136,146,126,112,"1,460"
2018,Odisha,BHUBANESWAR RTO - OR2( 22-JAN-2018 ),8,MEDIUM GOODS VEHICLE,12,17,17,17,14,11,12,8,12,10,15,10,155
2018,Odisha,BHUBANESWAR RTO - OR2( 22-JAN-2018 ),9,MEDIUM MOTOR VEHICLE,2,4,2,2,1,3,0,1,11,11,2,16,55
2018,Odisha,BHUBANESWAR RTO - OR2( 22-JAN-2018 ),10,MEDIUM PASSENGER VEHICLE,5,0,1,3,6,5,3,3,6,2,3,2,39
2018,Odisha,BHUBANESWAR RTO - OR2( 22-JAN-2018 ),11,OTHER THAN MENTIONED ABOVE,4,3,4,1,0,0,0,1,0,2,2,1,18
2018,Odisha,BHUBANESWAR RTO - OR2( 22-JAN-2018 ),12,THREE WHEELER(NT),0,0,1,0,0,0,0,0,0,0,0,0,1
2018,Odisha,BHUBANESWAR RTO - OR2( 22-JAN-2018 ),13,THREE WHEELER(T),93,51,110,155,109,118,116,120,99,109,107,92,"1,279"
2018,Odisha,BHUBANESWAR RTO - OR2( 22-JAN-2018 ),14,TWO WHEELER (INVALID CARRIAGE),0,0,0,0,0,1,0,0,0,0,0,0,1
2018,Odisha,BHUBANESWAR RTO - OR2( 22-JAN-2018 ),15,TWO WHEELER(NT),"3,747","4,256","5,413","6,021","4,913","4,929","4,443","4,411","4,132","6,124","6,039","3,494","57,922"
2018,Odisha,BHUBANESWAR RTO - OR2( 22-JAN-2018 ),16,TWO WHEELER(T),4,2,1,3,0,1,1,0,0,4,3,2,21
2018,Odisha,BOLANGIR RTO - OR3( 25-DEC-2017 ),1,HEAVY GOODS VEHICLE,2,6,5,9,4,6,5,3,5,6,3,3,57
2018,Odisha,BOLANGIR RTO - OR3( 25-DEC-2017 ),2,HEAVY MOTOR VEHICLE,0,0,0,0,0,1,0,0,1,0,1,0,3
2018,Odisha,BOLANGIR RTO - OR3( 25-DEC-2017 ),3,HEAVY PASSENGER VEHICLE,0,0,2,0,1,0,0,0,1,1,5,0,10
2018,Odisha,BOLANGIR RTO - OR3( 25-DEC-2017 ),4,LIGHT GOODS VEHICLE,25,178,220,148,27,165,133,111,80,148,181,219,"1,635"
2018,Odisha,BOLANGIR RTO - OR3( 25-DEC-2017 ),5,LIGHT MOTOR VEHICLE,46,157,131,88,64,135,107,102,98,106,150,152,"1,336"
2018,Odisha,BOLANGIR RTO - OR3( 25-DEC-2017 ),6,LIGHT PASSENGER VEHICLE,9,24,20,17,9,17,13,12,7,18,11,9,166
2018,Odisha,BOLANGIR RTO - OR3( 25-DEC-2017 ),7,MEDIUM GOODS VEHICLE,10,8,4,12,1,6,9,5,0,4,4,2,65
2018,Odisha,BOLANGIR RTO - OR3( 25-DEC-2017 ),8,MEDIUM MOTOR VEHICLE,0,0,0,0,0,1,0,6,4,1,0,2,14
2018,Odisha,BOLANGIR RTO - OR3( 25-DEC-2017 ),9,MEDIUM PASSENGER VEHICLE,0,1,2,0,0,4,1,0,1,0,2,1,12
2018,Odisha,BOLANGIR RTO - OR3( 25-DEC-2017 ),10,OTHER THAN MENTIONED ABOVE,2,1,1,0,1,0,0,0,1,1,3,2,12
2018,Odisha,BOLANGIR RTO - OR3( 25-DEC-2017 ),11,THREE WHEELER(T),3,72,58,55,8,50,79,37,22,38,41,55,518
2018,Odisha,BOLANGIR RTO - OR3( 25-DEC-2017 ),12,TWO WHEELER(NT),424,"2,283","3,524","2,995",290,"4,483","2,485","1,541","1,192","1,589","2,475","2,123","25,404"
2018,Odisha,BOUDH RTO - OR27( 23-OCT-2017 ),1,HEAVY GOODS VEHICLE,2,2,0,2,6,0,0,3,2,1,2,2,22
2018,Odisha,BOUDH RTO - OR27( 23-OCT-2017 ),2,LIGHT GOODS VEHICLE,30,27,51,38,25,24,24,10,13,19,24,14,299
2018,Odisha,BOUDH RTO - OR27( 23-OCT-2017 ),3,LIGHT MOTOR VEHICLE,8,15,16,10,8,11,10,11,6,5,10,6,116
2018,Odisha,BOUDH RTO - OR27( 23-OCT-2017 ),4,LIGHT PASSENGER VEHICLE,1,1,7,1,1,1,4,3,3,3,3,2,30
2018,Odisha,BOUDH RTO - OR27( 23-OCT-2017 ),5,MEDIUM GOODS VEHICLE,0,1,2,0,3,0,0,0,1,1,2,3,13
2018,Odisha,BOUDH RTO - OR27( 23-OCT-2017 ),6,MEDIUM MOTOR VEHICLE,0,0,0,0,0,0,0,0,0,2,0,1,3
2018,Odisha,BOUDH RTO - OR27( 23-OCT-2017 ),7,OTHER THAN MENTIONED ABOVE,0,0,0,0,0,0,0,0,0,0,1,0,1
2018,Odisha,BOUDH RTO - OR27( 23-OCT-2017 ),8,THREE WHEELER(T),7,14,29,9,5,12,14,12,5,8,14,18,147
2018,Odisha,BOUDH RTO - OR27( 23-OCT-2017 ),9,TWO WHEELER(NT),575,423,906,412,184,588,519,292,218,277,427,243,"5,064"
2018,Odisha,CHANDIKHOLE RTO - OR4( 23-OCT-2017 ),1,HEAVY GOODS VEHICLE,142,130,188,136,115,121,141,114,120,179,151,101,"1,638"
2018,Odisha,CHANDIKHOLE RTO - OR4( 23-OCT-2017 ),2,HEAVY MOTOR VEHICLE,1,3,3,3,1,0,1,0,2,1,1,1,17
2018,Odisha,CHANDIKHOLE RTO - OR4( 23-OCT-2017 ),3,HEAVY PASSENGER VEHICLE,0,2,0,0,0,0,1,0,1,0,0,1,5
2018,Odisha,CHANDIKHOLE RTO - OR4( 23-OCT-2017 ),4,LIGHT GOODS VEHICLE,93,117,130,83,96,79,62,66,67,86,79,74,"1,032"
2018,Odisha,CHANDIKHOLE RTO - OR4( 23-OCT-2017 ),5,LIGHT MOTOR VEHICLE,56,41,36,41,27,30,33,31,16,38,49,29,427
2018,Odisha,CHANDIKHOLE RTO - OR4( 23-OCT-2017 ),6,LIGHT PASSENGER VEHICLE,11,8,18,8,3,9,12,23,12,13,12,11,140
2018,Odisha,CHANDIKHOLE RTO - OR4( 23-OCT-2017 ),7,MEDIUM GOODS VEHICLE,1,3,2,2,2,0,1,1,2,1,1,2,18
2018,Odisha,CHANDIKHOLE RTO - OR4( 23-OCT-2017 ),8,MEDIUM MOTOR VEHICLE,0,5,3,6,3,1,2,0,1,0,0,0,21
2018,Odisha,CHANDIKHOLE RTO - OR4( 23-OCT-2017 ),9,MEDIUM PASSENGER VEHICLE,2,3,4,3,0,3,2,4,1,5,3,6,36
2018,Odisha,CHANDIKHOLE RTO - OR4( 23-OCT-2017 ),10,OTHER THAN MENTIONED ABOVE,1,4,2,7,3,1,7,9,7,16,13,8,78
2018,Odisha,CHANDIKHOLE RTO - OR4( 23-OCT-2017 ),11,THREE WHEELER(T),34,34,32,33,34,19,23,25,26,33,35,22,350
2018,Odisha,CHANDIKHOLE RTO - OR4( 23-OCT-2017 ),12,TWO WHEELER(NT),927,"1,353","1,068","1,603",834,"1,026","1,122",847,"1,147","1,657","1,224",786,"13,594"
2018,Odisha,CHANDIKHOLE RTO - OR4( 23-OCT-2017 ),13,TWO WHEELER(T),0,0,0,0,0,0,0,1,1,0,0,0,2
2018,Odisha,CUTTACK RTO - OR5( 31-MAY-2017 ),1,HEAVY GOODS VEHICLE,97,81,116,101,90,93,70,98,95,143,97,86,"1,167"
2018,Odisha,CUTTACK RTO - OR5( 31-MAY-2017 ),2,HEAVY MOTOR VEHICLE,1,0,0,0,0,1,1,0,0,1,0,0,4
2018,Odisha,CUTTACK RTO - OR5( 31-MAY-2017 ),3,HEAVY PASSENGER VEHICLE,3,4,9,3,2,3,6,1,0,2,3,5,41
2018,Odisha,CUTTACK RTO - OR5( 31-MAY-2017 ),4,LIGHT GOODS VEHICLE,157,210,252,267,214,206,204,199,149,287,245,242,"2,632"
2018,Odisha,CUTTACK RTO - OR5( 31-MAY-2017 ),5,LIGHT MOTOR VEHICLE,476,330,440,595,410,422,427,428,324,605,556,511,"5,524"
2018,Odisha,CUTTACK RTO - OR5( 31-MAY-2017 ),6,LIGHT PASSENGER VEHICLE,64,38,58,50,36,40,53,46,43,68,52,73,621
2018,Odisha,CUTTACK RTO - OR5( 31-MAY-2017 ),7,MEDIUM GOODS VEHICLE,5,4,3,9,2,4,2,2,3,5,3,3,45
2018,Odisha,CUTTACK RTO - OR5( 31-MAY-2017 ),8,MEDIUM MOTOR VEHICLE,1,0,0,7,6,2,0,8,11,8,12,0,55
2018,Odisha,CUTTACK RTO - OR5( 31-MAY-2017 ),9,MEDIUM PASSENGER VEHICLE,8,7,15,3,0,1,3,5,1,4,10,9,66
2018,Odisha,CUTTACK RTO - OR5( 31-MAY-2017 ),10,OTHER THAN MENTIONED ABOVE,9,4,15,12,22,9,5,11,2,4,5,9,107
2018,Odisha,CUTTACK RTO - OR5( 31-MAY-2017 ),11,THREE WHEELER(T),74,76,73,80,69,84,97,95,61,136,106,81,"1,032"
2018,Odisha,CUTTACK RTO - OR5( 31-MAY-2017 ),12,TWO WHEELER(NT),"4,183","4,084","5,667","6,674","5,389","5,678","4,490","4,271","3,860","8,182","7,313","3,792","63,583"
2018,Odisha,CUTTACK RTO - OR5( 31-MAY-2017 ),13,TWO WHEELER(T),0,0,0,0,1,0,0,0,0,0,0,0,1
2018,Odisha,DEOGARH RTO - OR28( 23-OCT-2017 ),1,HEAVY GOODS VEHICLE,0,0,1,1,5,4,1,4,3,2,2,6,29
2018,Odisha,DEOGARH RTO - OR28( 23-OCT-2017 ),2,LIGHT GOODS VEHICLE,7,15,23,15,15,25,18,18,16,9,7,18,186
2018,Odisha,DEOGARH RTO - OR28( 23-OCT-2017 ),3,LIGHT MOTOR VEHICLE,15,8,9,7,24,18,4,6,9,4,23,21,148
2018,Odisha,DEOGARH RTO - OR28( 23-OCT-2017 ),4,LIGHT PASSENGER VEHICLE,1,7,6,4,8,3,5,7,1,2,3,3,50
2018,Odisha,DEOGARH RTO - OR28( 23-OCT-2017 ),5,MEDIUM GOODS VEHICLE,0,4,6,5,3,0,0,0,0,2,0,1,21
2018,Odisha,DEOGARH RTO - OR28( 23-OCT-2017 ),6,MEDIUM MOTOR VEHICLE,0,0,0,0,1,0,1,1,0,1,0,1,5
2018,Odisha,DEOGARH RTO - OR28( 23-OCT-2017 ),7,MEDIUM PASSENGER VEHICLE,0,1,0,1,1,0,0,0,0,0,0,0,3
2018,Odisha,DEOGARH RTO - OR28( 23-OCT-2017 ),8,OTHER THAN MENTIONED ABOVE,0,1,0,0,0,0,1,1,0,1,0,0,4
2018,Odisha,DEOGARH RTO - OR28( 23-OCT-2017 ),9,THREE WHEELER(T),0,3,3,2,6,6,6,5,1,5,4,5,46
2018,Odisha,DEOGARH RTO - OR28( 23-OCT-2017 ),10,TWO WHEELER(NT),129,125,318,160,250,201,91,150,155,65,299,244,"2,187"
2018,Odisha,DHENKANAL RTO - OR6( 07-NOV-2017 ),1,FOUR WHEELER (INVALID CARRIAGE),1,0,0,0,0,0,0,0,0,0,0,0,1
2018,Odisha,DHENKANAL RTO - OR6( 07-NOV-2017 ),2,HEAVY GOODS VEHICLE,6,9,22,13,1,3,5,4,3,12,13,10,101
2018,Odisha,DHENKANAL RTO - OR6( 07-NOV-2017 ),3,HEAVY MOTOR VEHICLE,0,1,0,0,0,0,0,0,4,0,0,1,6
2018,Odisha,DHENKANAL RTO - OR6( 07-NOV-2017 ),4,LIGHT GOODS VEHICLE,63,43,45,53,36,37,51,60,29,54,37,45,553
2018,Odisha,DHENKANAL RTO - OR6( 07-NOV-2017 ),5,LIGHT MOTOR VEHICLE,32,27,44,44,29,36,20,26,19,53,37,20,387
2018,Odisha,DHENKANAL RTO - OR6( 07-NOV-2017 ),6,LIGHT PASSENGER VEHICLE,2,4,0,7,6,2,2,0,4,2,6,3,38
2018,Odisha,DHENKANAL RTO - OR6( 07-NOV-2017 ),7,MEDIUM GOODS VEHICLE,4,1,2,2,3,1,2,3,2,0,2,3,25
2018,Odisha,DHENKANAL RTO - OR6( 07-NOV-2017 ),8,MEDIUM MOTOR VEHICLE,0,0,1,0,0,0,0,0,1,1,0,1,4
2018,Odisha,DHENKANAL RTO - OR6( 07-NOV-2017 ),9,MEDIUM PASSENGER VEHICLE,2,0,1,2,1,0,0,0,3,0,4,0,13
2018,Odisha,DHENKANAL RTO - OR6( 07-NOV-2017 ),10,OTHER THAN MENTIONED ABOVE,0,0,0,0,0,0,0,0,2,5,2,0,9
2018,Odisha,DHENKANAL RTO - OR6( 07-NOV-2017 ),11,THREE WHEELER(T),33,33,32,21,22,16,18,23,7,35,30,25,295
2018,Odisha,DHENKANAL RTO - OR6( 07-NOV-2017 ),12,TWO WHEELER (INVALID CARRIAGE),0,0,0,0,0,0,0,0,0,1,1,0,2
2018,Odisha,DHENKANAL RTO - OR6( 07-NOV-2017 ),13,TWO WHEELER(NT),"1,013","1,593","1,542","1,398","1,308","1,257","1,108","1,020",964,"1,579","1,638",722,"15,142"
2018,Odisha,GAJAPATI RTO - OR20( 07-NOV-2017 ),1,HEAVY GOODS VEHICLE,1,1,3,1,1,0,0,0,0,0,0,0,7
2018,Odisha,GAJAPATI RTO - OR20( 07-NOV-2017 ),2,LIGHT GOODS VEHICLE,25,26,33,28,23,30,31,25,24,7,21,12,285
2018,Odisha,GAJAPATI RTO - OR20( 07-NOV-2017 ),3,LIGHT MOTOR VEHICLE,16,5,6,13,8,11,10,11,9,7,19,5,120
2018,Odisha,GAJAPATI RTO - OR20( 07-NOV-2017 ),4,LIGHT PASSENGER VEHICLE,1,4,1,3,2,1,1,5,2,2,4,1,27
2018,Odisha,GAJAPATI RTO - OR20( 07-NOV-2017 ),5,MEDIUM GOODS VEHICLE,1,0,1,0,1,0,1,0,0,0,2,1,7
2018,Odisha,GAJAPATI RTO - OR20( 07-NOV-2017 ),6,MEDIUM MOTOR VEHICLE,0,0,0,0,0,0,0,1,0,0,0,0,1
2018,Odisha,GAJAPATI RTO - OR20( 07-NOV-2017 ),7,OTHER THAN MENTIONED ABOVE,1,0,0,0,0,0,0,0,0,1,1,1,4
2018,Odisha,GAJAPATI RTO - OR20( 07-NOV-2017 ),8,THREE WHEELER(T),10,7,9,5,5,4,3,3,4,4,4,3,61
2018,Odisha,GAJAPATI RTO - OR20( 07-NOV-2017 ),9,TWO WHEELER (INVALID CARRIAGE),0,0,0,0,0,0,0,0,0,0,1,0,1
2018,Odisha,GAJAPATI RTO - OR20( 07-NOV-2017 ),10,TWO WHEELER(NT),218,271,253,498,388,282,296,251,191,199,280,279,"3,406"
2018,Odisha,GANJAM RTO - OR7( 04-DEC-2017 ),1,HEAVY GOODS VEHICLE,57,47,33,39,42,19,26,29,27,26,22,21,388
2018,Odisha,GANJAM RTO - OR7( 04-DEC-2017 ),2,HEAVY MOTOR VEHICLE,0,1,0,0,0,0,1,0,1,0,0,0,3
2018,Odisha,GANJAM RTO - OR7( 04-DEC-2017 ),3,HEAVY PASSENGER VEHICLE,0,0,2,0,0,1,2,1,3,0,1,1,11
2018,Odisha,GANJAM RTO - OR7( 04-DEC-2017 ),4,LIGHT GOODS VEHICLE,150,159,193,176,125,157,96,128,142,102,141,126,"1,695"
2018,Odisha,GANJAM RTO - OR7( 04-DEC-2017 ),5,LIGHT MOTOR VEHICLE,178,118,125,160,123,117,144,126,138,145,180,146,"1,700"
2018,Odisha,GANJAM RTO - OR7( 04-DEC-2017 ),6,LIGHT PASSENGER VEHICLE,27,24,30,30,22,29,23,24,16,19,25,26,295
2018,Odisha,GANJAM RTO - OR7( 04-DEC-2017 ),7,MEDIUM GOODS VEHICLE,4,9,5,11,5,5,1,3,3,1,0,0,47
2018,Odisha,GANJAM RTO - OR7( 04-DEC-2017 ),8,MEDIUM MOTOR VEHICLE,0,6,0,0,13,1,5,0,6,2,0,5,38
2018,Odisha,GANJAM RTO - OR7( 04-DEC-2017 ),9,MEDIUM PASSENGER VEHICLE,4,2,5,5,3,12,3,1,2,1,1,8,47
2018,Odisha,GANJAM RTO - OR7( 04-DEC-2017 ),10,OTHER THAN MENTIONED ABOVE,0,0,0,0,0,0,0,0,1,2,6,5,14
2018,Odisha,GANJAM RTO - OR7( 04-DEC-2017 ),11,THREE WHEELER(T),114,106,146,91,109,131,122,143,117,143,152,116,"1,490"
2018,Odisha,GANJAM RTO - OR7( 04-DEC-2017 ),12,TWO WHEELER (INVALID CARRIAGE),1,0,12,2,3,3,0,2,3,3,1,7,37
2018,Odisha,GANJAM RTO - OR7( 04-DEC-2017 ),13,TWO WHEELER(NT),"2,143","2,995","3,907","3,555","4,997","4,084","3,064","2,732","2,331","3,154","2,728","3,833","39,523"
2018,Odisha,GANJAM RTO - OR7( 04-DEC-2017 ),14,TWO WHEELER(T),0,0,1,0,0,0,0,0,0,0,0,1,2
2018,Odisha,JAGATSINGHPUR RTO - OR21( 04-DEC-2017 ),1,HEAVY GOODS VEHICLE,25,25,24,24,22,19,14,22,18,27,30,19,269
2018,Odisha,JAGATSINGHPUR RTO - OR21( 04-DEC-2017 ),2,HEAVY MOTOR VEHICLE,0,2,2,0,0,0,0,0,0,0,1,2,7
2018,Odisha,JAGATSINGHPUR RTO - OR21( 04-DEC-2017 ),3,LIGHT GOODS VEHICLE,55,66,56,98,71,60,59,32,50,50,80,70,747
2018,Odisha,JAGATSINGHPUR RTO - OR21( 04-DEC-2017 ),4,LIGHT MOTOR VEHICLE,18,16,20,26,19,18,21,12,13,8,17,9,197
2018,Odisha,JAGATSINGHPUR RTO - OR21( 04-DEC-2017 ),5,LIGHT PASSENGER VEHICLE,7,6,10,9,9,10,10,8,5,11,7,12,104
2018,Odisha,JAGATSINGHPUR RTO - OR21( 04-DEC-2017 ),6,MEDIUM GOODS VEHICLE,2,3,0,3,4,4,1,3,1,1,2,0,24
2018,Odisha,JAGATSINGHPUR RTO - OR21( 04-DEC-2017 ),7,MEDIUM MOTOR VEHICLE,0,0,1,1,0,0,0,0,1,0,1,1,5
2018,Odisha,JAGATSINGHPUR RTO - OR21( 04-DEC-2017 ),8,MEDIUM PASSENGER VEHICLE,0,0,0,0,0,0,0,0,1,0,0,0,1
2018,Odisha,JAGATSINGHPUR RTO - OR21( 04-DEC-2017 ),9,OTHER THAN MENTIONED ABOVE,1,0,1,0,5,0,3,1,0,3,1,2,17
2018,Odisha,JAGATSINGHPUR RTO - OR21( 04-DEC-2017 ),10,THREE WHEELER(T),32,26,27,22,17,23,27,27,17,24,25,26,293
2018,Odisha,JAGATSINGHPUR RTO - OR21( 04-DEC-2017 ),11,TWO WHEELER(NT),"1,317","1,633","1,647","2,308","1,608","1,911","1,407","1,230","1,122","1,924","2,028","1,261","19,396"
2018,Odisha,JAGATSINGHPUR RTO - OR21( 04-DEC-2017 ),12,TWO WHEELER(T),0,0,0,0,0,0,0,0,1,0,1,0,2
2018,Odisha,JAJPUR RTO - OR34( 23-OCT-2017 ),1,HEAVY GOODS VEHICLE,42,40,23,19,13,6,17,23,21,20,22,25,271
2018,Odisha,JAJPUR RTO - OR34( 23-OCT-2017 ),2,HEAVY MOTOR VEHICLE,0,0,0,0,0,0,0,1,0,0,0,0,1
2018,Odisha,JAJPUR RTO - OR34( 23-OCT-2017 ),3,HEAVY PASSENGER VEHICLE,0,0,0,0,0,0,1,0,0,0,0,0,1
2018,Odisha,JAJPUR RTO - OR34( 23-OCT-2017 ),4,LIGHT GOODS VEHICLE,76,27,60,69,46,37,53,59,54,56,53,64,654
2018,Odisha,JAJPUR RTO - OR34( 23-OCT-2017 ),5,LIGHT MOTOR VEHICLE,84,50,70,67,42,73,64,68,51,92,77,55,793
2018,Odisha,JAJPUR RTO - OR34( 23-OCT-2017 ),6,LIGHT PASSENGER VEHICLE,14,6,15,18,9,9,15,16,12,11,13,16,154
2018,Odisha,JAJPUR RTO - OR34( 23-OCT-2017 ),7,MEDIUM GOODS VEHICLE,7,3,4,1,4,1,3,1,0,0,0,0,24
2018,Odisha,JAJPUR RTO - OR34( 23-OCT-2017 ),8,MEDIUM MOTOR VEHICLE,0,0,0,0,0,0,0,1,0,0,0,2,3
2018,Odisha,JAJPUR RTO - OR34( 23-OCT-2017 ),9,MEDIUM PASSENGER VEHICLE,1,0,0,0,0,0,0,0,0,0,0,1,2
2018,Odisha,JAJPUR RTO - OR34( 23-OCT-2017 ),10,OTHER THAN MENTIONED ABOVE,1,1,2,3,1,2,3,0,2,1,2,2,20
2018,Odisha,JAJPUR RTO - OR34( 23-OCT-2017 ),11,THREE WHEELER(T),46,34,33,38,40,30,45,33,42,56,34,47,478
2018,Odisha,JAJPUR RTO - OR34( 23-OCT-2017 ),12,TWO WHEELER(NT),"2,332","1,660","2,537","2,920","2,077","2,234","2,654","1,774","1,512","2,096","1,972","2,551","26,319"
2018,Odisha,JHARSUGUDA RTO - OR23( 07-NOV-2017 ),1,HEAVY GOODS VEHICLE,60,42,51,86,56,58,31,37,37,78,83,114,733
2018,Odisha,JHARSUGUDA RTO - OR23( 07-NOV-2017 ),2,HEAVY MOTOR VEHICLE,1,0,2,10,15,2,3,1,1,0,0,3,38
2018,Odisha,JHARSUGUDA RTO - OR23( 07-NOV-2017 ),3,HEAVY PASSENGER VEHICLE,0,1,1,1,0,0,0,0,0,0,0,0,3
2018,Odisha,JHARSUGUDA RTO - OR23( 07-NOV-2017 ),4,LIGHT GOODS VEHICLE,65,36,61,71,44,45,43,62,29,42,43,49,590
2018,Odisha,JHARSUGUDA RTO - OR23( 07-NOV-2017 ),5,LIGHT MOTOR VEHICLE,111,87,85,125,89,82,74,74,54,111,157,96,"1,145"
2018,Odisha,JHARSUGUDA RTO - OR23( 07-NOV-2017 ),6,LIGHT PASSENGER VEHICLE,10,6,15,13,11,14,12,10,12,21,16,13,153
2018,Odisha,JHARSUGUDA RTO - OR23( 07-NOV-2017 ),7,MEDIUM GOODS VEHICLE,2,2,5,2,5,8,2,4,3,1,6,1,41
2018,Odisha,JHARSUGUDA RTO - OR23( 07-NOV-2017 ),8,MEDIUM MOTOR VEHICLE,1,0,1,0,0,3,0,3,0,2,0,2,12
2018,Odisha,JHARSUGUDA RTO - OR23( 07-NOV-2017 ),9,MEDIUM PASSENGER VEHICLE,0,1,3,1,1,0,5,3,0,0,1,3,18
2018,Odisha,JHARSUGUDA RTO - OR23( 07-NOV-2017 ),10,OTHER THAN MENTIONED ABOVE,5,4,10,5,3,3,3,5,5,3,20,3,69
2018,Odisha,JHARSUGUDA RTO - OR23( 07-NOV-2017 ),11,THREE WHEELER(T),20,6,35,17,12,17,15,18,7,17,13,18,195
2018,Odisha,JHARSUGUDA RTO - OR23( 07-NOV-2017 ),12,TWO WHEELER(NT),"1,301",693,"1,209","1,552",927,942,953,983,531,"1,171","1,487",857,"12,606"
2018,Odisha,KALAHANDI RTO - OR8( 23-OCT-2017 ),1,HEAVY GOODS VEHICLE,11,7,5,4,10,3,3,1,4,7,10,12,77
2018,Odisha,KALAHANDI RTO - OR8( 23-OCT-2017 ),2,HEAVY MOTOR VEHICLE,0,2,0,1,2,0,0,0,0,5,0,0,10
2018,Odisha,KALAHANDI RTO - OR8( 23-OCT-2017 ),3,HEAVY PASSENGER VEHICLE,2,4,0,4,0,0,1,1,0,0,2,0,14
2018,Odisha,KALAHANDI RTO - OR8( 23-OCT-2017 ),4,LIGHT GOODS VEHICLE,171,171,132,136,134,131,116,92,76,79,124,112,"1,474"
2018,Odisha,KALAHANDI RTO - OR8( 23-OCT-2017 ),5,LIGHT MOTOR VEHICLE,67,89,105,62,71,67,59,45,45,66,107,81,864
2018,Odisha,KALAHANDI RTO - OR8( 23-OCT-2017 ),6,LIGHT PASSENGER VEHICLE,16,34,24,30,19,18,11,10,3,13,23,12,213
2018,Odisha,KALAHANDI RTO - OR8( 23-OCT-2017 ),7,MEDIUM GOODS VEHICLE,3,7,4,4,10,4,12,1,3,0,6,4,58
2018,Odisha,KALAHANDI RTO - OR8( 23-OCT-2017 ),8,MEDIUM MOTOR VEHICLE,0,1,2,1,1,2,4,3,0,0,2,3,19
2018,Odisha,KALAHANDI RTO - OR8( 23-OCT-2017 ),9,MEDIUM PASSENGER VEHICLE,1,1,0,0,0,0,0,2,2,0,2,0,8
2018,Odisha,KALAHANDI RTO - OR8( 23-OCT-2017 ),10,OTHER THAN MENTIONED ABOVE,2,1,1,6,2,5,0,3,1,1,1,1,24
2018,Odisha,KALAHANDI RTO - OR8( 23-OCT-2017 ),11,THREE WHEELER(T),17,24,28,39,37,15,24,26,14,29,53,31,337
2018,Odisha,KALAHANDI RTO - OR8( 23-OCT-2017 ),12,TWO WHEELER(NT),"1,009","2,275","3,590","2,046","2,919","2,131","1,271","1,127","1,024",761,"1,365","1,321","20,839"
2018,Odisha,KENDRAPARA RTO - OR29( 23-OCT-2017 ),1,HEAVY GOODS VEHICLE,36,46,50,45,49,24,59,35,50,74,59,55,582
2018,Odisha,KENDRAPARA RTO - OR29( 23-OCT-2017 ),2,HEAVY MOTOR VEHICLE,0,0,0,1,0,0,0,0,2,0,0,1,4
2018,Odisha,KENDRAPARA RTO - OR29( 23-OCT-2017 ),3,HEAVY PASSENGER VEHICLE,0,0,0,0,0,1,0,0,0,0,0,0,1
2018,Odisha,KENDRAPARA RTO - OR29( 23-OCT-2017 ),4,LIGHT GOODS VEHICLE,101,116,123,105,108,76,72,87,64,82,93,116,"1,143"
2018,Odisha,KENDRAPARA RTO - OR29( 23-OCT-2017 ),5,LIGHT MOTOR VEHICLE,20,18,20,12,14,14,8,15,11,18,7,10,167
2018,Odisha,KENDRAPARA RTO - OR29( 23-OCT-2017 ),6,LIGHT PASSENGER VEHICLE,12,8,10,11,11,12,13,12,13,21,12,9,144
2018,Odisha,KENDRAPARA RTO - OR29( 23-OCT-2017 ),7,MEDIUM GOODS VEHICLE,1,4,3,1,3,2,1,2,0,0,2,0,19
2018,Odisha,KENDRAPARA RTO - OR29( 23-OCT-2017 ),8,MEDIUM MOTOR VEHICLE,0,0,0,0,0,0,0,0,0,0,0,1,1
2018,Odisha,KENDRAPARA RTO - OR29( 23-OCT-2017 ),9,MEDIUM PASSENGER VEHICLE,0,1,0,0,0,0,1,1,0,0,0,0,3
2018,Odisha,KENDRAPARA RTO - OR29( 23-OCT-2017 ),10,OTHER THAN MENTIONED ABOVE,0,1,0,0,0,0,0,0,0,0,1,0,2
2018,Odisha,KENDRAPARA RTO - OR29( 23-OCT-2017 ),11,THREE WHEELER(T),43,58,65,54,41,47,43,49,49,52,59,50,610
2018,Odisha,KENDRAPARA RTO - OR29( 23-OCT-2017 ),12,TWO WHEELER(NT),813,644,"1,230","1,420","1,058",838,800,708,654,960,942,723,"10,790"
2018,Odisha,KEONJHAR RTO - OR9( 04-DEC-2017 ),1,HEAVY GOODS VEHICLE,54,78,83,67,58,34,47,67,81,95,73,80,817
2018,Odisha,KEONJHAR RTO - OR9( 04-DEC-2017 ),2,HEAVY MOTOR VEHICLE,0,1,0,0,0,0,0,0,0,0,0,0,1
2018,Odisha,KEONJHAR RTO - OR9( 04-DEC-2017 ),3,LIGHT GOODS VEHICLE,131,152,153,151,134,96,145,114,91,114,118,125,"1,524"
2018,Odisha,KEONJHAR RTO - OR9( 04-DEC-2017 ),4,LIGHT MOTOR VEHICLE,22,35,38,32,32,36,34,33,24,32,43,29,390
2018,Odisha,KEONJHAR RTO - OR9( 04-DEC-2017 ),5,LIGHT PASSENGER VEHICLE,3,24,24,9,33,17,29,28,14,23,16,19,239
2018,Odisha,KEONJHAR RTO - OR9( 04-DEC-2017 ),6,MEDIUM GOODS VEHICLE,2,3,4,7,3,2,5,3,0,3,2,5,39
2018,Odisha,KEONJHAR RTO - OR9( 04-DEC-2017 ),7,MEDIUM MOTOR VEHICLE,0,0,0,0,0,0,0,0,0,0,1,0,1
2018,Odisha,KEONJHAR RTO - OR9( 04-DEC-2017 ),8,MEDIUM PASSENGER VEHICLE,2,3,2,1,2,1,1,1,2,1,2,0,18
2018,Odisha,KEONJHAR RTO - OR9( 04-DEC-2017 ),9,OTHER THAN MENTIONED ABOVE,0,2,0,0,0,0,0,0,0,0,2,1,5
2018,Odisha,KEONJHAR RTO - OR9( 04-DEC-2017 ),10,THREE WHEELER(T),57,74,75,71,81,66,78,74,72,96,89,99,932
2018,Odisha,KEONJHAR RTO - OR9( 04-DEC-2017 ),11,TWO WHEELER(NT),756,"1,029","2,216","1,461",640,"1,825","2,211","1,570",983,981,"1,408","1,623","16,703"
2018,Odisha,KHORDHA ARTO - OR201( 20-JAN-2018 ),1,HEAVY GOODS VEHICLE,20,9,15,37,19,22,13,14,9,10,10,15,193
2018,Odisha,KHORDHA ARTO - OR201( 20-JAN-2018 ),2,HEAVY MOTOR VEHICLE,0,0,0,0,0,0,1,0,0,0,0,0,1
2018,Odisha,KHORDHA ARTO - OR201( 20-JAN-2018 ),3,HEAVY PASSENGER VEHICLE,0,0,0,0,1,0,0,0,0,0,2,2,5
2018,Odisha,KHORDHA ARTO - OR201( 20-JAN-2018 ),4,LIGHT GOODS VEHICLE,34,12,47,32,47,30,42,38,32,40,41,51,446
2018,Odisha,KHORDHA ARTO - OR201( 20-JAN-2018 ),5,LIGHT MOTOR VEHICLE,40,7,13,21,12,19,25,21,23,25,28,29,263
2018,Odisha,KHORDHA ARTO - OR201( 20-JAN-2018 ),6,LIGHT PASSENGER VEHICLE,9,5,6,0,5,9,2,2,5,8,1,4,56
2018,Odisha,KHORDHA ARTO - OR201( 20-JAN-2018 ),7,MEDIUM GOODS VEHICLE,7,2,4,3,6,6,5,4,5,5,5,5,57
2018,Odisha,KHORDHA ARTO - OR201( 20-JAN-2018 ),8,MEDIUM MOTOR VEHICLE,0,0,0,0,0,0,0,0,0,0,0,2,2
2018,Odisha,KHORDHA ARTO - OR201( 20-JAN-2018 ),9,MEDIUM PASSENGER VEHICLE,0,1,1,0,1,0,0,0,0,0,1,0,4
2018,Odisha,KHORDHA ARTO - OR201( 20-JAN-2018 ),10,OTHER THAN MENTIONED ABOVE,0,0,0,0,0,0,0,0,0,0,0,1,1
2018,Odisha,KHORDHA ARTO - OR201( 20-JAN-2018 ),11,THREE WHEELER(T),65,17,81,50,58,53,52,46,34,77,63,39,635
2018,Odisha,KHORDHA ARTO - OR201( 20-JAN-2018 ),12,TWO WHEELER(NT),509,185,507,449,582,362,423,345,386,379,531,350,"5,008"
2018,Odisha,KHORDHA ARTO - OR201( 20-JAN-2018 ),13,TWO WHEELER(T),0,2,0,0,0,0,0,0,0,0,0,0,2
2018,Odisha,KORAPUT RTO - OR10( 25-DEC-2017 ),1,FOUR WHEELER (INVALID CARRIAGE),0,0,0,0,0,0,0,0,0,0,1,0,1
2018,Odisha,KORAPUT RTO - OR10( 25-DEC-2017 ),2,HEAVY GOODS VEHICLE,9,21,12,32,18,38,52,26,26,29,30,16,309
2018,Odisha,KORAPUT RTO - OR10( 25-DEC-2017 ),3,HEAVY MOTOR VEHICLE,0,1,5,1,0,1,0,0,0,1,0,0,9
2018,Odisha,KORAPUT RTO - OR10( 25-DEC-2017 ),4,HEAVY PASSENGER VEHICLE,2,0,4,0,0,7,0,0,0,2,0,0,15
2018,Odisha,KORAPUT RTO - OR10( 25-DEC-2017 ),5,LIGHT GOODS VEHICLE,21,94,87,77,82,94,70,90,51,84,87,42,879
2018,Odisha,KORAPUT RTO - OR10( 25-DEC-2017 ),6,LIGHT MOTOR VEHICLE,81,118,84,125,106,102,105,88,112,167,157,105,"1,350"
2018,Odisha,KORAPUT RTO - OR10( 25-DEC-2017 ),7,LIGHT PASSENGER VEHICLE,7,13,12,18,11,11,15,11,12,24,12,7,153
2018,Odisha,KORAPUT RTO - OR10( 25-DEC-2017 ),8,MEDIUM GOODS VEHICLE,0,2,1,0,1,0,0,0,0,1,1,1,7
2018,Odisha,KORAPUT RTO - OR10( 25-DEC-2017 ),9,MEDIUM MOTOR VEHICLE,0,0,0,2,0,1,0,1,0,2,0,2,8
2018,Odisha,KORAPUT RTO - OR10( 25-DEC-2017 ),10,MEDIUM PASSENGER VEHICLE,0,0,0,0,0,2,1,0,1,2,0,0,6
2018,Odisha,KORAPUT RTO - OR10( 25-DEC-2017 ),11,OTHER THAN MENTIONED ABOVE,0,2,4,0,2,12,1,3,0,9,2,0,35
2018,Odisha,KORAPUT RTO - OR10( 25-DEC-2017 ),12,THREE WHEELER(NT),0,0,1,1,0,0,0,0,0,0,0,0,2
2018,Odisha,KORAPUT RTO - OR10( 25-DEC-2017 ),13,THREE WHEELER(T),15,30,62,66,66,65,69,53,44,43,40,26,579
2018,Odisha,KORAPUT RTO - OR10( 25-DEC-2017 ),14,TWO WHEELER(NT),460,"2,378","1,985","1,855","3,530","1,791","1,942","1,312","1,246","1,494","1,628","2,332","21,953"
2018,Odisha,MALKANAGIRI RTO - OR30( 25-DEC-2017 ),1,HEAVY GOODS VEHICLE,3,3,0,2,5,0,5,1,1,0,4,4,28
2018,Odisha,MALKANAGIRI RTO - OR30( 25-DEC-2017 ),2,HEAVY MOTOR VEHICLE,0,0,0,1,0,0,0,0,0,0,0,0,1
2018,Odisha,MALKANAGIRI RTO - OR30( 25-DEC-2017 ),3,LIGHT GOODS VEHICLE,3,33,67,18,41,25,51,59,38,32,51,50,468
2018,Odisha,MALKANAGIRI RTO - OR30( 25-DEC-2017 ),4,LIGHT MOTOR VEHICLE,5,18,19,10,21,6,11,18,10,21,25,25,189
2018,Odisha,MALKANAGIRI RTO - OR30( 25-DEC-2017 ),5,LIGHT PASSENGER VEHICLE,2,2,3,3,8,5,2,5,2,1,1,2,36
2018,Odisha,MALKANAGIRI RTO - OR30( 25-DEC-2017 ),6,MEDIUM GOODS VEHICLE,1,0,4,0,2,2,3,2,0,0,0,4,18
2018,Odisha,MALKANAGIRI RTO - OR30( 25-DEC-2017 ),7,MEDIUM MOTOR VEHICLE,0,0,0,0,0,0,0,0,0,0,1,0,1
2018,Odisha,MALKANAGIRI RTO - OR30( 25-DEC-2017 ),8,MEDIUM PASSENGER VEHICLE,0,0,0,0,0,0,0,2,0,0,0,0,2
2018,Odisha,MALKANAGIRI RTO - OR30( 25-DEC-2017 ),9,OTHER THAN MENTIONED ABOVE,0,0,1,0,0,0,1,0,0,0,1,1,4
2018,Odisha,MALKANAGIRI RTO - OR30( 25-DEC-2017 ),10,THREE WHEELER(T),0,23,17,21,30,22,32,30,36,14,23,35,283
2018,Odisha,MALKANAGIRI RTO - OR30( 25-DEC-2017 ),11,TWO WHEELER(NT),4,468,425,231,884,355,663,720,393,458,374,489,"5,464"
2018,Odisha,MAYURBHANJ RTO - OR11( 08-NOV-2017 ),1,HEAVY GOODS VEHICLE,12,11,9,6,7,11,20,7,9,14,11,9,126
2018,Odisha,MAYURBHANJ RTO - OR11( 08-NOV-2017 ),2,HEAVY PASSENGER VEHICLE,1,1,0,3,1,1,1,0,0,0,0,2,10
2018,Odisha,MAYURBHANJ RTO - OR11( 08-NOV-2017 ),3,LIGHT GOODS VEHICLE,133,134,141,102,73,110,84,111,72,77,95,109,"1,241"
2018,Odisha,MAYURBHANJ RTO - OR11( 08-NOV-2017 ),4,LIGHT MOTOR VEHICLE,138,82,73,111,86,90,104,88,94,125,113,81,"1,185"
2018,Odisha,MAYURBHANJ RTO - OR11( 08-NOV-2017 ),5,LIGHT PASSENGER VEHICLE,13,15,10,8,11,12,7,15,8,13,8,19,139
2018,Odisha,MAYURBHANJ RTO - OR11( 08-NOV-2017 ),6,MEDIUM GOODS VEHICLE,3,3,5,8,7,3,4,2,3,2,1,2,43
2018,Odisha,MAYURBHANJ RTO - OR11( 08-NOV-2017 ),7,MEDIUM MOTOR VEHICLE,0,0,0,1,0,0,0,1,0,1,0,1,4
2018,Odisha,MAYURBHANJ RTO - OR11( 08-NOV-2017 ),8,MEDIUM PASSENGER VEHICLE,1,4,1,2,2,0,2,2,0,3,3,0,20
2018,Odisha,MAYURBHANJ RTO - OR11( 08-NOV-2017 ),9,THREE WHEELER(T),60,52,57,60,43,55,48,68,40,60,66,48,657
2018,Odisha,MAYURBHANJ RTO - OR11( 08-NOV-2017 ),10,TWO WHEELER(NT),"2,480","1,752","3,260","2,653","1,497","1,564","2,902","1,136","1,348","1,213","2,895","1,365","24,065"
2018,Odisha,NAWARANGPUR RTO - OR24( 07-NOV-2017 ),1,HEAVY GOODS VEHICLE,2,3,10,5,6,3,3,3,8,7,8,8,66
2018,Odisha,NAWARANGPUR RTO - OR24( 07-NOV-2017 ),2,HEAVY PASSENGER VEHICLE,0,0,0,0,0,0,0,0,0,1,0,0,1
2018,Odisha,NAWARANGPUR RTO - OR24( 07-NOV-2017 ),3,LIGHT GOODS VEHICLE,60,118,103,68,201,137,181,97,55,66,65,134,"1,285"
2018,Odisha,NAWARANGPUR RTO - OR24( 07-NOV-2017 ),4,LIGHT MOTOR VEHICLE,20,38,27,20,33,33,26,17,18,30,27,28,317
2018,Odisha,NAWARANGPUR RTO - OR24( 07-NOV-2017 ),5,LIGHT PASSENGER VEHICLE,5,2,3,1,1,2,1,1,2,4,2,2,26
2018,Odisha,NAWARANGPUR RTO - OR24( 07-NOV-2017 ),6,MEDIUM GOODS VEHICLE,0,2,3,6,8,3,3,2,2,2,3,1,35
2018,Odisha,NAWARANGPUR RTO - OR24( 07-NOV-2017 ),7,MEDIUM MOTOR VEHICLE,0,0,0,0,0,0,0,0,0,0,0,1,1
2018,Odisha,NAWARANGPUR RTO - OR24( 07-NOV-2017 ),8,MEDIUM PASSENGER VEHICLE,0,0,0,0,0,0,2,1,0,0,0,0,3
2018,Odisha,NAWARANGPUR RTO - OR24( 07-NOV-2017 ),9,THREE WHEELER(NT),0,0,1,0,3,0,0,0,0,1,0,0,5
2018,Odisha,NAWARANGPUR RTO - OR24( 07-NOV-2017 ),10,THREE WHEELER(T),32,52,34,53,60,37,158,35,73,60,34,86,714
2018,Odisha,NAWARANGPUR RTO - OR24( 07-NOV-2017 ),11,TWO WHEELER(NT),661,383,685,238,"2,316",780,754,736,683,706,502,523,"8,967"
2018,Odisha,NAYAGARH RTO - OR25( 25-DEC-2017 ),1,HEAVY GOODS VEHICLE,7,10,5,5,7,9,3,4,3,5,5,8,71
2018,Odisha,NAYAGARH RTO - OR25( 25-DEC-2017 ),2,HEAVY PASSENGER VEHICLE,0,0,0,0,1,0,0,0,0,0,2,2,5
2018,Odisha,NAYAGARH RTO - OR25( 25-DEC-2017 ),3,LIGHT GOODS VEHICLE,34,79,74,70,46,44,64,40,36,35,41,40,603
2018,Odisha,NAYAGARH RTO - OR25( 25-DEC-2017 ),4,LIGHT MOTOR VEHICLE,17,18,11,16,5,13,20,19,13,12,8,15,167
2018,Odisha,NAYAGARH RTO - OR25( 25-DEC-2017 ),5,LIGHT PASSENGER VEHICLE,4,1,3,3,5,6,5,12,5,9,9,4,66
2018,Odisha,NAYAGARH RTO - OR25( 25-DEC-2017 ),6,MEDIUM GOODS VEHICLE,5,3,1,3,1,5,1,3,5,1,4,3,35
2018,Odisha,NAYAGARH RTO - OR25( 25-DEC-2017 ),7,MEDIUM PASSENGER VEHICLE,2,1,1,0,0,0,1,0,0,0,0,0,5
2018,Odisha,NAYAGARH RTO - OR25( 25-DEC-2017 ),8,OTHER THAN MENTIONED ABOVE,0,0,0,1,0,0,0,0,0,0,0,0,1
2018,Odisha,NAYAGARH RTO - OR25( 25-DEC-2017 ),9,THREE WHEELER(T),21,45,38,35,31,31,31,37,21,29,30,30,379
2018,Odisha,NAYAGARH RTO - OR25( 25-DEC-2017 ),10,TWO WHEELER(NT),964,"1,239","1,394","1,214","1,631","1,488","1,506","1,323","1,167","1,174","2,255","1,376","16,731"
2018,Odisha,NAYAGARH RTO - OR25( 25-DEC-2017 ),11,TWO WHEELER(T),0,0,0,1,0,2,0,0,0,0,0,0,3
2018,Odisha,NUAPADA RTO - OR26( 06-NOV-2017 ),1,HEAVY GOODS VEHICLE,0,3,2,5,4,2,0,0,2,0,1,5,24
2018,Odisha,NUAPADA RTO - OR26( 06-NOV-2017 ),2,HEAVY MOTOR VEHICLE,0,0,0,1,0,0,0,0,0,0,0,0,1
2018,Odisha,NUAPADA RTO - OR26( 06-NOV-2017 ),3,HEAVY PASSENGER VEHICLE,0,1,0,0,0,1,0,0,1,0,0,0,3
2018,Odisha,NUAPADA RTO - OR26( 06-NOV-2017 ),4,LIGHT GOODS VEHICLE,4,12,56,27,41,29,31,20,9,28,39,30,326
2018,Odisha,NUAPADA RTO - OR26( 06-NOV-2017 ),5,LIGHT MOTOR VEHICLE,13,27,42,45,49,30,49,27,23,56,40,40,441
2018,Odisha,NUAPADA RTO - OR26( 06-NOV-2017 ),6,LIGHT PASSENGER VEHICLE,2,3,5,4,0,4,2,3,1,4,1,3,32
2018,Odisha,NUAPADA RTO - OR26( 06-NOV-2017 ),7,MEDIUM GOODS VEHICLE,4,0,5,1,2,4,2,1,1,0,1,1,22
2018,Odisha,NUAPADA RTO - OR26( 06-NOV-2017 ),8,MEDIUM MOTOR VEHICLE,0,0,1,0,0,0,0,0,0,0,0,0,1
2018,Odisha,NUAPADA RTO - OR26( 06-NOV-2017 ),9,MEDIUM PASSENGER VEHICLE,3,0,0,3,0,1,0,1,0,0,0,1,9
2018,Odisha,NUAPADA RTO - OR26( 06-NOV-2017 ),10,OTHER THAN MENTIONED ABOVE,0,0,0,0,0,0,0,2,0,0,0,2,4
2018,Odisha,NUAPADA RTO - OR26( 06-NOV-2017 ),11,THREE WHEELER(T),3,5,8,12,9,9,10,10,1,9,4,8,88
2018,Odisha,NUAPADA RTO - OR26( 06-NOV-2017 ),12,TWO WHEELER(NT),615,"1,041","1,071",783,792,620,"1,082",449,447,634,703,613,"8,850"
2018,Odisha,PHULBANI RTO - OR12( 23-OCT-2017 ),1,HEAVY GOODS VEHICLE,1,0,2,2,0,2,1,0,0,0,0,3,11
2018,Odisha,PHULBANI RTO - OR12( 23-OCT-2017 ),2,HEAVY PASSENGER VEHICLE,0,0,0,0,0,0,0,0,0,0,2,2,4
2018,Odisha,PHULBANI RTO - OR12( 23-OCT-2017 ),3,LIGHT GOODS VEHICLE,41,17,25,28,36,32,25,34,33,52,34,41,398
2018,Odisha,PHULBANI RTO - OR12( 23-OCT-2017 ),4,LIGHT MOTOR VEHICLE,6,8,5,10,3,4,6,3,2,9,9,7,72
2018,Odisha,PHULBANI RTO - OR12( 23-OCT-2017 ),5,LIGHT PASSENGER VEHICLE,3,3,3,4,2,8,3,5,2,4,9,4,50
2018,Odisha,PHULBANI RTO - OR12( 23-OCT-2017 ),6,MEDIUM GOODS VEHICLE,0,3,0,3,1,0,0,0,1,4,1,1,14
2018,Odisha,PHULBANI RTO - OR12( 23-OCT-2017 ),7,MEDIUM PASSENGER VEHICLE,0,0,0,0,0,0,1,1,0,0,1,0,3
2018,Odisha,PHULBANI RTO - OR12( 23-OCT-2017 ),8,THREE WHEELER(T),73,27,24,64,32,51,55,13,45,64,44,31,523
2018,Odisha,PHULBANI RTO - OR12( 23-OCT-2017 ),9,TWO WHEELER(NT),339,417,296,599,624,504,637,265,743,427,747,590,"6,188"
2018,Odisha,PURI RTO - OR13( 25-DEC-2017 ),1,HEAVY GOODS VEHICLE,2,1,0,1,0,0,1,0,1,1,0,0,7
2018,Odisha,PURI RTO - OR13( 25-DEC-2017 ),2,HEAVY MOTOR VEHICLE,0,0,0,0,0,0,0,0,0,0,1,0,1
2018,Odisha,PURI RTO - OR13( 25-DEC-2017 ),3,HEAVY PASSENGER VEHICLE,0,1,1,0,0,0,0,0,2,0,0,0,4
2018,Odisha,PURI RTO - OR13( 25-DEC-2017 ),4,LIGHT GOODS VEHICLE,43,28,34,68,43,53,44,40,47,54,59,38,551
2018,Odisha,PURI RTO - OR13( 25-DEC-2017 ),5,LIGHT MOTOR VEHICLE,39,39,23,55,36,35,37,38,37,44,53,40,476
2018,Odisha,PURI RTO - OR13( 25-DEC-2017 ),6,LIGHT PASSENGER VEHICLE,15,11,17,23,11,11,13,9,12,19,13,15,169
2018,Odisha,PURI RTO - OR13( 25-DEC-2017 ),7,MEDIUM GOODS VEHICLE,0,2,1,2,1,0,1,1,0,0,1,0,9
2018,Odisha,PURI RTO - OR13( 25-DEC-2017 ),8,MEDIUM PASSENGER VEHICLE,0,0,0,3,0,0,1,0,1,1,0,2,8
2018,Odisha,PURI RTO - OR13( 25-DEC-2017 ),9,OTHER THAN MENTIONED ABOVE,0,0,0,0,0,0,1,0,0,0,1,0,2
2018,Odisha,PURI RTO - OR13( 25-DEC-2017 ),10,THREE WHEELER(NT),0,0,0,0,0,1,0,0,0,0,0,0,1
2018,Odisha,PURI RTO - OR13( 25-DEC-2017 ),11,THREE WHEELER(T),60,66,65,55,75,56,73,69,54,93,139,74,879
2018,Odisha,PURI RTO - OR13( 25-DEC-2017 ),12,TWO WHEELER(NT),"1,152","1,410","1,555","1,843","2,085","1,786","1,692","1,563","1,500","1,452","2,477","2,005","20,520"
2018,Odisha,PURI RTO - OR13( 25-DEC-2017 ),13,TWO WHEELER(T),0,1,0,0,0,0,0,0,0,0,0,0,1
2018,Odisha,RAIRANGPUR ARTO - OR111( 08-NOV-2017 ),1,HEAVY GOODS VEHICLE,4,5,2,2,6,6,2,2,4,10,6,8,57
2018,Odisha,RAIRANGPUR ARTO - OR111( 08-NOV-2017 ),2,HEAVY PASSENGER VEHICLE,2,0,1,0,1,1,0,0,0,0,0,0,5
2018,Odisha,RAIRANGPUR ARTO - OR111( 08-NOV-2017 ),3,LIGHT GOODS VEHICLE,78,77,82,72,92,71,76,60,44,54,89,55,850
2018,Odisha,RAIRANGPUR ARTO - OR111( 08-NOV-2017 ),4,LIGHT MOTOR VEHICLE,36,26,12,22,14,14,19,18,17,18,24,16,236
2018,Odisha,RAIRANGPUR ARTO - OR111( 08-NOV-2017 ),5,LIGHT PASSENGER VEHICLE,21,13,16,9,11,17,14,10,8,12,12,15,158
2018,Odisha,RAIRANGPUR ARTO - OR111( 08-NOV-2017 ),6,MEDIUM GOODS VEHICLE,0,3,2,2,1,2,2,2,1,4,1,1,21
2018,Odisha,RAIRANGPUR ARTO - OR111( 08-NOV-2017 ),7,MEDIUM PASSENGER VEHICLE,0,0,0,0,0,0,0,0,2,0,1,2,5
2018,Odisha,RAIRANGPUR ARTO - OR111( 08-NOV-2017 ),8,OTHER THAN MENTIONED ABOVE,0,0,1,0,0,0,0,0,0,0,0,0,1
2018,Odisha,RAIRANGPUR ARTO - OR111( 08-NOV-2017 ),9,THREE WHEELER(T),33,31,32,40,29,43,26,28,35,19,49,32,397
2018,Odisha,RAIRANGPUR ARTO - OR111( 08-NOV-2017 ),10,TWO WHEELER (INVALID CARRIAGE),0,0,0,0,0,0,1,0,0,0,0,0,1
2018,Odisha,RAIRANGPUR ARTO - OR111( 08-NOV-2017 ),11,TWO WHEELER(NT),138,124,445,646,584,495,825,598,494,495,"1,123",552,"6,519"
2018,Odisha,RAYGADA RTO - OR18( 25-DEC-2017 ),1,HEAVY GOODS VEHICLE,10,22,14,11,28,28,67,34,25,11,6,11,267
2018,Odisha,RAYGADA RTO - OR18( 25-DEC-2017 ),2,HEAVY MOTOR VEHICLE,0,0,0,0,0,0,0,0,1,0,0,0,1
2018,Odisha,RAYGADA RTO - OR18( 25-DEC-2017 ),3,HEAVY PASSENGER VEHICLE,2,0,0,0,0,2,1,1,0,4,3,6,19
2018,Odisha,RAYGADA RTO - OR18( 25-DEC-2017 ),4,LIGHT GOODS VEHICLE,4,50,33,59,81,76,81,52,65,71,73,56,701
2018,Odisha,RAYGADA RTO - OR18( 25-DEC-2017 ),5,LIGHT MOTOR VEHICLE,19,30,22,40,31,33,33,27,25,27,43,30,360
2018,Odisha,RAYGADA RTO - OR18( 25-DEC-2017 ),6,LIGHT PASSENGER VEHICLE,5,9,11,16,14,15,18,11,12,10,20,16,157
2018,Odisha,RAYGADA RTO - OR18( 25-DEC-2017 ),7,MEDIUM GOODS VEHICLE,3,6,3,2,4,3,4,1,1,0,0,2,29
2018,Odisha,RAYGADA RTO - OR18( 25-DEC-2017 ),8,MEDIUM MOTOR VEHICLE,0,0,0,0,0,0,0,0,3,5,1,1,10
2018,Odisha,RAYGADA RTO - OR18( 25-DEC-2017 ),9,MEDIUM PASSENGER VEHICLE,0,1,2,0,0,1,1,1,2,0,1,1,10
2018,Odisha,RAYGADA RTO - OR18( 25-DEC-2017 ),10,OTHER THAN MENTIONED ABOVE,0,0,2,3,4,2,2,1,2,2,3,10,31
2018,Odisha,RAYGADA RTO - OR18( 25-DEC-2017 ),11,THREE WHEELER(T),13,25,18,37,28,36,28,40,33,26,16,14,314
2018,Odisha,RAYGADA RTO - OR18( 25-DEC-2017 ),12,TWO WHEELER(NT),391,614,839,"1,490","1,889","1,178","1,165",714,864,674,"1,353",486,"11,657"
2018,Odisha,ROURKELA RTO - OR14( 25-DEC-2017 ),1,HEAVY GOODS VEHICLE,80,79,116,91,125,95,77,88,74,88,93,95,"1,101"
2018,Odisha,ROURKELA RTO - OR14( 25-DEC-2017 ),2,HEAVY MOTOR VEHICLE,0,0,2,0,0,1,0,3,2,1,1,3,13
2018,Odisha,ROURKELA RTO - OR14( 25-DEC-2017 ),3,HEAVY PASSENGER VEHICLE,1,1,1,2,0,0,1,0,0,0,2,0,8
2018,Odisha,ROURKELA RTO - OR14( 25-DEC-2017 ),4,LIGHT GOODS VEHICLE,32,68,111,147,112,87,61,120,87,69,147,99,"1,140"
2018,Odisha,ROURKELA RTO - OR14( 25-DEC-2017 ),5,LIGHT MOTOR VEHICLE,176,309,330,293,261,197,188,262,208,258,338,312,"3,132"
2018,Odisha,ROURKELA RTO - OR14( 25-DEC-2017 ),6,LIGHT PASSENGER VEHICLE,12,24,25,33,12,23,19,14,21,19,33,18,253
2018,Odisha,ROURKELA RTO - OR14( 25-DEC-2017 ),7,MEDIUM GOODS VEHICLE,8,12,16,12,13,10,9,9,9,12,6,6,122
2018,Odisha,ROURKELA RTO - OR14( 25-DEC-2017 ),8,MEDIUM MOTOR VEHICLE,0,1,2,0,3,1,0,0,2,1,0,4,14
2018,Odisha,ROURKELA RTO - OR14( 25-DEC-2017 ),9,MEDIUM PASSENGER VEHICLE,0,0,2,4,3,0,0,2,1,0,3,1,16
2018,Odisha,ROURKELA RTO - OR14( 25-DEC-2017 ),10,OTHER THAN MENTIONED ABOVE,0,0,0,0,0,0,0,1,2,0,5,1,9
2018,Odisha,ROURKELA RTO - OR14( 25-DEC-2017 ),11,THREE WHEELER(T),39,91,133,111,95,73,72,95,66,88,86,78,"1,027"
2018,Odisha,ROURKELA RTO - OR14( 25-DEC-2017 ),12,TWO WHEELER (INVALID CARRIAGE),0,1,0,0,0,0,0,0,0,0,0,0,1
2018,Odisha,ROURKELA RTO - OR14( 25-DEC-2017 ),13,TWO WHEELER(NT),"1,800","2,643","2,064","2,000","2,289","1,914","1,752","1,946","1,837","2,009","2,828","2,542","25,624"
2018,Odisha,SAMBALPUR RTO - OR15( 04-DEC-2017 ),1,HEAVY GOODS VEHICLE,70,36,83,80,75,53,53,54,37,31,26,2,600
2018,Odisha,SAMBALPUR RTO - OR15( 04-DEC-2017 ),2,HEAVY MOTOR VEHICLE,0,0,1,0,1,1,1,0,0,5,1,0,10
2018,Odisha,SAMBALPUR RTO - OR15( 04-DEC-2017 ),3,HEAVY PASSENGER VEHICLE,3,3,1,1,0,0,4,0,0,0,3,0,15
2018,Odisha,SAMBALPUR RTO - OR15( 04-DEC-2017 ),4,LIGHT GOODS VEHICLE,52,72,153,159,106,140,128,100,90,29,50,3,"1,082"
2018,Odisha,SAMBALPUR RTO - OR15( 04-DEC-2017 ),5,LIGHT MOTOR VEHICLE,261,169,205,226,198,138,183,203,129,110,252,15,"2,089"
2018,Odisha,SAMBALPUR RTO - OR15( 04-DEC-2017 ),6,LIGHT PASSENGER VEHICLE,16,11,30,13,17,17,23,20,17,4,14,2,184
2018,Odisha,SAMBALPUR RTO - OR15( 04-DEC-2017 ),7,MEDIUM GOODS VEHICLE,4,9,9,14,10,7,11,4,4,0,2,0,74
2018,Odisha,SAMBALPUR RTO - OR15( 04-DEC-2017 ),8,MEDIUM MOTOR VEHICLE,2,0,0,1,1,1,0,3,2,0,0,0,10
2018,Odisha,SAMBALPUR RTO - OR15( 04-DEC-2017 ),9,MEDIUM PASSENGER VEHICLE,1,1,1,3,4,0,1,3,3,1,2,0,20
2018,Odisha,SAMBALPUR RTO - OR15( 04-DEC-2017 ),10,OTHER THAN MENTIONED ABOVE,1,0,1,0,0,1,1,1,0,1,2,0,8
2018,Odisha,SAMBALPUR RTO - OR15( 04-DEC-2017 ),11,THREE WHEELER(T),30,38,47,27,25,26,28,42,22,18,46,3,352
2018,Odisha,SAMBALPUR RTO - OR15( 04-DEC-2017 ),12,TWO WHEELER(NT),"1,368","2,163","1,848","2,106","2,092","1,373","1,786","1,739","1,308",985,"2,108",69,"18,945"
2018,Odisha,SONEPUR RTO - OR31( 08-NOV-2017 ),1,HEAVY GOODS VEHICLE,2,3,3,2,0,5,2,0,1,0,1,0,19
2018,Odisha,SONEPUR RTO - OR31( 08-NOV-2017 ),2,HEAVY PASSENGER VEHICLE,0,1,0,0,0,0,0,0,0,1,1,0,3
2018,Odisha,SONEPUR RTO - OR31( 08-NOV-2017 ),3,LIGHT GOODS VEHICLE,72,64,109,122,86,65,84,87,72,81,54,91,987
2018,Odisha,SONEPUR RTO - OR31( 08-NOV-2017 ),4,LIGHT MOTOR VEHICLE,20,20,25,30,21,24,26,23,23,36,20,35,303
2018,Odisha,SONEPUR RTO - OR31( 08-NOV-2017 ),5,LIGHT PASSENGER VEHICLE,6,1,6,2,6,6,1,1,7,5,7,7,55
2018,Odisha,SONEPUR RTO - OR31( 08-NOV-2017 ),6,MEDIUM GOODS VEHICLE,5,6,1,5,0,2,1,1,0,2,1,1,25
2018,Odisha,SONEPUR RTO - OR31( 08-NOV-2017 ),7,MEDIUM PASSENGER VEHICLE,0,0,2,0,0,0,0,0,0,0,0,0,2
2018,Odisha,SONEPUR RTO - OR31( 08-NOV-2017 ),8,OTHER THAN MENTIONED ABOVE,0,2,3,0,2,0,1,0,0,1,0,0,9
2018,Odisha,SONEPUR RTO - OR31( 08-NOV-2017 ),9,THREE WHEELER(T),3,10,18,5,11,9,4,9,3,8,18,2,100
2018,Odisha,SONEPUR RTO - OR31( 08-NOV-2017 ),10,TWO WHEELER(NT),563,"1,482","1,773","2,714","1,379",872,875,789,684,858,512,"1,044","13,545"
2018,Odisha,SUNDERGARH RTO - OR16( 08-NOV-2017 ),1,HEAVY GOODS VEHICLE,146,112,91,167,95,92,78,129,110,145,77,149,"1,391"
2018,Odisha,SUNDERGARH RTO - OR16( 08-NOV-2017 ),2,HEAVY PASSENGER VEHICLE,2,0,2,0,2,0,0,0,0,0,0,0,6
2018,Odisha,SUNDERGARH RTO - OR16( 08-NOV-2017 ),3,LIGHT GOODS VEHICLE,98,55,58,124,81,75,91,95,73,43,85,75,953
2018,Odisha,SUNDERGARH RTO - OR16( 08-NOV-2017 ),4,LIGHT MOTOR VEHICLE,34,96,100,56,77,51,48,53,46,40,40,113,754
2018,Odisha,SUNDERGARH RTO - OR16( 08-NOV-2017 ),5,LIGHT PASSENGER VEHICLE,10,6,13,12,12,11,6,12,9,5,7,17,120
2018,Odisha,SUNDERGARH RTO - OR16( 08-NOV-2017 ),6,MEDIUM GOODS VEHICLE,3,3,5,5,10,3,2,0,5,6,0,3,45
2018,Odisha,SUNDERGARH RTO - OR16( 08-NOV-2017 ),7,MEDIUM MOTOR VEHICLE,0,0,0,0,0,0,0,0,1,0,0,0,1
2018,Odisha,SUNDERGARH RTO - OR16( 08-NOV-2017 ),8,MEDIUM PASSENGER VEHICLE,1,1,1,1,1,0,1,0,2,0,1,0,9
2018,Odisha,SUNDERGARH RTO - OR16( 08-NOV-2017 ),9,OTHER THAN MENTIONED ABOVE,0,0,1,0,0,0,0,0,0,0,0,0,1
2018,Odisha,SUNDERGARH RTO - OR16( 08-NOV-2017 ),10,THREE WHEELER(T),20,10,16,12,16,11,18,31,19,12,8,27,200
2018,Odisha,SUNDERGARH RTO - OR16( 08-NOV-2017 ),11,TWO WHEELER(NT),572,625,941,575,860,"1,052",682,723,581,604,430,"1,194","8,839"
2018,Odisha,TALCHER RTO - OR35( 25-DEC-2017 ),1,HEAVY GOODS VEHICLE,108,89,92,102,84,154,96,124,110,149,161,167,"1,436"
2018,Odisha,TALCHER RTO - OR35( 25-DEC-2017 ),2,HEAVY MOTOR VEHICLE,0,4,8,2,5,4,3,0,1,9,7,6,49
2018,Odisha,TALCHER RTO - OR35( 25-DEC-2017 ),3,LIGHT GOODS VEHICLE,11,14,18,18,8,19,21,20,13,28,24,24,218
2018,Odisha,TALCHER RTO - OR35( 25-DEC-2017 ),4,LIGHT MOTOR VEHICLE,8,13,13,17,23,16,27,22,21,26,22,21,229
2018,Odisha,TALCHER RTO - OR35( 25-DEC-2017 ),5,LIGHT PASSENGER VEHICLE,7,12,7,12,4,6,9,11,9,13,10,11,111
2018,Odisha,TALCHER RTO - OR35( 25-DEC-2017 ),6,MEDIUM GOODS VEHICLE,2,0,3,0,2,0,4,2,5,0,2,1,21
2018,Odisha,TALCHER RTO - OR35( 25-DEC-2017 ),7,MEDIUM MOTOR VEHICLE,0,0,0,0,1,2,0,0,0,1,0,3,7
2018,Odisha,TALCHER RTO - OR35( 25-DEC-2017 ),8,MEDIUM PASSENGER VEHICLE,0,0,0,0,0,0,0,1,0,0,0,0,1
2018,Odisha,TALCHER RTO - OR35( 25-DEC-2017 ),9,OTHER THAN MENTIONED ABOVE,0,0,0,0,0,0,3,0,0,0,3,0,6
2018,Odisha,TALCHER RTO - OR35( 25-DEC-2017 ),10,THREE WHEELER(T),0,4,8,3,9,8,11,6,3,6,11,8,77
2018,Odisha,TALCHER RTO - OR35( 25-DEC-2017 ),11,TWO WHEELER(NT),402,788,768,893,895,741,713,661,543,"1,221",873,579,"9,077"
2017,Odisha,ANGUL RTO - OR19( 25-DEC-2017 ),1,HEAVY GOODS VEHICLE,108,89,92,102,84,154,96,124,110,149,161,167,"1,436"
2017,Odisha,ANGUL RTO - OR19( 25-DEC-2017 ),2,HEAVY MOTOR VEHICLE,0,4,8,2,5,4,3,0,1,9,7,6,49
2017,Odisha,ANGUL RTO - OR19( 25-DEC-2017 ),3,LIGHT GOODS VEHICLE,11,14,18,18,8,19,21,20,13,28,24,24,218
2017,Odisha,ANGUL RTO - OR19( 25-DEC-2017 ),4,LIGHT MOTOR VEHICLE,8,13,13,17,23,16,27,22,21,26,22,21,229
2017,Odisha,ANGUL RTO - OR19( 25-DEC-2017 ),5,LIGHT PASSENGER VEHICLE,7,12,7,12,4,6,9,11,9,13,10,11,111
2017,Odisha,ANGUL RTO - OR19( 25-DEC-2017 ),6,MEDIUM GOODS VEHICLE,2,0,3,0,2,0,4,2,5,0,2,1,21
2017,Odisha,ANGUL RTO - OR19( 25-DEC-2017 ),7,MEDIUM MOTOR VEHICLE,0,0,0,0,1,2,0,0,0,1,0,3,7
2017,Odisha,ANGUL RTO - OR19( 25-DEC-2017 ),8,MEDIUM PASSENGER VEHICLE,0,0,0,0,0,0,0,1,0,0,0,0,1
2017,Odisha,ANGUL RTO - OR19( 25-DEC-2017 ),9,OTHER THAN MENTIONED ABOVE,0,0,0,0,0,0,3,0,0,0,3,0,6
2017,Odisha,ANGUL RTO - OR19( 25-DEC-2017 ),10,THREE WHEELER(T),0,4,8,3,9,8,11,6,3,6,11,8,77
2017,Odisha,ANGUL RTO - OR19( 25-DEC-2017 ),11,TWO WHEELER(NT),402,788,768,893,895,741,713,661,543,"1,221",873,579,"9,077"
2017,Odisha,ARTO BARBIL - OR901( 04-DEC-2017 ),1,HEAVY GOODS VEHICLE,41,84,135,85,68,50,56,84,79,100,115,63,960
2017,Odisha,ARTO BARBIL - OR901( 04-DEC-2017 ),2,HEAVY MOTOR VEHICLE,0,0,1,6,0,0,1,0,0,0,0,0,8
2017,Odisha,ARTO BARBIL - OR901( 04-DEC-2017 ),3,HEAVY PASSENGER VEHICLE,0,1,0,0,0,0,0,0,0,0,0,0,1
2017,Odisha,ARTO BARBIL - OR901( 04-DEC-2017 ),4,LIGHT GOODS VEHICLE,22,20,21,9,18,13,13,12,18,23,28,5,202
2017,Odisha,ARTO BARBIL - OR901( 04-DEC-2017 ),5,LIGHT MOTOR VEHICLE,19,19,22,11,34,20,19,16,18,28,30,1,237
2017,Odisha,ARTO BARBIL - OR901( 04-DEC-2017 ),6,LIGHT PASSENGER VEHICLE,5,5,5,1,6,10,3,1,3,9,10,0,58
2017,Odisha,ARTO BARBIL - OR901( 04-DEC-2017 ),7,MEDIUM GOODS VEHICLE,1,2,4,3,4,0,1,0,2,0,5,0,22
2017,Odisha,ARTO BARBIL - OR901( 04-DEC-2017 ),8,MEDIUM PASSENGER VEHICLE,1,1,0,0,0,0,0,0,0,1,0,1,4
2017,Odisha,ARTO BARBIL - OR901( 04-DEC-2017 ),9,OTHER THAN MENTIONED ABOVE,0,0,0,0,0,0,0,0,0,0,0,1,1
2017,Odisha,ARTO BARBIL - OR901( 04-DEC-2017 ),10,THREE WHEELER(T),4,1,3,3,1,0,1,2,4,5,16,1,41
2017,Odisha,ARTO BARBIL - OR901( 04-DEC-2017 ),11,TWO WHEELER(NT),267,343,379,422,383,296,298,424,255,890,704,48,"4,709"
2017,Odisha,BALASORE RTO - OR1( 07-NOV-2017 ),1,HEAVY GOODS VEHICLE,33,33,48,51,38,17,21,22,15,37,26,38,379
2017,Odisha,BALASORE RTO - OR1( 07-NOV-2017 ),2,HEAVY PASSENGER VEHICLE,4,3,0,3,2,1,2,11,2,1,0,5,34
2017,Odisha,BALASORE RTO - OR1( 07-NOV-2017 ),3,LIGHT GOODS VEHICLE,157,116,151,118,134,126,103,100,97,152,42,88,"1,384"
2017,Odisha,BALASORE RTO - OR1( 07-NOV-2017 ),4,LIGHT MOTOR VEHICLE,232,167,154,142,177,217,252,195,184,368,113,211,"2,412"
2017,Odisha,BALASORE RTO - OR1( 07-NOV-2017 ),5,LIGHT PASSENGER VEHICLE,27,35,36,47,36,39,25,21,22,58,16,42,404
2017,Odisha,BALASORE RTO - OR1( 07-NOV-2017 ),6,MEDIUM GOODS VEHICLE,12,10,10,8,2,6,5,6,3,8,0,5,75
2017,Odisha,BALASORE RTO - OR1( 07-NOV-2017 ),7,MEDIUM MOTOR VEHICLE,0,0,0,2,0,0,1,0,0,0,0,0,3
2017,Odisha,BALASORE RTO - OR1( 07-NOV-2017 ),8,MEDIUM PASSENGER VEHICLE,2,3,1,2,1,0,0,0,2,1,1,1,14
2017,Odisha,BALASORE RTO - OR1( 07-NOV-2017 ),9,OTHER THAN MENTIONED ABOVE,1,0,0,0,0,0,0,0,0,0,0,0,1
2017,Odisha,BALASORE RTO - OR1( 07-NOV-2017 ),10,THREE WHEELER(T),52,64,67,88,59,83,61,51,63,103,28,73,792
2017,Odisha,BALASORE RTO - OR1( 07-NOV-2017 ),11,TWO WHEELER(NT),"2,402","3,299","3,894","5,341","3,992","4,177","3,872","2,409","2,577","6,769","1,414","3,381","43,527"
2017,Odisha,BARGARH RTO - OR17( 04-DEC-2017 ),1,HEAVY GOODS VEHICLE,12,13,26,11,16,8,9,7,8,8,17,7,142
2017,Odisha,BARGARH RTO - OR17( 04-DEC-2017 ),2,HEAVY MOTOR VEHICLE,0,0,0,0,0,0,1,0,0,0,0,0,1
2017,Odisha,BARGARH RTO - OR17( 04-DEC-2017 ),3,HEAVY PASSENGER VEHICLE,0,0,2,0,2,1,0,0,0,4,7,1,17
2017,Odisha,BARGARH RTO - OR17( 04-DEC-2017 ),4,LIGHT GOODS VEHICLE,94,108,232,110,182,82,257,233,144,177,300,64,"1,983"
2017,Odisha,BARGARH RTO - OR17( 04-DEC-2017 ),5,LIGHT MOTOR VEHICLE,67,94,141,111,87,108,122,72,89,143,172,63,"1,269"
2017,Odisha,BARGARH RTO - OR17( 04-DEC-2017 ),6,LIGHT PASSENGER VEHICLE,6,10,21,8,4,4,10,8,15,14,15,3,118
2017,Odisha,BARGARH RTO - OR17( 04-DEC-2017 ),7,MEDIUM GOODS VEHICLE,5,3,8,3,0,0,4,2,2,0,9,5,41
2017,Odisha,BARGARH RTO - OR17( 04-DEC-2017 ),8,MEDIUM MOTOR VEHICLE,0,0,0,0,0,0,0,0,0,1,0,0,1
2017,Odisha,BARGARH RTO - OR17( 04-DEC-2017 ),9,MEDIUM PASSENGER VEHICLE,2,0,0,1,0,0,1,1,0,0,2,0,7
2017,Odisha,BARGARH RTO - OR17( 04-DEC-2017 ),10,OTHER THAN MENTIONED ABOVE,0,1,1,0,0,0,0,0,0,0,0,0,2
2017,Odisha,BARGARH RTO - OR17( 04-DEC-2017 ),11,THREE WHEELER(T),12,26,43,27,39,21,46,15,20,36,55,15,355
2017,Odisha,BARGARH RTO - OR17( 04-DEC-2017 ),12,TWO WHEELER(NT),999,"1,790","2,389","3,348","2,915","1,777","2,097","1,444","1,626","2,583","2,529","1,226","24,723"
2017,Odisha,BHADRAK RTO - OR22( 04-DEC-2017 ),1,HEAVY GOODS VEHICLE,23,26,28,8,8,9,18,7,30,23,23,15,218
2017,Odisha,BHADRAK RTO - OR22( 04-DEC-2017 ),2,HEAVY PASSENGER VEHICLE,2,1,0,0,1,1,0,1,0,1,0,3,10
2017,Odisha,BHADRAK RTO - OR22( 04-DEC-2017 ),3,LIGHT GOODS VEHICLE,109,92,140,104,97,161,137,101,96,125,153,21,"1,336"
2017,Odisha,BHADRAK RTO - OR22( 04-DEC-2017 ),4,LIGHT MOTOR VEHICLE,54,32,53,21,42,38,55,35,29,52,75,8,494
2017,Odisha,BHADRAK RTO - OR22( 04-DEC-2017 ),5,LIGHT PASSENGER VEHICLE,16,14,19,14,14,17,11,7,8,19,14,12,165
2017,Odisha,BHADRAK RTO - OR22( 04-DEC-2017 ),6,MEDIUM GOODS VEHICLE,3,4,8,1,1,1,3,2,4,2,4,5,38
2017,Odisha,BHADRAK RTO - OR22( 04-DEC-2017 ),7,MEDIUM MOTOR VEHICLE,0,0,0,0,0,1,0,0,0,0,0,0,1
2017,Odisha,BHADRAK RTO - OR22( 04-DEC-2017 ),8,MEDIUM PASSENGER VEHICLE,1,3,2,0,1,0,1,1,1,1,0,3,14
2017,Odisha,BHADRAK RTO - OR22( 04-DEC-2017 ),9,OTHER THAN MENTIONED ABOVE,0,0,0,0,0,0,2,0,0,0,0,0,2
2017,Odisha,BHADRAK RTO - OR22( 04-DEC-2017 ),10,THREE WHEELER(T),36,61,108,82,47,58,40,34,43,88,59,32,688
2017,Odisha,BHADRAK RTO - OR22( 04-DEC-2017 ),11,TWO WHEELER(NT),"1,278","1,777","2,213","1,802","2,076","2,150","2,172","1,269","1,130","1,668","4,981",365,"22,881"
2017,Odisha,BHANJANAGAR RTO - OR32( 04-DEC-2017 ),1,HEAVY GOODS VEHICLE,1,4,3,5,1,3,1,1,1,2,5,1,28
2017,Odisha,BHANJANAGAR RTO - OR32( 04-DEC-2017 ),2,HEAVY MOTOR VEHICLE,1,0,0,0,0,0,0,0,0,0,0,0,1
2017,Odisha,BHANJANAGAR RTO - OR32( 04-DEC-2017 ),3,HEAVY PASSENGER VEHICLE,0,0,0,0,0,0,0,1,1,4,8,0,14
2017,Odisha,BHANJANAGAR RTO - OR32( 04-DEC-2017 ),4,LIGHT GOODS VEHICLE,25,70,84,26,42,44,89,51,54,59,121,9,674
2017,Odisha,BHANJANAGAR RTO - OR32( 04-DEC-2017 ),5,LIGHT MOTOR VEHICLE,6,11,6,7,4,14,19,13,7,16,23,1,127
2017,Odisha,BHANJANAGAR RTO - OR32( 04-DEC-2017 ),6,LIGHT PASSENGER VEHICLE,1,5,2,4,3,5,5,5,0,3,3,3,39
2017,Odisha,BHANJANAGAR RTO - OR32( 04-DEC-2017 ),7,MEDIUM GOODS VEHICLE,0,3,4,0,0,1,2,0,3,3,1,0,17
2017,Odisha,BHANJANAGAR RTO - OR32( 04-DEC-2017 ),8,MEDIUM PASSENGER VEHICLE,0,0,0,0,0,0,1,1,1,0,0,0,3
2017,Odisha,BHANJANAGAR RTO - OR32( 04-DEC-2017 ),9,THREE WHEELER(T),6,35,28,27,24,20,14,23,20,29,50,9,285
2017,Odisha,BHANJANAGAR RTO - OR32( 04-DEC-2017 ),10,TWO WHEELER (INVALID CARRIAGE),0,0,0,0,0,0,0,0,1,2,0,0,3
2017,Odisha,BHANJANAGAR RTO - OR32( 04-DEC-2017 ),11,TWO WHEELER(NT),256,740,"1,098","1,313",909,623,858,723,261,"1,146","1,213",320,"9,460"
2017,Odisha,BHUBANESWAR-II RTO - OR33( 23-OCT-2017 ),1,HEAVY GOODS VEHICLE,37,12,21,7,4,22,7,10,6,6,7,5,144
2017,Odisha,BHUBANESWAR-II RTO - OR33( 23-OCT-2017 ),2,HEAVY MOTOR VEHICLE,0,0,1,0,0,0,1,0,0,0,0,0,2
2017,Odisha,BHUBANESWAR-II RTO - OR33( 23-OCT-2017 ),3,HEAVY PASSENGER VEHICLE,0,2,3,0,0,0,0,1,0,0,1,0,7
2017,Odisha,BHUBANESWAR-II RTO - OR33( 23-OCT-2017 ),4,LIGHT GOODS VEHICLE,52,82,60,113,41,47,71,91,109,57,55,43,821
2017,Odisha,BHUBANESWAR-II RTO - OR33( 23-OCT-2017 ),5,LIGHT MOTOR VEHICLE,324,376,282,387,321,301,371,399,296,402,278,344,"4,081"
2017,Odisha,BHUBANESWAR-II RTO - OR33( 23-OCT-2017 ),6,LIGHT PASSENGER VEHICLE,42,29,54,43,33,33,39,28,20,24,30,33,408
2017,Odisha,BHUBANESWAR-II RTO - OR33( 23-OCT-2017 ),7,MEDIUM GOODS VEHICLE,2,1,1,5,1,2,0,4,2,2,0,0,20
2017,Odisha,BHUBANESWAR-II RTO - OR33( 23-OCT-2017 ),8,MEDIUM MOTOR VEHICLE,0,0,1,0,0,0,0,0,0,0,0,0,1
2017,Odisha,BHUBANESWAR-II RTO - OR33( 23-OCT-2017 ),9,MEDIUM PASSENGER VEHICLE,0,1,2,2,0,0,1,0,3,1,0,1,11
2017,Odisha,BHUBANESWAR-II RTO - OR33( 23-OCT-2017 ),10,OTHER THAN MENTIONED ABOVE,2,2,2,0,0,0,0,0,0,4,0,0,10
2017,Odisha,BHUBANESWAR-II RTO - OR33( 23-OCT-2017 ),11,THREE WHEELER(T),79,131,160,206,87,77,94,97,85,104,196,141,"1,457"
2017,Odisha,BHUBANESWAR-II RTO - OR33( 23-OCT-2017 ),12,TWO WHEELER(NT),"1,916","3,410","2,729","4,476","3,139","2,913","2,604","3,249","2,522","3,702","3,038","3,509","37,207"
2017,Odisha,BHUBANESWAR-II RTO - OR33( 23-OCT-2017 ),13,TWO WHEELER(T),1,1,2,1,4,0,3,0,2,2,0,2,18
2017,Odisha,BHUBANESWAR RTO - OR2( 22-JAN-2018 ),1,HEAVY GOODS VEHICLE,26,49,33,31,9,17,35,29,17,18,24,19,307
2017,Odisha,BHUBANESWAR RTO - OR2( 22-JAN-2018 ),2,HEAVY MOTOR VEHICLE,1,0,0,2,0,0,1,0,0,0,1,0,5
2017,Odisha,BHUBANESWAR RTO - OR2( 22-JAN-2018 ),3,HEAVY PASSENGER VEHICLE,3,3,8,6,0,5,1,2,2,6,3,4,43
2017,Odisha,BHUBANESWAR RTO - OR2( 22-JAN-2018 ),4,LIGHT GOODS VEHICLE,121,120,132,104,120,109,128,135,136,192,153,111,"1,561"
2017,Odisha,BHUBANESWAR RTO - OR2( 22-JAN-2018 ),5,LIGHT MOTOR VEHICLE,"1,482","1,307","1,378","1,368","1,437","1,464","1,642","1,456","1,524","2,436","1,776","1,415","18,685"
2017,Odisha,BHUBANESWAR RTO - OR2( 22-JAN-2018 ),6,LIGHT PASSENGER VEHICLE,126,135,128,128,103,123,101,109,118,182,125,171,"1,549"
2017,Odisha,BHUBANESWAR RTO - OR2( 22-JAN-2018 ),7,MEDIUM GOODS VEHICLE,8,19,21,11,10,11,14,6,6,8,11,12,137
2017,Odisha,BHUBANESWAR RTO - OR2( 22-JAN-2018 ),8,MEDIUM MOTOR VEHICLE,1,0,4,0,0,2,1,3,1,2,0,2,16
2017,Odisha,BHUBANESWAR RTO - OR2( 22-JAN-2018 ),9,MEDIUM PASSENGER VEHICLE,2,1,4,7,17,10,1,1,3,11,4,6,67
2017,Odisha,BHUBANESWAR RTO - OR2( 22-JAN-2018 ),10,OTHER THAN MENTIONED ABOVE,0,0,0,2,0,1,0,0,0,1,2,1,7
2017,Odisha,BHUBANESWAR RTO - OR2( 22-JAN-2018 ),11,THREE WHEELER(T),59,91,88,119,86,76,75,77,61,93,106,81,"1,012"
2017,Odisha,BHUBANESWAR RTO - OR2( 22-JAN-2018 ),12,TWO WHEELER(NT),"2,895","3,496","3,868","4,460","4,448","3,256","3,867","5,251","3,730","6,205","5,223","4,356","51,055"
2017,Odisha,BHUBANESWAR RTO - OR2( 22-JAN-2018 ),13,TWO WHEELER(T),1,0,1,1,0,2,1,1,1,1,0,0,9
2017,Odisha,BOLANGIR RTO - OR3( 25-DEC-2017 ),1,HEAVY GOODS VEHICLE,15,10,13,6,2,4,3,6,2,4,2,6,73
2017,Odisha,BOLANGIR RTO - OR3( 25-DEC-2017 ),2,HEAVY MOTOR VEHICLE,0,0,0,0,0,0,0,0,0,0,1,0,1
2017,Odisha,BOLANGIR RTO - OR3( 25-DEC-2017 ),3,HEAVY PASSENGER VEHICLE,0,0,2,4,0,0,0,0,0,0,0,0,6
2017,Odisha,BOLANGIR RTO - OR3( 25-DEC-2017 ),4,LIGHT GOODS VEHICLE,127,120,164,85,137,77,201,92,189,189,201,85,"1,667"
2017,Odisha,BOLANGIR RTO - OR3( 25-DEC-2017 ),5,LIGHT MOTOR VEHICLE,85,107,77,93,84,79,105,95,90,171,105,55,"1,146"
2017,Odisha,BOLANGIR RTO - OR3( 25-DEC-2017 ),6,LIGHT PASSENGER VEHICLE,27,15,19,14,24,9,10,13,13,26,16,9,195
2017,Odisha,BOLANGIR RTO - OR3( 25-DEC-2017 ),7,MEDIUM GOODS VEHICLE,5,5,6,2,9,5,5,4,5,3,6,4,59
2017,Odisha,BOLANGIR RTO - OR3( 25-DEC-2017 ),8,MEDIUM PASSENGER VEHICLE,1,2,5,0,0,0,2,1,0,5,0,0,16
2017,Odisha,BOLANGIR RTO - OR3( 25-DEC-2017 ),9,OTHER THAN MENTIONED ABOVE,1,1,1,3,1,0,1,0,0,1,0,1,10
2017,Odisha,BOLANGIR RTO - OR3( 25-DEC-2017 ),10,THREE WHEELER(T),23,17,38,53,15,30,33,25,26,57,37,22,376
2017,Odisha,BOLANGIR RTO - OR3( 25-DEC-2017 ),11,TWO WHEELER(NT),"1,518","2,257","2,723","2,031","3,162","1,414","1,210","1,017","1,768","2,069","1,351","1,356","21,876"
2017,Odisha,BOUDH RTO - OR27( 23-OCT-2017 ),1,HEAVY GOODS VEHICLE,1,1,1,1,0,1,0,0,1,0,0,0,6
2017,Odisha,BOUDH RTO - OR27( 23-OCT-2017 ),2,LIGHT GOODS VEHICLE,12,19,47,8,48,17,16,16,39,3,6,13,244
2017,Odisha,BOUDH RTO - OR27( 23-OCT-2017 ),3,LIGHT MOTOR VEHICLE,5,9,9,2,12,5,10,2,14,6,1,2,77
2017,Odisha,BOUDH RTO - OR27( 23-OCT-2017 ),4,LIGHT PASSENGER VEHICLE,2,2,3,1,4,0,2,1,1,0,1,2,19
2017,Odisha,BOUDH RTO - OR27( 23-OCT-2017 ),5,MEDIUM GOODS VEHICLE,2,1,4,3,3,1,5,1,1,0,0,1,22
2017,Odisha,BOUDH RTO - OR27( 23-OCT-2017 ),6,MEDIUM PASSENGER VEHICLE,0,0,0,0,0,0,0,0,1,0,0,0,1
2017,Odisha,BOUDH RTO - OR27( 23-OCT-2017 ),7,THREE WHEELER(T),2,5,11,14,19,7,5,6,10,0,0,1,80
2017,Odisha,BOUDH RTO - OR27( 23-OCT-2017 ),8,TWO WHEELER(NT),133,188,472,236,676,293,221,78,289,141,3,295,"3,025"
2017,Odisha,CHANDIKHOLE RTO - OR4( 23-OCT-2017 ),1,HEAVY GOODS VEHICLE,84,80,88,107,99,75,78,91,86,142,175,116,"1,221"
2017,Odisha,CHANDIKHOLE RTO - OR4( 23-OCT-2017 ),2,HEAVY MOTOR VEHICLE,0,0,2,0,0,2,0,0,0,1,1,2,8
2017,Odisha,CHANDIKHOLE RTO - OR4( 23-OCT-2017 ),3,HEAVY PASSENGER VEHICLE,0,3,1,3,0,0,0,0,2,1,1,0,11
2017,Odisha,CHANDIKHOLE RTO - OR4( 23-OCT-2017 ),4,LIGHT GOODS VEHICLE,106,97,121,105,129,82,119,83,78,77,83,77,"1,157"
2017,Odisha,CHANDIKHOLE RTO - OR4( 23-OCT-2017 ),5,LIGHT MOTOR VEHICLE,38,39,30,33,42,34,50,28,32,30,36,33,425
2017,Odisha,CHANDIKHOLE RTO - OR4( 23-OCT-2017 ),6,LIGHT PASSENGER VEHICLE,8,8,3,6,10,4,10,8,9,9,8,10,93
2017,Odisha,CHANDIKHOLE RTO - OR4( 23-OCT-2017 ),7,MEDIUM GOODS VEHICLE,10,4,3,14,5,4,6,8,10,2,10,5,81
2017,Odisha,CHANDIKHOLE RTO - OR4( 23-OCT-2017 ),8,MEDIUM MOTOR VEHICLE,0,0,0,0,0,1,5,1,1,0,0,3,11
2017,Odisha,CHANDIKHOLE RTO - OR4( 23-OCT-2017 ),9,MEDIUM PASSENGER VEHICLE,2,3,0,3,2,1,1,0,1,1,1,0,15
2017,Odisha,CHANDIKHOLE RTO - OR4( 23-OCT-2017 ),10,OTHER THAN MENTIONED ABOVE,1,0,0,0,0,0,0,0,2,0,0,2,5
2017,Odisha,CHANDIKHOLE RTO - OR4( 23-OCT-2017 ),11,THREE WHEELER(T),34,46,48,78,44,45,34,29,26,42,33,31,490
2017,Odisha,CHANDIKHOLE RTO - OR4( 23-OCT-2017 ),12,TWO WHEELER(NT),729,762,916,"1,168","1,213",764,864,513,437,659,948,870,"9,843"
2017,Odisha,CUTTACK RTO - OR5( 31-MAY-2017 ),1,HEAVY GOODS VEHICLE,94,95,145,117,92,43,18,66,47,125,102,94,"1,038"
2017,Odisha,CUTTACK RTO - OR5( 31-MAY-2017 ),2,HEAVY MOTOR VEHICLE,0,0,2,0,0,2,0,1,0,1,6,2,14
2017,Odisha,CUTTACK RTO - OR5( 31-MAY-2017 ),3,HEAVY PASSENGER VEHICLE,6,2,7,5,8,3,2,3,0,3,3,4,46
2017,Odisha,CUTTACK RTO - OR5( 31-MAY-2017 ),4,LIGHT GOODS VEHICLE,162,151,219,191,257,75,195,239,152,300,190,164,"2,295"
2017,Odisha,CUTTACK RTO - OR5( 31-MAY-2017 ),5,LIGHT MOTOR VEHICLE,448,469,360,348,558,248,427,335,269,585,368,358,"4,773"
2017,Odisha,CUTTACK RTO - OR5( 31-MAY-2017 ),6,LIGHT PASSENGER VEHICLE,59,51,67,36,94,50,41,36,50,71,42,48,645
2017,Odisha,CUTTACK RTO - OR5( 31-MAY-2017 ),7,MEDIUM GOODS VEHICLE,4,4,3,2,2,0,1,2,0,5,3,5,31
2017,Odisha,CUTTACK RTO - OR5( 31-MAY-2017 ),8,MEDIUM MOTOR VEHICLE,0,0,1,0,0,1,2,1,0,0,0,0,5
2017,Odisha,CUTTACK RTO - OR5( 31-MAY-2017 ),9,MEDIUM PASSENGER VEHICLE,7,3,12,14,2,2,6,2,5,6,3,3,65
2017,Odisha,CUTTACK RTO - OR5( 31-MAY-2017 ),10,OTHER THAN MENTIONED ABOVE,12,7,24,12,15,1,2,0,2,2,6,2,85
2017,Odisha,CUTTACK RTO - OR5( 31-MAY-2017 ),11,THREE WHEELER(T),69,74,110,126,81,34,69,78,58,119,84,90,992
2017,Odisha,CUTTACK RTO - OR5( 31-MAY-2017 ),12,TWO WHEELER(NT),"3,523","4,169","4,462","5,856","5,724","2,066","5,997","4,664","3,352","8,846","5,290","3,772","57,721"
2017,Odisha,CUTTACK RTO - OR5( 31-MAY-2017 ),13,TWO WHEELER(T),1,0,0,0,0,0,1,0,1,0,0,0,3
2017,Odisha,DEOGARH RTO - OR28( 23-OCT-2017 ),1,HEAVY GOODS VEHICLE,0,0,4,0,0,0,0,0,1,2,0,1,8
2017,Odisha,DEOGARH RTO - OR28( 23-OCT-2017 ),2,HEAVY PASSENGER VEHICLE,0,0,0,0,1,1,0,2,0,0,0,0,4
2017,Odisha,DEOGARH RTO - OR28( 23-OCT-2017 ),3,LIGHT GOODS VEHICLE,7,19,16,12,15,14,20,10,6,17,11,11,158
2017,Odisha,DEOGARH RTO - OR28( 23-OCT-2017 ),4,LIGHT MOTOR VEHICLE,17,13,12,7,12,8,16,6,6,9,4,10,120
2017,Odisha,DEOGARH RTO - OR28( 23-OCT-2017 ),5,LIGHT PASSENGER VEHICLE,2,9,4,3,3,5,4,2,3,5,5,2,47
2017,Odisha,DEOGARH RTO - OR28( 23-OCT-2017 ),6,MEDIUM GOODS VEHICLE,1,2,2,0,3,0,5,0,0,2,3,1,19
2017,Odisha,DEOGARH RTO - OR28( 23-OCT-2017 ),7,MEDIUM PASSENGER VEHICLE,0,0,0,1,0,0,0,1,2,0,1,0,5
2017,Odisha,DEOGARH RTO - OR28( 23-OCT-2017 ),8,THREE WHEELER(T),3,1,3,2,6,2,2,3,2,3,0,1,28
2017,Odisha,DEOGARH RTO - OR28( 23-OCT-2017 ),9,TWO WHEELER(NT),110,131,174,277,148,53,156,191,141,356,102,111,"1,950"
2017,Odisha,DHENKANAL RTO - OR6( 07-NOV-2017 ),1,HEAVY GOODS VEHICLE,12,11,13,3,14,12,2,4,7,5,3,5,91
2017,Odisha,DHENKANAL RTO - OR6( 07-NOV-2017 ),2,HEAVY MOTOR VEHICLE,0,0,0,0,0,1,1,0,1,0,0,0,3
2017,Odisha,DHENKANAL RTO - OR6( 07-NOV-2017 ),3,HEAVY PASSENGER VEHICLE,0,0,0,0,0,0,0,0,0,0,1,1,2
2017,Odisha,DHENKANAL RTO - OR6( 07-NOV-2017 ),4,LIGHT GOODS VEHICLE,46,52,61,34,48,43,78,42,54,66,12,35,571
2017,Odisha,DHENKANAL RTO - OR6( 07-NOV-2017 ),5,LIGHT MOTOR VEHICLE,32,40,31,9,37,39,31,25,26,41,19,22,352
2017,Odisha,DHENKANAL RTO - OR6( 07-NOV-2017 ),6,LIGHT PASSENGER VEHICLE,2,3,1,3,8,5,6,5,4,5,0,1,43
2017,Odisha,DHENKANAL RTO - OR6( 07-NOV-2017 ),7,MEDIUM GOODS VEHICLE,4,4,3,1,2,8,3,3,2,2,1,7,40
2017,Odisha,DHENKANAL RTO - OR6( 07-NOV-2017 ),8,MEDIUM MOTOR VEHICLE,0,0,0,0,0,0,2,0,0,1,0,0,3
2017,Odisha,DHENKANAL RTO - OR6( 07-NOV-2017 ),9,MEDIUM PASSENGER VEHICLE,0,0,0,6,0,0,2,1,0,0,0,0,9
2017,Odisha,DHENKANAL RTO - OR6( 07-NOV-2017 ),10,OTHER THAN MENTIONED ABOVE,0,1,0,0,0,0,0,0,0,0,1,0,2
2017,Odisha,DHENKANAL RTO - OR6( 07-NOV-2017 ),11,THREE WHEELER(NT),0,0,0,0,0,0,0,0,0,0,0,1,1
2017,Odisha,DHENKANAL RTO - OR6( 07-NOV-2017 ),12,THREE WHEELER(T),13,15,21,14,16,13,25,22,33,33,16,26,247
2017,Odisha,DHENKANAL RTO - OR6( 07-NOV-2017 ),13,TWO WHEELER (INVALID CARRIAGE),0,0,0,0,0,2,0,0,0,0,0,0,2
2017,Odisha,DHENKANAL RTO - OR6( 07-NOV-2017 ),14,TWO WHEELER(NT),731,"1,040","1,210","1,091","1,245","1,180","1,114",957,770,"2,086",406,"1,406","13,236"
2017,Odisha,GAJAPATI RTO - OR20( 07-NOV-2017 ),1,HEAVY GOODS VEHICLE,0,0,0,2,1,0,0,0,1,0,2,0,6
2017,Odisha,GAJAPATI RTO - OR20( 07-NOV-2017 ),2,LIGHT GOODS VEHICLE,15,17,25,30,39,30,38,26,12,26,25,24,307
2017,Odisha,GAJAPATI RTO - OR20( 07-NOV-2017 ),3,LIGHT MOTOR VEHICLE,5,4,3,4,12,3,15,10,6,22,12,12,108
2017,Odisha,GAJAPATI RTO - OR20( 07-NOV-2017 ),4,LIGHT PASSENGER VEHICLE,0,0,1,3,1,2,0,1,1,3,2,2,16
2017,Odisha,GAJAPATI RTO - OR20( 07-NOV-2017 ),5,MEDIUM GOODS VEHICLE,1,0,3,3,1,1,0,0,0,1,0,0,10
2017,Odisha,GAJAPATI RTO - OR20( 07-NOV-2017 ),6,MEDIUM MOTOR VEHICLE,0,0,0,0,0,0,1,0,0,0,0,0,1
2017,Odisha,GAJAPATI RTO - OR20( 07-NOV-2017 ),7,MEDIUM PASSENGER VEHICLE,0,0,0,1,0,0,0,0,0,4,0,1,6
2017,Odisha,GAJAPATI RTO - OR20( 07-NOV-2017 ),8,OTHER THAN MENTIONED ABOVE,0,0,0,0,1,0,0,0,0,0,0,0,1
2017,Odisha,GAJAPATI RTO - OR20( 07-NOV-2017 ),9,THREE WHEELER(T),1,1,2,8,6,8,11,5,2,11,1,19,75
2017,Odisha,GAJAPATI RTO - OR20( 07-NOV-2017 ),10,TWO WHEELER(NT),118,55,199,222,390,351,282,201,168,420,20,274,"2,700"
2017,Odisha,GANJAM RTO - OR7( 04-DEC-2017 ),1,HEAVY GOODS VEHICLE,34,33,47,38,22,32,26,16,25,33,15,43,364
2017,Odisha,GANJAM RTO - OR7( 04-DEC-2017 ),2,HEAVY MOTOR VEHICLE,0,0,1,0,0,0,1,1,0,3,0,2,8
2017,Odisha,GANJAM RTO - OR7( 04-DEC-2017 ),3,HEAVY PASSENGER VEHICLE,1,0,0,3,3,0,1,3,1,0,3,0,15
2017,Odisha,GANJAM RTO - OR7( 04-DEC-2017 ),4,LIGHT GOODS VEHICLE,115,168,152,129,153,248,181,147,201,184,241,72,"1,991"
2017,Odisha,GANJAM RTO - OR7( 04-DEC-2017 ),5,LIGHT MOTOR VEHICLE,134,153,138,164,141,113,155,139,102,206,194,60,"1,699"
2017,Odisha,GANJAM RTO - OR7( 04-DEC-2017 ),6,LIGHT PASSENGER VEHICLE,14,17,30,26,13,34,22,25,16,23,28,15,263
2017,Odisha,GANJAM RTO - OR7( 04-DEC-2017 ),7,MEDIUM GOODS VEHICLE,9,12,14,8,4,5,3,5,6,4,8,9,87
2017,Odisha,GANJAM RTO - OR7( 04-DEC-2017 ),8,MEDIUM MOTOR VEHICLE,0,0,0,0,0,1,1,2,0,0,2,0,6
2017,Odisha,GANJAM RTO - OR7( 04-DEC-2017 ),9,MEDIUM PASSENGER VEHICLE,1,4,7,5,1,4,2,4,4,5,0,1,38
2017,Odisha,GANJAM RTO - OR7( 04-DEC-2017 ),10,OTHER THAN MENTIONED ABOVE,0,0,1,0,0,0,0,0,0,0,0,1,2
2017,Odisha,GANJAM RTO - OR7( 04-DEC-2017 ),11,THREE WHEELER(T),86,96,165,128,121,113,80,93,91,196,149,100,"1,418"
2017,Odisha,GANJAM RTO - OR7( 04-DEC-2017 ),12,TWO WHEELER (INVALID CARRIAGE),1,4,1,0,1,1,5,1,1,1,0,0,16
2017,Odisha,GANJAM RTO - OR7( 04-DEC-2017 ),13,TWO WHEELER(NT),"1,696","2,205","3,237","3,613","4,538","3,544","3,843","2,373","2,349","3,613","5,640","1,223","37,874"
2017,Odisha,JAGATSINGHPUR RTO - OR21( 04-DEC-2017 ),1,HEAVY GOODS VEHICLE,20,26,21,12,9,10,28,21,30,27,21,11,236
2017,Odisha,JAGATSINGHPUR RTO - OR21( 04-DEC-2017 ),2,HEAVY MOTOR VEHICLE,0,0,0,5,0,0,1,0,1,0,0,1,8
2017,Odisha,JAGATSINGHPUR RTO - OR21( 04-DEC-2017 ),3,HEAVY PASSENGER VEHICLE,0,0,1,0,0,0,0,0,0,0,0,0,1
2017,Odisha,JAGATSINGHPUR RTO - OR21( 04-DEC-2017 ),4,LIGHT GOODS VEHICLE,56,47,83,31,53,36,60,47,90,43,66,19,631
2017,Odisha,JAGATSINGHPUR RTO - OR21( 04-DEC-2017 ),5,LIGHT MOTOR VEHICLE,14,19,22,10,16,13,40,20,18,9,18,6,205
2017,Odisha,JAGATSINGHPUR RTO - OR21( 04-DEC-2017 ),6,LIGHT PASSENGER VEHICLE,7,7,8,5,5,7,5,6,11,11,8,10,90
2017,Odisha,JAGATSINGHPUR RTO - OR21( 04-DEC-2017 ),7,MEDIUM GOODS VEHICLE,3,2,5,1,0,1,2,3,3,3,1,1,25
2017,Odisha,JAGATSINGHPUR RTO - OR21( 04-DEC-2017 ),8,MEDIUM MOTOR VEHICLE,0,0,0,0,0,0,1,0,0,0,2,1,4
2017,Odisha,JAGATSINGHPUR RTO - OR21( 04-DEC-2017 ),9,OTHER THAN MENTIONED ABOVE,2,0,0,0,0,0,0,0,0,0,0,1,3
2017,Odisha,JAGATSINGHPUR RTO - OR21( 04-DEC-2017 ),10,THREE WHEELER(T),12,20,29,30,22,10,20,10,28,21,34,11,247
2017,Odisha,JAGATSINGHPUR RTO - OR21( 04-DEC-2017 ),11,TWO WHEELER(NT),976,"1,145","1,634",947,"1,734",897,501,"1,568","1,555","1,404","1,994",708,"15,063"
2017,Odisha,JAJPUR RTO - OR34( 23-OCT-2017 ),1,HEAVY GOODS VEHICLE,13,27,31,17,5,9,22,6,10,23,27,17,207
2017,Odisha,JAJPUR RTO - OR34( 23-OCT-2017 ),2,HEAVY MOTOR VEHICLE,0,0,0,0,1,0,0,0,0,0,0,0,1
2017,Odisha,JAJPUR RTO - OR34( 23-OCT-2017 ),3,HEAVY PASSENGER VEHICLE,0,0,0,0,0,0,0,0,0,2,0,0,2
2017,Odisha,JAJPUR RTO - OR34( 23-OCT-2017 ),4,LIGHT GOODS VEHICLE,72,93,100,56,80,41,65,48,34,57,48,39,733
2017,Odisha,JAJPUR RTO - OR34( 23-OCT-2017 ),5,LIGHT MOTOR VEHICLE,21,73,41,15,29,40,60,49,47,53,36,82,546
2017,Odisha,JAJPUR RTO - OR34( 23-OCT-2017 ),6,LIGHT PASSENGER VEHICLE,11,12,20,10,11,10,16,11,14,18,9,25,167
2017,Odisha,JAJPUR RTO - OR34( 23-OCT-2017 ),7,MEDIUM GOODS VEHICLE,5,7,7,3,1,3,2,3,1,1,0,5,38
2017,Odisha,JAJPUR RTO - OR34( 23-OCT-2017 ),8,MEDIUM MOTOR VEHICLE,0,0,0,1,0,0,1,0,0,0,0,0,2
2017,Odisha,JAJPUR RTO - OR34( 23-OCT-2017 ),9,MEDIUM PASSENGER VEHICLE,0,0,0,0,0,0,0,1,0,2,0,1,4
2017,Odisha,JAJPUR RTO - OR34( 23-OCT-2017 ),10,OTHER THAN MENTIONED ABOVE,2,1,0,0,4,0,2,0,0,0,0,1,10
2017,Odisha,JAJPUR RTO - OR34( 23-OCT-2017 ),11,THREE WHEELER(T),26,21,47,66,37,21,22,33,38,69,21,38,439
2017,Odisha,JAJPUR RTO - OR34( 23-OCT-2017 ),12,TWO WHEELER(NT),663,"3,151","1,958","1,855","3,007","1,726","2,396","1,504","1,642","1,634","1,720","4,368","25,624"
2017,Odisha,JHARSUGUDA RTO - OR23( 07-NOV-2017 ),1,HEAVY GOODS VEHICLE,21,32,50,44,30,23,46,32,24,41,92,42,477
2017,Odisha,JHARSUGUDA RTO - OR23( 07-NOV-2017 ),2,HEAVY MOTOR VEHICLE,0,4,2,1,4,0,1,2,4,9,2,1,30
2017,Odisha,JHARSUGUDA RTO - OR23( 07-NOV-2017 ),3,HEAVY PASSENGER VEHICLE,2,2,0,1,1,0,1,0,1,0,1,2,11
2017,Odisha,JHARSUGUDA RTO - OR23( 07-NOV-2017 ),4,LIGHT GOODS VEHICLE,35,34,65,50,50,46,39,44,45,39,48,41,536
2017,Odisha,JHARSUGUDA RTO - OR23( 07-NOV-2017 ),5,LIGHT MOTOR VEHICLE,83,104,98,68,91,90,147,83,121,172,69,101,"1,227"
2017,Odisha,JHARSUGUDA RTO - OR23( 07-NOV-2017 ),6,LIGHT PASSENGER VEHICLE,10,12,10,12,11,7,15,8,11,17,10,18,141
2017,Odisha,JHARSUGUDA RTO - OR23( 07-NOV-2017 ),7,MEDIUM GOODS VEHICLE,0,5,3,6,6,4,8,0,4,3,2,5,46
2017,Odisha,JHARSUGUDA RTO - OR23( 07-NOV-2017 ),8,MEDIUM MOTOR VEHICLE,1,1,3,3,0,1,1,0,2,1,2,1,16
2017,Odisha,JHARSUGUDA RTO - OR23( 07-NOV-2017 ),9,MEDIUM PASSENGER VEHICLE,4,0,1,2,0,0,0,0,2,1,3,0,13
2017,Odisha,JHARSUGUDA RTO - OR23( 07-NOV-2017 ),10,OTHER THAN MENTIONED ABOVE,1,8,6,4,1,1,3,0,0,1,5,1,31
2017,Odisha,JHARSUGUDA RTO - OR23( 07-NOV-2017 ),11,THREE WHEELER(T),8,8,13,10,8,16,14,11,19,18,14,14,153
2017,Odisha,JHARSUGUDA RTO - OR23( 07-NOV-2017 ),12,TWO WHEELER(NT),571,852,954,"1,437","1,211",877,916,654,"1,015","1,797","1,037",891,"12,212"
2017,Odisha,KALAHANDI RTO - OR8( 23-OCT-2017 ),1,HEAVY GOODS VEHICLE,20,22,13,13,8,6,2,4,7,7,3,5,110
2017,Odisha,KALAHANDI RTO - OR8( 23-OCT-2017 ),2,HEAVY MOTOR VEHICLE,0,1,0,2,1,2,2,0,0,0,0,0,8
2017,Odisha,KALAHANDI RTO - OR8( 23-OCT-2017 ),3,HEAVY PASSENGER VEHICLE,1,2,5,4,0,0,2,1,0,0,6,2,23
2017,Odisha,KALAHANDI RTO - OR8( 23-OCT-2017 ),4,LIGHT GOODS VEHICLE,88,137,131,253,82,57,201,133,113,65,58,201,"1,519"
2017,Odisha,KALAHANDI RTO - OR8( 23-OCT-2017 ),5,LIGHT MOTOR VEHICLE,68,87,73,84,67,58,90,53,60,44,36,100,820
2017,Odisha,KALAHANDI RTO - OR8( 23-OCT-2017 ),6,LIGHT PASSENGER VEHICLE,11,9,15,17,7,9,8,4,9,2,20,18,129
2017,Odisha,KALAHANDI RTO - OR8( 23-OCT-2017 ),7,MEDIUM GOODS VEHICLE,9,3,2,5,5,2,6,1,1,1,3,2,40
2017,Odisha,KALAHANDI RTO - OR8( 23-OCT-2017 ),8,MEDIUM MOTOR VEHICLE,3,2,2,1,2,1,3,2,2,1,0,1,20
2017,Odisha,KALAHANDI RTO - OR8( 23-OCT-2017 ),9,MEDIUM PASSENGER VEHICLE,0,0,0,1,0,1,1,3,2,0,1,0,9
2017,Odisha,KALAHANDI RTO - OR8( 23-OCT-2017 ),10,OTHER THAN MENTIONED ABOVE,1,0,1,0,0,0,0,0,0,0,1,0,3
2017,Odisha,KALAHANDI RTO - OR8( 23-OCT-2017 ),11,THREE WHEELER(T),31,22,28,54,40,31,32,26,11,25,6,50,356
2017,Odisha,KALAHANDI RTO - OR8( 23-OCT-2017 ),12,TWO WHEELER(NT),822,"1,821","1,647","1,853","3,597","1,955","1,258",902,922,"1,161",491,"1,300","17,729"
2017,Odisha,KENDRAPARA RTO - OR29( 23-OCT-2017 ),1,HEAVY GOODS VEHICLE,41,30,38,37,29,35,25,22,31,43,49,28,408
2017,Odisha,KENDRAPARA RTO - OR29( 23-OCT-2017 ),2,LIGHT GOODS VEHICLE,54,87,148,69,63,44,93,78,87,78,55,76,932
2017,Odisha,KENDRAPARA RTO - OR29( 23-OCT-2017 ),3,LIGHT MOTOR VEHICLE,5,11,17,13,15,13,20,12,12,7,14,23,162
2017,Odisha,KENDRAPARA RTO - OR29( 23-OCT-2017 ),4,LIGHT PASSENGER VEHICLE,8,5,8,3,7,9,16,4,7,8,12,8,95
2017,Odisha,KENDRAPARA RTO - OR29( 23-OCT-2017 ),5,MEDIUM GOODS VEHICLE,3,2,8,1,3,2,5,0,1,2,2,2,31
2017,Odisha,KENDRAPARA RTO - OR29( 23-OCT-2017 ),6,MEDIUM MOTOR VEHICLE,0,0,0,1,0,1,1,0,0,0,0,0,3
2017,Odisha,KENDRAPARA RTO - OR29( 23-OCT-2017 ),7,MEDIUM PASSENGER VEHICLE,0,0,0,1,0,0,0,1,0,0,0,0,2
2017,Odisha,KENDRAPARA RTO - OR29( 23-OCT-2017 ),8,THREE WHEELER(T),35,35,51,55,53,21,38,34,40,51,44,32,489
2017,Odisha,KENDRAPARA RTO - OR29( 23-OCT-2017 ),9,TWO WHEELER(NT),628,892,"1,012","1,083","1,233",847,903,629,747,728,661,"1,212","10,575"
2017,Odisha,KEONJHAR RTO - OR9( 04-DEC-2017 ),1,HEAVY GOODS VEHICLE,22,19,44,56,26,14,27,25,42,37,38,19,369
2017,Odisha,KEONJHAR RTO - OR9( 04-DEC-2017 ),2,HEAVY PASSENGER VEHICLE,0,0,4,0,0,0,0,0,0,2,2,0,8
2017,Odisha,KEONJHAR RTO - OR9( 04-DEC-2017 ),3,LIGHT GOODS VEHICLE,53,33,148,81,134,108,143,76,107,153,335,35,"1,406"
2017,Odisha,KEONJHAR RTO - OR9( 04-DEC-2017 ),4,LIGHT MOTOR VEHICLE,16,30,33,19,35,19,46,28,38,34,59,10,367
2017,Odisha,KEONJHAR RTO - OR9( 04-DEC-2017 ),5,LIGHT PASSENGER VEHICLE,4,3,6,4,6,3,13,7,10,18,14,2,90
2017,Odisha,KEONJHAR RTO - OR9( 04-DEC-2017 ),6,MEDIUM GOODS VEHICLE,5,3,6,4,1,5,3,6,5,4,9,0,51
2017,Odisha,KEONJHAR RTO - OR9( 04-DEC-2017 ),7,MEDIUM MOTOR VEHICLE,0,0,0,1,0,0,0,0,0,0,0,0,1
2017,Odisha,KEONJHAR RTO - OR9( 04-DEC-2017 ),8,MEDIUM PASSENGER VEHICLE,2,0,2,6,1,1,0,2,0,0,0,0,14
2017,Odisha,KEONJHAR RTO - OR9( 04-DEC-2017 ),9,THREE WHEELER(T),30,59,96,58,59,65,45,47,54,130,162,48,853
2017,Odisha,KEONJHAR RTO - OR9( 04-DEC-2017 ),10,TWO WHEELER(NT),607,"1,044","1,115","1,293",869,"1,715","1,581","1,104",898,"1,254","3,026",30,"14,536"
2017,Odisha,KHORDHA ARTO - OR201( 20-JAN-2018 ),1,HEAVY GOODS VEHICLE,22,30,20,27,18,11,21,12,8,15,9,17,210
2017,Odisha,KHORDHA ARTO - OR201( 20-JAN-2018 ),2,LIGHT GOODS VEHICLE,48,44,42,46,42,25,55,29,58,52,54,13,508
2017,Odisha,KHORDHA ARTO - OR201( 20-JAN-2018 ),3,LIGHT MOTOR VEHICLE,27,18,29,35,26,16,25,21,31,40,28,23,319
2017,Odisha,KHORDHA ARTO - OR201( 20-JAN-2018 ),4,LIGHT PASSENGER VEHICLE,6,3,7,4,3,10,9,1,3,8,3,7,64
2017,Odisha,KHORDHA ARTO - OR201( 20-JAN-2018 ),5,MEDIUM GOODS VEHICLE,2,6,7,3,2,5,14,3,1,4,2,3,52
2017,Odisha,KHORDHA ARTO - OR201( 20-JAN-2018 ),6,MEDIUM PASSENGER VEHICLE,1,0,2,0,1,1,0,0,1,1,0,0,7
2017,Odisha,KHORDHA ARTO - OR201( 20-JAN-2018 ),7,THREE WHEELER(T),39,23,50,49,45,20,41,29,26,55,47,16,440
2017,Odisha,KHORDHA ARTO - OR201( 20-JAN-2018 ),8,TWO WHEELER(NT),214,368,460,439,563,339,458,511,509,500,804,551,"5,716"
2017,Odisha,KORAPUT RTO - OR10( 25-DEC-2017 ),1,HEAVY GOODS VEHICLE,15,13,18,21,9,2,11,8,11,13,21,10,152
2017,Odisha,KORAPUT RTO - OR10( 25-DEC-2017 ),2,HEAVY MOTOR VEHICLE,0,0,2,0,1,6,0,3,3,1,0,3,19
2017,Odisha,KORAPUT RTO - OR10( 25-DEC-2017 ),3,HEAVY PASSENGER VEHICLE,4,2,7,6,3,1,0,3,3,0,9,4,42
2017,Odisha,KORAPUT RTO - OR10( 25-DEC-2017 ),4,LIGHT GOODS VEHICLE,74,54,116,46,111,83,94,70,86,104,123,180,"1,141"
2017,Odisha,KORAPUT RTO - OR10( 25-DEC-2017 ),5,LIGHT MOTOR VEHICLE,61,61,79,62,84,84,83,49,75,116,123,83,960
2017,Odisha,KORAPUT RTO - OR10( 25-DEC-2017 ),6,LIGHT PASSENGER VEHICLE,5,15,11,10,11,14,8,12,16,12,17,11,142
2017,Odisha,KORAPUT RTO - OR10( 25-DEC-2017 ),7,MEDIUM GOODS VEHICLE,1,1,5,0,2,0,0,0,2,1,1,6,19
2017,Odisha,KORAPUT RTO - OR10( 25-DEC-2017 ),8,MEDIUM MOTOR VEHICLE,3,1,2,0,2,2,2,0,2,3,4,5,26
2017,Odisha,KORAPUT RTO - OR10( 25-DEC-2017 ),9,MEDIUM PASSENGER VEHICLE,0,0,1,0,1,0,0,1,1,0,0,0,4
2017,Odisha,KORAPUT RTO - OR10( 25-DEC-2017 ),10,OTHER THAN MENTIONED ABOVE,0,0,1,0,0,0,0,0,0,0,0,0,1
2017,Odisha,KORAPUT RTO - OR10( 25-DEC-2017 ),11,THREE WHEELER(T),24,38,66,36,74,49,59,42,54,39,92,47,620
2017,Odisha,KORAPUT RTO - OR10( 25-DEC-2017 ),12,TWO WHEELER(NT),"1,030","1,304","1,665","1,539","2,326","1,485","1,823","1,109","1,121","2,195","2,483","1,464","19,544"
2017,Odisha,MALKANAGIRI RTO - OR30( 25-DEC-2017 ),1,HEAVY GOODS VEHICLE,1,25,5,6,7,4,2,4,3,9,5,4,75
2017,Odisha,MALKANAGIRI RTO - OR30( 25-DEC-2017 ),2,HEAVY PASSENGER VEHICLE,0,0,1,0,1,0,0,0,0,0,0,0,2
2017,Odisha,MALKANAGIRI RTO - OR30( 25-DEC-2017 ),3,LIGHT GOODS VEHICLE,16,28,76,17,92,34,24,50,65,76,61,61,600
2017,Odisha,MALKANAGIRI RTO - OR30( 25-DEC-2017 ),4,LIGHT MOTOR VEHICLE,11,16,10,18,25,10,16,23,8,20,22,13,192
2017,Odisha,MALKANAGIRI RTO - OR30( 25-DEC-2017 ),5,LIGHT PASSENGER VEHICLE,1,1,1,1,2,1,4,0,2,0,3,0,16
2017,Odisha,MALKANAGIRI RTO - OR30( 25-DEC-2017 ),6,MEDIUM GOODS VEHICLE,1,3,1,4,4,2,1,1,2,2,0,1,22
2017,Odisha,MALKANAGIRI RTO - OR30( 25-DEC-2017 ),7,MEDIUM PASSENGER VEHICLE,0,0,1,0,0,0,0,0,0,0,0,0,1
2017,Odisha,MALKANAGIRI RTO - OR30( 25-DEC-2017 ),8,THREE WHEELER(T),16,25,34,19,47,23,16,25,19,33,48,28,333
2017,Odisha,MALKANAGIRI RTO - OR30( 25-DEC-2017 ),9,TWO WHEELER(NT),168,303,228,311,916,515,"1,187",413,299,582,605,710,"6,237"
2017,Odisha,MAYURBHANJ RTO - OR11( 08-NOV-2017 ),1,HEAVY GOODS VEHICLE,7,9,15,20,12,9,26,24,2,7,20,27,178
2017,Odisha,MAYURBHANJ RTO - OR11( 08-NOV-2017 ),2,HEAVY PASSENGER VEHICLE,1,0,3,4,3,5,1,1,2,1,2,3,26
2017,Odisha,MAYURBHANJ RTO - OR11( 08-NOV-2017 ),3,LIGHT GOODS VEHICLE,72,89,138,117,117,114,107,97,75,117,24,97,"1,164"
2017,Odisha,MAYURBHANJ RTO - OR11( 08-NOV-2017 ),4,LIGHT MOTOR VEHICLE,88,68,53,83,105,85,97,87,68,157,37,124,"1,052"
2017,Odisha,MAYURBHANJ RTO - OR11( 08-NOV-2017 ),5,LIGHT PASSENGER VEHICLE,13,14,13,15,16,17,12,14,6,24,5,15,164
2017,Odisha,MAYURBHANJ RTO - OR11( 08-NOV-2017 ),6,MEDIUM GOODS VEHICLE,4,8,5,2,1,2,3,1,0,1,1,2,30
2017,Odisha,MAYURBHANJ RTO - OR11( 08-NOV-2017 ),7,MEDIUM PASSENGER VEHICLE,1,2,0,1,0,1,1,1,1,0,0,0,8
2017,Odisha,MAYURBHANJ RTO - OR11( 08-NOV-2017 ),8,THREE WHEELER(T),47,53,73,62,70,59,46,52,55,66,24,33,640
2017,Odisha,MAYURBHANJ RTO - OR11( 08-NOV-2017 ),9,TWO WHEELER(NT),"1,672","1,462","2,188","1,754","2,162","1,462","1,955","1,431","1,030","2,254","2,087","1,362","20,819"
2017,Odisha,NAWARANGPUR RTO - OR24( 07-NOV-2017 ),1,HEAVY GOODS VEHICLE,2,0,5,2,0,0,0,0,0,7,4,10,30
2017,Odisha,NAWARANGPUR RTO - OR24( 07-NOV-2017 ),2,HEAVY PASSENGER VEHICLE,0,1,0,0,0,0,0,0,3,0,0,0,4
2017,Odisha,NAWARANGPUR RTO - OR24( 07-NOV-2017 ),3,LIGHT GOODS VEHICLE,19,116,137,101,62,103,62,111,149,137,44,81,"1,122"
2017,Odisha,NAWARANGPUR RTO - OR24( 07-NOV-2017 ),4,LIGHT MOTOR VEHICLE,34,17,43,27,38,19,32,23,23,47,24,33,360
2017,Odisha,NAWARANGPUR RTO - OR24( 07-NOV-2017 ),5,LIGHT PASSENGER VEHICLE,5,1,4,3,3,0,2,2,1,7,1,2,31
2017,Odisha,NAWARANGPUR RTO - OR24( 07-NOV-2017 ),6,MEDIUM GOODS VEHICLE,1,0,8,1,3,0,0,3,0,2,3,0,21
2017,Odisha,NAWARANGPUR RTO - OR24( 07-NOV-2017 ),7,MEDIUM PASSENGER VEHICLE,0,0,0,1,0,0,0,0,1,2,0,0,4
2017,Odisha,NAWARANGPUR RTO - OR24( 07-NOV-2017 ),8,THREE WHEELER(T),33,18,54,42,48,38,44,21,23,61,23,47,452
2017,Odisha,NAWARANGPUR RTO - OR24( 07-NOV-2017 ),9,TWO WHEELER(NT),436,582,608,339,"1,597",963,285,739,368,"1,058",205,353,"7,533"
2017,Odisha,NAYAGARH RTO - OR25( 25-DEC-2017 ),1,HEAVY GOODS VEHICLE,6,3,1,6,3,1,6,8,3,18,14,7,76
2017,Odisha,NAYAGARH RTO - OR25( 25-DEC-2017 ),2,HEAVY PASSENGER VEHICLE,0,0,0,0,0,0,0,0,0,2,0,0,2
2017,Odisha,NAYAGARH RTO - OR25( 25-DEC-2017 ),3,LIGHT GOODS VEHICLE,31,54,52,39,40,49,38,45,41,59,58,14,520
2017,Odisha,NAYAGARH RTO - OR25( 25-DEC-2017 ),4,LIGHT MOTOR VEHICLE,10,17,24,13,18,11,25,20,15,21,30,17,221
2017,Odisha,NAYAGARH RTO - OR25( 25-DEC-2017 ),5,LIGHT PASSENGER VEHICLE,5,1,2,4,2,6,7,5,10,8,6,2,58
2017,Odisha,NAYAGARH RTO - OR25( 25-DEC-2017 ),6,MEDIUM GOODS VEHICLE,7,3,6,4,2,4,3,3,1,2,3,2,40
2017,Odisha,NAYAGARH RTO - OR25( 25-DEC-2017 ),7,MEDIUM MOTOR VEHICLE,0,1,0,0,0,0,0,0,0,0,0,0,1
2017,Odisha,NAYAGARH RTO - OR25( 25-DEC-2017 ),8,MEDIUM PASSENGER VEHICLE,0,0,1,1,0,0,0,1,1,3,0,2,9
2017,Odisha,NAYAGARH RTO - OR25( 25-DEC-2017 ),9,THREE WHEELER(T),21,34,35,38,29,28,22,25,19,46,30,28,355
2017,Odisha,NAYAGARH RTO - OR25( 25-DEC-2017 ),10,TWO WHEELER(NT),621,"1,027","1,142","1,644","1,366","1,491","1,462","1,145",958,"1,653","2,051","1,905","16,465"
2017,Odisha,NAYAGARH RTO - OR25( 25-DEC-2017 ),11,TWO WHEELER(T),0,0,1,1,0,0,0,1,0,0,0,0,3
2017,Odisha,NUAPADA RTO - OR26( 06-NOV-2017 ),1,HEAVY GOODS VEHICLE,4,1,1,1,0,3,4,2,0,0,0,1,17
2017,Odisha,NUAPADA RTO - OR26( 06-NOV-2017 ),2,HEAVY PASSENGER VEHICLE,0,0,1,0,0,0,0,0,0,0,0,0,1
2017,Odisha,NUAPADA RTO - OR26( 06-NOV-2017 ),3,LIGHT GOODS VEHICLE,36,41,37,15,22,13,81,19,34,87,41,4,430
2017,Odisha,NUAPADA RTO - OR26( 06-NOV-2017 ),4,LIGHT MOTOR VEHICLE,21,28,32,22,31,33,65,46,24,43,12,27,384
2017,Odisha,NUAPADA RTO - OR26( 06-NOV-2017 ),5,LIGHT PASSENGER VEHICLE,2,2,2,2,2,3,4,0,2,1,5,2,27
2017,Odisha,NUAPADA RTO - OR26( 06-NOV-2017 ),6,MEDIUM GOODS VEHICLE,1,2,4,0,4,6,2,2,2,1,3,1,28
2017,Odisha,NUAPADA RTO - OR26( 06-NOV-2017 ),7,THREE WHEELER(T),3,0,4,4,7,8,4,3,4,4,8,2,51
2017,Odisha,NUAPADA RTO - OR26( 06-NOV-2017 ),8,TWO WHEELER(NT),381,530,546,449,"1,020",633,774,511,399,298,276,505,"6,322"
2017,Odisha,PHULBANI RTO - OR12( 23-OCT-2017 ),1,HEAVY GOODS VEHICLE,0,0,1,1,0,0,0,1,1,3,1,0,8
2017,Odisha,PHULBANI RTO - OR12( 23-OCT-2017 ),2,HEAVY PASSENGER VEHICLE,0,0,0,0,0,0,1,1,0,0,0,0,2
2017,Odisha,PHULBANI RTO - OR12( 23-OCT-2017 ),3,LIGHT GOODS VEHICLE,14,16,22,12,15,28,34,22,22,30,34,32,281
2017,Odisha,PHULBANI RTO - OR12( 23-OCT-2017 ),4,LIGHT MOTOR VEHICLE,6,4,8,9,5,10,8,7,6,6,5,7,81
2017,Odisha,PHULBANI RTO - OR12( 23-OCT-2017 ),5,LIGHT PASSENGER VEHICLE,7,6,3,2,2,5,5,3,5,2,7,5,52
2017,Odisha,PHULBANI RTO - OR12( 23-OCT-2017 ),6,MEDIUM GOODS VEHICLE,2,1,1,4,1,1,3,3,3,0,2,2,23
2017,Odisha,PHULBANI RTO - OR12( 23-OCT-2017 ),7,MEDIUM PASSENGER VEHICLE,1,1,6,1,0,0,0,1,1,1,0,1,13
2017,Odisha,PHULBANI RTO - OR12( 23-OCT-2017 ),8,OTHER THAN MENTIONED ABOVE,0,0,0,0,0,0,0,0,0,0,1,0,1
2017,Odisha,PHULBANI RTO - OR12( 23-OCT-2017 ),9,THREE WHEELER(T),28,55,31,41,41,30,30,33,39,44,55,80,507
2017,Odisha,PHULBANI RTO - OR12( 23-OCT-2017 ),10,TWO WHEELER(NT),238,252,421,479,413,237,342,228,269,765,131,375,"4,150"
2017,Odisha,PURI RTO - OR13( 25-DEC-2017 ),1,HEAVY GOODS VEHICLE,0,0,3,1,0,0,1,1,1,1,2,2,12
2017,Odisha,PURI RTO - OR13( 25-DEC-2017 ),2,HEAVY PASSENGER VEHICLE,1,1,0,0,1,0,0,0,0,0,0,0,3
2017,Odisha,PURI RTO - OR13( 25-DEC-2017 ),3,LIGHT GOODS VEHICLE,19,42,57,27,37,26,24,27,55,34,56,23,427
2017,Odisha,PURI RTO - OR13( 25-DEC-2017 ),4,LIGHT MOTOR VEHICLE,38,42,40,18,19,27,32,29,33,26,52,26,382
2017,Odisha,PURI RTO - OR13( 25-DEC-2017 ),5,LIGHT PASSENGER VEHICLE,5,5,8,4,9,7,5,5,7,13,12,12,92
2017,Odisha,PURI RTO - OR13( 25-DEC-2017 ),6,MEDIUM GOODS VEHICLE,1,0,0,1,0,1,3,1,2,0,1,1,11
2017,Odisha,PURI RTO - OR13( 25-DEC-2017 ),7,MEDIUM PASSENGER VEHICLE,0,0,0,0,0,1,0,0,0,0,0,1,2
2017,Odisha,PURI RTO - OR13( 25-DEC-2017 ),8,THREE WHEELER(T),52,68,98,67,77,51,60,60,22,64,92,47,758
2017,Odisha,PURI RTO - OR13( 25-DEC-2017 ),9,TWO WHEELER(NT),746,"1,415","1,565","1,742","1,512","1,402","1,348","1,426",910,"1,074","2,365","2,095","17,600"
2017,Odisha,RAIRANGPUR ARTO - OR111( 08-NOV-2017 ),1,HEAVY GOODS VEHICLE,8,3,10,7,14,3,2,1,3,7,0,0,58
2017,Odisha,RAIRANGPUR ARTO - OR111( 08-NOV-2017 ),2,HEAVY PASSENGER VEHICLE,1,1,0,0,1,1,0,0,0,0,4,2,10
2017,Odisha,RAIRANGPUR ARTO - OR111( 08-NOV-2017 ),3,LIGHT GOODS VEHICLE,50,49,83,31,56,89,98,54,38,98,72,49,767
2017,Odisha,RAIRANGPUR ARTO - OR111( 08-NOV-2017 ),4,LIGHT MOTOR VEHICLE,30,20,14,14,22,19,20,24,22,30,19,11,245
2017,Odisha,RAIRANGPUR ARTO - OR111( 08-NOV-2017 ),5,LIGHT PASSENGER VEHICLE,6,7,16,7,13,10,3,9,10,15,10,8,114
2017,Odisha,RAIRANGPUR ARTO - OR111( 08-NOV-2017 ),6,MEDIUM GOODS VEHICLE,3,1,1,0,2,3,1,0,0,1,0,2,14
2017,Odisha,RAIRANGPUR ARTO - OR111( 08-NOV-2017 ),7,MEDIUM PASSENGER VEHICLE,0,0,2,0,0,0,0,0,0,0,0,0,2
2017,Odisha,RAIRANGPUR ARTO - OR111( 08-NOV-2017 ),8,THREE WHEELER(T),26,30,23,36,34,31,18,29,30,33,19,26,335
2017,Odisha,RAIRANGPUR ARTO - OR111( 08-NOV-2017 ),9,TWO WHEELER(NT),286,297,457,278,378,348,374,289,263,711,387,61,"4,129"
2017,Odisha,RAYGADA RTO - OR18( 25-DEC-2017 ),1,HEAVY GOODS VEHICLE,5,3,15,21,13,8,10,6,7,6,5,24,123
2017,Odisha,RAYGADA RTO - OR18( 25-DEC-2017 ),2,HEAVY MOTOR VEHICLE,0,1,0,0,0,0,0,0,0,0,0,0,1
2017,Odisha,RAYGADA RTO - OR18( 25-DEC-2017 ),3,HEAVY PASSENGER VEHICLE,1,1,16,0,0,0,0,0,4,1,2,0,25
2017,Odisha,RAYGADA RTO - OR18( 25-DEC-2017 ),4,LIGHT GOODS VEHICLE,36,53,65,27,55,46,113,64,39,65,97,69,729
2017,Odisha,RAYGADA RTO - OR18( 25-DEC-2017 ),5,LIGHT MOTOR VEHICLE,20,14,25,33,31,21,33,34,17,26,27,23,304
2017,Odisha,RAYGADA RTO - OR18( 25-DEC-2017 ),6,LIGHT PASSENGER VEHICLE,8,6,8,11,16,14,16,11,8,19,12,13,142
2017,Odisha,RAYGADA RTO - OR18( 25-DEC-2017 ),7,MEDIUM GOODS VEHICLE,3,7,1,2,0,3,10,6,4,1,1,9,47
2017,Odisha,RAYGADA RTO - OR18( 25-DEC-2017 ),8,MEDIUM MOTOR VEHICLE,0,0,1,1,0,0,0,0,0,0,0,0,2
2017,Odisha,RAYGADA RTO - OR18( 25-DEC-2017 ),9,MEDIUM PASSENGER VEHICLE,0,0,0,1,1,0,1,0,1,0,1,0,5
2017,Odisha,RAYGADA RTO - OR18( 25-DEC-2017 ),10,OTHER THAN MENTIONED ABOVE,1,0,0,3,2,1,6,3,0,4,2,2,24
2017,Odisha,RAYGADA RTO - OR18( 25-DEC-2017 ),11,THREE WHEELER(T),15,14,15,21,17,20,32,21,17,27,24,21,244
2017,Odisha,RAYGADA RTO - OR18( 25-DEC-2017 ),12,TWO WHEELER(NT),480,187,807,"1,349","1,354","1,011","1,035",767,736,942,770,775,"10,213"
2017,Odisha,ROURKELA RTO - OR14( 25-DEC-2017 ),1,HEAVY GOODS VEHICLE,64,58,86,82,43,54,51,49,36,71,81,44,719
2017,Odisha,ROURKELA RTO - OR14( 25-DEC-2017 ),2,HEAVY MOTOR VEHICLE,1,0,1,0,0,0,0,0,0,0,0,0,2
2017,Odisha,ROURKELA RTO - OR14( 25-DEC-2017 ),3,HEAVY PASSENGER VEHICLE,0,2,0,0,1,0,1,0,0,1,7,2,14
2017,Odisha,ROURKELA RTO - OR14( 25-DEC-2017 ),4,LIGHT GOODS VEHICLE,46,71,54,81,60,70,90,93,85,94,100,100,944
2017,Odisha,ROURKELA RTO - OR14( 25-DEC-2017 ),5,LIGHT MOTOR VEHICLE,301,238,185,241,239,190,313,236,211,314,326,214,"3,008"
2017,Odisha,ROURKELA RTO - OR14( 25-DEC-2017 ),6,LIGHT PASSENGER VEHICLE,14,14,15,15,14,20,18,10,15,20,20,5,180
2017,Odisha,ROURKELA RTO - OR14( 25-DEC-2017 ),7,MEDIUM GOODS VEHICLE,7,7,9,7,7,7,9,3,7,2,9,6,80
2017,Odisha,ROURKELA RTO - OR14( 25-DEC-2017 ),8,MEDIUM MOTOR VEHICLE,1,0,1,0,1,0,1,0,0,0,0,0,4
2017,Odisha,ROURKELA RTO - OR14( 25-DEC-2017 ),9,MEDIUM PASSENGER VEHICLE,1,2,1,1,0,5,2,0,2,0,1,0,15
2017,Odisha,ROURKELA RTO - OR14( 25-DEC-2017 ),10,OTHER THAN MENTIONED ABOVE,0,1,0,0,0,0,0,0,0,0,0,0,1
2017,Odisha,ROURKELA RTO - OR14( 25-DEC-2017 ),11,THREE WHEELER(T),62,99,60,124,86,55,61,63,92,92,146,61,"1,001"
2017,Odisha,ROURKELA RTO - OR14( 25-DEC-2017 ),12,TWO WHEELER(NT),"1,403","1,731","1,205","2,532","2,202","1,699","2,100","1,464","1,271","2,606","3,226","1,512","22,951"
2017,Odisha,SAMBALPUR RTO - OR15( 04-DEC-2017 ),1,HEAVY GOODS VEHICLE,36,63,67,67,44,31,23,37,39,42,75,42,566
2017,Odisha,SAMBALPUR RTO - OR15( 04-DEC-2017 ),2,HEAVY MOTOR VEHICLE,0,2,0,1,1,0,0,0,0,0,1,0,5
2017,Odisha,SAMBALPUR RTO - OR15( 04-DEC-2017 ),3,HEAVY PASSENGER VEHICLE,2,6,0,2,3,1,6,2,0,0,8,5,35
2017,Odisha,SAMBALPUR RTO - OR15( 04-DEC-2017 ),4,LIGHT GOODS VEHICLE,69,146,129,100,127,115,105,204,116,141,180,24,"1,456"
2017,Odisha,SAMBALPUR RTO - OR15( 04-DEC-2017 ),5,LIGHT MOTOR VEHICLE,212,185,152,159,170,174,185,157,146,313,204,39,"2,096"
2017,Odisha,SAMBALPUR RTO - OR15( 04-DEC-2017 ),6,LIGHT PASSENGER VEHICLE,7,16,11,23,9,14,13,14,18,17,12,4,158
2017,Odisha,SAMBALPUR RTO - OR15( 04-DEC-2017 ),7,MEDIUM GOODS VEHICLE,13,5,9,7,6,5,7,4,6,4,18,3,87
2017,Odisha,SAMBALPUR RTO - OR15( 04-DEC-2017 ),8,MEDIUM MOTOR VEHICLE,0,1,1,0,0,0,1,1,0,0,3,0,7
2017,Odisha,SAMBALPUR RTO - OR15( 04-DEC-2017 ),9,MEDIUM PASSENGER VEHICLE,5,3,2,5,1,3,0,0,2,11,1,1,34
2017,Odisha,SAMBALPUR RTO - OR15( 04-DEC-2017 ),10,OTHER THAN MENTIONED ABOVE,0,0,1,0,0,3,1,2,0,1,2,0,10
2017,Odisha,SAMBALPUR RTO - OR15( 04-DEC-2017 ),11,THREE WHEELER(T),38,45,48,39,46,36,38,37,36,51,44,6,464
2017,Odisha,SAMBALPUR RTO - OR15( 04-DEC-2017 ),12,TWO WHEELER(NT),"1,158","1,488","1,623","2,143","1,651","1,412","1,692","1,217","1,187","2,522","2,263",619,"18,975"
2017,Odisha,SONEPUR RTO - OR31( 08-NOV-2017 ),1,HEAVY GOODS VEHICLE,2,3,2,0,0,2,3,5,0,0,0,1,18
2017,Odisha,SONEPUR RTO - OR31( 08-NOV-2017 ),2,HEAVY PASSENGER VEHICLE,0,0,0,0,0,0,0,0,0,0,1,0,1
2017,Odisha,SONEPUR RTO - OR31( 08-NOV-2017 ),3,LIGHT GOODS VEHICLE,7,67,101,35,42,8,87,102,78,92,3,58,680
2017,Odisha,SONEPUR RTO - OR31( 08-NOV-2017 ),4,LIGHT MOTOR VEHICLE,36,22,19,17,16,10,29,22,15,31,6,10,233
2017,Odisha,SONEPUR RTO - OR31( 08-NOV-2017 ),5,LIGHT PASSENGER VEHICLE,4,1,3,0,3,3,2,2,3,6,1,4,32
2017,Odisha,SONEPUR RTO - OR31( 08-NOV-2017 ),6,MEDIUM GOODS VEHICLE,1,0,5,2,1,0,4,0,0,4,0,4,21
2017,Odisha,SONEPUR RTO - OR31( 08-NOV-2017 ),7,MEDIUM PASSENGER VEHICLE,1,0,0,0,0,0,0,0,0,0,1,0,2
2017,Odisha,SONEPUR RTO - OR31( 08-NOV-2017 ),8,THREE WHEELER(T),5,9,17,7,10,3,20,6,3,8,0,7,95
2017,Odisha,SONEPUR RTO - OR31( 08-NOV-2017 ),9,TWO WHEELER(NT),589,424,"1,434","1,326","1,888",665,"1,845",851,539,889,11,273,"10,734"
2017,Odisha,SUNDERGARH RTO - OR16( 08-NOV-2017 ),1,HEAVY GOODS VEHICLE,79,104,126,130,59,71,93,85,109,89,51,61,"1,057"
2017,Odisha,SUNDERGARH RTO - OR16( 08-NOV-2017 ),2,HEAVY PASSENGER VEHICLE,0,0,0,1,0,2,0,1,1,1,0,0,6
2017,Odisha,SUNDERGARH RTO - OR16( 08-NOV-2017 ),3,LIGHT GOODS VEHICLE,45,83,94,33,64,92,142,104,89,85,56,76,963
2017,Odisha,SUNDERGARH RTO - OR16( 08-NOV-2017 ),4,LIGHT MOTOR VEHICLE,57,52,47,45,61,46,61,49,48,78,19,12,575
2017,Odisha,SUNDERGARH RTO - OR16( 08-NOV-2017 ),5,LIGHT PASSENGER VEHICLE,10,12,9,15,11,8,8,6,9,12,8,7,115
2017,Odisha,SUNDERGARH RTO - OR16( 08-NOV-2017 ),6,MEDIUM GOODS VEHICLE,5,7,4,0,6,1,7,2,3,6,2,4,47
2017,Odisha,SUNDERGARH RTO - OR16( 08-NOV-2017 ),7,MEDIUM MOTOR VEHICLE,0,0,0,0,1,1,0,0,0,0,0,0,2
2017,Odisha,SUNDERGARH RTO - OR16( 08-NOV-2017 ),8,MEDIUM PASSENGER VEHICLE,1,1,3,0,0,1,0,2,2,1,0,2,13
2017,Odisha,SUNDERGARH RTO - OR16( 08-NOV-2017 ),9,THREE WHEELER(T),7,13,16,20,19,11,11,16,11,17,9,15,165
2017,Odisha,SUNDERGARH RTO - OR16( 08-NOV-2017 ),10,TWO WHEELER(NT),299,657,620,358,"1,244",566,786,405,560,"1,338",160,577,"7,570"
2017,Odisha,TALCHER RTO - OR35( 25-DEC-2017 ),1,HEAVY GOODS VEHICLE,68,74,95,107,98,42,42,39,48,74,59,58,804
2017,Odisha,TALCHER RTO - OR35( 25-DEC-2017 ),2,HEAVY MOTOR VEHICLE,3,3,2,0,0,2,2,1,0,6,0,2,21
2017,Odisha,TALCHER RTO - OR35( 25-DEC-2017 ),3,HEAVY PASSENGER VEHICLE,0,0,0,0,0,1,1,0,0,0,1,0,3
2017,Odisha,TALCHER RTO - OR35( 25-DEC-2017 ),4,LIGHT GOODS VEHICLE,7,10,14,4,6,7,12,4,7,22,12,10,115
2017,Odisha,TALCHER RTO - OR35( 25-DEC-2017 ),5,LIGHT MOTOR VEHICLE,17,20,17,18,9,13,35,13,24,33,13,26,238
2017,Odisha,TALCHER RTO - OR35( 25-DEC-2017 ),6,LIGHT PASSENGER VEHICLE,8,7,5,3,5,4,11,2,10,13,9,7,84
2017,Odisha,TALCHER RTO - OR35( 25-DEC-2017 ),7,MEDIUM GOODS VEHICLE,1,1,4,0,0,1,1,0,0,1,0,1,10
2017,Odisha,TALCHER RTO - OR35( 25-DEC-2017 ),8,MEDIUM MOTOR VEHICLE,0,2,1,1,1,0,0,0,0,0,0,1,6
2017,Odisha,TALCHER RTO - OR35( 25-DEC-2017 ),9,MEDIUM PASSENGER VEHICLE,0,1,0,2,1,0,1,2,1,0,0,0,8
2017,Odisha,TALCHER RTO - OR35( 25-DEC-2017 ),10,OTHER THAN MENTIONED ABOVE,0,0,0,2,1,4,0,0,0,0,0,0,7
2017,Odisha,TALCHER RTO - OR35( 25-DEC-2017 ),11,THREE WHEELER(T),10,8,9,7,3,3,8,3,8,10,8,5,82
2017,Odisha,TALCHER RTO - OR35( 25-DEC-2017 ),12,TWO WHEELER(NT),507,403,774,922,311,49,"1,577",488,372,"1,002","1,366",450,"8,221"
2016,Odisha,ANGUL RTO - OR19( 25-DEC-2017 ),1,HEAVY GOODS VEHICLE,68,74,95,107,98,42,42,39,48,74,59,58,804
2016,Odisha,ANGUL RTO - OR19( 25-DEC-2017 ),2,HEAVY MOTOR VEHICLE,3,3,2,0,0,2,2,1,0,6,0,2,21
2016,Odisha,ANGUL RTO - OR19( 25-DEC-2017 ),3,HEAVY PASSENGER VEHICLE,0,0,0,0,0,1,1,0,0,0,1,0,3
2016,Odisha,ANGUL RTO - OR19( 25-DEC-2017 ),4,LIGHT GOODS VEHICLE,7,10,14,4,6,7,12,4,7,22,12,10,115
2016,Odisha,ANGUL RTO - OR19( 25-DEC-2017 ),5,LIGHT MOTOR VEHICLE,17,20,17,18,9,13,35,13,24,33,13,26,238
2016,Odisha,ANGUL RTO - OR19( 25-DEC-2017 ),6,LIGHT PASSENGER VEHICLE,8,7,5,3,5,4,11,2,10,13,9,7,84
2016,Odisha,ANGUL RTO - OR19( 25-DEC-2017 ),7,MEDIUM GOODS VEHICLE,1,1,4,0,0,1,1,0,0,1,0,1,10
2016,Odisha,ANGUL RTO - OR19( 25-DEC-2017 ),8,MEDIUM MOTOR VEHICLE,0,2,1,1,1,0,0,0,0,0,0,1,6
2016,Odisha,ANGUL RTO - OR19( 25-DEC-2017 ),9,MEDIUM PASSENGER VEHICLE,0,1,0,2,1,0,1,2,1,0,0,0,8
2016,Odisha,ANGUL RTO - OR19( 25-DEC-2017 ),10,OTHER THAN MENTIONED ABOVE,0,0,0,2,1,4,0,0,0,0,0,0,7
2016,Odisha,ANGUL RTO - OR19( 25-DEC-2017 ),11,THREE WHEELER(T),10,8,9,7,3,3,8,3,8,10,8,5,82
2016,Odisha,ANGUL RTO - OR19( 25-DEC-2017 ),12,TWO WHEELER(NT),507,403,774,922,311,49,"1,577",488,372,"1,002","1,366",450,"8,221"
2016,Odisha,ARTO BARBIL - OR901( 04-DEC-2017 ),1,HEAVY GOODS VEHICLE,35,53,72,50,58,96,51,32,36,50,101,107,741
2016,Odisha,ARTO BARBIL - OR901( 04-DEC-2017 ),2,HEAVY PASSENGER VEHICLE,0,0,0,0,0,0,0,0,5,2,0,4,11
2016,Odisha,ARTO BARBIL - OR901( 04-DEC-2017 ),3,LIGHT GOODS VEHICLE,6,13,10,12,13,18,13,4,12,21,16,15,153
2016,Odisha,ARTO BARBIL - OR901( 04-DEC-2017 ),4,LIGHT MOTOR VEHICLE,23,13,19,13,12,31,18,8,12,14,23,20,206
2016,Odisha,ARTO BARBIL - OR901( 04-DEC-2017 ),5,LIGHT PASSENGER VEHICLE,5,2,4,4,2,7,2,1,4,7,8,2,48
2016,Odisha,ARTO BARBIL - OR901( 04-DEC-2017 ),6,MEDIUM GOODS VEHICLE,1,3,2,1,1,5,2,2,3,0,5,4,29
2016,Odisha,ARTO BARBIL - OR901( 04-DEC-2017 ),7,MEDIUM PASSENGER VEHICLE,0,1,0,4,1,0,1,1,0,0,1,0,9
2016,Odisha,ARTO BARBIL - OR901( 04-DEC-2017 ),8,THREE WHEELER(T),2,4,1,3,1,2,7,2,2,6,2,5,37
2016,Odisha,ARTO BARBIL - OR901( 04-DEC-2017 ),9,TWO WHEELER(NT),261,445,268,334,215,372,300,261,260,531,524,279,"4,050"
2016,Odisha,BALASORE RTO - OR1( 07-NOV-2017 ),1,HEAVY GOODS VEHICLE,62,36,23,29,33,39,20,24,23,24,21,39,373
2016,Odisha,BALASORE RTO - OR1( 07-NOV-2017 ),2,HEAVY MOTOR VEHICLE,0,0,0,0,1,0,0,0,0,0,0,0,1
2016,Odisha,BALASORE RTO - OR1( 07-NOV-2017 ),3,HEAVY PASSENGER VEHICLE,0,1,6,1,1,1,2,2,2,1,2,6,25
2016,Odisha,BALASORE RTO - OR1( 07-NOV-2017 ),4,LIGHT GOODS VEHICLE,158,204,217,93,157,168,96,83,106,113,211,149,"1,755"
2016,Odisha,BALASORE RTO - OR1( 07-NOV-2017 ),5,LIGHT MOTOR VEHICLE,204,130,185,159,152,155,181,128,116,204,218,188,"2,020"
2016,Odisha,BALASORE RTO - OR1( 07-NOV-2017 ),6,LIGHT PASSENGER VEHICLE,54,50,68,67,44,34,70,44,31,37,41,50,590
2016,Odisha,BALASORE RTO - OR1( 07-NOV-2017 ),7,MEDIUM GOODS VEHICLE,13,9,14,9,10,4,0,1,0,3,5,6,74
2016,Odisha,BALASORE RTO - OR1( 07-NOV-2017 ),8,MEDIUM PASSENGER VEHICLE,2,0,1,0,1,0,1,0,1,3,1,1,11
2016,Odisha,BALASORE RTO - OR1( 07-NOV-2017 ),9,OTHER THAN MENTIONED ABOVE,1,1,2,0,1,1,1,1,0,0,1,0,9
2016,Odisha,BALASORE RTO - OR1( 07-NOV-2017 ),10,THREE WHEELER(T),46,67,70,58,60,70,83,74,53,90,81,45,797
2016,Odisha,BALASORE RTO - OR1( 07-NOV-2017 ),11,TWO WHEELER(NT),"2,916","2,746","3,621","3,570","3,801","3,423","3,417","2,546","2,099","3,651","4,494","2,774","39,058"
2016,Odisha,BARGARH RTO - OR17( 04-DEC-2017 ),1,HEAVY GOODS VEHICLE,9,8,22,18,14,10,14,7,11,9,13,9,144
2016,Odisha,BARGARH RTO - OR17( 04-DEC-2017 ),2,HEAVY MOTOR VEHICLE,1,0,0,0,0,0,0,0,0,0,0,0,1
2016,Odisha,BARGARH RTO - OR17( 04-DEC-2017 ),3,HEAVY PASSENGER VEHICLE,2,0,0,4,0,0,0,0,1,0,1,3,11
2016,Odisha,BARGARH RTO - OR17( 04-DEC-2017 ),4,LIGHT GOODS VEHICLE,177,167,181,110,140,148,156,88,103,157,135,166,"1,728"
2016,Odisha,BARGARH RTO - OR17( 04-DEC-2017 ),5,LIGHT MOTOR VEHICLE,99,82,87,91,80,76,77,79,77,82,129,73,"1,032"
2016,Odisha,BARGARH RTO - OR17( 04-DEC-2017 ),6,LIGHT PASSENGER VEHICLE,10,16,15,13,9,8,10,4,6,13,10,7,121
2016,Odisha,BARGARH RTO - OR17( 04-DEC-2017 ),7,MEDIUM GOODS VEHICLE,1,6,8,7,2,5,3,2,6,4,4,5,53
2016,Odisha,BARGARH RTO - OR17( 04-DEC-2017 ),8,MEDIUM PASSENGER VEHICLE,0,2,0,1,1,4,0,5,1,2,2,1,19
2016,Odisha,BARGARH RTO - OR17( 04-DEC-2017 ),9,OTHER THAN MENTIONED ABOVE,1,4,1,2,1,1,0,0,0,0,0,0,10
2016,Odisha,BARGARH RTO - OR17( 04-DEC-2017 ),10,THREE WHEELER(T),29,25,20,18,20,24,27,21,36,37,44,43,344
2016,Odisha,BARGARH RTO - OR17( 04-DEC-2017 ),11,TWO WHEELER(NT),"1,247","1,479","1,605","2,194","1,938","1,883","1,285","1,426","1,072","1,214","1,733","1,167","18,243"
2016,Odisha,BHADRAK RTO - OR22( 04-DEC-2017 ),1,HEAVY GOODS VEHICLE,21,12,10,7,7,7,5,7,22,12,13,15,138
2016,Odisha,BHADRAK RTO - OR22( 04-DEC-2017 ),2,HEAVY PASSENGER VEHICLE,2,1,1,2,1,0,0,1,0,0,1,1,10
2016,Odisha,BHADRAK RTO - OR22( 04-DEC-2017 ),3,LIGHT GOODS VEHICLE,109,132,121,130,98,75,70,36,68,105,141,161,"1,246"
2016,Odisha,BHADRAK RTO - OR22( 04-DEC-2017 ),4,LIGHT MOTOR VEHICLE,40,39,34,39,39,36,29,26,22,40,52,52,448
2016,Odisha,BHADRAK RTO - OR22( 04-DEC-2017 ),5,LIGHT PASSENGER VEHICLE,16,16,17,14,13,6,16,5,3,16,28,11,161
2016,Odisha,BHADRAK RTO - OR22( 04-DEC-2017 ),6,MEDIUM GOODS VEHICLE,4,5,4,1,1,2,0,1,2,3,5,5,33
2016,Odisha,BHADRAK RTO - OR22( 04-DEC-2017 ),7,MEDIUM MOTOR VEHICLE,0,0,1,0,0,0,0,1,0,0,1,0,3
2016,Odisha,BHADRAK RTO - OR22( 04-DEC-2017 ),8,MEDIUM PASSENGER VEHICLE,0,0,2,1,0,0,1,1,0,2,0,0,7
2016,Odisha,BHADRAK RTO - OR22( 04-DEC-2017 ),9,THREE WHEELER(T),32,53,67,48,59,72,44,45,97,87,77,55,736
2016,Odisha,BHADRAK RTO - OR22( 04-DEC-2017 ),10,TWO WHEELER(NT),"1,217","1,457","1,841","2,073","1,763","1,623","1,527","1,104","1,150","2,160","2,290","1,592","19,797"
2016,Odisha,BHANJANAGAR RTO - OR32( 04-DEC-2017 ),1,HEAVY GOODS VEHICLE,1,9,3,0,3,7,0,0,0,1,4,1,29
2016,Odisha,BHANJANAGAR RTO - OR32( 04-DEC-2017 ),2,HEAVY PASSENGER VEHICLE,0,0,1,0,0,0,2,0,0,0,2,0,5
2016,Odisha,BHANJANAGAR RTO - OR32( 04-DEC-2017 ),3,LIGHT GOODS VEHICLE,84,74,75,42,43,70,94,72,75,35,107,51,822
2016,Odisha,BHANJANAGAR RTO - OR32( 04-DEC-2017 ),4,LIGHT MOTOR VEHICLE,16,17,5,7,12,9,16,10,12,10,13,14,141
2016,Odisha,BHANJANAGAR RTO - OR32( 04-DEC-2017 ),5,LIGHT PASSENGER VEHICLE,6,8,7,3,2,4,2,4,3,3,7,3,52
2016,Odisha,BHANJANAGAR RTO - OR32( 04-DEC-2017 ),6,MEDIUM GOODS VEHICLE,1,0,2,1,1,0,0,1,0,4,1,2,13
2016,Odisha,BHANJANAGAR RTO - OR32( 04-DEC-2017 ),7,MEDIUM MOTOR VEHICLE,0,0,0,1,0,0,0,0,0,0,0,0,1
2016,Odisha,BHANJANAGAR RTO - OR32( 04-DEC-2017 ),8,MEDIUM PASSENGER VEHICLE,0,1,0,0,0,0,0,0,0,0,0,1,2
2016,Odisha,BHANJANAGAR RTO - OR32( 04-DEC-2017 ),9,THREE WHEELER(T),14,14,25,19,18,21,14,17,21,14,62,28,267
2016,Odisha,BHANJANAGAR RTO - OR32( 04-DEC-2017 ),10,TWO WHEELER (INVALID CARRIAGE),0,0,0,0,0,0,0,0,0,0,1,0,1
2016,Odisha,BHANJANAGAR RTO - OR32( 04-DEC-2017 ),11,TWO WHEELER(NT),560,701,883,"1,027","1,100",593,825,604,595,645,"1,217",680,"9,430"
2016,Odisha,BHUBANESWAR-II RTO - OR33( 23-OCT-2017 ),1,HEAVY GOODS VEHICLE,40,17,27,27,30,14,15,9,6,8,12,6,211
2016,Odisha,BHUBANESWAR-II RTO - OR33( 23-OCT-2017 ),2,HEAVY MOTOR VEHICLE,1,0,1,0,3,0,0,0,0,0,0,0,5
2016,Odisha,BHUBANESWAR-II RTO - OR33( 23-OCT-2017 ),3,HEAVY PASSENGER VEHICLE,0,2,0,2,0,0,2,2,0,1,0,0,9
2016,Odisha,BHUBANESWAR-II RTO - OR33( 23-OCT-2017 ),4,LIGHT GOODS VEHICLE,65,71,114,71,78,33,71,49,55,52,39,67,765
2016,Odisha,BHUBANESWAR-II RTO - OR33( 23-OCT-2017 ),5,LIGHT MOTOR VEHICLE,377,300,289,330,263,285,287,285,336,373,437,361,"3,923"
2016,Odisha,BHUBANESWAR-II RTO - OR33( 23-OCT-2017 ),6,LIGHT PASSENGER VEHICLE,44,24,38,28,27,33,53,74,33,37,69,56,516
2016,Odisha,BHUBANESWAR-II RTO - OR33( 23-OCT-2017 ),7,MEDIUM GOODS VEHICLE,5,5,1,4,4,4,1,2,3,1,1,2,33
2016,Odisha,BHUBANESWAR-II RTO - OR33( 23-OCT-2017 ),8,MEDIUM MOTOR VEHICLE,1,0,0,2,0,1,2,0,0,0,0,1,7
2016,Odisha,BHUBANESWAR-II RTO - OR33( 23-OCT-2017 ),9,MEDIUM PASSENGER VEHICLE,1,1,0,1,1,1,1,1,1,1,0,1,10
2016,Odisha,BHUBANESWAR-II RTO - OR33( 23-OCT-2017 ),10,OTHER THAN MENTIONED ABOVE,5,0,0,2,0,0,0,0,0,2,0,1,10
2016,Odisha,BHUBANESWAR-II RTO - OR33( 23-OCT-2017 ),11,THREE WHEELER(T),177,155,177,145,161,130,170,174,184,176,191,143,"1,983"
2016,Odisha,BHUBANESWAR-II RTO - OR33( 23-OCT-2017 ),12,TWO WHEELER(NT),"2,817","2,298","2,874","3,352","2,888","3,478","2,746","2,426","2,509","3,559","4,155","3,343","36,445"
2016,Odisha,BHUBANESWAR-II RTO - OR33( 23-OCT-2017 ),13,TWO WHEELER(T),1,3,1,1,0,2,0,1,1,0,3,3,16
2016,Odisha,BHUBANESWAR RTO - OR2( 22-JAN-2018 ),1,HEAVY GOODS VEHICLE,26,38,33,40,41,24,20,26,22,20,25,23,338
2016,Odisha,BHUBANESWAR RTO - OR2( 22-JAN-2018 ),2,HEAVY MOTOR VEHICLE,0,0,0,0,0,0,0,4,0,0,1,0,5
2016,Odisha,BHUBANESWAR RTO - OR2( 22-JAN-2018 ),3,HEAVY PASSENGER VEHICLE,5,3,4,4,7,3,3,2,6,3,9,5,54
2016,Odisha,BHUBANESWAR RTO - OR2( 22-JAN-2018 ),4,LIGHT GOODS VEHICLE,152,207,138,152,191,78,120,82,102,128,120,101,"1,571"
2016,Odisha,BHUBANESWAR RTO - OR2( 22-JAN-2018 ),5,LIGHT MOTOR VEHICLE,"1,474","1,136","1,035","1,118","1,043","1,101","1,083","1,081","1,103","1,241","1,608","1,321","14,344"
2016,Odisha,BHUBANESWAR RTO - OR2( 22-JAN-2018 ),6,LIGHT PASSENGER VEHICLE,153,105,103,122,109,106,109,106,101,134,170,143,"1,461"
2016,Odisha,BHUBANESWAR RTO - OR2( 22-JAN-2018 ),7,MEDIUM GOODS VEHICLE,12,25,14,17,16,15,7,10,5,10,16,17,164
2016,Odisha,BHUBANESWAR RTO - OR2( 22-JAN-2018 ),8,MEDIUM MOTOR VEHICLE,1,1,3,0,0,1,1,0,0,1,6,2,16
2016,Odisha,BHUBANESWAR RTO - OR2( 22-JAN-2018 ),9,MEDIUM PASSENGER VEHICLE,1,5,2,4,3,2,5,4,3,4,3,3,39
2016,Odisha,BHUBANESWAR RTO - OR2( 22-JAN-2018 ),10,OTHER THAN MENTIONED ABOVE,2,1,1,1,1,0,1,0,0,0,3,0,10
2016,Odisha,BHUBANESWAR RTO - OR2( 22-JAN-2018 ),11,THREE WHEELER(T),96,106,88,70,87,78,89,79,77,78,105,103,"1,056"
2016,Odisha,BHUBANESWAR RTO - OR2( 22-JAN-2018 ),12,TWO WHEELER (INVALID CARRIAGE),0,0,0,1,0,0,1,0,0,0,0,0,2
2016,Odisha,BHUBANESWAR RTO - OR2( 22-JAN-2018 ),13,TWO WHEELER(NT),"3,330","3,481","2,975","2,920","3,878","3,268","3,575","3,071","3,704","3,845","5,331","3,632","43,010"
2016,Odisha,BHUBANESWAR RTO - OR2( 22-JAN-2018 ),14,TWO WHEELER(T),1,2,0,0,0,0,1,0,0,1,0,0,5
2016,Odisha,BOLANGIR RTO - OR3( 25-DEC-2017 ),1,HEAVY GOODS VEHICLE,3,5,4,5,2,3,5,2,7,2,1,7,46
2016,Odisha,BOLANGIR RTO - OR3( 25-DEC-2017 ),2,HEAVY PASSENGER VEHICLE,0,2,1,0,1,1,1,0,2,0,1,0,9
2016,Odisha,BOLANGIR RTO - OR3( 25-DEC-2017 ),3,LIGHT GOODS VEHICLE,126,120,135,135,93,103,126,80,138,123,111,91,"1,381"
2016,Odisha,BOLANGIR RTO - OR3( 25-DEC-2017 ),4,LIGHT MOTOR VEHICLE,75,53,85,67,69,56,56,57,49,84,85,96,832
2016,Odisha,BOLANGIR RTO - OR3( 25-DEC-2017 ),5,LIGHT PASSENGER VEHICLE,18,15,25,11,13,8,8,9,10,14,20,20,171
2016,Odisha,BOLANGIR RTO - OR3( 25-DEC-2017 ),6,MEDIUM GOODS VEHICLE,2,6,11,5,2,2,0,2,3,1,5,5,44
2016,Odisha,BOLANGIR RTO - OR3( 25-DEC-2017 ),7,MEDIUM PASSENGER VEHICLE,1,0,3,0,0,0,1,0,2,0,0,0,7
2016,Odisha,BOLANGIR RTO - OR3( 25-DEC-2017 ),8,OTHER THAN MENTIONED ABOVE,0,2,0,0,0,0,0,0,0,0,0,0,2
2016,Odisha,BOLANGIR RTO - OR3( 25-DEC-2017 ),9,THREE WHEELER(T),15,33,23,25,22,28,27,21,28,35,27,21,305
2016,Odisha,BOLANGIR RTO - OR3( 25-DEC-2017 ),10,TWO WHEELER(NT),"1,353","1,919","1,959","2,027","1,936","1,172",895,849,"1,010","1,167","1,021","1,000","16,308"
2016,Odisha,BOUDH RTO - OR27( 23-OCT-2017 ),1,HEAVY GOODS VEHICLE,0,0,0,1,2,1,0,0,2,1,0,0,7
2016,Odisha,BOUDH RTO - OR27( 23-OCT-2017 ),2,LIGHT GOODS VEHICLE,22,13,19,18,5,5,33,9,15,24,22,43,228
2016,Odisha,BOUDH RTO - OR27( 23-OCT-2017 ),3,LIGHT MOTOR VEHICLE,5,6,6,6,5,6,5,4,3,7,12,4,69
2016,Odisha,BOUDH RTO - OR27( 23-OCT-2017 ),4,LIGHT PASSENGER VEHICLE,1,3,3,3,0,3,0,2,1,0,2,2,20
2016,Odisha,BOUDH RTO - OR27( 23-OCT-2017 ),5,MEDIUM GOODS VEHICLE,2,3,3,1,0,0,2,1,1,1,2,3,19
2016,Odisha,BOUDH RTO - OR27( 23-OCT-2017 ),6,MEDIUM PASSENGER VEHICLE,0,1,0,1,0,0,0,0,0,0,0,0,2
2016,Odisha,BOUDH RTO - OR27( 23-OCT-2017 ),7,OTHER THAN MENTIONED ABOVE,0,0,0,1,0,0,0,0,0,0,0,0,1
2016,Odisha,BOUDH RTO - OR27( 23-OCT-2017 ),8,THREE WHEELER(T),6,6,4,4,13,12,5,4,4,5,7,10,80
2016,Odisha,BOUDH RTO - OR27( 23-OCT-2017 ),9,TWO WHEELER(NT),83,295,175,280,218,312,248,127,116,139,292,204,"2,489"
2016,Odisha,CHANDIKHOLE RTO - OR4( 23-OCT-2017 ),1,HEAVY GOODS VEHICLE,47,77,58,66,59,62,18,49,44,41,62,53,636
2016,Odisha,CHANDIKHOLE RTO - OR4( 23-OCT-2017 ),2,HEAVY MOTOR VEHICLE,0,0,0,1,0,2,0,0,0,0,0,0,3
2016,Odisha,CHANDIKHOLE RTO - OR4( 23-OCT-2017 ),3,HEAVY PASSENGER VEHICLE,2,1,1,2,0,0,0,0,0,1,1,0,8
2016,Odisha,CHANDIKHOLE RTO - OR4( 23-OCT-2017 ),4,LIGHT GOODS VEHICLE,63,175,156,130,63,31,60,146,102,82,79,128,"1,215"
2016,Odisha,CHANDIKHOLE RTO - OR4( 23-OCT-2017 ),5,LIGHT MOTOR VEHICLE,38,55,32,35,13,30,22,38,39,30,28,41,401
2016,Odisha,CHANDIKHOLE RTO - OR4( 23-OCT-2017 ),6,LIGHT PASSENGER VEHICLE,10,15,10,7,6,4,4,12,8,8,11,6,101
2016,Odisha,CHANDIKHOLE RTO - OR4( 23-OCT-2017 ),7,MEDIUM GOODS VEHICLE,6,8,5,10,10,6,4,7,4,3,4,6,73
2016,Odisha,CHANDIKHOLE RTO - OR4( 23-OCT-2017 ),8,MEDIUM MOTOR VEHICLE,0,0,0,0,0,0,0,0,0,0,0,1,1
2016,Odisha,CHANDIKHOLE RTO - OR4( 23-OCT-2017 ),9,MEDIUM PASSENGER VEHICLE,0,1,2,0,0,3,1,1,2,1,0,2,13
2016,Odisha,CHANDIKHOLE RTO - OR4( 23-OCT-2017 ),10,OTHER THAN MENTIONED ABOVE,2,1,1,0,0,0,1,2,2,0,0,2,11
2016,Odisha,CHANDIKHOLE RTO - OR4( 23-OCT-2017 ),11,THREE WHEELER(T),61,47,56,83,40,78,47,85,38,58,54,63,710
2016,Odisha,CHANDIKHOLE RTO - OR4( 23-OCT-2017 ),12,TWO WHEELER(NT),460,898,962,783,568,890,450,"1,241",905,"1,081",895,886,"10,019"
2016,Odisha,CHANDIKHOLE RTO - OR4( 23-OCT-2017 ),13,TWO WHEELER(T),0,0,0,0,1,0,1,0,0,0,0,0,2
2016,Odisha,CUTTACK RTO - OR5( 31-MAY-2017 ),1,HEAVY GOODS VEHICLE,87,63,61,94,71,86,38,53,59,65,76,118,871
2016,Odisha,CUTTACK RTO - OR5( 31-MAY-2017 ),2,HEAVY MOTOR VEHICLE,1,1,2,1,0,0,3,3,0,0,1,1,13
2016,Odisha,CUTTACK RTO - OR5( 31-MAY-2017 ),3,HEAVY PASSENGER VEHICLE,6,0,9,4,0,5,6,3,5,4,10,1,53
2016,Odisha,CUTTACK RTO - OR5( 31-MAY-2017 ),4,LIGHT GOODS VEHICLE,168,214,217,177,205,130,116,139,201,198,155,190,"2,110"
2016,Odisha,CUTTACK RTO - OR5( 31-MAY-2017 ),5,LIGHT MOTOR VEHICLE,426,304,330,451,331,320,293,329,369,324,435,346,"4,258"
2016,Odisha,CUTTACK RTO - OR5( 31-MAY-2017 ),6,LIGHT PASSENGER VEHICLE,66,54,43,43,33,39,46,38,43,64,55,57,581
2016,Odisha,CUTTACK RTO - OR5( 31-MAY-2017 ),7,MEDIUM GOODS VEHICLE,6,6,3,7,7,5,3,8,3,1,1,7,57
2016,Odisha,CUTTACK RTO - OR5( 31-MAY-2017 ),8,MEDIUM MOTOR VEHICLE,0,5,1,1,1,1,0,1,0,1,0,0,11
2016,Odisha,CUTTACK RTO - OR5( 31-MAY-2017 ),9,MEDIUM PASSENGER VEHICLE,2,1,10,24,2,5,2,1,2,18,6,3,76
2016,Odisha,CUTTACK RTO - OR5( 31-MAY-2017 ),10,OTHER THAN MENTIONED ABOVE,7,0,5,1,0,0,2,8,6,1,2,13,45
2016,Odisha,CUTTACK RTO - OR5( 31-MAY-2017 ),11,THREE WHEELER(T),106,103,97,97,84,82,93,80,109,122,111,88,"1,172"
2016,Odisha,CUTTACK RTO - OR5( 31-MAY-2017 ),12,TWO WHEELER (INVALID CARRIAGE),0,0,0,0,0,0,0,0,1,0,0,0,1
2016,Odisha,CUTTACK RTO - OR5( 31-MAY-2017 ),13,TWO WHEELER(NT),"3,614","3,877","4,180","4,177","4,497","4,061","4,060","3,558","3,786","5,412","5,726","4,413","51,361"
2016,Odisha,CUTTACK RTO - OR5( 31-MAY-2017 ),14,TWO WHEELER(T),0,0,0,2,0,0,0,1,0,0,0,0,3
2016,Odisha,DEOGARH RTO - OR28( 23-OCT-2017 ),1,HEAVY GOODS VEHICLE,7,1,2,0,0,0,1,1,1,1,0,0,14
2016,Odisha,DEOGARH RTO - OR28( 23-OCT-2017 ),2,HEAVY PASSENGER VEHICLE,0,0,1,0,0,0,0,0,0,0,0,0,1
2016,Odisha,DEOGARH RTO - OR28( 23-OCT-2017 ),3,LIGHT GOODS VEHICLE,6,22,7,5,7,14,13,7,5,22,14,15,137
2016,Odisha,DEOGARH RTO - OR28( 23-OCT-2017 ),4,LIGHT MOTOR VEHICLE,7,13,9,9,7,6,9,3,6,4,13,11,97
2016,Odisha,DEOGARH RTO - OR28( 23-OCT-2017 ),5,LIGHT PASSENGER VEHICLE,4,3,3,3,2,4,1,2,2,2,4,3,33
2016,Odisha,DEOGARH RTO - OR28( 23-OCT-2017 ),6,MEDIUM GOODS VEHICLE,0,0,0,0,2,0,0,0,0,0,1,4,7
2016,Odisha,DEOGARH RTO - OR28( 23-OCT-2017 ),7,MEDIUM PASSENGER VEHICLE,5,0,2,0,1,1,1,0,0,0,0,0,10
2016,Odisha,DEOGARH RTO - OR28( 23-OCT-2017 ),8,OTHER THAN MENTIONED ABOVE,0,0,0,0,0,1,0,0,0,0,0,0,1
2016,Odisha,DEOGARH RTO - OR28( 23-OCT-2017 ),9,THREE WHEELER(T),2,2,6,3,5,1,6,3,7,4,9,5,53
2016,Odisha,DEOGARH RTO - OR28( 23-OCT-2017 ),10,TWO WHEELER(NT),89,125,119,139,145,100,149,110,134,144,117,288,"1,659"
2016,Odisha,DHENKANAL RTO - OR6( 07-NOV-2017 ),1,HEAVY GOODS VEHICLE,8,8,11,13,8,5,1,3,3,9,8,11,88
2016,Odisha,DHENKANAL RTO - OR6( 07-NOV-2017 ),2,HEAVY PASSENGER VEHICLE,0,1,0,0,0,0,0,0,0,0,1,0,2
2016,Odisha,DHENKANAL RTO - OR6( 07-NOV-2017 ),3,LIGHT GOODS VEHICLE,35,27,79,48,43,36,27,56,51,69,47,65,583
2016,Odisha,DHENKANAL RTO - OR6( 07-NOV-2017 ),4,LIGHT MOTOR VEHICLE,21,21,42,26,20,20,22,17,20,25,55,21,310
2016,Odisha,DHENKANAL RTO - OR6( 07-NOV-2017 ),5,LIGHT PASSENGER VEHICLE,3,3,5,4,4,6,3,3,6,3,4,1,45
2016,Odisha,DHENKANAL RTO - OR6( 07-NOV-2017 ),6,MEDIUM GOODS VEHICLE,6,3,8,1,2,2,3,0,0,3,1,1,30
2016,Odisha,DHENKANAL RTO - OR6( 07-NOV-2017 ),7,MEDIUM MOTOR VEHICLE,0,0,0,0,0,0,1,0,0,0,0,0,1
2016,Odisha,DHENKANAL RTO - OR6( 07-NOV-2017 ),8,MEDIUM PASSENGER VEHICLE,0,0,0,3,0,0,0,1,0,0,0,0,4
2016,Odisha,DHENKANAL RTO - OR6( 07-NOV-2017 ),9,THREE WHEELER(T),27,28,24,14,10,21,24,13,19,25,23,14,242
2016,Odisha,DHENKANAL RTO - OR6( 07-NOV-2017 ),10,TWO WHEELER(NT),636,721,"1,063",837,884,987,767,733,724,"1,173","1,099",563,"10,187"
2016,Odisha,GAJAPATI RTO - OR20( 07-NOV-2017 ),1,HEAVY GOODS VEHICLE,0,1,0,0,1,0,1,0,2,2,1,2,10
2016,Odisha,GAJAPATI RTO - OR20( 07-NOV-2017 ),2,HEAVY PASSENGER VEHICLE,0,2,0,0,0,0,0,0,0,0,0,0,2
2016,Odisha,GAJAPATI RTO - OR20( 07-NOV-2017 ),3,LIGHT GOODS VEHICLE,17,17,28,18,21,11,43,14,20,47,10,43,289
2016,Odisha,GAJAPATI RTO - OR20( 07-NOV-2017 ),4,LIGHT MOTOR VEHICLE,10,12,6,8,12,4,10,8,10,10,5,7,102
2016,Odisha,GAJAPATI RTO - OR20( 07-NOV-2017 ),5,LIGHT PASSENGER VEHICLE,0,2,1,3,2,2,2,1,1,4,3,1,22
2016,Odisha,GAJAPATI RTO - OR20( 07-NOV-2017 ),6,MEDIUM GOODS VEHICLE,2,3,1,2,1,0,0,1,0,2,0,1,13
2016,Odisha,GAJAPATI RTO - OR20( 07-NOV-2017 ),7,MEDIUM PASSENGER VEHICLE,7,0,0,0,0,0,0,0,0,0,0,0,7
2016,Odisha,GAJAPATI RTO - OR20( 07-NOV-2017 ),8,THREE WHEELER(T),1,1,0,1,2,0,1,0,2,3,3,5,19
2016,Odisha,GAJAPATI RTO - OR20( 07-NOV-2017 ),9,TWO WHEELER(NT),134,213,185,176,195,239,193,151,228,262,121,158,"2,255"
2016,Odisha,GANJAM RTO - OR7( 04-DEC-2017 ),1,HEAVY GOODS VEHICLE,24,22,38,22,31,27,23,18,36,26,33,35,335
2016,Odisha,GANJAM RTO - OR7( 04-DEC-2017 ),2,HEAVY MOTOR VEHICLE,0,0,1,1,1,0,0,0,0,0,1,0,4
2016,Odisha,GANJAM RTO - OR7( 04-DEC-2017 ),3,HEAVY PASSENGER VEHICLE,3,1,1,2,4,3,6,1,3,1,0,2,27
2016,Odisha,GANJAM RTO - OR7( 04-DEC-2017 ),4,LIGHT GOODS VEHICLE,158,217,203,193,200,157,197,173,228,180,261,219,"2,386"
2016,Odisha,GANJAM RTO - OR7( 04-DEC-2017 ),5,LIGHT MOTOR VEHICLE,126,113,138,118,110,105,134,128,114,131,172,147,"1,536"
2016,Odisha,GANJAM RTO - OR7( 04-DEC-2017 ),6,LIGHT PASSENGER VEHICLE,18,23,11,23,14,23,8,13,13,21,20,18,205
2016,Odisha,GANJAM RTO - OR7( 04-DEC-2017 ),7,MEDIUM GOODS VEHICLE,7,11,12,12,8,11,4,2,3,10,12,8,100
2016,Odisha,GANJAM RTO - OR7( 04-DEC-2017 ),8,MEDIUM MOTOR VEHICLE,0,0,0,0,0,0,0,1,0,0,0,0,1
2016,Odisha,GANJAM RTO - OR7( 04-DEC-2017 ),9,MEDIUM PASSENGER VEHICLE,7,2,3,3,2,0,1,2,1,2,3,5,31
2016,Odisha,GANJAM RTO - OR7( 04-DEC-2017 ),10,OTHER THAN MENTIONED ABOVE,0,0,0,0,0,1,0,0,0,0,0,0,1
2016,Odisha,GANJAM RTO - OR7( 04-DEC-2017 ),11,THREE WHEELER(T),81,140,108,130,109,111,147,84,86,175,205,127,"1,503"
2016,Odisha,GANJAM RTO - OR7( 04-DEC-2017 ),12,TWO WHEELER (INVALID CARRIAGE),0,1,0,0,1,0,0,1,2,0,1,0,6
2016,Odisha,GANJAM RTO - OR7( 04-DEC-2017 ),13,TWO WHEELER(NT),"2,135","2,371","2,704","3,107","3,520","2,902","1,863","3,090","1,762","2,358","3,842","3,623","33,277"
2016,Odisha,JAGATSINGHPUR RTO - OR21( 04-DEC-2017 ),1,HEAVY GOODS VEHICLE,4,5,20,19,14,12,32,13,22,21,20,18,200
2016,Odisha,JAGATSINGHPUR RTO - OR21( 04-DEC-2017 ),2,HEAVY MOTOR VEHICLE,2,0,0,0,0,0,0,0,0,1,1,0,4
2016,Odisha,JAGATSINGHPUR RTO - OR21( 04-DEC-2017 ),3,LIGHT GOODS VEHICLE,46,62,68,60,36,46,50,42,54,83,48,52,647
2016,Odisha,JAGATSINGHPUR RTO - OR21( 04-DEC-2017 ),4,LIGHT MOTOR VEHICLE,8,14,11,14,10,11,6,8,22,12,12,12,140
2016,Odisha,JAGATSINGHPUR RTO - OR21( 04-DEC-2017 ),5,LIGHT PASSENGER VEHICLE,9,12,6,8,5,6,9,8,2,11,7,7,90
2016,Odisha,JAGATSINGHPUR RTO - OR21( 04-DEC-2017 ),6,MEDIUM GOODS VEHICLE,1,0,2,3,2,1,2,0,0,4,1,0,16
2016,Odisha,JAGATSINGHPUR RTO - OR21( 04-DEC-2017 ),7,MEDIUM MOTOR VEHICLE,0,0,0,0,0,0,0,0,0,1,0,0,1
2016,Odisha,JAGATSINGHPUR RTO - OR21( 04-DEC-2017 ),8,MEDIUM PASSENGER VEHICLE,0,0,0,0,0,0,0,1,0,1,1,0,3
2016,Odisha,JAGATSINGHPUR RTO - OR21( 04-DEC-2017 ),9,OTHER THAN MENTIONED ABOVE,1,0,0,0,0,1,0,0,0,0,5,0,7
2016,Odisha,JAGATSINGHPUR RTO - OR21( 04-DEC-2017 ),10,THREE WHEELER(T),26,33,27,21,11,34,35,18,29,36,27,30,327
2016,Odisha,JAGATSINGHPUR RTO - OR21( 04-DEC-2017 ),11,TWO WHEELER(NT),902,944,"1,145",957,997,"1,329","1,168",776,968,"1,497","1,688","1,002","13,373"
2016,Odisha,JAJPUR RTO - OR34( 23-OCT-2017 ),1,HEAVY GOODS VEHICLE,3,2,6,12,5,8,10,13,5,5,13,16,98
2016,Odisha,JAJPUR RTO - OR34( 23-OCT-2017 ),2,HEAVY MOTOR VEHICLE,0,0,0,1,0,0,0,0,0,0,0,0,1
2016,Odisha,JAJPUR RTO - OR34( 23-OCT-2017 ),3,LIGHT GOODS VEHICLE,19,40,31,37,34,13,26,52,25,53,54,63,447
2016,Odisha,JAJPUR RTO - OR34( 23-OCT-2017 ),4,LIGHT MOTOR VEHICLE,40,45,29,32,36,49,35,46,38,21,62,49,482
2016,Odisha,JAJPUR RTO - OR34( 23-OCT-2017 ),5,LIGHT PASSENGER VEHICLE,7,1,4,6,23,46,35,28,10,7,11,15,193
2016,Odisha,JAJPUR RTO - OR34( 23-OCT-2017 ),6,MEDIUM GOODS VEHICLE,2,2,4,0,0,1,2,5,1,3,2,5,27
2016,Odisha,JAJPUR RTO - OR34( 23-OCT-2017 ),7,MEDIUM MOTOR VEHICLE,0,0,0,0,0,0,0,0,2,1,1,0,4
2016,Odisha,JAJPUR RTO - OR34( 23-OCT-2017 ),8,OTHER THAN MENTIONED ABOVE,0,0,0,0,1,0,0,0,1,0,0,1,3
2016,Odisha,JAJPUR RTO - OR34( 23-OCT-2017 ),9,THREE WHEELER(T),21,16,30,27,19,24,43,20,26,36,43,46,351
2016,Odisha,JAJPUR RTO - OR34( 23-OCT-2017 ),10,TWO WHEELER(NT),"1,677","1,406","1,398","1,515","1,666","2,097","1,656","2,360","1,105","1,257","1,793","1,540","19,470"
2016,Odisha,JHARSUGUDA RTO - OR23( 07-NOV-2017 ),1,HEAVY GOODS VEHICLE,35,62,51,61,79,59,46,48,32,24,42,41,580
2016,Odisha,JHARSUGUDA RTO - OR23( 07-NOV-2017 ),2,HEAVY MOTOR VEHICLE,0,3,0,0,0,5,1,1,0,0,2,2,14
2016,Odisha,JHARSUGUDA RTO - OR23( 07-NOV-2017 ),3,HEAVY PASSENGER VEHICLE,0,0,0,0,1,0,2,0,0,0,0,6,9
2016,Odisha,JHARSUGUDA RTO - OR23( 07-NOV-2017 ),4,LIGHT GOODS VEHICLE,43,24,34,42,27,28,42,48,35,48,39,46,456
2016,Odisha,JHARSUGUDA RTO - OR23( 07-NOV-2017 ),5,LIGHT MOTOR VEHICLE,93,60,58,73,82,64,75,69,68,88,122,117,969
2016,Odisha,JHARSUGUDA RTO - OR23( 07-NOV-2017 ),6,LIGHT PASSENGER VEHICLE,9,14,17,7,6,13,5,4,7,13,15,11,121
2016,Odisha,JHARSUGUDA RTO - OR23( 07-NOV-2017 ),7,MEDIUM GOODS VEHICLE,2,6,3,2,4,2,1,2,4,4,4,6,40
2016,Odisha,JHARSUGUDA RTO - OR23( 07-NOV-2017 ),8,MEDIUM MOTOR VEHICLE,0,6,1,1,0,4,0,1,1,1,2,0,17
2016,Odisha,JHARSUGUDA RTO - OR23( 07-NOV-2017 ),9,MEDIUM PASSENGER VEHICLE,2,3,1,1,2,1,1,3,2,1,1,2,20
2016,Odisha,JHARSUGUDA RTO - OR23( 07-NOV-2017 ),10,OTHER THAN MENTIONED ABOVE,2,0,0,1,6,1,3,0,0,1,0,0,14
2016,Odisha,JHARSUGUDA RTO - OR23( 07-NOV-2017 ),11,THREE WHEELER(T),21,13,11,23,16,17,23,30,6,11,26,16,213
2016,Odisha,JHARSUGUDA RTO - OR23( 07-NOV-2017 ),12,TWO WHEELER(NT),804,772,757,958,928,765,933,785,561,"1,178","1,261",823,"10,525"
2016,Odisha,KALAHANDI RTO - OR8( 23-OCT-2017 ),1,HEAVY GOODS VEHICLE,8,5,15,8,10,11,5,2,12,15,7,12,110
2016,Odisha,KALAHANDI RTO - OR8( 23-OCT-2017 ),2,HEAVY MOTOR VEHICLE,0,0,0,0,0,0,0,0,0,0,1,0,1
2016,Odisha,KALAHANDI RTO - OR8( 23-OCT-2017 ),3,LIGHT GOODS VEHICLE,101,172,72,163,65,67,104,64,102,58,90,74,"1,132"
2016,Odisha,KALAHANDI RTO - OR8( 23-OCT-2017 ),4,LIGHT MOTOR VEHICLE,56,72,68,76,64,44,54,46,41,42,58,45,666
2016,Odisha,KALAHANDI RTO - OR8( 23-OCT-2017 ),5,LIGHT PASSENGER VEHICLE,8,8,6,11,3,6,10,5,5,12,13,10,97
2016,Odisha,KALAHANDI RTO - OR8( 23-OCT-2017 ),6,MEDIUM GOODS VEHICLE,4,5,1,1,1,2,0,3,1,1,6,6,31
2016,Odisha,KALAHANDI RTO - OR8( 23-OCT-2017 ),7,MEDIUM MOTOR VEHICLE,0,1,0,0,0,2,1,2,1,3,1,1,12
2016,Odisha,KALAHANDI RTO - OR8( 23-OCT-2017 ),8,MEDIUM PASSENGER VEHICLE,0,0,0,1,0,0,0,0,0,1,0,3,5
2016,Odisha,KALAHANDI RTO - OR8( 23-OCT-2017 ),9,OTHER THAN MENTIONED ABOVE,0,1,0,0,0,0,0,0,0,0,0,0,1
2016,Odisha,KALAHANDI RTO - OR8( 23-OCT-2017 ),10,THREE WHEELER(T),21,40,16,30,26,18,26,32,18,25,31,17,300
2016,Odisha,KALAHANDI RTO - OR8( 23-OCT-2017 ),11,TWO WHEELER(NT),803,"1,653","1,712","1,657","1,688",949,"1,319",761,759,859,686,605,"13,451"
2016,Odisha,KENDRAPARA RTO - OR29( 23-OCT-2017 ),1,HEAVY GOODS VEHICLE,2,8,13,11,20,21,11,32,23,19,23,30,213
2016,Odisha,KENDRAPARA RTO - OR29( 23-OCT-2017 ),2,HEAVY PASSENGER VEHICLE,0,0,0,0,0,0,0,1,0,1,0,0,2
2016,Odisha,KENDRAPARA RTO - OR29( 23-OCT-2017 ),3,LIGHT GOODS VEHICLE,85,79,109,63,53,42,28,21,30,40,91,82,723
2016,Odisha,KENDRAPARA RTO - OR29( 23-OCT-2017 ),4,LIGHT MOTOR VEHICLE,10,8,5,2,8,12,8,9,6,9,6,11,94
2016,Odisha,KENDRAPARA RTO - OR29( 23-OCT-2017 ),5,LIGHT PASSENGER VEHICLE,4,2,12,13,6,4,10,3,5,6,6,6,77
2016,Odisha,KENDRAPARA RTO - OR29( 23-OCT-2017 ),6,MEDIUM GOODS VEHICLE,2,5,2,1,1,0,2,1,0,2,2,4,22
2016,Odisha,KENDRAPARA RTO - OR29( 23-OCT-2017 ),7,MEDIUM MOTOR VEHICLE,0,0,0,0,0,0,0,1,0,0,0,0,1
2016,Odisha,KENDRAPARA RTO - OR29( 23-OCT-2017 ),8,MEDIUM PASSENGER VEHICLE,1,2,0,0,0,1,0,0,0,0,1,0,5
2016,Odisha,KENDRAPARA RTO - OR29( 23-OCT-2017 ),9,THREE WHEELER(T),44,51,44,29,33,33,47,37,38,21,56,67,500
2016,Odisha,KENDRAPARA RTO - OR29( 23-OCT-2017 ),10,TWO WHEELER(NT),543,563,774,634,841,872,738,518,540,662,950,626,"8,261"
2016,Odisha,KEONJHAR RTO - OR9( 04-DEC-2017 ),1,HEAVY GOODS VEHICLE,24,26,25,21,25,34,27,25,9,15,27,23,281
2016,Odisha,KEONJHAR RTO - OR9( 04-DEC-2017 ),2,HEAVY MOTOR VEHICLE,0,0,0,0,0,0,0,0,0,1,0,0,1
2016,Odisha,KEONJHAR RTO - OR9( 04-DEC-2017 ),3,HEAVY PASSENGER VEHICLE,0,0,0,0,1,1,0,1,0,0,0,1,4
2016,Odisha,KEONJHAR RTO - OR9( 04-DEC-2017 ),4,LIGHT GOODS VEHICLE,72,74,37,87,22,81,85,79,95,64,108,103,907
2016,Odisha,KEONJHAR RTO - OR9( 04-DEC-2017 ),5,LIGHT MOTOR VEHICLE,33,35,27,24,20,28,26,25,21,16,35,34,324
2016,Odisha,KEONJHAR RTO - OR9( 04-DEC-2017 ),6,LIGHT PASSENGER VEHICLE,4,4,5,7,2,8,4,16,6,6,12,9,83
2016,Odisha,KEONJHAR RTO - OR9( 04-DEC-2017 ),7,MEDIUM GOODS VEHICLE,6,5,1,2,0,1,6,4,4,1,4,2,36
2016,Odisha,KEONJHAR RTO - OR9( 04-DEC-2017 ),8,MEDIUM PASSENGER VEHICLE,2,2,2,0,2,6,0,1,1,2,1,2,21
2016,Odisha,KEONJHAR RTO - OR9( 04-DEC-2017 ),9,THREE WHEELER(T),63,72,37,57,21,81,52,75,44,65,113,50,730
2016,Odisha,KEONJHAR RTO - OR9( 04-DEC-2017 ),10,TWO WHEELER(NT),760,812,584,880,751,"1,285","1,365",803,752,612,"1,604",828,"11,036"
2016,Odisha,KHORDHA ARTO - OR201( 20-JAN-2018 ),1,HEAVY GOODS VEHICLE,13,8,9,25,34,29,18,24,10,40,24,13,247
2016,Odisha,KHORDHA ARTO - OR201( 20-JAN-2018 ),2,LIGHT GOODS VEHICLE,55,22,24,24,39,12,32,29,33,34,42,31,377
2016,Odisha,KHORDHA ARTO - OR201( 20-JAN-2018 ),3,LIGHT MOTOR VEHICLE,37,18,20,15,15,16,14,25,28,19,31,36,274
2016,Odisha,KHORDHA ARTO - OR201( 20-JAN-2018 ),4,LIGHT PASSENGER VEHICLE,5,3,2,5,7,0,4,4,3,4,1,6,44
2016,Odisha,KHORDHA ARTO - OR201( 20-JAN-2018 ),5,MEDIUM GOODS VEHICLE,4,3,4,3,5,10,3,9,4,5,2,7,59
2016,Odisha,KHORDHA ARTO - OR201( 20-JAN-2018 ),6,MEDIUM PASSENGER VEHICLE,0,0,1,0,1,0,0,0,0,1,1,0,4
2016,Odisha,KHORDHA ARTO - OR201( 20-JAN-2018 ),7,THREE WHEELER(T),54,45,41,60,43,63,43,61,31,33,45,58,577
2016,Odisha,KHORDHA ARTO - OR201( 20-JAN-2018 ),8,TWO WHEELER (INVALID CARRIAGE),0,0,0,0,0,1,0,0,0,0,0,0,1
2016,Odisha,KHORDHA ARTO - OR201( 20-JAN-2018 ),9,TWO WHEELER(NT),512,520,290,454,382,576,365,517,387,419,592,569,"5,583"
2016,Odisha,KHORDHA ARTO - OR201( 20-JAN-2018 ),10,TWO WHEELER(T),0,0,0,0,0,0,0,0,0,0,0,1,1
2016,Odisha,KORAPUT RTO - OR10( 25-DEC-2017 ),1,HEAVY GOODS VEHICLE,10,10,12,22,17,6,11,4,6,3,30,11,142
2016,Odisha,KORAPUT RTO - OR10( 25-DEC-2017 ),2,HEAVY MOTOR VEHICLE,3,1,0,0,0,0,1,0,0,0,1,2,8
2016,Odisha,KORAPUT RTO - OR10( 25-DEC-2017 ),3,HEAVY PASSENGER VEHICLE,1,1,6,2,3,4,3,0,4,2,4,3,33
2016,Odisha,KORAPUT RTO - OR10( 25-DEC-2017 ),4,LIGHT GOODS VEHICLE,76,82,81,76,85,40,53,58,90,51,85,93,870
2016,Odisha,KORAPUT RTO - OR10( 25-DEC-2017 ),5,LIGHT MOTOR VEHICLE,94,59,79,62,72,60,46,57,44,97,81,46,797
2016,Odisha,KORAPUT RTO - OR10( 25-DEC-2017 ),6,LIGHT PASSENGER VEHICLE,15,12,21,12,26,8,10,10,8,13,22,13,170
2016,Odisha,KORAPUT RTO - OR10( 25-DEC-2017 ),7,MEDIUM GOODS VEHICLE,1,1,3,2,1,0,0,1,0,0,0,2,11
2016,Odisha,KORAPUT RTO - OR10( 25-DEC-2017 ),8,MEDIUM MOTOR VEHICLE,3,0,0,0,1,1,0,2,1,0,1,0,9
2016,Odisha,KORAPUT RTO - OR10( 25-DEC-2017 ),9,MEDIUM PASSENGER VEHICLE,2,0,0,5,20,1,0,1,3,1,0,1,34
2016,Odisha,KORAPUT RTO - OR10( 25-DEC-2017 ),10,OTHER THAN MENTIONED ABOVE,0,1,0,0,0,0,3,0,0,0,0,0,4
2016,Odisha,KORAPUT RTO - OR10( 25-DEC-2017 ),11,THREE WHEELER(T),65,38,53,46,63,49,50,58,59,42,72,41,636
2016,Odisha,KORAPUT RTO - OR10( 25-DEC-2017 ),12,TWO WHEELER(NT),"1,140","1,238","1,516","1,165","1,376","1,282",901,867,"1,134","1,202","1,835",918,"14,574"
2016,Odisha,MALKANAGIRI RTO - OR30( 25-DEC-2017 ),1,HEAVY GOODS VEHICLE,4,6,5,7,9,2,7,3,6,15,8,9,81
2016,Odisha,MALKANAGIRI RTO - OR30( 25-DEC-2017 ),2,HEAVY PASSENGER VEHICLE,0,0,0,0,0,0,0,0,0,2,0,1,3
2016,Odisha,MALKANAGIRI RTO - OR30( 25-DEC-2017 ),3,LIGHT GOODS VEHICLE,19,12,35,30,38,26,35,31,76,31,32,32,397
2016,Odisha,MALKANAGIRI RTO - OR30( 25-DEC-2017 ),4,LIGHT MOTOR VEHICLE,10,18,13,17,11,6,6,12,14,8,16,14,145
2016,Odisha,MALKANAGIRI RTO - OR30( 25-DEC-2017 ),5,LIGHT PASSENGER VEHICLE,3,1,3,2,0,0,3,0,0,1,4,0,17
2016,Odisha,MALKANAGIRI RTO - OR30( 25-DEC-2017 ),6,MEDIUM GOODS VEHICLE,2,2,1,3,1,1,0,0,0,0,0,2,12
2016,Odisha,MALKANAGIRI RTO - OR30( 25-DEC-2017 ),7,MEDIUM MOTOR VEHICLE,0,1,0,0,1,0,0,0,0,0,0,0,2
2016,Odisha,MALKANAGIRI RTO - OR30( 25-DEC-2017 ),8,OTHER THAN MENTIONED ABOVE,0,0,0,1,0,0,0,0,0,0,0,0,1
2016,Odisha,MALKANAGIRI RTO - OR30( 25-DEC-2017 ),9,THREE WHEELER(T),7,19,17,14,22,11,12,17,40,19,27,16,221
2016,Odisha,MALKANAGIRI RTO - OR30( 25-DEC-2017 ),10,TWO WHEELER(NT),189,321,302,198,416,368,220,311,470,141,405,475,"3,816"
2016,Odisha,MAYURBHANJ RTO - OR11( 08-NOV-2017 ),1,HEAVY GOODS VEHICLE,8,8,6,5,5,5,4,6,1,4,2,1,55
2016,Odisha,MAYURBHANJ RTO - OR11( 08-NOV-2017 ),2,HEAVY PASSENGER VEHICLE,2,3,1,3,1,4,0,1,1,3,1,3,23
2016,Odisha,MAYURBHANJ RTO - OR11( 08-NOV-2017 ),3,LIGHT GOODS VEHICLE,62,97,89,84,92,58,69,95,72,81,87,77,963
2016,Odisha,MAYURBHANJ RTO - OR11( 08-NOV-2017 ),4,LIGHT MOTOR VEHICLE,64,61,46,66,56,47,73,59,43,74,115,81,785
2016,Odisha,MAYURBHANJ RTO - OR11( 08-NOV-2017 ),5,LIGHT PASSENGER VEHICLE,14,13,14,8,8,11,7,8,8,12,8,9,120
2016,Odisha,MAYURBHANJ RTO - OR11( 08-NOV-2017 ),6,MEDIUM GOODS VEHICLE,6,6,5,5,4,2,8,3,4,2,6,4,55
2016,Odisha,MAYURBHANJ RTO - OR11( 08-NOV-2017 ),7,MEDIUM PASSENGER VEHICLE,1,2,0,1,0,1,2,0,1,1,0,0,9
2016,Odisha,MAYURBHANJ RTO - OR11( 08-NOV-2017 ),8,OTHER THAN MENTIONED ABOVE,0,0,0,0,0,1,0,0,0,0,0,0,1
2016,Odisha,MAYURBHANJ RTO - OR11( 08-NOV-2017 ),9,THREE WHEELER(T),48,53,53,69,64,38,70,50,37,83,48,52,665
2016,Odisha,MAYURBHANJ RTO - OR11( 08-NOV-2017 ),10,TWO WHEELER(NT),"1,469","1,108","1,522","1,507","1,472","1,353","1,617","1,074","1,095","2,070","1,686",925,"16,898"
2016,Odisha,NAWARANGPUR RTO - OR24( 07-NOV-2017 ),1,HEAVY GOODS VEHICLE,2,3,5,6,1,1,0,1,3,1,7,3,33
2016,Odisha,NAWARANGPUR RTO - OR24( 07-NOV-2017 ),2,HEAVY PASSENGER VEHICLE,0,0,1,0,0,1,0,0,0,1,0,0,3
2016,Odisha,NAWARANGPUR RTO - OR24( 07-NOV-2017 ),3,LIGHT GOODS VEHICLE,64,59,82,99,18,33,12,164,48,41,36,53,709
2016,Odisha,NAWARANGPUR RTO - OR24( 07-NOV-2017 ),4,LIGHT MOTOR VEHICLE,18,23,23,17,11,37,19,29,17,20,37,12,263
2016,Odisha,NAWARANGPUR RTO - OR24( 07-NOV-2017 ),5,LIGHT PASSENGER VEHICLE,5,11,6,6,2,4,4,6,3,5,4,3,59
2016,Odisha,NAWARANGPUR RTO - OR24( 07-NOV-2017 ),6,MEDIUM GOODS VEHICLE,2,1,1,2,1,1,0,1,1,1,1,3,15
2016,Odisha,NAWARANGPUR RTO - OR24( 07-NOV-2017 ),7,MEDIUM PASSENGER VEHICLE,1,0,1,0,0,0,0,0,0,0,2,0,4
2016,Odisha,NAWARANGPUR RTO - OR24( 07-NOV-2017 ),8,THREE WHEELER(T),23,35,40,35,17,24,22,19,32,29,30,12,318
2016,Odisha,NAWARANGPUR RTO - OR24( 07-NOV-2017 ),9,TWO WHEELER(NT),345,470,377,561,197,629,231,383,360,375,420,123,"4,471"
2016,Odisha,NAYAGARH RTO - OR25( 25-DEC-2017 ),1,HEAVY GOODS VEHICLE,1,2,0,1,1,5,2,2,2,1,9,5,31
2016,Odisha,NAYAGARH RTO - OR25( 25-DEC-2017 ),2,HEAVY MOTOR VEHICLE,0,1,0,0,0,0,0,0,0,0,0,0,1
2016,Odisha,NAYAGARH RTO - OR25( 25-DEC-2017 ),3,HEAVY PASSENGER VEHICLE,0,0,1,0,0,0,0,0,0,0,1,0,2
2016,Odisha,NAYAGARH RTO - OR25( 25-DEC-2017 ),4,LIGHT GOODS VEHICLE,57,82,42,66,37,55,41,37,31,42,71,28,589
2016,Odisha,NAYAGARH RTO - OR25( 25-DEC-2017 ),5,LIGHT MOTOR VEHICLE,21,9,6,16,9,9,12,12,7,15,15,13,144
2016,Odisha,NAYAGARH RTO - OR25( 25-DEC-2017 ),6,LIGHT PASSENGER VEHICLE,9,3,1,5,4,3,2,7,5,7,1,6,53
2016,Odisha,NAYAGARH RTO - OR25( 25-DEC-2017 ),7,MEDIUM GOODS VEHICLE,5,5,7,1,4,2,4,5,0,4,2,4,43
2016,Odisha,NAYAGARH RTO - OR25( 25-DEC-2017 ),8,MEDIUM MOTOR VEHICLE,0,0,0,0,0,0,1,0,0,0,0,0,1
2016,Odisha,NAYAGARH RTO - OR25( 25-DEC-2017 ),9,MEDIUM PASSENGER VEHICLE,0,0,0,0,2,0,0,0,1,1,2,0,6
2016,Odisha,NAYAGARH RTO - OR25( 25-DEC-2017 ),10,THREE WHEELER(NT),0,0,0,0,0,0,0,0,0,0,1,0,1
2016,Odisha,NAYAGARH RTO - OR25( 25-DEC-2017 ),11,THREE WHEELER(T),33,41,32,17,34,26,28,39,26,36,48,16,376
2016,Odisha,NAYAGARH RTO - OR25( 25-DEC-2017 ),12,TWO WHEELER(NT),"1,116",716,980,"1,122","1,091",940,"1,123",734,980,"1,324","1,522",719,"12,367"
2016,Odisha,NAYAGARH RTO - OR25( 25-DEC-2017 ),13,TWO WHEELER(T),0,1,0,0,0,0,0,0,0,0,0,0,1
2016,Odisha,NUAPADA RTO - OR26( 06-NOV-2017 ),1,HEAVY GOODS VEHICLE,0,0,1,0,2,0,1,0,0,3,2,3,12
2016,Odisha,NUAPADA RTO - OR26( 06-NOV-2017 ),2,HEAVY PASSENGER VEHICLE,1,0,0,0,0,0,0,0,0,0,1,1,3
2016,Odisha,NUAPADA RTO - OR26( 06-NOV-2017 ),3,LIGHT GOODS VEHICLE,28,85,54,22,28,11,26,29,45,13,26,30,397
2016,Odisha,NUAPADA RTO - OR26( 06-NOV-2017 ),4,LIGHT MOTOR VEHICLE,23,29,31,12,32,21,31,22,17,26,24,58,326
2016,Odisha,NUAPADA RTO - OR26( 06-NOV-2017 ),5,LIGHT PASSENGER VEHICLE,6,3,2,0,3,0,0,2,1,3,2,4,26
2016,Odisha,NUAPADA RTO - OR26( 06-NOV-2017 ),6,MEDIUM GOODS VEHICLE,0,3,2,0,0,1,0,2,0,1,0,1,10
2016,Odisha,NUAPADA RTO - OR26( 06-NOV-2017 ),7,MEDIUM PASSENGER VEHICLE,7,0,0,0,0,0,0,0,0,2,1,0,10
2016,Odisha,NUAPADA RTO - OR26( 06-NOV-2017 ),8,THREE WHEELER(T),1,1,5,1,2,0,1,1,1,0,0,2,15
2016,Odisha,NUAPADA RTO - OR26( 06-NOV-2017 ),9,TWO WHEELER(NT),306,386,508,318,556,390,316,388,255,298,265,461,"4,447"
2016,Odisha,PHULBANI RTO - OR12( 23-OCT-2017 ),1,HEAVY GOODS VEHICLE,2,2,3,2,2,4,1,1,0,0,0,1,18
2016,Odisha,PHULBANI RTO - OR12( 23-OCT-2017 ),2,HEAVY PASSENGER VEHICLE,0,0,0,0,0,0,0,0,0,0,0,2,2
2016,Odisha,PHULBANI RTO - OR12( 23-OCT-2017 ),3,LIGHT GOODS VEHICLE,31,31,22,20,32,24,13,13,19,21,18,30,274
2016,Odisha,PHULBANI RTO - OR12( 23-OCT-2017 ),4,LIGHT MOTOR VEHICLE,14,9,5,6,2,7,3,5,5,11,7,5,79
2016,Odisha,PHULBANI RTO - OR12( 23-OCT-2017 ),5,LIGHT PASSENGER VEHICLE,6,5,2,0,3,2,2,5,2,6,4,7,44
2016,Odisha,PHULBANI RTO - OR12( 23-OCT-2017 ),6,MEDIUM GOODS VEHICLE,0,2,2,2,3,1,1,1,1,0,4,1,18
2016,Odisha,PHULBANI RTO - OR12( 23-OCT-2017 ),7,MEDIUM PASSENGER VEHICLE,0,0,0,0,0,0,1,0,0,0,1,0,2
2016,Odisha,PHULBANI RTO - OR12( 23-OCT-2017 ),8,OTHER THAN MENTIONED ABOVE,0,0,1,1,0,0,0,0,0,0,0,0,2
2016,Odisha,PHULBANI RTO - OR12( 23-OCT-2017 ),9,THREE WHEELER(T),50,50,47,39,49,55,62,58,41,73,56,32,612
2016,Odisha,PHULBANI RTO - OR12( 23-OCT-2017 ),10,TWO WHEELER(NT),264,292,301,351,363,221,311,264,296,378,442,241,"3,724"
2016,Odisha,PURI RTO - OR13( 25-DEC-2017 ),1,HEAVY GOODS VEHICLE,3,2,1,1,1,0,0,1,0,0,1,1,11
2016,Odisha,PURI RTO - OR13( 25-DEC-2017 ),2,HEAVY PASSENGER VEHICLE,0,0,0,0,0,0,2,0,0,0,0,1,3
2016,Odisha,PURI RTO - OR13( 25-DEC-2017 ),3,LIGHT GOODS VEHICLE,12,12,17,17,14,17,27,44,50,44,51,36,341
2016,Odisha,PURI RTO - OR13( 25-DEC-2017 ),4,LIGHT MOTOR VEHICLE,15,23,31,27,25,24,21,22,23,19,39,31,300
2016,Odisha,PURI RTO - OR13( 25-DEC-2017 ),5,LIGHT PASSENGER VEHICLE,16,16,9,10,3,11,7,14,10,10,10,12,128
2016,Odisha,PURI RTO - OR13( 25-DEC-2017 ),6,MEDIUM GOODS VEHICLE,1,1,0,0,2,0,1,1,0,1,0,0,7
2016,Odisha,PURI RTO - OR13( 25-DEC-2017 ),7,MEDIUM PASSENGER VEHICLE,0,0,0,1,0,0,0,0,0,1,1,0,3
2016,Odisha,PURI RTO - OR13( 25-DEC-2017 ),8,OTHER THAN MENTIONED ABOVE,0,0,0,1,0,0,0,0,1,0,0,0,2
2016,Odisha,PURI RTO - OR13( 25-DEC-2017 ),9,THREE WHEELER(T),45,80,64,58,87,59,67,60,76,73,71,58,798
2016,Odisha,PURI RTO - OR13( 25-DEC-2017 ),10,TWO WHEELER(NT),486,"1,148","1,351","1,154",970,723,"1,363","1,525","1,077",950,"1,905","1,131","13,783"
2016,Odisha,RAIRANGPUR ARTO - OR111( 08-NOV-2017 ),1,HEAVY GOODS VEHICLE,3,4,3,6,5,5,3,1,4,0,9,7,50
2016,Odisha,RAIRANGPUR ARTO - OR111( 08-NOV-2017 ),2,HEAVY PASSENGER VEHICLE,0,1,1,0,1,0,0,0,0,0,0,0,3
2016,Odisha,RAIRANGPUR ARTO - OR111( 08-NOV-2017 ),3,LIGHT GOODS VEHICLE,38,26,76,37,54,54,47,40,40,66,67,37,582
2016,Odisha,RAIRANGPUR ARTO - OR111( 08-NOV-2017 ),4,LIGHT MOTOR VEHICLE,16,12,14,12,13,10,16,18,20,14,19,16,180
2016,Odisha,RAIRANGPUR ARTO - OR111( 08-NOV-2017 ),5,LIGHT PASSENGER VEHICLE,12,11,14,8,15,10,13,9,11,11,5,10,129
2016,Odisha,RAIRANGPUR ARTO - OR111( 08-NOV-2017 ),6,MEDIUM GOODS VEHICLE,1,1,3,0,2,0,0,2,0,2,1,3,15
2016,Odisha,RAIRANGPUR ARTO - OR111( 08-NOV-2017 ),7,MEDIUM PASSENGER VEHICLE,0,1,0,1,2,1,0,0,0,1,1,1,8
2016,Odisha,RAIRANGPUR ARTO - OR111( 08-NOV-2017 ),8,THREE WHEELER(T),24,28,21,19,18,26,34,30,20,41,32,37,330
2016,Odisha,RAIRANGPUR ARTO - OR111( 08-NOV-2017 ),9,TWO WHEELER(NT),197,165,127,153,166,200,186,189,183,217,303,182,"2,268"
2016,Odisha,RAYGADA RTO - OR18( 25-DEC-2017 ),1,HEAVY GOODS VEHICLE,5,6,9,10,10,11,11,4,7,7,6,9,95
2016,Odisha,RAYGADA RTO - OR18( 25-DEC-2017 ),2,HEAVY MOTOR VEHICLE,0,0,0,0,2,0,0,0,0,0,0,0,2
2016,Odisha,RAYGADA RTO - OR18( 25-DEC-2017 ),3,HEAVY PASSENGER VEHICLE,3,2,1,0,0,5,1,5,0,0,0,0,17
2016,Odisha,RAYGADA RTO - OR18( 25-DEC-2017 ),4,LIGHT GOODS VEHICLE,46,79,66,51,58,31,63,48,62,47,76,55,682
2016,Odisha,RAYGADA RTO - OR18( 25-DEC-2017 ),5,LIGHT MOTOR VEHICLE,26,28,27,19,35,18,21,12,21,25,30,18,280
2016,Odisha,RAYGADA RTO - OR18( 25-DEC-2017 ),6,LIGHT PASSENGER VEHICLE,8,12,14,9,12,9,11,8,10,11,7,8,119
2016,Odisha,RAYGADA RTO - OR18( 25-DEC-2017 ),7,MEDIUM GOODS VEHICLE,1,4,7,2,4,0,2,1,4,0,2,2,29
2016,Odisha,RAYGADA RTO - OR18( 25-DEC-2017 ),8,MEDIUM MOTOR VEHICLE,0,0,0,1,0,0,0,0,0,0,0,0,1
2016,Odisha,RAYGADA RTO - OR18( 25-DEC-2017 ),9,MEDIUM PASSENGER VEHICLE,0,0,0,2,0,2,0,0,0,0,0,0,4
2016,Odisha,RAYGADA RTO - OR18( 25-DEC-2017 ),10,OTHER THAN MENTIONED ABOVE,0,1,2,0,1,0,1,1,0,0,0,0,6
2016,Odisha,RAYGADA RTO - OR18( 25-DEC-2017 ),11,THREE WHEELER(T),16,30,23,20,23,22,14,33,20,18,23,31,273
2016,Odisha,RAYGADA RTO - OR18( 25-DEC-2017 ),12,TWO WHEELER(NT),467,765,690,582,"1,038",893,727,477,584,694,862,417,"8,196"
2016,Odisha,ROURKELA RTO - OR14( 25-DEC-2017 ),1,HEAVY GOODS VEHICLE,39,70,68,66,76,57,29,26,41,46,48,36,602
2016,Odisha,ROURKELA RTO - OR14( 25-DEC-2017 ),2,HEAVY MOTOR VEHICLE,2,2,0,0,0,1,0,0,0,2,3,1,11
2016,Odisha,ROURKELA RTO - OR14( 25-DEC-2017 ),3,HEAVY PASSENGER VEHICLE,0,1,2,2,0,2,0,2,0,0,0,0,9
2016,Odisha,ROURKELA RTO - OR14( 25-DEC-2017 ),4,LIGHT GOODS VEHICLE,43,68,67,49,50,70,74,30,48,50,49,46,644
2016,Odisha,ROURKELA RTO - OR14( 25-DEC-2017 ),5,LIGHT MOTOR VEHICLE,263,219,181,161,183,146,148,148,148,163,273,196,"2,229"
2016,Odisha,ROURKELA RTO - OR14( 25-DEC-2017 ),6,LIGHT PASSENGER VEHICLE,18,13,15,10,13,16,3,9,14,13,12,8,144
2016,Odisha,ROURKELA RTO - OR14( 25-DEC-2017 ),7,MEDIUM GOODS VEHICLE,3,7,5,6,10,8,1,5,4,3,5,3,60
2016,Odisha,ROURKELA RTO - OR14( 25-DEC-2017 ),8,MEDIUM MOTOR VEHICLE,0,0,1,0,0,0,0,1,0,0,0,0,2
2016,Odisha,ROURKELA RTO - OR14( 25-DEC-2017 ),9,MEDIUM PASSENGER VEHICLE,20,1,2,0,4,0,1,1,1,2,0,1,33
2016,Odisha,ROURKELA RTO - OR14( 25-DEC-2017 ),10,OTHER THAN MENTIONED ABOVE,0,0,0,0,0,0,0,0,0,1,0,0,1
2016,Odisha,ROURKELA RTO - OR14( 25-DEC-2017 ),11,THREE WHEELER(T),60,75,87,60,64,76,69,42,85,78,91,108,895
2016,Odisha,ROURKELA RTO - OR14( 25-DEC-2017 ),12,TWO WHEELER(NT),"1,328","1,500","1,435","1,427","1,613","1,545","1,425","1,304","1,451","1,708","2,306","1,817","18,859"
2016,Odisha,SAMBALPUR RTO - OR15( 04-DEC-2017 ),1,HEAVY GOODS VEHICLE,74,90,82,101,90,74,34,27,35,46,39,58,750
2016,Odisha,SAMBALPUR RTO - OR15( 04-DEC-2017 ),2,HEAVY MOTOR VEHICLE,0,0,1,0,0,1,0,0,0,2,0,0,4
2016,Odisha,SAMBALPUR RTO - OR15( 04-DEC-2017 ),3,HEAVY PASSENGER VEHICLE,0,1,1,0,1,0,1,0,3,0,1,0,8
2016,Odisha,SAMBALPUR RTO - OR15( 04-DEC-2017 ),4,LIGHT GOODS VEHICLE,69,88,101,110,135,58,104,46,71,91,90,124,"1,087"
2016,Odisha,SAMBALPUR RTO - OR15( 04-DEC-2017 ),5,LIGHT MOTOR VEHICLE,223,175,130,168,155,138,106,114,156,153,195,178,"1,891"
2016,Odisha,SAMBALPUR RTO - OR15( 04-DEC-2017 ),6,LIGHT PASSENGER VEHICLE,23,13,18,19,19,12,7,7,13,14,14,16,175
2016,Odisha,SAMBALPUR RTO - OR15( 04-DEC-2017 ),7,MEDIUM GOODS VEHICLE,9,7,4,7,6,1,5,6,7,4,7,14,77
2016,Odisha,SAMBALPUR RTO - OR15( 04-DEC-2017 ),8,MEDIUM MOTOR VEHICLE,2,0,0,0,2,0,0,0,0,1,1,0,6
2016,Odisha,SAMBALPUR RTO - OR15( 04-DEC-2017 ),9,MEDIUM PASSENGER VEHICLE,2,1,0,2,2,1,2,1,4,5,5,3,28
2016,Odisha,SAMBALPUR RTO - OR15( 04-DEC-2017 ),10,OTHER THAN MENTIONED ABOVE,0,1,2,0,0,0,0,0,0,0,0,0,3
2016,Odisha,SAMBALPUR RTO - OR15( 04-DEC-2017 ),11,THREE WHEELER(T),52,51,37,43,58,55,40,34,44,61,48,60,583
2016,Odisha,SAMBALPUR RTO - OR15( 04-DEC-2017 ),12,TWO WHEELER(NT),"1,429","1,399","1,569","1,261","1,390","1,472","1,118",930,"1,098","1,542","1,234","1,453","15,895"
2016,Odisha,SONEPUR RTO - OR31( 08-NOV-2017 ),1,HEAVY GOODS VEHICLE,7,3,0,0,0,4,0,0,1,6,0,4,25
2016,Odisha,SONEPUR RTO - OR31( 08-NOV-2017 ),2,LIGHT GOODS VEHICLE,52,46,89,65,47,54,76,46,45,60,72,45,697
2016,Odisha,SONEPUR RTO - OR31( 08-NOV-2017 ),3,LIGHT MOTOR VEHICLE,25,17,9,14,9,21,6,12,16,12,21,22,184
2016,Odisha,SONEPUR RTO - OR31( 08-NOV-2017 ),4,LIGHT PASSENGER VEHICLE,4,4,5,3,4,1,2,4,6,2,5,4,44
2016,Odisha,SONEPUR RTO - OR31( 08-NOV-2017 ),5,MEDIUM GOODS VEHICLE,1,1,0,1,0,1,2,0,2,2,1,2,13
2016,Odisha,SONEPUR RTO - OR31( 08-NOV-2017 ),6,MEDIUM PASSENGER VEHICLE,0,1,0,0,0,0,0,0,0,0,0,0,1
2016,Odisha,SONEPUR RTO - OR31( 08-NOV-2017 ),7,THREE WHEELER(T),6,3,4,7,4,8,5,7,4,7,10,12,77
2016,Odisha,SONEPUR RTO - OR31( 08-NOV-2017 ),8,TWO WHEELER(NT),416,804,987,"1,289",697,"1,650",430,685,323,661,625,502,"9,069"
2016,Odisha,SUNDERGARH RTO - OR16( 08-NOV-2017 ),1,HEAVY GOODS VEHICLE,97,75,67,127,172,147,85,79,44,50,40,47,"1,030"
2016,Odisha,SUNDERGARH RTO - OR16( 08-NOV-2017 ),2,HEAVY MOTOR VEHICLE,0,0,0,0,0,1,0,0,0,0,0,0,1
2016,Odisha,SUNDERGARH RTO - OR16( 08-NOV-2017 ),3,HEAVY PASSENGER VEHICLE,0,0,0,0,0,0,0,0,1,2,0,2,5
2016,Odisha,SUNDERGARH RTO - OR16( 08-NOV-2017 ),4,LIGHT GOODS VEHICLE,62,76,92,89,107,72,97,60,70,54,66,66,911
2016,Odisha,SUNDERGARH RTO - OR16( 08-NOV-2017 ),5,LIGHT MOTOR VEHICLE,46,33,33,37,53,46,25,40,38,43,70,34,498
2016,Odisha,SUNDERGARH RTO - OR16( 08-NOV-2017 ),6,LIGHT PASSENGER VEHICLE,18,8,15,11,7,5,4,8,4,11,10,8,109
2016,Odisha,SUNDERGARH RTO - OR16( 08-NOV-2017 ),7,MEDIUM GOODS VEHICLE,3,2,2,5,5,2,4,3,6,3,1,4,40
2016,Odisha,SUNDERGARH RTO - OR16( 08-NOV-2017 ),8,MEDIUM MOTOR VEHICLE,0,0,1,0,0,0,1,0,0,0,0,1,3
2016,Odisha,SUNDERGARH RTO - OR16( 08-NOV-2017 ),9,MEDIUM PASSENGER VEHICLE,7,1,2,1,1,0,1,5,0,0,3,0,21
2016,Odisha,SUNDERGARH RTO - OR16( 08-NOV-2017 ),10,THREE WHEELER(T),8,6,8,15,5,16,11,7,15,18,14,16,139
2016,Odisha,SUNDERGARH RTO - OR16( 08-NOV-2017 ),11,TWO WHEELER(NT),493,441,718,639,611,576,774,448,386,471,674,654,"6,885"
2016,Odisha,TALCHER RTO - OR35( 25-DEC-2017 ),1,HEAVY GOODS VEHICLE,47,49,35,45,33,31,58,64,18,59,60,86,585
2016,Odisha,TALCHER RTO - OR35( 25-DEC-2017 ),2,HEAVY MOTOR VEHICLE,12,1,6,0,9,1,1,2,0,0,0,5,37
2016,Odisha,TALCHER RTO - OR35( 25-DEC-2017 ),3,HEAVY PASSENGER VEHICLE,1,2,0,0,0,0,0,0,0,0,0,0,3
2016,Odisha,TALCHER RTO - OR35( 25-DEC-2017 ),4,LIGHT GOODS VEHICLE,4,11,19,5,4,4,2,4,3,5,12,19,92
2016,Odisha,TALCHER RTO - OR35( 25-DEC-2017 ),5,LIGHT MOTOR VEHICLE,13,11,13,17,18,13,6,14,4,17,21,26,173
2016,Odisha,TALCHER RTO - OR35( 25-DEC-2017 ),6,LIGHT PASSENGER VEHICLE,3,8,7,8,4,9,5,2,0,19,8,3,76
2016,Odisha,TALCHER RTO - OR35( 25-DEC-2017 ),7,MEDIUM GOODS VEHICLE,2,2,0,0,2,1,1,2,1,1,2,2,16
2016,Odisha,TALCHER RTO - OR35( 25-DEC-2017 ),8,MEDIUM MOTOR VEHICLE,0,0,0,1,1,1,1,0,0,1,0,0,5
2016,Odisha,TALCHER RTO - OR35( 25-DEC-2017 ),9,MEDIUM PASSENGER VEHICLE,1,1,1,1,0,0,2,0,0,0,1,0,7
2016,Odisha,TALCHER RTO - OR35( 25-DEC-2017 ),10,THREE WHEELER(T),9,15,11,15,10,7,13,9,13,12,12,13,139
2016,Odisha,TALCHER RTO - OR35( 25-DEC-2017 ),11,TWO WHEELER(NT),394,435,577,330,722,458,409,581,274,701,545,856,"6,282"
2015,Odisha,ANGUL RTO - OR19( 25-DEC-2017 ),1,HEAVY GOODS VEHICLE,47,49,35,45,33,31,58,64,18,59,60,86,585
2015,Odisha,ANGUL RTO - OR19( 25-DEC-2017 ),2,HEAVY MOTOR VEHICLE,12,1,6,0,9,1,1,2,0,0,0,5,37
2015,Odisha,ANGUL RTO - OR19( 25-DEC-2017 ),3,HEAVY PASSENGER VEHICLE,1,2,0,0,0,0,0,0,0,0,0,0,3
2015,Odisha,ANGUL RTO - OR19( 25-DEC-2017 ),4,LIGHT GOODS VEHICLE,4,11,19,5,4,4,2,4,3,5,12,19,92
2015,Odisha,ANGUL RTO - OR19( 25-DEC-2017 ),5,LIGHT MOTOR VEHICLE,13,11,13,17,18,13,6,14,4,17,21,26,173
2015,Odisha,ANGUL RTO - OR19( 25-DEC-2017 ),6,LIGHT PASSENGER VEHICLE,3,8,7,8,4,9,5,2,0,19,8,3,76
2015,Odisha,ANGUL RTO - OR19( 25-DEC-2017 ),7,MEDIUM GOODS VEHICLE,2,2,0,0,2,1,1,2,1,1,2,2,16
2015,Odisha,ANGUL RTO - OR19( 25-DEC-2017 ),8,MEDIUM MOTOR VEHICLE,0,0,0,1,1,1,1,0,0,1,0,0,5
2015,Odisha,ANGUL RTO - OR19( 25-DEC-2017 ),9,MEDIUM PASSENGER VEHICLE,1,1,1,1,0,0,2,0,0,0,1,0,7
2015,Odisha,ANGUL RTO - OR19( 25-DEC-2017 ),10,THREE WHEELER(T),9,15,11,15,10,7,13,9,13,12,12,13,139
2015,Odisha,ANGUL RTO - OR19( 25-DEC-2017 ),11,TWO WHEELER(NT),394,435,577,330,722,458,409,581,274,701,545,856,"6,282"
2015,Odisha,ARTO BARBIL - OR901( 04-DEC-2017 ),1,HEAVY GOODS VEHICLE,22,19,38,29,61,51,78,49,62,45,55,71,580
2015,Odisha,ARTO BARBIL - OR901( 04-DEC-2017 ),2,HEAVY PASSENGER VEHICLE,1,0,0,0,0,0,0,0,0,0,0,0,1
2015,Odisha,ARTO BARBIL - OR901( 04-DEC-2017 ),3,LIGHT GOODS VEHICLE,8,7,6,9,15,9,8,14,14,8,12,12,122
2015,Odisha,ARTO BARBIL - OR901( 04-DEC-2017 ),4,LIGHT MOTOR VEHICLE,22,9,6,12,21,18,24,16,18,16,24,16,202
2015,Odisha,ARTO BARBIL - OR901( 04-DEC-2017 ),5,LIGHT PASSENGER VEHICLE,1,4,1,1,3,3,2,2,3,2,3,4,29
2015,Odisha,ARTO BARBIL - OR901( 04-DEC-2017 ),6,MEDIUM GOODS VEHICLE,0,0,2,0,1,1,2,0,0,3,2,3,14
2015,Odisha,ARTO BARBIL - OR901( 04-DEC-2017 ),7,MEDIUM PASSENGER VEHICLE,0,0,2,0,0,0,1,0,0,4,1,1,9
2015,Odisha,ARTO BARBIL - OR901( 04-DEC-2017 ),8,THREE WHEELER(T),1,0,4,1,2,2,2,2,0,0,8,3,25
2015,Odisha,ARTO BARBIL - OR901( 04-DEC-2017 ),9,TWO WHEELER(NT),179,175,179,219,287,352,293,245,256,310,392,352,"3,239"
2015,Odisha,BALASORE RTO - OR1( 07-NOV-2017 ),1,HEAVY GOODS VEHICLE,16,19,37,29,20,28,46,21,24,46,62,43,391
2015,Odisha,BALASORE RTO - OR1( 07-NOV-2017 ),2,HEAVY MOTOR VEHICLE,0,0,0,0,0,0,0,0,0,0,0,2,2
2015,Odisha,BALASORE RTO - OR1( 07-NOV-2017 ),3,HEAVY PASSENGER VEHICLE,3,3,3,3,1,0,0,0,1,0,1,1,16
2015,Odisha,BALASORE RTO - OR1( 07-NOV-2017 ),4,LIGHT GOODS VEHICLE,160,153,180,125,116,103,107,90,105,147,180,162,"1,628"
2015,Odisha,BALASORE RTO - OR1( 07-NOV-2017 ),5,LIGHT MOTOR VEHICLE,177,157,141,135,155,142,151,126,127,184,218,204,"1,917"
2015,Odisha,BALASORE RTO - OR1( 07-NOV-2017 ),6,LIGHT PASSENGER VEHICLE,47,39,39,36,36,31,35,21,38,28,42,57,449
2015,Odisha,BALASORE RTO - OR1( 07-NOV-2017 ),7,MEDIUM GOODS VEHICLE,11,6,8,5,8,1,3,2,2,7,7,13,73
2015,Odisha,BALASORE RTO - OR1( 07-NOV-2017 ),8,MEDIUM MOTOR VEHICLE,0,0,0,0,1,0,0,0,0,0,0,0,1
2015,Odisha,BALASORE RTO - OR1( 07-NOV-2017 ),9,MEDIUM PASSENGER VEHICLE,0,2,1,3,0,2,1,6,2,0,1,1,19
2015,Odisha,BALASORE RTO - OR1( 07-NOV-2017 ),10,OTHER THAN MENTIONED ABOVE,0,1,1,3,1,1,1,0,1,0,1,1,11
2015,Odisha,BALASORE RTO - OR1( 07-NOV-2017 ),11,THREE WHEELER(T),50,85,76,66,81,67,71,83,75,92,88,83,917
2015,Odisha,BALASORE RTO - OR1( 07-NOV-2017 ),12,TWO WHEELER(NT),"2,429","2,095","2,531","2,441","2,827","3,168","2,887","1,990","2,054","3,127","4,307","2,758","32,614"
2015,Odisha,BALASORE RTO - OR1( 07-NOV-2017 ),13,TWO WHEELER(T),1,0,0,0,0,0,0,0,0,0,0,0,1
2015,Odisha,BARGARH RTO - OR17( 04-DEC-2017 ),1,HEAVY GOODS VEHICLE,19,19,9,9,22,11,7,14,9,15,16,17,167
2015,Odisha,BARGARH RTO - OR17( 04-DEC-2017 ),2,HEAVY PASSENGER VEHICLE,0,0,0,0,0,0,1,0,3,1,1,0,6
2015,Odisha,BARGARH RTO - OR17( 04-DEC-2017 ),3,LIGHT GOODS VEHICLE,133,143,133,117,137,127,127,157,139,165,149,139,"1,666"
2015,Odisha,BARGARH RTO - OR17( 04-DEC-2017 ),4,LIGHT MOTOR VEHICLE,100,69,62,60,52,60,62,58,51,65,126,99,864
2015,Odisha,BARGARH RTO - OR17( 04-DEC-2017 ),5,LIGHT PASSENGER VEHICLE,11,15,5,8,13,4,6,14,8,7,12,14,117
2015,Odisha,BARGARH RTO - OR17( 04-DEC-2017 ),6,MEDIUM GOODS VEHICLE,0,4,3,7,2,2,1,0,0,1,1,5,26
2015,Odisha,BARGARH RTO - OR17( 04-DEC-2017 ),7,MEDIUM MOTOR VEHICLE,0,0,0,0,0,0,0,0,1,1,1,0,3
2015,Odisha,BARGARH RTO - OR17( 04-DEC-2017 ),8,MEDIUM PASSENGER VEHICLE,0,0,3,0,0,1,1,0,0,0,0,1,6
2015,Odisha,BARGARH RTO - OR17( 04-DEC-2017 ),9,OTHER THAN MENTIONED ABOVE,2,1,0,4,3,0,3,1,1,2,3,4,24
2015,Odisha,BARGARH RTO - OR17( 04-DEC-2017 ),10,THREE WHEELER(T),5,21,19,8,12,17,20,22,22,21,20,25,212
2015,Odisha,BARGARH RTO - OR17( 04-DEC-2017 ),11,TWO WHEELER(NT),"1,376","1,755","1,872","1,706","1,880","1,715","1,575","1,122","1,093","1,235","1,513","1,130","17,972"
2015,Odisha,BHADRAK RTO - OR22( 04-DEC-2017 ),1,HEAVY GOODS VEHICLE,9,11,4,10,9,1,2,1,2,9,4,10,72
2015,Odisha,BHADRAK RTO - OR22( 04-DEC-2017 ),2,HEAVY PASSENGER VEHICLE,0,0,1,0,1,1,0,0,0,2,0,0,5
2015,Odisha,BHADRAK RTO - OR22( 04-DEC-2017 ),3,LIGHT GOODS VEHICLE,61,68,98,64,64,52,54,52,62,89,111,102,877
2015,Odisha,BHADRAK RTO - OR22( 04-DEC-2017 ),4,LIGHT MOTOR VEHICLE,37,31,26,33,43,29,39,29,24,37,48,43,419
2015,Odisha,BHADRAK RTO - OR22( 04-DEC-2017 ),5,LIGHT PASSENGER VEHICLE,22,11,14,12,12,11,11,16,14,9,13,19,164
2015,Odisha,BHADRAK RTO - OR22( 04-DEC-2017 ),6,MEDIUM GOODS VEHICLE,5,3,2,4,1,1,2,0,1,3,3,7,32
2015,Odisha,BHADRAK RTO - OR22( 04-DEC-2017 ),7,MEDIUM PASSENGER VEHICLE,0,0,0,0,0,1,1,3,1,1,1,1,9
2015,Odisha,BHADRAK RTO - OR22( 04-DEC-2017 ),8,THREE WHEELER(T),45,39,51,45,45,37,42,48,47,53,58,72,582
2015,Odisha,BHADRAK RTO - OR22( 04-DEC-2017 ),9,TWO WHEELER (INVALID CARRIAGE),0,0,0,0,0,0,0,0,1,0,0,0,1
2015,Odisha,BHADRAK RTO - OR22( 04-DEC-2017 ),10,TWO WHEELER(NT),"1,295","1,213","1,374","1,184","1,450","1,549","1,293","1,076",988,"1,693","2,131","1,620","16,866"
2015,Odisha,BHANJANAGAR RTO - OR32( 04-DEC-2017 ),1,HEAVY GOODS VEHICLE,1,0,1,2,3,1,2,2,2,5,0,2,21
2015,Odisha,BHANJANAGAR RTO - OR32( 04-DEC-2017 ),2,HEAVY PASSENGER VEHICLE,0,0,1,0,0,0,0,0,0,0,0,0,1
2015,Odisha,BHANJANAGAR RTO - OR32( 04-DEC-2017 ),3,LIGHT GOODS VEHICLE,45,62,34,25,50,53,55,31,67,84,78,50,634
2015,Odisha,BHANJANAGAR RTO - OR32( 04-DEC-2017 ),4,LIGHT MOTOR VEHICLE,13,10,11,13,12,14,9,16,7,6,13,22,146
2015,Odisha,BHANJANAGAR RTO - OR32( 04-DEC-2017 ),5,LIGHT PASSENGER VEHICLE,7,10,1,4,3,4,3,4,5,9,5,7,62
2015,Odisha,BHANJANAGAR RTO - OR32( 04-DEC-2017 ),6,MEDIUM GOODS VEHICLE,2,1,3,1,0,2,2,0,2,3,2,2,20
2015,Odisha,BHANJANAGAR RTO - OR32( 04-DEC-2017 ),7,MEDIUM MOTOR VEHICLE,1,0,0,0,0,0,0,0,0,0,0,0,1
2015,Odisha,BHANJANAGAR RTO - OR32( 04-DEC-2017 ),8,MEDIUM PASSENGER VEHICLE,0,0,0,0,0,0,0,1,0,0,0,0,1
2015,Odisha,BHANJANAGAR RTO - OR32( 04-DEC-2017 ),9,THREE WHEELER(T),20,30,27,22,20,30,23,28,20,16,26,37,299
2015,Odisha,BHANJANAGAR RTO - OR32( 04-DEC-2017 ),10,TWO WHEELER (INVALID CARRIAGE),0,0,0,0,0,0,0,0,0,1,2,0,3
2015,Odisha,BHANJANAGAR RTO - OR32( 04-DEC-2017 ),11,TWO WHEELER(NT),395,747,688,625,712,582,519,628,426,586,"1,017",708,"7,633"
2015,Odisha,BHUBANESWAR-II RTO - OR33( 23-OCT-2017 ),1,HEAVY GOODS VEHICLE,14,5,5,16,11,9,4,2,9,0,10,28,113
2015,Odisha,BHUBANESWAR-II RTO - OR33( 23-OCT-2017 ),2,HEAVY PASSENGER VEHICLE,0,0,0,0,0,2,0,0,0,0,0,1,3
2015,Odisha,BHUBANESWAR-II RTO - OR33( 23-OCT-2017 ),3,LIGHT GOODS VEHICLE,78,98,143,215,79,94,116,37,136,173,44,105,"1,318"
2015,Odisha,BHUBANESWAR-II RTO - OR33( 23-OCT-2017 ),4,LIGHT MOTOR VEHICLE,271,203,240,206,235,250,245,211,233,290,334,354,"3,072"
2015,Odisha,BHUBANESWAR-II RTO - OR33( 23-OCT-2017 ),5,LIGHT PASSENGER VEHICLE,28,17,20,17,17,26,37,34,29,24,24,21,294
2015,Odisha,BHUBANESWAR-II RTO - OR33( 23-OCT-2017 ),6,MEDIUM GOODS VEHICLE,2,3,3,2,2,1,3,0,3,5,4,0,28
2015,Odisha,BHUBANESWAR-II RTO - OR33( 23-OCT-2017 ),7,MEDIUM MOTOR VEHICLE,0,0,0,0,0,0,0,0,0,0,0,1,1
2015,Odisha,BHUBANESWAR-II RTO - OR33( 23-OCT-2017 ),8,MEDIUM PASSENGER VEHICLE,0,0,0,0,0,1,6,1,1,0,1,1,11
2015,Odisha,BHUBANESWAR-II RTO - OR33( 23-OCT-2017 ),9,OTHER THAN MENTIONED ABOVE,1,0,1,0,0,0,1,0,0,0,0,1,4
2015,Odisha,BHUBANESWAR-II RTO - OR33( 23-OCT-2017 ),10,THREE WHEELER(T),109,172,141,117,138,150,242,183,154,177,276,195,"2,054"
2015,Odisha,BHUBANESWAR-II RTO - OR33( 23-OCT-2017 ),11,TWO WHEELER(NT),"1,968","1,995","2,069","2,167","2,169","2,406","2,847","2,259","2,309","2,603","3,634","3,258","29,684"
2015,Odisha,BHUBANESWAR-II RTO - OR33( 23-OCT-2017 ),12,TWO WHEELER(T),1,1,0,0,1,0,2,3,0,2,2,1,13
2015,Odisha,BHUBANESWAR RTO - OR2( 22-JAN-2018 ),1,HEAVY GOODS VEHICLE,18,37,16,31,32,21,40,11,21,34,32,27,320
2015,Odisha,BHUBANESWAR RTO - OR2( 22-JAN-2018 ),2,HEAVY MOTOR VEHICLE,0,0,0,0,0,0,0,0,0,0,0,1,1
2015,Odisha,BHUBANESWAR RTO - OR2( 22-JAN-2018 ),3,HEAVY PASSENGER VEHICLE,4,3,1,5,5,0,3,3,1,4,3,3,35
2015,Odisha,BHUBANESWAR RTO - OR2( 22-JAN-2018 ),4,LIGHT GOODS VEHICLE,98,73,85,106,97,81,114,103,89,174,155,142,"1,317"
2015,Odisha,BHUBANESWAR RTO - OR2( 22-JAN-2018 ),5,LIGHT MOTOR VEHICLE,"1,320","1,058",847,"1,040",942,"1,031","1,052",996,"1,171","1,256","1,648","1,255","13,616"
2015,Odisha,BHUBANESWAR RTO - OR2( 22-JAN-2018 ),6,LIGHT PASSENGER VEHICLE,96,78,80,86,61,65,69,66,71,83,117,112,984
2015,Odisha,BHUBANESWAR RTO - OR2( 22-JAN-2018 ),7,MEDIUM GOODS VEHICLE,17,26,14,18,13,11,15,15,8,14,9,20,180
2015,Odisha,BHUBANESWAR RTO - OR2( 22-JAN-2018 ),8,MEDIUM MOTOR VEHICLE,0,1,0,1,0,0,0,0,0,0,1,2,5
2015,Odisha,BHUBANESWAR RTO - OR2( 22-JAN-2018 ),9,MEDIUM PASSENGER VEHICLE,2,1,8,4,18,0,2,0,0,6,4,7,52
2015,Odisha,BHUBANESWAR RTO - OR2( 22-JAN-2018 ),10,OTHER THAN MENTIONED ABOVE,2,0,1,1,0,1,0,0,2,0,4,1,12
2015,Odisha,BHUBANESWAR RTO - OR2( 22-JAN-2018 ),11,THREE WHEELER(T),105,88,82,62,62,74,91,89,97,106,127,113,"1,096"
2015,Odisha,BHUBANESWAR RTO - OR2( 22-JAN-2018 ),12,TWO WHEELER (INVALID CARRIAGE),0,0,0,0,0,0,0,0,1,0,1,0,2
2015,Odisha,BHUBANESWAR RTO - OR2( 22-JAN-2018 ),13,TWO WHEELER(NT),"2,490","2,948","2,749","2,957","2,838","3,035","3,823","3,161","2,955","3,458","4,864","3,742","39,020"
2015,Odisha,BHUBANESWAR RTO - OR2( 22-JAN-2018 ),14,TWO WHEELER(T),3,1,1,1,1,1,0,1,0,1,2,1,13
2015,Odisha,BOLANGIR RTO - OR3( 25-DEC-2017 ),1,HEAVY GOODS VEHICLE,8,5,14,6,3,19,7,6,7,18,0,4,97
2015,Odisha,BOLANGIR RTO - OR3( 25-DEC-2017 ),2,HEAVY PASSENGER VEHICLE,1,0,1,0,0,0,0,1,0,1,0,1,5
2015,Odisha,BOLANGIR RTO - OR3( 25-DEC-2017 ),3,LIGHT GOODS VEHICLE,98,129,118,79,88,85,175,83,78,141,127,108,"1,309"
2015,Odisha,BOLANGIR RTO - OR3( 25-DEC-2017 ),4,LIGHT MOTOR VEHICLE,76,73,64,54,61,46,42,37,58,80,78,86,755
2015,Odisha,BOLANGIR RTO - OR3( 25-DEC-2017 ),5,LIGHT PASSENGER VEHICLE,24,18,21,15,6,7,19,14,8,15,17,17,181
2015,Odisha,BOLANGIR RTO - OR3( 25-DEC-2017 ),6,MEDIUM GOODS VEHICLE,5,8,5,4,5,7,5,5,3,1,1,3,52
2015,Odisha,BOLANGIR RTO - OR3( 25-DEC-2017 ),7,MEDIUM MOTOR VEHICLE,0,0,0,0,1,0,0,0,0,0,0,0,1
2015,Odisha,BOLANGIR RTO - OR3( 25-DEC-2017 ),8,MEDIUM PASSENGER VEHICLE,0,1,0,1,0,1,2,4,1,0,0,0,10
2015,Odisha,BOLANGIR RTO - OR3( 25-DEC-2017 ),9,OTHER THAN MENTIONED ABOVE,1,1,0,0,0,0,1,0,0,0,0,0,3
2015,Odisha,BOLANGIR RTO - OR3( 25-DEC-2017 ),10,THREE WHEELER(T),24,21,13,25,20,22,32,13,18,22,25,35,270
2015,Odisha,BOLANGIR RTO - OR3( 25-DEC-2017 ),11,TWO WHEELER(NT),"1,526","2,150","1,974","1,899","1,336","1,122",918,829,766,"1,113",909,"1,023","15,565"
2015,Odisha,BOLANGIR RTO - OR3( 25-DEC-2017 ),12,TWO WHEELER(T),0,0,0,0,0,0,0,0,0,0,1,0,1
2015,Odisha,BOUDH RTO - OR27( 23-OCT-2017 ),1,HEAVY GOODS VEHICLE,1,0,0,0,0,0,0,1,0,0,0,0,2
2015,Odisha,BOUDH RTO - OR27( 23-OCT-2017 ),2,LIGHT GOODS VEHICLE,11,9,17,18,7,15,39,20,18,4,9,9,176
2015,Odisha,BOUDH RTO - OR27( 23-OCT-2017 ),3,LIGHT MOTOR VEHICLE,5,5,7,5,5,1,4,2,2,5,7,4,52
2015,Odisha,BOUDH RTO - OR27( 23-OCT-2017 ),4,LIGHT PASSENGER VEHICLE,1,1,3,2,1,0,3,1,3,0,2,2,19
2015,Odisha,BOUDH RTO - OR27( 23-OCT-2017 ),5,MEDIUM GOODS VEHICLE,3,1,1,1,0,1,2,0,2,1,0,0,12
2015,Odisha,BOUDH RTO - OR27( 23-OCT-2017 ),6,MEDIUM PASSENGER VEHICLE,0,0,0,0,0,0,0,0,1,0,0,0,1
2015,Odisha,BOUDH RTO - OR27( 23-OCT-2017 ),7,THREE WHEELER(T),11,6,13,6,2,4,12,6,3,9,8,11,91
2015,Odisha,BOUDH RTO - OR27( 23-OCT-2017 ),8,TWO WHEELER(NT),120,217,394,246,195,193,180,133,103,129,204,105,"2,219"
2015,Odisha,CHANDIKHOLE RTO - OR4( 23-OCT-2017 ),1,HEAVY GOODS VEHICLE,58,30,62,69,58,33,25,44,54,63,63,34,593
2015,Odisha,CHANDIKHOLE RTO - OR4( 23-OCT-2017 ),2,HEAVY MOTOR VEHICLE,0,0,0,0,0,1,0,1,0,0,0,0,2
2015,Odisha,CHANDIKHOLE RTO - OR4( 23-OCT-2017 ),3,HEAVY PASSENGER VEHICLE,1,0,0,0,0,1,0,0,0,1,0,0,3
2015,Odisha,CHANDIKHOLE RTO - OR4( 23-OCT-2017 ),4,LIGHT GOODS VEHICLE,112,98,163,96,108,102,134,116,124,122,148,78,"1,401"
2015,Odisha,CHANDIKHOLE RTO - OR4( 23-OCT-2017 ),5,LIGHT MOTOR VEHICLE,41,87,46,42,73,46,50,58,61,59,51,56,670
2015,Odisha,CHANDIKHOLE RTO - OR4( 23-OCT-2017 ),6,LIGHT PASSENGER VEHICLE,33,19,19,19,18,14,20,18,24,18,16,6,224
2015,Odisha,CHANDIKHOLE RTO - OR4( 23-OCT-2017 ),7,MEDIUM GOODS VEHICLE,5,8,6,3,8,8,2,6,2,3,4,5,60
2015,Odisha,CHANDIKHOLE RTO - OR4( 23-OCT-2017 ),8,MEDIUM MOTOR VEHICLE,0,0,0,1,0,0,0,0,0,0,0,0,1
2015,Odisha,CHANDIKHOLE RTO - OR4( 23-OCT-2017 ),9,MEDIUM PASSENGER VEHICLE,2,2,2,0,1,0,1,0,1,1,3,0,13
2015,Odisha,CHANDIKHOLE RTO - OR4( 23-OCT-2017 ),10,OTHER THAN MENTIONED ABOVE,1,1,3,1,0,1,0,0,0,0,3,1,11
2015,Odisha,CHANDIKHOLE RTO - OR4( 23-OCT-2017 ),11,THREE WHEELER(NT),0,0,0,0,0,1,0,0,0,0,0,0,1
2015,Odisha,CHANDIKHOLE RTO - OR4( 23-OCT-2017 ),12,THREE WHEELER(T),60,62,72,44,39,48,80,58,60,50,79,52,704
2015,Odisha,CHANDIKHOLE RTO - OR4( 23-OCT-2017 ),13,TWO WHEELER(NT),"1,601","2,540","2,039","2,008","2,255","1,850","1,618","1,027",696,674,"1,448",997,"18,753"
2015,Odisha,CUTTACK RTO - OR5( 31-MAY-2017 ),1,HEAVY GOODS VEHICLE,35,50,60,36,31,39,40,40,65,95,65,80,636
2015,Odisha,CUTTACK RTO - OR5( 31-MAY-2017 ),2,HEAVY MOTOR VEHICLE,0,0,2,0,2,6,1,1,0,0,1,0,13
2015,Odisha,CUTTACK RTO - OR5( 31-MAY-2017 ),3,HEAVY PASSENGER VEHICLE,4,5,4,5,0,1,7,6,3,1,7,1,44
2015,Odisha,CUTTACK RTO - OR5( 31-MAY-2017 ),4,LIGHT GOODS VEHICLE,166,114,151,170,151,171,128,167,259,186,219,192,"2,074"
2015,Odisha,CUTTACK RTO - OR5( 31-MAY-2017 ),5,LIGHT MOTOR VEHICLE,442,491,283,333,300,287,287,267,361,448,504,404,"4,407"
2015,Odisha,CUTTACK RTO - OR5( 31-MAY-2017 ),6,LIGHT PASSENGER VEHICLE,47,46,51,43,40,31,30,33,60,50,71,87,589
2015,Odisha,CUTTACK RTO - OR5( 31-MAY-2017 ),7,MEDIUM GOODS VEHICLE,3,3,6,8,5,3,5,4,3,8,3,6,57
2015,Odisha,CUTTACK RTO - OR5( 31-MAY-2017 ),8,MEDIUM MOTOR VEHICLE,0,0,1,0,0,1,0,1,0,0,0,1,4
2015,Odisha,CUTTACK RTO - OR5( 31-MAY-2017 ),9,MEDIUM PASSENGER VEHICLE,0,3,4,1,2,2,6,5,2,2,4,3,34
2015,Odisha,CUTTACK RTO - OR5( 31-MAY-2017 ),10,OTHER THAN MENTIONED ABOVE,2,2,1,3,1,1,2,2,2,2,7,0,25
2015,Odisha,CUTTACK RTO - OR5( 31-MAY-2017 ),11,THREE WHEELER(NT),0,0,0,0,0,0,0,0,1,0,0,0,1
2015,Odisha,CUTTACK RTO - OR5( 31-MAY-2017 ),12,THREE WHEELER(T),115,118,103,95,88,103,109,106,127,139,157,108,"1,368"
2015,Odisha,CUTTACK RTO - OR5( 31-MAY-2017 ),13,TWO WHEELER(NT),"3,604","3,504","3,350","3,436","3,736","4,353","3,882","3,415","3,317","4,163","6,206","4,362","47,328"
2015,Odisha,CUTTACK RTO - OR5( 31-MAY-2017 ),14,TWO WHEELER(T),0,0,0,1,0,1,1,2,1,1,0,0,7
2015,Odisha,DEOGARH RTO - OR28( 23-OCT-2017 ),1,HEAVY GOODS VEHICLE,3,0,5,0,0,0,0,0,2,0,0,3,13
2015,Odisha,DEOGARH RTO - OR28( 23-OCT-2017 ),2,HEAVY PASSENGER VEHICLE,0,0,0,0,2,0,0,0,0,0,0,0,2
2015,Odisha,DEOGARH RTO - OR28( 23-OCT-2017 ),3,LIGHT GOODS VEHICLE,10,12,4,9,5,12,10,13,9,9,6,17,116
2015,Odisha,DEOGARH RTO - OR28( 23-OCT-2017 ),4,LIGHT MOTOR VEHICLE,6,10,7,7,2,4,2,8,3,8,11,18,86
2015,Odisha,DEOGARH RTO - OR28( 23-OCT-2017 ),5,LIGHT PASSENGER VEHICLE,5,3,3,2,0,2,2,3,1,2,4,2,29
2015,Odisha,DEOGARH RTO - OR28( 23-OCT-2017 ),6,MEDIUM GOODS VEHICLE,0,0,1,1,1,0,0,0,0,1,3,2,9
2015,Odisha,DEOGARH RTO - OR28( 23-OCT-2017 ),7,MEDIUM PASSENGER VEHICLE,0,0,1,0,0,0,0,0,0,1,1,0,3
2015,Odisha,DEOGARH RTO - OR28( 23-OCT-2017 ),8,OTHER THAN MENTIONED ABOVE,0,0,0,1,0,0,0,0,0,0,1,0,2
2015,Odisha,DEOGARH RTO - OR28( 23-OCT-2017 ),9,THREE WHEELER(T),3,3,1,2,0,2,2,0,0,0,5,5,23
2015,Odisha,DEOGARH RTO - OR28( 23-OCT-2017 ),10,TWO WHEELER(NT),163,139,97,117,116,77,199,130,54,109,199,176,"1,576"
2015,Odisha,DHENKANAL RTO - OR6( 07-NOV-2017 ),1,HEAVY GOODS VEHICLE,13,2,8,2,0,5,4,6,2,10,4,8,64
2015,Odisha,DHENKANAL RTO - OR6( 07-NOV-2017 ),2,HEAVY PASSENGER VEHICLE,0,0,0,0,0,0,2,0,0,0,0,0,2
2015,Odisha,DHENKANAL RTO - OR6( 07-NOV-2017 ),3,LIGHT GOODS VEHICLE,28,38,31,37,58,35,38,47,29,48,71,57,517
2015,Odisha,DHENKANAL RTO - OR6( 07-NOV-2017 ),4,LIGHT MOTOR VEHICLE,28,24,15,23,24,15,25,18,16,27,29,46,290
2015,Odisha,DHENKANAL RTO - OR6( 07-NOV-2017 ),5,LIGHT PASSENGER VEHICLE,3,2,3,7,2,0,6,4,1,3,5,3,39
2015,Odisha,DHENKANAL RTO - OR6( 07-NOV-2017 ),6,MEDIUM GOODS VEHICLE,1,2,3,4,4,1,2,2,2,2,0,4,27
2015,Odisha,DHENKANAL RTO - OR6( 07-NOV-2017 ),7,MEDIUM MOTOR VEHICLE,1,0,0,0,0,0,0,0,0,1,0,0,2
2015,Odisha,DHENKANAL RTO - OR6( 07-NOV-2017 ),8,MEDIUM PASSENGER VEHICLE,0,0,0,0,0,2,0,0,0,0,0,0,2
2015,Odisha,DHENKANAL RTO - OR6( 07-NOV-2017 ),9,OTHER THAN MENTIONED ABOVE,0,0,0,0,0,0,0,0,0,1,0,0,1
2015,Odisha,DHENKANAL RTO - OR6( 07-NOV-2017 ),10,THREE WHEELER(T),14,20,20,7,14,15,23,26,24,25,17,24,229
2015,Odisha,DHENKANAL RTO - OR6( 07-NOV-2017 ),11,TWO WHEELER (INVALID CARRIAGE),0,0,0,0,0,0,0,1,0,0,0,0,1
2015,Odisha,DHENKANAL RTO - OR6( 07-NOV-2017 ),12,TWO WHEELER(NT),789,710,854,764,696,914,776,579,690,"1,295","1,005",724,"9,796"
2015,Odisha,GAJAPATI RTO - OR20( 07-NOV-2017 ),1,HEAVY GOODS VEHICLE,0,0,0,0,0,1,3,1,0,1,0,0,6
2015,Odisha,GAJAPATI RTO - OR20( 07-NOV-2017 ),2,HEAVY PASSENGER VEHICLE,0,0,1,0,0,0,0,0,0,0,0,1,2
2015,Odisha,GAJAPATI RTO - OR20( 07-NOV-2017 ),3,LIGHT GOODS VEHICLE,11,25,18,18,6,23,9,21,24,18,30,61,264
2015,Odisha,GAJAPATI RTO - OR20( 07-NOV-2017 ),4,LIGHT MOTOR VEHICLE,8,10,6,12,8,7,13,4,4,4,7,15,98
2015,Odisha,GAJAPATI RTO - OR20( 07-NOV-2017 ),5,LIGHT PASSENGER VEHICLE,1,1,1,2,1,1,3,1,0,1,5,1,18
2015,Odisha,GAJAPATI RTO - OR20( 07-NOV-2017 ),6,MEDIUM GOODS VEHICLE,0,0,0,0,0,0,1,0,0,0,1,2,4
2015,Odisha,GAJAPATI RTO - OR20( 07-NOV-2017 ),7,MEDIUM PASSENGER VEHICLE,0,0,0,0,0,0,0,0,1,0,0,0,1
2015,Odisha,GAJAPATI RTO - OR20( 07-NOV-2017 ),8,THREE WHEELER(T),0,1,0,0,0,0,0,0,0,1,2,1,5
2015,Odisha,GAJAPATI RTO - OR20( 07-NOV-2017 ),9,TWO WHEELER(NT),106,146,104,320,187,116,93,94,163,108,174,210,"1,821"
2015,Odisha,GANJAM RTO - OR7( 04-DEC-2017 ),1,HEAVY GOODS VEHICLE,19,24,29,26,23,23,35,15,26,30,29,26,305
2015,Odisha,GANJAM RTO - OR7( 04-DEC-2017 ),2,HEAVY MOTOR VEHICLE,0,0,0,0,0,0,1,0,0,0,0,0,1
2015,Odisha,GANJAM RTO - OR7( 04-DEC-2017 ),3,HEAVY PASSENGER VEHICLE,4,0,0,4,1,2,0,4,3,4,2,4,28
2015,Odisha,GANJAM RTO - OR7( 04-DEC-2017 ),4,LIGHT GOODS VEHICLE,216,172,202,155,183,237,174,165,133,197,167,194,"2,195"
2015,Odisha,GANJAM RTO - OR7( 04-DEC-2017 ),5,LIGHT MOTOR VEHICLE,145,133,110,99,112,121,109,106,103,109,148,131,"1,426"
2015,Odisha,GANJAM RTO - OR7( 04-DEC-2017 ),6,LIGHT PASSENGER VEHICLE,20,11,16,14,9,14,13,20,12,18,11,14,172
2015,Odisha,GANJAM RTO - OR7( 04-DEC-2017 ),7,MEDIUM GOODS VEHICLE,3,3,8,2,8,5,10,4,5,7,3,11,69
2015,Odisha,GANJAM RTO - OR7( 04-DEC-2017 ),8,MEDIUM PASSENGER VEHICLE,3,2,2,0,2,1,4,0,1,1,1,2,19
2015,Odisha,GANJAM RTO - OR7( 04-DEC-2017 ),9,OTHER THAN MENTIONED ABOVE,0,0,0,2,0,0,0,0,0,0,0,0,2
2015,Odisha,GANJAM RTO - OR7( 04-DEC-2017 ),10,THREE WHEELER(T),113,128,122,95,117,111,156,118,120,129,121,118,"1,448"
2015,Odisha,GANJAM RTO - OR7( 04-DEC-2017 ),11,TWO WHEELER (INVALID CARRIAGE),1,0,3,1,2,0,0,1,1,1,1,0,11
2015,Odisha,GANJAM RTO - OR7( 04-DEC-2017 ),12,TWO WHEELER(NT),"2,354","2,372","2,398","2,489","2,826","2,953","3,463","2,009","1,795","2,049","3,191","3,469","31,368"
2015,Odisha,GANJAM RTO - OR7( 04-DEC-2017 ),13,TWO WHEELER(T),0,0,0,0,0,0,0,0,0,0,0,1,1
2015,Odisha,JAGATSINGHPUR RTO - OR21( 04-DEC-2017 ),1,HEAVY GOODS VEHICLE,2,3,6,1,3,2,4,0,1,6,1,5,34
2015,Odisha,JAGATSINGHPUR RTO - OR21( 04-DEC-2017 ),2,HEAVY MOTOR VEHICLE,0,0,0,1,0,0,0,0,0,0,0,0,1
2015,Odisha,JAGATSINGHPUR RTO - OR21( 04-DEC-2017 ),3,HEAVY PASSENGER VEHICLE,0,0,0,0,0,0,0,1,0,0,0,0,1
2015,Odisha,JAGATSINGHPUR RTO - OR21( 04-DEC-2017 ),4,LIGHT GOODS VEHICLE,36,48,73,43,44,51,64,47,75,72,56,72,681
2015,Odisha,JAGATSINGHPUR RTO - OR21( 04-DEC-2017 ),5,LIGHT MOTOR VEHICLE,19,12,12,7,14,14,15,4,7,15,17,18,154
2015,Odisha,JAGATSINGHPUR RTO - OR21( 04-DEC-2017 ),6,LIGHT PASSENGER VEHICLE,8,3,8,3,5,6,5,2,6,5,9,11,71
2015,Odisha,JAGATSINGHPUR RTO - OR21( 04-DEC-2017 ),7,MEDIUM GOODS VEHICLE,2,1,0,1,0,0,2,1,0,4,3,4,18
2015,Odisha,JAGATSINGHPUR RTO - OR21( 04-DEC-2017 ),8,MEDIUM MOTOR VEHICLE,0,1,1,0,0,0,0,0,0,0,0,0,2
2015,Odisha,JAGATSINGHPUR RTO - OR21( 04-DEC-2017 ),9,OTHER THAN MENTIONED ABOVE,0,0,0,0,0,1,0,0,0,0,0,0,1
2015,Odisha,JAGATSINGHPUR RTO - OR21( 04-DEC-2017 ),10,THREE WHEELER(T),45,42,40,24,26,20,28,36,27,35,51,34,408
2015,Odisha,JAGATSINGHPUR RTO - OR21( 04-DEC-2017 ),11,TWO WHEELER(NT),938,662,881,762,981,"1,220","1,107",758,856,858,"1,581","1,033","11,637"
2015,Odisha,JAJPUR RTO - OR34( 23-OCT-2017 ),1,HEAVY GOODS VEHICLE,4,0,3,4,2,2,0,1,3,4,21,4,48
2015,Odisha,JAJPUR RTO - OR34( 23-OCT-2017 ),2,LIGHT GOODS VEHICLE,0,2,4,2,4,9,13,13,21,16,38,28,150
2015,Odisha,JAJPUR RTO - OR34( 23-OCT-2017 ),3,LIGHT MOTOR VEHICLE,7,4,4,5,7,12,12,6,9,10,27,37,140
2015,Odisha,JAJPUR RTO - OR34( 23-OCT-2017 ),4,LIGHT PASSENGER VEHICLE,4,0,2,1,0,0,3,3,4,1,12,11,41
2015,Odisha,JAJPUR RTO - OR34( 23-OCT-2017 ),5,MEDIUM GOODS VEHICLE,0,0,0,1,0,0,2,2,0,1,3,2,11
2015,Odisha,JAJPUR RTO - OR34( 23-OCT-2017 ),6,MEDIUM PASSENGER VEHICLE,0,0,0,0,0,0,1,0,0,1,0,0,2
2015,Odisha,JAJPUR RTO - OR34( 23-OCT-2017 ),7,OTHER THAN MENTIONED ABOVE,0,0,0,0,0,0,0,0,2,0,0,0,2
2015,Odisha,JAJPUR RTO - OR34( 23-OCT-2017 ),8,THREE WHEELER(T),0,2,0,0,0,4,5,2,9,3,36,25,86
2015,Odisha,JAJPUR RTO - OR34( 23-OCT-2017 ),9,TWO WHEELER(NT),18,14,16,15,213,470,"1,166",907,396,589,"1,185","2,231","7,220"
2015,Odisha,JHARSUGUDA RTO - OR23( 07-NOV-2017 ),1,HEAVY GOODS VEHICLE,34,27,43,35,41,12,19,34,75,97,48,48,513
2015,Odisha,JHARSUGUDA RTO - OR23( 07-NOV-2017 ),2,HEAVY MOTOR VEHICLE,0,0,5,2,1,0,1,1,1,0,1,1,13
2015,Odisha,JHARSUGUDA RTO - OR23( 07-NOV-2017 ),3,HEAVY PASSENGER VEHICLE,0,0,0,1,0,0,1,0,0,1,0,0,3
2015,Odisha,JHARSUGUDA RTO - OR23( 07-NOV-2017 ),4,LIGHT GOODS VEHICLE,41,28,36,36,30,20,19,22,46,25,30,36,369
2015,Odisha,JHARSUGUDA RTO - OR23( 07-NOV-2017 ),5,LIGHT MOTOR VEHICLE,67,59,54,57,45,63,49,41,52,55,79,116,737
2015,Odisha,JHARSUGUDA RTO - OR23( 07-NOV-2017 ),6,LIGHT PASSENGER VEHICLE,7,13,13,13,7,11,16,11,11,9,15,15,141
2015,Odisha,JHARSUGUDA RTO - OR23( 07-NOV-2017 ),7,MEDIUM GOODS VEHICLE,2,2,4,2,2,6,2,0,5,1,2,2,30
2015,Odisha,JHARSUGUDA RTO - OR23( 07-NOV-2017 ),8,MEDIUM MOTOR VEHICLE,5,0,3,2,0,0,1,0,1,1,1,0,14
2015,Odisha,JHARSUGUDA RTO - OR23( 07-NOV-2017 ),9,MEDIUM PASSENGER VEHICLE,0,4,0,1,1,1,2,1,4,0,0,1,15
2015,Odisha,JHARSUGUDA RTO - OR23( 07-NOV-2017 ),10,OTHER THAN MENTIONED ABOVE,8,1,1,0,1,2,0,0,1,0,2,1,17
2015,Odisha,JHARSUGUDA RTO - OR23( 07-NOV-2017 ),11,THREE WHEELER(T),9,4,13,8,11,10,17,17,9,21,19,19,157
2015,Odisha,JHARSUGUDA RTO - OR23( 07-NOV-2017 ),12,TWO WHEELER(NT),685,883,676,876,597,"1,188",647,521,"1,047",987,"1,270",959,"10,336"
2015,Odisha,KALAHANDI RTO - OR8( 23-OCT-2017 ),1,HEAVY GOODS VEHICLE,10,19,6,7,11,4,5,3,5,12,3,9,94
2015,Odisha,KALAHANDI RTO - OR8( 23-OCT-2017 ),2,HEAVY MOTOR VEHICLE,0,0,0,0,1,1,0,0,0,0,0,0,2
2015,Odisha,KALAHANDI RTO - OR8( 23-OCT-2017 ),3,HEAVY PASSENGER VEHICLE,0,0,0,1,0,2,0,0,0,0,0,0,3
2015,Odisha,KALAHANDI RTO - OR8( 23-OCT-2017 ),4,LIGHT GOODS VEHICLE,85,102,73,110,109,75,149,100,80,100,79,91,"1,153"
2015,Odisha,KALAHANDI RTO - OR8( 23-OCT-2017 ),5,LIGHT MOTOR VEHICLE,68,72,63,46,53,38,60,41,38,45,57,59,640
2015,Odisha,KALAHANDI RTO - OR8( 23-OCT-2017 ),6,LIGHT PASSENGER VEHICLE,16,3,8,7,6,6,2,6,6,2,7,8,77
2015,Odisha,KALAHANDI RTO - OR8( 23-OCT-2017 ),7,MEDIUM GOODS VEHICLE,2,3,1,5,5,3,6,1,0,0,2,1,29
2015,Odisha,KALAHANDI RTO - OR8( 23-OCT-2017 ),8,MEDIUM MOTOR VEHICLE,1,1,0,1,1,0,2,0,1,1,2,2,12
2015,Odisha,KALAHANDI RTO - OR8( 23-OCT-2017 ),9,MEDIUM PASSENGER VEHICLE,0,0,0,0,0,0,1,1,0,2,0,0,4
2015,Odisha,KALAHANDI RTO - OR8( 23-OCT-2017 ),10,OTHER THAN MENTIONED ABOVE,0,1,0,0,0,0,0,0,0,0,0,0,1
2015,Odisha,KALAHANDI RTO - OR8( 23-OCT-2017 ),11,THREE WHEELER(T),18,15,17,18,23,13,17,14,1,0,32,31,199
2015,Odisha,KALAHANDI RTO - OR8( 23-OCT-2017 ),12,TWO WHEELER(NT),837,"1,554","1,460","1,571","1,355",975,"1,068",682,562,623,718,868,"12,273"
2015,Odisha,KENDRAPARA RTO - OR29( 23-OCT-2017 ),1,HEAVY GOODS VEHICLE,6,11,9,3,6,1,7,4,9,4,3,3,66
2015,Odisha,KENDRAPARA RTO - OR29( 23-OCT-2017 ),2,HEAVY PASSENGER VEHICLE,0,0,0,0,0,0,1,0,0,0,0,0,1
2015,Odisha,KENDRAPARA RTO - OR29( 23-OCT-2017 ),3,LIGHT GOODS VEHICLE,36,71,59,35,26,40,48,58,90,60,83,52,658
2015,Odisha,KENDRAPARA RTO - OR29( 23-OCT-2017 ),4,LIGHT MOTOR VEHICLE,6,5,9,6,6,12,9,8,6,7,11,6,91
2015,Odisha,KENDRAPARA RTO - OR29( 23-OCT-2017 ),5,LIGHT PASSENGER VEHICLE,7,7,3,4,1,6,7,4,6,5,4,5,59
2015,Odisha,KENDRAPARA RTO - OR29( 23-OCT-2017 ),6,MEDIUM GOODS VEHICLE,0,2,4,1,2,1,1,0,0,1,6,4,22
2015,Odisha,KENDRAPARA RTO - OR29( 23-OCT-2017 ),7,MEDIUM MOTOR VEHICLE,1,0,0,0,0,0,1,0,0,0,0,0,2
2015,Odisha,KENDRAPARA RTO - OR29( 23-OCT-2017 ),8,MEDIUM PASSENGER VEHICLE,0,0,0,0,1,1,0,0,1,1,1,0,5
2015,Odisha,KENDRAPARA RTO - OR29( 23-OCT-2017 ),9,OTHER THAN MENTIONED ABOVE,0,0,2,0,0,0,0,0,0,0,0,0,2
2015,Odisha,KENDRAPARA RTO - OR29( 23-OCT-2017 ),10,THREE WHEELER(T),34,37,51,33,35,50,56,31,33,49,49,32,490
2015,Odisha,KENDRAPARA RTO - OR29( 23-OCT-2017 ),11,TWO WHEELER(NT),534,567,733,599,863,846,828,512,468,631,"1,078",698,"8,357"
2015,Odisha,KEONJHAR RTO - OR9( 04-DEC-2017 ),1,HEAVY GOODS VEHICLE,26,14,11,26,30,27,38,22,10,30,20,14,268
2015,Odisha,KEONJHAR RTO - OR9( 04-DEC-2017 ),2,HEAVY PASSENGER VEHICLE,1,0,0,0,0,2,0,1,0,3,1,0,8
2015,Odisha,KEONJHAR RTO - OR9( 04-DEC-2017 ),3,LIGHT GOODS VEHICLE,80,64,85,67,75,82,48,66,61,112,68,82,890
2015,Odisha,KEONJHAR RTO - OR9( 04-DEC-2017 ),4,LIGHT MOTOR VEHICLE,50,27,26,26,38,34,36,28,28,42,41,35,411
2015,Odisha,KEONJHAR RTO - OR9( 04-DEC-2017 ),5,LIGHT PASSENGER VEHICLE,10,6,7,3,3,11,3,8,13,8,5,10,87
2015,Odisha,KEONJHAR RTO - OR9( 04-DEC-2017 ),6,MEDIUM GOODS VEHICLE,6,6,6,4,7,7,2,4,0,3,2,4,51
2015,Odisha,KEONJHAR RTO - OR9( 04-DEC-2017 ),7,MEDIUM PASSENGER VEHICLE,0,2,2,2,2,2,0,1,0,2,2,2,17
2015,Odisha,KEONJHAR RTO - OR9( 04-DEC-2017 ),8,THREE WHEELER(T),67,49,42,48,57,65,66,69,44,84,114,69,774
2015,Odisha,KEONJHAR RTO - OR9( 04-DEC-2017 ),9,TWO WHEELER(NT),708,552,673,846,"1,054",890,"1,050",638,523,652,"1,217",807,"9,610"
2015,Odisha,KHORDHA ARTO - OR201( 20-JAN-2018 ),1,HEAVY GOODS VEHICLE,15,12,7,18,16,14,18,33,12,16,16,18,195
2015,Odisha,KHORDHA ARTO - OR201( 20-JAN-2018 ),2,HEAVY MOTOR VEHICLE,0,0,0,0,0,0,0,1,2,0,0,0,3
2015,Odisha,KHORDHA ARTO - OR201( 20-JAN-2018 ),3,HEAVY PASSENGER VEHICLE,0,1,1,0,0,0,0,0,0,0,0,0,2
2015,Odisha,KHORDHA ARTO - OR201( 20-JAN-2018 ),4,LIGHT GOODS VEHICLE,20,28,53,52,34,63,12,30,14,16,23,29,374
2015,Odisha,KHORDHA ARTO - OR201( 20-JAN-2018 ),5,LIGHT MOTOR VEHICLE,30,25,31,15,16,33,25,20,18,12,23,22,270
2015,Odisha,KHORDHA ARTO - OR201( 20-JAN-2018 ),6,LIGHT PASSENGER VEHICLE,7,2,2,5,3,3,6,1,2,2,6,4,43
2015,Odisha,KHORDHA ARTO - OR201( 20-JAN-2018 ),7,MEDIUM GOODS VEHICLE,4,5,8,8,2,8,3,6,8,4,6,7,69
2015,Odisha,KHORDHA ARTO - OR201( 20-JAN-2018 ),8,MEDIUM MOTOR VEHICLE,0,0,0,0,0,1,0,0,0,0,0,0,1
2015,Odisha,KHORDHA ARTO - OR201( 20-JAN-2018 ),9,MEDIUM PASSENGER VEHICLE,0,0,0,0,0,0,0,0,0,1,2,1,4
2015,Odisha,KHORDHA ARTO - OR201( 20-JAN-2018 ),10,OTHER THAN MENTIONED ABOVE,3,0,0,0,0,0,0,0,0,0,1,0,4
2015,Odisha,KHORDHA ARTO - OR201( 20-JAN-2018 ),11,THREE WHEELER(T),42,56,51,45,39,36,64,64,30,26,76,56,585
2015,Odisha,KHORDHA ARTO - OR201( 20-JAN-2018 ),12,TWO WHEELER (INVALID CARRIAGE),0,0,0,0,0,0,0,1,0,0,0,0,1
2015,Odisha,KHORDHA ARTO - OR201( 20-JAN-2018 ),13,TWO WHEELER(NT),481,328,507,421,495,505,618,499,348,326,583,817,"5,928"
2015,Odisha,KORAPUT RTO - OR10( 25-DEC-2017 ),1,HEAVY GOODS VEHICLE,17,12,7,6,14,4,3,9,6,9,11,9,107
2015,Odisha,KORAPUT RTO - OR10( 25-DEC-2017 ),2,HEAVY MOTOR VEHICLE,0,2,0,1,0,0,0,1,0,0,0,0,4
2015,Odisha,KORAPUT RTO - OR10( 25-DEC-2017 ),3,HEAVY PASSENGER VEHICLE,0,0,3,1,1,1,0,1,3,4,1,5,20
2015,Odisha,KORAPUT RTO - OR10( 25-DEC-2017 ),4,LIGHT GOODS VEHICLE,60,101,68,87,65,84,87,74,118,56,96,115,"1,011"
2015,Odisha,KORAPUT RTO - OR10( 25-DEC-2017 ),5,LIGHT MOTOR VEHICLE,87,81,73,64,66,62,46,47,61,64,101,93,845
2015,Odisha,KORAPUT RTO - OR10( 25-DEC-2017 ),6,LIGHT PASSENGER VEHICLE,14,15,13,18,11,12,21,15,8,15,13,13,168
2015,Odisha,KORAPUT RTO - OR10( 25-DEC-2017 ),7,MEDIUM GOODS VEHICLE,1,1,4,3,2,1,4,3,1,1,2,1,24
2015,Odisha,KORAPUT RTO - OR10( 25-DEC-2017 ),8,MEDIUM MOTOR VEHICLE,0,1,0,0,0,0,0,1,0,0,0,0,2
2015,Odisha,KORAPUT RTO - OR10( 25-DEC-2017 ),9,MEDIUM PASSENGER VEHICLE,0,0,8,0,0,0,0,0,0,0,0,0,8
2015,Odisha,KORAPUT RTO - OR10( 25-DEC-2017 ),10,OTHER THAN MENTIONED ABOVE,0,1,0,0,0,0,1,0,0,0,0,0,2
2015,Odisha,KORAPUT RTO - OR10( 25-DEC-2017 ),11,THREE WHEELER(T),42,44,64,48,39,68,55,60,43,52,64,99,678
2015,Odisha,KORAPUT RTO - OR10( 25-DEC-2017 ),12,TWO WHEELER (INVALID CARRIAGE),0,0,0,0,0,0,0,0,0,1,0,0,1
2015,Odisha,KORAPUT RTO - OR10( 25-DEC-2017 ),13,TWO WHEELER(NT),993,"1,177",890,937,971,"1,103","1,012",835,959,854,"1,518","1,528","12,777"
2015,Odisha,MALKANAGIRI RTO - OR30( 25-DEC-2017 ),1,HEAVY GOODS VEHICLE,4,6,3,3,4,4,10,2,0,4,1,3,44
2015,Odisha,MALKANAGIRI RTO - OR30( 25-DEC-2017 ),2,HEAVY PASSENGER VEHICLE,0,1,0,0,0,0,0,0,0,0,1,0,2
2015,Odisha,MALKANAGIRI RTO - OR30( 25-DEC-2017 ),3,LIGHT GOODS VEHICLE,11,23,16,21,12,18,60,55,16,29,28,17,306
2015,Odisha,MALKANAGIRI RTO - OR30( 25-DEC-2017 ),4,LIGHT MOTOR VEHICLE,9,10,8,13,12,18,12,7,8,15,18,16,146
2015,Odisha,MALKANAGIRI RTO - OR30( 25-DEC-2017 ),5,LIGHT PASSENGER VEHICLE,1,0,3,2,0,2,3,2,1,2,0,1,17
2015,Odisha,MALKANAGIRI RTO - OR30( 25-DEC-2017 ),6,MEDIUM GOODS VEHICLE,0,0,0,0,1,0,0,1,1,0,1,1,5
2015,Odisha,MALKANAGIRI RTO - OR30( 25-DEC-2017 ),7,MEDIUM MOTOR VEHICLE,0,0,0,0,1,0,0,0,0,0,0,0,1
2015,Odisha,MALKANAGIRI RTO - OR30( 25-DEC-2017 ),8,MEDIUM PASSENGER VEHICLE,0,3,0,0,0,0,0,0,0,0,1,0,4
2015,Odisha,MALKANAGIRI RTO - OR30( 25-DEC-2017 ),9,THREE WHEELER(T),3,10,11,4,10,8,17,18,9,17,14,18,139
2015,Odisha,MALKANAGIRI RTO - OR30( 25-DEC-2017 ),10,TWO WHEELER(NT),168,343,227,390,237,291,350,207,353,345,255,317,"3,483"
2015,Odisha,MAYURBHANJ RTO - OR11( 08-NOV-2017 ),1,HEAVY GOODS VEHICLE,1,2,8,23,2,7,4,1,5,3,9,6,71
2015,Odisha,MAYURBHANJ RTO - OR11( 08-NOV-2017 ),2,HEAVY PASSENGER VEHICLE,2,1,1,1,1,2,0,1,3,2,1,1,16
2015,Odisha,MAYURBHANJ RTO - OR11( 08-NOV-2017 ),3,LIGHT GOODS VEHICLE,64,77,83,41,35,65,66,58,44,59,80,88,760
2015,Odisha,MAYURBHANJ RTO - OR11( 08-NOV-2017 ),4,LIGHT MOTOR VEHICLE,53,69,61,32,35,64,38,31,44,47,98,61,633
2015,Odisha,MAYURBHANJ RTO - OR11( 08-NOV-2017 ),5,LIGHT PASSENGER VEHICLE,9,13,11,15,13,13,5,9,14,13,15,14,144
2015,Odisha,MAYURBHANJ RTO - OR11( 08-NOV-2017 ),6,MEDIUM GOODS VEHICLE,3,3,3,7,3,0,4,2,2,2,5,5,39
2015,Odisha,MAYURBHANJ RTO - OR11( 08-NOV-2017 ),7,MEDIUM PASSENGER VEHICLE,0,0,2,2,0,0,2,1,2,0,2,2,13
2015,Odisha,MAYURBHANJ RTO - OR11( 08-NOV-2017 ),8,THREE WHEELER(T),52,69,51,50,39,75,65,51,59,78,67,56,712
2015,Odisha,MAYURBHANJ RTO - OR11( 08-NOV-2017 ),9,TWO WHEELER(NT),"1,292","1,043",946,"1,195","1,271","1,405","1,125","1,091","1,021","1,688","1,805","1,009","14,891"
2015,Odisha,NAWARANGPUR RTO - OR24( 07-NOV-2017 ),1,HEAVY GOODS VEHICLE,1,2,8,2,1,3,1,1,3,1,5,4,32
2015,Odisha,NAWARANGPUR RTO - OR24( 07-NOV-2017 ),2,HEAVY PASSENGER VEHICLE,0,1,0,0,0,0,0,0,0,1,0,0,2
2015,Odisha,NAWARANGPUR RTO - OR24( 07-NOV-2017 ),3,LIGHT GOODS VEHICLE,66,62,150,41,28,36,44,57,54,95,60,55,748
2015,Odisha,NAWARANGPUR RTO - OR24( 07-NOV-2017 ),4,LIGHT MOTOR VEHICLE,28,16,26,18,22,31,29,12,16,18,25,50,291
2015,Odisha,NAWARANGPUR RTO - OR24( 07-NOV-2017 ),5,LIGHT PASSENGER VEHICLE,16,9,6,4,2,3,1,7,3,4,4,7,66
2015,Odisha,NAWARANGPUR RTO - OR24( 07-NOV-2017 ),6,MEDIUM GOODS VEHICLE,2,2,0,1,0,0,1,0,1,2,1,2,12
2015,Odisha,NAWARANGPUR RTO - OR24( 07-NOV-2017 ),7,MEDIUM PASSENGER VEHICLE,0,6,0,0,0,0,0,1,1,0,0,1,9
2015,Odisha,NAWARANGPUR RTO - OR24( 07-NOV-2017 ),8,OTHER THAN MENTIONED ABOVE,0,1,0,0,0,0,0,0,0,0,0,0,1
2015,Odisha,NAWARANGPUR RTO - OR24( 07-NOV-2017 ),9,THREE WHEELER(T),29,39,51,23,23,23,37,26,21,27,30,47,376
2015,Odisha,NAWARANGPUR RTO - OR24( 07-NOV-2017 ),10,TWO WHEELER(NT),399,558,519,278,328,270,252,276,202,257,345,388,"4,072"
2015,Odisha,NAYAGARH RTO - OR25( 25-DEC-2017 ),1,HEAVY GOODS VEHICLE,2,5,3,1,2,2,3,1,2,1,1,2,25
2015,Odisha,NAYAGARH RTO - OR25( 25-DEC-2017 ),2,HEAVY PASSENGER VEHICLE,1,0,0,0,0,0,0,0,0,0,0,0,1
2015,Odisha,NAYAGARH RTO - OR25( 25-DEC-2017 ),3,LIGHT GOODS VEHICLE,28,44,60,38,31,44,34,33,36,25,40,48,461
2015,Odisha,NAYAGARH RTO - OR25( 25-DEC-2017 ),4,LIGHT MOTOR VEHICLE,19,7,13,14,16,11,10,10,10,19,17,9,155
2015,Odisha,NAYAGARH RTO - OR25( 25-DEC-2017 ),5,LIGHT PASSENGER VEHICLE,6,2,5,3,5,7,1,2,3,7,6,4,51
2015,Odisha,NAYAGARH RTO - OR25( 25-DEC-2017 ),6,MEDIUM GOODS VEHICLE,2,3,0,1,1,2,1,1,1,3,2,1,18
2015,Odisha,NAYAGARH RTO - OR25( 25-DEC-2017 ),7,MEDIUM PASSENGER VEHICLE,0,1,0,0,1,0,0,0,0,0,0,1,3
2015,Odisha,NAYAGARH RTO - OR25( 25-DEC-2017 ),8,OTHER THAN MENTIONED ABOVE,0,0,0,0,1,0,0,0,0,0,0,0,1
2015,Odisha,NAYAGARH RTO - OR25( 25-DEC-2017 ),9,THREE WHEELER(T),24,30,41,25,32,28,43,30,32,26,41,24,376
2015,Odisha,NAYAGARH RTO - OR25( 25-DEC-2017 ),10,TWO WHEELER(NT),910,774,888,986,970,996,"1,018",849,650,865,"1,600",857,"11,363"
2015,Odisha,NAYAGARH RTO - OR25( 25-DEC-2017 ),11,TWO WHEELER(T),1,0,0,0,0,0,0,0,1,0,0,0,2
2015,Odisha,NUAPADA RTO - OR26( 06-NOV-2017 ),1,HEAVY GOODS VEHICLE,4,2,2,4,2,1,2,0,0,0,4,2,23
2015,Odisha,NUAPADA RTO - OR26( 06-NOV-2017 ),2,HEAVY PASSENGER VEHICLE,1,0,0,1,0,0,0,0,0,1,0,0,3
2015,Odisha,NUAPADA RTO - OR26( 06-NOV-2017 ),3,LIGHT GOODS VEHICLE,36,19,21,20,16,15,22,31,3,19,29,29,260
2015,Odisha,NUAPADA RTO - OR26( 06-NOV-2017 ),4,LIGHT MOTOR VEHICLE,28,22,12,20,22,16,21,15,10,12,23,25,226
2015,Odisha,NUAPADA RTO - OR26( 06-NOV-2017 ),5,LIGHT PASSENGER VEHICLE,3,1,1,2,0,1,2,0,1,1,2,3,17
2015,Odisha,NUAPADA RTO - OR26( 06-NOV-2017 ),6,MEDIUM GOODS VEHICLE,5,0,0,1,0,1,1,0,0,1,1,0,10
2015,Odisha,NUAPADA RTO - OR26( 06-NOV-2017 ),7,MEDIUM MOTOR VEHICLE,0,0,0,1,0,0,0,0,1,0,0,0,2
2015,Odisha,NUAPADA RTO - OR26( 06-NOV-2017 ),8,THREE WHEELER(T),3,2,0,0,0,0,0,0,1,0,0,1,7
2015,Odisha,NUAPADA RTO - OR26( 06-NOV-2017 ),9,TWO WHEELER(NT),308,392,399,334,430,234,376,199,86,242,254,384,"3,638"
2015,Odisha,PHULBANI RTO - OR12( 23-OCT-2017 ),1,HEAVY GOODS VEHICLE,0,1,0,1,2,0,1,0,0,1,1,1,8
2015,Odisha,PHULBANI RTO - OR12( 23-OCT-2017 ),2,HEAVY PASSENGER VEHICLE,0,0,0,0,0,0,0,0,0,0,2,0,2
2015,Odisha,PHULBANI RTO - OR12( 23-OCT-2017 ),3,LIGHT GOODS VEHICLE,24,14,30,9,17,23,17,25,34,22,29,28,272
2015,Odisha,PHULBANI RTO - OR12( 23-OCT-2017 ),4,LIGHT MOTOR VEHICLE,8,2,3,10,7,5,2,7,8,4,11,9,76
2015,Odisha,PHULBANI RTO - OR12( 23-OCT-2017 ),5,LIGHT PASSENGER VEHICLE,2,5,1,3,3,2,2,3,3,4,6,3,37
2015,Odisha,PHULBANI RTO - OR12( 23-OCT-2017 ),6,MEDIUM GOODS VEHICLE,1,0,1,0,2,1,0,0,1,0,6,3,15
2015,Odisha,PHULBANI RTO - OR12( 23-OCT-2017 ),7,MEDIUM PASSENGER VEHICLE,1,0,3,0,0,0,0,0,0,2,1,0,7
2015,Odisha,PHULBANI RTO - OR12( 23-OCT-2017 ),8,OTHER THAN MENTIONED ABOVE,0,0,1,0,0,0,0,0,0,0,0,0,1
2015,Odisha,PHULBANI RTO - OR12( 23-OCT-2017 ),9,THREE WHEELER(T),33,24,29,35,26,45,38,51,52,57,58,50,498
2015,Odisha,PHULBANI RTO - OR12( 23-OCT-2017 ),10,TWO WHEELER(NT),216,294,273,188,350,328,274,262,260,289,405,271,"3,410"
2015,Odisha,PURI RTO - OR13( 25-DEC-2017 ),1,HEAVY GOODS VEHICLE,0,1,0,1,0,0,0,1,1,1,0,1,6
2015,Odisha,PURI RTO - OR13( 25-DEC-2017 ),2,HEAVY PASSENGER VEHICLE,0,0,0,0,0,0,0,0,0,1,0,1,2
2015,Odisha,PURI RTO - OR13( 25-DEC-2017 ),3,LIGHT GOODS VEHICLE,35,24,25,26,14,21,34,17,14,18,48,40,316
2015,Odisha,PURI RTO - OR13( 25-DEC-2017 ),4,LIGHT MOTOR VEHICLE,35,26,29,29,20,21,26,15,17,29,28,37,312
2015,Odisha,PURI RTO - OR13( 25-DEC-2017 ),5,LIGHT PASSENGER VEHICLE,17,11,7,12,13,10,12,16,9,16,31,15,169
2015,Odisha,PURI RTO - OR13( 25-DEC-2017 ),6,MEDIUM GOODS VEHICLE,1,2,1,0,0,1,0,0,0,2,1,2,10
2015,Odisha,PURI RTO - OR13( 25-DEC-2017 ),7,MEDIUM PASSENGER VEHICLE,0,1,1,0,0,0,0,1,1,0,0,0,4
2015,Odisha,PURI RTO - OR13( 25-DEC-2017 ),8,OTHER THAN MENTIONED ABOVE,1,0,0,0,0,0,0,0,0,0,0,0,1
2015,Odisha,PURI RTO - OR13( 25-DEC-2017 ),9,THREE WHEELER(NT),0,0,0,0,0,0,0,0,0,1,0,0,1
2015,Odisha,PURI RTO - OR13( 25-DEC-2017 ),10,THREE WHEELER(T),50,37,59,40,78,49,76,99,86,86,95,78,833
2015,Odisha,PURI RTO - OR13( 25-DEC-2017 ),11,TWO WHEELER(NT),991,"1,020","1,234","1,127","1,142","1,361","1,221","1,275","1,012","1,210","1,541","2,147","15,281"
2015,Odisha,RAIRANGPUR ARTO - OR111( 08-NOV-2017 ),1,HEAVY GOODS VEHICLE,1,9,3,6,7,6,10,7,5,4,3,2,63
2015,Odisha,RAIRANGPUR ARTO - OR111( 08-NOV-2017 ),2,HEAVY MOTOR VEHICLE,0,0,1,0,0,0,0,0,0,0,0,0,1
2015,Odisha,RAIRANGPUR ARTO - OR111( 08-NOV-2017 ),3,HEAVY PASSENGER VEHICLE,2,2,0,1,0,0,0,0,0,0,0,0,5
2015,Odisha,RAIRANGPUR ARTO - OR111( 08-NOV-2017 ),4,LIGHT GOODS VEHICLE,42,66,40,39,27,59,54,50,53,25,49,56,560
2015,Odisha,RAIRANGPUR ARTO - OR111( 08-NOV-2017 ),5,LIGHT MOTOR VEHICLE,12,9,9,7,11,12,13,5,9,13,12,14,126
2015,Odisha,RAIRANGPUR ARTO - OR111( 08-NOV-2017 ),6,LIGHT PASSENGER VEHICLE,14,11,12,10,12,7,14,9,5,18,5,14,131
2015,Odisha,RAIRANGPUR ARTO - OR111( 08-NOV-2017 ),7,MEDIUM GOODS VEHICLE,3,2,5,4,3,0,2,2,0,1,0,3,25
2015,Odisha,RAIRANGPUR ARTO - OR111( 08-NOV-2017 ),8,MEDIUM PASSENGER VEHICLE,0,0,2,1,0,0,0,0,0,0,0,0,3
2015,Odisha,RAIRANGPUR ARTO - OR111( 08-NOV-2017 ),9,THREE WHEELER(T),17,26,16,18,19,24,28,22,13,27,29,22,261
2015,Odisha,RAIRANGPUR ARTO - OR111( 08-NOV-2017 ),10,TWO WHEELER(NT),221,173,202,194,240,245,185,174,143,141,177,241,"2,336"
2015,Odisha,RAYGADA RTO - OR18( 25-DEC-2017 ),1,HEAVY GOODS VEHICLE,15,10,15,8,14,13,10,12,1,8,11,9,126
2015,Odisha,RAYGADA RTO - OR18( 25-DEC-2017 ),2,HEAVY MOTOR VEHICLE,0,0,0,0,1,0,0,0,0,0,0,0,1
2015,Odisha,RAYGADA RTO - OR18( 25-DEC-2017 ),3,HEAVY PASSENGER VEHICLE,0,0,0,1,1,0,1,3,0,1,4,1,12
2015,Odisha,RAYGADA RTO - OR18( 25-DEC-2017 ),4,LIGHT GOODS VEHICLE,32,40,65,51,30,59,49,71,37,98,48,50,630
2015,Odisha,RAYGADA RTO - OR18( 25-DEC-2017 ),5,LIGHT MOTOR VEHICLE,26,25,16,28,22,21,17,23,21,32,31,28,290
2015,Odisha,RAYGADA RTO - OR18( 25-DEC-2017 ),6,LIGHT PASSENGER VEHICLE,13,11,19,11,12,8,13,12,7,9,8,16,139
2015,Odisha,RAYGADA RTO - OR18( 25-DEC-2017 ),7,MEDIUM GOODS VEHICLE,8,3,4,2,1,1,0,2,3,3,1,1,29
2015,Odisha,RAYGADA RTO - OR18( 25-DEC-2017 ),8,MEDIUM MOTOR VEHICLE,0,1,1,0,0,0,0,1,0,0,0,0,3
2015,Odisha,RAYGADA RTO - OR18( 25-DEC-2017 ),9,MEDIUM PASSENGER VEHICLE,1,2,9,0,0,1,0,0,0,1,0,0,14
2015,Odisha,RAYGADA RTO - OR18( 25-DEC-2017 ),10,OTHER THAN MENTIONED ABOVE,1,0,4,2,2,0,3,0,3,1,1,2,19
2015,Odisha,RAYGADA RTO - OR18( 25-DEC-2017 ),11,THREE WHEELER(T),12,25,24,20,17,11,18,21,15,14,18,16,211
2015,Odisha,RAYGADA RTO - OR18( 25-DEC-2017 ),12,TWO WHEELER(NT),525,471,642,613,401,"1,112",701,550,479,540,859,542,"7,435"
2015,Odisha,ROURKELA RTO - OR14( 25-DEC-2017 ),1,HEAVY GOODS VEHICLE,42,41,30,31,41,80,40,44,39,20,47,44,499
2015,Odisha,ROURKELA RTO - OR14( 25-DEC-2017 ),2,HEAVY MOTOR VEHICLE,0,0,0,1,1,0,0,0,0,0,0,0,2
2015,Odisha,ROURKELA RTO - OR14( 25-DEC-2017 ),3,HEAVY PASSENGER VEHICLE,2,1,0,1,0,0,0,0,0,0,1,0,5
2015,Odisha,ROURKELA RTO - OR14( 25-DEC-2017 ),4,LIGHT GOODS VEHICLE,67,70,62,43,35,73,60,75,50,54,61,71,721
2015,Odisha,ROURKELA RTO - OR14( 25-DEC-2017 ),5,LIGHT MOTOR VEHICLE,264,178,158,183,180,169,174,143,211,240,279,193,"2,372"
2015,Odisha,ROURKELA RTO - OR14( 25-DEC-2017 ),6,LIGHT PASSENGER VEHICLE,16,28,17,19,23,26,15,14,17,15,15,17,222
2015,Odisha,ROURKELA RTO - OR14( 25-DEC-2017 ),7,MEDIUM GOODS VEHICLE,5,6,6,2,2,4,4,6,2,2,5,3,47
2015,Odisha,ROURKELA RTO - OR14( 25-DEC-2017 ),8,MEDIUM MOTOR VEHICLE,1,0,0,0,0,0,0,0,0,0,0,0,1
2015,Odisha,ROURKELA RTO - OR14( 25-DEC-2017 ),9,MEDIUM PASSENGER VEHICLE,0,0,0,0,1,2,4,2,2,1,12,0,24
2015,Odisha,ROURKELA RTO - OR14( 25-DEC-2017 ),10,THREE WHEELER(T),58,68,64,51,47,83,79,60,66,77,89,76,818
2015,Odisha,ROURKELA RTO - OR14( 25-DEC-2017 ),11,TWO WHEELER(NT),"1,444","1,273","1,403","1,371","1,495","1,500","1,528","1,136","1,697","1,712","2,184","1,720","18,463"
2015,Odisha,SAMBALPUR RTO - OR15( 04-DEC-2017 ),1,HEAVY GOODS VEHICLE,60,58,66,49,50,35,55,42,58,50,72,62,657
2015,Odisha,SAMBALPUR RTO - OR15( 04-DEC-2017 ),2,HEAVY MOTOR VEHICLE,0,1,1,0,0,0,0,0,2,0,1,0,5
2015,Odisha,SAMBALPUR RTO - OR15( 04-DEC-2017 ),3,HEAVY PASSENGER VEHICLE,2,0,1,2,0,1,0,0,1,0,0,1,8
2015,Odisha,SAMBALPUR RTO - OR15( 04-DEC-2017 ),4,LIGHT GOODS VEHICLE,64,82,85,84,60,62,68,85,107,107,105,100,"1,009"
2015,Odisha,SAMBALPUR RTO - OR15( 04-DEC-2017 ),5,LIGHT MOTOR VEHICLE,209,154,139,141,133,159,144,148,150,166,220,156,"1,919"
2015,Odisha,SAMBALPUR RTO - OR15( 04-DEC-2017 ),6,LIGHT PASSENGER VEHICLE,17,23,11,17,12,14,16,10,19,14,21,21,195
2015,Odisha,SAMBALPUR RTO - OR15( 04-DEC-2017 ),7,MEDIUM GOODS VEHICLE,3,7,12,13,12,9,4,3,1,4,10,8,86
2015,Odisha,SAMBALPUR RTO - OR15( 04-DEC-2017 ),8,MEDIUM MOTOR VEHICLE,0,3,0,0,0,0,1,0,0,0,1,0,5
2015,Odisha,SAMBALPUR RTO - OR15( 04-DEC-2017 ),9,MEDIUM PASSENGER VEHICLE,4,0,3,0,1,0,2,1,2,4,2,3,22
2015,Odisha,SAMBALPUR RTO - OR15( 04-DEC-2017 ),10,OTHER THAN MENTIONED ABOVE,0,2,0,0,0,0,2,0,0,0,0,1,5
2015,Odisha,SAMBALPUR RTO - OR15( 04-DEC-2017 ),11,THREE WHEELER(T),42,45,39,32,39,46,49,50,34,45,59,73,553
2015,Odisha,SAMBALPUR RTO - OR15( 04-DEC-2017 ),12,TWO WHEELER(NT),"1,149","1,211","1,261","1,203","1,141","1,249","1,128",987,895,"1,455","1,652","1,165","14,496"
2015,Odisha,SONEPUR RTO - OR31( 08-NOV-2017 ),1,HEAVY GOODS VEHICLE,0,2,5,0,0,2,1,2,1,0,0,5,18
2015,Odisha,SONEPUR RTO - OR31( 08-NOV-2017 ),2,LIGHT GOODS VEHICLE,33,62,31,48,36,66,58,70,21,86,47,84,642
2015,Odisha,SONEPUR RTO - OR31( 08-NOV-2017 ),3,LIGHT MOTOR VEHICLE,19,10,7,7,10,9,16,20,10,29,16,12,165
2015,Odisha,SONEPUR RTO - OR31( 08-NOV-2017 ),4,LIGHT PASSENGER VEHICLE,3,1,4,5,3,2,6,2,1,3,9,4,43
2015,Odisha,SONEPUR RTO - OR31( 08-NOV-2017 ),5,MEDIUM GOODS VEHICLE,0,2,10,2,1,2,4,2,0,0,0,4,27
2015,Odisha,SONEPUR RTO - OR31( 08-NOV-2017 ),6,MEDIUM PASSENGER VEHICLE,0,0,0,0,0,1,1,0,0,0,0,0,2
2015,Odisha,SONEPUR RTO - OR31( 08-NOV-2017 ),7,THREE WHEELER(T),0,3,0,0,2,5,4,1,0,4,1,11,31
2015,Odisha,SONEPUR RTO - OR31( 08-NOV-2017 ),8,TWO WHEELER(NT),534,908,"1,140",903,"1,331",848,473,535,413,614,613,391,"8,703"
2015,Odisha,SUNDERGARH RTO - OR16( 08-NOV-2017 ),1,HEAVY GOODS VEHICLE,70,41,27,30,33,32,57,32,60,62,46,70,560
2015,Odisha,SUNDERGARH RTO - OR16( 08-NOV-2017 ),2,HEAVY MOTOR VEHICLE,0,0,0,0,0,0,0,0,0,1,0,1,2
2015,Odisha,SUNDERGARH RTO - OR16( 08-NOV-2017 ),3,HEAVY PASSENGER VEHICLE,2,0,0,0,0,0,0,0,0,1,1,1,5
2015,Odisha,SUNDERGARH RTO - OR16( 08-NOV-2017 ),4,LIGHT GOODS VEHICLE,41,61,106,82,84,69,81,70,52,78,83,92,899
2015,Odisha,SUNDERGARH RTO - OR16( 08-NOV-2017 ),5,LIGHT MOTOR VEHICLE,56,43,35,54,44,43,34,32,41,44,51,48,525
2015,Odisha,SUNDERGARH RTO - OR16( 08-NOV-2017 ),6,LIGHT PASSENGER VEHICLE,18,20,14,11,6,5,14,6,15,10,9,14,142
2015,Odisha,SUNDERGARH RTO - OR16( 08-NOV-2017 ),7,MEDIUM GOODS VEHICLE,1,7,8,6,3,3,3,1,2,4,4,4,46
2015,Odisha,SUNDERGARH RTO - OR16( 08-NOV-2017 ),8,MEDIUM MOTOR VEHICLE,0,0,0,0,1,0,1,0,0,0,0,1,3
2015,Odisha,SUNDERGARH RTO - OR16( 08-NOV-2017 ),9,MEDIUM PASSENGER VEHICLE,0,1,0,1,1,1,2,2,1,1,0,2,12
2015,Odisha,SUNDERGARH RTO - OR16( 08-NOV-2017 ),10,OTHER THAN MENTIONED ABOVE,0,0,0,0,0,0,0,0,0,0,1,0,1
2015,Odisha,SUNDERGARH RTO - OR16( 08-NOV-2017 ),11,THREE WHEELER(T),2,2,4,7,1,4,7,2,9,9,11,7,65
2015,Odisha,SUNDERGARH RTO - OR16( 08-NOV-2017 ),12,TWO WHEELER(NT),547,456,510,489,655,661,672,444,402,542,767,710,"6,855"
2015,Odisha,TALCHER RTO - OR35( 25-DEC-2017 ),1,HEAVY GOODS VEHICLE,82,56,39,62,35,60,38,37,47,71,86,66,679
2015,Odisha,TALCHER RTO - OR35( 25-DEC-2017 ),2,HEAVY MOTOR VEHICLE,0,27,10,1,0,0,0,0,0,2,0,0,40
2015,Odisha,TALCHER RTO - OR35( 25-DEC-2017 ),3,HEAVY PASSENGER VEHICLE,0,0,0,0,0,1,1,1,0,0,0,0,3
2015,Odisha,TALCHER RTO - OR35( 25-DEC-2017 ),4,LIGHT GOODS VEHICLE,2,7,5,7,10,13,5,12,17,8,10,12,108
2015,Odisha,TALCHER RTO - OR35( 25-DEC-2017 ),5,LIGHT MOTOR VEHICLE,15,12,6,13,7,15,14,8,9,11,8,16,134
2015,Odisha,TALCHER RTO - OR35( 25-DEC-2017 ),6,LIGHT PASSENGER VEHICLE,0,6,2,5,6,8,8,2,3,7,3,2,52
2015,Odisha,TALCHER RTO - OR35( 25-DEC-2017 ),7,MEDIUM GOODS VEHICLE,1,1,1,0,1,0,1,2,0,3,0,3,13
2015,Odisha,TALCHER RTO - OR35( 25-DEC-2017 ),8,MEDIUM MOTOR VEHICLE,0,0,0,0,0,1,0,3,2,0,1,0,7
2015,Odisha,TALCHER RTO - OR35( 25-DEC-2017 ),9,THREE WHEELER(T),6,4,7,7,3,9,4,7,10,23,18,15,113
2015,Odisha,TALCHER RTO - OR35( 25-DEC-2017 ),10,TWO WHEELER(NT),402,445,364,528,304,554,701,300,499,486,973,618,"6,174"
2014,Odisha,ANGUL RTO - OR19( 25-DEC-2017 ),1,HEAVY GOODS VEHICLE,82,56,39,62,35,60,38,37,47,71,86,66,679
2014,Odisha,ANGUL RTO - OR19( 25-DEC-2017 ),2,HEAVY MOTOR VEHICLE,0,27,10,1,0,0,0,0,0,2,0,0,40
2014,Odisha,ANGUL RTO - OR19( 25-DEC-2017 ),3,HEAVY PASSENGER VEHICLE,0,0,0,0,0,1,1,1,0,0,0,0,3
2014,Odisha,ANGUL RTO - OR19( 25-DEC-2017 ),4,LIGHT GOODS VEHICLE,2,7,5,7,10,13,5,12,17,8,10,12,108
2014,Odisha,ANGUL RTO - OR19( 25-DEC-2017 ),5,LIGHT MOTOR VEHICLE,15,12,6,13,7,15,14,8,9,11,8,16,134
2014,Odisha,ANGUL RTO - OR19( 25-DEC-2017 ),6,LIGHT PASSENGER VEHICLE,0,6,2,5,6,8,8,2,3,7,3,2,52
2014,Odisha,ANGUL RTO - OR19( 25-DEC-2017 ),7,MEDIUM GOODS VEHICLE,1,1,1,0,1,0,1,2,0,3,0,3,13
2014,Odisha,ANGUL RTO - OR19( 25-DEC-2017 ),8,MEDIUM MOTOR VEHICLE,0,0,0,0,0,1,0,3,2,0,1,0,7
2014,Odisha,ANGUL RTO - OR19( 25-DEC-2017 ),9,THREE WHEELER(T),6,4,7,7,3,9,4,7,10,23,18,15,113
2014,Odisha,ANGUL RTO - OR19( 25-DEC-2017 ),10,TWO WHEELER(NT),402,445,364,528,304,554,701,300,499,486,973,618,"6,174"
2014,Odisha,ARTO BARBIL - OR901( 04-DEC-2017 ),1,HEAVY GOODS VEHICLE,73,38,60,92,57,43,44,12,19,23,35,55,551
2014,Odisha,ARTO BARBIL - OR901( 04-DEC-2017 ),2,HEAVY MOTOR VEHICLE,0,0,2,0,0,0,0,0,0,0,0,0,2
2014,Odisha,ARTO BARBIL - OR901( 04-DEC-2017 ),3,HEAVY PASSENGER VEHICLE,0,0,0,0,0,1,0,0,0,0,0,0,1
2014,Odisha,ARTO BARBIL - OR901( 04-DEC-2017 ),4,LIGHT GOODS VEHICLE,9,20,13,13,19,7,20,7,13,10,9,9,149
2014,Odisha,ARTO BARBIL - OR901( 04-DEC-2017 ),5,LIGHT MOTOR VEHICLE,32,41,22,23,30,21,27,14,19,18,21,18,286
2014,Odisha,ARTO BARBIL - OR901( 04-DEC-2017 ),6,LIGHT PASSENGER VEHICLE,4,5,6,3,3,5,5,2,6,3,4,1,47
2014,Odisha,ARTO BARBIL - OR901( 04-DEC-2017 ),7,MEDIUM GOODS VEHICLE,3,0,2,0,0,2,1,0,1,0,1,2,12
2014,Odisha,ARTO BARBIL - OR901( 04-DEC-2017 ),8,MEDIUM PASSENGER VEHICLE,0,0,0,0,0,0,1,0,0,0,0,0,1
2014,Odisha,ARTO BARBIL - OR901( 04-DEC-2017 ),9,THREE WHEELER(T),0,0,2,1,1,1,2,0,4,2,1,1,15
2014,Odisha,ARTO BARBIL - OR901( 04-DEC-2017 ),10,TWO WHEELER(NT),238,231,218,222,256,247,299,154,217,369,229,255,"2,935"
2014,Odisha,BALASORE RTO - OR1( 07-NOV-2017 ),1,HEAVY GOODS VEHICLE,32,18,26,20,17,15,13,9,14,14,20,21,219
2014,Odisha,BALASORE RTO - OR1( 07-NOV-2017 ),2,HEAVY MOTOR VEHICLE,0,1,0,0,0,0,0,0,0,0,0,0,1
2014,Odisha,BALASORE RTO - OR1( 07-NOV-2017 ),3,HEAVY PASSENGER VEHICLE,1,2,3,0,0,1,0,1,1,1,3,1,14
2014,Odisha,BALASORE RTO - OR1( 07-NOV-2017 ),4,LIGHT GOODS VEHICLE,189,139,210,151,128,102,77,71,112,110,141,138,"1,568"
2014,Odisha,BALASORE RTO - OR1( 07-NOV-2017 ),5,LIGHT MOTOR VEHICLE,133,130,150,97,105,109,128,99,113,132,136,144,"1,476"
2014,Odisha,BALASORE RTO - OR1( 07-NOV-2017 ),6,LIGHT PASSENGER VEHICLE,41,39,45,52,41,37,35,41,47,46,34,39,497
2014,Odisha,BALASORE RTO - OR1( 07-NOV-2017 ),7,MEDIUM GOODS VEHICLE,10,3,8,5,2,2,5,5,4,6,8,7,65
2014,Odisha,BALASORE RTO - OR1( 07-NOV-2017 ),8,MEDIUM MOTOR VEHICLE,0,0,2,0,0,0,0,0,0,0,0,0,2
2014,Odisha,BALASORE RTO - OR1( 07-NOV-2017 ),9,MEDIUM PASSENGER VEHICLE,0,0,0,1,0,7,2,0,0,0,0,0,10
2014,Odisha,BALASORE RTO - OR1( 07-NOV-2017 ),10,OTHER THAN MENTIONED ABOVE,0,2,0,0,1,0,0,0,0,0,2,1,6
2014,Odisha,BALASORE RTO - OR1( 07-NOV-2017 ),11,THREE WHEELER(T),59,73,98,58,68,75,67,79,89,89,75,74,904
2014,Odisha,BALASORE RTO - OR1( 07-NOV-2017 ),12,TWO WHEELER(NT),"1,927","1,892","2,646","2,566","2,584","2,378","2,396","1,735","2,144","3,514","2,294","1,907","27,983"
2014,Odisha,BARGARH RTO - OR17( 04-DEC-2017 ),1,HEAVY GOODS VEHICLE,8,5,3,5,8,9,10,10,6,11,8,5,88
2014,Odisha,BARGARH RTO - OR17( 04-DEC-2017 ),2,HEAVY PASSENGER VEHICLE,0,1,0,0,3,1,0,1,2,2,0,0,10
2014,Odisha,BARGARH RTO - OR17( 04-DEC-2017 ),3,LIGHT GOODS VEHICLE,186,53,220,278,177,247,252,150,94,100,84,157,"1,998"
2014,Odisha,BARGARH RTO - OR17( 04-DEC-2017 ),4,LIGHT MOTOR VEHICLE,63,37,49,65,48,55,56,28,52,64,78,70,665
2014,Odisha,BARGARH RTO - OR17( 04-DEC-2017 ),5,LIGHT PASSENGER VEHICLE,23,1,20,29,7,12,20,12,9,13,9,16,171
2014,Odisha,BARGARH RTO - OR17( 04-DEC-2017 ),6,MEDIUM GOODS VEHICLE,1,2,4,0,0,2,0,1,1,1,0,5,17
2014,Odisha,BARGARH RTO - OR17( 04-DEC-2017 ),7,MEDIUM MOTOR VEHICLE,0,0,0,0,0,0,0,0,0,0,0,1,1
2014,Odisha,BARGARH RTO - OR17( 04-DEC-2017 ),8,MEDIUM PASSENGER VEHICLE,1,0,0,1,0,0,1,0,0,1,0,0,4
2014,Odisha,BARGARH RTO - OR17( 04-DEC-2017 ),9,OTHER THAN MENTIONED ABOVE,0,1,1,3,2,4,3,1,0,1,3,1,20
2014,Odisha,BARGARH RTO - OR17( 04-DEC-2017 ),10,THREE WHEELER(T),13,0,25,29,12,21,10,9,22,25,15,21,202
2014,Odisha,BARGARH RTO - OR17( 04-DEC-2017 ),11,TWO WHEELER(NT),"1,194",600,"2,559","2,062","1,325","1,794","1,372",863,922,"1,281","1,151","1,123","16,246"
2014,Odisha,BHADRAK RTO - OR22( 04-DEC-2017 ),1,HEAVY GOODS VEHICLE,6,7,5,10,4,11,2,1,5,3,2,7,63
2014,Odisha,BHADRAK RTO - OR22( 04-DEC-2017 ),2,HEAVY MOTOR VEHICLE,0,0,0,0,0,0,1,0,0,0,0,0,1
2014,Odisha,BHADRAK RTO - OR22( 04-DEC-2017 ),3,HEAVY PASSENGER VEHICLE,2,0,0,2,3,0,1,0,2,1,0,1,12
2014,Odisha,BHADRAK RTO - OR22( 04-DEC-2017 ),4,LIGHT GOODS VEHICLE,111,91,123,60,59,59,49,24,65,84,110,100,935
2014,Odisha,BHADRAK RTO - OR22( 04-DEC-2017 ),5,LIGHT MOTOR VEHICLE,25,15,32,30,29,38,42,29,21,28,31,27,347
2014,Odisha,BHADRAK RTO - OR22( 04-DEC-2017 ),6,LIGHT PASSENGER VEHICLE,19,15,16,19,12,11,13,13,16,24,20,17,195
2014,Odisha,BHADRAK RTO - OR22( 04-DEC-2017 ),7,MEDIUM GOODS VEHICLE,2,2,5,0,0,2,2,0,2,2,0,1,18
2014,Odisha,BHADRAK RTO - OR22( 04-DEC-2017 ),8,MEDIUM PASSENGER VEHICLE,0,1,0,0,0,1,0,1,0,1,0,2,6
2014,Odisha,BHADRAK RTO - OR22( 04-DEC-2017 ),9,OTHER THAN MENTIONED ABOVE,0,0,0,0,0,0,0,0,0,0,0,2,2
2014,Odisha,BHADRAK RTO - OR22( 04-DEC-2017 ),10,THREE WHEELER(T),31,36,38,26,51,37,44,37,56,64,62,49,531
2014,Odisha,BHADRAK RTO - OR22( 04-DEC-2017 ),11,TWO WHEELER(NT),"1,260","1,131","1,455","1,293","1,306","1,218",993,879,"1,018","1,736","1,218",904,"14,411"
2014,Odisha,BHANJANAGAR RTO - OR32( 04-DEC-2017 ),1,HEAVY GOODS VEHICLE,0,1,0,3,1,2,0,1,1,1,3,1,14
2014,Odisha,BHANJANAGAR RTO - OR32( 04-DEC-2017 ),2,HEAVY PASSENGER VEHICLE,2,0,0,0,0,0,1,1,1,1,2,0,8
2014,Odisha,BHANJANAGAR RTO - OR32( 04-DEC-2017 ),3,LIGHT GOODS VEHICLE,13,7,59,36,70,31,27,48,57,64,82,59,553
2014,Odisha,BHANJANAGAR RTO - OR32( 04-DEC-2017 ),4,LIGHT MOTOR VEHICLE,8,3,9,12,14,10,11,16,10,10,11,7,121
2014,Odisha,BHANJANAGAR RTO - OR32( 04-DEC-2017 ),5,LIGHT PASSENGER VEHICLE,0,3,5,2,3,2,3,7,4,3,5,11,48
2014,Odisha,BHANJANAGAR RTO - OR32( 04-DEC-2017 ),6,MEDIUM GOODS VEHICLE,0,1,1,0,0,1,3,0,0,2,0,0,8
2014,Odisha,BHANJANAGAR RTO - OR32( 04-DEC-2017 ),7,MEDIUM PASSENGER VEHICLE,0,0,2,0,0,0,0,1,0,0,0,0,3
2014,Odisha,BHANJANAGAR RTO - OR32( 04-DEC-2017 ),8,THREE WHEELER(T),2,4,6,1,3,5,6,4,30,29,39,22,151
2014,Odisha,BHANJANAGAR RTO - OR32( 04-DEC-2017 ),9,TWO WHEELER (INVALID CARRIAGE),0,0,0,0,0,0,0,1,0,1,0,0,2
2014,Odisha,BHANJANAGAR RTO - OR32( 04-DEC-2017 ),10,TWO WHEELER(NT),32,29,272,276,353,291,296,333,329,417,602,467,"3,697"
2014,Odisha,BHUBANESWAR-II RTO - OR33( 23-OCT-2017 ),1,HEAVY GOODS VEHICLE,4,10,7,4,2,10,3,3,2,3,3,27,78
2014,Odisha,BHUBANESWAR-II RTO - OR33( 23-OCT-2017 ),2,HEAVY MOTOR VEHICLE,0,0,0,0,0,0,2,0,0,0,0,0,2
2014,Odisha,BHUBANESWAR-II RTO - OR33( 23-OCT-2017 ),3,HEAVY PASSENGER VEHICLE,0,0,1,0,0,0,0,1,1,0,2,0,5
2014,Odisha,BHUBANESWAR-II RTO - OR33( 23-OCT-2017 ),4,LIGHT GOODS VEHICLE,6,4,2,10,19,24,26,60,33,35,41,33,293
2014,Odisha,BHUBANESWAR-II RTO - OR33( 23-OCT-2017 ),5,LIGHT MOTOR VEHICLE,8,9,42,91,219,214,251,194,179,204,253,210,"1,874"
2014,Odisha,BHUBANESWAR-II RTO - OR33( 23-OCT-2017 ),6,LIGHT PASSENGER VEHICLE,2,3,5,2,22,27,20,29,21,27,25,24,207
2014,Odisha,BHUBANESWAR-II RTO - OR33( 23-OCT-2017 ),7,MEDIUM GOODS VEHICLE,0,1,2,0,1,2,1,0,1,0,1,4,13
2014,Odisha,BHUBANESWAR-II RTO - OR33( 23-OCT-2017 ),8,MEDIUM PASSENGER VEHICLE,0,0,0,0,0,1,0,3,1,0,3,0,8
2014,Odisha,BHUBANESWAR-II RTO - OR33( 23-OCT-2017 ),9,OTHER THAN MENTIONED ABOVE,0,0,0,0,0,0,0,0,1,1,0,0,2
2014,Odisha,BHUBANESWAR-II RTO - OR33( 23-OCT-2017 ),10,THREE WHEELER(T),1,1,1,42,125,128,160,141,190,194,179,152,"1,314"
2014,Odisha,BHUBANESWAR-II RTO - OR33( 23-OCT-2017 ),11,TWO WHEELER(NT),26,14,346,"1,455","2,151","1,699","2,195","1,906","2,446","2,915","2,418","1,929","19,500"
2014,Odisha,BHUBANESWAR-II RTO - OR33( 23-OCT-2017 ),12,TWO WHEELER(T),0,0,0,0,0,1,2,0,1,0,1,2,7
2014,Odisha,BHUBANESWAR RTO - OR2( 22-JAN-2018 ),1,FOUR WHEELER (INVALID CARRIAGE),0,0,0,1,0,0,0,0,0,0,0,0,1
2014,Odisha,BHUBANESWAR RTO - OR2( 22-JAN-2018 ),2,HEAVY GOODS VEHICLE,42,27,22,43,30,27,28,21,20,33,26,24,343
2014,Odisha,BHUBANESWAR RTO - OR2( 22-JAN-2018 ),3,HEAVY MOTOR VEHICLE,1,0,0,0,0,0,1,0,1,0,0,0,3
2014,Odisha,BHUBANESWAR RTO - OR2( 22-JAN-2018 ),4,HEAVY PASSENGER VEHICLE,4,6,1,2,6,5,4,0,5,3,3,0,39
2014,Odisha,BHUBANESWAR RTO - OR2( 22-JAN-2018 ),5,LIGHT GOODS VEHICLE,164,215,256,178,135,174,115,100,111,131,107,90,"1,776"
2014,Odisha,BHUBANESWAR RTO - OR2( 22-JAN-2018 ),6,LIGHT MOTOR VEHICLE,"1,332",986,"1,117",963,"1,064",845,"1,068",916,916,"1,360","1,192",995,"12,754"
2014,Odisha,BHUBANESWAR RTO - OR2( 22-JAN-2018 ),7,LIGHT PASSENGER VEHICLE,106,146,135,66,71,63,67,95,103,76,83,75,"1,086"
2014,Odisha,BHUBANESWAR RTO - OR2( 22-JAN-2018 ),8,MEDIUM GOODS VEHICLE,20,15,31,17,19,13,12,7,19,20,14,15,202
2014,Odisha,BHUBANESWAR RTO - OR2( 22-JAN-2018 ),9,MEDIUM MOTOR VEHICLE,0,1,0,0,2,3,1,0,0,0,1,1,9
2014,Odisha,BHUBANESWAR RTO - OR2( 22-JAN-2018 ),10,MEDIUM PASSENGER VEHICLE,3,1,1,4,0,3,3,0,6,4,0,2,27
2014,Odisha,BHUBANESWAR RTO - OR2( 22-JAN-2018 ),11,OTHER THAN MENTIONED ABOVE,3,3,7,3,4,1,3,0,0,1,0,7,32
2014,Odisha,BHUBANESWAR RTO - OR2( 22-JAN-2018 ),12,THREE WHEELER(T),231,255,265,184,144,110,135,136,158,151,113,91,"1,973"
2014,Odisha,BHUBANESWAR RTO - OR2( 22-JAN-2018 ),13,TWO WHEELER(NT),"4,709","4,263","4,751","3,881","3,051","2,766","3,311","2,473","2,673","3,477","4,389","2,805","42,549"
2014,Odisha,BHUBANESWAR RTO - OR2( 22-JAN-2018 ),14,TWO WHEELER(T),2,0,0,1,0,2,0,0,0,0,2,0,7
2014,Odisha,BOLANGIR RTO - OR3( 25-DEC-2017 ),1,HEAVY GOODS VEHICLE,3,7,1,6,4,4,5,0,3,2,2,13,50
2014,Odisha,BOLANGIR RTO - OR3( 25-DEC-2017 ),2,HEAVY PASSENGER VEHICLE,0,2,0,1,0,0,2,0,0,0,0,0,5
2014,Odisha,BOLANGIR RTO - OR3( 25-DEC-2017 ),3,LIGHT GOODS VEHICLE,141,109,121,89,129,90,108,65,76,95,135,113,"1,271"
2014,Odisha,BOLANGIR RTO - OR3( 25-DEC-2017 ),4,LIGHT MOTOR VEHICLE,63,56,71,63,52,40,32,52,53,63,79,55,679
2014,Odisha,BOLANGIR RTO - OR3( 25-DEC-2017 ),5,LIGHT PASSENGER VEHICLE,25,21,26,11,15,14,13,20,18,22,12,14,211
2014,Odisha,BOLANGIR RTO - OR3( 25-DEC-2017 ),6,MEDIUM GOODS VEHICLE,2,11,4,9,6,6,10,2,4,2,5,3,64
2014,Odisha,BOLANGIR RTO - OR3( 25-DEC-2017 ),7,MEDIUM PASSENGER VEHICLE,1,0,1,0,0,1,0,1,0,1,3,1,9
2014,Odisha,BOLANGIR RTO - OR3( 25-DEC-2017 ),8,OTHER THAN MENTIONED ABOVE,0,0,0,0,0,0,0,0,1,1,0,0,2
2014,Odisha,BOLANGIR RTO - OR3( 25-DEC-2017 ),9,THREE WHEELER(T),9,7,15,9,12,9,20,14,17,24,29,21,186
2014,Odisha,BOLANGIR RTO - OR3( 25-DEC-2017 ),10,TWO WHEELER(NT),"1,499","1,655","2,145","1,993","1,505","1,080",837,610,761,"1,038",915,"1,022","15,060"
2014,Odisha,BOUDH RTO - OR27( 23-OCT-2017 ),1,HEAVY GOODS VEHICLE,2,3,1,0,0,0,0,0,0,0,0,0,6
2014,Odisha,BOUDH RTO - OR27( 23-OCT-2017 ),2,HEAVY PASSENGER VEHICLE,0,0,0,0,1,0,0,0,0,0,1,0,2
2014,Odisha,BOUDH RTO - OR27( 23-OCT-2017 ),3,LIGHT GOODS VEHICLE,5,8,19,9,8,6,4,7,4,9,8,14,101
2014,Odisha,BOUDH RTO - OR27( 23-OCT-2017 ),4,LIGHT MOTOR VEHICLE,3,1,6,7,3,1,6,0,5,4,5,4,45
2014,Odisha,BOUDH RTO - OR27( 23-OCT-2017 ),5,LIGHT PASSENGER VEHICLE,4,3,0,4,2,3,3,1,1,1,4,4,30
2014,Odisha,BOUDH RTO - OR27( 23-OCT-2017 ),6,MEDIUM GOODS VEHICLE,1,2,1,0,1,0,0,0,0,3,0,2,10
2014,Odisha,BOUDH RTO - OR27( 23-OCT-2017 ),7,MEDIUM PASSENGER VEHICLE,0,0,0,0,0,0,0,1,0,0,0,0,1
2014,Odisha,BOUDH RTO - OR27( 23-OCT-2017 ),8,OTHER THAN MENTIONED ABOVE,0,0,0,0,0,0,0,0,1,0,0,0,1
2014,Odisha,BOUDH RTO - OR27( 23-OCT-2017 ),9,THREE WHEELER(T),3,1,8,4,2,8,7,0,2,8,4,12,59
2014,Odisha,BOUDH RTO - OR27( 23-OCT-2017 ),10,TWO WHEELER(NT),184,177,250,226,264,170,137,42,124,191,111,131,"2,007"
2014,Odisha,CHANDIKHOLE RTO - OR4( 23-OCT-2017 ),1,HEAVY GOODS VEHICLE,64,49,43,51,44,36,50,33,52,46,44,45,557
2014,Odisha,CHANDIKHOLE RTO - OR4( 23-OCT-2017 ),2,HEAVY MOTOR VEHICLE,0,0,0,0,1,0,0,0,0,0,0,0,1
2014,Odisha,CHANDIKHOLE RTO - OR4( 23-OCT-2017 ),3,HEAVY PASSENGER VEHICLE,0,0,0,0,0,1,0,2,1,0,1,0,5
2014,Odisha,CHANDIKHOLE RTO - OR4( 23-OCT-2017 ),4,LIGHT GOODS VEHICLE,130,94,160,121,119,105,106,69,49,106,123,83,"1,265"
2014,Odisha,CHANDIKHOLE RTO - OR4( 23-OCT-2017 ),5,LIGHT MOTOR VEHICLE,44,39,47,36,64,38,61,39,70,61,54,51,604
2014,Odisha,CHANDIKHOLE RTO - OR4( 23-OCT-2017 ),6,LIGHT PASSENGER VEHICLE,25,38,41,31,38,30,44,27,25,36,19,22,376
2014,Odisha,CHANDIKHOLE RTO - OR4( 23-OCT-2017 ),7,MEDIUM GOODS VEHICLE,4,2,13,4,8,1,9,3,4,3,3,4,58
2014,Odisha,CHANDIKHOLE RTO - OR4( 23-OCT-2017 ),8,MEDIUM PASSENGER VEHICLE,3,0,0,2,1,3,0,2,2,0,1,0,14
2014,Odisha,CHANDIKHOLE RTO - OR4( 23-OCT-2017 ),9,OTHER THAN MENTIONED ABOVE,0,1,0,0,0,1,1,0,1,0,0,2,6
2014,Odisha,CHANDIKHOLE RTO - OR4( 23-OCT-2017 ),10,THREE WHEELER(T),30,52,52,41,35,64,47,45,57,77,67,43,610
2014,Odisha,CHANDIKHOLE RTO - OR4( 23-OCT-2017 ),11,TWO WHEELER(NT),"1,872","1,844","2,304","2,147","2,313","2,000","2,485","1,520","1,483","2,096","2,802","1,693","24,559"
2014,Odisha,CUTTACK RTO - OR5( 31-MAY-2017 ),1,HEAVY GOODS VEHICLE,27,28,57,61,50,22,28,9,27,29,30,29,397
2014,Odisha,CUTTACK RTO - OR5( 31-MAY-2017 ),2,HEAVY MOTOR VEHICLE,0,2,2,0,0,0,2,0,0,1,1,0,8
2014,Odisha,CUTTACK RTO - OR5( 31-MAY-2017 ),3,HEAVY PASSENGER VEHICLE,6,11,2,2,5,1,1,3,5,1,3,0,40
2014,Odisha,CUTTACK RTO - OR5( 31-MAY-2017 ),4,LIGHT GOODS VEHICLE,212,177,185,181,133,131,144,135,163,164,159,143,"1,927"
2014,Odisha,CUTTACK RTO - OR5( 31-MAY-2017 ),5,LIGHT MOTOR VEHICLE,366,232,278,484,294,303,351,252,332,347,336,301,"3,876"
2014,Odisha,CUTTACK RTO - OR5( 31-MAY-2017 ),6,LIGHT PASSENGER VEHICLE,78,50,59,67,43,52,47,35,50,53,35,74,643
2014,Odisha,CUTTACK RTO - OR5( 31-MAY-2017 ),7,MEDIUM GOODS VEHICLE,8,11,5,5,6,4,4,2,3,5,7,0,60
2014,Odisha,CUTTACK RTO - OR5( 31-MAY-2017 ),8,MEDIUM MOTOR VEHICLE,0,1,0,1,1,0,1,0,0,0,0,1,5
2014,Odisha,CUTTACK RTO - OR5( 31-MAY-2017 ),9,MEDIUM PASSENGER VEHICLE,1,2,4,3,1,4,0,0,1,3,4,2,25
2014,Odisha,CUTTACK RTO - OR5( 31-MAY-2017 ),10,OTHER THAN MENTIONED ABOVE,0,0,0,3,1,1,1,1,6,1,2,0,16
2014,Odisha,CUTTACK RTO - OR5( 31-MAY-2017 ),11,THREE WHEELER(T),90,82,116,80,99,84,118,113,153,154,143,113,"1,345"
2014,Odisha,CUTTACK RTO - OR5( 31-MAY-2017 ),12,TWO WHEELER(NT),"3,671","3,093","4,057","4,413","3,802","3,596","3,469","2,461","3,163","4,611","3,490","3,234","43,060"
2014,Odisha,CUTTACK RTO - OR5( 31-MAY-2017 ),13,TWO WHEELER(T),0,0,0,1,0,1,0,0,0,0,0,0,2
2014,Odisha,DEOGARH RTO - OR28( 23-OCT-2017 ),1,HEAVY GOODS VEHICLE,0,0,0,0,0,0,1,0,0,1,1,0,3
2014,Odisha,DEOGARH RTO - OR28( 23-OCT-2017 ),2,LIGHT GOODS VEHICLE,28,4,38,8,15,7,8,8,10,11,34,8,179
2014,Odisha,DEOGARH RTO - OR28( 23-OCT-2017 ),3,LIGHT MOTOR VEHICLE,10,4,8,3,5,4,5,1,2,5,18,3,68
2014,Odisha,DEOGARH RTO - OR28( 23-OCT-2017 ),4,LIGHT PASSENGER VEHICLE,3,5,6,4,3,2,4,1,2,1,6,3,40
2014,Odisha,DEOGARH RTO - OR28( 23-OCT-2017 ),5,MEDIUM GOODS VEHICLE,2,0,5,2,1,0,0,0,0,1,0,2,13
2014,Odisha,DEOGARH RTO - OR28( 23-OCT-2017 ),6,MEDIUM PASSENGER VEHICLE,0,0,0,0,0,0,0,0,1,0,1,0,2
2014,Odisha,DEOGARH RTO - OR28( 23-OCT-2017 ),7,OTHER THAN MENTIONED ABOVE,0,0,0,0,0,0,0,0,1,0,0,0,1
2014,Odisha,DEOGARH RTO - OR28( 23-OCT-2017 ),8,THREE WHEELER(T),1,0,1,0,1,0,2,1,6,1,6,1,20
2014,Odisha,DEOGARH RTO - OR28( 23-OCT-2017 ),9,TWO WHEELER(NT),64,49,104,90,137,88,126,83,102,7,184,86,"1,120"
2014,Odisha,DHENKANAL RTO - OR6( 07-NOV-2017 ),1,HEAVY GOODS VEHICLE,10,3,6,4,3,1,7,3,1,3,1,0,42
2014,Odisha,DHENKANAL RTO - OR6( 07-NOV-2017 ),2,HEAVY PASSENGER VEHICLE,0,3,0,0,0,0,0,0,0,0,0,0,3
2014,Odisha,DHENKANAL RTO - OR6( 07-NOV-2017 ),3,LIGHT GOODS VEHICLE,41,66,80,48,29,47,28,37,40,39,34,27,516
2014,Odisha,DHENKANAL RTO - OR6( 07-NOV-2017 ),4,LIGHT MOTOR VEHICLE,16,15,21,18,25,20,20,15,29,32,26,25,262
2014,Odisha,DHENKANAL RTO - OR6( 07-NOV-2017 ),5,LIGHT PASSENGER VEHICLE,5,3,3,3,6,5,4,1,0,3,4,1,38
2014,Odisha,DHENKANAL RTO - OR6( 07-NOV-2017 ),6,MEDIUM GOODS VEHICLE,2,1,2,4,1,4,1,2,0,2,3,1,23
2014,Odisha,DHENKANAL RTO - OR6( 07-NOV-2017 ),7,OTHER THAN MENTIONED ABOVE,0,0,0,1,0,0,0,0,0,0,0,0,1
2014,Odisha,DHENKANAL RTO - OR6( 07-NOV-2017 ),8,THREE WHEELER(T),15,16,18,15,19,34,27,13,38,18,23,19,255
2014,Odisha,DHENKANAL RTO - OR6( 07-NOV-2017 ),9,TWO WHEELER (INVALID CARRIAGE),0,0,0,0,0,0,0,0,1,0,0,0,1
2014,Odisha,DHENKANAL RTO - OR6( 07-NOV-2017 ),10,TWO WHEELER(NT),680,527,893,785,735,836,742,467,694,"1,019",703,534,"8,615"
2014,Odisha,GAJAPATI RTO - OR20( 07-NOV-2017 ),1,HEAVY GOODS VEHICLE,0,0,0,2,1,1,1,0,0,1,0,1,7
2014,Odisha,GAJAPATI RTO - OR20( 07-NOV-2017 ),2,HEAVY PASSENGER VEHICLE,0,0,0,0,0,1,0,0,1,1,0,0,3
2014,Odisha,GAJAPATI RTO - OR20( 07-NOV-2017 ),3,LIGHT GOODS VEHICLE,22,13,14,4,17,56,25,20,20,1,14,19,225
2014,Odisha,GAJAPATI RTO - OR20( 07-NOV-2017 ),4,LIGHT MOTOR VEHICLE,6,0,5,10,3,8,9,5,7,7,12,8,80
2014,Odisha,GAJAPATI RTO - OR20( 07-NOV-2017 ),5,LIGHT PASSENGER VEHICLE,3,3,2,1,1,2,1,0,1,0,3,0,17
2014,Odisha,GAJAPATI RTO - OR20( 07-NOV-2017 ),6,MEDIUM GOODS VEHICLE,0,1,1,0,0,3,0,1,0,0,0,0,6
2014,Odisha,GAJAPATI RTO - OR20( 07-NOV-2017 ),7,MEDIUM MOTOR VEHICLE,0,0,0,1,0,0,0,0,0,0,0,0,1
2014,Odisha,GAJAPATI RTO - OR20( 07-NOV-2017 ),8,MEDIUM PASSENGER VEHICLE,0,1,0,0,0,0,0,0,0,0,0,0,1
2014,Odisha,GAJAPATI RTO - OR20( 07-NOV-2017 ),9,THREE WHEELER(T),0,1,0,1,0,1,0,0,0,1,0,0,4
2014,Odisha,GAJAPATI RTO - OR20( 07-NOV-2017 ),10,TWO WHEELER(NT),66,160,134,198,197,147,170,172,125,111,120,138,"1,738"
2014,Odisha,GANJAM RTO - OR7( 04-DEC-2017 ),1,HEAVY GOODS VEHICLE,20,8,26,19,7,22,18,9,10,13,17,17,186
2014,Odisha,GANJAM RTO - OR7( 04-DEC-2017 ),2,HEAVY MOTOR VEHICLE,0,0,0,0,1,0,1,0,0,0,0,0,2
2014,Odisha,GANJAM RTO - OR7( 04-DEC-2017 ),3,HEAVY PASSENGER VEHICLE,1,6,1,1,2,0,1,3,4,0,1,0,20
2014,Odisha,GANJAM RTO - OR7( 04-DEC-2017 ),4,LIGHT GOODS VEHICLE,210,121,284,152,154,171,205,104,143,107,157,144,"1,952"
2014,Odisha,GANJAM RTO - OR7( 04-DEC-2017 ),5,LIGHT MOTOR VEHICLE,121,87,107,103,90,93,114,68,85,135,123,135,"1,261"
2014,Odisha,GANJAM RTO - OR7( 04-DEC-2017 ),6,LIGHT PASSENGER VEHICLE,23,9,13,16,14,18,19,16,19,14,22,14,197
2014,Odisha,GANJAM RTO - OR7( 04-DEC-2017 ),7,MEDIUM GOODS VEHICLE,8,3,3,9,3,4,9,5,9,8,4,3,68
2014,Odisha,GANJAM RTO - OR7( 04-DEC-2017 ),8,MEDIUM MOTOR VEHICLE,0,0,1,0,1,0,0,0,0,0,0,0,2
2014,Odisha,GANJAM RTO - OR7( 04-DEC-2017 ),9,MEDIUM PASSENGER VEHICLE,0,13,0,1,0,1,0,0,1,0,0,0,16
2014,Odisha,GANJAM RTO - OR7( 04-DEC-2017 ),10,OTHER THAN MENTIONED ABOVE,2,0,0,0,0,0,0,0,0,0,0,0,2
2014,Odisha,GANJAM RTO - OR7( 04-DEC-2017 ),11,THREE WHEELER(T),157,140,210,113,155,127,164,72,153,132,110,116,"1,649"
2014,Odisha,GANJAM RTO - OR7( 04-DEC-2017 ),12,TWO WHEELER (INVALID CARRIAGE),0,1,0,0,1,0,0,0,1,0,0,2,5
2014,Odisha,GANJAM RTO - OR7( 04-DEC-2017 ),13,TWO WHEELER(NT),"2,201","2,184","2,959","2,699","3,141","2,320","2,472","1,429","2,013","2,412","2,159","1,983","27,972"
2014,Odisha,JAGATSINGHPUR RTO - OR21( 04-DEC-2017 ),1,HEAVY GOODS VEHICLE,5,4,4,8,6,3,5,4,3,4,3,5,54
2014,Odisha,JAGATSINGHPUR RTO - OR21( 04-DEC-2017 ),2,HEAVY MOTOR VEHICLE,0,1,0,0,0,0,0,0,1,0,0,2,4
2014,Odisha,JAGATSINGHPUR RTO - OR21( 04-DEC-2017 ),3,LIGHT GOODS VEHICLE,51,49,72,48,31,30,31,35,15,30,55,38,485
2014,Odisha,JAGATSINGHPUR RTO - OR21( 04-DEC-2017 ),4,LIGHT MOTOR VEHICLE,8,9,5,10,5,4,11,9,14,8,18,9,110
2014,Odisha,JAGATSINGHPUR RTO - OR21( 04-DEC-2017 ),5,LIGHT PASSENGER VEHICLE,11,7,4,4,5,7,5,3,4,8,7,5,70
2014,Odisha,JAGATSINGHPUR RTO - OR21( 04-DEC-2017 ),6,MEDIUM GOODS VEHICLE,1,2,0,3,4,1,4,0,1,4,2,2,24
2014,Odisha,JAGATSINGHPUR RTO - OR21( 04-DEC-2017 ),7,MEDIUM MOTOR VEHICLE,0,0,1,1,0,0,1,0,0,1,1,0,5
2014,Odisha,JAGATSINGHPUR RTO - OR21( 04-DEC-2017 ),8,MEDIUM PASSENGER VEHICLE,0,0,0,0,0,0,0,0,0,1,0,0,1
2014,Odisha,JAGATSINGHPUR RTO - OR21( 04-DEC-2017 ),9,OTHER THAN MENTIONED ABOVE,0,1,1,0,0,1,2,6,0,1,0,3,15
2014,Odisha,JAGATSINGHPUR RTO - OR21( 04-DEC-2017 ),10,THREE WHEELER(T),25,27,28,28,21,30,31,23,25,56,44,40,378
2014,Odisha,JAGATSINGHPUR RTO - OR21( 04-DEC-2017 ),11,TWO WHEELER(NT),800,718,885,732,893,"1,117",704,577,844,"1,036",876,742,"9,924"
2014,Odisha,JAJPUR RTO - OR34( 23-OCT-2017 ),1,HEAVY GOODS VEHICLE,9,1,7,4,2,2,1,3,2,1,0,7,39
2014,Odisha,JAJPUR RTO - OR34( 23-OCT-2017 ),2,HEAVY MOTOR VEHICLE,0,1,0,0,0,0,0,0,0,0,0,0,1
2014,Odisha,JAJPUR RTO - OR34( 23-OCT-2017 ),3,LIGHT GOODS VEHICLE,2,2,1,4,3,1,3,0,2,2,0,4,24
2014,Odisha,JAJPUR RTO - OR34( 23-OCT-2017 ),4,LIGHT MOTOR VEHICLE,12,2,8,7,8,4,8,2,6,8,9,6,80
2014,Odisha,JAJPUR RTO - OR34( 23-OCT-2017 ),5,LIGHT PASSENGER VEHICLE,3,0,0,1,2,0,1,2,1,0,1,1,12
2014,Odisha,JAJPUR RTO - OR34( 23-OCT-2017 ),6,MEDIUM GOODS VEHICLE,1,1,0,0,0,0,0,0,0,0,1,0,3
2014,Odisha,JAJPUR RTO - OR34( 23-OCT-2017 ),7,MEDIUM PASSENGER VEHICLE,0,0,0,0,0,0,0,0,0,1,0,0,1
2014,Odisha,JAJPUR RTO - OR34( 23-OCT-2017 ),8,OTHER THAN MENTIONED ABOVE,1,1,0,0,0,0,0,0,0,0,0,0,2
2014,Odisha,JAJPUR RTO - OR34( 23-OCT-2017 ),9,THREE WHEELER(T),1,1,1,0,0,1,0,0,0,0,3,0,7
2014,Odisha,JAJPUR RTO - OR34( 23-OCT-2017 ),10,TWO WHEELER(NT),21,16,21,11,27,13,25,15,19,17,24,21,230
2014,Odisha,JHARSUGUDA RTO - OR23( 07-NOV-2017 ),1,HEAVY GOODS VEHICLE,52,26,36,24,17,58,24,33,25,16,19,33,363
2014,Odisha,JHARSUGUDA RTO - OR23( 07-NOV-2017 ),2,HEAVY MOTOR VEHICLE,0,1,25,71,57,3,0,0,2,1,2,0,162
2014,Odisha,JHARSUGUDA RTO - OR23( 07-NOV-2017 ),3,HEAVY PASSENGER VEHICLE,0,0,0,0,2,0,0,0,0,0,1,0,3
2014,Odisha,JHARSUGUDA RTO - OR23( 07-NOV-2017 ),4,LIGHT GOODS VEHICLE,49,22,72,38,53,33,36,27,35,18,33,46,462
2014,Odisha,JHARSUGUDA RTO - OR23( 07-NOV-2017 ),5,LIGHT MOTOR VEHICLE,82,41,98,75,55,60,67,56,50,54,89,59,786
2014,Odisha,JHARSUGUDA RTO - OR23( 07-NOV-2017 ),6,LIGHT PASSENGER VEHICLE,16,5,15,8,12,10,13,5,16,10,11,21,142
2014,Odisha,JHARSUGUDA RTO - OR23( 07-NOV-2017 ),7,MEDIUM GOODS VEHICLE,1,3,11,3,2,4,7,2,3,3,3,6,48
2014,Odisha,JHARSUGUDA RTO - OR23( 07-NOV-2017 ),8,MEDIUM MOTOR VEHICLE,1,0,0,0,2,2,1,0,1,0,0,1,8
2014,Odisha,JHARSUGUDA RTO - OR23( 07-NOV-2017 ),9,MEDIUM PASSENGER VEHICLE,0,0,1,0,1,0,1,1,0,0,0,0,4
2014,Odisha,JHARSUGUDA RTO - OR23( 07-NOV-2017 ),10,OTHER THAN MENTIONED ABOVE,0,1,1,1,0,2,0,0,0,2,1,1,9
2014,Odisha,JHARSUGUDA RTO - OR23( 07-NOV-2017 ),11,THREE WHEELER(T),19,2,26,11,14,15,13,5,17,10,6,22,160
2014,Odisha,JHARSUGUDA RTO - OR23( 07-NOV-2017 ),12,TWO WHEELER(NT),893,565,"1,061",748,"1,053",911,770,582,560,999,913,722,"9,777"
2014,Odisha,KALAHANDI RTO - OR8( 23-OCT-2017 ),1,HEAVY GOODS VEHICLE,8,10,3,8,7,5,1,1,2,4,6,4,59
2014,Odisha,KALAHANDI RTO - OR8( 23-OCT-2017 ),2,HEAVY MOTOR VEHICLE,0,0,0,0,0,0,0,0,0,1,0,0,1
2014,Odisha,KALAHANDI RTO - OR8( 23-OCT-2017 ),3,HEAVY PASSENGER VEHICLE,0,3,0,0,0,0,1,1,0,0,0,0,5
2014,Odisha,KALAHANDI RTO - OR8( 23-OCT-2017 ),4,LIGHT GOODS VEHICLE,110,106,95,76,112,96,65,66,38,44,71,88,967
2014,Odisha,KALAHANDI RTO - OR8( 23-OCT-2017 ),5,LIGHT MOTOR VEHICLE,47,57,68,68,65,37,49,50,40,54,69,76,680
2014,Odisha,KALAHANDI RTO - OR8( 23-OCT-2017 ),6,LIGHT PASSENGER VEHICLE,8,10,10,4,3,8,2,8,5,3,9,3,73
2014,Odisha,KALAHANDI RTO - OR8( 23-OCT-2017 ),7,MEDIUM GOODS VEHICLE,6,0,3,4,1,1,7,2,2,2,1,2,31
2014,Odisha,KALAHANDI RTO - OR8( 23-OCT-2017 ),8,MEDIUM MOTOR VEHICLE,4,1,0,1,0,1,0,0,2,1,0,1,11
2014,Odisha,KALAHANDI RTO - OR8( 23-OCT-2017 ),9,MEDIUM PASSENGER VEHICLE,0,0,0,1,0,0,0,0,1,2,0,1,5
2014,Odisha,KALAHANDI RTO - OR8( 23-OCT-2017 ),10,THREE WHEELER(T),7,15,16,17,18,13,8,22,13,21,17,21,188
2014,Odisha,KALAHANDI RTO - OR8( 23-OCT-2017 ),11,TWO WHEELER(NT),823,"1,350","1,581","1,286","1,745",927,889,694,550,667,705,656,"11,873"
2014,Odisha,KENDRAPARA RTO - OR29( 23-OCT-2017 ),1,HEAVY GOODS VEHICLE,14,11,3,2,4,2,0,3,2,16,1,1,59
2014,Odisha,KENDRAPARA RTO - OR29( 23-OCT-2017 ),2,LIGHT GOODS VEHICLE,48,42,46,37,70,52,32,21,46,27,37,58,516
2014,Odisha,KENDRAPARA RTO - OR29( 23-OCT-2017 ),3,LIGHT MOTOR VEHICLE,17,12,14,10,10,14,14,11,15,12,14,9,152
2014,Odisha,KENDRAPARA RTO - OR29( 23-OCT-2017 ),4,LIGHT PASSENGER VEHICLE,10,10,12,4,13,4,7,3,11,8,5,4,91
2014,Odisha,KENDRAPARA RTO - OR29( 23-OCT-2017 ),5,MEDIUM GOODS VEHICLE,0,1,0,1,1,0,1,1,0,2,1,1,9
2014,Odisha,KENDRAPARA RTO - OR29( 23-OCT-2017 ),6,MEDIUM MOTOR VEHICLE,0,0,0,1,0,0,0,0,0,0,0,0,1
2014,Odisha,KENDRAPARA RTO - OR29( 23-OCT-2017 ),7,MEDIUM PASSENGER VEHICLE,0,1,0,0,0,0,0,0,0,0,0,0,1
2014,Odisha,KENDRAPARA RTO - OR29( 23-OCT-2017 ),8,THREE WHEELER(T),30,44,53,27,37,39,51,40,51,51,61,48,532
2014,Odisha,KENDRAPARA RTO - OR29( 23-OCT-2017 ),9,TWO WHEELER(NT),614,489,615,565,798,682,536,499,556,525,709,666,"7,254"
2014,Odisha,KEONJHAR RTO - OR9( 04-DEC-2017 ),1,HEAVY GOODS VEHICLE,35,17,41,31,18,19,19,9,10,9,19,24,251
2014,Odisha,KEONJHAR RTO - OR9( 04-DEC-2017 ),2,HEAVY MOTOR VEHICLE,0,0,0,0,0,0,0,0,0,0,0,2,2
2014,Odisha,KEONJHAR RTO - OR9( 04-DEC-2017 ),3,HEAVY PASSENGER VEHICLE,1,4,0,0,1,0,0,0,0,0,0,0,6
2014,Odisha,KEONJHAR RTO - OR9( 04-DEC-2017 ),4,LIGHT GOODS VEHICLE,110,107,132,72,77,77,112,69,73,86,107,81,"1,103"
2014,Odisha,KEONJHAR RTO - OR9( 04-DEC-2017 ),5,LIGHT MOTOR VEHICLE,43,66,38,28,36,28,51,34,31,39,36,47,477
2014,Odisha,KEONJHAR RTO - OR9( 04-DEC-2017 ),6,LIGHT PASSENGER VEHICLE,11,11,11,8,2,5,11,7,9,17,4,14,110
2014,Odisha,KEONJHAR RTO - OR9( 04-DEC-2017 ),7,MEDIUM GOODS VEHICLE,4,4,8,3,5,0,3,1,4,6,1,5,44
2014,Odisha,KEONJHAR RTO - OR9( 04-DEC-2017 ),8,MEDIUM MOTOR VEHICLE,0,0,0,0,0,0,1,0,0,0,0,1,2
2014,Odisha,KEONJHAR RTO - OR9( 04-DEC-2017 ),9,MEDIUM PASSENGER VEHICLE,0,1,0,4,1,1,0,0,1,0,0,2,10
2014,Odisha,KEONJHAR RTO - OR9( 04-DEC-2017 ),10,THREE WHEELER(T),55,57,56,40,65,60,67,36,77,82,89,46,730
2014,Odisha,KEONJHAR RTO - OR9( 04-DEC-2017 ),11,TWO WHEELER(NT),684,883,884,682,"1,253",829,793,550,662,821,782,735,"9,558"
2014,Odisha,KHORDHA ARTO - OR201( 20-JAN-2018 ),1,HEAVY GOODS VEHICLE,4,8,13,10,13,7,3,2,7,12,17,5,101
2014,Odisha,KHORDHA ARTO - OR201( 20-JAN-2018 ),2,HEAVY PASSENGER VEHICLE,0,0,2,0,0,0,0,0,0,0,0,0,2
2014,Odisha,KHORDHA ARTO - OR201( 20-JAN-2018 ),3,LIGHT GOODS VEHICLE,49,25,53,38,39,82,11,88,50,24,60,48,567
2014,Odisha,KHORDHA ARTO - OR201( 20-JAN-2018 ),4,LIGHT MOTOR VEHICLE,11,14,11,12,16,29,30,19,19,21,25,24,231
2014,Odisha,KHORDHA ARTO - OR201( 20-JAN-2018 ),5,LIGHT PASSENGER VEHICLE,5,1,4,3,2,4,4,6,1,3,2,5,40
2014,Odisha,KHORDHA ARTO - OR201( 20-JAN-2018 ),6,MEDIUM GOODS VEHICLE,5,4,5,11,5,2,7,1,3,3,5,5,56
2014,Odisha,KHORDHA ARTO - OR201( 20-JAN-2018 ),7,MEDIUM MOTOR VEHICLE,0,0,0,0,1,0,0,0,0,0,0,0,1
2014,Odisha,KHORDHA ARTO - OR201( 20-JAN-2018 ),8,MEDIUM PASSENGER VEHICLE,0,0,0,1,0,0,0,1,0,0,0,0,2
2014,Odisha,KHORDHA ARTO - OR201( 20-JAN-2018 ),9,OTHER THAN MENTIONED ABOVE,1,0,0,0,0,0,0,0,0,0,0,0,1
2014,Odisha,KHORDHA ARTO - OR201( 20-JAN-2018 ),10,THREE WHEELER(T),16,21,30,20,29,23,22,33,25,34,37,39,329
2014,Odisha,KHORDHA ARTO - OR201( 20-JAN-2018 ),11,TWO WHEELER (INVALID CARRIAGE),0,0,0,0,0,0,0,0,0,0,0,1,1
2014,Odisha,KHORDHA ARTO - OR201( 20-JAN-2018 ),12,TWO WHEELER(NT),549,559,636,619,704,607,501,412,475,501,579,349,"6,491"
2014,Odisha,KHORDHA ARTO - OR201( 20-JAN-2018 ),13,TWO WHEELER(T),0,0,1,0,0,0,0,0,0,0,0,0,1
2014,Odisha,KORAPUT RTO - OR10( 25-DEC-2017 ),1,HEAVY GOODS VEHICLE,14,15,20,8,11,10,4,4,10,17,12,9,134
2014,Odisha,KORAPUT RTO - OR10( 25-DEC-2017 ),2,HEAVY MOTOR VEHICLE,0,0,0,0,0,1,0,0,0,0,0,1,2
2014,Odisha,KORAPUT RTO - OR10( 25-DEC-2017 ),3,HEAVY PASSENGER VEHICLE,0,3,0,0,2,0,0,0,0,0,3,3,11
2014,Odisha,KORAPUT RTO - OR10( 25-DEC-2017 ),4,LIGHT GOODS VEHICLE,55,76,204,56,96,124,146,74,59,74,111,101,"1,176"
2014,Odisha,KORAPUT RTO - OR10( 25-DEC-2017 ),5,LIGHT MOTOR VEHICLE,84,52,86,59,73,54,48,60,75,77,79,76,823
2014,Odisha,KORAPUT RTO - OR10( 25-DEC-2017 ),6,LIGHT PASSENGER VEHICLE,19,17,23,19,19,17,17,10,12,20,18,13,204
2014,Odisha,KORAPUT RTO - OR10( 25-DEC-2017 ),7,MEDIUM GOODS VEHICLE,4,2,3,1,3,1,2,0,0,1,1,3,21
2014,Odisha,KORAPUT RTO - OR10( 25-DEC-2017 ),8,MEDIUM PASSENGER VEHICLE,0,7,0,0,0,0,0,1,0,0,0,0,8
2014,Odisha,KORAPUT RTO - OR10( 25-DEC-2017 ),9,OTHER THAN MENTIONED ABOVE,0,0,0,2,1,0,1,0,0,0,0,0,4
2014,Odisha,KORAPUT RTO - OR10( 25-DEC-2017 ),10,THREE WHEELER(T),32,42,74,39,48,56,42,55,65,55,75,49,632
2014,Odisha,KORAPUT RTO - OR10( 25-DEC-2017 ),11,TWO WHEELER(NT),"1,016",988,"1,370",966,937,797,893,581,787,"1,061","1,272",765,"11,433"
2014,Odisha,MALKANAGIRI RTO - OR30( 25-DEC-2017 ),1,HEAVY GOODS VEHICLE,6,5,0,1,1,0,0,1,2,0,0,1,17
2014,Odisha,MALKANAGIRI RTO - OR30( 25-DEC-2017 ),2,HEAVY PASSENGER VEHICLE,0,0,0,0,1,0,0,0,0,0,0,0,1
2014,Odisha,MALKANAGIRI RTO - OR30( 25-DEC-2017 ),3,LIGHT GOODS VEHICLE,46,11,37,8,22,27,18,13,34,9,3,32,260
2014,Odisha,MALKANAGIRI RTO - OR30( 25-DEC-2017 ),4,LIGHT MOTOR VEHICLE,12,4,9,8,10,8,12,11,10,8,11,9,112
2014,Odisha,MALKANAGIRI RTO - OR30( 25-DEC-2017 ),5,LIGHT PASSENGER VEHICLE,0,3,1,0,3,1,2,4,5,2,0,1,22
2014,Odisha,MALKANAGIRI RTO - OR30( 25-DEC-2017 ),6,MEDIUM GOODS VEHICLE,0,1,0,1,0,1,0,1,1,0,1,0,6
2014,Odisha,MALKANAGIRI RTO - OR30( 25-DEC-2017 ),7,MEDIUM PASSENGER VEHICLE,0,7,1,0,0,0,0,0,0,0,0,0,8
2014,Odisha,MALKANAGIRI RTO - OR30( 25-DEC-2017 ),8,THREE WHEELER(T),12,6,15,5,6,14,7,9,23,13,1,13,124
2014,Odisha,MALKANAGIRI RTO - OR30( 25-DEC-2017 ),9,TWO WHEELER(NT),299,398,437,437,292,214,342,212,187,209,319,209,"3,555"
2014,Odisha,MAYURBHANJ RTO - OR11( 08-NOV-2017 ),1,HEAVY GOODS VEHICLE,3,8,8,10,8,5,5,0,8,5,7,8,75
2014,Odisha,MAYURBHANJ RTO - OR11( 08-NOV-2017 ),2,HEAVY PASSENGER VEHICLE,1,2,1,1,0,0,2,0,1,0,1,5,14
2014,Odisha,MAYURBHANJ RTO - OR11( 08-NOV-2017 ),3,LIGHT GOODS VEHICLE,81,81,88,72,53,56,48,55,47,47,41,81,750
2014,Odisha,MAYURBHANJ RTO - OR11( 08-NOV-2017 ),4,LIGHT MOTOR VEHICLE,49,30,46,36,42,37,57,40,34,48,59,62,540
2014,Odisha,MAYURBHANJ RTO - OR11( 08-NOV-2017 ),5,LIGHT PASSENGER VEHICLE,13,10,21,11,21,16,10,11,10,16,9,12,160
2014,Odisha,MAYURBHANJ RTO - OR11( 08-NOV-2017 ),6,MEDIUM GOODS VEHICLE,3,0,4,1,3,3,1,1,4,6,3,4,33
2014,Odisha,MAYURBHANJ RTO - OR11( 08-NOV-2017 ),7,MEDIUM MOTOR VEHICLE,0,0,0,0,1,0,0,0,0,0,0,0,1
2014,Odisha,MAYURBHANJ RTO - OR11( 08-NOV-2017 ),8,MEDIUM PASSENGER VEHICLE,1,6,0,0,3,0,0,3,2,1,3,0,19
2014,Odisha,MAYURBHANJ RTO - OR11( 08-NOV-2017 ),9,THREE WHEELER(T),61,50,63,39,70,71,71,75,78,71,75,60,784
2014,Odisha,MAYURBHANJ RTO - OR11( 08-NOV-2017 ),10,TWO WHEELER(NT),"1,020",863,"1,033","1,017","1,081","1,043",965,715,"1,046","1,644",893,753,"12,073"
2014,Odisha,NAWARANGPUR RTO - OR24( 07-NOV-2017 ),1,HEAVY GOODS VEHICLE,6,3,3,2,0,0,3,1,3,3,5,6,35
2014,Odisha,NAWARANGPUR RTO - OR24( 07-NOV-2017 ),2,LIGHT GOODS VEHICLE,141,65,175,45,63,113,153,66,30,26,73,37,987
2014,Odisha,NAWARANGPUR RTO - OR24( 07-NOV-2017 ),3,LIGHT MOTOR VEHICLE,23,25,24,38,31,28,30,16,17,15,35,15,297
2014,Odisha,NAWARANGPUR RTO - OR24( 07-NOV-2017 ),4,LIGHT PASSENGER VEHICLE,12,7,14,4,6,8,7,6,3,3,9,5,84
2014,Odisha,NAWARANGPUR RTO - OR24( 07-NOV-2017 ),5,MEDIUM GOODS VEHICLE,1,1,0,1,1,1,1,0,2,0,1,1,10
2014,Odisha,NAWARANGPUR RTO - OR24( 07-NOV-2017 ),6,MEDIUM PASSENGER VEHICLE,2,0,0,0,0,0,0,0,0,0,0,0,2
2014,Odisha,NAWARANGPUR RTO - OR24( 07-NOV-2017 ),7,THREE WHEELER(T),29,44,59,20,34,19,40,34,40,20,60,28,427
2014,Odisha,NAWARANGPUR RTO - OR24( 07-NOV-2017 ),8,TWO WHEELER(NT),574,560,567,425,443,346,240,292,267,265,325,319,"4,623"
2014,Odisha,NAYAGARH RTO - OR25( 25-DEC-2017 ),1,HEAVY GOODS VEHICLE,1,1,2,2,2,0,1,0,1,0,5,1,16
2014,Odisha,NAYAGARH RTO - OR25( 25-DEC-2017 ),2,LIGHT GOODS VEHICLE,60,72,72,49,55,39,41,36,27,54,48,34,587
2014,Odisha,NAYAGARH RTO - OR25( 25-DEC-2017 ),3,LIGHT MOTOR VEHICLE,10,12,11,10,12,13,8,15,10,14,15,4,134
2014,Odisha,NAYAGARH RTO - OR25( 25-DEC-2017 ),4,LIGHT PASSENGER VEHICLE,5,1,6,1,6,3,5,2,6,6,7,2,50
2014,Odisha,NAYAGARH RTO - OR25( 25-DEC-2017 ),5,MEDIUM GOODS VEHICLE,1,3,2,2,0,0,3,0,2,2,3,0,18
2014,Odisha,NAYAGARH RTO - OR25( 25-DEC-2017 ),6,MEDIUM PASSENGER VEHICLE,2,0,0,0,0,0,0,0,0,0,0,0,2
2014,Odisha,NAYAGARH RTO - OR25( 25-DEC-2017 ),7,THREE WHEELER(T),29,33,33,31,28,32,37,29,42,37,24,14,369
2014,Odisha,NAYAGARH RTO - OR25( 25-DEC-2017 ),8,TWO WHEELER (INVALID CARRIAGE),0,0,0,0,1,0,0,0,0,0,0,0,1
2014,Odisha,NAYAGARH RTO - OR25( 25-DEC-2017 ),9,TWO WHEELER(NT),690,758,"1,150",739,820,739,690,406,699,"1,046",918,533,"9,188"
2014,Odisha,NAYAGARH RTO - OR25( 25-DEC-2017 ),10,TWO WHEELER(T),0,0,0,0,0,1,0,1,0,0,0,0,2
2014,Odisha,NUAPADA RTO - OR26( 06-NOV-2017 ),1,HEAVY GOODS VEHICLE,2,2,4,0,2,1,3,0,1,1,1,3,20
2014,Odisha,NUAPADA RTO - OR26( 06-NOV-2017 ),2,HEAVY PASSENGER VEHICLE,0,1,0,0,0,0,0,0,0,0,0,0,1
2014,Odisha,NUAPADA RTO - OR26( 06-NOV-2017 ),3,LIGHT GOODS VEHICLE,42,28,43,26,50,65,32,7,24,9,10,51,387
2014,Odisha,NUAPADA RTO - OR26( 06-NOV-2017 ),4,LIGHT MOTOR VEHICLE,16,18,17,16,19,12,23,10,22,10,14,47,224
2014,Odisha,NUAPADA RTO - OR26( 06-NOV-2017 ),5,LIGHT PASSENGER VEHICLE,2,1,4,0,0,1,3,2,1,2,0,3,19
2014,Odisha,NUAPADA RTO - OR26( 06-NOV-2017 ),6,MEDIUM GOODS VEHICLE,2,0,1,2,0,0,2,0,0,0,0,1,8
2014,Odisha,NUAPADA RTO - OR26( 06-NOV-2017 ),7,MEDIUM PASSENGER VEHICLE,0,0,0,0,1,0,0,0,0,0,0,0,1
2014,Odisha,NUAPADA RTO - OR26( 06-NOV-2017 ),8,THREE WHEELER(T),0,0,1,0,1,0,0,0,4,1,0,4,11
2014,Odisha,NUAPADA RTO - OR26( 06-NOV-2017 ),9,TWO WHEELER(NT),329,388,432,372,383,311,266,182,237,118,73,473,"3,564"
2014,Odisha,PHULBANI RTO - OR12( 23-OCT-2017 ),1,HEAVY GOODS VEHICLE,1,2,0,0,0,0,1,0,0,0,1,0,5
2014,Odisha,PHULBANI RTO - OR12( 23-OCT-2017 ),2,HEAVY PASSENGER VEHICLE,0,0,0,0,0,0,0,0,1,1,0,2,4
2014,Odisha,PHULBANI RTO - OR12( 23-OCT-2017 ),3,LIGHT GOODS VEHICLE,14,12,12,31,12,28,27,14,35,18,14,21,238
2014,Odisha,PHULBANI RTO - OR12( 23-OCT-2017 ),4,LIGHT MOTOR VEHICLE,11,3,4,4,4,9,10,6,8,6,10,9,84
2014,Odisha,PHULBANI RTO - OR12( 23-OCT-2017 ),5,LIGHT PASSENGER VEHICLE,1,4,3,2,2,4,5,2,3,2,4,4,36
2014,Odisha,PHULBANI RTO - OR12( 23-OCT-2017 ),6,MEDIUM GOODS VEHICLE,0,0,0,0,2,0,3,0,2,0,1,0,8
2014,Odisha,PHULBANI RTO - OR12( 23-OCT-2017 ),7,MEDIUM PASSENGER VEHICLE,0,8,0,0,0,0,2,0,1,0,0,0,11
2014,Odisha,PHULBANI RTO - OR12( 23-OCT-2017 ),8,THREE WHEELER(T),16,13,31,13,34,22,28,25,32,29,29,35,307
2014,Odisha,PHULBANI RTO - OR12( 23-OCT-2017 ),9,TWO WHEELER(NT),155,164,258,253,221,255,218,151,218,246,198,214,"2,551"
2014,Odisha,PURI RTO - OR13( 25-DEC-2017 ),1,HEAVY GOODS VEHICLE,1,1,0,0,0,0,1,0,1,1,1,1,7
2014,Odisha,PURI RTO - OR13( 25-DEC-2017 ),2,HEAVY PASSENGER VEHICLE,0,1,0,0,0,0,0,0,1,1,0,0,3
2014,Odisha,PURI RTO - OR13( 25-DEC-2017 ),3,LIGHT GOODS VEHICLE,101,66,50,46,39,36,38,52,38,43,60,50,619
2014,Odisha,PURI RTO - OR13( 25-DEC-2017 ),4,LIGHT MOTOR VEHICLE,16,34,26,24,18,28,23,17,23,19,35,23,286
2014,Odisha,PURI RTO - OR13( 25-DEC-2017 ),5,LIGHT PASSENGER VEHICLE,10,16,11,11,11,10,8,10,13,10,11,15,136
2014,Odisha,PURI RTO - OR13( 25-DEC-2017 ),6,MEDIUM GOODS VEHICLE,2,3,0,0,0,0,4,1,0,2,2,1,15
2014,Odisha,PURI RTO - OR13( 25-DEC-2017 ),7,MEDIUM MOTOR VEHICLE,0,0,1,0,0,0,0,0,0,0,0,0,1
2014,Odisha,PURI RTO - OR13( 25-DEC-2017 ),8,MEDIUM PASSENGER VEHICLE,0,0,0,0,0,1,0,0,1,1,0,0,3
2014,Odisha,PURI RTO - OR13( 25-DEC-2017 ),9,THREE WHEELER(T),55,44,40,43,53,50,44,58,52,72,52,46,609
2014,Odisha,PURI RTO - OR13( 25-DEC-2017 ),10,TWO WHEELER(NT),"1,021",926,"1,176","1,186","1,334","1,021","1,157",958,907,"1,297","1,376",852,"13,211"
2014,Odisha,PURI RTO - OR13( 25-DEC-2017 ),11,TWO WHEELER(T),0,0,0,0,0,1,0,0,0,0,0,0,1
2014,Odisha,RAIRANGPUR ARTO - OR111( 08-NOV-2017 ),1,HEAVY GOODS VEHICLE,5,12,5,9,7,51,3,2,1,2,1,4,102
2014,Odisha,RAIRANGPUR ARTO - OR111( 08-NOV-2017 ),2,HEAVY PASSENGER VEHICLE,0,0,1,0,0,0,0,0,1,0,0,0,2
2014,Odisha,RAIRANGPUR ARTO - OR111( 08-NOV-2017 ),3,LIGHT GOODS VEHICLE,49,49,53,33,44,45,40,40,34,41,24,34,486
2014,Odisha,RAIRANGPUR ARTO - OR111( 08-NOV-2017 ),4,LIGHT MOTOR VEHICLE,13,7,9,20,12,12,19,3,13,12,14,15,149
2014,Odisha,RAIRANGPUR ARTO - OR111( 08-NOV-2017 ),5,LIGHT PASSENGER VEHICLE,14,14,17,13,9,20,21,8,6,11,13,8,154
2014,Odisha,RAIRANGPUR ARTO - OR111( 08-NOV-2017 ),6,MEDIUM GOODS VEHICLE,0,0,0,2,0,2,2,1,1,0,1,1,10
2014,Odisha,RAIRANGPUR ARTO - OR111( 08-NOV-2017 ),7,MEDIUM PASSENGER VEHICLE,1,0,0,0,0,0,2,0,0,0,0,0,3
2014,Odisha,RAIRANGPUR ARTO - OR111( 08-NOV-2017 ),8,THREE WHEELER(T),7,15,6,8,14,18,14,14,24,28,19,20,187
2014,Odisha,RAIRANGPUR ARTO - OR111( 08-NOV-2017 ),9,TWO WHEELER(NT),182,145,189,213,186,240,221,140,174,258,171,159,"2,278"
2014,Odisha,RAYGADA RTO - OR18( 25-DEC-2017 ),1,HEAVY GOODS VEHICLE,30,24,16,14,13,19,7,19,7,13,9,9,180
2014,Odisha,RAYGADA RTO - OR18( 25-DEC-2017 ),2,HEAVY PASSENGER VEHICLE,0,1,1,1,1,1,0,3,0,0,1,0,9
2014,Odisha,RAYGADA RTO - OR18( 25-DEC-2017 ),3,LIGHT GOODS VEHICLE,37,38,99,26,72,59,39,28,48,28,34,61,569
2014,Odisha,RAYGADA RTO - OR18( 25-DEC-2017 ),4,LIGHT MOTOR VEHICLE,17,19,19,16,24,16,29,23,25,22,14,16,240
2014,Odisha,RAYGADA RTO - OR18( 25-DEC-2017 ),5,LIGHT PASSENGER VEHICLE,13,18,22,18,15,18,10,12,10,8,14,13,171
2014,Odisha,RAYGADA RTO - OR18( 25-DEC-2017 ),6,MEDIUM GOODS VEHICLE,1,3,2,2,1,1,1,1,0,4,3,4,23
2014,Odisha,RAYGADA RTO - OR18( 25-DEC-2017 ),7,MEDIUM MOTOR VEHICLE,0,0,0,0,1,0,0,0,1,0,1,0,3
2014,Odisha,RAYGADA RTO - OR18( 25-DEC-2017 ),8,MEDIUM PASSENGER VEHICLE,0,0,0,0,0,0,0,2,0,0,0,0,2
2014,Odisha,RAYGADA RTO - OR18( 25-DEC-2017 ),9,OTHER THAN MENTIONED ABOVE,0,1,0,0,2,0,1,1,0,1,1,1,8
2014,Odisha,RAYGADA RTO - OR18( 25-DEC-2017 ),10,THREE WHEELER(T),9,9,26,11,23,25,23,14,30,28,23,20,241
2014,Odisha,RAYGADA RTO - OR18( 25-DEC-2017 ),11,TWO WHEELER(NT),486,644,704,568,790,604,460,354,358,718,376,338,"6,400"
2014,Odisha,ROURKELA RTO - OR14( 25-DEC-2017 ),1,HEAVY GOODS VEHICLE,48,61,47,60,49,26,44,31,35,32,55,52,540
2014,Odisha,ROURKELA RTO - OR14( 25-DEC-2017 ),2,HEAVY MOTOR VEHICLE,0,0,1,0,0,0,0,0,0,1,0,0,2
2014,Odisha,ROURKELA RTO - OR14( 25-DEC-2017 ),3,HEAVY PASSENGER VEHICLE,2,0,0,2,0,1,0,1,0,2,2,1,11
2014,Odisha,ROURKELA RTO - OR14( 25-DEC-2017 ),4,LIGHT GOODS VEHICLE,63,35,59,14,27,73,31,38,39,30,49,45,503
2014,Odisha,ROURKELA RTO - OR14( 25-DEC-2017 ),5,LIGHT MOTOR VEHICLE,241,111,141,182,188,161,192,166,203,229,216,195,"2,225"
2014,Odisha,ROURKELA RTO - OR14( 25-DEC-2017 ),6,LIGHT PASSENGER VEHICLE,24,15,32,13,10,12,17,6,14,20,28,10,201
2014,Odisha,ROURKELA RTO - OR14( 25-DEC-2017 ),7,MEDIUM GOODS VEHICLE,5,0,3,2,7,5,7,3,4,4,2,3,45
2014,Odisha,ROURKELA RTO - OR14( 25-DEC-2017 ),8,MEDIUM MOTOR VEHICLE,0,0,0,0,0,0,1,0,0,0,0,0,1
2014,Odisha,ROURKELA RTO - OR14( 25-DEC-2017 ),9,MEDIUM PASSENGER VEHICLE,1,0,2,0,1,5,2,2,2,1,0,0,16
2014,Odisha,ROURKELA RTO - OR14( 25-DEC-2017 ),10,OTHER THAN MENTIONED ABOVE,0,0,0,0,0,0,1,0,0,0,0,0,1
2014,Odisha,ROURKELA RTO - OR14( 25-DEC-2017 ),11,THREE WHEELER(T),57,60,75,35,61,61,74,61,82,52,81,62,761
2014,Odisha,ROURKELA RTO - OR14( 25-DEC-2017 ),12,TWO WHEELER(NT),"1,353","1,089","1,478","1,285","1,456","1,295","1,457","1,197","1,410","1,617","1,986","1,786","17,409"
2014,Odisha,SAMBALPUR RTO - OR15( 04-DEC-2017 ),1,HEAVY GOODS VEHICLE,46,32,48,39,54,38,55,45,38,30,31,31,487
2014,Odisha,SAMBALPUR RTO - OR15( 04-DEC-2017 ),2,HEAVY MOTOR VEHICLE,0,0,0,0,1,0,0,1,0,1,1,0,4
2014,Odisha,SAMBALPUR RTO - OR15( 04-DEC-2017 ),3,HEAVY PASSENGER VEHICLE,0,5,0,0,1,1,0,1,0,0,0,0,8
2014,Odisha,SAMBALPUR RTO - OR15( 04-DEC-2017 ),4,LIGHT GOODS VEHICLE,164,67,130,83,101,102,92,44,74,104,110,70,"1,141"
2014,Odisha,SAMBALPUR RTO - OR15( 04-DEC-2017 ),5,LIGHT MOTOR VEHICLE,215,131,182,146,181,168,166,108,162,204,177,168,"2,008"
2014,Odisha,SAMBALPUR RTO - OR15( 04-DEC-2017 ),6,LIGHT PASSENGER VEHICLE,28,16,31,24,24,11,18,20,21,23,21,17,254
2014,Odisha,SAMBALPUR RTO - OR15( 04-DEC-2017 ),7,MEDIUM GOODS VEHICLE,12,3,7,3,6,3,6,6,3,2,7,7,65
2014,Odisha,SAMBALPUR RTO - OR15( 04-DEC-2017 ),8,MEDIUM MOTOR VEHICLE,1,0,1,2,0,0,1,0,0,0,0,1,6
2014,Odisha,SAMBALPUR RTO - OR15( 04-DEC-2017 ),9,MEDIUM PASSENGER VEHICLE,7,2,4,11,1,1,8,4,3,0,2,0,43
2014,Odisha,SAMBALPUR RTO - OR15( 04-DEC-2017 ),10,OTHER THAN MENTIONED ABOVE,1,0,0,0,0,3,0,0,0,0,0,1,5
2014,Odisha,SAMBALPUR RTO - OR15( 04-DEC-2017 ),11,THREE WHEELER(T),41,29,30,35,38,46,45,41,38,26,62,40,471
2014,Odisha,SAMBALPUR RTO - OR15( 04-DEC-2017 ),12,TWO WHEELER (INVALID CARRIAGE),0,0,1,0,0,0,0,0,0,0,0,0,1
2014,Odisha,SAMBALPUR RTO - OR15( 04-DEC-2017 ),13,TWO WHEELER(NT),"1,095",869,"1,313","1,143","1,279","1,029","1,096",883,947,"1,263",979,"1,048","12,944"
2014,Odisha,SONEPUR RTO - OR31( 08-NOV-2017 ),1,HEAVY GOODS VEHICLE,1,0,0,1,2,0,0,0,0,0,0,1,5
2014,Odisha,SONEPUR RTO - OR31( 08-NOV-2017 ),2,LIGHT GOODS VEHICLE,14,6,9,10,8,0,7,13,32,2,77,51,229
2014,Odisha,SONEPUR RTO - OR31( 08-NOV-2017 ),3,LIGHT MOTOR VEHICLE,11,16,8,12,9,9,13,7,13,8,9,17,132
2014,Odisha,SONEPUR RTO - OR31( 08-NOV-2017 ),4,LIGHT PASSENGER VEHICLE,5,2,4,4,1,1,2,2,2,5,1,1,30
2014,Odisha,SONEPUR RTO - OR31( 08-NOV-2017 ),5,MEDIUM GOODS VEHICLE,0,1,0,4,0,4,0,2,3,0,2,0,16
2014,Odisha,SONEPUR RTO - OR31( 08-NOV-2017 ),6,THREE WHEELER(T),1,0,3,0,0,1,3,1,0,0,0,1,10
2014,Odisha,SONEPUR RTO - OR31( 08-NOV-2017 ),7,TWO WHEELER(NT),436,535,779,870,588,754,725,420,461,354,426,305,"6,653"
2014,Odisha,SUNDERGARH RTO - OR16( 08-NOV-2017 ),1,HEAVY GOODS VEHICLE,3,25,42,22,16,14,16,28,11,23,22,20,242
2014,Odisha,SUNDERGARH RTO - OR16( 08-NOV-2017 ),2,HEAVY MOTOR VEHICLE,0,0,3,1,0,0,0,0,0,0,0,0,4
2014,Odisha,SUNDERGARH RTO - OR16( 08-NOV-2017 ),3,HEAVY PASSENGER VEHICLE,2,0,0,0,0,0,0,0,0,0,1,0,3
2014,Odisha,SUNDERGARH RTO - OR16( 08-NOV-2017 ),4,LIGHT GOODS VEHICLE,123,68,86,48,38,145,74,89,34,27,51,62,845
2014,Odisha,SUNDERGARH RTO - OR16( 08-NOV-2017 ),5,LIGHT MOTOR VEHICLE,42,38,61,44,43,44,48,35,42,41,35,39,512
2014,Odisha,SUNDERGARH RTO - OR16( 08-NOV-2017 ),6,LIGHT PASSENGER VEHICLE,16,7,20,11,18,11,18,5,13,17,14,18,168
2014,Odisha,SUNDERGARH RTO - OR16( 08-NOV-2017 ),7,MEDIUM GOODS VEHICLE,4,3,6,1,3,1,5,3,8,4,3,5,46
2014,Odisha,SUNDERGARH RTO - OR16( 08-NOV-2017 ),8,MEDIUM MOTOR VEHICLE,1,0,0,1,0,0,0,0,0,0,0,0,2
2014,Odisha,SUNDERGARH RTO - OR16( 08-NOV-2017 ),9,MEDIUM PASSENGER VEHICLE,0,2,0,2,0,1,0,0,0,0,0,1,6
2014,Odisha,SUNDERGARH RTO - OR16( 08-NOV-2017 ),10,THREE WHEELER(T),4,0,3,0,1,3,2,0,6,4,2,7,32
2014,Odisha,SUNDERGARH RTO - OR16( 08-NOV-2017 ),11,TWO WHEELER(NT),536,473,670,443,655,540,523,417,428,569,499,504,"6,257"
2014,Odisha,TALCHER RTO - OR35( 25-DEC-2017 ),1,HEAVY GOODS VEHICLE,13,32,40,73,48,44,36,25,29,30,43,40,453
2014,Odisha,TALCHER RTO - OR35( 25-DEC-2017 ),2,HEAVY MOTOR VEHICLE,0,0,82,39,0,0,0,0,0,0,0,0,121
2014,Odisha,TALCHER RTO - OR35( 25-DEC-2017 ),3,HEAVY PASSENGER VEHICLE,0,0,0,0,0,0,0,1,1,0,1,0,3
2014,Odisha,TALCHER RTO - OR35( 25-DEC-2017 ),4,LIGHT GOODS VEHICLE,19,10,20,12,18,16,11,14,10,17,7,5,159
2014,Odisha,TALCHER RTO - OR35( 25-DEC-2017 ),5,LIGHT MOTOR VEHICLE,17,9,4,8,2,8,8,7,10,13,15,10,111
2014,Odisha,TALCHER RTO - OR35( 25-DEC-2017 ),6,LIGHT PASSENGER VEHICLE,4,2,4,3,0,7,6,4,7,4,5,3,49
2014,Odisha,TALCHER RTO - OR35( 25-DEC-2017 ),7,MEDIUM GOODS VEHICLE,0,0,2,1,1,0,1,0,1,1,1,1,9
2014,Odisha,TALCHER RTO - OR35( 25-DEC-2017 ),8,MEDIUM MOTOR VEHICLE,0,0,0,0,0,0,0,1,0,0,0,0,1
2014,Odisha,TALCHER RTO - OR35( 25-DEC-2017 ),9,MEDIUM PASSENGER VEHICLE,0,0,0,0,1,0,0,0,0,0,0,0,1
2014,Odisha,TALCHER RTO - OR35( 25-DEC-2017 ),10,THREE WHEELER(T),6,2,5,1,2,5,4,5,5,2,7,3,47
2014,Odisha,TALCHER RTO - OR35( 25-DEC-2017 ),11,TWO WHEELER(NT),20,16,24,30,23,22,32,236,387,620,579,377,"2,366"
