0,1,2,3,4,5,6,7,8,9,10,11,12,13,14,15,16,17
2024,Delhi,BURARI AUTO UNIT - DL53( 08-APR-2016 ),1,THREE WHEELER (PASSENGER),341,444,170,13,,,,,,,,,968
2024,Delhi,BURARI TAXI UNIT - DL52( 08-APR-2016 ),1,LUXURY CAB,0,0,2,0,,,,,,,,,2
2024,Delhi,BURARI TAXI UNIT - DL52( 08-APR-2016 ),2,MOTOR CAB,"1,493",630,991,338,,,,,,,,,"3,452"
2024,Delhi,DWARKA - DL9( 28-JUL-2015 ),1,ADAPTED VEHICLE,7,4,4,4,,,,,,,,,19
2024,Delhi,DWARKA - DL9( 28-JUL-2015 ),2,E-RICKSHAW(P),141,154,145,84,,,,,,,,,524
2024,Delhi,DWARKA - DL9( 28-JUL-2015 ),3,E-RICKSHAW WITH CART (G),2,3,8,2,,,,,,,,,15
2024,Delhi,DWARKA - DL9( 28-JUL-2015 ),4,M-CYCLE/SCOOTER,"3,948","3,251","3,336","2,416",,,,,,,,,"12,951"
2024,Delhi,DWARKA - DL9( 28-JUL-2015 ),5,M-CYCLE/SCOOTER-WITH SIDE CAR,1,0,1,0,,,,,,,,,2
2024,Delhi,DWARKA - DL9( 28-JUL-2015 ),6,MOPED,13,16,21,8,,,,,,,,,58
2024,Delhi,DWARKA - DL9( 28-JUL-2015 ),7,MOTOR CAR,"3,597","2,832","2,532","1,947",,,,,,,,,"10,908"
2024,Delhi,DWARKA - DL9( 28-JUL-2015 ),8,MOTORISED CYCLE (CC > 25CC),0,0,40,40,,,,,,,,,80
2024,Delhi,I P ESTATE - DL2( 01-JUN-2015 ),1,ADAPTED VEHICLE,2,1,1,0,,,,,,,,,4
2024,Delhi,I P ESTATE - DL2( 01-JUN-2015 ),2,M-CYCLE/SCOOTER,17,2,8,9,,,,,,,,,36
2024,Delhi,I P ESTATE - DL2( 01-JUN-2015 ),3,MOTOR CAR,928,599,461,435,,,,,,,,,"2,423"
2024,Delhi,JANAKPURI - DL4( 24-JUL-2015 ),1,ADAPTED VEHICLE,2,3,1,1,,,,,,,,,7
2024,Delhi,JANAKPURI - DL4( 24-JUL-2015 ),2,E-RICKSHAW(P),152,171,204,111,,,,,,,,,638
2024,Delhi,JANAKPURI - DL4( 24-JUL-2015 ),3,E-RICKSHAW WITH CART (G),9,21,28,23,,,,,,,,,81
2024,Delhi,JANAKPURI - DL4( 24-JUL-2015 ),4,M-CYCLE/SCOOTER,"2,905","2,333","4,760","2,758",,,,,,,,,"12,756"
2024,Delhi,JANAKPURI - DL4( 24-JUL-2015 ),5,MOPED,0,1,0,0,,,,,,,,,1
2024,Delhi,JANAKPURI - DL4( 24-JUL-2015 ),6,MOTOR CAR,"1,149","1,191","1,003",600,,,,,,,,,"3,943"
2024,Delhi,LONI ROAD - DL5( 09-SEP-2015 ),1,ADAPTED VEHICLE,2,1,2,0,,,,,,,,,5
2024,Delhi,LONI ROAD - DL5( 09-SEP-2015 ),2,E-RICKSHAW(P),351,248,305,196,,,,,,,,,"1,100"
2024,Delhi,LONI ROAD - DL5( 09-SEP-2015 ),3,E-RICKSHAW WITH CART (G),51,62,44,44,,,,,,,,,201
2024,Delhi,LONI ROAD - DL5( 09-SEP-2015 ),4,M-CYCLE/SCOOTER,"4,711","3,690","3,572","2,720",,,,,,,,,"14,693"
2024,Delhi,LONI ROAD - DL5( 09-SEP-2015 ),5,M-CYCLE/SCOOTER-WITH SIDE CAR,1,1,3,0,,,,,,,,,5
2024,Delhi,LONI ROAD - DL5( 09-SEP-2015 ),6,MOTOR CAR,"1,405",773,730,573,,,,,,,,,"3,481"
2024,Delhi,MALL ROAD - DL1( 12-OCT-2015 ),1,AGRICULTURAL TRACTOR,1,0,0,0,,,,,,,,,1
2024,Delhi,MALL ROAD - DL1( 12-OCT-2015 ),2,E-RICKSHAW(P),34,25,52,25,,,,,,,,,136
2024,Delhi,MALL ROAD - DL1( 12-OCT-2015 ),3,E-RICKSHAW WITH CART (G),1,2,4,2,,,,,,,,,9
2024,Delhi,MALL ROAD - DL1( 12-OCT-2015 ),4,M-CYCLE/SCOOTER,789,649,697,505,,,,,,,,,"2,640"
2024,Delhi,MALL ROAD - DL1( 12-OCT-2015 ),5,MOTOR CAR,902,915,827,479,,,,,,,,,"3,123"
2024,Delhi,MALL ROAD - DL1( 12-OCT-2015 ),6,OMNI BUS (PRIVATE USE),1,0,0,0,,,,,,,,,1
2024,Delhi,MAYUR VIHAR  - DL7( 29-JUN-2015 ),1,E-RICKSHAW(P),141,95,77,51,,,,,,,,,364
2024,Delhi,MAYUR VIHAR  - DL7( 29-JUN-2015 ),2,E-RICKSHAW WITH CART (G),7,3,12,6,,,,,,,,,28
2024,Delhi,MAYUR VIHAR  - DL7( 29-JUN-2015 ),3,M-CYCLE/SCOOTER,"2,178","1,948","1,945","1,404",,,,,,,,,"7,475"
2024,Delhi,MAYUR VIHAR  - DL7( 29-JUN-2015 ),4,M-CYCLE/SCOOTER-WITH SIDE CAR,0,2,0,0,,,,,,,,,2
2024,Delhi,MAYUR VIHAR  - DL7( 29-JUN-2015 ),5,MOPED,0,0,1,0,,,,,,,,,1
2024,Delhi,MAYUR VIHAR  - DL7( 29-JUN-2015 ),6,MOTOR CAR,"2,041","1,177","1,013",788,,,,,,,,,"5,019"
2024,Delhi,RAJOURI GARDEN - DL10( 12-AUG-2015 ),1,E-RICKSHAW(P),59,39,47,25,,,,,,,,,170
2024,Delhi,RAJOURI GARDEN - DL10( 12-AUG-2015 ),2,E-RICKSHAW WITH CART (G),13,9,3,7,,,,,,,,,32
2024,Delhi,RAJOURI GARDEN - DL10( 12-AUG-2015 ),3,M-CYCLE/SCOOTER,"3,138","2,205",999,744,,,,,,,,,"7,086"
2024,Delhi,RAJOURI GARDEN - DL10( 12-AUG-2015 ),4,MOTOR CAR,"2,114","2,056","1,842","1,322",,,,,,,,,"7,334"
2024,Delhi,RAJPUR ROAD/VIU BURARI - DL51( 08-APR-2016 ),1,AMBULANCE,4,1,2,0,,,,,,,,,7
2024,Delhi,RAJPUR ROAD/VIU BURARI - DL51( 08-APR-2016 ),2,BUS,326,184,135,144,,,,,,,,,789
2024,Delhi,RAJPUR ROAD/VIU BURARI - DL51( 08-APR-2016 ),3,EDUCATIONAL INSTITUTION BUS,1,0,1,1,,,,,,,,,3
2024,Delhi,RAJPUR ROAD/VIU BURARI - DL51( 08-APR-2016 ),4,GOODS CARRIER,"1,874","1,569","1,478",969,,,,,,,,,"5,890"
2024,Delhi,RAJPUR ROAD/VIU BURARI - DL51( 08-APR-2016 ),5,MAXI CAB,5,1,0,3,,,,,,,,,9
2024,Delhi,RAJPUR ROAD/VIU BURARI - DL51( 08-APR-2016 ),6,THREE WHEELER (GOODS),967,942,"2,866",306,,,,,,,,,"5,081"
2024,Delhi,ROHINI - DL11( 14-AUG-2015 ),1,ADAPTED VEHICLE,1,1,0,0,,,,,,,,,2
2024,Delhi,ROHINI - DL11( 14-AUG-2015 ),2,E-RICKSHAW(P),364,262,290,216,,,,,,,,,"1,132"
2024,Delhi,ROHINI - DL11( 14-AUG-2015 ),3,E-RICKSHAW WITH CART (G),41,41,58,33,,,,,,,,,173
2024,Delhi,ROHINI - DL11( 14-AUG-2015 ),4,M-CYCLE/SCOOTER,"3,853","2,899","2,814","2,531",,,,,,,,,"12,097"
2024,Delhi,ROHINI - DL11( 14-AUG-2015 ),5,M-CYCLE/SCOOTER-WITH SIDE CAR,0,1,0,0,,,,,,,,,1
2024,Delhi,ROHINI - DL11( 14-AUG-2015 ),6,MOTOR CAR,915,625,613,384,,,,,,,,,"2,537"
2024,Delhi,SARAI KALE KHAN - DL6( 10-SEP-2015 ),1,ADAPTED VEHICLE,0,1,0,0,,,,,,,,,1
2024,Delhi,SARAI KALE KHAN - DL6( 10-SEP-2015 ),2,E-RICKSHAW(P),106,71,80,55,,,,,,,,,312
2024,Delhi,SARAI KALE KHAN - DL6( 10-SEP-2015 ),3,E-RICKSHAW WITH CART (G),2,4,1,2,,,,,,,,,9
2024,Delhi,SARAI KALE KHAN - DL6( 10-SEP-2015 ),4,M-CYCLE/SCOOTER,"1,776","1,658","1,448","1,157",,,,,,,,,"6,039"
2024,Delhi,SARAI KALE KHAN - DL6( 10-SEP-2015 ),5,MOTOR CAR,156,135,119,79,,,,,,,,,489
2024,Delhi,SARAI KALE KHAN - DL6( 10-SEP-2015 ),6,OMNI BUS (PRIVATE USE),1,0,0,0,,,,,,,,,1
2024,Delhi,SOUTH DELHI - DL3( 15-SEP-2015 ),1,ADAPTED VEHICLE,0,0,3,1,,,,,,,,,4
2024,Delhi,SOUTH DELHI - DL3( 15-SEP-2015 ),2,E-RICKSHAW(P),98,127,95,68,,,,,,,,,388
2024,Delhi,SOUTH DELHI - DL3( 15-SEP-2015 ),3,E-RICKSHAW WITH CART (G),4,2,2,8,,,,,,,,,16
2024,Delhi,SOUTH DELHI - DL3( 15-SEP-2015 ),4,M-CYCLE/SCOOTER,"7,058","5,493","5,468","4,369",,,,,,,,,"22,388"
2024,Delhi,SOUTH DELHI - DL3( 15-SEP-2015 ),5,M-CYCLE/SCOOTER-WITH SIDE CAR,0,1,0,1,,,,,,,,,2
2024,Delhi,SOUTH DELHI - DL3( 15-SEP-2015 ),6,MOTOR CAR,"2,624","2,103","1,835","1,296",,,,,,,,,"7,858"
2024,Delhi,SOUTH DELHI - DL3( 15-SEP-2015 ),7,MOTORISED CYCLE (CC > 25CC),0,0,0,1,,,,,,,,,1
2024,Delhi,SOUTH DELHI - DL3( 15-SEP-2015 ),8,THREE WHEELER (PERSONAL),0,0,0,1,,,,,,,,,1
2024,Delhi,SURAJMAL VIHAR - DL13( 26-JUN-2015 ),1,ADAPTED VEHICLE,0,0,1,0,,,,,,,,,1
2024,Delhi,SURAJMAL VIHAR - DL13( 26-JUN-2015 ),2,E-RICKSHAW(P),98,102,105,59,,,,,,,,,364
2024,Delhi,SURAJMAL VIHAR - DL13( 26-JUN-2015 ),3,E-RICKSHAW WITH CART (G),2,9,14,6,,,,,,,,,31
2024,Delhi,SURAJMAL VIHAR - DL13( 26-JUN-2015 ),4,M-CYCLE/SCOOTER,"3,923","2,910","2,770","2,575",,,,,,,,,"12,178"
2024,Delhi,SURAJMAL VIHAR - DL13( 26-JUN-2015 ),5,M-CYCLE/SCOOTER-WITH SIDE CAR,1,0,0,0,,,,,,,,,1
2024,Delhi,SURAJMAL VIHAR - DL13( 26-JUN-2015 ),6,MOTOR CAR,"1,626","1,081","1,019",810,,,,,,,,,"4,536"
2024,Delhi,VASANT VIHAR - DL12( 01-JUN-2015 ),1,ADAPTED VEHICLE,1,0,0,0,,,,,,,,,1
2024,Delhi,VASANT VIHAR - DL12( 01-JUN-2015 ),2,M-CYCLE/SCOOTER,822,749,791,571,,,,,,,,,"2,933"
2024,Delhi,VASANT VIHAR - DL12( 01-JUN-2015 ),3,M-CYCLE/SCOOTER-WITH SIDE CAR,1,0,0,0,,,,,,,,,1
2024,Delhi,VASANT VIHAR - DL12( 01-JUN-2015 ),4,MOTOR CAR,"1,646","1,397","1,331",956,,,,,,,,,"5,330"
2024,Delhi,WAZIRPUR - DL8( 17-SEP-2015 ),1,E-RICKSHAW(P),411,333,370,192,,,,,,,,,"1,306"
2024,Delhi,WAZIRPUR - DL8( 17-SEP-2015 ),2,E-RICKSHAW WITH CART (G),41,48,60,44,,,,,,,,,193
2024,Delhi,WAZIRPUR - DL8( 17-SEP-2015 ),3,M-CYCLE/SCOOTER,"3,555","2,933","3,079","3,005",,,,,,,,,"12,572"
2024,Delhi,WAZIRPUR - DL8( 17-SEP-2015 ),4,MOPED,0,0,2,0,,,,,,,,,2
2024,Delhi,WAZIRPUR - DL8( 17-SEP-2015 ),5,MOTOR CAR,"2,229","1,620","1,823","1,332",,,,,,,,,"7,004"
2023,Delhi,BURARI AUTO UNIT - DL53( 08-APR-2016 ),1,THREE WHEELER (PASSENGER),568,531,529,406,333,326,115,156,194,438,251,382,"4,229"
2023,Delhi,BURARI TAXI UNIT - DL52( 08-APR-2016 ),1,MAXI CAB,0,2,1,1,0,0,0,0,0,0,0,0,4
2023,Delhi,BURARI TAXI UNIT - DL52( 08-APR-2016 ),2,MOTOR CAB,262,165,"1,159",427,618,699,740,376,316,494,422,457,"6,135"
2023,Delhi,DWARKA - DL9( 28-JUL-2015 ),1,ADAPTED VEHICLE,2,0,9,1,2,3,7,1,1,2,5,2,35
2023,Delhi,DWARKA - DL9( 28-JUL-2015 ),2,E-RICKSHAW(P),81,51,89,62,79,117,91,116,139,223,134,171,"1,353"
2023,Delhi,DWARKA - DL9( 28-JUL-2015 ),3,E-RICKSHAW WITH CART (G),1,2,3,3,3,4,2,5,4,3,5,7,42
2023,Delhi,DWARKA - DL9( 28-JUL-2015 ),4,M-CYCLE/SCOOTER,"3,582","2,871","3,164","2,693","3,538","2,984","3,204","3,620","3,398","4,314","6,058","2,700","42,126"
2023,Delhi,DWARKA - DL9( 28-JUL-2015 ),5,M-CYCLE/SCOOTER-WITH SIDE CAR,1,3,2,1,0,0,0,0,0,0,0,0,7
2023,Delhi,DWARKA - DL9( 28-JUL-2015 ),6,MOPED,16,6,18,8,13,7,14,24,8,14,17,4,149
2023,Delhi,DWARKA - DL9( 28-JUL-2015 ),7,MOTOR CAR,"3,237","2,862","3,483","2,342","2,908","3,028","2,553","2,618","2,374","2,707","3,049","2,876","34,037"
2023,Delhi,DWARKA - DL9( 28-JUL-2015 ),8,MOTORISED CYCLE (CC > 25CC),0,0,0,0,0,0,0,0,0,67,29,0,96
2023,Delhi,DWARKA - DL9( 28-JUL-2015 ),9,OMNI BUS (PRIVATE USE),0,0,0,0,0,1,0,0,0,0,0,0,1
2023,Delhi,DWARKA - DL9( 28-JUL-2015 ),10,PRIVATE SERVICE VEHICLE (INDIVIDUAL USE),0,0,0,0,0,0,0,1,0,0,0,0,1
2023,Delhi,I P ESTATE - DL2( 01-JUN-2015 ),1,ADAPTED VEHICLE,0,2,3,1,0,2,2,0,3,0,2,0,15
2023,Delhi,I P ESTATE - DL2( 01-JUN-2015 ),2,M-CYCLE/SCOOTER,4,5,9,13,17,4,6,3,17,8,4,4,94
2023,Delhi,I P ESTATE - DL2( 01-JUN-2015 ),3,MOTOR CAR,737,617,719,692,780,697,648,720,653,613,722,603,"8,201"
2023,Delhi,JANAKPURI - DL4( 24-JUL-2015 ),1,ADAPTED VEHICLE,4,1,2,4,2,8,6,2,0,1,4,5,39
2023,Delhi,JANAKPURI - DL4( 24-JUL-2015 ),2,E-RICKSHAW(P),117,133,115,89,97,98,82,113,108,144,112,186,"1,394"
2023,Delhi,JANAKPURI - DL4( 24-JUL-2015 ),3,E-RICKSHAW WITH CART (G),16,20,27,41,20,18,11,15,12,17,18,20,235
2023,Delhi,JANAKPURI - DL4( 24-JUL-2015 ),4,M-CYCLE/SCOOTER,"2,838","2,068","2,268","2,301","2,933","2,262","2,565","2,931","2,608","2,937","4,826","1,746","32,283"
2023,Delhi,JANAKPURI - DL4( 24-JUL-2015 ),5,M-CYCLE/SCOOTER-WITH SIDE CAR,1,0,0,0,0,0,0,0,0,0,0,0,1
2023,Delhi,JANAKPURI - DL4( 24-JUL-2015 ),6,MOTOR CAR,912,767,999,982,"1,035",878,817,844,852,"1,002","1,109","1,041","11,238"
2023,Delhi,LONI ROAD - DL5( 09-SEP-2015 ),1,ADAPTED VEHICLE,1,1,1,0,4,4,2,2,1,1,0,0,17
2023,Delhi,LONI ROAD - DL5( 09-SEP-2015 ),2,E-RICKSHAW(P),119,143,176,140,219,343,292,316,341,306,329,318,"3,042"
2023,Delhi,LONI ROAD - DL5( 09-SEP-2015 ),3,E-RICKSHAW WITH CART (G),30,42,60,36,49,65,51,62,52,62,48,49,606
2023,Delhi,LONI ROAD - DL5( 09-SEP-2015 ),4,M-CYCLE/SCOOTER,"5,210","4,193","3,870","3,523","4,014","3,529","3,858","3,682","3,810","4,374","7,361","3,029","50,453"
2023,Delhi,LONI ROAD - DL5( 09-SEP-2015 ),5,M-CYCLE/SCOOTER-WITH SIDE CAR,0,2,0,3,3,0,1,2,0,0,0,0,11
2023,Delhi,LONI ROAD - DL5( 09-SEP-2015 ),6,MOPED,0,1,0,1,1,0,0,1,3,1,2,0,10
2023,Delhi,LONI ROAD - DL5( 09-SEP-2015 ),7,MOTOR CAR,"1,413",856,827,858,"1,196",915,794,768,780,798,"1,074",614,"10,893"
2023,Delhi,LONI ROAD - DL5( 09-SEP-2015 ),8,MOTORISED CYCLE (CC > 25CC),0,0,0,0,0,1,0,0,0,0,0,0,1
2023,Delhi,MALL ROAD - DL1( 12-OCT-2015 ),1,ADAPTED VEHICLE,0,0,0,0,1,0,2,0,0,1,1,2,7
2023,Delhi,MALL ROAD - DL1( 12-OCT-2015 ),2,AGRICULTURAL TRACTOR,0,0,2,3,2,0,0,0,0,0,0,0,7
2023,Delhi,MALL ROAD - DL1( 12-OCT-2015 ),3,ARMOURED/SPECIALISED VEHICLE,0,0,0,0,0,0,0,13,6,0,0,0,19
2023,Delhi,MALL ROAD - DL1( 12-OCT-2015 ),4,E-RICKSHAW(P),2,8,14,9,13,33,19,18,26,35,34,38,249
2023,Delhi,MALL ROAD - DL1( 12-OCT-2015 ),5,E-RICKSHAW WITH CART (G),7,6,3,3,5,7,2,0,2,1,1,1,38
2023,Delhi,MALL ROAD - DL1( 12-OCT-2015 ),6,M-CYCLE/SCOOTER,604,470,505,528,524,401,584,681,567,709,"1,092",533,"7,198"
2023,Delhi,MALL ROAD - DL1( 12-OCT-2015 ),7,M-CYCLE/SCOOTER-WITH SIDE CAR,0,0,0,1,0,0,1,0,0,0,0,0,2
2023,Delhi,MALL ROAD - DL1( 12-OCT-2015 ),8,MOTOR CAR,976,682,865,898,786,682,"1,010",804,"1,092",774,748,594,"9,911"
2023,Delhi,MALL ROAD - DL1( 12-OCT-2015 ),9,OMNI BUS (PRIVATE USE),0,0,0,0,0,0,1,0,0,0,1,0,2
2023,Delhi,MALL ROAD - DL1( 12-OCT-2015 ),10,PRIVATE SERVICE VEHICLE (INDIVIDUAL USE),0,0,0,0,0,1,0,89,0,0,0,0,90
2023,Delhi,MAYUR VIHAR  - DL7( 29-JUN-2015 ),1,E-RICKSHAW(P),106,69,90,61,88,80,79,90,96,97,67,196,"1,119"
2023,Delhi,MAYUR VIHAR  - DL7( 29-JUN-2015 ),2,E-RICKSHAW WITH CART (G),8,9,6,6,6,3,8,6,6,5,3,9,75
2023,Delhi,MAYUR VIHAR  - DL7( 29-JUN-2015 ),3,M-CYCLE/SCOOTER,"2,121","1,790","1,768","1,641","1,781","1,765","1,961","1,860","1,774","2,174","3,156","1,918","23,709"
2023,Delhi,MAYUR VIHAR  - DL7( 29-JUN-2015 ),4,M-CYCLE/SCOOTER-WITH SIDE CAR,0,0,0,0,0,0,0,1,0,0,0,0,1
2023,Delhi,MAYUR VIHAR  - DL7( 29-JUN-2015 ),5,MOPED,1,0,0,0,2,0,0,0,0,0,0,0,3
2023,Delhi,MAYUR VIHAR  - DL7( 29-JUN-2015 ),6,MOTOR CAR,"1,338","1,025","1,204",960,"1,095","1,035","1,048","1,108","1,105","1,151","1,374","1,408","13,851"
2023,Delhi,RAJOURI GARDEN - DL10( 12-AUG-2015 ),1,ADAPTED VEHICLE,2,0,0,0,0,0,0,0,0,0,0,4,6
2023,Delhi,RAJOURI GARDEN - DL10( 12-AUG-2015 ),2,E-RICKSHAW(P),15,15,16,9,17,17,8,9,27,71,60,66,330
2023,Delhi,RAJOURI GARDEN - DL10( 12-AUG-2015 ),3,E-RICKSHAW WITH CART (G),0,3,2,3,2,1,1,1,1,3,6,8,31
2023,Delhi,RAJOURI GARDEN - DL10( 12-AUG-2015 ),4,M-CYCLE/SCOOTER,"2,122","1,783","2,035","1,989","2,510","1,901","1,890","1,772","1,865","1,949","3,310","4,120","27,246"
2023,Delhi,RAJOURI GARDEN - DL10( 12-AUG-2015 ),5,M-CYCLE/SCOOTER-WITH SIDE CAR,0,0,0,1,1,0,0,0,0,0,0,0,2
2023,Delhi,RAJOURI GARDEN - DL10( 12-AUG-2015 ),6,MOTOR CAR,"1,606","1,317","1,894","1,334","1,586","1,706","1,772","1,951","2,133","2,086","2,402","1,897","21,684"
2023,Delhi,RAJOURI GARDEN - DL10( 12-AUG-2015 ),7,OMNI BUS (PRIVATE USE),0,0,0,0,0,3,0,0,0,0,0,0,3
2023,Delhi,RAJPUR ROAD/VIU BURARI - DL51( 08-APR-2016 ),1,AMBULANCE,16,2,20,10,14,7,0,7,2,2,4,7,91
2023,Delhi,RAJPUR ROAD/VIU BURARI - DL51( 08-APR-2016 ),2,BUS,169,52,57,64,121,203,134,162,156,225,168,414,"1,925"
2023,Delhi,RAJPUR ROAD/VIU BURARI - DL51( 08-APR-2016 ),3,CONSTRUCTION EQUIPMENT VEHICLE (COMMERCIAL),0,0,0,0,1,0,0,0,0,0,0,0,1
2023,Delhi,RAJPUR ROAD/VIU BURARI - DL51( 08-APR-2016 ),4,EDUCATIONAL INSTITUTION BUS,1,1,0,0,1,2,2,2,1,0,1,0,11
2023,Delhi,RAJPUR ROAD/VIU BURARI - DL51( 08-APR-2016 ),5,FIRE FIGHTING VEHICLE,0,0,0,0,0,2,0,0,0,10,0,16,28
2023,Delhi,RAJPUR ROAD/VIU BURARI - DL51( 08-APR-2016 ),6,GOODS CARRIER,"2,545","1,727","1,777","1,972","1,624","1,325","1,323","1,595","1,507","1,649","1,686","1,112","19,842"
2023,Delhi,RAJPUR ROAD/VIU BURARI - DL51( 08-APR-2016 ),7,MAXI CAB,0,0,0,0,0,0,0,0,0,2,5,2,9
2023,Delhi,RAJPUR ROAD/VIU BURARI - DL51( 08-APR-2016 ),8,MOBILE CLINIC,0,0,0,0,15,0,1,0,0,0,0,0,16
2023,Delhi,RAJPUR ROAD/VIU BURARI - DL51( 08-APR-2016 ),9,OMNI BUS,0,0,0,0,0,0,0,0,0,0,1,0,1
2023,Delhi,RAJPUR ROAD/VIU BURARI - DL51( 08-APR-2016 ),10,THREE WHEELER (GOODS),852,794,"1,283",683,618,599,798,861,839,993,686,820,"9,826"
2023,Delhi,ROHINI - DL11( 14-AUG-2015 ),1,ADAPTED VEHICLE,0,0,0,0,0,0,0,1,0,0,0,2,3
2023,Delhi,ROHINI - DL11( 14-AUG-2015 ),2,E-RICKSHAW(P),277,275,348,306,216,273,252,288,287,365,343,395,"3,625"
2023,Delhi,ROHINI - DL11( 14-AUG-2015 ),3,E-RICKSHAW WITH CART (G),20,30,34,57,32,22,27,30,38,32,30,40,392
2023,Delhi,ROHINI - DL11( 14-AUG-2015 ),4,M-CYCLE/SCOOTER,"3,590","2,933","3,164","3,032","3,378","2,618","3,198","3,337","2,955","3,510","5,964","2,161","39,840"
2023,Delhi,ROHINI - DL11( 14-AUG-2015 ),5,M-CYCLE/SCOOTER-WITH SIDE CAR,0,1,0,1,0,1,1,0,0,0,1,0,5
2023,Delhi,ROHINI - DL11( 14-AUG-2015 ),6,MOTOR CAR,870,588,712,563,615,504,785,862,635,618,696,786,"8,234"
2023,Delhi,SARAI KALE KHAN - DL6( 10-SEP-2015 ),1,E-RICKSHAW(P),49,60,53,35,63,51,51,85,84,94,88,101,814
2023,Delhi,SARAI KALE KHAN - DL6( 10-SEP-2015 ),2,E-RICKSHAW WITH CART (G),0,0,0,0,0,2,1,1,6,3,4,2,19
2023,Delhi,SARAI KALE KHAN - DL6( 10-SEP-2015 ),3,M-CYCLE/SCOOTER,"1,882","1,490","1,549","1,569","1,572","1,460","1,571","1,907","1,727","1,714","2,731","1,147","20,319"
2023,Delhi,SARAI KALE KHAN - DL6( 10-SEP-2015 ),4,M-CYCLE/SCOOTER-WITH SIDE CAR,0,0,0,0,2,0,0,1,0,0,0,0,3
2023,Delhi,SARAI KALE KHAN - DL6( 10-SEP-2015 ),5,MOTOR CAR,246,161,147,117,122,139,132,148,135,130,160,134,"1,771"
2023,Delhi,SOUTH DELHI - DL3( 15-SEP-2015 ),1,ADAPTED VEHICLE,1,1,0,1,0,2,1,0,3,0,1,1,11
2023,Delhi,SOUTH DELHI - DL3( 15-SEP-2015 ),2,E-RICKSHAW(P),82,80,60,62,66,66,41,55,77,128,70,103,890
2023,Delhi,SOUTH DELHI - DL3( 15-SEP-2015 ),3,E-RICKSHAW WITH CART (G),1,1,1,1,1,0,1,1,3,3,1,4,18
2023,Delhi,SOUTH DELHI - DL3( 15-SEP-2015 ),4,M-CYCLE/SCOOTER,"6,862","5,714","5,888","5,617","5,764","5,328","6,016","6,386","5,866","6,645","10,826","4,507","75,419"
2023,Delhi,SOUTH DELHI - DL3( 15-SEP-2015 ),5,M-CYCLE/SCOOTER-WITH SIDE CAR,1,0,0,0,0,0,0,0,0,0,1,0,2
2023,Delhi,SOUTH DELHI - DL3( 15-SEP-2015 ),6,MOPED,0,0,0,0,0,0,0,1,0,0,0,0,1
2023,Delhi,SOUTH DELHI - DL3( 15-SEP-2015 ),7,MOTOR CAR,"2,238","1,894","2,335","1,916","1,985","1,846","1,768","2,026","2,208","2,169","2,271","1,971","24,627"
2023,Delhi,SOUTH DELHI - DL3( 15-SEP-2015 ),8,THREE WHEELER (PERSONAL),0,0,0,0,0,1,0,1,0,0,0,0,2
2023,Delhi,SURAJMAL VIHAR - DL13( 26-JUN-2015 ),1,ADAPTED VEHICLE,0,0,0,0,0,1,0,0,0,0,0,1,2
2023,Delhi,SURAJMAL VIHAR - DL13( 26-JUN-2015 ),2,E-RICKSHAW(P),68,70,73,52,59,90,105,104,75,62,58,51,867
2023,Delhi,SURAJMAL VIHAR - DL13( 26-JUN-2015 ),3,E-RICKSHAW WITH CART (G),3,6,3,5,6,3,1,8,6,5,4,5,55
2023,Delhi,SURAJMAL VIHAR - DL13( 26-JUN-2015 ),4,M-CYCLE/SCOOTER,"2,732","2,374","2,216","2,127","2,464","2,377","2,768","2,989","3,022","3,338","5,076","2,264","33,747"
2023,Delhi,SURAJMAL VIHAR - DL13( 26-JUN-2015 ),5,M-CYCLE/SCOOTER-WITH SIDE CAR,1,0,1,0,1,0,0,0,0,0,1,1,5
2023,Delhi,SURAJMAL VIHAR - DL13( 26-JUN-2015 ),6,MOTOR CAR,"1,024",848,"1,064",966,"1,086","1,005",986,976,"1,026","1,054","1,127","1,013","12,175"
2023,Delhi,SURAJMAL VIHAR - DL13( 26-JUN-2015 ),7,OMNI BUS (PRIVATE USE),0,0,0,0,1,2,0,0,0,0,0,0,3
2023,Delhi,VASANT VIHAR - DL12( 01-JUN-2015 ),1,ADAPTED VEHICLE,0,1,0,0,0,0,0,1,0,1,1,0,4
2023,Delhi,VASANT VIHAR - DL12( 01-JUN-2015 ),2,M-CYCLE/SCOOTER,786,717,728,711,804,730,853,937,864,910,"1,463",616,"10,119"
2023,Delhi,VASANT VIHAR - DL12( 01-JUN-2015 ),3,MOTOR CAR,"1,366","1,544","1,456","1,226","1,167","1,124","1,220","1,224","1,080","1,392","2,053","1,536","16,388"
2023,Delhi,VASANT VIHAR - DL12( 01-JUN-2015 ),4,OMNI BUS (PRIVATE USE),0,0,0,0,0,3,0,0,0,0,0,0,3
2023,Delhi,VISHWAS NAGAR FITNESS CENTER - DL203( 18-JAN-2017 ),1,ADAPTED VEHICLE,0,1,0,0,0,0,0,1,0,1,1,0,4
2023,Delhi,VISHWAS NAGAR FITNESS CENTER - DL203( 18-JAN-2017 ),2,M-CYCLE/SCOOTER,786,717,728,711,804,730,853,937,864,910,"1,463",616,"10,119"
2023,Delhi,VISHWAS NAGAR FITNESS CENTER - DL203( 18-JAN-2017 ),3,MOTOR CAR,"1,366","1,544","1,456","1,226","1,167","1,124","1,220","1,224","1,080","1,392","2,053","1,536","16,388"
2023,Delhi,VISHWAS NAGAR FITNESS CENTER - DL203( 18-JAN-2017 ),4,OMNI BUS (PRIVATE USE),0,0,0,0,0,3,0,0,0,0,0,0,3
2023,Delhi,WAZIRPUR - DL8( 17-SEP-2015 ),1,ADAPTED VEHICLE,2,2,1,1,0,1,2,0,1,1,0,0,11
2023,Delhi,WAZIRPUR - DL8( 17-SEP-2015 ),2,E-RICKSHAW(P),372,387,395,396,286,230,200,318,292,298,309,380,"3,863"
2023,Delhi,WAZIRPUR - DL8( 17-SEP-2015 ),3,E-RICKSHAW WITH CART (G),27,26,43,38,25,34,35,44,44,62,35,58,471
2023,Delhi,WAZIRPUR - DL8( 17-SEP-2015 ),4,M-CYCLE/SCOOTER,"3,626","2,983","3,216","2,837","2,979","3,046","3,065","3,227","3,392","3,573","5,303","2,492","39,739"
2023,Delhi,WAZIRPUR - DL8( 17-SEP-2015 ),5,M-CYCLE/SCOOTER-WITH SIDE CAR,0,0,0,1,0,0,0,0,0,0,0,0,1
2023,Delhi,WAZIRPUR - DL8( 17-SEP-2015 ),6,MOPED,0,0,0,0,0,0,0,0,0,0,0,1,1
2023,Delhi,WAZIRPUR - DL8( 17-SEP-2015 ),7,MOTOR CAR,"1,769","1,499","1,783","1,592","1,664","1,634","1,461","1,755","1,765","1,859","1,833","1,759","20,373"
2022,Delhi,BURARI AUTO UNIT - DL53( 08-APR-2016 ),1,MOTOR CAB,0,0,0,1,0,0,2,0,0,0,0,0,3
2022,Delhi,BURARI AUTO UNIT - DL53( 08-APR-2016 ),2,THREE WHEELER (PASSENGER),430,473,581,504,290,192,307,660,848,732,624,749,"6,390"
2022,Delhi,BURARI TAXI UNIT - DL52( 08-APR-2016 ),1,LUXURY CAB,0,0,0,0,0,0,0,0,0,0,0,1,1
2022,Delhi,BURARI TAXI UNIT - DL52( 08-APR-2016 ),2,MAXI CAB,0,0,0,32,17,0,0,0,0,0,0,0,49
2022,Delhi,BURARI TAXI UNIT - DL52( 08-APR-2016 ),3,MOTOR CAB,262,225,181,471,677,174,424,410,325,632,495,837,"5,113"
2022,Delhi,DWARKA - DL9( 28-JUL-2015 ),1,ADAPTED VEHICLE,3,2,0,1,3,0,3,1,5,4,0,4,26
2022,Delhi,DWARKA - DL9( 28-JUL-2015 ),2,E-RICKSHAW(P),55,40,84,19,20,71,159,46,119,183,61,87,944
2022,Delhi,DWARKA - DL9( 28-JUL-2015 ),3,E-RICKSHAW WITH CART (G),1,16,18,0,2,12,21,0,5,18,2,1,96
2022,Delhi,DWARKA - DL9( 28-JUL-2015 ),4,M-CYCLE/SCOOTER,"2,811","2,998","3,473","3,507","2,833","2,716","3,841","3,866","2,553","5,388","4,003","2,652","40,641"
2022,Delhi,DWARKA - DL9( 28-JUL-2015 ),5,M-CYCLE/SCOOTER-WITH SIDE CAR,1,0,0,0,0,0,1,0,0,6,0,0,8
2022,Delhi,DWARKA - DL9( 28-JUL-2015 ),6,MOPED,15,15,19,28,16,30,24,20,20,36,18,11,252
2022,Delhi,DWARKA - DL9( 28-JUL-2015 ),7,MOTOR CAR,"2,414","2,356","2,537","3,042","2,862","2,876","3,137","3,418","2,545","3,622","3,029","2,938","34,776"
2022,Delhi,I P ESTATE - DL2( 01-JUN-2015 ),1,ADAPTED VEHICLE,6,3,0,2,3,3,1,0,0,4,2,0,24
2022,Delhi,I P ESTATE - DL2( 01-JUN-2015 ),2,M-CYCLE/SCOOTER,48,289,606,708,418,186,186,184,473,"1,239",775,5,"5,117"
2022,Delhi,I P ESTATE - DL2( 01-JUN-2015 ),3,MOTOR CAR,659,640,555,632,596,569,577,579,490,730,585,621,"7,233"
2022,Delhi,JANAKPURI - DL4( 24-JUL-2015 ),1,ADAPTED VEHICLE,0,1,4,0,1,2,3,3,1,1,1,2,19
2022,Delhi,JANAKPURI - DL4( 24-JUL-2015 ),2,E-RICKSHAW(P),190,212,217,8,60,121,243,75,199,397,97,96,"1,915"
2022,Delhi,JANAKPURI - DL4( 24-JUL-2015 ),3,E-RICKSHAW WITH CART (G),41,62,75,1,21,31,52,0,30,78,7,8,406
2022,Delhi,JANAKPURI - DL4( 24-JUL-2015 ),4,M-CYCLE/SCOOTER,"2,590","2,558","3,001","2,964","2,818","2,709","3,041","3,055","2,683","5,045","3,357","1,893","35,714"
2022,Delhi,JANAKPURI - DL4( 24-JUL-2015 ),5,M-CYCLE/SCOOTER-WITH SIDE CAR,1,0,2,6,0,5,0,1,0,0,0,0,15
2022,Delhi,JANAKPURI - DL4( 24-JUL-2015 ),6,MOPED,21,27,18,34,28,31,29,27,20,0,0,0,235
2022,Delhi,JANAKPURI - DL4( 24-JUL-2015 ),7,MOTOR CAR,478,555,844,751,670,645,627,686,688,991,753,947,"8,635"
2022,Delhi,LONI ROAD - DL5( 09-SEP-2015 ),1,ADAPTED VEHICLE,0,0,0,0,0,0,0,1,0,0,0,3,4
2022,Delhi,LONI ROAD - DL5( 09-SEP-2015 ),2,E-RICKSHAW(P),115,150,153,13,66,122,179,28,85,227,50,78,"1,266"
2022,Delhi,LONI ROAD - DL5( 09-SEP-2015 ),3,E-RICKSHAW WITH CART (G),25,95,83,5,26,33,73,0,34,89,3,3,469
2022,Delhi,LONI ROAD - DL5( 09-SEP-2015 ),4,M-CYCLE/SCOOTER,"3,544","3,324","3,810","3,986","4,031","3,611","4,083","4,472","3,235","6,385","6,268","2,861","49,610"
2022,Delhi,LONI ROAD - DL5( 09-SEP-2015 ),5,M-CYCLE/SCOOTER-WITH SIDE CAR,2,0,0,1,0,1,2,1,3,5,4,2,21
2022,Delhi,LONI ROAD - DL5( 09-SEP-2015 ),6,MOPED,29,50,44,52,40,28,37,40,29,59,53,3,464
2022,Delhi,LONI ROAD - DL5( 09-SEP-2015 ),7,MOTOR CAR,"1,215",913,858,"1,023",976,"1,085","1,080",877,734,"1,121",946,810,"11,638"
2022,Delhi,LONI ROAD - DL5( 09-SEP-2015 ),8,MOTORISED CYCLE (CC > 25CC),1,0,0,0,1,0,0,0,0,0,4,0,6
2022,Delhi,MALL ROAD - DL1( 12-OCT-2015 ),1,ADAPTED VEHICLE,0,1,0,0,0,0,1,0,0,0,0,0,2
2022,Delhi,MALL ROAD - DL1( 12-OCT-2015 ),2,AGRICULTURAL TRACTOR,0,0,0,0,0,0,0,0,0,1,0,0,1
2022,Delhi,MALL ROAD - DL1( 12-OCT-2015 ),3,ARMOURED/SPECIALISED VEHICLE,0,0,0,0,0,15,0,0,0,0,0,0,15
2022,Delhi,MALL ROAD - DL1( 12-OCT-2015 ),4,E-RICKSHAW(P),1,0,0,0,0,0,0,0,0,7,1,0,9
2022,Delhi,MALL ROAD - DL1( 12-OCT-2015 ),5,E-RICKSHAW WITH CART (G),2,1,4,0,0,0,0,0,4,2,2,0,15
2022,Delhi,MALL ROAD - DL1( 12-OCT-2015 ),6,M-CYCLE/SCOOTER,407,553,565,865,491,327,420,420,417,821,835,391,"6,512"
2022,Delhi,MALL ROAD - DL1( 12-OCT-2015 ),7,M-CYCLE/SCOOTER-WITH SIDE CAR,0,0,0,0,0,0,0,0,0,0,1,0,1
2022,Delhi,MALL ROAD - DL1( 12-OCT-2015 ),8,MOTOR CAR,974,769,724,794,743,756,858,778,672,846,"1,039",831,"9,784"
2022,Delhi,MAYUR VIHAR  - DL7( 29-JUN-2015 ),1,E-RICKSHAW(P),46,71,99,8,38,83,132,44,115,155,70,75,936
2022,Delhi,MAYUR VIHAR  - DL7( 29-JUN-2015 ),2,E-RICKSHAW WITH CART (G),12,27,22,0,8,10,19,1,11,4,3,3,120
2022,Delhi,MAYUR VIHAR  - DL7( 29-JUN-2015 ),3,M-CYCLE/SCOOTER,"1,314","1,411","1,482","1,598","1,661","1,686","1,828","1,769","1,348","2,670","2,760","1,274","20,801"
2022,Delhi,MAYUR VIHAR  - DL7( 29-JUN-2015 ),4,MOPED,0,0,0,1,0,0,0,0,0,0,2,0,3
2022,Delhi,MAYUR VIHAR  - DL7( 29-JUN-2015 ),5,MOTOR CAR,897,707,817,940,"1,054","1,014","1,029","1,053",864,"1,079","1,186",995,"11,635"
2022,Delhi,RAJOURI GARDEN - DL10( 12-AUG-2015 ),1,ADAPTED VEHICLE,0,0,1,0,2,0,2,0,0,2,0,2,9
2022,Delhi,RAJOURI GARDEN - DL10( 12-AUG-2015 ),2,E-RICKSHAW(P),35,45,59,1,11,20,56,8,49,78,8,19,389
2022,Delhi,RAJOURI GARDEN - DL10( 12-AUG-2015 ),3,E-RICKSHAW WITH CART (G),11,14,27,1,0,6,24,1,10,17,2,2,115
2022,Delhi,RAJOURI GARDEN - DL10( 12-AUG-2015 ),4,M-CYCLE/SCOOTER,852,843,908,"1,190","1,099","1,116","1,073","1,095",960,"1,945","1,423","1,638","14,142"
2022,Delhi,RAJOURI GARDEN - DL10( 12-AUG-2015 ),5,MOTOR CAR,"1,282","1,180","1,333","1,563","1,399","1,490","1,471","1,641","1,458","1,878","1,439","1,535","17,669"
2022,Delhi,RAJPUR ROAD/VIU BURARI - DL51( 08-APR-2016 ),1,AMBULANCE,21,10,6,8,3,3,4,4,5,3,3,2,72
2022,Delhi,RAJPUR ROAD/VIU BURARI - DL51( 08-APR-2016 ),2,BUS,43,122,64,176,129,97,127,99,89,82,63,56,"1,147"
2022,Delhi,RAJPUR ROAD/VIU BURARI - DL51( 08-APR-2016 ),3,CASH VAN,0,5,1,2,4,0,0,0,8,0,0,0,20
2022,Delhi,RAJPUR ROAD/VIU BURARI - DL51( 08-APR-2016 ),4,EDUCATIONAL INSTITUTION BUS,0,0,2,2,0,0,0,1,0,1,0,0,6
2022,Delhi,RAJPUR ROAD/VIU BURARI - DL51( 08-APR-2016 ),5,FIRE FIGHTING VEHICLE,0,0,0,1,0,0,0,0,0,0,0,0,1
2022,Delhi,RAJPUR ROAD/VIU BURARI - DL51( 08-APR-2016 ),6,FIRE TENDERS,0,0,0,0,0,0,0,1,0,0,0,0,1
2022,Delhi,RAJPUR ROAD/VIU BURARI - DL51( 08-APR-2016 ),7,GOODS CARRIER,"2,146","2,070","2,506","2,538","1,852","1,994","1,991","2,189","2,219","2,171","2,266","1,827","25,769"
2022,Delhi,RAJPUR ROAD/VIU BURARI - DL51( 08-APR-2016 ),8,MOBILE CLINIC,0,0,1,1,0,1,0,0,1,0,1,0,5
2022,Delhi,RAJPUR ROAD/VIU BURARI - DL51( 08-APR-2016 ),9,THREE WHEELER (GOODS),303,418,555,356,462,357,412,407,460,677,993,"1,171","6,571"
2022,Delhi,ROHINI - DL11( 14-AUG-2015 ),1,E-RICKSHAW(P),274,342,425,27,105,225,452,98,343,722,180,233,"3,426"
2022,Delhi,ROHINI - DL11( 14-AUG-2015 ),2,E-RICKSHAW WITH CART (G),51,116,147,2,26,132,192,3,55,156,13,24,917
2022,Delhi,ROHINI - DL11( 14-AUG-2015 ),3,M-CYCLE/SCOOTER,"2,341","2,617","2,689","3,266","2,901","2,679","3,077","3,016","2,494","5,663","4,008","1,883","36,634"
2022,Delhi,ROHINI - DL11( 14-AUG-2015 ),4,M-CYCLE/SCOOTER-WITH SIDE CAR,0,1,0,1,0,0,0,1,0,1,1,1,6
2022,Delhi,ROHINI - DL11( 14-AUG-2015 ),5,MOTOR CAR,578,531,500,883,660,628,690,695,609,731,619,575,"7,699"
2022,Delhi,SARAI KALE KHAN - DL6( 10-SEP-2015 ),1,E-RICKSHAW(P),26,34,47,3,17,40,92,13,58,119,49,45,543
2022,Delhi,SARAI KALE KHAN - DL6( 10-SEP-2015 ),2,E-RICKSHAW WITH CART (G),5,3,10,0,3,6,8,0,3,9,0,0,47
2022,Delhi,SARAI KALE KHAN - DL6( 10-SEP-2015 ),3,M-CYCLE/SCOOTER,"1,311","1,332","1,313","1,789","1,540","1,379","1,591","1,536","1,333","2,731","1,922","1,058","18,835"
2022,Delhi,SARAI KALE KHAN - DL6( 10-SEP-2015 ),4,M-CYCLE/SCOOTER-WITH SIDE CAR,0,0,0,0,0,0,0,0,2,0,0,0,2
2022,Delhi,SARAI KALE KHAN - DL6( 10-SEP-2015 ),5,MOTOR CAR,223,207,147,96,91,88,105,87,88,87,106,138,"1,463"
2022,Delhi,SOUTH DELHI - DL3( 15-SEP-2015 ),1,ADAPTED VEHICLE,1,3,1,0,1,2,3,2,2,1,2,0,18
2022,Delhi,SOUTH DELHI - DL3( 15-SEP-2015 ),2,E-RICKSHAW(P),24,25,29,2,17,36,31,28,37,74,60,64,427
2022,Delhi,SOUTH DELHI - DL3( 15-SEP-2015 ),3,E-RICKSHAW WITH CART (G),5,9,2,0,0,3,4,0,0,0,0,0,23
2022,Delhi,SOUTH DELHI - DL3( 15-SEP-2015 ),4,M-CYCLE/SCOOTER,"4,428","4,472","5,080","5,933","5,325","5,584","5,765","6,358","4,658","9,278","8,091","3,892","68,864"
2022,Delhi,SOUTH DELHI - DL3( 15-SEP-2015 ),5,M-CYCLE/SCOOTER-WITH SIDE CAR,0,0,1,0,0,3,0,0,0,1,0,0,5
2022,Delhi,SOUTH DELHI - DL3( 15-SEP-2015 ),6,MOPED,0,0,0,0,0,0,0,0,0,1,0,0,1
2022,Delhi,SOUTH DELHI - DL3( 15-SEP-2015 ),7,MOTOR CAR,"1,952","1,622","1,797","1,925","1,939","2,072","2,058","2,129","1,883","2,425","2,076","1,949","23,827"
2022,Delhi,SURAJMAL VIHAR - DL13( 26-JUN-2015 ),1,ADAPTED VEHICLE,0,2,1,0,0,0,0,1,0,2,1,0,7
2022,Delhi,SURAJMAL VIHAR - DL13( 26-JUN-2015 ),2,E-RICKSHAW(P),70,58,59,11,33,64,94,41,77,119,106,84,816
2022,Delhi,SURAJMAL VIHAR - DL13( 26-JUN-2015 ),3,E-RICKSHAW WITH CART (G),14,22,30,1,9,22,26,0,11,18,3,0,156
2022,Delhi,SURAJMAL VIHAR - DL13( 26-JUN-2015 ),4,M-CYCLE/SCOOTER,"1,744","1,727","2,092","2,228","2,089","1,877","1,984","1,991","1,902","3,868","2,558","1,349","25,409"
2022,Delhi,SURAJMAL VIHAR - DL13( 26-JUN-2015 ),5,M-CYCLE/SCOOTER-WITH SIDE CAR,0,1,0,0,0,0,0,0,2,0,0,1,4
2022,Delhi,SURAJMAL VIHAR - DL13( 26-JUN-2015 ),6,MOTOR CAR,562,646,726,"1,065","1,046","1,082",960,"1,036",836,"1,139",923,837,"10,858"
2022,Delhi,VASANT VIHAR - DL12( 01-JUN-2015 ),1,ADAPTED VEHICLE,0,0,1,1,1,0,0,0,0,1,0,0,4
2022,Delhi,VASANT VIHAR - DL12( 01-JUN-2015 ),2,E-RICKSHAW(P),2,0,2,0,0,0,0,0,0,0,0,0,4
2022,Delhi,VASANT VIHAR - DL12( 01-JUN-2015 ),3,E-RICKSHAW WITH CART (G),0,0,0,0,0,1,1,0,0,0,0,0,2
2022,Delhi,VASANT VIHAR - DL12( 01-JUN-2015 ),4,M-CYCLE/SCOOTER,549,546,733,893,663,686,738,916,686,"1,076","1,224",979,"9,689"
2022,Delhi,VASANT VIHAR - DL12( 01-JUN-2015 ),5,MOTOR CAR,850,964,"1,026","1,139","1,064","1,133","1,586","1,471","1,353","1,561","1,331","1,263","14,741"
2022,Delhi,WAZIRPUR - DL8( 17-SEP-2015 ),1,ADAPTED VEHICLE,3,2,5,3,3,1,0,1,0,2,2,3,25
2022,Delhi,WAZIRPUR - DL8( 17-SEP-2015 ),2,E-RICKSHAW(P),184,195,245,6,83,174,309,80,340,680,252,388,"2,936"
2022,Delhi,WAZIRPUR - DL8( 17-SEP-2015 ),3,E-RICKSHAW WITH CART (G),27,46,66,4,12,37,62,2,49,106,12,25,448
2022,Delhi,WAZIRPUR - DL8( 17-SEP-2015 ),4,M-CYCLE/SCOOTER,"2,589","2,641","3,014","3,154","2,925","3,019","2,934","3,106","2,595","4,486","4,386","1,882","36,731"
2022,Delhi,WAZIRPUR - DL8( 17-SEP-2015 ),5,M-CYCLE/SCOOTER-WITH SIDE CAR,1,0,0,0,0,1,1,0,0,1,0,0,4
2022,Delhi,WAZIRPUR - DL8( 17-SEP-2015 ),6,MOPED,15,9,21,18,17,22,1,0,0,0,0,0,103
2022,Delhi,WAZIRPUR - DL8( 17-SEP-2015 ),7,MOTOR CAR,"1,312","1,286","1,336","1,484","1,413","1,291","1,451","1,455","1,534","1,772","1,421","1,224","16,979"
2021,Delhi,BURARI AUTO UNIT - DL53( 08-APR-2016 ),1,THREE WHEELER (PASSENGER),372,599,619,344,0,170,459,409,536,360,375,560,"4,803"
2021,Delhi,BURARI TAXI UNIT - DL52( 08-APR-2016 ),1,MAXI CAB,0,0,1,0,0,0,0,0,0,0,0,0,1
2021,Delhi,BURARI TAXI UNIT - DL52( 08-APR-2016 ),2,MOTOR CAB,88,84,213,56,0,38,70,51,144,135,101,195,"1,175"
2021,Delhi,DWARKA - DL9( 28-JUL-2015 ),1,ADAPTED VEHICLE,0,2,3,0,0,1,0,0,1,2,1,2,12
2021,Delhi,DWARKA - DL9( 28-JUL-2015 ),2,E-RICKSHAW(P),59,68,72,36,0,9,37,45,53,100,95,110,684
2021,Delhi,DWARKA - DL9( 28-JUL-2015 ),3,E-RICKSHAW WITH CART (G),22,25,3,0,0,0,0,25,7,19,10,10,121
2021,Delhi,DWARKA - DL9( 28-JUL-2015 ),4,M-CYCLE/SCOOTER,"2,937","3,046","3,506","1,599",2,"1,929","2,890","3,015","1,917","2,777","3,910","2,313","29,841"
2021,Delhi,DWARKA - DL9( 28-JUL-2015 ),5,M-CYCLE/SCOOTER-WITH SIDE CAR,0,0,1,0,0,0,2,0,0,0,0,0,3
2021,Delhi,DWARKA - DL9( 28-JUL-2015 ),6,MOPED,32,18,14,15,0,30,23,19,10,28,22,9,220
2021,Delhi,DWARKA - DL9( 28-JUL-2015 ),7,MOTOR CAR,"2,043","1,672","1,972",947,0,"1,637","1,984","1,564","1,009","2,043","1,860","2,060","18,791"
2021,Delhi,I P ESTATE - DL2( 01-JUN-2015 ),1,ADAPTED VEHICLE,0,0,0,0,0,3,3,0,2,3,3,4,18
2021,Delhi,I P ESTATE - DL2( 01-JUN-2015 ),2,M-CYCLE/SCOOTER,22,1,1,3,0,6,36,29,2,4,4,3,111
2021,Delhi,I P ESTATE - DL2( 01-JUN-2015 ),3,MOTOR CAR,"1,185",688,859,362,0,609,"1,073",779,358,558,496,669,"7,636"
2021,Delhi,JANAKPURI - DL4( 24-JUL-2015 ),1,ADAPTED VEHICLE,0,0,0,0,0,3,0,1,1,1,1,1,8
2021,Delhi,JANAKPURI - DL4( 24-JUL-2015 ),2,E-RICKSHAW(P),152,136,189,113,0,65,156,171,292,292,303,374,"2,243"
2021,Delhi,JANAKPURI - DL4( 24-JUL-2015 ),3,E-RICKSHAW WITH CART (G),33,24,44,24,0,12,46,41,41,45,63,43,416
2021,Delhi,JANAKPURI - DL4( 24-JUL-2015 ),4,M-CYCLE/SCOOTER,"2,910","2,500","2,649","1,201",9,"1,964","2,010","2,428","1,623","2,727","3,693","1,161","24,875"
2021,Delhi,JANAKPURI - DL4( 24-JUL-2015 ),5,M-CYCLE/SCOOTER-WITH SIDE CAR,1,1,0,1,0,0,1,0,0,0,16,22,42
2021,Delhi,JANAKPURI - DL4( 24-JUL-2015 ),6,MOPED,36,41,28,13,0,14,39,40,24,38,45,17,335
2021,Delhi,JANAKPURI - DL4( 24-JUL-2015 ),7,MOTOR CAR,439,493,490,154,1,524,521,424,335,642,426,553,"5,002"
2021,Delhi,LONI ROAD - DL5( 09-SEP-2015 ),1,E-RICKSHAW(P),136,130,137,88,0,47,117,127,144,147,178,156,"1,407"
2021,Delhi,LONI ROAD - DL5( 09-SEP-2015 ),2,E-RICKSHAW WITH CART (G),82,88,114,51,0,35,83,68,83,75,57,70,806
2021,Delhi,LONI ROAD - DL5( 09-SEP-2015 ),3,M-CYCLE/SCOOTER,"5,121","4,039","4,933","1,961",8,"3,454","3,633","3,439","2,254","3,027","4,843","2,547","39,259"
2021,Delhi,LONI ROAD - DL5( 09-SEP-2015 ),4,M-CYCLE/SCOOTER-WITH SIDE CAR,0,2,3,1,0,0,0,2,1,0,2,0,11
2021,Delhi,LONI ROAD - DL5( 09-SEP-2015 ),5,MOPED,67,42,38,24,0,32,52,67,43,58,57,23,503
2021,Delhi,LONI ROAD - DL5( 09-SEP-2015 ),6,MOTOR CAR,"1,613","1,218","1,269",820,0,"1,250","1,254","1,159",840,964,"1,128",891,"12,406"
2021,Delhi,LONI ROAD - DL5( 09-SEP-2015 ),7,MOTORISED CYCLE (CC > 25CC),0,0,0,1,0,0,0,0,0,0,0,0,1
2021,Delhi,MALL ROAD - DL1( 12-OCT-2015 ),1,ADAPTED VEHICLE,0,0,0,0,0,1,0,0,2,1,0,0,4
2021,Delhi,MALL ROAD - DL1( 12-OCT-2015 ),2,AGRICULTURAL TRACTOR,1,0,1,1,0,0,0,2,0,0,0,0,5
2021,Delhi,MALL ROAD - DL1( 12-OCT-2015 ),3,E-RICKSHAW(P),0,0,0,0,0,1,0,1,2,1,4,7,16
2021,Delhi,MALL ROAD - DL1( 12-OCT-2015 ),4,E-RICKSHAW WITH CART (G),2,0,2,2,0,1,1,2,3,2,1,0,16
2021,Delhi,MALL ROAD - DL1( 12-OCT-2015 ),5,M-CYCLE/SCOOTER,628,614,585,326,0,338,255,498,389,445,747,394,"5,219"
2021,Delhi,MALL ROAD - DL1( 12-OCT-2015 ),6,M-CYCLE/SCOOTER-WITH SIDE CAR,0,0,0,1,0,1,0,0,0,0,0,0,2
2021,Delhi,MALL ROAD - DL1( 12-OCT-2015 ),7,MOTOR CAR,"1,586","1,428","1,650",737,10,883,891,757,724,808,680,818,"10,972"
2021,Delhi,MALL ROAD - DL1( 12-OCT-2015 ),8,MOTORISED CYCLE (CC > 25CC),0,0,0,0,0,0,0,0,0,1,0,0,1
2021,Delhi,MAYUR VIHAR  - DL7( 29-JUN-2015 ),1,E-RICKSHAW(P),39,49,67,28,0,18,56,55,79,83,95,101,670
2021,Delhi,MAYUR VIHAR  - DL7( 29-JUN-2015 ),2,E-RICKSHAW WITH CART (G),12,16,15,4,0,10,14,13,19,10,5,12,130
2021,Delhi,MAYUR VIHAR  - DL7( 29-JUN-2015 ),3,M-CYCLE/SCOOTER,"1,135",977,"1,232",629,2,964,"1,079",905,637,987,"1,333","1,042","10,922"
2021,Delhi,MAYUR VIHAR  - DL7( 29-JUN-2015 ),4,MOTOR CAR,804,726,782,437,0,911,821,638,499,473,642,694,"7,427"
2021,Delhi,RAJOURI GARDEN - DL10( 12-AUG-2015 ),1,ADAPTED VEHICLE,4,0,1,0,0,4,1,1,2,0,0,0,13
2021,Delhi,RAJOURI GARDEN - DL10( 12-AUG-2015 ),2,E-RICKSHAW(P),48,47,39,22,0,2,45,41,79,85,73,89,570
2021,Delhi,RAJOURI GARDEN - DL10( 12-AUG-2015 ),3,E-RICKSHAW WITH CART (G),23,18,20,16,0,18,48,55,31,21,19,22,291
2021,Delhi,RAJOURI GARDEN - DL10( 12-AUG-2015 ),4,M-CYCLE/SCOOTER,"1,370","1,234","1,481",787,0,"1,111","1,082","1,455",787,"1,191","1,613",734,"12,845"
2021,Delhi,RAJOURI GARDEN - DL10( 12-AUG-2015 ),5,MOTOR CAR,"1,332","1,345","1,466",897,7,"1,491","1,658","1,564","1,075","1,486","1,267","1,439","15,027"
2021,Delhi,RAJPUR ROAD/VIU BURARI - DL51( 08-APR-2016 ),1,AMBULANCE,4,1,3,0,1,20,4,3,2,21,3,15,77
2021,Delhi,RAJPUR ROAD/VIU BURARI - DL51( 08-APR-2016 ),2,ANIMAL AMBULANCE,0,1,2,0,0,0,0,1,0,0,0,0,4
2021,Delhi,RAJPUR ROAD/VIU BURARI - DL51( 08-APR-2016 ),3,BUS,97,0,2,2,0,42,59,11,3,3,8,78,305
2021,Delhi,RAJPUR ROAD/VIU BURARI - DL51( 08-APR-2016 ),4,CASH VAN,0,0,0,0,0,0,0,0,40,6,25,0,71
2021,Delhi,RAJPUR ROAD/VIU BURARI - DL51( 08-APR-2016 ),5,FIRE FIGHTING VEHICLE,0,0,0,0,10,14,0,0,0,0,0,0,24
2021,Delhi,RAJPUR ROAD/VIU BURARI - DL51( 08-APR-2016 ),6,GOODS CARRIER,"1,599","1,881","2,120","1,122",0,"1,111","1,729","1,415","2,273","1,915","1,971","1,749","18,885"
2021,Delhi,RAJPUR ROAD/VIU BURARI - DL51( 08-APR-2016 ),7,MOBILE CLINIC,0,0,1,0,0,0,0,0,1,0,1,0,3
2021,Delhi,RAJPUR ROAD/VIU BURARI - DL51( 08-APR-2016 ),8,THREE WHEELER (GOODS),147,239,277,130,0,250,330,302,354,367,396,286,"3,078"
2021,Delhi,ROHINI - DL11( 14-AUG-2015 ),1,E-RICKSHAW(P),173,201,274,139,0,87,266,263,380,476,457,512,"3,228"
2021,Delhi,ROHINI - DL11( 14-AUG-2015 ),2,E-RICKSHAW WITH CART (G),54,50,103,33,0,28,87,59,83,64,69,71,701
2021,Delhi,ROHINI - DL11( 14-AUG-2015 ),3,M-CYCLE/SCOOTER,"2,808","2,288","3,068","1,489",0,"2,474","2,485","2,452","1,744","2,795","4,238","1,812","27,653"
2021,Delhi,ROHINI - DL11( 14-AUG-2015 ),4,M-CYCLE/SCOOTER-WITH SIDE CAR,0,0,0,0,0,0,0,0,0,0,1,0,1
2021,Delhi,ROHINI - DL11( 14-AUG-2015 ),5,MOTOR CAR,464,486,436,271,1,373,418,743,433,494,472,504,"5,095"
2021,Delhi,SARAI KALE KHAN - DL6( 10-SEP-2015 ),1,ADAPTED VEHICLE,0,0,0,0,0,0,0,0,1,0,0,0,1
2021,Delhi,SARAI KALE KHAN - DL6( 10-SEP-2015 ),2,E-RICKSHAW(P),23,20,27,18,0,6,15,26,32,27,15,46,255
2021,Delhi,SARAI KALE KHAN - DL6( 10-SEP-2015 ),3,E-RICKSHAW WITH CART (G),3,8,15,4,0,3,10,4,5,5,3,4,64
2021,Delhi,SARAI KALE KHAN - DL6( 10-SEP-2015 ),4,M-CYCLE/SCOOTER,"1,762","1,728","2,085",852,0,"1,289","1,666","1,612",971,"1,514","2,108",967,"16,554"
2021,Delhi,SARAI KALE KHAN - DL6( 10-SEP-2015 ),5,MOTOR CAR,606,444,527,251,0,379,765,481,258,341,314,237,"4,603"
2021,Delhi,SOUTH DELHI - DL3( 15-SEP-2015 ),1,ADAPTED VEHICLE,0,1,1,0,0,2,3,2,1,0,1,1,12
2021,Delhi,SOUTH DELHI - DL3( 15-SEP-2015 ),2,E-RICKSHAW(P),14,9,14,9,0,4,11,10,21,27,33,38,190
2021,Delhi,SOUTH DELHI - DL3( 15-SEP-2015 ),3,E-RICKSHAW WITH CART (G),0,1,3,0,0,9,3,1,4,0,6,2,29
2021,Delhi,SOUTH DELHI - DL3( 15-SEP-2015 ),4,M-CYCLE/SCOOTER,"5,486","4,974","6,110","2,757",2,"4,285","5,182","5,040","3,592","5,319","7,490","3,681","53,918"
2021,Delhi,SOUTH DELHI - DL3( 15-SEP-2015 ),5,M-CYCLE/SCOOTER-WITH SIDE CAR,2,0,0,0,0,0,0,0,1,1,0,0,4
2021,Delhi,SOUTH DELHI - DL3( 15-SEP-2015 ),6,MOPED,0,1,1,0,0,0,1,0,0,2,0,0,5
2021,Delhi,SOUTH DELHI - DL3( 15-SEP-2015 ),7,MOTOR CAR,"1,794","1,725","1,929",997,0,"1,759","1,997","1,929","1,309","1,672","1,616","1,880","18,607"
2021,Delhi,SURAJMAL VIHAR - DL13( 26-JUN-2015 ),1,ADAPTED VEHICLE,0,0,1,0,0,1,0,1,1,0,1,1,6
2021,Delhi,SURAJMAL VIHAR - DL13( 26-JUN-2015 ),2,E-RICKSHAW(P),35,24,47,23,1,5,34,42,34,56,67,76,444
2021,Delhi,SURAJMAL VIHAR - DL13( 26-JUN-2015 ),3,E-RICKSHAW WITH CART (G),13,14,21,6,1,10,18,11,15,18,15,18,160
2021,Delhi,SURAJMAL VIHAR - DL13( 26-JUN-2015 ),4,M-CYCLE/SCOOTER,"1,702","1,623","1,900",738,0,"1,397","1,573","1,456","1,267","2,072","2,914","1,191","17,833"
2021,Delhi,SURAJMAL VIHAR - DL13( 26-JUN-2015 ),5,M-CYCLE/SCOOTER-WITH SIDE CAR,2,0,0,0,0,0,0,2,2,1,2,2,11
2021,Delhi,SURAJMAL VIHAR - DL13( 26-JUN-2015 ),6,MOTOR CAR,465,440,544,257,0,422,478,394,346,639,522,552,"5,059"
2021,Delhi,VASANT VIHAR - DL12( 01-JUN-2015 ),1,E-RICKSHAW(P),0,0,0,0,0,0,0,0,2,3,1,0,6
2021,Delhi,VASANT VIHAR - DL12( 01-JUN-2015 ),2,E-RICKSHAW WITH CART (G),0,0,1,0,0,0,0,0,1,2,1,1,6
2021,Delhi,VASANT VIHAR - DL12( 01-JUN-2015 ),3,M-CYCLE/SCOOTER,522,570,697,323,0,443,542,512,315,518,780,515,"5,737"
2021,Delhi,VASANT VIHAR - DL12( 01-JUN-2015 ),4,M-CYCLE/SCOOTER-WITH SIDE CAR,0,0,0,0,0,0,0,1,0,1,0,0,2
2021,Delhi,VASANT VIHAR - DL12( 01-JUN-2015 ),5,MOTOR CAR,"1,217","1,212","1,278",579,0,842,"1,008","1,002",736,"1,165",839,943,"10,821"
2021,Delhi,WAZIRPUR - DL8( 17-SEP-2015 ),1,ADAPTED VEHICLE,2,2,1,2,0,1,3,0,0,1,1,2,15
2021,Delhi,WAZIRPUR - DL8( 17-SEP-2015 ),2,E-RICKSHAW(P),123,158,202,113,0,54,147,186,227,272,250,300,"2,032"
2021,Delhi,WAZIRPUR - DL8( 17-SEP-2015 ),3,E-RICKSHAW WITH CART (G),47,46,57,18,0,15,61,44,39,66,29,49,471
2021,Delhi,WAZIRPUR - DL8( 17-SEP-2015 ),4,M-CYCLE/SCOOTER,"3,094","3,062","3,489","1,504",0,"2,418","2,375","3,049","1,747","2,541","3,852","2,242","29,373"
2021,Delhi,WAZIRPUR - DL8( 17-SEP-2015 ),5,M-CYCLE/SCOOTER-WITH SIDE CAR,0,0,0,0,0,1,1,0,0,1,0,0,3
2021,Delhi,WAZIRPUR - DL8( 17-SEP-2015 ),6,MOPED,29,22,35,5,0,32,28,51,19,40,39,13,313
2021,Delhi,WAZIRPUR - DL8( 17-SEP-2015 ),7,MOTOR CAR,"2,346","1,974","2,194","1,309",2,"1,791","2,093","1,692","1,110","1,456","1,417","1,189","18,573"
2020,Delhi,BURARI AUTO UNIT - DL53( 08-APR-2016 ),1,MOTOR CAB,1,0,1,2,0,0,0,0,0,0,0,0,4
2020,Delhi,BURARI AUTO UNIT - DL53( 08-APR-2016 ),2,THREE WHEELER (PASSENGER),373,431,299,18,1,54,129,290,213,28,0,0,"1,836"
2020,Delhi,BURARI TAXI UNIT - DL52( 08-APR-2016 ),1,MAXI CAB,0,0,1,2,0,0,0,0,0,0,0,0,3
2020,Delhi,BURARI TAXI UNIT - DL52( 08-APR-2016 ),2,MOTOR CAB,851,644,233,1,25,66,56,45,36,47,46,70,"2,120"
2020,Delhi,DWARKA - DL9( 28-JUL-2015 ),1,ADAPTED VEHICLE,0,2,0,0,0,0,1,0,0,1,0,2,6
2020,Delhi,DWARKA - DL9( 28-JUL-2015 ),2,E-RICKSHAW(P),180,110,69,0,2,6,17,22,23,25,39,38,531
2020,Delhi,DWARKA - DL9( 28-JUL-2015 ),3,E-RICKSHAW WITH CART (G),4,1,2,0,0,15,2,22,1,12,35,60,154
2020,Delhi,DWARKA - DL9( 28-JUL-2015 ),4,M-CYCLE/SCOOTER,"3,109","3,004","2,404",7,825,"2,916","2,977","2,602","2,314","3,078","4,206","1,820","29,262"
2020,Delhi,DWARKA - DL9( 28-JUL-2015 ),5,M-CYCLE/SCOOTER-WITH SIDE CAR,0,0,0,0,0,0,1,1,0,0,0,0,2
2020,Delhi,DWARKA - DL9( 28-JUL-2015 ),6,MOPED,26,25,9,0,12,28,15,25,14,26,22,12,214
2020,Delhi,DWARKA - DL9( 28-JUL-2015 ),7,MOTOR CAR,"1,351","1,116",697,14,197,"1,107","1,324","1,495","1,103","2,221","2,113","1,724","14,462"
2020,Delhi,I P ESTATE - DL2( 01-JUN-2015 ),1,ADAPTED VEHICLE,0,1,1,0,0,0,0,0,0,0,0,0,2
2020,Delhi,I P ESTATE - DL2( 01-JUN-2015 ),2,M-CYCLE/SCOOTER,90,112,92,46,15,35,55,28,75,43,77,112,780
2020,Delhi,I P ESTATE - DL2( 01-JUN-2015 ),3,MOTOR CAR,"1,679","1,125",755,16,162,817,"1,070","1,085",752,"1,309","1,527","1,283","11,580"
2020,Delhi,JANAKPURI - DL4( 24-JUL-2015 ),1,ADAPTED VEHICLE,0,0,0,0,0,0,1,0,0,0,0,0,1
2020,Delhi,JANAKPURI - DL4( 24-JUL-2015 ),2,E-RICKSHAW(P),561,494,307,0,19,100,138,126,147,158,159,154,"2,363"
2020,Delhi,JANAKPURI - DL4( 24-JUL-2015 ),3,E-RICKSHAW WITH CART (G),52,38,44,0,1,28,40,36,64,81,47,28,459
2020,Delhi,JANAKPURI - DL4( 24-JUL-2015 ),4,M-CYCLE/SCOOTER,"4,072","2,963","2,695",61,"1,093","3,160","3,332","3,453","2,470","3,425","4,304","1,648","32,676"
2020,Delhi,JANAKPURI - DL4( 24-JUL-2015 ),5,M-CYCLE/SCOOTER-WITH SIDE CAR,1,0,0,0,0,0,1,0,0,1,0,0,3
2020,Delhi,JANAKPURI - DL4( 24-JUL-2015 ),6,MOPED,31,35,14,1,6,36,20,28,20,38,34,18,281
2020,Delhi,JANAKPURI - DL4( 24-JUL-2015 ),7,MOTOR CAR,519,461,198,0,44,240,333,398,160,316,464,635,"3,768"
2020,Delhi,LONI ROAD - DL5( 09-SEP-2015 ),1,ADAPTED VEHICLE,3,0,0,0,0,0,1,0,0,1,0,1,6
2020,Delhi,LONI ROAD - DL5( 09-SEP-2015 ),2,E-RICKSHAW(P),238,187,132,0,3,15,41,64,41,78,116,128,"1,043"
2020,Delhi,LONI ROAD - DL5( 09-SEP-2015 ),3,E-RICKSHAW WITH CART (G),136,85,39,0,3,18,50,86,45,74,114,66,716
2020,Delhi,LONI ROAD - DL5( 09-SEP-2015 ),4,M-CYCLE/SCOOTER,"5,737","4,067","3,432",109,"1,061","3,975","4,065","3,601","2,849","4,277","7,161","2,617","42,951"
2020,Delhi,LONI ROAD - DL5( 09-SEP-2015 ),5,M-CYCLE/SCOOTER-WITH SIDE CAR,3,3,0,0,1,1,2,1,1,0,2,1,15
2020,Delhi,LONI ROAD - DL5( 09-SEP-2015 ),6,MOPED,91,50,35,0,19,63,66,52,55,54,64,19,568
2020,Delhi,LONI ROAD - DL5( 09-SEP-2015 ),7,MOTOR CAR,"1,375",960,635,9,199,647,813,780,624,"1,012","1,377",970,"9,401"
2020,Delhi,LONI ROAD - DL5( 09-SEP-2015 ),8,MOTORISED CYCLE (CC > 25CC),0,0,0,0,0,0,0,1,0,0,1,0,2
2020,Delhi,MALL ROAD - DL1( 12-OCT-2015 ),1,ADAPTED VEHICLE,2,0,1,0,0,0,3,2,1,1,1,1,12
2020,Delhi,MALL ROAD - DL1( 12-OCT-2015 ),2,AGRICULTURAL TRACTOR,0,3,6,0,0,0,0,0,0,2,1,0,12
2020,Delhi,MALL ROAD - DL1( 12-OCT-2015 ),3,E-RICKSHAW(P),0,1,1,0,1,60,0,0,1,1,3,0,68
2020,Delhi,MALL ROAD - DL1( 12-OCT-2015 ),4,E-RICKSHAW WITH CART (G),3,1,0,0,0,0,3,3,0,1,0,6,17
2020,Delhi,MALL ROAD - DL1( 12-OCT-2015 ),5,M-CYCLE/SCOOTER,815,"1,234","1,855",58,71,355,409,676,415,590,691,470,"7,639"
2020,Delhi,MALL ROAD - DL1( 12-OCT-2015 ),6,M-CYCLE/SCOOTER-WITH SIDE CAR,0,0,0,0,0,1,0,0,0,0,0,0,1
2020,Delhi,MALL ROAD - DL1( 12-OCT-2015 ),7,MOPED,0,0,0,0,0,0,0,0,0,0,0,1,1
2020,Delhi,MALL ROAD - DL1( 12-OCT-2015 ),8,MOTOR CAR,"1,583","1,189",778,30,233,813,"1,032","1,190","1,267","1,684","1,529","1,355","12,683"
2020,Delhi,MAYUR VIHAR  - DL7( 29-JUN-2015 ),1,E-RICKSHAW(P),81,67,52,0,3,2,6,10,14,30,30,31,326
2020,Delhi,MAYUR VIHAR  - DL7( 29-JUN-2015 ),2,E-RICKSHAW WITH CART (G),14,10,9,0,0,1,1,10,7,7,17,15,91
2020,Delhi,MAYUR VIHAR  - DL7( 29-JUN-2015 ),3,M-CYCLE/SCOOTER,931,"1,215",850,42,210,913,994,"1,079",798,"1,121","1,469",621,"10,243"
2020,Delhi,MAYUR VIHAR  - DL7( 29-JUN-2015 ),4,M-CYCLE/SCOOTER-WITH SIDE CAR,1,0,1,0,4,1,1,1,0,0,0,0,9
2020,Delhi,MAYUR VIHAR  - DL7( 29-JUN-2015 ),5,MOPED,2,0,0,0,0,2,0,0,0,0,0,0,4
2020,Delhi,MAYUR VIHAR  - DL7( 29-JUN-2015 ),6,MOTOR CAR,726,382,308,18,75,270,346,413,317,464,606,563,"4,488"
2020,Delhi,RAJOURI GARDEN - DL10( 12-AUG-2015 ),1,ADAPTED VEHICLE,1,1,1,0,0,0,0,0,0,0,0,0,3
2020,Delhi,RAJOURI GARDEN - DL10( 12-AUG-2015 ),2,E-RICKSHAW(P),125,112,37,0,20,22,22,20,22,25,55,40,500
2020,Delhi,RAJOURI GARDEN - DL10( 12-AUG-2015 ),3,E-RICKSHAW WITH CART (G),4,4,5,0,1,4,7,8,7,11,22,12,85
2020,Delhi,RAJOURI GARDEN - DL10( 12-AUG-2015 ),4,M-CYCLE/SCOOTER,"1,269","1,254",684,49,185,495,"1,066","1,130",972,"1,148","1,955",712,"10,919"
2020,Delhi,RAJOURI GARDEN - DL10( 12-AUG-2015 ),5,M-CYCLE/SCOOTER-WITH SIDE CAR,0,5,0,0,0,0,0,0,0,0,0,0,5
2020,Delhi,RAJOURI GARDEN - DL10( 12-AUG-2015 ),6,MOTOR CAR,"1,399",945,575,17,135,414,471,631,538,"1,037","1,347","1,349","8,858"
2020,Delhi,RAJPUR ROAD/VIU BURARI - DL51( 08-APR-2016 ),1,AMBULANCE,4,3,5,3,0,1,1,1,1,0,3,3,25
2020,Delhi,RAJPUR ROAD/VIU BURARI - DL51( 08-APR-2016 ),2,ANIMAL AMBULANCE,0,0,0,5,0,0,0,0,0,0,0,0,5
2020,Delhi,RAJPUR ROAD/VIU BURARI - DL51( 08-APR-2016 ),3,BUS,143,231,321,59,0,0,0,0,9,8,30,24,825
2020,Delhi,RAJPUR ROAD/VIU BURARI - DL51( 08-APR-2016 ),4,CASH VAN,17,53,12,6,0,0,0,0,0,0,0,5,93
2020,Delhi,RAJPUR ROAD/VIU BURARI - DL51( 08-APR-2016 ),5,CONSTRUCTION EQUIPMENT VEHICLE (COMMERCIAL),0,0,0,0,0,0,0,0,25,0,0,0,25
2020,Delhi,RAJPUR ROAD/VIU BURARI - DL51( 08-APR-2016 ),6,GOODS CARRIER,"1,799","1,893","1,845",597,0,4,225,339,875,"1,393","1,441","1,112","11,523"
2020,Delhi,RAJPUR ROAD/VIU BURARI - DL51( 08-APR-2016 ),7,MAXI CAB,2,12,7,3,0,0,0,0,0,0,0,0,24
2020,Delhi,RAJPUR ROAD/VIU BURARI - DL51( 08-APR-2016 ),8,THREE WHEELER (GOODS),250,164,63,27,6,76,96,102,123,182,194,129,"1,412"
2020,Delhi,ROHINI - DL11( 14-AUG-2015 ),1,E-RICKSHAW(P),267,186,100,0,13,45,48,77,89,133,203,163,"1,324"
2020,Delhi,ROHINI - DL11( 14-AUG-2015 ),2,E-RICKSHAW WITH CART (G),13,14,7,0,2,12,18,23,14,31,63,46,243
2020,Delhi,ROHINI - DL11( 14-AUG-2015 ),3,M-CYCLE/SCOOTER,"2,801","2,260","1,847",28,683,"1,949","2,042","1,980","1,654","2,081","4,404","1,564","23,293"
2020,Delhi,ROHINI - DL11( 14-AUG-2015 ),4,M-CYCLE/SCOOTER-WITH SIDE CAR,2,0,1,0,0,0,1,0,0,0,1,0,5
2020,Delhi,ROHINI - DL11( 14-AUG-2015 ),5,MOTOR CAR,403,328,229,5,35,228,275,315,205,451,475,376,"3,325"
2020,Delhi,SARAI KALE KHAN - DL6( 10-SEP-2015 ),1,ADAPTED VEHICLE,2,0,2,0,0,0,0,0,0,0,0,0,4
2020,Delhi,SARAI KALE KHAN - DL6( 10-SEP-2015 ),2,E-RICKSHAW(P),55,56,45,0,1,3,8,7,4,13,22,16,230
2020,Delhi,SARAI KALE KHAN - DL6( 10-SEP-2015 ),3,E-RICKSHAW WITH CART (G),11,1,7,0,0,1,13,7,2,3,5,3,53
2020,Delhi,SARAI KALE KHAN - DL6( 10-SEP-2015 ),4,M-CYCLE/SCOOTER,"1,844","1,905","1,570",52,388,"1,443","1,678","1,682","1,430","1,917","2,687","1,204","17,800"
2020,Delhi,SARAI KALE KHAN - DL6( 10-SEP-2015 ),5,M-CYCLE/SCOOTER-WITH SIDE CAR,0,0,0,0,0,0,0,1,0,0,0,1,2
2020,Delhi,SARAI KALE KHAN - DL6( 10-SEP-2015 ),6,MOPED,1,1,1,0,0,0,0,0,0,0,0,0,3
2020,Delhi,SARAI KALE KHAN - DL6( 10-SEP-2015 ),7,MOTOR CAR,566,351,227,0,28,238,283,320,190,479,495,479,"3,656"
2020,Delhi,SOUTH DELHI - DL3( 15-SEP-2015 ),1,ADAPTED VEHICLE,1,1,0,0,1,0,0,1,0,0,0,1,5
2020,Delhi,SOUTH DELHI - DL3( 15-SEP-2015 ),2,E-RICKSHAW(P),65,62,32,2,0,1,6,9,11,9,20,25,242
2020,Delhi,SOUTH DELHI - DL3( 15-SEP-2015 ),3,E-RICKSHAW WITH CART (G),1,2,0,0,0,0,1,1,0,0,0,6,11
2020,Delhi,SOUTH DELHI - DL3( 15-SEP-2015 ),4,M-CYCLE/SCOOTER,"6,048","5,433","4,688",241,"1,164","4,857","4,836","4,291","4,538","4,722","7,049","4,038","51,905"
2020,Delhi,SOUTH DELHI - DL3( 15-SEP-2015 ),5,MOPED,1,0,1,0,0,0,1,0,0,0,1,0,4
2020,Delhi,SOUTH DELHI - DL3( 15-SEP-2015 ),6,MOTOR CAR,"1,622","1,116",772,47,135,614,891,894,910,"1,623","1,907","1,576","12,107"
2020,Delhi,SURAJMAL VIHAR - DL13( 26-JUN-2015 ),1,ADAPTED VEHICLE,1,0,0,0,0,0,0,0,0,0,0,0,1
2020,Delhi,SURAJMAL VIHAR - DL13( 26-JUN-2015 ),2,E-RICKSHAW(P),70,55,42,0,4,11,10,16,18,13,27,38,304
2020,Delhi,SURAJMAL VIHAR - DL13( 26-JUN-2015 ),3,E-RICKSHAW WITH CART (G),5,11,5,0,0,0,8,11,1,9,8,11,69
2020,Delhi,SURAJMAL VIHAR - DL13( 26-JUN-2015 ),4,M-CYCLE/SCOOTER,"2,264","1,670","1,142",99,431,"1,246","1,423","1,557",937,"1,634","1,941",847,"15,191"
2020,Delhi,SURAJMAL VIHAR - DL13( 26-JUN-2015 ),5,M-CYCLE/SCOOTER-WITH SIDE CAR,0,0,0,0,0,2,0,0,0,0,0,0,2
2020,Delhi,SURAJMAL VIHAR - DL13( 26-JUN-2015 ),6,MOTOR CAR,562,414,228,2,74,205,271,338,212,523,527,405,"3,761"
2020,Delhi,VASANT VIHAR - DL12( 01-JUN-2015 ),1,ADAPTED VEHICLE,2,4,2,0,0,3,0,2,0,0,1,0,14
2020,Delhi,VASANT VIHAR - DL12( 01-JUN-2015 ),2,E-RICKSHAW(P),2,1,3,0,0,0,0,0,0,0,0,1,7
2020,Delhi,VASANT VIHAR - DL12( 01-JUN-2015 ),3,E-RICKSHAW WITH CART (G),0,0,1,0,0,0,0,0,0,0,0,0,1
2020,Delhi,VASANT VIHAR - DL12( 01-JUN-2015 ),4,M-CYCLE/SCOOTER,448,460,354,72,194,"1,052",467,537,455,521,801,544,"5,905"
2020,Delhi,VASANT VIHAR - DL12( 01-JUN-2015 ),5,M-CYCLE/SCOOTER-WITH SIDE CAR,0,0,0,4,0,0,14,0,0,0,0,0,18
2020,Delhi,VASANT VIHAR - DL12( 01-JUN-2015 ),6,MOTOR CAR,"1,758","1,466",971,66,252,"1,038","1,319","1,325",763,"1,450","1,720","1,262","13,390"
2020,Delhi,VASANT VIHAR - DL12( 01-JUN-2015 ),7,MOTORISED CYCLE (CC > 25CC),0,0,0,0,0,0,0,0,1,0,0,0,1
2020,Delhi,WAZIRPUR - DL8( 17-SEP-2015 ),1,ADAPTED VEHICLE,2,0,1,0,0,0,0,0,0,0,1,1,5
2020,Delhi,WAZIRPUR - DL8( 17-SEP-2015 ),2,E-RICKSHAW(P),269,228,117,0,8,25,41,64,56,112,107,132,"1,159"
2020,Delhi,WAZIRPUR - DL8( 17-SEP-2015 ),3,E-RICKSHAW WITH CART (G),25,30,18,0,7,7,21,28,23,35,68,29,291
2020,Delhi,WAZIRPUR - DL8( 17-SEP-2015 ),4,M-CYCLE/SCOOTER,"3,020","2,507","2,044",57,724,"2,392","3,050","3,018","2,104","3,107","4,393","1,858","28,274"
2020,Delhi,WAZIRPUR - DL8( 17-SEP-2015 ),5,MOPED,39,32,17,0,20,38,37,43,35,23,34,15,333
2020,Delhi,WAZIRPUR - DL8( 17-SEP-2015 ),6,MOTOR CAR,"2,106","1,508","1,147",72,254,980,"1,354","1,417","1,109","1,940","2,054","1,802","15,743"
2019,Delhi,BURARI AUTO UNIT - DL53( 08-APR-2016 ),1,MOTOR CAB,0,9,11,2,4,8,3,0,3,3,0,1,44
2019,Delhi,BURARI AUTO UNIT - DL53( 08-APR-2016 ),2,THREE WHEELER (PASSENGER),795,666,555,468,427,384,478,496,440,594,371,389,"6,063"
2019,Delhi,BURARI TAXI UNIT - DL52( 08-APR-2016 ),1,MAXI CAB,0,2,4,5,0,2,5,3,4,0,6,2,33
2019,Delhi,BURARI TAXI UNIT - DL52( 08-APR-2016 ),2,MOTOR CAB,112,704,680,317,674,539,686,584,613,750,515,613,"6,787"
2019,Delhi,DWARKA - DL9( 28-JUL-2015 ),1,ADAPTED VEHICLE,0,0,0,0,1,1,2,0,0,0,0,0,4
2019,Delhi,DWARKA - DL9( 28-JUL-2015 ),2,E-RICKSHAW(P),145,103,120,115,124,131,165,194,244,168,234,169,"1,912"
2019,Delhi,DWARKA - DL9( 28-JUL-2015 ),3,E-RICKSHAW WITH CART (G),1,2,0,1,4,2,4,3,3,5,10,3,38
2019,Delhi,DWARKA - DL9( 28-JUL-2015 ),4,M-CYCLE/SCOOTER,"3,918","2,993","3,268","3,902","3,801","2,980","3,687","3,714","2,964","5,482","4,490","2,022","43,221"
2019,Delhi,DWARKA - DL9( 28-JUL-2015 ),5,M-CYCLE/SCOOTER-WITH SIDE CAR,0,0,0,0,0,1,1,0,0,1,1,1,5
2019,Delhi,DWARKA - DL9( 28-JUL-2015 ),6,MOPED,31,28,26,33,22,25,20,36,21,52,22,13,329
2019,Delhi,DWARKA - DL9( 28-JUL-2015 ),7,MOTOR CAR,"1,689","1,390","1,496","1,548","1,340","1,312","1,133","1,047",884,"1,818",919,"1,445","16,021"
2019,Delhi,DWARKA - DL9( 28-JUL-2015 ),8,MOTORISED CYCLE (CC > 25CC),0,0,0,0,0,0,3,0,0,0,0,0,3
2019,Delhi,I P ESTATE - DL2( 01-JUN-2015 ),1,ADAPTED VEHICLE,0,0,0,0,0,0,0,2,1,0,1,0,4
2019,Delhi,I P ESTATE - DL2( 01-JUN-2015 ),2,E-RICKSHAW(P),0,0,0,0,0,0,0,0,0,0,0,1,1
2019,Delhi,I P ESTATE - DL2( 01-JUN-2015 ),3,M-CYCLE/SCOOTER,81,64,82,83,83,122,88,87,100,98,164,93,"1,145"
2019,Delhi,I P ESTATE - DL2( 01-JUN-2015 ),4,MOTOR CAR,"1,173","1,060","1,092","1,185","1,050",965,919,859,744,"1,495","1,085","1,156","12,783"
2019,Delhi,JANAKPURI - DL4( 24-JUL-2015 ),1,ADAPTED VEHICLE,0,0,0,1,0,1,2,0,0,0,0,0,4
2019,Delhi,JANAKPURI - DL4( 24-JUL-2015 ),2,E-RICKSHAW(P),422,329,295,347,305,284,377,454,482,579,663,509,"5,046"
2019,Delhi,JANAKPURI - DL4( 24-JUL-2015 ),3,E-RICKSHAW WITH CART (G),24,34,19,41,58,59,65,63,58,66,136,46,669
2019,Delhi,JANAKPURI - DL4( 24-JUL-2015 ),4,M-CYCLE/SCOOTER,"4,206","3,096","3,277","4,147","3,555","3,261","3,798","3,566","3,103","6,625","5,866","2,313","46,813"
2019,Delhi,JANAKPURI - DL4( 24-JUL-2015 ),5,M-CYCLE/SCOOTER-WITH SIDE CAR,1,2,1,1,1,1,1,0,0,2,0,1,11
2019,Delhi,JANAKPURI - DL4( 24-JUL-2015 ),6,MOPED,53,38,54,50,43,34,53,63,38,56,37,32,551
2019,Delhi,JANAKPURI - DL4( 24-JUL-2015 ),7,MOTOR CAR,721,600,755,977,650,616,572,471,531,"1,025",549,461,"7,928"
2019,Delhi,LONI ROAD - DL5( 09-SEP-2015 ),1,ADAPTED VEHICLE,1,1,2,0,2,0,0,3,0,5,2,2,18
2019,Delhi,LONI ROAD - DL5( 09-SEP-2015 ),2,E-RICKSHAW(P),331,269,243,223,258,203,225,295,280,270,267,215,"3,079"
2019,Delhi,LONI ROAD - DL5( 09-SEP-2015 ),3,E-RICKSHAW WITH CART (G),33,28,28,23,43,33,49,36,47,65,64,60,509
2019,Delhi,LONI ROAD - DL5( 09-SEP-2015 ),4,M-CYCLE/SCOOTER,"6,721","5,383","5,688","6,447","6,711","5,786","5,537","5,044","4,360","7,786","7,313","3,105","69,881"
2019,Delhi,LONI ROAD - DL5( 09-SEP-2015 ),5,M-CYCLE/SCOOTER-WITH SIDE CAR,0,0,1,1,0,1,0,1,0,1,0,3,8
2019,Delhi,LONI ROAD - DL5( 09-SEP-2015 ),6,MOPED,112,71,60,92,114,81,96,80,86,83,95,57,"1,027"
2019,Delhi,LONI ROAD - DL5( 09-SEP-2015 ),7,MOTOR CAR,"1,126",727,526,731,853,749,635,506,424,934,989,773,"8,973"
2019,Delhi,MALL ROAD - DL1( 12-OCT-2015 ),1,ADAPTED VEHICLE,5,0,0,1,0,1,1,0,0,1,0,0,9
2019,Delhi,MALL ROAD - DL1( 12-OCT-2015 ),2,AGRICULTURAL TRACTOR,0,2,1,1,0,2,3,0,1,0,1,0,11
2019,Delhi,MALL ROAD - DL1( 12-OCT-2015 ),3,E-RICKSHAW(P),4,2,4,4,0,42,43,2,26,27,46,4,204
2019,Delhi,MALL ROAD - DL1( 12-OCT-2015 ),4,E-RICKSHAW WITH CART (G),2,3,1,2,0,0,1,0,2,2,2,3,18
2019,Delhi,MALL ROAD - DL1( 12-OCT-2015 ),5,M-CYCLE/SCOOTER,909,644,957,782,790,463,630,710,695,930,"1,019",567,"9,096"
2019,Delhi,MALL ROAD - DL1( 12-OCT-2015 ),6,M-CYCLE/SCOOTER-WITH SIDE CAR,0,0,0,0,0,0,0,0,0,2,0,0,2
2019,Delhi,MALL ROAD - DL1( 12-OCT-2015 ),7,MOPED,0,0,0,0,0,0,0,0,1,0,1,0,2
2019,Delhi,MALL ROAD - DL1( 12-OCT-2015 ),8,MOTOR CAB,0,0,0,0,0,0,0,0,0,1,0,0,1
2019,Delhi,MALL ROAD - DL1( 12-OCT-2015 ),9,MOTOR CAR,"1,747","1,325","1,498","1,690","1,490","1,551","1,298","1,110","1,188","1,592","1,442","1,585","17,516"
2019,Delhi,MALL ROAD - DL1( 12-OCT-2015 ),10,MOTORISED CYCLE (CC > 25CC),1,0,0,0,0,0,0,0,0,0,0,0,1
2019,Delhi,MAYUR VIHAR  - DL7( 29-JUN-2015 ),1,ADAPTED VEHICLE,0,0,0,0,0,0,1,0,0,0,0,0,1
2019,Delhi,MAYUR VIHAR  - DL7( 29-JUN-2015 ),2,E-RICKSHAW(P),85,67,60,46,36,38,48,66,86,90,113,73,808
2019,Delhi,MAYUR VIHAR  - DL7( 29-JUN-2015 ),3,E-RICKSHAW WITH CART (G),0,5,0,1,2,4,2,2,3,2,8,8,37
2019,Delhi,MAYUR VIHAR  - DL7( 29-JUN-2015 ),4,M-CYCLE/SCOOTER,"1,968","1,721","1,806","1,882","1,464","1,641","1,393","1,411","1,091","1,958","1,533",727,"18,595"
2019,Delhi,MAYUR VIHAR  - DL7( 29-JUN-2015 ),5,M-CYCLE/SCOOTER-WITH SIDE CAR,1,1,0,0,0,0,2,0,0,0,1,0,5
2019,Delhi,MAYUR VIHAR  - DL7( 29-JUN-2015 ),6,MOPED,19,41,44,33,26,8,0,0,0,0,0,0,171
2019,Delhi,MAYUR VIHAR  - DL7( 29-JUN-2015 ),7,MOTOR CAR,930,600,616,501,461,383,450,419,345,675,655,435,"6,470"
2019,Delhi,RAJOURI GARDEN - DL10( 12-AUG-2015 ),1,ADAPTED VEHICLE,0,1,1,1,1,3,1,1,1,1,0,9,20
2019,Delhi,RAJOURI GARDEN - DL10( 12-AUG-2015 ),2,E-RICKSHAW(P),120,119,137,131,81,121,121,182,191,139,157,122,"1,621"
2019,Delhi,RAJOURI GARDEN - DL10( 12-AUG-2015 ),3,E-RICKSHAW WITH CART (G),20,8,7,4,5,7,4,5,4,7,8,1,80
2019,Delhi,RAJOURI GARDEN - DL10( 12-AUG-2015 ),4,M-CYCLE/SCOOTER,"1,736","1,387","1,379","1,696","1,605","1,319","1,479","1,421","1,113","1,970","1,424","1,401","17,930"
2019,Delhi,RAJOURI GARDEN - DL10( 12-AUG-2015 ),5,MOPED,1,0,0,0,0,0,0,1,0,0,0,0,2
2019,Delhi,RAJOURI GARDEN - DL10( 12-AUG-2015 ),6,MOTOR CAR,"1,250",955,"1,077","1,348","1,315","1,135","1,067",944,889,"1,744","1,041","1,306","14,071"
2019,Delhi,RAJPUR ROAD/VIU BURARI - DL51( 08-APR-2016 ),1,AMBULANCE,5,1,1,1,1,1,2,0,3,4,2,3,24
2019,Delhi,RAJPUR ROAD/VIU BURARI - DL51( 08-APR-2016 ),2,BUS,12,23,59,47,21,79,53,49,26,147,227,221,964
2019,Delhi,RAJPUR ROAD/VIU BURARI - DL51( 08-APR-2016 ),3,CASH VAN,0,1,10,9,7,2,8,3,3,29,5,2,79
2019,Delhi,RAJPUR ROAD/VIU BURARI - DL51( 08-APR-2016 ),4,EDUCATIONAL INSTITUTION BUS,0,0,0,0,0,0,0,0,0,1,0,2,3
2019,Delhi,RAJPUR ROAD/VIU BURARI - DL51( 08-APR-2016 ),5,FIRE FIGHTING VEHICLE,0,0,0,0,20,40,0,0,3,0,0,0,63
2019,Delhi,RAJPUR ROAD/VIU BURARI - DL51( 08-APR-2016 ),6,GOODS CARRIER,"1,961","1,678","1,795","1,727","1,675","1,389","1,486","1,544","1,389","1,629","1,721","1,277","19,271"
2019,Delhi,RAJPUR ROAD/VIU BURARI - DL51( 08-APR-2016 ),7,MAXI CAB,0,11,21,13,16,20,12,5,6,5,2,2,113
2019,Delhi,RAJPUR ROAD/VIU BURARI - DL51( 08-APR-2016 ),8,OMNI BUS,0,0,1,0,0,0,1,0,0,0,0,0,2
2019,Delhi,RAJPUR ROAD/VIU BURARI - DL51( 08-APR-2016 ),9,THREE WHEELER (GOODS),266,194,215,263,205,174,198,200,218,335,226,161,"2,655"
2019,Delhi,ROHINI - DL11( 14-AUG-2015 ),1,ADAPTED VEHICLE,2,0,1,0,0,0,1,0,0,1,0,0,5
2019,Delhi,ROHINI - DL11( 14-AUG-2015 ),2,E-RICKSHAW(P),181,133,163,157,144,129,121,166,180,247,218,332,"2,171"
2019,Delhi,ROHINI - DL11( 14-AUG-2015 ),3,E-RICKSHAW WITH CART (G),9,10,10,11,10,7,7,12,4,15,10,7,112
2019,Delhi,ROHINI - DL11( 14-AUG-2015 ),4,M-CYCLE/SCOOTER,"4,127","3,502","3,335","2,850","3,460","2,720","3,151","3,110","2,623","4,380","3,503","1,721","38,482"
2019,Delhi,ROHINI - DL11( 14-AUG-2015 ),5,M-CYCLE/SCOOTER-WITH SIDE CAR,1,1,1,0,4,4,2,1,0,6,0,2,22
2019,Delhi,ROHINI - DL11( 14-AUG-2015 ),6,MOTOR CAR,386,316,369,451,483,417,365,292,272,418,452,352,"4,573"
2019,Delhi,SARAI KALE KHAN - DL6( 10-SEP-2015 ),1,ADAPTED VEHICLE,0,1,0,0,0,1,2,0,2,3,1,2,12
2019,Delhi,SARAI KALE KHAN - DL6( 10-SEP-2015 ),2,E-RICKSHAW(P),99,92,75,73,57,65,51,66,63,55,82,65,843
2019,Delhi,SARAI KALE KHAN - DL6( 10-SEP-2015 ),3,E-RICKSHAW WITH CART (G),2,5,2,12,6,7,5,3,3,3,5,0,53
2019,Delhi,SARAI KALE KHAN - DL6( 10-SEP-2015 ),4,M-CYCLE/SCOOTER,"2,738","2,118","1,928","2,268","2,109","2,202","2,387","2,271","1,966","3,267","2,948","1,543","27,745"
2019,Delhi,SARAI KALE KHAN - DL6( 10-SEP-2015 ),5,M-CYCLE/SCOOTER-WITH SIDE CAR,0,0,0,0,0,0,1,0,0,0,0,0,1
2019,Delhi,SARAI KALE KHAN - DL6( 10-SEP-2015 ),6,MOPED,0,0,0,0,1,0,0,0,0,2,0,0,3
2019,Delhi,SARAI KALE KHAN - DL6( 10-SEP-2015 ),7,MOTOR CAR,771,434,409,533,401,412,415,367,304,659,449,499,"5,653"
2019,Delhi,SARAI KALE KHAN - DL6( 10-SEP-2015 ),8,THREE WHEELER (PERSONAL),0,0,0,0,0,1,1,0,0,0,0,1,3
2019,Delhi,SOUTH DELHI - DL3( 15-SEP-2015 ),1,ADAPTED VEHICLE,1,0,0,0,0,1,1,1,0,0,0,1,5
2019,Delhi,SOUTH DELHI - DL3( 15-SEP-2015 ),2,E-RICKSHAW(P),60,26,34,29,34,23,55,41,76,73,62,49,562
2019,Delhi,SOUTH DELHI - DL3( 15-SEP-2015 ),3,E-RICKSHAW WITH CART (G),17,3,1,4,1,3,1,6,2,1,1,1,41
2019,Delhi,SOUTH DELHI - DL3( 15-SEP-2015 ),4,M-CYCLE/SCOOTER,"7,554","5,498","6,473","6,067","6,453","5,760","5,855","6,558","5,699","8,427","8,950","3,773","77,067"
2019,Delhi,SOUTH DELHI - DL3( 15-SEP-2015 ),5,M-CYCLE/SCOOTER-WITH SIDE CAR,0,0,0,0,0,0,0,1,0,2,1,0,4
2019,Delhi,SOUTH DELHI - DL3( 15-SEP-2015 ),6,MOPED,0,0,1,1,0,0,0,0,1,0,0,0,3
2019,Delhi,SOUTH DELHI - DL3( 15-SEP-2015 ),7,MOTOR CAR,"1,957","1,436","1,488","1,867","1,258","1,300","1,389","1,065",918,"1,569","1,145","1,024","16,416"
2019,Delhi,SURAJMAL VIHAR - DL13( 26-JUN-2015 ),1,ADAPTED VEHICLE,1,1,0,0,0,0,0,0,0,1,0,0,3
2019,Delhi,SURAJMAL VIHAR - DL13( 26-JUN-2015 ),2,E-RICKSHAW(P),35,39,32,40,25,32,40,45,49,71,72,65,545
2019,Delhi,SURAJMAL VIHAR - DL13( 26-JUN-2015 ),3,E-RICKSHAW WITH CART (G),3,1,2,5,11,6,11,7,9,8,10,11,84
2019,Delhi,SURAJMAL VIHAR - DL13( 26-JUN-2015 ),4,M-CYCLE/SCOOTER,"2,372","2,195","2,306","2,362","2,046","1,674","2,094","2,053","1,547","2,733","1,987",866,"24,235"
2019,Delhi,SURAJMAL VIHAR - DL13( 26-JUN-2015 ),5,M-CYCLE/SCOOTER-WITH SIDE CAR,0,0,0,0,0,1,2,0,0,1,0,0,4
2019,Delhi,SURAJMAL VIHAR - DL13( 26-JUN-2015 ),6,MOTOR CAR,484,396,397,497,373,320,287,309,247,622,457,487,"4,876"
2019,Delhi,VASANT VIHAR - DL12( 01-JUN-2015 ),1,ADAPTED VEHICLE,0,0,0,0,0,0,0,1,3,1,0,2,7
2019,Delhi,VASANT VIHAR - DL12( 01-JUN-2015 ),2,E-RICKSHAW(P),2,3,0,3,2,0,0,4,0,1,0,1,16
2019,Delhi,VASANT VIHAR - DL12( 01-JUN-2015 ),3,E-RICKSHAW WITH CART (G),0,0,1,3,0,0,0,0,0,0,0,0,4
2019,Delhi,VASANT VIHAR - DL12( 01-JUN-2015 ),4,M-CYCLE/SCOOTER,645,474,454,526,699,437,607,541,620,746,602,630,"6,981"
2019,Delhi,VASANT VIHAR - DL12( 01-JUN-2015 ),5,M-CYCLE/SCOOTER-WITH SIDE CAR,0,0,0,0,0,0,0,0,1,0,0,0,1
2019,Delhi,VASANT VIHAR - DL12( 01-JUN-2015 ),6,MOTOR CAR,"1,230","1,186","1,327","1,262",822,981,"1,080",964,"1,039","2,059","1,297","1,725","14,972"
2019,Delhi,WAZIRPUR - DL8( 17-SEP-2015 ),1,ADAPTED VEHICLE,4,0,2,1,1,1,1,12,1,1,0,3,27
2019,Delhi,WAZIRPUR - DL8( 17-SEP-2015 ),2,E-RICKSHAW(P),233,180,202,183,189,169,207,273,324,310,387,280,"2,937"
2019,Delhi,WAZIRPUR - DL8( 17-SEP-2015 ),3,E-RICKSHAW WITH CART (G),26,16,12,14,34,24,25,20,30,41,40,35,317
2019,Delhi,WAZIRPUR - DL8( 17-SEP-2015 ),4,M-CYCLE/SCOOTER,"3,771","3,137","3,705","4,648","4,932","3,955","4,073","3,733","2,817","5,020","4,378","1,916","46,085"
2019,Delhi,WAZIRPUR - DL8( 17-SEP-2015 ),5,MOPED,55,31,54,56,41,39,42,48,43,56,48,24,537
2019,Delhi,WAZIRPUR - DL8( 17-SEP-2015 ),6,MOTOR CAR,"2,309","1,672","2,084","2,332","2,033","1,752","1,645","1,323","1,303","2,180","1,645","1,895","22,173"
2018,Delhi,BURARI AUTO UNIT - DL53( 08-APR-2016 ),1,MOTOR CAB,60,22,36,14,9,12,11,15,11,9,2,4,205
2018,Delhi,BURARI AUTO UNIT - DL53( 08-APR-2016 ),2,THREE WHEELER (PASSENGER),"2,792","2,944",721,657,982,887,718,614,531,825,618,636,"12,925"
2018,Delhi,BURARI TAXI UNIT - DL52( 08-APR-2016 ),1,LUXURY CAB,0,1,0,0,0,0,0,0,0,0,0,0,1
2018,Delhi,BURARI TAXI UNIT - DL52( 08-APR-2016 ),2,MAXI CAB,3,14,5,2,9,7,3,9,3,2,0,3,60
2018,Delhi,BURARI TAXI UNIT - DL52( 08-APR-2016 ),3,MOTOR CAB,588,360,561,465,644,751,964,907,669,870,694,822,"8,295"
2018,Delhi,DWARKA - DL9( 28-JUL-2015 ),1,ADAPTED VEHICLE,1,1,1,1,0,1,2,0,0,1,0,1,9
2018,Delhi,DWARKA - DL9( 28-JUL-2015 ),2,E-RICKSHAW(P),234,191,166,163,194,273,282,310,348,302,213,145,"2,821"
2018,Delhi,DWARKA - DL9( 28-JUL-2015 ),3,E-RICKSHAW WITH CART (G),3,4,1,9,4,12,8,9,4,7,7,1,69
2018,Delhi,DWARKA - DL9( 28-JUL-2015 ),4,M-CYCLE/SCOOTER,"4,563","3,295","3,545","3,913","3,918","3,345","3,907","4,468","3,461","3,957","5,983","2,410","46,765"
2018,Delhi,DWARKA - DL9( 28-JUL-2015 ),5,M-CYCLE/SCOOTER-WITH SIDE CAR,0,0,0,1,0,1,1,0,0,0,0,0,3
2018,Delhi,DWARKA - DL9( 28-JUL-2015 ),6,MOPED,51,27,39,41,40,37,45,32,29,35,40,25,441
2018,Delhi,DWARKA - DL9( 28-JUL-2015 ),7,MOTOR CAR,"1,694","1,436","1,667","1,256","1,242","1,439","1,305","1,158",839,"1,136","1,271","1,952","16,395"
2018,Delhi,I P ESTATE - DL2( 01-JUN-2015 ),1,ADAPTED VEHICLE,0,0,0,0,0,0,0,0,0,0,0,1,1
2018,Delhi,I P ESTATE - DL2( 01-JUN-2015 ),2,E-RICKSHAW(P),4,4,1,2,0,0,0,0,0,1,0,0,12
2018,Delhi,I P ESTATE - DL2( 01-JUN-2015 ),3,E-RICKSHAW WITH CART (G),0,0,0,0,0,0,0,0,1,0,0,0,1
2018,Delhi,I P ESTATE - DL2( 01-JUN-2015 ),4,M-CYCLE/SCOOTER,79,64,62,95,347,282,443,556,469,366,183,87,"3,033"
2018,Delhi,I P ESTATE - DL2( 01-JUN-2015 ),5,MOTOR CAR,"1,543","1,421","1,610","1,368","1,234","1,226","1,086","1,097",877,"1,161","1,337","1,440","15,400"
2018,Delhi,I P ESTATE - DL2( 01-JUN-2015 ),6,MOTORISED CYCLE (CC > 25CC),0,0,0,0,0,0,1,0,0,0,0,0,1
2018,Delhi,I P ESTATE - DL2( 01-JUN-2015 ),7,THREE WHEELER (PERSONAL),0,1,0,0,0,0,0,0,0,0,0,0,1
2018,Delhi,JANAKPURI - DL4( 24-JUL-2015 ),1,ADAPTED VEHICLE,0,0,0,0,0,0,0,2,1,0,1,1,5
2018,Delhi,JANAKPURI - DL4( 24-JUL-2015 ),2,E-RICKSHAW(P),123,98,54,46,60,48,63,108,158,258,209,405,"1,630"
2018,Delhi,JANAKPURI - DL4( 24-JUL-2015 ),3,E-RICKSHAW WITH CART (G),1,2,0,0,0,1,3,2,8,9,3,13,42
2018,Delhi,JANAKPURI - DL4( 24-JUL-2015 ),4,M-CYCLE/SCOOTER,"3,191","2,392","2,837","2,556","3,986","3,539","4,195","4,327","3,288","4,155","6,586","2,181","43,233"
2018,Delhi,JANAKPURI - DL4( 24-JUL-2015 ),5,M-CYCLE/SCOOTER-WITH SIDE CAR,2,3,9,4,0,3,3,1,4,1,2,2,34
2018,Delhi,JANAKPURI - DL4( 24-JUL-2015 ),6,MOPED,0,1,7,0,64,68,74,68,51,58,53,25,469
2018,Delhi,JANAKPURI - DL4( 24-JUL-2015 ),7,MOTOR CAR,451,438,507,521,477,640,527,651,510,680,669,915,"6,986"
2018,Delhi,JANAKPURI - DL4( 24-JUL-2015 ),8,MOTORISED CYCLE (CC > 25CC),0,0,0,0,0,1,0,0,0,0,0,0,1
2018,Delhi,LONI ROAD - DL5( 09-SEP-2015 ),1,ADAPTED VEHICLE,0,1,0,0,2,0,0,1,1,1,0,0,6
2018,Delhi,LONI ROAD - DL5( 09-SEP-2015 ),2,E-RICKSHAW(P),341,242,257,273,226,139,199,235,278,258,263,242,"2,953"
2018,Delhi,LONI ROAD - DL5( 09-SEP-2015 ),3,E-RICKSHAW WITH CART (G),7,12,19,19,14,19,26,11,19,21,12,17,196
2018,Delhi,LONI ROAD - DL5( 09-SEP-2015 ),4,M-CYCLE/SCOOTER,"7,491","5,569","5,926","6,458","5,879","5,054","6,136","6,431","5,311","6,087","10,320","3,779","74,441"
2018,Delhi,LONI ROAD - DL5( 09-SEP-2015 ),5,M-CYCLE/SCOOTER-WITH SIDE CAR,1,0,0,1,1,1,0,2,0,0,1,0,7
2018,Delhi,LONI ROAD - DL5( 09-SEP-2015 ),6,MOPED,170,93,114,126,153,103,149,153,111,112,141,71,"1,496"
2018,Delhi,LONI ROAD - DL5( 09-SEP-2015 ),7,MOTOR CAR,998,647,843,681,649,556,621,501,500,548,787,711,"8,042"
2018,Delhi,MALL ROAD - DL1( 12-OCT-2015 ),1,ADAPTED VEHICLE,4,2,2,3,2,2,2,2,1,4,4,2,30
2018,Delhi,MALL ROAD - DL1( 12-OCT-2015 ),2,AGRICULTURAL TRACTOR,3,0,0,6,0,0,2,4,1,0,9,8,33
2018,Delhi,MALL ROAD - DL1( 12-OCT-2015 ),3,E-RICKSHAW(P),115,73,69,71,65,45,74,110,85,83,89,43,922
2018,Delhi,MALL ROAD - DL1( 12-OCT-2015 ),4,E-RICKSHAW WITH CART (G),2,3,5,5,1,3,6,3,3,1,2,1,35
2018,Delhi,MALL ROAD - DL1( 12-OCT-2015 ),5,M-CYCLE/SCOOTER,"1,417","1,152","1,388","1,128","1,167",929,"1,134","1,171","1,215","1,065","1,266",820,"13,852"
2018,Delhi,MALL ROAD - DL1( 12-OCT-2015 ),6,MOPED,0,0,0,0,0,0,1,0,0,0,1,8,10
2018,Delhi,MALL ROAD - DL1( 12-OCT-2015 ),7,MOTOR CAB,0,0,0,0,1,1,1,0,0,0,0,0,3
2018,Delhi,MALL ROAD - DL1( 12-OCT-2015 ),8,MOTOR CAR,"1,962","1,606","1,800","1,610","1,742","1,767","1,543","1,597","1,500","1,515","1,580","1,788","20,010"
2018,Delhi,MAYUR VIHAR  - DL7( 29-JUN-2015 ),1,ADAPTED VEHICLE,0,0,0,0,0,0,0,0,1,0,0,0,1
2018,Delhi,MAYUR VIHAR  - DL7( 29-JUN-2015 ),2,E-RICKSHAW(P),133,108,90,107,76,78,66,84,152,174,142,122,"1,332"
2018,Delhi,MAYUR VIHAR  - DL7( 29-JUN-2015 ),3,E-RICKSHAW WITH CART (G),1,0,0,0,4,4,3,3,0,1,2,0,18
2018,Delhi,MAYUR VIHAR  - DL7( 29-JUN-2015 ),4,M-CYCLE/SCOOTER,"2,529","1,973","2,509","2,257","2,449","2,158","2,520","2,276","1,865","2,091","2,915","1,468","27,010"
2018,Delhi,MAYUR VIHAR  - DL7( 29-JUN-2015 ),5,M-CYCLE/SCOOTER-WITH SIDE CAR,0,2,2,1,2,1,2,1,2,1,0,1,15
2018,Delhi,MAYUR VIHAR  - DL7( 29-JUN-2015 ),6,MOPED,83,56,69,51,42,21,44,43,42,44,50,39,584
2018,Delhi,MAYUR VIHAR  - DL7( 29-JUN-2015 ),7,MOTOR CAR,717,359,413,409,365,399,511,463,400,472,667,777,"5,952"
2018,Delhi,MAYUR VIHAR  - DL7( 29-JUN-2015 ),8,MOTORISED CYCLE (CC > 25CC),0,0,0,1,0,1,1,1,0,0,0,0,4
2018,Delhi,RAJOURI GARDEN - DL10( 12-AUG-2015 ),1,ADAPTED VEHICLE,0,0,0,0,1,0,0,0,0,0,0,2,3
2018,Delhi,RAJOURI GARDEN - DL10( 12-AUG-2015 ),2,E-RICKSHAW(P),82,59,42,59,31,33,42,92,120,92,88,88,828
2018,Delhi,RAJOURI GARDEN - DL10( 12-AUG-2015 ),3,E-RICKSHAW WITH CART (G),1,2,1,0,1,2,3,0,2,4,0,4,20
2018,Delhi,RAJOURI GARDEN - DL10( 12-AUG-2015 ),4,M-CYCLE/SCOOTER,"2,407","1,953","2,223","2,164","2,082","1,785","1,528","1,576","1,496","1,482","2,168",759,"21,623"
2018,Delhi,RAJOURI GARDEN - DL10( 12-AUG-2015 ),5,MOTOR CAR,"1,917","1,171","1,411","1,226","1,086","1,431","1,082",842,629,916,952,"1,330","13,993"
2018,Delhi,RAJPUR ROAD/VIU BURARI - DL51( 08-APR-2016 ),1,AMBULANCE,5,4,3,4,5,4,5,1,4,2,2,3,42
2018,Delhi,RAJPUR ROAD/VIU BURARI - DL51( 08-APR-2016 ),2,BUS,65,46,53,69,73,120,86,59,28,15,23,30,667
2018,Delhi,RAJPUR ROAD/VIU BURARI - DL51( 08-APR-2016 ),3,CASH VAN,2,0,0,1,1,1,1,0,0,0,0,0,6
2018,Delhi,RAJPUR ROAD/VIU BURARI - DL51( 08-APR-2016 ),4,GOODS CARRIER,"1,773","1,592","1,495","1,750","1,391","1,203","1,336","1,456","1,729","2,143","1,744","1,742","19,354"
2018,Delhi,RAJPUR ROAD/VIU BURARI - DL51( 08-APR-2016 ),5,MAXI CAB,5,3,1,1,2,1,24,5,1,0,2,0,45
2018,Delhi,RAJPUR ROAD/VIU BURARI - DL51( 08-APR-2016 ),6,MOTOR CAB,3,0,0,0,0,0,1,0,0,0,0,0,4
2018,Delhi,RAJPUR ROAD/VIU BURARI - DL51( 08-APR-2016 ),7,THREE WHEELER (GOODS),122,114,153,134,125,114,151,175,175,233,209,162,"1,867"
2018,Delhi,ROHINI - DL11( 14-AUG-2015 ),1,ADAPTED VEHICLE,0,0,0,0,2,0,0,1,1,0,1,0,5
2018,Delhi,ROHINI - DL11( 14-AUG-2015 ),2,E-RICKSHAW(P),428,265,306,287,277,235,343,368,432,470,348,231,"3,990"
2018,Delhi,ROHINI - DL11( 14-AUG-2015 ),3,E-RICKSHAW WITH CART (G),9,18,9,11,16,6,17,11,9,12,17,13,148
2018,Delhi,ROHINI - DL11( 14-AUG-2015 ),4,M-CYCLE/SCOOTER,"4,640","3,249","3,519","3,547","3,412","2,783","3,221","3,689","2,569","3,006","4,978","2,508","41,121"
2018,Delhi,ROHINI - DL11( 14-AUG-2015 ),5,M-CYCLE/SCOOTER-WITH SIDE CAR,2,6,3,3,4,1,1,4,0,1,0,1,26
2018,Delhi,ROHINI - DL11( 14-AUG-2015 ),6,MOPED,64,50,59,39,5,0,0,0,0,0,0,0,217
2018,Delhi,ROHINI - DL11( 14-AUG-2015 ),7,MOTOR CAR,331,266,265,242,254,275,355,277,256,270,302,522,"3,615"
2018,Delhi,SARAI KALE KHAN - DL6( 10-SEP-2015 ),1,ADAPTED VEHICLE,2,0,2,0,2,1,1,0,1,0,3,0,12
2018,Delhi,SARAI KALE KHAN - DL6( 10-SEP-2015 ),2,E-RICKSHAW(P),76,32,69,59,78,46,74,71,97,77,80,51,810
2018,Delhi,SARAI KALE KHAN - DL6( 10-SEP-2015 ),3,E-RICKSHAW WITH CART (G),5,1,0,2,4,0,1,1,3,3,0,2,22
2018,Delhi,SARAI KALE KHAN - DL6( 10-SEP-2015 ),4,M-CYCLE/SCOOTER,"2,492","2,356","2,614","3,113","2,576","2,166","2,092","2,174","1,768","2,114","3,434","1,744","28,643"
2018,Delhi,SARAI KALE KHAN - DL6( 10-SEP-2015 ),5,MOPED,0,0,0,0,0,2,0,0,0,0,0,1,3
2018,Delhi,SARAI KALE KHAN - DL6( 10-SEP-2015 ),6,MOTOR CAR,608,615,602,622,529,486,467,494,498,624,774,939,"7,258"
2018,Delhi,SOUTH DELHI - DL3( 15-SEP-2015 ),1,ADAPTED VEHICLE,1,2,0,3,1,1,0,0,0,0,0,1,9
2018,Delhi,SOUTH DELHI - DL3( 15-SEP-2015 ),2,E-RICKSHAW(P),99,86,57,119,67,40,74,103,132,170,101,91,"1,139"
2018,Delhi,SOUTH DELHI - DL3( 15-SEP-2015 ),3,E-RICKSHAW WITH CART (G),3,3,5,3,4,3,17,13,14,10,12,16,103
2018,Delhi,SOUTH DELHI - DL3( 15-SEP-2015 ),4,M-CYCLE/SCOOTER,"7,359","6,430","7,015","7,252","7,131","7,185","7,712","7,904","7,097","7,212","10,852","5,682","88,831"
2018,Delhi,SOUTH DELHI - DL3( 15-SEP-2015 ),5,MOPED,0,0,0,0,1,0,0,0,0,3,1,0,5
2018,Delhi,SOUTH DELHI - DL3( 15-SEP-2015 ),6,MOTOR CAR,"1,863","1,460","1,585","1,473","1,673","1,597","1,420","1,599","1,150","1,327","1,528","1,861","18,536"
2018,Delhi,SOUTH DELHI - DL3( 15-SEP-2015 ),7,THREE WHEELER (PERSONAL),0,0,0,1,0,0,0,0,0,0,0,0,1
2018,Delhi,SURAJMAL VIHAR - DL13( 26-JUN-2015 ),1,ADAPTED VEHICLE,0,1,0,1,0,1,0,1,0,0,0,1,5
2018,Delhi,SURAJMAL VIHAR - DL13( 26-JUN-2015 ),2,E-RICKSHAW(P),57,75,66,63,61,46,76,67,65,101,62,46,785
2018,Delhi,SURAJMAL VIHAR - DL13( 26-JUN-2015 ),3,E-RICKSHAW WITH CART (G),9,4,6,4,3,11,6,7,8,21,19,3,101
2018,Delhi,SURAJMAL VIHAR - DL13( 26-JUN-2015 ),4,M-CYCLE/SCOOTER,"2,754","2,162","2,427","2,490","2,226","2,572","2,544","2,194","1,791","2,322","3,257","1,344","28,083"
2018,Delhi,SURAJMAL VIHAR - DL13( 26-JUN-2015 ),5,M-CYCLE/SCOOTER-WITH SIDE CAR,0,0,0,0,0,0,0,0,1,0,0,0,1
2018,Delhi,SURAJMAL VIHAR - DL13( 26-JUN-2015 ),6,MOPED,0,0,1,0,6,1,4,0,0,0,0,0,12
2018,Delhi,SURAJMAL VIHAR - DL13( 26-JUN-2015 ),7,MOTOR CAR,562,478,488,414,349,400,371,323,265,350,379,441,"4,820"
2018,Delhi,SURAJMAL VIHAR - DL13( 26-JUN-2015 ),8,MOTORISED CYCLE (CC > 25CC),0,0,0,0,0,0,2,0,0,0,0,0,2
2018,Delhi,VASANT VIHAR - DL12( 01-JUN-2015 ),1,ADAPTED VEHICLE,0,1,0,0,1,0,0,0,2,0,0,0,4
2018,Delhi,VASANT VIHAR - DL12( 01-JUN-2015 ),2,E-RICKSHAW(P),11,3,8,3,5,6,5,3,3,20,9,2,78
2018,Delhi,VASANT VIHAR - DL12( 01-JUN-2015 ),3,E-RICKSHAW WITH CART (G),0,0,0,0,0,1,0,0,0,1,0,0,2
2018,Delhi,VASANT VIHAR - DL12( 01-JUN-2015 ),4,M-CYCLE/SCOOTER,"1,629","1,063",814,"1,034",927,888,"1,459","1,326",857,"1,237","1,645",462,"13,341"
2018,Delhi,VASANT VIHAR - DL12( 01-JUN-2015 ),5,M-CYCLE/SCOOTER-WITH SIDE CAR,1,0,1,0,0,0,0,0,0,0,0,0,2
2018,Delhi,VASANT VIHAR - DL12( 01-JUN-2015 ),6,MOTOR CAR,"1,637","1,260","1,291","1,260","1,183","1,287","1,272","1,179",933,"1,286","1,428","1,773","15,789"
2018,Delhi,VASANT VIHAR - DL12( 01-JUN-2015 ),7,MOTORISED CYCLE (CC > 25CC),0,0,0,0,0,0,0,0,1,0,0,0,1
2018,Delhi,VASANT VIHAR - DL12( 01-JUN-2015 ),8,THREE WHEELER (PERSONAL),0,0,0,0,0,0,1,0,0,0,0,0,1
2018,Delhi,WAZIRPUR - DL8( 17-SEP-2015 ),1,ADAPTED VEHICLE,2,2,1,3,1,4,5,11,1,0,3,3,36
2018,Delhi,WAZIRPUR - DL8( 17-SEP-2015 ),2,E-RICKSHAW(P),182,139,134,137,135,145,144,215,226,229,179,224,"2,089"
2018,Delhi,WAZIRPUR - DL8( 17-SEP-2015 ),3,E-RICKSHAW WITH CART (G),5,12,14,22,11,10,18,15,5,8,10,11,141
2018,Delhi,WAZIRPUR - DL8( 17-SEP-2015 ),4,M-CYCLE/SCOOTER,"5,132","4,399","4,239","4,856","5,045","4,818","5,222","5,642","4,294","5,526","8,696","2,084","59,953"
2018,Delhi,WAZIRPUR - DL8( 17-SEP-2015 ),5,MOPED,67,51,49,63,60,58,57,73,41,69,58,36,682
2018,Delhi,WAZIRPUR - DL8( 17-SEP-2015 ),6,MOTOR CAR,"3,291","2,450","2,620","2,331","2,735","2,603","2,352","2,255","1,859","2,254","2,704","2,329","29,783"
2017,Delhi,BURARI AUTO UNIT - DL53( 08-APR-2016 ),1,MOTOR CAB,0,0,0,0,0,0,1,9,28,42,77,45,202
2017,Delhi,BURARI AUTO UNIT - DL53( 08-APR-2016 ),2,THREE WHEELER (PASSENGER),511,409,381,361,440,340,367,724,625,340,"2,409","2,110","9,017"
2017,Delhi,BURARI TAXI UNIT - DL52( 08-APR-2016 ),1,MAXI CAB,5,4,7,7,3,2,3,2,0,0,2,0,35
2017,Delhi,BURARI TAXI UNIT - DL52( 08-APR-2016 ),2,MOTOR CAB,"1,384","1,186","1,255",870,576,344,70,366,414,406,523,473,"7,867"
2017,Delhi,DWARKA - DL9( 28-JUL-2015 ),1,ADAPTED VEHICLE,0,0,0,0,0,0,0,1,0,0,0,1,2
2017,Delhi,DWARKA - DL9( 28-JUL-2015 ),2,E-RICKSHAW(P),213,234,266,113,183,164,223,243,203,263,295,214,"2,614"
2017,Delhi,DWARKA - DL9( 28-JUL-2015 ),3,E-RICKSHAW WITH CART (G),0,0,4,9,3,5,5,4,3,2,9,5,49
2017,Delhi,DWARKA - DL9( 28-JUL-2015 ),4,M-CYCLE/SCOOTER,"4,184","3,398","3,660","3,680","3,511","3,382","4,166","3,866","3,494","6,099","5,004","2,159","46,603"
2017,Delhi,DWARKA - DL9( 28-JUL-2015 ),5,M-CYCLE/SCOOTER-WITH SIDE CAR,2,0,0,0,0,0,0,0,0,0,0,0,2
2017,Delhi,DWARKA - DL9( 28-JUL-2015 ),6,MOPED,46,23,31,41,53,39,44,41,50,61,51,32,512
2017,Delhi,DWARKA - DL9( 28-JUL-2015 ),7,MOTOR CAR,"1,473","1,461","1,654","1,620","1,674","2,214","1,588","1,556","1,799","1,828","1,508","1,860","20,235"
2017,Delhi,I P ESTATE - DL2( 01-JUN-2015 ),1,E-RICKSHAW(P),4,6,1,4,4,2,0,2,3,1,0,3,30
2017,Delhi,I P ESTATE - DL2( 01-JUN-2015 ),2,E-RICKSHAW WITH CART (G),0,0,0,0,1,3,0,0,0,0,0,0,4
2017,Delhi,I P ESTATE - DL2( 01-JUN-2015 ),3,M-CYCLE/SCOOTER,"1,427","1,473",482,95,339,225,203,164,68,66,82,63,"4,687"
2017,Delhi,I P ESTATE - DL2( 01-JUN-2015 ),4,MOTOR CAR,"1,717","1,741","1,252","1,211","1,406","1,477","1,271","1,158","1,337","1,391","1,250","1,208","16,419"
2017,Delhi,I P ESTATE - DL2( 01-JUN-2015 ),5,THREE WHEELER (PERSONAL),0,0,4,0,0,0,0,0,0,0,0,0,4
2017,Delhi,JANAKPURI - DL4( 24-JUL-2015 ),1,E-RICKSHAW(P),175,167,165,181,163,150,182,170,148,23,88,96,"1,708"
2017,Delhi,JANAKPURI - DL4( 24-JUL-2015 ),2,E-RICKSHAW WITH CART (G),2,1,0,0,0,3,3,0,5,0,1,2,17
2017,Delhi,JANAKPURI - DL4( 24-JUL-2015 ),3,M-CYCLE/SCOOTER,"3,221","2,689","2,512","3,000","2,758","2,548","2,581","2,680","3,088","5,848","2,564","1,345","34,834"
2017,Delhi,JANAKPURI - DL4( 24-JUL-2015 ),4,M-CYCLE/SCOOTER-WITH SIDE CAR,1,0,0,1,1,0,0,3,0,4,0,0,10
2017,Delhi,JANAKPURI - DL4( 24-JUL-2015 ),5,MOPED,23,20,5,20,21,16,7,34,46,22,9,5,228
2017,Delhi,JANAKPURI - DL4( 24-JUL-2015 ),6,MOTOR CAR,817,652,709,527,470,584,412,434,518,528,380,516,"6,547"
2017,Delhi,LONI ROAD - DL5( 09-SEP-2015 ),1,ADAPTED VEHICLE,0,0,0,1,0,0,0,0,0,0,0,0,1
2017,Delhi,LONI ROAD - DL5( 09-SEP-2015 ),2,E-RICKSHAW(P),294,233,194,187,217,210,237,144,216,61,108,216,"2,317"
2017,Delhi,LONI ROAD - DL5( 09-SEP-2015 ),3,E-RICKSHAW WITH CART (G),4,4,6,7,18,20,11,1,5,2,4,7,89
2017,Delhi,LONI ROAD - DL5( 09-SEP-2015 ),4,M-CYCLE/SCOOTER,"6,228","5,241","5,604","5,489","5,312","4,985","5,787","5,076","4,560","9,709","7,207","2,726","67,924"
2017,Delhi,LONI ROAD - DL5( 09-SEP-2015 ),5,M-CYCLE/SCOOTER-WITH SIDE CAR,2,0,0,0,0,0,0,0,0,0,0,0,2
2017,Delhi,LONI ROAD - DL5( 09-SEP-2015 ),6,MOPED,148,103,123,120,120,112,154,112,103,147,194,68,"1,504"
2017,Delhi,LONI ROAD - DL5( 09-SEP-2015 ),7,MOTOR CAR,998,933,746,565,655,623,700,566,670,760,799,484,"8,499"
2017,Delhi,MALL ROAD - DL1( 12-OCT-2015 ),1,ADAPTED VEHICLE,13,13,12,10,11,7,5,7,10,6,2,3,99
2017,Delhi,MALL ROAD - DL1( 12-OCT-2015 ),2,AGRICULTURAL TRACTOR,2,0,5,0,0,0,0,1,0,1,1,0,10
2017,Delhi,MALL ROAD - DL1( 12-OCT-2015 ),3,E-RICKSHAW(P),84,76,103,90,107,64,84,49,89,74,136,38,994
2017,Delhi,MALL ROAD - DL1( 12-OCT-2015 ),4,E-RICKSHAW WITH CART (G),2,1,0,0,3,2,5,0,0,3,0,4,20
2017,Delhi,MALL ROAD - DL1( 12-OCT-2015 ),5,M-CYCLE/SCOOTER,"2,028","1,462","2,039","2,050","1,631","1,622","2,221","1,468","1,409","1,987","1,998","1,032","20,947"
2017,Delhi,MALL ROAD - DL1( 12-OCT-2015 ),6,M-CYCLE/SCOOTER-WITH SIDE CAR,0,1,0,0,0,1,0,0,0,0,0,0,2
2017,Delhi,MALL ROAD - DL1( 12-OCT-2015 ),7,MOPED,0,0,0,0,0,0,0,0,0,1,0,0,1
2017,Delhi,MALL ROAD - DL1( 12-OCT-2015 ),8,MOTOR CAB,1,0,1,0,0,0,0,0,0,0,0,0,2
2017,Delhi,MALL ROAD - DL1( 12-OCT-2015 ),9,MOTOR CAR,"2,498","2,195","2,370","2,043","1,887","2,287","1,801","1,445","1,470","1,618","1,482","1,598","22,694"
2017,Delhi,MAYUR VIHAR  - DL7( 29-JUN-2015 ),1,ADAPTED VEHICLE,0,0,0,0,0,0,1,1,0,0,0,0,2
2017,Delhi,MAYUR VIHAR  - DL7( 29-JUN-2015 ),2,E-RICKSHAW(P),62,68,42,29,65,44,69,57,55,83,114,64,752
2017,Delhi,MAYUR VIHAR  - DL7( 29-JUN-2015 ),3,E-RICKSHAW WITH CART (G),0,0,0,0,0,0,2,0,0,0,0,0,2
2017,Delhi,MAYUR VIHAR  - DL7( 29-JUN-2015 ),4,M-CYCLE/SCOOTER,"2,490","2,326","2,282","2,496","2,227","2,615","2,122","2,031","1,861","3,594","2,159","1,768","27,971"
2017,Delhi,MAYUR VIHAR  - DL7( 29-JUN-2015 ),5,M-CYCLE/SCOOTER-WITH SIDE CAR,1,1,0,2,0,0,4,1,4,2,1,0,16
2017,Delhi,MAYUR VIHAR  - DL7( 29-JUN-2015 ),6,MOPED,55,48,59,33,34,53,41,45,31,64,54,79,596
2017,Delhi,MAYUR VIHAR  - DL7( 29-JUN-2015 ),7,MOTOR CAR,503,396,434,360,303,580,349,332,474,474,376,347,"4,928"
2017,Delhi,MAYUR VIHAR  - DL7( 29-JUN-2015 ),8,MOTORISED CYCLE (CC > 25CC),0,0,0,0,0,2,0,0,0,0,0,0,2
2017,Delhi,RAJOURI GARDEN - DL10( 12-AUG-2015 ),1,ADAPTED VEHICLE,0,0,0,0,0,0,0,0,0,0,1,0,1
2017,Delhi,RAJOURI GARDEN - DL10( 12-AUG-2015 ),2,E-RICKSHAW(P),76,83,63,56,60,74,78,88,77,44,83,93,875
2017,Delhi,RAJOURI GARDEN - DL10( 12-AUG-2015 ),3,E-RICKSHAW WITH CART (G),0,2,1,1,0,0,0,1,0,1,2,2,10
2017,Delhi,RAJOURI GARDEN - DL10( 12-AUG-2015 ),4,M-CYCLE/SCOOTER,"1,474","1,046","1,829","1,618","1,640","1,891","1,650","1,423","1,907","2,703","2,988","1,265","21,434"
2017,Delhi,RAJOURI GARDEN - DL10( 12-AUG-2015 ),5,MOPED,0,0,0,0,0,0,1,0,0,1,1,0,3
2017,Delhi,RAJOURI GARDEN - DL10( 12-AUG-2015 ),6,MOTOR CAR,"1,197","1,192","1,325","1,222","1,249","1,759","1,403","1,503","1,412","1,478","1,218","1,677","16,635"
2017,Delhi,RAJPUR ROAD/VIU BURARI - DL51( 08-APR-2016 ),1,AMBULANCE,9,47,2,4,6,6,13,5,4,0,6,8,110
2017,Delhi,RAJPUR ROAD/VIU BURARI - DL51( 08-APR-2016 ),2,BUS,70,71,163,151,83,123,157,61,54,44,31,34,"1,042"
2017,Delhi,RAJPUR ROAD/VIU BURARI - DL51( 08-APR-2016 ),3,CASH VAN,11,2,0,0,0,0,0,0,3,7,0,0,23
2017,Delhi,RAJPUR ROAD/VIU BURARI - DL51( 08-APR-2016 ),4,GOODS CARRIER,892,"1,052","1,237",971,"1,015",991,897,"1,011","1,136","1,479","1,501","1,139","13,321"
2017,Delhi,RAJPUR ROAD/VIU BURARI - DL51( 08-APR-2016 ),5,MAXI CAB,15,6,3,5,1,4,0,1,4,3,10,0,52
2017,Delhi,RAJPUR ROAD/VIU BURARI - DL51( 08-APR-2016 ),6,MOTOR CAB,1,0,1,3,0,1,0,0,2,0,0,1,9
2017,Delhi,RAJPUR ROAD/VIU BURARI - DL51( 08-APR-2016 ),7,OMNI BUS,2,0,5,2,1,1,3,0,0,0,0,0,14
2017,Delhi,RAJPUR ROAD/VIU BURARI - DL51( 08-APR-2016 ),8,THREE WHEELER (GOODS),323,499,988,90,79,66,83,81,79,88,122,48,"2,546"
2017,Delhi,ROHINI - DL11( 14-AUG-2015 ),1,ADAPTED VEHICLE,0,0,0,0,0,0,0,0,1,0,2,0,3
2017,Delhi,ROHINI - DL11( 14-AUG-2015 ),2,E-RICKSHAW(P),363,337,341,309,238,225,288,328,378,287,478,348,"3,920"
2017,Delhi,ROHINI - DL11( 14-AUG-2015 ),3,E-RICKSHAW WITH CART (G),3,6,3,7,8,7,5,8,8,7,8,14,84
2017,Delhi,ROHINI - DL11( 14-AUG-2015 ),4,M-CYCLE/SCOOTER,"3,154","2,894","3,314","2,643","2,954","2,638","3,026","3,027","2,978","7,550","4,227","1,733","40,138"
2017,Delhi,ROHINI - DL11( 14-AUG-2015 ),5,M-CYCLE/SCOOTER-WITH SIDE CAR,0,0,0,0,0,0,0,1,1,5,1,0,8
2017,Delhi,ROHINI - DL11( 14-AUG-2015 ),6,MOPED,70,78,120,54,106,91,109,76,48,145,133,53,"1,083"
2017,Delhi,ROHINI - DL11( 14-AUG-2015 ),7,MOTOR CAR,183,159,201,121,171,210,172,151,225,238,263,233,"2,327"
2017,Delhi,SARAI KALE KHAN - DL6( 10-SEP-2015 ),1,E-RICKSHAW(P),109,101,110,58,103,64,66,68,52,50,101,41,923
2017,Delhi,SARAI KALE KHAN - DL6( 10-SEP-2015 ),2,E-RICKSHAW WITH CART (G),0,0,4,0,2,1,0,1,1,1,1,3,14
2017,Delhi,SARAI KALE KHAN - DL6( 10-SEP-2015 ),3,M-CYCLE/SCOOTER,"1,887","1,797","2,022","2,545","2,297","2,059","1,951","2,017","2,308","3,790","2,338","1,645","26,656"
2017,Delhi,SARAI KALE KHAN - DL6( 10-SEP-2015 ),4,MOTOR CAR,"1,055",603,815,737,625,885,488,531,669,711,548,544,"8,211"
2017,Delhi,SOUTH DELHI - DL3( 15-SEP-2015 ),1,E-RICKSHAW(P),50,60,62,26,57,38,35,64,44,48,90,59,633
2017,Delhi,SOUTH DELHI - DL3( 15-SEP-2015 ),2,E-RICKSHAW WITH CART (G),0,0,0,2,1,4,1,8,1,2,7,1,27
2017,Delhi,SOUTH DELHI - DL3( 15-SEP-2015 ),3,M-CYCLE/SCOOTER,"7,349","6,282","6,820","6,288","6,935","6,267","6,224","7,299","6,785","11,559","8,068","4,474","84,350"
2017,Delhi,SOUTH DELHI - DL3( 15-SEP-2015 ),4,M-CYCLE/SCOOTER-WITH SIDE CAR,0,1,0,0,0,1,0,2,0,0,0,0,4
2017,Delhi,SOUTH DELHI - DL3( 15-SEP-2015 ),5,MOPED,6,2,0,0,1,1,1,9,1,1,1,2,25
2017,Delhi,SOUTH DELHI - DL3( 15-SEP-2015 ),6,MOTOR CAR,"1,498","1,399","1,861","1,505","1,290","1,810","1,530","1,220","1,571","1,793","1,621","1,519","18,617"
2017,Delhi,SOUTH DELHI - DL3( 15-SEP-2015 ),7,MOTORISED CYCLE (CC > 25CC),0,2,0,0,0,0,0,0,0,0,0,0,2
2017,Delhi,SURAJMAL VIHAR - DL13( 26-JUN-2015 ),1,E-RICKSHAW(P),42,54,43,62,62,45,75,56,73,59,73,47,691
2017,Delhi,SURAJMAL VIHAR - DL13( 26-JUN-2015 ),2,E-RICKSHAW WITH CART (G),1,1,1,3,7,1,1,1,3,3,2,0,24
2017,Delhi,SURAJMAL VIHAR - DL13( 26-JUN-2015 ),3,M-CYCLE/SCOOTER,"1,921","1,375","2,138","2,294","2,282","2,115","1,950","2,074","2,273","3,336","1,884","1,145","24,787"
2017,Delhi,SURAJMAL VIHAR - DL13( 26-JUN-2015 ),4,M-CYCLE/SCOOTER-WITH SIDE CAR,0,0,0,0,5,2,3,1,0,0,0,0,11
2017,Delhi,SURAJMAL VIHAR - DL13( 26-JUN-2015 ),5,MOPED,0,0,0,0,0,4,3,2,4,6,1,2,22
2017,Delhi,SURAJMAL VIHAR - DL13( 26-JUN-2015 ),6,MOTOR CAR,459,576,618,421,450,641,465,533,570,605,448,448,"6,234"
2017,Delhi,SURAJMAL VIHAR - DL13( 26-JUN-2015 ),7,MOTORISED CYCLE (CC > 25CC),0,0,0,0,0,0,0,2,0,0,0,0,2
2017,Delhi,VASANT VIHAR - DL12( 01-JUN-2015 ),1,E-RICKSHAW(P),4,18,8,4,3,4,7,3,5,6,5,2,69
2017,Delhi,VASANT VIHAR - DL12( 01-JUN-2015 ),2,E-RICKSHAW WITH CART (G),0,0,0,0,0,0,0,1,0,0,0,1,2
2017,Delhi,VASANT VIHAR - DL12( 01-JUN-2015 ),3,M-CYCLE/SCOOTER,"3,151","2,140","1,179","1,538","1,832","1,666","1,351","1,588","1,278","2,287","1,298",794,"20,102"
2017,Delhi,VASANT VIHAR - DL12( 01-JUN-2015 ),4,M-CYCLE/SCOOTER-WITH SIDE CAR,0,1,0,0,0,0,0,0,0,1,0,0,2
2017,Delhi,VASANT VIHAR - DL12( 01-JUN-2015 ),5,MOTOR CAR,"1,263","1,380","1,655","1,387","1,218","1,789","1,048","1,337","1,499","1,464","1,115","1,436","16,591"
2017,Delhi,WAZIRPUR - DL8( 17-SEP-2015 ),1,ADAPTED VEHICLE,0,0,0,0,0,0,0,0,1,0,0,1,2
2017,Delhi,WAZIRPUR - DL8( 17-SEP-2015 ),2,E-RICKSHAW(P),136,203,184,172,146,83,150,163,148,59,158,254,"1,856"
2017,Delhi,WAZIRPUR - DL8( 17-SEP-2015 ),3,E-RICKSHAW WITH CART (G),2,2,6,8,6,4,6,5,6,8,4,45,102
2017,Delhi,WAZIRPUR - DL8( 17-SEP-2015 ),4,M-CYCLE/SCOOTER,"5,615","4,702","4,563","4,374","4,872","4,663","4,456","4,128","3,230","6,109","5,308","2,395","54,415"
2017,Delhi,WAZIRPUR - DL8( 17-SEP-2015 ),5,MOPED,117,100,124,70,94,102,80,89,44,52,96,60,"1,028"
2017,Delhi,WAZIRPUR - DL8( 17-SEP-2015 ),6,MOTOR CAR,"3,140","2,849","2,639","2,723","2,457","3,246","2,699","2,173","2,662","2,866","2,519","2,556","32,529"
2016,Delhi,BURARI AUTO UNIT - DL53( 08-APR-2016 ),1,THREE WHEELER (PASSENGER),120,415,"1,585",809,727,"1,026","1,817","1,375",916,980,586,517,"10,873"
2016,Delhi,BURARI TAXI UNIT - DL52( 08-APR-2016 ),1,LUXURY CAB,0,0,6,44,25,1,0,0,0,0,0,0,76
2016,Delhi,BURARI TAXI UNIT - DL52( 08-APR-2016 ),2,MAXI CAB,6,9,22,12,4,7,6,0,3,3,1,2,75
2016,Delhi,BURARI TAXI UNIT - DL52( 08-APR-2016 ),3,MOTOR CAB,"1,406","1,590","1,507","1,194","1,955","1,681","1,293","1,413","1,730","1,427",709,"1,123","17,028"
2016,Delhi,DWARKA - DL9( 28-JUL-2015 ),1,E-RICKSHAW(P),63,89,265,137,114,160,159,200,143,229,184,219,"1,962"
2016,Delhi,DWARKA - DL9( 28-JUL-2015 ),2,M-CYCLE/SCOOTER,"3,866","3,445","3,096","3,939","3,768","3,509","3,497","2,660","4,082","5,512","5,791","1,981","45,146"
2016,Delhi,DWARKA - DL9( 28-JUL-2015 ),3,M-CYCLE/SCOOTER-WITH SIDE CAR,0,0,0,0,0,0,0,0,0,1,0,0,1
2016,Delhi,DWARKA - DL9( 28-JUL-2015 ),4,MOPED,30,19,18,15,30,41,43,23,63,36,48,29,395
2016,Delhi,DWARKA - DL9( 28-JUL-2015 ),5,MOTOR CAR,"1,076","1,375","1,352","1,289","1,230","1,144","1,304","1,114",865,"2,238",818,"1,384","15,189"
2016,Delhi,I P ESTATE - DL2( 01-JUN-2015 ),1,E-RICKSHAW(P),4,6,4,3,4,3,1,3,4,6,1,1,40
2016,Delhi,I P ESTATE - DL2( 01-JUN-2015 ),2,M-CYCLE/SCOOTER,"1,315",730,933,"1,302","1,526","1,510","1,581","1,250","1,054","1,345","1,498",767,"14,811"
2016,Delhi,I P ESTATE - DL2( 01-JUN-2015 ),3,M-CYCLE/SCOOTER-WITH SIDE CAR,0,1,0,1,0,0,0,0,0,0,0,1,3
2016,Delhi,I P ESTATE - DL2( 01-JUN-2015 ),4,MOPED,16,6,0,0,0,0,0,0,4,0,2,2,30
2016,Delhi,I P ESTATE - DL2( 01-JUN-2015 ),5,MOTOR CAR,"1,198","1,287","1,464","1,196","1,524","1,166","1,465","1,262",903,"1,905","1,223","1,315","15,908"
2016,Delhi,I P ESTATE - DL2( 01-JUN-2015 ),6,THREE WHEELER (PERSONAL),0,0,0,0,0,0,0,0,0,0,2,0,2
2016,Delhi,JANAKPURI - DL4( 24-JUL-2015 ),1,E-RICKSHAW(P),92,141,274,169,169,233,210,195,180,335,196,231,"2,425"
2016,Delhi,JANAKPURI - DL4( 24-JUL-2015 ),2,M-CYCLE/SCOOTER,"2,247","1,835","1,848","2,490","2,520","2,500","2,347","3,047","1,895","4,367","4,144","1,588","30,828"
2016,Delhi,JANAKPURI - DL4( 24-JUL-2015 ),3,M-CYCLE/SCOOTER-WITH SIDE CAR,0,0,0,1,0,0,0,0,0,0,0,1,2
2016,Delhi,JANAKPURI - DL4( 24-JUL-2015 ),4,MOPED,0,0,3,7,14,30,18,40,34,28,39,20,233
2016,Delhi,JANAKPURI - DL4( 24-JUL-2015 ),5,MOTOR CAR,602,699,713,602,601,616,566,511,340,967,455,804,"7,476"
2016,Delhi,JANAKPURI - DL4( 24-JUL-2015 ),6,MOTORISED CYCLE (CC > 25CC),0,0,0,0,0,0,0,0,1,0,0,0,1
2016,Delhi,LONI ROAD - DL5( 09-SEP-2015 ),1,E-RICKSHAW(P),186,228,507,256,280,391,314,367,274,535,241,264,"3,843"
2016,Delhi,LONI ROAD - DL5( 09-SEP-2015 ),2,M-CYCLE/SCOOTER,"5,999","5,317","4,975","5,820","4,988","4,304","4,831","4,621","3,572","7,366","6,877","2,636","61,306"
2016,Delhi,LONI ROAD - DL5( 09-SEP-2015 ),3,M-CYCLE/SCOOTER-WITH SIDE CAR,0,0,0,0,1,0,0,0,0,0,0,1,2
2016,Delhi,LONI ROAD - DL5( 09-SEP-2015 ),4,MOPED,81,65,62,62,129,159,184,147,156,177,177,57,"1,456"
2016,Delhi,LONI ROAD - DL5( 09-SEP-2015 ),5,MOTOR CAR,442,353,357,426,482,442,485,416,328,778,537,629,"5,675"
2016,Delhi,MALL ROAD - DL1( 12-OCT-2015 ),1,ADAPTED VEHICLE,9,7,10,5,6,3,2,4,6,18,7,7,84
2016,Delhi,MALL ROAD - DL1( 12-OCT-2015 ),2,AGRICULTURAL TRACTOR,5,3,5,1,5,4,4,4,1,0,5,1,38
2016,Delhi,MALL ROAD - DL1( 12-OCT-2015 ),3,E-RICKSHAW(P),106,109,229,116,138,154,160,230,144,223,188,144,"1,941"
2016,Delhi,MALL ROAD - DL1( 12-OCT-2015 ),4,M-CYCLE/SCOOTER,"2,122","2,413","1,689","1,419","1,816","1,765","1,922","1,936","1,930","2,909","2,791","1,250","23,962"
2016,Delhi,MALL ROAD - DL1( 12-OCT-2015 ),5,M-CYCLE/SCOOTER-WITH SIDE CAR,0,0,0,0,1,0,1,2,0,0,0,0,4
2016,Delhi,MALL ROAD - DL1( 12-OCT-2015 ),6,MOPED,2,4,2,0,0,0,0,0,0,0,0,0,8
2016,Delhi,MALL ROAD - DL1( 12-OCT-2015 ),7,MOTOR CAB,1,0,1,0,1,1,1,0,0,0,0,0,5
2016,Delhi,MALL ROAD - DL1( 12-OCT-2015 ),8,MOTOR CAR,"2,647","2,878","3,028","2,666","3,309","2,599","2,517","2,585","2,285","3,183","1,826","2,133","31,656"
2016,Delhi,MALL ROAD - DL1( 12-OCT-2015 ),9,MOTORISED CYCLE (CC > 25CC),0,0,0,0,0,0,0,0,1,0,0,0,1
2016,Delhi,MAYUR VIHAR  - DL7( 29-JUN-2015 ),1,E-RICKSHAW(P),33,35,77,47,67,42,62,46,41,83,26,19,578
2016,Delhi,MAYUR VIHAR  - DL7( 29-JUN-2015 ),2,M-CYCLE/SCOOTER,"2,166","2,186","2,214","2,683","2,383","2,170","2,436","2,226","1,707","3,458","2,946","1,300","27,875"
2016,Delhi,MAYUR VIHAR  - DL7( 29-JUN-2015 ),3,M-CYCLE/SCOOTER-WITH SIDE CAR,5,1,0,0,0,0,0,1,1,3,3,0,14
2016,Delhi,MAYUR VIHAR  - DL7( 29-JUN-2015 ),4,MOPED,21,6,11,18,24,45,33,59,40,60,77,27,421
2016,Delhi,MAYUR VIHAR  - DL7( 29-JUN-2015 ),5,MOTOR CAR,333,389,510,334,307,341,331,371,139,542,218,297,"4,112"
2016,Delhi,RAJOURI GARDEN - DL10( 12-AUG-2015 ),1,E-RICKSHAW(P),78,116,178,57,78,103,99,89,64,143,75,79,"1,159"
2016,Delhi,RAJOURI GARDEN - DL10( 12-AUG-2015 ),2,M-CYCLE/SCOOTER,"1,444","1,275","1,113","1,536","1,395","1,332","1,389","1,377","1,017","1,837","1,210",780,"15,705"
2016,Delhi,RAJOURI GARDEN - DL10( 12-AUG-2015 ),3,MOTOR CAR,834,989,907,855,978,"1,015","1,057","1,143",771,"1,707",863,"1,009","12,128"
2016,Delhi,RAJPUR ROAD/VIU BURARI - DL51( 08-APR-2016 ),1,AMBULANCE,14,4,5,1,13,7,68,21,6,8,0,1,148
2016,Delhi,RAJPUR ROAD/VIU BURARI - DL51( 08-APR-2016 ),2,BUS,46,77,169,81,110,134,185,187,86,119,90,85,"1,369"
2016,Delhi,RAJPUR ROAD/VIU BURARI - DL51( 08-APR-2016 ),3,CASH VAN,0,0,0,0,0,4,1,3,0,4,7,2,21
2016,Delhi,RAJPUR ROAD/VIU BURARI - DL51( 08-APR-2016 ),4,EDUCATIONAL INSTITUTION BUS,0,0,0,0,2,0,0,0,0,0,0,0,2
2016,Delhi,RAJPUR ROAD/VIU BURARI - DL51( 08-APR-2016 ),5,FIRE FIGHTING VEHICLE,0,0,0,0,0,0,0,0,0,9,0,0,9
2016,Delhi,RAJPUR ROAD/VIU BURARI - DL51( 08-APR-2016 ),6,FIRE TENDERS,0,0,0,0,0,1,0,0,0,0,0,0,1
2016,Delhi,RAJPUR ROAD/VIU BURARI - DL51( 08-APR-2016 ),7,GOODS CARRIER,818,866,884,729,"1,174",923,827,859,"1,042","1,218",924,573,"10,837"
2016,Delhi,RAJPUR ROAD/VIU BURARI - DL51( 08-APR-2016 ),8,LUXURY CAB,0,0,2,0,0,2,0,0,0,0,0,0,4
2016,Delhi,RAJPUR ROAD/VIU BURARI - DL51( 08-APR-2016 ),9,MAXI CAB,14,8,17,26,17,6,2,0,6,15,6,7,124
2016,Delhi,RAJPUR ROAD/VIU BURARI - DL51( 08-APR-2016 ),10,MOBILE WORKSHOP,0,0,2,0,0,0,0,0,0,0,0,0,2
2016,Delhi,RAJPUR ROAD/VIU BURARI - DL51( 08-APR-2016 ),11,MOTOR CAB,25,1,137,6,1,0,2,0,2,1,2,4,181
2016,Delhi,RAJPUR ROAD/VIU BURARI - DL51( 08-APR-2016 ),12,OMNI BUS,0,0,0,0,0,0,0,0,1,0,1,8,10
2016,Delhi,RAJPUR ROAD/VIU BURARI - DL51( 08-APR-2016 ),13,RECOVERY VEHICLE,0,0,0,1,2,8,8,9,3,0,0,0,31
2016,Delhi,RAJPUR ROAD/VIU BURARI - DL51( 08-APR-2016 ),14,THREE WHEELER (GOODS),286,272,276,201,326,332,286,323,372,504,238,156,"3,572"
2016,Delhi,RAJPUR ROAD/VIU BURARI - DL51( 08-APR-2016 ),15,THREE WHEELER (PASSENGER),0,0,235,0,0,0,0,0,0,0,0,0,235
2016,Delhi,ROHINI - DL11( 14-AUG-2015 ),1,E-RICKSHAW(P),259,349,525,255,369,444,401,538,431,635,380,331,"4,917"
2016,Delhi,ROHINI - DL11( 14-AUG-2015 ),2,E-RICKSHAW WITH CART (G),0,0,0,0,0,0,0,0,0,0,1,0,1
2016,Delhi,ROHINI - DL11( 14-AUG-2015 ),3,M-CYCLE/SCOOTER,"2,494","2,434","2,922","3,456","2,768","2,463","2,746","1,592","2,458","3,878","3,937","1,258","32,406"
2016,Delhi,ROHINI - DL11( 14-AUG-2015 ),4,M-CYCLE/SCOOTER-WITH SIDE CAR,0,1,0,2,1,0,0,1,0,2,1,0,8
2016,Delhi,ROHINI - DL11( 14-AUG-2015 ),5,MOPED,44,20,37,53,81,94,87,50,92,153,95,29,835
2016,Delhi,ROHINI - DL11( 14-AUG-2015 ),6,MOTOR CAR,68,96,99,125,156,91,91,113,99,113,110,66,"1,227"
2016,Delhi,ROHINI - DL11( 14-AUG-2015 ),7,MOTORISED CYCLE (CC > 25CC),0,0,0,0,0,0,0,0,1,0,0,0,1
2016,Delhi,SARAI KALE KHAN - DL6( 10-SEP-2015 ),1,ADAPTED VEHICLE,0,0,0,0,0,0,0,0,0,1,0,0,1
2016,Delhi,SARAI KALE KHAN - DL6( 10-SEP-2015 ),2,E-RICKSHAW(P),72,86,95,42,64,69,98,117,67,145,150,131,"1,136"
2016,Delhi,SARAI KALE KHAN - DL6( 10-SEP-2015 ),3,M-CYCLE/SCOOTER,"1,647","1,596","1,439","1,960","1,934","1,739","1,435","1,623","1,333","2,666","2,042",912,"20,326"
2016,Delhi,SARAI KALE KHAN - DL6( 10-SEP-2015 ),4,MOPED,0,0,0,0,0,0,0,0,1,0,0,0,1
2016,Delhi,SARAI KALE KHAN - DL6( 10-SEP-2015 ),5,MOTOR CAR,379,178,269,436,320,297,432,410,278,779,297,686,"4,761"
2016,Delhi,SOUTH DELHI - DL3( 15-SEP-2015 ),1,E-RICKSHAW(P),46,68,72,32,52,47,35,53,29,47,82,63,626
2016,Delhi,SOUTH DELHI - DL3( 15-SEP-2015 ),2,M-CYCLE/SCOOTER,"5,832","5,624","5,278","6,547","6,107","5,747","6,051","5,974","4,775","8,775","9,391","3,487","73,588"
2016,Delhi,SOUTH DELHI - DL3( 15-SEP-2015 ),3,M-CYCLE/SCOOTER-WITH SIDE CAR,1,0,1,5,0,3,0,3,1,0,1,0,15
2016,Delhi,SOUTH DELHI - DL3( 15-SEP-2015 ),4,MOPED,13,37,43,25,48,49,34,48,38,50,51,10,446
2016,Delhi,SOUTH DELHI - DL3( 15-SEP-2015 ),5,MOTOR CAR,"1,498","1,402","1,327","1,390","1,014","1,118","1,105","1,127",831,"1,600",961,"1,306","14,679"
2016,Delhi,SOUTH DELHI - DL3( 15-SEP-2015 ),6,MOTORISED CYCLE (CC > 25CC),0,0,0,0,2,0,0,0,0,0,0,0,2
2016,Delhi,SURAJMAL VIHAR - DL13( 26-JUN-2015 ),1,E-RICKSHAW(P),28,27,124,47,47,74,44,49,23,65,22,48,598
2016,Delhi,SURAJMAL VIHAR - DL13( 26-JUN-2015 ),2,M-CYCLE/SCOOTER,"1,521","1,285",848,"1,614","1,143","1,000","1,550","1,451","1,541","2,157","1,598",891,"16,599"
2016,Delhi,SURAJMAL VIHAR - DL13( 26-JUN-2015 ),3,M-CYCLE/SCOOTER-WITH SIDE CAR,0,0,0,14,1,0,0,4,0,0,0,0,19
2016,Delhi,SURAJMAL VIHAR - DL13( 26-JUN-2015 ),4,MOPED,13,8,3,3,3,24,13,13,1,0,0,0,81
2016,Delhi,SURAJMAL VIHAR - DL13( 26-JUN-2015 ),5,MOTOR CAR,392,533,553,477,377,366,439,409,285,657,373,487,"5,348"
2016,Delhi,SURAJMAL VIHAR - DL13( 26-JUN-2015 ),6,MOTORISED CYCLE (CC > 25CC),0,0,0,0,0,0,1,0,0,0,0,0,1
2016,Delhi,VASANT VIHAR - DL12( 01-JUN-2015 ),1,E-RICKSHAW(P),4,0,14,6,1,4,3,4,5,5,3,2,51
2016,Delhi,VASANT VIHAR - DL12( 01-JUN-2015 ),2,M-CYCLE/SCOOTER,"3,436","2,659","1,999","2,610","2,198","2,470","2,683","2,848","2,102","4,198","4,680","1,400","33,283"
2016,Delhi,VASANT VIHAR - DL12( 01-JUN-2015 ),3,M-CYCLE/SCOOTER-WITH SIDE CAR,0,0,0,0,1,0,0,0,0,0,1,0,2
2016,Delhi,VASANT VIHAR - DL12( 01-JUN-2015 ),4,MOPED,47,51,44,16,9,1,0,0,1,0,0,0,169
2016,Delhi,VASANT VIHAR - DL12( 01-JUN-2015 ),5,MOTOR CAR,989,"1,122","1,240",995,"1,118","1,024","1,138","1,133",748,"1,933",833,"1,416","13,689"
2016,Delhi,WAZIRPUR - DL8( 17-SEP-2015 ),1,E-RICKSHAW(P),104,126,250,150,197,217,264,296,181,224,141,157,"2,307"
2016,Delhi,WAZIRPUR - DL8( 17-SEP-2015 ),2,M-CYCLE/SCOOTER,"5,014","4,367","3,814","4,946","4,728","4,395","4,698","4,436","3,216","6,607","7,417","2,458","56,096"
2016,Delhi,WAZIRPUR - DL8( 17-SEP-2015 ),3,MOPED,86,73,46,50,105,96,136,120,86,125,154,48,"1,125"
2016,Delhi,WAZIRPUR - DL8( 17-SEP-2015 ),4,MOTOR CAR,"2,763","2,793","3,007","2,925","2,467","2,458","2,654","2,393","1,745","3,613","2,381","2,295","31,494"
2015,Delhi,BURARI AUTO UNIT - DL53( 08-APR-2016 ),1,THREE WHEELER (PASSENGER),"1,614","1,034","1,200",846,"1,156","2,589","2,453","1,420","1,426","1,585","1,364",852,"17,539"
2015,Delhi,BURARI TAXI UNIT - DL52( 08-APR-2016 ),1,LUXURY CAB,5,3,12,4,9,4,6,5,1,5,3,2,59
2015,Delhi,BURARI TAXI UNIT - DL52( 08-APR-2016 ),2,MAXI CAB,33,40,33,58,82,54,45,14,11,6,5,6,387
2015,Delhi,BURARI TAXI UNIT - DL52( 08-APR-2016 ),3,MOTOR CAB,421,341,431,504,554,649,769,671,864,"1,017","1,007","1,082","8,310"
2015,Delhi,DWARKA - DL9( 28-JUL-2015 ),1,E-RICKSHAW(P),0,0,0,0,0,0,3,10,32,54,34,86,219
2015,Delhi,DWARKA - DL9( 28-JUL-2015 ),2,M-CYCLE/SCOOTER,"3,103","2,639","2,888","2,836","2,935","4,351","2,602","3,610","3,582","3,788","5,536","2,327","40,197"
2015,Delhi,DWARKA - DL9( 28-JUL-2015 ),3,MOPED,25,15,21,29,28,21,34,12,12,33,46,17,293
2015,Delhi,DWARKA - DL9( 28-JUL-2015 ),4,MOTOR CAR,"1,513","1,082","1,253","1,542","1,369","1,747",937,976,"1,086","1,234","1,745","1,743","16,227"
2015,Delhi,I P ESTATE - DL2( 01-JUN-2015 ),1,E-RICKSHAW(P),0,0,0,2,0,0,0,1,1,2,3,2,11
2015,Delhi,I P ESTATE - DL2( 01-JUN-2015 ),2,M-CYCLE/SCOOTER,650,397,884,813,851,176,633,916,977,"1,115","2,100","1,290","10,802"
2015,Delhi,I P ESTATE - DL2( 01-JUN-2015 ),3,M-CYCLE/SCOOTER-WITH SIDE CAR,0,0,0,19,0,4,1,0,0,0,0,1,25
2015,Delhi,I P ESTATE - DL2( 01-JUN-2015 ),4,MOPED,7,4,8,3,1,0,2,0,37,23,91,81,257
2015,Delhi,I P ESTATE - DL2( 01-JUN-2015 ),5,MOTOR CAR,"1,535","1,176","1,421","1,314",879,99,"1,716",692,660,"1,336","1,612","1,675","14,115"
2015,Delhi,I P ESTATE - DL2( 01-JUN-2015 ),6,MOTORISED CYCLE (CC > 25CC),0,0,0,0,0,0,0,1,0,0,0,0,1
2015,Delhi,I P ESTATE - DL2( 01-JUN-2015 ),7,THREE WHEELER (PERSONAL),0,1,2,0,2,0,0,2,0,0,0,0,7
2015,Delhi,JANAKPURI - DL4( 24-JUL-2015 ),1,E-RICKSHAW(P),0,0,0,0,0,0,5,89,71,54,56,74,349
2015,Delhi,JANAKPURI - DL4( 24-JUL-2015 ),2,M-CYCLE/SCOOTER,"2,823","2,271","2,945","2,579","3,141","3,451","3,048","2,875","2,633","3,574","5,134","1,045","35,519"
2015,Delhi,JANAKPURI - DL4( 24-JUL-2015 ),3,M-CYCLE/SCOOTER-WITH SIDE CAR,0,0,0,0,1,1,0,1,1,2,0,0,6
2015,Delhi,JANAKPURI - DL4( 24-JUL-2015 ),4,MOPED,61,50,43,42,36,28,32,36,31,53,71,0,483
2015,Delhi,JANAKPURI - DL4( 24-JUL-2015 ),5,MOTOR CAR,"1,195",601,725,757,889,928,671,696,546,"1,071",912,950,"9,941"
2015,Delhi,LONI ROAD - DL5( 09-SEP-2015 ),1,E-RICKSHAW(P),0,0,0,3,13,0,19,22,89,68,103,200,517
2015,Delhi,LONI ROAD - DL5( 09-SEP-2015 ),2,M-CYCLE/SCOOTER,"5,714","4,600","5,255","4,733","5,450","5,813","5,143","5,243","4,218","4,620","7,900","2,735","61,424"
2015,Delhi,LONI ROAD - DL5( 09-SEP-2015 ),3,M-CYCLE/SCOOTER-WITH SIDE CAR,0,0,0,0,2,1,0,0,0,0,0,0,3
2015,Delhi,LONI ROAD - DL5( 09-SEP-2015 ),4,MOPED,109,70,98,76,0,0,4,12,69,49,54,55,596
2015,Delhi,LONI ROAD - DL5( 09-SEP-2015 ),5,MOTOR CAR,799,305,558,384,344,704,413,380,569,520,797,563,"6,336"
2015,Delhi,LONI ROAD - DL5( 09-SEP-2015 ),6,THREE WHEELER (PERSONAL),0,0,0,0,2,0,0,0,0,2,0,0,4
2015,Delhi,MALL ROAD - DL1( 12-OCT-2015 ),1,ADAPTED VEHICLE,3,5,7,10,3,8,6,9,7,2,9,10,79
2015,Delhi,MALL ROAD - DL1( 12-OCT-2015 ),2,AGRICULTURAL TRACTOR,8,15,2,10,12,10,4,13,9,1,5,3,92
2015,Delhi,MALL ROAD - DL1( 12-OCT-2015 ),3,CRANE MOUNTED VEHICLE,0,0,0,0,0,0,0,0,0,0,0,1,1
2015,Delhi,MALL ROAD - DL1( 12-OCT-2015 ),4,E-RICKSHAW(P),0,0,0,0,0,0,5,51,70,99,128,111,464
2015,Delhi,MALL ROAD - DL1( 12-OCT-2015 ),5,M-CYCLE/SCOOTER,"1,381",973,"1,186","1,250","1,018","1,846","2,099","2,351","2,290","1,552","2,313","1,253","19,512"
2015,Delhi,MALL ROAD - DL1( 12-OCT-2015 ),6,M-CYCLE/SCOOTER-WITH SIDE CAR,0,0,0,1,0,1,0,0,0,1,1,0,4
2015,Delhi,MALL ROAD - DL1( 12-OCT-2015 ),7,MOPED,0,0,0,0,0,2,13,22,11,1,0,3,52
2015,Delhi,MALL ROAD - DL1( 12-OCT-2015 ),8,MOTOR CAB,1,0,0,2,0,0,1,0,0,1,0,1,6
2015,Delhi,MALL ROAD - DL1( 12-OCT-2015 ),9,MOTOR CAR,"1,441","1,036","1,403","1,452","1,432","1,619","1,708","2,141","3,177","2,105","2,198","2,438","22,150"
2015,Delhi,MAYUR VIHAR  - DL7( 29-JUN-2015 ),1,E-RICKSHAW(P),0,0,0,0,0,0,0,4,4,24,20,27,79
2015,Delhi,MAYUR VIHAR  - DL7( 29-JUN-2015 ),2,M-CYCLE/SCOOTER,"2,353","1,991","2,368","1,828","1,957","3,289","2,501","2,492","2,216","2,451","3,807","1,359","28,612"
2015,Delhi,MAYUR VIHAR  - DL7( 29-JUN-2015 ),3,M-CYCLE/SCOOTER-WITH SIDE CAR,1,1,0,1,0,0,0,0,0,3,0,1,7
2015,Delhi,MAYUR VIHAR  - DL7( 29-JUN-2015 ),4,MOPED,34,59,51,39,1,3,38,39,36,34,34,11,379
2015,Delhi,MAYUR VIHAR  - DL7( 29-JUN-2015 ),5,MOTOR CAR,607,410,402,531,474,549,467,395,372,460,502,509,"5,678"
2015,Delhi,MAYUR VIHAR  - DL7( 29-JUN-2015 ),6,MOTORISED CYCLE (CC > 25CC),0,0,0,0,0,0,0,0,0,1,0,0,1
2015,Delhi,RAJOURI GARDEN - DL10( 12-AUG-2015 ),1,E-RICKSHAW(P),0,0,0,1,4,0,16,68,54,69,41,72,325
2015,Delhi,RAJOURI GARDEN - DL10( 12-AUG-2015 ),2,M-CYCLE/SCOOTER,"1,457",948,"1,346","1,466","1,348","1,468","1,399","1,321","1,660","1,685","2,775",704,"17,577"
2015,Delhi,RAJOURI GARDEN - DL10( 12-AUG-2015 ),3,MOPED,0,0,0,0,0,0,0,0,0,2,1,0,3
2015,Delhi,RAJOURI GARDEN - DL10( 12-AUG-2015 ),4,MOTOR CAR,"1,427",898,"1,114","1,179","1,074","1,069",947,757,756,"1,097","1,207","1,039","12,564"
2015,Delhi,RAJPUR ROAD/VIU BURARI - DL51( 08-APR-2016 ),1,AMBULANCE,5,5,6,7,8,3,8,4,7,3,2,3,61
2015,Delhi,RAJPUR ROAD/VIU BURARI - DL51( 08-APR-2016 ),2,BUS,126,84,121,39,124,106,196,52,10,11,66,42,977
2015,Delhi,RAJPUR ROAD/VIU BURARI - DL51( 08-APR-2016 ),3,CONSTRUCTION EQUIPMENT VEHICLE,0,0,0,0,0,1,0,0,1,0,1,0,3
2015,Delhi,RAJPUR ROAD/VIU BURARI - DL51( 08-APR-2016 ),4,CRANE MOUNTED VEHICLE,3,2,0,4,8,7,11,6,3,4,3,1,52
2015,Delhi,RAJPUR ROAD/VIU BURARI - DL51( 08-APR-2016 ),5,GOODS CARRIER,"1,408",979,"1,029","1,124","1,184","1,080","1,084","1,043","1,197","1,161","1,079",689,"13,057"
2015,Delhi,RAJPUR ROAD/VIU BURARI - DL51( 08-APR-2016 ),6,MAXI CAB,55,37,57,44,82,79,99,51,39,35,34,18,630
2015,Delhi,RAJPUR ROAD/VIU BURARI - DL51( 08-APR-2016 ),7,MOBILE WORKSHOP,0,0,0,0,2,0,0,0,0,0,0,4,6
2015,Delhi,RAJPUR ROAD/VIU BURARI - DL51( 08-APR-2016 ),8,RECOVERY VEHICLE,0,1,0,0,1,1,0,1,3,1,1,2,11
2015,Delhi,RAJPUR ROAD/VIU BURARI - DL51( 08-APR-2016 ),9,THREE WHEELER (GOODS),327,218,219,207,149,178,177,218,247,191,224,199,"2,554"
2015,Delhi,ROHINI - DL11( 14-AUG-2015 ),1,E-RICKSHAW(P),0,0,0,0,0,0,17,60,133,120,177,239,746
2015,Delhi,ROHINI - DL11( 14-AUG-2015 ),2,M-CYCLE/SCOOTER,"1,899","1,482","1,348","1,562","1,707","2,689","2,118","1,826","2,048","1,749","3,835","2,022","24,285"
2015,Delhi,ROHINI - DL11( 14-AUG-2015 ),3,M-CYCLE/SCOOTER-WITH SIDE CAR,1,1,0,2,0,1,1,1,1,0,1,1,10
2015,Delhi,ROHINI - DL11( 14-AUG-2015 ),4,MOPED,42,37,57,34,0,2,0,14,71,48,107,71,483
2015,Delhi,ROHINI - DL11( 14-AUG-2015 ),5,MOTOR CAR,100,81,73,167,206,222,83,49,64,94,130,103,"1,372"
2015,Delhi,SARAI KALE KHAN - DL6( 10-SEP-2015 ),1,E-RICKSHAW(P),0,0,0,0,0,0,12,50,57,60,54,63,296
2015,Delhi,SARAI KALE KHAN - DL6( 10-SEP-2015 ),2,M-CYCLE/SCOOTER,"2,304","1,703","2,083","1,665","1,450","2,869","2,061","1,839","2,002","2,069","2,724",776,"23,545"
2015,Delhi,SARAI KALE KHAN - DL6( 10-SEP-2015 ),3,MOPED,0,0,0,0,0,0,0,0,0,1,1,0,2
2015,Delhi,SARAI KALE KHAN - DL6( 10-SEP-2015 ),4,MOTOR CAR,615,495,507,546,437,552,435,440,287,287,379,365,"5,345"
2015,Delhi,SOUTH DELHI - DL3( 15-SEP-2015 ),1,ADAPTED VEHICLE,1,0,1,0,1,0,0,0,0,0,0,1,4
2015,Delhi,SOUTH DELHI - DL3( 15-SEP-2015 ),2,E-RICKSHAW(P),0,0,0,0,1,0,4,14,21,28,35,39,142
2015,Delhi,SOUTH DELHI - DL3( 15-SEP-2015 ),3,M-CYCLE/SCOOTER,"6,135","4,902","5,798","5,747","5,104","6,968","6,340","6,829","5,730","6,296","8,776","4,054","72,679"
2015,Delhi,SOUTH DELHI - DL3( 15-SEP-2015 ),4,MOPED,84,59,82,66,91,99,95,106,35,46,16,2,781
2015,Delhi,SOUTH DELHI - DL3( 15-SEP-2015 ),5,MOTOR CAR,"2,250","1,231","1,655","1,702","1,858","2,396","1,734","1,592","1,446","1,462","1,868","1,562","20,756"
2015,Delhi,SURAJMAL VIHAR - DL13( 26-JUN-2015 ),1,E-RICKSHAW(P),0,0,0,0,0,0,3,11,14,12,15,38,93
2015,Delhi,SURAJMAL VIHAR - DL13( 26-JUN-2015 ),2,M-CYCLE/SCOOTER,"1,054",752,679,839,800,"1,042","1,154",736,"1,576","1,732","2,392",737,"13,493"
2015,Delhi,SURAJMAL VIHAR - DL13( 26-JUN-2015 ),3,MOPED,16,18,16,16,24,17,12,4,21,40,40,10,234
2015,Delhi,SURAJMAL VIHAR - DL13( 26-JUN-2015 ),4,MOTOR CAR,576,536,567,509,538,467,433,391,464,436,511,529,"5,957"
2015,Delhi,SURAJMAL VIHAR - DL13( 26-JUN-2015 ),5,PRIVATE SERVICE VEHICLE (INDIVIDUAL USE),0,0,0,0,0,3,0,0,0,0,0,0,3
2015,Delhi,VASANT VIHAR - DL12( 01-JUN-2015 ),1,E-RICKSHAW(P),0,0,0,2,0,0,0,0,0,0,0,1,3
2015,Delhi,VASANT VIHAR - DL12( 01-JUN-2015 ),2,M-CYCLE/SCOOTER,"1,517","1,530","1,420","1,424","1,416",403,"1,626","1,031","1,447","1,337","2,881","1,353","17,385"
2015,Delhi,VASANT VIHAR - DL12( 01-JUN-2015 ),3,M-CYCLE/SCOOTER-WITH SIDE CAR,1,0,1,0,0,1,0,0,1,0,0,0,4
2015,Delhi,VASANT VIHAR - DL12( 01-JUN-2015 ),4,MOPED,37,29,22,36,37,13,33,16,33,29,82,21,388
2015,Delhi,VASANT VIHAR - DL12( 01-JUN-2015 ),5,MOTOR CAR,"1,273","1,072",950,910,440,344,"1,765",931,809,"1,017","1,361","1,446","12,318"
2015,Delhi,VASANT VIHAR - DL12( 01-JUN-2015 ),6,THREE WHEELER (PERSONAL),0,0,0,1,0,0,0,0,0,0,0,0,1
2015,Delhi,WAZIRPUR - DL8( 17-SEP-2015 ),1,E-RICKSHAW(P),0,0,0,0,0,0,7,14,41,37,72,73,244
2015,Delhi,WAZIRPUR - DL8( 17-SEP-2015 ),2,M-CYCLE/SCOOTER,"3,667","3,045","4,019","3,838","4,148","4,673","4,899","4,811","4,493","4,446","7,312","3,338","52,689"
2015,Delhi,WAZIRPUR - DL8( 17-SEP-2015 ),3,M-CYCLE/SCOOTER-WITH SIDE CAR,0,1,0,1,0,1,1,1,0,0,0,0,5
2015,Delhi,WAZIRPUR - DL8( 17-SEP-2015 ),4,MOPED,76,52,67,55,33,33,32,48,66,74,102,122,760
2015,Delhi,WAZIRPUR - DL8( 17-SEP-2015 ),5,MOTOR CAR,"3,410","2,116","2,551","2,823","2,892","2,866","2,200","2,651","2,522","2,519","3,522","3,180","33,252"
2015,Delhi,WAZIRPUR - DL8( 17-SEP-2015 ),6,THREE WHEELER (PERSONAL),0,0,0,0,0,0,0,0,0,1,0,0,1
2014,Delhi,BURARI AUTO UNIT - DL53( 08-APR-2016 ),1,THREE WHEELER (PASSENGER),103,851,"1,048",16,425,967,715,367,"1,032",974,967,"1,182","8,647"
2014,Delhi,BURARI TAXI UNIT - DL52( 08-APR-2016 ),1,LIBRARY VAN,0,0,0,0,0,0,1,0,0,0,0,0,1
2014,Delhi,BURARI TAXI UNIT - DL52( 08-APR-2016 ),2,LUXURY CAB,7,7,7,8,11,6,4,8,5,6,4,7,80
2014,Delhi,BURARI TAXI UNIT - DL52( 08-APR-2016 ),3,MAXI CAB,13,10,29,18,8,17,12,8,7,11,28,7,168
2014,Delhi,BURARI TAXI UNIT - DL52( 08-APR-2016 ),4,MOTOR CAB,329,288,355,370,473,384,379,475,624,339,322,253,"4,591"
2014,Delhi,DWARKA - DL9( 28-JUL-2015 ),1,M-CYCLE/SCOOTER,"2,965","2,412","2,581","2,414","2,683","2,742","3,070","3,051","2,784","3,490","3,741","2,592","34,525"
2014,Delhi,DWARKA - DL9( 28-JUL-2015 ),2,M-CYCLE/SCOOTER-WITH SIDE CAR,0,0,0,0,0,0,0,1,0,0,0,0,1
2014,Delhi,DWARKA - DL9( 28-JUL-2015 ),3,MOPED,19,14,23,17,15,21,29,17,22,22,28,25,252
2014,Delhi,DWARKA - DL9( 28-JUL-2015 ),4,MOTOR CAR,"1,276",859,973,"1,279","1,326","1,240","1,225",996,886,"1,264",950,"1,234","13,508"
2014,Delhi,I P ESTATE - DL2( 01-JUN-2015 ),1,M-CYCLE/SCOOTER,43,149,226,637,694,526,577,449,314,786,829,284,"5,514"
2014,Delhi,I P ESTATE - DL2( 01-JUN-2015 ),2,M-CYCLE/SCOOTER-WITH SIDE CAR,0,0,1,0,0,0,0,0,0,0,0,0,1
2014,Delhi,I P ESTATE - DL2( 01-JUN-2015 ),3,MOPED,0,0,0,0,24,19,12,1,1,33,12,0,102
2014,Delhi,I P ESTATE - DL2( 01-JUN-2015 ),4,MOTOR CAR,"1,245",749,708,"1,232","1,050","1,139","1,024",975,865,"1,031",991,"1,043","12,052"
2014,Delhi,I P ESTATE - DL2( 01-JUN-2015 ),5,THREE WHEELER (PERSONAL),0,0,1,4,0,0,0,0,0,0,0,1,6
2014,Delhi,JANAKPURI - DL4( 24-JUL-2015 ),1,M-CYCLE/SCOOTER,"2,804","2,380","2,483","2,928","3,199","2,787","2,961","2,913","2,372","4,013","3,215","1,814","33,869"
2014,Delhi,JANAKPURI - DL4( 24-JUL-2015 ),2,M-CYCLE/SCOOTER-WITH SIDE CAR,0,1,0,0,0,2,0,0,0,0,0,0,3
2014,Delhi,JANAKPURI - DL4( 24-JUL-2015 ),3,MOPED,65,65,52,51,71,57,70,57,58,106,90,66,808
2014,Delhi,JANAKPURI - DL4( 24-JUL-2015 ),4,MOTOR CAR,991,696,630,901,"1,110",859,686,610,576,"1,056",641,679,"9,435"
2014,Delhi,LONI ROAD - DL5( 09-SEP-2015 ),1,M-CYCLE/SCOOTER,"3,814","2,925","3,120","3,648","6,145","3,299","3,299","4,218","3,202","6,486","5,582","2,894","48,632"
2014,Delhi,LONI ROAD - DL5( 09-SEP-2015 ),2,MOPED,134,73,90,31,167,108,110,127,100,152,150,60,"1,302"
2014,Delhi,LONI ROAD - DL5( 09-SEP-2015 ),3,MOTOR CAR,541,398,336,531,534,390,510,284,267,457,439,477,"5,164"
2014,Delhi,MALL ROAD - DL1( 12-OCT-2015 ),1,ADAPTED VEHICLE,6,1,5,6,4,4,2,3,5,2,3,6,47
2014,Delhi,MALL ROAD - DL1( 12-OCT-2015 ),2,AGRICULTURAL TRACTOR,6,4,10,2,4,7,6,10,5,1,3,4,62
2014,Delhi,MALL ROAD - DL1( 12-OCT-2015 ),3,M-CYCLE/SCOOTER,"1,631","1,443","1,187","1,415","1,647","1,256","1,386","1,286","1,097","1,817","1,764",813,"16,742"
2014,Delhi,MALL ROAD - DL1( 12-OCT-2015 ),4,M-CYCLE/SCOOTER-WITH SIDE CAR,0,0,0,0,3,0,0,0,0,0,0,1,4
2014,Delhi,MALL ROAD - DL1( 12-OCT-2015 ),5,MOPED,1,15,3,12,13,7,15,0,0,0,0,0,66
2014,Delhi,MALL ROAD - DL1( 12-OCT-2015 ),6,MOTOR CAB,0,0,0,0,0,0,0,0,0,0,1,0,1
2014,Delhi,MALL ROAD - DL1( 12-OCT-2015 ),7,MOTOR CAR,"1,165",788,731,"1,018","1,268",965,"1,100",908,827,"1,186",927,991,"11,874"
2014,Delhi,MALL ROAD - DL1( 12-OCT-2015 ),8,THREE WHEELER (PERSONAL),1,0,0,0,0,0,0,0,0,0,0,0,1
2014,Delhi,MAYUR VIHAR  - DL7( 29-JUN-2015 ),1,M-CYCLE/SCOOTER,"2,328","1,839","1,935","2,401","2,173","1,826","2,271","2,496","2,032","3,093","3,294","1,517","27,205"
2014,Delhi,MAYUR VIHAR  - DL7( 29-JUN-2015 ),2,MOPED,50,33,53,29,49,36,45,54,36,65,70,29,549
2014,Delhi,MAYUR VIHAR  - DL7( 29-JUN-2015 ),3,MOTOR CAR,939,542,490,605,648,607,489,417,393,520,494,417,"6,561"
2014,Delhi,RAJOURI GARDEN - DL10( 12-AUG-2015 ),1,M-CYCLE/SCOOTER,"1,354","1,242","1,022","1,097",665,788,846,"1,196",942,"1,436","1,464",838,"12,890"
2014,Delhi,RAJOURI GARDEN - DL10( 12-AUG-2015 ),2,MOTOR CAR,"1,095",790,833,"1,030",960,"1,070","1,008",944,804,"1,072",771,932,"11,309"
2014,Delhi,RAJPUR ROAD/VIU BURARI - DL51( 08-APR-2016 ),1,AMBULANCE,5,4,3,3,7,10,15,4,5,4,6,3,69
2014,Delhi,RAJPUR ROAD/VIU BURARI - DL51( 08-APR-2016 ),2,ARMOURED/SPECIALISED VEHICLE,0,0,0,0,0,0,0,0,0,0,0,3,3
2014,Delhi,RAJPUR ROAD/VIU BURARI - DL51( 08-APR-2016 ),3,BUS,115,81,73,143,35,106,104,90,84,57,86,39,"1,013"
2014,Delhi,RAJPUR ROAD/VIU BURARI - DL51( 08-APR-2016 ),4,CRANE MOUNTED VEHICLE,3,1,2,1,0,1,1,1,5,2,3,1,21
2014,Delhi,RAJPUR ROAD/VIU BURARI - DL51( 08-APR-2016 ),5,GOODS CARRIER,899,673,850,867,786,703,879,781,"1,075",991,"1,092",848,"10,444"
2014,Delhi,RAJPUR ROAD/VIU BURARI - DL51( 08-APR-2016 ),6,LUXURY CAB,1,0,0,0,0,5,0,0,0,0,0,0,6
2014,Delhi,RAJPUR ROAD/VIU BURARI - DL51( 08-APR-2016 ),7,MAXI CAB,41,33,47,43,42,39,62,24,47,46,47,29,500
2014,Delhi,RAJPUR ROAD/VIU BURARI - DL51( 08-APR-2016 ),8,MOBILE WORKSHOP,0,0,0,8,1,0,0,1,0,0,0,0,10
2014,Delhi,RAJPUR ROAD/VIU BURARI - DL51( 08-APR-2016 ),9,MOTOR CAB,0,0,0,0,0,0,0,0,0,0,1,0,1
2014,Delhi,RAJPUR ROAD/VIU BURARI - DL51( 08-APR-2016 ),10,RECOVERY VEHICLE,1,1,0,0,0,0,0,0,0,0,0,0,2
2014,Delhi,RAJPUR ROAD/VIU BURARI - DL51( 08-APR-2016 ),11,THREE WHEELER (GOODS),259,199,203,241,182,174,218,224,224,265,212,144,"2,545"
2014,Delhi,ROHINI - DL11( 14-AUG-2015 ),1,M-CYCLE/SCOOTER,"2,031","1,436","1,519","1,783","1,653","1,590","1,710","1,871","1,457","2,505","1,795","1,060","20,410"
2014,Delhi,ROHINI - DL11( 14-AUG-2015 ),2,M-CYCLE/SCOOTER-WITH SIDE CAR,0,0,0,0,0,0,0,1,0,0,0,0,1
2014,Delhi,ROHINI - DL11( 14-AUG-2015 ),3,MOPED,72,33,40,69,60,52,49,51,61,71,84,56,698
2014,Delhi,ROHINI - DL11( 14-AUG-2015 ),4,MOTOR CAR,109,96,114,151,149,113,126,112,62,45,102,85,"1,264"
2014,Delhi,SARAI KALE KHAN - DL6( 10-SEP-2015 ),1,M-CYCLE/SCOOTER,"1,898","1,653","1,768","1,848","1,813","1,473","1,884","1,776","1,979","2,619","2,387","1,309","22,407"
2014,Delhi,SARAI KALE KHAN - DL6( 10-SEP-2015 ),2,MOTOR CAR,769,675,641,566,598,556,606,545,496,517,363,524,"6,856"
2014,Delhi,SOUTH DELHI - DL3( 15-SEP-2015 ),1,M-CYCLE/SCOOTER,"5,638","4,687","4,774","5,088","5,375","4,771","5,606","5,484","5,269","6,827","7,556","3,345","64,420"
2014,Delhi,SOUTH DELHI - DL3( 15-SEP-2015 ),2,M-CYCLE/SCOOTER-WITH SIDE CAR,0,0,1,0,0,0,0,0,0,0,0,0,1
2014,Delhi,SOUTH DELHI - DL3( 15-SEP-2015 ),3,MOPED,100,69,65,75,44,76,72,83,84,85,90,66,909
2014,Delhi,SOUTH DELHI - DL3( 15-SEP-2015 ),4,MOTOR CAR,"2,017","1,439","1,536","1,714","1,623","1,685","2,063","1,479","1,477","1,833","1,403","1,657","19,926"
2014,Delhi,SURAJMAL VIHAR - DL13( 26-JUN-2015 ),1,M-CYCLE/SCOOTER,"3,251","2,559","2,069","2,384","1,713","2,157","2,125","1,402","1,603","1,673",701,376,"22,013"
2014,Delhi,SURAJMAL VIHAR - DL13( 26-JUN-2015 ),2,M-CYCLE/SCOOTER-WITH SIDE CAR,0,0,2,0,0,0,0,0,0,0,0,0,2
2014,Delhi,SURAJMAL VIHAR - DL13( 26-JUN-2015 ),3,MOPED,27,14,16,40,32,12,12,10,26,49,21,19,278
2014,Delhi,SURAJMAL VIHAR - DL13( 26-JUN-2015 ),4,MOTOR CAR,544,425,492,584,545,484,455,445,426,500,517,445,"5,862"
2014,Delhi,VASANT VIHAR - DL12( 01-JUN-2015 ),1,GOODS CARRIER,0,0,0,0,0,0,0,0,0,1,0,0,1
2014,Delhi,VASANT VIHAR - DL12( 01-JUN-2015 ),2,M-CYCLE/SCOOTER,963,720,775,806,735,729,966,"1,154","1,075","2,091","1,549",968,"12,531"
2014,Delhi,VASANT VIHAR - DL12( 01-JUN-2015 ),3,M-CYCLE/SCOOTER-WITH SIDE CAR,3,0,0,0,1,0,0,0,0,3,4,0,11
2014,Delhi,VASANT VIHAR - DL12( 01-JUN-2015 ),4,MOPED,0,0,0,0,0,0,2,9,19,55,30,25,140
2014,Delhi,VASANT VIHAR - DL12( 01-JUN-2015 ),5,MOTOR CAR,"1,049",756,761,"1,106",932,803,889,864,810,"1,079",771,"1,124","10,944"
2014,Delhi,WAZIRPUR - DL8( 17-SEP-2015 ),1,M-CYCLE/SCOOTER,"3,567","3,054","3,171","3,532","3,448","4,126","3,764","3,548","3,124","4,584","4,773","2,343","43,034"
2014,Delhi,WAZIRPUR - DL8( 17-SEP-2015 ),2,M-CYCLE/SCOOTER-WITH SIDE CAR,0,0,0,2,0,0,0,0,1,0,1,0,4
2014,Delhi,WAZIRPUR - DL8( 17-SEP-2015 ),3,MOPED,75,41,58,58,56,53,100,81,90,95,81,71,859
2014,Delhi,WAZIRPUR - DL8( 17-SEP-2015 ),4,MOTOR CAR,"2,426","1,748","1,712","2,190","2,298","2,041","2,203","1,813","1,768","2,040","2,075","2,300","24,614"
2013,Delhi,BURARI AUTO UNIT - DL53( 08-APR-2016 ),1,THREE WHEELER (PASSENGER),"2,617","4,596",890,2,"1,352",432,17,5,48,516,425,200,"11,100"
2013,Delhi,BURARI TAXI UNIT - DL52( 08-APR-2016 ),1,LUXURY CAB,18,9,26,12,4,3,8,6,12,9,1,2,110
2013,Delhi,BURARI TAXI UNIT - DL52( 08-APR-2016 ),2,MAXI CAB,5,23,107,113,38,76,76,28,13,13,7,2,501
2013,Delhi,BURARI TAXI UNIT - DL52( 08-APR-2016 ),3,MOTOR CAB,214,315,474,474,277,336,348,231,275,253,221,173,"3,591"
2013,Delhi,DWARKA - DL9( 28-JUL-2015 ),1,M-CYCLE/SCOOTER,"2,853","2,134","2,538","2,502","2,549","2,332","2,501","2,742","2,180","2,766","3,472","2,080","30,649"
2013,Delhi,DWARKA - DL9( 28-JUL-2015 ),2,M-CYCLE/SCOOTER-WITH SIDE CAR,1,0,0,0,0,0,0,0,0,0,0,0,1
2013,Delhi,DWARKA - DL9( 28-JUL-2015 ),3,MOPED,47,31,10,9,19,16,21,23,21,16,14,14,241
2013,Delhi,DWARKA - DL9( 28-JUL-2015 ),4,MOTOR CAR,"1,127","1,036","1,109","1,119","1,099",887,"1,054",837,675,"1,053",887,791,"11,674"
2013,Delhi,I P ESTATE - DL2( 01-JUN-2015 ),1,M-CYCLE/SCOOTER,2,2,1,9,2,3,2,3,10,5,5,2,46
2013,Delhi,I P ESTATE - DL2( 01-JUN-2015 ),2,MOTOR CAR,951,846,938,978,969,809,913,679,497,934,812,696,"10,022"
2013,Delhi,JANAKPURI - DL4( 24-JUL-2015 ),1,M-CYCLE/SCOOTER,"2,398","2,236","2,447","2,725","2,867","2,290","2,619","2,964","2,372","3,480","3,381","2,104","31,883"
2013,Delhi,JANAKPURI - DL4( 24-JUL-2015 ),2,M-CYCLE/SCOOTER-WITH SIDE CAR,0,0,0,0,1,0,0,0,1,0,0,1,3
2013,Delhi,JANAKPURI - DL4( 24-JUL-2015 ),3,MOPED,33,39,52,72,58,71,69,75,64,59,107,67,766
2013,Delhi,JANAKPURI - DL4( 24-JUL-2015 ),4,MOTOR CAR,"1,025",720,715,940,811,703,792,597,460,776,733,623,"8,895"
2013,Delhi,LONI ROAD - DL5( 09-SEP-2015 ),1,M-CYCLE/SCOOTER,"3,772","2,924","3,172","3,602","3,421","2,993","3,002","3,693","2,866","3,840","5,164","2,261","40,710"
2013,Delhi,LONI ROAD - DL5( 09-SEP-2015 ),2,MOPED,104,89,98,90,86,104,99,113,100,120,129,45,"1,177"
2013,Delhi,LONI ROAD - DL5( 09-SEP-2015 ),3,MOTOR CAR,659,497,517,449,586,498,303,248,335,540,416,333,"5,381"
2013,Delhi,LONI ROAD - DL5( 09-SEP-2015 ),4,THREE WHEELER (PERSONAL),0,0,0,0,2,0,0,0,0,0,0,0,2
2013,Delhi,MALL ROAD - DL1( 12-OCT-2015 ),1,ADAPTED VEHICLE,3,6,6,6,4,3,3,1,0,3,1,3,39
2013,Delhi,MALL ROAD - DL1( 12-OCT-2015 ),2,AGRICULTURAL TRACTOR,0,0,0,0,0,0,0,0,0,0,3,3,6
2013,Delhi,MALL ROAD - DL1( 12-OCT-2015 ),3,M-CYCLE/SCOOTER,"1,115","1,164","1,031","1,163","1,445","1,183","1,354","1,288","1,626","1,754","1,959",746,"15,828"
2013,Delhi,MALL ROAD - DL1( 12-OCT-2015 ),4,M-CYCLE/SCOOTER-WITH SIDE CAR,0,1,0,0,0,0,0,0,2,0,0,0,3
2013,Delhi,MALL ROAD - DL1( 12-OCT-2015 ),5,MOTOR CAB,0,0,0,0,0,0,0,1,0,0,0,0,1
2013,Delhi,MALL ROAD - DL1( 12-OCT-2015 ),6,MOTOR CAR,"1,105",888,764,"1,135",929,730,882,857,763,"1,011",895,616,"10,575"
2013,Delhi,MAYUR VIHAR  - DL7( 29-JUN-2015 ),1,M-CYCLE/SCOOTER,"1,888","1,883","2,096","1,771","2,179","2,017","2,178","2,252","1,870","2,012","2,702","1,507","24,355"
2013,Delhi,MAYUR VIHAR  - DL7( 29-JUN-2015 ),2,M-CYCLE/SCOOTER-WITH SIDE CAR,0,0,0,0,1,0,0,1,0,0,0,0,2
2013,Delhi,MAYUR VIHAR  - DL7( 29-JUN-2015 ),3,MOPED,80,29,55,50,54,37,52,58,38,64,43,61,621
2013,Delhi,MAYUR VIHAR  - DL7( 29-JUN-2015 ),4,MOTOR CAR,837,608,544,579,642,455,455,395,382,674,500,487,"6,558"
2013,Delhi,RAJOURI GARDEN - DL10( 12-AUG-2015 ),1,M-CYCLE/SCOOTER,"1,464","1,224","1,011","1,412","1,303","1,166","1,481","1,630","1,502","1,382","1,494",520,"15,589"
2013,Delhi,RAJOURI GARDEN - DL10( 12-AUG-2015 ),2,MOPED,14,17,12,7,26,6,12,15,20,11,0,0,140
2013,Delhi,RAJOURI GARDEN - DL10( 12-AUG-2015 ),3,MOTOR CAR,"1,151","1,090",974,"1,019",959,838,879,875,677,"1,065",914,736,"11,177"
2013,Delhi,RAJPUR ROAD/VIU BURARI - DL51( 08-APR-2016 ),1,AMBULANCE,5,1,12,61,2,10,7,10,7,7,10,10,142
2013,Delhi,RAJPUR ROAD/VIU BURARI - DL51( 08-APR-2016 ),2,BUS,41,85,133,146,97,79,116,59,90,108,119,113,"1,186"
2013,Delhi,RAJPUR ROAD/VIU BURARI - DL51( 08-APR-2016 ),3,CRANE MOUNTED VEHICLE,2,1,2,2,4,0,0,1,0,3,0,3,18
2013,Delhi,RAJPUR ROAD/VIU BURARI - DL51( 08-APR-2016 ),4,GOODS CARRIER,997,801,"1,050",920,685,612,898,809,793,821,772,590,"9,748"
2013,Delhi,RAJPUR ROAD/VIU BURARI - DL51( 08-APR-2016 ),5,MAXI CAB,8,24,66,44,47,34,53,26,38,41,32,19,432
2013,Delhi,RAJPUR ROAD/VIU BURARI - DL51( 08-APR-2016 ),6,MOBILE WORKSHOP,1,0,0,0,0,0,0,0,0,0,0,0,1
2013,Delhi,RAJPUR ROAD/VIU BURARI - DL51( 08-APR-2016 ),7,MOTOR CAB,0,0,0,0,0,0,1,0,0,0,0,0,1
2013,Delhi,RAJPUR ROAD/VIU BURARI - DL51( 08-APR-2016 ),8,OMNI BUS,0,0,0,1,0,0,0,0,0,0,0,0,1
2013,Delhi,RAJPUR ROAD/VIU BURARI - DL51( 08-APR-2016 ),9,RECOVERY VEHICLE,1,0,6,2,0,0,0,0,0,0,0,0,9
2013,Delhi,RAJPUR ROAD/VIU BURARI - DL51( 08-APR-2016 ),10,THREE WHEELER (GOODS),365,326,327,274,258,184,152,50,127,239,214,166,"2,682"
2013,Delhi,RAJPUR ROAD/VIU BURARI - DL51( 08-APR-2016 ),11,THREE WHEELER (PASSENGER),0,1,0,0,0,0,0,0,0,0,0,0,1
2013,Delhi,RAJPUR ROAD/VIU BURARI - DL51( 08-APR-2016 ),12,TRACTOR (COMMERCIAL),37,31,34,35,27,32,8,25,18,0,0,0,247
2013,Delhi,ROHINI - DL11( 14-AUG-2015 ),1,M-CYCLE/SCOOTER,"1,529","1,185","1,276","1,426","1,443","1,261","1,813","1,863","1,281","1,911","2,570","1,395","18,953"
2013,Delhi,ROHINI - DL11( 14-AUG-2015 ),2,M-CYCLE/SCOOTER-WITH SIDE CAR,0,0,1,0,0,0,0,0,0,0,1,0,2
2013,Delhi,ROHINI - DL11( 14-AUG-2015 ),3,MOPED,59,54,47,39,59,35,58,41,78,69,52,52,643
2013,Delhi,ROHINI - DL11( 14-AUG-2015 ),4,MOTOR CAR,120,109,49,72,66,95,73,84,43,55,37,145,948
2013,Delhi,SARAI KALE KHAN - DL6( 10-SEP-2015 ),1,ADAPTED VEHICLE,0,0,0,0,0,1,0,0,0,0,0,0,1
2013,Delhi,SARAI KALE KHAN - DL6( 10-SEP-2015 ),2,M-CYCLE/SCOOTER,"1,712","1,307","1,623","1,607","1,799","1,743","1,862","1,809","1,960","1,979","2,366","1,831","21,598"
2013,Delhi,SARAI KALE KHAN - DL6( 10-SEP-2015 ),3,MOTOR CAR,590,452,409,634,376,321,267,356,402,286,611,469,"5,173"
2013,Delhi,SOUTH DELHI - DL3( 15-SEP-2015 ),1,M-CYCLE/SCOOTER,"4,960","3,965","4,024","4,477","4,676","3,850","4,974","4,960","4,671","5,261","6,191","3,738","55,747"
2013,Delhi,SOUTH DELHI - DL3( 15-SEP-2015 ),2,M-CYCLE/SCOOTER-WITH SIDE CAR,0,0,0,0,0,0,1,0,2,0,0,0,3
2013,Delhi,SOUTH DELHI - DL3( 15-SEP-2015 ),3,MOPED,74,67,63,88,60,83,103,87,108,70,124,82,"1,009"
2013,Delhi,SOUTH DELHI - DL3( 15-SEP-2015 ),4,MOTOR CAR,"2,140","1,530","1,544","1,655","1,506","1,534","1,617","1,541","1,222","1,749","1,619","1,272","18,929"
2013,Delhi,SURAJMAL VIHAR - DL13( 26-JUN-2015 ),1,M-CYCLE/SCOOTER,"2,511","2,288","2,255","2,658","2,504","1,893","2,883","2,308","1,824","2,640","3,231","1,012","28,007"
2013,Delhi,SURAJMAL VIHAR - DL13( 26-JUN-2015 ),2,M-CYCLE/SCOOTER-WITH SIDE CAR,0,1,0,0,1,0,0,0,0,1,0,0,3
2013,Delhi,SURAJMAL VIHAR - DL13( 26-JUN-2015 ),3,MOPED,42,25,25,25,9,32,29,23,24,31,29,22,316
2013,Delhi,SURAJMAL VIHAR - DL13( 26-JUN-2015 ),4,MOTOR CAR,436,431,419,441,493,423,483,455,351,557,380,347,"5,216"
2013,Delhi,VASANT VIHAR - DL12( 01-JUN-2015 ),1,M-CYCLE/SCOOTER,701,585,622,656,606,594,691,766,597,905,"1,027",461,"8,211"
2013,Delhi,VASANT VIHAR - DL12( 01-JUN-2015 ),2,M-CYCLE/SCOOTER-WITH SIDE CAR,0,0,0,0,0,0,0,0,0,0,0,1,1
2013,Delhi,VASANT VIHAR - DL12( 01-JUN-2015 ),3,MOTOR CAR,894,805,812,804,709,733,729,777,623,"1,005",804,960,"9,655"
2013,Delhi,WAZIRPUR - DL8( 17-SEP-2015 ),1,M-CYCLE/SCOOTER,"2,831","2,523","3,017","3,133","3,063","2,818","3,506","3,302","2,816","3,524","4,616","2,179","37,328"
2013,Delhi,WAZIRPUR - DL8( 17-SEP-2015 ),2,M-CYCLE/SCOOTER-WITH SIDE CAR,0,0,0,1,1,2,0,0,0,0,1,0,5
2013,Delhi,WAZIRPUR - DL8( 17-SEP-2015 ),3,MOPED,79,55,99,88,78,72,71,94,72,75,117,42,942
2013,Delhi,WAZIRPUR - DL8( 17-SEP-2015 ),4,MOTOR CAR,"2,668","1,766","1,704","2,012","2,005","1,742","1,733","1,391","1,154","1,779","1,662","1,789","21,405"
2012,Delhi,BURARI AUTO UNIT - DL53( 08-APR-2016 ),1,THREE WHEELER (PASSENGER),0,0,0,0,0,0,0,0,10,"2,306","4,595","4,129","11,040"
2012,Delhi,BURARI TAXI UNIT - DL52( 08-APR-2016 ),1,LUXURY CAB,41,35,35,21,24,26,19,22,20,7,11,11,272
2012,Delhi,BURARI TAXI UNIT - DL52( 08-APR-2016 ),2,MAXI CAB,3,2,7,8,4,3,4,5,32,16,17,7,108
2012,Delhi,BURARI TAXI UNIT - DL52( 08-APR-2016 ),3,MOTOR CAB,863,534,600,407,440,418,520,465,503,325,333,266,"5,674"
2012,Delhi,DWARKA - DL9( 28-JUL-2015 ),1,M-CYCLE/SCOOTER,"2,207","2,000","1,685","1,926","1,758","1,759","1,777","2,239","2,149","2,007","3,284","2,026","24,817"
2012,Delhi,DWARKA - DL9( 28-JUL-2015 ),2,M-CYCLE/SCOOTER-WITH SIDE CAR,0,0,0,0,0,0,0,0,0,1,0,0,1
2012,Delhi,DWARKA - DL9( 28-JUL-2015 ),3,MOPED,0,0,0,0,5,19,24,14,24,22,29,11,148
2012,Delhi,DWARKA - DL9( 28-JUL-2015 ),4,MOTOR CAR,"1,332","1,053","1,528","1,038","1,125",928,"1,151",891,745,942,"1,059","1,241","13,033"
2012,Delhi,I P ESTATE - DL2( 01-JUN-2015 ),1,M-CYCLE/SCOOTER,2,3,199,204,142,110,50,21,18,4,4,2,759
2012,Delhi,I P ESTATE - DL2( 01-JUN-2015 ),2,MOTOR CAR,"1,092",952,"1,128",960,802,728,850,699,602,782,959,"1,091","10,645"
2012,Delhi,I P ESTATE - DL2( 01-JUN-2015 ),3,THREE WHEELER (PERSONAL),0,2,0,0,2,0,0,0,0,0,0,0,4
2012,Delhi,JANAKPURI - DL4( 24-JUL-2015 ),1,M-CYCLE/SCOOTER,"3,496","2,899","2,635","2,794","2,865","2,638","2,794","2,836","2,589","2,597","3,692","1,965","33,800"
2012,Delhi,JANAKPURI - DL4( 24-JUL-2015 ),2,M-CYCLE/SCOOTER-WITH SIDE CAR,0,0,0,0,0,2,0,1,0,0,1,0,4
2012,Delhi,JANAKPURI - DL4( 24-JUL-2015 ),3,MOPED,133,95,109,81,59,54,66,52,80,49,78,75,931
2012,Delhi,JANAKPURI - DL4( 24-JUL-2015 ),4,MOTOR CAR,"1,135",903,"1,090",835,763,717,738,682,680,682,999,"1,007","10,231"
2012,Delhi,LONI ROAD - DL5( 09-SEP-2015 ),1,M-CYCLE/SCOOTER,"4,054","3,691","3,194","3,376","3,113","2,898","2,832","2,674","2,529","2,455","3,884","2,401","37,101"
2012,Delhi,LONI ROAD - DL5( 09-SEP-2015 ),2,MOPED,169,87,92,99,95,129,95,105,124,104,112,96,"1,307"
2012,Delhi,LONI ROAD - DL5( 09-SEP-2015 ),3,MOTOR CAR,853,586,511,603,292,448,481,312,400,176,417,680,"5,759"
2012,Delhi,MALL ROAD - DL1( 12-OCT-2015 ),1,ADAPTED VEHICLE,0,5,4,4,3,2,4,4,4,5,5,2,42
2012,Delhi,MALL ROAD - DL1( 12-OCT-2015 ),2,M-CYCLE/SCOOTER,"1,099",902,"1,090",713,880,763,899,"1,030",807,859,"1,144",678,"10,864"
2012,Delhi,MALL ROAD - DL1( 12-OCT-2015 ),3,M-CYCLE/SCOOTER-WITH SIDE CAR,0,0,0,0,1,0,0,0,0,0,0,0,1
2012,Delhi,MALL ROAD - DL1( 12-OCT-2015 ),4,MOPED,2,0,0,0,2,1,4,16,0,1,0,0,26
2012,Delhi,MALL ROAD - DL1( 12-OCT-2015 ),5,MOTOR CAB,0,0,2,0,0,0,0,0,0,0,0,0,2
2012,Delhi,MALL ROAD - DL1( 12-OCT-2015 ),6,MOTOR CAR,"1,497","1,409","1,485","1,047","1,424","1,276","1,289",975,708,648,687,"1,035","13,480"
2012,Delhi,MALL ROAD - DL1( 12-OCT-2015 ),7,THREE WHEELER (PERSONAL),0,0,0,0,0,0,0,0,0,1,0,0,1
2012,Delhi,MAYUR VIHAR  - DL7( 29-JUN-2015 ),1,M-CYCLE/SCOOTER,"2,098","2,017","1,998","1,928","2,112","2,316","2,213","1,806","1,767","1,347","2,386","2,504","24,492"
2012,Delhi,MAYUR VIHAR  - DL7( 29-JUN-2015 ),2,M-CYCLE/SCOOTER-WITH SIDE CAR,0,2,0,0,0,0,0,1,0,1,0,0,4
2012,Delhi,MAYUR VIHAR  - DL7( 29-JUN-2015 ),3,MOPED,73,100,79,101,68,63,56,65,46,60,38,40,789
2012,Delhi,MAYUR VIHAR  - DL7( 29-JUN-2015 ),4,MOTOR CAR,962,800,814,837,591,617,589,521,536,563,859,673,"8,362"
2012,Delhi,RAJOURI GARDEN - DL10( 12-AUG-2015 ),1,M-CYCLE/SCOOTER,"1,658","1,452","1,478","1,635","1,390","1,551","1,485","1,510","1,305","1,161","1,496","1,530","17,651"
2012,Delhi,RAJOURI GARDEN - DL10( 12-AUG-2015 ),2,M-CYCLE/SCOOTER-WITH SIDE CAR,1,0,2,0,0,0,0,0,0,1,0,0,4
2012,Delhi,RAJOURI GARDEN - DL10( 12-AUG-2015 ),3,MOPED,15,15,22,17,19,10,16,15,13,16,22,18,198
2012,Delhi,RAJOURI GARDEN - DL10( 12-AUG-2015 ),4,MOTOR CAR,"1,267","1,247","1,643","1,188","1,073","1,156","1,075","1,109",997,986,"1,114","1,218","14,073"
2012,Delhi,RAJPUR ROAD/VIU BURARI - DL51( 08-APR-2016 ),1,AMBULANCE,11,6,6,11,12,14,71,5,7,5,3,18,169
2012,Delhi,RAJPUR ROAD/VIU BURARI - DL51( 08-APR-2016 ),2,BUS,81,68,158,212,138,192,123,146,125,74,83,124,"1,524"
2012,Delhi,RAJPUR ROAD/VIU BURARI - DL51( 08-APR-2016 ),3,CRANE MOUNTED VEHICLE,0,1,1,0,1,0,5,3,2,2,1,2,18
2012,Delhi,RAJPUR ROAD/VIU BURARI - DL51( 08-APR-2016 ),4,GOODS CARRIER,"1,056",846,916,747,711,551,588,690,739,784,893,784,"9,305"
2012,Delhi,RAJPUR ROAD/VIU BURARI - DL51( 08-APR-2016 ),5,MAXI CAB,77,67,74,67,78,62,69,63,53,52,39,39,740
2012,Delhi,RAJPUR ROAD/VIU BURARI - DL51( 08-APR-2016 ),6,OMNI BUS,0,0,0,0,0,0,1,0,0,0,0,0,1
2012,Delhi,RAJPUR ROAD/VIU BURARI - DL51( 08-APR-2016 ),7,RECOVERY VEHICLE,0,0,1,0,0,0,5,0,0,3,2,5,16
2012,Delhi,RAJPUR ROAD/VIU BURARI - DL51( 08-APR-2016 ),8,THREE WHEELER (GOODS),600,489,469,310,332,358,372,364,394,283,331,229,"4,531"
2012,Delhi,RAJPUR ROAD/VIU BURARI - DL51( 08-APR-2016 ),9,TRACTOR (COMMERCIAL),56,39,54,44,45,34,40,25,40,19,28,42,466
2012,Delhi,ROHINI - DL11( 14-AUG-2015 ),1,M-CYCLE/SCOOTER,"1,549","1,516","1,188","1,335","1,324","1,163","1,344","1,481","1,350","1,312","2,073","1,115","16,750"
2012,Delhi,ROHINI - DL11( 14-AUG-2015 ),2,M-CYCLE/SCOOTER-WITH SIDE CAR,0,0,1,0,0,0,0,0,3,0,0,0,4
2012,Delhi,ROHINI - DL11( 14-AUG-2015 ),3,MOPED,45,68,42,43,59,47,50,52,49,43,46,58,602
2012,Delhi,ROHINI - DL11( 14-AUG-2015 ),4,MOTOR CAR,312,251,256,234,219,282,254,250,288,173,117,118,"2,754"
2012,Delhi,SARAI KALE KHAN - DL6( 10-SEP-2015 ),1,M-CYCLE/SCOOTER,"1,724","1,840","1,877","1,947","1,545","1,566","1,773","1,686","1,518","1,771","1,971","1,486","20,704"
2012,Delhi,SARAI KALE KHAN - DL6( 10-SEP-2015 ),2,MOPED,0,7,4,5,6,7,1,0,0,0,0,0,30
2012,Delhi,SARAI KALE KHAN - DL6( 10-SEP-2015 ),3,MOTOR CAR,534,370,469,378,399,211,393,350,395,362,560,538,"4,959"
2012,Delhi,SOUTH DELHI - DL3( 15-SEP-2015 ),1,M-CYCLE/SCOOTER,"3,803","3,857","3,921","4,133","3,878","3,691","4,331","3,797","4,446","4,186","5,259","5,156","50,458"
2012,Delhi,SOUTH DELHI - DL3( 15-SEP-2015 ),2,M-CYCLE/SCOOTER-WITH SIDE CAR,0,0,1,0,0,0,0,0,0,0,0,0,1
2012,Delhi,SOUTH DELHI - DL3( 15-SEP-2015 ),3,MOPED,89,61,74,51,42,107,72,52,114,71,115,87,935
2012,Delhi,SOUTH DELHI - DL3( 15-SEP-2015 ),4,MOTOR CAR,"2,733","2,537","2,539","1,969","1,689","1,953","1,813","1,566","1,562","1,528","1,898","1,922","23,709"
2012,Delhi,SURAJMAL VIHAR - DL13( 26-JUN-2015 ),1,M-CYCLE/SCOOTER,"1,852","1,619","1,606","1,925","1,954","1,866","2,061","2,356","2,165","2,372","3,529","1,344","24,649"
2012,Delhi,SURAJMAL VIHAR - DL13( 26-JUN-2015 ),2,M-CYCLE/SCOOTER-WITH SIDE CAR,0,0,0,0,0,1,0,0,0,0,0,0,1
2012,Delhi,SURAJMAL VIHAR - DL13( 26-JUN-2015 ),3,MOPED,31,22,22,14,18,23,29,21,7,18,33,9,247
2012,Delhi,SURAJMAL VIHAR - DL13( 26-JUN-2015 ),4,MOTOR CAR,378,399,505,429,391,454,383,400,284,323,488,454,"4,888"
2012,Delhi,VASANT VIHAR - DL12( 01-JUN-2015 ),1,M-CYCLE/SCOOTER,"1,074",726,765,808,617,740,816,747,683,957,"1,166",585,"9,684"
2012,Delhi,VASANT VIHAR - DL12( 01-JUN-2015 ),2,MOPED,7,0,0,0,0,0,0,0,0,0,0,0,7
2012,Delhi,VASANT VIHAR - DL12( 01-JUN-2015 ),3,MOTOR CAR,"1,015",868,933,816,706,791,793,740,726,655,946,"1,080","10,069"
2012,Delhi,WAZIRPUR - DL8( 17-SEP-2015 ),1,M-CYCLE/SCOOTER,"3,360","2,658","2,678","3,015","2,534","2,871","2,800","3,064","2,492","2,821","4,037","2,298","34,628"
2012,Delhi,WAZIRPUR - DL8( 17-SEP-2015 ),2,M-CYCLE/SCOOTER-WITH SIDE CAR,1,0,0,1,0,0,0,0,0,1,0,0,3
2012,Delhi,WAZIRPUR - DL8( 17-SEP-2015 ),3,MOPED,71,49,43,55,44,65,55,52,66,49,80,116,745
2012,Delhi,WAZIRPUR - DL8( 17-SEP-2015 ),4,MOTOR CAR,"2,459","1,859","1,754","1,446","1,291","1,388","1,306","1,154","1,106","1,547","1,980","2,245","19,535"
2011,Delhi,BURARI AUTO UNIT - DL53( 08-APR-2016 ),1,THREE WHEELER (PASSENGER),165,65,67,7,0,1,0,0,0,0,0,0,305
2011,Delhi,BURARI TAXI UNIT - DL52( 08-APR-2016 ),1,LUXURY CAB,34,35,41,11,14,29,31,41,17,43,18,19,333
2011,Delhi,BURARI TAXI UNIT - DL52( 08-APR-2016 ),2,MAXI CAB,5,15,5,6,4,5,17,12,6,6,1,5,87
2011,Delhi,BURARI TAXI UNIT - DL52( 08-APR-2016 ),3,MOTOR CAB,"1,259","1,281","1,096",802,"1,198",683,494,836,597,675,568,600,"10,089"
2011,Delhi,DWARKA - DL9( 28-JUL-2015 ),1,M-CYCLE/SCOOTER,"2,833","2,465","2,080","2,108","2,195","1,931","2,222","2,078","2,187","2,963","2,684","1,798","27,544"
2011,Delhi,DWARKA - DL9( 28-JUL-2015 ),2,M-CYCLE/SCOOTER-WITH SIDE CAR,1,0,0,0,0,0,0,0,0,1,0,0,2
2011,Delhi,DWARKA - DL9( 28-JUL-2015 ),3,MOPED,3,0,3,4,5,6,10,8,14,15,3,1,72
2011,Delhi,DWARKA - DL9( 28-JUL-2015 ),4,MOTOR CAR,"1,358","1,036","1,443",915,"1,058","1,180","1,113","1,023",938,"1,109","1,230","1,104","13,507"
2011,Delhi,I P ESTATE - DL2( 01-JUN-2015 ),1,M-CYCLE/SCOOTER,25,22,23,22,21,42,35,36,28,22,36,23,335
2011,Delhi,I P ESTATE - DL2( 01-JUN-2015 ),2,MOPED,0,1,1,1,1,0,5,1,1,0,1,0,12
2011,Delhi,I P ESTATE - DL2( 01-JUN-2015 ),3,MOTOR CAR,"1,483","1,005","1,129",864,"1,004",998,767,910,572,872,"1,059",995,"11,658"
2011,Delhi,I P ESTATE - DL2( 01-JUN-2015 ),4,THREE WHEELER (PERSONAL),0,0,0,1,4,0,0,0,1,0,0,0,6
2011,Delhi,JANAKPURI - DL4( 24-JUL-2015 ),1,M-CYCLE/SCOOTER,"2,799","2,685","2,503","2,825","2,806","2,536","3,135","2,551","2,446","3,770","3,174","2,197","33,427"
2011,Delhi,JANAKPURI - DL4( 24-JUL-2015 ),2,M-CYCLE/SCOOTER-WITH SIDE CAR,0,0,2,0,0,0,0,0,0,0,0,0,2
2011,Delhi,JANAKPURI - DL4( 24-JUL-2015 ),3,MOPED,71,48,60,92,66,66,82,80,68,120,82,101,936
2011,Delhi,JANAKPURI - DL4( 24-JUL-2015 ),4,MOTOR CAR,"1,426",941,"1,273",864,"1,019",854,"1,093",806,864,"1,131","1,102",882,"12,255"
2011,Delhi,LONI ROAD - DL5( 09-SEP-2015 ),1,M-CYCLE/SCOOTER,"1,977","2,070","2,320","2,060","2,232","2,369","2,243","2,088","2,080","2,678","3,240","2,062","27,419"
2011,Delhi,LONI ROAD - DL5( 09-SEP-2015 ),2,M-CYCLE/SCOOTER-WITH SIDE CAR,0,0,0,0,1,0,0,0,0,0,0,0,1
2011,Delhi,LONI ROAD - DL5( 09-SEP-2015 ),3,MOPED,134,137,96,127,127,98,148,138,114,134,141,50,"1,444"
2011,Delhi,LONI ROAD - DL5( 09-SEP-2015 ),4,MOTOR CAR,"1,031",559,769,447,550,615,481,345,418,571,444,455,"6,685"
2011,Delhi,MALL ROAD - DL1( 12-OCT-2015 ),1,ADAPTED VEHICLE,4,4,2,3,0,4,6,3,2,2,3,0,33
2011,Delhi,MALL ROAD - DL1( 12-OCT-2015 ),2,M-CYCLE/SCOOTER,978,903,"1,011",753,872,789,"1,005",875,794,813,"1,095",547,"10,435"
2011,Delhi,MALL ROAD - DL1( 12-OCT-2015 ),3,MOPED,9,6,4,0,1,0,4,5,4,0,0,3,36
2011,Delhi,MALL ROAD - DL1( 12-OCT-2015 ),4,MOTOR CAB,0,0,0,1,1,0,0,0,0,0,4,0,6
2011,Delhi,MALL ROAD - DL1( 12-OCT-2015 ),5,MOTOR CAR,"1,007",885,"1,302",857,"1,050","1,044",877,921,836,"1,048","1,142","1,043","12,012"
2011,Delhi,MALL ROAD - DL1( 12-OCT-2015 ),6,OMNI BUS (PRIVATE USE),0,0,1,0,0,0,0,1,0,0,0,0,2
2011,Delhi,MAYUR VIHAR  - DL7( 29-JUN-2015 ),1,M-CYCLE/SCOOTER,"2,237","1,964","2,094","2,937","2,538","2,571","2,201","2,228","1,955","2,061","2,627","1,932","27,345"
2011,Delhi,MAYUR VIHAR  - DL7( 29-JUN-2015 ),2,M-CYCLE/SCOOTER-WITH SIDE CAR,0,0,0,2,46,3,0,2,2,0,2,0,57
2011,Delhi,MAYUR VIHAR  - DL7( 29-JUN-2015 ),3,MOPED,110,100,56,74,68,67,75,58,71,86,53,65,883
2011,Delhi,MAYUR VIHAR  - DL7( 29-JUN-2015 ),4,MOTOR CAR,829,629,809,524,752,710,777,799,686,756,825,611,"8,707"
2011,Delhi,RAJOURI GARDEN - DL10( 12-AUG-2015 ),1,M-CYCLE/SCOOTER,"1,322","1,375","1,355","1,327","1,267","1,123","1,361","1,321","1,297","1,782","1,619",926,"16,075"
2011,Delhi,RAJOURI GARDEN - DL10( 12-AUG-2015 ),2,M-CYCLE/SCOOTER-WITH SIDE CAR,1,0,0,0,0,1,0,0,0,1,2,0,5
2011,Delhi,RAJOURI GARDEN - DL10( 12-AUG-2015 ),3,MOPED,9,9,9,3,6,9,7,6,4,6,4,4,76
2011,Delhi,RAJOURI GARDEN - DL10( 12-AUG-2015 ),4,MOTOR CAR,"1,347","1,205","1,593","1,183","1,182","1,308","1,395","1,433","1,187","1,526","1,257","1,184","15,800"
2011,Delhi,RAJOURI GARDEN - DL10( 12-AUG-2015 ),5,PRIVATE SERVICE VEHICLE (INDIVIDUAL USE),0,0,0,0,0,0,0,1,0,0,0,0,1
2011,Delhi,RAJPUR ROAD/VIU BURARI - DL51( 08-APR-2016 ),1,AMBULANCE,3,4,10,5,14,8,3,8,11,3,5,3,77
2011,Delhi,RAJPUR ROAD/VIU BURARI - DL51( 08-APR-2016 ),2,BUS,143,78,85,127,78,63,95,112,44,81,88,84,"1,078"
2011,Delhi,RAJPUR ROAD/VIU BURARI - DL51( 08-APR-2016 ),3,CRANE MOUNTED VEHICLE,0,1,1,5,0,1,1,1,0,0,2,0,12
2011,Delhi,RAJPUR ROAD/VIU BURARI - DL51( 08-APR-2016 ),4,FIRE FIGHTING VEHICLE,0,0,0,0,0,2,0,0,0,0,0,0,2
2011,Delhi,RAJPUR ROAD/VIU BURARI - DL51( 08-APR-2016 ),5,GOODS CARRIER,"1,093",904,"1,124",862,947,893,872,925,851,990,856,780,"11,097"
2011,Delhi,RAJPUR ROAD/VIU BURARI - DL51( 08-APR-2016 ),6,MAXI CAB,33,32,45,43,43,33,45,48,49,46,44,81,542
2011,Delhi,RAJPUR ROAD/VIU BURARI - DL51( 08-APR-2016 ),7,MOTOR CAB,0,0,0,0,0,0,0,1,0,0,0,0,1
2011,Delhi,RAJPUR ROAD/VIU BURARI - DL51( 08-APR-2016 ),8,RECOVERY VEHICLE,3,1,2,0,0,3,4,9,7,0,2,0,31
2011,Delhi,RAJPUR ROAD/VIU BURARI - DL51( 08-APR-2016 ),9,THREE WHEELER (GOODS),850,677,654,481,441,460,497,530,491,681,504,354,"6,620"
2011,Delhi,RAJPUR ROAD/VIU BURARI - DL51( 08-APR-2016 ),10,TRACTOR (COMMERCIAL),5,9,30,28,17,20,30,21,30,37,39,21,287
2011,Delhi,ROHINI - DL11( 14-AUG-2015 ),1,M-CYCLE/SCOOTER,"1,901","1,563","1,605","1,576","1,683","1,458","2,001","1,785","1,456","2,301","2,048","1,132","20,509"
2011,Delhi,ROHINI - DL11( 14-AUG-2015 ),2,M-CYCLE/SCOOTER-WITH SIDE CAR,0,0,1,1,0,0,0,0,0,0,0,1,3
2011,Delhi,ROHINI - DL11( 14-AUG-2015 ),3,MOPED,88,60,76,56,53,34,96,103,80,60,122,92,920
2011,Delhi,ROHINI - DL11( 14-AUG-2015 ),4,MOTOR CAR,193,138,201,132,150,155,151,175,130,103,275,249,"2,052"
2011,Delhi,SARAI KALE KHAN - DL6( 10-SEP-2015 ),1,M-CYCLE/SCOOTER,"1,803","1,701","1,547","1,513","1,469","1,541","1,591","1,540","1,633","1,900","2,186","1,382","19,806"
2011,Delhi,SARAI KALE KHAN - DL6( 10-SEP-2015 ),2,MOPED,8,4,7,3,4,8,12,6,5,1,0,0,58
2011,Delhi,SARAI KALE KHAN - DL6( 10-SEP-2015 ),3,MOTOR CAR,304,215,341,191,272,307,176,200,209,218,180,318,"2,931"
2011,Delhi,SOUTH DELHI - DL3( 15-SEP-2015 ),1,M-CYCLE/SCOOTER,"3,434","3,310","3,832","2,910","3,974","3,273","3,803","3,377","3,628","4,324","4,629","3,732","44,226"
2011,Delhi,SOUTH DELHI - DL3( 15-SEP-2015 ),2,M-CYCLE/SCOOTER-WITH SIDE CAR,0,0,3,1,0,0,0,0,0,0,0,0,4
2011,Delhi,SOUTH DELHI - DL3( 15-SEP-2015 ),3,MOPED,78,68,64,40,73,66,96,109,92,94,107,75,962
2011,Delhi,SOUTH DELHI - DL3( 15-SEP-2015 ),4,MOTOR CAR,"3,307","2,465","3,263","2,096","2,357","2,403","2,321","2,171","2,033","2,391","2,406","1,968","29,181"
2011,Delhi,SOUTH DELHI - DL3( 15-SEP-2015 ),5,OMNI BUS (PRIVATE USE),0,0,0,1,0,0,0,0,0,0,0,0,1
2011,Delhi,SURAJMAL VIHAR - DL13( 26-JUN-2015 ),1,M-CYCLE/SCOOTER,"3,117","2,944","2,380","2,344","2,452","2,130","2,346","2,189","1,951","3,632","2,796","1,257","29,538"
2011,Delhi,SURAJMAL VIHAR - DL13( 26-JUN-2015 ),2,M-CYCLE/SCOOTER-WITH SIDE CAR,2,0,0,0,0,0,1,0,0,0,0,0,3
2011,Delhi,SURAJMAL VIHAR - DL13( 26-JUN-2015 ),3,MOPED,41,21,17,17,17,19,16,30,23,32,25,15,273
2011,Delhi,SURAJMAL VIHAR - DL13( 26-JUN-2015 ),4,MOTOR CAR,491,501,693,342,428,374,541,451,408,516,483,418,"5,646"
2011,Delhi,VASANT VIHAR - DL12( 01-JUN-2015 ),1,M-CYCLE/SCOOTER,"1,310","1,509","1,178","1,057",945,"1,057","1,027",873,845,"1,201",948,648,"12,598"
2011,Delhi,VASANT VIHAR - DL12( 01-JUN-2015 ),2,M-CYCLE/SCOOTER-WITH SIDE CAR,0,0,0,1,0,0,0,0,0,0,1,0,2
2011,Delhi,VASANT VIHAR - DL12( 01-JUN-2015 ),3,MOPED,7,5,11,11,3,1,7,4,4,4,4,6,67
2011,Delhi,VASANT VIHAR - DL12( 01-JUN-2015 ),4,MOTOR CAR,982,761,"1,077",678,698,752,720,622,625,876,979,949,"9,719"
2011,Delhi,WAZIRPUR - DL8( 17-SEP-2015 ),1,M-CYCLE/SCOOTER,"2,148","2,333","2,143","2,031","2,075","2,058","2,334","2,364","2,029","3,310","4,087","2,132","29,044"
2011,Delhi,WAZIRPUR - DL8( 17-SEP-2015 ),2,M-CYCLE/SCOOTER-WITH SIDE CAR,5,2,0,1,1,1,1,0,0,0,2,0,13
2011,Delhi,WAZIRPUR - DL8( 17-SEP-2015 ),3,MOPED,60,28,29,29,36,18,49,63,35,62,109,90,608
2011,Delhi,WAZIRPUR - DL8( 17-SEP-2015 ),4,MOTOR CAR,"2,228","1,603","1,938","1,375","1,675","1,608","1,487","1,282","1,190","1,955","2,021","1,671","20,033"
2010,Delhi,BURARI AUTO UNIT - DL53( 08-APR-2016 ),1,THREE WHEELER (PASSENGER),236,125,253,60,190,180,147,165,144,168,191,156,"2,015"
2010,Delhi,BURARI TAXI UNIT - DL52( 08-APR-2016 ),1,LUXURY CAB,39,23,14,16,17,12,25,21,27,40,19,32,285
2010,Delhi,BURARI TAXI UNIT - DL52( 08-APR-2016 ),2,MAXI CAB,15,14,22,28,3,2,5,4,3,4,2,4,106
2010,Delhi,BURARI TAXI UNIT - DL52( 08-APR-2016 ),3,MOTOR CAB,481,418,748,481,362,390,511,903,"1,143",954,"1,291","1,290","8,972"
2010,Delhi,DWARKA - DL9( 28-JUL-2015 ),1,ADAPTED VEHICLE,1,0,0,0,0,0,0,0,0,0,0,0,1
2010,Delhi,DWARKA - DL9( 28-JUL-2015 ),2,M-CYCLE/SCOOTER,"3,327","2,873","3,305","2,606","2,876","2,022","1,964","2,248","1,945","2,513","3,504","1,852","31,035"
2010,Delhi,DWARKA - DL9( 28-JUL-2015 ),3,MOPED,3,1,7,3,3,1,2,1,6,7,4,0,38
2010,Delhi,DWARKA - DL9( 28-JUL-2015 ),4,MOTOR CAR,"1,774","1,612","2,291","1,026","1,514",597,792,756,952,914,"1,026",885,"14,139"
2010,Delhi,I P ESTATE - DL2( 01-JUN-2015 ),1,ADAPTED VEHICLE,0,1,0,0,0,0,0,0,0,0,0,0,1
2010,Delhi,I P ESTATE - DL2( 01-JUN-2015 ),2,M-CYCLE/SCOOTER,24,28,23,31,25,15,23,24,34,24,27,17,295
2010,Delhi,I P ESTATE - DL2( 01-JUN-2015 ),3,MOPED,4,3,1,0,0,1,1,2,1,0,0,4,17
2010,Delhi,I P ESTATE - DL2( 01-JUN-2015 ),4,MOTOR CAR,"1,331","1,154","1,612","1,071","1,960",796,987,958,"1,103",933,"1,007","1,128","14,040"
2010,Delhi,I P ESTATE - DL2( 01-JUN-2015 ),5,THREE WHEELER (PERSONAL),0,0,0,3,0,1,0,0,0,0,0,0,4
2010,Delhi,JANAKPURI - DL4( 24-JUL-2015 ),1,M-CYCLE/SCOOTER,"3,009","2,493","2,639","2,388","2,853","2,156","2,631","2,694","2,298","2,766","3,423","2,001","31,351"
2010,Delhi,JANAKPURI - DL4( 24-JUL-2015 ),2,M-CYCLE/SCOOTER-WITH SIDE CAR,0,3,0,0,0,0,0,0,0,0,0,0,3
2010,Delhi,JANAKPURI - DL4( 24-JUL-2015 ),3,MOPED,73,47,83,60,58,44,71,74,50,81,97,83,821
2010,Delhi,JANAKPURI - DL4( 24-JUL-2015 ),4,MOTOR CAR,"1,328","1,223","1,184",842,"1,566",645,833,944,830,893,"1,088",908,"12,284"
2010,Delhi,JANAKPURI - DL4( 24-JUL-2015 ),5,THREE WHEELER (PERSONAL),0,1,0,0,0,0,0,0,0,0,0,0,1
2010,Delhi,LONI ROAD - DL5( 09-SEP-2015 ),1,M-CYCLE/SCOOTER,"2,360","1,857","3,432","1,908","3,060","1,663","1,879","1,641","1,622","1,492","1,890","2,083","24,887"
2010,Delhi,LONI ROAD - DL5( 09-SEP-2015 ),2,MOPED,162,107,134,82,95,163,116,98,90,126,186,81,"1,440"
2010,Delhi,LONI ROAD - DL5( 09-SEP-2015 ),3,MOTOR CAR,747,514,"1,022",555,"1,146",489,533,526,549,425,570,474,"7,550"
2010,Delhi,MALL ROAD - DL1( 12-OCT-2015 ),1,ADAPTED VEHICLE,1,6,2,0,3,1,0,2,1,2,1,4,23
2010,Delhi,MALL ROAD - DL1( 12-OCT-2015 ),2,M-CYCLE/SCOOTER,"1,029",928,957,935,"1,161",571,802,704,547,707,"1,072",584,"9,997"
2010,Delhi,MALL ROAD - DL1( 12-OCT-2015 ),3,M-CYCLE/SCOOTER-WITH SIDE CAR,0,0,0,0,0,0,0,0,0,0,1,0,1
2010,Delhi,MALL ROAD - DL1( 12-OCT-2015 ),4,MOPED,5,9,3,12,8,7,4,0,3,3,9,5,68
2010,Delhi,MALL ROAD - DL1( 12-OCT-2015 ),5,MOTOR CAR,585,650,950,591,948,440,521,634,724,638,737,672,"8,090"
2010,Delhi,MAYUR VIHAR  - DL7( 29-JUN-2015 ),1,M-CYCLE/SCOOTER,"2,646","2,345","2,555","2,158","3,144","1,393","1,871","2,193","2,038","2,140","2,503","1,833","26,819"
2010,Delhi,MAYUR VIHAR  - DL7( 29-JUN-2015 ),2,M-CYCLE/SCOOTER-WITH SIDE CAR,0,0,0,0,0,0,0,10,1,1,0,0,12
2010,Delhi,MAYUR VIHAR  - DL7( 29-JUN-2015 ),3,MOPED,57,69,59,72,88,37,77,97,68,67,130,69,890
2010,Delhi,MAYUR VIHAR  - DL7( 29-JUN-2015 ),4,MOTOR CAR,671,580,741,408,758,382,400,486,414,471,608,539,"6,458"
2010,Delhi,RAJOURI GARDEN - DL10( 12-AUG-2015 ),1,M-CYCLE/SCOOTER,"1,324","1,068","1,152","1,421","1,497","1,151","1,197","1,129","1,453","1,159","1,820",988,"15,359"
2010,Delhi,RAJOURI GARDEN - DL10( 12-AUG-2015 ),2,M-CYCLE/SCOOTER-WITH SIDE CAR,2,0,1,0,1,0,0,0,1,1,0,0,6
2010,Delhi,RAJOURI GARDEN - DL10( 12-AUG-2015 ),3,MOPED,1,1,3,1,2,3,5,6,5,4,10,11,52
2010,Delhi,RAJOURI GARDEN - DL10( 12-AUG-2015 ),4,MOTOR CAR,"1,433","1,312","1,737","1,258","2,080",975,"1,209","1,164","1,069","1,123","1,073",906,"15,339"
2010,Delhi,RAJPUR ROAD/VIU BURARI - DL51( 08-APR-2016 ),1,AMBULANCE,15,4,5,9,13,15,7,2,38,2,3,2,115
2010,Delhi,RAJPUR ROAD/VIU BURARI - DL51( 08-APR-2016 ),2,BUS,176,408,480,238,293,189,527,113,499,201,61,137,"3,322"
2010,Delhi,RAJPUR ROAD/VIU BURARI - DL51( 08-APR-2016 ),3,CRANE MOUNTED VEHICLE,3,5,8,9,2,1,1,2,3,0,2,0,36
2010,Delhi,RAJPUR ROAD/VIU BURARI - DL51( 08-APR-2016 ),4,GOODS CARRIER,"1,048",981,"1,139",742,284,565,630,601,423,695,836,803,"8,747"
2010,Delhi,RAJPUR ROAD/VIU BURARI - DL51( 08-APR-2016 ),5,MAXI CAB,23,26,53,19,21,27,47,34,41,48,35,33,407
2010,Delhi,RAJPUR ROAD/VIU BURARI - DL51( 08-APR-2016 ),6,OMNI BUS,0,0,0,0,0,0,0,0,0,1,0,0,1
2010,Delhi,RAJPUR ROAD/VIU BURARI - DL51( 08-APR-2016 ),7,RECOVERY VEHICLE,6,0,1,1,0,0,0,0,0,0,2,3,13
2010,Delhi,RAJPUR ROAD/VIU BURARI - DL51( 08-APR-2016 ),8,THREE WHEELER (GOODS),823,608,854,418,229,509,473,458,447,558,423,638,"6,438"
2010,Delhi,RAJPUR ROAD/VIU BURARI - DL51( 08-APR-2016 ),9,TRACTOR (COMMERCIAL),9,10,6,8,10,2,7,3,5,1,4,5,70
2010,Delhi,ROHINI - DL11( 14-AUG-2015 ),1,M-CYCLE/SCOOTER,"1,772","1,449","2,013","1,358","2,223","1,405","1,859","1,689","1,832","1,919","2,344","1,278","21,141"
2010,Delhi,ROHINI - DL11( 14-AUG-2015 ),2,M-CYCLE/SCOOTER-WITH SIDE CAR,0,0,0,1,0,0,0,1,9,36,0,0,47
2010,Delhi,ROHINI - DL11( 14-AUG-2015 ),3,MOPED,83,33,97,65,69,44,60,79,71,103,95,63,862
2010,Delhi,ROHINI - DL11( 14-AUG-2015 ),4,MOTOR CAR,726,486,"1,007",435,803,251,160,187,219,230,228,213,"4,945"
