0,1,2,3,4,5,6,7,8,9,10,11,12,13,14,15,16,17
2024,Delhi,BURARI AUTO UNIT - DL53( 08-APR-2016 ),1,CNG ONLY,309,366,25,10,,,,,,,,,710
2024,Delhi,BURARI AUTO UNIT - DL53( 08-APR-2016 ),2,ELECTRIC(BOV),32,78,145,0,,,,,,,,,255
2024,Delhi,BURARI TAXI UNIT - DL52( 08-APR-2016 ),1,DIESEL,26,5,6,2,,,,,,,,,39
2024,Delhi,BURARI TAXI UNIT - DL52( 08-APR-2016 ),2,ELECTRIC(BOV),868,102,442,2,,,,,,,,,"1,414"
2024,Delhi,BURARI TAXI UNIT - DL52( 08-APR-2016 ),3,PETROL,2,0,2,3,,,,,,,,,7
2024,Delhi,BURARI TAXI UNIT - DL52( 08-APR-2016 ),4,PETROL/CNG,596,523,543,221,,,,,,,,,"1,883"
2024,Delhi,BURARI TAXI UNIT - DL52( 08-APR-2016 ),5,PETROL/HYBRID,1,0,0,0,,,,,,,,,1
2024,Delhi,DWARKA - DL9( 28-JUL-2015 ),1,DIESEL,95,121,93,37,,,,,,,,,346
2024,Delhi,DWARKA - DL9( 28-JUL-2015 ),2,DIESEL/HYBRID,0,0,0,1,,,,,,,,,1
2024,Delhi,DWARKA - DL9( 28-JUL-2015 ),3,ELECTRIC(BOV),435,419,654,219,,,,,,,,,"1,727"
2024,Delhi,DWARKA - DL9( 28-JUL-2015 ),4,PETROL,"5,551","4,481","4,246","1,950",,,,,,,,,"16,228"
2024,Delhi,DWARKA - DL9( 28-JUL-2015 ),5,PETROL/CNG,"1,050",732,651,309,,,,,,,,,"2,742"
2024,Delhi,DWARKA - DL9( 28-JUL-2015 ),6,PETROL/ETHANOL,100,125,120,60,,,,,,,,,405
2024,Delhi,DWARKA - DL9( 28-JUL-2015 ),7,PETROL/HYBRID,478,381,302,148,,,,,,,,,"1,309"
2024,Delhi,DWARKA - DL9( 28-JUL-2015 ),8,PURE EV,0,0,2,2,,,,,,,,,4
2024,Delhi,DWARKA - DL9( 28-JUL-2015 ),9,STRONG HYBRID EV,0,0,18,12,,,,,,,,,30
2024,Delhi,I P ESTATE - DL2( 01-JUN-2015 ),1,DIESEL,3,12,4,5,,,,,,,,,24
2024,Delhi,I P ESTATE - DL2( 01-JUN-2015 ),2,ELECTRIC(BOV),5,2,9,0,,,,,,,,,16
2024,Delhi,I P ESTATE - DL2( 01-JUN-2015 ),3,PETROL,504,309,251,145,,,,,,,,,"1,209"
2024,Delhi,I P ESTATE - DL2( 01-JUN-2015 ),4,PETROL/CNG,271,175,111,96,,,,,,,,,653
2024,Delhi,I P ESTATE - DL2( 01-JUN-2015 ),5,PETROL/HYBRID,164,104,94,54,,,,,,,,,416
2024,Delhi,I P ESTATE - DL2( 01-JUN-2015 ),6,STRONG HYBRID EV,0,0,1,0,,,,,,,,,1
2024,Delhi,JANAKPURI - DL4( 24-JUL-2015 ),1,DIESEL,52,102,90,13,,,,,,,,,257
2024,Delhi,JANAKPURI - DL4( 24-JUL-2015 ),2,DIESEL/HYBRID,0,1,0,0,,,,,,,,,1
2024,Delhi,JANAKPURI - DL4( 24-JUL-2015 ),3,ELECTRIC(BOV),351,270,"2,792",431,,,,,,,,,"3,844"
2024,Delhi,JANAKPURI - DL4( 24-JUL-2015 ),4,PETROL,"3,510","3,063","2,858","1,471",,,,,,,,,"10,902"
2024,Delhi,JANAKPURI - DL4( 24-JUL-2015 ),5,PETROL/CNG,283,192,164,70,,,,,,,,,709
2024,Delhi,JANAKPURI - DL4( 24-JUL-2015 ),6,PETROL/ETHANOL,2,2,1,3,,,,,,,,,8
2024,Delhi,JANAKPURI - DL4( 24-JUL-2015 ),7,PETROL/HYBRID,19,90,74,10,,,,,,,,,193
2024,Delhi,JANAKPURI - DL4( 24-JUL-2015 ),8,PURE EV,0,0,1,1,,,,,,,,,2
2024,Delhi,JANAKPURI - DL4( 24-JUL-2015 ),9,STRONG HYBRID EV,0,0,16,4,,,,,,,,,20
2024,Delhi,LONI ROAD - DL5( 09-SEP-2015 ),1,DIESEL,36,29,36,18,,,,,,,,,119
2024,Delhi,LONI ROAD - DL5( 09-SEP-2015 ),2,ELECTRIC(BOV),605,526,761,167,,,,,,,,,"2,059"
2024,Delhi,LONI ROAD - DL5( 09-SEP-2015 ),3,PETROL,"5,207","3,873","3,548","1,708",,,,,,,,,"14,336"
2024,Delhi,LONI ROAD - DL5( 09-SEP-2015 ),4,PETROL/CNG,442,213,181,95,,,,,,,,,931
2024,Delhi,LONI ROAD - DL5( 09-SEP-2015 ),5,PETROL/ETHANOL,155,89,83,48,,,,,,,,,375
2024,Delhi,LONI ROAD - DL5( 09-SEP-2015 ),6,PETROL/HYBRID,76,45,38,16,,,,,,,,,175
2024,Delhi,LONI ROAD - DL5( 09-SEP-2015 ),7,STRONG HYBRID EV,0,0,1,0,,,,,,,,,1
2024,Delhi,MALL ROAD - DL1( 12-OCT-2015 ),1,DIESEL,82,173,195,20,,,,,,,,,470
2024,Delhi,MALL ROAD - DL1( 12-OCT-2015 ),2,DIESEL/HYBRID,0,1,2,0,,,,,,,,,3
2024,Delhi,MALL ROAD - DL1( 12-OCT-2015 ),3,ELECTRIC(BOV),103,87,121,51,,,,,,,,,362
2024,Delhi,MALL ROAD - DL1( 12-OCT-2015 ),4,PETROL,"1,238",970,992,471,,,,,,,,,"3,671"
2024,Delhi,MALL ROAD - DL1( 12-OCT-2015 ),5,PETROL/CNG,151,73,71,37,,,,,,,,,332
2024,Delhi,MALL ROAD - DL1( 12-OCT-2015 ),6,PETROL/ETHANOL,3,4,3,0,,,,,,,,,10
2024,Delhi,MALL ROAD - DL1( 12-OCT-2015 ),7,PETROL/HYBRID,150,281,178,40,,,,,,,,,649
2024,Delhi,MALL ROAD - DL1( 12-OCT-2015 ),8,PURE EV,0,0,1,0,,,,,,,,,1
2024,Delhi,MALL ROAD - DL1( 12-OCT-2015 ),9,STRONG HYBRID EV,0,0,8,10,,,,,,,,,18
2024,Delhi,MAYUR VIHAR  - DL7( 29-JUN-2015 ),1,DIESEL,116,77,55,35,,,,,,,,,283
2024,Delhi,MAYUR VIHAR  - DL7( 29-JUN-2015 ),2,DIESEL/HYBRID,2,1,0,0,,,,,,,,,3
2024,Delhi,MAYUR VIHAR  - DL7( 29-JUN-2015 ),3,ELECTRIC(BOV),345,299,361,72,,,,,,,,,"1,077"
2024,Delhi,MAYUR VIHAR  - DL7( 29-JUN-2015 ),4,PETROL,"3,311","2,552","2,351","1,055",,,,,,,,,"9,269"
2024,Delhi,MAYUR VIHAR  - DL7( 29-JUN-2015 ),5,PETROL/CNG,327,178,142,71,,,,,,,,,718
2024,Delhi,MAYUR VIHAR  - DL7( 29-JUN-2015 ),6,PETROL/ETHANOL,13,4,12,4,,,,,,,,,33
2024,Delhi,MAYUR VIHAR  - DL7( 29-JUN-2015 ),7,PETROL/HYBRID,253,114,123,55,,,,,,,,,545
2024,Delhi,MAYUR VIHAR  - DL7( 29-JUN-2015 ),8,STRONG HYBRID EV,0,0,4,1,,,,,,,,,5
2024,Delhi,RAJOURI GARDEN - DL10( 12-AUG-2015 ),1,DIESEL,93,110,105,47,,,,,,,,,355
2024,Delhi,RAJOURI GARDEN - DL10( 12-AUG-2015 ),2,DIESEL/HYBRID,0,1,1,0,,,,,,,,,2
2024,Delhi,RAJOURI GARDEN - DL10( 12-AUG-2015 ),3,ELECTRIC(BOV),"1,943","1,288",51,20,,,,,,,,,"3,302"
2024,Delhi,RAJOURI GARDEN - DL10( 12-AUG-2015 ),4,PETROL,"2,717","2,370","2,212",954,,,,,,,,,"8,253"
2024,Delhi,RAJOURI GARDEN - DL10( 12-AUG-2015 ),5,PETROL/CNG,250,242,213,76,,,,,,,,,781
2024,Delhi,RAJOURI GARDEN - DL10( 12-AUG-2015 ),6,PETROL/ETHANOL,23,16,33,20,,,,,,,,,92
2024,Delhi,RAJOURI GARDEN - DL10( 12-AUG-2015 ),7,PETROL/HYBRID,298,281,199,99,,,,,,,,,877
2024,Delhi,RAJOURI GARDEN - DL10( 12-AUG-2015 ),8,PURE EV,0,0,0,1,,,,,,,,,1
2024,Delhi,RAJOURI GARDEN - DL10( 12-AUG-2015 ),9,STRONG HYBRID EV,0,0,75,26,,,,,,,,,101
2024,Delhi,RAJPUR ROAD/VIU BURARI - DL51( 08-APR-2016 ),1,CNG ONLY,"2,177","1,821","1,607",749,,,,,,,,,"6,354"
2024,Delhi,RAJPUR ROAD/VIU BURARI - DL51( 08-APR-2016 ),2,DIESEL,146,120,105,54,,,,,,,,,425
2024,Delhi,RAJPUR ROAD/VIU BURARI - DL51( 08-APR-2016 ),3,ELECTRIC(BOV),852,752,"2,768",81,,,,,,,,,"4,453"
2024,Delhi,RAJPUR ROAD/VIU BURARI - DL51( 08-APR-2016 ),4,PETROL,2,1,0,2,,,,,,,,,5
2024,Delhi,RAJPUR ROAD/VIU BURARI - DL51( 08-APR-2016 ),5,PETROL/CNG,0,3,1,0,,,,,,,,,4
2024,Delhi,ROHINI - DL11( 14-AUG-2015 ),1,DIESEL,31,20,27,13,,,,,,,,,91
2024,Delhi,ROHINI - DL11( 14-AUG-2015 ),2,ELECTRIC(BOV),539,402,534,158,,,,,,,,,"1,633"
2024,Delhi,ROHINI - DL11( 14-AUG-2015 ),3,PETROL,"4,094","3,028","2,899","1,579",,,,,,,,,"11,600"
2024,Delhi,ROHINI - DL11( 14-AUG-2015 ),4,PETROL/CNG,292,223,193,66,,,,,,,,,774
2024,Delhi,ROHINI - DL11( 14-AUG-2015 ),5,PETROL/ETHANOL,120,99,84,44,,,,,,,,,347
2024,Delhi,ROHINI - DL11( 14-AUG-2015 ),6,PETROL/HYBRID,98,56,35,17,,,,,,,,,206
2024,Delhi,ROHINI - DL11( 14-AUG-2015 ),7,PURE EV,0,0,3,4,,,,,,,,,7
2024,Delhi,ROHINI - DL11( 14-AUG-2015 ),8,STRONG HYBRID EV,0,1,0,4,,,,,,,,,5
2024,Delhi,SARAI KALE KHAN - DL6( 10-SEP-2015 ),1,DIESEL,27,22,23,5,,,,,,,,,77
2024,Delhi,SARAI KALE KHAN - DL6( 10-SEP-2015 ),2,ELECTRIC(BOV),199,202,249,45,,,,,,,,,695
2024,Delhi,SARAI KALE KHAN - DL6( 10-SEP-2015 ),3,PETROL,"1,746","1,571","1,330",742,,,,,,,,,"5,389"
2024,Delhi,SARAI KALE KHAN - DL6( 10-SEP-2015 ),4,PETROL/CNG,22,11,10,8,,,,,,,,,51
2024,Delhi,SARAI KALE KHAN - DL6( 10-SEP-2015 ),5,PETROL/ETHANOL,29,47,23,15,,,,,,,,,114
2024,Delhi,SARAI KALE KHAN - DL6( 10-SEP-2015 ),6,PETROL/HYBRID,18,16,7,5,,,,,,,,,46
2024,Delhi,SARAI KALE KHAN - DL6( 10-SEP-2015 ),7,PURE EV,0,0,1,0,,,,,,,,,1
2024,Delhi,SOUTH DELHI - DL3( 15-SEP-2015 ),1,CNG ONLY,0,0,0,1,,,,,,,,,1
2024,Delhi,SOUTH DELHI - DL3( 15-SEP-2015 ),2,DIESEL,152,96,69,34,,,,,,,,,351
2024,Delhi,SOUTH DELHI - DL3( 15-SEP-2015 ),3,DIESEL/HYBRID,3,0,1,1,,,,,,,,,5
2024,Delhi,SOUTH DELHI - DL3( 15-SEP-2015 ),4,ELECTRIC(BOV),342,323,498,90,,,,,,,,,"1,253"
2024,Delhi,SOUTH DELHI - DL3( 15-SEP-2015 ),5,PETROL,"8,272","6,454","6,083","3,265",,,,,,,,,"24,074"
2024,Delhi,SOUTH DELHI - DL3( 15-SEP-2015 ),6,PETROL/CNG,444,316,272,124,,,,,,,,,"1,156"
2024,Delhi,SOUTH DELHI - DL3( 15-SEP-2015 ),7,PETROL/ETHANOL,184,164,160,79,,,,,,,,,587
2024,Delhi,SOUTH DELHI - DL3( 15-SEP-2015 ),8,PETROL/HYBRID,381,373,280,92,,,,,,,,,"1,126"
2024,Delhi,SOUTH DELHI - DL3( 15-SEP-2015 ),9,PURE EV,0,0,3,0,,,,,,,,,3
2024,Delhi,SOUTH DELHI - DL3( 15-SEP-2015 ),10,STRONG HYBRID EV,0,0,35,13,,,,,,,,,48
2024,Delhi,SURAJMAL VIHAR - DL13( 26-JUN-2015 ),1,DIESEL,69,41,38,13,,,,,,,,,161
2024,Delhi,SURAJMAL VIHAR - DL13( 26-JUN-2015 ),2,ELECTRIC(BOV),231,221,302,81,,,,,,,,,835
2024,Delhi,SURAJMAL VIHAR - DL13( 26-JUN-2015 ),3,PETROL,"4,656","3,351","3,092","1,874",,,,,,,,,"12,973"
2024,Delhi,SURAJMAL VIHAR - DL13( 26-JUN-2015 ),4,PETROL/CNG,307,217,213,97,,,,,,,,,834
2024,Delhi,SURAJMAL VIHAR - DL13( 26-JUN-2015 ),5,PETROL/ETHANOL,147,110,111,64,,,,,,,,,432
2024,Delhi,SURAJMAL VIHAR - DL13( 26-JUN-2015 ),6,PETROL/HYBRID,239,162,118,61,,,,,,,,,580
2024,Delhi,SURAJMAL VIHAR - DL13( 26-JUN-2015 ),7,STRONG HYBRID EV,0,0,31,9,,,,,,,,,40
2024,Delhi,VASANT VIHAR - DL12( 01-JUN-2015 ),1,DIESEL,71,77,96,27,,,,,,,,,271
2024,Delhi,VASANT VIHAR - DL12( 01-JUN-2015 ),2,ELECTRIC(BOV),103,90,121,23,,,,,,,,,337
2024,Delhi,VASANT VIHAR - DL12( 01-JUN-2015 ),3,PETROL,"1,822","1,658","1,596",728,,,,,,,,,"5,804"
2024,Delhi,VASANT VIHAR - DL12( 01-JUN-2015 ),4,PETROL/CNG,302,187,177,74,,,,,,,,,740
2024,Delhi,VASANT VIHAR - DL12( 01-JUN-2015 ),5,PETROL/HYBRID,171,134,99,55,,,,,,,,,459
2024,Delhi,VASANT VIHAR - DL12( 01-JUN-2015 ),6,STRONG HYBRID EV,0,0,27,10,,,,,,,,,37
2024,Delhi,WAZIRPUR - DL8( 17-SEP-2015 ),1,DIESEL,138,136,169,90,,,,,,,,,533
2024,Delhi,WAZIRPUR - DL8( 17-SEP-2015 ),2,DIESEL/HYBRID,2,0,1,0,,,,,,,,,3
2024,Delhi,WAZIRPUR - DL8( 17-SEP-2015 ),3,ELECTRIC(BOV),642,580,"1,028",775,,,,,,,,,"3,025"
2024,Delhi,WAZIRPUR - DL8( 17-SEP-2015 ),4,PETROL,"4,425","3,557","3,388","1,716",,,,,,,,,"13,086"
2024,Delhi,WAZIRPUR - DL8( 17-SEP-2015 ),5,PETROL/CNG,448,263,254,90,,,,,,,,,"1,055"
2024,Delhi,WAZIRPUR - DL8( 17-SEP-2015 ),6,PETROL/ETHANOL,305,179,195,120,,,,,,,,,799
2024,Delhi,WAZIRPUR - DL8( 17-SEP-2015 ),7,PETROL/HYBRID,276,219,228,86,,,,,,,,,809
2024,Delhi,WAZIRPUR - DL8( 17-SEP-2015 ),8,PURE EV,0,0,1,6,,,,,,,,,7
2024,Delhi,WAZIRPUR - DL8( 17-SEP-2015 ),9,STRONG HYBRID EV,0,0,35,27,,,,,,,,,62
2023,Delhi,BURARI AUTO UNIT - DL53( 08-APR-2016 ),1,CNG ONLY,537,496,484,399,306,275,108,156,179,410,216,374,"3,940"
2023,Delhi,BURARI AUTO UNIT - DL53( 08-APR-2016 ),2,ELECTRIC(BOV),30,33,45,7,27,51,7,0,15,28,35,8,286
2023,Delhi,BURARI AUTO UNIT - DL53( 08-APR-2016 ),3,PETROL/CNG,1,2,0,0,0,0,0,0,0,0,0,0,3
2023,Delhi,BURARI TAXI UNIT - DL52( 08-APR-2016 ),1,DIESEL,1,10,2,8,4,1,0,10,7,1,16,16,76
2023,Delhi,BURARI TAXI UNIT - DL52( 08-APR-2016 ),2,ELECTRIC(BOV),34,56,853,83,304,416,434,33,26,127,3,84,"2,453"
2023,Delhi,BURARI TAXI UNIT - DL52( 08-APR-2016 ),3,PETROL,0,0,1,0,0,0,0,0,0,1,0,0,2
2023,Delhi,BURARI TAXI UNIT - DL52( 08-APR-2016 ),4,PETROL/CNG,227,101,304,337,310,282,306,333,273,365,403,357,"3,598"
2023,Delhi,BURARI TAXI UNIT - DL52( 08-APR-2016 ),5,PETROL/HYBRID,0,0,0,0,0,0,0,0,10,1,0,0,11
2023,Delhi,DWARKA - DL9( 28-JUL-2015 ),1,DIESEL,114,133,112,77,94,127,81,69,54,124,102,80,"1,167"
2023,Delhi,DWARKA - DL9( 28-JUL-2015 ),2,ELECTRIC(BOV),479,415,612,369,910,410,349,358,341,720,629,561,"6,153"
2023,Delhi,DWARKA - DL9( 28-JUL-2015 ),3,PETROL,"5,154","4,153","4,793","3,779","4,419","4,396","4,316","4,775","4,445","5,269","7,217","3,954","56,670"
2023,Delhi,DWARKA - DL9( 28-JUL-2015 ),4,PETROL/CNG,765,508,545,495,736,777,735,756,716,778,876,817,"8,504"
2023,Delhi,DWARKA - DL9( 28-JUL-2015 ),5,PETROL/ETHANOL,0,1,14,26,57,42,54,55,73,87,107,83,599
2023,Delhi,DWARKA - DL9( 28-JUL-2015 ),6,PETROL/HYBRID,408,585,692,364,327,392,336,372,295,352,366,265,"4,754"
2023,Delhi,I P ESTATE - DL2( 01-JUN-2015 ),1,DIESEL,20,8,27,44,37,31,18,13,7,8,8,6,227
2023,Delhi,I P ESTATE - DL2( 01-JUN-2015 ),2,DIESEL/HYBRID,0,0,0,1,0,1,0,0,0,0,0,0,2
2023,Delhi,I P ESTATE - DL2( 01-JUN-2015 ),3,ELECTRIC(BOV),4,5,9,6,1,2,3,7,1,3,2,4,47
2023,Delhi,I P ESTATE - DL2( 01-JUN-2015 ),4,PETROL,348,349,382,351,440,352,333,363,354,302,375,318,"4,267"
2023,Delhi,I P ESTATE - DL2( 01-JUN-2015 ),5,PETROL/CNG,209,94,114,131,176,210,178,210,185,208,225,162,"2,102"
2023,Delhi,I P ESTATE - DL2( 01-JUN-2015 ),6,PETROL/ETHANOL,0,0,0,0,0,0,0,0,0,0,0,1,1
2023,Delhi,I P ESTATE - DL2( 01-JUN-2015 ),7,PETROL/HYBRID,160,168,199,173,143,107,124,130,126,100,118,116,"1,664"
2023,Delhi,JANAKPURI - DL4( 24-JUL-2015 ),1,DIESEL,37,28,38,58,71,66,50,50,54,56,71,52,631
2023,Delhi,JANAKPURI - DL4( 24-JUL-2015 ),2,DIESEL/HYBRID,0,0,0,1,0,0,0,0,0,0,0,0,1
2023,Delhi,JANAKPURI - DL4( 24-JUL-2015 ),3,ELECTRIC(BOV),400,377,509,232,479,160,164,197,192,207,218,504,"3,639"
2023,Delhi,JANAKPURI - DL4( 24-JUL-2015 ),4,PETROL,"3,233","2,418","2,653","2,897","3,304","2,829","3,058","3,433","3,129","3,610","5,528","2,180","38,272"
2023,Delhi,JANAKPURI - DL4( 24-JUL-2015 ),5,PETROL/CNG,171,105,134,125,167,168,182,203,183,210,230,228,"2,106"
2023,Delhi,JANAKPURI - DL4( 24-JUL-2015 ),6,PETROL/ETHANOL,0,0,2,0,0,1,0,1,1,1,3,2,11
2023,Delhi,JANAKPURI - DL4( 24-JUL-2015 ),7,PETROL/HYBRID,47,61,75,104,66,40,27,21,21,17,19,32,530
2023,Delhi,LONI ROAD - DL5( 09-SEP-2015 ),1,DIESEL,39,19,8,18,110,55,22,15,29,39,37,22,413
2023,Delhi,LONI ROAD - DL5( 09-SEP-2015 ),2,ELECTRIC(BOV),407,447,642,319,723,564,587,625,577,633,823,621,"6,968"
2023,Delhi,LONI ROAD - DL5( 09-SEP-2015 ),3,PETROL,"5,776","4,488","3,993","3,837","4,225","3,862","3,985","3,829","3,971","4,455","7,412","3,111","52,944"
2023,Delhi,LONI ROAD - DL5( 09-SEP-2015 ),4,PETROL/CNG,411,188,157,218,241,252,256,242,280,271,314,168,"2,998"
2023,Delhi,LONI ROAD - DL5( 09-SEP-2015 ),5,PETROL/ETHANOL,0,2,25,41,54,44,77,63,83,107,193,63,752
2023,Delhi,LONI ROAD - DL5( 09-SEP-2015 ),6,PETROL/HYBRID,140,94,109,128,133,80,71,59,47,37,34,25,957
2023,Delhi,MALL ROAD - DL1( 12-OCT-2015 ),1,DIESEL,124,87,144,225,107,52,234,232,158,56,91,43,"1,553"
2023,Delhi,MALL ROAD - DL1( 12-OCT-2015 ),2,DIESEL/HYBRID,2,0,1,1,0,1,2,1,0,1,3,4,16
2023,Delhi,MALL ROAD - DL1( 12-OCT-2015 ),3,ELECTRIC(BOV),109,86,75,79,101,83,73,71,67,84,109,107,"1,044"
2023,Delhi,MALL ROAD - DL1( 12-OCT-2015 ),4,PETROL,"1,067",773,851,798,823,753,999,"1,024","1,086","1,088","1,435",833,"11,530"
2023,Delhi,MALL ROAD - DL1( 12-OCT-2015 ),5,PETROL/CNG,111,57,72,79,106,121,157,105,148,140,102,90,"1,288"
2023,Delhi,MALL ROAD - DL1( 12-OCT-2015 ),6,PETROL/ETHANOL,0,0,0,1,2,0,0,0,0,5,11,4,23
2023,Delhi,MALL ROAD - DL1( 12-OCT-2015 ),7,PETROL/HYBRID,176,164,246,259,192,114,154,172,234,146,126,87,"2,070"
2023,Delhi,MAYUR VIHAR  - DL7( 29-JUN-2015 ),1,DIESEL,79,99,93,78,80,65,77,72,73,81,73,106,976
2023,Delhi,MAYUR VIHAR  - DL7( 29-JUN-2015 ),2,DIESEL/HYBRID,0,1,0,0,0,0,0,0,0,1,0,2,4
2023,Delhi,MAYUR VIHAR  - DL7( 29-JUN-2015 ),3,ELECTRIC(BOV),215,249,317,186,270,192,202,183,208,243,322,410,"2,997"
2023,Delhi,MAYUR VIHAR  - DL7( 29-JUN-2015 ),4,PETROL,"2,988","2,302","2,357","2,166","2,368","2,370","2,573","2,514","2,388","2,775","3,806","2,686","31,293"
2023,Delhi,MAYUR VIHAR  - DL7( 29-JUN-2015 ),5,PETROL/CNG,162,104,109,112,136,161,152,180,187,227,230,148,"1,908"
2023,Delhi,MAYUR VIHAR  - DL7( 29-JUN-2015 ),6,PETROL/ETHANOL,0,1,5,3,4,12,3,4,2,4,18,17,73
2023,Delhi,MAYUR VIHAR  - DL7( 29-JUN-2015 ),7,PETROL/HYBRID,130,137,187,123,114,83,89,112,123,96,147,162,"1,503"
2023,Delhi,RAJOURI GARDEN - DL10( 12-AUG-2015 ),1,DIESEL,102,66,144,103,99,91,88,95,138,111,128,81,"1,246"
2023,Delhi,RAJOURI GARDEN - DL10( 12-AUG-2015 ),2,DIESEL/HYBRID,0,0,0,0,0,0,0,0,1,0,0,0,1
2023,Delhi,RAJOURI GARDEN - DL10( 12-AUG-2015 ),3,ELECTRIC(BOV),943,771,982,"1,028","1,437",885,876,802,880,"1,069","1,693","3,553","14,919"
2023,Delhi,RAJOURI GARDEN - DL10( 12-AUG-2015 ),4,PETROL,"2,398","1,969","2,355","1,918","2,228","2,296","2,278","2,357","2,493","2,401","3,370","2,045","28,108"
2023,Delhi,RAJOURI GARDEN - DL10( 12-AUG-2015 ),5,PETROL/CNG,115,87,119,87,165,185,221,268,292,277,380,231,"2,427"
2023,Delhi,RAJOURI GARDEN - DL10( 12-AUG-2015 ),6,PETROL/ETHANOL,0,0,0,3,2,0,1,0,1,0,1,2,10
2023,Delhi,RAJOURI GARDEN - DL10( 12-AUG-2015 ),7,PETROL/HYBRID,187,225,347,197,185,171,207,211,221,252,206,183,"2,592"
2023,Delhi,RAJPUR ROAD/VIU BURARI - DL51( 08-APR-2016 ),1,CNG ONLY,"2,991","2,026","2,091","2,196","1,855","1,529","1,595","1,866","1,755","1,958","1,888","1,197","22,947"
2023,Delhi,RAJPUR ROAD/VIU BURARI - DL51( 08-APR-2016 ),2,DIESEL,60,59,58,55,45,39,39,78,46,95,111,119,804
2023,Delhi,RAJPUR ROAD/VIU BURARI - DL51( 08-APR-2016 ),3,ELECTRIC(BOV),529,490,988,477,484,569,623,679,702,828,553,"1,051","7,973"
2023,Delhi,RAJPUR ROAD/VIU BURARI - DL51( 08-APR-2016 ),4,PETROL,0,1,0,1,9,1,0,4,2,0,1,3,22
2023,Delhi,RAJPUR ROAD/VIU BURARI - DL51( 08-APR-2016 ),5,PETROL/CNG,2,0,0,0,1,0,1,0,0,0,0,1,5
2023,Delhi,ROHINI - DL11( 14-AUG-2015 ),1,DIESEL,55,33,27,28,32,31,96,92,32,20,34,20,500
2023,Delhi,ROHINI - DL11( 14-AUG-2015 ),2,ELECTRIC(BOV),455,468,630,661,846,388,426,452,494,580,561,579,"6,540"
2023,Delhi,ROHINI - DL11( 14-AUG-2015 ),3,PETROL,"3,945","3,126","3,360","3,057","3,113","2,812","3,407","3,614","3,054","3,623","6,046","2,331","41,488"
2023,Delhi,ROHINI - DL11( 14-AUG-2015 ),4,PETROL/CNG,244,111,131,127,157,132,176,205,211,214,250,258,"2,216"
2023,Delhi,ROHINI - DL11( 14-AUG-2015 ),5,PETROL/ETHANOL,0,3,18,41,46,38,58,52,76,62,113,140,647
2023,Delhi,ROHINI - DL11( 14-AUG-2015 ),6,PETROL/HYBRID,58,86,92,44,47,17,100,103,48,25,30,56,706
2023,Delhi,SARAI KALE KHAN - DL6( 10-SEP-2015 ),1,DIESEL,36,38,30,23,15,32,16,34,32,33,31,21,341
2023,Delhi,SARAI KALE KHAN - DL6( 10-SEP-2015 ),2,ELECTRIC(BOV),123,110,138,109,181,80,116,179,158,203,250,229,"1,876"
2023,Delhi,SARAI KALE KHAN - DL6( 10-SEP-2015 ),3,PETROL,"1,924","1,523","1,540","1,557","1,523","1,481","1,565","1,876","1,690","1,632","2,645","1,049","20,005"
2023,Delhi,SARAI KALE KHAN - DL6( 10-SEP-2015 ),4,PETROL/CNG,55,11,18,12,24,21,24,12,20,15,24,8,244
2023,Delhi,SARAI KALE KHAN - DL6( 10-SEP-2015 ),5,PETROL/ETHANOL,0,0,0,0,0,22,22,23,37,51,25,65,245
2023,Delhi,SARAI KALE KHAN - DL6( 10-SEP-2015 ),6,PETROL/HYBRID,39,29,23,20,16,16,12,18,15,7,8,12,215
2023,Delhi,SOUTH DELHI - DL3( 15-SEP-2015 ),1,CNG ONLY,0,0,0,0,0,1,0,1,0,0,0,0,2
2023,Delhi,SOUTH DELHI - DL3( 15-SEP-2015 ),2,DIESEL,101,90,132,114,124,92,101,126,163,97,94,65,"1,299"
2023,Delhi,SOUTH DELHI - DL3( 15-SEP-2015 ),3,DIESEL/HYBRID,1,0,1,1,0,1,0,1,1,1,1,1,9
2023,Delhi,SOUTH DELHI - DL3( 15-SEP-2015 ),4,ELECTRIC(BOV),775,663,789,673,596,279,279,339,288,322,400,666,"6,069"
2023,Delhi,SOUTH DELHI - DL3( 15-SEP-2015 ),5,PETROL,"7,730","6,433","6,672","6,272","6,526","6,303","6,833","7,314","6,924","7,677","11,763","5,195","85,642"
2023,Delhi,SOUTH DELHI - DL3( 15-SEP-2015 ),6,PETROL/CNG,320,185,187,200,217,249,295,296,324,371,383,336,"3,363"
2023,Delhi,SOUTH DELHI - DL3( 15-SEP-2015 ),7,PETROL/ETHANOL,0,3,73,64,95,101,132,150,149,178,266,103,"1,314"
2023,Delhi,SOUTH DELHI - DL3( 15-SEP-2015 ),8,PETROL/HYBRID,258,317,430,273,258,217,187,243,308,299,263,220,"3,273"
2023,Delhi,SURAJMAL VIHAR - DL13( 26-JUN-2015 ),1,DIESEL,25,15,35,45,61,41,33,31,25,16,23,29,379
2023,Delhi,SURAJMAL VIHAR - DL13( 26-JUN-2015 ),2,ELECTRIC(BOV),288,373,323,140,317,251,234,300,214,263,256,199,"3,158"
2023,Delhi,SURAJMAL VIHAR - DL13( 26-JUN-2015 ),3,PETROL,"3,220","2,685","2,654","2,666","2,875","2,786","3,167","3,315","3,449","3,679","5,362","2,729","38,587"
2023,Delhi,SURAJMAL VIHAR - DL13( 26-JUN-2015 ),4,PETROL/CNG,151,79,90,112,170,175,210,185,205,243,284,210,"2,114"
2023,Delhi,SURAJMAL VIHAR - DL13( 26-JUN-2015 ),5,PETROL/ETHANOL,0,5,53,45,65,84,90,105,89,130,234,88,988
2023,Delhi,SURAJMAL VIHAR - DL13( 26-JUN-2015 ),6,PETROL/HYBRID,144,141,202,142,129,141,126,141,147,128,107,80,"1,628"
2023,Delhi,VASANT VIHAR - DL12( 01-JUN-2015 ),1,DIESEL,101,165,107,78,92,71,76,83,75,84,176,81,"1,189"
2023,Delhi,VASANT VIHAR - DL12( 01-JUN-2015 ),2,DIESEL/HYBRID,0,3,0,0,0,0,0,0,0,1,1,0,5
2023,Delhi,VASANT VIHAR - DL12( 01-JUN-2015 ),3,ELECTRIC(BOV),132,93,152,107,117,75,74,70,70,94,432,113,"1,529"
2023,Delhi,VASANT VIHAR - DL12( 01-JUN-2015 ),4,PETROL,"1,581","1,636","1,600","1,529","1,561","1,476","1,618","1,716","1,553","1,792","2,436","1,614","20,112"
2023,Delhi,VASANT VIHAR - DL12( 01-JUN-2015 ),5,PETROL/CNG,213,122,117,110,120,139,163,162,162,213,274,206,"2,001"
2023,Delhi,VASANT VIHAR - DL12( 01-JUN-2015 ),6,PETROL/ETHANOL,0,0,0,0,0,0,1,5,2,3,1,3,15
2023,Delhi,VASANT VIHAR - DL12( 01-JUN-2015 ),7,PETROL/HYBRID,125,242,208,113,81,96,141,126,82,116,197,135,"1,662"
2023,Delhi,WAZIRPUR - DL8( 17-SEP-2015 ),1,DIESEL,193,165,188,157,130,142,120,144,171,142,123,104,"1,779"
2023,Delhi,WAZIRPUR - DL8( 17-SEP-2015 ),2,DIESEL/HYBRID,0,0,0,1,0,0,0,0,1,1,0,0,3
2023,Delhi,WAZIRPUR - DL8( 17-SEP-2015 ),3,ELECTRIC(BOV),650,631,906,707,839,502,470,645,607,625,626,789,"7,997"
2023,Delhi,WAZIRPUR - DL8( 17-SEP-2015 ),4,PETROL,"4,481","3,698","3,781","3,498","3,418","3,719","3,600","3,887","4,039","4,257","5,790","3,147","47,315"
2023,Delhi,WAZIRPUR - DL8( 17-SEP-2015 ),5,PETROL/CNG,255,152,211,202,279,279,259,311,294,335,356,302,"3,235"
2023,Delhi,WAZIRPUR - DL8( 17-SEP-2015 ),6,PETROL/ETHANOL,0,9,64,73,104,129,127,196,182,202,390,180,"1,656"
2023,Delhi,WAZIRPUR - DL8( 17-SEP-2015 ),7,PETROL/HYBRID,217,242,288,227,184,174,187,161,200,231,195,168,"2,474"
2022,Delhi,BURARI AUTO UNIT - DL53( 08-APR-2016 ),1,CNG ONLY,430,473,545,330,239,171,288,508,708,549,516,527,"5,284"
2022,Delhi,BURARI AUTO UNIT - DL53( 08-APR-2016 ),2,ELECTRIC(BOV),0,0,36,174,51,18,16,151,140,183,108,220,"1,097"
2022,Delhi,BURARI AUTO UNIT - DL53( 08-APR-2016 ),3,PETROL/CNG,0,0,0,1,0,3,5,1,0,0,0,2,12
2022,Delhi,BURARI TAXI UNIT - DL52( 08-APR-2016 ),1,DIESEL,0,1,0,2,1,2,2,0,5,5,2,0,20
2022,Delhi,BURARI TAXI UNIT - DL52( 08-APR-2016 ),2,ELECTRIC(BOV),134,92,29,333,548,54,192,138,18,287,134,556,"2,515"
2022,Delhi,BURARI TAXI UNIT - DL52( 08-APR-2016 ),3,PETROL,1,0,0,1,3,0,1,0,0,1,1,0,8
2022,Delhi,BURARI TAXI UNIT - DL52( 08-APR-2016 ),4,PETROL/CNG,127,132,152,167,138,117,229,272,302,339,358,282,"2,615"
2022,Delhi,BURARI TAXI UNIT - DL52( 08-APR-2016 ),5,PETROL/HYBRID,0,0,0,0,4,1,0,0,0,0,0,0,5
2022,Delhi,DWARKA - DL9( 28-JUL-2015 ),1,DIESEL,145,125,144,229,174,132,187,236,124,169,161,112,"1,938"
2022,Delhi,DWARKA - DL9( 28-JUL-2015 ),2,ELECTRIC(BOV),717,918,"1,001",367,180,561,848,810,510,614,472,765,"7,763"
2022,Delhi,DWARKA - DL9( 28-JUL-2015 ),3,PETROL,"3,693","3,633","4,127","5,043","4,408","4,097","5,116","5,154","3,665","7,094","5,471","3,675","55,176"
2022,Delhi,DWARKA - DL9( 28-JUL-2015 ),4,PETROL/CNG,655,677,769,856,808,785,773,736,617,895,588,768,"8,927"
2022,Delhi,DWARKA - DL9( 28-JUL-2015 ),5,PETROL/HYBRID,90,74,90,103,166,130,262,415,331,485,421,373,"2,940"
2022,Delhi,I P ESTATE - DL2( 01-JUN-2015 ),1,DIESEL,20,8,20,12,7,7,9,6,6,12,13,4,124
2022,Delhi,I P ESTATE - DL2( 01-JUN-2015 ),2,ELECTRIC(BOV),47,282,605,666,418,186,186,186,472,"1,234",772,4,"5,058"
2022,Delhi,I P ESTATE - DL2( 01-JUN-2015 ),3,PETROL,386,355,325,443,327,339,328,277,252,326,311,357,"4,026"
2022,Delhi,I P ESTATE - DL2( 01-JUN-2015 ),4,PETROL/CNG,201,231,161,161,172,145,151,152,115,197,123,127,"1,936"
2022,Delhi,I P ESTATE - DL2( 01-JUN-2015 ),5,PETROL/HYBRID,59,56,50,60,93,81,90,142,118,204,143,134,"1,230"
2022,Delhi,JANAKPURI - DL4( 24-JUL-2015 ),1,DIESEL,48,55,156,116,63,57,54,34,46,75,53,39,796
2022,Delhi,JANAKPURI - DL4( 24-JUL-2015 ),2,ELECTRIC(BOV),465,476,809,254,220,457,609,493,551,740,506,389,"5,969"
2022,Delhi,JANAKPURI - DL4( 24-JUL-2015 ),3,PETROL,"2,704","2,784","3,068","3,269","3,198","2,921","3,216","3,155","2,864","5,417","3,478","2,259","38,333"
2022,Delhi,JANAKPURI - DL4( 24-JUL-2015 ),4,PETROL/CNG,101,99,110,114,100,94,101,120,126,230,135,204,"1,534"
2022,Delhi,JANAKPURI - DL4( 24-JUL-2015 ),5,PETROL/HYBRID,3,1,18,11,17,15,15,45,34,50,43,55,307
2022,Delhi,LONI ROAD - DL5( 09-SEP-2015 ),1,DIESEL,68,46,37,50,44,83,101,49,27,31,28,31,595
2022,Delhi,LONI ROAD - DL5( 09-SEP-2015 ),2,DIESEL/HYBRID,0,0,0,0,0,0,0,1,0,0,0,0,1
2022,Delhi,LONI ROAD - DL5( 09-SEP-2015 ),3,ELECTRIC(BOV),304,404,433,178,174,382,581,573,264,590,305,387,"4,575"
2022,Delhi,LONI ROAD - DL5( 09-SEP-2015 ),4,PETROL,"4,213","3,803","4,230","4,506","4,603","4,092","4,434","4,491","3,534","6,831","6,670","3,068","54,475"
2022,Delhi,LONI ROAD - DL5( 09-SEP-2015 ),5,PETROL/CNG,316,251,229,317,271,276,273,217,201,308,214,197,"3,070"
2022,Delhi,LONI ROAD - DL5( 09-SEP-2015 ),6,PETROL/HYBRID,30,28,19,29,48,47,65,88,94,126,111,77,762
2022,Delhi,MALL ROAD - DL1( 12-OCT-2015 ),1,DIESEL,179,128,158,159,118,140,142,117,84,124,191,121,"1,661"
2022,Delhi,MALL ROAD - DL1( 12-OCT-2015 ),2,DIESEL/HYBRID,0,0,0,0,0,0,1,1,1,1,1,0,5
2022,Delhi,MALL ROAD - DL1( 12-OCT-2015 ),3,ELECTRIC(BOV),19,18,28,16,27,26,35,50,45,57,133,123,577
2022,Delhi,MALL ROAD - DL1( 12-OCT-2015 ),4,PETROL,"1,022",988,956,"1,335",915,782,895,854,780,"1,275","1,315",759,"11,876"
2022,Delhi,MALL ROAD - DL1( 12-OCT-2015 ),5,PETROL/CNG,126,148,109,119,128,115,143,96,89,119,106,104,"1,402"
2022,Delhi,MALL ROAD - DL1( 12-OCT-2015 ),6,PETROL/HYBRID,38,42,42,30,46,35,63,80,94,101,132,115,818
2022,Delhi,MAYUR VIHAR  - DL7( 29-JUN-2015 ),1,DIESEL,71,55,75,91,126,106,105,79,79,103,98,74,"1,062"
2022,Delhi,MAYUR VIHAR  - DL7( 29-JUN-2015 ),2,DIESEL/HYBRID,0,0,0,0,0,1,0,0,0,0,0,0,1
2022,Delhi,MAYUR VIHAR  - DL7( 29-JUN-2015 ),3,ELECTRIC(BOV),66,113,161,66,113,154,203,119,178,236,175,155,"1,739"
2022,Delhi,MAYUR VIHAR  - DL7( 29-JUN-2015 ),4,PETROL,"1,952","1,877","2,003","2,195","2,317","2,289","2,511","2,471","1,909","3,352","3,481","1,914","28,271"
2022,Delhi,MAYUR VIHAR  - DL7( 29-JUN-2015 ),5,PETROL/CNG,107,114,139,153,129,176,139,135,116,129,161,123,"1,621"
2022,Delhi,MAYUR VIHAR  - DL7( 29-JUN-2015 ),6,PETROL/HYBRID,73,57,42,42,76,67,50,63,56,88,106,81,801
2022,Delhi,RAJOURI GARDEN - DL10( 12-AUG-2015 ),1,DIESEL,141,182,162,175,121,157,181,177,142,151,130,70,"1,789"
2022,Delhi,RAJOURI GARDEN - DL10( 12-AUG-2015 ),2,ELECTRIC(BOV),50,62,91,23,47,142,150,52,135,210,183,"1,071","2,216"
2022,Delhi,RAJOURI GARDEN - DL10( 12-AUG-2015 ),3,PETROL,"1,825","1,673","1,937","2,388","2,174","2,163","2,139","2,295","1,988","3,222","2,290","1,783","25,877"
2022,Delhi,RAJOURI GARDEN - DL10( 12-AUG-2015 ),4,PETROL/CNG,86,90,79,77,72,91,75,106,102,131,102,112,"1,123"
2022,Delhi,RAJOURI GARDEN - DL10( 12-AUG-2015 ),5,PETROL/HYBRID,78,75,59,92,97,79,81,114,110,206,167,160,"1,318"
2022,Delhi,RAJPUR ROAD/VIU BURARI - DL51( 08-APR-2016 ),1,CNG ONLY,"2,322","2,319","2,766","2,768","1,988","2,206","2,227","2,373","2,465","2,516","2,584","2,004","28,538"
2022,Delhi,RAJPUR ROAD/VIU BURARI - DL51( 08-APR-2016 ),2,DIESEL,42,24,19,32,68,71,49,58,49,34,26,57,529
2022,Delhi,RAJPUR ROAD/VIU BURARI - DL51( 08-APR-2016 ),3,ELECTRIC(BOV),148,281,346,281,393,173,256,270,268,381,713,994,"4,504"
2022,Delhi,RAJPUR ROAD/VIU BURARI - DL51( 08-APR-2016 ),4,PETROL,1,1,2,1,1,1,0,0,0,2,3,0,12
2022,Delhi,RAJPUR ROAD/VIU BURARI - DL51( 08-APR-2016 ),5,PETROL/CNG,0,0,2,2,0,1,2,0,0,1,0,1,9
2022,Delhi,ROHINI - DL11( 14-AUG-2015 ),1,DIESEL,42,35,39,120,54,60,60,51,42,64,35,32,634
2022,Delhi,ROHINI - DL11( 14-AUG-2015 ),2,DIESEL/HYBRID,0,0,0,0,0,2,0,0,0,0,0,0,2
2022,Delhi,ROHINI - DL11( 14-AUG-2015 ),3,ELECTRIC(BOV),436,793,740,268,309,589,827,320,563,"1,106",400,409,"6,760"
2022,Delhi,ROHINI - DL11( 14-AUG-2015 ),4,PETROL,"2,580","2,607","2,821","3,525","3,095","2,815","3,304","3,204","2,660","5,844","4,179","2,069","38,703"
2022,Delhi,ROHINI - DL11( 14-AUG-2015 ),5,PETROL/CNG,181,171,156,253,212,190,189,174,179,200,152,152,"2,209"
2022,Delhi,ROHINI - DL11( 14-AUG-2015 ),6,PETROL/HYBRID,5,1,5,13,22,8,31,64,57,59,55,54,374
2022,Delhi,SARAI KALE KHAN - DL6( 10-SEP-2015 ),1,CNG ONLY,0,0,0,0,0,0,0,1,0,0,1,0,2
2022,Delhi,SARAI KALE KHAN - DL6( 10-SEP-2015 ),2,DIESEL,5,6,10,4,6,3,12,8,12,6,3,16,91
2022,Delhi,SARAI KALE KHAN - DL6( 10-SEP-2015 ),3,ELECTRIC(BOV),111,80,141,127,117,141,172,61,139,200,174,127,"1,590"
2022,Delhi,SARAI KALE KHAN - DL6( 10-SEP-2015 ),4,PETROL,"1,360","1,409","1,312","1,723","1,499","1,331","1,573","1,535","1,303","2,706","1,857","1,041","18,649"
2022,Delhi,SARAI KALE KHAN - DL6( 10-SEP-2015 ),5,PETROL/CNG,67,63,37,29,20,30,26,22,20,17,18,19,368
2022,Delhi,SARAI KALE KHAN - DL6( 10-SEP-2015 ),6,PETROL/HYBRID,22,18,17,5,9,8,13,9,10,17,24,38,190
2022,Delhi,SOUTH DELHI - DL3( 15-SEP-2015 ),1,DIESEL,170,137,174,168,155,223,196,168,146,178,165,95,"1,975"
2022,Delhi,SOUTH DELHI - DL3( 15-SEP-2015 ),2,DIESEL/HYBRID,0,0,0,0,0,1,1,0,0,0,1,3,6
2022,Delhi,SOUTH DELHI - DL3( 15-SEP-2015 ),3,ELECTRIC(BOV),162,183,249,310,281,470,306,483,320,583,795,412,"4,554"
2022,Delhi,SOUTH DELHI - DL3( 15-SEP-2015 ),4,PETROL,"5,748","5,444","6,174","7,030","6,500","6,651","6,943","7,437","5,730","10,457","8,769","4,919","81,802"
2022,Delhi,SOUTH DELHI - DL3( 15-SEP-2015 ),5,PETROL/CNG,268,298,259,284,238,250,273,255,224,302,246,273,"3,170"
2022,Delhi,SOUTH DELHI - DL3( 15-SEP-2015 ),6,PETROL/HYBRID,62,69,54,68,108,105,142,174,160,260,253,203,"1,658"
2022,Delhi,SURAJMAL VIHAR - DL13( 26-JUN-2015 ),1,DIESEL,35,35,51,66,67,82,57,53,37,37,33,15,568
2022,Delhi,SURAJMAL VIHAR - DL13( 26-JUN-2015 ),2,ELECTRIC(BOV),234,259,452,276,221,334,354,266,331,439,363,316,"3,845"
2022,Delhi,SURAJMAL VIHAR - DL13( 26-JUN-2015 ),3,PETROL,"1,990","2,028","2,287","2,738","2,665","2,434","2,470","2,534","2,297","4,414","2,946","1,751","30,554"
2022,Delhi,SURAJMAL VIHAR - DL13( 26-JUN-2015 ),4,PETROL/CNG,120,113,96,195,155,154,119,135,96,142,119,100,"1,544"
2022,Delhi,SURAJMAL VIHAR - DL13( 26-JUN-2015 ),5,PETROL/HYBRID,11,21,22,30,69,41,64,81,67,114,130,89,739
2022,Delhi,VASANT VIHAR - DL12( 01-JUN-2015 ),1,DIESEL,80,73,109,105,93,126,207,123,110,166,104,86,"1,382"
2022,Delhi,VASANT VIHAR - DL12( 01-JUN-2015 ),2,ELECTRIC(BOV),88,53,243,214,44,61,45,227,168,90,327,456,"2,016"
2022,Delhi,VASANT VIHAR - DL12( 01-JUN-2015 ),3,PETROL,"1,063","1,132","1,206","1,458","1,362","1,431","1,780","1,787","1,522","2,067","1,839","1,363","18,010"
2022,Delhi,VASANT VIHAR - DL12( 01-JUN-2015 ),4,PETROL/CNG,132,184,180,210,179,158,216,164,162,211,162,221,"2,179"
2022,Delhi,VASANT VIHAR - DL12( 01-JUN-2015 ),5,PETROL/HYBRID,38,68,24,46,50,44,77,86,77,104,123,116,853
2022,Delhi,WAZIRPUR - DL8( 17-SEP-2015 ),1,DIESEL,161,199,203,223,199,170,218,198,265,263,189,162,"2,450"
2022,Delhi,WAZIRPUR - DL8( 17-SEP-2015 ),2,DIESEL/HYBRID,0,0,0,0,0,0,0,0,1,1,1,0,3
2022,Delhi,WAZIRPUR - DL8( 17-SEP-2015 ),3,ELECTRIC(BOV),427,534,631,409,365,711,817,392,712,"1,204",595,682,"7,479"
2022,Delhi,WAZIRPUR - DL8( 17-SEP-2015 ),4,PETROL,"3,267","3,165","3,587","3,734","3,602","3,420","3,465","3,784","3,312","5,158","5,020","2,418","43,932"
2022,Delhi,WAZIRPUR - DL8( 17-SEP-2015 ),5,PETROL/CNG,207,202,205,243,203,182,190,186,133,214,139,139,"2,243"
2022,Delhi,WAZIRPUR - DL8( 17-SEP-2015 ),6,PETROL/HYBRID,69,79,61,60,84,62,68,84,95,207,129,121,"1,119"
2021,Delhi,BURARI AUTO UNIT - DL53( 08-APR-2016 ),1,CNG ONLY,320,599,619,343,0,170,459,409,534,360,375,560,"4,748"
2021,Delhi,BURARI AUTO UNIT - DL53( 08-APR-2016 ),2,PETROL/CNG,52,0,0,1,0,0,0,0,2,0,0,0,55
2021,Delhi,BURARI TAXI UNIT - DL52( 08-APR-2016 ),1,CNG ONLY,0,0,1,0,0,0,0,0,0,0,0,0,1
2021,Delhi,BURARI TAXI UNIT - DL52( 08-APR-2016 ),2,DIESEL,0,0,0,0,0,0,0,1,1,0,1,0,3
2021,Delhi,BURARI TAXI UNIT - DL52( 08-APR-2016 ),3,ELECTRIC(BOV),36,3,72,0,0,5,2,7,119,88,2,92,426
2021,Delhi,BURARI TAXI UNIT - DL52( 08-APR-2016 ),4,PETROL,1,3,1,0,0,0,0,0,0,0,0,1,6
2021,Delhi,BURARI TAXI UNIT - DL52( 08-APR-2016 ),5,PETROL/CNG,51,78,140,56,0,33,68,43,24,47,98,102,740
2021,Delhi,DWARKA - DL9( 28-JUL-2015 ),1,DIESEL,48,51,69,47,0,118,132,107,69,142,136,147,"1,066"
2021,Delhi,DWARKA - DL9( 28-JUL-2015 ),2,ELECTRIC(BOV),161,133,191,74,0,46,99,378,286,371,532,440,"2,711"
2021,Delhi,DWARKA - DL9( 28-JUL-2015 ),3,PETROL,"4,155","4,158","4,603","2,200",2,"2,950","3,953","3,652","2,406","3,945","4,880","3,365","40,269"
2021,Delhi,DWARKA - DL9( 28-JUL-2015 ),4,PETROL/CNG,641,432,619,247,0,418,683,457,192,413,285,441,"4,828"
2021,Delhi,DWARKA - DL9( 28-JUL-2015 ),5,PETROL/HYBRID,88,57,89,29,0,74,69,75,44,98,66,111,800
2021,Delhi,I P ESTATE - DL2( 01-JUN-2015 ),1,DIESEL,26,3,12,0,0,3,19,22,5,5,28,65,188
2021,Delhi,I P ESTATE - DL2( 01-JUN-2015 ),2,ELECTRIC(BOV),0,0,0,0,0,0,2,3,0,0,1,0,6
2021,Delhi,I P ESTATE - DL2( 01-JUN-2015 ),3,PETROL,772,379,506,219,0,363,632,464,220,351,337,400,"4,643"
2021,Delhi,I P ESTATE - DL2( 01-JUN-2015 ),4,PETROL/CNG,308,240,257,111,0,198,358,244,107,141,76,142,"2,182"
2021,Delhi,I P ESTATE - DL2( 01-JUN-2015 ),5,PETROL/HYBRID,101,67,85,35,0,54,101,75,30,68,61,69,746
2021,Delhi,JANAKPURI - DL4( 24-JUL-2015 ),1,DIESEL,39,46,48,8,0,35,37,43,25,46,51,40,418
2021,Delhi,JANAKPURI - DL4( 24-JUL-2015 ),2,ELECTRIC(BOV),222,197,297,172,0,104,339,422,451,408,549,550,"3,711"
2021,Delhi,JANAKPURI - DL4( 24-JUL-2015 ),3,PETROL,"3,251","2,880","2,992","1,294",10,"2,382","2,330","2,577","1,794","3,187","3,870","1,477","28,044"
2021,Delhi,JANAKPURI - DL4( 24-JUL-2015 ),4,PETROL/CNG,50,67,52,31,0,54,65,62,45,96,74,102,698
2021,Delhi,JANAKPURI - DL4( 24-JUL-2015 ),5,PETROL/HYBRID,9,5,11,1,0,7,2,1,1,8,3,2,50
2021,Delhi,LONI ROAD - DL5( 09-SEP-2015 ),1,DIESEL,53,35,33,24,0,59,60,89,73,85,70,58,639
2021,Delhi,LONI ROAD - DL5( 09-SEP-2015 ),2,ELECTRIC(BOV),246,241,283,197,0,125,289,262,324,350,401,336,"3,054"
2021,Delhi,LONI ROAD - DL5( 09-SEP-2015 ),3,PETROL,"6,223","4,870","5,806","2,484",8,"4,305","4,337","4,125","2,803","3,670","5,581","3,130","47,342"
2021,Delhi,LONI ROAD - DL5( 09-SEP-2015 ),4,PETROL/CNG,444,344,334,228,0,313,418,354,146,145,175,137,"3,038"
2021,Delhi,LONI ROAD - DL5( 09-SEP-2015 ),5,PETROL/HYBRID,53,29,38,13,0,16,35,32,19,21,38,26,320
2021,Delhi,MALL ROAD - DL1( 12-OCT-2015 ),1,DIESEL,243,265,310,197,0,156,93,126,100,111,115,161,"1,877"
2021,Delhi,MALL ROAD - DL1( 12-OCT-2015 ),2,ELECTRIC(BOV),13,12,16,7,0,9,12,8,14,13,19,36,159
2021,Delhi,MALL ROAD - DL1( 12-OCT-2015 ),3,PETROL,"1,593","1,501","1,574",780,5,907,784,945,867,995,"1,150",862,"11,963"
2021,Delhi,MALL ROAD - DL1( 12-OCT-2015 ),4,PETROL/CNG,298,212,264,51,5,126,208,129,76,103,110,110,"1,692"
2021,Delhi,MALL ROAD - DL1( 12-OCT-2015 ),5,PETROL/HYBRID,70,52,74,32,0,27,50,52,63,36,38,50,544
2021,Delhi,MAYUR VIHAR  - DL7( 29-JUN-2015 ),1,DIESEL,58,52,53,31,0,64,62,60,46,43,49,55,573
2021,Delhi,MAYUR VIHAR  - DL7( 29-JUN-2015 ),2,ELECTRIC(BOV),52,68,88,64,0,31,147,102,109,95,102,130,988
2021,Delhi,MAYUR VIHAR  - DL7( 29-JUN-2015 ),3,PETROL,"1,737","1,504","1,767",929,2,"1,637","1,583","1,316",995,"1,328","1,796","1,535","16,129"
2021,Delhi,MAYUR VIHAR  - DL7( 29-JUN-2015 ),4,PETROL/CNG,117,123,157,60,0,122,129,97,54,42,67,86,"1,054"
2021,Delhi,MAYUR VIHAR  - DL7( 29-JUN-2015 ),5,PETROL/HYBRID,26,21,31,14,0,49,48,36,30,45,61,43,404
2021,Delhi,RAJOURI GARDEN - DL10( 12-AUG-2015 ),1,DIESEL,116,171,183,100,0,195,198,180,120,155,130,155,"1,703"
2021,Delhi,RAJOURI GARDEN - DL10( 12-AUG-2015 ),2,ELECTRIC(BOV),98,92,117,63,0,63,129,138,155,127,108,164,"1,254"
2021,Delhi,RAJOURI GARDEN - DL10( 12-AUG-2015 ),3,PETROL,"2,411","2,268","2,600","1,473",6,"2,259","2,353","2,631","1,590","2,282","2,591","1,815","24,279"
2021,Delhi,RAJOURI GARDEN - DL10( 12-AUG-2015 ),4,PETROL/CNG,57,30,52,31,0,64,79,70,53,100,61,79,676
2021,Delhi,RAJOURI GARDEN - DL10( 12-AUG-2015 ),5,PETROL/HYBRID,95,83,56,55,1,45,75,97,56,119,82,71,835
2021,Delhi,RAJPUR ROAD/VIU BURARI - DL51( 08-APR-2016 ),1,CNG ONLY,"1,796","2,042","2,284","1,201",0,"1,196","1,895","1,554","2,522","2,131","2,162","1,946","20,729"
2021,Delhi,RAJPUR ROAD/VIU BURARI - DL51( 08-APR-2016 ),2,DIESEL,48,30,37,12,11,80,20,10,20,25,16,14,323
2021,Delhi,RAJPUR ROAD/VIU BURARI - DL51( 08-APR-2016 ),3,ELECTRIC(BOV),3,50,82,41,0,151,205,166,130,143,225,146,"1,342"
2021,Delhi,RAJPUR ROAD/VIU BURARI - DL51( 08-APR-2016 ),4,PETROL,0,0,2,0,0,10,2,1,1,13,1,12,42
2021,Delhi,RAJPUR ROAD/VIU BURARI - DL51( 08-APR-2016 ),5,PETROL/CNG,0,0,0,0,0,0,0,1,0,0,0,10,11
2021,Delhi,ROHINI - DL11( 14-AUG-2015 ),1,DIESEL,36,38,44,28,1,37,34,53,40,33,35,33,412
2021,Delhi,ROHINI - DL11( 14-AUG-2015 ),2,ELECTRIC(BOV),238,271,411,193,0,149,408,356,490,584,574,682,"4,356"
2021,Delhi,ROHINI - DL11( 14-AUG-2015 ),3,PETROL,"3,120","2,620","3,340","1,680",0,"2,734","2,728","2,902","2,011","3,073","4,514","2,059","30,781"
2021,Delhi,ROHINI - DL11( 14-AUG-2015 ),4,PETROL/CNG,102,94,84,30,0,41,84,193,88,124,105,118,"1,063"
2021,Delhi,ROHINI - DL11( 14-AUG-2015 ),5,PETROL/HYBRID,3,2,2,1,0,1,2,13,11,15,9,7,66
2021,Delhi,SARAI KALE KHAN - DL6( 10-SEP-2015 ),1,CNG ONLY,0,0,0,0,0,0,0,1,0,0,0,0,1
2021,Delhi,SARAI KALE KHAN - DL6( 10-SEP-2015 ),2,DIESEL,0,0,0,0,0,5,52,44,25,21,38,6,191
2021,Delhi,SARAI KALE KHAN - DL6( 10-SEP-2015 ),3,ELECTRIC(BOV),50,115,79,37,0,9,137,62,55,58,35,71,708
2021,Delhi,SARAI KALE KHAN - DL6( 10-SEP-2015 ),4,PETROL,"2,071","1,916","2,341",971,0,"1,496","1,943","1,839","1,119","1,692","2,284","1,091","18,763"
2021,Delhi,SARAI KALE KHAN - DL6( 10-SEP-2015 ),5,PETROL/CNG,234,142,195,88,0,129,273,136,54,75,49,63,"1,438"
2021,Delhi,SARAI KALE KHAN - DL6( 10-SEP-2015 ),6,PETROL/HYBRID,39,27,39,29,0,38,51,41,14,41,34,23,376
2021,Delhi,SOUTH DELHI - DL3( 15-SEP-2015 ),1,DIESEL,138,123,135,83,0,138,188,237,117,144,144,200,"1,647"
2021,Delhi,SOUTH DELHI - DL3( 15-SEP-2015 ),2,ELECTRIC(BOV),62,101,110,50,0,70,148,44,189,246,212,211,"1,443"
2021,Delhi,SOUTH DELHI - DL3( 15-SEP-2015 ),3,PETROL,"6,766","6,219","7,471","3,436",2,"5,565","6,469","6,418","4,445","6,377","8,586","4,927","66,681"
2021,Delhi,SOUTH DELHI - DL3( 15-SEP-2015 ),4,PETROL/CNG,265,218,278,143,0,247,336,220,126,175,151,190,"2,349"
2021,Delhi,SOUTH DELHI - DL3( 15-SEP-2015 ),5,PETROL/HYBRID,65,50,64,51,0,39,55,63,51,79,53,74,644
2021,Delhi,SURAJMAL VIHAR - DL13( 26-JUN-2015 ),1,DIESEL,43,62,55,12,0,36,55,38,41,38,43,40,463
2021,Delhi,SURAJMAL VIHAR - DL13( 26-JUN-2015 ),2,ELECTRIC(BOV),74,73,146,42,2,56,179,173,189,233,233,305,"1,705"
2021,Delhi,SURAJMAL VIHAR - DL13( 26-JUN-2015 ),3,PETROL,"2,037","1,909","2,226",937,0,"1,716","1,789","1,627","1,418","2,398","3,170","1,414","20,641"
2021,Delhi,SURAJMAL VIHAR - DL13( 26-JUN-2015 ),4,PETROL/CNG,57,47,57,22,0,19,51,60,14,98,64,70,559
2021,Delhi,SURAJMAL VIHAR - DL13( 26-JUN-2015 ),5,PETROL/HYBRID,6,10,29,11,0,8,29,8,3,19,11,11,145
2021,Delhi,VASANT VIHAR - DL12( 01-JUN-2015 ),1,DIESEL,61,107,101,44,0,63,134,129,91,134,80,62,"1,006"
2021,Delhi,VASANT VIHAR - DL12( 01-JUN-2015 ),2,ELECTRIC(BOV),11,17,24,10,0,10,16,13,18,19,24,58,220
2021,Delhi,VASANT VIHAR - DL12( 01-JUN-2015 ),3,PETROL,"1,427","1,463","1,609",739,0,"1,094","1,200","1,217",835,"1,334","1,364","1,153","13,435"
2021,Delhi,VASANT VIHAR - DL12( 01-JUN-2015 ),4,PETROL/CNG,197,160,188,85,0,96,186,131,90,161,112,150,"1,556"
2021,Delhi,VASANT VIHAR - DL12( 01-JUN-2015 ),5,PETROL/HYBRID,44,35,54,24,0,22,14,25,20,41,41,36,356
2021,Delhi,WAZIRPUR - DL8( 17-SEP-2015 ),1,DIESEL,153,141,148,92,0,135,174,161,126,151,169,129,"1,579"
2021,Delhi,WAZIRPUR - DL8( 17-SEP-2015 ),2,ELECTRIC(BOV),179,226,286,171,0,115,298,474,350,552,511,570,"3,732"
2021,Delhi,WAZIRPUR - DL8( 17-SEP-2015 ),3,PETROL,"4,639","4,322","4,867","2,293",1,"3,505","3,580","3,905","2,416","3,356","4,658","2,872","40,414"
2021,Delhi,WAZIRPUR - DL8( 17-SEP-2015 ),4,PETROL/CNG,566,462,549,341,1,452,549,394,180,200,178,140,"4,012"
2021,Delhi,WAZIRPUR - DL8( 17-SEP-2015 ),5,PETROL/HYBRID,104,113,128,54,0,105,107,88,70,117,72,84,"1,042"
2020,Delhi,BURARI AUTO UNIT - DL53( 08-APR-2016 ),1,CNG ONLY,1,0,179,1,1,54,129,290,213,28,0,0,896
2020,Delhi,BURARI AUTO UNIT - DL53( 08-APR-2016 ),2,PETROL/CNG,373,431,121,19,0,0,0,0,0,0,0,0,944
2020,Delhi,BURARI TAXI UNIT - DL52( 08-APR-2016 ),1,CNG ONLY,6,4,0,2,0,0,0,0,0,0,0,0,12
2020,Delhi,BURARI TAXI UNIT - DL52( 08-APR-2016 ),2,DIESEL,20,14,6,0,0,0,0,3,0,1,2,1,47
2020,Delhi,BURARI TAXI UNIT - DL52( 08-APR-2016 ),3,ELECTRIC(BOV),115,155,100,0,21,41,0,0,5,0,5,0,442
2020,Delhi,BURARI TAXI UNIT - DL52( 08-APR-2016 ),4,PETROL,3,5,4,0,0,2,1,2,1,3,0,0,21
2020,Delhi,BURARI TAXI UNIT - DL52( 08-APR-2016 ),5,PETROL/CNG,707,467,125,1,4,23,55,40,30,43,39,69,"1,603"
2020,Delhi,DWARKA - DL9( 28-JUL-2015 ),1,DIESEL,134,81,50,2,6,29,46,48,42,107,69,57,671
2020,Delhi,DWARKA - DL9( 28-JUL-2015 ),2,DIESEL/HYBRID,1,1,1,1,0,0,0,0,0,0,0,0,4
2020,Delhi,DWARKA - DL9( 28-JUL-2015 ),3,ELECTRIC(BOV),185,111,71,0,3,27,39,55,24,53,110,183,861
2020,Delhi,DWARKA - DL9( 28-JUL-2015 ),4,PETROL,"3,981","3,787","2,882",18,977,"3,806","3,932","3,670","3,093","4,649","5,662","2,933","39,390"
2020,Delhi,DWARKA - DL9( 28-JUL-2015 ),5,PETROL/CNG,347,204,129,0,38,177,279,332,252,466,479,416,"3,119"
2020,Delhi,DWARKA - DL9( 28-JUL-2015 ),6,PETROL/HYBRID,21,74,48,0,12,33,41,63,44,88,95,67,586
2020,Delhi,I P ESTATE - DL2( 01-JUN-2015 ),1,CNG ONLY,0,0,0,0,0,0,0,1,0,0,0,0,1
2020,Delhi,I P ESTATE - DL2( 01-JUN-2015 ),2,DIESEL,170,101,73,6,2,16,26,13,34,37,37,25,540
2020,Delhi,I P ESTATE - DL2( 01-JUN-2015 ),3,DIESEL/HYBRID,3,3,1,0,0,0,0,0,0,0,0,0,7
2020,Delhi,I P ESTATE - DL2( 01-JUN-2015 ),4,ELECTRIC(BOV),0,0,0,0,0,1,3,0,0,2,4,1,11
2020,Delhi,I P ESTATE - DL2( 01-JUN-2015 ),5,PETROL,"1,093",795,553,56,130,626,793,748,585,887,"1,130",997,"8,393"
2020,Delhi,I P ESTATE - DL2( 01-JUN-2015 ),6,PETROL/CNG,416,249,123,0,34,149,240,267,166,336,332,279,"2,591"
2020,Delhi,I P ESTATE - DL2( 01-JUN-2015 ),7,PETROL/HYBRID,87,90,98,0,11,60,63,84,42,90,101,93,819
2020,Delhi,JANAKPURI - DL4( 24-JUL-2015 ),1,DIESEL,51,41,4,0,1,13,21,23,16,20,32,54,276
2020,Delhi,JANAKPURI - DL4( 24-JUL-2015 ),2,DIESEL/HYBRID,0,0,1,0,0,0,0,0,0,0,0,0,1
2020,Delhi,JANAKPURI - DL4( 24-JUL-2015 ),3,ELECTRIC(BOV),613,532,352,0,20,131,179,163,212,239,235,198,"2,874"
2020,Delhi,JANAKPURI - DL4( 24-JUL-2015 ),4,PETROL,"4,481","3,341","2,847",62,"1,137","3,385","3,620","3,811","2,611","3,711","4,678","2,173","35,857"
2020,Delhi,JANAKPURI - DL4( 24-JUL-2015 ),5,PETROL/CNG,88,65,48,0,4,31,37,37,20,40,52,48,470
2020,Delhi,JANAKPURI - DL4( 24-JUL-2015 ),6,PETROL/HYBRID,3,12,6,0,1,4,8,7,2,9,11,10,73
2020,Delhi,LONI ROAD - DL5( 09-SEP-2015 ),1,DIESEL,144,88,60,1,5,17,20,18,19,34,18,24,448
2020,Delhi,LONI ROAD - DL5( 09-SEP-2015 ),2,DIESEL/HYBRID,3,0,1,0,0,0,0,0,0,0,0,0,4
2020,Delhi,LONI ROAD - DL5( 09-SEP-2015 ),3,ELECTRIC(BOV),374,272,172,0,6,33,94,150,87,152,231,205,"1,776"
2020,Delhi,LONI ROAD - DL5( 09-SEP-2015 ),4,PETROL,"6,674","4,767","3,877",116,"1,221","4,540","4,720","4,186","3,320","4,984","8,145","3,336","49,886"
2020,Delhi,LONI ROAD - DL5( 09-SEP-2015 ),5,PETROL/CNG,358,203,147,1,43,105,182,209,161,304,405,225,"2,343"
2020,Delhi,LONI ROAD - DL5( 09-SEP-2015 ),6,PETROL/HYBRID,30,22,16,0,11,24,22,22,28,22,36,12,245
2020,Delhi,MALL ROAD - DL1( 12-OCT-2015 ),1,DIESEL,371,263,244,19,42,100,133,141,347,200,234,159,"2,253"
2020,Delhi,MALL ROAD - DL1( 12-OCT-2015 ),2,DIESEL/HYBRID,1,2,0,0,0,0,0,0,0,0,0,0,3
2020,Delhi,MALL ROAD - DL1( 12-OCT-2015 ),3,ELECTRIC(BOV),21,4,11,0,7,64,10,8,4,11,28,8,176
2020,Delhi,MALL ROAD - DL1( 12-OCT-2015 ),4,PETROL,"1,789","1,888","2,263",65,209,894,"1,064","1,449",989,"1,707","1,679","1,362","15,358"
2020,Delhi,MALL ROAD - DL1( 12-OCT-2015 ),5,PETROL/CNG,156,175,66,2,24,97,140,206,129,275,187,238,"1,695"
2020,Delhi,MALL ROAD - DL1( 12-OCT-2015 ),6,PETROL/HYBRID,65,96,57,2,23,74,100,68,215,86,97,66,949
2020,Delhi,MAYUR VIHAR  - DL7( 29-JUN-2015 ),1,DIESEL,79,42,36,6,1,11,24,28,18,35,42,51,373
2020,Delhi,MAYUR VIHAR  - DL7( 29-JUN-2015 ),2,ELECTRIC(BOV),95,77,61,0,3,3,7,20,21,39,47,47,420
2020,Delhi,MAYUR VIHAR  - DL7( 29-JUN-2015 ),3,NOT APPLICABLE,0,0,0,0,0,0,0,0,1,0,0,0,1
2020,Delhi,MAYUR VIHAR  - DL7( 29-JUN-2015 ),4,PETROL,"1,492","1,510","1,072",53,279,"1,147","1,262","1,400","1,039","1,450","1,927","1,052","13,683"
2020,Delhi,MAYUR VIHAR  - DL7( 29-JUN-2015 ),5,PETROL/CNG,70,35,37,1,9,21,38,51,41,82,69,66,520
2020,Delhi,MAYUR VIHAR  - DL7( 29-JUN-2015 ),6,PETROL/HYBRID,19,10,14,0,0,7,17,14,16,16,37,14,164
2020,Delhi,RAJOURI GARDEN - DL10( 12-AUG-2015 ),1,DIESEL,172,136,117,3,12,58,52,59,58,120,152,122,"1,061"
2020,Delhi,RAJOURI GARDEN - DL10( 12-AUG-2015 ),2,DIESEL/HYBRID,2,0,0,0,0,0,0,0,0,0,0,0,2
2020,Delhi,RAJOURI GARDEN - DL10( 12-AUG-2015 ),3,ELECTRIC(BOV),136,125,61,0,23,28,32,31,29,46,120,92,723
2020,Delhi,RAJOURI GARDEN - DL10( 12-AUG-2015 ),4,PETROL,"2,317","1,993","1,084",63,296,822,"1,465","1,665","1,401","1,968","3,009","1,800","17,883"
2020,Delhi,RAJOURI GARDEN - DL10( 12-AUG-2015 ),5,PETROL/CNG,95,37,23,0,9,23,5,12,12,43,29,32,320
2020,Delhi,RAJOURI GARDEN - DL10( 12-AUG-2015 ),6,PETROL/HYBRID,76,30,17,0,1,4,12,22,39,44,69,67,381
2020,Delhi,RAJPUR ROAD/VIU BURARI - DL51( 08-APR-2016 ),1,CNG ONLY,"1,910","2,145","2,098",627,6,78,308,438,992,"1,549","1,636","1,245","13,032"
2020,Delhi,RAJPUR ROAD/VIU BURARI - DL51( 08-APR-2016 ),2,DIESEL,54,47,92,45,0,2,14,3,37,13,17,15,339
2020,Delhi,RAJPUR ROAD/VIU BURARI - DL51( 08-APR-2016 ),3,ELECTRIC(BOV),0,0,0,0,0,0,0,0,0,19,13,9,41
2020,Delhi,RAJPUR ROAD/VIU BURARI - DL51( 08-APR-2016 ),4,PETROL,1,1,0,1,0,1,0,1,0,0,2,3,10
2020,Delhi,RAJPUR ROAD/VIU BURARI - DL51( 08-APR-2016 ),5,PETROL/CNG,250,163,63,27,0,0,0,0,4,2,0,1,510
2020,Delhi,ROHINI - DL11( 14-AUG-2015 ),1,DIESEL,70,47,24,1,1,19,17,20,16,34,36,33,318
2020,Delhi,ROHINI - DL11( 14-AUG-2015 ),2,DIESEL/HYBRID,1,0,0,0,0,0,0,0,0,0,0,0,1
2020,Delhi,ROHINI - DL11( 14-AUG-2015 ),3,ELECTRIC(BOV),281,200,107,0,15,57,67,101,103,175,274,220,"1,600"
2020,Delhi,ROHINI - DL11( 14-AUG-2015 ),4,PETROL,"3,026","2,476","2,007",32,716,"2,123","2,225","2,199","1,787","2,398","4,725","1,844","25,558"
2020,Delhi,ROHINI - DL11( 14-AUG-2015 ),5,PETROL/CNG,102,60,44,0,1,33,72,72,55,88,110,52,689
2020,Delhi,ROHINI - DL11( 14-AUG-2015 ),6,PETROL/HYBRID,6,5,2,0,0,2,3,3,1,1,1,0,24
2020,Delhi,SARAI KALE KHAN - DL6( 10-SEP-2015 ),1,DIESEL,61,14,6,0,0,0,0,0,0,0,1,0,82
2020,Delhi,SARAI KALE KHAN - DL6( 10-SEP-2015 ),2,DIESEL/HYBRID,1,0,0,0,0,0,0,0,0,0,0,0,1
2020,Delhi,SARAI KALE KHAN - DL6( 10-SEP-2015 ),3,ELECTRIC(BOV),66,58,52,0,1,4,21,14,7,17,39,21,300
2020,Delhi,SARAI KALE KHAN - DL6( 10-SEP-2015 ),4,PETROL,"2,167","2,115","1,716",52,408,"1,616","1,862","1,879","1,554","2,210","2,976","1,515","20,070"
2020,Delhi,SARAI KALE KHAN - DL6( 10-SEP-2015 ),5,PETROL/CNG,167,91,52,0,2,48,79,91,51,146,161,132,"1,020"
2020,Delhi,SARAI KALE KHAN - DL6( 10-SEP-2015 ),6,PETROL/HYBRID,17,36,26,0,6,17,20,33,14,39,32,35,275
2020,Delhi,SOUTH DELHI - DL3( 15-SEP-2015 ),1,DIESEL,228,111,95,17,2,24,39,36,52,100,77,79,860
2020,Delhi,SOUTH DELHI - DL3( 15-SEP-2015 ),2,DIESEL/HYBRID,1,3,0,0,0,0,0,0,0,0,0,0,4
2020,Delhi,SOUTH DELHI - DL3( 15-SEP-2015 ),3,ELECTRIC(BOV),66,67,36,7,0,26,9,11,16,23,38,63,362
2020,Delhi,SOUTH DELHI - DL3( 15-SEP-2015 ),4,PETROL,"7,094","6,218","5,198",266,"1,281","5,316","5,524","4,985","5,220","5,970","8,528","5,275","60,875"
2020,Delhi,SOUTH DELHI - DL3( 15-SEP-2015 ),5,PETROL/CNG,298,155,111,0,11,68,132,132,150,217,275,171,"1,720"
2020,Delhi,SOUTH DELHI - DL3( 15-SEP-2015 ),6,PETROL/HYBRID,51,60,53,0,6,38,31,32,21,44,59,58,453
2020,Delhi,SURAJMAL VIHAR - DL13( 26-JUN-2015 ),1,CNG ONLY,0,0,1,0,0,0,0,0,0,0,0,0,1
2020,Delhi,SURAJMAL VIHAR - DL13( 26-JUN-2015 ),2,DIESEL,68,58,40,1,15,19,18,27,20,60,45,20,391
2020,Delhi,SURAJMAL VIHAR - DL13( 26-JUN-2015 ),3,DIESEL/HYBRID,1,0,0,0,0,0,0,0,0,0,0,0,1
2020,Delhi,SURAJMAL VIHAR - DL13( 26-JUN-2015 ),4,ELECTRIC(BOV),75,69,47,0,4,13,33,30,19,26,47,64,427
2020,Delhi,SURAJMAL VIHAR - DL13( 26-JUN-2015 ),5,PETROL,"2,666","1,978","1,288",99,484,"1,406","1,612","1,811","1,101","2,051","2,354","1,179","18,029"
2020,Delhi,SURAJMAL VIHAR - DL13( 26-JUN-2015 ),6,PETROL/CNG,88,35,32,1,6,21,37,42,23,36,54,28,403
2020,Delhi,SURAJMAL VIHAR - DL13( 26-JUN-2015 ),7,PETROL/HYBRID,4,10,9,0,0,5,12,12,5,6,3,10,76
2020,Delhi,VASANT VIHAR - DL12( 01-JUN-2015 ),1,DIESEL,266,196,155,6,11,57,94,85,66,114,143,112,"1,305"
2020,Delhi,VASANT VIHAR - DL12( 01-JUN-2015 ),2,DIESEL/HYBRID,2,0,0,0,0,0,0,0,0,0,0,0,2
2020,Delhi,VASANT VIHAR - DL12( 01-JUN-2015 ),3,ELECTRIC(BOV),8,3,10,0,2,5,6,3,0,24,22,11,94
2020,Delhi,VASANT VIHAR - DL12( 01-JUN-2015 ),4,PETROL,"1,662","1,497","1,025",125,392,"1,882","1,465","1,543","1,029","1,627","2,067","1,470","15,784"
2020,Delhi,VASANT VIHAR - DL12( 01-JUN-2015 ),5,PETROL/CNG,206,157,85,2,19,90,151,160,82,145,230,170,"1,497"
2020,Delhi,VASANT VIHAR - DL12( 01-JUN-2015 ),6,PETROL/HYBRID,66,79,56,9,22,59,84,73,42,61,60,44,655
2020,Delhi,WAZIRPUR - DL8( 17-SEP-2015 ),1,DIESEL,298,207,149,36,15,64,82,99,81,192,153,105,"1,481"
2020,Delhi,WAZIRPUR - DL8( 17-SEP-2015 ),2,DIESEL/HYBRID,1,1,0,0,0,0,0,0,0,0,0,0,2
2020,Delhi,WAZIRPUR - DL8( 17-SEP-2015 ),3,ELECTRIC(BOV),479,341,206,0,15,93,138,153,103,179,345,219,"2,271"
2020,Delhi,WAZIRPUR - DL8( 17-SEP-2015 ),4,PETROL,"4,152","3,374","2,682",85,939,"3,043","3,904","3,948","2,881","4,383","5,643","3,093","38,127"
2020,Delhi,WAZIRPUR - DL8( 17-SEP-2015 ),5,PETROL/CNG,490,314,249,7,41,201,319,313,228,406,432,315,"3,315"
2020,Delhi,WAZIRPUR - DL8( 17-SEP-2015 ),6,PETROL/HYBRID,41,68,58,1,3,41,60,57,34,57,84,105,609
2019,Delhi,BURARI AUTO UNIT - DL53( 08-APR-2016 ),1,CNG ONLY,0,8,9,2,3,8,3,0,3,2,0,1,39
2019,Delhi,BURARI AUTO UNIT - DL53( 08-APR-2016 ),2,PETROL/CNG,795,667,557,468,428,384,478,496,440,595,371,389,"6,068"
2019,Delhi,BURARI TAXI UNIT - DL52( 08-APR-2016 ),1,CNG ONLY,0,2,4,5,0,3,5,3,2,0,6,3,33
2019,Delhi,BURARI TAXI UNIT - DL52( 08-APR-2016 ),2,DIESEL,20,37,70,8,42,54,33,58,31,34,26,38,451
2019,Delhi,BURARI TAXI UNIT - DL52( 08-APR-2016 ),3,ELECTRIC(BOV),2,0,58,2,1,5,0,3,49,73,31,38,262
2019,Delhi,BURARI TAXI UNIT - DL52( 08-APR-2016 ),4,PETROL,1,12,5,1,6,4,4,4,5,1,1,5,49
2019,Delhi,BURARI TAXI UNIT - DL52( 08-APR-2016 ),5,PETROL/CNG,89,656,549,306,625,475,649,520,531,643,458,531,"6,032"
2019,Delhi,DWARKA - DL9( 28-JUL-2015 ),1,DIESEL,190,188,206,188,169,156,129,145,119,212,98,160,"1,960"
2019,Delhi,DWARKA - DL9( 28-JUL-2015 ),2,DIESEL/HYBRID,8,7,12,18,5,0,1,2,0,4,1,2,60
2019,Delhi,DWARKA - DL9( 28-JUL-2015 ),3,ELECTRIC(BOV),149,108,193,117,132,133,169,211,247,193,246,172,"2,070"
2019,Delhi,DWARKA - DL9( 28-JUL-2015 ),4,PETROL,"4,863","3,831","4,071","4,805","4,583","3,760","4,363","4,319","3,481","6,587","5,101","2,904","52,668"
2019,Delhi,DWARKA - DL9( 28-JUL-2015 ),5,PETROL/CNG,481,311,329,368,310,312,292,241,218,456,189,347,"3,854"
2019,Delhi,DWARKA - DL9( 28-JUL-2015 ),6,PETROL/HYBRID,93,71,99,103,93,91,61,76,51,74,41,68,921
2019,Delhi,I P ESTATE - DL2( 01-JUN-2015 ),1,DIESEL,127,143,131,126,149,101,92,113,96,195,137,118,"1,528"
2019,Delhi,I P ESTATE - DL2( 01-JUN-2015 ),2,DIESEL/HYBRID,19,15,17,12,5,8,3,3,2,4,3,2,93
2019,Delhi,I P ESTATE - DL2( 01-JUN-2015 ),3,ELECTRIC(BOV),0,0,0,0,0,0,0,0,0,0,0,2,2
2019,Delhi,I P ESTATE - DL2( 01-JUN-2015 ),4,PETROL,731,651,720,729,643,645,600,565,483,977,848,804,"8,396"
2019,Delhi,I P ESTATE - DL2( 01-JUN-2015 ),5,PETROL/CNG,276,207,205,265,236,207,210,173,184,296,197,243,"2,699"
2019,Delhi,I P ESTATE - DL2( 01-JUN-2015 ),6,PETROL/HYBRID,101,109,101,136,100,126,102,94,80,121,65,81,"1,216"
2019,Delhi,JANAKPURI - DL4( 24-JUL-2015 ),1,DIESEL,61,69,73,119,87,75,70,49,66,107,56,45,877
2019,Delhi,JANAKPURI - DL4( 24-JUL-2015 ),2,DIESEL/HYBRID,4,5,6,4,1,1,0,0,1,1,1,0,24
2019,Delhi,JANAKPURI - DL4( 24-JUL-2015 ),3,ELECTRIC(BOV),451,364,318,410,364,344,443,517,540,650,799,557,"5,757"
2019,Delhi,JANAKPURI - DL4( 24-JUL-2015 ),4,PETROL,"4,725","3,529","3,836","4,831","4,031","3,704","4,251","3,970","3,516","7,428","6,297","2,655","52,773"
2019,Delhi,JANAKPURI - DL4( 24-JUL-2015 ),5,PETROL/CNG,157,109,146,171,104,106,90,78,77,142,84,97,"1,361"
2019,Delhi,JANAKPURI - DL4( 24-JUL-2015 ),6,PETROL/HYBRID,29,23,22,29,25,26,14,3,12,25,14,8,230
2019,Delhi,LONI ROAD - DL5( 09-SEP-2015 ),1,CNG ONLY,1,0,0,0,1,0,0,1,0,0,0,0,3
2019,Delhi,LONI ROAD - DL5( 09-SEP-2015 ),2,DIESEL,110,86,73,81,83,73,68,59,44,79,83,71,910
2019,Delhi,LONI ROAD - DL5( 09-SEP-2015 ),3,DIESEL/HYBRID,2,8,6,10,2,4,3,1,0,3,0,0,39
2019,Delhi,LONI ROAD - DL5( 09-SEP-2015 ),4,ELECTRIC(BOV),375,302,297,253,303,236,276,331,327,336,331,276,"3,643"
2019,Delhi,LONI ROAD - DL5( 09-SEP-2015 ),5,PETROL,"7,432","5,840","6,012","6,928","7,272","6,285","5,998","5,411","4,684","8,453","8,048","3,691","76,054"
2019,Delhi,LONI ROAD - DL5( 09-SEP-2015 ),6,PETROL/CNG,367,223,148,221,296,213,180,141,123,234,241,152,"2,539"
2019,Delhi,LONI ROAD - DL5( 09-SEP-2015 ),7,PETROL/HYBRID,37,20,12,24,24,42,17,21,19,39,27,25,307
2019,Delhi,MALL ROAD - DL1( 12-OCT-2015 ),1,DIESEL,485,367,371,458,353,372,339,300,319,386,472,426,"4,648"
2019,Delhi,MALL ROAD - DL1( 12-OCT-2015 ),2,DIESEL/HYBRID,25,11,13,15,4,6,5,3,3,5,1,2,93
2019,Delhi,MALL ROAD - DL1( 12-OCT-2015 ),3,ELECTRIC(BOV),18,6,12,19,10,53,65,15,28,33,53,12,324
2019,Delhi,MALL ROAD - DL1( 12-OCT-2015 ),4,PETROL,"1,767","1,283","1,715","1,633","1,516","1,174","1,254","1,249","1,263","1,761","1,762","1,362","17,739"
2019,Delhi,MALL ROAD - DL1( 12-OCT-2015 ),5,PETROL/CNG,236,203,235,213,258,292,229,163,192,235,135,235,"2,626"
2019,Delhi,MALL ROAD - DL1( 12-OCT-2015 ),6,PETROL/HYBRID,138,106,115,142,139,162,84,91,107,134,88,122,"1,428"
2019,Delhi,MAYUR VIHAR  - DL7( 29-JUN-2015 ),1,DIESEL,115,96,88,96,81,74,79,62,41,81,63,45,921
2019,Delhi,MAYUR VIHAR  - DL7( 29-JUN-2015 ),2,DIESEL/HYBRID,17,5,6,3,1,4,1,0,1,3,1,0,42
2019,Delhi,MAYUR VIHAR  - DL7( 29-JUN-2015 ),3,ELECTRIC(BOV),85,72,66,49,40,43,57,69,89,92,121,81,864
2019,Delhi,MAYUR VIHAR  - DL7( 29-JUN-2015 ),4,PETROL,"2,561","2,136","2,267","2,246","1,808","1,901","1,690","1,717","1,352","2,433","2,004","1,053","23,168"
2019,Delhi,MAYUR VIHAR  - DL7( 29-JUN-2015 ),5,PETROL/CNG,139,69,65,42,43,40,56,44,37,82,80,52,749
2019,Delhi,MAYUR VIHAR  - DL7( 29-JUN-2015 ),6,PETROL/HYBRID,86,57,34,27,16,12,13,6,5,34,41,12,343
2019,Delhi,RAJOURI GARDEN - DL10( 12-AUG-2015 ),1,DIESEL,261,250,268,280,279,238,213,214,188,283,179,190,"2,843"
2019,Delhi,RAJOURI GARDEN - DL10( 12-AUG-2015 ),2,DIESEL/HYBRID,11,3,5,11,12,7,4,3,2,5,2,3,68
2019,Delhi,RAJOURI GARDEN - DL10( 12-AUG-2015 ),3,ELECTRIC(BOV),140,127,145,135,86,128,125,187,195,153,169,126,"1,716"
2019,Delhi,RAJOURI GARDEN - DL10( 12-AUG-2015 ),4,PETROL,"2,549","1,978","2,078","2,595","2,465","2,073","2,203","2,046","1,727","3,222","2,175","2,395","27,506"
2019,Delhi,RAJOURI GARDEN - DL10( 12-AUG-2015 ),5,PETROL/CNG,131,90,83,114,90,93,72,68,48,130,76,90,"1,085"
2019,Delhi,RAJOURI GARDEN - DL10( 12-AUG-2015 ),6,PETROL/HYBRID,35,22,22,45,75,47,55,37,38,68,29,35,508
2019,Delhi,RAJPUR ROAD/VIU BURARI - DL51( 08-APR-2016 ),1,CNG ONLY,"1,930","1,676","1,801","1,745","1,665","1,414","1,468","1,526","1,387","1,776","1,890","1,457","19,735"
2019,Delhi,RAJPUR ROAD/VIU BURARI - DL51( 08-APR-2016 ),2,DIESEL,45,38,84,52,75,116,94,75,41,39,67,49,775
2019,Delhi,RAJPUR ROAD/VIU BURARI - DL51( 08-APR-2016 ),3,ELECTRIC(BOV),0,0,2,0,0,0,0,0,0,1,0,0,3
2019,Delhi,RAJPUR ROAD/VIU BURARI - DL51( 08-APR-2016 ),4,PETROL,2,0,0,0,0,1,0,0,2,1,0,0,6
2019,Delhi,RAJPUR ROAD/VIU BURARI - DL51( 08-APR-2016 ),5,PETROL/CNG,267,194,215,263,205,174,197,200,218,334,226,161,"2,654"
2019,Delhi,ROHINI - DL11( 14-AUG-2015 ),1,DIESEL,75,40,63,72,95,57,49,42,39,64,65,66,727
2019,Delhi,ROHINI - DL11( 14-AUG-2015 ),2,DIESEL/HYBRID,3,3,7,4,0,3,1,0,4,2,0,0,27
2019,Delhi,ROHINI - DL11( 14-AUG-2015 ),3,ELECTRIC(BOV),190,143,173,169,154,136,128,178,184,262,228,339,"2,284"
2019,Delhi,ROHINI - DL11( 14-AUG-2015 ),4,PETROL,"4,379","3,692","3,551","3,106","3,715","2,930","3,348","3,278","2,782","4,637","3,775","1,928","41,121"
2019,Delhi,ROHINI - DL11( 14-AUG-2015 ),5,PETROL/CNG,45,64,70,105,121,136,111,75,67,86,108,79,"1,067"
2019,Delhi,ROHINI - DL11( 14-AUG-2015 ),6,PETROL/HYBRID,14,20,15,13,16,15,10,8,3,16,7,2,139
2019,Delhi,SARAI KALE KHAN - DL6( 10-SEP-2015 ),1,CNG ONLY,0,0,0,1,0,0,0,0,0,0,0,0,1
2019,Delhi,SARAI KALE KHAN - DL6( 10-SEP-2015 ),2,DIESEL,94,46,45,67,43,27,58,52,49,90,68,60,699
2019,Delhi,SARAI KALE KHAN - DL6( 10-SEP-2015 ),3,DIESEL/HYBRID,4,5,7,6,1,2,0,1,1,0,1,1,29
2019,Delhi,SARAI KALE KHAN - DL6( 10-SEP-2015 ),4,ELECTRIC(BOV),109,103,96,95,63,76,56,69,66,58,87,65,943
2019,Delhi,SARAI KALE KHAN - DL6( 10-SEP-2015 ),5,PETROL,"3,111","2,374","2,147","2,552","2,344","2,410","2,602","2,475","2,118","3,652","3,218","1,819","30,822"
2019,Delhi,SARAI KALE KHAN - DL6( 10-SEP-2015 ),6,PETROL/CNG,230,83,82,107,83,97,98,82,76,142,87,134,"1,301"
2019,Delhi,SARAI KALE KHAN - DL6( 10-SEP-2015 ),7,PETROL/HYBRID,62,39,37,58,40,76,48,28,28,47,24,31,518
2019,Delhi,SOUTH DELHI - DL3( 15-SEP-2015 ),1,CNG ONLY,0,0,0,0,0,0,0,0,1,0,0,0,1
2019,Delhi,SOUTH DELHI - DL3( 15-SEP-2015 ),2,DIESEL,313,217,250,301,205,172,199,155,146,197,164,123,"2,442"
2019,Delhi,SOUTH DELHI - DL3( 15-SEP-2015 ),3,DIESEL/HYBRID,11,16,25,21,7,9,3,1,3,6,0,3,105
2019,Delhi,SOUTH DELHI - DL3( 15-SEP-2015 ),4,ELECTRIC(BOV),77,29,35,33,35,28,56,47,78,75,63,51,607
2019,Delhi,SOUTH DELHI - DL3( 15-SEP-2015 ),5,PETROL,"8,750","6,384","7,376","7,179","7,196","6,517","6,732","7,176","6,246","9,407","9,695","4,472","87,130"
2019,Delhi,SOUTH DELHI - DL3( 15-SEP-2015 ),6,PETROL/CNG,357,231,234,345,221,278,244,209,150,278,195,162,"2,904"
2019,Delhi,SOUTH DELHI - DL3( 15-SEP-2015 ),7,PETROL/HYBRID,81,86,78,89,82,83,67,84,72,109,43,38,912
2019,Delhi,SURAJMAL VIHAR - DL13( 26-JUN-2015 ),1,CNG ONLY,1,0,0,0,0,0,0,0,0,0,0,0,1
2019,Delhi,SURAJMAL VIHAR - DL13( 26-JUN-2015 ),2,DIESEL,68,89,73,90,68,53,42,65,70,104,60,58,840
2019,Delhi,SURAJMAL VIHAR - DL13( 26-JUN-2015 ),3,DIESEL/HYBRID,0,3,1,2,1,0,0,0,0,0,0,0,7
2019,Delhi,SURAJMAL VIHAR - DL13( 26-JUN-2015 ),4,ELECTRIC(BOV),45,48,68,48,36,38,51,52,59,82,83,77,687
2019,Delhi,SURAJMAL VIHAR - DL13( 26-JUN-2015 ),5,PETROL,"2,690","2,439","2,531","2,667","2,261","1,861","2,263","2,241","1,687","3,148","2,317","1,237","27,342"
2019,Delhi,SURAJMAL VIHAR - DL13( 26-JUN-2015 ),6,PETROL/CNG,76,42,54,83,69,60,54,44,22,82,53,49,688
2019,Delhi,SURAJMAL VIHAR - DL13( 26-JUN-2015 ),7,PETROL/HYBRID,15,11,10,14,21,21,24,13,14,20,13,8,184
2019,Delhi,VASANT VIHAR - DL12( 01-JUN-2015 ),1,CNG ONLY,0,0,0,0,0,0,0,0,0,0,0,1,1
2019,Delhi,VASANT VIHAR - DL12( 01-JUN-2015 ),2,DIESEL,221,237,265,243,170,204,173,176,181,293,184,234,"2,581"
2019,Delhi,VASANT VIHAR - DL12( 01-JUN-2015 ),3,DIESEL/HYBRID,30,14,10,14,10,2,3,1,3,5,4,4,100
2019,Delhi,VASANT VIHAR - DL12( 01-JUN-2015 ),4,ELECTRIC(BOV),2,10,5,9,5,6,6,7,13,12,12,13,100
2019,Delhi,VASANT VIHAR - DL12( 01-JUN-2015 ),5,PETROL,"1,302","1,139","1,233","1,267","1,178","1,025","1,306","1,156","1,308","2,187","1,484","1,761","16,346"
2019,Delhi,VASANT VIHAR - DL12( 01-JUN-2015 ),6,PETROL/CNG,202,158,166,170,113,129,142,112,103,192,138,256,"1,881"
2019,Delhi,VASANT VIHAR - DL12( 01-JUN-2015 ),7,PETROL/HYBRID,120,105,105,92,47,52,57,58,56,118,77,89,976
2019,Delhi,WAZIRPUR - DL8( 17-SEP-2015 ),1,CNG ONLY,0,0,0,0,0,0,0,0,0,0,1,0,1
2019,Delhi,WAZIRPUR - DL8( 17-SEP-2015 ),2,DIESEL,400,335,436,416,353,296,276,211,229,340,261,283,"3,836"
2019,Delhi,WAZIRPUR - DL8( 17-SEP-2015 ),3,DIESEL/HYBRID,15,21,14,14,7,8,4,3,2,4,1,1,94
2019,Delhi,WAZIRPUR - DL8( 17-SEP-2015 ),4,ELECTRIC(BOV),275,213,441,206,227,252,239,293,355,451,539,468,"3,959"
2019,Delhi,WAZIRPUR - DL8( 17-SEP-2015 ),5,PETROL,"5,001","4,025","4,647","5,943","5,943","4,851","4,959","4,519","3,587","6,262","5,325","2,934","57,996"
2019,Delhi,WAZIRPUR - DL8( 17-SEP-2015 ),6,PETROL/CNG,620,340,422,544,612,455,412,334,273,464,308,419,"5,203"
2019,Delhi,WAZIRPUR - DL8( 17-SEP-2015 ),7,PETROL/HYBRID,87,103,100,113,89,78,103,50,72,87,63,48,993
2018,Delhi,BURARI AUTO UNIT - DL53( 08-APR-2016 ),1,CNG ONLY,0,0,0,0,0,0,0,0,0,0,1,0,1
2018,Delhi,BURARI AUTO UNIT - DL53( 08-APR-2016 ),2,DIESEL,400,335,436,416,353,296,276,211,229,340,261,283,"3,836"
2018,Delhi,BURARI AUTO UNIT - DL53( 08-APR-2016 ),3,DIESEL/HYBRID,15,21,14,14,7,8,4,3,2,4,1,1,94
2018,Delhi,BURARI AUTO UNIT - DL53( 08-APR-2016 ),4,ELECTRIC(BOV),275,213,441,206,227,252,239,293,355,451,539,468,"3,959"
2018,Delhi,BURARI AUTO UNIT - DL53( 08-APR-2016 ),5,PETROL,"5,001","4,025","4,647","5,943","5,943","4,851","4,959","4,519","3,587","6,262","5,325","2,934","57,996"
2018,Delhi,BURARI AUTO UNIT - DL53( 08-APR-2016 ),6,PETROL/CNG,620,340,422,544,612,455,412,334,273,464,308,419,"5,203"
2018,Delhi,BURARI AUTO UNIT - DL53( 08-APR-2016 ),7,PETROL/HYBRID,87,103,100,113,89,78,103,50,72,87,63,48,993
2018,Delhi,BURARI TAXI UNIT - DL52( 08-APR-2016 ),1,CNG ONLY,2,11,5,2,9,8,7,10,3,2,0,2,61
2018,Delhi,BURARI TAXI UNIT - DL52( 08-APR-2016 ),2,DIESEL,243,128,120,61,157,95,103,157,134,155,108,147,"1,608"
2018,Delhi,BURARI TAXI UNIT - DL52( 08-APR-2016 ),3,ELECTRIC(BOV),5,0,0,12,32,19,43,14,2,6,7,11,151
2018,Delhi,BURARI TAXI UNIT - DL52( 08-APR-2016 ),4,PETROL,26,12,27,10,12,15,14,13,9,12,4,10,164
2018,Delhi,BURARI TAXI UNIT - DL52( 08-APR-2016 ),5,PETROL/CNG,315,224,415,382,444,622,801,724,524,697,575,655,"6,378"
2018,Delhi,DWARKA - DL9( 28-JUL-2015 ),1,CNG ONLY,0,0,0,0,0,0,0,0,0,0,1,0,1
2018,Delhi,DWARKA - DL9( 28-JUL-2015 ),2,DIESEL,247,257,243,211,192,250,198,191,131,199,156,182,"2,457"
2018,Delhi,DWARKA - DL9( 28-JUL-2015 ),3,DIESEL/HYBRID,26,15,20,18,15,12,8,6,2,2,1,20,145
2018,Delhi,DWARKA - DL9( 28-JUL-2015 ),4,ELECTRIC(BOV),237,195,167,172,198,285,290,319,352,309,231,147,"2,902"
2018,Delhi,DWARKA - DL9( 28-JUL-2015 ),5,PETROL,"5,569","4,108","4,491","4,621","4,586","4,117","4,627","5,080","3,927","4,598","6,673","3,556","55,953"
2018,Delhi,DWARKA - DL9( 28-JUL-2015 ),6,PETROL/CNG,466,378,498,362,407,445,428,381,266,330,440,521,"4,922"
2018,Delhi,DWARKA - DL9( 28-JUL-2015 ),7,PETROL/HYBRID,1,1,0,0,0,0,0,0,3,1,12,108,126
2018,Delhi,I P ESTATE - DL2( 01-JUN-2015 ),1,DIESEL,280,258,279,228,237,211,183,189,120,153,187,139,"2,464"
2018,Delhi,I P ESTATE - DL2( 01-JUN-2015 ),2,DIESEL/HYBRID,22,26,24,23,30,17,15,20,12,20,11,20,240
2018,Delhi,I P ESTATE - DL2( 01-JUN-2015 ),3,ELECTRIC(BOV),4,10,23,4,0,0,0,0,3,2,1,0,47
2018,Delhi,I P ESTATE - DL2( 01-JUN-2015 ),4,PETROL,983,877,"1,009",914,"1,027",988,"1,066","1,179",992,"1,045","1,002",941,"12,023"
2018,Delhi,I P ESTATE - DL2( 01-JUN-2015 ),5,PETROL/CNG,336,319,338,296,287,292,265,264,185,258,269,309,"3,418"
2018,Delhi,I P ESTATE - DL2( 01-JUN-2015 ),6,PETROL/HYBRID,1,1,0,0,0,0,1,2,35,50,51,119,260
2018,Delhi,JANAKPURI - DL4( 24-JUL-2015 ),1,DIESEL,74,82,90,64,64,129,81,108,89,103,87,73,"1,044"
2018,Delhi,JANAKPURI - DL4( 24-JUL-2015 ),2,DIESEL/HYBRID,0,2,4,7,7,9,3,3,4,9,2,2,52
2018,Delhi,JANAKPURI - DL4( 24-JUL-2015 ),3,ELECTRIC(BOV),124,100,54,46,60,49,66,110,166,269,222,426,"1,692"
2018,Delhi,JANAKPURI - DL4( 24-JUL-2015 ),4,PETROL,"3,441","2,637","3,140","2,877","4,335","3,983","4,611","4,804","3,648","4,642","7,082","2,813","48,013"
2018,Delhi,JANAKPURI - DL4( 24-JUL-2015 ),5,PETROL/CNG,129,113,126,133,121,130,104,133,99,118,115,194,"1,515"
2018,Delhi,JANAKPURI - DL4( 24-JUL-2015 ),6,PETROL/HYBRID,0,0,0,0,0,0,0,1,14,20,15,34,84
2018,Delhi,LONI ROAD - DL5( 09-SEP-2015 ),1,CNG ONLY,0,0,0,0,0,0,1,0,0,0,0,0,1
2018,Delhi,LONI ROAD - DL5( 09-SEP-2015 ),2,DIESEL,174,94,120,100,108,98,125,93,103,100,91,50,"1,256"
2018,Delhi,LONI ROAD - DL5( 09-SEP-2015 ),3,DIESEL/HYBRID,4,4,6,4,4,2,3,4,1,2,0,3,37
2018,Delhi,LONI ROAD - DL5( 09-SEP-2015 ),4,ELECTRIC(BOV),348,254,276,292,240,158,225,246,297,279,275,259,"3,149"
2018,Delhi,LONI ROAD - DL5( 09-SEP-2015 ),5,PETROL,"8,132","5,996","6,472","6,957","6,340","5,412","6,552","6,808","5,633","6,445","10,883","4,269","79,899"
2018,Delhi,LONI ROAD - DL5( 09-SEP-2015 ),6,PETROL/CNG,350,216,285,205,232,202,225,183,183,200,273,230,"2,784"
2018,Delhi,LONI ROAD - DL5( 09-SEP-2015 ),7,PETROL/HYBRID,0,0,0,0,0,0,0,0,3,1,2,9,15
2018,Delhi,MALL ROAD - DL1( 12-OCT-2015 ),1,DIESEL,557,446,486,531,500,506,462,497,426,447,433,406,"5,697"
2018,Delhi,MALL ROAD - DL1( 12-OCT-2015 ),2,DIESEL/HYBRID,23,12,17,23,31,29,23,19,11,19,18,23,248
2018,Delhi,MALL ROAD - DL1( 12-OCT-2015 ),3,ELECTRIC(BOV),121,126,82,83,82,88,80,121,107,101,101,75,"1,167"
2018,Delhi,MALL ROAD - DL1( 12-OCT-2015 ),4,PETROL,"2,504","1,990","2,362","1,941","2,073","1,807","1,897","1,957","2,018","1,784","2,068","1,720","24,121"
2018,Delhi,MALL ROAD - DL1( 12-OCT-2015 ),5,PETROL/CNG,290,249,304,237,289,311,300,276,199,264,250,332,"3,301"
2018,Delhi,MALL ROAD - DL1( 12-OCT-2015 ),6,PETROL/HYBRID,8,13,13,8,3,6,1,17,44,54,81,115,363
2018,Delhi,MAYUR VIHAR  - DL7( 29-JUN-2015 ),1,DIESEL,104,69,106,88,77,84,78,74,51,65,70,80,946
2018,Delhi,MAYUR VIHAR  - DL7( 29-JUN-2015 ),2,DIESEL/HYBRID,9,5,6,6,7,10,13,17,11,14,14,11,123
2018,Delhi,MAYUR VIHAR  - DL7( 29-JUN-2015 ),3,ELECTRIC(BOV),134,108,90,107,80,82,69,87,152,175,144,122,"1,350"
2018,Delhi,MAYUR VIHAR  - DL7( 29-JUN-2015 ),4,PETROL,"3,103","2,264","2,835","2,574","2,725","2,433","2,928","2,631","2,167","2,453","3,431","2,018","31,562"
2018,Delhi,MAYUR VIHAR  - DL7( 29-JUN-2015 ),5,PETROL/CNG,113,52,46,51,49,54,59,59,52,44,82,99,760
2018,Delhi,MAYUR VIHAR  - DL7( 29-JUN-2015 ),6,PETROL/HYBRID,0,0,0,0,0,0,0,3,29,32,35,77,176
2018,Delhi,RAJOURI GARDEN - DL10( 12-AUG-2015 ),1,CNG ONLY,0,0,0,0,0,1,0,1,0,0,0,0,2
2018,Delhi,RAJOURI GARDEN - DL10( 12-AUG-2015 ),2,DIESEL,483,310,382,300,302,410,293,260,194,293,259,270,"3,756"
2018,Delhi,RAJOURI GARDEN - DL10( 12-AUG-2015 ),3,DIESEL/HYBRID,19,22,14,23,1,0,0,0,0,0,0,7,86
2018,Delhi,RAJOURI GARDEN - DL10( 12-AUG-2015 ),4,ELECTRIC(BOV),83,61,43,59,32,35,45,92,122,96,91,92,851
2018,Delhi,RAJOURI GARDEN - DL10( 12-AUG-2015 ),5,PETROL,"3,590","2,683","3,116","2,947","2,766","2,672","2,220","2,084","1,877","2,026","2,776","1,685","30,442"
2018,Delhi,RAJOURI GARDEN - DL10( 12-AUG-2015 ),6,PETROL/CNG,229,107,122,117,98,132,96,72,52,79,82,104,"1,290"
2018,Delhi,RAJOURI GARDEN - DL10( 12-AUG-2015 ),7,PETROL/HYBRID,3,2,1,3,2,1,1,2,2,0,0,27,44
2018,Delhi,RAJPUR ROAD/VIU BURARI - DL51( 08-APR-2016 ),1,CNG ONLY,"1,616","1,497","1,442","1,658","1,360","1,248","1,349","1,391","1,670","2,015","1,721","1,742","18,709"
2018,Delhi,RAJPUR ROAD/VIU BURARI - DL51( 08-APR-2016 ),2,DIESEL,232,145,110,169,109,79,102,128,90,145,51,32,"1,392"
2018,Delhi,RAJPUR ROAD/VIU BURARI - DL51( 08-APR-2016 ),3,ELECTRIC(BOV),0,0,0,0,0,0,1,0,1,0,0,0,2
2018,Delhi,RAJPUR ROAD/VIU BURARI - DL51( 08-APR-2016 ),4,PETROL,5,3,1,2,3,3,1,1,1,0,0,1,21
2018,Delhi,RAJPUR ROAD/VIU BURARI - DL51( 08-APR-2016 ),5,PETROL/CNG,122,114,152,130,125,114,151,176,176,233,209,162,"1,864"
2018,Delhi,ROHINI - DL11( 14-AUG-2015 ),1,CNG ONLY,0,0,0,0,0,0,0,0,0,0,1,0,1
2018,Delhi,ROHINI - DL11( 14-AUG-2015 ),2,DIESEL,61,64,52,38,56,70,89,67,53,39,39,72,700
2018,Delhi,ROHINI - DL11( 14-AUG-2015 ),3,DIESEL/HYBRID,14,12,15,17,10,5,6,5,6,6,4,6,106
2018,Delhi,ROHINI - DL11( 14-AUG-2015 ),4,ELECTRIC(BOV),437,283,315,300,293,241,360,387,446,490,365,244,"4,161"
2018,Delhi,ROHINI - DL11( 14-AUG-2015 ),5,PETROL,"4,907","3,448","3,739","3,735","3,570","2,936","3,428","3,849","2,704","3,169","5,174","2,829","43,488"
2018,Delhi,ROHINI - DL11( 14-AUG-2015 ),6,PETROL/CNG,55,47,40,38,41,48,54,41,47,46,53,91,601
2018,Delhi,ROHINI - DL11( 14-AUG-2015 ),7,PETROL/HYBRID,0,0,0,1,0,0,0,1,11,9,10,33,65
2018,Delhi,SARAI KALE KHAN - DL6( 10-SEP-2015 ),1,DIESEL,90,80,79,113,77,89,103,110,66,69,78,93,"1,047"
2018,Delhi,SARAI KALE KHAN - DL6( 10-SEP-2015 ),2,DIESEL/HYBRID,12,24,7,12,16,13,9,10,22,12,9,7,153
2018,Delhi,SARAI KALE KHAN - DL6( 10-SEP-2015 ),3,ELECTRIC(BOV),81,33,69,61,82,46,75,72,100,80,84,54,837
2018,Delhi,SARAI KALE KHAN - DL6( 10-SEP-2015 ),4,PETROL,"2,791","2,713","2,967","3,429","2,856","2,377","2,297","2,413","2,016","2,479","3,953","2,288","32,579"
2018,Delhi,SARAI KALE KHAN - DL6( 10-SEP-2015 ),5,PETROL/CNG,211,154,166,181,158,176,151,119,134,146,130,205,"1,931"
2018,Delhi,SARAI KALE KHAN - DL6( 10-SEP-2015 ),6,PETROL/HYBRID,0,0,0,0,0,0,0,16,29,32,38,90,205
2018,Delhi,SOUTH DELHI - DL3( 15-SEP-2015 ),1,CNG ONLY,0,0,1,0,0,0,0,0,0,0,0,0,1
2018,Delhi,SOUTH DELHI - DL3( 15-SEP-2015 ),2,DIESEL,376,331,297,282,299,309,282,306,218,241,239,262,"3,442"
2018,Delhi,SOUTH DELHI - DL3( 15-SEP-2015 ),3,DIESEL/HYBRID,10,3,12,8,14,12,14,13,9,7,9,22,133
2018,Delhi,SOUTH DELHI - DL3( 15-SEP-2015 ),4,ELECTRIC(BOV),102,98,77,122,84,65,103,118,160,180,115,108,"1,332"
2018,Delhi,SOUTH DELHI - DL3( 15-SEP-2015 ),5,PETROL,"8,394","7,262","7,959","8,161","8,109","8,083","8,515","8,813","7,778","8,000","11,819","6,846","99,739"
2018,Delhi,SOUTH DELHI - DL3( 15-SEP-2015 ),6,PETROL/CNG,442,287,308,276,370,354,310,364,201,279,278,311,"3,780"
2018,Delhi,SOUTH DELHI - DL3( 15-SEP-2015 ),7,PETROL/HYBRID,2,0,8,2,1,3,0,6,27,16,34,102,201
2018,Delhi,SURAJMAL VIHAR - DL13( 26-JUN-2015 ),1,DIESEL,75,80,98,87,68,86,92,67,47,70,57,78,905
2018,Delhi,SURAJMAL VIHAR - DL13( 26-JUN-2015 ),2,DIESEL/HYBRID,21,8,10,7,6,2,1,4,3,1,2,0,65
2018,Delhi,SURAJMAL VIHAR - DL13( 26-JUN-2015 ),3,ELECTRIC(BOV),66,81,74,67,75,64,93,90,73,132,96,52,963
2018,Delhi,SURAJMAL VIHAR - DL13( 26-JUN-2015 ),4,PETROL,"3,096","2,461","2,736","2,716","2,408","2,788","2,740","2,366","1,952","2,522","3,484","1,628","30,897"
2018,Delhi,SURAJMAL VIHAR - DL13( 26-JUN-2015 ),5,PETROL/CNG,123,88,69,95,89,90,75,63,50,58,74,70,944
2018,Delhi,SURAJMAL VIHAR - DL13( 26-JUN-2015 ),6,PETROL/HYBRID,1,2,1,0,0,1,2,2,5,11,4,7,36
2018,Delhi,VASANT VIHAR - DL12( 01-JUN-2015 ),1,DIESEL,356,265,267,255,276,277,295,225,189,253,226,258,"3,142"
2018,Delhi,VASANT VIHAR - DL12( 01-JUN-2015 ),2,DIESEL/HYBRID,35,23,21,20,23,17,23,18,19,17,22,14,252
2018,Delhi,VASANT VIHAR - DL12( 01-JUN-2015 ),3,ELECTRIC(BOV),11,3,8,3,5,7,5,3,3,21,9,2,80
2018,Delhi,VASANT VIHAR - DL12( 01-JUN-2015 ),4,PETROL,"2,624","1,861","1,609","1,839","1,644","1,665","2,213","2,054","1,406","2,029","2,589","1,550","23,083"
2018,Delhi,VASANT VIHAR - DL12( 01-JUN-2015 ),5,PETROL/CNG,253,175,209,180,167,215,198,195,112,159,187,278,"2,328"
2018,Delhi,VASANT VIHAR - DL12( 01-JUN-2015 ),6,PETROL/HYBRID,0,0,0,0,1,1,3,13,67,65,49,136,335
2018,Delhi,WAZIRPUR - DL8( 17-SEP-2015 ),1,CNG ONLY,0,0,0,0,0,0,0,0,0,0,1,0,1
2018,Delhi,WAZIRPUR - DL8( 17-SEP-2015 ),2,DIESEL,641,601,574,466,494,574,545,466,375,400,415,290,"5,841"
2018,Delhi,WAZIRPUR - DL8( 17-SEP-2015 ),3,DIESEL/HYBRID,49,36,37,24,51,38,18,21,13,13,15,22,337
2018,Delhi,WAZIRPUR - DL8( 17-SEP-2015 ),4,ELECTRIC(BOV),188,152,158,165,148,158,163,230,232,237,189,248,"2,268"
2018,Delhi,WAZIRPUR - DL8( 17-SEP-2015 ),5,PETROL,"6,957","5,762","5,667","6,262","6,739","6,288","6,494","6,920","5,348","6,850","10,307","3,358","76,952"
2018,Delhi,WAZIRPUR - DL8( 17-SEP-2015 ),6,PETROL/CNG,846,503,618,494,552,580,575,567,407,531,652,637,"6,962"
2018,Delhi,WAZIRPUR - DL8( 17-SEP-2015 ),7,PETROL/HYBRID,0,0,3,1,3,1,3,7,52,57,72,132,331
2017,Delhi,BURARI AUTO UNIT - DL53( 08-APR-2016 ),1,CNG ONLY,0,0,0,0,0,0,0,0,0,0,1,0,1
2017,Delhi,BURARI AUTO UNIT - DL53( 08-APR-2016 ),2,DIESEL,641,601,574,466,494,574,545,466,375,400,415,290,"5,841"
2017,Delhi,BURARI AUTO UNIT - DL53( 08-APR-2016 ),3,DIESEL/HYBRID,49,36,37,24,51,38,18,21,13,13,15,22,337
2017,Delhi,BURARI AUTO UNIT - DL53( 08-APR-2016 ),4,ELECTRIC(BOV),188,152,158,165,148,158,163,230,232,237,189,248,"2,268"
2017,Delhi,BURARI AUTO UNIT - DL53( 08-APR-2016 ),5,PETROL,"6,957","5,762","5,667","6,262","6,739","6,288","6,494","6,920","5,348","6,850","10,307","3,358","76,952"
2017,Delhi,BURARI AUTO UNIT - DL53( 08-APR-2016 ),6,PETROL/CNG,846,503,618,494,552,580,575,567,407,531,652,637,"6,962"
2017,Delhi,BURARI AUTO UNIT - DL53( 08-APR-2016 ),7,PETROL/HYBRID,0,0,3,1,3,1,3,7,52,57,72,132,331
2017,Delhi,BURARI TAXI UNIT - DL52( 08-APR-2016 ),1,CNG ONLY,4,2,4,2,2,0,1,2,0,3,5,0,25
2017,Delhi,BURARI TAXI UNIT - DL52( 08-APR-2016 ),2,DIESEL,115,126,157,161,127,86,3,41,95,126,130,153,"1,320"
2017,Delhi,BURARI TAXI UNIT - DL52( 08-APR-2016 ),3,DIESEL/HYBRID,26,34,53,35,29,14,6,0,0,0,0,0,197
2017,Delhi,BURARI TAXI UNIT - DL52( 08-APR-2016 ),4,ELECTRIC(BOV),1,10,40,5,0,0,0,0,0,0,0,12,68
2017,Delhi,BURARI TAXI UNIT - DL52( 08-APR-2016 ),5,PETROL,29,39,43,31,23,19,3,14,19,10,17,15,262
2017,Delhi,BURARI TAXI UNIT - DL52( 08-APR-2016 ),6,PETROL/CNG,"1,213",978,965,639,396,223,60,311,300,268,373,293,"6,019"
2017,Delhi,BURARI TAXI UNIT - DL52( 08-APR-2016 ),7,PETROL/HYBRID,2,2,2,6,4,4,0,0,0,0,0,0,20
2017,Delhi,DWARKA - DL9( 28-JUL-2015 ),1,DIESEL,187,202,234,206,271,369,322,308,298,293,224,262,"3,176"
2017,Delhi,DWARKA - DL9( 28-JUL-2015 ),2,DIESEL/HYBRID,115,112,142,93,106,177,44,10,16,35,39,33,922
2017,Delhi,DWARKA - DL9( 28-JUL-2015 ),3,ELECTRIC(BOV),213,234,270,122,186,169,228,248,206,265,304,219,"2,664"
2017,Delhi,DWARKA - DL9( 28-JUL-2015 ),4,PETROL,"5,048","4,171","4,593","4,680","4,519","4,581","5,073","4,794","4,599","7,219","5,967","3,211","58,455"
2017,Delhi,DWARKA - DL9( 28-JUL-2015 ),5,PETROL/CNG,354,397,374,358,341,508,359,350,430,442,333,548,"4,794"
2017,Delhi,DWARKA - DL9( 28-JUL-2015 ),6,PETROL/HYBRID,1,1,3,4,1,1,0,1,0,1,0,0,13
2017,Delhi,DWARKA - DL9( 28-JUL-2015 ),7,PETROL/LPG,0,0,0,1,0,0,0,0,0,0,0,0,1
2017,Delhi,I P ESTATE - DL2( 01-JUN-2015 ),1,CNG ONLY,0,0,0,0,0,0,0,0,0,0,1,0,1
2017,Delhi,I P ESTATE - DL2( 01-JUN-2015 ),2,DIESEL,265,276,186,169,186,270,203,216,261,247,199,189,"2,667"
2017,Delhi,I P ESTATE - DL2( 01-JUN-2015 ),3,DIESEL/HYBRID,84,103,87,66,70,69,28,4,12,23,27,28,601
2017,Delhi,I P ESTATE - DL2( 01-JUN-2015 ),4,ELECTRIC(BOV),4,8,1,5,5,6,0,2,3,1,0,3,38
2017,Delhi,I P ESTATE - DL2( 01-JUN-2015 ),5,PETROL,"2,453","2,498","1,190",827,"1,206","1,076",959,876,862,897,861,776,"14,481"
2017,Delhi,I P ESTATE - DL2( 01-JUN-2015 ),6,PETROL/CNG,343,336,273,241,282,287,285,226,272,290,244,278,"3,357"
2017,Delhi,I P ESTATE - DL2( 01-JUN-2015 ),7,PETROL/HYBRID,0,0,2,3,1,1,0,1,0,0,0,0,8
2017,Delhi,JANAKPURI - DL4( 24-JUL-2015 ),1,DIESEL,53,71,62,70,64,78,80,62,104,82,66,62,854
2017,Delhi,JANAKPURI - DL4( 24-JUL-2015 ),2,DIESEL/HYBRID,34,24,49,6,7,7,2,5,3,6,0,2,145
2017,Delhi,JANAKPURI - DL4( 24-JUL-2015 ),3,ELECTRIC(BOV),177,168,165,181,163,153,185,170,153,23,89,98,"1,725"
2017,Delhi,JANAKPURI - DL4( 24-JUL-2015 ),4,PETROL,"3,720","3,104","2,946","3,339","3,058","2,917","2,807","2,975","3,421","6,188","2,785","1,650","38,910"
2017,Delhi,JANAKPURI - DL4( 24-JUL-2015 ),5,PETROL/CNG,255,162,167,133,121,147,112,109,125,127,102,152,"1,712"
2017,Delhi,JANAKPURI - DL4( 24-JUL-2015 ),6,PETROL/HYBRID,0,0,2,0,0,0,0,0,0,0,0,0,2
2017,Delhi,LONI ROAD - DL5( 09-SEP-2015 ),1,DIESEL,124,138,118,79,111,126,168,118,130,139,127,73,"1,451"
2017,Delhi,LONI ROAD - DL5( 09-SEP-2015 ),2,DIESEL/HYBRID,57,84,62,26,26,9,3,2,8,6,5,2,290
2017,Delhi,LONI ROAD - DL5( 09-SEP-2015 ),3,ELECTRIC(BOV),298,237,200,194,235,230,248,145,221,63,112,223,"2,406"
2017,Delhi,LONI ROAD - DL5( 09-SEP-2015 ),4,PETROL,"6,935","5,787","6,119","5,921","5,742","5,374","6,248","5,447","5,004","10,231","7,828","3,056","73,692"
2017,Delhi,LONI ROAD - DL5( 09-SEP-2015 ),5,PETROL/CNG,261,268,175,149,208,214,222,187,191,241,241,147,"2,504"
2017,Delhi,MALL ROAD - DL1( 12-OCT-2015 ),1,CNG ONLY,0,0,0,0,0,5,0,0,0,0,0,0,5
2017,Delhi,MALL ROAD - DL1( 12-OCT-2015 ),2,DIESEL,538,498,599,503,489,611,544,513,528,460,465,415,"6,163"
2017,Delhi,MALL ROAD - DL1( 12-OCT-2015 ),3,DIESEL/HYBRID,68,73,96,60,53,66,36,16,20,14,23,16,541
2017,Delhi,MALL ROAD - DL1( 12-OCT-2015 ),4,ELECTRIC(BOV),88,82,111,96,112,72,96,49,89,78,138,43,"1,054"
2017,Delhi,MALL ROAD - DL1( 12-OCT-2015 ),5,PETROL,"3,213","2,490","3,173","3,134","2,685","2,873","3,185","2,135","2,090","2,846","2,748","1,917","32,489"
2017,Delhi,MALL ROAD - DL1( 12-OCT-2015 ),6,PETROL/CNG,712,597,535,385,288,336,248,253,250,288,241,281,"4,414"
2017,Delhi,MALL ROAD - DL1( 12-OCT-2015 ),7,PETROL/HYBRID,9,9,18,16,11,23,6,5,3,4,3,4,111
2017,Delhi,MALL ROAD - DL1( 12-OCT-2015 ),8,PETROL/LPG,0,0,1,0,0,0,1,0,0,0,0,0,2
2017,Delhi,MAYUR VIHAR  - DL7( 29-JUN-2015 ),1,DIESEL,72,62,92,81,72,117,59,59,100,91,77,76,958
2017,Delhi,MAYUR VIHAR  - DL7( 29-JUN-2015 ),2,DIESEL/HYBRID,23,28,16,36,28,70,26,14,8,8,10,5,272
2017,Delhi,MAYUR VIHAR  - DL7( 29-JUN-2015 ),3,ELECTRIC(BOV),62,68,42,29,65,44,71,57,55,83,114,64,754
2017,Delhi,MAYUR VIHAR  - DL7( 29-JUN-2015 ),4,PETROL,"2,848","2,614","2,600","2,743","2,430","3,004","2,405","2,308","2,206","3,988","2,462","2,068","31,676"
2017,Delhi,MAYUR VIHAR  - DL7( 29-JUN-2015 ),5,PETROL/CNG,106,67,67,31,34,59,27,29,56,48,41,45,610
2017,Delhi,RAJOURI GARDEN - DL10( 12-AUG-2015 ),1,DIESEL,364,358,376,309,294,439,378,436,353,405,292,347,"4,351"
2017,Delhi,RAJOURI GARDEN - DL10( 12-AUG-2015 ),2,DIESEL/HYBRID,20,39,51,51,90,158,42,20,29,26,34,39,599
2017,Delhi,RAJOURI GARDEN - DL10( 12-AUG-2015 ),3,ELECTRIC(BOV),76,85,64,57,60,74,78,89,77,45,85,95,885
2017,Delhi,RAJOURI GARDEN - DL10( 12-AUG-2015 ),4,PETROL,"2,157","1,733","2,586","2,368","2,399","2,901","2,492","2,338","2,817","3,608","3,784","2,404","31,587"
2017,Delhi,RAJOURI GARDEN - DL10( 12-AUG-2015 ),5,PETROL/CNG,124,96,130,100,99,137,142,131,118,141,98,149,"1,465"
2017,Delhi,RAJOURI GARDEN - DL10( 12-AUG-2015 ),6,PETROL/HYBRID,8,12,11,12,7,15,0,2,2,2,0,3,74
2017,Delhi,RAJPUR ROAD/VIU BURARI - DL51( 08-APR-2016 ),1,CNG ONLY,856,"1,002","1,180","1,099",952,"1,010",958,927,"1,035","1,381","1,349","1,027","12,776"
2017,Delhi,RAJPUR ROAD/VIU BURARI - DL51( 08-APR-2016 ),2,DIESEL,135,167,233,33,139,110,101,151,163,152,193,150,"1,727"
2017,Delhi,RAJPUR ROAD/VIU BURARI - DL51( 08-APR-2016 ),3,ELECTRIC(BOV),0,0,1,0,10,0,0,0,0,0,0,0,11
2017,Delhi,RAJPUR ROAD/VIU BURARI - DL51( 08-APR-2016 ),4,PETROL,8,11,2,4,5,6,11,5,4,0,3,6,65
2017,Delhi,RAJPUR ROAD/VIU BURARI - DL51( 08-APR-2016 ),5,PETROL/CNG,324,497,985,90,79,66,83,78,80,88,122,47,"2,539"
2017,Delhi,ROHINI - DL11( 14-AUG-2015 ),1,DIESEL,37,32,57,45,46,62,54,44,61,67,68,65,638
2017,Delhi,ROHINI - DL11( 14-AUG-2015 ),2,DIESEL/HYBRID,1,2,10,0,1,1,1,0,8,11,16,11,62
2017,Delhi,ROHINI - DL11( 14-AUG-2015 ),3,ELECTRIC(BOV),366,343,344,316,246,232,292,338,386,294,486,362,"4,005"
2017,Delhi,ROHINI - DL11( 14-AUG-2015 ),4,NOT APPLICABLE,0,0,0,0,0,0,1,0,0,0,0,0,1
2017,Delhi,ROHINI - DL11( 14-AUG-2015 ),5,PETROL,"3,335","3,057","3,525","2,753","3,161","2,848","3,222","3,193","3,154","7,824","4,490","1,911","42,473"
2017,Delhi,ROHINI - DL11( 14-AUG-2015 ),6,PETROL/CNG,34,40,44,20,23,28,30,16,30,36,53,32,386
2017,Delhi,SARAI KALE KHAN - DL6( 10-SEP-2015 ),1,DIESEL,143,85,96,84,107,132,92,86,104,89,82,70,"1,170"
2017,Delhi,SARAI KALE KHAN - DL6( 10-SEP-2015 ),2,DIESEL/HYBRID,97,82,102,80,53,81,13,10,9,17,10,12,566
2017,Delhi,SARAI KALE KHAN - DL6( 10-SEP-2015 ),3,ELECTRIC(BOV),109,101,114,58,105,65,66,69,53,51,102,44,937
2017,Delhi,SARAI KALE KHAN - DL6( 10-SEP-2015 ),4,PETROL,"2,375","2,079","2,406","2,918","2,574","2,503","2,208","2,310","2,669","4,167","2,660","1,920","30,789"
2017,Delhi,SARAI KALE KHAN - DL6( 10-SEP-2015 ),5,PETROL/CNG,327,154,232,200,188,228,126,142,195,228,134,187,"2,341"
2017,Delhi,SARAI KALE KHAN - DL6( 10-SEP-2015 ),6,PETROL/HYBRID,0,0,1,0,0,0,0,0,0,0,0,0,1
2017,Delhi,SOUTH DELHI - DL3( 15-SEP-2015 ),1,DIESEL,253,252,332,278,226,365,303,295,336,353,364,263,"3,620"
2017,Delhi,SOUTH DELHI - DL3( 15-SEP-2015 ),2,DIESEL/HYBRID,97,101,147,54,30,29,8,10,11,6,8,9,510
2017,Delhi,SOUTH DELHI - DL3( 15-SEP-2015 ),3,ELECTRIC(BOV),52,60,64,31,65,52,41,78,47,51,98,64,703
2017,Delhi,SOUTH DELHI - DL3( 15-SEP-2015 ),4,PETROL,"8,128","7,033","7,828","7,152","7,638","7,224","7,095","7,964","7,661","12,628","9,025","5,429","94,805"
2017,Delhi,SOUTH DELHI - DL3( 15-SEP-2015 ),5,PETROL/CNG,367,286,355,296,308,422,341,253,345,364,292,291,"3,920"
2017,Delhi,SOUTH DELHI - DL3( 15-SEP-2015 ),6,PETROL/HYBRID,7,15,18,10,18,30,3,2,2,2,1,1,109
2017,Delhi,SURAJMAL VIHAR - DL13( 26-JUN-2015 ),1,DIESEL,53,88,87,80,70,113,127,123,88,97,83,81,"1,090"
2017,Delhi,SURAJMAL VIHAR - DL13( 26-JUN-2015 ),2,DIESEL/HYBRID,32,24,42,6,21,47,5,8,8,9,13,10,225
2017,Delhi,SURAJMAL VIHAR - DL13( 26-JUN-2015 ),3,ELECTRIC(BOV),43,55,44,65,69,46,76,60,80,68,76,49,731
2017,Delhi,SURAJMAL VIHAR - DL13( 26-JUN-2015 ),4,PETROL,"2,181","1,741","2,526","2,556","2,558","2,483","2,214","2,389","2,656","3,744","2,163","1,439","28,650"
2017,Delhi,SURAJMAL VIHAR - DL13( 26-JUN-2015 ),5,PETROL/CNG,114,94,96,69,84,114,75,88,91,91,72,63,"1,051"
2017,Delhi,SURAJMAL VIHAR - DL13( 26-JUN-2015 ),6,PETROL/HYBRID,0,4,5,4,4,5,0,1,0,0,1,0,24
2017,Delhi,VASANT VIHAR - DL12( 01-JUN-2015 ),1,DIESEL,282,284,348,281,292,387,262,340,353,356,258,280,"3,723"
2017,Delhi,VASANT VIHAR - DL12( 01-JUN-2015 ),2,DIESEL/HYBRID,94,121,148,118,120,189,35,37,53,38,33,28,"1,014"
2017,Delhi,VASANT VIHAR - DL12( 01-JUN-2015 ),3,ELECTRIC(BOV),4,18,8,4,3,4,7,7,6,6,5,3,75
2017,Delhi,VASANT VIHAR - DL12( 01-JUN-2015 ),4,PETROL,"3,866","2,917","2,138","2,379","2,522","2,680","1,976","2,393","2,182","3,179","1,983","1,727","29,942"
2017,Delhi,VASANT VIHAR - DL12( 01-JUN-2015 ),5,PETROL/CNG,168,198,198,140,116,193,126,152,187,181,140,195,"1,994"
2017,Delhi,VASANT VIHAR - DL12( 01-JUN-2015 ),6,PETROL/HYBRID,5,4,3,7,2,6,0,0,1,0,0,0,28
2017,Delhi,WAZIRPUR - DL8( 17-SEP-2015 ),1,DIESEL,554,584,512,508,544,653,571,551,611,543,542,472,"6,645"
2017,Delhi,WAZIRPUR - DL8( 17-SEP-2015 ),2,DIESEL/HYBRID,135,184,209,150,161,207,71,22,36,63,45,38,"1,321"
2017,Delhi,WAZIRPUR - DL8( 17-SEP-2015 ),3,ELECTRIC(BOV),142,205,190,180,155,88,156,169,156,74,163,308,"1,986"
2017,Delhi,WAZIRPUR - DL8( 17-SEP-2015 ),4,PETROL,"7,515","6,341","6,070","5,973","6,250","6,480","6,005","5,414","4,748","7,808","6,829","3,894","73,327"
2017,Delhi,WAZIRPUR - DL8( 17-SEP-2015 ),5,PETROL/CNG,664,542,536,530,461,666,586,402,539,607,506,599,"6,638"
2017,Delhi,WAZIRPUR - DL8( 17-SEP-2015 ),6,PETROL/HYBRID,1,2,2,7,4,5,2,0,1,0,1,0,25
2016,Delhi,BURARI AUTO UNIT - DL53( 08-APR-2016 ),1,DIESEL,554,584,512,508,544,653,571,551,611,543,542,472,"6,645"
2016,Delhi,BURARI AUTO UNIT - DL53( 08-APR-2016 ),2,DIESEL/HYBRID,135,184,209,150,161,207,71,22,36,63,45,38,"1,321"
2016,Delhi,BURARI AUTO UNIT - DL53( 08-APR-2016 ),3,ELECTRIC(BOV),142,205,190,180,155,88,156,169,156,74,163,308,"1,986"
2016,Delhi,BURARI AUTO UNIT - DL53( 08-APR-2016 ),4,PETROL,"7,515","6,341","6,070","5,973","6,250","6,480","6,005","5,414","4,748","7,808","6,829","3,894","73,327"
2016,Delhi,BURARI AUTO UNIT - DL53( 08-APR-2016 ),5,PETROL/CNG,664,542,536,530,461,666,586,402,539,607,506,599,"6,638"
2016,Delhi,BURARI AUTO UNIT - DL53( 08-APR-2016 ),6,PETROL/HYBRID,1,2,2,7,4,5,2,0,1,0,1,0,25
2016,Delhi,BURARI TAXI UNIT - DL52( 08-APR-2016 ),1,CNG ONLY,67,35,29,0,1,3,6,1,3,2,1,1,149
2016,Delhi,BURARI TAXI UNIT - DL52( 08-APR-2016 ),2,DIESEL,31,34,35,13,1,0,0,0,17,75,49,98,353
2016,Delhi,BURARI TAXI UNIT - DL52( 08-APR-2016 ),3,DIESEL/HYBRID,0,0,0,0,0,0,0,0,2,17,10,19,48
2016,Delhi,BURARI TAXI UNIT - DL52( 08-APR-2016 ),4,ELECTRIC(BOV),0,0,0,0,0,0,0,0,0,0,0,4,4
2016,Delhi,BURARI TAXI UNIT - DL52( 08-APR-2016 ),5,PETROL,106,98,91,81,139,134,102,79,72,70,39,30,"1,041"
2016,Delhi,BURARI TAXI UNIT - DL52( 08-APR-2016 ),6,PETROL/CNG,"1,208","1,433","1,382","1,156","1,845","1,553","1,190","1,333","1,637","1,264",611,970,"15,582"
2016,Delhi,BURARI TAXI UNIT - DL52( 08-APR-2016 ),7,PETROL/HYBRID,0,0,0,0,0,1,1,0,3,3,1,4,13
2016,Delhi,DWARKA - DL9( 28-JUL-2015 ),1,DIESEL,119,136,142,204,206,139,151,166,141,311,117,164,"1,996"
2016,Delhi,DWARKA - DL9( 28-JUL-2015 ),2,DIESEL/HYBRID,20,36,41,54,60,62,75,83,53,174,56,104,818
2016,Delhi,DWARKA - DL9( 28-JUL-2015 ),3,ELECTRIC(BOV),63,89,265,137,114,160,159,200,143,229,184,219,"1,962"
2016,Delhi,DWARKA - DL9( 28-JUL-2015 ),4,PETROL,"4,510","4,216","3,902","4,637","4,426","4,161","4,327","3,300","4,659","6,790","6,310","2,739","53,977"
2016,Delhi,DWARKA - DL9( 28-JUL-2015 ),5,PETROL/CNG,323,451,382,351,332,331,290,247,157,509,176,386,"3,935"
2016,Delhi,DWARKA - DL9( 28-JUL-2015 ),6,PETROL/HYBRID,0,0,1,0,5,2,2,2,0,3,0,1,16
2016,Delhi,I P ESTATE - DL2( 01-JUN-2015 ),1,DIESEL,116,129,175,200,242,160,198,159,140,253,170,134,"2,076"
2016,Delhi,I P ESTATE - DL2( 01-JUN-2015 ),2,DIESEL/HYBRID,8,30,25,52,56,57,88,95,64,107,54,66,702
2016,Delhi,I P ESTATE - DL2( 01-JUN-2015 ),3,ELECTRIC(BOV),9,6,5,6,5,3,3,4,4,7,1,1,54
2016,Delhi,I P ESTATE - DL2( 01-JUN-2015 ),4,PETROL,"2,091","1,490","1,821","1,916","2,382","2,183","2,443","1,987","1,600","2,550","2,273","1,578","24,314"
2016,Delhi,I P ESTATE - DL2( 01-JUN-2015 ),5,PETROL/CNG,308,374,374,326,364,275,317,270,158,341,226,305,"3,638"
2016,Delhi,I P ESTATE - DL2( 01-JUN-2015 ),6,PETROL/HYBRID,1,1,1,6,5,2,0,0,0,1,2,2,21
2016,Delhi,JANAKPURI - DL4( 24-JUL-2015 ),1,DIESEL,51,91,65,98,105,70,77,53,32,126,42,51,861
2016,Delhi,JANAKPURI - DL4( 24-JUL-2015 ),2,DIESEL/HYBRID,8,15,7,16,13,21,31,24,18,63,15,28,259
2016,Delhi,JANAKPURI - DL4( 24-JUL-2015 ),3,ELECTRIC(BOV),92,141,274,169,169,233,210,195,180,335,196,231,"2,425"
2016,Delhi,JANAKPURI - DL4( 24-JUL-2015 ),4,PETROL,"2,630","2,236","2,294","2,822","2,880","2,895","2,701","3,395","2,143","4,953","4,472","2,121","35,542"
2016,Delhi,JANAKPURI - DL4( 24-JUL-2015 ),5,PETROL/CNG,160,192,198,164,138,160,122,126,77,222,107,212,"1,878"
2016,Delhi,JANAKPURI - DL4( 24-JUL-2015 ),6,PETROL/HYBRID,0,0,0,0,0,0,0,0,0,0,2,1,3
2016,Delhi,LONI ROAD - DL5( 09-SEP-2015 ),1,DIESEL,56,38,28,44,54,44,54,45,51,82,61,77,634
2016,Delhi,LONI ROAD - DL5( 09-SEP-2015 ),2,DIESEL/HYBRID,9,4,10,13,25,21,25,44,24,62,35,53,325
2016,Delhi,LONI ROAD - DL5( 09-SEP-2015 ),3,ELECTRIC(BOV),186,228,507,256,280,391,314,367,274,535,241,264,"3,843"
2016,Delhi,LONI ROAD - DL5( 09-SEP-2015 ),4,PETROL,"6,347","5,610","5,257","6,116","5,364","4,702","5,286","4,987","3,907","7,966","7,367","3,023","65,932"
2016,Delhi,LONI ROAD - DL5( 09-SEP-2015 ),5,PETROL/CNG,110,84,99,135,157,139,136,109,74,212,128,170,"1,553"
2016,Delhi,MALL ROAD - DL1( 12-OCT-2015 ),1,CNG ONLY,60,28,20,1,1,0,0,0,0,0,0,0,110
2016,Delhi,MALL ROAD - DL1( 12-OCT-2015 ),2,DIESEL,323,330,369,464,517,324,342,336,422,617,363,403,"4,810"
2016,Delhi,MALL ROAD - DL1( 12-OCT-2015 ),3,DIESEL/HYBRID,16,30,41,43,46,41,59,56,27,88,32,67,546
2016,Delhi,MALL ROAD - DL1( 12-OCT-2015 ),4,ELECTRIC(BOV),110,115,234,118,140,156,161,234,146,226,188,145,"1,973"
2016,Delhi,MALL ROAD - DL1( 12-OCT-2015 ),5,PETROL,"3,373","3,696","3,265","2,726","3,313","2,887","3,136","3,107","2,800","4,507","3,735","2,211","38,756"
2016,Delhi,MALL ROAD - DL1( 12-OCT-2015 ),6,PETROL/CNG,"1,009","1,210","1,026",850,"1,247","1,106",896,"1,021",963,886,498,703,"11,415"
2016,Delhi,MALL ROAD - DL1( 12-OCT-2015 ),7,PETROL/HYBRID,4,7,9,6,12,10,13,7,10,9,4,7,98
2016,Delhi,MALL ROAD - DL1( 12-OCT-2015 ),8,PETROL/LPG,0,0,0,0,0,0,1,0,0,0,0,0,1
2016,Delhi,MAYUR VIHAR  - DL7( 29-JUN-2015 ),1,DIESEL,45,105,102,108,84,88,101,78,37,127,44,48,967
2016,Delhi,MAYUR VIHAR  - DL7( 29-JUN-2015 ),2,DIESEL/HYBRID,0,0,3,1,0,0,0,0,0,0,0,8,12
2016,Delhi,MAYUR VIHAR  - DL7( 29-JUN-2015 ),3,ELECTRIC(BOV),33,35,77,47,67,42,62,46,41,83,26,19,578
2016,Delhi,MAYUR VIHAR  - DL7( 29-JUN-2015 ),4,PETROL,"2,402","2,409","2,527","2,868","2,585","2,408","2,661","2,528","1,832","3,864","3,170","1,522","30,776"
2016,Delhi,MAYUR VIHAR  - DL7( 29-JUN-2015 ),5,PETROL/CNG,79,68,103,58,45,60,38,51,18,72,30,47,669
2016,Delhi,RAJOURI GARDEN - DL10( 12-AUG-2015 ),1,CNG ONLY,0,1,0,0,0,0,0,0,0,0,0,0,1
2016,Delhi,RAJOURI GARDEN - DL10( 12-AUG-2015 ),2,DIESEL,146,223,270,300,230,243,259,288,275,538,277,290,"3,339"
2016,Delhi,RAJOURI GARDEN - DL10( 12-AUG-2015 ),3,DIESEL/HYBRID,3,6,5,7,14,9,11,20,13,12,17,21,138
2016,Delhi,RAJOURI GARDEN - DL10( 12-AUG-2015 ),4,ELECTRIC(BOV),78,116,178,57,78,103,99,89,64,143,75,79,"1,159"
2016,Delhi,RAJOURI GARDEN - DL10( 12-AUG-2015 ),5,PETROL,"1,972","1,837","1,608","1,982","1,991","1,941","2,063","2,080","1,432","2,806","1,681","1,354","22,747"
2016,Delhi,RAJOURI GARDEN - DL10( 12-AUG-2015 ),6,PETROL/CNG,151,194,134,95,121,138,106,127,61,183,91,114,"1,515"
2016,Delhi,RAJOURI GARDEN - DL10( 12-AUG-2015 ),7,PETROL/HYBRID,6,5,3,7,17,17,7,5,7,8,7,11,100
2016,Delhi,RAJPUR ROAD/VIU BURARI - DL51( 08-APR-2016 ),1,CNG ONLY,941,933,"1,102",667,921,831,851,879,914,"1,096",892,548,"10,575"
2016,Delhi,RAJPUR ROAD/VIU BURARI - DL51( 08-APR-2016 ),2,DIESEL,130,135,174,161,321,178,189,145,147,196,122,122,"2,020"
2016,Delhi,RAJPUR ROAD/VIU BURARI - DL51( 08-APR-2016 ),3,ELECTRIC(BOV),0,0,0,0,0,0,1,0,0,10,1,0,12
2016,Delhi,RAJPUR ROAD/VIU BURARI - DL51( 08-APR-2016 ),4,LPG ONLY,0,0,0,0,1,0,0,0,0,0,0,0,1
2016,Delhi,RAJPUR ROAD/VIU BURARI - DL51( 08-APR-2016 ),5,NOT APPLICABLE,0,0,84,0,0,0,0,0,0,0,0,0,84
2016,Delhi,RAJPUR ROAD/VIU BURARI - DL51( 08-APR-2016 ),6,PETROL,9,4,23,1,15,9,15,2,5,2,0,1,86
2016,Delhi,RAJPUR ROAD/VIU BURARI - DL51( 08-APR-2016 ),7,PETROL/CNG,123,156,344,217,387,399,323,376,452,575,252,166,"3,770"
2016,Delhi,RAJPUR ROAD/VIU BURARI - DL51( 08-APR-2016 ),8,PETROL/LPG,0,0,0,0,0,0,0,0,0,0,1,0,1
2016,Delhi,ROHINI - DL11( 14-AUG-2015 ),1,CNG ONLY,0,0,0,0,0,0,0,0,1,0,0,0,1
2016,Delhi,ROHINI - DL11( 14-AUG-2015 ),2,DIESEL,12,14,18,19,36,28,39,36,32,36,40,18,328
2016,Delhi,ROHINI - DL11( 14-AUG-2015 ),3,DIESEL/HYBRID,0,2,1,0,0,0,0,0,0,0,0,0,3
2016,Delhi,ROHINI - DL11( 14-AUG-2015 ),4,ELECTRIC(BOV),259,349,525,255,370,444,401,538,431,635,381,331,"4,919"
2016,Delhi,ROHINI - DL11( 14-AUG-2015 ),5,PETROL,"2,563","2,505","3,011","3,588","2,954","2,602","2,871","1,694","2,601","4,091","4,085","1,322","33,887"
2016,Delhi,ROHINI - DL11( 14-AUG-2015 ),6,PETROL/CNG,31,30,28,29,15,18,14,26,16,20,18,13,258
2016,Delhi,SARAI KALE KHAN - DL6( 10-SEP-2015 ),1,CNG ONLY,0,0,0,0,0,0,0,0,0,1,0,0,1
2016,Delhi,SARAI KALE KHAN - DL6( 10-SEP-2015 ),2,DIESEL,25,16,26,68,55,32,79,49,43,114,39,77,623
2016,Delhi,SARAI KALE KHAN - DL6( 10-SEP-2015 ),3,DIESEL/HYBRID,21,9,16,38,38,38,65,57,41,86,40,67,516
2016,Delhi,SARAI KALE KHAN - DL6( 10-SEP-2015 ),4,ELECTRIC(BOV),72,86,95,42,64,69,98,117,67,145,150,131,"1,136"
2016,Delhi,SARAI KALE KHAN - DL6( 10-SEP-2015 ),5,PETROL,"1,856","1,676","1,568","2,124","2,044","1,875","1,593","1,823","1,462","3,078","2,198","1,273","22,570"
2016,Delhi,SARAI KALE KHAN - DL6( 10-SEP-2015 ),6,PETROL/CNG,124,73,98,167,117,91,130,104,67,167,63,181,"1,382"
2016,Delhi,SOUTH DELHI - DL3( 15-SEP-2015 ),1,DIESEL,184,132,154,168,155,100,118,168,167,238,147,187,"1,918"
2016,Delhi,SOUTH DELHI - DL3( 15-SEP-2015 ),2,DIESEL/HYBRID,19,49,34,54,43,57,88,79,56,124,54,104,761
2016,Delhi,SOUTH DELHI - DL3( 15-SEP-2015 ),3,ELECTRIC(BOV),47,68,72,32,52,47,35,53,29,47,82,63,627
2016,Delhi,SOUTH DELHI - DL3( 15-SEP-2015 ),4,PETROL,"6,724","6,493","6,108","7,358","6,715","6,469","6,751","6,681","5,266","9,736","10,028","4,247","82,576"
2016,Delhi,SOUTH DELHI - DL3( 15-SEP-2015 ),5,PETROL/CNG,413,384,346,376,244,266,221,213,141,318,173,252,"3,347"
2016,Delhi,SOUTH DELHI - DL3( 15-SEP-2015 ),6,PETROL/HYBRID,4,6,7,12,14,25,12,12,15,9,3,14,133
2016,Delhi,SURAJMAL VIHAR - DL13( 26-JUN-2015 ),1,DIESEL,51,158,65,48,50,46,61,67,78,93,78,72,867
2016,Delhi,SURAJMAL VIHAR - DL13( 26-JUN-2015 ),2,DIESEL/HYBRID,5,8,16,19,10,12,24,27,16,38,12,31,218
2016,Delhi,SURAJMAL VIHAR - DL13( 26-JUN-2015 ),3,ELECTRIC(BOV),28,27,124,47,47,74,44,49,23,65,22,48,598
2016,Delhi,SURAJMAL VIHAR - DL13( 26-JUN-2015 ),4,PETROL,"1,796","1,566","1,192","1,921","1,355","1,235","1,835","1,729","1,703","2,575","1,819","1,180","19,906"
2016,Delhi,SURAJMAL VIHAR - DL13( 26-JUN-2015 ),5,PETROL/CNG,71,91,130,119,101,85,79,52,29,103,56,92,"1,008"
2016,Delhi,SURAJMAL VIHAR - DL13( 26-JUN-2015 ),6,PETROL/HYBRID,3,3,1,1,8,13,4,3,2,5,6,3,52
2016,Delhi,VASANT VIHAR - DL12( 01-JUN-2015 ),1,DIESEL,164,227,284,244,251,211,244,239,182,422,218,272,"2,958"
2016,Delhi,VASANT VIHAR - DL12( 01-JUN-2015 ),2,DIESEL/HYBRID,5,11,18,23,25,21,58,41,28,78,13,90,411
2016,Delhi,VASANT VIHAR - DL12( 01-JUN-2015 ),3,ELECTRIC(BOV),4,0,14,6,1,4,3,4,5,5,3,2,51
2016,Delhi,VASANT VIHAR - DL12( 01-JUN-2015 ),4,PETROL,"4,106","3,372","2,795","3,177","2,871","3,104","3,379","3,528","2,561","5,361","5,188","2,212","41,654"
2016,Delhi,VASANT VIHAR - DL12( 01-JUN-2015 ),5,PETROL/CNG,196,221,185,177,174,157,139,175,82,272,96,243,"2,117"
2016,Delhi,VASANT VIHAR - DL12( 01-JUN-2015 ),6,PETROL/HYBRID,1,1,1,0,4,2,2,1,1,1,2,0,16
2016,Delhi,VASANT VIHAR - DL12( 01-JUN-2015 ),7,PETROL/LPG,0,0,0,1,0,0,0,0,0,0,0,0,1
2016,Delhi,WAZIRPUR - DL8( 17-SEP-2015 ),1,CNG ONLY,2,0,0,0,0,0,0,0,0,0,0,0,2
2016,Delhi,WAZIRPUR - DL8( 17-SEP-2015 ),2,DIESEL,402,459,543,558,488,429,482,432,383,752,470,365,"5,763"
2016,Delhi,WAZIRPUR - DL8( 17-SEP-2015 ),3,DIESEL/HYBRID,28,53,59,91,57,64,90,87,65,159,75,125,953
2016,Delhi,WAZIRPUR - DL8( 17-SEP-2015 ),4,ELECTRIC(BOV),108,128,251,151,205,219,269,296,185,228,145,161,"2,346"
2016,Delhi,WAZIRPUR - DL8( 17-SEP-2015 ),5,PETROL,"6,657","5,980","5,543","6,544","6,190","5,860","6,405","5,957","4,257","8,718","9,042","3,791","74,944"
2016,Delhi,WAZIRPUR - DL8( 17-SEP-2015 ),6,PETROL/CNG,764,738,721,729,555,587,503,473,340,711,360,513,"6,994"
2016,Delhi,WAZIRPUR - DL8( 17-SEP-2015 ),7,PETROL/HYBRID,6,4,4,3,3,7,6,1,1,1,2,4,42
2015,Delhi,BURARI AUTO UNIT - DL53( 08-APR-2016 ),1,CNG ONLY,2,0,0,0,0,0,0,0,0,0,0,0,2
2015,Delhi,BURARI AUTO UNIT - DL53( 08-APR-2016 ),2,DIESEL,402,459,543,558,488,429,482,432,383,752,470,365,"5,763"
2015,Delhi,BURARI AUTO UNIT - DL53( 08-APR-2016 ),3,DIESEL/HYBRID,28,53,59,91,57,64,90,87,65,159,75,125,953
2015,Delhi,BURARI AUTO UNIT - DL53( 08-APR-2016 ),4,ELECTRIC(BOV),108,128,251,151,205,219,269,296,185,228,145,161,"2,346"
2015,Delhi,BURARI AUTO UNIT - DL53( 08-APR-2016 ),5,PETROL,"6,657","5,980","5,543","6,544","6,190","5,860","6,405","5,957","4,257","8,718","9,042","3,791","74,944"
2015,Delhi,BURARI AUTO UNIT - DL53( 08-APR-2016 ),6,PETROL/CNG,764,738,721,729,555,587,503,473,340,711,360,513,"6,994"
2015,Delhi,BURARI AUTO UNIT - DL53( 08-APR-2016 ),7,PETROL/HYBRID,6,4,4,3,3,7,6,1,1,1,2,4,42
2015,Delhi,BURARI TAXI UNIT - DL52( 08-APR-2016 ),1,CNG ONLY,19,8,4,13,15,10,27,33,62,68,65,61,385
2015,Delhi,BURARI TAXI UNIT - DL52( 08-APR-2016 ),2,DIESEL,233,200,302,301,426,457,453,301,249,187,91,59,"3,259"
2015,Delhi,BURARI TAXI UNIT - DL52( 08-APR-2016 ),3,PETROL,7,4,12,6,6,17,25,17,43,46,56,51,290
2015,Delhi,BURARI TAXI UNIT - DL52( 08-APR-2016 ),4,PETROL/CNG,200,173,158,245,198,223,315,339,522,728,804,919,"4,824"
2015,Delhi,BURARI TAXI UNIT - DL52( 08-APR-2016 ),5,PETROL/LPG,0,0,0,1,0,0,0,0,0,0,0,0,1
2015,Delhi,DWARKA - DL9( 28-JUL-2015 ),1,DIESEL,414,233,301,273,231,308,176,218,220,217,365,216,"3,172"
2015,Delhi,DWARKA - DL9( 28-JUL-2015 ),2,DIESEL/HYBRID,0,0,0,0,0,0,0,0,0,6,25,25,56
2015,Delhi,DWARKA - DL9( 28-JUL-2015 ),3,ELECTRIC(BOV),0,0,0,0,0,0,3,10,33,54,34,86,220
2015,Delhi,DWARKA - DL9( 28-JUL-2015 ),4,PETROL,"3,864","3,282","3,580","3,746","3,756","5,345","3,133","4,171","4,240","4,578","6,599","3,497","49,791"
2015,Delhi,DWARKA - DL9( 28-JUL-2015 ),5,PETROL/CNG,364,224,282,389,345,466,264,210,219,255,341,349,"3,708"
2015,Delhi,DWARKA - DL9( 28-JUL-2015 ),6,PETROL/LPG,0,0,1,0,0,0,0,0,0,0,0,0,1
2015,Delhi,I P ESTATE - DL2( 01-JUN-2015 ),1,CNG ONLY,1,0,0,0,0,0,0,0,0,0,0,0,1
2015,Delhi,I P ESTATE - DL2( 01-JUN-2015 ),2,DIESEL,450,286,316,329,243,15,212,109,144,278,404,290,"3,076"
2015,Delhi,I P ESTATE - DL2( 01-JUN-2015 ),3,DIESEL/HYBRID,0,0,0,0,0,0,0,0,0,8,8,14,30
2015,Delhi,I P ESTATE - DL2( 01-JUN-2015 ),4,ELECTRIC(BOV),0,0,1,6,4,0,1,2,1,2,3,3,23
2015,Delhi,I P ESTATE - DL2( 01-JUN-2015 ),5,NOT APPLICABLE,0,0,0,0,0,0,0,1,0,0,0,1,2
2015,Delhi,I P ESTATE - DL2( 01-JUN-2015 ),6,PETROL,"1,406","1,047","1,711","1,581","1,350",243,"1,597","1,325","1,382","1,935","3,119","2,470","19,166"
2015,Delhi,I P ESTATE - DL2( 01-JUN-2015 ),7,PETROL/CNG,335,248,293,238,135,21,543,173,148,250,270,271,"2,925"
2015,Delhi,I P ESTATE - DL2( 01-JUN-2015 ),8,PETROL/HYBRID,0,0,0,0,1,0,0,2,0,3,2,0,8
2015,Delhi,I P ESTATE - DL2( 01-JUN-2015 ),9,PETROL/LPG,0,0,0,0,0,0,0,0,0,0,0,1,1
2015,Delhi,JANAKPURI - DL4( 24-JUL-2015 ),1,DIESEL,299,148,178,166,173,195,110,129,109,193,144,88,"1,932"
2015,Delhi,JANAKPURI - DL4( 24-JUL-2015 ),2,DIESEL/HYBRID,0,0,0,0,0,0,0,0,0,1,6,13,20
2015,Delhi,JANAKPURI - DL4( 24-JUL-2015 ),3,ELECTRIC(BOV),0,0,0,0,0,0,5,89,71,54,56,74,349
2015,Delhi,JANAKPURI - DL4( 24-JUL-2015 ),4,PETROL,"3,502","2,642","3,368","3,064","3,689","3,996","3,484","3,332","2,997","4,300","5,762","1,678","41,814"
2015,Delhi,JANAKPURI - DL4( 24-JUL-2015 ),5,PETROL/CNG,278,132,167,148,205,217,157,146,106,206,206,217,"2,185"
2015,Delhi,JANAKPURI - DL4( 24-JUL-2015 ),6,PETROL/LPG,0,0,0,0,0,0,0,1,0,0,0,0,1
2015,Delhi,LONI ROAD - DL5( 09-SEP-2015 ),1,CNG ONLY,0,0,0,0,0,0,0,0,0,0,0,1,1
2015,Delhi,LONI ROAD - DL5( 09-SEP-2015 ),2,DIESEL,165,63,98,68,52,103,66,84,128,103,133,80,"1,143"
2015,Delhi,LONI ROAD - DL5( 09-SEP-2015 ),3,DIESEL/HYBRID,0,0,0,0,0,0,0,0,0,1,11,10,22
2015,Delhi,LONI ROAD - DL5( 09-SEP-2015 ),4,ELECTRIC(BOV),1,0,0,3,13,0,19,22,89,68,103,200,518
2015,Delhi,LONI ROAD - DL5( 09-SEP-2015 ),5,PETROL,"6,165","4,829","5,640","4,996","5,639","6,149","5,321","5,444","4,530","4,943","8,407","3,136","65,199"
2015,Delhi,LONI ROAD - DL5( 09-SEP-2015 ),6,PETROL/CNG,291,83,173,129,107,266,173,107,198,144,201,128,"2,000"
2015,Delhi,MALL ROAD - DL1( 12-OCT-2015 ),1,CNG ONLY,16,14,8,13,11,9,10,44,49,59,61,57,351
2015,Delhi,MALL ROAD - DL1( 12-OCT-2015 ),2,DIESEL,646,444,511,537,533,635,661,769,"1,112",551,527,405,"7,331"
2015,Delhi,MALL ROAD - DL1( 12-OCT-2015 ),3,DIESEL/HYBRID,0,0,0,0,0,0,0,0,0,5,8,22,35
2015,Delhi,MALL ROAD - DL1( 12-OCT-2015 ),4,ELECTRIC(BOV),2,1,5,0,0,6,7,53,71,101,129,111,486
2015,Delhi,MALL ROAD - DL1( 12-OCT-2015 ),5,PETROL,"1,923","1,400","1,848","1,848","1,603","2,515","2,796","3,248","3,656","2,336","3,154","2,372","28,699"
2015,Delhi,MALL ROAD - DL1( 12-OCT-2015 ),6,PETROL/CNG,252,170,229,329,318,322,368,474,680,713,775,849,"5,479"
2015,Delhi,MALL ROAD - DL1( 12-OCT-2015 ),7,PETROL/HYBRID,0,0,0,0,0,0,0,0,0,2,1,5,8
2015,Delhi,MAYUR VIHAR  - DL7( 29-JUN-2015 ),1,DIESEL,157,97,112,126,80,135,99,89,118,133,154,77,"1,377"
2015,Delhi,MAYUR VIHAR  - DL7( 29-JUN-2015 ),2,ELECTRIC(BOV),0,1,0,0,0,0,0,4,4,24,20,27,80
2015,Delhi,MAYUR VIHAR  - DL7( 29-JUN-2015 ),3,PETROL,"2,737","2,297","2,650","2,207","2,294","3,620","2,862","2,787","2,460","2,765","4,121","1,713","32,513"
2015,Delhi,MAYUR VIHAR  - DL7( 29-JUN-2015 ),4,PETROL/CNG,102,67,59,67,58,86,46,50,46,52,68,90,791
2015,Delhi,RAJOURI GARDEN - DL10( 12-AUG-2015 ),1,DIESEL,646,387,446,443,437,418,330,237,254,424,460,221,"4,703"
2015,Delhi,RAJOURI GARDEN - DL10( 12-AUG-2015 ),2,ELECTRIC(BOV),0,0,0,1,4,0,16,68,54,69,41,72,325
2015,Delhi,RAJOURI GARDEN - DL10( 12-AUG-2015 ),3,PETROL,"2,129","1,388","1,928","2,125","1,900","2,037","1,918","1,765","2,078","2,261","3,405","1,390","24,324"
2015,Delhi,RAJOURI GARDEN - DL10( 12-AUG-2015 ),4,PETROL/CNG,112,72,88,79,87,84,99,73,75,98,116,132,"1,115"
2015,Delhi,RAJOURI GARDEN - DL10( 12-AUG-2015 ),5,PETROL/HYBRID,0,0,0,0,0,0,0,3,9,4,4,2,22
2015,Delhi,RAJPUR ROAD/VIU BURARI - DL51( 08-APR-2016 ),1,CNG ONLY,"1,065",708,727,654,659,645,738,629,656,602,806,636,"8,525"
2015,Delhi,RAJPUR ROAD/VIU BURARI - DL51( 08-APR-2016 ),2,DIESEL,462,310,351,407,534,490,523,457,581,513,473,224,"5,325"
2015,Delhi,RAJPUR ROAD/VIU BURARI - DL51( 08-APR-2016 ),3,ELECTRIC(BOV),0,0,0,0,1,1,0,0,0,0,0,0,2
2015,Delhi,RAJPUR ROAD/VIU BURARI - DL51( 08-APR-2016 ),4,PETROL,4,5,3,7,8,3,2,4,5,2,2,2,47
2015,Delhi,RAJPUR ROAD/VIU BURARI - DL51( 08-APR-2016 ),5,PETROL/CNG,394,305,353,359,356,316,313,285,265,289,132,96,"3,463"
2015,Delhi,ROHINI - DL11( 14-AUG-2015 ),1,DIESEL,45,37,20,46,45,50,29,16,33,47,57,27,452
2015,Delhi,ROHINI - DL11( 14-AUG-2015 ),2,ELECTRIC(BOV),0,0,0,0,0,0,17,60,133,120,177,239,746
2015,Delhi,ROHINI - DL11( 14-AUG-2015 ),3,PETROL,"1,982","1,547","1,449","1,681","1,818","2,791","2,159","1,866","2,142","1,837","4,000","2,149","25,421"
2015,Delhi,ROHINI - DL11( 14-AUG-2015 ),4,PETROL/CNG,15,18,9,38,50,73,14,8,9,7,16,22,279
2015,Delhi,SARAI KALE KHAN - DL6( 10-SEP-2015 ),1,DIESEL,143,101,94,98,75,116,84,79,81,60,63,35,"1,029"
2015,Delhi,SARAI KALE KHAN - DL6( 10-SEP-2015 ),2,DIESEL/HYBRID,0,0,0,0,0,0,0,0,0,0,6,4,10
2015,Delhi,SARAI KALE KHAN - DL6( 10-SEP-2015 ),3,ELECTRIC(BOV),0,0,0,0,0,0,12,50,57,60,54,63,296
2015,Delhi,SARAI KALE KHAN - DL6( 10-SEP-2015 ),4,PETROL,"2,562","1,946","2,339","1,946","1,667","3,136","2,253","2,047","2,144","2,228","2,954","1,016","26,238"
2015,Delhi,SARAI KALE KHAN - DL6( 10-SEP-2015 ),5,PETROL/CNG,215,152,158,168,145,170,159,153,64,69,81,86,"1,620"
2015,Delhi,SOUTH DELHI - DL3( 15-SEP-2015 ),1,DIESEL,665,315,424,398,408,532,406,349,331,339,377,217,"4,761"
2015,Delhi,SOUTH DELHI - DL3( 15-SEP-2015 ),2,DIESEL/HYBRID,0,0,0,0,0,0,0,0,0,1,20,25,46
2015,Delhi,SOUTH DELHI - DL3( 15-SEP-2015 ),3,ELECTRIC(BOV),0,0,0,0,1,0,4,14,21,28,35,39,142
2015,Delhi,SOUTH DELHI - DL3( 15-SEP-2015 ),4,PETROL,"7,354","5,654","6,815","6,823","6,259","8,481","7,452","7,932","6,578","7,225","9,949","5,120","85,642"
2015,Delhi,SOUTH DELHI - DL3( 15-SEP-2015 ),5,PETROL/CNG,452,225,301,295,388,452,311,247,300,235,311,253,"3,770"
2015,Delhi,SOUTH DELHI - DL3( 15-SEP-2015 ),6,PETROL/HYBRID,0,0,0,0,0,0,0,0,2,4,4,5,15
2015,Delhi,SURAJMAL VIHAR - DL13( 26-JUN-2015 ),1,CNG ONLY,0,0,1,0,0,0,0,0,0,0,0,0,1
2015,Delhi,SURAJMAL VIHAR - DL13( 26-JUN-2015 ),2,DIESEL,173,164,139,109,103,94,114,87,137,98,106,64,"1,388"
2015,Delhi,SURAJMAL VIHAR - DL13( 26-JUN-2015 ),3,DIESEL/HYBRID,0,0,0,0,0,0,0,0,0,2,3,2,7
2015,Delhi,SURAJMAL VIHAR - DL13( 26-JUN-2015 ),4,ELECTRIC(BOV),1,1,0,0,0,2,3,11,14,12,15,38,97
2015,Delhi,SURAJMAL VIHAR - DL13( 26-JUN-2015 ),5,PETROL,"1,365","1,069","1,042","1,179","1,152","1,346","1,424",954,"1,859","2,055","2,759","1,121","17,325"
2015,Delhi,SURAJMAL VIHAR - DL13( 26-JUN-2015 ),6,PETROL/CNG,109,72,80,78,107,87,60,92,62,53,74,89,963
2015,Delhi,SURAJMAL VIHAR - DL13( 26-JUN-2015 ),7,PETROL/HYBRID,0,0,0,0,0,0,2,0,3,0,1,0,6
2015,Delhi,VASANT VIHAR - DL12( 01-JUN-2015 ),1,DIESEL,475,344,343,250,137,59,438,272,262,335,451,283,"3,649"
2015,Delhi,VASANT VIHAR - DL12( 01-JUN-2015 ),2,DIESEL/HYBRID,0,0,0,0,0,0,0,0,0,1,5,9,15
2015,Delhi,VASANT VIHAR - DL12( 01-JUN-2015 ),3,ELECTRIC(BOV),2,0,0,2,2,0,0,0,0,0,0,1,7
2015,Delhi,VASANT VIHAR - DL12( 01-JUN-2015 ),4,NOT APPLICABLE,1,0,0,0,0,0,0,0,0,0,0,0,1
2015,Delhi,VASANT VIHAR - DL12( 01-JUN-2015 ),5,PETROL,"2,165","2,119","1,954","1,991","1,711",629,"2,715","1,590","1,933","1,920","3,735","2,316","24,778"
2015,Delhi,VASANT VIHAR - DL12( 01-JUN-2015 ),6,PETROL/CNG,189,170,98,130,43,74,271,116,94,125,135,213,"1,658"
2015,Delhi,VASANT VIHAR - DL12( 01-JUN-2015 ),7,PETROL/HYBRID,0,0,0,0,0,0,0,2,1,2,0,0,5
2015,Delhi,VASANT VIHAR - DL12( 01-JUN-2015 ),8,PETROL/LPG,0,0,0,0,0,0,1,0,0,0,0,0,1
2015,Delhi,WAZIRPUR - DL8( 17-SEP-2015 ),1,CNG ONLY,0,0,0,0,0,0,0,0,8,0,0,0,8
2015,Delhi,WAZIRPUR - DL8( 17-SEP-2015 ),2,DIESEL,"1,299",761,803,825,765,861,659,849,816,782,"1,003",615,"10,038"
2015,Delhi,WAZIRPUR - DL8( 17-SEP-2015 ),3,DIESEL/HYBRID,0,0,0,0,0,0,0,0,0,6,31,36,73
2015,Delhi,WAZIRPUR - DL8( 17-SEP-2015 ),4,ELECTRIC(BOV),0,1,1,2,0,4,11,15,44,39,74,83,274
2015,Delhi,WAZIRPUR - DL8( 17-SEP-2015 ),5,NOT APPLICABLE,0,0,0,0,0,0,0,1,0,0,0,0,1
2015,Delhi,WAZIRPUR - DL8( 17-SEP-2015 ),6,PETROL,"5,142","4,073","5,332","5,290","5,612","6,026","5,979","6,171","5,836","5,815","9,271","5,339","69,886"
2015,Delhi,WAZIRPUR - DL8( 17-SEP-2015 ),7,PETROL/CNG,724,385,506,604,700,683,491,491,420,437,628,640,"6,709"
2015,Delhi,WAZIRPUR - DL8( 17-SEP-2015 ),8,PETROL/HYBRID,0,0,0,0,0,0,0,0,0,0,2,3,5
2015,Delhi,WAZIRPUR - DL8( 17-SEP-2015 ),9,PETROL/LPG,1,0,0,0,0,1,0,0,0,0,1,0,3
2014,Delhi,BURARI AUTO UNIT - DL53( 08-APR-2016 ),1,CNG ONLY,0,0,0,0,0,0,0,0,8,0,0,0,8
2014,Delhi,BURARI AUTO UNIT - DL53( 08-APR-2016 ),2,DIESEL,"1,299",761,803,825,765,861,659,849,816,782,"1,003",615,"10,038"
2014,Delhi,BURARI AUTO UNIT - DL53( 08-APR-2016 ),3,DIESEL/HYBRID,0,0,0,0,0,0,0,0,0,6,31,36,73
2014,Delhi,BURARI AUTO UNIT - DL53( 08-APR-2016 ),4,ELECTRIC(BOV),0,1,1,2,0,4,11,15,44,39,74,83,274
2014,Delhi,BURARI AUTO UNIT - DL53( 08-APR-2016 ),5,NOT APPLICABLE,0,0,0,0,0,0,0,1,0,0,0,0,1
2014,Delhi,BURARI AUTO UNIT - DL53( 08-APR-2016 ),6,PETROL,"5,142","4,073","5,332","5,290","5,612","6,026","5,979","6,171","5,836","5,815","9,271","5,339","69,886"
2014,Delhi,BURARI AUTO UNIT - DL53( 08-APR-2016 ),7,PETROL/CNG,724,385,506,604,700,683,491,491,420,437,628,640,"6,709"
2014,Delhi,BURARI AUTO UNIT - DL53( 08-APR-2016 ),8,PETROL/HYBRID,0,0,0,0,0,0,0,0,0,0,2,3,5
2014,Delhi,BURARI AUTO UNIT - DL53( 08-APR-2016 ),9,PETROL/LPG,1,0,0,0,0,1,0,0,0,0,1,0,3
2014,Delhi,BURARI TAXI UNIT - DL52( 08-APR-2016 ),1,CNG ONLY,11,2,5,4,10,4,14,7,15,6,10,5,93
2014,Delhi,BURARI TAXI UNIT - DL52( 08-APR-2016 ),2,DIESEL,186,154,159,141,305,206,169,265,234,205,183,165,"2,372"
2014,Delhi,BURARI TAXI UNIT - DL52( 08-APR-2016 ),3,PETROL,5,2,4,3,6,5,4,1,177,9,18,4,238
2014,Delhi,BURARI TAXI UNIT - DL52( 08-APR-2016 ),4,PETROL/CNG,147,147,223,248,171,192,209,218,210,136,143,93,"2,137"
2014,Delhi,DWARKA - DL9( 28-JUL-2015 ),1,DIESEL,262,259,225,312,358,273,294,255,216,295,223,221,"3,193"
2014,Delhi,DWARKA - DL9( 28-JUL-2015 ),2,PETROL,"3,692","2,848","3,109","3,087","3,376","3,363","3,682","3,568","3,250","4,146","4,286","3,331","41,738"
2014,Delhi,DWARKA - DL9( 28-JUL-2015 ),3,PETROL/CNG,309,178,248,313,294,370,351,245,227,337,212,301,"3,385"
2014,Delhi,I P ESTATE - DL2( 01-JUN-2015 ),1,CNG ONLY,0,0,0,0,0,0,0,0,0,0,1,1,2
2014,Delhi,I P ESTATE - DL2( 01-JUN-2015 ),2,DIESEL,248,177,189,321,331,308,275,316,234,268,258,255,"3,180"
2014,Delhi,I P ESTATE - DL2( 01-JUN-2015 ),3,ELECTRIC(BOV),0,0,0,2,1,4,2,3,1,0,0,0,13
2014,Delhi,I P ESTATE - DL2( 01-JUN-2015 ),4,PETROL,720,558,572,"1,270","1,215","1,094","1,084",893,712,"1,337","1,366",852,"11,673"
2014,Delhi,I P ESTATE - DL2( 01-JUN-2015 ),5,PETROL/CNG,319,165,179,284,225,280,255,214,234,247,209,221,"2,832"
2014,Delhi,I P ESTATE - DL2( 01-JUN-2015 ),6,PETROL/LPG,1,1,0,0,0,0,0,0,0,0,0,0,2
2014,Delhi,JANAKPURI - DL4( 24-JUL-2015 ),1,DIESEL,208,191,140,209,305,194,195,188,147,244,133,149,"2,303"
2014,Delhi,JANAKPURI - DL4( 24-JUL-2015 ),2,PETROL,"3,412","2,798","2,876","3,483","3,848","3,320","3,367","3,271","2,715","4,690","3,675","2,237","39,692"
2014,Delhi,JANAKPURI - DL4( 24-JUL-2015 ),3,PETROL/CNG,243,154,151,189,229,194,156,122,145,241,140,173,"2,137"
2014,Delhi,LONI ROAD - DL5( 09-SEP-2015 ),1,DIESEL,109,101,84,105,137,100,134,83,65,93,90,76,"1,177"
2014,Delhi,LONI ROAD - DL5( 09-SEP-2015 ),2,PETROL,"4,194","3,167","3,353","3,923","6,524","3,559","3,589","4,439","3,392","6,842","5,925","3,204","52,111"
2014,Delhi,LONI ROAD - DL5( 09-SEP-2015 ),3,PETROL/CNG,186,130,110,182,186,137,198,107,112,162,157,150,"1,817"
2014,Delhi,LONI ROAD - DL5( 09-SEP-2015 ),4,PETROL/LPG,0,0,0,0,0,1,0,0,1,0,0,1,3
2014,Delhi,MALL ROAD - DL1( 12-OCT-2015 ),1,CNG ONLY,21,16,19,8,9,17,22,10,17,17,11,11,178
2014,Delhi,MALL ROAD - DL1( 12-OCT-2015 ),2,DIESEL,484,333,318,449,602,434,478,417,409,520,404,369,"5,217"
2014,Delhi,MALL ROAD - DL1( 12-OCT-2015 ),3,ELECTRIC(BOV),1,0,0,0,2,0,0,0,1,0,0,0,4
2014,Delhi,MALL ROAD - DL1( 12-OCT-2015 ),4,PETROL,"2,086","1,778","1,477","1,799","2,127","1,603","1,804","1,621","1,384","2,283","2,138","1,269","21,369"
2014,Delhi,MALL ROAD - DL1( 12-OCT-2015 ),5,PETROL/CNG,219,124,123,200,205,189,206,167,123,190,146,168,"2,060"
2014,Delhi,MALL ROAD - DL1( 12-OCT-2015 ),6,PETROL/LPG,1,0,0,0,0,0,0,0,0,0,0,0,1
2014,Delhi,MAYUR VIHAR  - DL7( 29-JUN-2015 ),1,DIESEL,186,157,165,144,184,158,112,113,101,100,121,106,"1,647"
2014,Delhi,MAYUR VIHAR  - DL7( 29-JUN-2015 ),2,PETROL,"2,917","2,159","2,219","2,764","2,565","2,186","2,594","2,783","2,287","3,453","3,632","1,798","31,357"
2014,Delhi,MAYUR VIHAR  - DL7( 29-JUN-2015 ),3,PETROL/CNG,214,100,94,129,122,125,99,72,73,125,105,59,"1,317"
2014,Delhi,RAJOURI GARDEN - DL10( 12-AUG-2015 ),1,DIESEL,436,344,368,457,441,445,464,495,339,412,323,363,"4,887"
2014,Delhi,RAJOURI GARDEN - DL10( 12-AUG-2015 ),2,ELECTRIC(BOV),2,0,0,0,0,2,0,0,0,0,0,0,4
2014,Delhi,RAJOURI GARDEN - DL10( 12-AUG-2015 ),3,PETROL,"1,863","1,602","1,403","1,567","1,105","1,318","1,300","1,549","1,340","1,996","1,848","1,337","18,228"
2014,Delhi,RAJOURI GARDEN - DL10( 12-AUG-2015 ),4,PETROL/CNG,150,89,85,108,87,94,94,100,68,100,65,72,"1,112"
2014,Delhi,RAJPUR ROAD/VIU BURARI - DL51( 08-APR-2016 ),1,CNG ONLY,838,631,704,794,552,576,691,705,716,755,772,515,"8,249"
2014,Delhi,RAJPUR ROAD/VIU BURARI - DL51( 08-APR-2016 ),2,DIESEL,246,173,246,231,229,217,308,277,302,308,323,240,"3,100"
2014,Delhi,RAJPUR ROAD/VIU BURARI - DL51( 08-APR-2016 ),3,ELECTRIC(BOV),0,0,0,0,1,0,0,0,0,0,0,0,1
2014,Delhi,RAJPUR ROAD/VIU BURARI - DL51( 08-APR-2016 ),4,PETROL,5,4,1,3,3,6,12,3,5,4,5,1,52
2014,Delhi,RAJPUR ROAD/VIU BURARI - DL51( 08-APR-2016 ),5,PETROL/CNG,235,185,227,279,272,244,268,142,418,299,347,311,"3,227"
2014,Delhi,ROHINI - DL11( 14-AUG-2015 ),1,DIESEL,64,54,58,67,63,67,77,79,28,19,52,25,653
2014,Delhi,ROHINI - DL11( 14-AUG-2015 ),2,ELECTRIC(BOV),0,2,0,0,0,0,0,0,0,0,0,0,2
2014,Delhi,ROHINI - DL11( 14-AUG-2015 ),3,LPG ONLY,0,0,0,1,0,0,0,0,0,0,0,0,1
2014,Delhi,ROHINI - DL11( 14-AUG-2015 ),4,PETROL,"2,139","1,494","1,600","1,910","1,774","1,679","1,796","1,947","1,538","2,594","1,918","1,153","21,542"
2014,Delhi,ROHINI - DL11( 14-AUG-2015 ),5,PETROL/CNG,9,16,15,25,26,10,12,9,14,7,11,23,177
2014,Delhi,ROHINI - DL11( 14-AUG-2015 ),6,PETROL/LPG,0,0,0,0,0,0,0,0,0,1,0,0,1
2014,Delhi,SARAI KALE KHAN - DL6( 10-SEP-2015 ),1,CNG ONLY,0,0,0,0,0,0,0,0,0,0,0,1,1
2014,Delhi,SARAI KALE KHAN - DL6( 10-SEP-2015 ),2,DIESEL,257,208,199,166,211,153,207,189,133,115,61,68,"1,967"
2014,Delhi,SARAI KALE KHAN - DL6( 10-SEP-2015 ),3,PETROL,"2,238","1,972","2,050","2,108","2,059","1,705","2,107","1,973","2,197","2,839","2,581","1,593","25,422"
2014,Delhi,SARAI KALE KHAN - DL6( 10-SEP-2015 ),4,PETROL/CNG,172,150,162,141,143,171,176,162,145,184,108,172,"1,886"
2014,Delhi,SOUTH DELHI - DL3( 15-SEP-2015 ),1,CNG ONLY,1,0,0,0,0,0,0,0,0,0,0,0,1
2014,Delhi,SOUTH DELHI - DL3( 15-SEP-2015 ),2,DIESEL,445,397,416,433,440,433,564,468,413,433,339,402,"5,183"
2014,Delhi,SOUTH DELHI - DL3( 15-SEP-2015 ),3,NOT APPLICABLE,1,0,0,0,0,0,1,0,0,1,1,2,6
2014,Delhi,SOUTH DELHI - DL3( 15-SEP-2015 ),4,PETROL,"6,832","5,531","5,674","6,100","6,303","5,751","6,760","6,284","6,151","7,944","8,435","4,363","76,128"
2014,Delhi,SOUTH DELHI - DL3( 15-SEP-2015 ),5,PETROL/CNG,479,272,289,347,303,351,421,295,269,371,277,303,"3,977"
2014,Delhi,SOUTH DELHI - DL3( 15-SEP-2015 ),6,PETROL/LPG,0,0,0,0,0,1,1,0,0,1,0,0,3
2014,Delhi,SURAJMAL VIHAR - DL13( 26-JUN-2015 ),1,DIESEL,171,146,126,139,138,126,124,139,126,128,128,112,"1,603"
2014,Delhi,SURAJMAL VIHAR - DL13( 26-JUN-2015 ),2,ELECTRIC(BOV),2,0,2,2,3,0,0,0,1,0,0,0,10
2014,Delhi,SURAJMAL VIHAR - DL13( 26-JUN-2015 ),3,PETROL,"3,554","2,783","2,355","2,750","2,057","2,427","2,372","1,634","1,858","2,021","1,021",651,"25,483"
2014,Delhi,SURAJMAL VIHAR - DL13( 26-JUN-2015 ),4,PETROL/CNG,96,70,98,118,91,100,96,85,71,76,90,78,"1,069"
2014,Delhi,SURAJMAL VIHAR - DL13( 26-JUN-2015 ),5,PETROL/LPG,0,0,0,0,1,0,0,0,0,0,1,0,2
2014,Delhi,VASANT VIHAR - DL12( 01-JUN-2015 ),1,CNG ONLY,0,0,0,1,0,0,0,0,0,0,0,0,1
2014,Delhi,VASANT VIHAR - DL12( 01-JUN-2015 ),2,DIESEL,359,268,262,418,344,313,363,377,334,356,270,306,"3,970"
2014,Delhi,VASANT VIHAR - DL12( 01-JUN-2015 ),3,ELECTRIC(BOV),1,0,0,2,1,0,1,1,0,1,0,1,8
2014,Delhi,VASANT VIHAR - DL12( 01-JUN-2015 ),4,PETROL,"1,465","1,095","1,135","1,315","1,172","1,096","1,350","1,530","1,447","2,689","1,973","1,642","17,909"
2014,Delhi,VASANT VIHAR - DL12( 01-JUN-2015 ),5,PETROL/CNG,193,113,140,181,156,123,144,124,125,187,113,170,"1,769"
2014,Delhi,WAZIRPUR - DL8( 17-SEP-2015 ),1,CNG ONLY,0,0,0,0,0,1,0,0,0,0,1,0,2
2014,Delhi,WAZIRPUR - DL8( 17-SEP-2015 ),2,DIESEL,885,621,661,762,890,783,825,712,671,626,688,715,"8,839"
2014,Delhi,WAZIRPUR - DL8( 17-SEP-2015 ),3,ELECTRIC(BOV),1,1,0,0,0,0,0,0,0,1,1,1,5
2014,Delhi,WAZIRPUR - DL8( 17-SEP-2015 ),4,PETROL,"4,638","3,892","3,950","4,472","4,404","4,971","4,742","4,311","3,915","5,585","5,789","3,489","54,158"
2014,Delhi,WAZIRPUR - DL8( 17-SEP-2015 ),5,PETROL/CNG,544,338,330,556,515,470,507,425,403,513,453,513,"5,567"
2014,Delhi,WAZIRPUR - DL8( 17-SEP-2015 ),6,PETROL/LPG,1,0,0,1,0,1,0,0,0,0,0,0,3
